# Benchmark 2: synthetic collapsar-like disk/funnel effective profile
# base rho(r) = rho0*(r/r0)^(-alpha)*exp[-(r-r0)/Rcut]
# effective rho = base rho * sqrt(disk_f * funnel_f)
# alpha = 2.5
# disk_f = 5, funnel_f = 0.01
# columns: r_cm dens_gcm3 temp_MeV ye pres_dummy entr_dummy
1e+06 7.09231e+10 63.1904 0.1 4.48166e+12 0.0152659
1.00385e+06 7.02456e+10 62.9966 0.100133 4.42524e+12 0.0152678
1.00771e+06 6.95746e+10 62.8034 0.100267 4.36952e+12 0.0152698
1.01158e+06 6.891e+10 62.6108 0.1004 4.31451e+12 0.0152717
1.01547e+06 6.82517e+10 62.4188 0.100534 4.26019e+12 0.0152737
1.01938e+06 6.75997e+10 62.2273 0.100667 4.20655e+12 0.0152756
1.0233e+06 6.69539e+10 62.0365 0.1008 4.15359e+12 0.0152776
1.02724e+06 6.63144e+10 61.8462 0.100934 4.10129e+12 0.0152795
1.03119e+06 6.56809e+10 61.6565 0.101067 4.04965e+12 0.0152815
1.03515e+06 6.50534e+10 61.4674 0.1012 3.99867e+12 0.0152835
1.03914e+06 6.4432e+10 61.2789 0.101334 3.94832e+12 0.0152854
1.04313e+06 6.38165e+10 61.0909 0.101467 3.89861e+12 0.0152874
1.04714e+06 6.32069e+10 60.9036 0.101601 3.84952e+12 0.0152893
1.05117e+06 6.26031e+10 60.7168 0.101734 3.80106e+12 0.0152913
1.05522e+06 6.20051e+10 60.5305 0.101867 3.7532e+12 0.0152932
1.05927e+06 6.14127e+10 60.3449 0.102001 3.70594e+12 0.0152952
1.06335e+06 6.08261e+10 60.1598 0.102134 3.65928e+12 0.0152971
1.06744e+06 6.0245e+10 59.9753 0.102267 3.61321e+12 0.0152991
1.07154e+06 5.96695e+10 59.7913 0.102401 3.56772e+12 0.015301
1.07567e+06 5.90995e+10 59.6079 0.102534 3.5228e+12 0.015303
1.0798e+06 5.85349e+10 59.4251 0.102668 3.47845e+12 0.0153049
1.08396e+06 5.79758e+10 59.2429 0.102801 3.43465e+12 0.0153069
1.08813e+06 5.74219e+10 59.0612 0.102934 3.39141e+12 0.0153089
1.09231e+06 5.68734e+10 58.88 0.103068 3.34871e+12 0.0153108
1.09651e+06 5.63301e+10 58.6994 0.103201 3.30654e+12 0.0153128
1.10073e+06 5.5792e+10 58.5194 0.103334 3.26491e+12 0.0153147
1.10496e+06 5.5259e+10 58.3399 0.103468 3.22381e+12 0.0153167
1.10921e+06 5.47311e+10 58.161 0.103601 3.18322e+12 0.0153186
1.11348e+06 5.42083e+10 57.9826 0.103735 3.14314e+12 0.0153206
1.11776e+06 5.36905e+10 57.8047 0.103868 3.10356e+12 0.0153225
1.12206e+06 5.31776e+10 57.6274 0.104001 3.06449e+12 0.0153245
1.12638e+06 5.26696e+10 57.4507 0.104135 3.0259e+12 0.0153265
1.13071e+06 5.21664e+10 57.2745 0.104268 2.98781e+12 0.0153284
1.13506e+06 5.16681e+10 57.0988 0.104401 2.95019e+12 0.0153304
1.13942e+06 5.11745e+10 56.9237 0.104535 2.91304e+12 0.0153323
1.14381e+06 5.06857e+10 56.7491 0.104668 2.87636e+12 0.0153343
1.14821e+06 5.02015e+10 56.575 0.104802 2.84015e+12 0.0153363
1.15262e+06 4.97219e+10 56.4015 0.104935 2.80439e+12 0.0153382
1.15706e+06 4.92469e+10 56.2285 0.105068 2.76908e+12 0.0153402
1.16151e+06 4.87765e+10 56.056 0.105202 2.73422e+12 0.0153421
1.16597e+06 4.83105e+10 55.8841 0.105335 2.69979e+12 0.0153441
1.17046e+06 4.7849e+10 55.7127 0.105468 2.6658e+12 0.015346
1.17496e+06 4.73919e+10 55.5418 0.105602 2.63223e+12 0.015348
1.17948e+06 4.69392e+10 55.3715 0.105735 2.59909e+12 0.01535
1.18402e+06 4.64908e+10 55.2016 0.105869 2.56637e+12 0.0153519
1.18857e+06 4.60467e+10 55.0323 0.106002 2.53405e+12 0.0153539
1.19314e+06 4.56068e+10 54.8635 0.106135 2.50215e+12 0.0153559
1.19773e+06 4.51711e+10 54.6952 0.106269 2.47064e+12 0.0153578
1.20234e+06 4.47396e+10 54.5275 0.106402 2.43954e+12 0.0153598
1.20696e+06 4.43122e+10 54.3602 0.106536 2.40882e+12 0.0153617
1.21161e+06 4.38889e+10 54.1935 0.106669 2.37849e+12 0.0153637
1.21627e+06 4.34696e+10 54.0273 0.106802 2.34854e+12 0.0153657
1.22094e+06 4.30543e+10 53.8616 0.106936 2.31897e+12 0.0153676
1.22564e+06 4.2643e+10 53.6964 0.107069 2.28978e+12 0.0153696
1.23035e+06 4.22357e+10 53.5317 0.107202 2.26095e+12 0.0153715
1.23509e+06 4.18322e+10 53.3675 0.107336 2.23248e+12 0.0153735
1.23984e+06 4.14326e+10 53.2038 0.107469 2.20437e+12 0.0153755
1.24461e+06 4.10368e+10 53.0406 0.107603 2.17662e+12 0.0153774
1.24939e+06 4.06448e+10 52.8779 0.107736 2.14921e+12 0.0153794
1.2542e+06 4.02565e+10 52.7157 0.107869 2.12215e+12 0.0153814
1.25902e+06 3.98719e+10 52.554 0.108003 2.09543e+12 0.0153833
1.26386e+06 3.9491e+10 52.3928 0.108136 2.06905e+12 0.0153853
1.26873e+06 3.91138e+10 52.2321 0.108269 2.04299e+12 0.0153873
1.27361e+06 3.87401e+10 52.0719 0.108403 2.01727e+12 0.0153892
1.2785e+06 3.837e+10 51.9122 0.108536 1.99187e+12 0.0153912
1.28342e+06 3.80035e+10 51.753 0.10867 1.96679e+12 0.0153932
1.28836e+06 3.76404e+10 51.5942 0.108803 1.94203e+12 0.0153951
1.29331e+06 3.72808e+10 51.436 0.108936 1.91758e+12 0.0153971
1.29829e+06 3.69247e+10 51.2782 0.10907 1.89343e+12 0.0153991
1.30328e+06 3.65719e+10 51.1209 0.109203 1.86959e+12 0.015401
1.30829e+06 3.62226e+10 50.9641 0.109336 1.84605e+12 0.015403
1.31333e+06 3.58765e+10 50.8078 0.10947 1.82281e+12 0.015405
1.31838e+06 3.55338e+10 50.652 0.109603 1.79986e+12 0.0154069
1.32345e+06 3.51944e+10 50.4966 0.109737 1.7772e+12 0.0154089
1.32854e+06 3.48581e+10 50.3417 0.10987 1.75482e+12 0.0154109
1.33365e+06 3.45251e+10 50.1873 0.110003 1.73272e+12 0.0154128
1.33878e+06 3.41953e+10 50.0334 0.110137 1.71091e+12 0.0154148
1.34393e+06 3.38686e+10 49.8799 0.11027 1.68936e+12 0.0154168
1.3491e+06 3.35451e+10 49.7269 0.110403 1.66809e+12 0.0154187
1.35429e+06 3.32246e+10 49.5744 0.110537 1.64709e+12 0.0154207
1.3595e+06 3.29072e+10 49.4223 0.11067 1.62635e+12 0.0154227
1.36472e+06 3.25929e+10 49.2707 0.110804 1.60587e+12 0.0154246
1.36997e+06 3.22815e+10 49.1196 0.110937 1.58565e+12 0.0154266
1.37524e+06 3.19731e+10 48.9689 0.11107 1.56569e+12 0.0154286
1.38053e+06 3.16677e+10 48.8187 0.111204 1.54598e+12 0.0154305
1.38584e+06 3.13651e+10 48.669 0.111337 1.52651e+12 0.0154325
1.39117e+06 3.10655e+10 48.5197 0.11147 1.50729e+12 0.0154345
1.39652e+06 3.07687e+10 48.3709 0.111604 1.48831e+12 0.0154365
1.4019e+06 3.04748e+10 48.2225 0.111737 1.46957e+12 0.0154384
1.40729e+06 3.01837e+10 48.0746 0.111871 1.45107e+12 0.0154404
1.4127e+06 2.98953e+10 47.9271 0.112004 1.4328e+12 0.0154424
1.41813e+06 2.96097e+10 47.7801 0.112137 1.41476e+12 0.0154443
1.42359e+06 2.93268e+10 47.6336 0.112271 1.39694e+12 0.0154463
1.42906e+06 2.90467e+10 47.4875 0.112404 1.37935e+12 0.0154483
1.43456e+06 2.87692e+10 47.3418 0.112538 1.36199e+12 0.0154503
1.44008e+06 2.84944e+10 47.1966 0.112671 1.34484e+12 0.0154522
1.44562e+06 2.82221e+10 47.0518 0.112804 1.3279e+12 0.0154542
1.45118e+06 2.79525e+10 46.9075 0.112938 1.31118e+12 0.0154562
1.45676e+06 2.76855e+10 46.7636 0.113071 1.29467e+12 0.0154581
1.46236e+06 2.7421e+10 46.6202 0.113204 1.27837e+12 0.0154601
1.46799e+06 2.7159e+10 46.4772 0.113338 1.26228e+12 0.0154621
1.47363e+06 2.68996e+10 46.3346 0.113471 1.24638e+12 0.0154641
1.4793e+06 2.66426e+10 46.1925 0.113605 1.23069e+12 0.015466
1.48499e+06 2.63881e+10 46.0508 0.113738 1.21519e+12 0.015468
1.4907e+06 2.6136e+10 45.9095 0.113871 1.19989e+12 0.01547
1.49644e+06 2.58863e+10 45.7687 0.114005 1.18478e+12 0.015472
1.50219e+06 2.5639e+10 45.6283 0.114138 1.16987e+12 0.0154739
1.50797e+06 2.53941e+10 45.4884 0.114271 1.15514e+12 0.0154759
1.51377e+06 2.51515e+10 45.3488 0.114405 1.14059e+12 0.0154779
1.51959e+06 2.49112e+10 45.2097 0.114538 1.12623e+12 0.0154799
1.52544e+06 2.46732e+10 45.0711 0.114672 1.11205e+12 0.0154818
1.5313e+06 2.44375e+10 44.9328 0.114805 1.09805e+12 0.0154838
1.53719e+06 2.4204e+10 44.795 0.114938 1.08422e+12 0.0154858
1.54311e+06 2.39728e+10 44.6576 0.115072 1.07057e+12 0.0154878
1.54904e+06 2.37438e+10 44.5206 0.115205 1.05709e+12 0.0154897
1.555e+06 2.3517e+10 44.384 0.115338 1.04378e+12 0.0154917
1.56098e+06 2.32923e+10 44.2479 0.115472 1.03063e+12 0.0154937
1.56699e+06 2.30698e+10 44.1122 0.115605 1.01766e+12 0.0154957
1.57301e+06 2.28494e+10 43.9769 0.115739 1.00484e+12 0.0154977
1.57906e+06 2.26311e+10 43.842 0.115872 9.92191e+11 0.0154996
1.58514e+06 2.24149e+10 43.7075 0.116005 9.79698e+11 0.0155016
1.59123e+06 2.22007e+10 43.5734 0.116139 9.67362e+11 0.0155036
1.59735e+06 2.19887e+10 43.4397 0.116272 9.55181e+11 0.0155056
1.6035e+06 2.17786e+10 43.3065 0.116405 9.43154e+11 0.0155076
1.60967e+06 2.15705e+10 43.1737 0.116539 9.31278e+11 0.0155095
1.61586e+06 2.13645e+10 43.0412 0.116672 9.19552e+11 0.0155115
1.62207e+06 2.11603e+10 42.9092 0.116806 9.07973e+11 0.0155135
1.62831e+06 2.09582e+10 42.7776 0.116939 8.96541e+11 0.0155155
1.63457e+06 2.0758e+10 42.6464 0.117072 8.85252e+11 0.0155174
1.64086e+06 2.05597e+10 42.5155 0.117206 8.74105e+11 0.0155194
1.64717e+06 2.03632e+10 42.3851 0.117339 8.63099e+11 0.0155214
1.65351e+06 2.01687e+10 42.2551 0.117472 8.52231e+11 0.0155234
1.65987e+06 1.9976e+10 42.1255 0.117606 8.415e+11 0.0155254
1.66625e+06 1.97852e+10 41.9963 0.117739 8.30904e+11 0.0155274
1.67266e+06 1.95962e+10 41.8675 0.117873 8.20441e+11 0.0155293
1.67909e+06 1.94089e+10 41.739 0.118006 8.10111e+11 0.0155313
1.68555e+06 1.92235e+10 41.611 0.118139 7.9991e+11 0.0155333
1.69204e+06 1.90399e+10 41.4833 0.118273 7.89838e+11 0.0155353
1.69854e+06 1.8858e+10 41.3561 0.118406 7.79892e+11 0.0155373
1.70508e+06 1.86778e+10 41.2292 0.11854 7.70072e+11 0.0155392
1.71163e+06 1.84994e+10 41.1028 0.118673 7.60375e+11 0.0155412
1.71822e+06 1.83226e+10 40.9767 0.118806 7.50801e+11 0.0155432
1.72483e+06 1.81476e+10 40.851 0.11894 7.41347e+11 0.0155452
1.73146e+06 1.79742e+10 40.7257 0.119073 7.32012e+11 0.0155472
1.73812e+06 1.78025e+10 40.6007 0.119206 7.22795e+11 0.0155492
1.74481e+06 1.76324e+10 40.4762 0.11934 7.13693e+11 0.0155511
1.75152e+06 1.7464e+10 40.352 0.119473 7.04707e+11 0.0155531
1.75825e+06 1.72971e+10 40.2283 0.119607 6.95833e+11 0.0155551
1.76502e+06 1.71319e+10 40.1049 0.11974 6.87071e+11 0.0155571
1.77181e+06 1.69682e+10 39.9818 0.119873 6.7842e+11 0.0155591
1.77862e+06 1.68061e+10 39.8592 0.120007 6.69877e+11 0.0155611
1.78546e+06 1.66455e+10 39.7369 0.12014 6.61442e+11 0.0155631
1.79233e+06 1.64865e+10 39.615 0.120273 6.53113e+11 0.015565
1.79922e+06 1.6329e+10 39.4935 0.120407 6.44889e+11 0.015567
1.80614e+06 1.6173e+10 39.3723 0.12054 6.36769e+11 0.015569
1.81309e+06 1.60185e+10 39.2516 0.120674 6.28751e+11 0.015571
1.82006e+06 1.58655e+10 39.1312 0.120807 6.20834e+11 0.015573
1.82706e+06 1.57139e+10 39.0111 0.12094 6.13016e+11 0.015575
1.83409e+06 1.55638e+10 38.8915 0.121074 6.05297e+11 0.015577
1.84115e+06 1.54151e+10 38.7721 0.121207 5.97675e+11 0.0155789
1.84823e+06 1.52678e+10 38.6532 0.12134 5.90149e+11 0.0155809
1.85534e+06 1.51219e+10 38.5346 0.121474 5.82718e+11 0.0155829
1.86247e+06 1.49775e+10 38.4164 0.121607 5.7538e+11 0.0155849
1.86964e+06 1.48344e+10 38.2986 0.121741 5.68135e+11 0.0155869
1.87683e+06 1.46926e+10 38.1811 0.121874 5.60981e+11 0.0155889
1.88405e+06 1.45523e+10 38.064 0.122007 5.53917e+11 0.0155909
1.89129e+06 1.44132e+10 37.9472 0.122141 5.46942e+11 0.0155929
1.89857e+06 1.42755e+10 37.8308 0.122274 5.40055e+11 0.0155949
1.90587e+06 1.41392e+10 37.7147 0.122407 5.33254e+11 0.0155968
1.9132e+06 1.40041e+10 37.5991 0.122541 5.2654e+11 0.0155988
1.92056e+06 1.38703e+10 37.4837 0.122674 5.19909e+11 0.0156008
1.92795e+06 1.37378e+10 37.3687 0.122808 5.13363e+11 0.0156028
1.93536e+06 1.36065e+10 37.2541 0.122941 5.06898e+11 0.0156048
1.94281e+06 1.34765e+10 37.1398 0.123074 5.00515e+11 0.0156068
1.95028e+06 1.33478e+10 37.0259 0.123208 4.94213e+11 0.0156088
1.95778e+06 1.32202e+10 36.9123 0.123341 4.87989e+11 0.0156108
1.96531e+06 1.30939e+10 36.7991 0.123474 4.81845e+11 0.0156128
1.97287e+06 1.29688e+10 36.6862 0.123608 4.75777e+11 0.0156148
1.98046e+06 1.28449e+10 36.5736 0.123741 4.69786e+11 0.0156168
1.98808e+06 1.27222e+10 36.4614 0.123875 4.6387e+11 0.0156187
1.99572e+06 1.26007e+10 36.3496 0.124008 4.58029e+11 0.0156207
2.0034e+06 1.24803e+10 36.2381 0.124141 4.52261e+11 0.0156227
2.0111e+06 1.2361e+10 36.1269 0.124275 4.46566e+11 0.0156247
2.01884e+06 1.2243e+10 36.0161 0.124408 4.40943e+11 0.0156267
2.0266e+06 1.2126e+10 35.9056 0.124542 4.35391e+11 0.0156287
2.0344e+06 1.20101e+10 35.7954 0.124675 4.29908e+11 0.0156307
2.04222e+06 1.18954e+10 35.6856 0.124808 4.24494e+11 0.0156327
2.05008e+06 1.17817e+10 35.5762 0.124942 4.19149e+11 0.0156347
2.05796e+06 1.16692e+10 35.467 0.125075 4.13871e+11 0.0156367
2.06588e+06 1.15577e+10 35.3582 0.125208 4.08659e+11 0.0156387
2.07383e+06 1.14473e+10 35.2497 0.125342 4.03513e+11 0.0156407
2.0818e+06 1.13379e+10 35.1416 0.125475 3.98432e+11 0.0156427
2.08981e+06 1.12296e+10 35.0338 0.125609 3.93415e+11 0.0156447
2.09785e+06 1.11223e+10 34.9263 0.125742 3.88461e+11 0.0156467
2.10592e+06 1.1016e+10 34.8192 0.125875 3.83569e+11 0.0156486
2.11402e+06 1.09108e+10 34.7124 0.126009 3.78739e+11 0.0156506
2.12215e+06 1.08065e+10 34.6059 0.126142 3.7397e+11 0.0156526
2.13031e+06 1.07033e+10 34.4997 0.126275 3.6926e+11 0.0156546
2.1385e+06 1.0601e+10 34.3939 0.126409 3.6461e+11 0.0156566
2.14673e+06 1.04997e+10 34.2884 0.126542 3.60019e+11 0.0156586
2.15499e+06 1.03994e+10 34.1832 0.126676 3.55485e+11 0.0156606
2.16327e+06 1.03001e+10 34.0783 0.126809 3.51009e+11 0.0156626
2.1716e+06 1.02017e+10 33.9738 0.126942 3.46589e+11 0.0156646
2.17995e+06 1.01042e+10 33.8695 0.127076 3.42224e+11 0.0156666
2.18833e+06 1.00077e+10 33.7656 0.127209 3.37915e+11 0.0156686
2.19675e+06 9.91204e+09 33.662 0.127342 3.3366e+11 0.0156706
2.2052e+06 9.81734e+09 33.5588 0.127476 3.29458e+11 0.0156726
2.21368e+06 9.72354e+09 33.4558 0.127609 3.25309e+11 0.0156746
2.2222e+06 9.63064e+09 33.3532 0.127743 3.21213e+11 0.0156766
2.23074e+06 9.53863e+09 33.2509 0.127876 3.17168e+11 0.0156786
2.23932e+06 9.4475e+09 33.1488 0.128009 3.13174e+11 0.0156806
2.24794e+06 9.35723e+09 33.0471 0.128143 3.0923e+11 0.0156826
2.25658e+06 9.26783e+09 32.9458 0.128276 3.05336e+11 0.0156846
2.26526e+06 9.17928e+09 32.8447 0.128409 3.01491e+11 0.0156866
2.27397e+06 9.09158e+09 32.7439 0.128543 2.97694e+11 0.0156886
2.28272e+06 9.00472e+09 32.6435 0.128676 2.93945e+11 0.0156906
2.2915e+06 8.91868e+09 32.5433 0.12881 2.90244e+11 0.0156926
2.30031e+06 8.83347e+09 32.4435 0.128943 2.86589e+11 0.0156946
2.30916e+06 8.74908e+09 32.344 0.129076 2.8298e+11 0.0156966
2.31804e+06 8.66548e+09 32.2447 0.12921 2.79416e+11 0.0156986
2.32696e+06 8.58269e+09 32.1458 0.129343 2.75897e+11 0.0157006
2.33591e+06 8.50069e+09 32.0472 0.129476 2.72423e+11 0.0157026
2.34489e+06 8.41947e+09 31.9489 0.12961 2.68992e+11 0.0157046
2.35391e+06 8.33903e+09 31.8508 0.129743 2.65605e+11 0.0157066
2.36297e+06 8.25935e+09 31.7531 0.129877 2.6226e+11 0.0157086
2.37206e+06 8.18044e+09 31.6557 0.13001 2.58958e+11 0.0157106
2.38118e+06 8.10228e+09 31.5586 0.130143 2.55697e+11 0.0157126
2.39034e+06 8.02487e+09 31.4618 0.130277 2.52477e+11 0.0157146
2.39953e+06 7.94819e+09 31.3653 0.13041 2.49297e+11 0.0157166
2.40876e+06 7.87225e+09 31.269 0.130544 2.46158e+11 0.0157186
2.41803e+06 7.79704e+09 31.1731 0.130677 2.43058e+11 0.0157206
2.42733e+06 7.72254e+09 31.0775 0.13081 2.39997e+11 0.0157226
2.43666e+06 7.64876e+09 30.9821 0.130944 2.36975e+11 0.0157246
2.44604e+06 7.57568e+09 30.8871 0.131077 2.3399e+11 0.0157266
2.45544e+06 7.5033e+09 30.7923 0.13121 2.31044e+11 0.0157286
2.46489e+06 7.43161e+09 30.6978 0.131344 2.28134e+11 0.0157307
2.47437e+06 7.3606e+09 30.6036 0.131477 2.25261e+11 0.0157327
2.48389e+06 7.29027e+09 30.5098 0.131611 2.22424e+11 0.0157347
2.49344e+06 7.22062e+09 30.4161 0.131744 2.19623e+11 0.0157367
2.50303e+06 7.15163e+09 30.3228 0.131877 2.16858e+11 0.0157387
2.51266e+06 7.0833e+09 30.2298 0.132011 2.14127e+11 0.0157407
2.52232e+06 7.01562e+09 30.1371 0.132144 2.1143e+11 0.0157427
2.53202e+06 6.94859e+09 30.0446 0.132277 2.08767e+11 0.0157447
2.54176e+06 6.8822e+09 29.9524 0.132411 2.06138e+11 0.0157467
2.55154e+06 6.81644e+09 29.8605 0.132544 2.03542e+11 0.0157487
2.56135e+06 6.75131e+09 29.7689 0.132678 2.00979e+11 0.0157507
2.57121e+06 6.6868e+09 29.6776 0.132811 1.98448e+11 0.0157527
2.58109e+06 6.62291e+09 29.5865 0.132944 1.95949e+11 0.0157547
2.59102e+06 6.55963e+09 29.4957 0.133078 1.93481e+11 0.0157567
2.60099e+06 6.49696e+09 29.4052 0.133211 1.91045e+11 0.0157587
2.61099e+06 6.43488e+09 29.315 0.133344 1.88639e+11 0.0157607
2.62104e+06 6.3734e+09 29.2251 0.133478 1.86263e+11 0.0157628
2.63112e+06 6.3125e+09 29.1354 0.133611 1.83917e+11 0.0157648
2.64124e+06 6.25219e+09 29.046 0.133745 1.81601e+11 0.0157668
2.6514e+06 6.19245e+09 28.9569 0.133878 1.79314e+11 0.0157688
2.66159e+06 6.13328e+09 28.8681 0.134011 1.77056e+11 0.0157708
2.67183e+06 6.07468e+09 28.7795 0.134145 1.74826e+11 0.0157728
2.68211e+06 6.01664e+09 28.6912 0.134278 1.72625e+11 0.0157748
2.69242e+06 5.95915e+09 28.6032 0.134411 1.70451e+11 0.0157768
2.70278e+06 5.90221e+09 28.5154 0.134545 1.68304e+11 0.0157788
2.71318e+06 5.84582e+09 28.4279 0.134678 1.66184e+11 0.0157808
2.72361e+06 5.78996e+09 28.3407 0.134812 1.64092e+11 0.0157828
2.73409e+06 5.73464e+09 28.2538 0.134945 1.62025e+11 0.0157849
2.7446e+06 5.67985e+09 28.1671 0.135078 1.59985e+11 0.0157869
2.75516e+06 5.62558e+09 28.0806 0.135212 1.5797e+11 0.0157889
2.76576e+06 5.57182e+09 27.9945 0.135345 1.5598e+11 0.0157909
2.77639e+06 5.51859e+09 27.9086 0.135478 1.54016e+11 0.0157929
2.78707e+06 5.46586e+09 27.823 0.135612 1.52076e+11 0.0157949
2.79779e+06 5.41363e+09 27.7376 0.135745 1.50161e+11 0.0157969
2.80855e+06 5.3619e+09 27.6525 0.135879 1.4827e+11 0.0157989
2.81936e+06 5.31067e+09 27.5676 0.136012 1.46403e+11 0.015801
2.8302e+06 5.25993e+09 27.4831 0.136145 1.44559e+11 0.015803
2.84109e+06 5.20967e+09 27.3987 0.136279 1.42738e+11 0.015805
2.85201e+06 5.15989e+09 27.3147 0.136412 1.40941e+11 0.015807
2.86298e+06 5.11059e+09 27.2309 0.136546 1.39166e+11 0.015809
2.874e+06 5.06176e+09 27.1473 0.136679 1.37413e+11 0.015811
2.88505e+06 5.01339e+09 27.064 0.136812 1.35682e+11 0.015813
2.89615e+06 4.96549e+09 26.981 0.136946 1.33974e+11 0.015815
2.90729e+06 4.91804e+09 26.8982 0.137079 1.32286e+11 0.0158171
2.91847e+06 4.87105e+09 26.8157 0.137212 1.3062e+11 0.0158191
2.92969e+06 4.82451e+09 26.7334 0.137346 1.28975e+11 0.0158211
2.94096e+06 4.77841e+09 26.6514 0.137479 1.27351e+11 0.0158231
2.95227e+06 4.73275e+09 26.5696 0.137613 1.25747e+11 0.0158251
2.96363e+06 4.68753e+09 26.4881 0.137746 1.24163e+11 0.0158271
2.97503e+06 4.64274e+09 26.4068 0.137879 1.226e+11 0.0158291
2.98647e+06 4.59837e+09 26.3258 0.138013 1.21056e+11 0.0158312
2.99796e+06 4.55444e+09 26.245 0.138146 1.19531e+11 0.0158332
3.00949e+06 4.51092e+09 26.1645 0.138279 1.18026e+11 0.0158352
3.02106e+06 4.46781e+09 26.0842 0.138413 1.16539e+11 0.0158372
3.03268e+06 4.42512e+09 26.0041 0.138546 1.15072e+11 0.0158392
3.04435e+06 4.38284e+09 25.9243 0.13868 1.13622e+11 0.0158412
3.05606e+06 4.34096e+09 25.8448 0.138813 1.12191e+11 0.0158433
3.06781e+06 4.29948e+09 25.7655 0.138946 1.10778e+11 0.0158453
3.07961e+06 4.2584e+09 25.6864 0.13908 1.09383e+11 0.0158473
3.09146e+06 4.21771e+09 25.6076 0.139213 1.08006e+11 0.0158493
3.10335e+06 4.17741e+09 25.5291 0.139346 1.06645e+11 0.0158513
3.11529e+06 4.13749e+09 25.4507 0.13948 1.05302e+11 0.0158533
3.12727e+06 4.09796e+09 25.3726 0.139613 1.03976e+11 0.0158554
3.1393e+06 4.0588e+09 25.2948 0.139747 1.02666e+11 0.0158574
3.15137e+06 4.02002e+09 25.2172 0.13988 1.01373e+11 0.0158594
3.16349e+06 3.9816e+09 25.1398 0.140013 1.00097e+11 0.0158614
3.17566e+06 3.94356e+09 25.0626 0.140147 9.88359e+10 0.0158634
3.18787e+06 3.90587e+09 24.9857 0.14028 9.75911e+10 0.0158655
3.20014e+06 3.86855e+09 24.9091 0.140413 9.6362e+10 0.0158675
3.21244e+06 3.83159e+09 24.8326 0.140547 9.51484e+10 0.0158695
3.2248e+06 3.79497e+09 24.7564 0.14068 9.395e+10 0.0158715
3.2372e+06 3.75871e+09 24.6805 0.140814 9.27667e+10 0.0158735
3.24966e+06 3.72279e+09 24.6047 0.140947 9.15984e+10 0.0158756
3.26215e+06 3.68722e+09 24.5292 0.14108 9.04447e+10 0.0158776
3.2747e+06 3.65199e+09 24.454 0.141214 8.93056e+10 0.0158796
3.2873e+06 3.61709e+09 24.3789 0.141347 8.81808e+10 0.0158816
3.29994e+06 3.58253e+09 24.3041 0.14148 8.70702e+10 0.0158836
3.31263e+06 3.54829e+09 24.2295 0.141614 8.59736e+10 0.0158857
3.32537e+06 3.51439e+09 24.1552 0.141747 8.48907e+10 0.0158877
3.33817e+06 3.48081e+09 24.0811 0.141881 8.38216e+10 0.0158897
3.351e+06 3.44754e+09 24.0072 0.142014 8.27658e+10 0.0158917
3.36389e+06 3.4146e+09 23.9335 0.142147 8.17234e+10 0.0158938
3.37683e+06 3.38197e+09 23.8601 0.142281 8.06941e+10 0.0158958
3.38982e+06 3.34966e+09 23.7869 0.142414 7.96778e+10 0.0158978
3.40286e+06 3.31765e+09 23.7139 0.142548 7.86742e+10 0.0158998
3.41595e+06 3.28594e+09 23.6411 0.142681 7.76833e+10 0.0159018
3.42909e+06 3.25454e+09 23.5686 0.142814 7.67049e+10 0.0159039
3.44228e+06 3.22345e+09 23.4962 0.142948 7.57388e+10 0.0159059
3.45552e+06 3.19264e+09 23.4241 0.143081 7.47849e+10 0.0159079
3.46881e+06 3.16213e+09 23.3522 0.143214 7.38429e+10 0.0159099
3.48215e+06 3.13192e+09 23.2806 0.143348 7.29129e+10 0.015912
3.49554e+06 3.10199e+09 23.2091 0.143481 7.19945e+10 0.015914
3.50899e+06 3.07235e+09 23.1379 0.143615 7.10878e+10 0.015916
3.52248e+06 3.04299e+09 23.0669 0.143748 7.01924e+10 0.015918
3.53603e+06 3.01391e+09 22.9961 0.143881 6.93083e+10 0.0159201
3.54963e+06 2.98511e+09 22.9256 0.144015 6.84353e+10 0.0159221
3.56329e+06 2.95658e+09 22.8552 0.144148 6.75734e+10 0.0159241
3.57699e+06 2.92833e+09 22.7851 0.144281 6.67223e+10 0.0159261
3.59075e+06 2.90035e+09 22.7152 0.144415 6.58819e+10 0.0159282
3.60456e+06 2.87263e+09 22.6455 0.144548 6.50521e+10 0.0159302
3.61842e+06 2.84518e+09 22.576 0.144682 6.42327e+10 0.0159322
3.63234e+06 2.81799e+09 22.5067 0.144815 6.34237e+10 0.0159342
3.64631e+06 2.79106e+09 22.4376 0.144948 6.26248e+10 0.0159363
3.66034e+06 2.76439e+09 22.3688 0.145082 6.18361e+10 0.0159383
3.67442e+06 2.73798e+09 22.3001 0.145215 6.10572e+10 0.0159403
3.68855e+06 2.71181e+09 22.2317 0.145348 6.02882e+10 0.0159424
3.70274e+06 2.6859e+09 22.1635 0.145482 5.95288e+10 0.0159444
3.71698e+06 2.66023e+09 22.0954 0.145615 5.8779e+10 0.0159464
3.73128e+06 2.63481e+09 22.0276 0.145749 5.80386e+10 0.0159484
3.74563e+06 2.60963e+09 21.96 0.145882 5.73076e+10 0.0159505
3.76003e+06 2.58469e+09 21.8926 0.146015 5.65858e+10 0.0159525
3.7745e+06 2.55999e+09 21.8255 0.146149 5.5873e+10 0.0159545
3.78901e+06 2.53553e+09 21.7585 0.146282 5.51693e+10 0.0159566
3.80359e+06 2.5113e+09 21.6917 0.146415 5.44744e+10 0.0159586
3.81822e+06 2.4873e+09 21.6251 0.146549 5.37882e+10 0.0159606
3.8329e+06 2.46353e+09 21.5588 0.146682 5.31107e+10 0.0159626
3.84765e+06 2.43999e+09 21.4926 0.146816 5.24418e+10 0.0159647
3.86244e+06 2.41667e+09 21.4267 0.146949 5.17812e+10 0.0159667
3.8773e+06 2.39358e+09 21.3609 0.147082 5.1129e+10 0.0159687
3.89221e+06 2.3707e+09 21.2953 0.147216 5.0485e+10 0.0159708
3.90718e+06 2.34805e+09 21.23 0.147349 4.98491e+10 0.0159728
3.92221e+06 2.32561e+09 21.1648 0.147482 4.92212e+10 0.0159748
3.9373e+06 2.30339e+09 21.0999 0.147616 4.86012e+10 0.0159769
3.95244e+06 2.28137e+09 21.0351 0.147749 4.7989e+10 0.0159789
3.96765e+06 2.25957e+09 20.9706 0.147883 4.73845e+10 0.0159809
3.98291e+06 2.23798e+09 20.9062 0.148016 4.67877e+10 0.0159829
3.99823e+06 2.21659e+09 20.8421 0.148149 4.61983e+10 0.015985
4.0136e+06 2.19541e+09 20.7781 0.148283 4.56164e+10 0.015987
4.02904e+06 2.17443e+09 20.7143 0.148416 4.50418e+10 0.015989
4.04454e+06 2.15365e+09 20.6508 0.14855 4.44745e+10 0.0159911
4.06009e+06 2.13307e+09 20.5874 0.148683 4.39142e+10 0.0159931
4.07571e+06 2.11268e+09 20.5242 0.148816 4.33611e+10 0.0159951
4.09139e+06 2.09249e+09 20.4612 0.14895 4.28149e+10 0.0159972
4.10712e+06 2.07249e+09 20.3984 0.149083 4.22756e+10 0.0159992
4.12292e+06 2.05269e+09 20.3358 0.149216 4.17431e+10 0.0160012
4.13878e+06 2.03307e+09 20.2734 0.14935 4.12173e+10 0.0160033
4.1547e+06 2.01364e+09 20.2112 0.149483 4.06981e+10 0.0160053
4.17068e+06 1.9944e+09 20.1491 0.149617 4.01854e+10 0.0160073
4.18672e+06 1.97534e+09 20.0873 0.14975 3.96792e+10 0.0160094
4.20282e+06 1.95646e+09 20.0257 0.149883 3.91794e+10 0.0160114
4.21899e+06 1.93776e+09 19.9642 0.150017 3.86859e+10 0.0160134
4.23522e+06 1.91925e+09 19.9029 0.15015 3.81986e+10 0.0160155
4.25151e+06 1.9009e+09 19.8418 0.150283 3.77174e+10 0.0160175
4.26786e+06 1.88274e+09 19.7809 0.150417 3.72423e+10 0.0160195
4.28427e+06 1.86474e+09 19.7202 0.15055 3.67732e+10 0.0160216
4.30075e+06 1.84692e+09 19.6597 0.150684 3.631e+10 0.0160236
4.3173e+06 1.82927e+09 19.5994 0.150817 3.58526e+10 0.0160257
4.3339e+06 1.81179e+09 19.5392 0.15095 3.54009e+10 0.0160277
4.35057e+06 1.79447e+09 19.4792 0.151084 3.4955e+10 0.0160297
4.3673e+06 1.77733e+09 19.4195 0.151217 3.45147e+10 0.0160318
4.3841e+06 1.76034e+09 19.3599 0.15135 3.40799e+10 0.0160338
4.40096e+06 1.74352e+09 19.3004 0.151484 3.36506e+10 0.0160358
4.41789e+06 1.72685e+09 19.2412 0.151617 3.32267e+10 0.0160379
4.43488e+06 1.71035e+09 19.1821 0.151751 3.28082e+10 0.0160399
4.45194e+06 1.694e+09 19.1233 0.151884 3.23949e+10 0.016042
4.46907e+06 1.67781e+09 19.0646 0.152017 3.19868e+10 0.016044
4.48626e+06 1.66178e+09 19.0061 0.152151 3.15839e+10 0.016046
4.50351e+06 1.6459e+09 18.9477 0.152284 3.1186e+10 0.0160481
4.52083e+06 1.63017e+09 18.8896 0.152417 3.07931e+10 0.0160501
4.53822e+06 1.61459e+09 18.8316 0.152551 3.04052e+10 0.0160521
4.55568e+06 1.59916e+09 18.7738 0.152684 3.00222e+10 0.0160542
4.5732e+06 1.58387e+09 18.7162 0.152818 2.9644e+10 0.0160562
4.59079e+06 1.56874e+09 18.6587 0.152951 2.92706e+10 0.0160583
4.60845e+06 1.55374e+09 18.6014 0.153084 2.89019e+10 0.0160603
4.62617e+06 1.53889e+09 18.5443 0.153218 2.85378e+10 0.0160623
4.64397e+06 1.52419e+09 18.4874 0.153351 2.81783e+10 0.0160644
4.66183e+06 1.50962e+09 18.4307 0.153484 2.78233e+10 0.0160664
4.67976e+06 1.49519e+09 18.3741 0.153618 2.74728e+10 0.0160685
4.69776e+06 1.4809e+09 18.3177 0.153751 2.71267e+10 0.0160705
4.71583e+06 1.46675e+09 18.2615 0.153885 2.6785e+10 0.0160725
4.73397e+06 1.45273e+09 18.2054 0.154018 2.64476e+10 0.0160746
4.75217e+06 1.43884e+09 18.1496 0.154151 2.61144e+10 0.0160766
4.77045e+06 1.42509e+09 18.0938 0.154285 2.57854e+10 0.0160787
4.7888e+06 1.41147e+09 18.0383 0.154418 2.54606e+10 0.0160807
4.80722e+06 1.39798e+09 17.9829 0.154552 2.51398e+10 0.0160827
4.82571e+06 1.38462e+09 17.9277 0.154685 2.48231e+10 0.0160848
4.84427e+06 1.37139e+09 17.8727 0.154818 2.45104e+10 0.0160868
4.8629e+06 1.35828e+09 17.8179 0.154952 2.42016e+10 0.0160889
4.88161e+06 1.3453e+09 17.7632 0.155085 2.38968e+10 0.0160909
4.90038e+06 1.33244e+09 17.7086 0.155218 2.35957e+10 0.016093
4.91923e+06 1.31971e+09 17.6543 0.155352 2.32985e+10 0.016095
4.93815e+06 1.30709e+09 17.6001 0.155485 2.30049e+10 0.016097
4.95715e+06 1.2946e+09 17.5461 0.155619 2.27151e+10 0.0160991
4.97621e+06 1.28223e+09 17.4922 0.155752 2.2429e+10 0.0161011
4.99535e+06 1.26997e+09 17.4385 0.155885 2.21464e+10 0.0161032
5.01457e+06 1.25783e+09 17.385 0.156019 2.18674e+10 0.0161052
5.03385e+06 1.24581e+09 17.3316 0.156152 2.15919e+10 0.0161073
5.05322e+06 1.2339e+09 17.2784 0.156285 2.13199e+10 0.0161093
5.07265e+06 1.22211e+09 17.2254 0.156419 2.10513e+10 0.0161113
5.09216e+06 1.21043e+09 17.1725 0.156552 2.07861e+10 0.0161134
5.11175e+06 1.19886e+09 17.1198 0.156686 2.05242e+10 0.0161154
5.13141e+06 1.1874e+09 17.0672 0.156819 2.02657e+10 0.0161175
5.15115e+06 1.17605e+09 17.0148 0.156952 2.00104e+10 0.0161195
5.17096e+06 1.16481e+09 16.9626 0.157086 1.97583e+10 0.0161216
5.19085e+06 1.15368e+09 16.9105 0.157219 1.95093e+10 0.0161236
5.21081e+06 1.14265e+09 16.8586 0.157352 1.92636e+10 0.0161257
5.23086e+06 1.13173e+09 16.8069 0.157486 1.90209e+10 0.0161277
5.25098e+06 1.12091e+09 16.7553 0.157619 1.87812e+10 0.0161297
5.27117e+06 1.1102e+09 16.7038 0.157753 1.85446e+10 0.0161318
5.29145e+06 1.09959e+09 16.6526 0.157886 1.8311e+10 0.0161338
5.3118e+06 1.08908e+09 16.6014 0.158019 1.80803e+10 0.0161359
5.33223e+06 1.07867e+09 16.5505 0.158153 1.78525e+10 0.0161379
5.35274e+06 1.06836e+09 16.4997 0.158286 1.76276e+10 0.01614
5.37333e+06 1.05815e+09 16.449 0.158419 1.74055e+10 0.016142
5.394e+06 1.04803e+09 16.3985 0.158553 1.71862e+10 0.0161441
5.41474e+06 1.03802e+09 16.3482 0.158686 1.69697e+10 0.0161461
5.43557e+06 1.02809e+09 16.298 0.15882 1.67559e+10 0.0161482
5.45648e+06 1.01827e+09 16.248 0.158953 1.65448e+10 0.0161502
5.47746e+06 1.00853e+09 16.1981 0.159086 1.63363e+10 0.0161523
5.49853e+06 9.98895e+08 16.1484 0.15922 1.61305e+10 0.0161543
5.51968e+06 9.89347e+08 16.0988 0.159353 1.59273e+10 0.0161564
5.54091e+06 9.7989e+08 16.0494 0.159486 1.57266e+10 0.0161584
5.56222e+06 9.70524e+08 16.0001 0.15962 1.55285e+10 0.0161605
5.58362e+06 9.61248e+08 15.951 0.159753 1.53328e+10 0.0161625
5.60509e+06 9.52059e+08 15.902 0.159887 1.51397e+10 0.0161646
5.62665e+06 9.42959e+08 15.8532 0.16002 1.49489e+10 0.0161666
5.64829e+06 9.33946e+08 15.8045 0.160153 1.47606e+10 0.0161687
5.67002e+06 9.25019e+08 15.756 0.160287 1.45746e+10 0.0161707
5.69183e+06 9.16177e+08 15.7076 0.16042 1.4391e+10 0.0161728
5.71372e+06 9.07419e+08 15.6594 0.160554 1.42096e+10 0.0161748
5.7357e+06 8.98746e+08 15.6113 0.160687 1.40306e+10 0.0161769
5.75776e+06 8.90155e+08 15.5634 0.16082 1.38538e+10 0.0161789
5.7799e+06 8.81646e+08 15.5156 0.160954 1.36793e+10 0.016181
5.80214e+06 8.73219e+08 15.468 0.161087 1.35069e+10 0.016183
5.82445e+06 8.64872e+08 15.4205 0.16122 1.33367e+10 0.0161851
5.84685e+06 8.56605e+08 15.3731 0.161354 1.31687e+10 0.0161871
5.86934e+06 8.48417e+08 15.3259 0.161487 1.30028e+10 0.0161892
5.89192e+06 8.40307e+08 15.2789 0.161621 1.2839e+10 0.0161912
5.91458e+06 8.32274e+08 15.232 0.161754 1.26772e+10 0.0161933
5.93733e+06 8.24319e+08 15.1852 0.161887 1.25175e+10 0.0161953
5.96017e+06 8.16439e+08 15.1386 0.162021 1.23597e+10 0.0161974
5.98309e+06 8.08635e+08 15.0921 0.162154 1.2204e+10 0.0161994
6.0061e+06 8.00905e+08 15.0458 0.162287 1.20502e+10 0.0162015
6.02921e+06 7.93249e+08 14.9996 0.162421 1.18984e+10 0.0162035
6.0524e+06 7.85666e+08 14.9535 0.162554 1.17485e+10 0.0162056
6.07567e+06 7.78156e+08 14.9076 0.162688 1.16005e+10 0.0162076
6.09904e+06 7.70718e+08 14.8619 0.162821 1.14543e+10 0.0162097
6.1225e+06 7.6335e+08 14.8162 0.162954 1.131e+10 0.0162117
6.14605e+06 7.56053e+08 14.7707 0.163088 1.11675e+10 0.0162138
6.16969e+06 7.48826e+08 14.7254 0.163221 1.10267e+10 0.0162158
6.19342e+06 7.41668e+08 14.6802 0.163354 1.08878e+10 0.0162179
6.21724e+06 7.34578e+08 14.6351 0.163488 1.07506e+10 0.01622
6.24116e+06 7.27556e+08 14.5902 0.163621 1.06152e+10 0.016222
6.26516e+06 7.20601e+08 14.5454 0.163755 1.04814e+10 0.0162241
6.28926e+06 7.13713e+08 14.5007 0.163888 1.03493e+10 0.0162261
6.31345e+06 7.0689e+08 14.4562 0.164021 1.02189e+10 0.0162282
6.33773e+06 7.00132e+08 14.4118 0.164155 1.00902e+10 0.0162302
6.36211e+06 6.9344e+08 14.3675 0.164288 9.96302e+09 0.0162323
6.38658e+06 6.86811e+08 14.3234 0.164421 9.83748e+09 0.0162343
6.41115e+06 6.80245e+08 14.2794 0.164555 9.71352e+09 0.0162364
6.4358e+06 6.73742e+08 14.2356 0.164688 9.59112e+09 0.0162384
6.46056e+06 6.67302e+08 14.1919 0.164822 9.47027e+09 0.0162405
6.48541e+06 6.60922e+08 14.1483 0.164955 9.35094e+09 0.0162426
6.51035e+06 6.54604e+08 14.1049 0.165088 9.23311e+09 0.0162446
6.53539e+06 6.48346e+08 14.0616 0.165222 9.11676e+09 0.0162467
6.56053e+06 6.42148e+08 14.0184 0.165355 9.00188e+09 0.0162487
6.58576e+06 6.3601e+08 13.9753 0.165488 8.88845e+09 0.0162508
6.6111e+06 6.2993e+08 13.9324 0.165622 8.77644e+09 0.0162528
6.63652e+06 6.23908e+08 13.8896 0.165755 8.66585e+09 0.0162549
6.66205e+06 6.17943e+08 13.847 0.165889 8.55665e+09 0.016257
6.68767e+06 6.12036e+08 13.8045 0.166022 8.44883e+09 0.016259
6.7134e+06 6.06185e+08 13.7621 0.166155 8.34236e+09 0.0162611
6.73922e+06 6.0039e+08 13.7198 0.166289 8.23724e+09 0.0162631
6.76514e+06 5.9465e+08 13.6777 0.166422 8.13344e+09 0.0162652
6.79116e+06 5.88965e+08 13.6357 0.166556 8.03095e+09 0.0162672
6.81728e+06 5.83335e+08 13.5938 0.166689 7.92974e+09 0.0162693
6.8435e+06 5.77758e+08 13.5521 0.166822 7.82982e+09 0.0162714
6.86982e+06 5.72234e+08 13.5105 0.166956 7.73115e+09 0.0162734
6.89625e+06 5.66764e+08 13.469 0.167089 7.63372e+09 0.0162755
6.92277e+06 5.61345e+08 13.4276 0.167222 7.53753e+09 0.0162775
6.9494e+06 5.55979e+08 13.3864 0.167356 7.44254e+09 0.0162796
6.97613e+06 5.50664e+08 13.3453 0.167489 7.34875e+09 0.0162817
7.00296e+06 5.45399e+08 13.3043 0.167623 7.25615e+09 0.0162837
7.0299e+06 5.40185e+08 13.2634 0.167756 7.1647e+09 0.0162858
7.05694e+06 5.35021e+08 13.2227 0.167889 7.07442e+09 0.0162878
7.08408e+06 5.29906e+08 13.1821 0.168023 6.98526e+09 0.0162899
7.11133e+06 5.2484e+08 13.1416 0.168156 6.89724e+09 0.0162919
7.13868e+06 5.19822e+08 13.1013 0.168289 6.81032e+09 0.016294
7.16614e+06 5.14852e+08 13.061 0.168423 6.72449e+09 0.0162961
7.1937e+06 5.0993e+08 13.0209 0.168556 6.63975e+09 0.0162981
7.22137e+06 5.05055e+08 12.9809 0.16869 6.55607e+09 0.0163002
7.24914e+06 5.00226e+08 12.9411 0.168823 6.47345e+09 0.0163023
7.27703e+06 4.95444e+08 12.9013 0.168956 6.39187e+09 0.0163043
7.30502e+06 4.90707e+08 12.8617 0.16909 6.31132e+09 0.0163064
7.33311e+06 4.86015e+08 12.8222 0.169223 6.23178e+09 0.0163084
7.36132e+06 4.81369e+08 12.7828 0.169356 6.15325e+09 0.0163105
7.38963e+06 4.76766e+08 12.7436 0.16949 6.0757e+09 0.0163126
7.41806e+06 4.72208e+08 12.7044 0.169623 5.99913e+09 0.0163146
7.44659e+06 4.67694e+08 12.6654 0.169757 5.92353e+09 0.0163167
7.47523e+06 4.63222e+08 12.6265 0.16989 5.84887e+09 0.0163187
7.50398e+06 4.58793e+08 12.5877 0.170023 5.77516e+09 0.0163208
7.53284e+06 4.54407e+08 12.5491 0.170157 5.70238e+09 0.0163229
7.56182e+06 4.50062e+08 12.5105 0.17029 5.63051e+09 0.0163249
7.5909e+06 4.45759e+08 12.4721 0.170423 5.55955e+09 0.016327
7.6201e+06 4.41497e+08 12.4338 0.170557 5.48949e+09 0.0163291
7.64941e+06 4.37276e+08 12.3956 0.17069 5.4203e+09 0.0163311
7.67883e+06 4.33095e+08 12.3575 0.170824 5.35199e+09 0.0163332
7.70837e+06 4.28954e+08 12.3196 0.170957 5.28454e+09 0.0163352
7.73801e+06 4.24853e+08 12.2817 0.17109 5.21794e+09 0.0163373
7.76778e+06 4.20791e+08 12.244 0.171224 5.15217e+09 0.0163394
7.79765e+06 4.16768e+08 12.2064 0.171357 5.08724e+09 0.0163414
7.82765e+06 4.12783e+08 12.1689 0.17149 5.02312e+09 0.0163435
7.85775e+06 4.08836e+08 12.1316 0.171624 4.95981e+09 0.0163456
7.88798e+06 4.04927e+08 12.0943 0.171757 4.8973e+09 0.0163476
7.91832e+06 4.01055e+08 12.0571 0.171891 4.83558e+09 0.0163497
7.94877e+06 3.97221e+08 12.0201 0.172024 4.77463e+09 0.0163518
7.97935e+06 3.93423e+08 11.9832 0.172157 4.71446e+09 0.0163538
8.01004e+06 3.89661e+08 11.9464 0.172291 4.65504e+09 0.0163559
8.04085e+06 3.85935e+08 11.9097 0.172424 4.59637e+09 0.016358
8.07177e+06 3.82245e+08 11.8731 0.172558 4.53843e+09 0.01636
8.10282e+06 3.7859e+08 11.8366 0.172691 4.48123e+09 0.0163621
8.13399e+06 3.7497e+08 11.8003 0.172824 4.42475e+09 0.0163642
8.16527e+06 3.71385e+08 11.764 0.172958 4.36898e+09 0.0163662
8.19668e+06 3.67834e+08 11.7279 0.173091 4.31392e+09 0.0163683
8.2282e+06 3.64316e+08 11.6919 0.173224 4.25954e+09 0.0163703
8.25985e+06 3.60833e+08 11.656 0.173358 4.20585e+09 0.0163724
8.29162e+06 3.57383e+08 11.6202 0.173491 4.15284e+09 0.0163745
8.32352e+06 3.53965e+08 11.5845 0.173625 4.1005e+09 0.0163765
8.35553e+06 3.50581e+08 11.5489 0.173758 4.04881e+09 0.0163786
8.38767e+06 3.47229e+08 11.5134 0.173891 3.99778e+09 0.0163807
8.41993e+06 3.43908e+08 11.478 0.174025 3.94739e+09 0.0163827
8.45231e+06 3.4062e+08 11.4428 0.174158 3.89764e+09 0.0163848
8.48482e+06 3.37363e+08 11.4076 0.174291 3.84851e+09 0.0163869
8.51746e+06 3.34137e+08 11.3726 0.174425 3.8e+09 0.0163889
8.55022e+06 3.30942e+08 11.3377 0.174558 3.7521e+09 0.016391
8.58311e+06 3.27777e+08 11.3028 0.174692 3.70481e+09 0.0163931
8.61612e+06 3.24643e+08 11.2681 0.174825 3.65811e+09 0.0163952
8.64926e+06 3.21539e+08 11.2335 0.174958 3.612e+09 0.0163972
8.68253e+06 3.18464e+08 11.199 0.175092 3.56647e+09 0.0163993
8.71592e+06 3.15419e+08 11.1646 0.175225 3.52151e+09 0.0164014
8.74945e+06 3.12402e+08 11.1303 0.175358 3.47713e+09 0.0164034
8.7831e+06 3.09415e+08 11.0961 0.175492 3.4333e+09 0.0164055
8.81688e+06 3.06456e+08 11.062 0.175625 3.39002e+09 0.0164076
8.8508e+06 3.03526e+08 11.028 0.175759 3.34729e+09 0.0164096
8.88484e+06 3.00623e+08 10.9941 0.175892 3.30509e+09 0.0164117
8.91901e+06 2.97748e+08 10.9604 0.176025 3.26343e+09 0.0164138
8.95332e+06 2.94901e+08 10.9267 0.176159 3.22229e+09 0.0164158
8.98775e+06 2.92081e+08 10.8931 0.176292 3.18167e+09 0.0164179
9.02232e+06 2.89288e+08 10.8597 0.176425 3.14157e+09 0.01642
9.05703e+06 2.86522e+08 10.8263 0.176559 3.10197e+09 0.016422
9.09186e+06 2.83782e+08 10.793 0.176692 3.06286e+09 0.0164241
9.12683e+06 2.81068e+08 10.7599 0.176826 3.02425e+09 0.0164262
9.16194e+06 2.7838e+08 10.7268 0.176959 2.98613e+09 0.0164283
9.19718e+06 2.75718e+08 10.6939 0.177092 2.94849e+09 0.0164303
9.23255e+06 2.73081e+08 10.661 0.177226 2.91132e+09 0.0164324
9.26806e+06 2.7047e+08 10.6283 0.177359 2.87462e+09 0.0164345
9.30371e+06 2.67883e+08 10.5956 0.177492 2.83838e+09 0.0164365
9.3395e+06 2.65321e+08 10.563 0.177626 2.8026e+09 0.0164386
9.37542e+06 2.62784e+08 10.5306 0.177759 2.76727e+09 0.0164407
9.41148e+06 2.60271e+08 10.4982 0.177893 2.73238e+09 0.0164428
9.44768e+06 2.57782e+08 10.466 0.178026 2.69794e+09 0.0164448
9.48402e+06 2.55316e+08 10.4338 0.178159 2.66393e+09 0.0164469
9.5205e+06 2.52875e+08 10.4018 0.178293 2.63034e+09 0.016449
9.55711e+06 2.50456e+08 10.3698 0.178426 2.59718e+09 0.016451
9.59387e+06 2.48061e+08 10.3379 0.17856 2.56444e+09 0.0164531
9.63077e+06 2.45689e+08 10.3062 0.178693 2.53211e+09 0.0164552
9.66782e+06 2.43339e+08 10.2745 0.178826 2.50019e+09 0.0164573
9.705e+06 2.41012e+08 10.2429 0.17896 2.46867e+09 0.0164593
9.74233e+06 2.38707e+08 10.2115 0.179093 2.43755e+09 0.0164614
9.7798e+06 2.36424e+08 10.1801 0.179226 2.40682e+09 0.0164635
9.81742e+06 2.34163e+08 10.1488 0.17936 2.37648e+09 0.0164655
9.85518e+06 2.31923e+08 10.1176 0.179493 2.34652e+09 0.0164676
9.89309e+06 2.29705e+08 10.0865 0.179627 2.31693e+09 0.0164697
9.93114e+06 2.27508e+08 10.0555 0.17976 2.28772e+09 0.0164718
9.96934e+06 2.25333e+08 10.0247 0.179893 2.25888e+09 0.0164738
1.00077e+07 2.23177e+08 9.99385 0.180027 2.2304e+09 0.0164759
1.00462e+07 2.21043e+08 9.96314 0.18016 2.20228e+09 0.016478
1.00848e+07 2.18929e+08 9.93252 0.180293 2.17452e+09 0.0164801
1.01236e+07 2.16835e+08 9.902 0.180427 2.1471e+09 0.0164821
1.01625e+07 2.14761e+08 9.87157 0.18056 2.12003e+09 0.0164842
1.02016e+07 2.12707e+08 9.84124 0.180694 2.0933e+09 0.0164863
1.02409e+07 2.10673e+08 9.811 0.180827 2.06691e+09 0.0164883
1.02803e+07 2.08658e+08 9.78085 0.18096 2.04085e+09 0.0164904
1.03198e+07 2.06662e+08 9.75079 0.181094 2.01512e+09 0.0164925
1.03595e+07 2.04685e+08 9.72083 0.181227 1.98971e+09 0.0164946
1.03993e+07 2.02728e+08 9.69095 0.18136 1.96462e+09 0.0164966
1.04393e+07 2.00789e+08 9.66117 0.181494 1.93985e+09 0.0164987
1.04795e+07 1.98868e+08 9.63148 0.181627 1.9154e+09 0.0165008
1.05198e+07 1.96966e+08 9.60189 0.181761 1.89125e+09 0.0165029
1.05603e+07 1.95082e+08 9.57238 0.181894 1.8674e+09 0.0165049
1.06009e+07 1.93216e+08 9.54296 0.182027 1.84385e+09 0.016507
1.06417e+07 1.91368e+08 9.51363 0.182161 1.82061e+09 0.0165091
1.06826e+07 1.89538e+08 9.48439 0.182294 1.79765e+09 0.0165112
1.07237e+07 1.87725e+08 9.45525 0.182427 1.77498e+09 0.0165132
1.07649e+07 1.85929e+08 9.42619 0.182561 1.7526e+09 0.0165153
1.08063e+07 1.84151e+08 9.39722 0.182694 1.73051e+09 0.0165174
1.08479e+07 1.82389e+08 9.36834 0.182828 1.70868e+09 0.0165195
1.08896e+07 1.80645e+08 9.33955 0.182961 1.68714e+09 0.0165215
1.09315e+07 1.78917e+08 9.31084 0.183094 1.66587e+09 0.0165236
1.09735e+07 1.77205e+08 9.28223 0.183228 1.64486e+09 0.0165257
1.10157e+07 1.7551e+08 9.2537 0.183361 1.62412e+09 0.0165278
1.10581e+07 1.73832e+08 9.22526 0.183494 1.60364e+09 0.0165298
1.11007e+07 1.72169e+08 9.1969 0.183628 1.58342e+09 0.0165319
1.11433e+07 1.70522e+08 9.16864 0.183761 1.56345e+09 0.016534
1.11862e+07 1.68891e+08 9.14046 0.183895 1.54374e+09 0.0165361
1.12292e+07 1.67275e+08 9.11236 0.184028 1.52427e+09 0.0165382
1.12724e+07 1.65675e+08 9.08435 0.184161 1.50505e+09 0.0165402
1.13158e+07 1.6409e+08 9.05643 0.184295 1.48607e+09 0.0165423
1.13593e+07 1.62521e+08 9.0286 0.184428 1.46733e+09 0.0165444
1.1403e+07 1.60966e+08 9.00084 0.184562 1.44883e+09 0.0165465
1.14469e+07 1.59426e+08 8.97318 0.184695 1.43056e+09 0.0165485
1.14909e+07 1.57901e+08 8.9456 0.184828 1.41252e+09 0.0165506
1.15351e+07 1.56391e+08 8.9181 0.184962 1.39471e+09 0.0165527
1.15794e+07 1.54895e+08 8.89069 0.185095 1.37712e+09 0.0165548
1.1624e+07 1.53413e+08 8.86336 0.185228 1.35975e+09 0.0165568
1.16687e+07 1.51945e+08 8.83611 0.185362 1.34261e+09 0.0165589
1.17136e+07 1.50492e+08 8.80895 0.185495 1.32568e+09 0.016561
1.17586e+07 1.49052e+08 8.78188 0.185629 1.30896e+09 0.0165631
1.18039e+07 1.47626e+08 8.75488 0.185762 1.29245e+09 0.0165652
1.18493e+07 1.46214e+08 8.72797 0.185895 1.27615e+09 0.0165672
1.18948e+07 1.44815e+08 8.70114 0.186029 1.26006e+09 0.0165693
1.19406e+07 1.4343e+08 8.67439 0.186162 1.24417e+09 0.0165714
1.19865e+07 1.42058e+08 8.64773 0.186295 1.22848e+09 0.0165735
1.20326e+07 1.40699e+08 8.62114 0.186429 1.21298e+09 0.0165756
1.20789e+07 1.39353e+08 8.59464 0.186562 1.19769e+09 0.0165776
1.21254e+07 1.3802e+08 8.56822 0.186696 1.18258e+09 0.0165797
1.2172e+07 1.36699e+08 8.54188 0.186829 1.16767e+09 0.0165818
1.22188e+07 1.35391e+08 8.51562 0.186962 1.15294e+09 0.0165839
1.22658e+07 1.34096e+08 8.48944 0.187096 1.1384e+09 0.0165859
1.2313e+07 1.32813e+08 8.46334 0.187229 1.12404e+09 0.016588
1.23603e+07 1.31543e+08 8.43732 0.187362 1.10987e+09 0.0165901
1.24079e+07 1.30284e+08 8.41138 0.187496 1.09587e+09 0.0165922
1.24556e+07 1.29038e+08 8.38552 0.187629 1.08205e+09 0.0165943
1.25035e+07 1.27803e+08 8.35974 0.187763 1.0684e+09 0.0165963
1.25516e+07 1.2658e+08 8.33404 0.187896 1.05493e+09 0.0165984
1.25999e+07 1.25369e+08 8.30842 0.188029 1.04162e+09 0.0166005
1.26484e+07 1.2417e+08 8.28287 0.188163 1.02848e+09 0.0166026
1.2697e+07 1.22982e+08 8.25741 0.188296 1.01551e+09 0.0166047
1.27458e+07 1.21805e+08 8.23202 0.188429 1.0027e+09 0.0166067
1.27949e+07 1.2064e+08 8.20671 0.188563 9.90057e+08 0.0166088
1.28441e+07 1.19486e+08 8.18148 0.188696 9.7757e+08 0.0166109
1.28935e+07 1.18343e+08 8.15632 0.18883 9.6524e+08 0.016613
1.29431e+07 1.1721e+08 8.13125 0.188963 9.53065e+08 0.0166151
1.29929e+07 1.16089e+08 8.10624 0.189096 9.41044e+08 0.0166171
1.30428e+07 1.14978e+08 8.08132 0.18923 9.29175e+08 0.0166192
1.3093e+07 1.13878e+08 8.05647 0.189363 9.17455e+08 0.0166213
1.31434e+07 1.12788e+08 8.0317 0.189496 9.05882e+08 0.0166234
1.31939e+07 1.11709e+08 8.007 0.18963 8.94456e+08 0.0166255
1.32447e+07 1.1064e+08 7.98238 0.189763 8.83174e+08 0.0166275
1.32956e+07 1.09582e+08 7.95784 0.189897 8.72034e+08 0.0166296
1.33467e+07 1.08533e+08 7.93337 0.19003 8.61034e+08 0.0166317
1.33981e+07 1.07495e+08 7.90897 0.190163 8.50173e+08 0.0166338
1.34496e+07 1.06466e+08 7.88465 0.190297 8.39449e+08 0.0166359
1.35013e+07 1.05447e+08 7.86041 0.19043 8.2886e+08 0.0166379
1.35533e+07 1.04438e+08 7.83624 0.190564 8.18405e+08 0.01664
1.36054e+07 1.03439e+08 7.81214 0.190697 8.08081e+08 0.0166421
1.36577e+07 1.02449e+08 7.78812 0.19083 7.97888e+08 0.0166442
1.37103e+07 1.01469e+08 7.76417 0.190964 7.87823e+08 0.0166463
1.3763e+07 1.00498e+08 7.74029 0.191097 7.77885e+08 0.0166484
1.38159e+07 9.95365e+07 7.71649 0.19123 7.68072e+08 0.0166504
1.38691e+07 9.8584e+07 7.69276 0.191364 7.58383e+08 0.0166525
1.39224e+07 9.76407e+07 7.6691 0.191497 7.48816e+08 0.0166546
1.3976e+07 9.67063e+07 7.64552 0.191631 7.3937e+08 0.0166567
1.40297e+07 9.57809e+07 7.622 0.191764 7.30043e+08 0.0166588
1.40837e+07 9.48644e+07 7.59856 0.191897 7.20833e+08 0.0166608
1.41379e+07 9.39566e+07 7.57519 0.192031 7.11739e+08 0.0166629
1.41922e+07 9.30575e+07 7.5519 0.192164 7.02761e+08 0.016665
1.42468e+07 9.2167e+07 7.52867 0.192297 6.93895e+08 0.0166671
1.43016e+07 9.1285e+07 7.50552 0.192431 6.85141e+08 0.0166692
1.43566e+07 9.04115e+07 7.48243 0.192564 6.76498e+08 0.0166713
1.44118e+07 8.95462e+07 7.45942 0.192698 6.67963e+08 0.0166733
1.44673e+07 8.86893e+07 7.43648 0.192831 6.59536e+08 0.0166754
1.45229e+07 8.78406e+07 7.4136 0.192964 6.51215e+08 0.0166775
1.45788e+07 8.7e+07 7.3908 0.193098 6.43e+08 0.0166796
1.46349e+07 8.61674e+07 7.36807 0.193231 6.34887e+08 0.0166817
1.46911e+07 8.53428e+07 7.34541 0.193364 6.26877e+08 0.0166837
1.47477e+07 8.4526e+07 7.32281 0.193498 6.18968e+08 0.0166858
1.48044e+07 8.37171e+07 7.30029 0.193631 6.11159e+08 0.0166879
1.48613e+07 8.29159e+07 7.27784 0.193765 6.03448e+08 0.01669
1.49185e+07 8.21224e+07 7.25545 0.193898 5.95835e+08 0.0166921
1.49759e+07 8.13364e+07 7.23313 0.194031 5.88317e+08 0.0166942
1.50335e+07 8.0558e+07 7.21088 0.194165 5.80894e+08 0.0166962
1.50913e+07 7.9787e+07 7.1887 0.194298 5.73565e+08 0.0166983
1.51493e+07 7.90234e+07 7.16659 0.194431 5.66328e+08 0.0167004
1.52076e+07 7.82671e+07 7.14454 0.194565 5.59183e+08 0.0167025
1.52661e+07 7.75181e+07 7.12257 0.194698 5.52128e+08 0.0167046
1.53248e+07 7.67761e+07 7.10066 0.194832 5.45161e+08 0.0167067
1.53838e+07 7.60413e+07 7.07881 0.194965 5.38282e+08 0.0167087
1.54429e+07 7.53135e+07 7.05704 0.195098 5.3149e+08 0.0167108
1.55023e+07 7.45927e+07 7.03533 0.195232 5.24784e+08 0.0167129
1.5562e+07 7.38788e+07 7.01368 0.195365 5.18162e+08 0.016715
1.56218e+07 7.31717e+07 6.99211 0.195498 5.11624e+08 0.0167171
1.56819e+07 7.24713e+07 6.9706 0.195632 5.05168e+08 0.0167192
1.57422e+07 7.17777e+07 6.94915 0.195765 4.98794e+08 0.0167212
1.58028e+07 7.10907e+07 6.92777 0.195899 4.925e+08 0.0167233
1.58635e+07 7.04102e+07 6.90646 0.196032 4.86285e+08 0.0167254
1.59246e+07 6.97363e+07 6.88521 0.196165 4.80149e+08 0.0167275
1.59858e+07 6.90688e+07 6.86403 0.196299 4.7409e+08 0.0167296
1.60473e+07 6.84077e+07 6.84291 0.196432 4.68108e+08 0.0167317
1.6109e+07 6.77529e+07 6.82186 0.196566 4.62201e+08 0.0167337
1.6171e+07 6.71044e+07 6.80087 0.196699 4.56368e+08 0.0167358
1.62332e+07 6.64621e+07 6.77994 0.196832 4.50609e+08 0.0167379
1.62956e+07 6.58259e+07 6.75908 0.196966 4.44923e+08 0.01674
1.63583e+07 6.51958e+07 6.73829 0.197099 4.39308e+08 0.0167421
1.64212e+07 6.45718e+07 6.71755 0.197232 4.33764e+08 0.0167442
1.64844e+07 6.39537e+07 6.69688 0.197366 4.2829e+08 0.0167463
1.65478e+07 6.33415e+07 6.67628 0.197499 4.22885e+08 0.0167483
1.66114e+07 6.27351e+07 6.65573 0.197633 4.17548e+08 0.0167504
1.66753e+07 6.21346e+07 6.63525 0.197766 4.12279e+08 0.0167525
1.67395e+07 6.15398e+07 6.61484 0.197899 4.07076e+08 0.0167546
1.68038e+07 6.09507e+07 6.59448 0.198033 4.01939e+08 0.0167567
1.68685e+07 6.03673e+07 6.57419 0.198166 3.96866e+08 0.0167588
1.69334e+07 5.97894e+07 6.55396 0.198299 3.91857e+08 0.0167608
1.69985e+07 5.9217e+07 6.53379 0.198433 3.86912e+08 0.0167629
1.70639e+07 5.86501e+07 6.51369 0.198566 3.82029e+08 0.016765
1.71295e+07 5.80887e+07 6.49364 0.1987 3.77207e+08 0.0167671
1.71954e+07 5.75326e+07 6.47366 0.198833 3.72446e+08 0.0167692
1.72615e+07 5.69818e+07 6.45374 0.198966 3.67746e+08 0.0167713
1.73279e+07 5.64363e+07 6.43387 0.1991 3.63104e+08 0.0167733
1.73946e+07 5.5896e+07 6.41407 0.199233 3.58521e+08 0.0167754
1.74615e+07 5.53609e+07 6.39433 0.199366 3.53996e+08 0.0167775
1.75286e+07 5.48309e+07 6.37466 0.1995 3.49528e+08 0.0167796
1.7596e+07 5.4306e+07 6.35504 0.199633 3.45116e+08 0.0167817
1.76637e+07 5.37861e+07 6.33548 0.199767 3.4076e+08 0.0167838
1.77317e+07 5.32711e+07 6.31598 0.1999 3.36459e+08 0.0167859
1.77999e+07 5.27611e+07 6.29654 0.200033 3.32212e+08 0.0167879
1.78683e+07 5.2256e+07 6.27716 0.200167 3.28019e+08 0.01679
1.79371e+07 5.17557e+07 6.25784 0.2003 3.23879e+08 0.0167921
1.80061e+07 5.12601e+07 6.23858 0.200433 3.1979e+08 0.0167942
1.80753e+07 5.07694e+07 6.21938 0.200567 3.15754e+08 0.0167963
1.81448e+07 5.02833e+07 6.20023 0.2007 3.11768e+08 0.0167984
1.82146e+07 4.98018e+07 6.18115 0.200834 3.07833e+08 0.0168004
1.82847e+07 4.9325e+07 6.16212 0.200967 3.03947e+08 0.0168025
1.8355e+07 4.88528e+07 6.14316 0.2011 3.0011e+08 0.0168046
1.84256e+07 4.8385e+07 6.12425 0.201234 2.96322e+08 0.0168067
1.84965e+07 4.79217e+07 6.1054 0.201367 2.92581e+08 0.0168088
1.85676e+07 4.74629e+07 6.0866 0.201501 2.88888e+08 0.0168109
1.8639e+07 4.70084e+07 6.06786 0.201634 2.85241e+08 0.016813
1.87107e+07 4.65583e+07 6.04919 0.201767 2.8164e+08 0.016815
1.87827e+07 4.61125e+07 6.03056 0.201901 2.78084e+08 0.0168171
1.88549e+07 4.5671e+07 6.012 0.202034 2.74574e+08 0.0168192
1.89275e+07 4.52337e+07 5.99349 0.202167 2.71108e+08 0.0168213
1.90003e+07 4.48005e+07 5.97504 0.202301 2.67685e+08 0.0168234
1.90733e+07 4.43715e+07 5.95665 0.202434 2.64306e+08 0.0168255
1.91467e+07 4.39467e+07 5.93831 0.202568 2.60969e+08 0.0168275
1.92203e+07 4.35258e+07 5.92003 0.202701 2.57674e+08 0.0168296
1.92943e+07 4.3109e+07 5.9018 0.202834 2.54421e+08 0.0168317
1.93685e+07 4.26962e+07 5.88363 0.202968 2.51209e+08 0.0168338
1.9443e+07 4.22874e+07 5.86552 0.203101 2.48037e+08 0.0168359
1.95178e+07 4.18824e+07 5.84746 0.203234 2.44906e+08 0.016838
1.95928e+07 4.14814e+07 5.82945 0.203368 2.41814e+08 0.0168401
1.96682e+07 4.10841e+07 5.8115 0.203501 2.3876e+08 0.0168421
1.97438e+07 4.06907e+07 5.79361 0.203635 2.35746e+08 0.0168442
1.98198e+07 4.0301e+07 5.77577 0.203768 2.32769e+08 0.0168463
1.9896e+07 3.99151e+07 5.75799 0.203901 2.2983e+08 0.0168484
1.99725e+07 3.95328e+07 5.74026 0.204035 2.26928e+08 0.0168505
2.00494e+07 3.91542e+07 5.72258 0.204168 2.24063e+08 0.0168526
2.01265e+07 3.87792e+07 5.70496 0.204301 2.21234e+08 0.0168546
2.02039e+07 3.84078e+07 5.68739 0.204435 2.18441e+08 0.0168567
2.02816e+07 3.804e+07 5.66988 0.204568 2.15682e+08 0.0168588
2.03596e+07 3.76757e+07 5.65242 0.204702 2.12959e+08 0.0168609
2.04379e+07 3.73149e+07 5.63501 0.204835 2.1027e+08 0.016863
2.05165e+07 3.69575e+07 5.61766 0.204968 2.07615e+08 0.0168651
2.05954e+07 3.66035e+07 5.60036 0.205102 2.04993e+08 0.0168672
2.06747e+07 3.6253e+07 5.58311 0.205235 2.02404e+08 0.0168692
2.07542e+07 3.59057e+07 5.56592 0.205368 1.99849e+08 0.0168713
2.0834e+07 3.55618e+07 5.54878 0.205502 1.97325e+08 0.0168734
2.09141e+07 3.52212e+07 5.53169 0.205635 1.94833e+08 0.0168755
2.09946e+07 3.48839e+07 5.51465 0.205769 1.92373e+08 0.0168776
2.10753e+07 3.45498e+07 5.49767 0.205902 1.89943e+08 0.0168797
2.11564e+07 3.42189e+07 5.48074 0.206035 1.87545e+08 0.0168817
2.12378e+07 3.38911e+07 5.46386 0.206169 1.85176e+08 0.0168838
2.13195e+07 3.35665e+07 5.44703 0.206302 1.82838e+08 0.0168859
2.14015e+07 3.3245e+07 5.43025 0.206435 1.80528e+08 0.016888
2.14838e+07 3.29265e+07 5.41353 0.206569 1.78249e+08 0.0168901
2.15664e+07 3.26111e+07 5.39685 0.206702 1.75997e+08 0.0168922
2.16494e+07 3.22987e+07 5.38023 0.206836 1.73775e+08 0.0168942
2.17326e+07 3.19894e+07 5.36366 0.206969 1.7158e+08 0.0168963
2.18162e+07 3.16829e+07 5.34713 0.207102 1.69413e+08 0.0168984
2.19001e+07 3.13794e+07 5.33066 0.207236 1.67273e+08 0.0169005
2.19844e+07 3.10789e+07 5.31424 0.207369 1.65161e+08 0.0169026
2.20689e+07 3.07811e+07 5.29787 0.207503 1.63075e+08 0.0169047
2.21538e+07 3.04863e+07 5.28155 0.207636 1.61015e+08 0.0169067
2.2239e+07 3.01942e+07 5.26528 0.207769 1.58981e+08 0.0169088
2.23246e+07 2.9905e+07 5.24906 0.207903 1.56973e+08 0.0169109
2.24104e+07 2.96185e+07 5.23289 0.208036 1.5499e+08 0.016913
2.24966e+07 2.93348e+07 5.21677 0.208169 1.53033e+08 0.0169151
2.25832e+07 2.90537e+07 5.2007 0.208303 1.511e+08 0.0169172
2.267e+07 2.87754e+07 5.18467 0.208436 1.49191e+08 0.0169192
2.27572e+07 2.84997e+07 5.1687 0.20857 1.47307e+08 0.0169213
2.28447e+07 2.82267e+07 5.15278 0.208703 1.45446e+08 0.0169234
2.29326e+07 2.79563e+07 5.1369 0.208836 1.43609e+08 0.0169255
2.30208e+07 2.76884e+07 5.12107 0.20897 1.41794e+08 0.0169276
2.31094e+07 2.74232e+07 5.10529 0.209103 1.40003e+08 0.0169297
2.31982e+07 2.71604e+07 5.08956 0.209236 1.38235e+08 0.0169317
2.32875e+07 2.69002e+07 5.07388 0.20937 1.36488e+08 0.0169338
2.3377e+07 2.66425e+07 5.05825 0.209503 1.34764e+08 0.0169359
2.3467e+07 2.63872e+07 5.04266 0.209637 1.33062e+08 0.016938
2.35572e+07 2.61344e+07 5.02712 0.20977 1.31381e+08 0.0169401
2.36478e+07 2.5884e+07 5.01163 0.209903 1.29721e+08 0.0169422
2.37388e+07 2.5636e+07 4.99619 0.210037 1.28082e+08 0.0169442
2.38301e+07 2.53903e+07 4.98079 0.21017 1.26464e+08 0.0169463
2.39217e+07 2.51471e+07 4.96544 0.210303 1.24866e+08 0.0169484
2.40138e+07 2.49061e+07 4.95014 0.210437 1.23289e+08 0.0169505
2.41061e+07 2.46675e+07 4.93489 0.21057 1.21731e+08 0.0169526
2.41988e+07 2.44311e+07 4.91968 0.210704 1.20193e+08 0.0169547
2.42919e+07 2.4197e+07 4.90451 0.210837 1.18675e+08 0.0169567
2.43854e+07 2.39651e+07 4.8894 0.21097 1.17175e+08 0.0169588
2.44791e+07 2.37355e+07 4.87433 0.211104 1.15695e+08 0.0169609
2.45733e+07 2.3508e+07 4.85931 0.211237 1.14233e+08 0.016963
2.46678e+07 2.32828e+07 4.84433 0.21137 1.12789e+08 0.0169651
2.47627e+07 2.30597e+07 4.8294 0.211504 1.11364e+08 0.0169671
2.48579e+07 2.28387e+07 4.81451 0.211637 1.09957e+08 0.0169692
2.49536e+07 2.26198e+07 4.79967 0.211771 1.08568e+08 0.0169713
2.50495e+07 2.24031e+07 4.78488 0.211904 1.07196e+08 0.0169734
2.51459e+07 2.21884e+07 4.77013 0.212037 1.05841e+08 0.0169755
2.52426e+07 2.19757e+07 4.75543 0.212171 1.04504e+08 0.0169776
2.53397e+07 2.17651e+07 4.74077 0.212304 1.03183e+08 0.0169796
2.54372e+07 2.15565e+07 4.72615 0.212437 1.0188e+08 0.0169817
2.5535e+07 2.13499e+07 4.71158 0.212571 1.00592e+08 0.0169838
2.56332e+07 2.11453e+07 4.69706 0.212704 9.93209e+07 0.0169859
2.57318e+07 2.09427e+07 4.68258 0.212838 9.80658e+07 0.016988
2.58308e+07 2.0742e+07 4.66814 0.212971 9.68265e+07 0.01699
2.59301e+07 2.05432e+07 4.65375 0.213104 9.56028e+07 0.0169921
2.60299e+07 2.03463e+07 4.6394 0.213238 9.43946e+07 0.0169942
2.613e+07 2.01513e+07 4.6251 0.213371 9.32016e+07 0.0169963
2.62305e+07 1.99581e+07 4.61084 0.213505 9.20237e+07 0.0169984
2.63314e+07 1.97668e+07 4.59663 0.213638 9.08607e+07 0.0170004
2.64327e+07 1.95774e+07 4.58245 0.213771 8.97124e+07 0.0170025
2.65343e+07 1.93897e+07 4.56832 0.213905 8.85785e+07 0.0170046
2.66364e+07 1.92039e+07 4.55424 0.214038 8.7459e+07 0.0170067
2.67388e+07 1.90198e+07 4.54019 0.214171 8.63536e+07 0.0170088
2.68417e+07 1.88375e+07 4.5262 0.214305 8.52621e+07 0.0170108
2.69449e+07 1.86569e+07 4.51224 0.214438 8.41845e+07 0.0170129
2.70486e+07 1.84781e+07 4.49832 0.214572 8.31204e+07 0.017015
2.71526e+07 1.8301e+07 4.48445 0.214705 8.20698e+07 0.0170171
2.7257e+07 1.81255e+07 4.47062 0.214838 8.10324e+07 0.0170192
2.73619e+07 1.79518e+07 4.45684 0.214972 8.00081e+07 0.0170212
2.74671e+07 1.77797e+07 4.44309 0.215105 7.89968e+07 0.0170233
2.75728e+07 1.76092e+07 4.42939 0.215238 7.79982e+07 0.0170254
2.76788e+07 1.74404e+07 4.41573 0.215372 7.70122e+07 0.0170275
2.77853e+07 1.72732e+07 4.40211 0.215505 7.60387e+07 0.0170295
2.78921e+07 1.71076e+07 4.38853 0.215639 7.50775e+07 0.0170316
2.79994e+07 1.69436e+07 4.375 0.215772 7.41284e+07 0.0170337
2.81071e+07 1.67812e+07 4.3615 0.215905 7.31913e+07 0.0170358
2.82152e+07 1.66203e+07 4.34805 0.216039 7.2266e+07 0.0170379
2.83237e+07 1.6461e+07 4.33464 0.216172 7.13524e+07 0.0170399
2.84327e+07 1.63032e+07 4.32127 0.216305 7.04504e+07 0.017042
2.8542e+07 1.61469e+07 4.30794 0.216439 6.95597e+07 0.0170441
2.86518e+07 1.5992e+07 4.29465 0.216572 6.86803e+07 0.0170462
2.8762e+07 1.58387e+07 4.2814 0.216706 6.78119e+07 0.0170482
2.88727e+07 1.56869e+07 4.2682 0.216839 6.69546e+07 0.0170503
2.89837e+07 1.55364e+07 4.25503 0.216972 6.61081e+07 0.0170524
2.90952e+07 1.53875e+07 4.2419 0.217106 6.52722e+07 0.0170545
2.92071e+07 1.52399e+07 4.22882 0.217239 6.44469e+07 0.0170566
2.93194e+07 1.50938e+07 4.21577 0.217372 6.36321e+07 0.0170586
2.94322e+07 1.49491e+07 4.20276 0.217506 6.28275e+07 0.0170607
2.95454e+07 1.48057e+07 4.1898 0.217639 6.20331e+07 0.0170628
2.96591e+07 1.46638e+07 4.17687 0.217773 6.12487e+07 0.0170649
2.97731e+07 1.45232e+07 4.16398 0.217906 6.04742e+07 0.0170669
2.98877e+07 1.43839e+07 4.15114 0.218039 5.97095e+07 0.017069
3.00026e+07 1.4246e+07 4.13833 0.218173 5.89545e+07 0.0170711
3.0118e+07 1.41093e+07 4.12556 0.218306 5.82089e+07 0.0170732
3.02339e+07 1.3974e+07 4.11283 0.218439 5.74729e+07 0.0170752
3.03501e+07 1.384e+07 4.10014 0.218573 5.67461e+07 0.0170773
3.04669e+07 1.37073e+07 4.08749 0.218706 5.60284e+07 0.0170794
3.05841e+07 1.35759e+07 4.07487 0.21884 5.53199e+07 0.0170815
3.07017e+07 1.34457e+07 4.0623 0.218973 5.46203e+07 0.0170835
3.08198e+07 1.33167e+07 4.04976 0.219106 5.39295e+07 0.0170856
3.09383e+07 1.3189e+07 4.03726 0.21924 5.32474e+07 0.0170877
3.10573e+07 1.30625e+07 4.0248 0.219373 5.2574e+07 0.0170898
3.11768e+07 1.29372e+07 4.01238 0.219507 5.19091e+07 0.0170918
3.12967e+07 1.28131e+07 4 0.21964 5.12525e+07 0.0170939
3.14171e+07 1.26903e+07 3.98765 0.219773 5.06043e+07 0.017096
3.15379e+07 1.25685e+07 3.97534 0.219907 4.99643e+07 0.017098
3.16592e+07 1.2448e+07 3.96307 0.22004 4.93323e+07 0.0171001
3.1781e+07 1.23286e+07 3.95084 0.220173 4.87083e+07 0.0171022
3.19032e+07 1.22103e+07 3.93865 0.220307 4.80922e+07 0.0171043
3.20259e+07 1.20932e+07 3.92649 0.22044 4.74839e+07 0.0171063
3.21491e+07 1.19772e+07 3.91437 0.220574 4.68832e+07 0.0171084
3.22728e+07 1.18623e+07 3.90228 0.220707 4.62902e+07 0.0171105
3.23969e+07 1.17485e+07 3.89024 0.22084 4.57046e+07 0.0171126
3.25215e+07 1.16358e+07 3.87823 0.220974 4.51264e+07 0.0171146
3.26466e+07 1.15242e+07 3.86625 0.221107 4.45556e+07 0.0171167
3.27722e+07 1.14137e+07 3.85432 0.22124 4.39919e+07 0.0171188
3.28982e+07 1.13042e+07 3.84242 0.221374 4.34354e+07 0.0171208
3.30248e+07 1.11957e+07 3.83056 0.221507 4.28859e+07 0.0171229
3.31518e+07 1.10883e+07 3.81873 0.221641 4.23433e+07 0.017125
3.32793e+07 1.0982e+07 3.80694 0.221774 4.18076e+07 0.017127
3.34073e+07 1.08766e+07 3.79518 0.221907 4.12787e+07 0.0171291
3.35358e+07 1.07723e+07 3.78346 0.222041 4.07564e+07 0.0171312
3.36648e+07 1.06689e+07 3.77178 0.222174 4.02408e+07 0.0171333
3.37943e+07 1.05665e+07 3.76013 0.222307 3.97316e+07 0.0171353
3.39242e+07 1.04652e+07 3.74852 0.222441 3.92289e+07 0.0171374
3.40547e+07 1.03648e+07 3.73695 0.222574 3.87326e+07 0.0171395
3.41857e+07 1.02653e+07 3.72541 0.222708 3.82425e+07 0.0171415
3.43172e+07 1.01668e+07 3.7139 0.222841 3.77586e+07 0.0171436
3.44492e+07 1.00693e+07 3.70243 0.222974 3.72808e+07 0.0171457
3.45817e+07 9.97265e+06 3.691 0.223108 3.6809e+07 0.0171477
3.47147e+07 9.87696e+06 3.6796 0.223241 3.63432e+07 0.0171498
3.48482e+07 9.78219e+06 3.66823 0.223374 3.58833e+07 0.0171519
3.49823e+07 9.68832e+06 3.6569 0.223508 3.54292e+07 0.0171539
3.51168e+07 9.59535e+06 3.64561 0.223641 3.49809e+07 0.017156
3.52519e+07 9.50328e+06 3.63435 0.223775 3.45382e+07 0.0171581
3.53875e+07 9.41208e+06 3.62312 0.223908 3.41011e+07 0.0171601
3.55236e+07 9.32176e+06 3.61193 0.224041 3.36695e+07 0.0171622
3.56602e+07 9.23231e+06 3.60077 0.224175 3.32434e+07 0.0171643
3.57974e+07 9.14371e+06 3.58965 0.224308 3.28227e+07 0.0171663
3.59351e+07 9.05595e+06 3.57856 0.224441 3.24073e+07 0.0171684
3.60733e+07 8.96904e+06 3.5675 0.224575 3.19971e+07 0.0171705
3.6212e+07 8.88297e+06 3.55648 0.224708 3.15921e+07 0.0171725
3.63513e+07 8.79771e+06 3.54549 0.224842 3.11922e+07 0.0171746
3.64911e+07 8.71328e+06 3.53454 0.224975 3.07974e+07 0.0171767
3.66315e+07 8.62965e+06 3.52362 0.225108 3.04076e+07 0.0171787
3.67724e+07 8.54682e+06 3.51273 0.225242 3.00227e+07 0.0171808
3.69138e+07 8.46479e+06 3.50188 0.225375 2.96426e+07 0.0171829
3.70558e+07 8.38354e+06 3.49105 0.225509 2.92674e+07 0.0171849
3.71983e+07 8.30307e+06 3.48027 0.225642 2.88969e+07 0.017187
3.73414e+07 8.22338e+06 3.46951 0.225775 2.85311e+07 0.017189
3.7485e+07 8.14444e+06 3.45879 0.225909 2.81699e+07 0.0171911
3.76292e+07 8.06626e+06 3.4481 0.226042 2.78133e+07 0.0171932
3.77739e+07 7.98883e+06 3.43744 0.226175 2.74612e+07 0.0171952
3.79192e+07 7.91214e+06 3.42682 0.226309 2.71135e+07 0.0171973
3.80651e+07 7.83619e+06 3.41623 0.226442 2.67702e+07 0.0171994
3.82115e+07 7.76097e+06 3.40567 0.226576 2.64313e+07 0.0172014
3.83585e+07 7.68646e+06 3.39514 0.226709 2.60967e+07 0.0172035
3.8506e+07 7.61267e+06 3.38465 0.226842 2.57662e+07 0.0172055
3.86541e+07 7.53959e+06 3.37419 0.226976 2.544e+07 0.0172076
3.88028e+07 7.4672e+06 3.36376 0.227109 2.51179e+07 0.0172097
3.8952e+07 7.39551e+06 3.35336 0.227242 2.47998e+07 0.0172117
3.91019e+07 7.32451e+06 3.34299 0.227376 2.44858e+07 0.0172138
3.92523e+07 7.25419e+06 3.33266 0.227509 2.41757e+07 0.0172158
3.94032e+07 7.18454e+06 3.32236 0.227643 2.38696e+07 0.0172179
3.95548e+07 7.11556e+06 3.31209 0.227776 2.35673e+07 0.0172199
3.97069e+07 7.04724e+06 3.30185 0.227909 2.32689e+07 0.017222
3.98597e+07 6.97957e+06 3.29164 0.228043 2.29742e+07 0.0172241
4.0013e+07 6.91255e+06 3.28146 0.228176 2.26833e+07 0.0172261
4.01669e+07 6.84618e+06 3.27131 0.228309 2.2396e+07 0.0172282
4.03214e+07 6.78044e+06 3.2612 0.228443 2.21123e+07 0.0172302
4.04764e+07 6.71533e+06 3.25111 0.228576 2.18323e+07 0.0172323
4.06321e+07 6.65084e+06 3.24106 0.22871 2.15558e+07 0.0172344
4.07884e+07 6.58697e+06 3.23104 0.228843 2.12828e+07 0.0172364
4.09453e+07 6.52372e+06 3.22105 0.228976 2.10132e+07 0.0172385
4.11028e+07 6.46107e+06 3.21108 0.22911 2.0747e+07 0.0172405
4.12609e+07 6.39902e+06 3.20115 0.229243 2.04842e+07 0.0172426
4.14196e+07 6.33756e+06 3.19125 0.229376 2.02248e+07 0.0172446
4.15789e+07 6.2767e+06 3.18138 0.22951 1.99686e+07 0.0172467
4.17388e+07 6.21641e+06 3.17154 0.229643 1.97156e+07 0.0172487
4.18994e+07 6.15671e+06 3.16173 0.229777 1.94659e+07 0.0172508
4.20605e+07 6.09758e+06 3.15195 0.22991 1.92193e+07 0.0172528
4.22223e+07 6.03901e+06 3.1422 0.230043 1.89758e+07 0.0172549
4.23847e+07 5.981e+06 3.13248 0.230177 1.87354e+07 0.0172569
4.25477e+07 5.92356e+06 3.12279 0.23031 1.8498e+07 0.017259
4.27114e+07 5.86666e+06 3.11313 0.230443 1.82637e+07 0.017261
4.28757e+07 5.8103e+06 3.1035 0.230577 1.80323e+07 0.0172631
4.30406e+07 5.75449e+06 3.0939 0.23071 1.78038e+07 0.0172652
4.32061e+07 5.69921e+06 3.08433 0.230844 1.75782e+07 0.0172672
4.33723e+07 5.64447e+06 3.07478 0.230977 1.73555e+07 0.0172693
4.35391e+07 5.59024e+06 3.06527 0.23111 1.71356e+07 0.0172713
4.37066e+07 5.53654e+06 3.05578 0.231244 1.69185e+07 0.0172734
4.38747e+07 5.48335e+06 3.04633 0.231377 1.67041e+07 0.0172754
4.40434e+07 5.43067e+06 3.0369 0.231511 1.64924e+07 0.0172775
4.42129e+07 5.3785e+06 3.0275 0.231644 1.62834e+07 0.0172795
4.43829e+07 5.32682e+06 3.01814 0.231777 1.60771e+07 0.0172815
4.45536e+07 5.27564e+06 3.00879 0.231911 1.58733e+07 0.0172836
4.4725e+07 5.22496e+06 2.99948 0.232044 1.56722e+07 0.0172856
4.4897e+07 5.17475e+06 2.9902 0.232177 1.54735e+07 0.0172877
4.50697e+07 5.12503e+06 2.98094 0.232311 1.52774e+07 0.0172897
4.5243e+07 5.07579e+06 2.97172 0.232444 1.50838e+07 0.0172918
4.54171e+07 5.02701e+06 2.96252 0.232578 1.48926e+07 0.0172938
4.55918e+07 4.97871e+06 2.95335 0.232711 1.47039e+07 0.0172959
4.57671e+07 4.93087e+06 2.94421 0.232844 1.45175e+07 0.0172979
4.59431e+07 4.88348e+06 2.93509 0.232978 1.43335e+07 0.0173
4.61199e+07 4.83656e+06 2.92601 0.233111 1.41518e+07 0.017302
4.62972e+07 4.79008e+06 2.91695 0.233244 1.39724e+07 0.017304
4.64753e+07 4.74404e+06 2.90792 0.233378 1.37953e+07 0.0173061
4.66541e+07 4.69845e+06 2.89891 0.233511 1.36204e+07 0.0173081
4.68335e+07 4.6533e+06 2.88994 0.233645 1.34477e+07 0.0173102
4.70137e+07 4.60857e+06 2.88099 0.233778 1.32773e+07 0.0173122
4.71945e+07 4.56428e+06 2.87207 0.233911 1.31089e+07 0.0173143
4.7376e+07 4.52041e+06 2.86317 0.234045 1.29427e+07 0.0173163
4.75582e+07 4.47696e+06 2.85431 0.234178 1.27786e+07 0.0173183
4.77412e+07 4.43393e+06 2.84547 0.234311 1.26166e+07 0.0173204
4.79248e+07 4.39131e+06 2.83666 0.234445 1.24566e+07 0.0173224
4.81091e+07 4.3491e+06 2.82787 0.234578 1.22987e+07 0.0173245
4.82942e+07 4.3073e+06 2.81911 0.234712 1.21428e+07 0.0173265
4.84799e+07 4.26589e+06 2.81038 0.234845 1.19888e+07 0.0173285
4.86664e+07 4.22488e+06 2.80168 0.234978 1.18368e+07 0.0173306
4.88536e+07 4.18427e+06 2.793 0.235112 1.16867e+07 0.0173326
4.90415e+07 4.14404e+06 2.78435 0.235245 1.15385e+07 0.0173347
4.92301e+07 4.1042e+06 2.77572 0.235378 1.13921e+07 0.0173367
4.94195e+07 4.06475e+06 2.76712 0.235512 1.12477e+07 0.0173387
4.96095e+07 4.02567e+06 2.75855 0.235645 1.1105e+07 0.0173408
4.98004e+07 3.98696e+06 2.75 0.235779 1.09642e+07 0.0173428
4.99919e+07 3.94863e+06 2.74148 0.235912 1.08251e+07 0.0173448
5.01842e+07 3.91066e+06 2.73299 0.236045 1.06878e+07 0.0173469
5.03772e+07 3.87306e+06 2.72452 0.236179 1.05522e+07 0.0173489
5.0571e+07 3.83582e+06 2.71608 0.236312 1.04184e+07 0.0173509
5.07655e+07 3.79894e+06 2.70766 0.236445 1.02862e+07 0.017353
5.09607e+07 3.76241e+06 2.69927 0.236579 1.01558e+07 0.017355
5.11568e+07 3.72623e+06 2.69091 0.236712 1.00269e+07 0.017357
5.13535e+07 3.6904e+06 2.68257 0.236846 9.89974e+06 0.0173591
5.1551e+07 3.65491e+06 2.67425 0.236979 9.77415e+06 0.0173611
5.17493e+07 3.61976e+06 2.66596 0.237112 9.65015e+06 0.0173631
5.19484e+07 3.58495e+06 2.6577 0.237246 9.52772e+06 0.0173652
5.21482e+07 3.55047e+06 2.64946 0.237379 9.40684e+06 0.0173672
5.23487e+07 3.51632e+06 2.64125 0.237513 9.28749e+06 0.0173692
5.25501e+07 3.4825e+06 2.63306 0.237646 9.16965e+06 0.0173712
5.27522e+07 3.44901e+06 2.6249 0.237779 9.0533e+06 0.0173733
5.29551e+07 3.41583e+06 2.61676 0.237913 8.93843e+06 0.0173753
5.31588e+07 3.38298e+06 2.60865 0.238046 8.82501e+06 0.0173773
5.33633e+07 3.35044e+06 2.60056 0.238179 8.71302e+06 0.0173793
5.35685e+07 3.31821e+06 2.5925 0.238313 8.60246e+06 0.0173814
5.37746e+07 3.28629e+06 2.58446 0.238446 8.49329e+06 0.0173834
5.39814e+07 3.25468e+06 2.57645 0.23858 8.3855e+06 0.0173854
5.4189e+07 3.22337e+06 2.56846 0.238713 8.27908e+06 0.0173874
5.43974e+07 3.19236e+06 2.56049 0.238846 8.17401e+06 0.0173895
5.46067e+07 3.16165e+06 2.55255 0.23898 8.07027e+06 0.0173915
5.48167e+07 3.13123e+06 2.54464 0.239113 7.96784e+06 0.0173935
5.50276e+07 3.1011e+06 2.53674 0.239246 7.8667e+06 0.0173955
5.52392e+07 3.07127e+06 2.52888 0.23938 7.76685e+06 0.0173976
5.54517e+07 3.04172e+06 2.52103 0.239513 7.66826e+06 0.0173996
5.5665e+07 3.01245e+06 2.51321 0.239647 7.57092e+06 0.0174016
5.58791e+07 2.98346e+06 2.50542 0.23978 7.47482e+06 0.0174036
5.6094e+07 2.95475e+06 2.49764 0.239913 7.37993e+06 0.0174056
5.63097e+07 2.92632e+06 2.4899 0.240047 7.28624e+06 0.0174077
5.65263e+07 2.89816e+06 2.48217 0.24018 7.19374e+06 0.0174097
5.67437e+07 2.87027e+06 2.47447 0.240313 7.1024e+06 0.0174117
5.6962e+07 2.84265e+06 2.46679 0.240447 7.01223e+06 0.0174137
5.71811e+07 2.81529e+06 2.45914 0.24058 6.9232e+06 0.0174157
5.7401e+07 2.7882e+06 2.45151 0.240714 6.83529e+06 0.0174177
5.76218e+07 2.76137e+06 2.4439 0.240847 6.7485e+06 0.0174198
5.78434e+07 2.73479e+06 2.43632 0.24098 6.66281e+06 0.0174218
5.80659e+07 2.70847e+06 2.42876 0.241114 6.5782e+06 0.0174238
5.82893e+07 2.6824e+06 2.42122 0.241247 6.49467e+06 0.0174258
5.85135e+07 2.65658e+06 2.4137 0.24138 6.41219e+06 0.0174278
5.87385e+07 2.63101e+06 2.40621 0.241514 6.33076e+06 0.0174298
5.89644e+07 2.60568e+06 2.39874 0.241647 6.25036e+06 0.0174318
5.91912e+07 2.5806e+06 2.3913 0.241781 6.17097e+06 0.0174339
5.94189e+07 2.55576e+06 2.38387 0.241914 6.0926e+06 0.0174359
5.96474e+07 2.53115e+06 2.37647 0.242047 6.01521e+06 0.0174379
5.98769e+07 2.50678e+06 2.3691 0.242181 5.93881e+06 0.0174399
6.01072e+07 2.48265e+06 2.36174 0.242314 5.86337e+06 0.0174419
6.03384e+07 2.45875e+06 2.35441 0.242447 5.78889e+06 0.0174439
6.05704e+07 2.43507e+06 2.3471 0.242581 5.71536e+06 0.0174459
6.08034e+07 2.41163e+06 2.33981 0.242714 5.64275e+06 0.0174479
6.10373e+07 2.38841e+06 2.33254 0.242848 5.57107e+06 0.0174499
6.12721e+07 2.36541e+06 2.3253 0.242981 5.50029e+06 0.0174519
6.15077e+07 2.34263e+06 2.31808 0.243114 5.43041e+06 0.0174539
6.17443e+07 2.32008e+06 2.31088 0.243248 5.36141e+06 0.0174559
6.19818e+07 2.29773e+06 2.3037 0.243381 5.29329e+06 0.0174579
6.22202e+07 2.27561e+06 2.29655 0.243515 5.22603e+06 0.0174599
6.24595e+07 2.25369e+06 2.28941 0.243648 5.15963e+06 0.0174619
6.26997e+07 2.23199e+06 2.2823 0.243781 5.09406e+06 0.0174639
6.29409e+07 2.21049e+06 2.27521 0.243915 5.02933e+06 0.0174659
6.3183e+07 2.1892e+06 2.26814 0.244048 4.96542e+06 0.0174679
6.3426e+07 2.16811e+06 2.2611 0.244181 4.90231e+06 0.0174699
6.367e+07 2.14723e+06 2.25407 0.244315 4.84001e+06 0.0174719
6.39149e+07 2.12655e+06 2.24707 0.244448 4.7785e+06 0.0174739
6.41607e+07 2.10606e+06 2.24008 0.244582 4.71776e+06 0.0174759
6.44075e+07 2.08578e+06 2.23312 0.244715 4.6578e+06 0.0174779
6.46552e+07 2.06568e+06 2.22618 0.244848 4.59859e+06 0.0174799
6.49039e+07 2.04578e+06 2.21927 0.244982 4.54014e+06 0.0174819
6.51535e+07 2.02608e+06 2.21237 0.245115 4.48243e+06 0.0174839
6.54041e+07 2.00656e+06 2.20549 0.245248 4.42545e+06 0.0174859
6.56557e+07 1.98722e+06 2.19864 0.245382 4.36919e+06 0.0174879
6.59082e+07 1.96808e+06 2.1918 0.245515 4.31364e+06 0.0174899
6.61617e+07 1.94912e+06 2.18499 0.245649 4.2588e+06 0.0174919
6.64162e+07 1.93034e+06 2.1782 0.245782 4.20465e+06 0.0174939
6.66717e+07 1.91173e+06 2.17143 0.245915 4.15119e+06 0.0174959
6.69281e+07 1.89331e+06 2.16467 0.246049 4.09841e+06 0.0174979
6.71855e+07 1.87507e+06 2.15794 0.246182 4.04629e+06 0.0174999
6.74439e+07 1.857e+06 2.15123 0.246315 3.99484e+06 0.0175018
6.77034e+07 1.8391e+06 2.14454 0.246449 3.94404e+06 0.0175038
6.79638e+07 1.82138e+06 2.13788 0.246582 3.89388e+06 0.0175058
6.82252e+07 1.80383e+06 2.13123 0.246716 3.84436e+06 0.0175078
6.84876e+07 1.78644e+06 2.1246 0.246849 3.79547e+06 0.0175098
6.8751e+07 1.76922e+06 2.11799 0.246982 3.7472e+06 0.0175118
6.90154e+07 1.75217e+06 2.1114 0.247116 3.69953e+06 0.0175138
6.92809e+07 1.73528e+06 2.10484 0.247249 3.65248e+06 0.0175157
6.95474e+07 1.71855e+06 2.09829 0.247382 3.60602e+06 0.0175177
6.98149e+07 1.70199e+06 2.09176 0.247516 3.56015e+06 0.0175197
7.00834e+07 1.68558e+06 2.08525 0.247649 3.51486e+06 0.0175217
7.0353e+07 1.66933e+06 2.07877 0.247783 3.47014e+06 0.0175237
7.06236e+07 1.65324e+06 2.0723 0.247916 3.426e+06 0.0175256
7.08952e+07 1.6373e+06 2.06585 0.248049 3.38241e+06 0.0175276
7.11679e+07 1.62151e+06 2.05942 0.248183 3.33937e+06 0.0175296
7.14416e+07 1.60588e+06 2.05301 0.248316 3.29688e+06 0.0175316
7.17164e+07 1.59039e+06 2.04662 0.248449 3.25493e+06 0.0175336
7.19923e+07 1.57506e+06 2.04025 0.248583 3.21352e+06 0.0175355
7.22692e+07 1.55987e+06 2.0339 0.248716 3.17262e+06 0.0175375
7.25471e+07 1.54483e+06 2.02757 0.24885 3.13225e+06 0.0175395
7.28262e+07 1.52993e+06 2.02126 0.248983 3.09239e+06 0.0175414
7.31063e+07 1.51518e+06 2.01497 0.249116 3.05303e+06 0.0175434
7.33875e+07 1.50056e+06 2.0087 0.24925 3.01417e+06 0.0175454
7.36697e+07 1.48609e+06 2.00244 0.249383 2.97581e+06 0.0175474
7.39531e+07 1.47176e+06 1.99621 0.249517 2.93793e+06 0.0175493
7.42375e+07 1.45756e+06 1.98999 0.24965 2.90054e+06 0.0175513
7.45231e+07 1.4435e+06 1.9838 0.249783 2.86361e+06 0.0175533
7.48097e+07 1.42958e+06 1.97762 0.249917 2.82716e+06 0.0175552
7.50975e+07 1.41579e+06 1.97146 0.25005 2.79117e+06 0.0175572
7.53863e+07 1.40213e+06 1.96532 0.250183 2.75563e+06 0.0175592
7.56763e+07 1.3886e+06 1.9592 0.250317 2.72055e+06 0.0175611
7.59673e+07 1.37521e+06 1.9531 0.25045 2.68591e+06 0.0175631
7.62595e+07 1.36194e+06 1.94701 0.250584 2.65171e+06 0.0175651
7.65528e+07 1.3488e+06 1.94095 0.250717 2.61795e+06 0.017567
7.68473e+07 1.33578e+06 1.9349 0.25085 2.58461e+06 0.017569
7.71429e+07 1.3229e+06 1.92887 0.250984 2.5517e+06 0.0175709
7.74396e+07 1.31013e+06 1.92286 0.251117 2.5192e+06 0.0175729
7.77374e+07 1.29749e+06 1.91687 0.25125 2.48712e+06 0.0175749
7.80364e+07 1.28497e+06 1.9109 0.251384 2.45544e+06 0.0175768
7.83366e+07 1.27257e+06 1.90494 0.251517 2.42417e+06 0.0175788
7.86379e+07 1.26029e+06 1.89901 0.251651 2.39329e+06 0.0175807
7.89404e+07 1.24812e+06 1.89309 0.251784 2.3628e+06 0.0175827
7.9244e+07 1.23608e+06 1.88719 0.251917 2.33271e+06 0.0175846
7.95488e+07 1.22415e+06 1.8813 0.252051 2.30299e+06 0.0175866
7.98548e+07 1.21233e+06 1.87544 0.252184 2.27365e+06 0.0175885
8.01619e+07 1.20063e+06 1.86959 0.252317 2.24468e+06 0.0175905
8.04702e+07 1.18904e+06 1.86376 0.252451 2.21608e+06 0.0175924
8.07797e+07 1.17756e+06 1.85795 0.252584 2.18785e+06 0.0175944
8.10904e+07 1.16619e+06 1.85216 0.252718 2.15997e+06 0.0175963
8.14023e+07 1.15493e+06 1.84638 0.252851 2.13245e+06 0.0175983
8.17154e+07 1.14378e+06 1.84063 0.252984 2.10527e+06 0.0176002
8.20297e+07 1.13274e+06 1.83489 0.253118 2.07845e+06 0.0176022
8.23452e+07 1.1218e+06 1.82916 0.253251 2.05196e+06 0.0176041
8.2662e+07 1.11097e+06 1.82346 0.253384 2.0258e+06 0.0176061
8.29799e+07 1.10024e+06 1.81777 0.253518 1.99999e+06 0.017608
8.32991e+07 1.08962e+06 1.8121 0.253651 1.97449e+06 0.0176099
8.36195e+07 1.07909e+06 1.80645 0.253785 1.94932e+06 0.0176119
8.39411e+07 1.06867e+06 1.80081 0.253918 1.92448e+06 0.0176138
8.4264e+07 1.05835e+06 1.79519 0.254051 1.89994e+06 0.0176158
8.45881e+07 1.04813e+06 1.78959 0.254185 1.87572e+06 0.0176177
8.49134e+07 1.038e+06 1.78401 0.254318 1.85181e+06 0.0176196
8.524e+07 1.02798e+06 1.77844 0.254451 1.8282e+06 0.0176216
8.55679e+07 1.01805e+06 1.77289 0.254585 1.80489e+06 0.0176235
8.5897e+07 1.00821e+06 1.76736 0.254718 1.78187e+06 0.0176254
8.62274e+07 998474 1.76184 0.254852 1.75915e+06 0.0176274
8.6559e+07 988828 1.75634 0.254985 1.73672e+06 0.0176293
8.6892e+07 979275 1.75086 0.255118 1.71457e+06 0.0176312
8.72262e+07 969813 1.74539 0.255252 1.6927e+06 0.0176332
8.75617e+07 960443 1.73994 0.255385 1.67111e+06 0.0176351
8.78985e+07 951163 1.73451 0.255519 1.6498e+06 0.017637
8.82366e+07 941971 1.72909 0.255652 1.62876e+06 0.0176389
8.85759e+07 932869 1.72369 0.255785 1.60798e+06 0.0176409
8.89166e+07 923854 1.71831 0.255919 1.58747e+06 0.0176428
8.92586e+07 914925 1.71294 0.256052 1.56721e+06 0.0176447
8.96019e+07 906083 1.70759 0.256185 1.54722e+06 0.0176466
8.99466e+07 897325 1.70226 0.256319 1.52748e+06 0.0176485
9.02925e+07 888652 1.69694 0.256452 1.50799e+06 0.0176505
9.06398e+07 880062 1.69164 0.256586 1.48875e+06 0.0176524
9.09885e+07 871555 1.68635 0.256719 1.46975e+06 0.0176543
9.13384e+07 863130 1.68109 0.256852 1.45099e+06 0.0176562
9.16897e+07 854786 1.67583 0.256986 1.43248e+06 0.0176581
9.20424e+07 846522 1.67059 0.257119 1.4142e+06 0.01766
9.23964e+07 838337 1.66537 0.257252 1.39615e+06 0.017662
9.27518e+07 830232 1.66017 0.257386 1.37832e+06 0.0176639
9.31086e+07 822204 1.65498 0.257519 1.36073e+06 0.0176658
9.34667e+07 814254 1.64981 0.257653 1.34336e+06 0.0176677
9.38262e+07 806380 1.64465 0.257786 1.32621e+06 0.0176696
9.41871e+07 798582 1.63951 0.257919 1.30928e+06 0.0176715
9.45494e+07 790859 1.63438 0.258053 1.29256e+06 0.0176734
9.4913e+07 783210 1.62927 0.258186 1.27606e+06 0.0176753
9.52781e+07 775635 1.62418 0.258319 1.25977e+06 0.0176772
9.56445e+07 768132 1.6191 0.258453 1.24368e+06 0.0176791
9.60124e+07 760702 1.61403 0.258586 1.2278e+06 0.017681
9.63817e+07 753344 1.60898 0.25872 1.21212e+06 0.0176829
9.67524e+07 746056 1.60395 0.258853 1.19664e+06 0.0176848
9.71246e+07 738839 1.59893 0.258986 1.18135e+06 0.0176867
9.74981e+07 731691 1.59393 0.25912 1.16626e+06 0.0176886
9.78731e+07 724611 1.58894 0.259253 1.15137e+06 0.0176905
9.82496e+07 717600 1.58397 0.259386 1.13666e+06 0.0176924
9.86275e+07 710657 1.57902 0.25952 1.12214e+06 0.0176943
9.90068e+07 703780 1.57407 0.259653 1.1078e+06 0.0176962
9.93877e+07 696969 1.56915 0.259787 1.09365e+06 0.0176981
9.97699e+07 690224 1.56424 0.25992 1.07967e+06 0.0177
1.00154e+08 683544 1.55934 0.260053 1.06588e+06 0.0177019
1.00539e+08 676929 1.55446 0.260187 1.05226e+06 0.0177037
1.00926e+08 670377 1.54959 0.26032 1.03881e+06 0.0177056
1.01314e+08 663888 1.54474 0.260453 1.02553e+06 0.0177075
1.01703e+08 657461 1.5399 0.260587 1.01243e+06 0.0177094
1.02095e+08 651097 1.53508 0.26072 999487 0.0177113
1.02487e+08 644793 1.53027 0.260854 986711 0.0177132
1.02882e+08 638551 1.52548 0.260987 974098 0.017715
1.03277e+08 632368 1.5207 0.26112 961645 0.0177169
1.03674e+08 626245 1.51594 0.261254 949351 0.0177188
1.04073e+08 620181 1.51119 0.261387 937213 0.0177207
1.04474e+08 614176 1.50646 0.261521 925229 0.0177225
1.04875e+08 608228 1.50174 0.261654 913399 0.0177244
1.05279e+08 602338 1.49703 0.261787 901718 0.0177263
1.05684e+08 596504 1.49234 0.261921 890187 0.0177281
1.0609e+08 590727 1.48766 0.262054 878802 0.01773
1.06498e+08 585005 1.483 0.262187 867562 0.0177319
1.06908e+08 579338 1.47835 0.262321 856465 0.0177337
1.07319e+08 573726 1.47372 0.262454 845510 0.0177356
1.07732e+08 568168 1.4691 0.262588 834694 0.0177375
1.08146e+08 562663 1.46449 0.262721 824016 0.0177393
1.08562e+08 557212 1.4599 0.262854 813473 0.0177412
1.0898e+08 551813 1.45532 0.262988 803065 0.0177431
1.09399e+08 546466 1.45076 0.263121 792789 0.0177449
1.0982e+08 541170 1.44621 0.263254 782645 0.0177468
1.10242e+08 535926 1.44167 0.263388 772629 0.0177486
1.10666e+08 530732 1.43715 0.263521 762741 0.0177505
1.11092e+08 525588 1.43264 0.263655 752979 0.0177523
1.11519e+08 520494 1.42815 0.263788 743341 0.0177542
1.11948e+08 515449 1.42366 0.263921 733826 0.017756
1.12379e+08 510452 1.4192 0.264055 724433 0.0177579
1.12811e+08 505504 1.41474 0.264188 715159 0.0177597
1.13245e+08 500603 1.4103 0.264321 706003 0.0177616
1.1368e+08 495750 1.40588 0.264455 696963 0.0177634
1.14118e+08 490943 1.40146 0.264588 688039 0.0177652
1.14556e+08 486183 1.39706 0.264722 679229 0.0177671
1.14997e+08 481468 1.39268 0.264855 670530 0.0177689
1.15439e+08 476799 1.3883 0.264988 661943 0.0177708
1.15883e+08 472176 1.38394 0.265122 653465 0.0177726
1.16329e+08 467596 1.3796 0.265255 645095 0.0177744
1.16777e+08 463061 1.37527 0.265388 636832 0.0177763
1.17226e+08 458569 1.37095 0.265522 628674 0.0177781
1.17677e+08 454121 1.36664 0.265655 620620 0.0177799
1.18129e+08 449716 1.36235 0.265789 612668 0.0177818
1.18584e+08 445353 1.35807 0.265922 604818 0.0177836
1.1904e+08 441032 1.3538 0.266055 597068 0.0177854
1.19498e+08 436753 1.34954 0.266189 589417 0.0177872
1.19957e+08 432515 1.3453 0.266322 581864 0.0177891
1.20419e+08 428318 1.34107 0.266455 574406 0.0177909
1.20882e+08 424162 1.33686 0.266589 567044 0.0177927
1.21347e+08 420045 1.33266 0.266722 559776 0.0177945
1.21813e+08 415968 1.32847 0.266856 552600 0.0177963
1.22282e+08 411931 1.32429 0.266989 545516 0.0177981
1.22752e+08 407932 1.32012 0.267122 538522 0.0178
1.23224e+08 403973 1.31597 0.267256 531617 0.0178018
1.23698e+08 400051 1.31183 0.267389 524800 0.0178036
1.24174e+08 396167 1.30771 0.267523 518071 0.0178054
1.24652e+08 392321 1.30359 0.267656 511427 0.0178072
1.25131e+08 388511 1.29949 0.267789 504868 0.017809
1.25613e+08 384739 1.2954 0.267923 498392 0.0178108
1.26096e+08 381003 1.29133 0.268056 491999 0.0178126
1.26581e+08 377302 1.28726 0.268189 485688 0.0178144
1.27068e+08 373638 1.28321 0.268323 479457 0.0178162
1.27556e+08 370009 1.27917 0.268456 473306 0.017818
1.28047e+08 366415 1.27515 0.26859 467233 0.0178198
1.28539e+08 362856 1.27113 0.268723 461237 0.0178216
1.29034e+08 359331 1.26713 0.268856 455319 0.0178234
1.2953e+08 355840 1.26314 0.26899 449475 0.0178252
1.30028e+08 352382 1.25916 0.269123 443706 0.0178269
1.30528e+08 348958 1.2552 0.269256 438011 0.0178287
1.31031e+08 345568 1.25124 0.26939 432389 0.0178305
1.31535e+08 342209 1.2473 0.269523 426838 0.0178323
1.3204e+08 338884 1.24337 0.269657 421358 0.0178341
1.32548e+08 335590 1.23945 0.26979 415948 0.0178359
1.33058e+08 332328 1.23555 0.269923 410607 0.0178376
1.3357e+08 329098 1.23165 0.270057 405335 0.0178394
1.34084e+08 325899 1.22777 0.27019 400129 0.0178412
1.34599e+08 322730 1.2239 0.270323 394990 0.017843
1.35117e+08 319593 1.22004 0.270457 389917 0.0178447
1.35637e+08 316485 1.2162 0.27059 384909 0.0178465
1.36158e+08 313408 1.21236 0.270724 379964 0.0178483
1.36682e+08 310360 1.20854 0.270857 375083 0.01785
1.37208e+08 307342 1.20473 0.27099 370264 0.0178518
1.37736e+08 304353 1.20093 0.271124 365506 0.0178536
1.38265e+08 301393 1.19714 0.271257 360809 0.0178553
1.38797e+08 298461 1.19336 0.27139 356173 0.0178571
1.39331e+08 295558 1.1896 0.271524 351595 0.0178588
1.39867e+08 292682 1.18584 0.271657 347076 0.0178606
1.40405e+08 289835 1.1821 0.271791 342615 0.0178623
1.40945e+08 287015 1.17837 0.271924 338210 0.0178641
1.41487e+08 284222 1.17465 0.272057 333862 0.0178658
1.42031e+08 281456 1.17094 0.272191 329570 0.0178676
1.42578e+08 278717 1.16725 0.272324 325332 0.0178693
1.43126e+08 276005 1.16356 0.272457 321148 0.0178711
1.43677e+08 273318 1.15989 0.272591 317018 0.0178728
1.44229e+08 270658 1.15622 0.272724 312941 0.0178745
1.44784e+08 268023 1.15257 0.272858 308916 0.0178763
1.45341e+08 265414 1.14893 0.272991 304942 0.017878
1.459e+08 262830 1.1453 0.273124 301019 0.0178797
1.46461e+08 260271 1.14168 0.273258 297146 0.0178815
1.47024e+08 257736 1.13807 0.273391 293323 0.0178832
1.4759e+08 255227 1.13448 0.273525 289549 0.0178849
1.48157e+08 252741 1.13089 0.273658 285823 0.0178867
1.48727e+08 250279 1.12732 0.273791 282144 0.0178884
1.49299e+08 247842 1.12375 0.273925 278513 0.0178901
1.49874e+08 245427 1.1202 0.274058 274928 0.0178918
1.5045e+08 243037 1.11666 0.274191 271389 0.0178935
1.51029e+08 240669 1.11313 0.274325 267895 0.0178952
1.5161e+08 238324 1.10961 0.274458 264445 0.017897
1.52193e+08 236002 1.1061 0.274592 261040 0.0178987
1.52778e+08 233702 1.1026 0.274725 257679 0.0179004
1.53366e+08 231424 1.09911 0.274858 254360 0.0179021
1.53956e+08 229169 1.09563 0.274992 251084 0.0179038
1.54548e+08 226935 1.09216 0.275125 247850 0.0179055
1.55142e+08 224723 1.0887 0.275258 244657 0.0179072
1.55739e+08 222533 1.08526 0.275392 241505 0.0179089
1.56338e+08 220363 1.08182 0.275525 238394 0.0179106
1.56939e+08 218214 1.0784 0.275659 235322 0.0179123
1.57543e+08 216087 1.07498 0.275792 232289 0.017914
1.58149e+08 213980 1.07158 0.275925 229296 0.0179157
1.58757e+08 211893 1.06818 0.276059 226340 0.0179173
1.59368e+08 209826 1.0648 0.276192 223423 0.017919
1.59981e+08 207780 1.06143 0.276325 220543 0.0179207
1.60596e+08 205753 1.05806 0.276459 217699 0.0179224
1.61214e+08 203746 1.05471 0.276592 214892 0.0179241
1.61834e+08 201758 1.05137 0.276726 212122 0.0179257
1.62456e+08 199789 1.04803 0.276859 209386 0.0179274
1.63081e+08 197840 1.04471 0.276992 206686 0.0179291
1.63709e+08 195909 1.0414 0.277126 204020 0.0179308
1.64338e+08 193997 1.0381 0.277259 201388 0.0179324
1.6497e+08 192104 1.0348 0.277392 198790 0.0179341
1.65605e+08 190229 1.03152 0.277526 196225 0.0179358
1.66242e+08 188372 1.02825 0.277659 193693 0.0179374
1.66881e+08 186533 1.02499 0.277793 191194 0.0179391
1.67523e+08 184712 1.02174 0.277926 188726 0.0179407
1.68167e+08 182908 1.01849 0.278059 186291 0.0179424
1.68814e+08 181122 1.01526 0.278193 183886 0.017944
1.69464e+08 179353 1.01204 0.278326 181512 0.0179457
1.70115e+08 177602 1.00882 0.278459 179169 0.0179473
1.7077e+08 175867 1.00562 0.278593 176856 0.017949
1.71427e+08 174149 1.00243 0.278726 174572 0.0179506
1.72086e+08 172448 0.999244 0.27886 172317 0.0179523
1.72748e+08 170763 0.99607 0.278993 170092 0.0179539
1.73412e+08 169094 0.992906 0.279126 167895 0.0179555
1.74079e+08 167442 0.989751 0.27926 165726 0.0179572
1.74749e+08 165806 0.986606 0.279393 163585 0.0179588
1.75421e+08 164185 0.983471 0.279527 161471 0.0179604
1.76096e+08 162581 0.980345 0.27966 159385 0.017962
1.76773e+08 160991 0.977228 0.279793 157325 0.0179637
1.77453e+08 159418 0.974121 0.279927 155292 0.0179653
1.78135e+08 157859 0.971024 0.28006 153285 0.0179669
1.78821e+08 156315 0.967935 0.280193 151303 0.0179685
1.79508e+08 154787 0.964857 0.280327 149347 0.0179701
1.80199e+08 153273 0.961787 0.28046 147416 0.0179717
1.80892e+08 151774 0.958727 0.280594 145510 0.0179734
1.81588e+08 150290 0.955677 0.280727 143628 0.017975
1.82286e+08 148820 0.952635 0.28086 141771 0.0179766
1.82987e+08 147364 0.949603 0.280994 139937 0.0179782
1.83691e+08 145922 0.94658 0.281127 138127 0.0179798
1.84398e+08 144494 0.943566 0.28126 136340 0.0179814
1.85107e+08 143080 0.940562 0.281394 134576 0.0179829
1.85819e+08 141680 0.937566 0.281527 132834 0.0179845
1.86534e+08 140293 0.93458 0.281661 131115 0.0179861
1.87251e+08 138920 0.931603 0.281794 129418 0.0179877
1.87971e+08 137560 0.928635 0.281927 127743 0.0179893
1.88694e+08 136213 0.925676 0.282061 126089 0.0179909
1.8942e+08 134880 0.922725 0.282194 124457 0.0179924
1.90149e+08 133559 0.919784 0.282327 122845 0.017994
1.9088e+08 132251 0.916852 0.282461 121255 0.0179956
1.91614e+08 130956 0.913929 0.282594 119684 0.0179972
1.92351e+08 129673 0.911014 0.282728 118134 0.0179987
1.93091e+08 128403 0.908109 0.282861 116604 0.0180003
1.93834e+08 127145 0.905212 0.282994 115093 0.0180019
1.94579e+08 125899 0.902324 0.283128 113602 0.0180034
1.95328e+08 124666 0.899445 0.283261 112130 0.018005
1.96079e+08 123444 0.896575 0.283394 110677 0.0180065
1.96833e+08 122234 0.893713 0.283528 109242 0.0180081
1.9759e+08 121036 0.89086 0.283661 107826 0.0180096
1.9835e+08 119850 0.888016 0.283795 106429 0.0180112
1.99113e+08 118675 0.88518 0.283928 105049 0.0180127
1.99879e+08 117511 0.882353 0.284061 103687 0.0180142
2.00648e+08 116359 0.879535 0.284195 102342 0.0180158
2.01419e+08 115218 0.876725 0.284328 101015 0.0180173
2.02194e+08 114088 0.873924 0.284461 99704.4 0.0180188
2.02972e+08 112969 0.871131 0.284595 98411 0.0180204
2.03753e+08 111861 0.868347 0.284728 97134.2 0.0180219
2.04536e+08 110764 0.865571 0.284862 95873.8 0.0180234
2.05323e+08 109677 0.862804 0.284995 94629.7 0.0180249
2.06113e+08 108601 0.860045 0.285128 93401.6 0.0180264
2.06905e+08 107535 0.857294 0.285262 92189.2 0.018028
2.07701e+08 106480 0.854552 0.285395 90992.5 0.0180295
2.085e+08 105435 0.851818 0.285529 89811.1 0.018031
2.09302e+08 104400 0.849093 0.285662 88645 0.0180325
2.10107e+08 103375 0.846376 0.285795 87493.9 0.018034
2.10915e+08 102360 0.843667 0.285929 86357.5 0.0180355
2.11727e+08 101355 0.840966 0.286062 85235.8 0.018037
2.12541e+08 100359 0.838273 0.286195 84128.6 0.0180385
2.13358e+08 99373.7 0.835589 0.286329 83035.6 0.01804
2.14179e+08 98397.7 0.832913 0.286462 81956.7 0.0180414
2.15003e+08 97431.1 0.830245 0.286596 80891.6 0.0180429
2.1583e+08 96473.9 0.827585 0.286729 79840.3 0.0180444
2.1666e+08 95526 0.824933 0.286862 78802.5 0.0180459
2.17493e+08 94587.3 0.822289 0.286996 77778.1 0.0180474
2.1833e+08 93657.7 0.819653 0.287129 76766.9 0.0180488
2.1917e+08 92737.2 0.817025 0.287262 75768.6 0.0180503
2.20013e+08 91825.6 0.814406 0.287396 74783.3 0.0180518
2.20859e+08 90922.9 0.811794 0.287529 73810.7 0.0180532
2.21708e+08 90029 0.80919 0.287663 72850.5 0.0180547
2.22561e+08 89143.7 0.806594 0.287796 71902.8 0.0180561
2.23417e+08 88267.1 0.804006 0.287929 70967.3 0.0180576
2.24276e+08 87399 0.801426 0.288063 70043.8 0.018059
2.25139e+08 86539.3 0.798853 0.288196 69132.2 0.0180605
2.26005e+08 85688 0.796289 0.288329 68232.4 0.0180619
2.26874e+08 84845 0.793732 0.288463 67344.2 0.0180634
2.27747e+08 84010.1 0.791183 0.288596 66467.4 0.0180648
2.28623e+08 83183.4 0.788642 0.28873 65601.9 0.0180662
2.29502e+08 82364.8 0.786108 0.288863 64747.6 0.0180677
2.30385e+08 81554.1 0.783582 0.288996 63904.3 0.0180691
2.31271e+08 80751.3 0.781064 0.28913 63071.9 0.0180705
2.32161e+08 79956.3 0.778554 0.289263 62250.2 0.0180719
2.33054e+08 79169 0.776051 0.289396 61439.2 0.0180733
2.3395e+08 78389.4 0.773556 0.28953 60638.6 0.0180748
2.3485e+08 77617.4 0.771068 0.289663 59848.3 0.0180762
2.35753e+08 76852.9 0.768588 0.289797 59068.2 0.0180776
2.3666e+08 76095.8 0.766115 0.28993 58298.2 0.018079
2.3757e+08 75346.1 0.76365 0.290063 57538.1 0.0180804
2.38484e+08 74603.8 0.761192 0.290197 56787.8 0.0180818
2.39401e+08 73868.6 0.758742 0.29033 56047.2 0.0180832
2.40322e+08 73140.6 0.7563 0.290463 55316.2 0.0180845
2.41246e+08 72419.7 0.753864 0.290597 54594.6 0.0180859
2.42174e+08 71705.8 0.751436 0.29073 53882.3 0.0180873
2.43106e+08 70998.9 0.749016 0.290864 53179.3 0.0180887
2.44041e+08 70298.8 0.746603 0.290997 52485.3 0.0180901
2.44979e+08 69605.6 0.744197 0.29113 51800.2 0.0180914
2.45922e+08 68919.1 0.741798 0.291264 51124.1 0.0180928
2.46868e+08 68239.3 0.739407 0.291397 50456.6 0.0180942
2.47817e+08 67566.1 0.737023 0.291531 49797.8 0.0180955
2.4877e+08 66899.5 0.734646 0.291664 49147.5 0.0180969
2.49727e+08 66239.4 0.732277 0.291797 48505.6 0.0180982
2.50688e+08 65585.7 0.729915 0.291931 47872 0.0180996
2.51652e+08 64938.4 0.727559 0.292064 47246.5 0.0181009
2.5262e+08 64297.4 0.725211 0.292197 46629.2 0.0181023
2.53592e+08 63662.7 0.72287 0.292331 46019.9 0.0181036
2.54567e+08 63034.1 0.720537 0.292464 45418.4 0.018105
2.55546e+08 62411.7 0.71821 0.292598 44824.7 0.0181063
2.56529e+08 61795.3 0.71589 0.292731 44238.7 0.0181076
2.57516e+08 61184.9 0.713578 0.292864 43660.2 0.0181089
2.58506e+08 60580.5 0.711272 0.292998 43089.2 0.0181103
2.595e+08 59982 0.708974 0.293131 42525.7 0.0181116
2.60499e+08 59389.3 0.706682 0.293264 41969.4 0.0181129
2.615e+08 58802.4 0.704397 0.293398 41420.3 0.0181142
2.62506e+08 58221.3 0.70212 0.293531 40878.3 0.0181155
2.63516e+08 57645.8 0.699849 0.293665 40343.3 0.0181168
2.6453e+08 57075.9 0.697585 0.293798 39815.3 0.0181181
2.65547e+08 56511.6 0.695328 0.293931 39294.1 0.0181194
2.66568e+08 55952.7 0.693078 0.294065 38779.6 0.0181207
2.67594e+08 55399.4 0.690835 0.294198 38271.8 0.018122
2.68623e+08 54851.4 0.688598 0.294331 37770.6 0.0181233
2.69656e+08 54308.8 0.686368 0.294465 37275.8 0.0181245
2.70693e+08 53771.5 0.684145 0.294598 36787.5 0.0181258
2.71734e+08 53239.4 0.681929 0.294732 36305.5 0.0181271
2.7278e+08 52712.5 0.67972 0.294865 35829.7 0.0181284
2.73829e+08 52190.8 0.677517 0.294998 35360.1 0.0181296
2.74882e+08 51674.2 0.675321 0.295132 34896.6 0.0181309
2.75939e+08 51162.6 0.673131 0.295265 34439.1 0.0181321
2.77001e+08 50656 0.670948 0.295398 33987.5 0.0181334
2.78066e+08 50154.3 0.668772 0.295532 33541.8 0.0181346
2.79136e+08 49657.6 0.666603 0.295665 33101.9 0.0181359
2.80209e+08 49165.7 0.66444 0.295799 32667.6 0.0181371
2.81287e+08 48678.6 0.662283 0.295932 32239 0.0181384
2.82369e+08 48196.2 0.660133 0.296065 31816 0.0181396
2.83455e+08 47718.6 0.65799 0.296199 31398.4 0.0181408
2.84545e+08 47245.7 0.655853 0.296332 30986.2 0.018142
2.8564e+08 46777.3 0.653723 0.296465 30579.4 0.0181433
2.86738e+08 46313.6 0.651599 0.296599 30177.9 0.0181445
2.87841e+08 45854.4 0.649481 0.296732 29781.6 0.0181457
2.88948e+08 45399.6 0.64737 0.296866 29390.4 0.0181469
2.9006e+08 44949.4 0.645266 0.296999 29004.3 0.0181481
2.91175e+08 44503.5 0.643167 0.297132 28623.2 0.0181493
2.92295e+08 44061.9 0.641076 0.297266 28247 0.0181505
2.9342e+08 43624.7 0.63899 0.297399 27875.8 0.0181517
2.94548e+08 43191.8 0.636911 0.297533 27509.3 0.0181528
2.95681e+08 42763.1 0.634838 0.297666 27147.6 0.018154
2.96818e+08 42338.6 0.632771 0.297799 26790.7 0.0181552
2.9796e+08 41918.3 0.630711 0.297933 26438.3 0.0181564
2.99106e+08 41502 0.628657 0.298066 26090.5 0.0181575
3.00257e+08 41089.9 0.626609 0.298199 25747.3 0.0181587
3.01411e+08 40681.7 0.624567 0.298333 25408.5 0.0181599
3.02571e+08 40277.6 0.622532 0.298466 25074.1 0.018161
3.03735e+08 39877.4 0.620502 0.2986 24744 0.0181622
3.04903e+08 39481.2 0.618479 0.298733 24418.3 0.0181633
3.06076e+08 39088.8 0.616462 0.298866 24096.8 0.0181645
3.07253e+08 38700.2 0.614451 0.299 23779.4 0.0181656
3.08435e+08 38315.5 0.612446 0.299133 23466.2 0.0181667
3.09621e+08 37934.5 0.610448 0.299266 23157.1 0.0181679
3.10812e+08 37557.3 0.608455 0.2994 22851.9 0.018169
3.12007e+08 37183.7 0.606468 0.299533 22550.8 0.0181701
3.13207e+08 36813.9 0.604488 0.299667 22253.5 0.0181712
3.14412e+08 36447.6 0.602513 0.2998 21960.2 0.0181723
3.15621e+08 36084.9 0.600545 0.299933 21670.6 0.0181734
3.16835e+08 35725.8 0.598582 0.300067 21384.8 0.0181745
3.18054e+08 35370.2 0.596625 0.3002 21102.8 0.0181756
3.19277e+08 35018.1 0.594675 0.300333 20824.4 0.0181767
3.20505e+08 34669.4 0.59273 0.300467 20549.6 0.0181778
3.21738e+08 34324.2 0.590791 0.3006 20278.4 0.0181789
3.22976e+08 33982.3 0.588858 0.300734 20010.7 0.0181799
3.24218e+08 33643.8 0.58693 0.300867 19746.6 0.018181
3.25465e+08 33308.6 0.585009 0.301 19485.8 0.0181821
3.26717e+08 32976.7 0.583093 0.301134 19228.5 0.0181832
3.27973e+08 32648 0.581184 0.301267 18974.5 0.0181842
3.29235e+08 32322.6 0.57928 0.3014 18723.8 0.0181853
3.30501e+08 32000.4 0.577382 0.301534 18476.4 0.0181863
3.31772e+08 31681.3 0.575489 0.301667 18232.2 0.0181874
3.33049e+08 31365.4 0.573602 0.301801 17991.2 0.0181884
3.3433e+08 31052.5 0.571721 0.301934 17753.4 0.0181894
3.35615e+08 30742.7 0.569846 0.302067 17518.6 0.0181905
3.36906e+08 30436 0.567977 0.302201 17286.9 0.0181915
3.38202e+08 30132.3 0.566113 0.302334 17058.3 0.0181925
3.39503e+08 29831.5 0.564254 0.302467 16832.6 0.0181935
3.40809e+08 29533.7 0.562402 0.302601 16609.8 0.0181945
3.4212e+08 29238.9 0.560555 0.302734 16390 0.0181955
3.43436e+08 28946.9 0.558713 0.302868 16173 0.0181965
3.44757e+08 28657.8 0.556877 0.303001 15958.9 0.0181975
3.46083e+08 28371.5 0.555047 0.303134 15747.5 0.0181985
3.47414e+08 28088.1 0.553222 0.303268 15538.9 0.0181995
3.4875e+08 27807.4 0.551403 0.303401 15333.1 0.0182005
3.50091e+08 27529.5 0.549589 0.303535 15129.9 0.0182014
3.51438e+08 27254.3 0.547781 0.303668 14929.4 0.0182024
3.5279e+08 26981.8 0.545978 0.303801 14731.5 0.0182034
3.54147e+08 26712 0.544181 0.303935 14536.2 0.0182043
3.55509e+08 26444.9 0.542389 0.304068 14343.4 0.0182053
3.56876e+08 26180.4 0.540603 0.304201 14153.2 0.0182062
3.58249e+08 25918.4 0.538822 0.304335 13965.4 0.0182072
3.59627e+08 25659.1 0.537046 0.304468 13780.1 0.0182081
3.6101e+08 25402.3 0.535276 0.304602 13597.2 0.018209
3.62399e+08 25148 0.533511 0.304735 13416.8 0.0182099
3.63792e+08 24896.3 0.531752 0.304868 13238.6 0.0182109
3.65192e+08 24647 0.529997 0.305002 13062.8 0.0182118
3.66596e+08 24400.1 0.528248 0.305135 12889.3 0.0182127
3.68006e+08 24155.7 0.526505 0.305268 12718.1 0.0182136
3.69422e+08 23913.7 0.524767 0.305402 12549.1 0.0182145
3.70843e+08 23674.1 0.523034 0.305535 12382.3 0.0182154
3.72269e+08 23436.8 0.521306 0.305669 12217.8 0.0182163
3.73701e+08 23201.9 0.519583 0.305802 12055.3 0.0182172
3.75138e+08 22969.3 0.517866 0.305935 11895 0.018218
3.76581e+08 22738.9 0.516154 0.306069 11736.8 0.0182189
3.7803e+08 22510.9 0.514447 0.306202 11580.7 0.0182198
3.79484e+08 22285.1 0.512745 0.306335 11426.6 0.0182206
3.80943e+08 22061.5 0.511048 0.306469 11274.5 0.0182215
3.82408e+08 21840.1 0.509357 0.306602 11124.4 0.0182223
3.83879e+08 21620.9 0.50767 0.306736 10976.3 0.0182232
3.85356e+08 21403.8 0.505989 0.306869 10830.1 0.018224
3.86838e+08 21188.9 0.504313 0.307002 10685.9 0.0182248
3.88326e+08 20976.1 0.502642 0.307136 10543.5 0.0182257
3.8982e+08 20765.5 0.500976 0.307269 10403 0.0182265
3.91319e+08 20556.8 0.499315 0.307402 10264.3 0.0182273
3.92824e+08 20350.3 0.497659 0.307536 10127.5 0.0182281
3.94335e+08 20145.8 0.496008 0.307669 9992.46 0.0182289
3.95852e+08 19943.3 0.494362 0.307803 9859.19 0.0182297
3.97374e+08 19742.7 0.492721 0.307936 9727.67 0.0182305
3.98903e+08 19544.2 0.491085 0.308069 9597.87 0.0182313
4.00437e+08 19347.6 0.489454 0.308203 9469.78 0.0182321
4.01977e+08 19153 0.487828 0.308336 9343.37 0.0182328
4.03523e+08 18960.3 0.486207 0.308469 9218.62 0.0182336
4.05075e+08 18769.5 0.48459 0.308603 9095.51 0.0182344
4.06633e+08 18580.6 0.482979 0.308736 8974.02 0.0182351
4.08197e+08 18393.5 0.481372 0.30887 8854.12 0.0182359
4.09768e+08 18208.3 0.479771 0.309003 8735.8 0.0182366
4.11344e+08 18024.9 0.478174 0.309136 8619.04 0.0182374
4.12926e+08 17843.3 0.476582 0.30927 8503.81 0.0182381
4.14514e+08 17663.5 0.474995 0.309403 8390.09 0.0182388
4.16108e+08 17485.5 0.473413 0.309537 8277.87 0.0182395
4.17709e+08 17309.3 0.471835 0.30967 8167.12 0.0182402
4.19315e+08 17134.8 0.470262 0.309803 8057.84 0.0182409
4.20928e+08 16962 0.468694 0.309937 7949.99 0.0182416
4.22547e+08 16790.9 0.467131 0.31007 7843.56 0.0182423
4.24173e+08 16621.5 0.465572 0.310203 7738.53 0.018243
4.25804e+08 16453.8 0.464019 0.310337 7634.88 0.0182437
4.27442e+08 16287.8 0.462469 0.31047 7532.6 0.0182444
4.29086e+08 16123.4 0.460925 0.310604 7431.66 0.018245
4.30736e+08 15960.6 0.459385 0.310737 7332.05 0.0182457
4.32393e+08 15799.4 0.45785 0.31087 7233.76 0.0182464
4.34056e+08 15639.8 0.45632 0.311004 7136.76 0.018247
4.35726e+08 15481.8 0.454794 0.311137 7041.04 0.0182477
4.37402e+08 15325.4 0.453273 0.31127 6946.58 0.0182483
4.39084e+08 15170.5 0.451756 0.311404 6853.36 0.0182489
4.40773e+08 15017.1 0.450244 0.311537 6761.38 0.0182495
4.42468e+08 14865.3 0.448736 0.311671 6670.61 0.0182502
4.4417e+08 14715 0.447234 0.311804 6581.03 0.0182508
4.45878e+08 14566.1 0.445735 0.311937 6492.64 0.0182514
4.47593e+08 14418.8 0.444241 0.312071 6405.41 0.018252
4.49315e+08 14272.8 0.442752 0.312204 6319.33 0.0182526
4.51043e+08 14128.4 0.441267 0.312337 6234.39 0.0182531
4.52778e+08 13985.3 0.439787 0.312471 6150.57 0.0182537
4.54519e+08 13843.7 0.438311 0.312604 6067.86 0.0182543
4.56268e+08 13703.5 0.43684 0.312738 5986.24 0.0182549
4.58023e+08 13564.7 0.435373 0.312871 5905.7 0.0182554
4.59784e+08 13427.2 0.433911 0.313004 5826.22 0.018256
4.61553e+08 13291.1 0.432452 0.313138 5747.79 0.0182565
4.63328e+08 13156.4 0.430999 0.313271 5670.4 0.018257
4.6511e+08 13023 0.42955 0.313404 5594.03 0.0182576
4.66899e+08 12890.9 0.428105 0.313538 5518.67 0.0182581
4.68695e+08 12760.2 0.426664 0.313671 5444.31 0.0182586
4.70498e+08 12630.7 0.425228 0.313805 5370.93 0.0182591
4.72307e+08 12502.5 0.423796 0.313938 5298.52 0.0182596
4.74124e+08 12375.6 0.422369 0.314071 5227.07 0.0182601
4.75948e+08 12249.9 0.420946 0.314205 5156.56 0.0182606
4.77778e+08 12125.5 0.419527 0.314338 5086.99 0.0182611
4.79616e+08 12002.4 0.418113 0.314471 5018.34 0.0182615
4.81461e+08 11880.4 0.416702 0.314605 4950.6 0.018262
4.83313e+08 11759.7 0.415296 0.314738 4883.75 0.0182625
4.85172e+08 11640.2 0.413895 0.314872 4817.8 0.0182629
4.87038e+08 11521.8 0.412497 0.315005 4752.71 0.0182634
4.88911e+08 11404.6 0.411104 0.315138 4688.49 0.0182638
4.90791e+08 11288.6 0.409715 0.315272 4625.11 0.0182642
4.92679e+08 11173.8 0.40833 0.315405 4562.58 0.0182646
4.94574e+08 11060.1 0.406949 0.315539 4500.88 0.0182651
4.96476e+08 10947.5 0.405573 0.315672 4440 0.0182655
4.98386e+08 10836 0.4042 0.315805 4379.92 0.0182659
5.00303e+08 10725.7 0.402832 0.315939 4320.64 0.0182663
5.02227e+08 10616.4 0.401468 0.316072 4262.14 0.0182666
5.04159e+08 10508.2 0.400108 0.316205 4204.43 0.018267
5.06098e+08 10401.1 0.398753 0.316339 4147.48 0.0182674
5.08045e+08 10295.1 0.397401 0.316472 4091.28 0.0182678
5.09999e+08 10190.1 0.396053 0.316606 4035.83 0.0182681
5.1196e+08 10086.2 0.39471 0.316739 3981.12 0.0182685
5.1393e+08 9983.31 0.39337 0.316872 3927.14 0.0182688
5.15906e+08 9881.44 0.392035 0.317006 3873.87 0.0182691
5.17891e+08 9780.59 0.390703 0.317139 3821.31 0.0182695
5.19883e+08 9680.74 0.389376 0.317272 3769.45 0.0182698
5.21882e+08 9581.89 0.388053 0.317406 3718.28 0.0182701
5.2389e+08 9484.02 0.386733 0.317539 3667.79 0.0182704
5.25905e+08 9387.13 0.385418 0.317673 3617.97 0.0182707
5.27927e+08 9291.2 0.384107 0.317806 3568.81 0.018271
5.29958e+08 9196.23 0.382799 0.317939 3520.31 0.0182712
5.31996e+08 9102.21 0.381496 0.318073 3472.45 0.0182715
5.34043e+08 9009.12 0.380196 0.318206 3425.23 0.0182718
5.36097e+08 8916.96 0.378901 0.318339 3378.64 0.018272
5.38159e+08 8825.73 0.377609 0.318473 3332.67 0.0182723
5.40229e+08 8735.4 0.376321 0.318606 3287.32 0.0182725
5.42306e+08 8645.97 0.375037 0.31874 3242.56 0.0182727
5.44392e+08 8557.44 0.373757 0.318873 3198.41 0.0182729
5.46486e+08 8469.79 0.372481 0.319006 3154.84 0.0182732
5.48588e+08 8383.02 0.371209 0.31914 3111.85 0.0182734
5.50698e+08 8297.11 0.369941 0.319273 3069.44 0.0182736
5.52816e+08 8212.06 0.368676 0.319406 3027.59 0.0182737
5.54943e+08 8127.86 0.367415 0.31954 2986.3 0.0182739
5.57077e+08 8044.5 0.366158 0.319673 2945.56 0.0182741
5.5922e+08 7961.98 0.364905 0.319807 2905.37 0.0182743
5.61371e+08 7880.28 0.363656 0.31994 2865.71 0.0182744
5.6353e+08 7799.39 0.36241 0.320073 2826.58 0.0182746
5.65697e+08 7719.32 0.361169 0.320207 2787.98 0.0182747
5.67873e+08 7640.05 0.359931 0.32034 2749.89 0.0182748
5.70057e+08 7561.57 0.358696 0.320473 2712.31 0.0182749
5.7225e+08 7483.87 0.357466 0.320607 2675.23 0.0182751
5.74451e+08 7406.95 0.356239 0.32074 2638.64 0.0182752
5.76661e+08 7330.81 0.355016 0.320874 2602.55 0.0182753
5.78879e+08 7255.42 0.353796 0.321007 2566.94 0.0182753
5.81105e+08 7180.79 0.35258 0.32114 2531.81 0.0182754
5.8334e+08 7106.91 0.351368 0.321274 2497.14 0.0182755
5.85584e+08 7033.76 0.35016 0.321407 2462.94 0.0182756
5.87836e+08 6961.35 0.348955 0.321541 2429.2 0.0182756
5.90097e+08 6889.67 0.347754 0.321674 2395.91 0.0182757
5.92367e+08 6818.7 0.346557 0.321807 2363.07 0.0182757
5.94645e+08 6748.44 0.345363 0.321941 2330.66 0.0182757
5.96933e+08 6678.89 0.344172 0.322074 2298.69 0.0182757
5.99229e+08 6610.04 0.342986 0.322207 2267.15 0.0182757
6.01533e+08 6541.88 0.341803 0.322341 2236.03 0.0182757
6.03847e+08 6474.4 0.340623 0.322474 2205.33 0.0182757
6.0617e+08 6407.6 0.339447 0.322608 2175.04 0.0182757
6.08501e+08 6341.46 0.338275 0.322741 2145.16 0.0182757
6.10842e+08 6276 0.337106 0.322874 2115.68 0.0182756
6.13191e+08 6211.19 0.335941 0.323008 2086.59 0.0182756
6.1555e+08 6147.03 0.334779 0.323141 2057.9 0.0182755
6.17917e+08 6083.51 0.333621 0.323274 2029.59 0.0182755
6.20294e+08 6020.63 0.332466 0.323408 2001.66 0.0182754
6.2268e+08 5958.39 0.331315 0.323541 1974.1 0.0182753
6.25075e+08 5896.77 0.330167 0.323675 1946.92 0.0182752
6.27479e+08 5835.76 0.329023 0.323808 1920.1 0.0182751
6.29892e+08 5775.38 0.327882 0.323941 1893.64 0.018275
6.32315e+08 5715.6 0.326745 0.324075 1867.54 0.0182749
6.34747e+08 5656.42 0.325611 0.324208 1841.79 0.0182748
6.37189e+08 5597.83 0.32448 0.324341 1816.39 0.0182746
6.3964e+08 5539.84 0.323353 0.324475 1791.32 0.0182745
6.421e+08 5482.43 0.322229 0.324608 1766.6 0.0182743
6.4457e+08 5425.59 0.321109 0.324742 1742.21 0.0182741
6.47049e+08 5369.33 0.319992 0.324875 1718.14 0.018274
6.49537e+08 5313.64 0.318879 0.325008 1694.41 0.0182738
6.52036e+08 5258.5 0.317768 0.325142 1670.99 0.0182736
6.54544e+08 5203.93 0.316662 0.325275 1647.88 0.0182734
6.57061e+08 5149.9 0.315558 0.325408 1625.09 0.0182731
6.59589e+08 5096.41 0.314458 0.325542 1602.61 0.0182729
6.62125e+08 5043.47 0.313361 0.325675 1580.43 0.0182727
6.64672e+08 4991.06 0.312268 0.325809 1558.55 0.0182724
6.67229e+08 4939.18 0.311178 0.325942 1536.96 0.0182722
6.69795e+08 4887.82 0.310091 0.326075 1515.67 0.0182719
6.72371e+08 4836.98 0.309007 0.326209 1494.66 0.0182716
6.74957e+08 4786.65 0.307927 0.326342 1473.94 0.0182713
6.77554e+08 4736.83 0.30685 0.326475 1453.5 0.018271
6.8016e+08 4687.51 0.305776 0.326609 1433.33 0.0182707
6.82776e+08 4638.69 0.304706 0.326742 1413.44 0.0182704
6.85402e+08 4590.37 0.303638 0.326876 1393.81 0.0182701
6.88038e+08 4542.53 0.302574 0.327009 1374.45 0.0182698
6.90685e+08 4495.17 0.301513 0.327142 1355.35 0.0182694
6.93341e+08 4448.3 0.300456 0.327276 1336.52 0.018269
6.96008e+08 4401.89 0.299401 0.327409 1317.93 0.0182687
6.98685e+08 4355.96 0.29835 0.327543 1299.6 0.0182683
7.01372e+08 4310.49 0.297302 0.327676 1281.52 0.0182679
7.0407e+08 4265.48 0.296257 0.327809 1263.68 0.0182675
7.06778e+08 4220.93 0.295215 0.327943 1246.08 0.0182671
7.09497e+08 4176.83 0.294177 0.328076 1228.73 0.0182667
7.12226e+08 4133.17 0.293141 0.328209 1211.6 0.0182662
7.14965e+08 4089.96 0.292109 0.328343 1194.71 0.0182658
7.17715e+08 4047.18 0.29108 0.328476 1178.05 0.0182654
7.20475e+08 4004.84 0.290054 0.32861 1161.62 0.0182649
7.23247e+08 3962.93 0.289031 0.328743 1145.41 0.0182644
7.26028e+08 3921.44 0.288011 0.328876 1129.42 0.0182639
7.28821e+08 3880.37 0.286994 0.32901 1113.64 0.0182634
7.31624e+08 3839.71 0.285981 0.329143 1098.08 0.0182629
7.34438e+08 3799.47 0.28497 0.329276 1082.74 0.0182624
7.37263e+08 3759.64 0.283962 0.32941 1067.6 0.0182619
7.40099e+08 3720.21 0.282958 0.329543 1052.66 0.0182613
7.42946e+08 3681.19 0.281956 0.329677 1037.93 0.0182608
7.45803e+08 3642.55 0.280958 0.32981 1023.4 0.0182602
7.48672e+08 3604.32 0.279963 0.329943 1009.07 0.0182596
7.51551e+08 3566.46 0.27897 0.330077 994.937 0.0182591
7.54442e+08 3529 0.277981 0.33021 980.993 0.0182585
7.57344e+08 3491.91 0.276994 0.330343 967.24 0.0182579
7.60257e+08 3455.2 0.276011 0.330477 953.674 0.0182572
7.63181e+08 3418.87 0.275031 0.33061 940.292 0.0182566
7.66116e+08 3382.9 0.274053 0.330744 927.094 0.018256
7.69063e+08 3347.3 0.273079 0.330877 914.075 0.0182553
7.72021e+08 3312.06 0.272107 0.33101 901.235 0.0182547
7.74991e+08 3277.18 0.271138 0.331144 888.569 0.018254
7.77971e+08 3242.65 0.270173 0.331277 876.077 0.0182533
7.80964e+08 3208.48 0.26921 0.33141 863.755 0.0182526
7.83968e+08 3174.65 0.26825 0.331544 851.601 0.0182519
7.86983e+08 3141.17 0.267293 0.331677 839.614 0.0182512
7.9001e+08 3108.03 0.266339 0.331811 827.791 0.0182504
7.93049e+08 3075.23 0.265388 0.331944 816.129 0.0182497
7.96099e+08 3042.76 0.26444 0.332077 804.627 0.0182489
7.99161e+08 3010.63 0.263494 0.332211 793.283 0.0182482
8.02235e+08 2978.82 0.262552 0.332344 782.094 0.0182474
8.0532e+08 2947.33 0.261612 0.332477 771.058 0.0182466
8.08418e+08 2916.17 0.260675 0.332611 760.173 0.0182458
8.11527e+08 2885.32 0.259741 0.332744 749.437 0.018245
8.14649e+08 2854.79 0.25881 0.332878 738.849 0.0182441
8.17782e+08 2824.57 0.257882 0.333011 728.406 0.0182433
8.20927e+08 2794.66 0.256956 0.333144 718.106 0.0182424
8.24085e+08 2765.06 0.256034 0.333278 707.948 0.0182416
8.27255e+08 2735.76 0.255114 0.333411 697.929 0.0182407
8.30437e+08 2706.75 0.254197 0.333545 688.047 0.0182398
8.33631e+08 2678.05 0.253282 0.333678 678.302 0.0182389
8.36837e+08 2649.63 0.252371 0.333811 668.69 0.018238
8.40056e+08 2621.51 0.251462 0.333945 659.21 0.0182371
8.43287e+08 2593.68 0.250556 0.334078 649.861 0.0182361
8.4653e+08 2566.13 0.249652 0.334211 640.64 0.0182352
8.49786e+08 2538.86 0.248752 0.334345 631.547 0.0182342
8.53055e+08 2511.87 0.247854 0.334478 622.578 0.0182332
8.56336e+08 2485.16 0.246959 0.334612 613.733 0.0182322
8.5963e+08 2458.72 0.246067 0.334745 605.01 0.0182312
8.62936e+08 2432.56 0.245177 0.334878 596.407 0.0182302
8.66255e+08 2406.66 0.24429 0.335012 587.923 0.0182292
8.69587e+08 2381.03 0.243406 0.335145 579.555 0.0182281
8.72932e+08 2355.66 0.242524 0.335278 571.303 0.0182271
8.76289e+08 2330.55 0.241645 0.335412 563.165 0.018226
8.7966e+08 2305.7 0.240769 0.335545 555.139 0.0182249
8.83043e+08 2281.1 0.239895 0.335679 547.224 0.0182238
8.8644e+08 2256.75 0.239024 0.335812 539.419 0.0182227
8.89849e+08 2232.66 0.238156 0.335945 531.721 0.0182216
8.93272e+08 2208.81 0.23729 0.336079 524.13 0.0182205
8.96708e+08 2185.21 0.236427 0.336212 516.643 0.0182193
9.00157e+08 2161.85 0.235567 0.336345 509.261 0.0182182
9.03619e+08 2138.74 0.234709 0.336479 501.98 0.018217
9.07095e+08 2115.85 0.233854 0.336612 494.8 0.0182158
9.10583e+08 2093.21 0.233001 0.336746 487.72 0.0182146
9.14086e+08 2070.8 0.232151 0.336879 480.738 0.0182134
9.17602e+08 2048.62 0.231304 0.337012 473.852 0.0182122
9.21131e+08 2026.66 0.230459 0.337146 467.062 0.0182109
9.24674e+08 2004.94 0.229616 0.337279 460.366 0.0182097
9.28231e+08 1983.43 0.228777 0.337412 453.763 0.0182084
9.31801e+08 1962.15 0.227939 0.337546 447.252 0.0182071
9.35385e+08 1941.09 0.227105 0.337679 440.831 0.0182058
9.38983e+08 1920.25 0.226273 0.337813 434.499 0.0182045
9.42594e+08 1899.62 0.225443 0.337946 428.256 0.0182032
9.4622e+08 1879.2 0.224616 0.338079 422.099 0.0182019
9.49859e+08 1859 0.223791 0.338213 416.027 0.0182005
9.53513e+08 1839 0.222969 0.338346 410.04 0.0181992
9.5718e+08 1819.21 0.22215 0.338479 404.137 0.0181978
9.60862e+08 1799.62 0.221333 0.338613 398.315 0.0181964
9.64557e+08 1780.24 0.220518 0.338746 392.575 0.018195
9.68267e+08 1761.06 0.219706 0.33888 386.915 0.0181936
9.71992e+08 1742.07 0.218896 0.339013 381.333 0.0181921
9.7573e+08 1723.28 0.218089 0.339146 375.83 0.0181907
9.79483e+08 1704.69 0.217285 0.33928 370.403 0.0181892
9.83251e+08 1686.29 0.216482 0.339413 365.052 0.0181877
9.87032e+08 1668.08 0.215682 0.339547 359.775 0.0181862
9.90829e+08 1650.06 0.214885 0.33968 354.573 0.0181847
9.9464e+08 1632.22 0.21409 0.339813 349.443 0.0181832
9.98466e+08 1614.57 0.213298 0.339947 344.384 0.0181817
1.00231e+09 1597.1 0.212507 0.34008 339.397 0.0181801
1.00616e+09 1579.82 0.21172 0.340213 334.479 0.0181785
1.01003e+09 1562.71 0.210934 0.340347 329.63 0.018177
1.01392e+09 1545.78 0.210152 0.34048 324.848 0.0181754
1.01782e+09 1529.03 0.209371 0.340614 320.134 0.0181738
1.02173e+09 1512.45 0.208593 0.340747 315.486 0.0181721
1.02566e+09 1496.04 0.207817 0.34088 310.903 0.0181705
1.02961e+09 1479.81 0.207044 0.341014 306.384 0.0181688
1.03357e+09 1463.74 0.206273 0.341147 301.929 0.0181672
1.03754e+09 1447.84 0.205504 0.34128 297.536 0.0181655
1.04153e+09 1432.1 0.204737 0.341414 293.205 0.0181638
1.04554e+09 1416.53 0.203973 0.341547 288.935 0.018162
1.04956e+09 1401.12 0.203212 0.341681 284.724 0.0181603
1.0536e+09 1385.87 0.202452 0.341814 280.573 0.0181586
1.05765e+09 1370.78 0.201695 0.341947 276.48 0.0181568
1.06172e+09 1355.85 0.20094 0.342081 272.445 0.018155
1.0658e+09 1341.07 0.200188 0.342214 268.467 0.0181532
1.0699e+09 1326.45 0.199438 0.342347 264.544 0.0181514
1.07401e+09 1311.98 0.19869 0.342481 260.677 0.0181496
1.07815e+09 1297.66 0.197944 0.342614 256.865 0.0181477
1.08229e+09 1283.49 0.197201 0.342748 253.106 0.0181459
1.08646e+09 1269.47 0.19646 0.342881 249.4 0.018144
1.09063e+09 1255.59 0.195721 0.343014 245.746 0.0181421
1.09483e+09 1241.86 0.194985 0.343148 242.144 0.0181402
1.09904e+09 1228.28 0.19425 0.343281 238.593 0.0181383
1.10327e+09 1214.83 0.193518 0.343414 235.092 0.0181364
1.10751e+09 1201.53 0.192788 0.343548 231.641 0.0181344
1.11177e+09 1188.36 0.192061 0.343681 228.238 0.0181324
1.11605e+09 1175.34 0.191336 0.343815 224.883 0.0181304
1.12034e+09 1162.44 0.190612 0.343948 221.576 0.0181284
1.12465e+09 1149.69 0.189891 0.344081 218.316 0.0181264
1.12897e+09 1137.07 0.189173 0.344215 215.102 0.0181244
1.13332e+09 1124.58 0.188456 0.344348 211.934 0.0181223
1.13768e+09 1112.22 0.187742 0.344481 208.81 0.0181203
1.14205e+09 1099.99 0.18703 0.344615 205.731 0.0181182
1.14644e+09 1087.89 0.18632 0.344748 202.695 0.0181161
1.15085e+09 1075.92 0.185612 0.344882 199.703 0.0181139
1.15528e+09 1064.07 0.184906 0.345015 196.753 0.0181118
1.15972e+09 1052.35 0.184203 0.345148 193.845 0.0181097
1.16419e+09 1040.75 0.183502 0.345282 190.978 0.0181075
1.16866e+09 1029.27 0.182802 0.345415 188.153 0.0181053
1.17316e+09 1017.91 0.182105 0.345549 185.367 0.0181031
1.17767e+09 1006.67 0.18141 0.345682 182.621 0.0181009
1.1822e+09 995.553 0.180718 0.345815 179.914 0.0180986
1.18675e+09 984.551 0.180027 0.345949 177.246 0.0180964
1.19131e+09 973.664 0.179339 0.346082 174.616 0.0180941
1.19589e+09 962.893 0.178652 0.346215 172.023 0.0180918
1.20049e+09 952.235 0.177968 0.346349 169.467 0.0180895
1.20511e+09 941.689 0.177286 0.346482 166.948 0.0180872
1.20975e+09 931.255 0.176605 0.346616 164.465 0.0180848
1.2144e+09 920.93 0.175927 0.346749 162.017 0.0180825
1.21907e+09 910.715 0.175251 0.346882 159.604 0.0180801
1.22376e+09 900.608 0.174578 0.347016 157.226 0.0180777
1.22847e+09 890.607 0.173906 0.347149 154.882 0.0180753
1.23319e+09 880.712 0.173236 0.347282 152.571 0.0180729
1.23793e+09 870.922 0.172568 0.347416 150.294 0.0180704
1.2427e+09 861.236 0.171903 0.347549 148.049 0.0180679
1.24748e+09 851.652 0.171239 0.347683 145.836 0.0180655
1.25227e+09 842.169 0.170578 0.347816 143.655 0.018063
1.25709e+09 832.787 0.169918 0.347949 141.506 0.0180604
1.26193e+09 823.505 0.169261 0.348083 139.387 0.0180579
1.26678e+09 814.32 0.168605 0.348216 137.299 0.0180553
1.27165e+09 805.234 0.167952 0.348349 135.24 0.0180528
1.27654e+09 796.243 0.1673 0.348483 133.212 0.0180502
1.28145e+09 787.348 0.166651 0.348616 131.212 0.0180475
1.28638e+09 778.548 0.166003 0.34875 129.241 0.0180449
1.29133e+09 769.841 0.165358 0.348883 127.299 0.0180423
1.2963e+09 761.227 0.164714 0.349016 125.385 0.0180396
1.30128e+09 752.704 0.164073 0.34915 123.498 0.0180369
1.30629e+09 744.272 0.163433 0.349283 121.639 0.0180342
1.31131e+09 735.929 0.162796 0.349416 119.806 0.0180315
1.31636e+09 727.676 0.16216 0.34955 118 0.0180287
1.32142e+09 719.51 0.161527 0.349683 116.22 0.018026
1.3265e+09 711.431 0.160895 0.349817 114.466 0.0180232
1.3316e+09 703.439 0.160265 0.34995 112.737 0.0180204
1.33672e+09 695.532 0.159637 0.350083 111.033 0.0180176
1.34187e+09 687.709 0.159012 0.350217 109.354 0.0180147
1.34703e+09 679.969 0.158388 0.35035 107.699 0.0180119
1.35221e+09 672.313 0.157766 0.350483 106.068 0.018009
1.35741e+09 664.738 0.157146 0.350617 104.461 0.0180061
1.36263e+09 657.244 0.156528 0.35075 102.877 0.0180032
1.36787e+09 649.83 0.155911 0.350884 101.316 0.0180002
1.37313e+09 642.495 0.155297 0.351017 99.7776 0.0179973
1.37841e+09 635.239 0.154685 0.35115 98.2617 0.0179943
1.38372e+09 628.061 0.154074 0.351284 96.7679 0.0179913
1.38904e+09 620.959 0.153465 0.351417 95.2958 0.0179883
1.39438e+09 613.934 0.152859 0.351551 93.8451 0.0179852
1.39974e+09 606.984 0.152254 0.351684 92.4156 0.0179822
1.40513e+09 600.108 0.151651 0.351817 91.0069 0.0179791
1.41053e+09 593.307 0.15105 0.351951 89.6188 0.017976
1.41596e+09 586.578 0.15045 0.352084 88.2509 0.0179729
1.4214e+09 579.922 0.149853 0.352217 86.9029 0.0179697
1.42687e+09 573.337 0.149257 0.352351 85.5747 0.0179666
1.43236e+09 566.823 0.148664 0.352484 84.2659 0.0179634
1.43787e+09 560.379 0.148072 0.352618 82.9762 0.0179602
1.4434e+09 554.004 0.147482 0.352751 81.7054 0.017957
1.44895e+09 547.698 0.146893 0.352884 80.4533 0.0179538
1.45452e+09 541.46 0.146307 0.353018 79.2194 0.0179505
1.46012e+09 535.289 0.145722 0.353151 78.0037 0.0179472
1.46573e+09 529.185 0.14514 0.353284 76.8057 0.0179439
1.47137e+09 523.146 0.144559 0.353418 75.6254 0.0179406
1.47703e+09 517.173 0.14398 0.353551 74.4624 0.0179372
1.48271e+09 511.264 0.143402 0.353685 73.3164 0.0179339
1.48842e+09 505.419 0.142827 0.353818 72.1874 0.0179305
1.49414e+09 499.637 0.142253 0.353951 71.0749 0.0179271
1.49989e+09 493.918 0.141681 0.354085 69.9788 0.0179236
1.50566e+09 488.261 0.141111 0.354218 68.8988 0.0179202
1.51145e+09 482.664 0.140542 0.354351 67.8348 0.0179167
1.51726e+09 477.129 0.139976 0.354485 66.7864 0.0179132
1.5231e+09 471.653 0.139411 0.354618 65.7535 0.0179097
1.52896e+09 466.237 0.138848 0.354752 64.7359 0.0179062
1.53484e+09 460.879 0.138286 0.354885 63.7333 0.0179026
1.54074e+09 455.58 0.137727 0.355018 62.7455 0.017899
1.54667e+09 450.338 0.137169 0.355152 61.7723 0.0178954
1.55261e+09 445.153 0.136613 0.355285 60.8135 0.0178918
1.55859e+09 440.025 0.136058 0.355418 59.869 0.0178882
1.56458e+09 434.952 0.135506 0.355552 58.9384 0.0178845
1.5706e+09 429.934 0.134955 0.355685 58.0216 0.0178808
1.57664e+09 424.971 0.134405 0.355819 57.1184 0.0178771
1.5827e+09 420.062 0.133858 0.355952 56.2286 0.0178734
1.58879e+09 415.206 0.133312 0.356085 55.352 0.0178696
1.5949e+09 410.404 0.132768 0.356219 54.4885 0.0178658
1.60104e+09 405.653 0.132226 0.356352 53.6378 0.017862
1.6072e+09 400.955 0.131685 0.356485 52.7997 0.0178582
1.61338e+09 396.308 0.131146 0.356619 51.9742 0.0178544
1.61958e+09 391.711 0.130609 0.356752 51.1609 0.0178505
1.62581e+09 387.165 0.130073 0.356886 50.3598 0.0178466
1.63207e+09 382.669 0.129539 0.357019 49.5706 0.0178427
1.63834e+09 378.222 0.129007 0.357152 48.7932 0.0178387
1.64464e+09 373.823 0.128476 0.357286 48.0274 0.0178348
1.65097e+09 369.472 0.127947 0.357419 47.273 0.0178308
1.65732e+09 365.17 0.12742 0.357553 46.5299 0.0178268
1.66369e+09 360.914 0.126894 0.357686 45.798 0.0178227
1.67009e+09 356.705 0.12637 0.357819 45.077 0.0178187
1.67652e+09 352.543 0.125848 0.357953 44.3668 0.0178146
1.68297e+09 348.426 0.125328 0.358086 43.6673 0.0178105
1.68944e+09 344.354 0.124808 0.358219 42.9783 0.0178064
1.69594e+09 340.327 0.124291 0.358353 42.2996 0.0178022
1.70246e+09 336.344 0.123775 0.358486 41.6311 0.0177981
1.70901e+09 332.405 0.123261 0.35862 40.9726 0.0177939
1.71558e+09 328.51 0.122749 0.358753 40.3241 0.0177896
1.72218e+09 324.657 0.122238 0.358886 39.6853 0.0177854
1.7288e+09 320.847 0.121728 0.35902 39.0562 0.0177811
1.73545e+09 317.079 0.121221 0.359153 38.4365 0.0177768
1.74213e+09 313.352 0.120715 0.359286 37.8262 0.0177725
1.74883e+09 309.667 0.12021 0.35942 37.2251 0.0177682
1.75556e+09 306.022 0.119707 0.359553 36.6331 0.0177638
1.76231e+09 302.418 0.119206 0.359687 36.05 0.0177594
1.76909e+09 298.853 0.118706 0.35982 35.4757 0.017755
1.77589e+09 295.328 0.118208 0.359953 34.9102 0.0177506
1.78272e+09 291.842 0.117712 0.360087 34.3532 0.0177461
1.78958e+09 288.395 0.117217 0.36022 33.8046 0.0177416
1.79646e+09 284.985 0.116723 0.360353 33.2644 0.0177371
1.80337e+09 281.614 0.116231 0.360487 32.7324 0.0177326
1.81031e+09 278.28 0.115741 0.36062 32.2084 0.017728
1.81727e+09 274.983 0.115252 0.360754 31.6924 0.0177234
1.82426e+09 271.723 0.114765 0.360887 31.1843 0.0177188
1.83128e+09 268.499 0.114279 0.36102 30.6839 0.0177142
1.83832e+09 265.311 0.113795 0.361154 30.1911 0.0177095
1.84539e+09 262.158 0.113313 0.361287 29.7058 0.0177048
1.85249e+09 259.04 0.112832 0.36142 29.228 0.0177001
1.85962e+09 255.958 0.112352 0.361554 28.7574 0.0176954
1.86677e+09 252.909 0.111874 0.361687 28.294 0.0176906
1.87395e+09 249.895 0.111398 0.361821 27.8377 0.0176858
1.88116e+09 246.914 0.110923 0.361954 27.3884 0.017681
1.88839e+09 243.966 0.11045 0.362087 26.946 0.0176761
1.89565e+09 241.052 0.109978 0.362221 26.5103 0.0176713
1.90295e+09 238.17 0.109507 0.362354 26.0813 0.0176664
1.91027e+09 235.32 0.109038 0.362487 25.6589 0.0176614
1.91761e+09 232.502 0.108571 0.362621 25.243 0.0176565
1.92499e+09 229.716 0.108105 0.362754 24.8335 0.0176515
1.93239e+09 226.961 0.107641 0.362888 24.4303 0.0176465
1.93983e+09 224.237 0.107178 0.363021 24.0332 0.0176415
1.94729e+09 221.544 0.106716 0.363154 23.6423 0.0176364
1.95478e+09 218.881 0.106256 0.363288 23.2574 0.0176314
1.96229e+09 216.247 0.105798 0.363421 22.8785 0.0176262
1.96984e+09 213.644 0.105341 0.363555 22.5054 0.0176211
1.97742e+09 211.069 0.104885 0.363688 22.1381 0.017616
1.98502e+09 208.524 0.104431 0.363821 21.7764 0.0176108
1.99266e+09 206.007 0.103979 0.363955 21.4203 0.0176055
2.00032e+09 203.519 0.103527 0.364088 21.0698 0.0176003
2.00802e+09 201.059 0.103078 0.364221 20.7247 0.017595
2.01574e+09 198.626 0.102629 0.364355 20.3849 0.0175897
2.02349e+09 196.222 0.102183 0.364488 20.0504 0.0175844
2.03128e+09 193.844 0.101737 0.364622 19.7211 0.0175791
2.03909e+09 191.493 0.101293 0.364755 19.3969 0.0175737
2.04693e+09 189.169 0.100851 0.364888 19.0778 0.0175683
2.05481e+09 186.871 0.10041 0.365022 18.7636 0.0175628
2.06271e+09 184.599 0.0999699 0.365155 18.4544 0.0175574
2.07064e+09 182.353 0.0995317 0.365288 18.1499 0.0175519
2.07861e+09 180.132 0.0990949 0.365422 17.8502 0.0175464
2.0866e+09 177.937 0.0986594 0.365555 17.5552 0.0175408
2.09463e+09 175.767 0.0982254 0.365689 17.2648 0.0175352
2.10269e+09 173.621 0.0977928 0.365822 16.9789 0.0175296
2.11077e+09 171.5 0.0973616 0.365955 16.6975 0.017524
2.11889e+09 169.403 0.0969318 0.366089 16.4205 0.0175183
2.12704e+09 167.329 0.0965034 0.366222 16.1479 0.0175127
2.13522e+09 165.28 0.0960764 0.366355 15.8795 0.0175069
2.14344e+09 163.254 0.0956508 0.366489 15.6153 0.0175012
2.15168e+09 161.251 0.0952265 0.366622 15.3553 0.0174954
2.15996e+09 159.27 0.0948037 0.366756 15.0994 0.0174896
2.16826e+09 157.313 0.0943822 0.366889 14.8475 0.0174838
2.1766e+09 155.378 0.0939621 0.367022 14.5996 0.0174779
2.18498e+09 153.465 0.0935433 0.367156 14.3556 0.017472
2.19338e+09 151.574 0.093126 0.367289 14.1155 0.0174661
2.20182e+09 149.705 0.09271 0.367422 13.8791 0.0174602
2.21028e+09 147.857 0.0922953 0.367556 13.6465 0.0174542
2.21879e+09 146.03 0.091882 0.367689 13.4175 0.0174482
2.22732e+09 144.224 0.0914701 0.367823 13.1922 0.0174421
2.23589e+09 142.439 0.0910595 0.367956 12.9705 0.0174361
2.24449e+09 140.675 0.0906502 0.368089 12.7522 0.01743
2.25312e+09 138.931 0.0902423 0.368223 12.5375 0.0174238
2.26179e+09 137.207 0.0898357 0.368356 12.3261 0.0174177
2.27049e+09 135.503 0.0894305 0.368489 12.1181 0.0174115
2.27922e+09 133.819 0.0890266 0.368623 11.9134 0.0174053
2.28798e+09 132.154 0.088624 0.368756 11.712 0.017399
2.29679e+09 130.508 0.0882228 0.36889 11.5138 0.0173927
2.30562e+09 128.882 0.0878228 0.369023 11.3188 0.0173864
2.31449e+09 127.274 0.0874242 0.369156 11.1268 0.0173801
2.32339e+09 125.685 0.0870269 0.36929 10.938 0.0173737
2.33233e+09 124.114 0.0866309 0.369423 10.7521 0.0173673
2.3413e+09 122.561 0.0862363 0.369557 10.5692 0.0173609
2.3503e+09 121.027 0.0858429 0.36969 10.3893 0.0173544
2.35934e+09 119.51 0.0854508 0.369823 10.2123 0.0173479
2.36842e+09 118.011 0.08506 0.369957 10.0381 0.0173414
2.37753e+09 116.53 0.0846706 0.37009 9.86664 0.0173348
2.38667e+09 115.065 0.0842824 0.370223 9.69799 0.0173283
2.39585e+09 113.618 0.0838955 0.370357 9.53206 0.0173216
2.40507e+09 112.188 0.0835098 0.37049 9.3688 0.017315
2.41432e+09 110.774 0.0831255 0.370624 9.20817 0.0173083
2.4236e+09 109.377 0.0827425 0.370757 9.05013 0.0173016
2.43292e+09 107.996 0.0823607 0.37089 8.89465 0.0172949
2.44228e+09 106.632 0.0819802 0.371024 8.74168 0.0172881
2.45168e+09 105.283 0.0816009 0.371157 8.59119 0.0172813
2.46111e+09 103.95 0.0812229 0.37129 8.44314 0.0172744
2.47057e+09 102.633 0.0808462 0.371424 8.29748 0.0172676
2.48008e+09 101.331 0.0804708 0.371557 8.1542 0.0172607
2.48961e+09 100.045 0.0800966 0.371691 8.01324 0.0172537
2.49919e+09 98.7733 0.0797236 0.371824 7.87457 0.0172467
2.5088e+09 97.5169 0.0793519 0.371957 7.73816 0.0172397
2.51845e+09 96.2753 0.0789815 0.372091 7.60397 0.0172327
2.52814e+09 95.0484 0.0786123 0.372224 7.47197 0.0172256
2.53786e+09 93.8359 0.0782443 0.372357 7.34212 0.0172185
2.54762e+09 92.6377 0.0778776 0.372491 7.2144 0.0172114
2.55742e+09 91.4537 0.0775121 0.372624 7.08876 0.0172042
2.56726e+09 90.2837 0.0771478 0.372758 6.96519 0.017197
2.57713e+09 89.1275 0.0767848 0.372891 6.84363 0.0171898
2.58705e+09 87.985 0.0764229 0.373024 6.72407 0.0171825
2.597e+09 86.856 0.0760623 0.373158 6.60647 0.0171752
2.60699e+09 85.7405 0.075703 0.373291 6.49081 0.0171679
2.61701e+09 84.6382 0.0753448 0.373424 6.37705 0.0171606
2.62708e+09 83.549 0.0749879 0.373558 6.26516 0.0171532
2.63718e+09 82.4727 0.0746321 0.373691 6.15511 0.0171457
2.64733e+09 81.4093 0.0742776 0.373825 6.04688 0.0171383
2.65751e+09 80.3585 0.0739243 0.373958 5.94044 0.0171308
2.66773e+09 79.3202 0.0735721 0.374091 5.83576 0.0171232
2.67799e+09 78.2944 0.0732212 0.374225 5.73281 0.0171157
2.68829e+09 77.2807 0.0728715 0.374358 5.63156 0.017108
2.69863e+09 76.2792 0.0725229 0.374491 5.53199 0.0171004
2.70901e+09 75.2897 0.0721756 0.374625 5.43408 0.0170927
2.71943e+09 74.312 0.0718294 0.374758 5.33779 0.017085
2.72989e+09 73.3461 0.0714844 0.374892 5.2431 0.0170773
2.74039e+09 72.3917 0.0711406 0.375025 5.14999 0.0170695
2.75093e+09 71.4488 0.070798 0.375158 5.05843 0.0170617
2.76151e+09 70.5172 0.0704565 0.375292 4.9684 0.0170539
2.77213e+09 69.5968 0.0701162 0.375425 4.87987 0.017046
2.7828e+09 68.6875 0.0697771 0.375559 4.79282 0.0170381
2.7935e+09 67.7892 0.0694392 0.375692 4.70722 0.0170301
2.80424e+09 66.9016 0.0691024 0.375825 4.62306 0.0170221
2.81503e+09 66.0248 0.0687668 0.375959 4.54031 0.0170141
2.82586e+09 65.1586 0.0684323 0.376092 4.45895 0.0170061
2.83673e+09 64.3029 0.068099 0.376225 4.37896 0.016998
2.84764e+09 63.4575 0.0677668 0.376359 4.30031 0.0169898
2.85859e+09 62.6223 0.0674358 0.376492 4.22298 0.0169817
2.86959e+09 61.7973 0.0671059 0.376626 4.14696 0.0169735
2.88062e+09 60.9823 0.0667772 0.376759 4.07222 0.0169653
2.8917e+09 60.1771 0.0664496 0.376892 3.99875 0.016957
2.90283e+09 59.3818 0.0661232 0.377026 3.92651 0.0169487
2.91399e+09 58.5961 0.0657978 0.377159 3.8555 0.0169403
2.9252e+09 57.82 0.0654737 0.377292 3.78569 0.016932
2.93645e+09 57.0534 0.0651506 0.377426 3.71706 0.0169235
2.94774e+09 56.2961 0.0648287 0.377559 3.6496 0.0169151
2.95908e+09 55.5481 0.0645079 0.377693 3.58329 0.0169066
2.97046e+09 54.8092 0.0641882 0.377826 3.5181 0.0168981
2.98189e+09 54.0793 0.0638696 0.377959 3.45403 0.0168895
2.99336e+09 53.3584 0.0635522 0.378093 3.39104 0.0168809
3.00487e+09 52.6463 0.0632358 0.378226 3.32913 0.0168723
3.01643e+09 51.943 0.0629206 0.378359 3.26828 0.0168636
3.02803e+09 51.2483 0.0626065 0.378493 3.20847 0.0168549
3.03968e+09 50.5621 0.0622935 0.378626 3.14969 0.0168462
3.05137e+09 49.8844 0.0619816 0.37876 3.09191 0.0168374
3.06311e+09 49.215 0.0616707 0.378893 3.03513 0.0168285
3.07489e+09 48.5539 0.061361 0.379026 2.97932 0.0168197
3.08671e+09 47.9009 0.0610524 0.37916 2.92447 0.0168108
3.09859e+09 47.256 0.0607449 0.379293 2.87056 0.0168019
3.11051e+09 46.6191 0.0604384 0.379426 2.81758 0.0167929
3.12247e+09 45.99 0.0601331 0.37956 2.76552 0.0167839
3.13448e+09 45.3688 0.0598288 0.379693 2.71436 0.0167748
3.14654e+09 44.7552 0.0595256 0.379827 2.66408 0.0167657
3.15864e+09 44.1493 0.0592235 0.37996 2.61467 0.0167566
3.17079e+09 43.5508 0.0589225 0.380093 2.56612 0.0167475
3.18298e+09 42.9599 0.0586225 0.380227 2.51842 0.0167383
3.19523e+09 42.3763 0.0583236 0.38036 2.47154 0.016729
3.20752e+09 41.7999 0.0580258 0.380493 2.42547 0.0167197
3.21985e+09 41.2308 0.057729 0.380627 2.38021 0.0167104
3.23224e+09 40.6687 0.0574334 0.38076 2.33574 0.0167011
3.24467e+09 40.1137 0.0571387 0.380894 2.29205 0.0166917
3.25715e+09 39.5656 0.0568452 0.381027 2.24911 0.0166822
3.26968e+09 39.0244 0.0565526 0.38116 2.20693 0.0166728
3.28225e+09 38.49 0.0562612 0.381294 2.16549 0.0166632
3.29488e+09 37.9623 0.0559708 0.381427 2.12478 0.0166537
3.30755e+09 37.4412 0.0556814 0.381561 2.08478 0.0166441
3.32027e+09 36.9266 0.0553931 0.381694 2.04548 0.0166345
3.33304e+09 36.4186 0.0551058 0.381827 2.00687 0.0166248
3.34586e+09 35.9169 0.0548196 0.381961 1.96895 0.0166151
3.35873e+09 35.4216 0.0545344 0.382094 1.93169 0.0166053
3.37165e+09 34.9325 0.0542502 0.382227 1.8951 0.0165955
3.38462e+09 34.4496 0.0539671 0.382361 1.85914 0.0165857
3.39764e+09 33.9728 0.053685 0.382494 1.82383 0.0165758
3.41071e+09 33.5021 0.0534039 0.382628 1.78914 0.0165659
3.42382e+09 33.0373 0.0531239 0.382761 1.75507 0.016556
3.43699e+09 32.5784 0.0528449 0.382894 1.7216 0.016546
3.45021e+09 32.1254 0.0525669 0.383028 1.68873 0.016536
3.46348e+09 31.6781 0.0522899 0.383161 1.65645 0.0165259
3.47681e+09 31.2365 0.052014 0.383294 1.62473 0.0165158
3.49018e+09 30.8006 0.051739 0.383428 1.59359 0.0165056
3.5036e+09 30.3702 0.0514651 0.383561 1.563 0.0164954
3.51708e+09 29.9453 0.0511922 0.383695 1.53296 0.0164852
3.53061e+09 29.5258 0.0509203 0.383828 1.50346 0.0164749
3.54419e+09 29.1117 0.0506494 0.383961 1.47449 0.0164646
3.55782e+09 28.7029 0.0503794 0.384095 1.44604 0.0164542
3.5715e+09 28.2994 0.0501105 0.384228 1.4181 0.0164438
3.58524e+09 27.9011 0.0498426 0.384361 1.39066 0.0164334
3.59903e+09 27.5078 0.0495757 0.384495 1.36372 0.0164229
3.61287e+09 27.1197 0.0493098 0.384628 1.33727 0.0164124
3.62677e+09 26.7365 0.0490449 0.384762 1.31129 0.0164018
3.64072e+09 26.3583 0.0487809 0.384895 1.28578 0.0163912
3.65472e+09 25.9849 0.048518 0.385028 1.26074 0.0163806
3.66878e+09 25.6164 0.048256 0.385162 1.23615 0.0163699
3.68289e+09 25.2527 0.047995 0.385295 1.212 0.0163591
3.69706e+09 24.8937 0.047735 0.385428 1.1883 0.0163484
3.71128e+09 24.5393 0.047476 0.385562 1.16503 0.0163375
3.72555e+09 24.1896 0.047218 0.385695 1.14218 0.0163267
3.73988e+09 23.8444 0.0469609 0.385829 1.11975 0.0163158
3.75426e+09 23.5036 0.0467048 0.385962 1.09773 0.0163048
3.7687e+09 23.1674 0.0464496 0.386095 1.07612 0.0162938
3.7832e+09 22.8355 0.0461955 0.386229 1.0549 0.0162828
3.79775e+09 22.5079 0.0459422 0.386362 1.03406 0.0162717
3.81236e+09 22.1847 0.04569 0.386495 1.01362 0.0162606
3.82702e+09 21.8656 0.0454387 0.386629 0.993546 0.0162494
3.84174e+09 21.5508 0.0451884 0.386762 0.973845 0.0162382
3.85652e+09 21.2401 0.044939 0.386896 0.954508 0.016227
3.87135e+09 20.9334 0.0446906 0.387029 0.935527 0.0162157
3.88624e+09 20.6308 0.0444431 0.387162 0.916898 0.0162044
3.90119e+09 20.3322 0.0441966 0.387296 0.898615 0.016193
3.91619e+09 20.0376 0.043951 0.387429 0.88067 0.0161816
3.93126e+09 19.7468 0.0437064 0.387563 0.863059 0.0161701
3.94638e+09 19.4598 0.0434627 0.387696 0.845776 0.0161586
3.96156e+09 19.1767 0.0432199 0.387829 0.828815 0.016147
3.97679e+09 18.8973 0.0429781 0.387963 0.81217 0.0161354
3.99209e+09 18.6216 0.0427372 0.388096 0.795836 0.0161238
4.00745e+09 18.3496 0.0424973 0.388229 0.779808 0.0161121
4.02286e+09 18.0812 0.0422583 0.388363 0.76408 0.0161004
4.03833e+09 17.8164 0.0420202 0.388496 0.748647 0.0160886
4.05387e+09 17.5551 0.041783 0.38863 0.733504 0.0160768
4.06946e+09 17.2973 0.0415468 0.388763 0.718645 0.0160649
4.08511e+09 17.0429 0.0413115 0.388896 0.704067 0.016053
4.10082e+09 16.7919 0.0410771 0.38903 0.689763 0.0160411
4.1166e+09 16.5443 0.0408436 0.389163 0.67573 0.0160291
4.13243e+09 16.3 0.0406111 0.389296 0.661962 0.016017
4.14832e+09 16.059 0.0403794 0.38943 0.648455 0.0160049
4.16428e+09 15.8213 0.0401487 0.389563 0.635204 0.0159928
4.1803e+09 15.5867 0.0399189 0.389697 0.622205 0.0159806
4.19638e+09 15.3553 0.03969 0.38983 0.609453 0.0159684
4.21252e+09 15.1271 0.039462 0.389963 0.596944 0.0159561
4.22872e+09 14.9019 0.0392349 0.390097 0.584673 0.0159438
4.24498e+09 14.6797 0.0390087 0.39023 0.572637 0.0159314
4.26131e+09 14.4606 0.0387834 0.390363 0.560831 0.015919
4.2777e+09 14.2445 0.0385589 0.390497 0.549251 0.0159066
4.29415e+09 14.0312 0.0383354 0.39063 0.537894 0.0158941
4.31067e+09 13.8209 0.0381128 0.390764 0.526754 0.0158815
4.32725e+09 13.6135 0.0378911 0.390897 0.515829 0.0158689
4.34389e+09 13.4088 0.0376703 0.39103 0.505115 0.0158563
4.3606e+09 13.207 0.0374503 0.391164 0.494607 0.0158436
4.37737e+09 13.0079 0.0372313 0.391297 0.484302 0.0158309
4.39421e+09 12.8116 0.0370131 0.39143 0.474197 0.0158181
4.41111e+09 12.6179 0.0367958 0.391564 0.464287 0.0158053
4.42808e+09 12.4269 0.0365794 0.391697 0.45457 0.0157924
4.44511e+09 12.2386 0.0363638 0.391831 0.445041 0.0157795
4.46221e+09 12.0528 0.0361492 0.391964 0.435698 0.0157665
4.47937e+09 11.8696 0.0359354 0.392097 0.426537 0.0157535
4.4966e+09 11.6889 0.0357225 0.392231 0.417555 0.0157405
4.5139e+09 11.5107 0.0355104 0.392364 0.408749 0.0157274
4.53126e+09 11.3349 0.0352993 0.392497 0.400115 0.0157142
4.54869e+09 11.1616 0.0350889 0.392631 0.39165 0.015701
4.56618e+09 10.9907 0.0348795 0.392764 0.383352 0.0156878
4.58374e+09 10.8222 0.0346709 0.392898 0.375216 0.0156745
4.60138e+09 10.6561 0.0344632 0.393031 0.367241 0.0156611
4.61907e+09 10.4922 0.0342563 0.393164 0.359423 0.0156477
4.63684e+09 10.3306 0.0340503 0.393298 0.35176 0.0156343
4.65467e+09 10.1713 0.0338451 0.393431 0.344249 0.0156208
4.67258e+09 10.0142 0.0336408 0.393565 0.336886 0.0156073
4.69055e+09 9.85931 0.0334373 0.393698 0.329669 0.0155937
4.70859e+09 9.70659 0.0332347 0.393831 0.322596 0.0155801
4.7267e+09 9.55602 0.0330329 0.393965 0.315663 0.0155664
4.74488e+09 9.40756 0.032832 0.394098 0.308869 0.0155527
4.76313e+09 9.2612 0.0326319 0.394231 0.302211 0.0155389
4.78145e+09 9.11689 0.0324327 0.394365 0.295685 0.0155251
4.79984e+09 8.97463 0.0322343 0.394498 0.289291 0.0155112
4.81831e+09 8.83437 0.0320367 0.394632 0.283024 0.0154973
4.83684e+09 8.69611 0.03184 0.394765 0.276884 0.0154833
4.85544e+09 8.5598 0.0316441 0.394898 0.270867 0.0154693
4.87412e+09 8.42543 0.031449 0.395032 0.264971 0.0154552
4.89286e+09 8.29297 0.0312547 0.395165 0.259195 0.0154411
4.91168e+09 8.16239 0.0310613 0.395298 0.253535 0.015427
4.93058e+09 8.03368 0.0308687 0.395432 0.24799 0.0154128
4.94954e+09 7.90681 0.030677 0.395565 0.242557 0.0153985
4.96858e+09 7.78175 0.030486 0.395699 0.237234 0.0153842
4.98769e+09 7.65848 0.0302959 0.395832 0.23202 0.0153698
5.00687e+09 7.53698 0.0301066 0.395965 0.226913 0.0153554
5.02613e+09 7.41722 0.0299181 0.396099 0.221909 0.015341
5.04546e+09 7.29919 0.0297304 0.396232 0.217008 0.0153265
5.06487e+09 7.18286 0.0295435 0.396365 0.212207 0.0153119
5.08435e+09 7.0682 0.0293574 0.396499 0.207504 0.0152973
5.10391e+09 6.95521 0.0291722 0.396632 0.202898 0.0152827
5.12354e+09 6.84384 0.0289877 0.396766 0.198387 0.0152679
5.14324e+09 6.73409 0.0288041 0.396899 0.193969 0.0152532
5.16303e+09 6.62594 0.0286212 0.397032 0.189642 0.0152384
5.18288e+09 6.51935 0.0284392 0.397166 0.185405 0.0152235
5.20282e+09 6.41432 0.0282579 0.397299 0.181255 0.0152086
5.22283e+09 6.31082 0.0280775 0.397432 0.177192 0.0151937
5.24292e+09 6.20882 0.0278978 0.397566 0.173213 0.0151787
5.26309e+09 6.10832 0.0277189 0.397699 0.169316 0.0151636
5.28333e+09 6.00929 0.0275409 0.397833 0.165501 0.0151485
5.30365e+09 5.91172 0.0273636 0.397966 0.161766 0.0151334
5.32405e+09 5.81557 0.0271871 0.398099 0.158108 0.0151181
5.34453e+09 5.72084 0.0270114 0.398233 0.154528 0.0151029
5.36508e+09 5.6275 0.0268364 0.398366 0.151022 0.0150876
5.38572e+09 5.53555 0.0266623 0.398499 0.14759 0.0150722
5.40643e+09 5.44495 0.0264889 0.398633 0.144231 0.0150568
5.42723e+09 5.35569 0.0263163 0.398766 0.140942 0.0150414
5.4481e+09 5.26775 0.0261445 0.3989 0.137723 0.0150258
5.46906e+09 5.18112 0.0259735 0.399033 0.134572 0.0150103
5.4901e+09 5.09578 0.0258032 0.399166 0.131487 0.0149947
5.51121e+09 5.0117 0.0256337 0.3993 0.128469 0.014979
5.53241e+09 4.92888 0.025465 0.399433 0.125514 0.0149633
5.55369e+09 4.8473 0.025297 0.399567 0.122622 0.0149475
5.57505e+09 4.76694 0.0251298 0.3997 0.119792 0.0149317
5.59649e+09 4.68778 0.0249634 0.399833 0.117023 0.0149158
5.61802e+09 4.60981 0.0247977 0.399967 0.114313 0.0148999
5.63963e+09 4.53301 0.0246328 0.4001 0.111661 0.0148839
5.66132e+09 4.45737 0.0244686 0.400233 0.109066 0.0148679
5.68309e+09 4.38287 0.0243052 0.400367 0.106527 0.0148518
5.70495e+09 4.30949 0.0241426 0.4005 0.104042 0.0148357
5.7269e+09 4.23722 0.0239807 0.400634 0.101612 0.0148195
5.74892e+09 4.16605 0.0238196 0.400767 0.0992334 0.0148033
5.77104e+09 4.09596 0.0236592 0.4009 0.0969069 0.014787
5.79323e+09 4.02693 0.0234995 0.401034 0.0946309 0.0147707
5.81552e+09 3.95895 0.0233406 0.401167 0.0924043 0.0147543
5.83788e+09 3.89201 0.0231825 0.4013 0.0902263 0.0147379
5.86034e+09 3.82609 0.023025 0.401434 0.0880959 0.0147214
5.88288e+09 3.76118 0.0228684 0.401567 0.086012 0.0147048
5.90551e+09 3.69726 0.0227124 0.401701 0.0839738 0.0146882
5.92822e+09 3.63433 0.0225572 0.401834 0.0819803 0.0146716
5.95102e+09 3.57236 0.0224027 0.401967 0.0800307 0.0146549
5.97391e+09 3.51135 0.022249 0.402101 0.078124 0.0146382
5.99689e+09 3.45127 0.022096 0.402234 0.0762593 0.0146213
6.01995e+09 3.39213 0.0219437 0.402367 0.0744359 0.0146045
6.04311e+09 3.3339 0.0217922 0.402501 0.0726529 0.0145876
6.06635e+09 3.27657 0.0216414 0.402634 0.0709094 0.0145706
6.08969e+09 3.22013 0.0214913 0.402768 0.0692046 0.0145536
6.11311e+09 3.16457 0.0213419 0.402901 0.0675378 0.0145365
6.13662e+09 3.10987 0.0211932 0.403034 0.0659082 0.0145194
6.16022e+09 3.05603 0.0210453 0.403168 0.064315 0.0145023
6.18392e+09 3.00303 0.0208981 0.403301 0.0627574 0.014485
6.2077e+09 2.95086 0.0207515 0.403434 0.0612348 0.0144678
6.23158e+09 2.8995 0.0206058 0.403568 0.0597464 0.0144504
6.25555e+09 2.84896 0.0204607 0.403701 0.0582915 0.014433
6.27961e+09 2.7992 0.0203163 0.403835 0.0568694 0.0144156
6.30376e+09 2.75024 0.0201726 0.403968 0.0554795 0.0143981
6.32801e+09 2.70204 0.0200297 0.404101 0.0541209 0.0143806
6.35235e+09 2.65461 0.0198874 0.404235 0.0527932 0.014363
6.37678e+09 2.60793 0.0197458 0.404368 0.0514957 0.0143453
6.40131e+09 2.56198 0.019605 0.404502 0.0502277 0.0143276
6.42593e+09 2.51677 0.0194648 0.404635 0.0489886 0.0143099
6.45065e+09 2.47228 0.0193254 0.404768 0.0477778 0.0142921
6.47546e+09 2.4285 0.0191866 0.404902 0.0465947 0.0142742
6.50036e+09 2.38542 0.0190485 0.405035 0.0454387 0.0142563
6.52537e+09 2.34303 0.0189112 0.405168 0.0443093 0.0142383
6.55046e+09 2.30131 0.0187745 0.405302 0.0432059 0.0142203
6.57566e+09 2.26027 0.0186385 0.405435 0.042128 0.0142022
6.60095e+09 2.21989 0.0185032 0.405569 0.0410749 0.0141841
6.62634e+09 2.18015 0.0183685 0.405702 0.0400462 0.0141659
6.65183e+09 2.14106 0.0182346 0.405835 0.0390414 0.0141477
6.67741e+09 2.1026 0.0181013 0.405969 0.0380599 0.0141294
6.7031e+09 2.06477 0.0179687 0.406102 0.0371013 0.0141111
6.72888e+09 2.02755 0.0178368 0.406235 0.036165 0.0140927
6.75476e+09 1.99093 0.0177056 0.406369 0.0352506 0.0140742
6.78074e+09 1.95491 0.017575 0.406502 0.0343576 0.0140557
6.80682e+09 1.91948 0.0174451 0.406636 0.0334856 0.0140372
6.833e+09 1.88463 0.0173159 0.406769 0.032634 0.0140186
6.85928e+09 1.85035 0.0171874 0.406902 0.0318026 0.0139999
6.88567e+09 1.81663 0.0170595 0.407036 0.0309907 0.0139812
6.91215e+09 1.78346 0.0169323 0.407169 0.030198 0.0139624
6.93874e+09 1.75084 0.0168057 0.407302 0.0294241 0.0139436
6.96543e+09 1.71876 0.0166798 0.407436 0.0286686 0.0139247
6.99222e+09 1.68721 0.0165546 0.407569 0.027931 0.0139058
7.01911e+09 1.65618 0.01643 0.407703 0.027211 0.0138868
7.04611e+09 1.62566 0.0163061 0.407836 0.0265082 0.0138678
7.07321e+09 1.59566 0.0161828 0.407969 0.0258222 0.0138487
7.10042e+09 1.56615 0.0160602 0.408103 0.0251527 0.0138295
7.12773e+09 1.53713 0.0159383 0.408236 0.0244992 0.0138103
7.15514e+09 1.5086 0.015817 0.408369 0.0238615 0.0137911
7.18266e+09 1.48055 0.0156963 0.408503 0.0232391 0.0137718
7.21029e+09 1.45296 0.0155763 0.408636 0.0226318 0.0137524
7.23802e+09 1.42584 0.0154569 0.40877 0.0220391 0.013733
7.26586e+09 1.39918 0.0153382 0.408903 0.0214609 0.0137135
7.29381e+09 1.37297 0.0152201 0.409036 0.0208967 0.013694
7.32186e+09 1.3472 0.0151026 0.40917 0.0203462 0.0136744
7.35002e+09 1.32186 0.0149858 0.409303 0.0198092 0.0136548
7.37829e+09 1.29696 0.0148696 0.409436 0.0192853 0.0136351
7.40667e+09 1.27247 0.0147541 0.40957 0.0187742 0.0136154
7.43516e+09 1.24841 0.0146392 0.409703 0.0182757 0.0135956
7.46376e+09 1.22475 0.0145249 0.409837 0.0177894 0.0135757
7.49247e+09 1.2015 0.0144112 0.40997 0.0173151 0.0135558
7.52129e+09 1.17865 0.0142982 0.410103 0.0168526 0.0135359
7.55022e+09 1.15619 0.0141858 0.410237 0.0164015 0.0135159
7.57926e+09 1.13411 0.014074 0.41037 0.0159615 0.0134958
7.60841e+09 1.11242 0.0139628 0.410504 0.0155325 0.0134757
7.63767e+09 1.0911 0.0138523 0.410637 0.0151142 0.0134555
7.66705e+09 1.07015 0.0137424 0.41077 0.0147064 0.0134353
7.69654e+09 1.04956 0.0136331 0.410904 0.0143087 0.013415
7.72614e+09 1.02932 0.0135244 0.411037 0.013921 0.0133947
7.75586e+09 1.00944 0.0134163 0.41117 0.013543 0.0133743
7.78569e+09 0.98991 0.0133088 0.411304 0.0131745 0.0133539
7.81564e+09 0.970717 0.0132019 0.411437 0.0128153 0.0133334
7.8457e+09 0.951859 0.0130957 0.411571 0.0124652 0.0133128
7.87587e+09 0.933332 0.01299 0.411704 0.012124 0.0132922
7.90617e+09 0.91513 0.012885 0.411837 0.0117914 0.0132716
7.93658e+09 0.897248 0.0127805 0.411971 0.0114673 0.0132509
7.9671e+09 0.879681 0.0126767 0.412104 0.0111514 0.0132301
7.99775e+09 0.862424 0.0125734 0.412237 0.0108436 0.0132093
8.02851e+09 0.845473 0.0124708 0.412371 0.0105437 0.0131884
8.05939e+09 0.828822 0.0123687 0.412504 0.0102515 0.0131675
8.09039e+09 0.812467 0.0122672 0.412638 0.00996672 0.0131465
8.12151e+09 0.796403 0.0121664 0.412771 0.00968932 0.0131255
8.15274e+09 0.780626 0.0120661 0.412904 0.00941908 0.0131044
8.1841e+09 0.76513 0.0119664 0.413038 0.00915582 0.0130833
8.21558e+09 0.749912 0.0118672 0.413171 0.00889938 0.0130621
8.24718e+09 0.734967 0.0117687 0.413304 0.00864961 0.0130409
8.2789e+09 0.72029 0.0116708 0.413438 0.00840633 0.0130196
8.31074e+09 0.705878 0.0115734 0.413571 0.00816939 0.0129982
8.34271e+09 0.691726 0.0114766 0.413705 0.00793865 0.0129768
8.3748e+09 0.67783 0.0113804 0.413838 0.00771395 0.0129554
8.40701e+09 0.664186 0.0112847 0.413971 0.00749515 0.0129338
8.43935e+09 0.650789 0.0111897 0.414105 0.0072821 0.0129123
8.47181e+09 0.637636 0.0110952 0.414238 0.00707467 0.0128907
8.50439e+09 0.624724 0.0110012 0.414371 0.00687272 0.012869
8.5371e+09 0.612047 0.0109079 0.414505 0.00667612 0.0128473
8.56994e+09 0.599602 0.0108151 0.414638 0.00648473 0.0128255
8.6029e+09 0.587385 0.0107228 0.414772 0.00629843 0.0128037
8.63599e+09 0.575393 0.0106312 0.414905 0.0061171 0.0127818
8.66921e+09 0.563622 0.01054 0.415038 0.0059406 0.0127599
8.70255e+09 0.552069 0.0104495 0.415172 0.00576883 0.0127379
8.73602e+09 0.540729 0.0103595 0.415305 0.00560167 0.0127158
8.76962e+09 0.529599 0.01027 0.415438 0.005439 0.0126938
8.80336e+09 0.518676 0.0101812 0.415572 0.00528072 0.0126716
8.83722e+09 0.507956 0.0100928 0.415705 0.00512671 0.0126494
8.87121e+09 0.497436 0.010005 0.415839 0.00497686 0.0126272
8.90533e+09 0.487113 0.00991779 0.415972 0.00483108 0.0126049
8.93958e+09 0.476983 0.00983109 0.416105 0.00468927 0.0125825
8.97396e+09 0.467044 0.00974494 0.416239 0.00455131 0.0125601
9.00848e+09 0.457291 0.00965933 0.416372 0.00441712 0.0125376
9.04313e+09 0.447722 0.00957426 0.416506 0.00428661 0.0125151
9.07791e+09 0.438334 0.00948973 0.416639 0.00415967 0.0124926
9.11283e+09 0.429124 0.00940573 0.416772 0.00403622 0.01247
9.14788e+09 0.420088 0.00932227 0.416906 0.00391618 0.0124473
9.18307e+09 0.411224 0.00923935 0.417039 0.00379944 0.0124246
9.21839e+09 0.402529 0.00915695 0.417172 0.00368594 0.0124018
9.25384e+09 0.394 0.00907508 0.417306 0.00357559 0.012379
9.28944e+09 0.385634 0.00899375 0.417439 0.0034683 0.0123561
9.32517e+09 0.377429 0.00891293 0.417573 0.003364 0.0123332
9.36103e+09 0.369381 0.00883264 0.417706 0.00326261 0.0123102
9.39704e+09 0.361489 0.00875287 0.417839 0.00316406 0.0122872
9.43318e+09 0.353748 0.00867363 0.417973 0.00306828 0.0122641
9.46946e+09 0.346157 0.0085949 0.418106 0.00297519 0.012241
9.50589e+09 0.338714 0.00851669 0.418239 0.00288472 0.0122178
9.54245e+09 0.331415 0.00843899 0.418373 0.00279681 0.0121946
9.57915e+09 0.324258 0.0083618 0.418506 0.00271138 0.0121713
9.616e+09 0.317241 0.00828513 0.41864 0.00262838 0.012148
9.65298e+09 0.31036 0.00820896 0.418773 0.00254774 0.0121246
9.69011e+09 0.303615 0.00813331 0.418906 0.00246939 0.0121011
9.72738e+09 0.297002 0.00805815 0.41904 0.00239329 0.0120776
9.7648e+09 0.29052 0.00798351 0.419173 0.00231937 0.0120541
9.80236e+09 0.284165 0.00790936 0.419306 0.00224756 0.0120305
9.84006e+09 0.277936 0.00783571 0.41944 0.00217782 0.0120069
9.87791e+09 0.27183 0.00776256 0.419573 0.0021101 0.0119832
9.9159e+09 0.265845 0.00768991 0.419707 0.00204433 0.0119595
9.95404e+09 0.25998 0.00761775 0.41984 0.00198046 0.0119357
9.99233e+09 0.254231 0.00754609 0.419973 0.00191845 0.0119118
1.00308e+10 0.248598 0.00747492 0.420107 0.00185825 0.011888
1.00693e+10 0.243077 0.00740423 0.42024 0.0017998 0.011864
1.01081e+10 0.237667 0.00733403 0.420373 0.00174306 0.01184
1.01469e+10 0.232366 0.00726432 0.420507 0.00168798 0.011816
1.0186e+10 0.227172 0.00719509 0.42064 0.00163452 0.0117919
1.02252e+10 0.222083 0.00712634 0.420774 0.00158264 0.0117678
1.02645e+10 0.217097 0.00705807 0.420907 0.00153229 0.0117436
1.0304e+10 0.212212 0.00699028 0.42104 0.00148342 0.0117194
1.03436e+10 0.207427 0.00692296 0.421174 0.00143601 0.0116951
1.03834e+10 0.202739 0.00685612 0.421307 0.00139 0.0116708
1.04233e+10 0.198147 0.00678975 0.42144 0.00134537 0.0116464
1.04634e+10 0.193649 0.00672386 0.421574 0.00130207 0.011622
1.05037e+10 0.189244 0.00665843 0.421707 0.00126007 0.0115975
1.05441e+10 0.184929 0.00659346 0.421841 0.00121932 0.011573
1.05846e+10 0.180703 0.00652896 0.421974 0.00117981 0.0115484
1.06253e+10 0.176565 0.00646493 0.422107 0.00114148 0.0115238
1.06662e+10 0.172512 0.00640135 0.422241 0.00110431 0.0114991
1.07072e+10 0.168544 0.00633824 0.422374 0.00106827 0.0114744
1.07484e+10 0.164658 0.00627558 0.422508 0.00103332 0.0114497
1.07897e+10 0.160853 0.00621337 0.422641 0.000999442 0.0114249
1.08312e+10 0.157128 0.00615163 0.422774 0.000966594 0.0114
1.08729e+10 0.153481 0.00609033 0.422908 0.000934751 0.0113751
1.09147e+10 0.149911 0.00602948 0.423041 0.000903884 0.0113502
1.09567e+10 0.146416 0.00596908 0.423174 0.000873967 0.0113252
1.09988e+10 0.142994 0.00590912 0.423308 0.000844971 0.0113001
1.10412e+10 0.139645 0.00584961 0.423441 0.000816872 0.011275
1.10836e+10 0.136367 0.00579055 0.423575 0.000789642 0.0112499
1.11262e+10 0.133159 0.00573192 0.423708 0.000763258 0.0112247
1.1169e+10 0.130019 0.00567373 0.423841 0.000737695 0.0111995
1.1212e+10 0.126947 0.00561598 0.423975 0.000712929 0.0111743
1.12551e+10 0.12394 0.00555866 0.424108 0.000688938 0.0111489
1.12984e+10 0.120997 0.00550178 0.424241 0.000665699 0.0111236
1.13419e+10 0.118118 0.00544532 0.424375 0.00064319 0.0110982
1.13855e+10 0.115301 0.0053893 0.424508 0.00062139 0.0110727
1.14293e+10 0.112545 0.0053337 0.424642 0.000600279 0.0110472
1.14733e+10 0.109848 0.00527853 0.424775 0.000579837 0.0110217
1.15174e+10 0.10721 0.00522378 0.424908 0.000560043 0.0109961
1.15617e+10 0.10463 0.00516945 0.425042 0.000540879 0.0109705
1.16062e+10 0.102106 0.00511555 0.425175 0.000522326 0.0109448
1.16508e+10 0.0996367 0.00506206 0.425308 0.000504366 0.0109191
1.16956e+10 0.0972218 0.00500898 0.425442 0.000486983 0.0108934
1.17406e+10 0.0948601 0.00495632 0.425575 0.000470157 0.0108676
1.17857e+10 0.0925504 0.00490408 0.425709 0.000453874 0.0108417
1.18311e+10 0.0902917 0.00485224 0.425842 0.000438117 0.0108158
1.18766e+10 0.088083 0.00480081 0.425975 0.00042287 0.0107899
1.19223e+10 0.0859233 0.00474979 0.426109 0.000408118 0.0107639
1.19681e+10 0.0838117 0.00469917 0.426242 0.000393846 0.0107379
1.20142e+10 0.0817471 0.00464896 0.426375 0.000380039 0.0107119
1.20604e+10 0.0797287 0.00459915 0.426509 0.000366684 0.0106858
1.21068e+10 0.0777556 0.00454973 0.426642 0.000353767 0.0106596
1.21533e+10 0.0758267 0.00450071 0.426776 0.000341274 0.0106334
1.22001e+10 0.0739413 0.00445209 0.426909 0.000329193 0.0106072
1.2247e+10 0.0720985 0.00440386 0.427042 0.000317512 0.010581
1.22941e+10 0.0702973 0.00435602 0.427176 0.000306217 0.0105547
1.23414e+10 0.068537 0.00430858 0.427309 0.000295297 0.0105283
1.23889e+10 0.0668167 0.00426152 0.427442 0.000284741 0.0105019
1.24365e+10 0.0651357 0.00421484 0.427576 0.000274537 0.0104755
1.24843e+10 0.0634931 0.00416855 0.427709 0.000264674 0.010449
1.25324e+10 0.061888 0.00412264 0.427843 0.000255142 0.0104225
1.25806e+10 0.0603199 0.00407711 0.427976 0.000245931 0.010396
1.26289e+10 0.0587879 0.00403196 0.428109 0.00023703 0.0103694
1.26775e+10 0.0572912 0.00398719 0.428243 0.000228431 0.0103428
1.27263e+10 0.0558291 0.00394279 0.428376 0.000220122 0.0103161
1.27752e+10 0.0544009 0.00389876 0.42851 0.000212096 0.0102894
1.28244e+10 0.053006 0.00385511 0.428643 0.000204344 0.0102627
1.28737e+10 0.0516436 0.00381182 0.428776 0.000196856 0.0102359
1.29232e+10 0.050313 0.0037689 0.42891 0.000189624 0.0102091
1.29729e+10 0.0490136 0.00372634 0.429043 0.000182641 0.0101823
1.30228e+10 0.0477446 0.00368415 0.429176 0.000175898 0.0101554
1.30729e+10 0.0465056 0.00364232 0.42931 0.000169388 0.0101284
1.31232e+10 0.0452958 0.00360084 0.429443 0.000163103 0.0101015
1.31737e+10 0.0441147 0.00355973 0.429577 0.000157036 0.0100745
1.32243e+10 0.0429615 0.00351897 0.42971 0.00015118 0.0100474
1.32752e+10 0.0418358 0.00347857 0.429843 0.000145529 0.0100204
1.33263e+10 0.040737 0.00343851 0.429977 0.000140074 0.00999327
1.33775e+10 0.0396643 0.00339881 0.43011 0.000134811 0.00996613
1.3429e+10 0.0386174 0.00335945 0.430243 0.000129733 0.00993895
1.34806e+10 0.0375957 0.00332044 0.430377 0.000124834 0.00991174
1.35325e+10 0.0365986 0.00328178 0.43051 0.000120108 0.0098845
1.35845e+10 0.0356255 0.00324346 0.430644 0.00011555 0.00985722
1.36368e+10 0.034676 0.00320547 0.430777 0.000111153 0.0098299
1.36892e+10 0.0337495 0.00316783 0.43091 0.000106913 0.00980255
1.37419e+10 0.0328456 0.00313052 0.431044 0.000102824 0.00977517
1.37947e+10 0.0319637 0.00309355 0.431177 9.88815e-05 0.00974776
1.38478e+10 0.0311035 0.00305691 0.43131 9.50805e-05 0.00972031
1.39011e+10 0.0302643 0.00302061 0.431444 9.14164e-05 0.00969283
1.39545e+10 0.0294457 0.00298463 0.431577 8.78844e-05 0.00966532
1.40082e+10 0.0286473 0.00294898 0.431711 8.44802e-05 0.00963777
1.40621e+10 0.0278686 0.00291365 0.431844 8.11995e-05 0.0096102
1.41162e+10 0.0271093 0.00287865 0.431977 7.80381e-05 0.00958259
1.41705e+10 0.0263688 0.00284397 0.432111 7.4992e-05 0.00955495
1.4225e+10 0.0256467 0.00280961 0.432244 7.20572e-05 0.00952728
1.42797e+10 0.0249427 0.00277557 0.432377 6.92301e-05 0.00949958
1.43346e+10 0.0242563 0.00274184 0.432511 6.65069e-05 0.00947185
1.43897e+10 0.0235871 0.00270843 0.432644 6.3884e-05 0.00944409
1.44451e+10 0.0229347 0.00267534 0.432778 6.13581e-05 0.0094163
1.45006e+10 0.0222988 0.00264255 0.432911 5.89258e-05 0.00938848
1.45564e+10 0.021679 0.00261007 0.433044 5.65838e-05 0.00936064
1.46124e+10 0.021075 0.0025779 0.433178 5.43291e-05 0.00933276
1.46686e+10 0.0204863 0.00254603 0.433311 5.21587e-05 0.00930485
1.4725e+10 0.0199126 0.00251447 0.433444 5.00695e-05 0.00927692
1.47817e+10 0.0193535 0.00248321 0.433578 4.80588e-05 0.00924896
1.48385e+10 0.0188088 0.00245225 0.433711 4.61238e-05 0.00922097
1.48956e+10 0.0182781 0.00242158 0.433845 4.42619e-05 0.00919296
1.49529e+10 0.0177611 0.00239121 0.433978 4.24705e-05 0.00916492
1.50104e+10 0.0172574 0.00236114 0.434111 4.07471e-05 0.00913685
1.50681e+10 0.0167668 0.00233136 0.434245 3.90893e-05 0.00910876
1.51261e+10 0.0162889 0.00230187 0.434378 3.74948e-05 0.00908064
1.51843e+10 0.0158234 0.00227266 0.434512 3.59613e-05 0.00905249
1.52427e+10 0.0153701 0.00224375 0.434645 3.44867e-05 0.00902432
1.53013e+10 0.0149287 0.00221512 0.434778 3.30688e-05 0.00899613
1.53602e+10 0.0144989 0.00218677 0.434912 3.17057e-05 0.00896791
1.54192e+10 0.0140804 0.0021587 0.435045 3.03953e-05 0.00893967
1.54785e+10 0.0136729 0.00213091 0.435178 2.91357e-05 0.0089114
1.55381e+10 0.0132762 0.00210341 0.435312 2.79252e-05 0.00888311
1.55978e+10 0.01289 0.00207617 0.435445 2.67619e-05 0.0088548
1.56578e+10 0.0125141 0.00204921 0.435579 2.56441e-05 0.00882647
1.57181e+10 0.0121483 0.00202253 0.435712 2.45702e-05 0.00879811
1.57785e+10 0.0117922 0.00199611 0.435845 2.35385e-05 0.00876973
1.58392e+10 0.0114457 0.00196996 0.435979 2.25475e-05 0.00874133
1.59001e+10 0.0111084 0.00194408 0.436112 2.15957e-05 0.00871291
1.59613e+10 0.0107803 0.00191846 0.436245 2.06817e-05 0.00868447
1.60227e+10 0.0104611 0.00189311 0.436379 1.9804e-05 0.00865601
1.60843e+10 0.0101505 0.00186802 0.436512 1.89613e-05 0.00862752
1.61462e+10 0.00984833 0.00184319 0.436646 1.81523e-05 0.00859902
1.62083e+10 0.00955442 0.00181862 0.436779 1.73758e-05 0.0085705
1.62706e+10 0.00926854 0.0017943 0.436912 1.66305e-05 0.00854196
1.63332e+10 0.0089905 0.00177024 0.437046 1.59153e-05 0.00851341
1.6396e+10 0.00872009 0.00174643 0.437179 1.5229e-05 0.00848483
1.64591e+10 0.00845714 0.00172287 0.437312 1.45705e-05 0.00845624
1.65224e+10 0.00820146 0.00169956 0.437446 1.39388e-05 0.00842763
1.65859e+10 0.00795286 0.00167649 0.437579 1.33329e-05 0.008399
1.66497e+10 0.00771116 0.00165368 0.437713 1.27518e-05 0.00837036
1.67138e+10 0.0074762 0.0016311 0.437846 1.21945e-05 0.0083417
1.67781e+10 0.00724781 0.00160877 0.437979 1.16601e-05 0.00831302
1.68426e+10 0.00702581 0.00158668 0.438113 1.11477e-05 0.00828433
1.69074e+10 0.00681005 0.00156483 0.438246 1.06566e-05 0.00825563
1.69724e+10 0.00660037 0.00154321 0.438379 1.01858e-05 0.00822691
1.70377e+10 0.00639661 0.00152183 0.438513 9.73457e-06 0.00819817
1.71032e+10 0.00619862 0.00150069 0.438646 9.30218e-06 0.00816943
1.7169e+10 0.00600625 0.00147977 0.43878 8.88788e-06 0.00814067
1.7235e+10 0.00581937 0.00145909 0.438913 8.49095e-06 0.00811189
1.73013e+10 0.00563782 0.00143863 0.439046 8.11072e-06 0.00808311
1.73679e+10 0.00546147 0.0014184 0.43918 7.74654e-06 0.00805431
1.74347e+10 0.00529018 0.00139839 0.439313 7.39775e-06 0.0080255
1.75017e+10 0.00512383 0.00137861 0.439446 7.06377e-06 0.00799668
1.7569e+10 0.00496229 0.00135905 0.43958 6.74399e-06 0.00796785
1.76366e+10 0.00480542 0.00133971 0.439713 6.43785e-06 0.00793901
1.77045e+10 0.0046531 0.00132058 0.439847 6.14482e-06 0.00791016
1.77726e+10 0.00450523 0.00130168 0.43998 5.86435e-06 0.0078813
1.78409e+10 0.00436167 0.00128299 0.440113 5.59596e-06 0.00785243
1.79095e+10 0.00422232 0.00126451 0.440247 5.33914e-06 0.00782355
1.79784e+10 0.00408705 0.00124624 0.44038 5.09344e-06 0.00779466
1.80476e+10 0.00395578 0.00122818 0.440514 4.85841e-06 0.00776577
1.8117e+10 0.00382838 0.00121033 0.440647 4.6336e-06 0.00773687
1.81867e+10 0.00370475 0.00119269 0.44078 4.4186e-06 0.00770796
1.82566e+10 0.0035848 0.00117525 0.440914 4.21302e-06 0.00767905
1.83268e+10 0.00346841 0.00115801 0.441047 4.01646e-06 0.00765013
1.83973e+10 0.00335551 0.00114098 0.44118 3.82855e-06 0.0076212
1.84681e+10 0.00324598 0.00112414 0.441314 3.64894e-06 0.00759227
1.85391e+10 0.00313975 0.0011075 0.441447 3.47729e-06 0.00756334
1.86104e+10 0.00303672 0.00109106 0.441581 3.31325e-06 0.0075344
1.8682e+10 0.0029368 0.00107482 0.441714 3.15652e-06 0.00750546
1.87539e+10 0.0028399 0.00105877 0.441847 3.00679e-06 0.00747651
1.8826e+10 0.00274595 0.00104291 0.441981 2.86377e-06 0.00744756
1.88984e+10 0.00265487 0.00102724 0.442114 2.72717e-06 0.00741861
1.89711e+10 0.00256656 0.00101175 0.442247 2.59673e-06 0.00738966
1.90441e+10 0.00248096 0.00099646 0.442381 2.47218e-06 0.00736071
1.91173e+10 0.002398 0.00098135 0.442514 2.35327e-06 0.00733175
1.91909e+10 0.00231758 0.000966424 0.442648 2.23977e-06 0.0073028
1.92647e+10 0.00223966 0.000951681 0.442781 2.13144e-06 0.00727384
1.93388e+10 0.00216415 0.000937118 0.442914 2.02806e-06 0.00724489
1.94132e+10 0.00209099 0.000922733 0.443048 1.92942e-06 0.00721593
1.94878e+10 0.0020201 0.000908527 0.443181 1.83532e-06 0.00718698
1.95628e+10 0.00195144 0.000894496 0.443314 1.74555e-06 0.00715803
1.9638e+10 0.00188492 0.00088064 0.443448 1.65994e-06 0.00712908
1.97136e+10 0.0018205 0.000866956 0.443581 1.5783e-06 0.00710014
1.97894e+10 0.00175811 0.000853444 0.443715 1.50045e-06 0.0070712
1.98655e+10 0.00169769 0.000840102 0.443848 1.42624e-06 0.00704226
1.99419e+10 0.00163919 0.000826928 0.443981 1.35549e-06 0.00701333
2.00186e+10 0.00158255 0.00081392 0.444115 1.28807e-06 0.0069844
2.00956e+10 0.00152772 0.000801078 0.444248 1.22382e-06 0.00695548
2.01729e+10 0.00147464 0.000788399 0.444381 1.16261e-06 0.00692656
2.02505e+10 0.00142326 0.000775883 0.444515 1.10429e-06 0.00689765
2.03284e+10 0.00137354 0.000763528 0.444648 1.04874e-06 0.00686874
2.04066e+10 0.00132542 0.000751331 0.444782 9.95832e-07 0.00683985
2.04851e+10 0.00127886 0.000739293 0.444915 9.45454e-07 0.00681096
2.05638e+10 0.00123381 0.00072741 0.445048 8.9749e-07 0.00678208
2.06429e+10 0.00119023 0.000715683 0.445182 8.51829e-07 0.00675321
2.07223e+10 0.00114807 0.000704109 0.445315 8.08368e-07 0.00672434
2.0802e+10 0.00110729 0.000692687 0.445448 7.67008e-07 0.00669549
2.08821e+10 0.00106785 0.000681415 0.445582 7.27652e-07 0.00666665
2.09624e+10 0.00102971 0.000670292 0.445715 6.9021e-07 0.00663782
2.1043e+10 0.000992834 0.000659317 0.445849 6.54593e-07 0.006609
2.11239e+10 0.000957176 0.000648488 0.445982 6.20717e-07 0.00658019
2.12052e+10 0.000922703 0.000637804 0.446115 5.88504e-07 0.00655139
2.12868e+10 0.000889378 0.000627263 0.446249 5.57874e-07 0.00652261
2.13686e+10 0.000857168 0.000616865 0.446382 5.28756e-07 0.00649384
2.14508e+10 0.000826037 0.000606606 0.446516 5.01079e-07 0.00646508
2.15333e+10 0.000795953 0.000596487 0.446649 4.74776e-07 0.00643634
2.16161e+10 0.000766884 0.000586506 0.446782 4.49782e-07 0.00640761
2.16993e+10 0.000738797 0.000576661 0.446916 4.26036e-07 0.0063789
2.17827e+10 0.000711664 0.000566951 0.447049 4.03479e-07 0.0063502
2.18665e+10 0.000685453 0.000557375 0.447182 3.82055e-07 0.00632152
2.19506e+10 0.000660138 0.000547931 0.447316 3.6171e-07 0.00629286
2.20351e+10 0.000635688 0.000538618 0.447449 3.42393e-07 0.00626421
2.21198e+10 0.000612078 0.000529435 0.447583 3.24055e-07 0.00623558
2.22049e+10 0.000589281 0.00052038 0.447716 3.0665e-07 0.00620697
2.22903e+10 0.00056727 0.000511452 0.447849 2.90132e-07 0.00617838
2.2376e+10 0.000546023 0.00050265 0.447983 2.74458e-07 0.00614981
2.24621e+10 0.000525513 0.000493972 0.448116 2.59588e-07 0.00612126
2.25485e+10 0.000505718 0.000485417 0.448249 2.45484e-07 0.00609273
2.26352e+10 0.000486614 0.000476983 0.448383 2.32107e-07 0.00606422
2.27223e+10 0.000468181 0.000468671 0.448516 2.19423e-07 0.00603573
2.28097e+10 0.000450395 0.000460477 0.44865 2.07396e-07 0.00600727
2.28974e+10 0.000433236 0.000452401 0.448783 1.95997e-07 0.00597882
2.29855e+10 0.000416684 0.000444442 0.448916 1.85192e-07 0.0059504
2.30739e+10 0.00040072 0.000436599 0.44905 1.74954e-07 0.005922
2.31627e+10 0.000385323 0.000428869 0.449183 1.65253e-07 0.00589363
2.32517e+10 0.000370476 0.000421252 0.449316 1.56064e-07 0.00586528
2.33412e+10 0.00035616 0.000413747 0.44945 1.4736e-07 0.00583696
2.3431e+10 0.000342358 0.000406353 0.449583 1.39118e-07 0.00580866
2.35211e+10 0.000329053 0.000399067 0.449717 1.31314e-07 0.00578039
2.36115e+10 0.000316228 0.00039189 0.44985 1.23927e-07 0.00575215
2.37024e+10 0.000303868 0.000384819 0.449983 1.16934e-07 0.00572393
2.37935e+10 0.000291958 0.000377854 0.450117 1.10317e-07 0.00569575
2.3885e+10 0.000280481 0.000370993 0.45025 1.04056e-07 0.00566759
2.39769e+10 0.000269424 0.000364236 0.450383 9.81337e-08 0.00563945
2.40691e+10 0.000258772 0.00035758 0.450517 9.25317e-08 0.00561135
2.41617e+10 0.000248512 0.000351025 0.45065 8.7234e-08 0.00558328
2.42546e+10 0.00023863 0.000344571 0.450784 8.2225e-08 0.00555524
2.43479e+10 0.000229114 0.000338214 0.450917 7.74897e-08 0.00552723
2.44416e+10 0.000219952 0.000331955 0.45105 7.30141e-08 0.00549925
2.45356e+10 0.00021113 0.000325792 0.451184 6.87845e-08 0.00547131
2.463e+10 0.000202638 0.000319725 0.451317 6.47883e-08 0.00544339
2.47247e+10 0.000194463 0.000313751 0.45145 6.10132e-08 0.00541551
2.48198e+10 0.000186596 0.000307871 0.451584 5.74475e-08 0.00538766
2.49153e+10 0.000179026 0.000302082 0.451717 5.40804e-08 0.00535985
2.50111e+10 0.000171741 0.000296384 0.451851 5.09012e-08 0.00533207
2.51073e+10 0.000164733 0.000290775 0.451984 4.79001e-08 0.00530433
2.52039e+10 0.000157991 0.000285255 0.452117 4.50677e-08 0.00527663
2.53008e+10 0.000151506 0.000279823 0.452251 4.23948e-08 0.00524896
2.53981e+10 0.000145269 0.000274477 0.452384 3.9873e-08 0.00522132
2.54958e+10 0.000139272 0.000269216 0.452518 3.74942e-08 0.00519373
2.55939e+10 0.000133506 0.000264039 0.452651 3.52507e-08 0.00516617
2.56923e+10 0.000127962 0.000258946 0.452784 3.31352e-08 0.00513865
2.57911e+10 0.000122633 0.000253935 0.452918 3.11408e-08 0.00511117
2.58903e+10 0.000117511 0.000249005 0.453051 2.92608e-08 0.00508373
2.59899e+10 0.000112589 0.000244156 0.453184 2.74891e-08 0.00505633
2.60899e+10 0.000107859 0.000239385 0.453318 2.58197e-08 0.00502897
2.61902e+10 0.000103314 0.000234693 0.453451 2.42471e-08 0.00500165
2.6291e+10 9.89483e-05 0.000230078 0.453585 2.27658e-08 0.00497438
2.63921e+10 9.47548e-05 0.000225539 0.453718 2.13709e-08 0.00494714
2.64936e+10 9.07273e-05 0.000221075 0.453851 2.00576e-08 0.00491995
2.65955e+10 8.68596e-05 0.000216686 0.453985 1.88212e-08 0.0048928
2.66978e+10 8.3146e-05 0.00021237 0.454118 1.76577e-08 0.0048657
2.68005e+10 7.95807e-05 0.000208126 0.454251 1.65628e-08 0.00483864
2.69036e+10 7.61582e-05 0.000203953 0.454385 1.55327e-08 0.00481162
2.70071e+10 7.28733e-05 0.000199851 0.454518 1.45638e-08 0.00478465
2.71109e+10 6.97209e-05 0.000195819 0.454652 1.36526e-08 0.00475773
2.72152e+10 6.66959e-05 0.000191855 0.454785 1.27959e-08 0.00473085
2.73199e+10 6.37937e-05 0.000187958 0.454918 1.19906e-08 0.00470402
2.7425e+10 6.10095e-05 0.000184129 0.455052 1.12336e-08 0.00467724
2.75304e+10 5.8339e-05 0.000180365 0.455185 1.05223e-08 0.0046505
2.76363e+10 5.57778e-05 0.000176667 0.455318 9.85409e-09 0.00462382
2.77426e+10 5.33219e-05 0.000173032 0.455452 9.2264e-09 0.00459718
2.78493e+10 5.09671e-05 0.000169461 0.455585 8.63693e-09 0.00457059
2.79565e+10 4.87097e-05 0.000165952 0.455719 8.08346e-09 0.00454406
2.8064e+10 4.65458e-05 0.000162504 0.455852 7.5639e-09 0.00451757
2.81719e+10 4.4472e-05 0.000159118 0.455985 7.07628e-09 0.00449113
2.82803e+10 4.24847e-05 0.000155791 0.456119 6.61871e-09 0.00446475
2.83891e+10 4.05805e-05 0.000152523 0.456252 6.18944e-09 0.00443842
2.84983e+10 3.87563e-05 0.000149313 0.456385 5.7868e-09 0.00441214
2.86079e+10 3.70089e-05 0.00014616 0.456519 5.40922e-09 0.00438592
2.87179e+10 3.53353e-05 0.000143064 0.456652 5.05521e-09 0.00435974
2.88284e+10 3.37326e-05 0.000140024 0.456786 4.72337e-09 0.00433363
2.89392e+10 3.21981e-05 0.000137038 0.456919 4.41237e-09 0.00430756
2.90506e+10 3.0729e-05 0.000134107 0.457052 4.12097e-09 0.00428156
2.91623e+10 2.93228e-05 0.000131229 0.457186 3.848e-09 0.00425561
2.92745e+10 2.79769e-05 0.000128404 0.457319 3.59233e-09 0.00422971
2.93871e+10 2.66889e-05 0.00012563 0.457452 3.35292e-09 0.00420387
2.95001e+10 2.54566e-05 0.000122907 0.457586 3.1288e-09 0.00417809
2.96136e+10 2.42776e-05 0.000120235 0.457719 2.91902e-09 0.00415237
2.97275e+10 2.31499e-05 0.000117612 0.457853 2.72271e-09 0.0041267
2.98418e+10 2.20713e-05 0.000115038 0.457986 2.53905e-09 0.0041011
2.99566e+10 2.10399e-05 0.000112513 0.458119 2.36725e-09 0.00407555
3.00718e+10 2.00538e-05 0.000110034 0.458253 2.2066e-09 0.00405006
3.01875e+10 1.9111e-05 0.000107602 0.458386 2.05639e-09 0.00402464
3.03036e+10 1.82099e-05 0.000105216 0.45852 1.91597e-09 0.00399927
3.04201e+10 1.73486e-05 0.000102876 0.458653 1.78475e-09 0.00397397
3.05371e+10 1.65257e-05 0.00010058 0.458786 1.66214e-09 0.00394872
3.06546e+10 1.57394e-05 0.0001 0.45892 1.57394e-09 0.00399029
3.07725e+10 1.49882e-05 0.0001 0.459053 1.49882e-09 0.00405586
3.08909e+10 1.42708e-05 0.0001 0.459186 1.42708e-09 0.00412272
3.10097e+10 1.35856e-05 0.0001 0.45932 1.35856e-09 0.00419089
3.11289e+10 1.29314e-05 0.0001 0.459453 1.29314e-09 0.00426041
3.12487e+10 1.23068e-05 0.0001 0.459587 1.23068e-09 0.0043313
3.13689e+10 1.17105e-05 0.0001 0.45972 1.17105e-09 0.0044036
3.14895e+10 1.11415e-05 0.0001 0.459853 1.11415e-09 0.00447733
3.16106e+10 1.05984e-05 0.0001 0.459987 1.05984e-09 0.00455253
3.17322e+10 1.00803e-05 0.0001 0.46012 1.00803e-09 0.00462924
3.18543e+10 9.58594e-06 0.0001 0.460253 9.58594e-10 0.00470748
3.19768e+10 9.11444e-06 0.0001 0.460387 9.11444e-10 0.00478729
3.20998e+10 8.66477e-06 0.0001 0.46052 8.66477e-10 0.00486872
3.22233e+10 8.23598e-06 0.0001 0.460654 8.23598e-10 0.00495178
3.23472e+10 7.82718e-06 0.0001 0.460787 7.82718e-10 0.00503653
3.24716e+10 7.43748e-06 0.0001 0.46092 7.43748e-10 0.005123
3.25965e+10 7.06606e-06 0.0001 0.461054 7.06606e-10 0.00521124
3.27219e+10 6.71211e-06 0.0001 0.461187 6.71211e-10 0.00530127
3.28477e+10 6.37487e-06 0.0001 0.46132 6.37487e-10 0.00539315
3.29741e+10 6.0536e-06 0.0001 0.461454 6.0536e-10 0.00548692
3.31009e+10 5.74758e-06 0.0001 0.461587 5.74758e-10 0.00558262
3.32282e+10 5.45615e-06 0.0001 0.461721 5.45615e-10 0.0056803
3.3356e+10 5.17865e-06 0.0001 0.461854 5.17865e-10 0.00578
3.34843e+10 4.91445e-06 0.0001 0.461987 4.91445e-10 0.00588177
3.36131e+10 4.66297e-06 0.0001 0.462121 4.66297e-10 0.00598566
3.37424e+10 4.42363e-06 0.0001 0.462254 4.42363e-10 0.00609173
3.38722e+10 4.19588e-06 0.0001 0.462387 4.19588e-10 0.00620001
3.40025e+10 3.97919e-06 0.0001 0.462521 3.97919e-10 0.00631057
3.41333e+10 3.77306e-06 0.0001 0.462654 3.77306e-10 0.00642346
3.42645e+10 3.57701e-06 0.0001 0.462788 3.57701e-10 0.00653873
3.43963e+10 3.39057e-06 0.0001 0.462921 3.39057e-10 0.00665645
3.45286e+10 3.21331e-06 0.0001 0.463054 3.21331e-10 0.00677666
3.46614e+10 3.0448e-06 0.0001 0.463188 3.0448e-10 0.00689944
3.47948e+10 2.88463e-06 0.0001 0.463321 2.88463e-10 0.00702484
3.49286e+10 2.73243e-06 0.0001 0.463454 2.73243e-10 0.00715293
3.50629e+10 2.58781e-06 0.0001 0.463588 2.58781e-10 0.00728377
3.51978e+10 2.45042e-06 0.0001 0.463721 2.45042e-10 0.00741742
3.53332e+10 2.31993e-06 0.0001 0.463855 2.31993e-10 0.00755397
3.54691e+10 2.196e-06 0.0001 0.463988 2.196e-10 0.00769348
3.56055e+10 2.07833e-06 0.0001 0.464121 2.07833e-10 0.00783601
3.57425e+10 1.96662e-06 0.0001 0.464255 1.96662e-10 0.00798165
3.58799e+10 1.86059e-06 0.0001 0.464388 1.86059e-10 0.00813048
3.60179e+10 1.75997e-06 0.0001 0.464522 1.75997e-10 0.00828257
3.61565e+10 1.66449e-06 0.0001 0.464655 1.66449e-10 0.008438
3.62955e+10 1.57392e-06 0.0001 0.464788 1.57392e-10 0.00859685
3.64351e+10 1.488e-06 0.0001 0.464922 1.488e-10 0.00875922
3.65753e+10 1.40653e-06 0.0001 0.465055 1.40653e-10 0.00892518
3.6716e+10 1.32928e-06 0.0001 0.465188 1.32928e-10 0.00909484
3.68572e+10 1.25604e-06 0.0001 0.465322 1.25604e-10 0.00926828
3.69989e+10 1.18662e-06 0.0001 0.465455 1.18662e-10 0.00944559
3.71413e+10 1.12084e-06 0.0001 0.465589 1.12084e-10 0.00962688
3.72841e+10 1.05851e-06 0.0001 0.465722 1.05851e-10 0.00981225
3.74275e+10 9.99462e-07 0.0001 0.465855 9.99462e-11 0.0100018
3.75715e+10 9.43536e-07 0.0001 0.465989 9.43536e-11 0.0101956
3.7716e+10 8.90574e-07 0.0001 0.466122 8.90574e-11 0.0103939
3.78611e+10 8.4043e-07 0.0001 0.466255 8.4043e-11 0.0105966
3.80067e+10 7.92961e-07 0.0001 0.466389 7.92961e-11 0.010804
3.81529e+10 7.48034e-07 0.0001 0.466522 7.48034e-11 0.0110161
3.82996e+10 7.0552e-07 0.0001 0.466656 7.0552e-11 0.011233
3.84469e+10 6.65298e-07 0.0001 0.466789 6.65298e-11 0.011455
3.85948e+10 6.2725e-07 0.0001 0.466922 6.2725e-11 0.0116821
3.87433e+10 5.91265e-07 0.0001 0.467056 5.91265e-11 0.0119144
3.88923e+10 5.57239e-07 0.0001 0.467189 5.57239e-11 0.0121521
3.90419e+10 5.25071e-07 0.0001 0.467322 5.25071e-11 0.0123954
3.9192e+10 4.94665e-07 0.0001 0.467456 4.94665e-11 0.0126443
3.93428e+10 4.6593e-07 0.0001 0.467589 4.6593e-11 0.0128991
3.94941e+10 4.38779e-07 0.0001 0.467723 4.38779e-11 0.0131599
3.9646e+10 4.13131e-07 0.0001 0.467856 4.13131e-11 0.0134267
3.97985e+10 3.88906e-07 0.0001 0.467989 3.88906e-11 0.0136999
3.99516e+10 3.66029e-07 0.0001 0.468123 3.66029e-11 0.0139796
4.01052e+10 3.44431e-07 0.0001 0.468256 3.44431e-11 0.0142659
4.02595e+10 3.24044e-07 0.0001 0.468389 3.24044e-11 0.014559
4.04143e+10 3.04803e-07 0.0001 0.468523 3.04803e-11 0.0148591
4.05698e+10 2.86647e-07 0.0001 0.468656 2.86647e-11 0.0151665
4.07258e+10 2.69519e-07 0.0001 0.46879 2.69519e-11 0.0154812
4.08825e+10 2.53364e-07 0.0001 0.468923 2.53364e-11 0.0158034
4.10397e+10 2.3813e-07 0.0001 0.469056 2.3813e-11 0.0161335
4.11976e+10 2.23766e-07 0.0001 0.46919 2.23766e-11 0.0164716
4.1356e+10 2.10226e-07 0.0001 0.469323 2.10226e-11 0.0168179
4.15151e+10 1.97466e-07 0.0001 0.469456 1.97466e-11 0.0171726
4.16748e+10 1.85442e-07 0.0001 0.46959 1.85442e-11 0.017536
4.18351e+10 1.74114e-07 0.0001 0.469723 1.74114e-11 0.0179083
4.1996e+10 1.63445e-07 0.0001 0.469857 1.63445e-11 0.0182898
4.21575e+10 1.53398e-07 0.0001 0.46999 1.53398e-11 0.0186807
4.23197e+10 1.43939e-07 0.0001 0.470123 1.43939e-11 0.0190813
4.24824e+10 1.35035e-07 0.0001 0.470257 1.35035e-11 0.0194918
4.26458e+10 1.26656e-07 0.0001 0.47039 1.26656e-11 0.0199125
4.28099e+10 1.18771e-07 0.0001 0.470524 1.18771e-11 0.0203437
4.29745e+10 1.11354e-07 0.0001 0.470657 1.11354e-11 0.0207857
4.31398e+10 1.04378e-07 0.0001 0.47079 1.04378e-11 0.0212388
4.33057e+10 9.78183e-08 0.0001 0.470924 9.78183e-12 0.0217033
4.34723e+10 9.16514e-08 0.0001 0.471057 9.16514e-12 0.0221796
4.36395e+10 8.58549e-08 0.0001 0.47119 8.58549e-12 0.0226679
4.38074e+10 8.04078e-08 0.0001 0.471324 8.04078e-12 0.0231686
4.39759e+10 7.52901e-08 0.0001 0.471457 7.52901e-12 0.0236821
4.4145e+10 7.04829e-08 0.0001 0.471591 7.04829e-12 0.0242087
4.43148e+10 6.59683e-08 0.0001 0.471724 6.59683e-12 0.0247488
4.44853e+10 6.17294e-08 0.0001 0.471857 6.17294e-12 0.0253028
4.46564e+10 5.77503e-08 0.0001 0.471991 5.77503e-12 0.0258711
4.48281e+10 5.40159e-08 0.0001 0.472124 5.40159e-12 0.0264541
4.50005e+10 5.05118e-08 0.0001 0.472257 5.05118e-12 0.0270522
4.51736e+10 4.72246e-08 0.0001 0.472391 4.72246e-12 0.0276659
4.53474e+10 4.41415e-08 0.0001 0.472524 4.41415e-12 0.0282955
4.55218e+10 4.12505e-08 0.0001 0.472658 4.12505e-12 0.0289417
4.56969e+10 3.85402e-08 0.0001 0.472791 3.85402e-12 0.0296048
4.58727e+10 3.59999e-08 0.0001 0.472924 3.59999e-12 0.0302854
4.60491e+10 3.36195e-08 0.0001 0.473058 3.36195e-12 0.0309839
4.62262e+10 3.13894e-08 0.0001 0.473191 3.13894e-12 0.031701
4.6404e+10 2.93005e-08 0.0001 0.473324 2.93005e-12 0.0324371
4.65825e+10 2.73444e-08 0.0001 0.473458 2.73444e-12 0.0331928
4.67617e+10 2.55131e-08 0.0001 0.473591 2.55131e-12 0.0339687
4.69415e+10 2.3799e-08 0.0001 0.473725 2.3799e-12 0.0347654
4.71221e+10 2.21949e-08 0.0001 0.473858 2.21949e-12 0.0355835
4.73033e+10 2.06941e-08 0.0001 0.473991 2.06941e-12 0.0364237
4.74853e+10 1.92903e-08 0.0001 0.474125 1.92903e-12 0.0372867
4.76679e+10 1.79776e-08 0.0001 0.474258 1.79776e-12 0.038173
4.78513e+10 1.67503e-08 0.0001 0.474391 1.67503e-12 0.0390835
4.80353e+10 1.5603e-08 0.0001 0.474525 1.5603e-12 0.0400188
4.82201e+10 1.4531e-08 0.0001 0.474658 1.4531e-12 0.0409797
4.84055e+10 1.35294e-08 0.0001 0.474792 1.35294e-12 0.041967
4.85917e+10 1.25938e-08 0.0001 0.474925 1.25938e-12 0.0429815
4.87786e+10 1.17201e-08 0.0001 0.475058 1.17201e-12 0.044024
4.89662e+10 1.09045e-08 0.0001 0.475192 1.09045e-12 0.0450954
4.91546e+10 1.01431e-08 0.0001 0.475325 1.01431e-12 0.0461966
4.93436e+10 9.43264e-09 0.0001 0.475458 9.43264e-13 0.0473284
4.95334e+10 8.76981e-09 0.0001 0.475592 8.76981e-13 0.048492
4.97239e+10 8.15157e-09 0.0001 0.475725 8.15157e-13 0.0496882
4.99152e+10 7.57507e-09 0.0001 0.475859 7.57507e-13 0.050918
5.01072e+10 7.03761e-09 0.0001 0.475992 7.03761e-13 0.0521825
5.02999e+10 6.53668e-09 0.0001 0.476125 6.53668e-13 0.0534828
5.04934e+10 6.0699e-09 0.0001 0.476259 6.0699e-13 0.05482
5.06876e+10 5.63506e-09 0.0001 0.476392 5.63506e-13 0.0561954
5.08825e+10 5.23007e-09 0.0001 0.476526 5.23007e-13 0.05761
5.10783e+10 4.85297e-09 0.0001 0.476659 4.85297e-13 0.0590651
5.12747e+10 4.50193e-09 0.0001 0.476792 4.50193e-13 0.060562
5.14719e+10 4.17523e-09 0.0001 0.476926 4.17523e-13 0.0621022
5.16699e+10 3.87126e-09 0.0001 0.477059 3.87126e-13 0.0636868
5.18687e+10 3.58851e-09 0.0001 0.477192 3.58851e-13 0.0653174
5.20682e+10 3.32556e-09 0.0001 0.477326 3.32556e-13 0.0669954
5.22684e+10 3.08109e-09 0.0001 0.477459 3.08109e-13 0.0687224
5.24695e+10 2.85386e-09 0.0001 0.477593 2.85386e-13 0.0705
5.26713e+10 2.64271e-09 0.0001 0.477726 2.64271e-13 0.0723297
5.28739e+10 2.44655e-09 0.0001 0.477859 2.44655e-13 0.0742134
5.30772e+10 2.26436e-09 0.0001 0.477993 2.26436e-13 0.0761527
5.32814e+10 2.09519e-09 0.0001 0.478126 2.09519e-13 0.0781494
5.34863e+10 1.93815e-09 0.0001 0.478259 1.93815e-13 0.0802055
5.3692e+10 1.79241e-09 0.0001 0.478393 1.79241e-13 0.0823229
5.38986e+10 1.65719e-09 0.0001 0.478526 1.65719e-13 0.0845037
5.41059e+10 1.53177e-09 0.0001 0.47866 1.53177e-13 0.0867498
5.4314e+10 1.41547e-09 0.0001 0.478793 1.41547e-13 0.0890636
5.45229e+10 1.30764e-09 0.0001 0.478926 1.30764e-13 0.0914472
5.47326e+10 1.20771e-09 0.0001 0.47906 1.20771e-13 0.093903
5.49431e+10 1.11511e-09 0.0001 0.479193 1.11511e-13 0.0964333
5.51544e+10 1.02934e-09 0.0001 0.479326 1.02934e-13 0.0990408
5.53666e+10 9.49902e-10 0.0001 0.47946 9.49902e-14 0.101728
5.55795e+10 8.76359e-10 0.0001 0.479593 8.76359e-14 0.104498
5.57933e+10 8.0829e-10 0.0001 0.479727 8.0829e-14 0.107352
5.60079e+10 7.45303e-10 0.0001 0.47986 7.45303e-14 0.110295
5.62233e+10 6.87035e-10 0.0001 0.479993 6.87035e-14 0.113329
5.64396e+10 6.33148e-10 0.0001 0.480127 6.33148e-14 0.116457
5.66567e+10 5.83326e-10 0.0001 0.48026 5.83326e-14 0.119682
5.68746e+10 5.37274e-10 0.0001 0.480393 5.37274e-14 0.123008
5.70934e+10 4.9472e-10 0.0001 0.480527 4.9472e-14 0.126439
5.73129e+10 4.55409e-10 0.0001 0.48066 4.55409e-14 0.129977
5.75334e+10 4.19103e-10 0.0001 0.480794 4.19103e-14 0.133627
5.77547e+10 3.85583e-10 0.0001 0.480927 3.85583e-14 0.137392
5.79768e+10 3.54643e-10 0.0001 0.48106 3.54643e-14 0.141276
5.81998e+10 3.26093e-10 0.0001 0.481194 3.26093e-14 0.145285
5.84237e+10 2.99756e-10 0.0001 0.481327 2.99756e-14 0.149421
5.86484e+10 2.75466e-10 0.0001 0.48146 2.75466e-14 0.153689
5.8874e+10 2.53072e-10 0.0001 0.481594 2.53072e-14 0.158095
5.91004e+10 2.32431e-10 0.0001 0.481727 2.32431e-14 0.162643
5.93277e+10 2.13412e-10 0.0001 0.481861 2.13412e-14 0.167338
5.95559e+10 1.95892e-10 0.0001 0.481994 1.95892e-14 0.172185
5.9785e+10 1.79758e-10 0.0001 0.482127 1.79758e-14 0.177189
6.00149e+10 1.64904e-10 0.0001 0.482261 1.64904e-14 0.182357
6.02458e+10 1.51233e-10 0.0001 0.482394 1.51233e-14 0.187694
6.04775e+10 1.38654e-10 0.0001 0.482528 1.38654e-14 0.193207
6.07101e+10 1.27084e-10 0.0001 0.482661 1.27084e-14 0.198901
6.09436e+10 1.16444e-10 0.0001 0.482794 1.16444e-14 0.204783
6.1178e+10 1.06664e-10 0.0001 0.482928 1.06664e-14 0.21086
6.14133e+10 9.7675e-11 0.0001 0.483061 9.7675e-15 0.21714
6.16496e+10 8.9417e-11 0.0001 0.483194 8.9417e-15 0.223628
6.18867e+10 8.18323e-11 0.0001 0.483328 8.18323e-15 0.230334
6.21247e+10 7.48683e-11 0.0001 0.483461 7.48683e-15 0.237265
6.23637e+10 6.84759e-11 0.0001 0.483595 6.84759e-15 0.24443
6.26035e+10 6.26102e-11 0.0001 0.483728 6.26102e-15 0.251836
6.28443e+10 5.72294e-11 0.0001 0.483861 5.72294e-15 0.259494
6.3086e+10 5.22948e-11 0.0001 0.483995 5.22948e-15 0.267412
6.33287e+10 4.77709e-11 0.0001 0.484128 4.77709e-15 0.2756
6.35723e+10 4.36248e-11 0.0001 0.484261 4.36248e-15 0.284068
6.38168e+10 3.98261e-11 0.0001 0.484395 3.98261e-15 0.292827
6.40623e+10 3.63468e-11 0.0001 0.484528 3.63468e-15 0.301887
6.43087e+10 3.3161e-11 0.0001 0.484662 3.3161e-15 0.311261
6.4556e+10 3.02449e-11 0.0001 0.484795 3.02449e-15 0.320959
6.48043e+10 2.75765e-11 0.0001 0.484928 2.75765e-15 0.330994
6.50536e+10 2.51355e-11 0.0001 0.485062 2.51355e-15 0.34138
6.53038e+10 2.29032e-11 0.0001 0.485195 2.29032e-15 0.352128
6.5555e+10 2.08625e-11 0.0001 0.485328 2.08625e-15 0.363255
6.58071e+10 1.89975e-11 0.0001 0.485462 1.89975e-15 0.374772
6.60602e+10 1.72937e-11 0.0001 0.485595 1.72937e-15 0.386697
6.63143e+10 1.57375e-11 0.0001 0.485729 1.57375e-15 0.399044
6.65694e+10 1.43167e-11 0.0001 0.485862 1.43167e-15 0.411831
6.68254e+10 1.30199e-11 0.0001 0.485995 1.30199e-15 0.425073
6.70824e+10 1.18367e-11 0.0001 0.486129 1.18367e-15 0.438789
6.73405e+10 1.07575e-11 0.0001 0.486262 1.07575e-15 0.452998
6.75995e+10 9.77346e-12 0.0001 0.486395 9.77346e-16 0.467718
6.78595e+10 8.87647e-12 0.0001 0.486529 8.87647e-16 0.48297
6.81205e+10 8.05912e-12 0.0001 0.486662 8.05912e-16 0.498774
6.83825e+10 7.31458e-12 0.0001 0.486796 7.31458e-16 0.515154
6.86455e+10 6.63659e-12 0.0001 0.486929 6.63659e-16 0.532131
6.89096e+10 6.01942e-12 0.0001 0.487062 6.01942e-16 0.549729
6.91746e+10 5.45779e-12 0.0001 0.487196 5.45779e-16 0.567973
6.94407e+10 4.94689e-12 0.0001 0.487329 4.94689e-16 0.586889
6.97078e+10 4.48228e-12 0.0001 0.487462 4.48228e-16 0.606504
6.99759e+10 4.05991e-12 0.0001 0.487596 4.05991e-16 0.626846
7.0245e+10 3.67609e-12 0.0001 0.487729 3.67609e-16 0.647945
7.05152e+10 3.3274e-12 0.0001 0.487863 3.3274e-16 0.669831
7.07864e+10 3.01074e-12 0.0001 0.487996 3.01074e-16 0.692536
7.10587e+10 2.72327e-12 0.0001 0.488129 2.72327e-16 0.716094
7.1332e+10 2.46239e-12 0.0001 0.488263 2.46239e-16 0.740539
7.16064e+10 2.22572e-12 0.0001 0.488396 2.22572e-16 0.765908
7.18818e+10 2.01109e-12 0.0001 0.48853 2.01109e-16 0.792239
7.21583e+10 1.81651e-12 0.0001 0.488663 1.81651e-16 0.819572
7.24358e+10 1.64018e-12 0.0001 0.488796 1.64018e-16 0.847948
7.27144e+10 1.48044e-12 0.0001 0.48893 1.48044e-16 0.877411
7.29941e+10 1.33578e-12 0.0001 0.489063 1.33578e-16 0.908005
7.32749e+10 1.20482e-12 0.0001 0.489196 1.20482e-16 0.939779
7.35567e+10 1.08631e-12 0.0001 0.48933 1.08631e-16 0.972781
7.38396e+10 1e-12 0.0001 0.489463 1e-16 1
7.41236e+10 1e-12 0.0001 0.489597 1e-16 1
7.44087e+10 1e-12 0.0001 0.48973 1e-16 1
7.46949e+10 1e-12 0.0001 0.489863 1e-16 1
7.49822e+10 1e-12 0.0001 0.489997 1e-16 1
7.52706e+10 1e-12 0.0001 0.49013 1e-16 1
7.55601e+10 1e-12 0.0001 0.490263 1e-16 1
7.58508e+10 1e-12 0.0001 0.490397 1e-16 1
7.61425e+10 1e-12 0.0001 0.49053 1e-16 1
7.64354e+10 1e-12 0.0001 0.490664 1e-16 1
7.67294e+10 1e-12 0.0001 0.490797 1e-16 1
7.70245e+10 1e-12 0.0001 0.49093 1e-16 1
7.73208e+10 1e-12 0.0001 0.491064 1e-16 1
7.76182e+10 1e-12 0.0001 0.491197 1e-16 1
7.79167e+10 1e-12 0.0001 0.49133 1e-16 1
7.82164e+10 1e-12 0.0001 0.491464 1e-16 1
7.85172e+10 1e-12 0.0001 0.491597 1e-16 1
7.88192e+10 1e-12 0.0001 0.491731 1e-16 1
7.91224e+10 1e-12 0.0001 0.491864 1e-16 1
7.94267e+10 1e-12 0.0001 0.491997 1e-16 1
7.97322e+10 1e-12 0.0001 0.492131 1e-16 1
8.00389e+10 1e-12 0.0001 0.492264 1e-16 1
8.03468e+10 1e-12 0.0001 0.492397 1e-16 1
8.06558e+10 1e-12 0.0001 0.492531 1e-16 1
8.0966e+10 1e-12 0.0001 0.492664 1e-16 1
8.12774e+10 1e-12 0.0001 0.492798 1e-16 1
8.15901e+10 1e-12 0.0001 0.492931 1e-16 1
8.19039e+10 1e-12 0.0001 0.493064 1e-16 1
8.22189e+10 1e-12 0.0001 0.493198 1e-16 1
8.25351e+10 1e-12 0.0001 0.493331 1e-16 1
8.28526e+10 1e-12 0.0001 0.493464 1e-16 1
8.31713e+10 1e-12 0.0001 0.493598 1e-16 1
8.34912e+10 1e-12 0.0001 0.493731 1e-16 1
8.38123e+10 1e-12 0.0001 0.493865 1e-16 1
8.41347e+10 1e-12 0.0001 0.493998 1e-16 1
8.44583e+10 1e-12 0.0001 0.494131 1e-16 1
8.47831e+10 1e-12 0.0001 0.494265 1e-16 1
8.51092e+10 1e-12 0.0001 0.494398 1e-16 1
8.54366e+10 1e-12 0.0001 0.494532 1e-16 1
8.57652e+10 1e-12 0.0001 0.494665 1e-16 1
8.60951e+10 1e-12 0.0001 0.494798 1e-16 1
8.64262e+10 1e-12 0.0001 0.494932 1e-16 1
8.67586e+10 1e-12 0.0001 0.495065 1e-16 1
8.70923e+10 1e-12 0.0001 0.495198 1e-16 1
8.74273e+10 1e-12 0.0001 0.495332 1e-16 1
8.77636e+10 1e-12 0.0001 0.495465 1e-16 1
8.81012e+10 1e-12 0.0001 0.495599 1e-16 1
8.844e+10 1e-12 0.0001 0.495732 1e-16 1
8.87802e+10 1e-12 0.0001 0.495865 1e-16 1
8.91217e+10 1e-12 0.0001 0.495999 1e-16 1
8.94645e+10 1e-12 0.0001 0.496132 1e-16 1
8.98086e+10 1e-12 0.0001 0.496265 1e-16 1
9.0154e+10 1e-12 0.0001 0.496399 1e-16 1
9.05008e+10 1e-12 0.0001 0.496532 1e-16 1
9.08489e+10 1e-12 0.0001 0.496666 1e-16 1
9.11983e+10 1e-12 0.0001 0.496799 1e-16 1
9.15491e+10 1e-12 0.0001 0.496932 1e-16 1
9.19012e+10 1e-12 0.0001 0.497066 1e-16 1
9.22547e+10 1e-12 0.0001 0.497199 1e-16 1
9.26095e+10 1e-12 0.0001 0.497332 1e-16 1
9.29657e+10 1e-12 0.0001 0.497466 1e-16 1
9.33233e+10 1e-12 0.0001 0.497599 1e-16 1
9.36822e+10 1e-12 0.0001 0.497733 1e-16 1
9.40426e+10 1e-12 0.0001 0.497866 1e-16 1
9.44043e+10 1e-12 0.0001 0.497999 1e-16 1
9.47674e+10 1e-12 0.0001 0.498133 1e-16 1
9.51319e+10 1e-12 0.0001 0.498266 1e-16 1
9.54978e+10 1e-12 0.0001 0.498399 1e-16 1
9.58651e+10 1e-12 0.0001 0.498533 1e-16 1
9.62338e+10 1e-12 0.0001 0.498666 1e-16 1
9.6604e+10 1e-12 0.0001 0.4988 1e-16 1
9.69755e+10 1e-12 0.0001 0.498933 1e-16 1
9.73485e+10 1e-12 0.0001 0.499066 1e-16 1
9.7723e+10 1e-12 0.0001 0.4992 1e-16 1
9.80988e+10 1e-12 0.0001 0.499333 1e-16 1
9.84762e+10 1e-12 0.0001 0.499466 1e-16 1
9.88549e+10 1e-12 0.0001 0.4996 1e-16 1
9.92352e+10 1e-12 0.0001 0.499733 1e-16 1
9.96168e+10 1e-12 0.0001 0.499867 1e-16 1
1e+11 1e-12 0.0001 0.5 1e-16 1
