# Benchmark 3: UHE neutrino attenuation / DIS optical-depth profile
# rho(r) = rho_c/[1+(r/rc)^n] + rho_env*(r/r_env)^(-2)*exp[-r/Rcut]
# Designed for tau(E) = integral n_b(r)*sigma_DIS(E)*dr tests
# columns: r_cm dens_gcm3 temp_MeV ye pres_dummy entr_dummy
1e+06 1.09911e+12 18.1818 0.08 1.99838e+13 0.0017618
1.00385e+06 1.09145e+12 18.1755 0.0801067 1.98376e+13 0.0017653
1.00771e+06 1.08385e+12 18.1691 0.0802134 1.96926e+13 0.00176879
1.01158e+06 1.07631e+12 18.1627 0.0803201 1.95487e+13 0.00177229
1.01547e+06 1.06883e+12 18.1563 0.0804268 1.94059e+13 0.00177579
1.01938e+06 1.0614e+12 18.1498 0.0805335 1.92642e+13 0.00177929
1.0233e+06 1.05403e+12 18.1434 0.0806402 1.91237e+13 0.00178279
1.02724e+06 1.04672e+12 18.1369 0.0807469 1.89842e+13 0.0017863
1.03119e+06 1.03946e+12 18.1304 0.0808536 1.88458e+13 0.0017898
1.03515e+06 1.03226e+12 18.1239 0.0809603 1.87085e+13 0.00179331
1.03914e+06 1.02511e+12 18.1174 0.081067 1.85723e+13 0.00179682
1.04313e+06 1.01802e+12 18.1108 0.0811737 1.84371e+13 0.00180033
1.04714e+06 1.01098e+12 18.1042 0.0812804 1.8303e+13 0.00180385
1.05117e+06 1.00399e+12 18.0976 0.0813871 1.81699e+13 0.00180736
1.05522e+06 9.9706e+11 18.091 0.0814938 1.80378e+13 0.00181088
1.05927e+06 9.9018e+11 18.0844 0.0816005 1.79068e+13 0.0018144
1.06335e+06 9.83354e+11 18.0777 0.0817072 1.77768e+13 0.00181791
1.06744e+06 9.76579e+11 18.071 0.0818139 1.76478e+13 0.00182144
1.07154e+06 9.69855e+11 18.0643 0.0819206 1.75198e+13 0.00182496
1.07567e+06 9.63183e+11 18.0576 0.0820273 1.73928e+13 0.00182848
1.0798e+06 9.56562e+11 18.0509 0.082134 1.72668e+13 0.00183201
1.08396e+06 9.49991e+11 18.0441 0.0822407 1.71417e+13 0.00183553
1.08813e+06 9.43471e+11 18.0373 0.0823474 1.70177e+13 0.00183906
1.09231e+06 9.37e+11 18.0305 0.0824542 1.68946e+13 0.00184259
1.09651e+06 9.30578e+11 18.0237 0.0825609 1.67724e+13 0.00184612
1.10073e+06 9.24205e+11 18.0168 0.0826676 1.66512e+13 0.00184965
1.10496e+06 9.1788e+11 18.01 0.0827743 1.6531e+13 0.00185318
1.10921e+06 9.11604e+11 18.0031 0.082881 1.64117e+13 0.00185671
1.11348e+06 9.05376e+11 17.9962 0.0829877 1.62933e+13 0.00186025
1.11776e+06 8.99195e+11 17.9892 0.0830944 1.61758e+13 0.00186378
1.12206e+06 8.93061e+11 17.9823 0.0832011 1.60593e+13 0.00186732
1.12638e+06 8.86973e+11 17.9753 0.0833078 1.59436e+13 0.00187085
1.13071e+06 8.80932e+11 17.9683 0.0834145 1.58289e+13 0.00187439
1.13506e+06 8.74937e+11 17.9613 0.0835212 1.5715e+13 0.00187793
1.13942e+06 8.68988e+11 17.9542 0.0836279 1.5602e+13 0.00188146
1.14381e+06 8.63083e+11 17.9472 0.0837346 1.54899e+13 0.001885
1.14821e+06 8.57224e+11 17.9401 0.0838413 1.53787e+13 0.00188854
1.15262e+06 8.51409e+11 17.933 0.083948 1.52683e+13 0.00189208
1.15706e+06 8.45639e+11 17.9259 0.0840547 1.51588e+13 0.00189562
1.16151e+06 8.39912e+11 17.9187 0.0841614 1.50502e+13 0.00189916
1.16597e+06 8.34229e+11 17.9116 0.0842681 1.49423e+13 0.00190271
1.17046e+06 8.28589e+11 17.9044 0.0843748 1.48354e+13 0.00190625
1.17496e+06 8.22992e+11 17.8972 0.0844815 1.47292e+13 0.00190979
1.17948e+06 8.17437e+11 17.8899 0.0845882 1.46239e+13 0.00191333
1.18402e+06 8.11925e+11 17.8827 0.0846949 1.45194e+13 0.00191687
1.18857e+06 8.06455e+11 17.8754 0.0848016 1.44157e+13 0.00192042
1.19314e+06 8.01026e+11 17.8681 0.0849083 1.43128e+13 0.00192396
1.19773e+06 7.95638e+11 17.8608 0.085015 1.42107e+13 0.0019275
1.20234e+06 7.90291e+11 17.8534 0.0851217 1.41094e+13 0.00193104
1.20696e+06 7.84985e+11 17.846 0.0852284 1.40089e+13 0.00193459
1.21161e+06 7.79719e+11 17.8387 0.0853351 1.39091e+13 0.00193813
1.21627e+06 7.74494e+11 17.8312 0.0854418 1.38102e+13 0.00194167
1.22094e+06 7.69307e+11 17.8238 0.0855485 1.3712e+13 0.00194521
1.22564e+06 7.64161e+11 17.8164 0.0856552 1.36146e+13 0.00194876
1.23035e+06 7.59053e+11 17.8089 0.0857619 1.35179e+13 0.0019523
1.23509e+06 7.53984e+11 17.8014 0.0858686 1.34219e+13 0.00195584
1.23984e+06 7.48953e+11 17.7939 0.0859753 1.33268e+13 0.00195938
1.24461e+06 7.43961e+11 17.7863 0.086082 1.32323e+13 0.00196292
1.24939e+06 7.39006e+11 17.7787 0.0861887 1.31386e+13 0.00196646
1.2542e+06 7.34089e+11 17.7711 0.0862954 1.30456e+13 0.00197
1.25902e+06 7.2921e+11 17.7635 0.0864021 1.29533e+13 0.00197354
1.26386e+06 7.24367e+11 17.7559 0.0865088 1.28618e+13 0.00197707
1.26873e+06 7.19561e+11 17.7482 0.0866155 1.27709e+13 0.00198061
1.27361e+06 7.14791e+11 17.7406 0.0867222 1.26808e+13 0.00198415
1.2785e+06 7.10058e+11 17.7328 0.0868289 1.25913e+13 0.00198768
1.28342e+06 7.0536e+11 17.7251 0.0869356 1.25026e+13 0.00199122
1.28836e+06 7.00698e+11 17.7174 0.0870423 1.24145e+13 0.00199475
1.29331e+06 6.96071e+11 17.7096 0.087149 1.23271e+13 0.00199828
1.29829e+06 6.9148e+11 17.7018 0.0872558 1.22404e+13 0.00200182
1.30328e+06 6.86923e+11 17.694 0.0873625 1.21544e+13 0.00200535
1.30829e+06 6.824e+11 17.6861 0.0874692 1.2069e+13 0.00200888
1.31333e+06 6.77912e+11 17.6783 0.0875759 1.19843e+13 0.0020124
1.31838e+06 6.73458e+11 17.6704 0.0876826 1.19003e+13 0.00201593
1.32345e+06 6.69037e+11 17.6625 0.0877893 1.18168e+13 0.00201946
1.32854e+06 6.6465e+11 17.6545 0.087896 1.17341e+13 0.00202298
1.33365e+06 6.60296e+11 17.6466 0.0880027 1.1652e+13 0.0020265
1.33878e+06 6.55975e+11 17.6386 0.0881094 1.15705e+13 0.00203002
1.34393e+06 6.51687e+11 17.6306 0.0882161 1.14896e+13 0.00203354
1.3491e+06 6.47431e+11 17.6225 0.0883228 1.14094e+13 0.00203706
1.35429e+06 6.43207e+11 17.6145 0.0884295 1.13298e+13 0.00204058
1.3595e+06 6.39015e+11 17.6064 0.0885362 1.12508e+13 0.00204409
1.36472e+06 6.34854e+11 17.5983 0.0886429 1.11724e+13 0.00204761
1.36997e+06 6.30725e+11 17.5902 0.0887496 1.10946e+13 0.00205112
1.37524e+06 6.26628e+11 17.582 0.0888563 1.10174e+13 0.00205463
1.38053e+06 6.22561e+11 17.5739 0.088963 1.09408e+13 0.00205813
1.38584e+06 6.18525e+11 17.5657 0.0890697 1.08648e+13 0.00206164
1.39117e+06 6.14519e+11 17.5575 0.0891764 1.07894e+13 0.00206514
1.39652e+06 6.10543e+11 17.5492 0.0892831 1.07146e+13 0.00206864
1.4019e+06 6.06598e+11 17.5409 0.0893898 1.06403e+13 0.00207214
1.40729e+06 6.02682e+11 17.5327 0.0894965 1.05666e+13 0.00207564
1.4127e+06 5.98795e+11 17.5243 0.0896032 1.04935e+13 0.00207913
1.41813e+06 5.94938e+11 17.516 0.0897099 1.04209e+13 0.00208262
1.42359e+06 5.9111e+11 17.5076 0.0898166 1.03489e+13 0.00208611
1.42906e+06 5.87311e+11 17.4992 0.0899233 1.02775e+13 0.0020896
1.43456e+06 5.8354e+11 17.4908 0.09003 1.02066e+13 0.00209309
1.44008e+06 5.79798e+11 17.4824 0.0901367 1.01363e+13 0.00209657
1.44562e+06 5.76084e+11 17.4739 0.0902434 1.00664e+13 0.00210005
1.45118e+06 5.72397e+11 17.4655 0.0903501 9.99718e+12 0.00210352
1.45676e+06 5.68739e+11 17.4569 0.0904568 9.92844e+12 0.002107
1.46236e+06 5.65108e+11 17.4484 0.0905635 9.86023e+12 0.00211047
1.46799e+06 5.61504e+11 17.4399 0.0906702 9.79254e+12 0.00211394
1.47363e+06 5.57927e+11 17.4313 0.0907769 9.72537e+12 0.0021174
1.4793e+06 5.54377e+11 17.4227 0.0908836 9.65872e+12 0.00212086
1.48499e+06 5.50854e+11 17.414 0.0909903 9.59258e+12 0.00212432
1.4907e+06 5.47357e+11 17.4054 0.091097 9.52695e+12 0.00212778
1.49644e+06 5.43886e+11 17.3967 0.0912037 9.46182e+12 0.00213123
1.50219e+06 5.40441e+11 17.388 0.0913104 9.39719e+12 0.00213468
1.50797e+06 5.37022e+11 17.3793 0.0914171 9.33305e+12 0.00213813
1.51377e+06 5.33629e+11 17.3705 0.0915238 9.26941e+12 0.00214157
1.51959e+06 5.30261e+11 17.3617 0.0916305 9.20625e+12 0.00214501
1.52544e+06 5.26918e+11 17.3529 0.0917372 9.14357e+12 0.00214845
1.5313e+06 5.23601e+11 17.3441 0.0918439 9.08138e+12 0.00215188
1.53719e+06 5.20308e+11 17.3352 0.0919507 9.01966e+12 0.00215531
1.54311e+06 5.17039e+11 17.3264 0.0920574 8.95841e+12 0.00215874
1.54904e+06 5.13796e+11 17.3175 0.0921641 8.89763e+12 0.00216216
1.555e+06 5.10576e+11 17.3085 0.0922708 8.83731e+12 0.00216558
1.56098e+06 5.0738e+11 17.2996 0.0923775 8.77746e+12 0.00216899
1.56699e+06 5.04208e+11 17.2906 0.0924842 8.71806e+12 0.0021724
1.57301e+06 5.0106e+11 17.2816 0.0925909 8.65911e+12 0.00217581
1.57906e+06 4.97935e+11 17.2726 0.0926976 8.60062e+12 0.00217921
1.58514e+06 4.94834e+11 17.2635 0.0928043 8.54256e+12 0.00218261
1.59123e+06 4.91756e+11 17.2544 0.092911 8.48496e+12 0.002186
1.59735e+06 4.887e+11 17.2453 0.0930177 8.42779e+12 0.00218939
1.6035e+06 4.85667e+11 17.2362 0.0931244 8.37105e+12 0.00219278
1.60967e+06 4.82657e+11 17.227 0.0932311 8.31475e+12 0.00219616
1.61586e+06 4.79669e+11 17.2178 0.0933378 8.25887e+12 0.00219954
1.62207e+06 4.76704e+11 17.2086 0.0934445 8.20342e+12 0.00220291
1.62831e+06 4.7376e+11 17.1994 0.0935512 8.14839e+12 0.00220628
1.63457e+06 4.70838e+11 17.1901 0.0936579 8.09378e+12 0.00220964
1.64086e+06 4.67938e+11 17.1809 0.0937646 8.03958e+12 0.002213
1.64717e+06 4.65059e+11 17.1716 0.0938713 7.98579e+12 0.00221636
1.65351e+06 4.62202e+11 17.1622 0.093978 7.93241e+12 0.00221971
1.65987e+06 4.59366e+11 17.1529 0.0940847 7.87943e+12 0.00222305
1.66625e+06 4.56551e+11 17.1435 0.0941914 7.82686e+12 0.0022264
1.67266e+06 4.53756e+11 17.1341 0.0942981 7.77468e+12 0.00222973
1.67909e+06 4.50982e+11 17.1246 0.0944048 7.7229e+12 0.00223306
1.68555e+06 4.48229e+11 17.1152 0.0945115 7.67151e+12 0.00223639
1.69204e+06 4.45496e+11 17.1057 0.0946182 7.6205e+12 0.00223971
1.69854e+06 4.42783e+11 17.0961 0.0947249 7.56988e+12 0.00224303
1.70508e+06 4.4009e+11 17.0866 0.0948316 7.51965e+12 0.00224634
1.71163e+06 4.37417e+11 17.077 0.0949383 7.46979e+12 0.00224964
1.71822e+06 4.34764e+11 17.0674 0.095045 7.42031e+12 0.00225295
1.72483e+06 4.3213e+11 17.0578 0.0951517 7.3712e+12 0.00225624
1.73146e+06 4.29515e+11 17.0482 0.0952584 7.32245e+12 0.00225953
1.73812e+06 4.2692e+11 17.0385 0.0953651 7.27408e+12 0.00226282
1.74481e+06 4.24344e+11 17.0288 0.0954718 7.22607e+12 0.0022661
1.75152e+06 4.21786e+11 17.0191 0.0955785 7.17842e+12 0.00226937
1.75825e+06 4.19248e+11 17.0093 0.0956852 7.13112e+12 0.00227264
1.76502e+06 4.16728e+11 16.9996 0.0957919 7.08418e+12 0.0022759
1.77181e+06 4.14226e+11 16.9897 0.0958986 7.0376e+12 0.00227916
1.77862e+06 4.11743e+11 16.9799 0.0960053 6.99136e+12 0.00228241
1.78546e+06 4.09278e+11 16.9701 0.096112 6.94546e+12 0.00228566
1.79233e+06 4.0683e+11 16.9602 0.0962187 6.89991e+12 0.0022889
1.79922e+06 4.04401e+11 16.9503 0.0963254 6.8547e+12 0.00229213
1.80614e+06 4.01989e+11 16.9403 0.0964321 6.80983e+12 0.00229536
1.81309e+06 3.99595e+11 16.9304 0.0965388 6.76529e+12 0.00229858
1.82006e+06 3.97218e+11 16.9204 0.0966455 6.72108e+12 0.0023018
1.82706e+06 3.94859e+11 16.9104 0.0967523 6.67721e+12 0.00230501
1.83409e+06 3.92516e+11 16.9003 0.096859 6.63366e+12 0.00230821
1.84115e+06 3.90191e+11 16.8903 0.0969657 6.59043e+12 0.00231141
1.84823e+06 3.87883e+11 16.8802 0.0970724 6.54752e+12 0.0023146
1.85534e+06 3.85591e+11 16.87 0.0971791 6.50493e+12 0.00231779
1.86247e+06 3.83315e+11 16.8599 0.0972858 6.46266e+12 0.00232097
1.86964e+06 3.81057e+11 16.8497 0.0973925 6.4207e+12 0.00232414
1.87683e+06 3.78814e+11 16.8395 0.0974992 6.37905e+12 0.00232731
1.88405e+06 3.76588e+11 16.8293 0.0976059 6.3377e+12 0.00233047
1.89129e+06 3.74377e+11 16.819 0.0977126 6.29667e+12 0.00233362
1.89857e+06 3.72183e+11 16.8087 0.0978193 6.25593e+12 0.00233677
1.90587e+06 3.70004e+11 16.7984 0.097926 6.2155e+12 0.00233991
1.9132e+06 3.67841e+11 16.7881 0.0980327 6.17536e+12 0.00234305
1.92056e+06 3.65694e+11 16.7777 0.0981394 6.13552e+12 0.00234618
1.92795e+06 3.63562e+11 16.7673 0.0982461 6.09597e+12 0.0023493
1.93536e+06 3.61445e+11 16.7569 0.0983528 6.05671e+12 0.00235241
1.94281e+06 3.59343e+11 16.7465 0.0984595 6.01773e+12 0.00235552
1.95028e+06 3.57256e+11 16.736 0.0985662 5.97905e+12 0.00235862
1.95778e+06 3.55185e+11 16.7255 0.0986729 5.94064e+12 0.00236172
1.96531e+06 3.53127e+11 16.715 0.0987796 5.90252e+12 0.00236481
1.97287e+06 3.51085e+11 16.7044 0.0988863 5.86468e+12 0.00236789
1.98046e+06 3.49057e+11 16.6939 0.098993 5.82711e+12 0.00237096
1.98808e+06 3.47043e+11 16.6832 0.0990997 5.78981e+12 0.00237403
1.99572e+06 3.45044e+11 16.6726 0.0992064 5.75278e+12 0.00237709
2.0034e+06 3.43059e+11 16.6619 0.0993131 5.71603e+12 0.00238014
2.0111e+06 3.41088e+11 16.6513 0.0994198 5.67954e+12 0.00238319
2.01884e+06 3.3913e+11 16.6405 0.0995265 5.64331e+12 0.00238623
2.0266e+06 3.37187e+11 16.6298 0.0996332 5.60735e+12 0.00238926
2.0344e+06 3.35257e+11 16.619 0.0997399 5.57165e+12 0.00239228
2.04222e+06 3.33341e+11 16.6082 0.0998466 5.5362e+12 0.0023953
2.05008e+06 3.31438e+11 16.5974 0.0999533 5.50101e+12 0.00239831
2.05796e+06 3.29549e+11 16.5865 0.10006 5.46607e+12 0.00240132
2.06588e+06 3.27672e+11 16.5757 0.100167 5.43139e+12 0.00240431
2.07383e+06 3.25809e+11 16.5648 0.100273 5.39695e+12 0.0024073
2.0818e+06 3.23959e+11 16.5538 0.10038 5.36276e+12 0.00241028
2.08981e+06 3.22122e+11 16.5429 0.100487 5.32881e+12 0.00241326
2.09785e+06 3.20297e+11 16.5319 0.100594 5.29511e+12 0.00241623
2.10592e+06 3.18485e+11 16.5208 0.1007 5.26165e+12 0.00241919
2.11402e+06 3.16686e+11 16.5098 0.100807 5.22842e+12 0.00242214
2.12215e+06 3.14899e+11 16.4987 0.100914 5.19544e+12 0.00242508
2.13031e+06 3.13125e+11 16.4876 0.10102 5.16268e+12 0.00242802
2.1385e+06 3.11362e+11 16.4765 0.101127 5.13016e+12 0.00243095
2.14673e+06 3.09612e+11 16.4653 0.101234 5.09787e+12 0.00243387
2.15499e+06 3.07874e+11 16.4542 0.10134 5.06581e+12 0.00243679
2.16327e+06 3.06148e+11 16.4429 0.101447 5.03397e+12 0.0024397
2.1716e+06 3.04434e+11 16.4317 0.101554 5.00236e+12 0.0024426
2.17995e+06 3.02731e+11 16.4204 0.101661 4.97097e+12 0.00244549
2.18833e+06 3.0104e+11 16.4091 0.101767 4.9398e+12 0.00244837
2.19675e+06 2.9936e+11 16.3978 0.101874 4.90885e+12 0.00245125
2.2052e+06 2.97692e+11 16.3865 0.101981 4.87812e+12 0.00245412
2.21368e+06 2.96035e+11 16.3751 0.102087 4.8476e+12 0.00245698
2.2222e+06 2.9439e+11 16.3637 0.102194 4.81729e+12 0.00245984
2.23074e+06 2.92755e+11 16.3522 0.102301 4.7872e+12 0.00246269
2.23932e+06 2.91131e+11 16.3408 0.102407 4.75731e+12 0.00246553
2.24794e+06 2.89519e+11 16.3293 0.102514 4.72764e+12 0.00246836
2.25658e+06 2.87917e+11 16.3178 0.102621 4.69816e+12 0.00247118
2.26526e+06 2.86326e+11 16.3062 0.102728 4.66889e+12 0.002474
2.27397e+06 2.84746e+11 16.2946 0.102834 4.63983e+12 0.00247681
2.28272e+06 2.83176e+11 16.283 0.102941 4.61096e+12 0.00247961
2.2915e+06 2.81616e+11 16.2714 0.103048 4.58229e+12 0.0024824
2.30031e+06 2.80067e+11 16.2597 0.103154 4.55382e+12 0.00248519
2.30916e+06 2.78528e+11 16.2481 0.103261 4.52555e+12 0.00248797
2.31804e+06 2.77e+11 16.2363 0.103368 4.49746e+12 0.00249074
2.32696e+06 2.75481e+11 16.2246 0.103474 4.46957e+12 0.0024935
2.33591e+06 2.73972e+11 16.2128 0.103581 4.44187e+12 0.00249626
2.34489e+06 2.72474e+11 16.201 0.103688 4.41436e+12 0.00249901
2.35391e+06 2.70985e+11 16.1892 0.103795 4.38703e+12 0.00250175
2.36297e+06 2.69506e+11 16.1773 0.103901 4.35989e+12 0.00250448
2.37206e+06 2.68036e+11 16.1655 0.104008 4.33293e+12 0.00250721
2.38118e+06 2.66576e+11 16.1535 0.104115 4.30615e+12 0.00250993
2.39034e+06 2.65126e+11 16.1416 0.104221 4.27955e+12 0.00251264
2.39953e+06 2.63684e+11 16.1296 0.104328 4.25313e+12 0.00251534
2.40876e+06 2.62252e+11 16.1176 0.104435 4.22689e+12 0.00251803
2.41803e+06 2.6083e+11 16.1056 0.104542 4.20082e+12 0.00252072
2.42733e+06 2.59416e+11 16.0936 0.104648 4.17493e+12 0.0025234
2.43666e+06 2.58012e+11 16.0815 0.104755 4.14921e+12 0.00252608
2.44604e+06 2.56616e+11 16.0694 0.104862 4.12366e+12 0.00252874
2.45544e+06 2.55229e+11 16.0572 0.104968 4.09828e+12 0.0025314
2.46489e+06 2.53851e+11 16.0451 0.105075 4.07306e+12 0.00253405
2.47437e+06 2.52482e+11 16.0329 0.105182 4.04801e+12 0.00253669
2.48389e+06 2.51121e+11 16.0207 0.105288 4.02313e+12 0.00253933
2.49344e+06 2.49769e+11 16.0084 0.105395 3.99841e+12 0.00254196
2.50303e+06 2.48426e+11 15.9961 0.105502 3.97385e+12 0.00254458
2.51266e+06 2.47091e+11 15.9838 0.105609 3.94945e+12 0.00254719
2.52232e+06 2.45764e+11 15.9715 0.105715 3.92521e+12 0.0025498
2.53202e+06 2.44445e+11 15.9591 0.105822 3.90113e+12 0.0025524
2.54176e+06 2.43134e+11 15.9467 0.105929 3.8772e+12 0.00255499
2.55154e+06 2.41832e+11 15.9343 0.106035 3.85342e+12 0.00255758
2.56135e+06 2.40538e+11 15.9219 0.106142 3.8298e+12 0.00256015
2.57121e+06 2.39251e+11 15.9094 0.106249 3.80633e+12 0.00256272
2.58109e+06 2.37972e+11 15.8969 0.106355 3.78302e+12 0.00256529
2.59102e+06 2.36702e+11 15.8843 0.106462 3.75985e+12 0.00256784
2.60099e+06 2.35438e+11 15.8718 0.106569 3.73682e+12 0.00257039
2.61099e+06 2.34183e+11 15.8592 0.106676 3.71395e+12 0.00257294
2.62104e+06 2.32935e+11 15.8466 0.106782 3.69122e+12 0.00257547
2.63112e+06 2.31694e+11 15.8339 0.106889 3.66863e+12 0.002578
2.64124e+06 2.30461e+11 15.8212 0.106996 3.64618e+12 0.00258052
2.6514e+06 2.29236e+11 15.8085 0.107102 3.62388e+12 0.00258304
2.66159e+06 2.28017e+11 15.7958 0.107209 3.60171e+12 0.00258555
2.67183e+06 2.26806e+11 15.783 0.107316 3.57969e+12 0.00258805
2.68211e+06 2.25602e+11 15.7702 0.107422 3.5578e+12 0.00259054
2.69242e+06 2.24405e+11 15.7574 0.107529 3.53604e+12 0.00259303
2.70278e+06 2.23215e+11 15.7446 0.107636 3.51442e+12 0.00259552
2.71318e+06 2.22032e+11 15.7317 0.107743 3.49294e+12 0.00259799
2.72361e+06 2.20855e+11 15.7188 0.107849 3.47158e+12 0.00260046
2.73409e+06 2.19686e+11 15.7059 0.107956 3.45036e+12 0.00260292
2.7446e+06 2.18523e+11 15.6929 0.108063 3.42927e+12 0.00260538
2.75516e+06 2.17367e+11 15.6799 0.108169 3.4083e+12 0.00260783
2.76576e+06 2.16218e+11 15.6669 0.108276 3.38746e+12 0.00261028
2.77639e+06 2.15075e+11 15.6539 0.108383 3.36675e+12 0.00261271
2.78707e+06 2.13938e+11 15.6408 0.108489 3.34617e+12 0.00261515
2.79779e+06 2.12808e+11 15.6277 0.108596 3.3257e+12 0.00261757
2.80855e+06 2.11685e+11 15.6146 0.108703 3.30537e+12 0.00261999
2.81936e+06 2.10567e+11 15.6014 0.10881 3.28515e+12 0.00262241
2.8302e+06 2.09456e+11 15.5882 0.108916 3.26505e+12 0.00262482
2.84109e+06 2.08351e+11 15.575 0.109023 3.24507e+12 0.00262722
2.85201e+06 2.07252e+11 15.5618 0.10913 3.22521e+12 0.00262962
2.86298e+06 2.0616e+11 15.5485 0.109236 3.20547e+12 0.00263201
2.874e+06 2.05073e+11 15.5352 0.109343 3.18584e+12 0.00263439
2.88505e+06 2.03992e+11 15.5219 0.10945 3.16633e+12 0.00263677
2.89615e+06 2.02917e+11 15.5085 0.109557 3.14694e+12 0.00263915
2.90729e+06 2.01847e+11 15.4951 0.109663 3.12765e+12 0.00264152
2.91847e+06 2.00784e+11 15.4817 0.10977 3.10848e+12 0.00264389
2.92969e+06 1.99726e+11 15.4683 0.109877 3.08942e+12 0.00264625
2.94096e+06 1.98674e+11 15.4548 0.109983 3.07047e+12 0.0026486
2.95227e+06 1.97627e+11 15.4413 0.11009 3.05162e+12 0.00265095
2.96363e+06 1.96586e+11 15.4278 0.110197 3.03289e+12 0.0026533
2.97503e+06 1.95551e+11 15.4142 0.110303 3.01426e+12 0.00265564
2.98647e+06 1.94521e+11 15.4006 0.11041 2.99574e+12 0.00265797
2.99796e+06 1.93496e+11 15.387 0.110517 2.97733e+12 0.0026603
3.00949e+06 1.92476e+11 15.3734 0.110624 2.95901e+12 0.00266263
3.02106e+06 1.91462e+11 15.3597 0.11073 2.9408e+12 0.00266495
3.03268e+06 1.90453e+11 15.346 0.110837 2.9227e+12 0.00266727
3.04435e+06 1.89449e+11 15.3323 0.110944 2.90469e+12 0.00266958
3.05606e+06 1.8845e+11 15.3186 0.11105 2.88679e+12 0.00267189
3.06781e+06 1.87457e+11 15.3048 0.111157 2.86898e+12 0.0026742
3.07961e+06 1.86468e+11 15.291 0.111264 2.85128e+12 0.0026765
3.09146e+06 1.85484e+11 15.2771 0.11137 2.83367e+12 0.0026788
3.10335e+06 1.84505e+11 15.2633 0.111477 2.81615e+12 0.00268109
3.11529e+06 1.83531e+11 15.2494 0.111584 2.79874e+12 0.00268338
3.12727e+06 1.82562e+11 15.2355 0.111691 2.78142e+12 0.00268567
3.1393e+06 1.81598e+11 15.2215 0.111797 2.76419e+12 0.00268795
3.15137e+06 1.80638e+11 15.2075 0.111904 2.74706e+12 0.00269023
3.16349e+06 1.79683e+11 15.1935 0.112011 2.73002e+12 0.00269251
3.17566e+06 1.78732e+11 15.1795 0.112117 2.71307e+12 0.00269478
3.18787e+06 1.77786e+11 15.1654 0.112224 2.69621e+12 0.00269705
3.20014e+06 1.76845e+11 15.1514 0.112331 2.67944e+12 0.00269932
3.21244e+06 1.75908e+11 15.1372 0.112437 2.66276e+12 0.00270158
3.2248e+06 1.74976e+11 15.1231 0.112544 2.64617e+12 0.00270384
3.2372e+06 1.74047e+11 15.1089 0.112651 2.62967e+12 0.0027061
3.24966e+06 1.73124e+11 15.0947 0.112758 2.61326e+12 0.00270836
3.26215e+06 1.72204e+11 15.0805 0.112864 2.59693e+12 0.00271062
3.2747e+06 1.71289e+11 15.0663 0.112971 2.58069e+12 0.00271287
3.2873e+06 1.70378e+11 15.052 0.113078 2.56453e+12 0.00271512
3.29994e+06 1.69471e+11 15.0377 0.113184 2.54845e+12 0.00271737
3.31263e+06 1.68569e+11 15.0233 0.113291 2.53246e+12 0.00271961
3.32537e+06 1.6767e+11 15.009 0.113398 2.51656e+12 0.00272186
3.33817e+06 1.66776e+11 14.9946 0.113505 2.50073e+12 0.0027241
3.351e+06 1.65885e+11 14.9801 0.113611 2.48499e+12 0.00272634
3.36389e+06 1.64999e+11 14.9657 0.113718 2.46932e+12 0.00272858
3.37683e+06 1.64116e+11 14.9512 0.113825 2.45374e+12 0.00273082
3.38982e+06 1.63238e+11 14.9367 0.113931 2.43824e+12 0.00273305
3.40286e+06 1.62363e+11 14.9222 0.114038 2.42281e+12 0.00273529
3.41595e+06 1.61492e+11 14.9076 0.114145 2.40747e+12 0.00273753
3.42909e+06 1.60625e+11 14.893 0.114251 2.3922e+12 0.00273976
3.44228e+06 1.59762e+11 14.8784 0.114358 2.377e+12 0.00274199
3.45552e+06 1.58902e+11 14.8638 0.114465 2.36189e+12 0.00274423
3.46881e+06 1.58046e+11 14.8491 0.114572 2.34685e+12 0.00274646
3.48215e+06 1.57194e+11 14.8344 0.114678 2.33188e+12 0.00274869
3.49554e+06 1.56345e+11 14.8197 0.114785 2.31699e+12 0.00275092
3.50899e+06 1.555e+11 14.805 0.114892 2.30217e+12 0.00275315
3.52248e+06 1.54659e+11 14.7902 0.114998 2.28743e+12 0.00275538
3.53603e+06 1.53821e+11 14.7754 0.115105 2.27276e+12 0.00275762
3.54963e+06 1.52986e+11 14.7605 0.115212 2.25816e+12 0.00275985
3.56329e+06 1.52155e+11 14.7457 0.115318 2.24363e+12 0.00276208
3.57699e+06 1.51328e+11 14.7308 0.115425 2.22918e+12 0.00276431
3.59075e+06 1.50503e+11 14.7159 0.115532 2.21479e+12 0.00276655
3.60456e+06 1.49682e+11 14.701 0.115639 2.20047e+12 0.00276878
3.61842e+06 1.48865e+11 14.686 0.115745 2.18623e+12 0.00277102
3.63234e+06 1.48051e+11 14.671 0.115852 2.17205e+12 0.00277325
3.64631e+06 1.4724e+11 14.656 0.115959 2.15794e+12 0.00277549
3.66034e+06 1.46432e+11 14.6409 0.116065 2.1439e+12 0.00277773
3.67442e+06 1.45628e+11 14.6259 0.116172 2.12993e+12 0.00277997
3.68855e+06 1.44827e+11 14.6108 0.116279 2.11603e+12 0.00278221
3.70274e+06 1.44029e+11 14.5956 0.116385 2.10219e+12 0.00278445
3.71698e+06 1.43234e+11 14.5805 0.116492 2.08841e+12 0.0027867
3.73128e+06 1.42442e+11 14.5653 0.116599 2.07471e+12 0.00278894
3.74563e+06 1.41653e+11 14.5501 0.116706 2.06107e+12 0.00279119
3.76003e+06 1.40868e+11 14.5348 0.116812 2.04749e+12 0.00279344
3.7745e+06 1.40085e+11 14.5196 0.116919 2.03398e+12 0.0027957
3.78901e+06 1.39306e+11 14.5043 0.117026 2.02053e+12 0.00279795
3.80359e+06 1.38529e+11 14.489 0.117132 2.00715e+12 0.00280021
3.81822e+06 1.37755e+11 14.4736 0.117239 1.99382e+12 0.00280247
3.8329e+06 1.36985e+11 14.4583 0.117346 1.98057e+12 0.00280474
3.84765e+06 1.36217e+11 14.4429 0.117452 1.96737e+12 0.00280701
3.86244e+06 1.35453e+11 14.4275 0.117559 1.95424e+12 0.00280928
3.8773e+06 1.34691e+11 14.412 0.117666 1.94117e+12 0.00281155
3.89221e+06 1.33932e+11 14.3966 0.117773 1.92816e+12 0.00281383
3.90718e+06 1.33176e+11 14.3811 0.117879 1.91521e+12 0.00281611
3.92221e+06 1.32422e+11 14.3655 0.117986 1.90232e+12 0.00281839
3.9373e+06 1.31672e+11 14.35 0.118093 1.88949e+12 0.00282068
3.95244e+06 1.30924e+11 14.3344 0.118199 1.87672e+12 0.00282297
3.96765e+06 1.30179e+11 14.3188 0.118306 1.86401e+12 0.00282527
3.98291e+06 1.29437e+11 14.3032 0.118413 1.85136e+12 0.00282757
3.99823e+06 1.28698e+11 14.2875 0.11852 1.83877e+12 0.00282987
4.0136e+06 1.27961e+11 14.2718 0.118626 1.82624e+12 0.00283218
4.02904e+06 1.27227e+11 14.2561 0.118733 1.81377e+12 0.00283449
4.04454e+06 1.26496e+11 14.2404 0.11884 1.80136e+12 0.00283681
4.06009e+06 1.25767e+11 14.2247 0.118946 1.789e+12 0.00283913
4.07571e+06 1.25042e+11 14.2089 0.119053 1.7767e+12 0.00284146
4.09139e+06 1.24318e+11 14.1931 0.11916 1.76446e+12 0.00284379
4.10712e+06 1.23598e+11 14.1772 0.119266 1.75227e+12 0.00284613
4.12292e+06 1.2288e+11 14.1614 0.119373 1.74015e+12 0.00284847
4.13878e+06 1.22164e+11 14.1455 0.11948 1.72807e+12 0.00285082
4.1547e+06 1.21452e+11 14.1296 0.119587 1.71606e+12 0.00285317
4.17068e+06 1.20741e+11 14.1137 0.119693 1.7041e+12 0.00285553
4.18672e+06 1.20034e+11 14.0977 0.1198 1.6922e+12 0.0028579
4.20282e+06 1.19329e+11 14.0817 0.119907 1.68035e+12 0.00286027
4.21899e+06 1.18626e+11 14.0657 0.120013 1.66856e+12 0.00286265
4.23522e+06 1.17926e+11 14.0497 0.12012 1.65682e+12 0.00286503
4.25151e+06 1.17229e+11 14.0336 0.120227 1.64514e+12 0.00286742
4.26786e+06 1.16534e+11 14.0175 0.120333 1.63351e+12 0.00286982
4.28427e+06 1.15841e+11 14.0014 0.12044 1.62194e+12 0.00287222
4.30075e+06 1.15151e+11 13.9853 0.120547 1.61042e+12 0.00287463
4.3173e+06 1.14464e+11 13.9691 0.120654 1.59896e+12 0.00287704
4.3339e+06 1.13779e+11 13.9529 0.12076 1.58755e+12 0.00287947
4.35057e+06 1.13096e+11 13.9367 0.120867 1.57619e+12 0.00288189
4.3673e+06 1.12416e+11 13.9205 0.120974 1.56489e+12 0.00288433
4.3841e+06 1.11739e+11 13.9042 0.12108 1.55364e+12 0.00288677
4.40096e+06 1.11063e+11 13.888 0.121187 1.54244e+12 0.00288923
4.41789e+06 1.10391e+11 13.8717 0.121294 1.5313e+12 0.00289168
4.43488e+06 1.0972e+11 13.8553 0.1214 1.52021e+12 0.00289415
4.45194e+06 1.09053e+11 13.839 0.121507 1.50917e+12 0.00289662
4.46907e+06 1.08387e+11 13.8226 0.121614 1.49819e+12 0.0028991
4.48626e+06 1.07724e+11 13.8062 0.121721 1.48726e+12 0.00290159
4.50351e+06 1.07063e+11 13.7898 0.121827 1.47638e+12 0.00290409
4.52083e+06 1.06405e+11 13.7733 0.121934 1.46555e+12 0.00290659
4.53822e+06 1.05749e+11 13.7568 0.122041 1.45478e+12 0.00290911
4.55568e+06 1.05096e+11 13.7403 0.122147 1.44405e+12 0.00291163
4.5732e+06 1.04445e+11 13.7238 0.122254 1.43338e+12 0.00291416
4.59079e+06 1.03796e+11 13.7073 0.122361 1.42276e+12 0.00291669
4.60845e+06 1.0315e+11 13.6907 0.122467 1.4122e+12 0.00291924
4.62617e+06 1.02506e+11 13.6741 0.122574 1.40168e+12 0.00292179
4.64397e+06 1.01865e+11 13.6575 0.122681 1.39121e+12 0.00292436
4.66183e+06 1.01225e+11 13.6409 0.122788 1.3808e+12 0.00292693
4.67976e+06 1.00589e+11 13.6242 0.122894 1.37044e+12 0.00292951
4.69776e+06 9.99541e+10 13.6075 0.123001 1.36013e+12 0.0029321
4.71583e+06 9.93221e+10 13.5908 0.123108 1.34987e+12 0.0029347
4.73397e+06 9.86924e+10 13.5741 0.123214 1.33966e+12 0.00293731
4.75217e+06 9.80651e+10 13.5573 0.123321 1.3295e+12 0.00293992
4.77045e+06 9.74401e+10 13.5405 0.123428 1.31939e+12 0.00294255
4.7888e+06 9.68175e+10 13.5237 0.123535 1.30934e+12 0.00294518
4.80722e+06 9.61972e+10 13.5069 0.123641 1.29933e+12 0.00294783
4.82571e+06 9.55793e+10 13.4901 0.123748 1.28937e+12 0.00295048
4.84427e+06 9.49638e+10 13.4732 0.123855 1.27947e+12 0.00295315
4.8629e+06 9.43506e+10 13.4563 0.123961 1.26961e+12 0.00295582
4.88161e+06 9.37397e+10 13.4394 0.124068 1.25981e+12 0.0029585
4.90038e+06 9.31313e+10 13.4225 0.124175 1.25005e+12 0.0029612
4.91923e+06 9.25251e+10 13.4055 0.124281 1.24035e+12 0.0029639
4.93815e+06 9.19214e+10 13.3885 0.124388 1.23069e+12 0.00296661
4.95715e+06 9.13199e+10 13.3715 0.124495 1.22109e+12 0.00296934
4.97621e+06 9.07209e+10 13.3545 0.124602 1.21153e+12 0.00297207
4.99535e+06 9.01242e+10 13.3375 0.124708 1.20203e+12 0.00297481
5.01457e+06 8.95298e+10 13.3204 0.124815 1.19257e+12 0.00297757
5.03385e+06 8.89378e+10 13.3033 0.124922 1.18317e+12 0.00298033
5.05322e+06 8.83482e+10 13.2862 0.125028 1.17381e+12 0.0029831
5.07265e+06 8.77609e+10 13.2691 0.125135 1.16451e+12 0.00298589
5.09216e+06 8.7176e+10 13.2519 0.125242 1.15525e+12 0.00298868
5.11175e+06 8.65935e+10 13.2347 0.125348 1.14604e+12 0.00299149
5.13141e+06 8.60133e+10 13.2175 0.125455 1.13688e+12 0.0029943
5.15115e+06 8.54355e+10 13.2003 0.125562 1.12778e+12 0.00299713
5.17096e+06 8.48601e+10 13.1831 0.125669 1.11872e+12 0.00299996
5.19085e+06 8.4287e+10 13.1658 0.125775 1.10971e+12 0.00300281
5.21081e+06 8.37163e+10 13.1485 0.125882 1.10075e+12 0.00300567
5.23086e+06 8.3148e+10 13.1312 0.125989 1.09184e+12 0.00300854
5.25098e+06 8.2582e+10 13.1139 0.126095 1.08297e+12 0.00301141
5.27117e+06 8.20185e+10 13.0966 0.126202 1.07416e+12 0.0030143
5.29145e+06 8.14573e+10 13.0792 0.126309 1.0654e+12 0.0030172
5.3118e+06 8.08985e+10 13.0618 0.126415 1.05668e+12 0.00302012
5.33223e+06 8.03421e+10 13.0444 0.126522 1.04802e+12 0.00302304
5.35274e+06 7.9788e+10 13.027 0.126629 1.0394e+12 0.00302597
5.37333e+06 7.92364e+10 13.0095 0.126736 1.03083e+12 0.00302892
5.394e+06 7.86872e+10 12.9921 0.126842 1.02231e+12 0.00303187
5.41474e+06 7.81403e+10 12.9746 0.126949 1.01384e+12 0.00303484
5.43557e+06 7.75959e+10 12.9571 0.127056 1.00542e+12 0.00303781
5.45648e+06 7.70539e+10 12.9396 0.127162 9.97043e+11 0.0030408
5.47746e+06 7.65142e+10 12.922 0.127269 9.88718e+11 0.0030438
5.49853e+06 7.5977e+10 12.9044 0.127376 9.80441e+11 0.00304681
5.51968e+06 7.54422e+10 12.8869 0.127482 9.72213e+11 0.00304983
5.54091e+06 7.49098e+10 12.8693 0.127589 9.64033e+11 0.00305286
5.56222e+06 7.43798e+10 12.8516 0.127696 9.55902e+11 0.00305591
5.58362e+06 7.38522e+10 12.834 0.127803 9.47818e+11 0.00305896
5.60509e+06 7.3327e+10 12.8163 0.127909 9.39783e+11 0.00306203
5.62665e+06 7.28043e+10 12.7986 0.128016 9.31797e+11 0.0030651
5.64829e+06 7.2284e+10 12.7809 0.128123 9.23858e+11 0.00306819
5.67002e+06 7.17661e+10 12.7632 0.128229 9.15967e+11 0.00307129
5.69183e+06 7.12507e+10 12.7455 0.128336 9.08125e+11 0.0030744
5.71372e+06 7.07377e+10 12.7277 0.128443 9.0033e+11 0.00307752
5.7357e+06 7.02271e+10 12.71 0.12855 8.92583e+11 0.00308065
5.75776e+06 6.97189e+10 12.6922 0.128656 8.84884e+11 0.00308379
5.7799e+06 6.92132e+10 12.6743 0.128763 8.77233e+11 0.00308695
5.80214e+06 6.871e+10 12.6565 0.12887 8.69629e+11 0.00309011
5.82445e+06 6.82091e+10 12.6387 0.128976 8.62073e+11 0.00309329
5.84685e+06 6.77108e+10 12.6208 0.129083 8.54564e+11 0.00309648
5.86934e+06 6.72148e+10 12.6029 0.12919 8.47103e+11 0.00309967
5.89192e+06 6.67214e+10 12.585 0.129296 8.39689e+11 0.00310288
5.91458e+06 6.62303e+10 12.5671 0.129403 8.32323e+11 0.0031061
5.93733e+06 6.57418e+10 12.5492 0.12951 8.25004e+11 0.00310933
5.96017e+06 6.52556e+10 12.5312 0.129617 8.17731e+11 0.00311258
5.98309e+06 6.4772e+10 12.5132 0.129723 8.10506e+11 0.00311583
6.0061e+06 6.42908e+10 12.4952 0.12983 8.03328e+11 0.00311909
6.02921e+06 6.3812e+10 12.4772 0.129937 7.96197e+11 0.00312237
6.0524e+06 6.33358e+10 12.4592 0.130043 7.89113e+11 0.00312565
6.07567e+06 6.28619e+10 12.4412 0.13015 7.82075e+11 0.00312895
6.09904e+06 6.23906e+10 12.4231 0.130257 7.75084e+11 0.00313225
6.1225e+06 6.19217e+10 12.405 0.130363 7.6814e+11 0.00313557
6.14605e+06 6.14553e+10 12.3869 0.13047 7.61242e+11 0.0031389
6.16969e+06 6.09913e+10 12.3688 0.130577 7.5439e+11 0.00314224
6.19342e+06 6.05298e+10 12.3507 0.130684 7.47585e+11 0.00314559
6.21724e+06 6.00708e+10 12.3326 0.13079 7.40826e+11 0.00314895
6.24116e+06 5.96142e+10 12.3144 0.130897 7.34113e+11 0.00315232
6.26516e+06 5.91601e+10 12.2962 0.131004 7.27446e+11 0.0031557
6.28926e+06 5.87085e+10 12.278 0.13111 7.20825e+11 0.00315909
6.31345e+06 5.82593e+10 12.2598 0.131217 7.14249e+11 0.00316249
6.33773e+06 5.78126e+10 12.2416 0.131324 7.07719e+11 0.0031659
6.36211e+06 5.73684e+10 12.2234 0.13143 7.01235e+11 0.00316932
6.38658e+06 5.69267e+10 12.2051 0.131537 6.94796e+11 0.00317275
6.41115e+06 5.64874e+10 12.1868 0.131644 6.88402e+11 0.0031762
6.4358e+06 5.60505e+10 12.1686 0.131751 6.82054e+11 0.00317965
6.46056e+06 5.56162e+10 12.1503 0.131857 6.75751e+11 0.00318311
6.48541e+06 5.51843e+10 12.1319 0.131964 6.69493e+11 0.00318658
6.51035e+06 5.47549e+10 12.1136 0.132071 6.63279e+11 0.00319006
6.53539e+06 5.43279e+10 12.0953 0.132177 6.5711e+11 0.00319356
6.56053e+06 5.39034e+10 12.0769 0.132284 6.50986e+11 0.00319706
6.58576e+06 5.34813e+10 12.0585 0.132391 6.44906e+11 0.00320057
6.6111e+06 5.30617e+10 12.0401 0.132497 6.38871e+11 0.00320409
6.63652e+06 5.26446e+10 12.0217 0.132604 6.3288e+11 0.00320762
6.66205e+06 5.22299e+10 12.0033 0.132711 6.26933e+11 0.00321116
6.68767e+06 5.18177e+10 11.9849 0.132818 6.21029e+11 0.00321471
6.7134e+06 5.14079e+10 11.9664 0.132924 6.1517e+11 0.00321827
6.73922e+06 5.10006e+10 11.948 0.133031 6.09354e+11 0.00322183
6.76514e+06 5.05957e+10 11.9295 0.133138 6.03582e+11 0.00322541
6.79116e+06 5.01932e+10 11.911 0.133244 5.97853e+11 0.003229
6.81728e+06 4.97932e+10 11.8925 0.133351 5.92167e+11 0.00323259
6.8435e+06 4.93956e+10 11.874 0.133458 5.86525e+11 0.0032362
6.86982e+06 4.90005e+10 11.8555 0.133565 5.80925e+11 0.00323981
6.89625e+06 4.86078e+10 11.8369 0.133671 5.75368e+11 0.00324343
6.92277e+06 4.82175e+10 11.8184 0.133778 5.69854e+11 0.00324706
6.9494e+06 4.78297e+10 11.7998 0.133885 5.64382e+11 0.0032507
6.97613e+06 4.74442e+10 11.7812 0.133991 5.58952e+11 0.00325434
7.00296e+06 4.70612e+10 11.7627 0.134098 5.53565e+11 0.003258
7.0299e+06 4.66806e+10 11.7441 0.134205 5.48219e+11 0.00326166
7.05694e+06 4.63024e+10 11.7254 0.134311 5.42916e+11 0.00326534
7.08408e+06 4.59266e+10 11.7068 0.134418 5.37654e+11 0.00326902
7.11133e+06 4.55532e+10 11.6882 0.134525 5.32433e+11 0.0032727
7.13868e+06 4.51822e+10 11.6695 0.134632 5.27254e+11 0.0032764
7.16614e+06 4.48136e+10 11.6508 0.134738 5.22116e+11 0.0032801
7.1937e+06 4.44473e+10 11.6322 0.134845 5.17019e+11 0.00328382
7.22137e+06 4.40835e+10 11.6135 0.134952 5.11962e+11 0.00328753
7.24914e+06 4.3722e+10 11.5948 0.135058 5.06947e+11 0.00329126
7.27703e+06 4.33629e+10 11.5761 0.135165 5.01972e+11 0.003295
7.30502e+06 4.30061e+10 11.5573 0.135272 4.97037e+11 0.00329874
7.33311e+06 4.26518e+10 11.5386 0.135378 4.92142e+11 0.00330249
7.36132e+06 4.22997e+10 11.5199 0.135485 4.87287e+11 0.00330624
7.38963e+06 4.19501e+10 11.5011 0.135592 4.82472e+11 0.00331001
7.41806e+06 4.16027e+10 11.4823 0.135699 4.77696e+11 0.00331378
7.44659e+06 4.12577e+10 11.4636 0.135805 4.7296e+11 0.00331755
7.47523e+06 4.0915e+10 11.4448 0.135912 4.68263e+11 0.00332134
7.50398e+06 4.05747e+10 11.426 0.136019 4.63605e+11 0.00332513
7.53284e+06 4.02366e+10 11.4072 0.136125 4.58986e+11 0.00332892
7.56182e+06 3.99009e+10 11.3883 0.136232 4.54405e+11 0.00333273
7.5909e+06 3.95675e+10 11.3695 0.136339 4.49863e+11 0.00333654
7.6201e+06 3.92364e+10 11.3507 0.136445 4.45359e+11 0.00334035
7.64941e+06 3.89075e+10 11.3318 0.136552 4.40893e+11 0.00334417
7.67883e+06 3.8581e+10 11.313 0.136659 4.36465e+11 0.003348
7.70837e+06 3.82567e+10 11.2941 0.136766 4.32075e+11 0.00335183
7.73801e+06 3.79347e+10 11.2752 0.136872 4.27722e+11 0.00335567
7.76778e+06 3.76149e+10 11.2563 0.136979 4.23406e+11 0.00335952
7.79765e+06 3.72974e+10 11.2374 0.137086 4.19127e+11 0.00336337
7.82765e+06 3.69822e+10 11.2185 0.137192 4.14886e+11 0.00336722
7.85775e+06 3.66691e+10 11.1996 0.137299 4.1068e+11 0.00337108
7.88798e+06 3.63584e+10 11.1807 0.137406 4.06512e+11 0.00337495
7.91832e+06 3.60498e+10 11.1618 0.137513 4.02379e+11 0.00337882
7.94877e+06 3.57434e+10 11.1428 0.137619 3.98283e+11 0.0033827
7.97935e+06 3.54393e+10 11.1239 0.137726 3.94222e+11 0.00338658
8.01004e+06 3.51374e+10 11.1049 0.137833 3.90197e+11 0.00339046
8.04085e+06 3.48376e+10 11.086 0.137939 3.86208e+11 0.00339435
8.07177e+06 3.454e+10 11.067 0.138046 3.82254e+11 0.00339825
8.10282e+06 3.42446e+10 11.048 0.138153 3.78335e+11 0.00340215
8.13399e+06 3.39514e+10 11.029 0.138259 3.7445e+11 0.00340605
8.16527e+06 3.36603e+10 11.01 0.138366 3.706e+11 0.00340996
8.19668e+06 3.33713e+10 10.991 0.138473 3.66785e+11 0.00341387
8.2282e+06 3.30845e+10 10.972 0.13858 3.63004e+11 0.00341778
8.25985e+06 3.27999e+10 10.953 0.138686 3.59257e+11 0.0034217
8.29162e+06 3.25173e+10 10.934 0.138793 3.55543e+11 0.00342562
8.32352e+06 3.22369e+10 10.9149 0.1389 3.51863e+11 0.00342955
8.35553e+06 3.19585e+10 10.8959 0.139006 3.48217e+11 0.00343348
8.38767e+06 3.16823e+10 10.8769 0.139113 3.44603e+11 0.00343741
8.41993e+06 3.14081e+10 10.8578 0.13922 3.41023e+11 0.00344134
8.45231e+06 3.1136e+10 10.8387 0.139326 3.37475e+11 0.00344528
8.48482e+06 3.0866e+10 10.8197 0.139433 3.3396e+11 0.00344922
8.51746e+06 3.0598e+10 10.8006 0.13954 3.30477e+11 0.00345317
8.55022e+06 3.0332e+10 10.7815 0.139647 3.27026e+11 0.00345711
8.58311e+06 3.00681e+10 10.7625 0.139753 3.23607e+11 0.00346106
8.61612e+06 2.98062e+10 10.7434 0.13986 3.2022e+11 0.00346501
8.64926e+06 2.95464e+10 10.7243 0.139967 3.16864e+11 0.00346897
8.68253e+06 2.92885e+10 10.7052 0.140073 3.13539e+11 0.00347292
8.71592e+06 2.90327e+10 10.6861 0.14018 3.10245e+11 0.00347688
8.74945e+06 2.87788e+10 10.667 0.140287 3.06983e+11 0.00348084
8.7831e+06 2.85269e+10 10.6479 0.140393 3.0375e+11 0.0034848
8.81688e+06 2.82769e+10 10.6288 0.1405 3.00548e+11 0.00348876
8.8508e+06 2.80289e+10 10.6096 0.140607 2.97377e+11 0.00349273
8.88484e+06 2.77829e+10 10.5905 0.140714 2.94235e+11 0.00349669
8.91901e+06 2.75388e+10 10.5714 0.14082 2.91123e+11 0.00350066
8.95332e+06 2.72966e+10 10.5522 0.140927 2.8804e+11 0.00350463
8.98775e+06 2.70563e+10 10.5331 0.141034 2.84987e+11 0.0035086
9.02232e+06 2.6818e+10 10.514 0.14114 2.81963e+11 0.00351257
9.05703e+06 2.65815e+10 10.4948 0.141247 2.78968e+11 0.00351654
9.09186e+06 2.63469e+10 10.4757 0.141354 2.76001e+11 0.00352051
9.12683e+06 2.61142e+10 10.4565 0.14146 2.73063e+11 0.00352448
9.16194e+06 2.58833e+10 10.4374 0.141567 2.70153e+11 0.00352845
9.19718e+06 2.56543e+10 10.4182 0.141674 2.67272e+11 0.00353242
9.23255e+06 2.54271e+10 10.399 0.141781 2.64418e+11 0.00353639
9.26806e+06 2.52018e+10 10.3799 0.141887 2.61592e+11 0.00354036
9.30371e+06 2.49783e+10 10.3607 0.141994 2.58793e+11 0.00354434
9.3395e+06 2.47566e+10 10.3415 0.142101 2.56021e+11 0.00354831
9.37542e+06 2.45367e+10 10.3224 0.142207 2.53276e+11 0.00355228
9.41148e+06 2.43186e+10 10.3032 0.142314 2.50559e+11 0.00355625
9.44768e+06 2.41022e+10 10.284 0.142421 2.47867e+11 0.00356022
9.48402e+06 2.38876e+10 10.2648 0.142528 2.45202e+11 0.00356419
9.5205e+06 2.36748e+10 10.2456 0.142634 2.42564e+11 0.00356815
9.55711e+06 2.34637e+10 10.2265 0.142741 2.39951e+11 0.00357212
9.59387e+06 2.32544e+10 10.2073 0.142848 2.37364e+11 0.00357609
9.63077e+06 2.30468e+10 10.1881 0.142954 2.34803e+11 0.00358005
9.66782e+06 2.28409e+10 10.1689 0.143061 2.32267e+11 0.00358401
9.705e+06 2.26367e+10 10.1497 0.143168 2.29756e+11 0.00358797
9.74233e+06 2.24342e+10 10.1305 0.143274 2.2727e+11 0.00359193
9.7798e+06 2.22333e+10 10.1113 0.143381 2.24808e+11 0.00359589
9.81742e+06 2.20342e+10 10.0921 0.143488 2.22372e+11 0.00359985
9.85518e+06 2.18367e+10 10.0729 0.143595 2.19959e+11 0.0036038
9.89309e+06 2.16408e+10 10.0537 0.143701 2.17571e+11 0.00360775
9.93114e+06 2.14466e+10 10.0346 0.143808 2.15207e+11 0.0036117
9.96934e+06 2.1254e+10 10.0154 0.143915 2.12867e+11 0.00361565
1.00077e+07 2.10631e+10 9.99616 0.144021 2.1055e+11 0.00361959
1.00462e+07 2.08737e+10 9.97697 0.144128 2.08256e+11 0.00362353
1.00848e+07 2.06859e+10 9.95777 0.144235 2.05986e+11 0.00362747
1.01236e+07 2.04997e+10 9.93858 0.144341 2.03738e+11 0.00363141
1.01625e+07 2.03151e+10 9.91938 0.144448 2.01514e+11 0.00363534
1.02016e+07 2.01321e+10 9.90019 0.144555 1.99311e+11 0.00363927
1.02409e+07 1.99506e+10 9.881 0.144662 1.97132e+11 0.00364319
1.02803e+07 1.97706e+10 9.86181 0.144768 1.94974e+11 0.00364712
1.03198e+07 1.95922e+10 9.84262 0.144875 1.92839e+11 0.00365104
1.03595e+07 1.94153e+10 9.82343 0.144982 1.90725e+11 0.00365495
1.03993e+07 1.92399e+10 9.80424 0.145088 1.88633e+11 0.00365886
1.04393e+07 1.90661e+10 9.78505 0.145195 1.86562e+11 0.00366277
1.04795e+07 1.88937e+10 9.76587 0.145302 1.84513e+11 0.00366667
1.05198e+07 1.87227e+10 9.74669 0.145408 1.82485e+11 0.00367057
1.05603e+07 1.85533e+10 9.7275 0.145515 1.80477e+11 0.00367447
1.06009e+07 1.83853e+10 9.70832 0.145622 1.7849e+11 0.00367836
1.06417e+07 1.82188e+10 9.68915 0.145729 1.76524e+11 0.00368225
1.06826e+07 1.80536e+10 9.66997 0.145835 1.74578e+11 0.00368613
1.07237e+07 1.789e+10 9.6508 0.145942 1.72653e+11 0.00369
1.07649e+07 1.77277e+10 9.63163 0.146049 1.70747e+11 0.00369388
1.08063e+07 1.75669e+10 9.61246 0.146155 1.68861e+11 0.00369774
1.08479e+07 1.74074e+10 9.5933 0.146262 1.66994e+11 0.0037016
1.08896e+07 1.72493e+10 9.57414 0.146369 1.65147e+11 0.00370546
1.09315e+07 1.70926e+10 9.55498 0.146475 1.6332e+11 0.00370931
1.09735e+07 1.69373e+10 9.53582 0.146582 1.61511e+11 0.00371316
1.10157e+07 1.67833e+10 9.51667 0.146689 1.59721e+11 0.003717
1.10581e+07 1.66307e+10 9.49752 0.146796 1.5795e+11 0.00372083
1.11007e+07 1.64794e+10 9.47838 0.146902 1.56198e+11 0.00372466
1.11433e+07 1.63294e+10 9.45924 0.147009 1.54464e+11 0.00372849
1.11862e+07 1.61808e+10 9.4401 0.147116 1.52748e+11 0.0037323
1.12292e+07 1.60334e+10 9.42097 0.147222 1.5105e+11 0.00373612
1.12724e+07 1.58874e+10 9.40184 0.147329 1.49371e+11 0.00373992
1.13158e+07 1.57426e+10 9.38272 0.147436 1.47708e+11 0.00374372
1.13593e+07 1.55991e+10 9.3636 0.147543 1.46064e+11 0.00374751
1.1403e+07 1.54569e+10 9.34449 0.147649 1.44437e+11 0.0037513
1.14469e+07 1.53159e+10 9.32538 0.147756 1.42827e+11 0.00375508
1.14909e+07 1.51762e+10 9.30627 0.147863 1.41234e+11 0.00375885
1.15351e+07 1.50377e+10 9.28717 0.147969 1.39658e+11 0.00376261
1.15794e+07 1.49005e+10 9.26808 0.148076 1.38099e+11 0.00376637
1.1624e+07 1.47644e+10 9.24899 0.148183 1.36556e+11 0.00377012
1.16687e+07 1.46296e+10 9.2299 0.148289 1.3503e+11 0.00377387
1.17136e+07 1.4496e+10 9.21083 0.148396 1.3352e+11 0.0037776
1.17586e+07 1.43635e+10 9.19175 0.148503 1.32026e+11 0.00378133
1.18039e+07 1.42322e+10 9.17269 0.14861 1.30548e+11 0.00378505
1.18493e+07 1.41022e+10 9.15363 0.148716 1.29086e+11 0.00378877
1.18948e+07 1.39732e+10 9.13457 0.148823 1.27639e+11 0.00379248
1.19406e+07 1.38454e+10 9.11553 0.14893 1.26209e+11 0.00379617
1.19865e+07 1.37188e+10 9.09649 0.149036 1.24793e+11 0.00379986
1.20326e+07 1.35933e+10 9.07745 0.149143 1.23393e+11 0.00380355
1.20789e+07 1.34689e+10 9.05842 0.14925 1.22007e+11 0.00380722
1.21254e+07 1.33457e+10 9.0394 0.149356 1.20637e+11 0.00381089
1.2172e+07 1.32235e+10 9.02039 0.149463 1.19281e+11 0.00381455
1.22188e+07 1.31025e+10 9.00138 0.14957 1.1794e+11 0.0038182
1.22658e+07 1.29825e+10 8.98238 0.149677 1.16614e+11 0.00382184
1.2313e+07 1.28636e+10 8.96339 0.149783 1.15301e+11 0.00382547
1.23603e+07 1.27458e+10 8.9444 0.14989 1.14003e+11 0.00382909
1.24079e+07 1.2629e+10 8.92543 0.149997 1.12719e+11 0.00383271
1.24556e+07 1.25133e+10 8.90646 0.150103 1.11449e+11 0.00383631
1.25035e+07 1.23987e+10 8.8875 0.15021 1.10193e+11 0.00383991
1.25516e+07 1.2285e+10 8.86854 0.150317 1.0895e+11 0.0038435
1.25999e+07 1.21724e+10 8.8496 0.150423 1.07721e+11 0.00384708
1.26484e+07 1.20609e+10 8.83066 0.15053 1.06506e+11 0.00385065
1.2697e+07 1.19503e+10 8.81174 0.150637 1.05303e+11 0.00385421
1.27458e+07 1.18407e+10 8.79282 0.150744 1.04114e+11 0.00385776
1.27949e+07 1.17322e+10 8.77391 0.15085 1.02937e+11 0.0038613
1.28441e+07 1.16246e+10 8.755 0.150957 1.01773e+11 0.00386483
1.28935e+07 1.1518e+10 8.73611 0.151064 1.00622e+11 0.00386835
1.29431e+07 1.14124e+10 8.71723 0.15117 9.94841e+10 0.00387186
1.29929e+07 1.13077e+10 8.69835 0.151277 9.83582e+10 0.00387537
1.30428e+07 1.1204e+10 8.67949 0.151384 9.72446e+10 0.00387886
1.3093e+07 1.11012e+10 8.66063 0.15149 9.61432e+10 0.00388234
1.31434e+07 1.09993e+10 8.64179 0.151597 9.50539e+10 0.00388581
1.31939e+07 1.08984e+10 8.62295 0.151704 9.39766e+10 0.00388927
1.32447e+07 1.07984e+10 8.60413 0.151811 9.2911e+10 0.00389272
1.32956e+07 1.06993e+10 8.58531 0.151917 9.18572e+10 0.00389616
1.33467e+07 1.06012e+10 8.56651 0.152024 9.0815e+10 0.00389959
1.33981e+07 1.05039e+10 8.54771 0.152131 8.97843e+10 0.00390301
1.34496e+07 1.04075e+10 8.52893 0.152237 8.87649e+10 0.00390642
1.35013e+07 1.0312e+10 8.51015 0.152344 8.77567e+10 0.00390982
1.35533e+07 1.02174e+10 8.49139 0.152451 8.67597e+10 0.0039132
1.36054e+07 1.01236e+10 8.47264 0.152558 8.57736e+10 0.00391658
1.36577e+07 1.00307e+10 8.4539 0.152664 8.47985e+10 0.00391994
1.37103e+07 9.93865e+09 8.43517 0.152771 8.38342e+10 0.0039233
1.3763e+07 9.84744e+09 8.41645 0.152878 8.28805e+10 0.00392664
1.38159e+07 9.75707e+09 8.39774 0.152984 8.19373e+10 0.00392997
1.38691e+07 9.66753e+09 8.37904 0.153091 8.10046e+10 0.00393329
1.39224e+07 9.57881e+09 8.36036 0.153198 8.00823e+10 0.0039366
1.3976e+07 9.4909e+09 8.34169 0.153304 7.91702e+10 0.0039399
1.40297e+07 9.40381e+09 8.32303 0.153411 7.82682e+10 0.00394318
1.40837e+07 9.31752e+09 8.30438 0.153518 7.73762e+10 0.00394645
1.41379e+07 9.23202e+09 8.28574 0.153625 7.64941e+10 0.00394972
1.41922e+07 9.14731e+09 8.26712 0.153731 7.56218e+10 0.00395297
1.42468e+07 9.06337e+09 8.2485 0.153838 7.47593e+10 0.0039562
1.43016e+07 8.98022e+09 8.22991 0.153945 7.39063e+10 0.00395943
1.43566e+07 8.89782e+09 8.21132 0.154051 7.30629e+10 0.00396264
1.44118e+07 8.81619e+09 8.19274 0.154158 7.22288e+10 0.00396584
1.44673e+07 8.73531e+09 8.17418 0.154265 7.14041e+10 0.00396903
1.45229e+07 8.65518e+09 8.15563 0.154371 7.05885e+10 0.00397221
1.45788e+07 8.57579e+09 8.1371 0.154478 6.97821e+10 0.00397538
1.46349e+07 8.49713e+09 8.11858 0.154585 6.89846e+10 0.00397853
1.46911e+07 8.4192e+09 8.10007 0.154692 6.81961e+10 0.00398167
1.47477e+07 8.34199e+09 8.08157 0.154798 6.74164e+10 0.0039848
1.48044e+07 8.26549e+09 8.06309 0.154905 6.66454e+10 0.00398791
1.48613e+07 8.1897e+09 8.04463 0.155012 6.58831e+10 0.00399101
1.49185e+07 8.11461e+09 8.02617 0.155118 6.51293e+10 0.0039941
1.49759e+07 8.04022e+09 8.00773 0.155225 6.43839e+10 0.00399718
1.50335e+07 7.96651e+09 7.98931 0.155332 6.36469e+10 0.00400024
1.50913e+07 7.89349e+09 7.97089 0.155438 6.29182e+10 0.00400329
1.51493e+07 7.82114e+09 7.9525 0.155545 6.21976e+10 0.00400633
1.52076e+07 7.74947e+09 7.93412 0.155652 6.14851e+10 0.00400936
1.52661e+07 7.67845e+09 7.91575 0.155759 6.07807e+10 0.00401237
1.53248e+07 7.6081e+09 7.89739 0.155865 6.00842e+10 0.00401537
1.53838e+07 7.5384e+09 7.87905 0.155972 5.93954e+10 0.00401835
1.54429e+07 7.46934e+09 7.86073 0.156079 5.87145e+10 0.00402132
1.55023e+07 7.40093e+09 7.84242 0.156185 5.80412e+10 0.00402428
1.5562e+07 7.33315e+09 7.82413 0.156292 5.73755e+10 0.00402722
1.56218e+07 7.266e+09 7.80585 0.156399 5.67173e+10 0.00403016
1.56819e+07 7.19947e+09 7.78759 0.156506 5.60665e+10 0.00403307
1.57422e+07 7.13356e+09 7.76934 0.156612 5.5423e+10 0.00403598
1.58028e+07 7.06826e+09 7.75111 0.156719 5.47869e+10 0.00403887
1.58635e+07 7.00357e+09 7.73289 0.156826 5.41578e+10 0.00404174
1.59246e+07 6.93948e+09 7.71469 0.156932 5.35359e+10 0.00404461
1.59858e+07 6.87598e+09 7.69651 0.157039 5.29211e+10 0.00404746
1.60473e+07 6.81308e+09 7.67834 0.157146 5.23131e+10 0.00405029
1.6109e+07 6.75076e+09 7.66019 0.157252 5.17121e+10 0.00405311
1.6171e+07 6.68902e+09 7.64205 0.157359 5.11178e+10 0.00405592
1.62332e+07 6.62785e+09 7.62393 0.157466 5.05303e+10 0.00405871
1.62956e+07 6.56725e+09 7.60583 0.157573 4.99494e+10 0.00406149
1.63583e+07 6.50721e+09 7.58775 0.157679 4.93751e+10 0.00406426
1.64212e+07 6.44774e+09 7.56968 0.157786 4.88073e+10 0.00406701
1.64844e+07 6.38881e+09 7.55162 0.157893 4.82459e+10 0.00406974
1.65478e+07 6.33044e+09 7.53359 0.157999 4.76909e+10 0.00407246
1.66114e+07 6.27261e+09 7.51557 0.158106 4.71422e+10 0.00407517
1.66753e+07 6.21531e+09 7.49757 0.158213 4.65997e+10 0.00407786
1.67395e+07 6.15855e+09 7.47958 0.158319 4.60634e+10 0.00408054
1.68038e+07 6.10232e+09 7.46162 0.158426 4.55332e+10 0.00408321
1.68685e+07 6.04661e+09 7.44367 0.158533 4.50089e+10 0.00408586
1.69334e+07 5.99142e+09 7.42574 0.15864 4.44907e+10 0.00408849
1.69985e+07 5.93674e+09 7.40782 0.158746 4.39783e+10 0.00409111
1.70639e+07 5.88257e+09 7.38993 0.158853 4.34718e+10 0.00409372
1.71295e+07 5.82891e+09 7.37205 0.15896 4.2971e+10 0.00409631
1.71954e+07 5.77574e+09 7.35419 0.159066 4.24759e+10 0.00409888
1.72615e+07 5.72307e+09 7.33635 0.159173 4.19865e+10 0.00410144
1.73279e+07 5.67089e+09 7.31852 0.15928 4.15026e+10 0.00410399
1.73946e+07 5.6192e+09 7.30072 0.159386 4.10242e+10 0.00410652
1.74615e+07 5.56799e+09 7.28293 0.159493 4.05513e+10 0.00410904
1.75286e+07 5.51726e+09 7.26516 0.1596 4.00838e+10 0.00411154
1.7596e+07 5.46699e+09 7.24741 0.159707 3.96216e+10 0.00411403
1.76637e+07 5.4172e+09 7.22968 0.159813 3.91646e+10 0.0041165
1.77317e+07 5.36787e+09 7.21197 0.15992 3.87129e+10 0.00411895
1.77999e+07 5.319e+09 7.19428 0.160027 3.82663e+10 0.00412139
1.78683e+07 5.27058e+09 7.1766 0.160133 3.78249e+10 0.00412382
1.79371e+07 5.22262e+09 7.15895 0.16024 3.73884e+10 0.00412623
1.80061e+07 5.1751e+09 7.14131 0.160347 3.6957e+10 0.00412862
1.80753e+07 5.12802e+09 7.1237 0.160453 3.65305e+10 0.004131
1.81448e+07 5.08139e+09 7.1061 0.16056 3.61088e+10 0.00413337
1.82146e+07 5.03518e+09 7.08852 0.160667 3.5692e+10 0.00413572
1.82847e+07 4.98941e+09 7.07097 0.160774 3.52799e+10 0.00413805
1.8355e+07 4.94406e+09 7.05343 0.16088 3.48726e+10 0.00414037
1.84256e+07 4.89914e+09 7.03591 0.160987 3.44699e+10 0.00414267
1.84965e+07 4.85463e+09 7.01841 0.161094 3.40718e+10 0.00414496
1.85676e+07 4.81054e+09 7.00093 0.1612 3.36783e+10 0.00414723
1.8639e+07 4.76686e+09 6.98347 0.161307 3.32893e+10 0.00414948
1.87107e+07 4.72359e+09 6.96604 0.161414 3.29047e+10 0.00415172
1.87827e+07 4.68072e+09 6.94862 0.161521 3.25245e+10 0.00415395
1.88549e+07 4.63824e+09 6.93122 0.161627 3.21487e+10 0.00415616
1.89275e+07 4.59617e+09 6.91385 0.161734 3.17772e+10 0.00415835
1.90003e+07 4.55448e+09 6.89649 0.161841 3.14099e+10 0.00416053
1.90733e+07 4.51318e+09 6.87915 0.161947 3.10469e+10 0.00416269
1.91467e+07 4.47227e+09 6.86184 0.162054 3.0688e+10 0.00416484
1.92203e+07 4.43174e+09 6.84455 0.162161 3.03332e+10 0.00416697
1.92943e+07 4.39158e+09 6.82727 0.162267 2.99825e+10 0.00416908
1.93685e+07 4.3518e+09 6.81002 0.162374 2.96359e+10 0.00417118
1.9443e+07 4.31239e+09 6.79279 0.162481 2.92932e+10 0.00417326
1.95178e+07 4.27335e+09 6.77558 0.162588 2.89544e+10 0.00417533
1.95928e+07 4.23467e+09 6.75839 0.162694 2.86195e+10 0.00417738
1.96682e+07 4.19635e+09 6.74122 0.162801 2.82885e+10 0.00417941
1.97438e+07 4.15838e+09 6.72408 0.162908 2.79613e+10 0.00418143
1.98198e+07 4.12077e+09 6.70696 0.163014 2.76378e+10 0.00418343
1.9896e+07 4.08351e+09 6.68985 0.163121 2.73181e+10 0.00418542
1.99725e+07 4.04659e+09 6.67277 0.163228 2.7002e+10 0.00418739
2.00494e+07 4.01002e+09 6.65571 0.163334 2.66895e+10 0.00418934
2.01265e+07 3.97379e+09 6.63868 0.163441 2.63807e+10 0.00419128
2.02039e+07 3.93789e+09 6.62166 0.163548 2.60754e+10 0.0041932
2.02816e+07 3.90233e+09 6.60467 0.163655 2.57736e+10 0.00419511
2.03596e+07 3.8671e+09 6.5877 0.163761 2.54753e+10 0.004197
2.04379e+07 3.83219e+09 6.57075 0.163868 2.51804e+10 0.00419887
2.05165e+07 3.79761e+09 6.55382 0.163975 2.48889e+10 0.00420073
2.05954e+07 3.76335e+09 6.53692 0.164081 2.46007e+10 0.00420257
2.06747e+07 3.72941e+09 6.52004 0.164188 2.43159e+10 0.00420439
2.07542e+07 3.69579e+09 6.50318 0.164295 2.40344e+10 0.0042062
2.0834e+07 3.66247e+09 6.48634 0.164401 2.37561e+10 0.00420799
2.09141e+07 3.62947e+09 6.46953 0.164508 2.3481e+10 0.00420977
2.09946e+07 3.59677e+09 6.45274 0.164615 2.3209e+10 0.00421153
2.10753e+07 3.56438e+09 6.43597 0.164722 2.29402e+10 0.00421327
2.11564e+07 3.53228e+09 6.41923 0.164828 2.26745e+10 0.004215
2.12378e+07 3.50049e+09 6.4025 0.164935 2.24119e+10 0.00421671
2.13195e+07 3.46899e+09 6.38581 0.165042 2.21523e+10 0.0042184
2.14015e+07 3.43778e+09 6.36913 0.165148 2.18957e+10 0.00422008
2.14838e+07 3.40686e+09 6.35248 0.165255 2.1642e+10 0.00422174
2.15664e+07 3.37623e+09 6.33585 0.165362 2.13912e+10 0.00422339
2.16494e+07 3.34588e+09 6.31924 0.165468 2.11434e+10 0.00422502
2.17326e+07 3.31581e+09 6.30266 0.165575 2.08984e+10 0.00422663
2.18162e+07 3.28602e+09 6.2861 0.165682 2.06562e+10 0.00422822
2.19001e+07 3.25651e+09 6.26957 0.165789 2.04169e+10 0.0042298
2.19844e+07 3.22727e+09 6.25305 0.165895 2.01803e+10 0.00423137
2.20689e+07 3.1983e+09 6.23657 0.166002 1.99464e+10 0.00423291
2.21538e+07 3.1696e+09 6.2201 0.166109 1.97152e+10 0.00423444
2.2239e+07 3.14116e+09 6.20366 0.166215 1.94867e+10 0.00423596
2.23246e+07 3.11299e+09 6.18725 0.166322 1.92608e+10 0.00423745
2.24104e+07 3.08508e+09 6.17085 0.166429 1.90376e+10 0.00423893
2.24966e+07 3.05743e+09 6.15449 0.166536 1.88169e+10 0.0042404
2.25832e+07 3.03003e+09 6.13814 0.166642 1.85987e+10 0.00424184
2.267e+07 3.00289e+09 6.12182 0.166749 1.83831e+10 0.00424327
2.27572e+07 2.97599e+09 6.10553 0.166856 1.817e+10 0.00424469
2.28447e+07 2.94935e+09 6.08925 0.166962 1.79593e+10 0.00424609
2.29326e+07 2.92295e+09 6.07301 0.167069 1.77511e+10 0.00424747
2.30208e+07 2.8968e+09 6.05679 0.167176 1.75453e+10 0.00424883
2.31094e+07 2.87088e+09 6.04059 0.167282 1.73418e+10 0.00425018
2.31982e+07 2.84521e+09 6.02441 0.167389 1.71407e+10 0.00425151
2.32875e+07 2.81978e+09 6.00827 0.167496 1.6942e+10 0.00425283
2.3377e+07 2.79457e+09 5.99214 0.167603 1.67455e+10 0.00425412
2.3467e+07 2.76961e+09 5.97604 0.167709 1.65513e+10 0.00425541
2.35572e+07 2.74487e+09 5.95997 0.167816 1.63593e+10 0.00425667
2.36478e+07 2.72036e+09 5.94392 0.167923 1.61696e+10 0.00425792
2.37388e+07 2.69607e+09 5.9279 0.168029 1.5982e+10 0.00425915
2.38301e+07 2.67201e+09 5.9119 0.168136 1.57967e+10 0.00426037
2.39217e+07 2.64818e+09 5.89592 0.168243 1.56134e+10 0.00426157
2.40138e+07 2.62456e+09 5.87997 0.168349 1.54323e+10 0.00426275
2.41061e+07 2.60116e+09 5.86405 0.168456 1.52533e+10 0.00426392
2.41988e+07 2.57797e+09 5.84815 0.168563 1.50764e+10 0.00426507
2.42919e+07 2.555e+09 5.83228 0.16867 1.49015e+10 0.0042662
2.43854e+07 2.53224e+09 5.81643 0.168776 1.47286e+10 0.00426732
2.44791e+07 2.50969e+09 5.80061 0.168883 1.45577e+10 0.00426842
2.45733e+07 2.48735e+09 5.78481 0.16899 1.43888e+10 0.0042695
2.46678e+07 2.46521e+09 5.76904 0.169096 1.42219e+10 0.00427057
2.47627e+07 2.44328e+09 5.75329 0.169203 1.40569e+10 0.00427162
2.48579e+07 2.42155e+09 5.73757 0.16931 1.38938e+10 0.00427265
2.49536e+07 2.40001e+09 5.72188 0.169416 1.37326e+10 0.00427367
2.50495e+07 2.37868e+09 5.70621 0.169523 1.35733e+10 0.00427467
2.51459e+07 2.35754e+09 5.69057 0.16963 1.34158e+10 0.00427565
2.52426e+07 2.3366e+09 5.67495 0.169737 1.32601e+10 0.00427662
2.53397e+07 2.31585e+09 5.65936 0.169843 1.31062e+10 0.00427757
2.54372e+07 2.29529e+09 5.64379 0.16995 1.29541e+10 0.00427851
2.5535e+07 2.27492e+09 5.62826 0.170057 1.28038e+10 0.00427942
2.56332e+07 2.25473e+09 5.61274 0.170163 1.26552e+10 0.00428033
2.57318e+07 2.23473e+09 5.59726 0.17027 1.25084e+10 0.00428121
2.58308e+07 2.21491e+09 5.58179 0.170377 1.23632e+10 0.00428208
2.59301e+07 2.19528e+09 5.56636 0.170483 1.22197e+10 0.00428293
2.60299e+07 2.17583e+09 5.55095 0.17059 1.20779e+10 0.00428377
2.613e+07 2.15655e+09 5.53557 0.170697 1.19377e+10 0.00428459
2.62305e+07 2.13745e+09 5.52021 0.170804 1.17992e+10 0.00428539
2.63314e+07 2.11853e+09 5.50488 0.17091 1.16622e+10 0.00428618
2.64327e+07 2.09977e+09 5.48958 0.171017 1.15269e+10 0.00428695
2.65343e+07 2.08119e+09 5.4743 0.171124 1.13931e+10 0.0042877
2.66364e+07 2.06279e+09 5.45906 0.17123 1.12609e+10 0.00428844
2.67388e+07 2.04454e+09 5.44383 0.171337 1.11302e+10 0.00428916
2.68417e+07 2.02647e+09 5.42863 0.171444 1.1001e+10 0.00428987
2.69449e+07 2.00856e+09 5.41346 0.171551 1.08733e+10 0.00429056
2.70486e+07 1.99082e+09 5.39832 0.171657 1.07471e+10 0.00429123
2.71526e+07 1.97323e+09 5.3832 0.171764 1.06223e+10 0.00429188
2.7257e+07 1.95581e+09 5.36811 0.171871 1.0499e+10 0.00429252
2.73619e+07 1.93855e+09 5.35305 0.171977 1.03772e+10 0.00429315
2.74671e+07 1.92144e+09 5.33802 0.172084 1.02567e+10 0.00429375
2.75728e+07 1.90449e+09 5.32301 0.172191 1.01376e+10 0.00429435
2.76788e+07 1.8877e+09 5.30802 0.172297 1.002e+10 0.00429492
2.77853e+07 1.87106e+09 5.29307 0.172404 9.90365e+09 0.00429548
2.78921e+07 1.85457e+09 5.27814 0.172511 9.78868e+09 0.00429602
2.79994e+07 1.83823e+09 5.26324 0.172618 9.67505e+09 0.00429655
2.81071e+07 1.82204e+09 5.24836 0.172724 9.56274e+09 0.00429706
2.82152e+07 1.806e+09 5.23352 0.172831 9.45173e+09 0.00429755
2.83237e+07 1.7901e+09 5.2187 0.172938 9.342e+09 0.00429803
2.84327e+07 1.77435e+09 5.2039 0.173044 9.23356e+09 0.00429849
2.8542e+07 1.75874e+09 5.18914 0.173151 9.12636e+09 0.00429894
2.86518e+07 1.74328e+09 5.1744 0.173258 9.02042e+09 0.00429937
2.8762e+07 1.72795e+09 5.15969 0.173364 8.9157e+09 0.00429978
2.88727e+07 1.71277e+09 5.145 0.173471 8.8122e+09 0.00430018
2.89837e+07 1.69772e+09 5.13035 0.173578 8.70989e+09 0.00430056
2.90952e+07 1.68281e+09 5.11572 0.173685 8.60878e+09 0.00430092
2.92071e+07 1.66803e+09 5.10112 0.173791 8.50884e+09 0.00430127
2.93194e+07 1.65339e+09 5.08654 0.173898 8.41006e+09 0.0043016
2.94322e+07 1.63889e+09 5.072 0.174005 8.31242e+09 0.00430192
2.95454e+07 1.62451e+09 5.05748 0.174111 8.21592e+09 0.00430222
2.96591e+07 1.61026e+09 5.04298 0.174218 8.12054e+09 0.00430251
2.97731e+07 1.59615e+09 5.02852 0.174325 8.02626e+09 0.00430278
2.98877e+07 1.58216e+09 5.01408 0.174431 7.93308e+09 0.00430303
3.00026e+07 1.5683e+09 4.99967 0.174538 7.84099e+09 0.00430327
3.0118e+07 1.55456e+09 4.98529 0.174645 7.74996e+09 0.00430349
3.02339e+07 1.54095e+09 4.97094 0.174752 7.65998e+09 0.0043037
3.03501e+07 1.52747e+09 4.95661 0.174858 7.57105e+09 0.00430389
3.04669e+07 1.5141e+09 4.94231 0.174965 7.48316e+09 0.00430406
3.05841e+07 1.50086e+09 4.92804 0.175072 7.39628e+09 0.00430422
3.07017e+07 1.48773e+09 4.9138 0.175178 7.31041e+09 0.00430437
3.08198e+07 1.47473e+09 4.89958 0.175285 7.22554e+09 0.00430449
3.09383e+07 1.46184e+09 4.8854 0.175392 7.14166e+09 0.00430461
3.10573e+07 1.44907e+09 4.87124 0.175498 7.05875e+09 0.0043047
3.11768e+07 1.43641e+09 4.85711 0.175605 6.9768e+09 0.00430478
3.12967e+07 1.42387e+09 4.843 0.175712 6.8958e+09 0.00430485
3.14171e+07 1.41144e+09 4.82893 0.175819 6.81575e+09 0.0043049
3.15379e+07 1.39913e+09 4.81488 0.175925 6.73662e+09 0.00430493
3.16592e+07 1.38692e+09 4.80086 0.176032 6.65841e+09 0.00430495
3.1781e+07 1.37483e+09 4.78687 0.176139 6.58111e+09 0.00430495
3.19032e+07 1.36284e+09 4.7729 0.176245 6.50471e+09 0.00430494
3.20259e+07 1.35096e+09 4.75897 0.176352 6.4292e+09 0.00430491
3.21491e+07 1.3392e+09 4.74506 0.176459 6.35456e+09 0.00430487
3.22728e+07 1.32753e+09 4.73118 0.176566 6.28079e+09 0.00430481
3.23969e+07 1.31597e+09 4.71733 0.176672 6.20787e+09 0.00430474
3.25215e+07 1.30452e+09 4.7035 0.176779 6.13581e+09 0.00430465
3.26466e+07 1.29317e+09 4.68971 0.176886 6.06457e+09 0.00430455
3.27722e+07 1.28192e+09 4.67594 0.176992 5.99417e+09 0.00430443
3.28982e+07 1.27077e+09 4.6622 0.177099 5.92459e+09 0.00430429
3.30248e+07 1.25972e+09 4.64849 0.177206 5.85581e+09 0.00430414
3.31518e+07 1.24878e+09 4.6348 0.177312 5.78783e+09 0.00430398
3.32793e+07 1.23793e+09 4.62115 0.177419 5.72064e+09 0.0043038
3.34073e+07 1.22717e+09 4.60752 0.177526 5.65423e+09 0.0043036
3.35358e+07 1.21652e+09 4.59392 0.177633 5.58859e+09 0.00430339
3.36648e+07 1.20596e+09 4.58035 0.177739 5.52372e+09 0.00430316
3.37943e+07 1.19549e+09 4.56681 0.177846 5.4596e+09 0.00430292
3.39242e+07 1.18512e+09 4.55329 0.177953 5.39622e+09 0.00430267
3.40547e+07 1.17485e+09 4.53981 0.178059 5.33358e+09 0.0043024
3.41857e+07 1.16466e+09 4.52635 0.178166 5.27167e+09 0.00430211
3.43172e+07 1.15457e+09 4.51292 0.178273 5.21047e+09 0.00430181
3.44492e+07 1.14456e+09 4.49952 0.178379 5.14999e+09 0.00430149
3.45817e+07 1.13465e+09 4.48615 0.178486 5.09021e+09 0.00430116
3.47147e+07 1.12483e+09 4.4728 0.178593 5.03112e+09 0.00430082
3.48482e+07 1.11509e+09 4.45948 0.1787 4.97272e+09 0.00430046
3.49823e+07 1.10544e+09 4.4462 0.178806 4.915e+09 0.00430008
3.51168e+07 1.09588e+09 4.43294 0.178913 4.85795e+09 0.0042997
3.52519e+07 1.0864e+09 4.4197 0.17902 4.80156e+09 0.00429929
3.53875e+07 1.07701e+09 4.4065 0.179126 4.74583e+09 0.00429887
3.55236e+07 1.0677e+09 4.39333 0.179233 4.69074e+09 0.00429844
3.56602e+07 1.05847e+09 4.38018 0.17934 4.6363e+09 0.00429799
3.57974e+07 1.04933e+09 4.36706 0.179446 4.58248e+09 0.00429753
3.59351e+07 1.04027e+09 4.35397 0.179553 4.5293e+09 0.00429705
3.60733e+07 1.03129e+09 4.34091 0.17966 4.47673e+09 0.00429656
3.6212e+07 1.02239e+09 4.32788 0.179767 4.42477e+09 0.00429605
3.63513e+07 1.01357e+09 4.31487 0.179873 4.37341e+09 0.00429553
3.64911e+07 1.00482e+09 4.3019 0.17998 4.32265e+09 0.004295
3.66315e+07 9.96161e+08 4.28895 0.180087 4.27248e+09 0.00429445
3.67724e+07 9.87574e+08 4.27603 0.180193 4.22289e+09 0.00429389
3.69138e+07 9.79064e+08 4.26314 0.1803 4.17388e+09 0.00429331
3.70558e+07 9.7063e+08 4.25027 0.180407 4.12544e+09 0.00429272
3.71983e+07 9.62271e+08 4.23744 0.180514 4.07756e+09 0.00429211
3.73414e+07 9.53986e+08 4.22463 0.18062 4.03024e+09 0.00429149
3.7485e+07 9.45775e+08 4.21185 0.180727 3.98347e+09 0.00429086
3.76292e+07 9.37638e+08 4.1991 0.180834 3.93724e+09 0.00429021
3.77739e+07 9.29572e+08 4.18638 0.18094 3.89154e+09 0.00428954
3.79192e+07 9.21579e+08 4.17369 0.181047 3.84638e+09 0.00428887
3.80651e+07 9.13656e+08 4.16102 0.181154 3.80175e+09 0.00428818
3.82115e+07 9.05804e+08 4.14839 0.18126 3.75763e+09 0.00428747
3.83585e+07 8.98022e+08 4.13578 0.181367 3.71402e+09 0.00428675
3.8506e+07 8.90309e+08 4.1232 0.181474 3.67092e+09 0.00428602
3.86541e+07 8.82664e+08 4.11065 0.181581 3.62832e+09 0.00428527
3.88028e+07 8.75088e+08 4.09813 0.181687 3.58622e+09 0.00428451
3.8952e+07 8.67578e+08 4.08563 0.181794 3.5446e+09 0.00428374
3.91019e+07 8.60135e+08 4.07317 0.181901 3.50347e+09 0.00428295
3.92523e+07 8.52758e+08 4.06073 0.182007 3.46282e+09 0.00428215
3.94032e+07 8.45447e+08 4.04832 0.182114 3.42264e+09 0.00428133
3.95548e+07 8.382e+08 4.03594 0.182221 3.38292e+09 0.00428051
3.97069e+07 8.31018e+08 4.02358 0.182327 3.34367e+09 0.00427966
3.98597e+07 8.23899e+08 4.01126 0.182434 3.30487e+09 0.00427881
4.0013e+07 8.16844e+08 3.99896 0.182541 3.26653e+09 0.00427794
4.01669e+07 8.0985e+08 3.9867 0.182648 3.22863e+09 0.00427705
4.03214e+07 8.02919e+08 3.97446 0.182754 3.19117e+09 0.00427616
4.04764e+07 7.96049e+08 3.96224 0.182861 3.15414e+09 0.00427525
4.06321e+07 7.8924e+08 3.95006 0.182968 3.11754e+09 0.00427432
4.07884e+07 7.82491e+08 3.93791 0.183074 3.08137e+09 0.00427339
4.09453e+07 7.75801e+08 3.92578 0.183181 3.04562e+09 0.00427244
4.11028e+07 7.69171e+08 3.91368 0.183288 3.01029e+09 0.00427147
4.12609e+07 7.62599e+08 3.90161 0.183394 2.97536e+09 0.0042705
4.14196e+07 7.56085e+08 3.88957 0.183501 2.94085e+09 0.00426951
4.15789e+07 7.49629e+08 3.87755 0.183608 2.90673e+09 0.00426851
4.17388e+07 7.4323e+08 3.86557 0.183715 2.87301e+09 0.00426749
4.18994e+07 7.36887e+08 3.85361 0.183821 2.83968e+09 0.00426646
4.20605e+07 7.306e+08 3.84168 0.183928 2.80673e+09 0.00426542
4.22223e+07 7.24369e+08 3.82978 0.184035 2.77417e+09 0.00426436
4.23847e+07 7.18192e+08 3.81791 0.184141 2.74199e+09 0.0042633
4.25477e+07 7.1207e+08 3.80606 0.184248 2.71018e+09 0.00426221
4.27114e+07 7.06002e+08 3.79425 0.184355 2.67874e+09 0.00426112
4.28757e+07 6.99987e+08 3.78246 0.184461 2.64767e+09 0.00426001
4.30406e+07 6.94025e+08 3.7707 0.184568 2.61696e+09 0.00425889
4.32061e+07 6.88115e+08 3.75897 0.184675 2.5866e+09 0.00425776
4.33723e+07 6.82258e+08 3.74726 0.184782 2.5566e+09 0.00425662
4.35391e+07 6.76452e+08 3.73559 0.184888 2.52695e+09 0.00425546
4.37066e+07 6.70697e+08 3.72394 0.184995 2.49763e+09 0.00425429
4.38747e+07 6.64993e+08 3.71232 0.185102 2.46866e+09 0.00425311
4.40434e+07 6.59338e+08 3.70073 0.185208 2.44003e+09 0.00425191
4.42129e+07 6.53734e+08 3.68916 0.185315 2.41173e+09 0.0042507
4.43829e+07 6.48178e+08 3.67763 0.185422 2.38376e+09 0.00424948
4.45536e+07 6.42672e+08 3.66612 0.185529 2.35611e+09 0.00424825
4.4725e+07 6.37213e+08 3.65464 0.185635 2.32878e+09 0.004247
4.4897e+07 6.31803e+08 3.64319 0.185742 2.30178e+09 0.00424575
4.50697e+07 6.2644e+08 3.63176 0.185849 2.27508e+09 0.00424448
4.5243e+07 6.21124e+08 3.62037 0.185955 2.24869e+09 0.00424319
4.54171e+07 6.15854e+08 3.609 0.186062 2.22262e+09 0.0042419
4.55918e+07 6.10631e+08 3.59766 0.186169 2.19684e+09 0.00424059
4.57671e+07 6.05453e+08 3.58634 0.186275 2.17136e+09 0.00423928
4.59431e+07 6.00321e+08 3.57506 0.186382 2.14618e+09 0.00423794
4.61199e+07 5.95234e+08 3.5638 0.186489 2.12129e+09 0.0042366
4.62972e+07 5.90191e+08 3.55257 0.186596 2.09669e+09 0.00423525
4.64753e+07 5.85192e+08 3.54137 0.186702 2.07238e+09 0.00423388
4.66541e+07 5.80237e+08 3.5302 0.186809 2.04835e+09 0.0042325
4.68335e+07 5.75325e+08 3.51905 0.186916 2.0246e+09 0.00423111
4.70137e+07 5.70456e+08 3.50793 0.187022 2.00112e+09 0.00422971
4.71945e+07 5.6563e+08 3.49684 0.187129 1.97792e+09 0.00422829
4.7376e+07 5.60846e+08 3.48578 0.187236 1.95498e+09 0.00422687
4.75582e+07 5.56103e+08 3.47474 0.187342 1.93231e+09 0.00422543
4.77412e+07 5.51402e+08 3.46373 0.187449 1.90991e+09 0.00422398
4.79248e+07 5.46742e+08 3.45275 0.187556 1.88776e+09 0.00422252
4.81091e+07 5.42122e+08 3.4418 0.187663 1.86588e+09 0.00422104
4.82942e+07 5.37543e+08 3.43088 0.187769 1.84424e+09 0.00421956
4.84799e+07 5.33004e+08 3.41998 0.187876 1.82286e+09 0.00421806
4.86664e+07 5.28504e+08 3.40911 0.187983 1.80173e+09 0.00421656
4.88536e+07 5.24043e+08 3.39826 0.188089 1.78084e+09 0.00421504
4.90415e+07 5.19622e+08 3.38745 0.188196 1.76019e+09 0.00421351
4.92301e+07 5.15238e+08 3.37666 0.188303 1.73979e+09 0.00421197
4.94195e+07 5.10893e+08 3.3659 0.188409 1.71962e+09 0.00421041
4.96095e+07 5.06586e+08 3.35517 0.188516 1.69968e+09 0.00420885
4.98004e+07 5.02316e+08 3.34446 0.188623 1.67998e+09 0.00420727
4.99919e+07 4.98083e+08 3.33378 0.18873 1.6605e+09 0.00420569
5.01842e+07 4.93887e+08 3.32313 0.188836 1.64125e+09 0.00420409
5.03772e+07 4.89727e+08 3.31251 0.188943 1.62223e+09 0.00420248
5.0571e+07 4.85604e+08 3.30191 0.18905 1.60342e+09 0.00420086
5.07655e+07 4.81516e+08 3.29134 0.189156 1.58483e+09 0.00419923
5.09607e+07 4.77464e+08 3.2808 0.189263 1.56646e+09 0.00419759
5.11568e+07 4.73447e+08 3.27028 0.18937 1.54831e+09 0.00419593
5.13535e+07 4.69465e+08 3.2598 0.189476 1.53036e+09 0.00419427
5.1551e+07 4.65517e+08 3.24934 0.189583 1.51262e+09 0.00419259
5.17493e+07 4.61603e+08 3.2389 0.18969 1.49509e+09 0.00419091
5.19484e+07 4.57724e+08 3.2285 0.189797 1.47776e+09 0.00418921
5.21482e+07 4.53878e+08 3.21812 0.189903 1.46063e+09 0.00418751
5.23487e+07 4.50065e+08 3.20776 0.19001 1.4437e+09 0.00418579
5.25501e+07 4.46285e+08 3.19744 0.190117 1.42697e+09 0.00418406
5.27522e+07 4.42538e+08 3.18714 0.190223 1.41043e+09 0.00418232
5.29551e+07 4.38824e+08 3.17687 0.19033 1.39408e+09 0.00418057
5.31588e+07 4.35141e+08 3.16662 0.190437 1.37793e+09 0.00417881
5.33633e+07 4.31491e+08 3.1564 0.190544 1.36196e+09 0.00417704
5.35685e+07 4.27871e+08 3.14621 0.19065 1.34617e+09 0.00417526
5.37746e+07 4.24284e+08 3.13605 0.190757 1.33057e+09 0.00417347
5.39814e+07 4.20727e+08 3.12591 0.190864 1.31515e+09 0.00417167
5.4189e+07 4.17201e+08 3.1158 0.19097 1.29991e+09 0.00416985
5.43974e+07 4.13705e+08 3.10571 0.191077 1.28485e+09 0.00416803
5.46067e+07 4.10239e+08 3.09566 0.191184 1.26996e+09 0.0041662
5.48167e+07 4.06804e+08 3.08562 0.19129 1.25524e+09 0.00416436
5.50276e+07 4.03398e+08 3.07562 0.191397 1.2407e+09 0.00416251
5.52392e+07 4.00021e+08 3.06564 0.191504 1.22632e+09 0.00416064
5.54517e+07 3.96674e+08 3.05569 0.191611 1.21211e+09 0.00415877
5.5665e+07 3.93355e+08 3.04576 0.191717 1.19807e+09 0.00415689
5.58791e+07 3.90065e+08 3.03587 0.191824 1.18418e+09 0.00415499
5.6094e+07 3.86803e+08 3.02599 0.191931 1.17046e+09 0.00415309
5.63097e+07 3.83569e+08 3.01615 0.192037 1.1569e+09 0.00415118
5.65263e+07 3.80363e+08 3.00633 0.192144 1.1435e+09 0.00414926
5.67437e+07 3.77185e+08 2.99654 0.192251 1.13025e+09 0.00414732
5.6962e+07 3.74034e+08 2.98677 0.192357 1.11715e+09 0.00414538
5.71811e+07 3.7091e+08 2.97703 0.192464 1.10421e+09 0.00414343
5.7401e+07 3.67813e+08 2.96731 0.192571 1.09142e+09 0.00414147
5.76218e+07 3.64743e+08 2.95763 0.192678 1.07877e+09 0.0041395
5.78434e+07 3.61698e+08 2.94796 0.192784 1.06627e+09 0.00413752
5.80659e+07 3.5868e+08 2.93833 0.192891 1.05392e+09 0.00413553
5.82893e+07 3.55688e+08 2.92872 0.192998 1.04171e+09 0.00413353
5.85135e+07 3.52722e+08 2.91913 0.193104 1.02964e+09 0.00413152
5.87385e+07 3.49781e+08 2.90958 0.193211 1.01772e+09 0.0041295
5.89644e+07 3.46866e+08 2.90005 0.193318 1.00593e+09 0.00412747
5.91912e+07 3.43975e+08 2.89054 0.193424 9.94273e+08 0.00412544
5.94189e+07 3.41109e+08 2.88106 0.193531 9.82755e+08 0.00412339
5.96474e+07 3.38268e+08 2.87161 0.193638 9.71371e+08 0.00412134
5.98769e+07 3.35451e+08 2.86218 0.193745 9.60119e+08 0.00411927
6.01072e+07 3.32658e+08 2.85278 0.193851 9.48997e+08 0.0041172
6.03384e+07 3.29889e+08 2.8434 0.193958 9.38005e+08 0.00411511
6.05704e+07 3.27143e+08 2.83405 0.194065 9.2714e+08 0.00411302
6.08034e+07 3.24422e+08 2.82472 0.194171 9.16401e+08 0.00411092
6.10373e+07 3.21723e+08 2.81542 0.194278 9.05786e+08 0.00410881
6.12721e+07 3.19048e+08 2.80615 0.194385 8.95295e+08 0.00410669
6.15077e+07 3.16395e+08 2.7969 0.194491 8.84925e+08 0.00410457
6.17443e+07 3.13765e+08 2.78768 0.194598 8.74676e+08 0.00410243
6.19818e+07 3.11158e+08 2.77848 0.194705 8.64545e+08 0.00410028
6.22202e+07 3.08572e+08 2.76931 0.194812 8.54532e+08 0.00409813
6.24595e+07 3.06009e+08 2.76016 0.194918 8.44636e+08 0.00409597
6.26997e+07 3.03468e+08 2.75104 0.195025 8.34853e+08 0.00409379
6.29409e+07 3.00949e+08 2.74195 0.195132 8.25185e+08 0.00409161
6.3183e+07 2.98451e+08 2.73288 0.195238 8.15628e+08 0.00408943
6.3426e+07 2.95974e+08 2.72383 0.195345 8.06182e+08 0.00408723
6.367e+07 2.93518e+08 2.71481 0.195452 7.96846e+08 0.00408502
6.39149e+07 2.91083e+08 2.70582 0.195559 7.87618e+08 0.00408281
6.41607e+07 2.8867e+08 2.69685 0.195665 7.78497e+08 0.00408059
6.44075e+07 2.86276e+08 2.6879 0.195772 7.69482e+08 0.00407835
6.46552e+07 2.83903e+08 2.67898 0.195879 7.60571e+08 0.00407612
6.49039e+07 2.8155e+08 2.67009 0.195985 7.51764e+08 0.00407387
6.51535e+07 2.79218e+08 2.66122 0.196092 7.43059e+08 0.00407161
6.54041e+07 2.76905e+08 2.65237 0.196199 7.34455e+08 0.00406935
6.56557e+07 2.74611e+08 2.64356 0.196305 7.2595e+08 0.00406708
6.59082e+07 2.72338e+08 2.63476 0.196412 7.17544e+08 0.00406479
6.61617e+07 2.70083e+08 2.62599 0.196519 7.09236e+08 0.00406251
6.64162e+07 2.67848e+08 2.61725 0.196626 7.01024e+08 0.00406021
6.66717e+07 2.65632e+08 2.60853 0.196732 6.92907e+08 0.0040579
6.69281e+07 2.63434e+08 2.59983 0.196839 6.84884e+08 0.00405559
6.71855e+07 2.61255e+08 2.59116 0.196946 6.76954e+08 0.00405327
6.74439e+07 2.59095e+08 2.58251 0.197052 6.69116e+08 0.00405094
6.77034e+07 2.56953e+08 2.57389 0.197159 6.61369e+08 0.00404861
6.79638e+07 2.54829e+08 2.56529 0.197266 6.53712e+08 0.00404626
6.82252e+07 2.52723e+08 2.55672 0.197372 6.46144e+08 0.00404391
6.84876e+07 2.50636e+08 2.54817 0.197479 6.38663e+08 0.00404155
6.8751e+07 2.48565e+08 2.53965 0.197586 6.31269e+08 0.00403918
6.90154e+07 2.46513e+08 2.53115 0.197693 6.23961e+08 0.00403681
6.92809e+07 2.44477e+08 2.52268 0.197799 6.16737e+08 0.00403443
6.95474e+07 2.42459e+08 2.51422 0.197906 6.09597e+08 0.00403204
6.98149e+07 2.40458e+08 2.5058 0.198013 6.0254e+08 0.00402964
7.00834e+07 2.38474e+08 2.4974 0.198119 5.95565e+08 0.00402723
7.0353e+07 2.36507e+08 2.48902 0.198226 5.8867e+08 0.00402482
7.06236e+07 2.34556e+08 2.48066 0.198333 5.81856e+08 0.0040224
7.08952e+07 2.32622e+08 2.47233 0.198439 5.7512e+08 0.00401998
7.11679e+07 2.30705e+08 2.46403 0.198546 5.68463e+08 0.00401754
7.14416e+07 2.28803e+08 2.45575 0.198653 5.61882e+08 0.0040151
7.17164e+07 2.26918e+08 2.44749 0.19876 5.55378e+08 0.00401265
7.19923e+07 2.25048e+08 2.43925 0.198866 5.4895e+08 0.00401019
7.22692e+07 2.23194e+08 2.43104 0.198973 5.42595e+08 0.00400773
7.25471e+07 2.21356e+08 2.42286 0.19908 5.36315e+08 0.00400526
7.28262e+07 2.19534e+08 2.4147 0.199186 5.30107e+08 0.00400278
7.31063e+07 2.17727e+08 2.40656 0.199293 5.23971e+08 0.0040003
7.33875e+07 2.15935e+08 2.39844 0.1994 5.17907e+08 0.00399781
7.36697e+07 2.14158e+08 2.39035 0.199507 5.11912e+08 0.00399531
7.39531e+07 2.12396e+08 2.38228 0.199613 5.05987e+08 0.0039928
7.42375e+07 2.10649e+08 2.37424 0.19972 5.00131e+08 0.00399029
7.45231e+07 2.08917e+08 2.36622 0.199827 4.94342e+08 0.00398777
7.48097e+07 2.07199e+08 2.35822 0.199933 4.88621e+08 0.00398525
7.50975e+07 2.05496e+08 2.35025 0.20004 4.82966e+08 0.00398271
7.53863e+07 2.03807e+08 2.3423 0.200147 4.77376e+08 0.00398017
7.56763e+07 2.02132e+08 2.33437 0.200253 4.71851e+08 0.00397763
7.59673e+07 2.00472e+08 2.32647 0.20036 4.66391e+08 0.00397508
7.62595e+07 1.98825e+08 2.31858 0.200467 4.60993e+08 0.00397252
7.65528e+07 1.97192e+08 2.31073 0.200574 4.55658e+08 0.00396995
7.68473e+07 1.95573e+08 2.30289 0.20068 4.50385e+08 0.00396738
7.71429e+07 1.93968e+08 2.29508 0.200787 4.45173e+08 0.0039648
7.74396e+07 1.92376e+08 2.28729 0.200894 4.40021e+08 0.00396222
7.77374e+07 1.90798e+08 2.27953 0.201 4.34929e+08 0.00395962
7.80364e+07 1.89232e+08 2.27179 0.201107 4.29896e+08 0.00395703
7.83366e+07 1.8768e+08 2.26407 0.201214 4.24921e+08 0.00395442
7.86379e+07 1.86141e+08 2.25637 0.20132 4.20004e+08 0.00395181
7.89404e+07 1.84615e+08 2.2487 0.201427 4.15144e+08 0.0039492
7.9244e+07 1.83102e+08 2.24105 0.201534 4.1034e+08 0.00394657
7.95488e+07 1.81601e+08 2.23342 0.201641 4.05592e+08 0.00394394
7.98548e+07 1.80113e+08 2.22581 0.201747 4.00898e+08 0.00394131
8.01619e+07 1.78638e+08 2.21823 0.201854 3.9626e+08 0.00393867
8.04702e+07 1.77174e+08 2.21067 0.201961 3.91674e+08 0.00393602
8.07797e+07 1.75723e+08 2.20313 0.202067 3.87142e+08 0.00393337
8.10904e+07 1.74285e+08 2.19562 0.202174 3.82663e+08 0.00393071
8.14023e+07 1.72858e+08 2.18813 0.202281 3.78235e+08 0.00392804
8.17154e+07 1.71443e+08 2.18066 0.202387 3.73859e+08 0.00392537
8.20297e+07 1.7004e+08 2.17321 0.202494 3.69533e+08 0.0039227
8.23452e+07 1.68649e+08 2.16579 0.202601 3.65258e+08 0.00392001
8.2662e+07 1.67269e+08 2.15838 0.202708 3.61032e+08 0.00391732
8.29799e+07 1.65901e+08 2.151 0.202814 3.56854e+08 0.00391463
8.32991e+07 1.64545e+08 2.14364 0.202921 3.52726e+08 0.00391193
8.36195e+07 1.632e+08 2.13631 0.203028 3.48645e+08 0.00390923
8.39411e+07 1.61866e+08 2.12899 0.203134 3.44611e+08 0.00390651
8.4264e+07 1.60543e+08 2.1217 0.203241 3.40624e+08 0.0039038
8.45881e+07 1.59231e+08 2.11443 0.203348 3.36683e+08 0.00390108
8.49134e+07 1.5793e+08 2.10718 0.203454 3.32788e+08 0.00389835
8.524e+07 1.5664e+08 2.09996 0.203561 3.28938e+08 0.00389561
8.55679e+07 1.55361e+08 2.09275 0.203668 3.25133e+08 0.00389288
8.5897e+07 1.54093e+08 2.08557 0.203775 3.21371e+08 0.00389013
8.62274e+07 1.52835e+08 2.07841 0.203881 3.17653e+08 0.00388738
8.6559e+07 1.51587e+08 2.07127 0.203988 3.13979e+08 0.00388463
8.6892e+07 1.5035e+08 2.06415 0.204095 3.10346e+08 0.00388187
8.72262e+07 1.49124e+08 2.05706 0.204201 3.06756e+08 0.0038791
8.75617e+07 1.47907e+08 2.04999 0.204308 3.03208e+08 0.00387633
8.78985e+07 1.46701e+08 2.04293 0.204415 2.997e+08 0.00387356
8.82366e+07 1.45505e+08 2.0359 0.204522 2.96233e+08 0.00387077
8.85759e+07 1.44318e+08 2.02889 0.204628 2.92806e+08 0.00386799
8.89166e+07 1.43142e+08 2.0219 0.204735 2.89419e+08 0.0038652
8.92586e+07 1.41975e+08 2.01494 0.204842 2.86071e+08 0.0038624
8.96019e+07 1.40818e+08 2.00799 0.204948 2.82762e+08 0.0038596
8.99466e+07 1.39671e+08 2.00107 0.205055 2.79491e+08 0.00385679
9.02925e+07 1.38533e+08 1.99417 0.205162 2.76259e+08 0.00385398
9.06398e+07 1.37405e+08 1.98728 0.205268 2.73063e+08 0.00385117
9.09885e+07 1.36286e+08 1.98042 0.205375 2.69904e+08 0.00384835
9.13384e+07 1.35177e+08 1.97358 0.205482 2.66782e+08 0.00384552
9.16897e+07 1.34076e+08 1.96677 0.205589 2.63697e+08 0.00384269
9.20424e+07 1.32985e+08 1.95997 0.205695 2.60647e+08 0.00383986
9.23964e+07 1.31903e+08 1.95319 0.205802 2.57632e+08 0.00383702
9.27518e+07 1.3083e+08 1.94644 0.205909 2.54652e+08 0.00383417
9.31086e+07 1.29765e+08 1.9397 0.206015 2.51706e+08 0.00383132
9.34667e+07 1.2871e+08 1.93299 0.206122 2.48795e+08 0.00382847
9.38262e+07 1.27663e+08 1.9263 0.206229 2.45917e+08 0.00382561
9.41871e+07 1.26625e+08 1.91962 0.206335 2.43073e+08 0.00382275
9.45494e+07 1.25596e+08 1.91297 0.206442 2.40262e+08 0.00381988
9.4913e+07 1.24575e+08 1.90634 0.206549 2.37483e+08 0.00381701
9.52781e+07 1.23563e+08 1.89973 0.206656 2.34736e+08 0.00381413
9.56445e+07 1.22559e+08 1.89314 0.206762 2.32021e+08 0.00381125
9.60124e+07 1.21563e+08 1.88657 0.206869 2.29338e+08 0.00380837
9.63817e+07 1.20576e+08 1.88002 0.206976 2.26686e+08 0.00380548
9.67524e+07 1.19597e+08 1.87349 0.207082 2.24064e+08 0.00380259
9.71246e+07 1.18626e+08 1.86699 0.207189 2.21472e+08 0.00379969
9.74981e+07 1.17663e+08 1.8605 0.207296 2.18911e+08 0.00379679
9.78731e+07 1.16708e+08 1.85403 0.207402 2.16379e+08 0.00379388
9.82496e+07 1.1576e+08 1.84758 0.207509 2.13877e+08 0.00379097
9.86275e+07 1.14821e+08 1.84115 0.207616 2.11403e+08 0.00378806
9.90068e+07 1.1389e+08 1.83475 0.207723 2.08959e+08 0.00378514
9.93877e+07 1.12966e+08 1.82836 0.207829 2.06542e+08 0.00378221
9.97699e+07 1.1205e+08 1.82199 0.207936 2.04153e+08 0.00377929
1.00154e+08 1.11141e+08 1.81565 0.208043 2.01792e+08 0.00377636
1.00539e+08 1.1024e+08 1.80932 0.208149 1.99459e+08 0.00377342
1.00926e+08 1.09346e+08 1.80301 0.208256 1.97152e+08 0.00377048
1.01314e+08 1.0846e+08 1.79672 0.208363 1.94872e+08 0.00376754
1.01703e+08 1.07581e+08 1.79045 0.208469 1.92619e+08 0.0037646
1.02095e+08 1.06709e+08 1.78421 0.208576 1.90391e+08 0.00376165
1.02487e+08 1.05845e+08 1.77798 0.208683 1.88189e+08 0.00375869
1.02882e+08 1.04987e+08 1.77177 0.20879 1.86013e+08 0.00375573
1.03277e+08 1.04137e+08 1.76558 0.208896 1.83862e+08 0.00375277
1.03674e+08 1.03294e+08 1.75941 0.209003 1.81736e+08 0.00374981
1.04073e+08 1.02457e+08 1.75326 0.20911 1.79634e+08 0.00374684
1.04474e+08 1.01628e+08 1.74713 0.209216 1.77557e+08 0.00374387
1.04875e+08 1.00805e+08 1.74102 0.209323 1.75504e+08 0.00374089
1.05279e+08 9.99896e+07 1.73492 0.20943 1.73475e+08 0.00373791
1.05684e+08 9.91806e+07 1.72885 0.209537 1.71469e+08 0.00373493
1.0609e+08 9.83782e+07 1.7228 0.209643 1.69486e+08 0.00373194
1.06498e+08 9.75824e+07 1.71676 0.20975 1.67526e+08 0.00372895
1.06908e+08 9.67932e+07 1.71075 0.209857 1.65589e+08 0.00372596
1.07319e+08 9.60104e+07 1.70475 0.209963 1.63674e+08 0.00372296
1.07732e+08 9.52341e+07 1.69878 0.21007 1.61781e+08 0.00371996
1.08146e+08 9.44642e+07 1.69282 0.210177 1.59911e+08 0.00371696
1.08562e+08 9.37007e+07 1.68688 0.210283 1.58062e+08 0.00371395
1.0898e+08 9.29434e+07 1.68096 0.21039 1.56234e+08 0.00371094
1.09399e+08 9.21924e+07 1.67506 0.210497 1.54427e+08 0.00370793
1.0982e+08 9.14475e+07 1.66917 0.210604 1.52642e+08 0.00370491
1.10242e+08 9.07088e+07 1.66331 0.21071 1.50877e+08 0.00370189
1.10666e+08 8.99761e+07 1.65747 0.210817 1.49132e+08 0.00369887
1.11092e+08 8.92495e+07 1.65164 0.210924 1.47408e+08 0.00369584
1.11519e+08 8.85288e+07 1.64583 0.21103 1.45704e+08 0.00369281
1.11948e+08 8.7814e+07 1.64004 0.211137 1.44019e+08 0.00368978
1.12379e+08 8.71052e+07 1.63427 0.211244 1.42354e+08 0.00368675
1.12811e+08 8.64021e+07 1.62852 0.21135 1.40708e+08 0.00368371
1.13245e+08 8.57048e+07 1.62279 0.211457 1.39081e+08 0.00368067
1.1368e+08 8.50133e+07 1.61707 0.211564 1.37473e+08 0.00367762
1.14118e+08 8.43274e+07 1.61138 0.211671 1.35883e+08 0.00367458
1.14556e+08 8.36471e+07 1.6057 0.211777 1.34312e+08 0.00367153
1.14997e+08 8.29725e+07 1.60004 0.211884 1.32759e+08 0.00366847
1.15439e+08 8.23033e+07 1.5944 0.211991 1.31224e+08 0.00366542
1.15883e+08 8.16397e+07 1.58877 0.212097 1.29707e+08 0.00366236
1.16329e+08 8.09815e+07 1.58317 0.212204 1.28207e+08 0.0036593
1.16777e+08 8.03287e+07 1.57758 0.212311 1.26725e+08 0.00365623
1.17226e+08 7.96812e+07 1.57201 0.212417 1.2526e+08 0.00365317
1.17677e+08 7.90391e+07 1.56646 0.212524 1.23811e+08 0.0036501
1.18129e+08 7.84022e+07 1.56092 0.212631 1.2238e+08 0.00364703
1.18584e+08 7.77705e+07 1.55541 0.212738 1.20965e+08 0.00364395
1.1904e+08 7.7144e+07 1.54991 0.212844 1.19566e+08 0.00364088
1.19498e+08 7.65226e+07 1.54443 0.212951 1.18184e+08 0.0036378
1.19957e+08 7.59064e+07 1.53897 0.213058 1.16817e+08 0.00363471
1.20419e+08 7.52951e+07 1.53352 0.213164 1.15467e+08 0.00363163
1.20882e+08 7.46889e+07 1.5281 0.213271 1.14132e+08 0.00362854
1.21347e+08 7.40876e+07 1.52269 0.213378 1.12812e+08 0.00362545
1.21813e+08 7.34913e+07 1.5173 0.213484 1.11508e+08 0.00362236
1.22282e+08 7.28998e+07 1.51192 0.213591 1.10219e+08 0.00361927
1.22752e+08 7.23132e+07 1.50657 0.213698 1.08944e+08 0.00361617
1.23224e+08 7.17313e+07 1.50123 0.213805 1.07685e+08 0.00361307
1.23698e+08 7.11542e+07 1.4959 0.213911 1.0644e+08 0.00360997
1.24174e+08 7.05819e+07 1.4906 0.214018 1.05209e+08 0.00360687
1.24652e+08 7.00142e+07 1.48531 0.214125 1.03993e+08 0.00360376
1.25131e+08 6.94511e+07 1.48004 0.214231 1.02791e+08 0.00360065
1.25613e+08 6.88926e+07 1.47479 0.214338 1.01602e+08 0.00359754
1.26096e+08 6.83387e+07 1.46955 0.214445 1.00428e+08 0.00359443
1.26581e+08 6.77894e+07 1.46434 0.214552 9.92664e+07 0.00359131
1.27068e+08 6.72445e+07 1.45913 0.214658 9.81188e+07 0.0035882
1.27556e+08 6.6704e+07 1.45395 0.214765 9.69844e+07 0.00358508
1.28047e+08 6.6168e+07 1.44878 0.214872 9.58631e+07 0.00358196
1.28539e+08 6.56364e+07 1.44363 0.214978 9.47548e+07 0.00357884
1.29034e+08 6.5109e+07 1.4385 0.215085 9.36593e+07 0.00357571
1.2953e+08 6.4586e+07 1.43338 0.215192 9.25764e+07 0.00357258
1.30028e+08 6.40673e+07 1.42828 0.215298 9.15061e+07 0.00356946
1.30528e+08 6.35527e+07 1.4232 0.215405 9.04482e+07 0.00356633
1.31031e+08 6.30424e+07 1.41813 0.215512 8.94025e+07 0.00356319
1.31535e+08 6.25362e+07 1.41308 0.215619 8.83689e+07 0.00356006
1.3204e+08 6.20342e+07 1.40805 0.215725 8.73472e+07 0.00355692
1.32548e+08 6.15362e+07 1.40303 0.215832 8.63374e+07 0.00355378
1.33058e+08 6.10423e+07 1.39803 0.215939 8.53392e+07 0.00355064
1.3357e+08 6.05524e+07 1.39305 0.216045 8.43526e+07 0.0035475
1.34084e+08 6.00665e+07 1.38808 0.216152 8.33773e+07 0.00354436
1.34599e+08 5.95846e+07 1.38313 0.216259 8.24134e+07 0.00354121
1.35117e+08 5.91066e+07 1.3782 0.216365 8.14606e+07 0.00353807
1.35637e+08 5.86325e+07 1.37328 0.216472 8.05188e+07 0.00353492
1.36158e+08 5.81622e+07 1.36838 0.216579 7.95879e+07 0.00353177
1.36682e+08 5.76958e+07 1.36349 0.216686 7.86677e+07 0.00352862
1.37208e+08 5.72331e+07 1.35862 0.216792 7.77582e+07 0.00352546
1.37736e+08 5.67742e+07 1.35377 0.216899 7.68592e+07 0.00352231
1.38265e+08 5.63191e+07 1.34893 0.217006 7.59706e+07 0.00351915
1.38797e+08 5.58676e+07 1.34411 0.217112 7.50923e+07 0.003516
1.39331e+08 5.54198e+07 1.33931 0.217219 7.42241e+07 0.00351284
1.39867e+08 5.49757e+07 1.33452 0.217326 7.3366e+07 0.00350968
1.40405e+08 5.45352e+07 1.32974 0.217432 7.25178e+07 0.00350651
1.40945e+08 5.40982e+07 1.32499 0.217539 7.16794e+07 0.00350335
1.41487e+08 5.36648e+07 1.32024 0.217646 7.08506e+07 0.00350019
1.42031e+08 5.32349e+07 1.31552 0.217753 7.00315e+07 0.00349702
1.42578e+08 5.28085e+07 1.31081 0.217859 6.92218e+07 0.00349385
1.43126e+08 5.23856e+07 1.30611 0.217966 6.84215e+07 0.00349068
1.43677e+08 5.19661e+07 1.30144 0.218073 6.76305e+07 0.00348751
1.44229e+08 5.155e+07 1.29677 0.218179 6.68485e+07 0.00348434
1.44784e+08 5.11372e+07 1.29212 0.218286 6.60757e+07 0.00348117
1.45341e+08 5.07279e+07 1.28749 0.218393 6.53117e+07 0.003478
1.459e+08 5.03218e+07 1.28288 0.218499 6.45566e+07 0.00347482
1.46461e+08 4.9919e+07 1.27827 0.218606 6.38102e+07 0.00347164
1.47024e+08 4.95195e+07 1.27369 0.218713 6.30725e+07 0.00346847
1.4759e+08 4.91233e+07 1.26912 0.21882 6.23432e+07 0.00346529
1.48157e+08 4.87302e+07 1.26456 0.218926 6.16224e+07 0.00346211
1.48727e+08 4.83404e+07 1.26002 0.219033 6.091e+07 0.00345893
1.49299e+08 4.79537e+07 1.2555 0.21914 6.02057e+07 0.00345575
1.49874e+08 4.75701e+07 1.25099 0.219246 5.95096e+07 0.00345256
1.5045e+08 4.71896e+07 1.24649 0.219353 5.88216e+07 0.00344938
1.51029e+08 4.68123e+07 1.24201 0.21946 5.81415e+07 0.0034462
1.5161e+08 4.64379e+07 1.23755 0.219567 5.74693e+07 0.00344301
1.52193e+08 4.60666e+07 1.2331 0.219673 5.68048e+07 0.00343982
1.52778e+08 4.56984e+07 1.22867 0.21978 5.6148e+07 0.00343664
1.53366e+08 4.53331e+07 1.22425 0.219887 5.54988e+07 0.00343345
1.53956e+08 4.49707e+07 1.21984 0.219993 5.48571e+07 0.00343026
1.54548e+08 4.46113e+07 1.21545 0.2201 5.42229e+07 0.00342707
1.55142e+08 4.42548e+07 1.21108 0.220207 5.35959e+07 0.00342388
1.55739e+08 4.39011e+07 1.20672 0.220313 5.29762e+07 0.00342069
1.56338e+08 4.35504e+07 1.20237 0.22042 5.23637e+07 0.00341749
1.56939e+08 4.32024e+07 1.19804 0.220527 5.17582e+07 0.0034143
1.57543e+08 4.28573e+07 1.19372 0.220634 5.11598e+07 0.00341111
1.58149e+08 4.2515e+07 1.18942 0.22074 5.05682e+07 0.00340791
1.58757e+08 4.21754e+07 1.18513 0.220847 4.99835e+07 0.00340472
1.59368e+08 4.18386e+07 1.18086 0.220954 4.94056e+07 0.00340152
1.59981e+08 4.15045e+07 1.1766 0.22106 4.88343e+07 0.00339832
1.60596e+08 4.11731e+07 1.17236 0.221167 4.82697e+07 0.00339513
1.61214e+08 4.08444e+07 1.16813 0.221274 4.77115e+07 0.00339193
1.61834e+08 4.05183e+07 1.16391 0.22138 4.71598e+07 0.00338873
1.62456e+08 4.01949e+07 1.15971 0.221487 4.66145e+07 0.00338553
1.63081e+08 3.98741e+07 1.15553 0.221594 4.60755e+07 0.00338233
1.63709e+08 3.95558e+07 1.15135 0.221701 4.55428e+07 0.00337913
1.64338e+08 3.92402e+07 1.1472 0.221807 4.50161e+07 0.00337593
1.6497e+08 3.8927e+07 1.14305 0.221914 4.44956e+07 0.00337273
1.65605e+08 3.86164e+07 1.13892 0.222021 4.39811e+07 0.00336953
1.66242e+08 3.83084e+07 1.1348 0.222127 4.34725e+07 0.00336633
1.66881e+08 3.80028e+07 1.1307 0.222234 4.29698e+07 0.00336313
1.67523e+08 3.76996e+07 1.12661 0.222341 4.24729e+07 0.00335992
1.68167e+08 3.73989e+07 1.12254 0.222447 4.19818e+07 0.00335672
1.68814e+08 3.71007e+07 1.11848 0.222554 4.14963e+07 0.00335352
1.69464e+08 3.68048e+07 1.11443 0.222661 4.10165e+07 0.00335031
1.70115e+08 3.65113e+07 1.1104 0.222768 4.05421e+07 0.00334711
1.7077e+08 3.62202e+07 1.10638 0.222874 4.00733e+07 0.00334391
1.71427e+08 3.59314e+07 1.10237 0.222981 3.96099e+07 0.0033407
1.72086e+08 3.5645e+07 1.09838 0.223088 3.91519e+07 0.0033375
1.72748e+08 3.53609e+07 1.0944 0.223194 3.86991e+07 0.00333429
1.73412e+08 3.5079e+07 1.09044 0.223301 3.82516e+07 0.00333109
1.74079e+08 3.47994e+07 1.08649 0.223408 3.78092e+07 0.00332788
1.74749e+08 3.45221e+07 1.08255 0.223515 3.7372e+07 0.00332468
1.75421e+08 3.4247e+07 1.07863 0.223621 3.69398e+07 0.00332147
1.76096e+08 3.39741e+07 1.07472 0.223728 3.65126e+07 0.00331826
1.76773e+08 3.37035e+07 1.07082 0.223835 3.60903e+07 0.00331506
1.77453e+08 3.3435e+07 1.06693 0.223941 3.56729e+07 0.00331185
1.78135e+08 3.31686e+07 1.06306 0.224048 3.52604e+07 0.00330865
1.78821e+08 3.29044e+07 1.05921 0.224155 3.48526e+07 0.00330544
1.79508e+08 3.26423e+07 1.05536 0.224261 3.44495e+07 0.00330223
1.80199e+08 3.23824e+07 1.05153 0.224368 3.40511e+07 0.00329903
1.80892e+08 3.21245e+07 1.04771 0.224475 3.36573e+07 0.00329582
1.81588e+08 3.18687e+07 1.04391 0.224582 3.3268e+07 0.00329262
1.82286e+08 3.16149e+07 1.04012 0.224688 3.28832e+07 0.00328941
1.82987e+08 3.13632e+07 1.03634 0.224795 3.25029e+07 0.0032862
1.83691e+08 3.11136e+07 1.03257 0.224902 3.2127e+07 0.003283
1.84398e+08 3.08659e+07 1.02882 0.225008 3.17554e+07 0.00327979
1.85107e+08 3.06202e+07 1.02508 0.225115 3.13881e+07 0.00327659
1.85819e+08 3.03765e+07 1.02135 0.225222 3.10251e+07 0.00327338
1.86534e+08 3.01347e+07 1.01764 0.225328 3.06662e+07 0.00327017
1.87251e+08 2.98949e+07 1.01394 0.225435 3.03115e+07 0.00326697
1.87971e+08 2.9657e+07 1.01025 0.225542 2.99609e+07 0.00326376
1.88694e+08 2.9421e+07 1.00657 0.225649 2.96144e+07 0.00326056
1.8942e+08 2.9187e+07 1.00291 0.225755 2.92718e+07 0.00325735
1.90149e+08 2.89548e+07 0.999258 0.225862 2.89333e+07 0.00325415
1.9088e+08 2.87244e+07 0.99562 0.225969 2.85986e+07 0.00325095
1.91614e+08 2.84959e+07 0.991994 0.226075 2.82678e+07 0.00324774
1.92351e+08 2.82693e+07 0.988381 0.226182 2.79408e+07 0.00324454
1.93091e+08 2.80444e+07 0.98478 0.226289 2.76176e+07 0.00324134
1.93834e+08 2.78214e+07 0.981192 0.226395 2.72981e+07 0.00323813
1.94579e+08 2.76001e+07 0.977617 0.226502 2.69824e+07 0.00323493
1.95328e+08 2.73807e+07 0.974053 0.226609 2.66702e+07 0.00323173
1.96079e+08 2.71629e+07 0.970502 0.226716 2.63617e+07 0.00322853
1.96833e+08 2.6947e+07 0.966963 0.226822 2.60567e+07 0.00322532
1.9759e+08 2.67327e+07 0.963437 0.226929 2.57553e+07 0.00322212
1.9835e+08 2.65202e+07 0.959923 0.227036 2.54574e+07 0.00321892
1.99113e+08 2.63094e+07 0.956421 0.227142 2.51629e+07 0.00321572
1.99879e+08 2.61003e+07 0.952931 0.227249 2.48718e+07 0.00321252
2.00648e+08 2.58928e+07 0.949453 0.227356 2.4584e+07 0.00320932
2.01419e+08 2.5687e+07 0.945987 0.227462 2.42996e+07 0.00320612
2.02194e+08 2.54829e+07 0.942533 0.227569 2.40185e+07 0.00320293
2.02972e+08 2.52804e+07 0.939091 0.227676 2.37406e+07 0.00319973
2.03753e+08 2.50795e+07 0.935661 0.227783 2.34659e+07 0.00319653
2.04536e+08 2.48803e+07 0.932243 0.227889 2.31945e+07 0.00319333
2.05323e+08 2.46826e+07 0.928837 0.227996 2.29261e+07 0.00319014
2.06113e+08 2.44865e+07 0.925443 0.228103 2.26608e+07 0.00318694
2.06905e+08 2.4292e+07 0.922061 0.228209 2.23987e+07 0.00318375
2.07701e+08 2.4099e+07 0.91869 0.228316 2.21395e+07 0.00318055
2.085e+08 2.39076e+07 0.915331 0.228423 2.18833e+07 0.00317736
2.09302e+08 2.37177e+07 0.911984 0.22853 2.16301e+07 0.00317417
2.10107e+08 2.35293e+07 0.908648 0.228636 2.13799e+07 0.00317098
2.10915e+08 2.33424e+07 0.905324 0.228743 2.11325e+07 0.00316778
2.11727e+08 2.31571e+07 0.902012 0.22885 2.0888e+07 0.00316459
2.12541e+08 2.29732e+07 0.898711 0.228956 2.06463e+07 0.0031614
2.13358e+08 2.27908e+07 0.895422 0.229063 2.04073e+07 0.00315821
2.14179e+08 2.26098e+07 0.892144 0.22917 2.01712e+07 0.00315502
2.15003e+08 2.24303e+07 0.888878 0.229276 1.99378e+07 0.00315184
2.1583e+08 2.22522e+07 0.885623 0.229383 1.97071e+07 0.00314865
2.1666e+08 2.20756e+07 0.882379 0.22949 1.9479e+07 0.00314546
2.17493e+08 2.19003e+07 0.879147 0.229597 1.92536e+07 0.00314228
2.1833e+08 2.17265e+07 0.875926 0.229703 1.90308e+07 0.00313909
2.1917e+08 2.1554e+07 0.872716 0.22981 1.88106e+07 0.00313591
2.20013e+08 2.1383e+07 0.869518 0.229917 1.85929e+07 0.00313273
2.20859e+08 2.12132e+07 0.86633 0.230023 1.83777e+07 0.00312954
2.21708e+08 2.10449e+07 0.863154 0.23013 1.8165e+07 0.00312636
2.22561e+08 2.08779e+07 0.859989 0.230237 1.79548e+07 0.00312318
2.23417e+08 2.07122e+07 0.856835 0.230343 1.7747e+07 0.00312
2.24276e+08 2.05479e+07 0.853692 0.23045 1.75416e+07 0.00311683
2.25139e+08 2.03848e+07 0.850561 0.230557 1.73385e+07 0.00311365
2.26005e+08 2.02231e+07 0.84744 0.230664 1.71379e+07 0.00311047
2.26874e+08 2.00627e+07 0.84433 0.23077 1.69395e+07 0.0031073
2.27747e+08 1.99035e+07 0.841231 0.230877 1.67434e+07 0.00310412
2.28623e+08 1.97456e+07 0.838143 0.230984 1.65496e+07 0.00310095
2.29502e+08 1.9589e+07 0.835065 0.23109 1.63581e+07 0.00309777
2.30385e+08 1.94336e+07 0.831999 0.231197 1.61687e+07 0.0030946
2.31271e+08 1.92794e+07 0.828943 0.231304 1.59816e+07 0.00309143
2.32161e+08 1.91265e+07 0.825898 0.23141 1.57966e+07 0.00308826
2.33054e+08 1.89748e+07 0.822864 0.231517 1.56137e+07 0.00308509
2.3395e+08 1.88244e+07 0.81984 0.231624 1.5433e+07 0.00308193
2.3485e+08 1.86751e+07 0.816827 0.231731 1.52543e+07 0.00307876
2.35753e+08 1.8527e+07 0.813825 0.231837 1.50777e+07 0.0030756
2.3666e+08 1.83801e+07 0.810833 0.231944 1.49032e+07 0.00307243
2.3757e+08 1.82343e+07 0.807852 0.232051 1.47306e+07 0.00306927
2.38484e+08 1.80898e+07 0.804881 0.232157 1.45601e+07 0.00306611
2.39401e+08 1.79463e+07 0.801921 0.232264 1.43915e+07 0.00306295
2.40322e+08 1.78041e+07 0.798971 0.232371 1.42249e+07 0.00305979
2.41246e+08 1.76629e+07 0.796031 0.232477 1.40602e+07 0.00305663
2.42174e+08 1.75229e+07 0.793102 0.232584 1.38974e+07 0.00305347
2.43106e+08 1.7384e+07 0.790183 0.232691 1.37365e+07 0.00305032
2.44041e+08 1.72462e+07 0.787275 0.232798 1.35775e+07 0.00304716
2.44979e+08 1.71095e+07 0.784377 0.232904 1.34203e+07 0.00304401
2.45922e+08 1.69739e+07 0.781489 0.233011 1.32649e+07 0.00304086
2.46868e+08 1.68393e+07 0.778611 0.233118 1.31113e+07 0.00303771
2.47817e+08 1.67059e+07 0.775744 0.233224 1.29595e+07 0.00303456
2.4877e+08 1.65735e+07 0.772886 0.233331 1.28094e+07 0.00303141
2.49727e+08 1.64421e+07 0.770039 0.233438 1.26611e+07 0.00302826
2.50688e+08 1.63118e+07 0.767201 0.233545 1.25145e+07 0.00302512
2.51652e+08 1.61826e+07 0.764374 0.233651 1.23695e+07 0.00302197
2.5262e+08 1.60543e+07 0.761557 0.233758 1.22263e+07 0.00301883
2.53592e+08 1.59271e+07 0.75875 0.233865 1.20847e+07 0.00301569
2.54567e+08 1.58009e+07 0.755952 0.233971 1.19447e+07 0.00301255
2.55546e+08 1.56757e+07 0.753165 0.234078 1.18064e+07 0.00300941
2.56529e+08 1.55515e+07 0.750388 0.234185 1.16697e+07 0.00300627
2.57516e+08 1.54283e+07 0.74762 0.234291 1.15345e+07 0.00300313
2.58506e+08 1.53061e+07 0.744862 0.234398 1.14009e+07 0.003
2.595e+08 1.51848e+07 0.742114 0.234505 1.12689e+07 0.00299687
2.60499e+08 1.50645e+07 0.739376 0.234612 1.11383e+07 0.00299373
2.615e+08 1.49452e+07 0.736647 0.234718 1.10093e+07 0.0029906
2.62506e+08 1.48268e+07 0.733928 0.234825 1.08818e+07 0.00298747
2.63516e+08 1.47094e+07 0.731219 0.234932 1.07558e+07 0.00298435
2.6453e+08 1.45928e+07 0.728519 0.235038 1.06312e+07 0.00298122
2.65547e+08 1.44773e+07 0.725829 0.235145 1.0508e+07 0.0029781
2.66568e+08 1.43626e+07 0.723149 0.235252 1.03863e+07 0.00297497
2.67594e+08 1.42488e+07 0.720478 0.235358 1.0266e+07 0.00297185
2.68623e+08 1.4136e+07 0.717816 0.235465 1.0147e+07 0.00296873
2.69656e+08 1.4024e+07 0.715164 0.235572 1.00295e+07 0.00296561
2.70693e+08 1.3913e+07 0.712521 0.235679 9.91329e+06 0.0029625
2.71734e+08 1.38028e+07 0.709888 0.235785 9.79844e+06 0.00295938
2.7278e+08 1.36935e+07 0.707265 0.235892 9.68492e+06 0.00295627
2.73829e+08 1.35851e+07 0.70465 0.235999 9.57271e+06 0.00295316
2.74882e+08 1.34775e+07 0.702045 0.236105 9.46179e+06 0.00295005
2.75939e+08 1.33708e+07 0.699449 0.236212 9.35216e+06 0.00294694
2.77001e+08 1.32649e+07 0.696862 0.236319 9.2438e+06 0.00294383
2.78066e+08 1.31598e+07 0.694285 0.236425 9.13669e+06 0.00294072
2.79136e+08 1.30557e+07 0.691717 0.236532 9.03081e+06 0.00293762
2.80209e+08 1.29523e+07 0.689158 0.236639 8.92617e+06 0.00293452
2.81287e+08 1.28497e+07 0.686608 0.236746 8.82273e+06 0.00293142
2.82369e+08 1.2748e+07 0.684067 0.236852 8.72049e+06 0.00292832
2.83455e+08 1.26471e+07 0.681535 0.236959 8.61943e+06 0.00292522
2.84545e+08 1.25469e+07 0.679013 0.237066 8.51953e+06 0.00292212
2.8564e+08 1.24476e+07 0.676499 0.237172 8.4208e+06 0.00291903
2.86738e+08 1.23491e+07 0.673994 0.237279 8.3232e+06 0.00291594
2.87841e+08 1.22513e+07 0.671499 0.237386 8.22674e+06 0.00291285
2.88948e+08 1.21543e+07 0.669012 0.237492 8.13139e+06 0.00290976
2.9006e+08 1.20581e+07 0.666534 0.237599 8.03714e+06 0.00290667
2.91175e+08 1.19627e+07 0.664065 0.237706 7.94398e+06 0.00290359
2.92295e+08 1.1868e+07 0.661605 0.237813 7.8519e+06 0.0029005
2.9342e+08 1.1774e+07 0.659153 0.237919 7.76088e+06 0.00289742
2.94548e+08 1.16808e+07 0.65671 0.238026 7.67092e+06 0.00289434
2.95681e+08 1.15884e+07 0.654277 0.238133 7.582e+06 0.00289126
2.96818e+08 1.14966e+07 0.651851 0.238239 7.4941e+06 0.00288818
2.9796e+08 1.14056e+07 0.649435 0.238346 7.40722e+06 0.00288511
2.99106e+08 1.13154e+07 0.647027 0.238453 7.32135e+06 0.00288204
3.00257e+08 1.12258e+07 0.644628 0.23856 7.23647e+06 0.00287897
3.01411e+08 1.1137e+07 0.642237 0.238666 7.15257e+06 0.0028759
3.02571e+08 1.10488e+07 0.639855 0.238773 7.06964e+06 0.00287283
3.03735e+08 1.09614e+07 0.637482 0.23888 6.98767e+06 0.00286976
3.04903e+08 1.08746e+07 0.635117 0.238986 6.90665e+06 0.0028667
3.06076e+08 1.07886e+07 0.63276 0.239093 6.82657e+06 0.00286364
3.07253e+08 1.07032e+07 0.630412 0.2392 6.74741e+06 0.00286058
3.08435e+08 1.06185e+07 0.628073 0.239306 6.66916e+06 0.00285752
3.09621e+08 1.05344e+07 0.625741 0.239413 6.59183e+06 0.00285446
3.10812e+08 1.04511e+07 0.623418 0.23952 6.51538e+06 0.00285141
3.12007e+08 1.03684e+07 0.621104 0.239627 6.43983e+06 0.00284836
3.13207e+08 1.02863e+07 0.618798 0.239733 6.36514e+06 0.00284531
3.14412e+08 1.02049e+07 0.6165 0.23984 6.29132e+06 0.00284226
3.15621e+08 1.01241e+07 0.61421 0.239947 6.21835e+06 0.00283921
3.16835e+08 1.0044e+07 0.611929 0.240053 6.14623e+06 0.00283617
3.18054e+08 9.96454e+06 0.609656 0.24016 6.07494e+06 0.00283312
3.19277e+08 9.88569e+06 0.607391 0.240267 6.00448e+06 0.00283008
3.20505e+08 9.80746e+06 0.605134 0.240373 5.93483e+06 0.00282704
3.21738e+08 9.72985e+06 0.602885 0.24048 5.86598e+06 0.00282401
3.22976e+08 9.65286e+06 0.600645 0.240587 5.79794e+06 0.00282097
3.24218e+08 9.57647e+06 0.598412 0.240694 5.73068e+06 0.00281794
3.25465e+08 9.50069e+06 0.596188 0.2408 5.6642e+06 0.00281491
3.26717e+08 9.42552e+06 0.593971 0.240907 5.59848e+06 0.00281188
3.27973e+08 9.35093e+06 0.591763 0.241014 5.53353e+06 0.00280885
3.29235e+08 9.27694e+06 0.589562 0.24112 5.46933e+06 0.00280583
3.30501e+08 9.20353e+06 0.587369 0.241227 5.40587e+06 0.00280281
3.31772e+08 9.1307e+06 0.585185 0.241334 5.34315e+06 0.00279979
3.33049e+08 9.05845e+06 0.583008 0.24144 5.28115e+06 0.00279677
3.3433e+08 8.98678e+06 0.580839 0.241547 5.21987e+06 0.00279375
3.35615e+08 8.91567e+06 0.578678 0.241654 5.1593e+06 0.00279074
3.36906e+08 8.84512e+06 0.576525 0.241761 5.09943e+06 0.00278772
3.38202e+08 8.77513e+06 0.574379 0.241867 5.04025e+06 0.00278471
3.39503e+08 8.70569e+06 0.572241 0.241974 4.98176e+06 0.00278171
3.40809e+08 8.63681e+06 0.570111 0.242081 4.92394e+06 0.0027787
3.4212e+08 8.56846e+06 0.567989 0.242187 4.86679e+06 0.0027757
3.43436e+08 8.50066e+06 0.565874 0.242294 4.8103e+06 0.0027727
3.44757e+08 8.4334e+06 0.563767 0.242401 4.75447e+06 0.0027697
3.46083e+08 8.36667e+06 0.561667 0.242508 4.69929e+06 0.0027667
3.47414e+08 8.30046e+06 0.559576 0.242614 4.64474e+06 0.0027637
3.4875e+08 8.23478e+06 0.557491 0.242721 4.59082e+06 0.00276071
3.50091e+08 8.16962e+06 0.555415 0.242828 4.53753e+06 0.00275772
3.51438e+08 8.10498e+06 0.553345 0.242934 4.48485e+06 0.00275473
3.5279e+08 8.04084e+06 0.551284 0.243041 4.43279e+06 0.00275174
3.54147e+08 7.97722e+06 0.549229 0.243148 4.38132e+06 0.00274876
3.55509e+08 7.91409e+06 0.547183 0.243254 4.33045e+06 0.00274578
3.56876e+08 7.85147e+06 0.545143 0.243361 4.28017e+06 0.0027428
3.58249e+08 7.78934e+06 0.543111 0.243468 4.23048e+06 0.00273982
3.59627e+08 7.7277e+06 0.541086 0.243575 4.18136e+06 0.00273684
3.6101e+08 7.66655e+06 0.539069 0.243681 4.1328e+06 0.00273387
3.62399e+08 7.60589e+06 0.537059 0.243788 4.08481e+06 0.0027309
3.63792e+08 7.5457e+06 0.535056 0.243895 4.03737e+06 0.00272793
3.65192e+08 7.48599e+06 0.533061 0.244001 3.99049e+06 0.00272496
3.66596e+08 7.42675e+06 0.531073 0.244108 3.94414e+06 0.002722
3.68006e+08 7.36798e+06 0.529092 0.244215 3.89833e+06 0.00271904
3.69422e+08 7.30967e+06 0.527118 0.244321 3.85306e+06 0.00271608
3.70843e+08 7.25182e+06 0.525151 0.244428 3.8083e+06 0.00271312
3.72269e+08 7.19443e+06 0.523192 0.244535 3.76407e+06 0.00271016
3.73701e+08 7.1375e+06 0.521239 0.244642 3.72034e+06 0.00270721
3.75138e+08 7.08101e+06 0.519294 0.244748 3.67713e+06 0.00270426
3.76581e+08 7.02497e+06 0.517356 0.244855 3.63441e+06 0.00270131
3.7803e+08 6.96938e+06 0.515425 0.244962 3.59219e+06 0.00269836
3.79484e+08 6.91422e+06 0.5135 0.245068 3.55046e+06 0.00269542
3.80943e+08 6.8595e+06 0.511583 0.245175 3.50921e+06 0.00269248
3.82408e+08 6.80521e+06 0.509673 0.245282 3.46843e+06 0.00268954
3.83879e+08 6.75135e+06 0.50777 0.245388 3.42813e+06 0.0026866
3.85356e+08 6.69792e+06 0.505873 0.245495 3.3883e+06 0.00268367
3.86838e+08 6.64491e+06 0.503984 0.245602 3.34893e+06 0.00268073
3.88326e+08 6.59231e+06 0.502101 0.245709 3.31001e+06 0.0026778
3.8982e+08 6.54013e+06 0.500226 0.245815 3.27154e+06 0.00267488
3.91319e+08 6.48837e+06 0.498357 0.245922 3.23352e+06 0.00267195
3.92824e+08 6.43701e+06 0.496495 0.246029 3.19594e+06 0.00266903
3.94335e+08 6.38606e+06 0.494639 0.246135 3.1588e+06 0.00266611
3.95852e+08 6.33551e+06 0.492791 0.246242 3.12208e+06 0.00266319
3.97374e+08 6.28536e+06 0.490949 0.246349 3.08579e+06 0.00266027
3.98903e+08 6.23561e+06 0.489114 0.246455 3.04992e+06 0.00265736
4.00437e+08 6.18625e+06 0.487286 0.246562 3.01447e+06 0.00265445
4.01977e+08 6.13728e+06 0.485464 0.246669 2.97943e+06 0.00265154
4.03523e+08 6.08869e+06 0.483649 0.246776 2.94479e+06 0.00264863
4.05075e+08 6.04049e+06 0.48184 0.246882 2.91055e+06 0.00264573
4.06633e+08 5.99267e+06 0.480038 0.246989 2.87671e+06 0.00264283
4.08197e+08 5.94523e+06 0.478243 0.247096 2.84326e+06 0.00263993
4.09768e+08 5.89816e+06 0.476454 0.247202 2.8102e+06 0.00263703
4.11344e+08 5.85146e+06 0.474672 0.247309 2.77753e+06 0.00263414
4.12926e+08 5.80514e+06 0.472896 0.247416 2.74523e+06 0.00263125
4.14514e+08 5.75917e+06 0.471127 0.247523 2.7133e+06 0.00262836
4.16108e+08 5.71357e+06 0.469364 0.247629 2.68175e+06 0.00262547
4.17709e+08 5.66833e+06 0.467608 0.247736 2.65056e+06 0.00262259
4.19315e+08 5.62345e+06 0.465858 0.247843 2.61973e+06 0.00261971
4.20928e+08 5.57892e+06 0.464114 0.247949 2.58926e+06 0.00261683
4.22547e+08 5.53475e+06 0.462377 0.248056 2.55914e+06 0.00261395
4.24173e+08 5.49092e+06 0.460646 0.248163 2.52937e+06 0.00261107
4.25804e+08 5.44744e+06 0.458922 0.248269 2.49995e+06 0.0026082
4.27442e+08 5.4043e+06 0.457204 0.248376 2.47087e+06 0.00260533
4.29086e+08 5.3615e+06 0.455492 0.248483 2.44212e+06 0.00260247
4.30736e+08 5.31904e+06 0.453786 0.24859 2.41371e+06 0.0025996
4.32393e+08 5.27691e+06 0.452087 0.248696 2.38562e+06 0.00259674
4.34056e+08 5.23512e+06 0.450394 0.248803 2.35786e+06 0.00259388
4.35726e+08 5.19366e+06 0.448707 0.24891 2.33043e+06 0.00259102
4.37402e+08 5.15252e+06 0.447026 0.249016 2.30331e+06 0.00258817
4.39084e+08 5.11171e+06 0.445351 0.249123 2.2765e+06 0.00258532
4.40773e+08 5.07122e+06 0.443683 0.24923 2.25001e+06 0.00258247
4.42468e+08 5.03105e+06 0.44202 0.249336 2.22382e+06 0.00257962
4.4417e+08 4.99119e+06 0.440364 0.249443 2.19794e+06 0.00257678
4.45878e+08 4.95165e+06 0.438714 0.24955 2.17236e+06 0.00257393
4.47593e+08 4.91243e+06 0.437069 0.249657 2.14707e+06 0.0025711
4.49315e+08 4.87351e+06 0.435431 0.249763 2.12208e+06 0.00256826
4.51043e+08 4.8349e+06 0.433799 0.24987 2.09737e+06 0.00256543
4.52778e+08 4.79659e+06 0.432173 0.249977 2.07296e+06 0.00256259
4.54519e+08 4.75859e+06 0.430552 0.250083 2.04882e+06 0.00255976
4.56268e+08 4.72088e+06 0.428938 0.25019 2.02497e+06 0.00255694
4.58023e+08 4.68348e+06 0.42733 0.250297 2.00139e+06 0.00255411
4.59784e+08 4.64636e+06 0.425727 0.250403 1.97808e+06 0.00255129
4.61553e+08 4.60955e+06 0.424131 0.25051 1.95505e+06 0.00254847
4.63328e+08 4.57302e+06 0.42254 0.250617 1.93228e+06 0.00254566
4.6511e+08 4.53678e+06 0.420955 0.250724 1.90978e+06 0.00254284
4.66899e+08 4.50082e+06 0.419376 0.25083 1.88754e+06 0.00254003
4.68695e+08 4.46515e+06 0.417803 0.250937 1.86555e+06 0.00253723
4.70498e+08 4.42976e+06 0.416235 0.251044 1.84382e+06 0.00253442
4.72307e+08 4.39465e+06 0.414673 0.25115 1.82234e+06 0.00253162
4.74124e+08 4.35981e+06 0.413117 0.251257 1.80111e+06 0.00252882
4.75948e+08 4.32526e+06 0.411567 0.251364 1.78013e+06 0.00252602
4.77778e+08 4.29097e+06 0.410022 0.25147 1.75939e+06 0.00252322
4.79616e+08 4.25695e+06 0.408483 0.251577 1.73889e+06 0.00252043
4.81461e+08 4.2232e+06 0.40695 0.251684 1.71863e+06 0.00251764
4.83313e+08 4.18972e+06 0.405422 0.251791 1.69861e+06 0.00251485
4.85172e+08 4.1565e+06 0.4039 0.251897 1.67881e+06 0.00251207
4.87038e+08 4.12355e+06 0.402384 0.252004 1.65925e+06 0.00250929
4.88911e+08 4.09085e+06 0.400873 0.252111 1.63991e+06 0.00250651
4.90791e+08 4.05841e+06 0.399368 0.252217 1.6208e+06 0.00250373
4.92679e+08 4.02623e+06 0.397868 0.252324 1.60191e+06 0.00250096
4.94574e+08 3.9943e+06 0.396374 0.252431 1.58324e+06 0.00249819
4.96476e+08 3.96262e+06 0.394885 0.252538 1.56478e+06 0.00249542
4.98386e+08 3.93119e+06 0.393402 0.252644 1.54654e+06 0.00249265
5.00303e+08 3.90001e+06 0.391924 0.252751 1.52851e+06 0.00248989
5.02227e+08 3.86908e+06 0.390452 0.252858 1.51069e+06 0.00248713
5.04159e+08 3.83839e+06 0.388985 0.252964 1.49307e+06 0.00248437
5.06098e+08 3.80794e+06 0.387523 0.253071 1.47567e+06 0.00248161
5.08045e+08 3.77773e+06 0.386067 0.253178 1.45846e+06 0.00247886
5.09999e+08 3.74776e+06 0.384616 0.253284 1.44145e+06 0.00247611
5.1196e+08 3.71803e+06 0.383171 0.253391 1.42464e+06 0.00247336
5.1393e+08 3.68853e+06 0.381731 0.253498 1.40802e+06 0.00247062
5.15906e+08 3.65926e+06 0.380296 0.253605 1.3916e+06 0.00246788
5.17891e+08 3.63023e+06 0.378866 0.253711 1.37537e+06 0.00246514
5.19883e+08 3.60142e+06 0.377442 0.253818 1.35933e+06 0.0024624
5.21882e+08 3.57284e+06 0.376023 0.253925 1.34347e+06 0.00245967
5.2389e+08 3.54448e+06 0.374609 0.254031 1.3278e+06 0.00245694
5.25905e+08 3.51635e+06 0.373201 0.254138 1.3123e+06 0.00245421
5.27927e+08 3.48844e+06 0.371797 0.254245 1.29699e+06 0.00245148
5.29958e+08 3.46075e+06 0.370399 0.254351 1.28186e+06 0.00244876
5.31996e+08 3.43328e+06 0.369006 0.254458 1.2669e+06 0.00244604
5.34043e+08 3.40602e+06 0.367618 0.254565 1.25212e+06 0.00244332
5.36097e+08 3.37898e+06 0.366236 0.254672 1.2375e+06 0.00244061
5.38159e+08 3.35216e+06 0.364858 0.254778 1.22306e+06 0.0024379
5.40229e+08 3.32554e+06 0.363485 0.254885 1.20879e+06 0.00243519
5.42306e+08 3.29914e+06 0.362118 0.254992 1.19468e+06 0.00243248
5.44392e+08 3.27294e+06 0.360755 0.255098 1.18073e+06 0.00242978
5.46486e+08 3.24695e+06 0.359398 0.255205 1.16695e+06 0.00242708
5.48588e+08 3.22116e+06 0.358046 0.255312 1.15332e+06 0.00242438
5.50698e+08 3.19558e+06 0.356698 0.255418 1.13986e+06 0.00242169
5.52816e+08 3.17019e+06 0.355356 0.255525 1.12655e+06 0.00241899
5.54943e+08 3.14501e+06 0.354018 0.255632 1.11339e+06 0.0024163
5.57077e+08 3.12003e+06 0.352686 0.255739 1.10039e+06 0.00241362
5.5922e+08 3.09524e+06 0.351358 0.255845 1.08754e+06 0.00241093
5.61371e+08 3.07065e+06 0.350035 0.255952 1.07484e+06 0.00240825
5.6353e+08 3.04626e+06 0.348718 0.256059 1.06228e+06 0.00240557
5.65697e+08 3.02205e+06 0.347405 0.256165 1.04987e+06 0.0024029
5.67873e+08 2.99804e+06 0.346097 0.256272 1.03761e+06 0.00240022
5.70057e+08 2.97421e+06 0.344793 0.256379 1.02549e+06 0.00239755
5.7225e+08 2.95057e+06 0.343495 0.256485 1.01351e+06 0.00239489
5.74451e+08 2.92712e+06 0.342201 0.256592 1.00167e+06 0.00239222
5.76661e+08 2.90386e+06 0.340913 0.256699 989962 0.00238956
5.78879e+08 2.88078e+06 0.339629 0.256806 978394 0.0023869
5.81105e+08 2.85787e+06 0.338349 0.256912 966960 0.00238424
5.8334e+08 2.83515e+06 0.337075 0.257019 955659 0.00238159
5.85584e+08 2.81261e+06 0.335805 0.257126 944489 0.00237894
5.87836e+08 2.79025e+06 0.33454 0.257232 933449 0.00237629
5.90097e+08 2.76806e+06 0.333279 0.257339 922538 0.00237365
5.92367e+08 2.74605e+06 0.332023 0.257446 911753 0.00237101
5.94645e+08 2.72421e+06 0.330772 0.257553 901094 0.00236837
5.96933e+08 2.70254e+06 0.329526 0.257659 890558 0.00236573
5.99229e+08 2.68105e+06 0.328284 0.257766 880145 0.0023631
6.01533e+08 2.65972e+06 0.327047 0.257873 869853 0.00236047
6.03847e+08 2.63856e+06 0.325814 0.257979 859681 0.00235784
6.0617e+08 2.61757e+06 0.324586 0.258086 849627 0.00235521
6.08501e+08 2.59675e+06 0.323362 0.258193 839690 0.00235259
6.10842e+08 2.57608e+06 0.322143 0.258299 829868 0.00234997
6.13191e+08 2.55558e+06 0.320929 0.258406 820161 0.00234735
6.1555e+08 2.53525e+06 0.319719 0.258513 810566 0.00234474
6.17917e+08 2.51507e+06 0.318513 0.25862 801083 0.00234213
6.20294e+08 2.49505e+06 0.317312 0.258726 791710 0.00233952
6.2268e+08 2.47519e+06 0.316116 0.258833 782446 0.00233692
6.25075e+08 2.45549e+06 0.314924 0.25894 773290 0.00233431
6.27479e+08 2.43594e+06 0.313736 0.259046 764241 0.00233171
6.29892e+08 2.41654e+06 0.312553 0.259153 755296 0.00232912
6.32315e+08 2.3973e+06 0.311374 0.25926 746456 0.00232652
6.34747e+08 2.37821e+06 0.310199 0.259366 737719 0.00232393
6.37189e+08 2.35927e+06 0.309029 0.259473 729083 0.00232135
6.3964e+08 2.34048e+06 0.307863 0.25958 720547 0.00231876
6.421e+08 2.32184e+06 0.306702 0.259687 712111 0.00231618
6.4457e+08 2.30334e+06 0.305544 0.259793 703773 0.0023136
6.47049e+08 2.28499e+06 0.304391 0.2599 695532 0.00231102
6.49537e+08 2.26679e+06 0.303243 0.260007 687387 0.00230845
6.52036e+08 2.24873e+06 0.302098 0.260113 679337 0.00230588
6.54544e+08 2.23081e+06 0.300958 0.26022 671380 0.00230331
6.57061e+08 2.21303e+06 0.299823 0.260327 663516 0.00230075
6.59589e+08 2.19539e+06 0.298691 0.260433 655744 0.00229818
6.62125e+08 2.17789e+06 0.297563 0.26054 648061 0.00229562
6.64672e+08 2.16053e+06 0.29644 0.260647 640469 0.00229307
6.67229e+08 2.14331e+06 0.295321 0.260754 632964 0.00229051
6.69795e+08 2.12622e+06 0.294206 0.26086 625547 0.00228796
6.72371e+08 2.10927e+06 0.293096 0.260967 618217 0.00228542
6.74957e+08 2.09245e+06 0.291989 0.261074 610972 0.00228287
6.77554e+08 2.07576e+06 0.290886 0.26118 603811 0.00228033
6.8016e+08 2.05921e+06 0.289788 0.261287 596733 0.00227779
6.82776e+08 2.04278e+06 0.288694 0.261394 589738 0.00227526
6.85402e+08 2.02648e+06 0.287603 0.261501 582824 0.00227272
6.88038e+08 2.01032e+06 0.286517 0.261607 575991 0.00227019
6.90685e+08 1.99428e+06 0.285435 0.261714 569237 0.00226766
6.93341e+08 1.97837e+06 0.284357 0.261821 562562 0.00226514
6.96008e+08 1.96258e+06 0.283283 0.261927 555965 0.00226262
6.98685e+08 1.94691e+06 0.282213 0.262034 549444 0.0022601
7.01372e+08 1.93137e+06 0.281147 0.262141 543000 0.00225759
7.0407e+08 1.91596e+06 0.280085 0.262247 536630 0.00225507
7.06778e+08 1.90066e+06 0.279026 0.262354 530335 0.00225256
7.09497e+08 1.88549e+06 0.277972 0.262461 524113 0.00225006
7.12226e+08 1.87043e+06 0.276922 0.262568 517963 0.00224755
7.14965e+08 1.8555e+06 0.275875 0.262674 511886 0.00224505
7.17715e+08 1.84068e+06 0.274833 0.262781 505879 0.00224255
7.20475e+08 1.82598e+06 0.273794 0.262888 499942 0.00224006
7.23247e+08 1.81139e+06 0.27276 0.262994 494074 0.00223757
7.26028e+08 1.79692e+06 0.271729 0.263101 488274 0.00223508
7.28821e+08 1.78256e+06 0.270702 0.263208 482542 0.00223259
7.31624e+08 1.76832e+06 0.269678 0.263314 476877 0.00223011
7.34438e+08 1.75419e+06 0.268659 0.263421 471278 0.00222763
7.37263e+08 1.74017e+06 0.267643 0.263528 465744 0.00222515
7.40099e+08 1.72626e+06 0.266632 0.263635 460275 0.00222268
7.42946e+08 1.71246e+06 0.265623 0.263741 454869 0.0022202
7.45803e+08 1.69877e+06 0.264619 0.263848 449527 0.00221774
7.48672e+08 1.68519e+06 0.263619 0.263955 444247 0.00221527
7.51551e+08 1.67171e+06 0.262622 0.264061 439028 0.00221281
7.54442e+08 1.65834e+06 0.261629 0.264168 433870 0.00221035
7.57344e+08 1.64508e+06 0.260639 0.264275 428772 0.00220789
7.60257e+08 1.63192e+06 0.259654 0.264381 423734 0.00220544
7.63181e+08 1.61887e+06 0.258672 0.264488 418755 0.00220299
7.66116e+08 1.60591e+06 0.257693 0.264595 413833 0.00220054
7.69063e+08 1.59306e+06 0.256719 0.264702 408969 0.00219809
7.72021e+08 1.58031e+06 0.255748 0.264808 404162 0.00219565
7.74991e+08 1.56767e+06 0.25478 0.264915 399410 0.00219321
7.77971e+08 1.55512e+06 0.253816 0.265022 394715 0.00219078
7.80964e+08 1.54267e+06 0.252856 0.265128 390073 0.00218834
7.83968e+08 1.53032e+06 0.251899 0.265235 385487 0.00218591
7.86983e+08 1.51807e+06 0.250946 0.265342 380953 0.00218349
7.9001e+08 1.50591e+06 0.249997 0.265448 376473 0.00218106
7.93049e+08 1.49385e+06 0.249051 0.265555 372044 0.00217864
7.96099e+08 1.48188e+06 0.248109 0.265662 367668 0.00217622
7.99161e+08 1.47001e+06 0.24717 0.265769 363342 0.00217381
8.02235e+08 1.45823e+06 0.246234 0.265875 359067 0.0021714
8.0532e+08 1.44655e+06 0.245302 0.265982 354842 0.00216899
8.08418e+08 1.43496e+06 0.244374 0.266089 350666 0.00216658
8.11527e+08 1.42346e+06 0.243449 0.266195 346539 0.00216418
8.14649e+08 1.41205e+06 0.242528 0.266302 342461 0.00216178
8.17782e+08 1.40073e+06 0.24161 0.266409 338429 0.00215938
8.20927e+08 1.3895e+06 0.240695 0.266516 334445 0.00215699
8.24085e+08 1.37836e+06 0.239784 0.266622 330507 0.0021546
8.27255e+08 1.3673e+06 0.238876 0.266729 326616 0.00215221
8.30437e+08 1.35634e+06 0.237972 0.266836 322770 0.00214982
8.33631e+08 1.34546e+06 0.237071 0.266942 318968 0.00214744
8.36837e+08 1.33466e+06 0.236173 0.267049 315211 0.00214506
8.40056e+08 1.32395e+06 0.235279 0.267156 311498 0.00214268
8.43287e+08 1.31333e+06 0.234388 0.267262 307829 0.00214031
8.4653e+08 1.30279e+06 0.2335 0.267369 304202 0.00213794
8.49786e+08 1.29233e+06 0.232616 0.267476 300617 0.00213557
8.53055e+08 1.28196e+06 0.231735 0.267583 297075 0.00213321
8.56336e+08 1.27167e+06 0.230857 0.267689 293574 0.00213085
8.5963e+08 1.26146e+06 0.229983 0.267796 290113 0.00212849
8.62936e+08 1.25133e+06 0.229112 0.267903 286693 0.00212613
8.66255e+08 1.24127e+06 0.228244 0.268009 283314 0.00212378
8.69587e+08 1.2313e+06 0.227379 0.268116 279973 0.00212143
8.72932e+08 1.22141e+06 0.226518 0.268223 276672 0.00211909
8.76289e+08 1.2116e+06 0.22566 0.268329 273409 0.00211674
8.7966e+08 1.20186e+06 0.224805 0.268436 270184 0.0021144
8.83043e+08 1.1922e+06 0.223953 0.268543 266998 0.00211207
8.8644e+08 1.18262e+06 0.223105 0.26865 263848 0.00210973
8.89849e+08 1.17311e+06 0.222259 0.268756 260735 0.0021074
8.93272e+08 1.16368e+06 0.221417 0.268863 257659 0.00210507
8.96708e+08 1.15432e+06 0.220578 0.26897 254618 0.00210275
9.00157e+08 1.14504e+06 0.219742 0.269076 251613 0.00210043
9.03619e+08 1.13583e+06 0.21891 0.269183 248644 0.00209811
9.07095e+08 1.12669e+06 0.21808 0.26929 245708 0.00209579
9.10583e+08 1.11762e+06 0.217254 0.269396 242808 0.00209348
9.14086e+08 1.10863e+06 0.21643 0.269503 239941 0.00209117
9.17602e+08 1.09971e+06 0.21561 0.26961 237108 0.00208886
9.21131e+08 1.09086e+06 0.214793 0.269717 234308 0.00208656
9.24674e+08 1.08207e+06 0.213978 0.269823 231540 0.00208425
9.28231e+08 1.07336e+06 0.213167 0.26993 228805 0.00208196
9.31801e+08 1.06472e+06 0.212359 0.270037 226103 0.00207966
9.35385e+08 1.05614e+06 0.211554 0.270143 223431 0.00207737
9.38983e+08 1.04764e+06 0.210752 0.27025 220791 0.00207508
9.42594e+08 1.03919e+06 0.209953 0.270357 218182 0.0020728
9.4622e+08 1.03082e+06 0.209157 0.270463 215603 0.00207051
9.49859e+08 1.02251e+06 0.208364 0.27057 213055 0.00206823
9.53513e+08 1.01427e+06 0.207574 0.270677 210536 0.00206596
9.5718e+08 1.0061e+06 0.206787 0.270784 208047 0.00206368
9.60862e+08 997985 0.206003 0.27089 205587 0.00206141
9.64557e+08 989938 0.205221 0.270997 203156 0.00205914
9.68267e+08 981954 0.204443 0.271104 200754 0.00205688
9.71992e+08 974033 0.203668 0.27121 198379 0.00205462
9.7573e+08 966176 0.202895 0.271317 196032 0.00205236
9.79483e+08 958380 0.202126 0.271424 193713 0.0020501
9.83251e+08 950646 0.201359 0.271531 191421 0.00204785
9.87032e+08 942973 0.200595 0.271637 189156 0.0020456
9.90829e+08 935361 0.199834 0.271744 186917 0.00204335
9.9464e+08 927810 0.199076 0.271851 184705 0.00204111
9.98466e+08 920318 0.198321 0.271957 182518 0.00203887
1.00231e+09 912885 0.197569 0.272064 180358 0.00203663
1.00616e+09 905511 0.196819 0.272171 178222 0.0020344
1.01003e+09 898196 0.196072 0.272277 176111 0.00203217
1.01392e+09 890938 0.195329 0.272384 174026 0.00202994
1.01782e+09 883738 0.194587 0.272491 171964 0.00202771
1.02173e+09 876595 0.193849 0.272598 169927 0.00202549
1.02566e+09 869509 0.193113 0.272704 167914 0.00202327
1.02961e+09 862479 0.192381 0.272811 165924 0.00202106
1.03357e+09 855504 0.191651 0.272918 163958 0.00201884
1.03754e+09 848585 0.190923 0.273024 162015 0.00201663
1.04153e+09 841720 0.190199 0.273131 160094 0.00201443
1.04554e+09 834910 0.189477 0.273238 158196 0.00201222
1.04956e+09 828154 0.188758 0.273344 156321 0.00201002
1.0536e+09 821452 0.188041 0.273451 154467 0.00200782
1.05765e+09 814802 0.187328 0.273558 152635 0.00200563
1.06172e+09 808206 0.186616 0.273665 150824 0.00200344
1.0658e+09 801661 0.185908 0.273771 149035 0.00200125
1.0699e+09 795169 0.185202 0.273878 147267 0.00199906
1.07401e+09 788727 0.184499 0.273985 145520 0.00199688
1.07815e+09 782337 0.183799 0.274091 143793 0.0019947
1.08229e+09 775998 0.183101 0.274198 142086 0.00199253
1.08646e+09 769709 0.182406 0.274305 140399 0.00199035
1.09063e+09 763470 0.181713 0.274411 138733 0.00198818
1.09483e+09 757280 0.181023 0.274518 137085 0.00198602
1.09904e+09 751139 0.180336 0.274625 135458 0.00198385
1.10327e+09 745047 0.179651 0.274732 133849 0.00198169
1.10751e+09 739004 0.178969 0.274838 132259 0.00197953
1.11177e+09 733008 0.17829 0.274945 130688 0.00197738
1.11605e+09 727060 0.177612 0.275052 129135 0.00197523
1.12034e+09 721159 0.176938 0.275158 127600 0.00197308
1.12465e+09 715305 0.176266 0.275265 126084 0.00197093
1.12897e+09 709498 0.175597 0.275372 124585 0.00196879
1.13332e+09 703736 0.17493 0.275478 123104 0.00196665
1.13768e+09 698020 0.174265 0.275585 121641 0.00196451
1.14205e+09 692350 0.173603 0.275692 120194 0.00196238
1.14644e+09 686724 0.172944 0.275799 118765 0.00196025
1.15085e+09 681144 0.172287 0.275905 117352 0.00195812
1.15528e+09 675607 0.171632 0.276012 115956 0.001956
1.15972e+09 670115 0.17098 0.276119 114577 0.00195387
1.16419e+09 664666 0.170331 0.276225 113213 0.00195176
1.16866e+09 659261 0.169684 0.276332 111866 0.00194964
1.17316e+09 653898 0.169039 0.276439 110534 0.00194753
1.17767e+09 648578 0.168397 0.276546 109219 0.00194542
1.1822e+09 643300 0.167757 0.276652 107918 0.00194331
1.18675e+09 638064 0.16712 0.276759 106633 0.00194121
1.19131e+09 632870 0.166485 0.276866 105363 0.00193911
1.19589e+09 627717 0.165852 0.276972 104108 0.00193701
1.20049e+09 622605 0.165222 0.277079 102868 0.00193492
1.20511e+09 617534 0.164594 0.277186 101642 0.00193283
1.20975e+09 612503 0.163969 0.277292 100431 0.00193074
1.2144e+09 607512 0.163345 0.277399 99234.3 0.00192866
1.21907e+09 602561 0.162725 0.277506 98051.4 0.00192658
1.22376e+09 597649 0.162106 0.277613 96882.5 0.0019245
1.22847e+09 592776 0.16149 0.277719 95727.4 0.00192242
1.23319e+09 587941 0.160876 0.277826 94585.9 0.00192035
1.23793e+09 583146 0.160265 0.277933 93457.8 0.00191828
1.2427e+09 578388 0.159656 0.278039 92343 0.00191622
1.24748e+09 573668 0.159049 0.278146 91241.3 0.00191415
1.25227e+09 568986 0.158444 0.278253 90152.6 0.00191209
1.25709e+09 564341 0.157842 0.278359 89076.7 0.00191004
1.26193e+09 559733 0.157242 0.278466 88013.6 0.00190798
1.26678e+09 555162 0.156644 0.278573 86962.9 0.00190593
1.27165e+09 550627 0.156049 0.27868 85924.6 0.00190389
1.27654e+09 546128 0.155455 0.278786 84898.6 0.00190184
1.28145e+09 541665 0.154864 0.278893 83884.7 0.0018998
1.28638e+09 537238 0.154276 0.279 82882.7 0.00189776
1.29133e+09 532846 0.153689 0.279106 81892.5 0.00189573
1.2963e+09 528489 0.153105 0.279213 80914 0.00189369
1.30128e+09 524166 0.152522 0.27932 79947.1 0.00189167
1.30629e+09 519878 0.151943 0.279426 78991.6 0.00188964
1.31131e+09 515624 0.151365 0.279533 78047.3 0.00188762
1.31636e+09 511404 0.150789 0.27964 77114.2 0.0018856
1.32142e+09 507218 0.150216 0.279747 76192.1 0.00188358
1.3265e+09 503065 0.149644 0.279853 75280.8 0.00188157
1.3316e+09 498945 0.149075 0.27996 74380.4 0.00187956
1.33672e+09 494857 0.148508 0.280067 73490.5 0.00187755
1.34187e+09 490803 0.147944 0.280173 72611.2 0.00187554
1.34703e+09 486781 0.147381 0.28028 71742.2 0.00187354
1.35221e+09 482791 0.14682 0.280387 70883.5 0.00187154
1.35741e+09 478832 0.146262 0.280493 70034.9 0.00186955
1.36263e+09 474905 0.145706 0.2806 69196.4 0.00186756
1.36787e+09 471010 0.145151 0.280707 68367.8 0.00186557
1.37313e+09 467146 0.144599 0.280814 67548.9 0.00186358
1.37841e+09 463312 0.144049 0.28092 66739.8 0.0018616
1.38372e+09 459509 0.143501 0.281027 65940.1 0.00185962
1.38904e+09 455737 0.142955 0.281134 65150 0.00185764
1.39438e+09 451994 0.142411 0.28124 64369.2 0.00185567
1.39974e+09 448281 0.14187 0.281347 63597.6 0.0018537
1.40513e+09 444598 0.14133 0.281454 62835.1 0.00185173
1.41053e+09 440945 0.140792 0.281561 62081.6 0.00184977
1.41596e+09 437320 0.140257 0.281667 61337.1 0.00184781
1.4214e+09 433725 0.139723 0.281774 60601.3 0.00184585
1.42687e+09 430158 0.139191 0.281881 59874.3 0.00184389
1.43236e+09 426620 0.138662 0.281987 59155.8 0.00184194
1.43787e+09 423110 0.138134 0.282094 58445.9 0.00183999
1.4434e+09 419628 0.137608 0.282201 57744.4 0.00183805
1.44895e+09 416174 0.137085 0.282307 57051.1 0.00183611
1.45452e+09 412747 0.136563 0.282414 56366.1 0.00183417
1.46012e+09 409348 0.136043 0.282521 55689.1 0.00183223
1.46573e+09 405976 0.135526 0.282628 55020.2 0.0018303
1.47137e+09 402631 0.13501 0.282734 54359.2 0.00182837
1.47703e+09 399313 0.134496 0.282841 53706 0.00182644
1.48271e+09 396021 0.133984 0.282948 53060.6 0.00182452
1.48842e+09 392756 0.133474 0.283054 52422.8 0.00182259
1.49414e+09 389516 0.132966 0.283161 51792.6 0.00182068
1.49989e+09 386303 0.13246 0.283268 51169.8 0.00181876
1.50566e+09 383115 0.131956 0.283374 50554.4 0.00181685
1.51145e+09 379953 0.131454 0.283481 49946.3 0.00181494
1.51726e+09 376816 0.130953 0.283588 49345.4 0.00181304
1.5231e+09 373705 0.130455 0.283695 48751.6 0.00181114
1.52896e+09 370618 0.129958 0.283801 48164.9 0.00180924
1.53484e+09 367556 0.129464 0.283908 47585.1 0.00180734
1.54074e+09 364518 0.128971 0.284015 47012.2 0.00180545
1.54667e+09 361505 0.12848 0.284121 46446 0.00180356
1.55261e+09 358516 0.127991 0.284228 45886.6 0.00180167
1.55859e+09 355550 0.127503 0.284335 45333.9 0.00179979
1.56458e+09 352609 0.127018 0.284441 44787.7 0.00179791
1.5706e+09 349691 0.126534 0.284548 44247.9 0.00179603
1.57664e+09 346797 0.126053 0.284655 43714.6 0.00179415
1.5827e+09 343925 0.125573 0.284762 43187.6 0.00179228
1.58879e+09 341077 0.125094 0.284868 42666.8 0.00179042
1.5949e+09 338252 0.124618 0.284975 42152.3 0.00178855
1.60104e+09 335449 0.124144 0.285082 41643.8 0.00178669
1.6072e+09 332668 0.123671 0.285188 41141.4 0.00178483
1.61338e+09 329910 0.1232 0.285295 40645 0.00178297
1.61958e+09 327175 0.122731 0.285402 40154.4 0.00178112
1.62581e+09 324461 0.122263 0.285509 39669.7 0.00177927
1.63207e+09 321769 0.121798 0.285615 39190.7 0.00177743
1.63834e+09 319098 0.121334 0.285722 38717.4 0.00177558
1.64464e+09 316449 0.120872 0.285829 38249.8 0.00177374
1.65097e+09 313821 0.120412 0.285935 37787.7 0.00177191
1.65732e+09 311214 0.119953 0.286042 37331.1 0.00177007
1.66369e+09 308628 0.119496 0.286149 36879.9 0.00176824
1.67009e+09 306063 0.119041 0.286255 36434.1 0.00176641
1.67652e+09 303519 0.118588 0.286362 35993.6 0.00176459
1.68297e+09 300995 0.118136 0.286469 35558.3 0.00176277
1.68944e+09 298491 0.117686 0.286576 35128.2 0.00176095
1.69594e+09 296008 0.117238 0.286682 34703.2 0.00175914
1.70246e+09 293544 0.116791 0.286789 34283.3 0.00175732
1.70901e+09 291100 0.116346 0.286896 33868.4 0.00175551
1.71558e+09 288676 0.115903 0.287002 33458.4 0.00175371
1.72218e+09 286271 0.115461 0.287109 33053.3 0.00175191
1.7288e+09 283886 0.115022 0.287216 32653 0.00175011
1.73545e+09 281520 0.114583 0.287322 32257.5 0.00174831
1.74213e+09 279173 0.114147 0.287429 31866.7 0.00174652
1.74883e+09 276844 0.113712 0.287536 31480.5 0.00174473
1.75556e+09 274535 0.113279 0.287643 31099 0.00174294
1.76231e+09 272244 0.112847 0.287749 30722 0.00174116
1.76909e+09 269972 0.112417 0.287856 30349.5 0.00173938
1.77589e+09 267717 0.111989 0.287963 29981.4 0.0017376
1.78272e+09 265481 0.111562 0.288069 29617.7 0.00173582
1.78958e+09 263263 0.111137 0.288176 29258.3 0.00173405
1.79646e+09 261063 0.110714 0.288283 28903.3 0.00173228
1.80337e+09 258881 0.110292 0.288389 28552.4 0.00173052
1.81031e+09 256716 0.109871 0.288496 28205.8 0.00172876
1.81727e+09 254569 0.109453 0.288603 27863.3 0.001727
1.82426e+09 252439 0.109036 0.28871 27524.8 0.00172524
1.83128e+09 250326 0.10862 0.288816 27190.5 0.00172349
1.83832e+09 248230 0.108206 0.288923 26860.1 0.00172174
1.84539e+09 246151 0.107794 0.28903 26533.6 0.00171999
1.85249e+09 244089 0.107383 0.289136 26211 0.00171825
1.85962e+09 242043 0.106974 0.289243 25892.3 0.00171651
1.86677e+09 240014 0.106566 0.28935 25577.4 0.00171477
1.87395e+09 238002 0.10616 0.289456 25266.3 0.00171304
1.88116e+09 236005 0.105755 0.289563 24958.9 0.00171131
1.88839e+09 234025 0.105352 0.28967 24655.1 0.00170958
1.89565e+09 232061 0.104951 0.289777 24355 0.00170786
1.90295e+09 230113 0.104551 0.289883 24058.4 0.00170614
1.91027e+09 228180 0.104152 0.28999 23765.5 0.00170442
1.91761e+09 226263 0.103755 0.290097 23476 0.0017027
1.92499e+09 224361 0.10336 0.290203 23189.9 0.00170099
1.93239e+09 222475 0.102966 0.29031 22907.3 0.00169928
1.93983e+09 220604 0.102573 0.290417 22628.1 0.00169758
1.94729e+09 218748 0.102182 0.290524 22352.2 0.00169588
1.95478e+09 216908 0.101793 0.29063 22079.6 0.00169418
1.96229e+09 215082 0.101405 0.290737 21810.3 0.00169248
1.96984e+09 213271 0.101018 0.290844 21544.2 0.00169079
1.97742e+09 211474 0.100633 0.29095 21281.3 0.0016891
1.98502e+09 209692 0.100249 0.291057 21021.5 0.00168741
1.99266e+09 207925 0.0998672 0.291164 20764.9 0.00168573
2.00032e+09 206171 0.0994864 0.29127 20511.3 0.00168405
2.00802e+09 204432 0.0991071 0.291377 20260.7 0.00168237
2.01574e+09 202708 0.0987293 0.291484 20013.2 0.0016807
2.02349e+09 200997 0.0983529 0.291591 19768.6 0.00167903
2.03128e+09 199300 0.0979779 0.291697 19526.9 0.00167736
2.03909e+09 197616 0.0976043 0.291804 19288.2 0.00167569
2.04693e+09 195947 0.0972321 0.291911 19052.3 0.00167403
2.05481e+09 194291 0.0968614 0.292017 18819.2 0.00167237
2.06271e+09 192648 0.096492 0.292124 18589 0.00167072
2.07064e+09 191018 0.0961241 0.292231 18361.5 0.00166907
2.07861e+09 189402 0.0957576 0.292337 18136.7 0.00166742
2.0866e+09 187799 0.0953924 0.292444 17914.6 0.00166577
2.09463e+09 186209 0.0950286 0.292551 17695.2 0.00166413
2.10269e+09 184632 0.0946663 0.292658 17478.4 0.00166249
2.11077e+09 183068 0.0943052 0.292764 17264.3 0.00166086
2.11889e+09 181516 0.0939456 0.292871 17052.7 0.00165922
2.12704e+09 179977 0.0935873 0.292978 16843.6 0.00165759
2.13522e+09 178451 0.0932304 0.293084 16637 0.00165597
2.14344e+09 176937 0.0928749 0.293191 16433 0.00165434
2.15168e+09 175435 0.0925207 0.293298 16231.4 0.00165272
2.15996e+09 173945 0.0921678 0.293404 16032.2 0.00165111
2.16826e+09 172468 0.0918163 0.293511 15835.4 0.00164949
2.1766e+09 171002 0.0914661 0.293618 15640.9 0.00164788
2.18498e+09 169549 0.0911172 0.293725 15448.8 0.00164627
2.19338e+09 168107 0.0907697 0.293831 15259 0.00164467
2.20182e+09 166677 0.0904235 0.293938 15071.5 0.00164307
2.21028e+09 165259 0.0900786 0.294045 14886.3 0.00164147
2.21879e+09 163852 0.089735 0.294151 14703.3 0.00163988
2.22732e+09 162457 0.0893927 0.294258 14522.5 0.00163828
2.23589e+09 161073 0.0890517 0.294365 14343.8 0.0016367
2.24449e+09 159700 0.088712 0.294471 14167.3 0.00163511
2.25312e+09 158339 0.0883736 0.294578 13993 0.00163353
2.26179e+09 156989 0.0880365 0.294685 13820.7 0.00163195
2.27049e+09 155649 0.0877006 0.294792 13650.5 0.00163037
2.27922e+09 154321 0.0873661 0.294898 13482.4 0.0016288
2.28798e+09 153003 0.0870328 0.295005 13316.3 0.00162723
2.29679e+09 151696 0.0867007 0.295112 13152.2 0.00162567
2.30562e+09 150400 0.08637 0.295218 12990.1 0.0016241
2.31449e+09 149114 0.0860405 0.295325 12829.9 0.00162254
2.32339e+09 147839 0.0857122 0.295432 12671.6 0.00162099
2.33233e+09 146575 0.0853852 0.295539 12515.3 0.00161943
2.3413e+09 145320 0.0850594 0.295645 12360.9 0.00161788
2.3503e+09 144076 0.0847349 0.295752 12208.3 0.00161634
2.35934e+09 142842 0.0844116 0.295859 12057.5 0.00161479
2.36842e+09 141618 0.0840895 0.295965 11908.6 0.00161325
2.37753e+09 140405 0.0837687 0.296072 11761.5 0.00161171
2.38667e+09 139201 0.0834491 0.296179 11616.2 0.00161018
2.39585e+09 138007 0.0831307 0.296285 11472.6 0.00160865
2.40507e+09 136822 0.0828135 0.296392 11330.7 0.00160712
2.41432e+09 135648 0.0824975 0.296499 11190.6 0.0016056
2.4236e+09 134483 0.0821827 0.296606 11052.1 0.00160408
2.43292e+09 133327 0.0818691 0.296712 10915.4 0.00160256
2.44228e+09 132181 0.0815567 0.296819 10780.3 0.00160104
2.45168e+09 131045 0.0812454 0.296926 10646.8 0.00159953
2.46111e+09 129917 0.0809354 0.297032 10514.9 0.00159802
2.47057e+09 128799 0.0806265 0.297139 10384.6 0.00159652
2.48008e+09 127690 0.0803189 0.297246 10255.9 0.00159502
2.48961e+09 126591 0.0800123 0.297352 10128.8 0.00159352
2.49919e+09 125500 0.079707 0.297459 10003.2 0.00159202
2.5088e+09 124418 0.0794028 0.297566 9879.14 0.00159053
2.51845e+09 123345 0.0790998 0.297673 9756.56 0.00158904
2.52814e+09 122281 0.0787979 0.297779 9635.48 0.00158755
2.53786e+09 121226 0.0784972 0.297886 9515.86 0.00158607
2.54762e+09 120179 0.0781976 0.297993 9397.69 0.00158459
2.55742e+09 119141 0.0778991 0.298099 9280.95 0.00158312
2.56726e+09 118111 0.0776018 0.298206 9165.63 0.00158164
2.57713e+09 117090 0.0773056 0.298313 9051.71 0.00158017
2.58705e+09 116077 0.0770106 0.298419 8939.17 0.00157871
2.597e+09 115073 0.0767166 0.298526 8828 0.00157724
2.60699e+09 114077 0.0764238 0.298633 8718.17 0.00157578
2.61701e+09 113089 0.0761321 0.29874 8609.68 0.00157433
2.62708e+09 112109 0.0758415 0.298846 8502.51 0.00157287
2.63718e+09 111137 0.075552 0.298953 8396.63 0.00157142
2.64733e+09 110173 0.0752636 0.29906 8292.05 0.00156997
2.65751e+09 109218 0.0749763 0.299166 8188.73 0.00156853
2.66773e+09 108270 0.0746901 0.299273 8086.67 0.00156709
2.67799e+09 107330 0.074405 0.29938 7985.85 0.00156565
2.68829e+09 106397 0.074121 0.299486 7886.26 0.00156422
2.69863e+09 105473 0.073838 0.299593 7787.88 0.00156279
2.70901e+09 104555 0.0735561 0.2997 7690.7 0.00156136
2.71943e+09 103646 0.0732753 0.299807 7594.69 0.00155994
2.72989e+09 102744 0.0729956 0.299913 7499.86 0.00155852
2.74039e+09 101849 0.0727169 0.30002 7406.18 0.0015571
2.75093e+09 100962 0.0724393 0.300127 7313.64 0.00155568
2.76151e+09 100083 0.0721628 0.300233 7222.23 0.00155427
2.77213e+09 99210 0.0718873 0.30034 7131.93 0.00155286
2.7828e+09 98344.7 0.0716128 0.300447 7042.74 0.00155146
2.7935e+09 97486.5 0.0713394 0.300554 6954.63 0.00155006
2.80424e+09 96635.4 0.071067 0.30066 6867.59 0.00154866
2.81503e+09 95791.4 0.0707957 0.300767 6781.62 0.00154726
2.82586e+09 94954.3 0.0705254 0.300874 6696.69 0.00154587
2.83673e+09 94124.2 0.0702561 0.30098 6612.8 0.00154448
2.84764e+09 93300.9 0.0699879 0.301087 6529.93 0.0015431
2.85859e+09 92484.5 0.0697206 0.301194 6448.08 0.00154172
2.86959e+09 91674.8 0.0694544 0.3013 6367.22 0.00154034
2.88062e+09 90871.9 0.0691892 0.301407 6287.36 0.00153896
2.8917e+09 90075.6 0.068925 0.301514 6208.46 0.00153759
2.90283e+09 89285.9 0.0686619 0.301621 6130.53 0.00153622
2.91399e+09 88502.7 0.0683997 0.301727 6053.56 0.00153486
2.9252e+09 87726.1 0.0681385 0.301834 5977.52 0.0015335
2.93645e+09 86955.9 0.0678783 0.301941 5902.42 0.00153214
2.94774e+09 86192.1 0.0676191 0.302047 5828.23 0.00153078
2.95908e+09 85434.6 0.0673609 0.302154 5754.95 0.00152943
2.97046e+09 84683.5 0.0671036 0.302261 5682.57 0.00152808
2.98189e+09 83938.5 0.0668474 0.302367 5611.07 0.00152674
2.99336e+09 83199.8 0.0665921 0.302474 5540.45 0.00152539
3.00487e+09 82467.2 0.0663378 0.302581 5470.69 0.00152406
3.01643e+09 81740.7 0.0660845 0.302688 5401.79 0.00152272
3.02803e+09 81020.2 0.0658321 0.302794 5333.73 0.00152139
3.03968e+09 80305.8 0.0655807 0.302901 5266.51 0.00152006
3.05137e+09 79597.3 0.0653302 0.303008 5200.11 0.00151873
3.06311e+09 78894.7 0.0650807 0.303114 5134.52 0.00151741
3.07489e+09 78197.9 0.0648322 0.303221 5069.74 0.00151609
3.08671e+09 77507 0.0645846 0.303328 5005.76 0.00151478
3.09859e+09 76821.8 0.0643379 0.303434 4942.55 0.00151346
3.11051e+09 76142.3 0.0640922 0.303541 4880.13 0.00151216
3.12247e+09 75468.5 0.0638474 0.303648 4818.47 0.00151085
3.13448e+09 74800.3 0.0636035 0.303755 4757.57 0.00150955
3.14654e+09 74137.7 0.0633606 0.303861 4697.41 0.00150825
3.15864e+09 73480.7 0.0631186 0.303968 4638 0.00150695
3.17079e+09 72829.1 0.0628775 0.304075 4579.31 0.00150566
3.18298e+09 72183 0.0626374 0.304181 4521.35 0.00150437
3.19523e+09 71542.2 0.0623981 0.304288 4464.1 0.00150309
3.20752e+09 70906.9 0.0621598 0.304395 4407.55 0.0015018
3.21985e+09 70276.8 0.0619223 0.304502 4351.7 0.00150053
3.23224e+09 69652 0.0616858 0.304608 4296.54 0.00149925
3.24467e+09 69032.5 0.0614502 0.304715 4242.06 0.00149798
3.25715e+09 68418.1 0.0612155 0.304822 4188.24 0.00149671
3.26968e+09 67808.9 0.0609816 0.304928 4135.09 0.00149544
3.28225e+09 67204.7 0.0607487 0.305035 4082.6 0.00149418
3.29488e+09 66605.7 0.0605166 0.305142 4030.75 0.00149292
3.30755e+09 66011.7 0.0602854 0.305248 3979.54 0.00149167
3.32027e+09 65422.6 0.0600551 0.305355 3928.96 0.00149042
3.33304e+09 64838.5 0.0598257 0.305462 3879.01 0.00148917
3.34586e+09 64259.3 0.0595972 0.305569 3829.67 0.00148792
3.35873e+09 63685 0.0593695 0.305675 3780.95 0.00148668
3.37165e+09 63115.5 0.0591427 0.305782 3732.82 0.00148544
3.38462e+09 62550.7 0.0589168 0.305889 3685.29 0.00148421
3.39764e+09 61990.7 0.0586917 0.305995 3638.34 0.00148298
3.41071e+09 61435.5 0.0584675 0.306102 3591.98 0.00148175
3.42382e+09 60884.9 0.0582441 0.306209 3546.18 0.00148052
3.43699e+09 60338.9 0.0580216 0.306315 3500.96 0.0014793
3.45021e+09 59797.5 0.0577999 0.306422 3456.29 0.00147808
3.46348e+09 59260.7 0.0575791 0.306529 3412.18 0.00147687
3.47681e+09 58728.4 0.0573591 0.306636 3368.61 0.00147566
3.49018e+09 58200.6 0.0571399 0.306742 3325.58 0.00147445
3.5036e+09 57677.3 0.0569216 0.306849 3283.09 0.00147325
3.51708e+09 57158.3 0.0567042 0.306956 3241.12 0.00147205
3.53061e+09 56643.8 0.0564875 0.307062 3199.67 0.00147085
3.54419e+09 56133.6 0.0562717 0.307169 3158.73 0.00146966
3.55782e+09 55627.7 0.0560567 0.307276 3118.3 0.00146847
3.5715e+09 55126 0.0558425 0.307382 3078.37 0.00146728
3.58524e+09 54628.6 0.0556291 0.307489 3038.94 0.00146609
3.59903e+09 54135.5 0.0554166 0.307596 3000 0.00146491
3.61287e+09 53646.4 0.0552048 0.307703 2961.54 0.00146374
3.62677e+09 53161.6 0.0549939 0.307809 2923.56 0.00146256
3.64072e+09 52680.8 0.0547837 0.307916 2886.05 0.0014614
3.65472e+09 52204.1 0.0545744 0.308023 2849.01 0.00146023
3.66878e+09 51731.4 0.0543659 0.308129 2812.42 0.00145907
3.68289e+09 51262.7 0.0541581 0.308236 2776.29 0.00145791
3.69706e+09 50798 0.0539512 0.308343 2740.61 0.00145675
3.71128e+09 50337.3 0.053745 0.308449 2705.38 0.0014556
3.72555e+09 49880.5 0.0535396 0.308556 2670.58 0.00145445
3.73988e+09 49427.5 0.053335 0.308663 2636.22 0.0014533
3.75426e+09 48978.4 0.0531312 0.30877 2602.28 0.00145216
3.7687e+09 48533.1 0.0529282 0.308876 2568.77 0.00145102
3.7832e+09 48091.6 0.0527259 0.308983 2535.67 0.00144989
3.79775e+09 47653.8 0.0525244 0.30909 2502.99 0.00144876
3.81236e+09 47219.8 0.0523237 0.309196 2470.71 0.00144763
3.82702e+09 46789.4 0.0521238 0.309303 2438.84 0.0014465
3.84174e+09 46362.7 0.0519246 0.30941 2407.36 0.00144538
3.85652e+09 45939.7 0.0517261 0.309517 2376.28 0.00144427
3.87135e+09 45520.2 0.0515284 0.309623 2345.59 0.00144315
3.88624e+09 45104.4 0.0513315 0.30973 2315.27 0.00144204
3.90119e+09 44692 0.0511353 0.309837 2285.34 0.00144094
3.91619e+09 44283.2 0.0509399 0.309943 2255.78 0.00143983
3.93126e+09 43877.9 0.0507452 0.31005 2226.59 0.00143873
3.94638e+09 43476 0.0505513 0.310157 2197.77 0.00143764
3.96156e+09 43077.6 0.0503581 0.310263 2169.31 0.00143654
3.97679e+09 42682.6 0.0501656 0.31037 2141.2 0.00143545
3.99209e+09 42290.9 0.0499739 0.310477 2113.44 0.00143437
4.00745e+09 41902.6 0.0497829 0.310584 2086.03 0.00143329
4.02286e+09 41517.7 0.0495926 0.31069 2058.97 0.00143221
4.03833e+09 41136 0.0494031 0.310797 2032.24 0.00143113
4.05387e+09 40757.6 0.0492142 0.310904 2005.85 0.00143006
4.06946e+09 40382.4 0.0490261 0.31101 1979.79 0.00142899
4.08511e+09 40010.4 0.0488387 0.311117 1954.06 0.00142793
4.10082e+09 39641.7 0.0486521 0.311224 1928.65 0.00142687
4.1166e+09 39276.1 0.0484661 0.31133 1903.56 0.00142581
4.13243e+09 38913.6 0.0482809 0.311437 1878.78 0.00142476
4.14832e+09 38554.3 0.0480963 0.311544 1854.32 0.00142371
4.16428e+09 38198 0.0479125 0.311651 1830.16 0.00142266
4.1803e+09 37844.8 0.0477293 0.311757 1806.31 0.00142162
4.19638e+09 37494.6 0.0475469 0.311864 1782.75 0.00142058
4.21252e+09 37147.5 0.0473651 0.311971 1759.49 0.00141954
4.22872e+09 36803.3 0.0471841 0.312077 1736.53 0.00141851
4.24498e+09 36462.1 0.0470037 0.312184 1713.85 0.00141748
4.26131e+09 36123.8 0.046824 0.312291 1691.46 0.00141646
4.2777e+09 35788.5 0.046645 0.312397 1669.36 0.00141544
4.29415e+09 35456 0.0464667 0.312504 1647.53 0.00141442
4.31067e+09 35126.4 0.0462891 0.312611 1625.97 0.00141341
4.32725e+09 34799.7 0.0461122 0.312718 1604.69 0.0014124
4.34389e+09 34475.8 0.0459359 0.312824 1583.67 0.00141139
4.3606e+09 34154.6 0.0457603 0.312931 1562.93 0.00141039
4.37737e+09 33836.3 0.0455853 0.313038 1542.44 0.00140939
4.39421e+09 33520.7 0.0454111 0.313144 1522.21 0.00140839
4.41111e+09 33207.8 0.0452375 0.313251 1502.24 0.0014074
4.42808e+09 32897.7 0.0450645 0.313358 1482.52 0.00140641
4.44511e+09 32590.2 0.0448923 0.313464 1463.05 0.00140543
4.46221e+09 32285.4 0.0447206 0.313571 1443.82 0.00140445
4.47937e+09 31983.2 0.0445497 0.313678 1424.84 0.00140347
4.4966e+09 31683.6 0.0443794 0.313785 1406.1 0.0014025
4.5139e+09 31386.7 0.0442097 0.313891 1387.6 0.00140153
4.53126e+09 31092.3 0.0440407 0.313998 1369.33 0.00140056
4.54869e+09 30800.5 0.0438723 0.314105 1351.29 0.0013996
4.56618e+09 30511.2 0.0437046 0.314211 1333.48 0.00139864
4.58374e+09 30224.5 0.0435375 0.314318 1315.9 0.00139769
4.60138e+09 29940.2 0.043371 0.314425 1298.54 0.00139674
4.61907e+09 29658.4 0.0432052 0.314532 1281.4 0.00139579
4.63684e+09 29379.1 0.04304 0.314638 1264.47 0.00139485
4.65467e+09 29102.2 0.0428754 0.314745 1247.77 0.00139391
4.67258e+09 28827.7 0.0427115 0.314852 1231.27 0.00139297
4.69055e+09 28555.6 0.0425482 0.314958 1214.99 0.00139204
4.70859e+09 28285.8 0.0423855 0.315065 1198.91 0.00139111
4.7267e+09 28018.5 0.0422235 0.315172 1183.04 0.00139018
4.74488e+09 27753.4 0.042062 0.315278 1167.37 0.00138926
4.76313e+09 27490.7 0.0419012 0.315385 1151.89 0.00138835
4.78145e+09 27230.3 0.041741 0.315492 1136.62 0.00138743
4.79984e+09 26972.1 0.0415814 0.315599 1121.54 0.00138652
4.81831e+09 26716.2 0.0414224 0.315705 1106.65 0.00138562
4.83684e+09 26462.6 0.041264 0.315812 1091.95 0.00138472
4.85544e+09 26211.2 0.0411062 0.315919 1077.44 0.00138382
4.87412e+09 25962 0.0409491 0.316025 1063.12 0.00138292
4.89286e+09 25714.9 0.0407925 0.316132 1048.98 0.00138203
4.91168e+09 25470.1 0.0406365 0.316239 1035.01 0.00138115
4.93058e+09 25227.3 0.0404811 0.316345 1021.23 0.00138026
4.94954e+09 24986.8 0.0403263 0.316452 1007.62 0.00137938
4.96858e+09 24748.3 0.0401721 0.316559 994.191 0.00137851
4.98769e+09 24511.9 0.0400185 0.316666 980.931 0.00137764
5.00687e+09 24277.6 0.0398655 0.316772 967.84 0.00137677
5.02613e+09 24045.4 0.039713 0.316879 954.916 0.00137591
5.04546e+09 23815.2 0.0395612 0.316986 942.158 0.00137505
5.06487e+09 23587.1 0.0394099 0.317092 929.564 0.00137419
5.08435e+09 23360.9 0.0392592 0.317199 917.131 0.00137334
5.10391e+09 23136.8 0.0391091 0.317306 904.858 0.00137249
5.12354e+09 22914.6 0.0389595 0.317412 892.743 0.00137165
5.14324e+09 22694.4 0.0388105 0.317519 880.783 0.00137081
5.16303e+09 22476.2 0.0386621 0.317626 868.976 0.00136997
5.18288e+09 22259.9 0.0385142 0.317733 857.321 0.00136914
5.20282e+09 22045.4 0.038367 0.317839 845.817 0.00136831
5.22283e+09 21832.9 0.0382202 0.317946 834.46 0.00136748
5.24292e+09 21622.3 0.0380741 0.318053 823.249 0.00136666
5.26309e+09 21413.6 0.0379285 0.318159 812.183 0.00136585
5.28333e+09 21206.6 0.0377834 0.318266 801.259 0.00136504
5.30365e+09 21001.6 0.0376389 0.318373 790.476 0.00136423
5.32405e+09 20798.3 0.037495 0.318479 779.832 0.00136342
5.34453e+09 20596.9 0.0373516 0.318586 769.326 0.00136262
5.36508e+09 20397.2 0.0372087 0.318693 758.955 0.00136182
5.38572e+09 20199.4 0.0370664 0.3188 748.718 0.00136103
5.40643e+09 20003.2 0.0369247 0.318906 738.613 0.00136024
5.42723e+09 19808.9 0.0367834 0.319013 728.638 0.00135946
5.4481e+09 19616.2 0.0366428 0.31912 718.793 0.00135868
5.46906e+09 19425.3 0.0365026 0.319226 709.075 0.0013579
5.4901e+09 19236.1 0.036363 0.319333 699.483 0.00135713
5.51121e+09 19048.6 0.0362239 0.31944 690.015 0.00135636
5.53241e+09 18862.7 0.0360854 0.319547 680.669 0.00135559
5.55369e+09 18678.6 0.0359474 0.319653 671.445 0.00135483
5.57505e+09 18496 0.0358099 0.31976 662.34 0.00135408
5.59649e+09 18315.1 0.0356729 0.319867 653.354 0.00135333
5.61802e+09 18135.8 0.0355365 0.319973 644.484 0.00135258
5.63963e+09 17958.2 0.0354006 0.32008 635.729 0.00135183
5.66132e+09 17782.1 0.0352652 0.320187 627.088 0.00135109
5.68309e+09 17607.6 0.0351303 0.320293 618.559 0.00135036
5.70495e+09 17434.6 0.0349959 0.3204 610.141 0.00134962
5.7269e+09 17263.3 0.0348621 0.320507 601.833 0.0013489
5.74892e+09 17093.4 0.0347287 0.320614 593.633 0.00134817
5.77104e+09 16925.1 0.0345959 0.32072 585.539 0.00134745
5.79323e+09 16758.3 0.0344635 0.320827 577.551 0.00134674
5.81552e+09 16593 0.0343317 0.320934 569.667 0.00134603
5.83788e+09 16429.2 0.0342004 0.32104 561.886 0.00134532
5.86034e+09 16266.9 0.0340696 0.321147 554.207 0.00134462
5.88288e+09 16106 0.0339393 0.321254 546.627 0.00134392
5.90551e+09 15946.6 0.0338095 0.32136 539.147 0.00134322
5.92822e+09 15788.7 0.0336801 0.321467 531.764 0.00134253
5.95102e+09 15632.1 0.0335513 0.321574 524.478 0.00134185
5.97391e+09 15477 0.033423 0.321681 517.288 0.00134117
5.99689e+09 15323.3 0.0332951 0.321787 510.191 0.00134049
6.01995e+09 15171 0.0331677 0.321894 503.187 0.00133981
6.04311e+09 15020 0.0330409 0.322001 496.275 0.00133915
6.06635e+09 14870.5 0.0329145 0.322107 489.454 0.00133848
6.08969e+09 14722.3 0.0327886 0.322214 482.722 0.00133782
6.11311e+09 14575.4 0.0326631 0.322321 476.078 0.00133716
6.13662e+09 14429.9 0.0325382 0.322427 469.522 0.00133651
6.16022e+09 14285.7 0.0324137 0.322534 463.052 0.00133586
6.18392e+09 14142.8 0.0322897 0.322641 456.666 0.00133522
6.2077e+09 14001.2 0.0321662 0.322748 450.365 0.00133458
6.23158e+09 13860.9 0.0320432 0.322854 444.147 0.00133395
6.25555e+09 13721.9 0.0319206 0.322961 438.01 0.00133332
6.27961e+09 13584.1 0.0317985 0.323068 431.954 0.00133269
6.30376e+09 13447.6 0.0316768 0.323174 425.978 0.00133207
6.32801e+09 13312.4 0.0315557 0.323281 420.081 0.00133145
6.35235e+09 13178.4 0.0314349 0.323388 414.262 0.00133084
6.37678e+09 13045.6 0.0313147 0.323494 408.519 0.00133023
6.40131e+09 12914.1 0.0311949 0.323601 402.853 0.00132962
6.42593e+09 12783.7 0.0310755 0.323708 397.261 0.00132902
6.45065e+09 12654.6 0.0309567 0.323815 391.743 0.00132843
6.47546e+09 12526.6 0.0308382 0.323921 386.298 0.00132784
6.50036e+09 12399.8 0.0307203 0.324028 380.925 0.00132725
6.52537e+09 12274.2 0.0306027 0.324135 375.623 0.00132667
6.55046e+09 12149.7 0.0304856 0.324241 370.391 0.00132609
6.57566e+09 12026.4 0.030369 0.324348 365.229 0.00132552
6.60095e+09 11904.2 0.0302528 0.324455 360.135 0.00132495
6.62634e+09 11783.1 0.0301371 0.324562 355.109 0.00132439
6.65183e+09 11663.2 0.0300218 0.324668 350.15 0.00132383
6.67741e+09 11544.4 0.0299069 0.324775 345.256 0.00132327
6.7031e+09 11426.6 0.0297925 0.324882 340.428 0.00132272
6.72888e+09 11310 0.0296785 0.324988 335.663 0.00132217
6.75476e+09 11194.4 0.029565 0.325095 330.963 0.00132163
6.78074e+09 11079.9 0.0294519 0.325202 326.324 0.0013211
6.80682e+09 10966.5 0.0293392 0.325308 321.748 0.00132056
6.833e+09 10854.1 0.0292269 0.325415 317.232 0.00132003
6.85928e+09 10742.8 0.0291151 0.325522 312.777 0.00131951
6.88567e+09 10632.5 0.0290037 0.325629 308.381 0.00131899
6.91215e+09 10523.2 0.0288928 0.325735 304.044 0.00131848
6.93874e+09 10414.9 0.0287822 0.325842 299.765 0.00131797
6.96543e+09 10307.7 0.0286721 0.325949 295.543 0.00131746
6.99222e+09 10201.4 0.0285624 0.326055 291.378 0.00131696
7.01911e+09 10096.2 0.0284531 0.326162 287.268 0.00131647
7.04611e+09 9991.91 0.0283442 0.326269 283.213 0.00131598
7.07321e+09 9888.61 0.0282358 0.326375 279.213 0.00131549
7.10042e+09 9786.28 0.0281278 0.326482 275.266 0.00131501
7.12773e+09 9684.91 0.0280201 0.326589 271.372 0.00131453
7.15514e+09 9584.48 0.0279129 0.326696 267.531 0.00131406
7.18266e+09 9485 0.0278061 0.326802 263.741 0.00131359
7.21029e+09 9386.45 0.0276997 0.326909 260.002 0.00131313
7.23802e+09 9288.83 0.0275937 0.327016 256.314 0.00131267
7.26586e+09 9192.12 0.0274882 0.327122 252.675 0.00131222
7.29381e+09 9096.33 0.027383 0.327229 249.085 0.00131177
7.32186e+09 9001.43 0.0272782 0.327336 245.543 0.00131133
7.35002e+09 8907.43 0.0271738 0.327442 242.049 0.00131089
7.37829e+09 8814.32 0.0270698 0.327549 238.602 0.00131046
7.40667e+09 8722.09 0.0269663 0.327656 235.202 0.00131003
7.43516e+09 8630.72 0.0268631 0.327763 231.848 0.0013096
7.46376e+09 8540.22 0.0267603 0.327869 228.539 0.00130919
7.49247e+09 8450.58 0.0266579 0.327976 225.275 0.00130877
7.52129e+09 8361.79 0.0265559 0.328083 222.055 0.00130836
7.55022e+09 8273.83 0.0264543 0.328189 218.878 0.00130796
7.57926e+09 8186.72 0.026353 0.328296 215.745 0.00130756
7.60841e+09 8100.43 0.0262522 0.328403 212.654 0.00130716
7.63767e+09 8014.95 0.0261518 0.32851 209.605 0.00130677
7.66705e+09 7930.3 0.0260517 0.328616 206.598 0.00130639
7.69654e+09 7846.44 0.025952 0.328723 203.631 0.00130601
7.72614e+09 7763.39 0.0258527 0.32883 200.704 0.00130563
7.75586e+09 7681.13 0.0257538 0.328936 197.818 0.00130527
7.78569e+09 7599.65 0.0256552 0.329043 194.971 0.0013049
7.81564e+09 7518.96 0.025557 0.32915 192.162 0.00130454
7.8457e+09 7439.03 0.0254592 0.329256 189.392 0.00130419
7.87587e+09 7359.87 0.0253618 0.329363 186.66 0.00130384
7.90617e+09 7281.47 0.0252648 0.32947 183.964 0.00130349
7.93658e+09 7203.81 0.0251681 0.329577 181.306 0.00130315
7.9671e+09 7126.91 0.0250718 0.329683 178.684 0.00130282
7.99775e+09 7050.74 0.0249758 0.32979 176.098 0.00130249
8.02851e+09 6975.3 0.0248802 0.329897 173.547 0.00130217
8.05939e+09 6900.59 0.024785 0.330003 171.031 0.00130185
8.09039e+09 6826.6 0.0246902 0.33011 168.55 0.00130154
8.12151e+09 6753.32 0.0245957 0.330217 166.103 0.00130123
8.15274e+09 6680.75 0.0245016 0.330323 163.689 0.00130092
8.1841e+09 6608.88 0.0244078 0.33043 161.308 0.00130063
8.21558e+09 6537.71 0.0243144 0.330537 158.96 0.00130033
8.24718e+09 6467.22 0.0242213 0.330644 156.645 0.00130005
8.2789e+09 6397.42 0.0241287 0.33075 154.361 0.00129977
8.31074e+09 6328.29 0.0240363 0.330857 152.109 0.00129949
8.34271e+09 6259.83 0.0239443 0.330964 149.887 0.00129922
8.3748e+09 6192.04 0.0238527 0.33107 147.697 0.00129895
8.40701e+09 6124.9 0.0237614 0.331177 145.536 0.00129869
8.43935e+09 6058.42 0.0236705 0.331284 143.406 0.00129844
8.47181e+09 5992.59 0.0235799 0.33139 141.305 0.00129819
8.50439e+09 5927.4 0.0234896 0.331497 139.232 0.00129794
8.5371e+09 5862.84 0.0233997 0.331604 137.189 0.0012977
8.56994e+09 5798.92 0.0233102 0.331711 135.174 0.00129747
8.6029e+09 5735.62 0.023221 0.331817 133.187 0.00129724
8.63599e+09 5672.94 0.0231321 0.331924 131.227 0.00129702
8.66921e+09 5610.87 0.0230436 0.332031 129.294 0.0012968
8.70255e+09 5549.41 0.0229554 0.332137 127.389 0.00129659
8.73602e+09 5488.55 0.0228675 0.332244 125.51 0.00129638
8.76962e+09 5428.29 0.02278 0.332351 123.657 0.00129618
8.80336e+09 5368.63 0.0226928 0.332457 121.829 0.00129599
8.83722e+09 5309.55 0.022606 0.332564 120.028 0.0012958
8.87121e+09 5251.05 0.0225195 0.332671 118.251 0.00129561
8.90533e+09 5193.13 0.0224333 0.332778 116.499 0.00129544
8.93958e+09 5135.79 0.0223474 0.332884 114.772 0.00129526
8.97396e+09 5079 0.0222619 0.332991 113.068 0.0012951
9.00848e+09 5022.78 0.0221767 0.333098 111.389 0.00129494
9.04313e+09 4967.12 0.0220918 0.333204 109.733 0.00129478
9.07791e+09 4912.01 0.0220073 0.333311 108.1 0.00129463
9.11283e+09 4857.44 0.021923 0.333418 106.49 0.00129449
9.14788e+09 4803.42 0.0218391 0.333525 104.902 0.00129435
9.18307e+09 4749.93 0.0217555 0.333631 103.337 0.00129422
9.21839e+09 4696.98 0.0216723 0.333738 101.794 0.00129409
9.25384e+09 4644.55 0.0215893 0.333845 100.273 0.00129397
9.28944e+09 4592.65 0.0215067 0.333951 98.7727 0.00129386
9.32517e+09 4541.26 0.0214244 0.334058 97.2937 0.00129375
9.36103e+09 4490.39 0.0213424 0.334165 95.8356 0.00129364
9.39704e+09 4440.03 0.0212607 0.334271 94.398 0.00129355
9.43318e+09 4390.17 0.0211793 0.334378 92.9807 0.00129345
9.46946e+09 4340.81 0.0210982 0.334485 91.5834 0.00129337
9.50589e+09 4291.95 0.0210175 0.334592 90.2059 0.00129329
9.54245e+09 4243.57 0.020937 0.334698 88.8478 0.00129322
9.57915e+09 4195.69 0.0208569 0.334805 87.509 0.00129315
9.616e+09 4148.28 0.0207771 0.334912 86.1891 0.00129309
9.65298e+09 4101.35 0.0206975 0.335018 84.8879 0.00129303
9.69011e+09 4054.9 0.0206183 0.335125 83.6052 0.00129298
9.72738e+09 4008.92 0.0205394 0.335232 82.3407 0.00129294
9.7648e+09 3963.4 0.0204608 0.335338 81.0942 0.0012929
9.80236e+09 3918.34 0.0203825 0.335445 79.8654 0.00129287
9.84006e+09 3873.73 0.0203044 0.335552 78.654 0.00129285
9.87791e+09 3829.58 0.0202267 0.335659 77.4599 0.00129283
9.9159e+09 3785.88 0.0201493 0.335765 76.2829 0.00129282
9.95404e+09 3742.62 0.0200722 0.335872 75.1226 0.00129281
9.99233e+09 3699.81 0.0199954 0.335979 73.9789 0.00129281
1.00308e+10 3657.42 0.0199188 0.336085 72.8515 0.00129282
1.00693e+10 3615.47 0.0198426 0.336192 71.7403 0.00129283
1.01081e+10 3573.95 0.0197666 0.336299 70.645 0.00129285
1.01469e+10 3532.86 0.019691 0.336405 69.5653 0.00129288
1.0186e+10 3492.18 0.0196156 0.336512 68.5012 0.00129291
1.02252e+10 3451.92 0.0195405 0.336619 67.4523 0.00129295
1.02645e+10 3412.08 0.0194657 0.336726 66.4184 0.001293
1.0304e+10 3372.64 0.0193912 0.336832 65.3994 0.00129305
1.03436e+10 3333.61 0.019317 0.336939 64.3951 0.00129311
1.03834e+10 3294.98 0.019243 0.337046 63.4053 0.00129317
1.04233e+10 3256.74 0.0191694 0.337152 62.4297 0.00129324
1.04634e+10 3218.9 0.019096 0.337259 61.4681 0.00129332
1.05037e+10 3181.46 0.0190229 0.337366 60.5205 0.0012934
1.05441e+10 3144.4 0.0189501 0.337472 59.5865 0.0012935
1.05846e+10 3107.72 0.0188775 0.337579 58.6661 0.00129359
1.06253e+10 3071.42 0.0188053 0.337686 57.7589 0.0012937
1.06662e+10 3035.5 0.0187333 0.337793 56.8649 0.00129381
1.07072e+10 2999.96 0.0186616 0.337899 55.9839 0.00129393
1.07484e+10 2964.78 0.0185901 0.338006 55.1156 0.00129405
1.07897e+10 2929.97 0.018519 0.338113 54.26 0.00129418
1.08312e+10 2895.52 0.0184481 0.338219 53.4168 0.00129432
1.08729e+10 2861.43 0.0183775 0.338326 52.5858 0.00129447
1.09147e+10 2827.7 0.0183071 0.338433 51.767 0.00129462
1.09567e+10 2794.32 0.018237 0.33854 50.9601 0.00129478
1.09988e+10 2761.29 0.0181672 0.338646 50.1649 0.00129494
1.10412e+10 2728.61 0.0180977 0.338753 49.3814 0.00129512
1.10836e+10 2696.27 0.0180284 0.33886 48.6093 0.0012953
1.11262e+10 2664.27 0.0179594 0.338966 47.8485 0.00129548
1.1169e+10 2632.6 0.0178906 0.339073 47.0989 0.00129568
1.1212e+10 2601.27 0.0178221 0.33918 46.3602 0.00129588
1.12551e+10 2570.27 0.0177539 0.339286 45.6324 0.00129609
1.12984e+10 2539.6 0.0176859 0.339393 44.9152 0.0012963
1.13419e+10 2509.25 0.0176182 0.3395 44.2086 0.00129653
1.13855e+10 2479.22 0.0175508 0.339607 43.5123 0.00129676
1.14293e+10 2449.52 0.0174836 0.339713 42.8264 0.00129699
1.14733e+10 2420.12 0.0174167 0.33982 42.1505 0.00129724
1.15174e+10 2391.04 0.01735 0.339927 41.4846 0.00129749
1.15617e+10 2362.27 0.0172836 0.340033 40.8285 0.00129775
1.16062e+10 2333.81 0.0172174 0.34014 40.1821 0.00129801
1.16508e+10 2305.65 0.0171515 0.340247 39.5453 0.00129829
1.16956e+10 2277.79 0.0170858 0.340353 38.9179 0.00129857
1.17406e+10 2250.23 0.0170204 0.34046 38.2998 0.00129886
1.17857e+10 2222.96 0.0169553 0.340567 37.6909 0.00129915
1.18311e+10 2195.99 0.0168904 0.340674 37.091 0.00129946
1.18766e+10 2169.3 0.0168257 0.34078 36.5 0.00129977
1.19223e+10 2142.9 0.0167613 0.340887 35.9178 0.00130009
1.19681e+10 2116.79 0.0166971 0.340994 35.3443 0.00130042
1.20142e+10 2090.96 0.0166332 0.3411 34.7793 0.00130075
1.20604e+10 2065.4 0.0165695 0.341207 34.2227 0.00130109
1.21068e+10 2040.13 0.0165061 0.341314 33.6745 0.00130144
1.21533e+10 2015.12 0.0164429 0.34142 33.1344 0.0013018
1.22001e+10 1990.39 0.0163799 0.341527 32.6025 0.00130216
1.2247e+10 1965.93 0.0163172 0.341634 32.0785 0.00130254
1.22941e+10 1941.73 0.0162548 0.341741 31.5623 0.00130292
1.23414e+10 1917.79 0.0161925 0.341847 31.0539 0.00130331
1.23889e+10 1894.12 0.0161305 0.341954 30.5531 0.00130371
1.24365e+10 1870.7 0.0160688 0.342061 30.0599 0.00130411
1.24843e+10 1847.54 0.0160073 0.342167 29.574 0.00130452
1.25324e+10 1824.63 0.015946 0.342274 29.0955 0.00130495
1.25806e+10 1801.98 0.0158849 0.342381 28.6243 0.00130538
1.26289e+10 1779.57 0.0158241 0.342487 28.1601 0.00130581
1.26775e+10 1757.41 0.0157635 0.342594 27.7029 0.00130626
1.27263e+10 1735.49 0.0157032 0.342701 27.2527 0.00130671
1.27752e+10 1713.81 0.015643 0.342808 26.8092 0.00130717
1.28244e+10 1692.37 0.0155832 0.342914 26.3725 0.00130765
1.28737e+10 1671.17 0.0155235 0.343021 25.9424 0.00130812
1.29232e+10 1650.21 0.0154641 0.343128 25.5189 0.00130861
1.29729e+10 1629.47 0.0154049 0.343234 25.1018 0.00130911
1.30228e+10 1608.97 0.0153459 0.343341 24.691 0.00130961
1.30729e+10 1588.69 0.0152871 0.343448 24.2865 0.00131013
1.31232e+10 1568.64 0.0152286 0.343555 23.8881 0.00131065
1.31737e+10 1548.81 0.0151703 0.343661 23.4959 0.00131118
1.32243e+10 1529.2 0.0151122 0.343768 23.1096 0.00131172
1.32752e+10 1509.81 0.0150543 0.343875 22.7292 0.00131226
1.33263e+10 1490.64 0.0149967 0.343981 22.3547 0.00131282
1.33775e+10 1471.68 0.0149393 0.344088 21.9859 0.00131338
1.3429e+10 1452.94 0.0148821 0.344195 21.6228 0.00131396
1.34806e+10 1434.41 0.0148251 0.344301 21.2652 0.00131454
1.35325e+10 1416.08 0.0147684 0.344408 20.9132 0.00131513
1.35845e+10 1397.96 0.0147118 0.344515 20.5665 0.00131573
1.36368e+10 1380.05 0.0146555 0.344622 20.2252 0.00131634
1.36892e+10 1362.33 0.0145994 0.344728 19.8892 0.00131696
1.37419e+10 1344.82 0.0145435 0.344835 19.5584 0.00131759
1.37947e+10 1327.51 0.0144878 0.344942 19.2326 0.00131823
1.38478e+10 1310.39 0.0144323 0.345048 18.9119 0.00131887
1.39011e+10 1293.47 0.0143771 0.345155 18.5962 0.00131953
1.39545e+10 1276.73 0.014322 0.345262 18.2854 0.00132019
1.40082e+10 1260.19 0.0142672 0.345368 17.9794 0.00132087
1.40621e+10 1243.84 0.0142125 0.345475 17.6782 0.00132155
1.41162e+10 1227.68 0.0141581 0.345582 17.3816 0.00132224
1.41705e+10 1211.7 0.0141039 0.345689 17.0897 0.00132294
1.4225e+10 1195.9 0.0140499 0.345795 16.8023 0.00132366
1.42797e+10 1180.29 0.0139961 0.345902 16.5194 0.00132438
1.43346e+10 1164.85 0.0139425 0.346009 16.241 0.00132511
1.43897e+10 1149.59 0.0138891 0.346115 15.9669 0.00132585
1.44451e+10 1134.51 0.013836 0.346222 15.6971 0.0013266
1.45006e+10 1119.6 0.013783 0.346329 15.4315 0.00132736
1.45564e+10 1104.87 0.0137302 0.346435 15.1701 0.00132813
1.46124e+10 1090.3 0.0136776 0.346542 14.9128 0.00132891
1.46686e+10 1075.91 0.0136253 0.346649 14.6595 0.0013297
1.4725e+10 1061.68 0.0135731 0.346756 14.4103 0.0013305
1.47817e+10 1047.61 0.0135211 0.346862 14.1649 0.00133131
1.48385e+10 1033.72 0.0134694 0.346969 13.9235 0.00133213
1.48956e+10 1019.98 0.0134178 0.347076 13.6858 0.00133296
1.49529e+10 1006.4 0.0133664 0.347182 13.452 0.0013338
1.50104e+10 992.984 0.0133152 0.347289 13.2218 0.00133465
1.50681e+10 979.723 0.0132642 0.347396 12.9953 0.00133551
1.51261e+10 966.618 0.0132135 0.347503 12.7724 0.00133638
1.51843e+10 953.668 0.0131629 0.347609 12.553 0.00133727
1.52427e+10 940.87 0.0131125 0.347716 12.3371 0.00133816
1.53013e+10 928.223 0.0130623 0.347823 12.1247 0.00133906
1.53602e+10 915.725 0.0130122 0.347929 11.9156 0.00133998
1.54192e+10 903.375 0.0129624 0.348036 11.7099 0.0013409
1.54785e+10 891.172 0.0129128 0.348143 11.5075 0.00134183
1.55381e+10 879.114 0.0128633 0.348249 11.3083 0.00134278
1.55978e+10 867.199 0.0128141 0.348356 11.1124 0.00134374
1.56578e+10 855.426 0.012765 0.348463 10.9195 0.00134471
1.57181e+10 843.793 0.0127161 0.34857 10.7298 0.00134568
1.57785e+10 832.299 0.0126674 0.348676 10.5431 0.00134667
1.58392e+10 820.943 0.0126189 0.348783 10.3594 0.00134767
1.59001e+10 809.723 0.0125706 0.34889 10.1787 0.00134869
1.59613e+10 798.638 0.0125225 0.348996 10.0009 0.00134971
1.60227e+10 787.686 0.0124745 0.349103 9.82601 0.00135074
1.60843e+10 776.866 0.0124268 0.34921 9.65393 0.00135179
1.61462e+10 766.177 0.0123792 0.349316 9.48463 0.00135285
1.62083e+10 755.616 0.0123318 0.349423 9.31809 0.00135392
1.62706e+10 745.184 0.0122846 0.34953 9.15425 0.001355
1.63332e+10 734.878 0.0122375 0.349637 8.99308 0.00135609
1.6396e+10 724.697 0.0121907 0.349743 8.83453 0.00135719
1.64591e+10 714.64 0.012144 0.34985 8.67857 0.00135831
1.65224e+10 704.706 0.0120975 0.349957 8.52516 0.00135944
1.65859e+10 694.893 0.0120511 0.350063 8.37425 0.00136057
1.66497e+10 685.2 0.012005 0.35017 8.22582 0.00136173
1.67138e+10 675.625 0.011959 0.350277 8.07982 0.00136289
1.67781e+10 666.168 0.0119132 0.350383 7.93622 0.00136406
1.68426e+10 656.828 0.0118676 0.35049 7.79498 0.00136525
1.69074e+10 647.602 0.0118222 0.350597 7.65606 0.00136645
1.69724e+10 638.49 0.0117769 0.350704 7.51943 0.00136766
1.70377e+10 629.491 0.0117318 0.35081 7.38506 0.00136889
1.71032e+10 620.602 0.0116869 0.350917 7.2529 0.00137013
1.7169e+10 611.825 0.0116421 0.351024 7.12294 0.00137138
1.7235e+10 603.156 0.0115975 0.35113 6.99512 0.00137264
1.73013e+10 594.594 0.0115531 0.351237 6.86943 0.00137391
1.73679e+10 586.14 0.0115089 0.351344 6.74582 0.0013752
1.74347e+10 577.791 0.0114648 0.35145 6.62427 0.0013765
1.75017e+10 569.546 0.0114209 0.351557 6.50474 0.00137782
1.7569e+10 561.405 0.0113772 0.351664 6.3872 0.00137914
1.76366e+10 553.366 0.0113336 0.351771 6.27163 0.00138048
1.77045e+10 545.427 0.0112902 0.351877 6.15799 0.00138184
1.77726e+10 537.589 0.011247 0.351984 6.04625 0.0013832
1.78409e+10 529.85 0.0112039 0.352091 5.93639 0.00138458
1.79095e+10 522.208 0.011161 0.352197 5.82836 0.00138598
1.79784e+10 514.663 0.0111183 0.352304 5.72216 0.00138738
1.80476e+10 507.214 0.0110757 0.352411 5.61774 0.0013888
1.8117e+10 499.859 0.0110333 0.352518 5.51508 0.00139024
1.81867e+10 492.598 0.010991 0.352624 5.41415 0.00139168
1.82566e+10 485.429 0.0109489 0.352731 5.31493 0.00139315
1.83268e+10 478.352 0.010907 0.352838 5.21738 0.00139462
1.83973e+10 471.365 0.0108652 0.352944 5.12149 0.00139611
1.84681e+10 464.468 0.0108236 0.353051 5.02723 0.00139761
1.85391e+10 457.66 0.0107822 0.353158 4.93457 0.00139913
1.86104e+10 450.939 0.0107409 0.353264 4.84348 0.00140066
1.8682e+10 444.304 0.0106998 0.353371 4.75395 0.00140221
1.87539e+10 437.756 0.0106588 0.353478 4.66594 0.00140377
1.8826e+10 431.292 0.010618 0.353585 4.57944 0.00140535
1.88984e+10 424.911 0.0105773 0.353691 4.49441 0.00140694
1.89711e+10 418.614 0.0105368 0.353798 4.41084 0.00140854
1.90441e+10 412.398 0.0104964 0.353905 4.32871 0.00141016
1.91173e+10 406.263 0.0104562 0.354011 4.24799 0.0014118
1.91909e+10 400.209 0.0104162 0.354118 4.16865 0.00141345
1.92647e+10 394.233 0.0103763 0.354225 4.09069 0.00141512
1.93388e+10 388.336 0.0103366 0.354331 4.01406 0.0014168
1.94132e+10 382.516 0.010297 0.354438 3.93876 0.00141849
1.94878e+10 376.773 0.0102576 0.354545 3.86477 0.0014202
1.95628e+10 371.105 0.0102183 0.354652 3.79205 0.00142193
1.9638e+10 365.512 0.0101791 0.354758 3.7206 0.00142367
1.97136e+10 359.993 0.0101402 0.354865 3.65039 0.00142543
1.97894e+10 354.547 0.0101013 0.354972 3.5814 0.00142721
1.98655e+10 349.174 0.0100626 0.355078 3.51361 0.001429
1.99419e+10 343.872 0.0100241 0.355185 3.44701 0.0014308
2.00186e+10 338.64 0.00998572 0.355292 3.38156 0.00143263
2.00956e+10 333.478 0.00994748 0.355398 3.31727 0.00143447
2.01729e+10 328.386 0.00990938 0.355505 3.2541 0.00143632
2.02505e+10 323.361 0.00987143 0.355612 3.19204 0.00143819
2.03284e+10 318.404 0.00983363 0.355719 3.13107 0.00144008
2.04066e+10 313.514 0.00979597 0.355825 3.07117 0.00144199
2.04851e+10 308.689 0.00975845 0.355932 3.01233 0.00144391
2.05638e+10 303.93 0.00972108 0.356039 2.95453 0.00144585
2.06429e+10 299.235 0.00968385 0.356145 2.89775 0.00144781
2.07223e+10 294.604 0.00964676 0.356252 2.84197 0.00144978
2.0802e+10 290.035 0.00960982 0.356359 2.78719 0.00145177
2.08821e+10 285.529 0.00957302 0.356465 2.73337 0.00145378
2.09624e+10 281.084 0.00953635 0.356572 2.68052 0.00145581
2.1043e+10 276.7 0.00949983 0.356679 2.6286 0.00145785
2.11239e+10 272.376 0.00946345 0.356786 2.57762 0.00145991
2.12052e+10 268.111 0.00942721 0.356892 2.52754 0.00146199
2.12868e+10 263.905 0.0093911 0.356999 2.47836 0.00146409
2.13686e+10 259.756 0.00935514 0.357106 2.43006 0.00146621
2.14508e+10 255.665 0.00931931 0.357212 2.38262 0.00146834
2.15333e+10 251.631 0.00928362 0.357319 2.33604 0.00147049
2.16161e+10 247.652 0.00924806 0.357426 2.2903 0.00147266
2.16993e+10 243.729 0.00921265 0.357533 2.24539 0.00147485
2.17827e+10 239.86 0.00917736 0.357639 2.20128 0.00147706
2.18665e+10 236.045 0.00914222 0.357746 2.15797 0.00147929
2.19506e+10 232.283 0.0091072 0.357853 2.11545 0.00148154
2.20351e+10 228.574 0.00907232 0.357959 2.07369 0.0014838
2.21198e+10 224.916 0.00903758 0.358066 2.0327 0.00148609
2.22049e+10 221.311 0.00900297 0.358173 1.99245 0.0014884
2.22903e+10 217.755 0.00896849 0.358279 1.95294 0.00149072
2.2376e+10 214.251 0.00893414 0.358386 1.91414 0.00149307
2.24621e+10 210.795 0.00889992 0.358493 1.87606 0.00149543
2.25485e+10 207.389 0.00886584 0.3586 1.83867 0.00149781
2.26352e+10 204.03 0.00883188 0.358706 1.80197 0.00150022
2.27223e+10 200.72 0.00879806 0.358813 1.76595 0.00150265
2.28097e+10 197.457 0.00876436 0.35892 1.73058 0.00150509
2.28974e+10 194.24 0.00873079 0.359026 1.69587 0.00150756
2.29855e+10 191.069 0.00869736 0.359133 1.6618 0.00151005
2.30739e+10 187.944 0.00866405 0.35924 1.62836 0.00151256
2.31627e+10 184.864 0.00863086 0.359346 1.59553 0.00151508
2.32517e+10 181.828 0.00859781 0.359453 1.56332 0.00151764
2.33412e+10 178.836 0.00856488 0.35956 1.53171 0.00152021
2.3431e+10 175.887 0.00853208 0.359667 1.50068 0.0015228
2.35211e+10 172.98 0.0084994 0.359773 1.47023 0.00152542
2.36115e+10 170.116 0.00846685 0.35988 1.44035 0.00152806
2.37024e+10 167.294 0.00843442 0.359987 1.41103 0.00153072
2.37935e+10 164.513 0.00840212 0.360093 1.38225 0.0015334
2.3885e+10 161.772 0.00836994 0.3602 1.35402 0.00153611
2.39769e+10 159.071 0.00833788 0.360307 1.32632 0.00153883
2.40691e+10 156.411 0.00830595 0.360413 1.29914 0.00154158
2.41617e+10 153.789 0.00827413 0.36052 1.27247 0.00154436
2.42546e+10 151.206 0.00824244 0.360627 1.2463 0.00154715
2.43479e+10 148.661 0.00821088 0.360734 1.22063 0.00154997
2.44416e+10 146.153 0.00817943 0.36084 1.19545 0.00155282
2.45356e+10 143.683 0.0081481 0.360947 1.17074 0.00155568
2.463e+10 141.249 0.00811689 0.361054 1.14651 0.00155858
2.47247e+10 138.852 0.00808581 0.36116 1.12273 0.00156149
2.48198e+10 136.491 0.00805484 0.361267 1.09941 0.00156443
2.49153e+10 134.164 0.00802399 0.361374 1.07653 0.00156739
2.50111e+10 131.873 0.00799326 0.36148 1.05409 0.00157038
2.51073e+10 129.616 0.00796264 0.361587 1.03209 0.00157339
2.52039e+10 127.393 0.00793214 0.361694 1.0105 0.00157643
2.53008e+10 125.204 0.00790176 0.361801 0.989329 0.0015795
2.53981e+10 123.047 0.0078715 0.361907 0.968566 0.00158258
2.54958e+10 120.923 0.00784135 0.362014 0.948203 0.0015857
2.55939e+10 118.832 0.00781132 0.362121 0.928235 0.00158884
2.56923e+10 116.772 0.0077814 0.362227 0.908653 0.001592
2.57911e+10 114.744 0.0077516 0.362334 0.889451 0.0015952
2.58903e+10 112.747 0.00772191 0.362441 0.870622 0.00159842
2.59899e+10 110.78 0.00769233 0.362548 0.852159 0.00160166
2.60899e+10 108.844 0.00766287 0.362654 0.834056 0.00160493
2.61902e+10 106.937 0.00763352 0.362761 0.816307 0.00160823
2.6291e+10 105.06 0.00760428 0.362868 0.798906 0.00161156
2.63921e+10 103.212 0.00757516 0.362974 0.781845 0.00161491
2.64936e+10 101.392 0.00754614 0.363081 0.765119 0.00161829
2.65955e+10 99.6007 0.00751724 0.363188 0.748722 0.0016217
2.66978e+10 97.8372 0.00748845 0.363294 0.732649 0.00162514
2.68005e+10 96.1012 0.00745977 0.363401 0.716892 0.0016286
2.69036e+10 94.3923 0.0074312 0.363508 0.701447 0.0016321
2.70071e+10 92.7101 0.00740273 0.363615 0.686308 0.00163562
2.71109e+10 91.0544 0.00737438 0.363721 0.67147 0.00163917
2.72152e+10 89.4247 0.00734613 0.363828 0.656926 0.00164276
2.73199e+10 87.8207 0.007318 0.363935 0.642672 0.00164637
2.7425e+10 86.2421 0.00728997 0.364041 0.628702 0.00165001
2.75304e+10 84.6885 0.00726205 0.364148 0.615012 0.00165368
2.76363e+10 83.1595 0.00723423 0.364255 0.601595 0.00165738
2.77426e+10 81.6549 0.00720652 0.364361 0.588448 0.00166111
2.78493e+10 80.1742 0.00717892 0.364468 0.575564 0.00166487
2.79565e+10 78.7173 0.00715142 0.364575 0.56294 0.00166867
2.8064e+10 77.2836 0.00712403 0.364682 0.550571 0.00167249
2.81719e+10 75.873 0.00709675 0.364788 0.538451 0.00167635
2.82803e+10 74.4851 0.00706956 0.364895 0.526577 0.00168023
2.83891e+10 73.1196 0.00704249 0.365002 0.514944 0.00168415
2.84983e+10 71.7761 0.00701551 0.365108 0.503546 0.0016881
2.86079e+10 70.4545 0.00698864 0.365215 0.492381 0.00169209
2.87179e+10 69.1543 0.00696187 0.365322 0.481443 0.00169611
2.88284e+10 67.8753 0.00693521 0.365428 0.470729 0.00170016
2.89392e+10 66.6171 0.00690864 0.365535 0.460234 0.00170424
2.90506e+10 65.3795 0.00688218 0.365642 0.449954 0.00170836
2.91623e+10 64.1623 0.00685582 0.365749 0.439885 0.00171251
2.92745e+10 62.965 0.00682956 0.365855 0.430023 0.00171669
2.93871e+10 61.7874 0.0068034 0.365962 0.420365 0.00172092
2.95001e+10 60.6293 0.00677734 0.366069 0.410906 0.00172517
2.96136e+10 59.4904 0.00675138 0.366175 0.401643 0.00172946
2.97275e+10 58.3704 0.00672553 0.366282 0.392571 0.00173379
2.98418e+10 57.2689 0.00669976 0.366389 0.383688 0.00173815
2.99566e+10 56.1859 0.0066741 0.366495 0.37499 0.00174254
3.00718e+10 55.1209 0.00664854 0.366602 0.366474 0.00174698
3.01875e+10 54.0738 0.00662307 0.366709 0.358135 0.00175145
3.03036e+10 53.0442 0.0065977 0.366816 0.34997 0.00175596
3.04201e+10 52.032 0.00657243 0.366922 0.341977 0.0017605
3.05371e+10 51.0369 0.00654726 0.367029 0.334152 0.00176508
3.06546e+10 50.0585 0.00652218 0.367136 0.326491 0.0017697
3.07725e+10 49.0968 0.0064972 0.367242 0.318992 0.00177436
3.08909e+10 48.1514 0.00647231 0.367349 0.311651 0.00177906
3.10097e+10 47.2221 0.00644752 0.367456 0.304465 0.00178379
3.11289e+10 46.3087 0.00642283 0.367563 0.297432 0.00178857
3.12487e+10 45.4108 0.00639822 0.367669 0.290549 0.00179338
3.13689e+10 44.5284 0.00637372 0.367776 0.283812 0.00179824
3.14895e+10 43.6612 0.0063493 0.367883 0.277218 0.00180313
3.16106e+10 42.8089 0.00632498 0.367989 0.270766 0.00180807
3.17322e+10 41.9714 0.00630076 0.368096 0.264451 0.00181304
3.18543e+10 41.1483 0.00627662 0.368203 0.258272 0.00181806
3.19768e+10 40.3395 0.00625258 0.368309 0.252226 0.00182312
3.20998e+10 39.5449 0.00622863 0.368416 0.24631 0.00182822
3.22233e+10 38.764 0.00620477 0.368523 0.240522 0.00183337
3.23472e+10 37.9969 0.00618101 0.36863 0.234859 0.00183855
3.24716e+10 37.2432 0.00615733 0.368736 0.229318 0.00184378
3.25965e+10 36.5027 0.00613375 0.368843 0.223898 0.00184906
3.27219e+10 35.7753 0.00611025 0.36895 0.218596 0.00185438
3.28477e+10 35.0607 0.00608685 0.369056 0.213409 0.00185974
3.29741e+10 34.3588 0.00606353 0.369163 0.208336 0.00186515
3.31009e+10 33.6693 0.0060403 0.36927 0.203373 0.0018706
3.32282e+10 32.9921 0.00601717 0.369376 0.198519 0.0018761
3.3356e+10 32.327 0.00599412 0.369483 0.193772 0.00188164
3.34843e+10 31.6738 0.00597116 0.36959 0.189129 0.00188723
3.36131e+10 31.0323 0.00594829 0.369697 0.184589 0.00189287
3.37424e+10 30.4023 0.0059255 0.369803 0.180149 0.00189855
3.38722e+10 29.7837 0.00590281 0.36991 0.175807 0.00190429
3.40025e+10 29.1762 0.0058802 0.370017 0.171562 0.00191007
3.41333e+10 28.5798 0.00585767 0.370123 0.167411 0.0019159
3.42645e+10 27.9942 0.00583523 0.37023 0.163352 0.00192177
3.43963e+10 27.4192 0.00581288 0.370337 0.159384 0.0019277
3.45286e+10 26.8547 0.00579062 0.370443 0.155505 0.00193368
3.46614e+10 26.3005 0.00576844 0.37055 0.151713 0.00193971
3.47948e+10 25.7565 0.00574634 0.370657 0.148006 0.00194579
3.49286e+10 25.2225 0.00572433 0.370764 0.144382 0.00195192
3.50629e+10 24.6984 0.0057024 0.37087 0.14084 0.0019581
3.51978e+10 24.1839 0.00568056 0.370977 0.137378 0.00196434
3.53332e+10 23.679 0.0056588 0.371084 0.133995 0.00197062
3.54691e+10 23.1834 0.00563712 0.37119 0.130688 0.00197696
3.56055e+10 22.6971 0.00561553 0.371297 0.127456 0.00198336
3.57425e+10 22.2198 0.00559402 0.371404 0.124298 0.00198981
3.58799e+10 21.7514 0.00557259 0.371511 0.121212 0.00199631
3.60179e+10 21.2919 0.00555125 0.371617 0.118197 0.00200287
3.61565e+10 20.841 0.00552998 0.371724 0.11525 0.00200948
3.62955e+10 20.3986 0.0055088 0.371831 0.112372 0.00201615
3.64351e+10 19.9645 0.0054877 0.371937 0.109559 0.00202288
3.65753e+10 19.5387 0.00546668 0.372044 0.106812 0.00202967
3.6716e+10 19.121 0.00544574 0.372151 0.104128 0.00203651
3.68572e+10 18.7112 0.00542488 0.372257 0.101506 0.00204341
3.69989e+10 18.3093 0.0054041 0.372364 0.0989451 0.00205037
3.71413e+10 17.915 0.0053834 0.372471 0.0964437 0.00205739
3.72841e+10 17.5283 0.00536278 0.372578 0.0940006 0.00206447
3.74275e+10 17.1491 0.00534223 0.372684 0.0916145 0.00207162
3.75715e+10 16.7772 0.00532177 0.372791 0.0892843 0.00207882
3.7716e+10 16.4125 0.00530139 0.372898 0.0870088 0.00208608
3.78611e+10 16.0548 0.00528108 0.373004 0.0847867 0.00209341
3.80067e+10 15.7041 0.00526085 0.373111 0.082617 0.0021008
3.81529e+10 15.3603 0.0052407 0.373218 0.0804985 0.00210825
3.82996e+10 15.0231 0.00522062 0.373324 0.0784301 0.00211577
3.84469e+10 14.6926 0.00520062 0.373431 0.0764107 0.00212335
3.85948e+10 14.3686 0.0051807 0.373538 0.0744393 0.002131
3.87433e+10 14.0509 0.00516086 0.373645 0.0725148 0.00213872
3.88923e+10 13.7395 0.00514109 0.373751 0.0706362 0.0021465
3.90419e+10 13.4343 0.00512139 0.373858 0.0688026 0.00215435
3.9192e+10 13.1352 0.00510178 0.373965 0.0670129 0.00216227
3.93428e+10 12.842 0.00508223 0.374071 0.0652661 0.00217025
3.94941e+10 12.5547 0.00506277 0.374178 0.0635614 0.00217831
3.9646e+10 12.2731 0.00504337 0.374285 0.0618978 0.00218643
3.97985e+10 11.9972 0.00502405 0.374391 0.0602744 0.00219463
3.99516e+10 11.7268 0.00500481 0.374498 0.0586903 0.0022029
4.01052e+10 11.4619 0.00498564 0.374605 0.0571446 0.00221124
4.02595e+10 11.2023 0.00496654 0.374712 0.0556366 0.00221965
4.04143e+10 10.948 0.00494751 0.374818 0.0541653 0.00222814
4.05698e+10 10.6989 0.00492856 0.374925 0.05273 0.0022367
4.07258e+10 10.4548 0.00490968 0.375032 0.0513298 0.00224534
4.08825e+10 10.2157 0.00489088 0.375138 0.0499639 0.00225405
4.10397e+10 9.98158 0.00487214 0.375245 0.0486316 0.00226284
4.11976e+10 9.75223 0.00485348 0.375352 0.0473322 0.0022717
4.1356e+10 9.52761 0.00483488 0.375458 0.0460649 0.00228065
4.15151e+10 9.30763 0.00481636 0.375565 0.0448289 0.00228967
4.16748e+10 9.09221 0.00479791 0.375672 0.0436236 0.00229877
4.18351e+10 8.88126 0.00477954 0.375779 0.0424483 0.00230796
4.1996e+10 8.6747 0.00476123 0.375885 0.0413022 0.00231722
4.21575e+10 8.47247 0.00474299 0.375992 0.0401848 0.00232657
4.23197e+10 8.27446 0.00472482 0.376099 0.0390953 0.002336
4.24824e+10 8.08062 0.00470672 0.376205 0.0380332 0.00234551
4.26458e+10 7.89085 0.00468869 0.376312 0.0369978 0.0023551
4.28099e+10 7.70509 0.00467073 0.376419 0.0359884 0.00236479
4.29745e+10 7.52327 0.00465284 0.376526 0.0350045 0.00237456
4.31398e+10 7.3453 0.00463501 0.376632 0.0340456 0.00238441
4.33057e+10 7.17112 0.00461726 0.376739 0.0331109 0.00239435
4.34723e+10 7.00066 0.00459957 0.376846 0.0322 0.00240439
4.36395e+10 6.83384 0.00458195 0.376952 0.0313123 0.00241451
4.38074e+10 6.67061 0.0045644 0.377059 0.0304473 0.00242472
4.39759e+10 6.51089 0.00454692 0.377166 0.0296044 0.00243503
4.4145e+10 6.35461 0.0045295 0.377272 0.0287832 0.00244542
4.43148e+10 6.20171 0.00451215 0.377379 0.027983 0.00245591
4.44853e+10 6.05213 0.00449486 0.377486 0.0272035 0.00246649
4.46564e+10 5.90581 0.00447764 0.377593 0.0264441 0.00247717
4.48281e+10 5.76267 0.00446049 0.377699 0.0257043 0.00248795
4.50005e+10 5.62266 0.0044434 0.377806 0.0249838 0.00249882
4.51736e+10 5.48573 0.00442638 0.377913 0.0242819 0.00250979
4.53474e+10 5.3518 0.00440943 0.378019 0.0235984 0.00252086
4.55218e+10 5.22083 0.00439253 0.378126 0.0229327 0.00253203
4.56969e+10 5.09276 0.00437571 0.378233 0.0222844 0.0025433
4.58727e+10 4.96752 0.00435895 0.378339 0.0216532 0.00255467
4.60491e+10 4.84507 0.00434225 0.378446 0.0210385 0.00256615
4.62262e+10 4.72535 0.00432561 0.378553 0.02044 0.00257772
4.6404e+10 4.6083 0.00430904 0.37866 0.0198574 0.00258941
4.65825e+10 4.49388 0.00429254 0.378766 0.0192901 0.0026012
4.67617e+10 4.38202 0.00427609 0.378873 0.0187379 0.0026131
4.69415e+10 4.27269 0.00425971 0.37898 0.0182004 0.0026251
4.71221e+10 4.16583 0.00424339 0.379086 0.0176773 0.00263722
4.73033e+10 4.06139 0.00422714 0.379193 0.0171681 0.00264944
4.74853e+10 3.95933 0.00421095 0.3793 0.0166725 0.00266178
4.76679e+10 3.85959 0.00419482 0.379406 0.0161903 0.00267423
4.78513e+10 3.76213 0.00417875 0.379513 0.015721 0.0026868
4.80353e+10 3.6669 0.00416274 0.37962 0.0152643 0.00269948
4.82201e+10 3.57386 0.00414679 0.379727 0.0148201 0.00271227
4.84055e+10 3.48297 0.00413091 0.379833 0.0143878 0.00272518
4.85917e+10 3.39417 0.00411508 0.37994 0.0139673 0.00273821
4.87786e+10 3.30743 0.00409932 0.380047 0.0135582 0.00275136
4.89662e+10 3.22271 0.00408361 0.380153 0.0131603 0.00276463
4.91546e+10 3.13996 0.00406797 0.38026 0.0127732 0.00277803
4.93436e+10 3.05914 0.00405239 0.380367 0.0123968 0.00279154
4.95334e+10 2.98021 0.00403686 0.380473 0.0120307 0.00280519
4.97239e+10 2.90314 0.0040214 0.38058 0.0116747 0.00281895
4.99152e+10 2.82789 0.00400599 0.380687 0.0113285 0.00283285
5.01072e+10 2.75441 0.00399065 0.380794 0.0109919 0.00284687
5.02999e+10 2.68267 0.00397536 0.3809 0.0106646 0.00286102
5.04934e+10 2.61264 0.00396013 0.381007 0.0103464 0.0028753
5.06876e+10 2.54427 0.00394496 0.381114 0.0100371 0.00288971
5.08825e+10 2.47754 0.00392985 0.38122 0.00973636 0.00290426
5.10783e+10 2.41241 0.00391479 0.381327 0.00944408 0.00291894
5.12747e+10 2.34884 0.0038998 0.381434 0.00915999 0.00293376
5.14719e+10 2.2868 0.00388486 0.381541 0.00888389 0.00294871
5.16699e+10 2.22626 0.00386998 0.381647 0.00861556 0.00296381
5.18687e+10 2.16718 0.00385515 0.381754 0.00835481 0.00297904
5.20682e+10 2.10954 0.00384038 0.381861 0.00810145 0.00299441
5.22684e+10 2.05331 0.00382567 0.381967 0.00785527 0.00300993
5.24695e+10 1.99844 0.00381101 0.382074 0.00761609 0.00302559
5.26713e+10 1.94492 0.00379642 0.382181 0.00738373 0.0030414
5.28739e+10 1.89272 0.00378187 0.382287 0.00715801 0.00305735
5.30772e+10 1.8418 0.00376738 0.382394 0.00693875 0.00307345
5.32814e+10 1.79213 0.00375295 0.382501 0.00672579 0.0030897
5.34863e+10 1.7437 0.00373857 0.382608 0.00651895 0.0031061
5.3692e+10 1.69647 0.00372425 0.382714 0.00631808 0.00312265
5.38986e+10 1.65041 0.00370999 0.382821 0.00612301 0.00313936
5.41059e+10 1.60551 0.00369577 0.382928 0.0059336 0.00315622
5.4314e+10 1.56173 0.00368162 0.383034 0.00574969 0.00317324
5.45229e+10 1.51905 0.00366751 0.383141 0.00557113 0.00319042
5.47326e+10 1.47744 0.00365346 0.383248 0.00539778 0.00320775
5.49431e+10 1.43689 0.00363947 0.383354 0.00522949 0.00322525
5.51544e+10 1.39736 0.00362552 0.383461 0.00506615 0.00324291
5.53666e+10 1.35883 0.00361163 0.383568 0.0049076 0.00326073
5.55795e+10 1.32128 0.0035978 0.383675 0.00475372 0.00327872
5.57933e+10 1.2847 0.00358402 0.383781 0.00460438 0.00329688
5.60079e+10 1.24905 0.00357029 0.383888 0.00445946 0.0033152
5.62233e+10 1.21431 0.00355661 0.383995 0.00431883 0.0033337
5.64396e+10 1.18047 0.00354298 0.384101 0.00418239 0.00335236
5.66567e+10 1.1475 0.00352941 0.384208 0.00405001 0.0033712
5.68746e+10 1.11539 0.00351589 0.384315 0.00392159 0.00339021
5.70934e+10 1.08411 0.00350242 0.384421 0.00379701 0.0034094
5.73129e+10 1.05364 0.003489 0.384528 0.00367616 0.00342876
5.75334e+10 1.02397 0.00347564 0.384635 0.00355895 0.0034483
5.77547e+10 0.995076 0.00346232 0.384742 0.00344527 0.00346803
5.79768e+10 0.966939 0.00344906 0.384848 0.00333503 0.00348793
5.81998e+10 0.939542 0.00343585 0.384955 0.00322812 0.00350802
5.84237e+10 0.912869 0.00342268 0.385062 0.00312446 0.00352829
5.86484e+10 0.886901 0.00340957 0.385168 0.00302395 0.00354875
5.8874e+10 0.861622 0.00339651 0.385275 0.00292651 0.00356939
5.91004e+10 0.837016 0.0033835 0.385382 0.00283204 0.00359022
5.93277e+10 0.813066 0.00337054 0.385488 0.00274047 0.00361125
5.95559e+10 0.789757 0.00335762 0.385595 0.00265171 0.00363246
5.9785e+10 0.767073 0.00334476 0.385702 0.00256568 0.00365387
6.00149e+10 0.744999 0.00333195 0.385809 0.0024823 0.00367547
6.02458e+10 0.72352 0.00331918 0.385915 0.0024015 0.00369727
6.04775e+10 0.702622 0.00330647 0.386022 0.0023232 0.00371926
6.07101e+10 0.682291 0.0032938 0.386129 0.00224733 0.00374146
6.09436e+10 0.662512 0.00328118 0.386235 0.00217382 0.00376385
6.1178e+10 0.643273 0.00326861 0.386342 0.00210261 0.00378645
6.14133e+10 0.62456 0.00325609 0.386449 0.00203362 0.00380924
6.16496e+10 0.606359 0.00324362 0.386556 0.0019668 0.00383224
6.18867e+10 0.588659 0.00323119 0.386662 0.00190207 0.00385545
6.21247e+10 0.571446 0.00321881 0.386769 0.00183938 0.00387886
6.23637e+10 0.554709 0.00320648 0.386876 0.00177866 0.00390248
6.26035e+10 0.538436 0.0031942 0.386982 0.00171987 0.0039263
6.28443e+10 0.522614 0.00318196 0.387089 0.00166294 0.00395034
6.3086e+10 0.507234 0.00316977 0.387196 0.00160781 0.00397459
6.33287e+10 0.492283 0.00315763 0.387302 0.00155444 0.00399904
6.35723e+10 0.47775 0.00314553 0.387409 0.00150278 0.00402371
6.38168e+10 0.463625 0.00313348 0.387516 0.00145276 0.0040486
6.40623e+10 0.449898 0.00312148 0.387623 0.00140435 0.0040737
6.43087e+10 0.436558 0.00310952 0.387729 0.00135749 0.00409901
6.4556e+10 0.423596 0.00309761 0.387836 0.00131213 0.00412454
6.48043e+10 0.411001 0.00308574 0.387943 0.00126824 0.00415029
6.50536e+10 0.398764 0.00307392 0.388049 0.00122577 0.00417625
6.53038e+10 0.386877 0.00306214 0.388156 0.00118467 0.00420244
6.5555e+10 0.375329 0.00305041 0.388263 0.00114491 0.00422884
6.58071e+10 0.364112 0.00303872 0.388369 0.00110644 0.00425546
6.60602e+10 0.353217 0.00302708 0.388476 0.00106922 0.0042823
6.63143e+10 0.342636 0.00301549 0.388583 0.00103321 0.00430936
6.65694e+10 0.332361 0.00300393 0.38869 0.00099839 0.00433664
6.68254e+10 0.322383 0.00299243 0.388796 0.000964707 0.00436415
6.70824e+10 0.312695 0.00298096 0.388903 0.000932131 0.00439187
6.73405e+10 0.303288 0.00296954 0.38901 0.000900627 0.00441982
6.75995e+10 0.294156 0.00295817 0.389116 0.000870163 0.00444798
6.78595e+10 0.285291 0.00294683 0.389223 0.000840706 0.00447637
6.81205e+10 0.276686 0.00293554 0.38933 0.000812224 0.00450498
6.83825e+10 0.268334 0.0029243 0.389436 0.000784687 0.00453381
6.86455e+10 0.260227 0.00291309 0.389543 0.000758067 0.00456286
6.89096e+10 0.25236 0.00290193 0.38965 0.000732333 0.00459213
6.91746e+10 0.244726 0.00289082 0.389757 0.000707458 0.00462162
6.94407e+10 0.237318 0.00287974 0.389863 0.000683415 0.00465132
6.97078e+10 0.230131 0.00286871 0.38997 0.000660178 0.00468125
6.99759e+10 0.223157 0.00285772 0.390077 0.000637721 0.00471139
7.0245e+10 0.216393 0.00284677 0.390183 0.00061602 0.00474175
7.05152e+10 0.20983 0.00283587 0.39029 0.00059505 0.00477232
7.07864e+10 0.203465 0.002825 0.390397 0.000574788 0.00480311
7.10587e+10 0.197291 0.00281418 0.390504 0.000555211 0.00483411
7.1332e+10 0.191303 0.0028034 0.39061 0.000536298 0.00486531
7.16064e+10 0.185496 0.00279266 0.390717 0.000518027 0.00489673
7.18818e+10 0.179865 0.00278196 0.390824 0.000500377 0.00492835
7.21583e+10 0.174405 0.0027713 0.39093 0.000483328 0.00496018
7.24358e+10 0.169111 0.00276068 0.391037 0.000466861 0.00499221
7.27144e+10 0.163978 0.00275011 0.391144 0.000450957 0.00502444
7.29941e+10 0.159002 0.00273957 0.39125 0.000435597 0.00505687
7.32749e+10 0.154178 0.00272908 0.391357 0.000420764 0.0050895
7.35567e+10 0.149503 0.00271862 0.391464 0.000406441 0.00512231
7.38396e+10 0.144971 0.00270821 0.391571 0.00039261 0.00515531
7.41236e+10 0.140578 0.00269783 0.391677 0.000379256 0.0051885
7.44087e+10 0.136321 0.0026875 0.391784 0.000366363 0.00522188
7.46949e+10 0.132196 0.0026772 0.391891 0.000353915 0.00525543
7.49822e+10 0.128198 0.00266694 0.391997 0.000341898 0.00528915
7.52706e+10 0.124325 0.00265673 0.392104 0.000330298 0.00532305
7.55601e+10 0.120572 0.00264655 0.392211 0.0003191 0.00535711
7.58508e+10 0.116936 0.00263641 0.392317 0.000308291 0.00539134
7.61425e+10 0.113414 0.00262631 0.392424 0.000297859 0.00542572
7.64354e+10 0.110001 0.00261625 0.392531 0.00028779 0.00546026
7.67294e+10 0.106696 0.00260622 0.392638 0.000278073 0.00549494
7.70245e+10 0.103494 0.00259624 0.392744 0.000268695 0.00552976
7.73208e+10 0.100393 0.00258629 0.392851 0.000259645 0.00556473
7.76182e+10 0.097389 0.00257638 0.392958 0.000250912 0.00559982
7.79167e+10 0.0944802 0.00256651 0.393064 0.000242485 0.00563504
7.82164e+10 0.0916631 0.00255668 0.393171 0.000234353 0.00567038
7.85172e+10 0.0889352 0.00254689 0.393278 0.000226508 0.00570583
7.88192e+10 0.0862937 0.00253713 0.393384 0.000218938 0.00574138
7.91224e+10 0.0837359 0.00252741 0.393491 0.000211635 0.00577704
7.94267e+10 0.0812594 0.00251773 0.393598 0.000204589 0.00581278
7.97322e+10 0.0788617 0.00250808 0.393705 0.000197792 0.00584861
8.00389e+10 0.0765403 0.00249847 0.393811 0.000191234 0.00588452
8.03468e+10 0.0742929 0.0024889 0.393918 0.000184908 0.0059205
8.06558e+10 0.0721173 0.00247937 0.394025 0.000178805 0.00595654
8.0966e+10 0.0700112 0.00246987 0.394131 0.000172918 0.00599263
8.12774e+10 0.0679725 0.0024604 0.394238 0.00016724 0.00602877
8.15901e+10 0.0659991 0.00245098 0.394345 0.000161762 0.00606495
8.19039e+10 0.064089 0.00244159 0.394451 0.000156479 0.00610115
8.22189e+10 0.0622401 0.00243223 0.394558 0.000151383 0.00613737
8.25351e+10 0.0604507 0.00242292 0.394665 0.000146467 0.0061736
8.28526e+10 0.0587187 0.00241363 0.394772 0.000141725 0.00620982
8.31713e+10 0.0570425 0.00240439 0.394878 0.000137152 0.00624604
8.34912e+10 0.0554202 0.00239518 0.394985 0.000132741 0.00628224
8.38123e+10 0.0538502 0.002386 0.395092 0.000128487 0.00631841
8.41347e+10 0.0523308 0.00237686 0.395198 0.000124383 0.00635454
8.44583e+10 0.0508603 0.00236775 0.395305 0.000120425 0.00639063
8.47831e+10 0.0494373 0.00235868 0.395412 0.000116607 0.00642665
8.51092e+10 0.0480602 0.00234965 0.395519 0.000112924 0.0064626
8.54366e+10 0.0467276 0.00234064 0.395625 0.000109373 0.00649847
8.57652e+10 0.0454379 0.00233168 0.395732 0.000105947 0.00653424
8.60951e+10 0.04419 0.00232274 0.395839 0.000102642 0.00656992
8.64262e+10 0.0429823 0.00231384 0.395945 9.94543e-05 0.00660548
8.67586e+10 0.0418135 0.00230498 0.396052 9.63794e-05 0.00664092
8.70923e+10 0.0406826 0.00229615 0.396159 9.34132e-05 0.00667622
8.74273e+10 0.0395881 0.00228735 0.396265 9.05519e-05 0.00671138
8.77636e+10 0.0385289 0.00227859 0.396372 8.77915e-05 0.00674638
8.81012e+10 0.0375039 0.00226986 0.396479 8.51285e-05 0.00678121
8.844e+10 0.0365119 0.00226116 0.396586 8.25594e-05 0.00681586
8.87802e+10 0.0355519 0.0022525 0.396692 8.00806e-05 0.00685032
8.91217e+10 0.0346228 0.00224387 0.396799 7.7689e-05 0.00688458
8.94645e+10 0.0337235 0.00223527 0.396906 7.53813e-05 0.00691863
8.98086e+10 0.0328532 0.00222671 0.397012 7.31546e-05 0.00695245
9.0154e+10 0.0320108 0.00221818 0.397119 7.10057e-05 0.00698604
9.05008e+10 0.0311954 0.00220968 0.397226 6.89319e-05 0.00701939
9.08489e+10 0.0304062 0.00220122 0.397332 6.69305e-05 0.00705249
9.11983e+10 0.0296421 0.00219278 0.397439 6.49988e-05 0.00708532
9.15491e+10 0.0289025 0.00218438 0.397546 6.31342e-05 0.00711787
9.19012e+10 0.0281865 0.00217601 0.397653 6.13342e-05 0.00715014
9.22547e+10 0.0274933 0.00216768 0.397759 5.95966e-05 0.00718211
9.26095e+10 0.0268221 0.00215937 0.397866 5.79189e-05 0.00721379
9.29657e+10 0.0261722 0.0021511 0.397973 5.6299e-05 0.00724514
9.33233e+10 0.0255429 0.00214286 0.398079 5.47348e-05 0.00727618
9.36822e+10 0.0249334 0.00213465 0.398186 5.32241e-05 0.00730689
9.40426e+10 0.0243432 0.00212647 0.398293 5.17651e-05 0.00733725
9.44043e+10 0.0237715 0.00211832 0.398399 5.03558e-05 0.00736727
9.47674e+10 0.0232178 0.00211021 0.398506 4.89943e-05 0.00739694
9.51319e+10 0.0226813 0.00210212 0.398613 4.76789e-05 0.00742624
9.54978e+10 0.0221616 0.00209407 0.39872 4.6408e-05 0.00745517
9.58651e+10 0.0216581 0.00208605 0.398826 4.51797e-05 0.00748372
9.62338e+10 0.0211701 0.00207806 0.398933 4.39927e-05 0.00751189
9.6604e+10 0.0206972 0.00207009 0.39904 4.28452e-05 0.00753967
9.69755e+10 0.0202389 0.00206216 0.399146 4.1736e-05 0.00756706
9.73485e+10 0.0197947 0.00205426 0.399253 4.06634e-05 0.00759405
9.7723e+10 0.019364 0.00204639 0.39936 3.96263e-05 0.00762063
9.80988e+10 0.0189464 0.00203855 0.399466 3.86233e-05 0.00764679
9.84762e+10 0.0185415 0.00203074 0.399573 3.7653e-05 0.00767255
9.88549e+10 0.0181488 0.00202296 0.39968 3.67144e-05 0.00769789
9.92352e+10 0.017768 0.00201521 0.399787 3.58062e-05 0.0077228
9.96168e+10 0.0173985 0.00200749 0.399893 3.49273e-05 0.00774729
1e+11 0.01704 0.0019998 0.4 3.40766e-05 0.00777136
