# Benchmark 1: radiating-sphere-like atmosphere
# rho(r) = rho0 / [1 + (r/r0)^2] * exp[-r/Rcut]
# T(r)   = T0   / [1 + (r/r0)^0.5]
# Rsrc_cm = 400000
# columns: r_cm dens_gcm3 temp_MeV ye pres_dummy entr_dummy
1e+06 9.89901e+07 6.07798 0.3 6.01659e+08 0.013139
1.00385e+06 9.89825e+07 6.07517 0.3 6.01335e+08 0.0131333
1.00771e+06 9.89748e+07 6.07236 0.3 6.01011e+08 0.0131275
1.01158e+06 9.8967e+07 6.06955 0.3 6.00686e+08 0.0131218
1.01547e+06 9.89592e+07 6.06674 0.3 6.0036e+08 0.0131161
1.01938e+06 9.89514e+07 6.06393 0.3 6.00034e+08 0.0131103
1.0233e+06 9.89435e+07 6.06111 0.3 5.99707e+08 0.0131046
1.02724e+06 9.89355e+07 6.05829 0.3 5.99379e+08 0.0130988
1.03119e+06 9.89274e+07 6.05546 0.3 5.99051e+08 0.0130931
1.03515e+06 9.89193e+07 6.05264 0.3 5.98723e+08 0.0130873
1.03914e+06 9.89112e+07 6.04981 0.3 5.98393e+08 0.0130816
1.04313e+06 9.8903e+07 6.04697 0.3 5.98064e+08 0.0130758
1.04714e+06 9.88947e+07 6.04414 0.3 5.97733e+08 0.01307
1.05117e+06 9.88863e+07 6.0413 0.3 5.97402e+08 0.0130643
1.05522e+06 9.88779e+07 6.03846 0.3 5.9707e+08 0.0130585
1.05927e+06 9.88694e+07 6.03562 0.3 5.96738e+08 0.0130527
1.06335e+06 9.88609e+07 6.03277 0.3 5.96405e+08 0.0130469
1.06744e+06 9.88523e+07 6.02992 0.3 5.96072e+08 0.0130412
1.07154e+06 9.88436e+07 6.02707 0.3 5.95738e+08 0.0130354
1.07567e+06 9.88349e+07 6.02422 0.3 5.95403e+08 0.0130296
1.0798e+06 9.88261e+07 6.02136 0.3 5.95068e+08 0.0130238
1.08396e+06 9.88173e+07 6.0185 0.3 5.94732e+08 0.013018
1.08813e+06 9.88083e+07 6.01564 0.3 5.94395e+08 0.0130122
1.09231e+06 9.87993e+07 6.01277 0.3 5.94058e+08 0.0130064
1.09651e+06 9.87903e+07 6.0099 0.3 5.9372e+08 0.0130006
1.10073e+06 9.87812e+07 6.00703 0.3 5.93382e+08 0.0129948
1.10496e+06 9.8772e+07 6.00416 0.3 5.93042e+08 0.012989
1.10921e+06 9.87627e+07 6.00128 0.3 5.92703e+08 0.0129831
1.11348e+06 9.87534e+07 5.9984 0.3 5.92362e+08 0.0129773
1.11776e+06 9.87439e+07 5.99552 0.3 5.92021e+08 0.0129715
1.12206e+06 9.87345e+07 5.99264 0.3 5.9168e+08 0.0129657
1.12638e+06 9.87249e+07 5.98975 0.3 5.91337e+08 0.0129598
1.13071e+06 9.87153e+07 5.98686 0.3 5.90994e+08 0.012954
1.13506e+06 9.87056e+07 5.98396 0.3 5.90651e+08 0.0129482
1.13942e+06 9.86959e+07 5.98107 0.3 5.90307e+08 0.0129423
1.14381e+06 9.8686e+07 5.97817 0.3 5.89962e+08 0.0129365
1.14821e+06 9.86761e+07 5.97527 0.3 5.89616e+08 0.0129306
1.15262e+06 9.86661e+07 5.97236 0.3 5.8927e+08 0.0129248
1.15706e+06 9.86561e+07 5.96946 0.3 5.88923e+08 0.0129189
1.16151e+06 9.86459e+07 5.96655 0.3 5.88576e+08 0.0129131
1.16597e+06 9.86357e+07 5.96364 0.3 5.88228e+08 0.0129072
1.17046e+06 9.86255e+07 5.96072 0.3 5.87879e+08 0.0129014
1.17496e+06 9.86151e+07 5.9578 0.3 5.87529e+08 0.0128955
1.17948e+06 9.86047e+07 5.95488 0.3 5.87179e+08 0.0128896
1.18402e+06 9.85941e+07 5.95196 0.3 5.86828e+08 0.0128838
1.18857e+06 9.85835e+07 5.94903 0.3 5.86477e+08 0.0128779
1.19314e+06 9.85729e+07 5.9461 0.3 5.86124e+08 0.012872
1.19773e+06 9.85621e+07 5.94317 0.3 5.85772e+08 0.0128661
1.20234e+06 9.85513e+07 5.94024 0.3 5.85418e+08 0.0128603
1.20696e+06 9.85404e+07 5.9373 0.3 5.85064e+08 0.0128544
1.21161e+06 9.85294e+07 5.93436 0.3 5.84709e+08 0.0128485
1.21627e+06 9.85183e+07 5.93142 0.3 5.84353e+08 0.0128426
1.22094e+06 9.85071e+07 5.92847 0.3 5.83997e+08 0.0128367
1.22564e+06 9.84959e+07 5.92552 0.3 5.8364e+08 0.0128308
1.23035e+06 9.84846e+07 5.92257 0.3 5.83282e+08 0.0128249
1.23509e+06 9.84732e+07 5.91962 0.3 5.82924e+08 0.012819
1.23984e+06 9.84617e+07 5.91666 0.3 5.82565e+08 0.0128131
1.24461e+06 9.84501e+07 5.91371 0.3 5.82205e+08 0.0128072
1.24939e+06 9.84384e+07 5.91074 0.3 5.81844e+08 0.0128013
1.2542e+06 9.84267e+07 5.90778 0.3 5.81483e+08 0.0127954
1.25902e+06 9.84148e+07 5.90481 0.3 5.81121e+08 0.0127895
1.26386e+06 9.84029e+07 5.90184 0.3 5.80758e+08 0.0127836
1.26873e+06 9.83909e+07 5.89887 0.3 5.80395e+08 0.0127776
1.27361e+06 9.83788e+07 5.8959 0.3 5.80031e+08 0.0127717
1.2785e+06 9.83666e+07 5.89292 0.3 5.79666e+08 0.0127658
1.28342e+06 9.83543e+07 5.88994 0.3 5.793e+08 0.0127599
1.28836e+06 9.83419e+07 5.88695 0.3 5.78934e+08 0.0127539
1.29331e+06 9.83294e+07 5.88397 0.3 5.78567e+08 0.012748
1.29829e+06 9.83169e+07 5.88098 0.3 5.78199e+08 0.0127421
1.30328e+06 9.83042e+07 5.87799 0.3 5.77831e+08 0.0127361
1.30829e+06 9.82914e+07 5.87499 0.3 5.77462e+08 0.0127302
1.31333e+06 9.82786e+07 5.872 0.3 5.77092e+08 0.0127243
1.31838e+06 9.82657e+07 5.869 0.3 5.76721e+08 0.0127183
1.32345e+06 9.82526e+07 5.866 0.3 5.76349e+08 0.0127124
1.32854e+06 9.82395e+07 5.86299 0.3 5.75977e+08 0.0127064
1.33365e+06 9.82263e+07 5.85998 0.3 5.75604e+08 0.0127005
1.33878e+06 9.82129e+07 5.85697 0.3 5.7523e+08 0.0126945
1.34393e+06 9.81995e+07 5.85396 0.3 5.74856e+08 0.0126886
1.3491e+06 9.8186e+07 5.85094 0.3 5.74481e+08 0.0126826
1.35429e+06 9.81723e+07 5.84793 0.3 5.74105e+08 0.0126767
1.3595e+06 9.81586e+07 5.84491 0.3 5.73728e+08 0.0126707
1.36472e+06 9.81448e+07 5.84188 0.3 5.7335e+08 0.0126648
1.36997e+06 9.81309e+07 5.83886 0.3 5.72972e+08 0.0126588
1.37524e+06 9.81168e+07 5.83583 0.3 5.72593e+08 0.0126528
1.38053e+06 9.81027e+07 5.83279 0.3 5.72213e+08 0.0126469
1.38584e+06 9.80884e+07 5.82976 0.3 5.71832e+08 0.0126409
1.39117e+06 9.80741e+07 5.82672 0.3 5.71451e+08 0.0126349
1.39652e+06 9.80596e+07 5.82368 0.3 5.71068e+08 0.012629
1.4019e+06 9.80451e+07 5.82064 0.3 5.70685e+08 0.012623
1.40729e+06 9.80304e+07 5.8176 0.3 5.70301e+08 0.012617
1.4127e+06 9.80156e+07 5.81455 0.3 5.69917e+08 0.012611
1.41813e+06 9.80007e+07 5.8115 0.3 5.69531e+08 0.0126051
1.42359e+06 9.79857e+07 5.80845 0.3 5.69145e+08 0.0125991
1.42906e+06 9.79706e+07 5.80539 0.3 5.68758e+08 0.0125931
1.43456e+06 9.79554e+07 5.80233 0.3 5.6837e+08 0.0125871
1.44008e+06 9.79401e+07 5.79927 0.3 5.67981e+08 0.0125811
1.44562e+06 9.79247e+07 5.79621 0.3 5.67592e+08 0.0125752
1.45118e+06 9.79091e+07 5.79314 0.3 5.67201e+08 0.0125692
1.45676e+06 9.78934e+07 5.79007 0.3 5.6681e+08 0.0125632
1.46236e+06 9.78776e+07 5.787 0.3 5.66418e+08 0.0125572
1.46799e+06 9.78617e+07 5.78393 0.3 5.66025e+08 0.0125512
1.47363e+06 9.78457e+07 5.78085 0.3 5.65632e+08 0.0125452
1.4793e+06 9.78296e+07 5.77777 0.3 5.65237e+08 0.0125392
1.48499e+06 9.78133e+07 5.77469 0.3 5.64842e+08 0.0125332
1.4907e+06 9.7797e+07 5.77161 0.3 5.64445e+08 0.0125272
1.49644e+06 9.77805e+07 5.76852 0.3 5.64048e+08 0.0125212
1.50219e+06 9.77638e+07 5.76543 0.3 5.6365e+08 0.0125152
1.50797e+06 9.77471e+07 5.76234 0.3 5.63252e+08 0.0125092
1.51377e+06 9.77302e+07 5.75924 0.3 5.62852e+08 0.0125032
1.51959e+06 9.77133e+07 5.75614 0.3 5.62451e+08 0.0124972
1.52544e+06 9.76961e+07 5.75304 0.3 5.6205e+08 0.0124912
1.5313e+06 9.76789e+07 5.74994 0.3 5.61648e+08 0.0124852
1.53719e+06 9.76615e+07 5.74683 0.3 5.61245e+08 0.0124792
1.54311e+06 9.76441e+07 5.74373 0.3 5.60841e+08 0.0124732
1.54904e+06 9.76264e+07 5.74062 0.3 5.60436e+08 0.0124672
1.555e+06 9.76087e+07 5.7375 0.3 5.6003e+08 0.0124612
1.56098e+06 9.75908e+07 5.73439 0.3 5.59623e+08 0.0124552
1.56699e+06 9.75728e+07 5.73127 0.3 5.59216e+08 0.0124492
1.57301e+06 9.75547e+07 5.72815 0.3 5.58808e+08 0.0124432
1.57906e+06 9.75364e+07 5.72502 0.3 5.58398e+08 0.0124372
1.58514e+06 9.7518e+07 5.7219 0.3 5.57988e+08 0.0124312
1.59123e+06 9.74995e+07 5.71877 0.3 5.57577e+08 0.0124252
1.59735e+06 9.74808e+07 5.71564 0.3 5.57165e+08 0.0124191
1.6035e+06 9.7462e+07 5.7125 0.3 5.56752e+08 0.0124131
1.60967e+06 9.7443e+07 5.70937 0.3 5.56338e+08 0.0124071
1.61586e+06 9.7424e+07 5.70623 0.3 5.55923e+08 0.0124011
1.62207e+06 9.74047e+07 5.70309 0.3 5.55507e+08 0.0123951
1.62831e+06 9.73854e+07 5.69994 0.3 5.55091e+08 0.0123891
1.63457e+06 9.73659e+07 5.69679 0.3 5.54673e+08 0.0123831
1.64086e+06 9.73462e+07 5.69364 0.3 5.54255e+08 0.0123771
1.64717e+06 9.73264e+07 5.69049 0.3 5.53835e+08 0.012371
1.65351e+06 9.73065e+07 5.68734 0.3 5.53415e+08 0.012365
1.65987e+06 9.72864e+07 5.68418 0.3 5.52994e+08 0.012359
1.66625e+06 9.72662e+07 5.68102 0.3 5.52571e+08 0.012353
1.67266e+06 9.72458e+07 5.67786 0.3 5.52148e+08 0.012347
1.67909e+06 9.72253e+07 5.67469 0.3 5.51724e+08 0.012341
1.68555e+06 9.72046e+07 5.67153 0.3 5.51299e+08 0.012335
1.69204e+06 9.71838e+07 5.66836 0.3 5.50873e+08 0.0123289
1.69854e+06 9.71628e+07 5.66519 0.3 5.50445e+08 0.0123229
1.70508e+06 9.71417e+07 5.66201 0.3 5.50017e+08 0.0123169
1.71163e+06 9.71204e+07 5.65883 0.3 5.49588e+08 0.0123109
1.71822e+06 9.7099e+07 5.65565 0.3 5.49158e+08 0.0123049
1.72483e+06 9.70774e+07 5.65247 0.3 5.48727e+08 0.0122989
1.73146e+06 9.70557e+07 5.64929 0.3 5.48295e+08 0.0122929
1.73812e+06 9.70338e+07 5.6461 0.3 5.47862e+08 0.0122869
1.74481e+06 9.70117e+07 5.64291 0.3 5.47428e+08 0.0122808
1.75152e+06 9.69895e+07 5.63972 0.3 5.46993e+08 0.0122748
1.75825e+06 9.69671e+07 5.63652 0.3 5.46557e+08 0.0122688
1.76502e+06 9.69446e+07 5.63332 0.3 5.4612e+08 0.0122628
1.77181e+06 9.69219e+07 5.63012 0.3 5.45682e+08 0.0122568
1.77862e+06 9.6899e+07 5.62692 0.3 5.45243e+08 0.0122508
1.78546e+06 9.6876e+07 5.62371 0.3 5.44803e+08 0.0122448
1.79233e+06 9.68528e+07 5.62051 0.3 5.44362e+08 0.0122388
1.79922e+06 9.68295e+07 5.6173 0.3 5.4392e+08 0.0122328
1.80614e+06 9.68059e+07 5.61408 0.3 5.43477e+08 0.0122268
1.81309e+06 9.67822e+07 5.61087 0.3 5.43032e+08 0.0122208
1.82006e+06 9.67584e+07 5.60765 0.3 5.42587e+08 0.0122148
1.82706e+06 9.67343e+07 5.60443 0.3 5.42141e+08 0.0122088
1.83409e+06 9.67101e+07 5.60121 0.3 5.41694e+08 0.0122028
1.84115e+06 9.66857e+07 5.59798 0.3 5.41245e+08 0.0121968
1.84823e+06 9.66611e+07 5.59476 0.3 5.40796e+08 0.0121908
1.85534e+06 9.66364e+07 5.59153 0.3 5.40345e+08 0.0121848
1.86247e+06 9.66115e+07 5.58829 0.3 5.39893e+08 0.0121788
1.86964e+06 9.65864e+07 5.58506 0.3 5.39441e+08 0.0121728
1.87683e+06 9.65611e+07 5.58182 0.3 5.38987e+08 0.0121668
1.88405e+06 9.65357e+07 5.57858 0.3 5.38532e+08 0.0121608
1.89129e+06 9.651e+07 5.57534 0.3 5.38076e+08 0.0121548
1.89857e+06 9.64842e+07 5.5721 0.3 5.37619e+08 0.0121488
1.90587e+06 9.64582e+07 5.56885 0.3 5.37161e+08 0.0121428
1.9132e+06 9.6432e+07 5.5656 0.3 5.36702e+08 0.0121368
1.92056e+06 9.64056e+07 5.56235 0.3 5.36242e+08 0.0121308
1.92795e+06 9.63791e+07 5.55909 0.3 5.3578e+08 0.0121248
1.93536e+06 9.63523e+07 5.55584 0.3 5.35318e+08 0.0121189
1.94281e+06 9.63254e+07 5.55258 0.3 5.34854e+08 0.0121129
1.95028e+06 9.62982e+07 5.54931 0.3 5.34389e+08 0.0121069
1.95778e+06 9.62709e+07 5.54605 0.3 5.33923e+08 0.0121009
1.96531e+06 9.62434e+07 5.54278 0.3 5.33456e+08 0.012095
1.97287e+06 9.62156e+07 5.53951 0.3 5.32988e+08 0.012089
1.98046e+06 9.61877e+07 5.53624 0.3 5.32519e+08 0.012083
1.98808e+06 9.61596e+07 5.53297 0.3 5.32048e+08 0.012077
1.99572e+06 9.61313e+07 5.52969 0.3 5.31576e+08 0.0120711
2.0034e+06 9.61028e+07 5.52641 0.3 5.31104e+08 0.0120651
2.0111e+06 9.6074e+07 5.52313 0.3 5.3063e+08 0.0120592
2.01884e+06 9.60451e+07 5.51985 0.3 5.30155e+08 0.0120532
2.0266e+06 9.6016e+07 5.51656 0.3 5.29678e+08 0.0120472
2.0344e+06 9.59866e+07 5.51328 0.3 5.29201e+08 0.0120413
2.04222e+06 9.59571e+07 5.50998 0.3 5.28722e+08 0.0120353
2.05008e+06 9.59273e+07 5.50669 0.3 5.28242e+08 0.0120294
2.05796e+06 9.58974e+07 5.5034 0.3 5.27761e+08 0.0120234
2.06588e+06 9.58672e+07 5.5001 0.3 5.27279e+08 0.0120175
2.07383e+06 9.58368e+07 5.4968 0.3 5.26796e+08 0.0120115
2.0818e+06 9.58062e+07 5.4935 0.3 5.26311e+08 0.0120056
2.08981e+06 9.57754e+07 5.49019 0.3 5.25825e+08 0.0119997
2.09785e+06 9.57444e+07 5.48688 0.3 5.25338e+08 0.0119937
2.10592e+06 9.57131e+07 5.48357 0.3 5.2485e+08 0.0119878
2.11402e+06 9.56817e+07 5.48026 0.3 5.2436e+08 0.0119819
2.12215e+06 9.565e+07 5.47695 0.3 5.2387e+08 0.011976
2.13031e+06 9.5618e+07 5.47363 0.3 5.23378e+08 0.01197
2.1385e+06 9.55859e+07 5.47031 0.3 5.22885e+08 0.0119641
2.14673e+06 9.55535e+07 5.46699 0.3 5.2239e+08 0.0119582
2.15499e+06 9.55209e+07 5.46367 0.3 5.21895e+08 0.0119523
2.16327e+06 9.54881e+07 5.46034 0.3 5.21398e+08 0.0119464
2.1716e+06 9.54551e+07 5.45701 0.3 5.209e+08 0.0119405
2.17995e+06 9.54218e+07 5.45368 0.3 5.204e+08 0.0119346
2.18833e+06 9.53883e+07 5.45035 0.3 5.19899e+08 0.0119287
2.19675e+06 9.53545e+07 5.44701 0.3 5.19397e+08 0.0119228
2.2052e+06 9.53206e+07 5.44367 0.3 5.18894e+08 0.0119169
2.21368e+06 9.52863e+07 5.44033 0.3 5.1839e+08 0.011911
2.2222e+06 9.52519e+07 5.43699 0.3 5.17884e+08 0.0119051
2.23074e+06 9.52172e+07 5.43365 0.3 5.17377e+08 0.0118993
2.23932e+06 9.51822e+07 5.4303 0.3 5.16868e+08 0.0118934
2.24794e+06 9.51471e+07 5.42695 0.3 5.16359e+08 0.0118875
2.25658e+06 9.51116e+07 5.4236 0.3 5.15848e+08 0.0118816
2.26526e+06 9.5076e+07 5.42025 0.3 5.15335e+08 0.0118758
2.27397e+06 9.504e+07 5.41689 0.3 5.14822e+08 0.0118699
2.28272e+06 9.50039e+07 5.41353 0.3 5.14307e+08 0.0118641
2.2915e+06 9.49675e+07 5.41017 0.3 5.1379e+08 0.0118582
2.30031e+06 9.49308e+07 5.40681 0.3 5.13273e+08 0.0118524
2.30916e+06 9.48939e+07 5.40344 0.3 5.12754e+08 0.0118465
2.31804e+06 9.48567e+07 5.40008 0.3 5.12233e+08 0.0118407
2.32696e+06 9.48193e+07 5.39671 0.3 5.11712e+08 0.0118349
2.33591e+06 9.47816e+07 5.39333 0.3 5.11189e+08 0.011829
2.34489e+06 9.47436e+07 5.38996 0.3 5.10664e+08 0.0118232
2.35391e+06 9.47054e+07 5.38658 0.3 5.10138e+08 0.0118174
2.36297e+06 9.46669e+07 5.3832 0.3 5.09611e+08 0.0118116
2.37206e+06 9.46282e+07 5.37982 0.3 5.09083e+08 0.0118058
2.38118e+06 9.45892e+07 5.37644 0.3 5.08553e+08 0.0118
2.39034e+06 9.45499e+07 5.37305 0.3 5.08022e+08 0.0117942
2.39953e+06 9.45103e+07 5.36967 0.3 5.07489e+08 0.0117884
2.40876e+06 9.44705e+07 5.36628 0.3 5.06955e+08 0.0117826
2.41803e+06 9.44304e+07 5.36289 0.3 5.0642e+08 0.0117768
2.42733e+06 9.43901e+07 5.35949 0.3 5.05883e+08 0.011771
2.43666e+06 9.43494e+07 5.35609 0.3 5.05344e+08 0.0117653
2.44604e+06 9.43085e+07 5.3527 0.3 5.04805e+08 0.0117595
2.45544e+06 9.42673e+07 5.34929 0.3 5.04264e+08 0.0117537
2.46489e+06 9.42259e+07 5.34589 0.3 5.03721e+08 0.011748
2.47437e+06 9.41841e+07 5.34249 0.3 5.03177e+08 0.0117422
2.48389e+06 9.41421e+07 5.33908 0.3 5.02632e+08 0.0117365
2.49344e+06 9.40997e+07 5.33567 0.3 5.02085e+08 0.0117308
2.50303e+06 9.40571e+07 5.33226 0.3 5.01537e+08 0.011725
2.51266e+06 9.40142e+07 5.32884 0.3 5.00987e+08 0.0117193
2.52232e+06 9.3971e+07 5.32543 0.3 5.00436e+08 0.0117136
2.53202e+06 9.39275e+07 5.32201 0.3 4.99883e+08 0.0117079
2.54176e+06 9.38838e+07 5.31859 0.3 4.99329e+08 0.0117022
2.55154e+06 9.38397e+07 5.31516 0.3 4.98773e+08 0.0116965
2.56135e+06 9.37953e+07 5.31174 0.3 4.98216e+08 0.0116908
2.57121e+06 9.37506e+07 5.30831 0.3 4.97658e+08 0.0116851
2.58109e+06 9.37057e+07 5.30488 0.3 4.97098e+08 0.0116794
2.59102e+06 9.36604e+07 5.30145 0.3 4.96536e+08 0.0116737
2.60099e+06 9.36148e+07 5.29802 0.3 4.95973e+08 0.0116681
2.61099e+06 9.35689e+07 5.29458 0.3 4.95408e+08 0.0116624
2.62104e+06 9.35227e+07 5.29114 0.3 4.94842e+08 0.0116567
2.63112e+06 9.34762e+07 5.2877 0.3 4.94275e+08 0.0116511
2.64124e+06 9.34294e+07 5.28426 0.3 4.93706e+08 0.0116455
2.6514e+06 9.33823e+07 5.28082 0.3 4.93135e+08 0.0116398
2.66159e+06 9.33349e+07 5.27737 0.3 4.92563e+08 0.0116342
2.67183e+06 9.32871e+07 5.27392 0.3 4.91989e+08 0.0116286
2.68211e+06 9.3239e+07 5.27047 0.3 4.91414e+08 0.011623
2.69242e+06 9.31906e+07 5.26702 0.3 4.90837e+08 0.0116174
2.70278e+06 9.31419e+07 5.26356 0.3 4.90259e+08 0.0116118
2.71318e+06 9.30929e+07 5.26011 0.3 4.89679e+08 0.0116062
2.72361e+06 9.30435e+07 5.25665 0.3 4.89097e+08 0.0116006
2.73409e+06 9.29938e+07 5.25319 0.3 4.88514e+08 0.011595
2.7446e+06 9.29438e+07 5.24972 0.3 4.87929e+08 0.0115895
2.75516e+06 9.28935e+07 5.24626 0.3 4.87343e+08 0.0115839
2.76576e+06 9.28428e+07 5.24279 0.3 4.86755e+08 0.0115783
2.77639e+06 9.27918e+07 5.23932 0.3 4.86166e+08 0.0115728
2.78707e+06 9.27404e+07 5.23585 0.3 4.85575e+08 0.0115673
2.79779e+06 9.26887e+07 5.23238 0.3 4.84982e+08 0.0115617
2.80855e+06 9.26367e+07 5.2289 0.3 4.84388e+08 0.0115562
2.81936e+06 9.25843e+07 5.22542 0.3 4.83792e+08 0.0115507
2.8302e+06 9.25316e+07 5.22194 0.3 4.83195e+08 0.0115452
2.84109e+06 9.24785e+07 5.21846 0.3 4.82596e+08 0.0115397
2.85201e+06 9.24251e+07 5.21498 0.3 4.81995e+08 0.0115342
2.86298e+06 9.23714e+07 5.21149 0.3 4.81393e+08 0.0115288
2.874e+06 9.23173e+07 5.20801 0.3 4.80789e+08 0.0115233
2.88505e+06 9.22628e+07 5.20452 0.3 4.80183e+08 0.0115179
2.89615e+06 9.2208e+07 5.20102 0.3 4.79576e+08 0.0115124
2.90729e+06 9.21528e+07 5.19753 0.3 4.78967e+08 0.011507
2.91847e+06 9.20973e+07 5.19403 0.3 4.78357e+08 0.0115015
2.92969e+06 9.20414e+07 5.19054 0.3 4.77744e+08 0.0114961
2.94096e+06 9.19852e+07 5.18704 0.3 4.7713e+08 0.0114907
2.95227e+06 9.19285e+07 5.18353 0.3 4.76515e+08 0.0114853
2.96363e+06 9.18716e+07 5.18003 0.3 4.75898e+08 0.0114799
2.97503e+06 9.18142e+07 5.17653 0.3 4.75279e+08 0.0114745
2.98647e+06 9.17565e+07 5.17302 0.3 4.74658e+08 0.0114692
2.99796e+06 9.16984e+07 5.16951 0.3 4.74036e+08 0.0114638
3.00949e+06 9.164e+07 5.166 0.3 4.73412e+08 0.0114584
3.02106e+06 9.15811e+07 5.16248 0.3 4.72786e+08 0.0114531
3.03268e+06 9.15219e+07 5.15897 0.3 4.72159e+08 0.0114478
3.04435e+06 9.14623e+07 5.15545 0.3 4.71529e+08 0.0114425
3.05606e+06 9.14024e+07 5.15193 0.3 4.70899e+08 0.0114371
3.06781e+06 9.1342e+07 5.14841 0.3 4.70266e+08 0.0114318
3.07961e+06 9.12813e+07 5.14488 0.3 4.69632e+08 0.0114265
3.09146e+06 9.12202e+07 5.14136 0.3 4.68996e+08 0.0114213
3.10335e+06 9.11587e+07 5.13783 0.3 4.68358e+08 0.011416
3.11529e+06 9.10968e+07 5.1343 0.3 4.67718e+08 0.0114107
3.12727e+06 9.10345e+07 5.13077 0.3 4.67077e+08 0.0114055
3.1393e+06 9.09718e+07 5.12724 0.3 4.66434e+08 0.0114003
3.15137e+06 9.09087e+07 5.1237 0.3 4.65789e+08 0.011395
3.16349e+06 9.08452e+07 5.12017 0.3 4.65143e+08 0.0113898
3.17566e+06 9.07814e+07 5.11663 0.3 4.64494e+08 0.0113846
3.18787e+06 9.07171e+07 5.11309 0.3 4.63844e+08 0.0113794
3.20014e+06 9.06524e+07 5.10954 0.3 4.63193e+08 0.0113742
3.21244e+06 9.05873e+07 5.106 0.3 4.62539e+08 0.0113691
3.2248e+06 9.05219e+07 5.10245 0.3 4.61884e+08 0.0113639
3.2372e+06 9.0456e+07 5.09891 0.3 4.61226e+08 0.0113588
3.24966e+06 9.03896e+07 5.09535 0.3 4.60567e+08 0.0113536
3.26215e+06 9.03229e+07 5.0918 0.3 4.59907e+08 0.0113485
3.2747e+06 9.02558e+07 5.08825 0.3 4.59244e+08 0.0113434
3.2873e+06 9.01882e+07 5.08469 0.3 4.5858e+08 0.0113383
3.29994e+06 9.01203e+07 5.08114 0.3 4.57913e+08 0.0113332
3.31263e+06 9.00519e+07 5.07758 0.3 4.57245e+08 0.0113281
3.32537e+06 8.99831e+07 5.07402 0.3 4.56576e+08 0.0113231
3.33817e+06 8.99138e+07 5.07045 0.3 4.55904e+08 0.011318
3.351e+06 8.98442e+07 5.06689 0.3 4.5523e+08 0.011313
3.36389e+06 8.97741e+07 5.06332 0.3 4.54555e+08 0.011308
3.37683e+06 8.97036e+07 5.05975 0.3 4.53878e+08 0.011303
3.38982e+06 8.96326e+07 5.05618 0.3 4.53199e+08 0.011298
3.40286e+06 8.95613e+07 5.05261 0.3 4.52518e+08 0.011293
3.41595e+06 8.94895e+07 5.04904 0.3 4.51835e+08 0.011288
3.42909e+06 8.94172e+07 5.04546 0.3 4.51151e+08 0.0112831
3.44228e+06 8.93445e+07 5.04188 0.3 4.50465e+08 0.0112781
3.45552e+06 8.92714e+07 5.0383 0.3 4.49776e+08 0.0112732
3.46881e+06 8.91978e+07 5.03472 0.3 4.49086e+08 0.0112683
3.48215e+06 8.91238e+07 5.03114 0.3 4.48394e+08 0.0112634
3.49554e+06 8.90493e+07 5.02755 0.3 4.477e+08 0.0112585
3.50899e+06 8.89744e+07 5.02397 0.3 4.47005e+08 0.0112536
3.52248e+06 8.88991e+07 5.02038 0.3 4.46307e+08 0.0112487
3.53603e+06 8.88233e+07 5.01679 0.3 4.45608e+08 0.0112439
3.54963e+06 8.8747e+07 5.0132 0.3 4.44906e+08 0.0112391
3.56329e+06 8.86703e+07 5.0096 0.3 4.44203e+08 0.0112342
3.57699e+06 8.85931e+07 5.00601 0.3 4.43498e+08 0.0112294
3.59075e+06 8.85155e+07 5.00241 0.3 4.42791e+08 0.0112247
3.60456e+06 8.84374e+07 4.99881 0.3 4.42082e+08 0.0112199
3.61842e+06 8.83588e+07 4.99521 0.3 4.41371e+08 0.0112151
3.63234e+06 8.82798e+07 4.99161 0.3 4.40658e+08 0.0112104
3.64631e+06 8.82003e+07 4.98801 0.3 4.39944e+08 0.0112056
3.66034e+06 8.81204e+07 4.9844 0.3 4.39227e+08 0.0112009
3.67442e+06 8.804e+07 4.98079 0.3 4.38509e+08 0.0111962
3.68855e+06 8.79591e+07 4.97718 0.3 4.37789e+08 0.0111915
3.70274e+06 8.78777e+07 4.97357 0.3 4.37066e+08 0.0111869
3.71698e+06 8.77959e+07 4.96996 0.3 4.36342e+08 0.0111822
3.73128e+06 8.77136e+07 4.96635 0.3 4.35616e+08 0.0111776
3.74563e+06 8.76308e+07 4.96273 0.3 4.34888e+08 0.011173
3.76003e+06 8.75475e+07 4.95911 0.3 4.34158e+08 0.0111684
3.7745e+06 8.74637e+07 4.9555 0.3 4.33426e+08 0.0111638
3.78901e+06 8.73795e+07 4.95188 0.3 4.32692e+08 0.0111592
3.80359e+06 8.72948e+07 4.94825 0.3 4.31957e+08 0.0111546
3.81822e+06 8.72096e+07 4.94463 0.3 4.31219e+08 0.0111501
3.8329e+06 8.71239e+07 4.941 0.3 4.30479e+08 0.0111456
3.84765e+06 8.70377e+07 4.93738 0.3 4.29738e+08 0.0111411
3.86244e+06 8.6951e+07 4.93375 0.3 4.28994e+08 0.0111366
3.8773e+06 8.68638e+07 4.93012 0.3 4.28249e+08 0.0111321
3.89221e+06 8.67762e+07 4.92648 0.3 4.27501e+08 0.0111277
3.90718e+06 8.6688e+07 4.92285 0.3 4.26752e+08 0.0111232
3.92221e+06 8.65994e+07 4.91921 0.3 4.26001e+08 0.0111188
3.9373e+06 8.65102e+07 4.91558 0.3 4.25248e+08 0.0111144
3.95244e+06 8.64205e+07 4.91194 0.3 4.24492e+08 0.01111
3.96765e+06 8.63304e+07 4.9083 0.3 4.23735e+08 0.0111056
3.98291e+06 8.62397e+07 4.90466 0.3 4.22976e+08 0.0111013
3.99823e+06 8.61485e+07 4.90101 0.3 4.22215e+08 0.0110969
4.0136e+06 8.60568e+07 4.89737 0.3 4.21452e+08 0.0110926
4.02904e+06 8.59647e+07 4.89372 0.3 4.20687e+08 0.0110883
4.04454e+06 8.5872e+07 4.89007 0.3 4.1992e+08 0.011084
4.06009e+06 8.57787e+07 4.88643 0.3 4.19151e+08 0.0110798
4.07571e+06 8.5685e+07 4.88277 0.3 4.18381e+08 0.0110755
4.09139e+06 8.55908e+07 4.87912 0.3 4.17608e+08 0.0110713
4.10712e+06 8.5496e+07 4.87547 0.3 4.16833e+08 0.0110671
4.12292e+06 8.54007e+07 4.87181 0.3 4.16056e+08 0.0110629
4.13878e+06 8.5305e+07 4.86815 0.3 4.15278e+08 0.0110588
4.1547e+06 8.52086e+07 4.86449 0.3 4.14497e+08 0.0110546
4.17068e+06 8.51118e+07 4.86083 0.3 4.13714e+08 0.0110505
4.18672e+06 8.50144e+07 4.85717 0.3 4.1293e+08 0.0110464
4.20282e+06 8.49166e+07 4.85351 0.3 4.12143e+08 0.0110423
4.21899e+06 8.48181e+07 4.84984 0.3 4.11355e+08 0.0110382
4.23522e+06 8.47192e+07 4.84618 0.3 4.10564e+08 0.0110341
4.25151e+06 8.46197e+07 4.84251 0.3 4.09772e+08 0.0110301
4.26786e+06 8.45197e+07 4.83884 0.3 4.08978e+08 0.0110261
4.28427e+06 8.44192e+07 4.83517 0.3 4.08181e+08 0.0110221
4.30075e+06 8.43181e+07 4.8315 0.3 4.07383e+08 0.0110181
4.3173e+06 8.42165e+07 4.82782 0.3 4.06583e+08 0.0110142
4.3339e+06 8.41144e+07 4.82415 0.3 4.0578e+08 0.0110103
4.35057e+06 8.40117e+07 4.82047 0.3 4.04976e+08 0.0110063
4.3673e+06 8.39085e+07 4.81679 0.3 4.0417e+08 0.0110024
4.3841e+06 8.38048e+07 4.81311 0.3 4.03362e+08 0.0109986
4.40096e+06 8.37005e+07 4.80943 0.3 4.02552e+08 0.0109947
4.41789e+06 8.35957e+07 4.80575 0.3 4.0174e+08 0.0109909
4.43488e+06 8.34903e+07 4.80207 0.3 4.00926e+08 0.0109871
4.45194e+06 8.33844e+07 4.79838 0.3 4.0011e+08 0.0109833
4.46907e+06 8.32779e+07 4.7947 0.3 3.99292e+08 0.0109795
4.48626e+06 8.31709e+07 4.79101 0.3 3.98473e+08 0.0109758
4.50351e+06 8.30634e+07 4.78732 0.3 3.97651e+08 0.0109721
4.52083e+06 8.29553e+07 4.78363 0.3 3.96827e+08 0.0109684
4.53822e+06 8.28466e+07 4.77993 0.3 3.96001e+08 0.0109647
4.55568e+06 8.27374e+07 4.77624 0.3 3.95174e+08 0.0109611
4.5732e+06 8.26277e+07 4.77255 0.3 3.94344e+08 0.0109574
4.59079e+06 8.25174e+07 4.76885 0.3 3.93513e+08 0.0109538
4.60845e+06 8.24066e+07 4.76515 0.3 3.9268e+08 0.0109502
4.62617e+06 8.22952e+07 4.76145 0.3 3.91844e+08 0.0109467
4.64397e+06 8.21832e+07 4.75775 0.3 3.91007e+08 0.0109431
4.66183e+06 8.20707e+07 4.75405 0.3 3.90168e+08 0.0109396
4.67976e+06 8.19576e+07 4.75035 0.3 3.89327e+08 0.0109361
4.69776e+06 8.1844e+07 4.74664 0.3 3.88484e+08 0.0109326
4.71583e+06 8.17298e+07 4.74294 0.3 3.87639e+08 0.0109292
4.73397e+06 8.16151e+07 4.73923 0.3 3.86793e+08 0.0109257
4.75217e+06 8.14998e+07 4.73552 0.3 3.85944e+08 0.0109223
4.77045e+06 8.13839e+07 4.73181 0.3 3.85093e+08 0.010919
4.7888e+06 8.12675e+07 4.7281 0.3 3.84241e+08 0.0109156
4.80722e+06 8.11505e+07 4.72439 0.3 3.83387e+08 0.0109123
4.82571e+06 8.1033e+07 4.72067 0.3 3.8253e+08 0.010909
4.84427e+06 8.09149e+07 4.71696 0.3 3.81672e+08 0.0109057
4.8629e+06 8.07962e+07 4.71324 0.3 3.80812e+08 0.0109024
4.88161e+06 8.0677e+07 4.70953 0.3 3.7995e+08 0.0108992
4.90038e+06 8.05572e+07 4.70581 0.3 3.79087e+08 0.010896
4.91923e+06 8.04369e+07 4.70209 0.3 3.78221e+08 0.0108928
4.93815e+06 8.0316e+07 4.69837 0.3 3.77354e+08 0.0108896
4.95715e+06 8.01945e+07 4.69464 0.3 3.76484e+08 0.0108865
4.97621e+06 8.00724e+07 4.69092 0.3 3.75613e+08 0.0108834
4.99535e+06 7.99498e+07 4.68719 0.3 3.7474e+08 0.0108803
5.01457e+06 7.98266e+07 4.68347 0.3 3.73866e+08 0.0108772
5.03385e+06 7.97029e+07 4.67974 0.3 3.72989e+08 0.0108742
5.05322e+06 7.95786e+07 4.67601 0.3 3.7211e+08 0.0108712
5.07265e+06 7.94537e+07 4.67228 0.3 3.7123e+08 0.0108682
5.09216e+06 7.93283e+07 4.66855 0.3 3.70348e+08 0.0108652
5.11175e+06 7.92023e+07 4.66482 0.3 3.69464e+08 0.0108623
5.13141e+06 7.90757e+07 4.66108 0.3 3.68579e+08 0.0108594
5.15115e+06 7.89486e+07 4.65735 0.3 3.67691e+08 0.0108565
5.17096e+06 7.88209e+07 4.65361 0.3 3.66802e+08 0.0108537
5.19085e+06 7.86926e+07 4.64988 0.3 3.65911e+08 0.0108508
5.21081e+06 7.85637e+07 4.64614 0.3 3.65018e+08 0.010848
5.23086e+06 7.84343e+07 4.6424 0.3 3.64124e+08 0.0108453
5.25098e+06 7.83044e+07 4.63866 0.3 3.63227e+08 0.0108425
5.27117e+06 7.81738e+07 4.63492 0.3 3.62329e+08 0.0108398
5.29145e+06 7.80427e+07 4.63117 0.3 3.61429e+08 0.0108371
5.3118e+06 7.7911e+07 4.62743 0.3 3.60528e+08 0.0108345
5.33223e+06 7.77788e+07 4.62369 0.3 3.59625e+08 0.0108318
5.35274e+06 7.7646e+07 4.61994 0.3 3.5872e+08 0.0108292
5.37333e+06 7.75126e+07 4.61619 0.3 3.57813e+08 0.0108266
5.394e+06 7.73787e+07 4.61244 0.3 3.56905e+08 0.0108241
5.41474e+06 7.72442e+07 4.60869 0.3 3.55995e+08 0.0108215
5.43557e+06 7.71091e+07 4.60494 0.3 3.55083e+08 0.010819
5.45648e+06 7.69735e+07 4.60119 0.3 3.5417e+08 0.0108166
5.47746e+06 7.68373e+07 4.59744 0.3 3.53255e+08 0.0108141
5.49853e+06 7.67006e+07 4.59369 0.3 3.52338e+08 0.0108117
5.51968e+06 7.65632e+07 4.58993 0.3 3.5142e+08 0.0108093
5.54091e+06 7.64254e+07 4.58618 0.3 3.505e+08 0.010807
5.56222e+06 7.62869e+07 4.58242 0.3 3.49579e+08 0.0108047
5.58362e+06 7.61479e+07 4.57866 0.3 3.48655e+08 0.0108024
5.60509e+06 7.60084e+07 4.5749 0.3 3.47731e+08 0.0108001
5.62665e+06 7.58682e+07 4.57114 0.3 3.46804e+08 0.0107979
5.64829e+06 7.57276e+07 4.56738 0.3 3.45877e+08 0.0107957
5.67002e+06 7.55863e+07 4.56362 0.3 3.44947e+08 0.0107935
5.69183e+06 7.54445e+07 4.55985 0.3 3.44016e+08 0.0107913
5.71372e+06 7.53022e+07 4.55609 0.3 3.43084e+08 0.0107892
5.7357e+06 7.51593e+07 4.55232 0.3 3.42149e+08 0.0107871
5.75776e+06 7.50158e+07 4.54856 0.3 3.41214e+08 0.0107851
5.7799e+06 7.48718e+07 4.54479 0.3 3.40277e+08 0.010783
5.80214e+06 7.47273e+07 4.54102 0.3 3.39338e+08 0.010781
5.82445e+06 7.45821e+07 4.53725 0.3 3.38398e+08 0.0107791
5.84685e+06 7.44365e+07 4.53348 0.3 3.37457e+08 0.0107771
5.86934e+06 7.42903e+07 4.52971 0.3 3.36514e+08 0.0107752
5.89192e+06 7.41435e+07 4.52594 0.3 3.35569e+08 0.0107734
5.91458e+06 7.39962e+07 4.52217 0.3 3.34623e+08 0.0107715
5.93733e+06 7.38484e+07 4.51839 0.3 3.33676e+08 0.0107697
5.96017e+06 7.37e+07 4.51462 0.3 3.32727e+08 0.0107679
5.98309e+06 7.35511e+07 4.51084 0.3 3.31777e+08 0.0107662
6.0061e+06 7.34016e+07 4.50707 0.3 3.30826e+08 0.0107645
6.02921e+06 7.32516e+07 4.50329 0.3 3.29873e+08 0.0107628
6.0524e+06 7.3101e+07 4.49951 0.3 3.28919e+08 0.0107611
6.07567e+06 7.29499e+07 4.49573 0.3 3.27963e+08 0.0107595
6.09904e+06 7.27983e+07 4.49195 0.3 3.27006e+08 0.0107579
6.1225e+06 7.26462e+07 4.48817 0.3 3.26048e+08 0.0107563
6.14605e+06 7.24935e+07 4.48439 0.3 3.25089e+08 0.0107548
6.16969e+06 7.23403e+07 4.4806 0.3 3.24128e+08 0.0107533
6.19342e+06 7.21866e+07 4.47682 0.3 3.23166e+08 0.0107519
6.21724e+06 7.20323e+07 4.47303 0.3 3.22203e+08 0.0107504
6.24116e+06 7.18775e+07 4.46925 0.3 3.21238e+08 0.0107491
6.26516e+06 7.17222e+07 4.46546 0.3 3.20273e+08 0.0107477
6.28926e+06 7.15664e+07 4.46168 0.3 3.19306e+08 0.0107464
6.31345e+06 7.141e+07 4.45789 0.3 3.18338e+08 0.0107451
6.33773e+06 7.12532e+07 4.4541 0.3 3.17369e+08 0.0107438
6.36211e+06 7.10958e+07 4.45031 0.3 3.16398e+08 0.0107426
6.38658e+06 7.09379e+07 4.44652 0.3 3.15427e+08 0.0107414
6.41115e+06 7.07795e+07 4.44273 0.3 3.14454e+08 0.0107402
6.4358e+06 7.06206e+07 4.43893 0.3 3.1348e+08 0.0107391
6.46056e+06 7.04612e+07 4.43514 0.3 3.12505e+08 0.010738
6.48541e+06 7.03013e+07 4.43135 0.3 3.11529e+08 0.010737
6.51035e+06 7.01409e+07 4.42755 0.3 3.10552e+08 0.0107359
6.53539e+06 6.998e+07 4.42376 0.3 3.09574e+08 0.0107349
6.56053e+06 6.98186e+07 4.41996 0.3 3.08595e+08 0.010734
6.58576e+06 6.96567e+07 4.41616 0.3 3.07615e+08 0.0107331
6.6111e+06 6.94943e+07 4.41237 0.3 3.06634e+08 0.0107322
6.63652e+06 6.93314e+07 4.40857 0.3 3.05652e+08 0.0107313
6.66205e+06 6.91681e+07 4.40477 0.3 3.04669e+08 0.0107305
6.68767e+06 6.90042e+07 4.40097 0.3 3.03685e+08 0.0107298
6.7134e+06 6.88399e+07 4.39717 0.3 3.02701e+08 0.010729
6.73922e+06 6.86751e+07 4.39337 0.3 3.01715e+08 0.0107283
6.76514e+06 6.85098e+07 4.38956 0.3 3.00728e+08 0.0107276
6.79116e+06 6.83441e+07 4.38576 0.3 2.99741e+08 0.010727
6.81728e+06 6.81779e+07 4.38196 0.3 2.98752e+08 0.0107264
6.8435e+06 6.80112e+07 4.37815 0.3 2.97763e+08 0.0107258
6.86982e+06 6.7844e+07 4.37435 0.3 2.96773e+08 0.0107253
6.89625e+06 6.76764e+07 4.37054 0.3 2.95783e+08 0.0107248
6.92277e+06 6.75084e+07 4.36674 0.3 2.94791e+08 0.0107244
6.9494e+06 6.73399e+07 4.36293 0.3 2.93799e+08 0.0107239
6.97613e+06 6.71709e+07 4.35912 0.3 2.92806e+08 0.0107235
7.00296e+06 6.70015e+07 4.35531 0.3 2.91813e+08 0.0107232
7.0299e+06 6.68317e+07 4.3515 0.3 2.90818e+08 0.0107229
7.05694e+06 6.66614e+07 4.34769 0.3 2.89823e+08 0.0107226
7.08408e+06 6.64906e+07 4.34388 0.3 2.88828e+08 0.0107224
7.11133e+06 6.63195e+07 4.34007 0.3 2.87831e+08 0.0107222
7.13868e+06 6.61479e+07 4.33626 0.3 2.86835e+08 0.010722
7.16614e+06 6.59759e+07 4.33245 0.3 2.85837e+08 0.0107219
7.1937e+06 6.58034e+07 4.32864 0.3 2.84839e+08 0.0107218
7.22137e+06 6.56305e+07 4.32482 0.3 2.83841e+08 0.0107218
7.24914e+06 6.54573e+07 4.32101 0.3 2.82841e+08 0.0107218
7.27703e+06 6.52836e+07 4.3172 0.3 2.81842e+08 0.0107218
7.30502e+06 6.51095e+07 4.31338 0.3 2.80842e+08 0.0107218
7.33311e+06 6.4935e+07 4.30956 0.3 2.79841e+08 0.010722
7.36132e+06 6.476e+07 4.30575 0.3 2.7884e+08 0.0107221
7.38963e+06 6.45847e+07 4.30193 0.3 2.77839e+08 0.0107223
7.41806e+06 6.4409e+07 4.29811 0.3 2.76837e+08 0.0107225
7.44659e+06 6.42329e+07 4.2943 0.3 2.75835e+08 0.0107227
7.47523e+06 6.40565e+07 4.29048 0.3 2.74833e+08 0.010723
7.50398e+06 6.38796e+07 4.28666 0.3 2.7383e+08 0.0107234
7.53284e+06 6.37024e+07 4.28284 0.3 2.72827e+08 0.0107237
7.56182e+06 6.35247e+07 4.27902 0.3 2.71824e+08 0.0107242
7.5909e+06 6.33468e+07 4.2752 0.3 2.7082e+08 0.0107246
7.6201e+06 6.31684e+07 4.27138 0.3 2.69816e+08 0.0107251
7.64941e+06 6.29897e+07 4.26756 0.3 2.68812e+08 0.0107256
7.67883e+06 6.28106e+07 4.26373 0.3 2.67808e+08 0.0107262
7.70837e+06 6.26312e+07 4.25991 0.3 2.66803e+08 0.0107268
7.73801e+06 6.24514e+07 4.25609 0.3 2.65799e+08 0.0107275
7.76778e+06 6.22713e+07 4.25227 0.3 2.64794e+08 0.0107281
7.79765e+06 6.20908e+07 4.24844 0.3 2.63789e+08 0.0107289
7.82765e+06 6.191e+07 4.24462 0.3 2.62784e+08 0.0107296
7.85775e+06 6.17289e+07 4.24079 0.3 2.61779e+08 0.0107304
7.88798e+06 6.15474e+07 4.23697 0.3 2.60774e+08 0.0107313
7.91832e+06 6.13657e+07 4.23314 0.3 2.5977e+08 0.0107322
7.94877e+06 6.11836e+07 4.22932 0.3 2.58765e+08 0.0107331
7.97935e+06 6.10011e+07 4.22549 0.3 2.5776e+08 0.0107341
8.01004e+06 6.08184e+07 4.22166 0.3 2.56755e+08 0.0107351
8.04085e+06 6.06354e+07 4.21784 0.3 2.5575e+08 0.0107361
8.07177e+06 6.0452e+07 4.21401 0.3 2.54745e+08 0.0107372
8.10282e+06 6.02684e+07 4.21018 0.3 2.53741e+08 0.0107383
8.13399e+06 6.00845e+07 4.20635 0.3 2.52736e+08 0.0107395
8.16527e+06 5.99003e+07 4.20252 0.3 2.51732e+08 0.0107407
8.19668e+06 5.97158e+07 4.19869 0.3 2.50728e+08 0.010742
8.2282e+06 5.95311e+07 4.19486 0.3 2.49725e+08 0.0107433
8.25985e+06 5.9346e+07 4.19103 0.3 2.48721e+08 0.0107446
8.29162e+06 5.91607e+07 4.1872 0.3 2.47718e+08 0.010746
8.32352e+06 5.89752e+07 4.18337 0.3 2.46715e+08 0.0107474
8.35553e+06 5.87893e+07 4.17954 0.3 2.45712e+08 0.0107489
8.38767e+06 5.86033e+07 4.17571 0.3 2.4471e+08 0.0107504
8.41993e+06 5.84169e+07 4.17188 0.3 2.43708e+08 0.0107519
8.45231e+06 5.82304e+07 4.16805 0.3 2.42707e+08 0.0107535
8.48482e+06 5.80436e+07 4.16421 0.3 2.41706e+08 0.0107551
8.51746e+06 5.78565e+07 4.16038 0.3 2.40705e+08 0.0107568
8.55022e+06 5.76693e+07 4.15655 0.3 2.39705e+08 0.0107585
8.58311e+06 5.74818e+07 4.15271 0.3 2.38706e+08 0.0107602
8.61612e+06 5.72941e+07 4.14888 0.3 2.37706e+08 0.010762
8.64926e+06 5.71062e+07 4.14505 0.3 2.36708e+08 0.0107639
8.68253e+06 5.69181e+07 4.14121 0.3 2.3571e+08 0.0107657
8.71592e+06 5.67298e+07 4.13738 0.3 2.34713e+08 0.0107677
8.74945e+06 5.65412e+07 4.13354 0.3 2.33716e+08 0.0107696
8.7831e+06 5.63525e+07 4.12971 0.3 2.3272e+08 0.0107716
8.81688e+06 5.61636e+07 4.12588 0.3 2.31724e+08 0.0107737
8.8508e+06 5.59746e+07 4.12204 0.3 2.30729e+08 0.0107758
8.88484e+06 5.57853e+07 4.1182 0.3 2.29735e+08 0.0107779
8.91901e+06 5.55959e+07 4.11437 0.3 2.28742e+08 0.0107801
8.95332e+06 5.54063e+07 4.11053 0.3 2.2775e+08 0.0107823
8.98775e+06 5.52166e+07 4.1067 0.3 2.26758e+08 0.0107846
9.02232e+06 5.50267e+07 4.10286 0.3 2.25767e+08 0.0107869
9.05703e+06 5.48367e+07 4.09902 0.3 2.24777e+08 0.0107892
9.09186e+06 5.46465e+07 4.09519 0.3 2.23788e+08 0.0107916
9.12683e+06 5.44562e+07 4.09135 0.3 2.22799e+08 0.010794
9.16194e+06 5.42657e+07 4.08751 0.3 2.21812e+08 0.0107965
9.19718e+06 5.40751e+07 4.08368 0.3 2.20825e+08 0.010799
9.23255e+06 5.38844e+07 4.07984 0.3 2.1984e+08 0.0108016
9.26806e+06 5.36936e+07 4.076 0.3 2.18855e+08 0.0108042
9.30371e+06 5.35027e+07 4.07216 0.3 2.17872e+08 0.0108069
9.3395e+06 5.33117e+07 4.06833 0.3 2.16889e+08 0.0108096
9.37542e+06 5.31205e+07 4.06449 0.3 2.15908e+08 0.0108123
9.41148e+06 5.29293e+07 4.06065 0.3 2.14927e+08 0.0108151
9.44768e+06 5.2738e+07 4.05681 0.3 2.13948e+08 0.0108179
9.48402e+06 5.25466e+07 4.05297 0.3 2.1297e+08 0.0108208
9.5205e+06 5.23551e+07 4.04914 0.3 2.11993e+08 0.0108237
9.55711e+06 5.21636e+07 4.0453 0.3 2.11017e+08 0.0108267
9.59387e+06 5.1972e+07 4.04146 0.3 2.10043e+08 0.0108297
9.63077e+06 5.17804e+07 4.03762 0.3 2.09069e+08 0.0108327
9.66782e+06 5.15886e+07 4.03378 0.3 2.08097e+08 0.0108358
9.705e+06 5.13969e+07 4.02994 0.3 2.07126e+08 0.0108389
9.74233e+06 5.12051e+07 4.0261 0.3 2.06157e+08 0.0108421
9.7798e+06 5.10132e+07 4.02227 0.3 2.05189e+08 0.0108453
9.81742e+06 5.08214e+07 4.01843 0.3 2.04222e+08 0.0108486
9.85518e+06 5.06295e+07 4.01459 0.3 2.03256e+08 0.0108519
9.89309e+06 5.04375e+07 4.01075 0.3 2.02292e+08 0.0108553
9.93114e+06 5.02456e+07 4.00691 0.3 2.0133e+08 0.0108587
9.96934e+06 5.00537e+07 4.00307 0.3 2.00368e+08 0.0108621
1.00077e+07 4.98617e+07 3.99923 0.3 1.99409e+08 0.0108656
1.00462e+07 4.96698e+07 3.99539 0.3 1.9845e+08 0.0108691
1.00848e+07 4.94778e+07 3.99155 0.3 1.97493e+08 0.0108727
1.01236e+07 4.92859e+07 3.98772 0.3 1.96538e+08 0.0108764
1.01625e+07 4.9094e+07 3.98388 0.3 1.95584e+08 0.01088
1.02016e+07 4.89021e+07 3.98004 0.3 1.94632e+08 0.0108837
1.02409e+07 4.87103e+07 3.9762 0.3 1.93682e+08 0.0108875
1.02803e+07 4.85185e+07 3.97236 0.3 1.92733e+08 0.0108913
1.03198e+07 4.83267e+07 3.96852 0.3 1.91786e+08 0.0108951
1.03595e+07 4.8135e+07 3.96468 0.3 1.9084e+08 0.010899
1.03993e+07 4.79433e+07 3.96084 0.3 1.89896e+08 0.010903
1.04393e+07 4.77517e+07 3.95701 0.3 1.88954e+08 0.010907
1.04795e+07 4.75602e+07 3.95317 0.3 1.88013e+08 0.010911
1.05198e+07 4.73687e+07 3.94933 0.3 1.87075e+08 0.0109151
1.05603e+07 4.71773e+07 3.94549 0.3 1.86138e+08 0.0109192
1.06009e+07 4.6986e+07 3.94165 0.3 1.85202e+08 0.0109233
1.06417e+07 4.67948e+07 3.93781 0.3 1.84269e+08 0.0109275
1.06826e+07 4.66036e+07 3.93398 0.3 1.83338e+08 0.0109318
1.07237e+07 4.64126e+07 3.93014 0.3 1.82408e+08 0.0109361
1.07649e+07 4.62217e+07 3.9263 0.3 1.8148e+08 0.0109404
1.08063e+07 4.60309e+07 3.92246 0.3 1.80554e+08 0.0109448
1.08479e+07 4.58401e+07 3.91863 0.3 1.7963e+08 0.0109493
1.08896e+07 4.56496e+07 3.91479 0.3 1.78708e+08 0.0109538
1.09315e+07 4.54591e+07 3.91095 0.3 1.77788e+08 0.0109583
1.09735e+07 4.52688e+07 3.90711 0.3 1.7687e+08 0.0109628
1.10157e+07 4.50786e+07 3.90328 0.3 1.75954e+08 0.0109675
1.10581e+07 4.48885e+07 3.89944 0.3 1.7504e+08 0.0109721
1.11007e+07 4.46986e+07 3.89561 0.3 1.74128e+08 0.0109768
1.11433e+07 4.45089e+07 3.89177 0.3 1.73218e+08 0.0109816
1.11862e+07 4.43193e+07 3.88793 0.3 1.7231e+08 0.0109864
1.12292e+07 4.41298e+07 3.8841 0.3 1.71405e+08 0.0109912
1.12724e+07 4.39406e+07 3.88026 0.3 1.70501e+08 0.0109961
1.13158e+07 4.37515e+07 3.87643 0.3 1.69599e+08 0.011001
1.13593e+07 4.35626e+07 3.87259 0.3 1.687e+08 0.011006
1.1403e+07 4.33739e+07 3.86876 0.3 1.67803e+08 0.011011
1.14469e+07 4.31853e+07 3.86492 0.3 1.66908e+08 0.0110161
1.14909e+07 4.2997e+07 3.86109 0.3 1.66015e+08 0.0110212
1.15351e+07 4.28089e+07 3.85725 0.3 1.65125e+08 0.0110264
1.15794e+07 4.2621e+07 3.85342 0.3 1.64236e+08 0.0110316
1.1624e+07 4.24332e+07 3.84959 0.3 1.6335e+08 0.0110369
1.16687e+07 4.22457e+07 3.84575 0.3 1.62467e+08 0.0110421
1.17136e+07 4.20585e+07 3.84192 0.3 1.61585e+08 0.0110475
1.17586e+07 4.18714e+07 3.83809 0.3 1.60706e+08 0.0110529
1.18039e+07 4.16846e+07 3.83425 0.3 1.59829e+08 0.0110583
1.18493e+07 4.1498e+07 3.83042 0.3 1.58955e+08 0.0110638
1.18948e+07 4.13117e+07 3.82659 0.3 1.58083e+08 0.0110693
1.19406e+07 4.11256e+07 3.82276 0.3 1.57213e+08 0.0110749
1.19865e+07 4.09397e+07 3.81893 0.3 1.56346e+08 0.0110805
1.20326e+07 4.07542e+07 3.8151 0.3 1.55481e+08 0.0110862
1.20789e+07 4.05688e+07 3.81127 0.3 1.54619e+08 0.0110919
1.21254e+07 4.03838e+07 3.80744 0.3 1.53759e+08 0.0110976
1.2172e+07 4.0199e+07 3.80361 0.3 1.52901e+08 0.0111034
1.22188e+07 4.00145e+07 3.79978 0.3 1.52046e+08 0.0111093
1.22658e+07 3.98303e+07 3.79595 0.3 1.51194e+08 0.0111152
1.2313e+07 3.96463e+07 3.79212 0.3 1.50344e+08 0.0111211
1.23603e+07 3.94627e+07 3.78829 0.3 1.49496e+08 0.0111271
1.24079e+07 3.92793e+07 3.78446 0.3 1.48651e+08 0.0111331
1.24556e+07 3.90963e+07 3.78063 0.3 1.47809e+08 0.0111392
1.25035e+07 3.89136e+07 3.77681 0.3 1.46969e+08 0.0111453
1.25516e+07 3.87311e+07 3.77298 0.3 1.46132e+08 0.0111514
1.25999e+07 3.8549e+07 3.76915 0.3 1.45297e+08 0.0111577
1.26484e+07 3.83672e+07 3.76533 0.3 1.44465e+08 0.0111639
1.2697e+07 3.81857e+07 3.7615 0.3 1.43636e+08 0.0111702
1.27458e+07 3.80046e+07 3.75768 0.3 1.42809e+08 0.0111765
1.27949e+07 3.78237e+07 3.75385 0.3 1.41985e+08 0.0111829
1.28441e+07 3.76433e+07 3.75003 0.3 1.41163e+08 0.0111894
1.28935e+07 3.74631e+07 3.7462 0.3 1.40344e+08 0.0111958
1.29431e+07 3.72833e+07 3.74238 0.3 1.39528e+08 0.0112024
1.29929e+07 3.71039e+07 3.73856 0.3 1.38715e+08 0.0112089
1.30428e+07 3.69248e+07 3.73474 0.3 1.37904e+08 0.0112156
1.3093e+07 3.6746e+07 3.73091 0.3 1.37096e+08 0.0112222
1.31434e+07 3.65677e+07 3.72709 0.3 1.36291e+08 0.0112289
1.31939e+07 3.63897e+07 3.72327 0.3 1.35489e+08 0.0112357
1.32447e+07 3.6212e+07 3.71945 0.3 1.34689e+08 0.0112425
1.32956e+07 3.60348e+07 3.71563 0.3 1.33892e+08 0.0112493
1.33467e+07 3.58579e+07 3.71181 0.3 1.33098e+08 0.0112562
1.33981e+07 3.56814e+07 3.70799 0.3 1.32306e+08 0.0112631
1.34496e+07 3.55052e+07 3.70418 0.3 1.31518e+08 0.0112701
1.35013e+07 3.53295e+07 3.70036 0.3 1.30732e+08 0.0112771
1.35533e+07 3.51542e+07 3.69654 0.3 1.29949e+08 0.0112842
1.36054e+07 3.49793e+07 3.69273 0.3 1.29169e+08 0.0112913
1.36577e+07 3.48047e+07 3.68891 0.3 1.28391e+08 0.0112984
1.37103e+07 3.46306e+07 3.68509 0.3 1.27617e+08 0.0113056
1.3763e+07 3.44569e+07 3.68128 0.3 1.26845e+08 0.0113129
1.38159e+07 3.42836e+07 3.67746 0.3 1.26077e+08 0.0113202
1.38691e+07 3.41107e+07 3.67365 0.3 1.25311e+08 0.0113275
1.39224e+07 3.39382e+07 3.66984 0.3 1.24548e+08 0.0113349
1.3976e+07 3.37662e+07 3.66603 0.3 1.23788e+08 0.0113423
1.40297e+07 3.35946e+07 3.66221 0.3 1.23031e+08 0.0113498
1.40837e+07 3.34234e+07 3.6584 0.3 1.22276e+08 0.0113573
1.41379e+07 3.32526e+07 3.65459 0.3 1.21525e+08 0.0113648
1.41922e+07 3.30823e+07 3.65078 0.3 1.20776e+08 0.0113724
1.42468e+07 3.29125e+07 3.64697 0.3 1.20031e+08 0.0113801
1.43016e+07 3.2743e+07 3.64316 0.3 1.19288e+08 0.0113878
1.43566e+07 3.2574e+07 3.63936 0.3 1.18549e+08 0.0113955
1.44118e+07 3.24055e+07 3.63555 0.3 1.17812e+08 0.0114033
1.44673e+07 3.22374e+07 3.63174 0.3 1.17078e+08 0.0114111
1.45229e+07 3.20698e+07 3.62794 0.3 1.16347e+08 0.011419
1.45788e+07 3.19027e+07 3.62413 0.3 1.15619e+08 0.0114269
1.46349e+07 3.1736e+07 3.62033 0.3 1.14895e+08 0.0114348
1.46911e+07 3.15697e+07 3.61652 0.3 1.14173e+08 0.0114428
1.47477e+07 3.1404e+07 3.61272 0.3 1.13454e+08 0.0114509
1.48044e+07 3.12387e+07 3.60892 0.3 1.12738e+08 0.011459
1.48613e+07 3.10739e+07 3.60511 0.3 1.12025e+08 0.0114671
1.49185e+07 3.09095e+07 3.60131 0.3 1.11315e+08 0.0114753
1.49759e+07 3.07457e+07 3.59751 0.3 1.10608e+08 0.0114835
1.50335e+07 3.05823e+07 3.59371 0.3 1.09904e+08 0.0114918
1.50913e+07 3.04194e+07 3.58991 0.3 1.09203e+08 0.0115001
1.51493e+07 3.0257e+07 3.58612 0.3 1.08505e+08 0.0115084
1.52076e+07 3.00951e+07 3.58232 0.3 1.0781e+08 0.0115168
1.52661e+07 2.99337e+07 3.57852 0.3 1.07118e+08 0.0115252
1.53248e+07 2.97727e+07 3.57473 0.3 1.06429e+08 0.0115337
1.53838e+07 2.96123e+07 3.57093 0.3 1.05744e+08 0.0115423
1.54429e+07 2.94524e+07 3.56714 0.3 1.05061e+08 0.0115508
1.55023e+07 2.9293e+07 3.56334 0.3 1.04381e+08 0.0115594
1.5562e+07 2.91341e+07 3.55955 0.3 1.03704e+08 0.0115681
1.56218e+07 2.89756e+07 3.55576 0.3 1.0303e+08 0.0115768
1.56819e+07 2.88177e+07 3.55197 0.3 1.0236e+08 0.0115855
1.57422e+07 2.86604e+07 3.54818 0.3 1.01692e+08 0.0115943
1.58028e+07 2.85035e+07 3.54439 0.3 1.01027e+08 0.0116031
1.58635e+07 2.83471e+07 3.5406 0.3 1.00366e+08 0.011612
1.59246e+07 2.81913e+07 3.53681 0.3 9.97072e+07 0.0116209
1.59858e+07 2.8036e+07 3.53302 0.3 9.90517e+07 0.0116299
1.60473e+07 2.78812e+07 3.52924 0.3 9.83993e+07 0.0116389
1.6109e+07 2.77269e+07 3.52545 0.3 9.77499e+07 0.0116479
1.6171e+07 2.75732e+07 3.52167 0.3 9.71035e+07 0.011657
1.62332e+07 2.74199e+07 3.51788 0.3 9.64602e+07 0.0116661
1.62956e+07 2.72673e+07 3.5141 0.3 9.58199e+07 0.0116753
1.63583e+07 2.71151e+07 3.51032 0.3 9.51826e+07 0.0116845
1.64212e+07 2.69635e+07 3.50654 0.3 9.45484e+07 0.0116937
1.64844e+07 2.68124e+07 3.50276 0.3 9.39173e+07 0.011703
1.65478e+07 2.66618e+07 3.49898 0.3 9.32892e+07 0.0117124
1.66114e+07 2.65118e+07 3.4952 0.3 9.26641e+07 0.0117217
1.66753e+07 2.63623e+07 3.49142 0.3 9.20421e+07 0.0117312
1.67395e+07 2.62134e+07 3.48765 0.3 9.14231e+07 0.0117406
1.68038e+07 2.6065e+07 3.48387 0.3 9.08071e+07 0.0117501
1.68685e+07 2.59172e+07 3.4801 0.3 9.01942e+07 0.0117597
1.69334e+07 2.57699e+07 3.47632 0.3 8.95843e+07 0.0117693
1.69985e+07 2.56231e+07 3.47255 0.3 8.89775e+07 0.0117789
1.70639e+07 2.54769e+07 3.46878 0.3 8.83737e+07 0.0117886
1.71295e+07 2.53312e+07 3.46501 0.3 8.77729e+07 0.0117983
1.71954e+07 2.51861e+07 3.46124 0.3 8.71751e+07 0.011808
1.72615e+07 2.50415e+07 3.45747 0.3 8.65804e+07 0.0118178
1.73279e+07 2.48975e+07 3.4537 0.3 8.59887e+07 0.0118277
1.73946e+07 2.47541e+07 3.44993 0.3 8.54e+07 0.0118376
1.74615e+07 2.46112e+07 3.44617 0.3 8.48143e+07 0.0118475
1.75286e+07 2.44688e+07 3.4424 0.3 8.42316e+07 0.0118574
1.7596e+07 2.43271e+07 3.43864 0.3 8.3652e+07 0.0118674
1.76637e+07 2.41858e+07 3.43488 0.3 8.30753e+07 0.0118775
1.77317e+07 2.40451e+07 3.43112 0.3 8.25017e+07 0.0118876
1.77999e+07 2.3905e+07 3.42735 0.3 8.1931e+07 0.0118977
1.78683e+07 2.37655e+07 3.4236 0.3 8.13634e+07 0.0119079
1.79371e+07 2.36265e+07 3.41984 0.3 8.07987e+07 0.0119181
1.80061e+07 2.34881e+07 3.41608 0.3 8.0237e+07 0.0119283
1.80753e+07 2.33502e+07 3.41232 0.3 7.96784e+07 0.0119386
1.81448e+07 2.32129e+07 3.40857 0.3 7.91226e+07 0.0119489
1.82146e+07 2.30761e+07 3.40481 0.3 7.85699e+07 0.0119593
1.82847e+07 2.29399e+07 3.40106 0.3 7.80201e+07 0.0119697
1.8355e+07 2.28043e+07 3.39731 0.3 7.74733e+07 0.0119802
1.84256e+07 2.26693e+07 3.39356 0.3 7.69295e+07 0.0119906
1.84965e+07 2.25348e+07 3.38981 0.3 7.63886e+07 0.0120012
1.85676e+07 2.24009e+07 3.38606 0.3 7.58506e+07 0.0120117
1.8639e+07 2.22675e+07 3.38231 0.3 7.53156e+07 0.0120223
1.87107e+07 2.21347e+07 3.37856 0.3 7.47835e+07 0.012033
1.87827e+07 2.20025e+07 3.37482 0.3 7.42544e+07 0.0120437
1.88549e+07 2.18708e+07 3.37107 0.3 7.37282e+07 0.0120544
1.89275e+07 2.17398e+07 3.36733 0.3 7.32049e+07 0.0120652
1.90003e+07 2.16092e+07 3.36359 0.3 7.26845e+07 0.012076
1.90733e+07 2.14793e+07 3.35984 0.3 7.2167e+07 0.0120868
1.91467e+07 2.13499e+07 3.3561 0.3 7.16525e+07 0.0120977
1.92203e+07 2.12211e+07 3.35237 0.3 7.11408e+07 0.0121086
1.92943e+07 2.10928e+07 3.34863 0.3 7.0632e+07 0.0121196
1.93685e+07 2.09651e+07 3.34489 0.3 7.01261e+07 0.0121306
1.9443e+07 2.0838e+07 3.34116 0.3 6.96231e+07 0.0121417
1.95178e+07 2.07115e+07 3.33742 0.3 6.91229e+07 0.0121527
1.95928e+07 2.05855e+07 3.33369 0.3 6.86256e+07 0.0121639
1.96682e+07 2.04601e+07 3.32996 0.3 6.81312e+07 0.012175
1.97438e+07 2.03352e+07 3.32623 0.3 6.76396e+07 0.0121862
1.98198e+07 2.02109e+07 3.3225 0.3 6.71508e+07 0.0121975
1.9896e+07 2.00872e+07 3.31877 0.3 6.66649e+07 0.0122087
1.99725e+07 1.99641e+07 3.31504 0.3 6.61818e+07 0.01222
2.00494e+07 1.98415e+07 3.31132 0.3 6.57015e+07 0.0122314
2.01265e+07 1.97195e+07 3.30759 0.3 6.5224e+07 0.0122428
2.02039e+07 1.9598e+07 3.30387 0.3 6.47493e+07 0.0122542
2.02816e+07 1.94772e+07 3.30015 0.3 6.42775e+07 0.0122657
2.03596e+07 1.93568e+07 3.29643 0.3 6.38084e+07 0.0122772
2.04379e+07 1.92371e+07 3.29271 0.3 6.33421e+07 0.0122887
2.05165e+07 1.91179e+07 3.28899 0.3 6.28785e+07 0.0123003
2.05954e+07 1.89993e+07 3.28527 0.3 6.24177e+07 0.0123119
2.06747e+07 1.88812e+07 3.28155 0.3 6.19597e+07 0.0123236
2.07542e+07 1.87637e+07 3.27784 0.3 6.15044e+07 0.0123353
2.0834e+07 1.86468e+07 3.27413 0.3 6.10519e+07 0.012347
2.09141e+07 1.85304e+07 3.27042 0.3 6.06021e+07 0.0123588
2.09946e+07 1.84146e+07 3.2667 0.3 6.0155e+07 0.0123706
2.10753e+07 1.82993e+07 3.263 0.3 5.97106e+07 0.0123824
2.11564e+07 1.81846e+07 3.25929 0.3 5.92689e+07 0.0123943
2.12378e+07 1.80705e+07 3.25558 0.3 5.88299e+07 0.0124062
2.13195e+07 1.79569e+07 3.25188 0.3 5.83936e+07 0.0124181
2.14015e+07 1.78439e+07 3.24817 0.3 5.796e+07 0.0124301
2.14838e+07 1.77314e+07 3.24447 0.3 5.7529e+07 0.0124422
2.15664e+07 1.76195e+07 3.24077 0.3 5.71007e+07 0.0124542
2.16494e+07 1.75081e+07 3.23707 0.3 5.66751e+07 0.0124663
2.17326e+07 1.73973e+07 3.23337 0.3 5.6252e+07 0.0124785
2.18162e+07 1.72871e+07 3.22967 0.3 5.58317e+07 0.0124906
2.19001e+07 1.71774e+07 3.22598 0.3 5.54139e+07 0.0125028
2.19844e+07 1.70683e+07 3.22228 0.3 5.49987e+07 0.0125151
2.20689e+07 1.69597e+07 3.21859 0.3 5.45862e+07 0.0125274
2.21538e+07 1.68516e+07 3.2149 0.3 5.41762e+07 0.0125397
2.2239e+07 1.67441e+07 3.21121 0.3 5.37688e+07 0.012552
2.23246e+07 1.66372e+07 3.20752 0.3 5.3364e+07 0.0125644
2.24104e+07 1.65308e+07 3.20383 0.3 5.29618e+07 0.0125768
2.24966e+07 1.64249e+07 3.20014 0.3 5.25621e+07 0.0125893
2.25832e+07 1.63196e+07 3.19646 0.3 5.21649e+07 0.0126018
2.267e+07 1.62148e+07 3.19278 0.3 5.17703e+07 0.0126143
2.27572e+07 1.61106e+07 3.18909 0.3 5.13782e+07 0.0126269
2.28447e+07 1.60069e+07 3.18541 0.3 5.09886e+07 0.0126395
2.29326e+07 1.59038e+07 3.18173 0.3 5.06016e+07 0.0126521
2.30208e+07 1.58012e+07 3.17806 0.3 5.0217e+07 0.0126648
2.31094e+07 1.56991e+07 3.17438 0.3 4.98349e+07 0.0126775
2.31982e+07 1.55975e+07 3.17071 0.3 4.94553e+07 0.0126903
2.32875e+07 1.54965e+07 3.16703 0.3 4.90781e+07 0.012703
2.3377e+07 1.53961e+07 3.16336 0.3 4.87034e+07 0.0127159
2.3467e+07 1.52961e+07 3.15969 0.3 4.83311e+07 0.0127287
2.35572e+07 1.51967e+07 3.15602 0.3 4.79613e+07 0.0127416
2.36478e+07 1.50979e+07 3.15236 0.3 4.75939e+07 0.0127545
2.37388e+07 1.49995e+07 3.14869 0.3 4.72289e+07 0.0127674
2.38301e+07 1.49017e+07 3.14503 0.3 4.68663e+07 0.0127804
2.39217e+07 1.48044e+07 3.14136 0.3 4.6506e+07 0.0127934
2.40138e+07 1.47076e+07 3.1377 0.3 4.61482e+07 0.0128065
2.41061e+07 1.46114e+07 3.13404 0.3 4.57927e+07 0.0128196
2.41988e+07 1.45157e+07 3.13038 0.3 4.54396e+07 0.0128327
2.42919e+07 1.44205e+07 3.12673 0.3 4.50889e+07 0.0128459
2.43854e+07 1.43258e+07 3.12307 0.3 4.47405e+07 0.0128591
2.44791e+07 1.42316e+07 3.11942 0.3 4.43944e+07 0.0128723
2.45733e+07 1.4138e+07 3.11577 0.3 4.40506e+07 0.0128855
2.46678e+07 1.40448e+07 3.11211 0.3 4.37092e+07 0.0128988
2.47627e+07 1.39522e+07 3.10847 0.3 4.337e+07 0.0129121
2.48579e+07 1.38601e+07 3.10482 0.3 4.30331e+07 0.0129255
2.49536e+07 1.37685e+07 3.10117 0.3 4.26985e+07 0.0129389
2.50495e+07 1.36774e+07 3.09753 0.3 4.23662e+07 0.0129523
2.51459e+07 1.35868e+07 3.09389 0.3 4.20361e+07 0.0129658
2.52426e+07 1.34967e+07 3.09024 0.3 4.17082e+07 0.0129793
2.53397e+07 1.34072e+07 3.0866 0.3 4.13826e+07 0.0129928
2.54372e+07 1.33181e+07 3.08297 0.3 4.10592e+07 0.0130063
2.5535e+07 1.32295e+07 3.07933 0.3 4.0738e+07 0.0130199
2.56332e+07 1.31414e+07 3.0757 0.3 4.0419e+07 0.0130335
2.57318e+07 1.30538e+07 3.07206 0.3 4.01022e+07 0.0130472
2.58308e+07 1.29668e+07 3.06843 0.3 3.97876e+07 0.0130609
2.59301e+07 1.28802e+07 3.0648 0.3 3.94752e+07 0.0130746
2.60299e+07 1.27941e+07 3.06117 0.3 3.91649e+07 0.0130884
2.613e+07 1.27085e+07 3.05755 0.3 3.88567e+07 0.0131021
2.62305e+07 1.26233e+07 3.05392 0.3 3.85507e+07 0.0131159
2.63314e+07 1.25387e+07 3.0503 0.3 3.82468e+07 0.0131298
2.64327e+07 1.24546e+07 3.04668 0.3 3.7945e+07 0.0131437
2.65343e+07 1.23709e+07 3.04306 0.3 3.76454e+07 0.0131576
2.66364e+07 1.22877e+07 3.03944 0.3 3.73478e+07 0.0131715
2.67388e+07 1.2205e+07 3.03582 0.3 3.70523e+07 0.0131855
2.68417e+07 1.21228e+07 3.03221 0.3 3.67588e+07 0.0131995
2.69449e+07 1.20411e+07 3.02859 0.3 3.64675e+07 0.0132135
2.70486e+07 1.19598e+07 3.02498 0.3 3.61781e+07 0.0132276
2.71526e+07 1.1879e+07 3.02137 0.3 3.58908e+07 0.0132417
2.7257e+07 1.17987e+07 3.01776 0.3 3.56056e+07 0.0132558
2.73619e+07 1.17188e+07 3.01416 0.3 3.53223e+07 0.01327
2.74671e+07 1.16394e+07 3.01055 0.3 3.50411e+07 0.0132842
2.75728e+07 1.15605e+07 3.00695 0.3 3.47619e+07 0.0132984
2.76788e+07 1.14821e+07 3.00335 0.3 3.44846e+07 0.0133127
2.77853e+07 1.14041e+07 2.99975 0.3 3.42093e+07 0.013327
2.78921e+07 1.13265e+07 2.99615 0.3 3.3936e+07 0.0133413
2.79994e+07 1.12495e+07 2.99255 0.3 3.36646e+07 0.0133556
2.81071e+07 1.11728e+07 2.98896 0.3 3.33952e+07 0.01337
2.82152e+07 1.10967e+07 2.98537 0.3 3.31277e+07 0.0133844
2.83237e+07 1.1021e+07 2.98177 0.3 3.28621e+07 0.0133989
2.84327e+07 1.09457e+07 2.97819 0.3 3.25984e+07 0.0134133
2.8542e+07 1.08709e+07 2.9746 0.3 3.23366e+07 0.0134278
2.86518e+07 1.07966e+07 2.97101 0.3 3.20767e+07 0.0134424
2.8762e+07 1.07227e+07 2.96743 0.3 3.18187e+07 0.0134569
2.88727e+07 1.06492e+07 2.96385 0.3 3.15626e+07 0.0134715
2.89837e+07 1.05762e+07 2.96027 0.3 3.13083e+07 0.0134861
2.90952e+07 1.05036e+07 2.95669 0.3 3.10559e+07 0.0135008
2.92071e+07 1.04315e+07 2.95311 0.3 3.08053e+07 0.0135155
2.93194e+07 1.03598e+07 2.94953 0.3 3.05565e+07 0.0135302
2.94322e+07 1.02885e+07 2.94596 0.3 3.03095e+07 0.0135449
2.95454e+07 1.02177e+07 2.94239 0.3 3.00643e+07 0.0135597
2.96591e+07 1.01473e+07 2.93882 0.3 2.9821e+07 0.0135745
2.97731e+07 1.00773e+07 2.93525 0.3 2.95794e+07 0.0135893
2.98877e+07 1.00077e+07 2.93169 0.3 2.93395e+07 0.0136042
3.00026e+07 9.93862e+06 2.92812 0.3 2.91015e+07 0.0136191
3.0118e+07 9.86992e+06 2.92456 0.3 2.88652e+07 0.013634
3.02339e+07 9.80165e+06 2.921 0.3 2.86306e+07 0.0136489
3.03501e+07 9.7338e+06 2.91744 0.3 2.83978e+07 0.0136639
3.04669e+07 9.66636e+06 2.91388 0.3 2.81667e+07 0.0136789
3.05841e+07 9.59935e+06 2.91033 0.3 2.79373e+07 0.0136939
3.07017e+07 9.53274e+06 2.90678 0.3 2.77096e+07 0.013709
3.08198e+07 9.46656e+06 2.90322 0.3 2.74835e+07 0.0137241
3.09383e+07 9.40078e+06 2.89968 0.3 2.72592e+07 0.0137392
3.10573e+07 9.33541e+06 2.89613 0.3 2.70365e+07 0.0137543
3.11768e+07 9.27045e+06 2.89258 0.3 2.68155e+07 0.0137695
3.12967e+07 9.20589e+06 2.88904 0.3 2.65962e+07 0.0137847
3.14171e+07 9.14173e+06 2.8855 0.3 2.63784e+07 0.0138
3.15379e+07 9.07798e+06 2.88196 0.3 2.61624e+07 0.0138152
3.16592e+07 9.01463e+06 2.87842 0.3 2.59479e+07 0.0138305
3.1781e+07 8.95168e+06 2.87488 0.3 2.5735e+07 0.0138458
3.19032e+07 8.88912e+06 2.87135 0.3 2.55238e+07 0.0138612
3.20259e+07 8.82695e+06 2.86782 0.3 2.53141e+07 0.0138765
3.21491e+07 8.76518e+06 2.86429 0.3 2.5106e+07 0.0138919
3.22728e+07 8.7038e+06 2.86076 0.3 2.48995e+07 0.0139074
3.23969e+07 8.6428e+06 2.85723 0.3 2.46945e+07 0.0139228
3.25215e+07 8.5822e+06 2.85371 0.3 2.44911e+07 0.0139383
3.26466e+07 8.52197e+06 2.85018 0.3 2.42892e+07 0.0139538
3.27722e+07 8.46213e+06 2.84666 0.3 2.40888e+07 0.0139693
3.28982e+07 8.40267e+06 2.84314 0.3 2.389e+07 0.0139849
3.30248e+07 8.34359e+06 2.83963 0.3 2.36927e+07 0.0140005
3.31518e+07 8.28489e+06 2.83611 0.3 2.34969e+07 0.0140161
3.32793e+07 8.22656e+06 2.8326 0.3 2.33025e+07 0.0140318
3.34073e+07 8.1686e+06 2.82909 0.3 2.31097e+07 0.0140474
3.35358e+07 8.11102e+06 2.82558 0.3 2.29183e+07 0.0140631
3.36648e+07 8.05381e+06 2.82207 0.3 2.27284e+07 0.0140789
3.37943e+07 7.99696e+06 2.81857 0.3 2.254e+07 0.0140946
3.39242e+07 7.94048e+06 2.81506 0.3 2.2353e+07 0.0141104
3.40547e+07 7.88436e+06 2.81156 0.3 2.21674e+07 0.0141262
3.41857e+07 7.82861e+06 2.80806 0.3 2.19832e+07 0.014142
3.43172e+07 7.77321e+06 2.80457 0.3 2.18005e+07 0.0141579
3.44492e+07 7.71818e+06 2.80107 0.3 2.16192e+07 0.0141738
3.45817e+07 7.6635e+06 2.79758 0.3 2.14392e+07 0.0141897
3.47147e+07 7.60917e+06 2.79409 0.3 2.12607e+07 0.0142056
3.48482e+07 7.5552e+06 2.7906 0.3 2.10835e+07 0.0142216
3.49823e+07 7.50158e+06 2.78711 0.3 2.09077e+07 0.0142376
3.51168e+07 7.4483e+06 2.78363 0.3 2.07333e+07 0.0142536
3.52519e+07 7.39538e+06 2.78014 0.3 2.05602e+07 0.0142697
3.53875e+07 7.3428e+06 2.77666 0.3 2.03885e+07 0.0142857
3.55236e+07 7.29056e+06 2.77318 0.3 2.02181e+07 0.0143018
3.56602e+07 7.23867e+06 2.76971 0.3 2.0049e+07 0.014318
3.57974e+07 7.18712e+06 2.76623 0.3 1.98812e+07 0.0143341
3.59351e+07 7.1359e+06 2.76276 0.3 1.97148e+07 0.0143503
3.60733e+07 7.08502e+06 2.75929 0.3 1.95496e+07 0.0143665
3.6212e+07 7.03448e+06 2.75582 0.3 1.93858e+07 0.0143827
3.63513e+07 6.98426e+06 2.75235 0.3 1.92232e+07 0.014399
3.64911e+07 6.93438e+06 2.74889 0.3 1.90619e+07 0.0144152
3.66315e+07 6.88483e+06 2.74543 0.3 1.89018e+07 0.0144315
3.67724e+07 6.83561e+06 2.74197 0.3 1.8743e+07 0.0144479
3.69138e+07 6.78671e+06 2.73851 0.3 1.85855e+07 0.0144642
3.70558e+07 6.73813e+06 2.73505 0.3 1.84291e+07 0.0144806
3.71983e+07 6.68988e+06 2.7316 0.3 1.82741e+07 0.014497
3.73414e+07 6.64194e+06 2.72815 0.3 1.81202e+07 0.0145134
3.7485e+07 6.59433e+06 2.7247 0.3 1.79676e+07 0.0145299
3.76292e+07 6.54703e+06 2.72125 0.3 1.78161e+07 0.0145463
3.77739e+07 6.50005e+06 2.7178 0.3 1.76659e+07 0.0145628
3.79192e+07 6.45338e+06 2.71436 0.3 1.75168e+07 0.0145794
3.80651e+07 6.40702e+06 2.71092 0.3 1.73689e+07 0.0145959
3.82115e+07 6.36097e+06 2.70748 0.3 1.72222e+07 0.0146125
3.83585e+07 6.31523e+06 2.70404 0.3 1.70767e+07 0.0146291
3.8506e+07 6.26979e+06 2.70061 0.3 1.69323e+07 0.0146457
3.86541e+07 6.22466e+06 2.69718 0.3 1.6789e+07 0.0146624
3.88028e+07 6.17984e+06 2.69375 0.3 1.66469e+07 0.014679
3.8952e+07 6.13531e+06 2.69032 0.3 1.65059e+07 0.0146957
3.91019e+07 6.09108e+06 2.68689 0.3 1.63661e+07 0.0147125
3.92523e+07 6.04715e+06 2.68347 0.3 1.62273e+07 0.0147292
3.94032e+07 6.00352e+06 2.68004 0.3 1.60897e+07 0.014746
3.95548e+07 5.96018e+06 2.67662 0.3 1.59532e+07 0.0147628
3.97069e+07 5.91713e+06 2.67321 0.3 1.58177e+07 0.0147796
3.98597e+07 5.87438e+06 2.66979 0.3 1.56834e+07 0.0147964
4.0013e+07 5.83191e+06 2.66638 0.3 1.55501e+07 0.0148133
4.01669e+07 5.78973e+06 2.66297 0.3 1.54179e+07 0.0148302
4.03214e+07 5.74783e+06 2.65956 0.3 1.52867e+07 0.0148471
4.04764e+07 5.70622e+06 2.65615 0.3 1.51566e+07 0.014864
4.06321e+07 5.6649e+06 2.65275 0.3 1.50275e+07 0.014881
4.07884e+07 5.62385e+06 2.64935 0.3 1.48995e+07 0.014898
4.09453e+07 5.58308e+06 2.64594 0.3 1.47725e+07 0.014915
4.11028e+07 5.54259e+06 2.64255 0.3 1.46466e+07 0.014932
4.12609e+07 5.50238e+06 2.63915 0.3 1.45216e+07 0.0149491
4.14196e+07 5.46244e+06 2.63576 0.3 1.43977e+07 0.0149661
4.15789e+07 5.42277e+06 2.63237 0.3 1.42747e+07 0.0149832
4.17388e+07 5.38337e+06 2.62898 0.3 1.41528e+07 0.0150004
4.18994e+07 5.34425e+06 2.62559 0.3 1.40318e+07 0.0150175
4.20605e+07 5.30539e+06 2.62221 0.3 1.39118e+07 0.0150347
4.22223e+07 5.26679e+06 2.61882 0.3 1.37928e+07 0.0150519
4.23847e+07 5.22847e+06 2.61544 0.3 1.36748e+07 0.0150691
4.25477e+07 5.1904e+06 2.61207 0.3 1.35577e+07 0.0150863
4.27114e+07 5.1526e+06 2.60869 0.3 1.34415e+07 0.0151036
4.28757e+07 5.11505e+06 2.60532 0.3 1.33263e+07 0.0151209
4.30406e+07 5.07777e+06 2.60195 0.3 1.32121e+07 0.0151382
4.32061e+07 5.04074e+06 2.59858 0.3 1.30987e+07 0.0151555
4.33723e+07 5.00396e+06 2.59521 0.3 1.29863e+07 0.0151729
4.35391e+07 4.96744e+06 2.59185 0.3 1.28748e+07 0.0151903
4.37066e+07 4.93117e+06 2.58848 0.3 1.27643e+07 0.0152076
4.38747e+07 4.89516e+06 2.58512 0.3 1.26546e+07 0.0152251
4.40434e+07 4.85939e+06 2.58177 0.3 1.25458e+07 0.0152425
4.42129e+07 4.82387e+06 2.57841 0.3 1.24379e+07 0.01526
4.43829e+07 4.78859e+06 2.57506 0.3 1.23309e+07 0.0152775
4.45536e+07 4.75356e+06 2.57171 0.3 1.22248e+07 0.015295
4.4725e+07 4.71877e+06 2.56836 0.3 1.21195e+07 0.0153125
4.4897e+07 4.68422e+06 2.56501 0.3 1.20151e+07 0.0153301
4.50697e+07 4.64992e+06 2.56167 0.3 1.19116e+07 0.0153476
4.5243e+07 4.61585e+06 2.55833 0.3 1.18089e+07 0.0153652
4.54171e+07 4.58202e+06 2.55499 0.3 1.1707e+07 0.0153829
4.55918e+07 4.54842e+06 2.55165 0.3 1.1606e+07 0.0154005
4.57671e+07 4.51506e+06 2.54832 0.3 1.15058e+07 0.0154182
4.59431e+07 4.48193e+06 2.54499 0.3 1.14065e+07 0.0154358
4.61199e+07 4.44903e+06 2.54166 0.3 1.13079e+07 0.0154536
4.62972e+07 4.41637e+06 2.53833 0.3 1.12102e+07 0.0154713
4.64753e+07 4.38393e+06 2.535 0.3 1.11133e+07 0.015489
4.66541e+07 4.35171e+06 2.53168 0.3 1.10172e+07 0.0155068
4.68335e+07 4.31973e+06 2.52836 0.3 1.09218e+07 0.0155246
4.70137e+07 4.28796e+06 2.52504 0.3 1.08273e+07 0.0155424
4.71945e+07 4.25642e+06 2.52173 0.3 1.07335e+07 0.0155602
4.7376e+07 4.2251e+06 2.51841 0.3 1.06406e+07 0.0155781
4.75582e+07 4.194e+06 2.5151 0.3 1.05483e+07 0.015596
4.77412e+07 4.16312e+06 2.51179 0.3 1.04569e+07 0.0156139
4.79248e+07 4.13246e+06 2.50849 0.3 1.03662e+07 0.0156318
4.81091e+07 4.10201e+06 2.50518 0.3 1.02763e+07 0.0156497
4.82942e+07 4.07177e+06 2.50188 0.3 1.01871e+07 0.0156677
4.84799e+07 4.04175e+06 2.49858 0.3 1.00986e+07 0.0156857
4.86664e+07 4.01194e+06 2.49529 0.3 1.00109e+07 0.0157037
4.88536e+07 3.98234e+06 2.49199 0.3 9.92395e+06 0.0157217
4.90415e+07 3.95295e+06 2.4887 0.3 9.8377e+06 0.0157398
4.92301e+07 3.92376e+06 2.48541 0.3 9.75216e+06 0.0157578
4.94195e+07 3.89479e+06 2.48212 0.3 9.66733e+06 0.0157759
4.96095e+07 3.86601e+06 2.47884 0.3 9.58322e+06 0.0157941
4.98004e+07 3.83744e+06 2.47555 0.3 9.4998e+06 0.0158122
4.99919e+07 3.80908e+06 2.47227 0.3 9.41708e+06 0.0158303
5.01842e+07 3.78091e+06 2.469 0.3 9.33506e+06 0.0158485
5.03772e+07 3.75294e+06 2.46572 0.3 9.25371e+06 0.0158667
5.0571e+07 3.72518e+06 2.46245 0.3 9.17305e+06 0.0158849
5.07655e+07 3.6976e+06 2.45918 0.3 9.09307e+06 0.0159031
5.09607e+07 3.67023e+06 2.45591 0.3 9.01375e+06 0.0159214
5.11568e+07 3.64305e+06 2.45264 0.3 8.9351e+06 0.0159397
5.13535e+07 3.61606e+06 2.44938 0.3 8.85711e+06 0.015958
5.1551e+07 3.58926e+06 2.44612 0.3 8.77977e+06 0.0159763
5.17493e+07 3.56266e+06 2.44286 0.3 8.70308e+06 0.0159946
5.19484e+07 3.53624e+06 2.43961 0.3 8.62704e+06 0.016013
5.21482e+07 3.51001e+06 2.43635 0.3 8.55163e+06 0.0160314
5.23487e+07 3.48397e+06 2.4331 0.3 8.47686e+06 0.0160498
5.25501e+07 3.45812e+06 2.42985 0.3 8.40272e+06 0.0160682
5.27522e+07 3.43245e+06 2.42661 0.3 8.3292e+06 0.0160866
5.29551e+07 3.40696e+06 2.42336 0.3 8.2563e+06 0.0161051
5.31588e+07 3.38166e+06 2.42012 0.3 8.18402e+06 0.0161236
5.33633e+07 3.35653e+06 2.41688 0.3 8.11234e+06 0.016142
5.35685e+07 3.33159e+06 2.41365 0.3 8.04127e+06 0.0161606
5.37746e+07 3.30682e+06 2.41041 0.3 7.9708e+06 0.0161791
5.39814e+07 3.28223e+06 2.40718 0.3 7.90093e+06 0.0161977
5.4189e+07 3.25782e+06 2.40395 0.3 7.83164e+06 0.0162162
5.43974e+07 3.23358e+06 2.40073 0.3 7.76294e+06 0.0162348
5.46067e+07 3.20952e+06 2.3975 0.3 7.69483e+06 0.0162535
5.48167e+07 3.18563e+06 2.39428 0.3 7.62728e+06 0.0162721
5.50276e+07 3.16191e+06 2.39106 0.3 7.56031e+06 0.0162907
5.52392e+07 3.13836e+06 2.38784 0.3 7.49391e+06 0.0163094
5.54517e+07 3.11498e+06 2.38463 0.3 7.42807e+06 0.0163281
5.5665e+07 3.09177e+06 2.38142 0.3 7.36279e+06 0.0163468
5.58791e+07 3.06872e+06 2.37821 0.3 7.29807e+06 0.0163656
5.6094e+07 3.04584e+06 2.375 0.3 7.23389e+06 0.0163843
5.63097e+07 3.02313e+06 2.3718 0.3 7.17025e+06 0.0164031
5.65263e+07 3.00058e+06 2.3686 0.3 7.10716e+06 0.0164219
5.67437e+07 2.97819e+06 2.3654 0.3 7.04461e+06 0.0164407
5.6962e+07 2.95596e+06 2.3622 0.3 6.98258e+06 0.0164595
5.71811e+07 2.9339e+06 2.35901 0.3 6.92109e+06 0.0164784
5.7401e+07 2.91199e+06 2.35582 0.3 6.86012e+06 0.0164972
5.76218e+07 2.89024e+06 2.35263 0.3 6.79966e+06 0.0165161
5.78434e+07 2.86865e+06 2.34944 0.3 6.73973e+06 0.016535
5.80659e+07 2.84722e+06 2.34626 0.3 6.6803e+06 0.016554
5.82893e+07 2.82594e+06 2.34307 0.3 6.62138e+06 0.0165729
5.85135e+07 2.80481e+06 2.3399 0.3 6.56296e+06 0.0165919
5.87385e+07 2.78384e+06 2.33672 0.3 6.50504e+06 0.0166109
5.89644e+07 2.76301e+06 2.33355 0.3 6.44762e+06 0.0166299
5.91912e+07 2.74234e+06 2.33037 0.3 6.39069e+06 0.0166489
5.94189e+07 2.72182e+06 2.32721 0.3 6.33424e+06 0.0166679
5.96474e+07 2.70145e+06 2.32404 0.3 6.27828e+06 0.016687
5.98769e+07 2.68123e+06 2.32088 0.3 6.22279e+06 0.0167061
6.01072e+07 2.66115e+06 2.31771 0.3 6.16778e+06 0.0167252
6.03384e+07 2.64122e+06 2.31456 0.3 6.11324e+06 0.0167443
6.05704e+07 2.62143e+06 2.3114 0.3 6.05917e+06 0.0167634
6.08034e+07 2.60179e+06 2.30825 0.3 6.00557e+06 0.0167826
6.10373e+07 2.58229e+06 2.3051 0.3 5.95242e+06 0.0168017
6.12721e+07 2.56293e+06 2.30195 0.3 5.89973e+06 0.0168209
6.15077e+07 2.54371e+06 2.2988 0.3 5.84749e+06 0.0168401
6.17443e+07 2.52463e+06 2.29566 0.3 5.79569e+06 0.0168594
6.19818e+07 2.50569e+06 2.29252 0.3 5.74435e+06 0.0168786
6.22202e+07 2.48689e+06 2.28938 0.3 5.69344e+06 0.0168979
6.24595e+07 2.46823e+06 2.28624 0.3 5.64298e+06 0.0169172
6.26997e+07 2.4497e+06 2.28311 0.3 5.59294e+06 0.0169365
6.29409e+07 2.43131e+06 2.27998 0.3 5.54334e+06 0.0169558
6.3183e+07 2.41305e+06 2.27685 0.3 5.49416e+06 0.0169751
6.3426e+07 2.39493e+06 2.27373 0.3 5.44541e+06 0.0169945
6.367e+07 2.37694e+06 2.2706 0.3 5.39708e+06 0.0170138
6.39149e+07 2.35907e+06 2.26748 0.3 5.34916e+06 0.0170332
6.41607e+07 2.34134e+06 2.26437 0.3 5.30166e+06 0.0170526
6.44075e+07 2.32374e+06 2.26125 0.3 5.25457e+06 0.0170721
6.46552e+07 2.30627e+06 2.25814 0.3 5.20788e+06 0.0170915
6.49039e+07 2.28893e+06 2.25503 0.3 5.1616e+06 0.017111
6.51535e+07 2.27171e+06 2.25192 0.3 5.11571e+06 0.0171305
6.54041e+07 2.25462e+06 2.24882 0.3 5.07023e+06 0.01715
6.56557e+07 2.23765e+06 2.24572 0.3 5.02513e+06 0.0171695
6.59082e+07 2.22081e+06 2.24262 0.3 4.98043e+06 0.017189
6.61617e+07 2.20409e+06 2.23952 0.3 4.93611e+06 0.0172086
6.64162e+07 2.1875e+06 2.23643 0.3 4.89218e+06 0.0172282
6.66717e+07 2.17102e+06 2.23334 0.3 4.84862e+06 0.0172478
6.69281e+07 2.15467e+06 2.23025 0.3 4.80545e+06 0.0172674
6.71855e+07 2.13844e+06 2.22716 0.3 4.76264e+06 0.017287
6.74439e+07 2.12232e+06 2.22408 0.3 4.72021e+06 0.0173066
6.77034e+07 2.10633e+06 2.221 0.3 4.67815e+06 0.0173263
6.79638e+07 2.09045e+06 2.21792 0.3 4.63645e+06 0.017346
6.82252e+07 2.07469e+06 2.21484 0.3 4.59511e+06 0.0173657
6.84876e+07 2.05905e+06 2.21177 0.3 4.55413e+06 0.0173854
6.8751e+07 2.04352e+06 2.2087 0.3 4.51351e+06 0.0174051
6.90154e+07 2.0281e+06 2.20563 0.3 4.47324e+06 0.0174249
6.92809e+07 2.0128e+06 2.20257 0.3 4.43332e+06 0.0174447
6.95474e+07 1.99761e+06 2.1995 0.3 4.39375e+06 0.0174644
6.98149e+07 1.98253e+06 2.19644 0.3 4.35452e+06 0.0174842
7.00834e+07 1.96756e+06 2.19339 0.3 4.31563e+06 0.0175041
7.0353e+07 1.95271e+06 2.19033 0.3 4.27708e+06 0.0175239
7.06236e+07 1.93796e+06 2.18728 0.3 4.23887e+06 0.0175438
7.08952e+07 1.92332e+06 2.18423 0.3 4.20099e+06 0.0175636
7.11679e+07 1.90879e+06 2.18118 0.3 4.16343e+06 0.0175835
7.14416e+07 1.89437e+06 2.17814 0.3 4.12621e+06 0.0176034
7.17164e+07 1.88006e+06 2.1751 0.3 4.08931e+06 0.0176234
7.19923e+07 1.86585e+06 2.17206 0.3 4.05273e+06 0.0176433
7.22692e+07 1.85174e+06 2.16903 0.3 4.01647e+06 0.0176633
7.25471e+07 1.83774e+06 2.16599 0.3 3.98053e+06 0.0176833
7.28262e+07 1.82384e+06 2.16296 0.3 3.9449e+06 0.0177033
7.31063e+07 1.81005e+06 2.15993 0.3 3.90958e+06 0.0177233
7.33875e+07 1.79635e+06 2.15691 0.3 3.87457e+06 0.0177433
7.36697e+07 1.78276e+06 2.15389 0.3 3.83987e+06 0.0177633
7.39531e+07 1.76927e+06 2.15087 0.3 3.80547e+06 0.0177834
7.42375e+07 1.75588e+06 2.14785 0.3 3.77137e+06 0.0178035
7.45231e+07 1.74259e+06 2.14483 0.3 3.73757e+06 0.0178236
7.48097e+07 1.7294e+06 2.14182 0.3 3.70406e+06 0.0178437
7.50975e+07 1.7163e+06 2.13881 0.3 3.67085e+06 0.0178639
7.53863e+07 1.7033e+06 2.13581 0.3 3.63793e+06 0.017884
7.56763e+07 1.6904e+06 2.1328 0.3 3.60529e+06 0.0179042
7.59673e+07 1.67759e+06 2.1298 0.3 3.57294e+06 0.0179244
7.62595e+07 1.66488e+06 2.1268 0.3 3.54088e+06 0.0179446
7.65528e+07 1.65227e+06 2.12381 0.3 3.5091e+06 0.0179648
7.68473e+07 1.63974e+06 2.12082 0.3 3.47759e+06 0.017985
7.71429e+07 1.62731e+06 2.11782 0.3 3.44636e+06 0.0180053
7.74396e+07 1.61497e+06 2.11484 0.3 3.41541e+06 0.0180255
7.77374e+07 1.60273e+06 2.11185 0.3 3.38472e+06 0.0180458
7.80364e+07 1.59057e+06 2.10887 0.3 3.35431e+06 0.0180661
7.83366e+07 1.57851e+06 2.10589 0.3 3.32416e+06 0.0180865
7.86379e+07 1.56653e+06 2.10291 0.3 3.29428e+06 0.0181068
7.89404e+07 1.55464e+06 2.09994 0.3 3.26466e+06 0.0181272
7.9244e+07 1.54285e+06 2.09697 0.3 3.2353e+06 0.0181475
7.95488e+07 1.53114e+06 2.094 0.3 3.2062e+06 0.0181679
7.98548e+07 1.51951e+06 2.09103 0.3 3.17736e+06 0.0181883
8.01619e+07 1.50798e+06 2.08807 0.3 3.14876e+06 0.0182088
8.04702e+07 1.49653e+06 2.08511 0.3 3.12042e+06 0.0182292
8.07797e+07 1.48516e+06 2.08215 0.3 3.09233e+06 0.0182497
8.10904e+07 1.47388e+06 2.0792 0.3 3.06449e+06 0.0182701
8.14023e+07 1.46268e+06 2.07625 0.3 3.03689e+06 0.0182906
8.17154e+07 1.45157e+06 2.0733 0.3 3.00954e+06 0.0183111
8.20297e+07 1.44054e+06 2.07035 0.3 2.98242e+06 0.0183317
8.23452e+07 1.42959e+06 2.0674 0.3 2.95555e+06 0.0183522
8.2662e+07 1.41873e+06 2.06446 0.3 2.92891e+06 0.0183728
8.29799e+07 1.40794e+06 2.06152 0.3 2.90251e+06 0.0183933
8.32991e+07 1.39724e+06 2.05859 0.3 2.87634e+06 0.0184139
8.36195e+07 1.38661e+06 2.05566 0.3 2.8504e+06 0.0184345
8.39411e+07 1.37607e+06 2.05272 0.3 2.82469e+06 0.0184552
8.4264e+07 1.3656e+06 2.0498 0.3 2.7992e+06 0.0184758
8.45881e+07 1.35521e+06 2.04687 0.3 2.77394e+06 0.0184964
8.49134e+07 1.3449e+06 2.04395 0.3 2.74891e+06 0.0185171
8.524e+07 1.33467e+06 2.04103 0.3 2.72409e+06 0.0185378
8.55679e+07 1.32451e+06 2.03811 0.3 2.6995e+06 0.0185585
8.5897e+07 1.31443e+06 2.0352 0.3 2.67512e+06 0.0185792
8.62274e+07 1.30442e+06 2.03229 0.3 2.65096e+06 0.0186
8.6559e+07 1.29449e+06 2.02938 0.3 2.62701e+06 0.0186207
8.6892e+07 1.28463e+06 2.02647 0.3 2.60327e+06 0.0186415
8.72262e+07 1.27485e+06 2.02357 0.3 2.57975e+06 0.0186623
8.75617e+07 1.26514e+06 2.02067 0.3 2.55643e+06 0.0186831
8.78985e+07 1.2555e+06 2.01777 0.3 2.53332e+06 0.0187039
8.82366e+07 1.24594e+06 2.01488 0.3 2.51041e+06 0.0187248
8.85759e+07 1.23644e+06 2.01199 0.3 2.48771e+06 0.0187456
8.89166e+07 1.22702e+06 2.0091 0.3 2.4652e+06 0.0187665
8.92586e+07 1.21767e+06 2.00621 0.3 2.4429e+06 0.0187874
8.96019e+07 1.20839e+06 2.00333 0.3 2.4208e+06 0.0188083
8.99466e+07 1.19918e+06 2.00045 0.3 2.39889e+06 0.0188292
9.02925e+07 1.19003e+06 1.99757 0.3 2.37717e+06 0.0188502
9.06398e+07 1.18096e+06 1.99469 0.3 2.35565e+06 0.0188711
9.09885e+07 1.17195e+06 1.99182 0.3 2.33432e+06 0.0188921
9.13384e+07 1.16301e+06 1.98895 0.3 2.31317e+06 0.0189131
9.16897e+07 1.15414e+06 1.98608 0.3 2.29222e+06 0.0189341
9.20424e+07 1.14534e+06 1.98322 0.3 2.27145e+06 0.0189551
9.23964e+07 1.1366e+06 1.98036 0.3 2.25087e+06 0.0189761
9.27518e+07 1.12792e+06 1.9775 0.3 2.23047e+06 0.0189972
9.31086e+07 1.11932e+06 1.97464 0.3 2.21025e+06 0.0190183
9.34667e+07 1.11077e+06 1.97179 0.3 2.19021e+06 0.0190393
9.38262e+07 1.10229e+06 1.96894 0.3 2.17034e+06 0.0190604
9.41871e+07 1.09388e+06 1.96609 0.3 2.15066e+06 0.0190816
9.45494e+07 1.08552e+06 1.96324 0.3 2.13115e+06 0.0191027
9.4913e+07 1.07723e+06 1.9604 0.3 2.11181e+06 0.0191238
9.52781e+07 1.06901e+06 1.95756 0.3 2.09265e+06 0.019145
9.56445e+07 1.06084e+06 1.95473 0.3 2.07365e+06 0.0191662
9.60124e+07 1.05274e+06 1.95189 0.3 2.05483e+06 0.0191874
9.63817e+07 1.04469e+06 1.94906 0.3 2.03617e+06 0.0192086
9.67524e+07 1.03671e+06 1.94623 0.3 2.01768e+06 0.0192298
9.71246e+07 1.02879e+06 1.94341 0.3 1.99935e+06 0.0192511
9.74981e+07 1.02093e+06 1.94058 0.3 1.98119e+06 0.0192723
9.78731e+07 1.01312e+06 1.93776 0.3 1.96319e+06 0.0192936
9.82496e+07 1.00538e+06 1.93495 0.3 1.94535e+06 0.0193149
9.86275e+07 997690 1.93213 0.3 1.92767e+06 0.0193362
9.90068e+07 990061 1.92932 0.3 1.91015e+06 0.0193576
9.93877e+07 982489 1.92651 0.3 1.89278e+06 0.0193789
9.97699e+07 974975 1.92371 0.3 1.87557e+06 0.0194003
1.00154e+08 967517 1.9209 0.3 1.85851e+06 0.0194216
1.00539e+08 960116 1.9181 0.3 1.8416e+06 0.019443
1.00926e+08 952770 1.91531 0.3 1.82485e+06 0.0194644
1.01314e+08 945480 1.91251 0.3 1.80824e+06 0.0194859
1.01703e+08 938245 1.90972 0.3 1.79178e+06 0.0195073
1.02095e+08 931064 1.90693 0.3 1.77547e+06 0.0195288
1.02487e+08 923937 1.90414 0.3 1.75931e+06 0.0195502
1.02882e+08 916864 1.90136 0.3 1.74329e+06 0.0195717
1.03277e+08 909845 1.89858 0.3 1.72741e+06 0.0195932
1.03674e+08 902878 1.8958 0.3 1.71168e+06 0.0196148
1.04073e+08 895965 1.89303 0.3 1.69608e+06 0.0196363
1.04474e+08 889103 1.89025 0.3 1.68063e+06 0.0196579
1.04875e+08 882293 1.88748 0.3 1.66531e+06 0.0196794
1.05279e+08 875535 1.88472 0.3 1.65013e+06 0.019701
1.05684e+08 868827 1.88195 0.3 1.63509e+06 0.0197226
1.0609e+08 862170 1.87919 0.3 1.62018e+06 0.0197442
1.06498e+08 855564 1.87643 0.3 1.60541e+06 0.0197659
1.06908e+08 849007 1.87368 0.3 1.59077e+06 0.0197875
1.07319e+08 842500 1.87093 0.3 1.57626e+06 0.0198092
1.07732e+08 836043 1.86818 0.3 1.56187e+06 0.0198309
1.08146e+08 829634 1.86543 0.3 1.54762e+06 0.0198526
1.08562e+08 823273 1.86268 0.3 1.5335e+06 0.0198743
1.0898e+08 816961 1.85994 0.3 1.5195e+06 0.019896
1.09399e+08 810696 1.8572 0.3 1.50563e+06 0.0199177
1.0982e+08 804479 1.85447 0.3 1.49188e+06 0.0199395
1.10242e+08 798308 1.85174 0.3 1.47826e+06 0.0199613
1.10666e+08 792185 1.849 0.3 1.46475e+06 0.0199831
1.11092e+08 786108 1.84628 0.3 1.45137e+06 0.0200049
1.11519e+08 780077 1.84355 0.3 1.43811e+06 0.0200267
1.11948e+08 774091 1.84083 0.3 1.42497e+06 0.0200486
1.12379e+08 768151 1.83811 0.3 1.41195e+06 0.0200704
1.12811e+08 762256 1.8354 0.3 1.39904e+06 0.0200923
1.13245e+08 756405 1.83268 0.3 1.38625e+06 0.0201142
1.1368e+08 750599 1.82997 0.3 1.37357e+06 0.0201361
1.14118e+08 744836 1.82726 0.3 1.36101e+06 0.020158
1.14556e+08 739118 1.82456 0.3 1.34856e+06 0.02018
1.14997e+08 733442 1.82186 0.3 1.33623e+06 0.0202019
1.15439e+08 727810 1.81916 0.3 1.324e+06 0.0202239
1.15883e+08 722220 1.81646 0.3 1.31189e+06 0.0202459
1.16329e+08 716673 1.81377 0.3 1.29988e+06 0.0202679
1.16777e+08 711168 1.81108 0.3 1.28798e+06 0.0202899
1.17226e+08 705705 1.80839 0.3 1.27619e+06 0.0203119
1.17677e+08 700283 1.8057 0.3 1.2645e+06 0.020334
1.18129e+08 694902 1.80302 0.3 1.25292e+06 0.020356
1.18584e+08 689562 1.80034 0.3 1.24145e+06 0.0203781
1.1904e+08 684262 1.79767 0.3 1.23008e+06 0.0204002
1.19498e+08 679003 1.79499 0.3 1.21881e+06 0.0204223
1.19957e+08 673783 1.79232 0.3 1.20764e+06 0.0204445
1.20419e+08 668604 1.78965 0.3 1.19657e+06 0.0204666
1.20882e+08 663463 1.78699 0.3 1.1856e+06 0.0204888
1.21347e+08 658362 1.78433 0.3 1.17473e+06 0.020511
1.21813e+08 653299 1.78167 0.3 1.16396e+06 0.0205332
1.22282e+08 648275 1.77901 0.3 1.15329e+06 0.0205554
1.22752e+08 643289 1.77636 0.3 1.14271e+06 0.0205776
1.23224e+08 638340 1.7737 0.3 1.13223e+06 0.0205998
1.23698e+08 633430 1.77106 0.3 1.12184e+06 0.0206221
1.24174e+08 628556 1.76841 0.3 1.11155e+06 0.0206444
1.24652e+08 623720 1.76577 0.3 1.10134e+06 0.0206667
1.25131e+08 618920 1.76313 0.3 1.09124e+06 0.020689
1.25613e+08 614157 1.76049 0.3 1.08122e+06 0.0207113
1.26096e+08 609430 1.75786 0.3 1.07129e+06 0.0207336
1.26581e+08 604740 1.75523 0.3 1.06145e+06 0.020756
1.27068e+08 600084 1.7526 0.3 1.05171e+06 0.0207784
1.27556e+08 595464 1.74997 0.3 1.04205e+06 0.0208008
1.28047e+08 590880 1.74735 0.3 1.03247e+06 0.0208232
1.28539e+08 586330 1.74473 0.3 1.02299e+06 0.0208456
1.29034e+08 581814 1.74211 0.3 1.01359e+06 0.020868
1.2953e+08 577334 1.7395 0.3 1.00427e+06 0.0208905
1.30028e+08 572887 1.73689 0.3 995039 0.0209129
1.30528e+08 568474 1.73428 0.3 985891 0.0209354
1.31031e+08 564094 1.73167 0.3 976826 0.0209579
1.31535e+08 559748 1.72907 0.3 967843 0.0209804
1.3204e+08 555435 1.72647 0.3 958941 0.021003
1.32548e+08 551155 1.72387 0.3 950120 0.0210255
1.33058e+08 546908 1.72128 0.3 941379 0.0210481
1.3357e+08 542692 1.71869 0.3 932717 0.0210707
1.34084e+08 538509 1.7161 0.3 924134 0.0210933
1.34599e+08 534358 1.71351 0.3 915628 0.0211159
1.35117e+08 530238 1.71093 0.3 907199 0.0211385
1.35637e+08 526150 1.70835 0.3 898847 0.0211612
1.36158e+08 522093 1.70577 0.3 890570 0.0211838
1.36682e+08 518067 1.70319 0.3 882368 0.0212065
1.37208e+08 514071 1.70062 0.3 874241 0.0212292
1.37736e+08 510106 1.69805 0.3 866188 0.0212519
1.38265e+08 506171 1.69549 0.3 858207 0.0212746
1.38797e+08 502266 1.69292 0.3 850299 0.0212974
1.39331e+08 498391 1.69036 0.3 842463 0.0213201
1.39867e+08 494546 1.68781 0.3 834698 0.0213429
1.40405e+08 490730 1.68525 0.3 827003 0.0213657
1.40945e+08 486942 1.6827 0.3 819378 0.0213885
1.41487e+08 483184 1.68015 0.3 811822 0.0214113
1.42031e+08 479455 1.6776 0.3 804335 0.0214342
1.42578e+08 475754 1.67506 0.3 796916 0.021457
1.43126e+08 472081 1.67252 0.3 789565 0.0214799
1.43677e+08 468436 1.66998 0.3 782280 0.0215028
1.44229e+08 464819 1.66745 0.3 775061 0.0215257
1.44784e+08 461229 1.66492 0.3 767908 0.0215486
1.45341e+08 457667 1.66239 0.3 760820 0.0215716
1.459e+08 454132 1.65986 0.3 753796 0.0215945
1.46461e+08 450625 1.65734 0.3 746837 0.0216175
1.47024e+08 447143 1.65482 0.3 739940 0.0216405
1.4759e+08 443689 1.6523 0.3 733106 0.0216635
1.48157e+08 440261 1.64978 0.3 726335 0.0216865
1.48727e+08 436859 1.64727 0.3 719625 0.0217096
1.49299e+08 433483 1.64476 0.3 712976 0.0217326
1.49874e+08 430133 1.64225 0.3 706387 0.0217557
1.5045e+08 426808 1.63975 0.3 699859 0.0217788
1.51029e+08 423509 1.63725 0.3 693390 0.0218019
1.5161e+08 420235 1.63475 0.3 686980 0.021825
1.52193e+08 416986 1.63226 0.3 680628 0.0218481
1.52778e+08 413762 1.62976 0.3 674334 0.0218713
1.53366e+08 410562 1.62727 0.3 668098 0.0218945
1.53956e+08 407387 1.62479 0.3 661918 0.0219177
1.54548e+08 404237 1.6223 0.3 655795 0.0219409
1.55142e+08 401110 1.61982 0.3 649727 0.0219641
1.55739e+08 398007 1.61734 0.3 643715 0.0219873
1.56338e+08 394928 1.61487 0.3 637757 0.0220106
1.56939e+08 391873 1.6124 0.3 631854 0.0220338
1.57543e+08 388840 1.60993 0.3 626005 0.0220571
1.58149e+08 385832 1.60746 0.3 620209 0.0220804
1.58757e+08 382846 1.605 0.3 614466 0.0221038
1.59368e+08 379883 1.60253 0.3 608775 0.0221271
1.59981e+08 376942 1.60008 0.3 603136 0.0221505
1.60596e+08 374024 1.59762 0.3 597549 0.0221738
1.61214e+08 371129 1.59517 0.3 592013 0.0221972
1.61834e+08 368255 1.59272 0.3 586527 0.0222206
1.62456e+08 365404 1.59027 0.3 581091 0.022244
1.63081e+08 362574 1.58783 0.3 575705 0.0222675
1.63709e+08 359766 1.58539 0.3 570368 0.0222909
1.64338e+08 356980 1.58295 0.3 565080 0.0223144
1.6497e+08 354215 1.58051 0.3 559840 0.0223379
1.65605e+08 351471 1.57808 0.3 554648 0.0223614
1.66242e+08 348748 1.57565 0.3 549504 0.0223849
1.66881e+08 346046 1.57322 0.3 544406 0.0224085
1.67523e+08 343364 1.5708 0.3 539355 0.022432
1.68167e+08 340703 1.56837 0.3 534350 0.0224556
1.68814e+08 338063 1.56596 0.3 529391 0.0224792
1.69464e+08 335443 1.56354 0.3 524478 0.0225028
1.70115e+08 332842 1.56113 0.3 519609 0.0225264
1.7077e+08 330262 1.55872 0.3 514785 0.02255
1.71427e+08 327702 1.55631 0.3 510005 0.0225737
1.72086e+08 325161 1.5539 0.3 505269 0.0225974
1.72748e+08 322639 1.5515 0.3 500576 0.0226211
1.73412e+08 320137 1.5491 0.3 495926 0.0226448
1.74079e+08 317655 1.54671 0.3 491318 0.0226685
1.74749e+08 315191 1.54431 0.3 486753 0.0226923
1.75421e+08 312746 1.54192 0.3 482230 0.022716
1.76096e+08 310320 1.53953 0.3 477748 0.0227398
1.76773e+08 307912 1.53715 0.3 473307 0.0227636
1.77453e+08 305523 1.53477 0.3 468906 0.0227874
1.78135e+08 303152 1.53239 0.3 464547 0.0228112
1.78821e+08 300799 1.53001 0.3 460226 0.0228351
1.79508e+08 298465 1.52764 0.3 455946 0.0228589
1.80199e+08 296148 1.52527 0.3 451705 0.0228828
1.80892e+08 293849 1.5229 0.3 447503 0.0229067
1.81588e+08 291568 1.52053 0.3 443339 0.0229306
1.82286e+08 289304 1.51817 0.3 439213 0.0229546
1.82987e+08 287058 1.51581 0.3 435125 0.0229785
1.83691e+08 284829 1.51345 0.3 431075 0.0230025
1.84398e+08 282617 1.5111 0.3 427062 0.0230265
1.85107e+08 280421 1.50875 0.3 423086 0.0230505
1.85819e+08 278243 1.5064 0.3 419146 0.0230745
1.86534e+08 276082 1.50406 0.3 415242 0.0230985
1.87251e+08 273937 1.50171 0.3 411374 0.0231226
1.87971e+08 271808 1.49937 0.3 407542 0.0231467
1.88694e+08 269696 1.49704 0.3 403745 0.0231708
1.8942e+08 267600 1.4947 0.3 399983 0.0231949
1.90149e+08 265521 1.49237 0.3 396255 0.023219
1.9088e+08 263457 1.49004 0.3 392561 0.0232431
1.91614e+08 261409 1.48771 0.3 388902 0.0232673
1.92351e+08 259377 1.48539 0.3 385276 0.0232915
1.93091e+08 257360 1.48307 0.3 381683 0.0233157
1.93834e+08 255359 1.48075 0.3 378124 0.0233399
1.94579e+08 253373 1.47844 0.3 374597 0.0233641
1.95328e+08 251403 1.47613 0.3 371102 0.0233884
1.96079e+08 249447 1.47382 0.3 367640 0.0234127
1.96833e+08 247507 1.47151 0.3 364210 0.0234369
1.9759e+08 245582 1.46921 0.3 360811 0.0234613
1.9835e+08 243671 1.46691 0.3 357443 0.0234856
1.99113e+08 241775 1.46461 0.3 354106 0.0235099
1.99879e+08 239894 1.46231 0.3 350800 0.0235343
2.00648e+08 238027 1.46002 0.3 347525 0.0235587
2.01419e+08 236175 1.45773 0.3 344279 0.0235831
2.02194e+08 234336 1.45545 0.3 341064 0.0236075
2.02972e+08 232512 1.45316 0.3 337878 0.0236319
2.03753e+08 230702 1.45088 0.3 334721 0.0236563
2.04536e+08 228906 1.4486 0.3 331593 0.0236808
2.05323e+08 227123 1.44633 0.3 328494 0.0237053
2.06113e+08 225355 1.44405 0.3 325424 0.0237298
2.06905e+08 223600 1.44178 0.3 322382 0.0237543
2.07701e+08 221858 1.43952 0.3 319368 0.0237789
2.085e+08 220130 1.43725 0.3 316382 0.0238034
2.09302e+08 218415 1.43499 0.3 313423 0.023828
2.10107e+08 216714 1.43273 0.3 310492 0.0238526
2.10915e+08 215025 1.43047 0.3 307588 0.0238772
2.11727e+08 213349 1.42822 0.3 304710 0.0239019
2.12541e+08 211687 1.42597 0.3 301859 0.0239265
2.13358e+08 210037 1.42372 0.3 299034 0.0239512
2.14179e+08 208400 1.42148 0.3 296235 0.0239759
2.15003e+08 206775 1.41923 0.3 293463 0.0240006
2.1583e+08 205163 1.417 0.3 290715 0.0240253
2.1666e+08 203563 1.41476 0.3 287993 0.02405
2.17493e+08 201976 1.41252 0.3 285296 0.0240748
2.1833e+08 200401 1.41029 0.3 282624 0.0240996
2.1917e+08 198838 1.40807 0.3 279977 0.0241244
2.20013e+08 197287 1.40584 0.3 277354 0.0241492
2.20859e+08 195748 1.40362 0.3 274755 0.024174
2.21708e+08 194221 1.4014 0.3 272181 0.0241989
2.22561e+08 192706 1.39918 0.3 269630 0.0242238
2.23417e+08 191202 1.39696 0.3 267102 0.0242487
2.24276e+08 189710 1.39475 0.3 264598 0.0242736
2.25139e+08 188229 1.39254 0.3 262117 0.0242985
2.26005e+08 186760 1.39034 0.3 259659 0.0243235
2.26874e+08 185302 1.38813 0.3 257224 0.0243484
2.27747e+08 183856 1.38593 0.3 254812 0.0243734
2.28623e+08 182420 1.38374 0.3 252421 0.0243984
2.29502e+08 180996 1.38154 0.3 250053 0.0244235
2.30385e+08 179582 1.37935 0.3 247706 0.0244485
2.31271e+08 178180 1.37716 0.3 245381 0.0244736
2.32161e+08 176788 1.37497 0.3 243078 0.0244987
2.33054e+08 175407 1.37279 0.3 240796 0.0245238
2.3395e+08 174037 1.37061 0.3 238535 0.0245489
2.3485e+08 172677 1.36843 0.3 236295 0.0245741
2.35753e+08 171328 1.36625 0.3 234076 0.0245992
2.3666e+08 169989 1.36408 0.3 231878 0.0246244
2.3757e+08 168660 1.36191 0.3 229699 0.0246496
2.38484e+08 167342 1.35974 0.3 227541 0.0246748
2.39401e+08 166034 1.35757 0.3 225403 0.0247001
2.40322e+08 164736 1.35541 0.3 223285 0.0247253
2.41246e+08 163448 1.35325 0.3 221186 0.0247506
2.42174e+08 162169 1.3511 0.3 219106 0.0247759
2.43106e+08 160901 1.34894 0.3 217046 0.0248012
2.44041e+08 159643 1.34679 0.3 215005 0.0248266
2.44979e+08 158394 1.34464 0.3 212983 0.0248519
2.45922e+08 157155 1.3425 0.3 210980 0.0248773
2.46868e+08 155925 1.34035 0.3 208995 0.0249027
2.47817e+08 154705 1.33821 0.3 207029 0.0249281
2.4877e+08 153495 1.33607 0.3 205081 0.0249536
2.49727e+08 152294 1.33394 0.3 203150 0.024979
2.50688e+08 151102 1.33181 0.3 201238 0.0250045
2.51652e+08 149919 1.32968 0.3 199344 0.02503
2.5262e+08 148745 1.32755 0.3 197467 0.0250555
2.53592e+08 147581 1.32543 0.3 195607 0.0250811
2.54567e+08 146425 1.32331 0.3 193765 0.0251067
2.55546e+08 145278 1.32119 0.3 191940 0.0251322
2.56529e+08 144140 1.31907 0.3 190132 0.0251578
2.57516e+08 143011 1.31696 0.3 188340 0.0251835
2.58506e+08 141891 1.31485 0.3 186565 0.0252091
2.595e+08 140780 1.31274 0.3 184807 0.0252348
2.60499e+08 139676 1.31064 0.3 183065 0.0252604
2.615e+08 138582 1.30853 0.3 181339 0.0252862
2.62506e+08 137496 1.30643 0.3 179629 0.0253119
2.63516e+08 136418 1.30434 0.3 177935 0.0253376
2.6453e+08 135349 1.30224 0.3 176257 0.0253634
2.65547e+08 134288 1.30015 0.3 174595 0.0253892
2.66568e+08 133235 1.29806 0.3 172947 0.025415
2.67594e+08 132190 1.29598 0.3 171316 0.0254408
2.68623e+08 131154 1.29389 0.3 169699 0.0254667
2.69656e+08 130125 1.29181 0.3 168097 0.0254925
2.70693e+08 129104 1.28974 0.3 166510 0.0255184
2.71734e+08 128091 1.28766 0.3 164938 0.0255443
2.7278e+08 127087 1.28559 0.3 163381 0.0255703
2.73829e+08 126089 1.28352 0.3 161838 0.0255962
2.74882e+08 125100 1.28145 0.3 160309 0.0256222
2.75939e+08 124118 1.27939 0.3 158795 0.0256482
2.77001e+08 123144 1.27733 0.3 157295 0.0256742
2.78066e+08 122177 1.27527 0.3 155808 0.0257003
2.79136e+08 121218 1.27321 0.3 154336 0.0257263
2.80209e+08 120266 1.27116 0.3 152877 0.0257524
2.81287e+08 119322 1.26911 0.3 151432 0.0257785
2.82369e+08 118385 1.26706 0.3 150000 0.0258046
2.83455e+08 117455 1.26501 0.3 148582 0.0258308
2.84545e+08 116532 1.26297 0.3 147177 0.025857
2.8564e+08 115617 1.26093 0.3 145784 0.0258832
2.86738e+08 114708 1.25889 0.3 144405 0.0259094
2.87841e+08 113807 1.25686 0.3 143039 0.0259356
2.88948e+08 112912 1.25482 0.3 141685 0.0259619
2.9006e+08 112025 1.2528 0.3 140344 0.0259881
2.91175e+08 111144 1.25077 0.3 139016 0.0260144
2.92295e+08 110271 1.24874 0.3 137700 0.0260408
2.9342e+08 109404 1.24672 0.3 136396 0.0260671
2.94548e+08 108543 1.2447 0.3 135104 0.0260935
2.95681e+08 107690 1.24269 0.3 133825 0.0261199
2.96818e+08 106843 1.24067 0.3 132557 0.0261463
2.9796e+08 106002 1.23866 0.3 131301 0.0261727
2.99106e+08 105168 1.23666 0.3 130057 0.0261992
3.00257e+08 104341 1.23465 0.3 128824 0.0262256
3.01411e+08 103520 1.23265 0.3 127603 0.0262521
3.02571e+08 102705 1.23065 0.3 126393 0.0262787
3.03735e+08 101896 1.22865 0.3 125195 0.0263052
3.04903e+08 101094 1.22666 0.3 124008 0.0263318
3.06076e+08 100298 1.22466 0.3 122832 0.0263584
3.07253e+08 99508.7 1.22267 0.3 121667 0.026385
3.08435e+08 98725 1.22069 0.3 120512 0.0264116
3.09621e+08 97947.5 1.2187 0.3 119369 0.0264383
3.10812e+08 97176 1.21672 0.3 118236 0.026465
3.12007e+08 96410.4 1.21474 0.3 117114 0.0264917
3.13207e+08 95650.8 1.21277 0.3 116002 0.0265184
3.14412e+08 94897.1 1.21079 0.3 114901 0.0265451
3.15621e+08 94149.3 1.20882 0.3 113810 0.0265719
3.16835e+08 93407.2 1.20685 0.3 112729 0.0265987
3.18054e+08 92670.9 1.20489 0.3 111658 0.0266255
3.19277e+08 91940.3 1.20292 0.3 110597 0.0266524
3.20505e+08 91215.4 1.20096 0.3 109546 0.0266793
3.21738e+08 90496.1 1.19901 0.3 108505 0.0267061
3.22976e+08 89782.4 1.19705 0.3 107474 0.0267331
3.24218e+08 89074.2 1.1951 0.3 106452 0.02676
3.25465e+08 88371.5 1.19315 0.3 105440 0.026787
3.26717e+08 87674.3 1.1912 0.3 104438 0.0268139
3.27973e+08 86982.5 1.18926 0.3 103444 0.026841
3.29235e+08 86296 1.18731 0.3 102460 0.026868
3.30501e+08 85614.9 1.18537 0.3 101486 0.026895
3.31772e+08 84939.1 1.18344 0.3 100520 0.0269221
3.33049e+08 84268.5 1.1815 0.3 99563.5 0.0269492
3.3433e+08 83603.2 1.17957 0.3 98615.9 0.0269764
3.35615e+08 82943 1.17764 0.3 97677.2 0.0270035
3.36906e+08 82287.9 1.17572 0.3 96747.2 0.0270307
3.38202e+08 81637.9 1.17379 0.3 95825.9 0.0270579
3.39503e+08 80993 1.17187 0.3 94913.3 0.0270851
3.40809e+08 80353 1.16995 0.3 94009.3 0.0271124
3.4212e+08 79718.1 1.16804 0.3 93113.6 0.0271396
3.43436e+08 79088.1 1.16612 0.3 92226.4 0.0271669
3.44757e+08 78462.9 1.16421 0.3 91347.5 0.0271943
3.46083e+08 77842.7 1.1623 0.3 90476.9 0.0272216
3.47414e+08 77227.2 1.1604 0.3 89614.4 0.027249
3.4875e+08 76616.6 1.1585 0.3 88760 0.0272764
3.50091e+08 76010.7 1.1566 0.3 87913.6 0.0273038
3.51438e+08 75409.4 1.1547 0.3 87075.1 0.0273313
3.5279e+08 74812.9 1.1528 0.3 86244.5 0.0273587
3.54147e+08 74221 1.15091 0.3 85421.7 0.0273862
3.55509e+08 73633.7 1.14902 0.3 84606.6 0.0274138
3.56876e+08 73051 1.14713 0.3 83799.2 0.0274413
3.58249e+08 72472.8 1.14525 0.3 82999.3 0.0274689
3.59627e+08 71899.1 1.14337 0.3 82207 0.0274965
3.6101e+08 71329.9 1.14149 0.3 81422.1 0.0275241
3.62399e+08 70765.1 1.13961 0.3 80644.5 0.0275518
3.63792e+08 70204.7 1.13773 0.3 79874.3 0.0275794
3.65192e+08 69648.6 1.13586 0.3 79111.2 0.0276071
3.66596e+08 69096.9 1.13399 0.3 78355.4 0.0276349
3.68006e+08 68549.5 1.13213 0.3 77606.6 0.0276626
3.69422e+08 68006.3 1.13026 0.3 76864.9 0.0276904
3.70843e+08 67467.4 1.1284 0.3 76130.2 0.0277182
3.72269e+08 66932.6 1.12654 0.3 75402.3 0.027746
3.73701e+08 66402.1 1.12468 0.3 74681.3 0.0277739
3.75138e+08 65875.6 1.12283 0.3 73967.1 0.0278018
3.76581e+08 65353.3 1.12098 0.3 73259.6 0.0278297
3.7803e+08 64835 1.11913 0.3 72558.7 0.0278576
3.79484e+08 64320.7 1.11728 0.3 71864.5 0.0278856
3.80943e+08 63810.5 1.11544 0.3 71176.7 0.0279136
3.82408e+08 63304.2 1.1136 0.3 70495.5 0.0279416
3.83879e+08 62801.9 1.11176 0.3 69820.6 0.0279696
3.85356e+08 62303.5 1.10992 0.3 69152.1 0.0279977
3.86838e+08 61808.9 1.10809 0.3 68489.8 0.0280258
3.88326e+08 61318.2 1.10626 0.3 67833.9 0.0280539
3.8982e+08 60831.4 1.10443 0.3 67184 0.0280821
3.91319e+08 60348.3 1.1026 0.3 66540.3 0.0281102
3.92824e+08 59869 1.10078 0.3 65902.7 0.0281384
3.94335e+08 59393.5 1.09896 0.3 65271.1 0.0281667
3.95852e+08 58921.6 1.09714 0.3 64645.4 0.0281949
3.97374e+08 58453.4 1.09533 0.3 64025.6 0.0282232
3.98903e+08 57988.9 1.09351 0.3 63411.6 0.0282515
4.00437e+08 57528 1.0917 0.3 62803.4 0.0282799
4.01977e+08 57070.7 1.08989 0.3 62201 0.0283082
4.03523e+08 56617 1.08809 0.3 61604.2 0.0283366
4.05075e+08 56166.8 1.08628 0.3 61013.1 0.0283651
4.06633e+08 55720.1 1.08448 0.3 60427.5 0.0283935
4.08197e+08 55276.8 1.08269 0.3 59847.4 0.028422
4.09768e+08 54837.1 1.08089 0.3 59272.9 0.0284505
4.11344e+08 54400.8 1.0791 0.3 58703.7 0.028479
4.12926e+08 53967.9 1.07731 0.3 58139.9 0.0285076
4.14514e+08 53538.3 1.07552 0.3 57581.4 0.0285362
4.16108e+08 53112.1 1.07373 0.3 57028.2 0.0285648
4.17709e+08 52689.3 1.07195 0.3 56480.2 0.0285935
4.19315e+08 52269.7 1.07017 0.3 55937.4 0.0286221
4.20928e+08 51853.4 1.06839 0.3 55399.7 0.0286509
4.22547e+08 51440.4 1.06661 0.3 54867.1 0.0286796
4.24173e+08 51030.6 1.06484 0.3 54339.5 0.0287084
4.25804e+08 50624 1.06307 0.3 53816.9 0.0287371
4.27442e+08 50220.5 1.0613 0.3 53299.2 0.028766
4.29086e+08 49820.2 1.05954 0.3 52786.4 0.0287948
4.30736e+08 49423.1 1.05777 0.3 52278.5 0.0288237
4.32393e+08 49029 1.05601 0.3 51775.3 0.0288526
4.34056e+08 48638.1 1.05426 0.3 51276.9 0.0288815
4.35726e+08 48250.1 1.0525 0.3 50783.3 0.0289105
4.37402e+08 47865.2 1.05075 0.3 50294.2 0.0289395
4.39084e+08 47483.4 1.049 0.3 49809.8 0.0289685
4.40773e+08 47104.5 1.04725 0.3 49330 0.0289976
4.42468e+08 46728.5 1.0455 0.3 48854.8 0.0290267
4.4417e+08 46355.5 1.04376 0.3 48384 0.0290558
4.45878e+08 45985.4 1.04202 0.3 47917.6 0.029085
4.47593e+08 45618.2 1.04028 0.3 47455.7 0.0291141
4.49315e+08 45253.9 1.03854 0.3 46998.2 0.0291433
4.51043e+08 44892.5 1.03681 0.3 46544.9 0.0291726
4.52778e+08 44533.8 1.03508 0.3 46096 0.0292018
4.54519e+08 44178 1.03335 0.3 45651.3 0.0292311
4.56268e+08 43824.9 1.03162 0.3 45210.9 0.0292605
4.58023e+08 43474.6 1.0299 0.3 44774.6 0.0292898
4.59784e+08 43127.1 1.02818 0.3 44342.4 0.0293192
4.61553e+08 42782.2 1.02646 0.3 43914.3 0.0293486
4.63328e+08 42440.1 1.02474 0.3 43490.3 0.0293781
4.6511e+08 42100.6 1.02303 0.3 43070.3 0.0294076
4.66899e+08 41763.8 1.02132 0.3 42654.2 0.0294371
4.68695e+08 41429.7 1.01961 0.3 42242.1 0.0294666
4.70498e+08 41098.1 1.0179 0.3 41834 0.0294962
4.72307e+08 40769.2 1.0162 0.3 41429.6 0.0295258
4.74124e+08 40442.8 1.0145 0.3 41029.2 0.0295555
4.75948e+08 40119 1.0128 0.3 40632.5 0.0295851
4.77778e+08 39797.7 1.0111 0.3 40239.5 0.0296149
4.79616e+08 39478.9 1.00941 0.3 39850.4 0.0296446
4.81461e+08 39162.6 1.00772 0.3 39464.8 0.0296744
4.83313e+08 38848.8 1.00603 0.3 39083 0.0297042
4.85172e+08 38537.5 1.00434 0.3 38704.8 0.029734
4.87038e+08 38228.6 1.00266 0.3 38330.1 0.0297639
4.88911e+08 37922.1 1.00097 0.3 37959.1 0.0297938
4.90791e+08 37618 0.999294 0.3 37591.5 0.0298237
4.92679e+08 37316.4 0.997617 0.3 37227.4 0.0298536
4.94574e+08 37017 0.995942 0.3 36866.8 0.0298836
4.96476e+08 36720 0.994269 0.3 36509.6 0.0299137
4.98386e+08 36425.4 0.992599 0.3 36155.8 0.0299437
5.00303e+08 36133 0.990932 0.3 35805.4 0.0299738
5.02227e+08 35843 0.989267 0.3 35458.3 0.030004
5.04159e+08 35555.2 0.987604 0.3 35114.5 0.0300341
5.06098e+08 35269.7 0.985943 0.3 34773.9 0.0300643
5.08045e+08 34986.4 0.984285 0.3 34436.6 0.0300945
5.09999e+08 34705.4 0.98263 0.3 34102.5 0.0301248
5.1196e+08 34426.5 0.980976 0.3 33771.6 0.0301551
5.1393e+08 34149.9 0.979325 0.3 33443.8 0.0301854
5.15906e+08 33875.4 0.977677 0.3 33119.2 0.0302158
5.17891e+08 33603 0.976031 0.3 32797.6 0.0302462
5.19883e+08 33332.8 0.974387 0.3 32479.1 0.0302766
5.21882e+08 33064.8 0.972746 0.3 32163.6 0.0303071
5.2389e+08 32798.8 0.971107 0.3 31851.1 0.0303376
5.25905e+08 32534.9 0.96947 0.3 31541.6 0.0303681
5.27927e+08 32273.1 0.967836 0.3 31235.1 0.0303987
5.29958e+08 32013.3 0.966204 0.3 30931.4 0.0304293
5.31996e+08 31755.6 0.964575 0.3 30630.7 0.0304599
5.34043e+08 31499.9 0.962948 0.3 30332.8 0.0304906
5.36097e+08 31246.3 0.961323 0.3 30037.8 0.0305213
5.38159e+08 30994.6 0.959701 0.3 29745.5 0.0305521
5.40229e+08 30744.9 0.958081 0.3 29456.1 0.0305829
5.42306e+08 30497.1 0.956463 0.3 29169.4 0.0306137
5.44392e+08 30251.3 0.954848 0.3 28885.4 0.0306445
5.46486e+08 30007.4 0.953235 0.3 28604.2 0.0306754
5.48588e+08 29765.5 0.951625 0.3 28325.6 0.0307063
5.50698e+08 29525.4 0.950017 0.3 28049.7 0.0307373
5.52816e+08 29287.3 0.948411 0.3 27776.4 0.0307683
5.54943e+08 29051 0.946808 0.3 27505.7 0.0307993
5.57077e+08 28816.6 0.945206 0.3 27237.6 0.0308304
5.5922e+08 28584 0.943608 0.3 26972.1 0.0308615
5.61371e+08 28353.2 0.942011 0.3 26709.1 0.0308927
5.6353e+08 28124.3 0.940417 0.3 26448.6 0.0309238
5.65697e+08 27897.2 0.938825 0.3 26190.6 0.030955
5.67873e+08 27671.8 0.937236 0.3 25935 0.0309863
5.70057e+08 27448.2 0.935649 0.3 25681.9 0.0310176
5.7225e+08 27226.4 0.934064 0.3 25431.2 0.0310489
5.74451e+08 27006.4 0.932482 0.3 25182.9 0.0310803
5.76661e+08 26788 0.930902 0.3 24937 0.0311117
5.78879e+08 26571.4 0.929324 0.3 24693.4 0.0311431
5.81105e+08 26356.5 0.927749 0.3 24452.2 0.0311746
5.8334e+08 26143.3 0.926176 0.3 24213.3 0.0312061
5.85584e+08 25931.7 0.924605 0.3 23976.6 0.0312377
5.87836e+08 25721.9 0.923036 0.3 23742.2 0.0312693
5.90097e+08 25513.7 0.92147 0.3 23510.1 0.0313009
5.92367e+08 25307.1 0.919906 0.3 23280.1 0.0313326
5.94645e+08 25102.1 0.918345 0.3 23052.4 0.0313643
5.96933e+08 24898.8 0.916786 0.3 22826.9 0.031396
5.99229e+08 24697.1 0.915229 0.3 22603.5 0.0314278
6.01533e+08 24496.9 0.913674 0.3 22382.2 0.0314597
6.03847e+08 24298.4 0.912122 0.3 22163.1 0.0314915
6.0617e+08 24101.4 0.910572 0.3 21946 0.0315234
6.08501e+08 23906 0.909024 0.3 21731.1 0.0315554
6.10842e+08 23712.1 0.907478 0.3 21518.2 0.0315874
6.13191e+08 23519.7 0.905935 0.3 21307.3 0.0316194
6.1555e+08 23328.8 0.904395 0.3 21098.5 0.0316514
6.17917e+08 23139.5 0.902856 0.3 20891.6 0.0316835
6.20294e+08 22951.7 0.90132 0.3 20686.8 0.0317157
6.2268e+08 22765.3 0.899786 0.3 20483.9 0.0317479
6.25075e+08 22580.4 0.898254 0.3 20282.9 0.0317801
6.27479e+08 22397 0.896725 0.3 20083.9 0.0318124
6.29892e+08 22215 0.895197 0.3 19886.8 0.0318447
6.32315e+08 22034.4 0.893673 0.3 19691.6 0.031877
6.34747e+08 21855.3 0.89215 0.3 19498.2 0.0319094
6.37189e+08 21677.6 0.89063 0.3 19306.7 0.0319418
6.3964e+08 21501.3 0.889111 0.3 19117.1 0.0319743
6.421e+08 21326.4 0.887596 0.3 18929.2 0.0320068
6.4457e+08 21152.9 0.886082 0.3 18743.2 0.0320394
6.47049e+08 20980.7 0.884571 0.3 18558.9 0.032072
6.49537e+08 20809.9 0.883062 0.3 18376.5 0.0321046
6.52036e+08 20640.5 0.881555 0.3 18195.7 0.0321373
6.54544e+08 20472.4 0.88005 0.3 18016.7 0.03217
6.57061e+08 20305.6 0.878548 0.3 17839.5 0.0322028
6.59589e+08 20140.2 0.877048 0.3 17663.9 0.0322356
6.62125e+08 19976 0.87555 0.3 17490 0.0322685
6.64672e+08 19813.2 0.874055 0.3 17317.8 0.0323014
6.67229e+08 19651.6 0.872562 0.3 17147.2 0.0323343
6.69795e+08 19491.3 0.871071 0.3 16978.3 0.0323673
6.72371e+08 19332.3 0.869582 0.3 16811 0.0324003
6.74957e+08 19174.6 0.868095 0.3 16645.4 0.0324334
6.77554e+08 19018.1 0.866611 0.3 16481.3 0.0324665
6.8016e+08 18862.8 0.865129 0.3 16318.8 0.0324996
6.82776e+08 18708.8 0.863649 0.3 16157.8 0.0325328
6.85402e+08 18556 0.862171 0.3 15998.4 0.0325661
6.88038e+08 18404.4 0.860696 0.3 15840.6 0.0325994
6.90685e+08 18254 0.859222 0.3 15684.2 0.0326327
6.93341e+08 18104.8 0.857751 0.3 15529.4 0.0326661
6.96008e+08 17956.7 0.856283 0.3 15376 0.0326995
6.98685e+08 17809.9 0.854816 0.3 15224.2 0.032733
7.01372e+08 17664.2 0.853352 0.3 15073.8 0.0327665
7.0407e+08 17519.7 0.85189 0.3 14924.8 0.0328001
7.06778e+08 17376.3 0.85043 0.3 14777.3 0.0328337
7.09497e+08 17234 0.848972 0.3 14631.2 0.0328673
7.12226e+08 17092.9 0.847516 0.3 14486.5 0.032901
7.14965e+08 16952.9 0.846063 0.3 14343.2 0.0329348
7.17715e+08 16814 0.844612 0.3 14201.3 0.0329686
7.20475e+08 16676.2 0.843163 0.3 14060.8 0.0330024
7.23247e+08 16539.6 0.841716 0.3 13921.6 0.0330363
7.26028e+08 16403.9 0.840272 0.3 13783.8 0.0330702
7.28821e+08 16269.4 0.838829 0.3 13647.3 0.0331042
7.31624e+08 16136 0.837389 0.3 13512.1 0.0331382
7.34438e+08 16003.6 0.835951 0.3 13378.2 0.0331723
7.37263e+08 15872.2 0.834515 0.3 13245.6 0.0332064
7.40099e+08 15741.9 0.833082 0.3 13114.3 0.0332406
7.42946e+08 15612.6 0.83165 0.3 12984.2 0.0332748
7.45803e+08 15484.4 0.830221 0.3 12855.5 0.0333091
7.48672e+08 15357.2 0.828794 0.3 12727.9 0.0333434
7.51551e+08 15230.9 0.827369 0.3 12601.6 0.0333777
7.54442e+08 15105.7 0.825946 0.3 12476.5 0.0334121
7.57344e+08 14981.5 0.824525 0.3 12352.6 0.0334466
7.60257e+08 14858.3 0.823107 0.3 12230 0.0334811
7.63181e+08 14736.1 0.821691 0.3 12108.5 0.0335157
7.66116e+08 14614.8 0.820277 0.3 11988.2 0.0335503
7.69063e+08 14494.5 0.818865 0.3 11869 0.0335849
7.72021e+08 14375.1 0.817455 0.3 11751 0.0336196
7.74991e+08 14256.7 0.816047 0.3 11634.2 0.0336544
7.77971e+08 14139.3 0.814642 0.3 11518.4 0.0336892
7.80964e+08 14022.8 0.813238 0.3 11403.8 0.0337241
7.83968e+08 13907.2 0.811837 0.3 11290.4 0.033759
7.86983e+08 13792.5 0.810438 0.3 11178 0.0337939
7.9001e+08 13678.7 0.809041 0.3 11066.7 0.033829
7.93049e+08 13565.9 0.807646 0.3 10956.4 0.033864
7.96099e+08 13453.9 0.806254 0.3 10847.3 0.0338991
7.99161e+08 13342.9 0.804863 0.3 10739.2 0.0339343
8.02235e+08 13232.7 0.803475 0.3 10632.1 0.0339695
8.0532e+08 13123.4 0.802088 0.3 10526.1 0.0340048
8.08418e+08 13015 0.800704 0.3 10421.1 0.0340401
8.11527e+08 12907.4 0.799322 0.3 10317.2 0.0340755
8.14649e+08 12800.7 0.797942 0.3 10214.2 0.0341109
8.17782e+08 12694.9 0.796564 0.3 10112.3 0.0341464
8.20927e+08 12589.9 0.795189 0.3 10011.3 0.0341819
8.24085e+08 12485.7 0.793815 0.3 9911.34 0.0342175
8.27255e+08 12382.4 0.792444 0.3 9812.33 0.0342532
8.30437e+08 12279.9 0.791074 0.3 9714.28 0.0342888
8.33631e+08 12178.2 0.789707 0.3 9617.19 0.0343246
8.36837e+08 12077.3 0.788342 0.3 9521.04 0.0343604
8.40056e+08 11977.2 0.786979 0.3 9425.82 0.0343963
8.43287e+08 11877.9 0.785618 0.3 9331.53 0.0344322
8.4653e+08 11779.5 0.784259 0.3 9238.16 0.0344681
8.49786e+08 11681.8 0.782903 0.3 9145.69 0.0345042
8.53055e+08 11584.9 0.781548 0.3 9054.13 0.0345402
8.56336e+08 11488.7 0.780195 0.3 8963.45 0.0345764
8.5963e+08 11393.4 0.778845 0.3 8873.66 0.0346126
8.62936e+08 11298.8 0.777496 0.3 8784.74 0.0346488
8.66255e+08 11204.9 0.77615 0.3 8696.69 0.0346851
8.69587e+08 11111.8 0.774806 0.3 8609.5 0.0347215
8.72932e+08 11019.5 0.773464 0.3 8523.16 0.0347579
8.76289e+08 10927.9 0.772124 0.3 8437.65 0.0347943
8.7966e+08 10837 0.770786 0.3 8352.99 0.0348309
8.83043e+08 10746.8 0.76945 0.3 8269.14 0.0348675
8.8644e+08 10657.4 0.768116 0.3 8186.12 0.0349041
8.89849e+08 10568.7 0.766784 0.3 8103.9 0.0349408
8.93272e+08 10480.7 0.765455 0.3 8022.49 0.0349776
8.96708e+08 10393.4 0.764127 0.3 7941.87 0.0350144
9.00157e+08 10306.8 0.762801 0.3 7862.04 0.0350513
9.03619e+08 10220.9 0.761478 0.3 7782.98 0.0350882
9.07095e+08 10135.7 0.760156 0.3 7704.7 0.0351252
9.10583e+08 10051.2 0.758837 0.3 7627.18 0.0351622
9.14086e+08 9967.3 0.75752 0.3 7550.42 0.0351994
9.17602e+08 9884.12 0.756204 0.3 7474.41 0.0352365
9.21131e+08 9801.61 0.754891 0.3 7399.15 0.0352738
9.24674e+08 9719.76 0.75358 0.3 7324.62 0.035311
9.28231e+08 9638.57 0.752271 0.3 7250.81 0.0353484
9.31801e+08 9558.03 0.750963 0.3 7177.73 0.0353858
9.35385e+08 9478.14 0.749658 0.3 7105.37 0.0354233
9.38983e+08 9398.89 0.748355 0.3 7033.71 0.0354608
9.42594e+08 9320.28 0.747054 0.3 6962.75 0.0354984
9.4622e+08 9242.3 0.745755 0.3 6892.49 0.0355361
9.49859e+08 9164.94 0.744458 0.3 6822.91 0.0355738
9.53513e+08 9088.21 0.743163 0.3 6754.02 0.0356116
9.5718e+08 9012.09 0.74187 0.3 6685.8 0.0356494
9.60862e+08 8936.59 0.740579 0.3 6618.25 0.0356873
9.64557e+08 8861.69 0.73929 0.3 6551.36 0.0357253
9.68267e+08 8787.4 0.738003 0.3 6485.13 0.0357634
9.71992e+08 8713.7 0.736719 0.3 6419.55 0.0358015
9.7573e+08 8640.6 0.735436 0.3 6354.61 0.0358396
9.79483e+08 8568.09 0.734155 0.3 6290.3 0.0358778
9.83251e+08 8496.16 0.732876 0.3 6226.63 0.0359161
9.87032e+08 8424.81 0.731599 0.3 6163.58 0.0359545
9.90829e+08 8354.03 0.730324 0.3 6101.15 0.0359929
9.9464e+08 8283.83 0.729051 0.3 6039.34 0.0360314
9.98466e+08 8214.19 0.727781 0.3 5978.13 0.03607
1.00231e+09 8145.11 0.726512 0.3 5917.52 0.0361086
1.00616e+09 8076.59 0.725245 0.3 5857.5 0.0361473
1.01003e+09 8008.62 0.72398 0.3 5798.08 0.036186
1.01392e+09 7941.2 0.722717 0.3 5739.24 0.0362248
1.01782e+09 7874.32 0.721456 0.3 5680.98 0.0362637
1.02173e+09 7807.99 0.720197 0.3 5623.29 0.0363027
1.02566e+09 7742.19 0.71894 0.3 5566.17 0.0363417
1.02961e+09 7676.92 0.717685 0.3 5509.61 0.0363808
1.03357e+09 7612.17 0.716432 0.3 5453.61 0.0364199
1.03754e+09 7547.96 0.715181 0.3 5398.16 0.0364591
1.04153e+09 7484.25 0.713932 0.3 5343.25 0.0364984
1.04554e+09 7421.07 0.712685 0.3 5288.88 0.0365378
1.04956e+09 7358.39 0.71144 0.3 5235.05 0.0365772
1.0536e+09 7296.23 0.710197 0.3 5181.76 0.0366167
1.05765e+09 7234.56 0.708956 0.3 5128.98 0.0366563
1.06172e+09 7173.39 0.707716 0.3 5076.73 0.0366959
1.0658e+09 7112.72 0.706479 0.3 5024.99 0.0367356
1.0699e+09 7052.54 0.705244 0.3 4973.76 0.0367754
1.07401e+09 6992.85 0.70401 0.3 4923.04 0.0368152
1.07815e+09 6933.63 0.702779 0.3 4872.81 0.0368552
1.08229e+09 6874.9 0.701549 0.3 4823.08 0.0368952
1.08646e+09 6816.65 0.700322 0.3 4773.85 0.0369352
1.09063e+09 6758.86 0.699096 0.3 4725.1 0.0369754
1.09483e+09 6701.55 0.697873 0.3 4676.83 0.0370156
1.09904e+09 6644.7 0.696651 0.3 4629.04 0.0370559
1.10327e+09 6588.31 0.695431 0.3 4581.71 0.0370962
1.10751e+09 6532.38 0.694213 0.3 4534.86 0.0371366
1.11177e+09 6476.9 0.692997 0.3 4488.47 0.0371771
1.11605e+09 6421.87 0.691783 0.3 4442.54 0.0372177
1.12034e+09 6367.29 0.690571 0.3 4397.07 0.0372584
1.12465e+09 6313.15 0.689361 0.3 4352.04 0.0372991
1.12897e+09 6259.45 0.688153 0.3 4307.46 0.0373399
1.13332e+09 6206.18 0.686947 0.3 4263.32 0.0373808
1.13768e+09 6153.35 0.685742 0.3 4219.61 0.0374217
1.14205e+09 6100.95 0.68454 0.3 4176.34 0.0374627
1.14644e+09 6048.98 0.683339 0.3 4133.5 0.0375038
1.15085e+09 5997.42 0.682141 0.3 4091.08 0.037545
1.15528e+09 5946.29 0.680944 0.3 4049.09 0.0375863
1.15972e+09 5895.57 0.679749 0.3 4007.51 0.0376276
1.16419e+09 5845.26 0.678556 0.3 3966.34 0.037669
1.16866e+09 5795.37 0.677365 0.3 3925.58 0.0377105
1.17316e+09 5745.88 0.676176 0.3 3885.22 0.0377521
1.17767e+09 5696.79 0.674989 0.3 3845.27 0.0377937
1.1822e+09 5648.1 0.673803 0.3 3805.71 0.0378355
1.18675e+09 5599.81 0.67262 0.3 3766.54 0.0378773
1.19131e+09 5551.91 0.671438 0.3 3727.77 0.0379191
1.19589e+09 5504.41 0.670259 0.3 3689.38 0.0379611
1.20049e+09 5457.29 0.669081 0.3 3651.37 0.0380032
1.20511e+09 5410.55 0.667905 0.3 3613.73 0.0380453
1.20975e+09 5364.2 0.666731 0.3 3576.47 0.0380875
1.2144e+09 5318.22 0.665559 0.3 3539.59 0.0381298
1.21907e+09 5272.62 0.664388 0.3 3503.07 0.0381721
1.22376e+09 5227.39 0.66322 0.3 3466.91 0.0382146
1.22847e+09 5182.53 0.662053 0.3 3431.11 0.0382571
1.23319e+09 5138.04 0.660889 0.3 3395.67 0.0382997
1.23793e+09 5093.91 0.659726 0.3 3360.58 0.0383424
1.2427e+09 5050.14 0.658565 0.3 3325.84 0.0383852
1.24748e+09 5006.72 0.657406 0.3 3291.45 0.0384281
1.25227e+09 4963.67 0.656249 0.3 3257.4 0.0384711
1.25709e+09 4920.96 0.655093 0.3 3223.69 0.0385141
1.26193e+09 4878.61 0.65394 0.3 3190.32 0.0385572
1.26678e+09 4836.6 0.652788 0.3 3157.27 0.0386004
1.27165e+09 4794.93 0.651638 0.3 3124.56 0.0386437
1.27654e+09 4753.61 0.65049 0.3 3092.18 0.0386871
1.28145e+09 4712.62 0.649344 0.3 3060.11 0.0387306
1.28638e+09 4671.97 0.6482 0.3 3028.37 0.0387741
1.29133e+09 4631.66 0.647057 0.3 2996.95 0.0388178
1.2963e+09 4591.67 0.645917 0.3 2965.84 0.0388615
1.30128e+09 4552.01 0.644778 0.3 2935.04 0.0389053
1.30629e+09 4512.68 0.643641 0.3 2904.54 0.0389492
1.31131e+09 4473.67 0.642506 0.3 2874.36 0.0389932
1.31636e+09 4434.98 0.641372 0.3 2844.47 0.0390373
1.32142e+09 4396.61 0.640241 0.3 2814.89 0.0390815
1.3265e+09 4358.55 0.639111 0.3 2785.6 0.0391257
1.3316e+09 4320.8 0.637983 0.3 2756.6 0.0391701
1.33672e+09 4283.37 0.636857 0.3 2727.89 0.0392145
1.34187e+09 4246.24 0.635733 0.3 2699.47 0.0392591
1.34703e+09 4209.42 0.634611 0.3 2671.34 0.0393037
1.35221e+09 4172.9 0.63349 0.3 2643.49 0.0393484
1.35741e+09 4136.68 0.632371 0.3 2615.92 0.0393932
1.36263e+09 4100.75 0.631255 0.3 2588.62 0.0394382
1.36787e+09 4065.13 0.630139 0.3 2561.6 0.0394832
1.37313e+09 4029.8 0.629026 0.3 2534.85 0.0395283
1.37841e+09 3994.75 0.627914 0.3 2508.36 0.0395734
1.38372e+09 3960 0.626805 0.3 2482.15 0.0396187
1.38904e+09 3925.53 0.625697 0.3 2456.19 0.0396641
1.39438e+09 3891.35 0.624591 0.3 2430.5 0.0397096
1.39974e+09 3857.45 0.623486 0.3 2405.07 0.0397552
1.40513e+09 3823.83 0.622384 0.3 2379.89 0.0398008
1.41053e+09 3790.48 0.621283 0.3 2354.96 0.0398466
1.41596e+09 3757.41 0.620184 0.3 2330.29 0.0398924
1.4214e+09 3724.62 0.619086 0.3 2305.86 0.0399384
1.42687e+09 3692.09 0.617991 0.3 2281.68 0.0399845
1.43236e+09 3659.84 0.616897 0.3 2257.74 0.0400306
1.43787e+09 3627.85 0.615805 0.3 2234.05 0.0400769
1.4434e+09 3596.12 0.614715 0.3 2210.59 0.0401232
1.44895e+09 3564.66 0.613627 0.3 2187.37 0.0401697
1.45452e+09 3533.45 0.61254 0.3 2164.38 0.0402162
1.46012e+09 3502.51 0.611455 0.3 2141.63 0.0402629
1.46573e+09 3471.82 0.610372 0.3 2119.1 0.0403097
1.47137e+09 3441.38 0.609291 0.3 2096.8 0.0403565
1.47703e+09 3411.2 0.608212 0.3 2074.73 0.0404035
1.48271e+09 3381.27 0.607134 0.3 2052.88 0.0404506
1.48842e+09 3351.58 0.606058 0.3 2031.25 0.0404977
1.49414e+09 3322.14 0.604983 0.3 2009.84 0.040545
1.49989e+09 3292.95 0.603911 0.3 1988.65 0.0405924
1.50566e+09 3263.99 0.60284 0.3 1967.67 0.0406399
1.51145e+09 3235.28 0.601771 0.3 1946.9 0.0406875
1.51726e+09 3206.81 0.600704 0.3 1926.34 0.0407351
1.5231e+09 3178.57 0.599638 0.3 1905.99 0.040783
1.52896e+09 3150.57 0.598574 0.3 1885.85 0.0408309
1.53484e+09 3122.79 0.597512 0.3 1865.91 0.0408789
1.54074e+09 3095.25 0.596452 0.3 1846.17 0.040927
1.54667e+09 3067.94 0.595393 0.3 1826.63 0.0409752
1.55261e+09 3040.86 0.594336 0.3 1807.29 0.0410236
1.55859e+09 3014 0.593281 0.3 1788.15 0.041072
1.56458e+09 2987.36 0.592227 0.3 1769.2 0.0411206
1.5706e+09 2960.95 0.591176 0.3 1750.44 0.0411692
1.57664e+09 2934.76 0.590126 0.3 1731.88 0.041218
1.5827e+09 2908.78 0.589077 0.3 1713.5 0.0412669
1.58879e+09 2883.02 0.588031 0.3 1695.31 0.0413159
1.5949e+09 2857.48 0.586986 0.3 1677.3 0.041365
1.60104e+09 2832.15 0.585943 0.3 1659.48 0.0414143
1.6072e+09 2807.03 0.584901 0.3 1641.83 0.0414636
1.61338e+09 2782.12 0.583862 0.3 1624.37 0.0415131
1.61958e+09 2757.41 0.582823 0.3 1607.09 0.0415626
1.62581e+09 2732.92 0.581787 0.3 1589.98 0.0416123
1.63207e+09 2708.63 0.580752 0.3 1573.04 0.0416621
1.63834e+09 2684.54 0.57972 0.3 1556.28 0.041712
1.64464e+09 2660.65 0.578688 0.3 1539.69 0.0417621
1.65097e+09 2636.96 0.577659 0.3 1523.26 0.0418122
1.65732e+09 2613.47 0.576631 0.3 1507.01 0.0418625
1.66369e+09 2590.18 0.575605 0.3 1490.92 0.0419129
1.67009e+09 2567.08 0.57458 0.3 1475 0.0419634
1.67652e+09 2544.18 0.573557 0.3 1459.23 0.042014
1.68297e+09 2521.47 0.572536 0.3 1443.63 0.0420648
1.68944e+09 2498.95 0.571517 0.3 1428.19 0.0421156
1.69594e+09 2476.61 0.570499 0.3 1412.9 0.0421666
1.70246e+09 2454.47 0.569483 0.3 1397.78 0.0422177
1.70901e+09 2432.51 0.568468 0.3 1382.8 0.042269
1.71558e+09 2410.73 0.567455 0.3 1367.98 0.0423203
1.72218e+09 2389.14 0.566444 0.3 1353.31 0.0423718
1.7288e+09 2367.73 0.565435 0.3 1338.8 0.0424234
1.73545e+09 2346.5 0.564427 0.3 1324.43 0.0424751
1.74213e+09 2325.44 0.563421 0.3 1310.2 0.042527
1.74883e+09 2304.57 0.562417 0.3 1296.13 0.042579
1.75556e+09 2283.87 0.561414 0.3 1282.19 0.0426311
1.76231e+09 2263.34 0.560413 0.3 1268.4 0.0426833
1.76909e+09 2242.99 0.559413 0.3 1254.76 0.0427357
1.77589e+09 2222.8 0.558415 0.3 1241.25 0.0427881
1.78272e+09 2202.79 0.557419 0.3 1227.88 0.0428408
1.78958e+09 2182.95 0.556424 0.3 1214.65 0.0428935
1.79646e+09 2163.27 0.555431 0.3 1201.55 0.0429464
1.80337e+09 2143.76 0.55444 0.3 1188.59 0.0429994
1.81031e+09 2124.42 0.553451 0.3 1175.76 0.0430525
1.81727e+09 2105.24 0.552462 0.3 1163.06 0.0431058
1.82426e+09 2086.22 0.551476 0.3 1150.5 0.0431592
1.83128e+09 2067.36 0.550491 0.3 1138.06 0.0432128
1.83832e+09 2048.66 0.549508 0.3 1125.75 0.0432664
1.84539e+09 2030.12 0.548527 0.3 1113.57 0.0433202
1.85249e+09 2011.73 0.547547 0.3 1101.52 0.0433742
1.85962e+09 1993.5 0.546569 0.3 1089.59 0.0434283
1.86677e+09 1975.43 0.545592 0.3 1077.78 0.0434825
1.87395e+09 1957.51 0.544617 0.3 1066.09 0.0435368
1.88116e+09 1939.74 0.543644 0.3 1054.53 0.0435913
1.88839e+09 1922.12 0.542672 0.3 1043.08 0.0436459
1.89565e+09 1904.65 0.541702 0.3 1031.75 0.0437007
1.90295e+09 1887.33 0.540733 0.3 1020.54 0.0437556
1.91027e+09 1870.15 0.539766 0.3 1009.45 0.0438107
1.91761e+09 1853.12 0.538801 0.3 998.465 0.0438659
1.92499e+09 1836.24 0.537837 0.3 987.598 0.0439212
1.93239e+09 1819.5 0.536875 0.3 976.844 0.0439767
1.93983e+09 1802.9 0.535914 0.3 966.201 0.0440323
1.94729e+09 1786.45 0.534955 0.3 955.669 0.0440881
1.95478e+09 1770.13 0.533998 0.3 945.245 0.044144
1.96229e+09 1753.95 0.533042 0.3 934.93 0.0442
1.96984e+09 1737.91 0.532088 0.3 924.722 0.0442562
1.97742e+09 1722.01 0.531135 0.3 914.619 0.0443126
1.98502e+09 1706.24 0.530184 0.3 904.622 0.0443691
1.99266e+09 1690.61 0.529235 0.3 894.728 0.0444257
2.00032e+09 1675.11 0.528287 0.3 884.937 0.0444825
2.00802e+09 1659.74 0.527341 0.3 875.248 0.0445394
2.01574e+09 1644.5 0.526396 0.3 865.66 0.0445965
2.02349e+09 1629.4 0.525453 0.3 856.171 0.0446538
2.03128e+09 1614.42 0.524511 0.3 846.782 0.0447112
2.03909e+09 1599.57 0.523571 0.3 837.49 0.0447687
2.04693e+09 1584.85 0.522633 0.3 828.294 0.0448264
2.05481e+09 1570.25 0.521696 0.3 819.195 0.0448843
2.06271e+09 1555.78 0.520761 0.3 810.19 0.0449423
2.07064e+09 1541.44 0.519827 0.3 801.28 0.0450005
2.07861e+09 1527.21 0.518895 0.3 792.462 0.0450588
2.0866e+09 1513.11 0.517964 0.3 783.737 0.0451173
2.09463e+09 1499.13 0.517035 0.3 775.102 0.0451759
2.10269e+09 1485.27 0.516108 0.3 766.558 0.0452347
2.11077e+09 1471.53 0.515182 0.3 758.103 0.0452937
2.11889e+09 1457.9 0.514257 0.3 749.737 0.0453528
2.12704e+09 1444.4 0.513335 0.3 741.458 0.0454121
2.13522e+09 1431 0.512413 0.3 733.266 0.0454716
2.14344e+09 1417.73 0.511493 0.3 725.159 0.0455312
2.15168e+09 1404.57 0.510575 0.3 717.138 0.045591
2.15996e+09 1391.52 0.509658 0.3 709.2 0.0456509
2.16826e+09 1378.59 0.508743 0.3 701.346 0.045711
2.1766e+09 1365.76 0.50783 0.3 693.574 0.0457713
2.18498e+09 1353.05 0.506917 0.3 685.884 0.0458317
2.19338e+09 1340.45 0.506007 0.3 678.275 0.0458923
2.20182e+09 1327.95 0.505098 0.3 670.745 0.0459531
2.21028e+09 1315.56 0.50419 0.3 663.295 0.0460141
2.21879e+09 1303.28 0.503284 0.3 655.922 0.0460752
2.22732e+09 1291.11 0.50238 0.3 648.628 0.0461365
2.23589e+09 1279.04 0.501477 0.3 641.41 0.0461979
2.24449e+09 1267.08 0.500575 0.3 634.268 0.0462596
2.25312e+09 1255.22 0.499675 0.3 627.202 0.0463214
2.26179e+09 1243.46 0.498777 0.3 620.21 0.0463834
2.27049e+09 1231.81 0.49788 0.3 613.292 0.0464455
2.27922e+09 1220.25 0.496985 0.3 606.446 0.0465079
2.28798e+09 1208.8 0.496091 0.3 599.673 0.0465704
2.29679e+09 1197.44 0.495198 0.3 592.972 0.0466331
2.30562e+09 1186.19 0.494307 0.3 586.341 0.046696
2.31449e+09 1175.03 0.493418 0.3 579.78 0.046759
2.32339e+09 1163.97 0.49253 0.3 573.289 0.0468223
2.33233e+09 1153 0.491643 0.3 566.866 0.0468857
2.3413e+09 1142.13 0.490758 0.3 560.511 0.0469493
2.3503e+09 1131.36 0.489875 0.3 554.224 0.0470131
2.35934e+09 1120.68 0.488993 0.3 548.003 0.047077
2.36842e+09 1110.09 0.488113 0.3 541.848 0.0471412
2.37753e+09 1099.59 0.487234 0.3 535.759 0.0472056
2.38667e+09 1089.19 0.486356 0.3 529.734 0.0472701
2.39585e+09 1078.88 0.48548 0.3 523.773 0.0473348
2.40507e+09 1068.65 0.484605 0.3 517.875 0.0473997
2.41432e+09 1058.52 0.483732 0.3 512.04 0.0474648
2.4236e+09 1048.48 0.482861 0.3 506.267 0.0475301
2.43292e+09 1038.52 0.481991 0.3 500.556 0.0475956
2.44228e+09 1028.65 0.481122 0.3 494.905 0.0476613
2.45168e+09 1018.86 0.480255 0.3 489.315 0.0477272
2.46111e+09 1009.17 0.479389 0.3 483.783 0.0477933
2.47057e+09 999.555 0.478525 0.3 478.311 0.0478596
2.48008e+09 990.026 0.477662 0.3 472.898 0.047926
2.48961e+09 980.582 0.4768 0.3 467.542 0.0479927
2.49919e+09 971.22 0.47594 0.3 462.243 0.0480596
2.5088e+09 961.941 0.475082 0.3 457.001 0.0481267
2.51845e+09 952.743 0.474225 0.3 451.814 0.0481939
2.52814e+09 943.626 0.473369 0.3 446.684 0.0482614
2.53786e+09 934.59 0.472515 0.3 441.608 0.0483291
2.54762e+09 925.633 0.471663 0.3 436.586 0.048397
2.55742e+09 916.755 0.470811 0.3 431.619 0.0484651
2.56726e+09 907.955 0.469962 0.3 426.704 0.0485334
2.57713e+09 899.233 0.469113 0.3 421.842 0.0486019
2.58705e+09 890.588 0.468266 0.3 417.032 0.0486707
2.597e+09 882.02 0.467421 0.3 412.274 0.0487396
2.60699e+09 873.527 0.466577 0.3 407.567 0.0488087
2.61701e+09 865.109 0.465734 0.3 402.911 0.0488781
2.62708e+09 856.766 0.464893 0.3 398.304 0.0489477
2.63718e+09 848.497 0.464053 0.3 393.747 0.0490175
2.64733e+09 840.301 0.463215 0.3 389.24 0.0490875
2.65751e+09 832.177 0.462378 0.3 384.78 0.0491577
2.66773e+09 824.126 0.461542 0.3 380.369 0.0492282
2.67799e+09 816.146 0.460708 0.3 376.005 0.0492988
2.68829e+09 808.237 0.459875 0.3 371.689 0.0493697
2.69863e+09 800.399 0.459044 0.3 367.418 0.0494408
2.70901e+09 792.63 0.458214 0.3 363.194 0.0495122
2.71943e+09 784.93 0.457386 0.3 359.016 0.0495837
2.72989e+09 777.299 0.456559 0.3 354.883 0.0496555
2.74039e+09 769.736 0.455733 0.3 350.794 0.0497275
2.75093e+09 762.24 0.454909 0.3 346.75 0.0497998
2.76151e+09 754.811 0.454086 0.3 342.749 0.0498722
2.77213e+09 747.449 0.453265 0.3 338.792 0.0499449
2.7828e+09 740.152 0.452445 0.3 334.878 0.0500179
2.7935e+09 732.92 0.451626 0.3 331.006 0.0500911
2.80424e+09 725.753 0.450809 0.3 327.176 0.0501645
2.81503e+09 718.65 0.449993 0.3 323.388 0.0502381
2.82586e+09 711.611 0.449179 0.3 319.641 0.050312
2.83673e+09 704.635 0.448365 0.3 315.934 0.0503861
2.84764e+09 697.722 0.447554 0.3 312.268 0.0504605
2.85859e+09 690.87 0.446743 0.3 308.642 0.0505351
2.86959e+09 684.08 0.445935 0.3 305.055 0.0506099
2.88062e+09 677.351 0.445127 0.3 301.507 0.050685
2.8917e+09 670.683 0.444321 0.3 297.998 0.0507603
2.90283e+09 664.074 0.443516 0.3 294.528 0.0508359
2.91399e+09 657.525 0.442713 0.3 291.095 0.0509117
2.9252e+09 651.035 0.441911 0.3 287.699 0.0509878
2.93645e+09 644.604 0.44111 0.3 284.341 0.0510641
2.94774e+09 638.23 0.440311 0.3 281.02 0.0511407
2.95908e+09 631.914 0.439513 0.3 277.734 0.0512175
2.97046e+09 625.656 0.438716 0.3 274.485 0.0512946
2.98189e+09 619.453 0.437921 0.3 271.271 0.0513719
2.99336e+09 613.307 0.437127 0.3 268.093 0.0514495
3.00487e+09 607.216 0.436334 0.3 264.949 0.0515274
3.01643e+09 601.181 0.435543 0.3 261.84 0.0516055
3.02803e+09 595.2 0.434753 0.3 258.765 0.0516839
3.03968e+09 589.274 0.433965 0.3 255.724 0.0517625
3.05137e+09 583.401 0.433178 0.3 252.716 0.0518414
3.06311e+09 577.581 0.432392 0.3 249.742 0.0519206
3.07489e+09 571.815 0.431608 0.3 246.8 0.0520001
3.08671e+09 566.101 0.430824 0.3 243.89 0.0520798
3.09859e+09 560.439 0.430043 0.3 241.013 0.0521598
3.11051e+09 554.828 0.429262 0.3 238.167 0.05224
3.12247e+09 549.269 0.428483 0.3 235.352 0.0523205
3.13448e+09 543.76 0.427705 0.3 232.569 0.0524013
3.14654e+09 538.302 0.426929 0.3 229.817 0.0524824
3.15864e+09 532.893 0.426154 0.3 227.095 0.0525638
3.17079e+09 527.534 0.42538 0.3 224.403 0.0526454
3.18298e+09 522.224 0.424608 0.3 221.74 0.0527273
3.19523e+09 516.962 0.423837 0.3 219.108 0.0528095
3.20752e+09 511.749 0.423067 0.3 216.504 0.052892
3.21985e+09 506.584 0.422298 0.3 213.929 0.0529748
3.23224e+09 501.465 0.421531 0.3 211.383 0.0530578
3.24467e+09 496.394 0.420766 0.3 208.866 0.0531412
3.25715e+09 491.37 0.420001 0.3 206.376 0.0532248
3.26968e+09 486.391 0.419238 0.3 203.914 0.0533088
3.28225e+09 481.459 0.418476 0.3 201.479 0.053393
3.29488e+09 476.571 0.417715 0.3 199.071 0.0534775
3.30755e+09 471.729 0.416956 0.3 196.69 0.0535623
3.32027e+09 466.932 0.416198 0.3 194.336 0.0536474
3.33304e+09 462.179 0.415441 0.3 192.008 0.0537329
3.34586e+09 457.469 0.414686 0.3 189.706 0.0538186
3.35873e+09 452.803 0.413932 0.3 187.43 0.0539046
3.37165e+09 448.181 0.413179 0.3 185.179 0.0539909
3.38462e+09 443.601 0.412428 0.3 182.953 0.0540776
3.39764e+09 439.063 0.411678 0.3 180.752 0.0541645
3.41071e+09 434.568 0.410929 0.3 178.576 0.0542518
3.42382e+09 430.114 0.410181 0.3 176.425 0.0543394
3.43699e+09 425.702 0.409435 0.3 174.297 0.0544272
3.45021e+09 421.33 0.40869 0.3 172.193 0.0545154
3.46348e+09 417 0.407946 0.3 170.113 0.054604
3.47681e+09 412.709 0.407204 0.3 168.057 0.0546928
3.49018e+09 408.459 0.406462 0.3 166.023 0.054782
3.5036e+09 404.248 0.405722 0.3 164.012 0.0548715
3.51708e+09 400.076 0.404984 0.3 162.024 0.0549613
3.53061e+09 395.944 0.404246 0.3 160.059 0.0550514
3.54419e+09 391.85 0.40351 0.3 158.115 0.0551419
3.55782e+09 387.794 0.402776 0.3 156.194 0.0552327
3.5715e+09 383.776 0.402042 0.3 154.294 0.0553238
3.58524e+09 379.796 0.40131 0.3 152.416 0.0554153
3.59903e+09 375.853 0.400579 0.3 150.559 0.0555071
3.61287e+09 371.947 0.399849 0.3 148.723 0.0555992
3.62677e+09 368.078 0.39912 0.3 146.907 0.0556917
3.64072e+09 364.245 0.398393 0.3 145.113 0.0557845
3.65472e+09 360.448 0.397667 0.3 143.338 0.0558777
3.66878e+09 356.687 0.396942 0.3 141.584 0.0559712
3.68289e+09 352.962 0.396219 0.3 139.85 0.0560651
3.69706e+09 349.271 0.395497 0.3 138.136 0.0561593
3.71128e+09 345.616 0.394776 0.3 136.441 0.0562539
3.72555e+09 341.994 0.394056 0.3 134.765 0.0563488
3.73988e+09 338.407 0.393337 0.3 133.108 0.0564441
3.75426e+09 334.854 0.39262 0.3 131.471 0.0565398
3.7687e+09 331.335 0.391904 0.3 129.852 0.0566358
3.7832e+09 327.849 0.391189 0.3 128.251 0.0567321
3.79775e+09 324.396 0.390476 0.3 126.669 0.0568289
3.81236e+09 320.976 0.389764 0.3 125.105 0.056926
3.82702e+09 317.588 0.389053 0.3 123.558 0.0570235
3.84174e+09 314.233 0.388343 0.3 122.03 0.0571213
3.85652e+09 310.909 0.387634 0.3 120.519 0.0572195
3.87135e+09 307.617 0.386927 0.3 119.025 0.0573181
3.88624e+09 304.357 0.386221 0.3 117.549 0.0574171
3.90119e+09 301.127 0.385516 0.3 116.089 0.0575164
3.91619e+09 297.929 0.384812 0.3 114.646 0.0576162
3.93126e+09 294.761 0.384109 0.3 113.22 0.0577163
3.94638e+09 291.623 0.383408 0.3 111.811 0.0578168
3.96156e+09 288.515 0.382708 0.3 110.417 0.0579177
3.97679e+09 285.437 0.382009 0.3 109.04 0.058019
3.99209e+09 282.389 0.381312 0.3 107.678 0.0581207
4.00745e+09 279.37 0.380615 0.3 106.332 0.0582228
4.02286e+09 276.38 0.37992 0.3 105.002 0.0583252
4.03833e+09 273.419 0.379226 0.3 103.687 0.0584281
4.05387e+09 270.486 0.378533 0.3 102.388 0.0585314
4.06946e+09 267.581 0.377842 0.3 101.103 0.0586351
4.08511e+09 264.705 0.377151 0.3 99.8337 0.0587392
4.10082e+09 261.856 0.376462 0.3 98.5788 0.0588437
4.1166e+09 259.035 0.375774 0.3 97.3385 0.0589487
4.13243e+09 256.241 0.375087 0.3 96.1127 0.059054
4.14832e+09 253.474 0.374402 0.3 94.9011 0.0591598
4.16428e+09 250.734 0.373717 0.3 93.7036 0.059266
4.1803e+09 248.02 0.373034 0.3 92.52 0.0593726
4.19638e+09 245.333 0.372352 0.3 91.3503 0.0594796
4.21252e+09 242.672 0.371671 0.3 90.1942 0.0595871
4.22872e+09 240.037 0.370991 0.3 89.0517 0.059695
4.24498e+09 237.428 0.370313 0.3 87.9225 0.0598033
4.26131e+09 234.843 0.369636 0.3 86.8065 0.0599121
4.2777e+09 232.285 0.368959 0.3 85.7036 0.0600213
4.29415e+09 229.751 0.368284 0.3 84.6136 0.0601309
4.31067e+09 227.242 0.367611 0.3 83.5364 0.060241
4.32725e+09 224.757 0.366938 0.3 82.4719 0.0603515
4.34389e+09 222.297 0.366267 0.3 81.4199 0.0604625
4.3606e+09 219.861 0.365596 0.3 80.3803 0.060574
4.37737e+09 217.448 0.364927 0.3 79.3529 0.0606859
4.39421e+09 215.06 0.364259 0.3 78.3376 0.0607982
4.41111e+09 212.695 0.363593 0.3 77.3343 0.060911
4.42808e+09 210.353 0.362927 0.3 76.3428 0.0610243
4.44511e+09 208.034 0.362263 0.3 75.3631 0.0611381
4.46221e+09 205.739 0.361599 0.3 74.3949 0.0612523
4.47937e+09 203.465 0.360937 0.3 73.4382 0.061367
4.4966e+09 201.215 0.360276 0.3 72.4928 0.0614821
4.5139e+09 198.986 0.359616 0.3 71.5587 0.0615978
4.53126e+09 196.78 0.358958 0.3 70.6356 0.0617139
4.54869e+09 194.595 0.3583 0.3 69.7235 0.0618305
4.56618e+09 192.432 0.357644 0.3 68.8222 0.0619476
4.58374e+09 190.291 0.356989 0.3 67.9317 0.0620652
4.60138e+09 188.171 0.356334 0.3 67.0518 0.0621833
4.61907e+09 186.072 0.355682 0.3 66.1823 0.0623019
4.63684e+09 183.994 0.35503 0.3 65.3233 0.062421
4.65467e+09 181.936 0.354379 0.3 64.4744 0.0625405
4.67258e+09 179.9 0.35373 0.3 63.6358 0.0626606
4.69055e+09 177.883 0.353081 0.3 62.8072 0.0627812
4.70859e+09 175.887 0.352434 0.3 61.9885 0.0629023
4.7267e+09 173.91 0.351788 0.3 61.1796 0.063024
4.74488e+09 171.954 0.351143 0.3 60.3804 0.0631461
4.76313e+09 170.017 0.350499 0.3 59.5908 0.0632688
4.78145e+09 168.1 0.349856 0.3 58.8107 0.0633919
4.79984e+09 166.201 0.349215 0.3 58.04 0.0635157
4.81831e+09 164.322 0.348574 0.3 57.2786 0.0636399
4.83684e+09 162.462 0.347935 0.3 56.5263 0.0637647
4.85544e+09 160.621 0.347297 0.3 55.7831 0.06389
4.87412e+09 158.798 0.346659 0.3 55.0489 0.0640159
4.89286e+09 156.994 0.346023 0.3 54.3236 0.0641423
4.91168e+09 155.208 0.345389 0.3 53.607 0.0642693
4.93058e+09 153.44 0.344755 0.3 52.8992 0.0643968
4.94954e+09 151.69 0.344122 0.3 52.1999 0.0645248
4.96858e+09 149.958 0.343491 0.3 51.5091 0.0646535
4.98769e+09 148.243 0.34286 0.3 50.8267 0.0647827
5.00687e+09 146.546 0.342231 0.3 50.1525 0.0649124
5.02613e+09 144.866 0.341602 0.3 49.4866 0.0650427
5.04546e+09 143.203 0.340975 0.3 48.8288 0.0651736
5.06487e+09 141.558 0.340349 0.3 48.179 0.0653051
5.08435e+09 139.929 0.339724 0.3 47.5372 0.0654372
5.10391e+09 138.316 0.339101 0.3 46.9031 0.0655698
5.12354e+09 136.721 0.338478 0.3 46.2769 0.065703
5.14324e+09 135.141 0.337856 0.3 45.6583 0.0658369
5.16303e+09 133.578 0.337236 0.3 45.0473 0.0659713
5.18288e+09 132.031 0.336616 0.3 44.4437 0.0661063
5.20282e+09 130.5 0.335998 0.3 43.8476 0.0662419
5.22283e+09 128.984 0.33538 0.3 43.2588 0.0663782
5.24292e+09 127.485 0.334764 0.3 42.6773 0.066515
5.26309e+09 126 0.334149 0.3 42.1029 0.0666525
5.28333e+09 124.531 0.333535 0.3 41.5356 0.0667905
5.30365e+09 123.078 0.332922 0.3 40.9753 0.0669292
5.32405e+09 121.639 0.33231 0.3 40.4219 0.0670686
5.34453e+09 120.215 0.331699 0.3 39.8754 0.0672085
5.36508e+09 118.806 0.331089 0.3 39.3356 0.0673491
5.38572e+09 117.412 0.330481 0.3 38.8025 0.0674904
5.40643e+09 116.032 0.329873 0.3 38.276 0.0676323
5.42723e+09 114.667 0.329267 0.3 37.7561 0.0677748
5.4481e+09 113.316 0.328661 0.3 37.2426 0.067918
5.46906e+09 111.979 0.328057 0.3 36.7355 0.0680618
5.4901e+09 110.656 0.327453 0.3 36.2347 0.0682063
5.51121e+09 109.347 0.326851 0.3 35.7402 0.0683515
5.53241e+09 108.052 0.32625 0.3 35.2518 0.0684973
5.55369e+09 106.77 0.32565 0.3 34.7696 0.0686438
5.57505e+09 105.501 0.325051 0.3 34.2933 0.068791
5.59649e+09 104.246 0.324453 0.3 33.8231 0.0689389
5.61802e+09 103.005 0.323856 0.3 33.3587 0.0690874
5.63963e+09 101.776 0.32326 0.3 32.9001 0.0692367
5.66132e+09 100.561 0.322665 0.3 32.4473 0.0693866
5.68309e+09 99.3577 0.322071 0.3 32.0002 0.0695373
5.70495e+09 98.1677 0.321478 0.3 31.5588 0.0696887
5.7269e+09 96.9903 0.320886 0.3 31.1229 0.0698407
5.74892e+09 95.8254 0.320296 0.3 30.6925 0.0699935
5.77104e+09 94.6728 0.319706 0.3 30.2675 0.070147
5.79323e+09 93.5326 0.319118 0.3 29.8479 0.0703012
5.81552e+09 92.4045 0.31853 0.3 29.4336 0.0704562
5.83788e+09 91.2884 0.317943 0.3 29.0246 0.0706119
5.86034e+09 90.1843 0.317358 0.3 28.6207 0.0707683
5.88288e+09 89.092 0.316773 0.3 28.222 0.0709255
5.90551e+09 88.0114 0.31619 0.3 27.8283 0.0710834
5.92822e+09 86.9424 0.315608 0.3 27.4397 0.0712421
5.95102e+09 85.8848 0.315026 0.3 27.056 0.0714016
5.97391e+09 84.8387 0.314446 0.3 26.6772 0.0715618
5.99689e+09 83.8038 0.313866 0.3 26.3032 0.0717228
6.01995e+09 82.7801 0.313288 0.3 25.934 0.0718845
6.04311e+09 81.7674 0.312711 0.3 25.5696 0.0720471
6.06635e+09 80.7657 0.312135 0.3 25.2098 0.0722104
6.08969e+09 79.7748 0.311559 0.3 24.8546 0.0723745
6.11311e+09 78.7947 0.310985 0.3 24.504 0.0725394
6.13662e+09 77.8252 0.310412 0.3 24.1579 0.0727051
6.16022e+09 76.8662 0.30984 0.3 23.8162 0.0728717
6.18392e+09 75.9177 0.309269 0.3 23.479 0.073039
6.2077e+09 74.9795 0.308698 0.3 23.1461 0.0732071
6.23158e+09 74.0516 0.308129 0.3 22.8175 0.0733761
6.25555e+09 73.1338 0.307561 0.3 22.4931 0.0735459
6.27961e+09 72.226 0.306994 0.3 22.1729 0.0737166
6.30376e+09 71.3282 0.306428 0.3 21.8569 0.0738881
6.32801e+09 70.4402 0.305863 0.3 21.545 0.0740604
6.35235e+09 69.562 0.305298 0.3 21.2372 0.0742336
6.37678e+09 68.6935 0.304735 0.3 20.9333 0.0744076
6.40131e+09 67.8345 0.304173 0.3 20.6334 0.0745826
6.42593e+09 66.985 0.303612 0.3 20.3375 0.0747583
6.45065e+09 66.1449 0.303052 0.3 20.0453 0.074935
6.47546e+09 65.3141 0.302493 0.3 19.757 0.0751126
6.50036e+09 64.4925 0.301935 0.3 19.4725 0.075291
6.52537e+09 63.68 0.301377 0.3 19.1917 0.0754703
6.55046e+09 62.8765 0.300821 0.3 18.9146 0.0756506
6.57566e+09 62.082 0.300266 0.3 18.6411 0.0758317
6.60095e+09 61.2963 0.299712 0.3 18.3712 0.0760138
6.62634e+09 60.5194 0.299158 0.3 18.1049 0.0761967
6.65183e+09 59.7512 0.298606 0.3 17.8421 0.0763806
6.67741e+09 58.9916 0.298055 0.3 17.5827 0.0765655
6.7031e+09 58.2404 0.297505 0.3 17.3268 0.0767513
6.72888e+09 57.4977 0.296955 0.3 17.0743 0.076938
6.75476e+09 56.7634 0.296407 0.3 16.8251 0.0771257
6.78074e+09 56.0373 0.29586 0.3 16.5792 0.0773143
6.80682e+09 55.3194 0.295313 0.3 16.3365 0.0775039
6.833e+09 54.6096 0.294768 0.3 16.0971 0.0776945
6.85928e+09 53.9078 0.294223 0.3 15.8609 0.0778861
6.88567e+09 53.214 0.29368 0.3 15.6279 0.0780786
6.91215e+09 52.528 0.293137 0.3 15.3979 0.0782722
6.93874e+09 51.8498 0.292596 0.3 15.171 0.0784667
6.96543e+09 51.1793 0.292055 0.3 14.9472 0.0786623
6.99222e+09 50.5165 0.291515 0.3 14.7263 0.0788589
7.01911e+09 49.8612 0.290977 0.3 14.5085 0.0790565
7.04611e+09 49.2134 0.290439 0.3 14.2935 0.0792551
7.07321e+09 48.573 0.289902 0.3 14.0814 0.0794548
7.10042e+09 47.9399 0.289366 0.3 13.8722 0.0796555
7.12773e+09 47.3141 0.288832 0.3 13.6658 0.0798573
7.15514e+09 46.6955 0.288298 0.3 13.4622 0.0800601
7.18266e+09 46.084 0.287765 0.3 13.2614 0.080264
7.21029e+09 45.4795 0.287233 0.3 13.0632 0.080469
7.23802e+09 44.8821 0.286702 0.3 12.8678 0.080675
7.26586e+09 44.2915 0.286172 0.3 12.675 0.0808822
7.29381e+09 43.7077 0.285642 0.3 12.4848 0.0810905
7.32186e+09 43.1308 0.285114 0.3 12.2972 0.0812998
7.35002e+09 42.5605 0.284587 0.3 12.1122 0.0815103
7.37829e+09 41.9968 0.28406 0.3 11.9296 0.0817219
7.40667e+09 41.4398 0.283535 0.3 11.7496 0.0819347
7.43516e+09 40.8892 0.283011 0.3 11.5721 0.0821485
7.46376e+09 40.345 0.282487 0.3 11.3969 0.0823636
7.49247e+09 39.8072 0.281964 0.3 11.2242 0.0825798
7.52129e+09 39.2757 0.281443 0.3 11.0539 0.0827971
7.55022e+09 38.7505 0.280922 0.3 10.8859 0.0830157
7.57926e+09 38.2314 0.280402 0.3 10.7202 0.0832354
7.60841e+09 37.7185 0.279883 0.3 10.5568 0.0834563
7.63767e+09 37.2115 0.279365 0.3 10.3956 0.0836784
7.66705e+09 36.7106 0.278848 0.3 10.2367 0.0839017
7.69654e+09 36.2156 0.278332 0.3 10.08 0.0841263
7.72614e+09 35.7264 0.277817 0.3 9.92541 0.084352
7.75586e+09 35.2431 0.277303 0.3 9.77301 0.084579
7.78569e+09 34.7655 0.276789 0.3 9.62272 0.0848073
7.81564e+09 34.2936 0.276277 0.3 9.47453 0.0850368
7.8457e+09 33.8273 0.275765 0.3 9.3284 0.0852676
7.87587e+09 33.3666 0.275255 0.3 9.18432 0.0854996
7.90617e+09 32.9114 0.274745 0.3 9.04224 0.0857329
7.93658e+09 32.4617 0.274236 0.3 8.90216 0.0859676
7.9671e+09 32.0173 0.273728 0.3 8.76404 0.0862035
7.99775e+09 31.5783 0.273221 0.3 8.62786 0.0864407
8.02851e+09 31.1446 0.272715 0.3 8.4936 0.0866793
8.05939e+09 30.7161 0.27221 0.3 8.36122 0.0869192
8.09039e+09 30.2927 0.271706 0.3 8.23071 0.0871604
8.12151e+09 29.8745 0.271202 0.3 8.10205 0.087403
8.15274e+09 29.4614 0.2707 0.3 7.9752 0.087647
8.1841e+09 29.0533 0.270198 0.3 7.85015 0.0878923
8.21558e+09 28.6501 0.269698 0.3 7.72688 0.0881391
8.24718e+09 28.2519 0.269198 0.3 7.60535 0.0883872
8.2789e+09 27.8585 0.268699 0.3 7.48556 0.0886367
8.31074e+09 27.4699 0.268201 0.3 7.36747 0.0888876
8.34271e+09 27.0861 0.267704 0.3 7.25106 0.08914
8.3748e+09 26.707 0.267208 0.3 7.13632 0.0893938
8.40701e+09 26.3325 0.266713 0.3 7.02322 0.0896491
8.43935e+09 25.9627 0.266218 0.3 6.91174 0.0899058
8.47181e+09 25.5974 0.265725 0.3 6.80185 0.090164
8.50439e+09 25.2366 0.265232 0.3 6.69355 0.0904237
8.5371e+09 24.8803 0.26474 0.3 6.58681 0.0906848
8.56994e+09 24.5284 0.264249 0.3 6.4816 0.0909475
8.6029e+09 24.1808 0.263759 0.3 6.37792 0.0912117
8.63599e+09 23.8376 0.26327 0.3 6.27573 0.0914774
8.66921e+09 23.4987 0.262782 0.3 6.17502 0.0917447
8.70255e+09 23.1639 0.262294 0.3 6.07577 0.0920135
8.73602e+09 22.8334 0.261808 0.3 5.97796 0.0922839
8.76962e+09 22.507 0.261322 0.3 5.88158 0.0925558
8.80336e+09 22.1847 0.260837 0.3 5.7866 0.0928294
8.83722e+09 21.8664 0.260353 0.3 5.693 0.0931045
8.87121e+09 21.5522 0.25987 0.3 5.60077 0.0933813
8.90533e+09 21.2419 0.259388 0.3 5.50989 0.0936597
8.93958e+09 20.9355 0.258907 0.3 5.42035 0.0939397
8.97396e+09 20.633 0.258427 0.3 5.33211 0.0942214
9.00848e+09 20.3343 0.257947 0.3 5.24518 0.0945048
9.04313e+09 20.0394 0.257468 0.3 5.15952 0.0947898
9.07791e+09 19.7483 0.25699 0.3 5.07513 0.0950766
9.11283e+09 19.4609 0.256513 0.3 4.99198 0.095365
9.14788e+09 19.1771 0.256037 0.3 4.91006 0.0956552
9.18307e+09 18.897 0.255562 0.3 4.82936 0.0959471
9.21839e+09 18.6205 0.255087 0.3 4.74985 0.0962407
9.25384e+09 18.3475 0.254614 0.3 4.67153 0.0965361
9.28944e+09 18.078 0.254141 0.3 4.59437 0.0968333
9.32517e+09 17.812 0.253669 0.3 4.51836 0.0971323
9.36103e+09 17.5494 0.253198 0.3 4.44348 0.097433
9.39704e+09 17.2902 0.252728 0.3 4.36973 0.0977356
9.43318e+09 17.0344 0.252259 0.3 4.29708 0.0980401
9.46946e+09 16.7819 0.25179 0.3 4.22552 0.0983463
9.50589e+09 16.5327 0.251322 0.3 4.15503 0.0986545
9.54245e+09 16.2867 0.250856 0.3 4.08561 0.0989645
9.57915e+09 16.0439 0.25039 0.3 4.01723 0.0992764
9.616e+09 15.8043 0.249924 0.3 3.94989 0.0995902
9.65298e+09 15.5679 0.24946 0.3 3.88356 0.099906
9.69011e+09 15.3345 0.248997 0.3 3.81824 0.100224
9.72738e+09 15.1042 0.248534 0.3 3.75391 0.100543
9.7648e+09 14.8769 0.248072 0.3 3.69056 0.100865
9.80236e+09 14.6527 0.247611 0.3 3.62817 0.101189
9.84006e+09 14.4314 0.247151 0.3 3.56673 0.101514
9.87791e+09 14.213 0.246692 0.3 3.50623 0.101842
9.9159e+09 13.9975 0.246233 0.3 3.44666 0.102171
9.95404e+09 13.7849 0.245776 0.3 3.388 0.102503
9.99233e+09 13.5751 0.245319 0.3 3.33023 0.102837
1.00308e+10 13.3682 0.244863 0.3 3.27336 0.103173
1.00693e+10 13.1639 0.244407 0.3 3.21736 0.103511
1.01081e+10 12.9625 0.243953 0.3 3.16223 0.103851
1.01469e+10 12.7637 0.2435 0.3 3.10795 0.104193
1.0186e+10 12.5676 0.243047 0.3 3.05451 0.104538
1.02252e+10 12.3741 0.242595 0.3 3.0019 0.104884
1.02645e+10 12.1833 0.242144 0.3 2.9501 0.105233
1.0304e+10 11.995 0.241693 0.3 2.89911 0.105584
1.03436e+10 11.8093 0.241244 0.3 2.84891 0.105937
1.03834e+10 11.6261 0.240795 0.3 2.7995 0.106293
1.04233e+10 11.4454 0.240347 0.3 2.75086 0.10665
1.04634e+10 11.2671 0.2399 0.3 2.70299 0.10701
1.05037e+10 11.0913 0.239454 0.3 2.65586 0.107373
1.05441e+10 10.9179 0.239009 0.3 2.60947 0.107738
1.05846e+10 10.7469 0.238564 0.3 2.56382 0.108105
1.06253e+10 10.5782 0.23812 0.3 2.51888 0.108474
1.06662e+10 10.4118 0.237677 0.3 2.47465 0.108846
1.07072e+10 10.2478 0.237235 0.3 2.43113 0.10922
1.07484e+10 10.086 0.236793 0.3 2.38829 0.109596
1.07897e+10 9.92642 0.236353 0.3 2.34613 0.109976
1.08312e+10 9.76908 0.235913 0.3 2.30465 0.110357
1.08729e+10 9.61392 0.235474 0.3 2.26382 0.110741
1.09147e+10 9.46093 0.235035 0.3 2.22365 0.111128
1.09567e+10 9.31006 0.234598 0.3 2.18412 0.111517
1.09988e+10 9.16131 0.234161 0.3 2.14522 0.111908
1.10412e+10 9.01465 0.233725 0.3 2.10695 0.112302
1.10836e+10 8.87004 0.23329 0.3 2.06929 0.112699
1.11262e+10 8.72747 0.232856 0.3 2.03224 0.113099
1.1169e+10 8.58691 0.232422 0.3 1.99579 0.113501
1.1212e+10 8.44833 0.231989 0.3 1.95992 0.113905
1.12551e+10 8.31172 0.231557 0.3 1.92464 0.114313
1.12984e+10 8.17704 0.231126 0.3 1.88993 0.114723
1.13419e+10 8.04428 0.230696 0.3 1.85578 0.115136
1.13855e+10 7.91341 0.230266 0.3 1.82219 0.115552
1.14293e+10 7.7844 0.229837 0.3 1.78915 0.11597
1.14733e+10 7.65724 0.229409 0.3 1.75664 0.116391
1.15174e+10 7.53191 0.228982 0.3 1.72467 0.116815
1.15617e+10 7.40837 0.228555 0.3 1.69322 0.117242
1.16062e+10 7.28661 0.228129 0.3 1.66229 0.117672
1.16508e+10 7.16661 0.227704 0.3 1.63187 0.118105
1.16956e+10 7.04834 0.22728 0.3 1.60195 0.11854
1.17406e+10 6.93179 0.226857 0.3 1.57252 0.118979
1.17857e+10 6.81692 0.226434 0.3 1.54358 0.119421
1.18311e+10 6.70373 0.226012 0.3 1.51512 0.119865
1.18766e+10 6.59219 0.225591 0.3 1.48714 0.120313
1.19223e+10 6.48227 0.22517 0.3 1.45962 0.120764
1.19681e+10 6.37397 0.224751 0.3 1.43255 0.121217
1.20142e+10 6.26725 0.224332 0.3 1.40594 0.121674
1.20604e+10 6.1621 0.223914 0.3 1.37978 0.122134
1.21068e+10 6.0585 0.223496 0.3 1.35405 0.122598
1.21533e+10 5.95643 0.22308 0.3 1.32876 0.123064
1.22001e+10 5.85587 0.222664 0.3 1.30389 0.123534
1.2247e+10 5.7568 0.222249 0.3 1.27944 0.124007
1.22941e+10 5.6592 0.221834 0.3 1.25541 0.124483
1.23414e+10 5.56305 0.221421 0.3 1.23178 0.124963
1.23889e+10 5.46834 0.221008 0.3 1.20855 0.125446
1.24365e+10 5.37505 0.220596 0.3 1.18571 0.125932
1.24843e+10 5.28315 0.220184 0.3 1.16327 0.126422
1.25324e+10 5.19264 0.219774 0.3 1.14121 0.126915
1.25806e+10 5.10348 0.219364 0.3 1.11952 0.127412
1.26289e+10 5.01567 0.218955 0.3 1.09821 0.127912
1.26775e+10 4.92919 0.218546 0.3 1.07726 0.128416
1.27263e+10 4.84402 0.218139 0.3 1.05667 0.128923
1.27752e+10 4.76014 0.217732 0.3 1.03643 0.129434
1.28244e+10 4.67754 0.217326 0.3 1.01655 0.129949
1.28737e+10 4.59619 0.21692 0.3 0.997007 0.130467
1.29232e+10 4.51609 0.216515 0.3 0.977804 0.130989
1.29729e+10 4.43722 0.216111 0.3 0.958934 0.131515
1.30228e+10 4.35956 0.215708 0.3 0.940393 0.132044
1.30729e+10 4.28309 0.215306 0.3 0.922174 0.132577
1.31232e+10 4.2078 0.214904 0.3 0.904273 0.133115
1.31737e+10 4.13368 0.214503 0.3 0.886686 0.133656
1.32243e+10 4.0607 0.214103 0.3 0.869407 0.134201
1.32752e+10 3.98886 0.213703 0.3 0.852431 0.13475
1.33263e+10 3.91813 0.213304 0.3 0.835754 0.135303
1.33775e+10 3.84851 0.212906 0.3 0.81937 0.13586
1.3429e+10 3.77998 0.212508 0.3 0.803277 0.136421
1.34806e+10 3.71251 0.212112 0.3 0.787468 0.136986
1.35325e+10 3.64611 0.211716 0.3 0.771939 0.137555
1.35845e+10 3.58075 0.211321 0.3 0.756687 0.138129
1.36368e+10 3.51643 0.210926 0.3 0.741706 0.138706
1.36892e+10 3.45312 0.210532 0.3 0.726992 0.139288
1.37419e+10 3.39081 0.210139 0.3 0.712542 0.139875
1.37947e+10 3.32949 0.209747 0.3 0.69835 0.140465
1.38478e+10 3.26915 0.209355 0.3 0.684413 0.14106
1.39011e+10 3.20977 0.208964 0.3 0.670727 0.14166
1.39545e+10 3.15134 0.208574 0.3 0.657287 0.142264
1.40082e+10 3.09385 0.208184 0.3 0.644091 0.142872
1.40621e+10 3.03728 0.207795 0.3 0.631133 0.143485
1.41162e+10 2.98162 0.207407 0.3 0.61841 0.144103
1.41705e+10 2.92686 0.20702 0.3 0.605918 0.144725
1.4225e+10 2.87299 0.206633 0.3 0.593654 0.145352
1.42797e+10 2.81998 0.206247 0.3 0.581613 0.145984
1.43346e+10 2.76784 0.205862 0.3 0.569793 0.146621
1.43897e+10 2.71655 0.205477 0.3 0.558189 0.147262
1.44451e+10 2.6661 0.205093 0.3 0.546799 0.147908
1.45006e+10 2.61647 0.20471 0.3 0.535618 0.148559
1.45564e+10 2.56766 0.204327 0.3 0.524643 0.149216
1.46124e+10 2.51965 0.203945 0.3 0.513871 0.149877
1.46686e+10 2.47243 0.203564 0.3 0.503298 0.150543
1.4725e+10 2.42599 0.203184 0.3 0.492921 0.151214
1.47817e+10 2.38032 0.202804 0.3 0.482738 0.151891
1.48385e+10 2.3354 0.202425 0.3 0.472744 0.152573
1.48956e+10 2.29124 0.202047 0.3 0.462937 0.15326
1.49529e+10 2.24781 0.201669 0.3 0.453313 0.153952
1.50104e+10 2.2051 0.201292 0.3 0.44387 0.15465
1.50681e+10 2.16312 0.200916 0.3 0.434604 0.155353
1.51261e+10 2.12183 0.20054 0.3 0.425513 0.156062
1.51843e+10 2.08125 0.200165 0.3 0.416593 0.156776
1.52427e+10 2.04134 0.199791 0.3 0.407842 0.157496
1.53013e+10 2.00212 0.199417 0.3 0.399257 0.158222
1.53602e+10 1.96356 0.199044 0.3 0.390835 0.158953
1.54192e+10 1.92565 0.198672 0.3 0.382573 0.15969
1.54785e+10 1.88839 0.198301 0.3 0.374469 0.160433
1.55381e+10 1.85176 0.19793 0.3 0.366519 0.161182
1.55978e+10 1.81577 0.19756 0.3 0.358722 0.161937
1.56578e+10 1.78039 0.19719 0.3 0.351075 0.162697
1.57181e+10 1.74562 0.196821 0.3 0.343575 0.163464
1.57785e+10 1.71145 0.196453 0.3 0.336219 0.164237
1.58392e+10 1.67787 0.196086 0.3 0.329006 0.165016
1.59001e+10 1.64487 0.195719 0.3 0.321932 0.165802
1.59613e+10 1.61245 0.195353 0.3 0.314996 0.166593
1.60227e+10 1.58059 0.194987 0.3 0.308194 0.167391
1.60843e+10 1.54928 0.194622 0.3 0.301525 0.168196
1.61462e+10 1.51853 0.194258 0.3 0.294987 0.169007
1.62083e+10 1.48831 0.193895 0.3 0.288576 0.169825
1.62706e+10 1.45863 0.193532 0.3 0.282292 0.170649
1.63332e+10 1.42947 0.19317 0.3 0.27613 0.17148
1.6396e+10 1.40082 0.192808 0.3 0.270091 0.172318
1.64591e+10 1.37269 0.192447 0.3 0.26417 0.173163
1.65224e+10 1.34505 0.192087 0.3 0.258367 0.174015
1.65859e+10 1.31791 0.191728 0.3 0.252679 0.174873
1.66497e+10 1.29124 0.191369 0.3 0.247104 0.175739
1.67138e+10 1.26506 0.191011 0.3 0.24164 0.176612
1.67781e+10 1.23935 0.190653 0.3 0.236286 0.177492
1.68426e+10 1.2141 0.190296 0.3 0.231038 0.17838
1.69074e+10 1.1893 0.18994 0.3 0.225896 0.179275
1.69724e+10 1.16496 0.189584 0.3 0.220857 0.180177
1.70377e+10 1.14105 0.189229 0.3 0.21592 0.181087
1.71032e+10 1.11758 0.188875 0.3 0.211083 0.182004
1.7169e+10 1.09454 0.188521 0.3 0.206343 0.18293
1.7235e+10 1.07191 0.188168 0.3 0.2017 0.183863
1.73013e+10 1.0497 0.187816 0.3 0.197151 0.184804
1.73679e+10 1.0279 0.187464 0.3 0.192695 0.185752
1.74347e+10 1.0065 0.187113 0.3 0.18833 0.186709
1.75017e+10 0.9855 0.186763 0.3 0.184055 0.187674
1.7569e+10 0.964884 0.186413 0.3 0.179867 0.188648
1.76366e+10 0.944651 0.186064 0.3 0.175765 0.189629
1.77045e+10 0.924793 0.185715 0.3 0.171748 0.190619
1.77726e+10 0.905306 0.185368 0.3 0.167814 0.191617
1.78409e+10 0.886183 0.18502 0.3 0.163962 0.192624
1.79095e+10 0.867418 0.184674 0.3 0.160189 0.19364
1.79784e+10 0.849006 0.184328 0.3 0.156495 0.194665
1.80476e+10 0.830941 0.183982 0.3 0.152878 0.195698
1.8117e+10 0.813216 0.183638 0.3 0.149337 0.19674
1.81867e+10 0.795828 0.183294 0.3 0.14587 0.197791
1.82566e+10 0.778769 0.18295 0.3 0.142476 0.198852
1.83268e+10 0.762035 0.182607 0.3 0.139153 0.199922
1.83973e+10 0.74562 0.182265 0.3 0.135901 0.201001
1.84681e+10 0.72952 0.181924 0.3 0.132717 0.202089
1.85391e+10 0.713728 0.181583 0.3 0.129601 0.203187
1.86104e+10 0.69824 0.181242 0.3 0.126551 0.204295
1.8682e+10 0.68305 0.180903 0.3 0.123566 0.205413
1.87539e+10 0.668154 0.180563 0.3 0.120644 0.20654
1.8826e+10 0.653547 0.180225 0.3 0.117786 0.207678
1.88984e+10 0.639224 0.179887 0.3 0.114988 0.208825
1.89711e+10 0.62518 0.17955 0.3 0.112251 0.209983
1.90441e+10 0.61141 0.179213 0.3 0.109573 0.211151
1.91173e+10 0.59791 0.178877 0.3 0.106953 0.212329
1.91909e+10 0.584675 0.178542 0.3 0.104389 0.213519
1.92647e+10 0.571701 0.178207 0.3 0.101881 0.214718
1.93388e+10 0.558982 0.177873 0.3 0.099428 0.215929
1.94132e+10 0.546516 0.17754 0.3 0.0970283 0.217151
1.94878e+10 0.534297 0.177207 0.3 0.0946811 0.218383
1.95628e+10 0.522321 0.176874 0.3 0.0923853 0.219627
1.9638e+10 0.510585 0.176543 0.3 0.09014 0.220882
1.97136e+10 0.499083 0.176212 0.3 0.0879442 0.222149
1.97894e+10 0.487812 0.175881 0.3 0.0857969 0.223427
1.98655e+10 0.476767 0.175551 0.3 0.0836971 0.224717
1.99419e+10 0.465945 0.175222 0.3 0.0816439 0.226018
2.00186e+10 0.455343 0.174893 0.3 0.0796364 0.227332
2.00956e+10 0.444955 0.174565 0.3 0.0776737 0.228658
2.01729e+10 0.434778 0.174238 0.3 0.0757548 0.229996
2.02505e+10 0.424809 0.173911 0.3 0.073879 0.231346
2.03284e+10 0.415044 0.173585 0.3 0.0720453 0.232709
2.04066e+10 0.405479 0.173259 0.3 0.0702529 0.234085
2.04851e+10 0.39611 0.172934 0.3 0.068501 0.235473
2.05638e+10 0.386935 0.17261 0.3 0.0667887 0.236875
2.06429e+10 0.377949 0.172286 0.3 0.0651153 0.238289
2.07223e+10 0.36915 0.171962 0.3 0.0634799 0.239717
2.0802e+10 0.360533 0.17164 0.3 0.0618818 0.241159
2.08821e+10 0.352096 0.171318 0.3 0.0603202 0.242614
2.09624e+10 0.343835 0.170996 0.3 0.0587945 0.244082
2.1043e+10 0.335747 0.170675 0.3 0.0573037 0.245565
2.11239e+10 0.327829 0.170355 0.3 0.0558473 0.247062
2.12052e+10 0.320078 0.170035 0.3 0.0544246 0.248573
2.12868e+10 0.312491 0.169716 0.3 0.0530347 0.250098
2.13686e+10 0.305064 0.169397 0.3 0.0516771 0.251638
2.14508e+10 0.297795 0.169079 0.3 0.0503511 0.253193
2.15333e+10 0.290681 0.168762 0.3 0.049056 0.254763
2.16161e+10 0.283719 0.168445 0.3 0.0477912 0.256348
2.16993e+10 0.276906 0.168129 0.3 0.046556 0.257948
2.17827e+10 0.27024 0.167813 0.3 0.0453498 0.259564
2.18665e+10 0.263716 0.167498 0.3 0.0441721 0.261195
2.19506e+10 0.257334 0.167184 0.3 0.0430221 0.262842
2.20351e+10 0.25109 0.16687 0.3 0.0418994 0.264506
2.21198e+10 0.244982 0.166557 0.3 0.0408033 0.266185
2.22049e+10 0.239006 0.166244 0.3 0.0397333 0.267881
2.22903e+10 0.233161 0.165932 0.3 0.0386888 0.269594
2.2376e+10 0.227444 0.16562 0.3 0.0376693 0.271324
2.24621e+10 0.221853 0.165309 0.3 0.0366743 0.273071
2.25485e+10 0.216385 0.164999 0.3 0.0357032 0.274835
2.26352e+10 0.211037 0.164689 0.3 0.0347554 0.276616
2.27223e+10 0.205808 0.164379 0.3 0.0338306 0.278415
2.28097e+10 0.200695 0.164071 0.3 0.0329282 0.280233
2.28974e+10 0.195696 0.163762 0.3 0.0320476 0.282068
2.29855e+10 0.190809 0.163455 0.3 0.0311886 0.283922
2.30739e+10 0.186031 0.163148 0.3 0.0303505 0.285794
2.31627e+10 0.18136 0.162841 0.3 0.0295329 0.287685
2.32517e+10 0.176794 0.162535 0.3 0.0287353 0.289595
2.33412e+10 0.172332 0.16223 0.3 0.0279574 0.291525
2.3431e+10 0.167971 0.161925 0.3 0.0271987 0.293474
2.35211e+10 0.163708 0.161621 0.3 0.0264587 0.295443
2.36115e+10 0.159543 0.161317 0.3 0.0257371 0.297432
2.37024e+10 0.155473 0.161014 0.3 0.0250334 0.299442
2.37935e+10 0.151497 0.160712 0.3 0.0243473 0.301472
2.3885e+10 0.147611 0.16041 0.3 0.0236783 0.303522
2.39769e+10 0.143815 0.160108 0.3 0.023026 0.305594
2.40691e+10 0.140107 0.159807 0.3 0.0223901 0.307687
2.41617e+10 0.136485 0.159507 0.3 0.0217703 0.309802
2.42546e+10 0.132947 0.159207 0.3 0.0211661 0.311939
2.43479e+10 0.129491 0.158908 0.3 0.0205772 0.314098
2.44416e+10 0.126117 0.158609 0.3 0.0200032 0.31628
2.45356e+10 0.122821 0.158311 0.3 0.0194439 0.318484
2.463e+10 0.119603 0.158013 0.3 0.0188988 0.320711
2.47247e+10 0.11646 0.157716 0.3 0.0183677 0.322962
2.48198e+10 0.113392 0.15742 0.3 0.0178502 0.325236
2.49153e+10 0.110397 0.157124 0.3 0.017346 0.327535
2.50111e+10 0.107473 0.156829 0.3 0.0168548 0.329857
2.51073e+10 0.104618 0.156534 0.3 0.0163763 0.332204
2.52039e+10 0.101832 0.156239 0.3 0.0159102 0.334577
2.53008e+10 0.0991131 0.155946 0.3 0.0154563 0.336974
2.53981e+10 0.0964593 0.155652 0.3 0.0150141 0.339397
2.54958e+10 0.0938695 0.15536 0.3 0.0145835 0.341846
2.55939e+10 0.0913423 0.155068 0.3 0.0141642 0.344321
2.56923e+10 0.0888765 0.154776 0.3 0.013756 0.346823
2.57911e+10 0.0864708 0.154485 0.3 0.0133584 0.349352
2.58903e+10 0.0841237 0.154194 0.3 0.0129714 0.351908
2.59899e+10 0.0818341 0.153904 0.3 0.0125946 0.354492
2.60899e+10 0.0796007 0.153615 0.3 0.0122279 0.357104
2.61902e+10 0.0774224 0.153326 0.3 0.0118709 0.359744
2.6291e+10 0.0752978 0.153038 0.3 0.0115234 0.362413
2.63921e+10 0.0732258 0.15275 0.3 0.0111852 0.365112
2.64936e+10 0.0712053 0.152462 0.3 0.0108561 0.36784
2.65955e+10 0.0692352 0.152176 0.3 0.0105359 0.370598
2.66978e+10 0.0673143 0.151889 0.3 0.0102243 0.373386
2.68005e+10 0.0654416 0.151604 0.3 0.00992118 0.376205
2.69036e+10 0.0636159 0.151318 0.3 0.00962625 0.379056
2.70071e+10 0.0618362 0.151034 0.3 0.00933936 0.381938
2.71109e+10 0.0601016 0.15075 0.3 0.00906029 0.384852
2.72152e+10 0.0584109 0.150466 0.3 0.00878885 0.387799
2.73199e+10 0.0567633 0.150183 0.3 0.00852487 0.390779
2.7425e+10 0.0551577 0.1499 0.3 0.00826814 0.393792
2.75304e+10 0.0535931 0.149618 0.3 0.0080185 0.396839
2.76363e+10 0.0520687 0.149337 0.3 0.00777577 0.399921
2.77426e+10 0.0505836 0.149056 0.3 0.00753977 0.403037
2.78493e+10 0.0491368 0.148775 0.3 0.00731033 0.406189
2.79565e+10 0.0477275 0.148495 0.3 0.00708729 0.409376
2.8064e+10 0.0463547 0.148216 0.3 0.00687049 0.4126
2.81719e+10 0.0450178 0.147937 0.3 0.00665977 0.41586
2.82803e+10 0.0437157 0.147658 0.3 0.00645498 0.419158
2.83891e+10 0.0424478 0.14738 0.3 0.00625596 0.422494
2.84983e+10 0.0412132 0.147103 0.3 0.00606258 0.425868
2.86079e+10 0.0400112 0.146826 0.3 0.00587467 0.429281
2.87179e+10 0.0388409 0.146549 0.3 0.00569211 0.432734
2.88284e+10 0.0377017 0.146274 0.3 0.00551476 0.436227
2.89392e+10 0.0365927 0.145998 0.3 0.00534247 0.43976
2.90506e+10 0.0355134 0.145723 0.3 0.00517513 0.443335
2.91623e+10 0.034463 0.145449 0.3 0.0050126 0.446951
2.92745e+10 0.0334407 0.145175 0.3 0.00485476 0.450609
2.93871e+10 0.032446 0.144902 0.3 0.00470148 0.454311
2.95001e+10 0.0314781 0.144629 0.3 0.00455264 0.458056
2.96136e+10 0.0305364 0.144357 0.3 0.00440814 0.461846
2.97275e+10 0.0296204 0.144085 0.3 0.00426784 0.46568
2.98418e+10 0.0287293 0.143813 0.3 0.00413165 0.46956
2.99566e+10 0.0278625 0.143543 0.3 0.00399946 0.473486
3.00718e+10 0.0270195 0.143272 0.3 0.00387115 0.477459
3.01875e+10 0.0261997 0.143002 0.3 0.00374663 0.481479
3.03036e+10 0.0254026 0.142733 0.3 0.00362578 0.485548
3.04201e+10 0.0246274 0.142464 0.3 0.00350853 0.489666
3.05371e+10 0.0238738 0.142196 0.3 0.00339476 0.493833
3.06546e+10 0.0231412 0.141928 0.3 0.00328438 0.49805
3.07725e+10 0.022429 0.141661 0.3 0.0031773 0.502319
3.08909e+10 0.0217367 0.141394 0.3 0.00307344 0.50664
3.10097e+10 0.0210639 0.141128 0.3 0.0029727 0.511013
3.11289e+10 0.0204101 0.140862 0.3 0.002875 0.515439
3.12487e+10 0.0197748 0.140596 0.3 0.00278026 0.51992
3.13689e+10 0.0191574 0.140331 0.3 0.00268839 0.524456
3.14895e+10 0.0185576 0.140067 0.3 0.00259931 0.529048
3.16106e+10 0.017975 0.139803 0.3 0.00251296 0.533696
3.17322e+10 0.017409 0.13954 0.3 0.00242924 0.538402
3.18543e+10 0.0168592 0.139277 0.3 0.0023481 0.543166
3.19768e+10 0.0163253 0.139014 0.3 0.00226945 0.54799
3.20998e+10 0.0158068 0.138752 0.3 0.00219323 0.552874
3.22233e+10 0.0153033 0.138491 0.3 0.00211937 0.557819
3.23472e+10 0.0148144 0.13823 0.3 0.0020478 0.562825
3.24716e+10 0.0143398 0.137969 0.3 0.00197846 0.567895
3.25965e+10 0.0138791 0.137709 0.3 0.00191128 0.573029
3.27219e+10 0.0134319 0.13745 0.3 0.00184621 0.578227
3.28477e+10 0.0129978 0.137191 0.3 0.00178318 0.583492
3.29741e+10 0.0125766 0.136932 0.3 0.00172214 0.588823
3.31009e+10 0.0121678 0.136674 0.3 0.00166302 0.594223
3.32282e+10 0.0117711 0.136417 0.3 0.00160578 0.599691
3.3356e+10 0.0113863 0.136159 0.3 0.00155035 0.605229
3.34843e+10 0.011013 0.135903 0.3 0.00149669 0.610839
3.36131e+10 0.0106508 0.135647 0.3 0.00144475 0.61652
3.37424e+10 0.0102996 0.135391 0.3 0.00139447 0.622275
3.38722e+10 0.00995892 0.135136 0.3 0.0013458 0.628105
3.40025e+10 0.00962857 0.134881 0.3 0.00129871 0.63401
3.41333e+10 0.00930824 0.134626 0.3 0.00125314 0.639992
3.42645e+10 0.00899766 0.134373 0.3 0.00120904 0.646052
3.43963e+10 0.00869657 0.134119 0.3 0.00116638 0.652192
3.45286e+10 0.0084047 0.133866 0.3 0.00112511 0.658412
3.46614e+10 0.0081218 0.133614 0.3 0.00108519 0.664714
3.47948e+10 0.00784762 0.133362 0.3 0.00104657 0.671099
3.49286e+10 0.00758192 0.133111 0.3 0.00100923 0.677568
3.50629e+10 0.00732446 0.13286 0.3 0.000973124 0.684123
3.51978e+10 0.00707501 0.132609 0.3 0.00093821 0.690766
3.53332e+10 0.00683335 0.132359 0.3 0.000904454 0.697496
3.54691e+10 0.00659925 0.132109 0.3 0.000871823 0.704317
3.56055e+10 0.00637251 0.13186 0.3 0.00084028 0.71123
3.57425e+10 0.00615291 0.131611 0.3 0.000809794 0.718235
3.58799e+10 0.00594026 0.131363 0.3 0.000780331 0.725335
3.60179e+10 0.00573435 0.131115 0.3 0.000751861 0.732531
3.61565e+10 0.00553499 0.130868 0.3 0.000724353 0.739824
3.62955e+10 0.00534199 0.130621 0.3 0.000697777 0.747216
3.64351e+10 0.00515516 0.130375 0.3 0.000672104 0.754709
3.65753e+10 0.00497434 0.130129 0.3 0.000647306 0.762305
3.6716e+10 0.00479934 0.129883 0.3 0.000623355 0.770004
3.68572e+10 0.00463 0.129638 0.3 0.000600226 0.777809
3.69989e+10 0.00446615 0.129394 0.3 0.000577892 0.785722
3.71413e+10 0.00430763 0.12915 0.3 0.000556329 0.793744
3.72841e+10 0.00415427 0.128906 0.3 0.000535511 0.801878
3.74275e+10 0.00400594 0.128663 0.3 0.000515416 0.810124
3.75715e+10 0.00386248 0.12842 0.3 0.00049602 0.818485
3.7716e+10 0.00372374 0.128178 0.3 0.000477301 0.826963
3.78611e+10 0.00358959 0.127936 0.3 0.000459237 0.835559
3.80067e+10 0.00345988 0.127694 0.3 0.000441808 0.844277
3.81529e+10 0.00333449 0.127453 0.3 0.000424993 0.853117
3.82996e+10 0.00321328 0.127213 0.3 0.000408771 0.862081
3.84469e+10 0.00309613 0.126973 0.3 0.000393125 0.871173
3.85948e+10 0.00298291 0.126733 0.3 0.000378034 0.880394
3.87433e+10 0.0028735 0.126494 0.3 0.000363481 0.889746
3.88923e+10 0.00276779 0.126255 0.3 0.000349449 0.899232
3.90419e+10 0.00266567 0.126017 0.3 0.000335919 0.908853
3.9192e+10 0.00256701 0.125779 0.3 0.000322877 0.918613
3.93428e+10 0.00247173 0.125542 0.3 0.000310305 0.928513
3.94941e+10 0.0023797 0.125305 0.3 0.000298188 0.938556
3.9646e+10 0.00229083 0.125068 0.3 0.00028651 0.948745
3.97985e+10 0.00220503 0.124832 0.3 0.000275258 0.959081
3.99516e+10 0.00212218 0.124597 0.3 0.000264417 0.969568
4.01052e+10 0.00204221 0.124361 0.3 0.000253972 0.980208
4.02595e+10 0.00196503 0.124127 0.3 0.000243912 0.991003
4.04143e+10 0.00189053 0.123892 0.3 0.000234222 1.00196
4.05698e+10 0.00181864 0.123658 0.3 0.00022489 1.01307
4.07258e+10 0.00174928 0.123425 0.3 0.000215905 1.02435
4.08825e+10 0.00168236 0.123192 0.3 0.000207253 1.0358
4.10397e+10 0.00161781 0.122959 0.3 0.000198924 1.04742
4.11976e+10 0.00155554 0.122727 0.3 0.000190907 1.0592
4.1356e+10 0.00149549 0.122495 0.3 0.00018319 1.07117
4.15151e+10 0.00143758 0.122264 0.3 0.000175764 1.08331
4.16748e+10 0.00138175 0.122033 0.3 0.000168619 1.09564
4.18351e+10 0.00132792 0.121803 0.3 0.000161744 1.10815
4.1996e+10 0.00127603 0.121573 0.3 0.00015513 1.12085
4.21575e+10 0.00122601 0.121343 0.3 0.000148768 1.13375
4.23197e+10 0.00117781 0.121114 0.3 0.00014265 1.14684
4.24824e+10 0.00113137 0.120885 0.3 0.000136765 1.16013
4.26458e+10 0.00108662 0.120657 0.3 0.000131108 1.17362
4.28099e+10 0.00104351 0.120429 0.3 0.000125668 1.18731
4.29745e+10 0.00100198 0.120201 0.3 0.000120439 1.20122
4.31398e+10 0.000961981 0.119974 0.3 0.000115413 1.21535
4.33057e+10 0.000923463 0.119748 0.3 0.000110583 1.22969
4.34723e+10 0.000886375 0.119522 0.3 0.000105941 1.24425
4.36395e+10 0.000850667 0.119296 0.3 0.000101481 1.25904
4.38074e+10 0.000816292 0.11907 0.3 9.71963e-05 1.27406
4.39759e+10 0.000783206 0.118845 0.3 9.30805e-05 1.28931
4.4145e+10 0.000751363 0.118621 0.3 8.91274e-05 1.3048
4.43148e+10 0.000720721 0.118397 0.3 8.53311e-05 1.32054
4.44853e+10 0.000691238 0.118173 0.3 8.16858e-05 1.33652
4.46564e+10 0.000662875 0.11795 0.3 7.8186e-05 1.35276
4.48281e+10 0.000635591 0.117727 0.3 7.48263e-05 1.36925
4.50005e+10 0.00060935 0.117505 0.3 7.16015e-05 1.38601
4.51736e+10 0.000584115 0.117283 0.3 6.85066e-05 1.40303
4.53474e+10 0.000559851 0.117061 0.3 6.55367e-05 1.42033
4.55218e+10 0.000536523 0.11684 0.3 6.26872e-05 1.4379
4.56969e+10 0.000514097 0.116619 0.3 5.99535e-05 1.45575
4.58727e+10 0.000492543 0.116399 0.3 5.73313e-05 1.47389
4.60491e+10 0.000471829 0.116179 0.3 5.48164e-05 1.49233
4.62262e+10 0.000451924 0.115959 0.3 5.24047e-05 1.51106
4.6404e+10 0.000432801 0.11574 0.3 5.00923e-05 1.5301
4.65825e+10 0.000414429 0.115521 0.3 4.78754e-05 1.54945
4.67617e+10 0.000396783 0.115303 0.3 4.57503e-05 1.56912
4.69415e+10 0.000379836 0.115085 0.3 4.37134e-05 1.58911
4.71221e+10 0.000363563 0.114867 0.3 4.17615e-05 1.60942
4.73033e+10 0.000347938 0.11465 0.3 3.98912e-05 1.63008
4.74853e+10 0.000332939 0.114434 0.3 3.80994e-05 1.65107
4.76679e+10 0.000318542 0.114217 0.3 3.63829e-05 1.67241
4.78513e+10 0.000304724 0.114001 0.3 3.47389e-05 1.69411
4.80353e+10 0.000291465 0.113786 0.3 3.31645e-05 1.71617
4.82201e+10 0.000278743 0.113571 0.3 3.1657e-05 1.7386
4.84055e+10 0.000266538 0.113356 0.3 3.02137e-05 1.7614
4.85917e+10 0.000254832 0.113142 0.3 2.88321e-05 1.78459
4.87786e+10 0.000243604 0.112928 0.3 2.75097e-05 1.80817
4.89662e+10 0.000232838 0.112714 0.3 2.62442e-05 1.83215
4.91546e+10 0.000222516 0.112501 0.3 2.50333e-05 1.85654
4.93436e+10 0.00021262 0.112289 0.3 2.38748e-05 1.88134
4.95334e+10 0.000203135 0.112076 0.3 2.27666e-05 1.90657
4.97239e+10 0.000194045 0.111864 0.3 2.17067e-05 1.93222
4.99152e+10 0.000185334 0.111653 0.3 2.06931e-05 1.95832
5.01072e+10 0.000176989 0.111442 0.3 1.97239e-05 1.98487
5.02999e+10 0.000168994 0.111231 0.3 1.87974e-05 2.01188
5.04934e+10 0.000161336 0.111021 0.3 1.79117e-05 2.03936
5.06876e+10 0.000154003 0.110811 0.3 1.70652e-05 2.06731
5.08825e+10 0.000146981 0.110601 0.3 1.62562e-05 2.09575
5.10783e+10 0.000140258 0.110392 0.3 1.54833e-05 2.12469
5.12747e+10 0.000133822 0.110183 0.3 1.47449e-05 2.15413
5.14719e+10 0.000127662 0.109975 0.3 1.40397e-05 2.1841
5.16699e+10 0.000121768 0.109767 0.3 1.33661e-05 2.21459
5.18687e+10 0.000116128 0.109559 0.3 1.27229e-05 2.24562
5.20682e+10 0.000110732 0.109352 0.3 1.21088e-05 2.27721
5.22684e+10 0.000105571 0.109145 0.3 1.15225e-05 2.30935
5.24695e+10 0.000100635 0.108939 0.3 1.0963e-05 2.34207
5.26713e+10 9.59143e-05 0.108733 0.3 1.0429e-05 2.37537
5.28739e+10 9.14012e-05 0.108527 0.3 9.91949e-06 2.40928
5.30772e+10 8.7087e-05 0.108322 0.3 9.4334e-06 2.44379
5.32814e+10 8.29634e-05 0.108117 0.3 8.96973e-06 2.47893
5.34863e+10 7.90226e-05 0.107912 0.3 8.52751e-06 2.5147
5.3692e+10 7.52572e-05 0.107708 0.3 8.10581e-06 2.55113
5.38986e+10 7.16598e-05 0.107504 0.3 7.70374e-06 2.58822
5.41059e+10 6.82236e-05 0.107301 0.3 7.32045e-06 2.62598
5.4314e+10 6.49418e-05 0.107098 0.3 6.95513e-06 2.66444
5.45229e+10 6.18079e-05 0.106895 0.3 6.60698e-06 2.70361
5.47326e+10 5.88159e-05 0.106693 0.3 6.27524e-06 2.7435
5.49431e+10 5.59596e-05 0.106491 0.3 5.9592e-06 2.78412
5.51544e+10 5.32335e-05 0.10629 0.3 5.65816e-06 2.8255
5.53666e+10 5.06319e-05 0.106089 0.3 5.37146e-06 2.86766
5.55795e+10 4.81496e-05 0.105888 0.3 5.09845e-06 2.91059
5.57933e+10 4.57814e-05 0.105687 0.3 4.83852e-06 2.95434
5.60079e+10 4.35227e-05 0.105487 0.3 4.59109e-06 2.9989
5.62233e+10 4.13685e-05 0.105288 0.3 4.35559e-06 3.0443
5.64396e+10 3.93144e-05 0.105089 0.3 4.13149e-06 3.09057
5.66567e+10 3.73561e-05 0.10489 0.3 3.91827e-06 3.13771
5.68746e+10 3.54894e-05 0.104691 0.3 3.71543e-06 3.18574
5.70934e+10 3.37104e-05 0.104493 0.3 3.5225e-06 3.23469
5.73129e+10 3.20151e-05 0.104295 0.3 3.33902e-06 3.28458
5.75334e+10 3.04e-05 0.104098 0.3 3.16457e-06 3.33542
5.77547e+10 2.88614e-05 0.103901 0.3 2.99873e-06 3.38724
5.79768e+10 2.73961e-05 0.103704 0.3 2.84109e-06 3.44007
5.81998e+10 2.60007e-05 0.103508 0.3 2.69127e-06 3.49391
5.84237e+10 2.46721e-05 0.103312 0.3 2.54892e-06 3.5488
5.86484e+10 2.34074e-05 0.103116 0.3 2.41369e-06 3.60476
5.8874e+10 2.22037e-05 0.102921 0.3 2.28523e-06 3.66181
5.91004e+10 2.10582e-05 0.102726 0.3 2.16324e-06 3.71999
5.93277e+10 1.99684e-05 0.102532 0.3 2.0474e-06 3.7793
5.95559e+10 1.89316e-05 0.102338 0.3 1.93742e-06 3.83978
5.9785e+10 1.79456e-05 0.102144 0.3 1.83303e-06 3.90146
6.00149e+10 1.70078e-05 0.101951 0.3 1.73396e-06 3.96437
6.02458e+10 1.61163e-05 0.101758 0.3 1.63995e-06 4.02852
6.04775e+10 1.52687e-05 0.101565 0.3 1.55077e-06 4.09396
6.07101e+10 1.44632e-05 0.101373 0.3 1.46617e-06 4.1607
6.09436e+10 1.36977e-05 0.101181 0.3 1.38594e-06 4.22879
6.1178e+10 1.29704e-05 0.100989 0.3 1.30987e-06 4.29824
6.14133e+10 1.22795e-05 0.100798 0.3 1.23774e-06 4.3691
6.16496e+10 1.16232e-05 0.100607 0.3 1.16938e-06 4.4414
6.18867e+10 1.10001e-05 0.100417 0.3 1.10459e-06 4.51516
6.21247e+10 1.04085e-05 0.100226 0.3 1.0432e-06 4.59043
6.23637e+10 9.84685e-06 0.100037 0.3 9.85046e-07 4.66724
6.26035e+10 9.31383e-06 0.0998472 0.3 9.2996e-07 4.74562
6.28443e+10 8.80803e-06 0.0996582 0.3 8.77792e-07 4.82562
6.3086e+10 8.32816e-06 0.0994694 0.3 8.28397e-07 4.90727
6.33287e+10 7.87297e-06 0.099281 0.3 7.81636e-07 4.99061
6.35723e+10 7.44127e-06 0.099093 0.3 7.37377e-07 5.07568
6.38168e+10 7.03192e-06 0.0989053 0.3 6.95494e-07 5.16252
6.40623e+10 6.64384e-06 0.098718 0.3 6.55867e-07 5.25118
6.43087e+10 6.27599e-06 0.0985311 0.3 6.1838e-07 5.34169
6.4556e+10 5.92739e-06 0.0983444 0.3 5.82926e-07 5.43411
6.48043e+10 5.59708e-06 0.0981582 0.3 5.49399e-07 5.52848
6.50536e+10 5.28417e-06 0.0979722 0.3 5.17702e-07 5.62485
6.53038e+10 4.9878e-06 0.0977867 0.3 4.8774e-07 5.72326
6.5555e+10 4.70715e-06 0.0976014 0.3 4.59424e-07 5.82376
6.58071e+10 4.44142e-06 0.0974165 0.3 4.32668e-07 5.92641
6.60602e+10 4.18989e-06 0.097232 0.3 4.07391e-07 6.03126
6.63143e+10 3.95183e-06 0.0970478 0.3 3.83517e-07 6.13837
6.65694e+10 3.72657e-06 0.096864 0.3 3.6097e-07 6.24778
6.68254e+10 3.51346e-06 0.0966805 0.3 3.39683e-07 6.35956
6.70824e+10 3.31189e-06 0.0964973 0.3 3.19588e-07 6.47376
6.73405e+10 3.12126e-06 0.0963145 0.3 3.00622e-07 6.59045
6.75995e+10 2.94102e-06 0.096132 0.3 2.82726e-07 6.70968
6.78595e+10 2.77063e-06 0.0959499 0.3 2.65842e-07 6.83153
6.81205e+10 2.6096e-06 0.0957681 0.3 2.49916e-07 6.95605
6.83825e+10 2.45743e-06 0.0955866 0.3 2.34898e-07 7.08332
6.86455e+10 2.31367e-06 0.0954055 0.3 2.20737e-07 7.21339
6.89096e+10 2.17788e-06 0.0952247 0.3 2.07388e-07 7.34636
6.91746e+10 2.04964e-06 0.0950443 0.3 1.94807e-07 7.48227
6.94407e+10 1.92856e-06 0.0948642 0.3 1.82951e-07 7.62123
6.97078e+10 1.81426e-06 0.0946845 0.3 1.71782e-07 7.76329
6.99759e+10 1.70638e-06 0.094505 0.3 1.61262e-07 7.90854
7.0245e+10 1.60459e-06 0.0943259 0.3 1.51354e-07 8.05706
7.05152e+10 1.50856e-06 0.0941472 0.3 1.42026e-07 8.20893
7.07864e+10 1.41798e-06 0.0939688 0.3 1.33246e-07 8.36425
7.10587e+10 1.33256e-06 0.0937907 0.3 1.24982e-07 8.5231
7.1332e+10 1.25202e-06 0.0936129 0.3 1.17205e-07 8.68557
7.16064e+10 1.17611e-06 0.0934355 0.3 1.0989e-07 8.85176
7.18818e+10 1.10456e-06 0.0932584 0.3 1.0301e-07 9.02177
7.21583e+10 1.03715e-06 0.0930817 0.3 9.65394e-08 9.19569
7.24358e+10 9.73641e-07 0.0929053 0.3 9.04564e-08 9.37362
7.27144e+10 9.13829e-07 0.0927292 0.3 8.47386e-08 9.55568
7.29941e+10 8.57507e-07 0.0925534 0.3 7.93651e-08 9.74197
7.32749e+10 8.04483e-07 0.092378 0.3 7.43165e-08 9.9326
7.35567e+10 7.54575e-07 0.0922029 0.3 6.95739e-08 10.1277
7.38396e+10 7.07609e-07 0.0920281 0.3 6.51199e-08 10.3274
7.41236e+10 6.63423e-07 0.0918536 0.3 6.09378e-08 10.5317
7.44087e+10 6.2186e-07 0.0916795 0.3 5.70118e-08 10.7409
7.46949e+10 5.82772e-07 0.0915057 0.3 5.3327e-08 10.9551
7.49822e+10 5.46022e-07 0.0913323 0.3 4.98694e-08 11.1743
7.52706e+10 5.11476e-07 0.0911591 0.3 4.66257e-08 11.3988
7.55601e+10 4.79009e-07 0.0909863 0.3 4.35833e-08 11.6286
7.58508e+10 4.48504e-07 0.0908138 0.3 4.07303e-08 11.864
7.61425e+10 4.19847e-07 0.0906416 0.3 3.80556e-08 12.105
7.64354e+10 3.92933e-07 0.0904698 0.3 3.55485e-08 12.3518
7.67294e+10 3.67661e-07 0.0902982 0.3 3.31992e-08 12.6046
7.70245e+10 3.43937e-07 0.090127 0.3 3.09981e-08 12.8636
7.73208e+10 3.21671e-07 0.0899561 0.3 2.89363e-08 13.1289
7.76182e+10 3.00778e-07 0.0897856 0.3 2.70055e-08 13.4006
7.79167e+10 2.81177e-07 0.0896153 0.3 2.51978e-08 13.679
7.82164e+10 2.62794e-07 0.0894454 0.3 2.35057e-08 13.9643
7.85172e+10 2.45556e-07 0.0892758 0.3 2.19222e-08 14.2566
7.88192e+10 2.29395e-07 0.0891065 0.3 2.04406e-08 14.5562
7.91224e+10 2.14248e-07 0.0889375 0.3 1.90547e-08 14.8632
7.94267e+10 2.00055e-07 0.0887689 0.3 1.77586e-08 15.1779
7.97322e+10 1.86758e-07 0.0886005 0.3 1.65469e-08 15.5004
8.00389e+10 1.74304e-07 0.0884325 0.3 1.54141e-08 15.831
8.03468e+10 1.62642e-07 0.0882648 0.3 1.43556e-08 16.17
8.06558e+10 1.51725e-07 0.0880974 0.3 1.33665e-08 16.5175
8.0966e+10 1.41506e-07 0.0879303 0.3 1.24427e-08 16.8738
8.12774e+10 1.31945e-07 0.0877636 0.3 1.15799e-08 17.2392
8.15901e+10 1.23e-07 0.0875971 0.3 1.07744e-08 17.6139
8.19039e+10 1.14633e-07 0.087431 0.3 1.00225e-08 17.9982
8.22189e+10 1.0681e-07 0.0872651 0.3 9.32083e-09 18.3923
8.25351e+10 9.94973e-08 0.0870996 0.3 8.66618e-09 18.7966
8.28526e+10 9.26623e-08 0.0869344 0.3 8.05554e-09 19.2113
8.31713e+10 8.62758e-08 0.0867695 0.3 7.48611e-09 19.6368
8.34912e+10 8.03097e-08 0.0866049 0.3 6.95522e-09 20.0734
8.38123e+10 7.47378e-08 0.0864406 0.3 6.46038e-09 20.5213
8.41347e+10 6.95353e-08 0.0862767 0.3 5.99928e-09 20.9809
8.44583e+10 6.46789e-08 0.086113 0.3 5.5697e-09 21.4527
8.47831e+10 6.01468e-08 0.0859496 0.3 5.16959e-09 21.9368
8.51092e+10 5.59182e-08 0.0857866 0.3 4.79703e-09 22.4337
8.54366e+10 5.19738e-08 0.0856238 0.3 4.4502e-09 22.9439
8.57652e+10 4.82956e-08 0.0854614 0.3 4.12741e-09 23.4675
8.60951e+10 4.48663e-08 0.0852993 0.3 3.82706e-09 24.0052
8.64262e+10 4.16699e-08 0.0851374 0.3 3.54767e-09 24.5573
8.67586e+10 3.86914e-08 0.0849759 0.3 3.28783e-09 25.1241
8.70923e+10 3.59166e-08 0.0848147 0.3 3.04625e-09 25.7063
8.74273e+10 3.33322e-08 0.0846538 0.3 2.8217e-09 26.3042
8.77636e+10 3.09258e-08 0.0844932 0.3 2.61302e-09 26.9183
8.81012e+10 2.86858e-08 0.0843328 0.3 2.41915e-09 27.5491
8.844e+10 2.66011e-08 0.0841728 0.3 2.23909e-09 28.1972
8.87802e+10 2.46614e-08 0.0840131 0.3 2.07188e-09 28.863
8.91217e+10 2.28572e-08 0.0838537 0.3 1.91666e-09 29.5471
8.94645e+10 2.11794e-08 0.0836946 0.3 1.7726e-09 30.25
8.98086e+10 1.96197e-08 0.0835357 0.3 1.63894e-09 30.9724
9.0154e+10 1.81699e-08 0.0833772 0.3 1.51496e-09 31.7149
9.05008e+10 1.68229e-08 0.083219 0.3 1.39998e-09 32.478
9.08489e+10 1.55715e-08 0.0830611 0.3 1.29338e-09 33.2624
9.11983e+10 1.44094e-08 0.0829035 0.3 1.19459e-09 34.0689
9.15491e+10 1.33304e-08 0.0827461 0.3 1.10304e-09 34.898
9.19012e+10 1.23288e-08 0.0825891 0.3 1.01823e-09 35.7505
9.22547e+10 1.13995e-08 0.0824323 0.3 9.39686e-10 36.6271
9.26095e+10 1.05373e-08 0.0822759 0.3 8.66966e-10 37.5286
9.29657e+10 9.73769e-09 0.0821197 0.3 7.99656e-10 38.4558
9.33233e+10 8.99628e-09 0.0819639 0.3 7.3737e-10 39.4096
9.36822e+10 8.30903e-09 0.0818083 0.3 6.79748e-10 40.3906
9.40426e+10 7.67217e-09 0.081653 0.3 6.26456e-10 41.3999
9.44043e+10 7.08216e-09 0.081498 0.3 5.77182e-10 42.4384
9.47674e+10 6.5357e-09 0.0813434 0.3 5.31636e-10 43.5069
9.51319e+10 6.02972e-09 0.081189 0.3 4.89547e-10 44.6065
9.54978e+10 5.56135e-09 0.0810348 0.3 4.50663e-10 45.7381
9.58651e+10 5.12792e-09 0.080881 0.3 4.14752e-10 46.9029
9.62338e+10 4.72694e-09 0.0807275 0.3 3.81594e-10 48.1018
9.6604e+10 4.35607e-09 0.0805742 0.3 3.50987e-10 49.3361
9.69755e+10 4.01316e-09 0.0804213 0.3 3.22744e-10 50.6068
9.73485e+10 3.69619e-09 0.0802686 0.3 2.96688e-10 51.9152
9.7723e+10 3.40328e-09 0.0801162 0.3 2.72658e-10 53.2625
9.80988e+10 3.13267e-09 0.0799641 0.3 2.50501e-10 54.65
9.84762e+10 2.88275e-09 0.0798123 0.3 2.30079e-10 56.0791
9.88549e+10 2.652e-09 0.0796608 0.3 2.1126e-10 57.5511
9.92352e+10 2.43901e-09 0.0795096 0.3 1.93924e-10 59.0675
9.96168e+10 2.24246e-09 0.0793586 0.3 1.77959e-10 60.6297
1e+11 2.06115e-09 0.0792079 0.3 1.6326e-10 62.2394
