# Collapsar-like analytic profile with exponential cutoff
# rho(r) = rho0*(r/r0)^(-alpha)*exp[-(r-r0)/Rcut]
# columns:
# r_cm dens_gcm3 temp_MeV ye pres_dummy entr_dummy
1e+06 1.003e+12 63.1904 0.1 6.33803e+13 0.00631273
1.00385e+06 9.91518e+11 62.9966 0.100133 6.24623e+13 0.00631758
1.00771e+06 9.80163e+11 62.8034 0.100267 6.15576e+13 0.00632243
1.01158e+06 9.68938e+11 62.6108 0.1004 6.0666e+13 0.00632728
1.01547e+06 9.57842e+11 62.4188 0.100534 5.97873e+13 0.00633214
1.01938e+06 9.46873e+11 62.2273 0.100667 5.89214e+13 0.006337
1.0233e+06 9.36029e+11 62.0365 0.1008 5.8068e+13 0.00634187
1.02724e+06 9.2531e+11 61.8462 0.100934 5.72269e+13 0.00634674
1.03119e+06 9.14713e+11 61.6565 0.101067 5.6398e+13 0.00635161
1.03515e+06 9.04238e+11 61.4674 0.1012 5.55812e+13 0.00635649
1.03914e+06 8.93883e+11 61.2789 0.101334 5.47761e+13 0.00636137
1.04313e+06 8.83646e+11 61.0909 0.101467 5.39828e+13 0.00636625
1.04714e+06 8.73526e+11 60.9036 0.101601 5.32009e+13 0.00637114
1.05117e+06 8.63523e+11 60.7168 0.101734 5.24303e+13 0.00637603
1.05522e+06 8.53634e+11 60.5305 0.101867 5.16709e+13 0.00638093
1.05927e+06 8.43858e+11 60.3449 0.102001 5.09225e+13 0.00638583
1.06335e+06 8.34194e+11 60.1598 0.102134 5.01849e+13 0.00639073
1.06744e+06 8.24641e+11 59.9753 0.102267 4.94581e+13 0.00639564
1.07154e+06 8.15197e+11 59.7913 0.102401 4.87417e+13 0.00640055
1.07567e+06 8.05861e+11 59.6079 0.102534 4.80357e+13 0.00640547
1.0798e+06 7.96632e+11 59.4251 0.102668 4.734e+13 0.00641038
1.08396e+06 7.87509e+11 59.2429 0.102801 4.66543e+13 0.00641531
1.08813e+06 7.78491e+11 59.0612 0.102934 4.59786e+13 0.00642023
1.09231e+06 7.69575e+11 58.88 0.103068 4.53126e+13 0.00642516
1.09651e+06 7.60762e+11 58.6994 0.103201 4.46563e+13 0.0064301
1.10073e+06 7.5205e+11 58.5194 0.103334 4.40095e+13 0.00643503
1.10496e+06 7.43437e+11 58.3399 0.103468 4.33721e+13 0.00643997
1.10921e+06 7.34923e+11 58.161 0.103601 4.27438e+13 0.00644492
1.11348e+06 7.26507e+11 57.9826 0.103735 4.21247e+13 0.00644987
1.11776e+06 7.18187e+11 57.8047 0.103868 4.15146e+13 0.00645482
1.12206e+06 7.09962e+11 57.6274 0.104001 4.09133e+13 0.00645978
1.12638e+06 7.01832e+11 57.4507 0.104135 4.03207e+13 0.00646474
1.13071e+06 6.93794e+11 57.2745 0.104268 3.97367e+13 0.0064697
1.13506e+06 6.85849e+11 57.0988 0.104401 3.91611e+13 0.00647467
1.13942e+06 6.77994e+11 56.9237 0.104535 3.85939e+13 0.00647964
1.14381e+06 6.7023e+11 56.7491 0.104668 3.80349e+13 0.00648462
1.14821e+06 6.62554e+11 56.575 0.104802 3.7484e+13 0.00648959
1.15262e+06 6.54967e+11 56.4015 0.104935 3.69411e+13 0.00649458
1.15706e+06 6.47466e+11 56.2285 0.105068 3.6406e+13 0.00649956
1.16151e+06 6.40051e+11 56.056 0.105202 3.58787e+13 0.00650455
1.16597e+06 6.32721e+11 55.8841 0.105335 3.5359e+13 0.00650955
1.17046e+06 6.25475e+11 55.7127 0.105468 3.48469e+13 0.00651455
1.17496e+06 6.18312e+11 55.5418 0.105602 3.43422e+13 0.00651955
1.17948e+06 6.11231e+11 55.3715 0.105735 3.38447e+13 0.00652456
1.18402e+06 6.04231e+11 55.2016 0.105869 3.33545e+13 0.00652957
1.18857e+06 5.97311e+11 55.0323 0.106002 3.28714e+13 0.00653458
1.19314e+06 5.90471e+11 54.8635 0.106135 3.23953e+13 0.0065396
1.19773e+06 5.83708e+11 54.6952 0.106269 3.19261e+13 0.00654462
1.20234e+06 5.77024e+11 54.5275 0.106402 3.14636e+13 0.00654964
1.20696e+06 5.70415e+11 54.3602 0.106536 3.10079e+13 0.00655467
1.21161e+06 5.63883e+11 54.1935 0.106669 3.05588e+13 0.0065597
1.21627e+06 5.57425e+11 54.0273 0.106802 3.01162e+13 0.00656474
1.22094e+06 5.51041e+11 53.8616 0.106936 2.968e+13 0.00656978
1.22564e+06 5.44731e+11 53.6964 0.107069 2.92501e+13 0.00657483
1.23035e+06 5.38492e+11 53.5317 0.107202 2.88264e+13 0.00657987
1.23509e+06 5.32325e+11 53.3675 0.107336 2.84089e+13 0.00658493
1.23984e+06 5.26229e+11 53.2038 0.107469 2.79974e+13 0.00658998
1.24461e+06 5.20203e+11 53.0406 0.107603 2.75919e+13 0.00659504
1.24939e+06 5.14245e+11 52.8779 0.107736 2.71922e+13 0.00660011
1.2542e+06 5.08356e+11 52.7157 0.107869 2.67983e+13 0.00660517
1.25902e+06 5.02534e+11 52.554 0.108003 2.64102e+13 0.00661025
1.26386e+06 4.96779e+11 52.3928 0.108136 2.60276e+13 0.00661532
1.26873e+06 4.91089e+11 52.2321 0.108269 2.56506e+13 0.0066204
1.27361e+06 4.85465e+11 52.0719 0.108403 2.52791e+13 0.00662548
1.2785e+06 4.79906e+11 51.9122 0.108536 2.4913e+13 0.00663057
1.28342e+06 4.7441e+11 51.753 0.10867 2.45521e+13 0.00663566
1.28836e+06 4.68977e+11 51.5942 0.108803 2.41965e+13 0.00664076
1.29331e+06 4.63606e+11 51.436 0.108936 2.3846e+13 0.00664585
1.29829e+06 4.58296e+11 51.2782 0.10907 2.35006e+13 0.00665096
1.30328e+06 4.53048e+11 51.1209 0.109203 2.31602e+13 0.00665606
1.30829e+06 4.47859e+11 50.9641 0.109336 2.28248e+13 0.00666117
1.31333e+06 4.4273e+11 50.8078 0.10947 2.24942e+13 0.00666629
1.31838e+06 4.3766e+11 50.652 0.109603 2.21683e+13 0.00667141
1.32345e+06 4.32648e+11 50.4966 0.109737 2.18472e+13 0.00667653
1.32854e+06 4.27693e+11 50.3417 0.10987 2.15308e+13 0.00668166
1.33365e+06 4.22795e+11 50.1873 0.110003 2.12189e+13 0.00668679
1.33878e+06 4.17953e+11 50.0334 0.110137 2.09116e+13 0.00669192
1.34393e+06 4.13166e+11 49.8799 0.11027 2.06087e+13 0.00669706
1.3491e+06 4.08434e+11 49.7269 0.110403 2.03102e+13 0.0067022
1.35429e+06 4.03757e+11 49.5744 0.110537 2.0016e+13 0.00670735
1.3595e+06 3.99133e+11 49.4223 0.11067 1.97261e+13 0.0067125
1.36472e+06 3.94562e+11 49.2707 0.110804 1.94403e+13 0.00671765
1.36997e+06 3.90043e+11 49.1196 0.110937 1.91588e+13 0.00672281
1.37524e+06 3.85576e+11 48.9689 0.11107 1.88813e+13 0.00672797
1.38053e+06 3.8116e+11 48.8187 0.111204 1.86078e+13 0.00673313
1.38584e+06 3.76795e+11 48.669 0.111337 1.83382e+13 0.0067383
1.39117e+06 3.7248e+11 48.5197 0.11147 1.80726e+13 0.00674348
1.39652e+06 3.68214e+11 48.3709 0.111604 1.78108e+13 0.00674866
1.4019e+06 3.63997e+11 48.2225 0.111737 1.75529e+13 0.00675384
1.40729e+06 3.59828e+11 48.0746 0.111871 1.72986e+13 0.00675902
1.4127e+06 3.55708e+11 47.9271 0.112004 1.7048e+13 0.00676421
1.41813e+06 3.51634e+11 47.7801 0.112137 1.68011e+13 0.00676941
1.42359e+06 3.47607e+11 47.6336 0.112271 1.65578e+13 0.0067746
1.42906e+06 3.43626e+11 47.4875 0.112404 1.63179e+13 0.0067798
1.43456e+06 3.3969e+11 47.3418 0.112538 1.60816e+13 0.00678501
1.44008e+06 3.358e+11 47.1966 0.112671 1.58486e+13 0.00679022
1.44562e+06 3.31954e+11 47.0518 0.112804 1.56191e+13 0.00679543
1.45118e+06 3.28153e+11 46.9075 0.112938 1.53928e+13 0.00680065
1.45676e+06 3.24394e+11 46.7636 0.113071 1.51699e+13 0.00680587
1.46236e+06 3.20679e+11 46.6202 0.113204 1.49501e+13 0.0068111
1.46799e+06 3.17007e+11 46.4772 0.113338 1.47336e+13 0.00681633
1.47363e+06 3.13376e+11 46.3346 0.113471 1.45202e+13 0.00682156
1.4793e+06 3.09787e+11 46.1925 0.113605 1.43098e+13 0.0068268
1.48499e+06 3.06239e+11 46.0508 0.113738 1.41026e+13 0.00683204
1.4907e+06 3.02732e+11 45.9095 0.113871 1.38983e+13 0.00683728
1.49644e+06 2.99265e+11 45.7687 0.114005 1.3697e+13 0.00684253
1.50219e+06 2.95838e+11 45.6283 0.114138 1.34986e+13 0.00684779
1.50797e+06 2.9245e+11 45.4884 0.114271 1.33031e+13 0.00685304
1.51377e+06 2.891e+11 45.3488 0.114405 1.31104e+13 0.0068583
1.51959e+06 2.85789e+11 45.2097 0.114538 1.29205e+13 0.00686357
1.52544e+06 2.82516e+11 45.0711 0.114672 1.27333e+13 0.00686884
1.5313e+06 2.79281e+11 44.9328 0.114805 1.25489e+13 0.00687411
1.53719e+06 2.76082e+11 44.795 0.114938 1.23671e+13 0.00687939
1.54311e+06 2.7292e+11 44.6576 0.115072 1.2188e+13 0.00688467
1.54904e+06 2.69795e+11 44.5206 0.115205 1.20114e+13 0.00688996
1.555e+06 2.66705e+11 44.384 0.115338 1.18374e+13 0.00689525
1.56098e+06 2.6365e+11 44.2479 0.115472 1.1666e+13 0.00690054
1.56699e+06 2.60631e+11 44.1122 0.115605 1.1497e+13 0.00690584
1.57301e+06 2.57646e+11 43.9769 0.115739 1.13305e+13 0.00691114
1.57906e+06 2.54695e+11 43.842 0.115872 1.11663e+13 0.00691645
1.58514e+06 2.51778e+11 43.7075 0.116005 1.10046e+13 0.00692176
1.59123e+06 2.48895e+11 43.5734 0.116139 1.08452e+13 0.00692707
1.59735e+06 2.46044e+11 43.4397 0.116272 1.06881e+13 0.00693239
1.6035e+06 2.43226e+11 43.3065 0.116405 1.05333e+13 0.00693771
1.60967e+06 2.40441e+11 43.1737 0.116539 1.03807e+13 0.00694304
1.61586e+06 2.37687e+11 43.0412 0.116672 1.02303e+13 0.00694837
1.62207e+06 2.34965e+11 42.9092 0.116806 1.00822e+13 0.0069537
1.62831e+06 2.32274e+11 42.7776 0.116939 9.93611e+12 0.00695904
1.63457e+06 2.29614e+11 42.6464 0.117072 9.79218e+12 0.00696438
1.64086e+06 2.26984e+11 42.5155 0.117206 9.65034e+12 0.00696973
1.64717e+06 2.24384e+11 42.3851 0.117339 9.51056e+12 0.00697508
1.65351e+06 2.21814e+11 42.2551 0.117472 9.37279e+12 0.00698044
1.65987e+06 2.19274e+11 42.1255 0.117606 9.23703e+12 0.0069858
1.66625e+06 2.16763e+11 41.9963 0.117739 9.10323e+12 0.00699116
1.67266e+06 2.1428e+11 41.8675 0.117873 8.97137e+12 0.00699653
1.67909e+06 2.11826e+11 41.739 0.118006 8.84141e+12 0.0070019
1.68555e+06 2.094e+11 41.611 0.118139 8.71335e+12 0.00700727
1.69204e+06 2.07002e+11 41.4833 0.118273 8.58713e+12 0.00701265
1.69854e+06 2.04631e+11 41.3561 0.118406 8.46274e+12 0.00701804
1.70508e+06 2.02288e+11 41.2292 0.11854 8.34016e+12 0.00702342
1.71163e+06 1.99971e+11 41.1028 0.118673 8.21935e+12 0.00702882
1.71822e+06 1.97681e+11 40.9767 0.118806 8.10029e+12 0.00703421
1.72483e+06 1.95416e+11 40.851 0.11894 7.98296e+12 0.00703961
1.73146e+06 1.93178e+11 40.7257 0.119073 7.86732e+12 0.00704502
1.73812e+06 1.90966e+11 40.6007 0.119206 7.75336e+12 0.00705043
1.74481e+06 1.88779e+11 40.4762 0.11934 7.64105e+12 0.00705584
1.75152e+06 1.86617e+11 40.352 0.119473 7.53037e+12 0.00706126
1.75825e+06 1.84479e+11 40.2283 0.119607 7.42129e+12 0.00706668
1.76502e+06 1.82367e+11 40.1049 0.11974 7.31379e+12 0.0070721
1.77181e+06 1.80278e+11 39.9818 0.119873 7.20784e+12 0.00707753
1.77862e+06 1.78213e+11 39.8592 0.120007 7.10344e+12 0.00708296
1.78546e+06 1.76172e+11 39.7369 0.12014 7.00054e+12 0.0070884
1.79233e+06 1.74155e+11 39.615 0.120273 6.89913e+12 0.00709384
1.79922e+06 1.7216e+11 39.4935 0.120407 6.7992e+12 0.00709929
1.80614e+06 1.70188e+11 39.3723 0.12054 6.70071e+12 0.00710474
1.81309e+06 1.68239e+11 39.2516 0.120674 6.60365e+12 0.00711019
1.82006e+06 1.66312e+11 39.1312 0.120807 6.50799e+12 0.00711565
1.82706e+06 1.64407e+11 39.0111 0.12094 6.41372e+12 0.00712111
1.83409e+06 1.62524e+11 38.8915 0.121074 6.32081e+12 0.00712658
1.84115e+06 1.60663e+11 38.7721 0.121207 6.22925e+12 0.00713205
1.84823e+06 1.58823e+11 38.6532 0.12134 6.13902e+12 0.00713753
1.85534e+06 1.57004e+11 38.5346 0.121474 6.05009e+12 0.00714301
1.86247e+06 1.55206e+11 38.4164 0.121607 5.96245e+12 0.00714849
1.86964e+06 1.53428e+11 38.2986 0.121741 5.87608e+12 0.00715398
1.87683e+06 1.51671e+11 38.1811 0.121874 5.79096e+12 0.00715947
1.88405e+06 1.49934e+11 38.064 0.122007 5.70708e+12 0.00716497
1.89129e+06 1.48217e+11 37.9472 0.122141 5.62441e+12 0.00717047
1.89857e+06 1.46519e+11 37.8308 0.122274 5.54294e+12 0.00717597
1.90587e+06 1.44841e+11 37.7147 0.122407 5.46264e+12 0.00718148
1.9132e+06 1.43182e+11 37.5991 0.122541 5.38351e+12 0.00718699
1.92056e+06 1.41542e+11 37.4837 0.122674 5.30553e+12 0.00719251
1.92795e+06 1.39921e+11 37.3687 0.122808 5.22868e+12 0.00719803
1.93536e+06 1.38319e+11 37.2541 0.122941 5.15293e+12 0.00720356
1.94281e+06 1.36734e+11 37.1398 0.123074 5.07829e+12 0.00720909
1.95028e+06 1.35168e+11 37.0259 0.123208 5.00473e+12 0.00721462
1.95778e+06 1.3362e+11 36.9123 0.123341 4.93223e+12 0.00722016
1.96531e+06 1.3209e+11 36.7991 0.123474 4.86078e+12 0.0072257
1.97287e+06 1.30577e+11 36.6862 0.123608 4.79037e+12 0.00723125
1.98046e+06 1.29082e+11 36.5736 0.123741 4.72098e+12 0.0072368
1.98808e+06 1.27603e+11 36.4614 0.123875 4.65259e+12 0.00724236
1.99572e+06 1.26142e+11 36.3496 0.124008 4.5852e+12 0.00724792
2.0034e+06 1.24697e+11 36.2381 0.124141 4.51878e+12 0.00725348
2.0111e+06 1.23269e+11 36.1269 0.124275 4.45332e+12 0.00725905
2.01884e+06 1.21857e+11 36.0161 0.124408 4.38881e+12 0.00726462
2.0266e+06 1.20461e+11 35.9056 0.124542 4.32523e+12 0.0072702
2.0344e+06 1.19082e+11 35.7954 0.124675 4.26258e+12 0.00727578
2.04222e+06 1.17718e+11 35.6856 0.124808 4.20083e+12 0.00728136
2.05008e+06 1.16369e+11 35.5762 0.124942 4.13998e+12 0.00728695
2.05796e+06 1.15037e+11 35.467 0.125075 4.08001e+12 0.00729255
2.06588e+06 1.13719e+11 35.3582 0.125208 4.0209e+12 0.00729814
2.07383e+06 1.12417e+11 35.2497 0.125342 3.96266e+12 0.00730375
2.0818e+06 1.11129e+11 35.1416 0.125475 3.90525e+12 0.00730935
2.08981e+06 1.09856e+11 35.0338 0.125609 3.84868e+12 0.00731496
2.09785e+06 1.08598e+11 34.9263 0.125742 3.79293e+12 0.00732058
2.10592e+06 1.07354e+11 34.8192 0.125875 3.73799e+12 0.0073262
2.11402e+06 1.06125e+11 34.7124 0.126009 3.68384e+12 0.00733182
2.12215e+06 1.04909e+11 34.6059 0.126142 3.63047e+12 0.00733745
2.13031e+06 1.03708e+11 34.4997 0.126275 3.57788e+12 0.00734308
2.1385e+06 1.0252e+11 34.3939 0.126409 3.52605e+12 0.00734872
2.14673e+06 1.01346e+11 34.2884 0.126542 3.47498e+12 0.00735436
2.15499e+06 1.00185e+11 34.1832 0.126676 3.42464e+12 0.00736001
2.16327e+06 9.90374e+10 34.0783 0.126809 3.37503e+12 0.00736566
2.1716e+06 9.79031e+10 33.9738 0.126942 3.32614e+12 0.00737131
2.17995e+06 9.67818e+10 33.8695 0.127076 3.27795e+12 0.00737697
2.18833e+06 9.56733e+10 33.7656 0.127209 3.23047e+12 0.00738263
2.19675e+06 9.45775e+10 33.662 0.127342 3.18367e+12 0.0073883
2.2052e+06 9.34943e+10 33.5588 0.127476 3.13755e+12 0.00739397
2.21368e+06 9.24234e+10 33.4558 0.127609 3.0921e+12 0.00739964
2.2222e+06 9.13649e+10 33.3532 0.127743 3.04731e+12 0.00740532
2.23074e+06 9.03184e+10 33.2509 0.127876 3.00316e+12 0.00741101
2.23932e+06 8.92839e+10 33.1488 0.128009 2.95966e+12 0.0074167
2.24794e+06 8.82613e+10 33.0471 0.128143 2.91678e+12 0.00742239
2.25658e+06 8.72504e+10 32.9458 0.128276 2.87453e+12 0.00742809
2.26526e+06 8.62511e+10 32.8447 0.128409 2.83289e+12 0.00743379
2.27397e+06 8.52632e+10 32.7439 0.128543 2.79185e+12 0.0074395
2.28272e+06 8.42866e+10 32.6435 0.128676 2.75141e+12 0.00744521
2.2915e+06 8.33213e+10 32.5433 0.12881 2.71155e+12 0.00745092
2.30031e+06 8.23669e+10 32.4435 0.128943 2.67227e+12 0.00745664
2.30916e+06 8.14235e+10 32.344 0.129076 2.63356e+12 0.00746236
2.31804e+06 8.04909e+10 32.2447 0.12921 2.59541e+12 0.00746809
2.32696e+06 7.9569e+10 32.1458 0.129343 2.55781e+12 0.00747382
2.33591e+06 7.86577e+10 32.0472 0.129476 2.52076e+12 0.00747956
2.34489e+06 7.77567e+10 31.9489 0.12961 2.48424e+12 0.0074853
2.35391e+06 7.68661e+10 31.8508 0.129743 2.44825e+12 0.00749105
2.36297e+06 7.59857e+10 31.7531 0.129877 2.41279e+12 0.0074968
2.37206e+06 7.51154e+10 31.6557 0.13001 2.37783e+12 0.00750255
2.38118e+06 7.42551e+10 31.5586 0.130143 2.34339e+12 0.00750831
2.39034e+06 7.34046e+10 31.4618 0.130277 2.30944e+12 0.00751407
2.39953e+06 7.25638e+10 31.3653 0.13041 2.27598e+12 0.00751984
2.40876e+06 7.17327e+10 31.269 0.130544 2.24301e+12 0.00752561
2.41803e+06 7.09111e+10 31.1731 0.130677 2.21052e+12 0.00753139
2.42733e+06 7.00989e+10 31.0775 0.13081 2.17849e+12 0.00753717
2.43666e+06 6.9296e+10 30.9821 0.130944 2.14694e+12 0.00754296
2.44604e+06 6.85023e+10 30.8871 0.131077 2.11583e+12 0.00754875
2.45544e+06 6.77177e+10 30.7923 0.13121 2.08518e+12 0.00755454
2.46489e+06 6.69421e+10 30.6978 0.131344 2.05498e+12 0.00756034
2.47437e+06 6.61753e+10 30.6036 0.131477 2.02521e+12 0.00756614
2.48389e+06 6.54173e+10 30.5098 0.131611 1.99587e+12 0.00757195
2.49344e+06 6.46681e+10 30.4161 0.131744 1.96695e+12 0.00757776
2.50303e+06 6.39274e+10 30.3228 0.131877 1.93846e+12 0.00758358
2.51266e+06 6.31952e+10 30.2298 0.132011 1.91038e+12 0.0075894
2.52232e+06 6.24713e+10 30.1371 0.132144 1.8827e+12 0.00759522
2.53202e+06 6.17558e+10 30.0446 0.132277 1.85543e+12 0.00760105
2.54176e+06 6.10484e+10 29.9524 0.132411 1.82855e+12 0.00760689
2.55154e+06 6.03492e+10 29.8605 0.132544 1.80206e+12 0.00761273
2.56135e+06 5.9658e+10 29.7689 0.132678 1.77595e+12 0.00761857
2.57121e+06 5.89746e+10 29.6776 0.132811 1.75022e+12 0.00762442
2.58109e+06 5.82991e+10 29.5865 0.132944 1.72487e+12 0.00763027
2.59102e+06 5.76314e+10 29.4957 0.133078 1.69988e+12 0.00763612
2.60099e+06 5.69713e+10 29.4052 0.133211 1.67525e+12 0.00764199
2.61099e+06 5.63187e+10 29.315 0.133344 1.65099e+12 0.00764785
2.62104e+06 5.56737e+10 29.2251 0.133478 1.62707e+12 0.00765372
2.63112e+06 5.5036e+10 29.1354 0.133611 1.6035e+12 0.00765959
2.64124e+06 5.44056e+10 29.046 0.133745 1.58027e+12 0.00766547
2.6514e+06 5.37824e+10 28.9569 0.133878 1.55737e+12 0.00767136
2.66159e+06 5.31664e+10 28.8681 0.134011 1.53481e+12 0.00767724
2.67183e+06 5.25574e+10 28.7795 0.134145 1.51258e+12 0.00768314
2.68211e+06 5.19554e+10 28.6912 0.134278 1.49066e+12 0.00768903
2.69242e+06 5.13603e+10 28.6032 0.134411 1.46907e+12 0.00769494
2.70278e+06 5.0772e+10 28.5154 0.134545 1.44779e+12 0.00770084
2.71318e+06 5.01905e+10 28.4279 0.134678 1.42681e+12 0.00770675
2.72361e+06 4.96156e+10 28.3407 0.134812 1.40614e+12 0.00771267
2.73409e+06 4.90473e+10 28.2538 0.134945 1.38577e+12 0.00771859
2.7446e+06 4.84855e+10 28.1671 0.135078 1.36569e+12 0.00772451
2.75516e+06 4.79301e+10 28.0806 0.135212 1.34591e+12 0.00773044
2.76576e+06 4.73811e+10 27.9945 0.135345 1.32641e+12 0.00773637
2.77639e+06 4.68384e+10 27.9086 0.135478 1.30719e+12 0.00774231
2.78707e+06 4.63019e+10 27.823 0.135612 1.28826e+12 0.00774825
2.79779e+06 4.57716e+10 27.7376 0.135745 1.26959e+12 0.0077542
2.80855e+06 4.52473e+10 27.6525 0.135879 1.2512e+12 0.00776015
2.81936e+06 4.4729e+10 27.5676 0.136012 1.23307e+12 0.00776611
2.8302e+06 4.42167e+10 27.4831 0.136145 1.21521e+12 0.00777207
2.84109e+06 4.37102e+10 27.3987 0.136279 1.1976e+12 0.00777803
2.85201e+06 4.32095e+10 27.3147 0.136412 1.18025e+12 0.007784
2.86298e+06 4.27146e+10 27.2309 0.136546 1.16316e+12 0.00778997
2.874e+06 4.22253e+10 27.1473 0.136679 1.1463e+12 0.00779595
2.88505e+06 4.17417e+10 27.064 0.136812 1.1297e+12 0.00780194
2.89615e+06 4.12635e+10 26.981 0.136946 1.11333e+12 0.00780792
2.90729e+06 4.07909e+10 26.8982 0.137079 1.0972e+12 0.00781392
2.91847e+06 4.03237e+10 26.8157 0.137212 1.08131e+12 0.00781991
2.92969e+06 3.98618e+10 26.7334 0.137346 1.06564e+12 0.00782591
2.94096e+06 3.94052e+10 26.6514 0.137479 1.0502e+12 0.00783192
2.95227e+06 3.89538e+10 26.5696 0.137613 1.03499e+12 0.00783793
2.96363e+06 3.85076e+10 26.4881 0.137746 1.01999e+12 0.00784395
2.97503e+06 3.80665e+10 26.4068 0.137879 1.00522e+12 0.00784997
2.98647e+06 3.76305e+10 26.3258 0.138013 9.90652e+11 0.00785599
2.99796e+06 3.71995e+10 26.245 0.138146 9.763e+11 0.00786202
3.00949e+06 3.67734e+10 26.1645 0.138279 9.62155e+11 0.00786805
3.02106e+06 3.63522e+10 26.0842 0.138413 9.48216e+11 0.00787409
3.03268e+06 3.59358e+10 26.0041 0.138546 9.34478e+11 0.00788013
3.04435e+06 3.55241e+10 25.9243 0.13868 9.2094e+11 0.00788618
3.05606e+06 3.51172e+10 25.8448 0.138813 9.07598e+11 0.00789223
3.06781e+06 3.4715e+10 25.7655 0.138946 8.94448e+11 0.00789829
3.07961e+06 3.43173e+10 25.6864 0.13908 8.8149e+11 0.00790435
3.09146e+06 3.39242e+10 25.6076 0.139213 8.68719e+11 0.00791042
3.10335e+06 3.35356e+10 25.5291 0.139346 8.56133e+11 0.00791649
3.11529e+06 3.31515e+10 25.4507 0.13948 8.43729e+11 0.00792256
3.12727e+06 3.27718e+10 25.3726 0.139613 8.31506e+11 0.00792864
3.1393e+06 3.23964e+10 25.2948 0.139747 8.19459e+11 0.00793473
3.15137e+06 3.20253e+10 25.2172 0.13988 8.07587e+11 0.00794082
3.16349e+06 3.16584e+10 25.1398 0.140013 7.95886e+11 0.00794691
3.17566e+06 3.12958e+10 25.0626 0.140147 7.84355e+11 0.00795301
3.18787e+06 3.09373e+10 24.9857 0.14028 7.72992e+11 0.00795911
3.20014e+06 3.05829e+10 24.9091 0.140413 7.61792e+11 0.00796522
3.21244e+06 3.02326e+10 24.8326 0.140547 7.50756e+11 0.00797133
3.2248e+06 2.98863e+10 24.7564 0.14068 7.39879e+11 0.00797745
3.2372e+06 2.9544e+10 24.6805 0.140814 7.29159e+11 0.00798357
3.24966e+06 2.92055e+10 24.6047 0.140947 7.18595e+11 0.0079897
3.26215e+06 2.8871e+10 24.5292 0.14108 7.08184e+11 0.00799583
3.2747e+06 2.85403e+10 24.454 0.141214 6.97924e+11 0.00800196
3.2873e+06 2.82134e+10 24.3789 0.141347 6.87812e+11 0.0080081
3.29994e+06 2.78902e+10 24.3041 0.14148 6.77847e+11 0.00801425
3.31263e+06 2.75707e+10 24.2295 0.141614 6.68026e+11 0.0080204
3.32537e+06 2.72549e+10 24.1552 0.141747 6.58347e+11 0.00802655
3.33817e+06 2.69427e+10 24.0811 0.141881 6.48809e+11 0.00803271
3.351e+06 2.66341e+10 24.0072 0.142014 6.39409e+11 0.00803888
3.36389e+06 2.6329e+10 23.9335 0.142147 6.30145e+11 0.00804505
3.37683e+06 2.60274e+10 23.8601 0.142281 6.21015e+11 0.00805122
3.38982e+06 2.57292e+10 23.7869 0.142414 6.12017e+11 0.0080574
3.40286e+06 2.54345e+10 23.7139 0.142548 6.0315e+11 0.00806358
3.41595e+06 2.51431e+10 23.6411 0.142681 5.94412e+11 0.00806977
3.42909e+06 2.48551e+10 23.5686 0.142814 5.85799e+11 0.00807596
3.44228e+06 2.45704e+10 23.4962 0.142948 5.77312e+11 0.00808216
3.45552e+06 2.4289e+10 23.4241 0.143081 5.68948e+11 0.00808836
3.46881e+06 2.40107e+10 23.3522 0.143214 5.60704e+11 0.00809457
3.48215e+06 2.37357e+10 23.2806 0.143348 5.52581e+11 0.00810078
3.49554e+06 2.34638e+10 23.2091 0.143481 5.44575e+11 0.00810699
3.50899e+06 2.3195e+10 23.1379 0.143615 5.36684e+11 0.00811321
3.52248e+06 2.29293e+10 23.0669 0.143748 5.28909e+11 0.00811944
3.53603e+06 2.26666e+10 22.9961 0.143881 5.21245e+11 0.00812567
3.54963e+06 2.2407e+10 22.9256 0.144015 5.13693e+11 0.00813191
3.56329e+06 2.21503e+10 22.8552 0.144148 5.0625e+11 0.00813815
3.57699e+06 2.18966e+10 22.7851 0.144281 4.98915e+11 0.00814439
3.59075e+06 2.16458e+10 22.7152 0.144415 4.91687e+11 0.00815064
3.60456e+06 2.13978e+10 22.6455 0.144548 4.84563e+11 0.00815689
3.61842e+06 2.11527e+10 22.576 0.144682 4.77542e+11 0.00816315
3.63234e+06 2.09104e+10 22.5067 0.144815 4.70623e+11 0.00816942
3.64631e+06 2.06708e+10 22.4376 0.144948 4.63804e+11 0.00817568
3.66034e+06 2.0434e+10 22.3688 0.145082 4.57084e+11 0.00818196
3.67442e+06 2.02e+10 22.3001 0.145215 4.50461e+11 0.00818824
3.68855e+06 1.99686e+10 22.2317 0.145348 4.43935e+11 0.00819452
3.70274e+06 1.97398e+10 22.1635 0.145482 4.37503e+11 0.00820081
3.71698e+06 1.95137e+10 22.0954 0.145615 4.31164e+11 0.0082071
3.73128e+06 1.92902e+10 22.0276 0.145749 4.24916e+11 0.00821339
3.74563e+06 1.90692e+10 21.96 0.145882 4.1876e+11 0.0082197
3.76003e+06 1.88507e+10 21.8926 0.146015 4.12692e+11 0.008226
3.7745e+06 1.86348e+10 21.8255 0.146149 4.06713e+11 0.00823232
3.78901e+06 1.84213e+10 21.7585 0.146282 4.0082e+11 0.00823863
3.80359e+06 1.82103e+10 21.6917 0.146415 3.95012e+11 0.00824495
3.81822e+06 1.80017e+10 21.6251 0.146549 3.89289e+11 0.00825128
3.8329e+06 1.77955e+10 21.5588 0.146682 3.83648e+11 0.00825761
3.84765e+06 1.75916e+10 21.4926 0.146816 3.7809e+11 0.00826395
3.86244e+06 1.73901e+10 21.4267 0.146949 3.72611e+11 0.00827029
3.8773e+06 1.71909e+10 21.3609 0.147082 3.67212e+11 0.00827663
3.89221e+06 1.69939e+10 21.2953 0.147216 3.61892e+11 0.00828298
3.90718e+06 1.67993e+10 21.23 0.147349 3.56648e+11 0.00828934
3.92221e+06 1.66068e+10 21.1648 0.147482 3.51481e+11 0.0082957
3.9373e+06 1.64166e+10 21.0999 0.147616 3.46388e+11 0.00830206
3.95244e+06 1.62285e+10 21.0351 0.147749 3.41369e+11 0.00830843
3.96765e+06 1.60426e+10 20.9706 0.147883 3.36423e+11 0.00831481
3.98291e+06 1.58588e+10 20.9062 0.148016 3.31548e+11 0.00832119
3.99823e+06 1.56771e+10 20.8421 0.148149 3.26744e+11 0.00832757
4.0136e+06 1.54976e+10 20.7781 0.148283 3.2201e+11 0.00833396
4.02904e+06 1.532e+10 20.7143 0.148416 3.17344e+11 0.00834035
4.04454e+06 1.51445e+10 20.6508 0.14855 3.12746e+11 0.00834675
4.06009e+06 1.4971e+10 20.5874 0.148683 3.08214e+11 0.00835316
4.07571e+06 1.47995e+10 20.5242 0.148816 3.03748e+11 0.00835956
4.09139e+06 1.463e+10 20.4612 0.14895 2.99347e+11 0.00836598
4.10712e+06 1.44624e+10 20.3984 0.149083 2.95009e+11 0.0083724
4.12292e+06 1.42967e+10 20.3358 0.149216 2.90735e+11 0.00837882
4.13878e+06 1.41329e+10 20.2734 0.14935 2.86522e+11 0.00838525
4.1547e+06 1.3971e+10 20.2112 0.149483 2.8237e+11 0.00839168
4.17068e+06 1.3811e+10 20.1491 0.149617 2.78279e+11 0.00839812
4.18672e+06 1.36527e+10 20.0873 0.14975 2.74247e+11 0.00840456
4.20282e+06 1.34963e+10 20.0257 0.149883 2.70273e+11 0.00841101
4.21899e+06 1.33417e+10 19.9642 0.150017 2.66357e+11 0.00841746
4.23522e+06 1.31889e+10 19.9029 0.15015 2.62497e+11 0.00842392
4.25151e+06 1.30378e+10 19.8418 0.150283 2.58693e+11 0.00843038
4.26786e+06 1.28884e+10 19.7809 0.150417 2.54945e+11 0.00843685
4.28427e+06 1.27408e+10 19.7202 0.15055 2.51251e+11 0.00844332
4.30075e+06 1.25948e+10 19.6597 0.150684 2.4761e+11 0.0084498
4.3173e+06 1.24505e+10 19.5994 0.150817 2.44022e+11 0.00845628
4.3339e+06 1.23079e+10 19.5392 0.15095 2.40486e+11 0.00846277
4.35057e+06 1.21669e+10 19.4792 0.151084 2.37002e+11 0.00846926
4.3673e+06 1.20275e+10 19.4195 0.151217 2.33567e+11 0.00847576
4.3841e+06 1.18897e+10 19.3599 0.15135 2.30183e+11 0.00848226
4.40096e+06 1.17535e+10 19.3004 0.151484 2.26847e+11 0.00848877
4.41789e+06 1.16188e+10 19.2412 0.151617 2.2356e+11 0.00849528
4.43488e+06 1.14857e+10 19.1821 0.151751 2.20321e+11 0.0085018
4.45194e+06 1.13541e+10 19.1233 0.151884 2.17128e+11 0.00850832
4.46907e+06 1.12241e+10 19.0646 0.152017 2.13982e+11 0.00851485
4.48626e+06 1.10955e+10 19.0061 0.152151 2.10881e+11 0.00852138
4.50351e+06 1.09684e+10 18.9477 0.152284 2.07826e+11 0.00852791
4.52083e+06 1.08427e+10 18.8896 0.152417 2.04814e+11 0.00853446
4.53822e+06 1.07185e+10 18.8316 0.152551 2.01846e+11 0.008541
4.55568e+06 1.05957e+10 18.7738 0.152684 1.98921e+11 0.00854756
4.5732e+06 1.04743e+10 18.7162 0.152818 1.96039e+11 0.00855411
4.59079e+06 1.03543e+10 18.6587 0.152951 1.93198e+11 0.00856067
4.60845e+06 1.02357e+10 18.6014 0.153084 1.90399e+11 0.00856724
4.62617e+06 1.01184e+10 18.5443 0.153218 1.8764e+11 0.00857381
4.64397e+06 1.00025e+10 18.4874 0.153351 1.8492e+11 0.00858039
4.66183e+06 9.8879e+09 18.4307 0.153484 1.82241e+11 0.00858697
4.67976e+06 9.77462e+09 18.3741 0.153618 1.796e+11 0.00859356
4.69776e+06 9.66264e+09 18.3177 0.153751 1.76997e+11 0.00860015
4.71583e+06 9.55194e+09 18.2615 0.153885 1.74433e+11 0.00860675
4.73397e+06 9.4425e+09 18.2054 0.154018 1.71905e+11 0.00861335
4.75217e+06 9.33432e+09 18.1496 0.154151 1.69414e+11 0.00861996
4.77045e+06 9.22738e+09 18.0938 0.154285 1.66959e+11 0.00862657
4.7888e+06 9.12167e+09 18.0383 0.154418 1.64539e+11 0.00863319
4.80722e+06 9.01716e+09 17.9829 0.154552 1.62155e+11 0.00863981
4.82571e+06 8.91385e+09 17.9277 0.154685 1.59805e+11 0.00864643
4.84427e+06 8.81173e+09 17.8727 0.154818 1.57489e+11 0.00865307
4.8629e+06 8.71077e+09 17.8179 0.154952 1.55207e+11 0.0086597
4.88161e+06 8.61098e+09 17.7632 0.155085 1.52958e+11 0.00866635
4.90038e+06 8.51232e+09 17.7086 0.155218 1.50742e+11 0.00867299
4.91923e+06 8.4148e+09 17.6543 0.155352 1.48557e+11 0.00867965
4.93815e+06 8.31839e+09 17.6001 0.155485 1.46404e+11 0.0086863
4.95715e+06 8.22309e+09 17.5461 0.155619 1.44283e+11 0.00869297
4.97621e+06 8.12887e+09 17.4922 0.155752 1.42192e+11 0.00869963
4.99535e+06 8.03574e+09 17.4385 0.155885 1.40131e+11 0.00870631
5.01457e+06 7.94368e+09 17.385 0.156019 1.38101e+11 0.00871299
5.03385e+06 7.85266e+09 17.3316 0.156152 1.36099e+11 0.00871967
5.05322e+06 7.7627e+09 17.2784 0.156285 1.34127e+11 0.00872636
5.07265e+06 7.67376e+09 17.2254 0.156419 1.32183e+11 0.00873305
5.09216e+06 7.58584e+09 17.1725 0.156552 1.30268e+11 0.00873975
5.11175e+06 7.49893e+09 17.1198 0.156686 1.2838e+11 0.00874645
5.13141e+06 7.41301e+09 17.0672 0.156819 1.2652e+11 0.00875316
5.15115e+06 7.32808e+09 17.0148 0.156952 1.24686e+11 0.00875987
5.17096e+06 7.24412e+09 16.9626 0.157086 1.22879e+11 0.00876659
5.19085e+06 7.16112e+09 16.9105 0.157219 1.21098e+11 0.00877331
5.21081e+06 7.07907e+09 16.8586 0.157352 1.19343e+11 0.00878004
5.23086e+06 6.99797e+09 16.8069 0.157486 1.17614e+11 0.00878678
5.25098e+06 6.91779e+09 16.7553 0.157619 1.15909e+11 0.00879352
5.27117e+06 6.83853e+09 16.7038 0.157753 1.1423e+11 0.00880026
5.29145e+06 6.76018e+09 16.6526 0.157886 1.12574e+11 0.00880701
5.3118e+06 6.68272e+09 16.6014 0.158019 1.10943e+11 0.00881376
5.33223e+06 6.60616e+09 16.5505 0.158153 1.09335e+11 0.00882052
5.35274e+06 6.53047e+09 16.4997 0.158286 1.07751e+11 0.00882729
5.37333e+06 6.45564e+09 16.449 0.158419 1.06189e+11 0.00883406
5.394e+06 6.38168e+09 16.3985 0.158553 1.0465e+11 0.00884083
5.41474e+06 6.30856e+09 16.3482 0.158686 1.03134e+11 0.00884761
5.43557e+06 6.23628e+09 16.298 0.15882 1.01639e+11 0.0088544
5.45648e+06 6.16483e+09 16.248 0.158953 1.00166e+11 0.00886119
5.47746e+06 6.09419e+09 16.1981 0.159086 9.87143e+10 0.00886799
5.49853e+06 6.02437e+09 16.1484 0.15922 9.72836e+10 0.00887479
5.51968e+06 5.95534e+09 16.0988 0.159353 9.58738e+10 0.00888159
5.54091e+06 5.88711e+09 16.0494 0.159486 9.44843e+10 0.0088884
5.56222e+06 5.81965e+09 16.0001 0.15962 9.3115e+10 0.00889522
5.58362e+06 5.75297e+09 15.951 0.159753 9.17655e+10 0.00890204
5.60509e+06 5.68706e+09 15.902 0.159887 9.04356e+10 0.00890887
5.62665e+06 5.6219e+09 15.8532 0.16002 8.9125e+10 0.0089157
5.64829e+06 5.55748e+09 15.8045 0.160153 8.78333e+10 0.00892254
5.67002e+06 5.49381e+09 15.756 0.160287 8.65604e+10 0.00892938
5.69183e+06 5.43086e+09 15.7076 0.16042 8.53059e+10 0.00893623
5.71372e+06 5.36863e+09 15.6594 0.160554 8.40695e+10 0.00894308
5.7357e+06 5.30712e+09 15.6113 0.160687 8.28511e+10 0.00894994
5.75776e+06 5.24631e+09 15.5634 0.16082 8.16504e+10 0.0089568
5.7799e+06 5.1862e+09 15.5156 0.160954 8.0467e+10 0.00896367
5.80214e+06 5.12677e+09 15.468 0.161087 7.93008e+10 0.00897055
5.82445e+06 5.06803e+09 15.4205 0.16122 7.81515e+10 0.00897742
5.84685e+06 5.00996e+09 15.3731 0.161354 7.70189e+10 0.00898431
5.86934e+06 4.95256e+09 15.3259 0.161487 7.59026e+10 0.0089912
5.89192e+06 4.89581e+09 15.2789 0.161621 7.48025e+10 0.00899809
5.91458e+06 4.83971e+09 15.232 0.161754 7.37184e+10 0.00900499
5.93733e+06 4.78426e+09 15.1852 0.161887 7.265e+10 0.0090119
5.96017e+06 4.72944e+09 15.1386 0.162021 7.15971e+10 0.00901881
5.98309e+06 4.67525e+09 15.0921 0.162154 7.05594e+10 0.00902572
6.0061e+06 4.62168e+09 15.0458 0.162287 6.95367e+10 0.00903264
6.02921e+06 4.56872e+09 14.9996 0.162421 6.85289e+10 0.00903957
6.0524e+06 4.51637e+09 14.9535 0.162554 6.75357e+10 0.0090465
6.07567e+06 4.46462e+09 14.9076 0.162688 6.65569e+10 0.00905344
6.09904e+06 4.41346e+09 14.8619 0.162821 6.55922e+10 0.00906038
6.1225e+06 4.36289e+09 14.8162 0.162954 6.46416e+10 0.00906733
6.14605e+06 4.3129e+09 14.7707 0.163088 6.37047e+10 0.00907428
6.16969e+06 4.26348e+09 14.7254 0.163221 6.27814e+10 0.00908124
6.19342e+06 4.21463e+09 14.6802 0.163354 6.18714e+10 0.0090882
6.21724e+06 4.16633e+09 14.6351 0.163488 6.09747e+10 0.00909517
6.24116e+06 4.11859e+09 14.5902 0.163621 6.00909e+10 0.00910214
6.26516e+06 4.0714e+09 14.5454 0.163755 5.922e+10 0.00910912
6.28926e+06 4.02475e+09 14.5007 0.163888 5.83616e+10 0.00911611
6.31345e+06 3.97863e+09 14.4562 0.164021 5.75158e+10 0.0091231
6.33773e+06 3.93304e+09 14.4118 0.164155 5.66821e+10 0.00913009
6.36211e+06 3.88797e+09 14.3675 0.164288 5.58606e+10 0.00913709
6.38658e+06 3.84342e+09 14.3234 0.164421 5.50509e+10 0.0091441
6.41115e+06 3.79938e+09 14.2794 0.164555 5.4253e+10 0.00915111
6.4358e+06 3.75584e+09 14.2356 0.164688 5.34667e+10 0.00915813
6.46056e+06 3.7128e+09 14.1919 0.164822 5.26917e+10 0.00916515
6.48541e+06 3.67026e+09 14.1483 0.164955 5.1928e+10 0.00917217
6.51035e+06 3.6282e+09 14.1049 0.165088 5.11753e+10 0.00917921
6.53539e+06 3.58663e+09 14.0616 0.165222 5.04336e+10 0.00918624
6.56053e+06 3.54553e+09 14.0184 0.165355 4.97026e+10 0.00919329
6.58576e+06 3.5049e+09 13.9753 0.165488 4.89821e+10 0.00920033
6.6111e+06 3.46474e+09 13.9324 0.165622 4.82722e+10 0.00920739
6.63652e+06 3.42503e+09 13.8896 0.165755 4.75725e+10 0.00921445
6.66205e+06 3.38579e+09 13.847 0.165889 4.68829e+10 0.00922151
6.68767e+06 3.34699e+09 13.8045 0.166022 4.62034e+10 0.00922858
6.7134e+06 3.30863e+09 13.7621 0.166155 4.55337e+10 0.00923566
6.73922e+06 3.27072e+09 13.7198 0.166289 4.48737e+10 0.00924274
6.76514e+06 3.23324e+09 13.6777 0.166422 4.42233e+10 0.00924982
6.79116e+06 3.19619e+09 13.6357 0.166556 4.35823e+10 0.00925691
6.81728e+06 3.15956e+09 13.5938 0.166689 4.29505e+10 0.00926401
6.8435e+06 3.12336e+09 13.5521 0.166822 4.2328e+10 0.00927111
6.86982e+06 3.08757e+09 13.5105 0.166956 4.17144e+10 0.00927822
6.89625e+06 3.05218e+09 13.469 0.167089 4.11098e+10 0.00928533
6.92277e+06 3.01721e+09 13.4276 0.167222 4.05139e+10 0.00929245
6.9494e+06 2.98263e+09 13.3864 0.167356 3.99266e+10 0.00929957
6.97613e+06 2.94845e+09 13.3453 0.167489 3.93479e+10 0.0093067
7.00296e+06 2.91466e+09 13.3043 0.167623 3.87775e+10 0.00931384
7.0299e+06 2.88126e+09 13.2634 0.167756 3.82154e+10 0.00932098
7.05694e+06 2.84825e+09 13.2227 0.167889 3.76615e+10 0.00932812
7.08408e+06 2.81561e+09 13.1821 0.168023 3.71156e+10 0.00933527
7.11133e+06 2.78334e+09 13.1416 0.168156 3.65776e+10 0.00934243
7.13868e+06 2.75144e+09 13.1013 0.168289 3.60474e+10 0.00934959
7.16614e+06 2.71991e+09 13.061 0.168423 3.55248e+10 0.00935676
7.1937e+06 2.68874e+09 13.0209 0.168556 3.50099e+10 0.00936393
7.22137e+06 2.65793e+09 12.9809 0.16869 3.45024e+10 0.00937111
7.24914e+06 2.62747e+09 12.9411 0.168823 3.40022e+10 0.00937829
7.27703e+06 2.59736e+09 12.9013 0.168956 3.35094e+10 0.00938548
7.30502e+06 2.56759e+09 12.8617 0.16909 3.30236e+10 0.00939267
7.33311e+06 2.53817e+09 12.8222 0.169223 3.25449e+10 0.00939987
7.36132e+06 2.50908e+09 12.7828 0.169356 3.20731e+10 0.00940708
7.38963e+06 2.48033e+09 12.7436 0.16949 3.16082e+10 0.00941429
7.41806e+06 2.4519e+09 12.7044 0.169623 3.115e+10 0.00942151
7.44659e+06 2.42381e+09 12.6654 0.169757 3.06985e+10 0.00942873
7.47523e+06 2.39603e+09 12.6265 0.16989 3.02535e+10 0.00943595
7.50398e+06 2.36857e+09 12.5877 0.170023 2.98149e+10 0.00944319
7.53284e+06 2.34142e+09 12.5491 0.170157 2.93827e+10 0.00945042
7.56182e+06 2.31459e+09 12.5105 0.17029 2.89568e+10 0.00945767
7.5909e+06 2.28807e+09 12.4721 0.170423 2.8537e+10 0.00946492
7.6201e+06 2.26184e+09 12.4338 0.170557 2.81233e+10 0.00947217
7.64941e+06 2.23592e+09 12.3956 0.17069 2.77156e+10 0.00947943
7.67883e+06 2.2103e+09 12.3575 0.170824 2.73138e+10 0.0094867
7.70837e+06 2.18497e+09 12.3196 0.170957 2.69179e+10 0.00949397
7.73801e+06 2.15993e+09 12.2817 0.17109 2.65277e+10 0.00950124
7.76778e+06 2.13517e+09 12.244 0.171224 2.61431e+10 0.00950853
7.79765e+06 2.1107e+09 12.2064 0.171357 2.57641e+10 0.00951581
7.82765e+06 2.08651e+09 12.1689 0.17149 2.53906e+10 0.00952311
7.85775e+06 2.0626e+09 12.1316 0.171624 2.50225e+10 0.00953041
7.88798e+06 2.03896e+09 12.0943 0.171757 2.46598e+10 0.00953771
7.91832e+06 2.01559e+09 12.0571 0.171891 2.43023e+10 0.00954502
7.94877e+06 1.99249e+09 12.0201 0.172024 2.395e+10 0.00955233
7.97935e+06 1.96966e+09 11.9832 0.172157 2.36028e+10 0.00955965
8.01004e+06 1.94708e+09 11.9464 0.172291 2.32606e+10 0.00956698
8.04085e+06 1.92477e+09 11.9097 0.172424 2.29234e+10 0.00957431
8.07177e+06 1.90271e+09 11.8731 0.172558 2.25911e+10 0.00958165
8.10282e+06 1.8809e+09 11.8366 0.172691 2.22635e+10 0.00958899
8.13399e+06 1.85934e+09 11.8003 0.172824 2.19408e+10 0.00959634
8.16527e+06 1.83803e+09 11.764 0.172958 2.16227e+10 0.0096037
8.19668e+06 1.81697e+09 11.7279 0.173091 2.13092e+10 0.00961106
8.2282e+06 1.79614e+09 11.6919 0.173224 2.10003e+10 0.00961842
8.25985e+06 1.77556e+09 11.656 0.173358 2.06958e+10 0.00962579
8.29162e+06 1.75521e+09 11.6202 0.173491 2.03958e+10 0.00963317
8.32352e+06 1.73509e+09 11.5845 0.173625 2.01001e+10 0.00964055
8.35553e+06 1.71521e+09 11.5489 0.173758 1.98087e+10 0.00964794
8.38767e+06 1.69555e+09 11.5134 0.173891 1.95215e+10 0.00965533
8.41993e+06 1.67611e+09 11.478 0.174025 1.92385e+10 0.00966273
8.45231e+06 1.6569e+09 11.4428 0.174158 1.89596e+10 0.00967013
8.48482e+06 1.63791e+09 11.4076 0.174291 1.86847e+10 0.00967754
8.51746e+06 1.61914e+09 11.3726 0.174425 1.84138e+10 0.00968496
8.55022e+06 1.60058e+09 11.3377 0.174558 1.81468e+10 0.00969238
8.58311e+06 1.58224e+09 11.3028 0.174692 1.78837e+10 0.00969981
8.61612e+06 1.5641e+09 11.2681 0.174825 1.76245e+10 0.00970724
8.64926e+06 1.54617e+09 11.2335 0.174958 1.73689e+10 0.00971468
8.68253e+06 1.52845e+09 11.199 0.175092 1.71171e+10 0.00972212
8.71592e+06 1.51093e+09 11.1646 0.175225 1.68689e+10 0.00972957
8.74945e+06 1.49362e+09 11.1303 0.175358 1.66244e+10 0.00973703
8.7831e+06 1.4765e+09 11.0961 0.175492 1.63833e+10 0.00974449
8.81688e+06 1.45957e+09 11.062 0.175625 1.61458e+10 0.00975195
8.8508e+06 1.44284e+09 11.028 0.175759 1.59117e+10 0.00975942
8.88484e+06 1.42631e+09 10.9941 0.175892 1.5681e+10 0.0097669
8.91901e+06 1.40996e+09 10.9604 0.176025 1.54536e+10 0.00977438
8.95332e+06 1.3938e+09 10.9267 0.176159 1.52296e+10 0.00978187
8.98775e+06 1.37782e+09 10.8931 0.176292 1.50088e+10 0.00978937
9.02232e+06 1.36203e+09 10.8597 0.176425 1.47912e+10 0.00979687
9.05703e+06 1.34642e+09 10.8263 0.176559 1.45767e+10 0.00980437
9.09186e+06 1.33098e+09 10.793 0.176692 1.43654e+10 0.00981189
9.12683e+06 1.31573e+09 10.7599 0.176826 1.41571e+10 0.0098194
9.16194e+06 1.30065e+09 10.7268 0.176959 1.39518e+10 0.00982693
9.19718e+06 1.28574e+09 10.6939 0.177092 1.37495e+10 0.00983445
9.23255e+06 1.271e+09 10.661 0.177226 1.35501e+10 0.00984199
9.26806e+06 1.25643e+09 10.6283 0.177359 1.33537e+10 0.00984953
9.30371e+06 1.24203e+09 10.5956 0.177492 1.31601e+10 0.00985707
9.3395e+06 1.22779e+09 10.563 0.177626 1.29692e+10 0.00986463
9.37542e+06 1.21372e+09 10.5306 0.177759 1.27812e+10 0.00987218
9.41148e+06 1.19981e+09 10.4982 0.177893 1.25959e+10 0.00987975
9.44768e+06 1.18605e+09 10.466 0.178026 1.24132e+10 0.00988731
9.48402e+06 1.17246e+09 10.4338 0.178159 1.22332e+10 0.00989489
9.5205e+06 1.15902e+09 10.4018 0.178293 1.20558e+10 0.00990247
9.55711e+06 1.14573e+09 10.3698 0.178426 1.1881e+10 0.00991005
9.59387e+06 1.1326e+09 10.3379 0.17856 1.17088e+10 0.00991765
9.63077e+06 1.11962e+09 10.3062 0.178693 1.1539e+10 0.00992524
9.66782e+06 1.10678e+09 10.2745 0.178826 1.13717e+10 0.00993285
9.705e+06 1.0941e+09 10.2429 0.17896 1.12068e+10 0.00994045
9.74233e+06 1.08156e+09 10.2115 0.179093 1.10443e+10 0.00994807
9.7798e+06 1.06916e+09 10.1801 0.179226 1.08841e+10 0.00995569
9.81742e+06 1.0569e+09 10.1488 0.17936 1.07263e+10 0.00996332
9.85518e+06 1.04479e+09 10.1176 0.179493 1.05708e+10 0.00997095
9.89309e+06 1.03281e+09 10.0865 0.179627 1.04175e+10 0.00997858
9.93114e+06 1.02097e+09 10.0555 0.17976 1.02664e+10 0.00998623
9.96934e+06 1.00927e+09 10.0247 0.179893 1.01175e+10 0.00999388
1.00077e+07 9.97697e+08 9.99385 0.180027 9.97083e+09 0.0100015
1.00462e+07 9.8626e+08 9.96314 0.18016 9.82624e+09 0.0100092
1.00848e+07 9.74954e+08 9.93252 0.180293 9.68375e+09 0.0100169
1.01236e+07 9.63777e+08 9.902 0.180427 9.54333e+09 0.0100245
1.01625e+07 9.52729e+08 9.87157 0.18056 9.40494e+09 0.0100322
1.02016e+07 9.41807e+08 9.84124 0.180694 9.26855e+09 0.0100399
1.02409e+07 9.31011e+08 9.811 0.180827 9.13415e+09 0.0100476
1.02803e+07 9.20338e+08 9.78085 0.18096 9.00169e+09 0.0100553
1.03198e+07 9.09788e+08 9.75079 0.181094 8.87115e+09 0.010063
1.03595e+07 8.99358e+08 9.72083 0.181227 8.7425e+09 0.0100707
1.03993e+07 8.89048e+08 9.69095 0.18136 8.61572e+09 0.0100784
1.04393e+07 8.78856e+08 9.66117 0.181494 8.49078e+09 0.0100861
1.04795e+07 8.68781e+08 9.63148 0.181627 8.36765e+09 0.0100938
1.05198e+07 8.58821e+08 9.60189 0.181761 8.2463e+09 0.0101016
1.05603e+07 8.48976e+08 9.57238 0.181894 8.12671e+09 0.0101093
1.06009e+07 8.39243e+08 9.54296 0.182027 8.00886e+09 0.010117
1.06417e+07 8.29622e+08 9.51363 0.182161 7.89272e+09 0.0101248
1.06826e+07 8.20111e+08 9.48439 0.182294 7.77825e+09 0.0101326
1.07237e+07 8.10709e+08 9.45525 0.182427 7.66545e+09 0.0101403
1.07649e+07 8.01415e+08 9.42619 0.182561 7.55428e+09 0.0101481
1.08063e+07 7.92227e+08 9.39722 0.182694 7.44473e+09 0.0101558
1.08479e+07 7.83145e+08 9.36834 0.182828 7.33676e+09 0.0101636
1.08896e+07 7.74166e+08 9.33955 0.182961 7.23036e+09 0.0101714
1.09315e+07 7.65291e+08 9.31084 0.183094 7.1255e+09 0.0101792
1.09735e+07 7.56517e+08 9.28223 0.183228 7.02216e+09 0.010187
1.10157e+07 7.47844e+08 9.2537 0.183361 6.92032e+09 0.0101948
1.10581e+07 7.3927e+08 9.22526 0.183494 6.81996e+09 0.0102026
1.11007e+07 7.30795e+08 9.1969 0.183628 6.72105e+09 0.0102104
1.11433e+07 7.22416e+08 9.16864 0.183761 6.62357e+09 0.0102182
1.11862e+07 7.14134e+08 9.14046 0.183895 6.52751e+09 0.0102261
1.12292e+07 7.05946e+08 9.11236 0.184028 6.43284e+09 0.0102339
1.12724e+07 6.97853e+08 9.08435 0.184161 6.33954e+09 0.0102417
1.13158e+07 6.89852e+08 9.05643 0.184295 6.2476e+09 0.0102496
1.13593e+07 6.81943e+08 9.0286 0.184428 6.15698e+09 0.0102574
1.1403e+07 6.74124e+08 9.00084 0.184562 6.06769e+09 0.0102653
1.14469e+07 6.66395e+08 8.97318 0.184695 5.97968e+09 0.0102731
1.14909e+07 6.58755e+08 8.9456 0.184828 5.89296e+09 0.010281
1.15351e+07 6.51202e+08 8.9181 0.184962 5.80749e+09 0.0102889
1.15794e+07 6.43736e+08 8.89069 0.185095 5.72325e+09 0.0102967
1.1624e+07 6.36355e+08 8.86336 0.185228 5.64024e+09 0.0103046
1.16687e+07 6.29059e+08 8.83611 0.185362 5.55844e+09 0.0103125
1.17136e+07 6.21847e+08 8.80895 0.185495 5.47782e+09 0.0103204
1.17586e+07 6.14717e+08 8.78188 0.185629 5.39837e+09 0.0103283
1.18039e+07 6.07669e+08 8.75488 0.185762 5.32007e+09 0.0103362
1.18493e+07 6.00701e+08 8.72797 0.185895 5.2429e+09 0.0103441
1.18948e+07 5.93814e+08 8.70114 0.186029 5.16686e+09 0.010352
1.19406e+07 5.87005e+08 8.67439 0.186162 5.09191e+09 0.01036
1.19865e+07 5.80275e+08 8.64773 0.186295 5.01806e+09 0.0103679
1.20326e+07 5.73621e+08 8.62114 0.186429 4.94527e+09 0.0103758
1.20789e+07 5.67044e+08 8.59464 0.186562 4.87354e+09 0.0103838
1.21254e+07 5.60543e+08 8.56822 0.186696 4.80285e+09 0.0103917
1.2172e+07 5.54115e+08 8.54188 0.186829 4.73319e+09 0.0103997
1.22188e+07 5.47762e+08 8.51562 0.186962 4.66453e+09 0.0104076
1.22658e+07 5.41481e+08 8.48944 0.187096 4.59687e+09 0.0104156
1.2313e+07 5.35272e+08 8.46334 0.187229 4.53019e+09 0.0104236
1.23603e+07 5.29135e+08 8.43732 0.187362 4.46448e+09 0.0104316
1.24079e+07 5.23067e+08 8.41138 0.187496 4.39972e+09 0.0104395
1.24556e+07 5.1707e+08 8.38552 0.187629 4.3359e+09 0.0104475
1.25035e+07 5.11141e+08 8.35974 0.187763 4.27301e+09 0.0104555
1.25516e+07 5.0528e+08 8.33404 0.187896 4.21102e+09 0.0104635
1.25999e+07 4.99486e+08 8.30842 0.188029 4.14994e+09 0.0104715
1.26484e+07 4.93758e+08 8.28287 0.188163 4.08974e+09 0.0104796
1.2697e+07 4.88097e+08 8.25741 0.188296 4.03041e+09 0.0104876
1.27458e+07 4.825e+08 8.23202 0.188429 3.97195e+09 0.0104956
1.27949e+07 4.76967e+08 8.20671 0.188563 3.91433e+09 0.0105036
1.28441e+07 4.71498e+08 8.18148 0.188696 3.85755e+09 0.0105117
1.28935e+07 4.66091e+08 8.15632 0.18883 3.80159e+09 0.0105197
1.29431e+07 4.60746e+08 8.13125 0.188963 3.74644e+09 0.0105278
1.29929e+07 4.55463e+08 8.10624 0.189096 3.69209e+09 0.0105358
1.30428e+07 4.5024e+08 8.08132 0.18923 3.63853e+09 0.0105439
1.3093e+07 4.45077e+08 8.05647 0.189363 3.58575e+09 0.010552
1.31434e+07 4.39973e+08 8.0317 0.189496 3.53373e+09 0.01056
1.31939e+07 4.34928e+08 8.007 0.18963 3.48247e+09 0.0105681
1.32447e+07 4.2994e+08 7.98238 0.189763 3.43195e+09 0.0105762
1.32956e+07 4.2501e+08 7.95784 0.189897 3.38216e+09 0.0105843
1.33467e+07 4.20136e+08 7.93337 0.19003 3.3331e+09 0.0105924
1.33981e+07 4.15318e+08 7.90897 0.190163 3.28474e+09 0.0106005
1.34496e+07 4.10556e+08 7.88465 0.190297 3.23709e+09 0.0106086
1.35013e+07 4.05847e+08 7.86041 0.19043 3.19013e+09 0.0106167
1.35533e+07 4.01193e+08 7.83624 0.190564 3.14385e+09 0.0106249
1.36054e+07 3.96592e+08 7.81214 0.190697 3.09824e+09 0.010633
1.36577e+07 3.92044e+08 7.78812 0.19083 3.05329e+09 0.0106411
1.37103e+07 3.87548e+08 7.76417 0.190964 3.00899e+09 0.0106493
1.3763e+07 3.83104e+08 7.74029 0.191097 2.96534e+09 0.0106574
1.38159e+07 3.7871e+08 7.71649 0.19123 2.92231e+09 0.0106656
1.38691e+07 3.74367e+08 7.69276 0.191364 2.87992e+09 0.0106737
1.39224e+07 3.70074e+08 7.6691 0.191497 2.83813e+09 0.0106819
1.3976e+07 3.6583e+08 7.64552 0.191631 2.79696e+09 0.0106901
1.40297e+07 3.61634e+08 7.622 0.191764 2.75638e+09 0.0106982
1.40837e+07 3.57487e+08 7.59856 0.191897 2.71639e+09 0.0107064
1.41379e+07 3.53387e+08 7.57519 0.192031 2.67698e+09 0.0107146
1.41922e+07 3.49334e+08 7.5519 0.192164 2.63814e+09 0.0107228
1.42468e+07 3.45328e+08 7.52867 0.192297 2.59986e+09 0.010731
1.43016e+07 3.41367e+08 7.50552 0.192431 2.56214e+09 0.0107392
1.43566e+07 3.37452e+08 7.48243 0.192564 2.52496e+09 0.0107474
1.44118e+07 3.33582e+08 7.45942 0.192698 2.48833e+09 0.0107557
1.44673e+07 3.29756e+08 7.43648 0.192831 2.45222e+09 0.0107639
1.45229e+07 3.25974e+08 7.4136 0.192964 2.41664e+09 0.0107721
1.45788e+07 3.22236e+08 7.3908 0.193098 2.38158e+09 0.0107804
1.46349e+07 3.1854e+08 7.36807 0.193231 2.34702e+09 0.0107886
1.46911e+07 3.14886e+08 7.34541 0.193364 2.31297e+09 0.0107969
1.47477e+07 3.11275e+08 7.32281 0.193498 2.27941e+09 0.0108051
1.48044e+07 3.07705e+08 7.30029 0.193631 2.24633e+09 0.0108134
1.48613e+07 3.04175e+08 7.27784 0.193765 2.21374e+09 0.0108217
1.49185e+07 3.00687e+08 7.25545 0.193898 2.18162e+09 0.0108299
1.49759e+07 2.97238e+08 7.23313 0.194031 2.14996e+09 0.0108382
1.50335e+07 2.93829e+08 7.21088 0.194165 2.11876e+09 0.0108465
1.50913e+07 2.90459e+08 7.1887 0.194298 2.08802e+09 0.0108548
1.51493e+07 2.87127e+08 7.16659 0.194431 2.05772e+09 0.0108631
1.52076e+07 2.83834e+08 7.14454 0.194565 2.02786e+09 0.0108714
1.52661e+07 2.80578e+08 7.12257 0.194698 1.99844e+09 0.0108797
1.53248e+07 2.7736e+08 7.10066 0.194832 1.96944e+09 0.0108881
1.53838e+07 2.74179e+08 7.07881 0.194965 1.94086e+09 0.0108964
1.54429e+07 2.71034e+08 7.05704 0.195098 1.91269e+09 0.0109047
1.55023e+07 2.67925e+08 7.03533 0.195232 1.88494e+09 0.0109131
1.5562e+07 2.64852e+08 7.01368 0.195365 1.85759e+09 0.0109214
1.56218e+07 2.61814e+08 6.99211 0.195498 1.83063e+09 0.0109298
1.56819e+07 2.58811e+08 6.9706 0.195632 1.80406e+09 0.0109381
1.57422e+07 2.55842e+08 6.94915 0.195765 1.77788e+09 0.0109465
1.58028e+07 2.52907e+08 6.92777 0.195899 1.75208e+09 0.0109549
1.58635e+07 2.50006e+08 6.90646 0.196032 1.72666e+09 0.0109632
1.59246e+07 2.47138e+08 6.88521 0.196165 1.7016e+09 0.0109716
1.59858e+07 2.44304e+08 6.86403 0.196299 1.67691e+09 0.01098
1.60473e+07 2.41501e+08 6.84291 0.196432 1.65257e+09 0.0109884
1.6109e+07 2.38731e+08 6.82186 0.196566 1.62859e+09 0.0109968
1.6171e+07 2.35992e+08 6.80087 0.196699 1.60495e+09 0.0110052
1.62332e+07 2.33285e+08 6.77994 0.196832 1.58166e+09 0.0110136
1.62956e+07 2.30609e+08 6.75908 0.196966 1.55871e+09 0.011022
1.63583e+07 2.27964e+08 6.73829 0.197099 1.53608e+09 0.0110305
1.64212e+07 2.25349e+08 6.71755 0.197232 1.51379e+09 0.0110389
1.64844e+07 2.22764e+08 6.69688 0.197366 1.49182e+09 0.0110473
1.65478e+07 2.20208e+08 6.67628 0.197499 1.47017e+09 0.0110558
1.66114e+07 2.17682e+08 6.65573 0.197633 1.44883e+09 0.0110642
1.66753e+07 2.15185e+08 6.63525 0.197766 1.42781e+09 0.0110727
1.67395e+07 2.12716e+08 6.61484 0.197899 1.40708e+09 0.0110812
1.68038e+07 2.10276e+08 6.59448 0.198033 1.38666e+09 0.0110896
1.68685e+07 2.07864e+08 6.57419 0.198166 1.36654e+09 0.0110981
1.69334e+07 2.05479e+08 6.55396 0.198299 1.3467e+09 0.0111066
1.69985e+07 2.03122e+08 6.53379 0.198433 1.32716e+09 0.0111151
1.70639e+07 2.00791e+08 6.51369 0.198566 1.30789e+09 0.0111236
1.71295e+07 1.98488e+08 6.49364 0.1987 1.28891e+09 0.0111321
1.71954e+07 1.96211e+08 6.47366 0.198833 1.2702e+09 0.0111406
1.72615e+07 1.9396e+08 6.45374 0.198966 1.25177e+09 0.0111491
1.73279e+07 1.91735e+08 6.43387 0.1991 1.2336e+09 0.0111576
1.73946e+07 1.89535e+08 6.41407 0.199233 1.21569e+09 0.0111662
1.74615e+07 1.8736e+08 6.39433 0.199366 1.19804e+09 0.0111747
1.75286e+07 1.85211e+08 6.37466 0.1995 1.18066e+09 0.0111832
1.7596e+07 1.83086e+08 6.35504 0.199633 1.16352e+09 0.0111918
1.76637e+07 1.80985e+08 6.33548 0.199767 1.14663e+09 0.0112003
1.77317e+07 1.78909e+08 6.31598 0.1999 1.12998e+09 0.0112089
1.77999e+07 1.76856e+08 6.29654 0.200033 1.11358e+09 0.0112175
1.78683e+07 1.74827e+08 6.27716 0.200167 1.09742e+09 0.011226
1.79371e+07 1.72821e+08 6.25784 0.2003 1.08149e+09 0.0112346
1.80061e+07 1.70838e+08 6.23858 0.200433 1.06579e+09 0.0112432
1.80753e+07 1.68878e+08 6.21938 0.200567 1.05032e+09 0.0112518
1.81448e+07 1.66941e+08 6.20023 0.2007 1.03507e+09 0.0112604
1.82146e+07 1.65025e+08 6.18115 0.200834 1.02005e+09 0.011269
1.82847e+07 1.63132e+08 6.16212 0.200967 1.00524e+09 0.0112776
1.8355e+07 1.6126e+08 6.14316 0.2011 9.90646e+08 0.0112862
1.84256e+07 1.5941e+08 6.12425 0.201234 9.76265e+08 0.0112949
1.84965e+07 1.57581e+08 6.1054 0.201367 9.62092e+08 0.0113035
1.85676e+07 1.55773e+08 6.0866 0.201501 9.48125e+08 0.0113121
1.8639e+07 1.53985e+08 6.06786 0.201634 9.34361e+08 0.0113208
1.87107e+07 1.52218e+08 6.04919 0.201767 9.20797e+08 0.0113294
1.87827e+07 1.50472e+08 6.03056 0.201901 9.07429e+08 0.0113381
1.88549e+07 1.48745e+08 6.012 0.202034 8.94256e+08 0.0113467
1.89275e+07 1.47038e+08 5.99349 0.202167 8.81273e+08 0.0113554
1.90003e+07 1.45351e+08 5.97504 0.202301 8.68479e+08 0.0113641
1.90733e+07 1.43683e+08 5.95665 0.202434 8.5587e+08 0.0113728
1.91467e+07 1.42034e+08 5.93831 0.202568 8.43444e+08 0.0113815
1.92203e+07 1.40405e+08 5.92003 0.202701 8.31199e+08 0.0113902
1.92943e+07 1.38793e+08 5.9018 0.202834 8.19131e+08 0.0113989
1.93685e+07 1.37201e+08 5.88363 0.202968 8.07239e+08 0.0114076
1.9443e+07 1.35626e+08 5.86552 0.203101 7.95519e+08 0.0114163
1.95178e+07 1.3407e+08 5.84746 0.203234 7.83969e+08 0.011425
1.95928e+07 1.32532e+08 5.82945 0.203368 7.72586e+08 0.0114337
1.96682e+07 1.31011e+08 5.8115 0.203501 7.61369e+08 0.0114425
1.97438e+07 1.29507e+08 5.79361 0.203635 7.50314e+08 0.0114512
1.98198e+07 1.28021e+08 5.77577 0.203768 7.3942e+08 0.01146
1.9896e+07 1.26552e+08 5.75799 0.203901 7.28684e+08 0.0114687
1.99725e+07 1.251e+08 5.74026 0.204035 7.18104e+08 0.0114775
2.00494e+07 1.23664e+08 5.72258 0.204168 7.07677e+08 0.0114862
2.01265e+07 1.22245e+08 5.70496 0.204301 6.97402e+08 0.011495
2.02039e+07 1.20842e+08 5.68739 0.204435 6.87275e+08 0.0115038
2.02816e+07 1.19455e+08 5.66988 0.204568 6.77296e+08 0.0115126
2.03596e+07 1.18084e+08 5.65242 0.204702 6.67461e+08 0.0115214
2.04379e+07 1.16729e+08 5.63501 0.204835 6.57769e+08 0.0115302
2.05165e+07 1.15389e+08 5.61766 0.204968 6.48218e+08 0.011539
2.05954e+07 1.14065e+08 5.60036 0.205102 6.38805e+08 0.0115478
2.06747e+07 1.12756e+08 5.58311 0.205235 6.29529e+08 0.0115566
2.07542e+07 1.11462e+08 5.56592 0.205368 6.20388e+08 0.0115654
2.0834e+07 1.10183e+08 5.54878 0.205502 6.11379e+08 0.0115743
2.09141e+07 1.08918e+08 5.53169 0.205635 6.02501e+08 0.0115831
2.09946e+07 1.07668e+08 5.51465 0.205769 5.93751e+08 0.0115919
2.10753e+07 1.06432e+08 5.49767 0.205902 5.85129e+08 0.0116008
2.11564e+07 1.05211e+08 5.48074 0.206035 5.76632e+08 0.0116097
2.12378e+07 1.04003e+08 5.46386 0.206169 5.68258e+08 0.0116185
2.13195e+07 1.02809e+08 5.44703 0.206302 5.60005e+08 0.0116274
2.14015e+07 1.01629e+08 5.43025 0.206435 5.51873e+08 0.0116363
2.14838e+07 1.00463e+08 5.41353 0.206569 5.43858e+08 0.0116451
2.15664e+07 9.93097e+07 5.39685 0.206702 5.3596e+08 0.011654
2.16494e+07 9.81699e+07 5.38023 0.206836 5.28176e+08 0.0116629
2.17326e+07 9.7043e+07 5.36366 0.206969 5.20505e+08 0.0116718
2.18162e+07 9.59292e+07 5.34713 0.207102 5.12946e+08 0.0116808
2.19001e+07 9.48281e+07 5.33066 0.207236 5.05496e+08 0.0116897
2.19844e+07 9.37396e+07 5.31424 0.207369 4.98155e+08 0.0116986
2.20689e+07 9.26636e+07 5.29787 0.207503 4.9092e+08 0.0117075
2.21538e+07 9.15999e+07 5.28155 0.207636 4.8379e+08 0.0117165
2.2239e+07 9.05485e+07 5.26528 0.207769 4.76763e+08 0.0117254
2.23246e+07 8.95091e+07 5.24906 0.207903 4.69839e+08 0.0117344
2.24104e+07 8.84816e+07 5.23289 0.208036 4.63014e+08 0.0117433
2.24966e+07 8.74659e+07 5.21677 0.208169 4.56289e+08 0.0117523
2.25832e+07 8.64619e+07 5.2007 0.208303 4.49662e+08 0.0117612
2.267e+07 8.54693e+07 5.18467 0.208436 4.43131e+08 0.0117702
2.27572e+07 8.44882e+07 5.1687 0.20857 4.36694e+08 0.0117792
2.28447e+07 8.35183e+07 5.15278 0.208703 4.30351e+08 0.0117882
2.29326e+07 8.25596e+07 5.1369 0.208836 4.241e+08 0.0117972
2.30208e+07 8.16118e+07 5.12107 0.20897 4.1794e+08 0.0118062
2.31094e+07 8.06749e+07 5.10529 0.209103 4.11869e+08 0.0118152
2.31982e+07 7.97488e+07 5.08956 0.209236 4.05886e+08 0.0118242
2.32875e+07 7.88332e+07 5.07388 0.20937 3.9999e+08 0.0118332
2.3377e+07 7.79282e+07 5.05825 0.209503 3.9418e+08 0.0118423
2.3467e+07 7.70336e+07 5.04266 0.209637 3.88454e+08 0.0118513
2.35572e+07 7.61492e+07 5.02712 0.20977 3.82811e+08 0.0118604
2.36478e+07 7.5275e+07 5.01163 0.209903 3.7725e+08 0.0118694
2.37388e+07 7.44107e+07 4.99619 0.210037 3.7177e+08 0.0118785
2.38301e+07 7.35565e+07 4.98079 0.21017 3.66369e+08 0.0118875
2.39217e+07 7.2712e+07 4.96544 0.210303 3.61047e+08 0.0118966
2.40138e+07 7.18771e+07 4.95014 0.210437 3.55802e+08 0.0119057
2.41061e+07 7.10519e+07 4.93489 0.21057 3.50633e+08 0.0119148
2.41988e+07 7.02362e+07 4.91968 0.210704 3.45539e+08 0.0119238
2.42919e+07 6.94297e+07 4.90451 0.210837 3.40519e+08 0.0119329
2.43854e+07 6.86326e+07 4.8894 0.21097 3.35572e+08 0.011942
2.44791e+07 6.78446e+07 4.87433 0.211104 3.30697e+08 0.0119512
2.45733e+07 6.70656e+07 4.85931 0.211237 3.25892e+08 0.0119603
2.46678e+07 6.62956e+07 4.84433 0.21137 3.21158e+08 0.0119694
2.47627e+07 6.55344e+07 4.8294 0.211504 3.16492e+08 0.0119785
2.48579e+07 6.47819e+07 4.81451 0.211637 3.11893e+08 0.0119877
2.49536e+07 6.40381e+07 4.79967 0.211771 3.07362e+08 0.0119968
2.50495e+07 6.33027e+07 4.78488 0.211904 3.02896e+08 0.012006
2.51459e+07 6.25759e+07 4.77013 0.212037 2.98495e+08 0.0120151
2.52426e+07 6.18573e+07 4.75543 0.212171 2.94158e+08 0.0120243
2.53397e+07 6.11471e+07 4.74077 0.212304 2.89884e+08 0.0120334
2.54372e+07 6.04449e+07 4.72615 0.212437 2.85672e+08 0.0120426
2.5535e+07 5.97508e+07 4.71158 0.212571 2.81521e+08 0.0120518
2.56332e+07 5.90647e+07 4.69706 0.212704 2.7743e+08 0.012061
2.57318e+07 5.83865e+07 4.68258 0.212838 2.73399e+08 0.0120702
2.58308e+07 5.7716e+07 4.66814 0.212971 2.69427e+08 0.0120794
2.59301e+07 5.70532e+07 4.65375 0.213104 2.65511e+08 0.0120886
2.60299e+07 5.6398e+07 4.6394 0.213238 2.61653e+08 0.0120978
2.613e+07 5.57504e+07 4.6251 0.213371 2.57851e+08 0.0121071
2.62305e+07 5.51101e+07 4.61084 0.213505 2.54104e+08 0.0121163
2.63314e+07 5.44773e+07 4.59663 0.213638 2.50412e+08 0.0121255
2.64327e+07 5.38516e+07 4.58245 0.213771 2.46773e+08 0.0121348
2.65343e+07 5.32332e+07 4.56832 0.213905 2.43186e+08 0.012144
2.66364e+07 5.26219e+07 4.55424 0.214038 2.39652e+08 0.0121533
2.67388e+07 5.20175e+07 4.54019 0.214171 2.3617e+08 0.0121625
2.68417e+07 5.14201e+07 4.5262 0.214305 2.32738e+08 0.0121718
2.69449e+07 5.08296e+07 4.51224 0.214438 2.29355e+08 0.0121811
2.70486e+07 5.02458e+07 4.49832 0.214572 2.26022e+08 0.0121904
2.71526e+07 4.96687e+07 4.48445 0.214705 2.22737e+08 0.0121997
2.7257e+07 4.90983e+07 4.47062 0.214838 2.195e+08 0.012209
2.73619e+07 4.85344e+07 4.45684 0.214972 2.1631e+08 0.0122183
2.74671e+07 4.79769e+07 4.44309 0.215105 2.13166e+08 0.0122276
2.75728e+07 4.74259e+07 4.42939 0.215238 2.10068e+08 0.0122369
2.76788e+07 4.68812e+07 4.41573 0.215372 2.07015e+08 0.0122462
2.77853e+07 4.63427e+07 4.40211 0.215505 2.04006e+08 0.0122556
2.78921e+07 4.58104e+07 4.38853 0.215639 2.01041e+08 0.0122649
2.79994e+07 4.52842e+07 4.375 0.215772 1.98119e+08 0.0122743
2.81071e+07 4.47641e+07 4.3615 0.215905 1.95239e+08 0.0122836
2.82152e+07 4.42499e+07 4.34805 0.216039 1.92401e+08 0.012293
2.83237e+07 4.37417e+07 4.33464 0.216172 1.89604e+08 0.0123023
2.84327e+07 4.32392e+07 4.32127 0.216305 1.86848e+08 0.0123117
2.8542e+07 4.27425e+07 4.30794 0.216439 1.84132e+08 0.0123211
2.86518e+07 4.22516e+07 4.29465 0.216572 1.81456e+08 0.0123305
2.8762e+07 4.17662e+07 4.2814 0.216706 1.78818e+08 0.0123399
2.88727e+07 4.12864e+07 4.2682 0.216839 1.76219e+08 0.0123493
2.89837e+07 4.08122e+07 4.25503 0.216972 1.73657e+08 0.0123587
2.90952e+07 4.03433e+07 4.2419 0.217106 1.71133e+08 0.0123681
2.92071e+07 3.98799e+07 4.22882 0.217239 1.68645e+08 0.0123775
2.93194e+07 3.94218e+07 4.21577 0.217372 1.66193e+08 0.012387
2.94322e+07 3.89689e+07 4.20276 0.217506 1.63777e+08 0.0123964
2.95454e+07 3.85212e+07 4.1898 0.217639 1.61396e+08 0.0124058
2.96591e+07 3.80787e+07 4.17687 0.217773 1.5905e+08 0.0124153
2.97731e+07 3.76412e+07 4.16398 0.217906 1.56737e+08 0.0124248
2.98877e+07 3.72088e+07 4.15114 0.218039 1.54459e+08 0.0124342
3.00026e+07 3.67813e+07 4.13833 0.218173 1.52213e+08 0.0124437
3.0118e+07 3.63587e+07 4.12556 0.218306 1.5e+08 0.0124532
3.02339e+07 3.5941e+07 4.11283 0.218439 1.47819e+08 0.0124627
3.03501e+07 3.55281e+07 4.10014 0.218573 1.4567e+08 0.0124721
3.04669e+07 3.51199e+07 4.08749 0.218706 1.43552e+08 0.0124816
3.05841e+07 3.47164e+07 4.07487 0.21884 1.41465e+08 0.0124911
3.07017e+07 3.43175e+07 4.0623 0.218973 1.39408e+08 0.0125007
3.08198e+07 3.39232e+07 4.04976 0.219106 1.37381e+08 0.0125102
3.09383e+07 3.35335e+07 4.03726 0.21924 1.35383e+08 0.0125197
3.10573e+07 3.31482e+07 4.0248 0.219373 1.33415e+08 0.0125292
3.11768e+07 3.27673e+07 4.01238 0.219507 1.31475e+08 0.0125388
3.12967e+07 3.23908e+07 4 0.21964 1.29563e+08 0.0125483
3.14171e+07 3.20186e+07 3.98765 0.219773 1.27679e+08 0.0125579
3.15379e+07 3.16507e+07 3.97534 0.219907 1.25822e+08 0.0125674
3.16592e+07 3.1287e+07 3.96307 0.22004 1.23993e+08 0.012577
3.1781e+07 3.09275e+07 3.95084 0.220173 1.2219e+08 0.0125866
3.19032e+07 3.05721e+07 3.93865 0.220307 1.20413e+08 0.0125962
3.20259e+07 3.02208e+07 3.92649 0.22044 1.18662e+08 0.0126058
3.21491e+07 2.98735e+07 3.91437 0.220574 1.16936e+08 0.0126154
3.22728e+07 2.95302e+07 3.90228 0.220707 1.15235e+08 0.012625
3.23969e+07 2.91909e+07 3.89024 0.22084 1.13559e+08 0.0126346
3.25215e+07 2.88554e+07 3.87823 0.220974 1.11908e+08 0.0126442
3.26466e+07 2.85238e+07 3.86625 0.221107 1.1028e+08 0.0126538
3.27722e+07 2.8196e+07 3.85432 0.22124 1.08676e+08 0.0126634
3.28982e+07 2.7872e+07 3.84242 0.221374 1.07096e+08 0.0126731
3.30248e+07 2.75517e+07 3.83056 0.221507 1.05538e+08 0.0126827
3.31518e+07 2.7235e+07 3.81873 0.221641 1.04003e+08 0.0126924
3.32793e+07 2.6922e+07 3.80694 0.221774 1.0249e+08 0.012702
3.34073e+07 2.66126e+07 3.79518 0.221907 1.01e+08 0.0127117
3.35358e+07 2.63068e+07 3.78346 0.222041 9.95307e+07 0.0127214
3.36648e+07 2.60044e+07 3.77178 0.222174 9.80829e+07 0.012731
3.37943e+07 2.57055e+07 3.76013 0.222307 9.66562e+07 0.0127407
3.39242e+07 2.54101e+07 3.74852 0.222441 9.52503e+07 0.0127504
3.40547e+07 2.5118e+07 3.73695 0.222574 9.38647e+07 0.0127601
3.41857e+07 2.48293e+07 3.72541 0.222708 9.24993e+07 0.0127698
3.43172e+07 2.45439e+07 3.7139 0.222841 9.11538e+07 0.0127796
3.44492e+07 2.42618e+07 3.70243 0.222974 8.98277e+07 0.0127893
3.45817e+07 2.39829e+07 3.691 0.223108 8.8521e+07 0.012799
3.47147e+07 2.37073e+07 3.6796 0.223241 8.72332e+07 0.0128087
3.48482e+07 2.34348e+07 3.66823 0.223374 8.59642e+07 0.0128185
3.49823e+07 2.31654e+07 3.6569 0.223508 8.47136e+07 0.0128282
3.51168e+07 2.28991e+07 3.64561 0.223641 8.34811e+07 0.012838
3.52519e+07 2.26359e+07 3.63435 0.223775 8.22666e+07 0.0128478
3.53875e+07 2.23757e+07 3.62312 0.223908 8.10697e+07 0.0128575
3.55236e+07 2.21184e+07 3.61193 0.224041 7.98902e+07 0.0128673
3.56602e+07 2.18642e+07 3.60077 0.224175 7.87279e+07 0.0128771
3.57974e+07 2.16128e+07 3.58965 0.224308 7.75824e+07 0.0128869
3.59351e+07 2.13644e+07 3.57856 0.224441 7.64536e+07 0.0128967
3.60733e+07 2.11188e+07 3.5675 0.224575 7.53412e+07 0.0129065
3.6212e+07 2.0876e+07 3.55648 0.224708 7.42449e+07 0.0129163
3.63513e+07 2.0636e+07 3.54549 0.224842 7.31646e+07 0.0129261
3.64911e+07 2.03987e+07 3.53454 0.224975 7.21e+07 0.0129359
3.66315e+07 2.01642e+07 3.52362 0.225108 7.10509e+07 0.0129458
3.67724e+07 1.99324e+07 3.51273 0.225242 7.0017e+07 0.0129556
3.69138e+07 1.97032e+07 3.50188 0.225375 6.89981e+07 0.0129655
3.70558e+07 1.94767e+07 3.49105 0.225509 6.79941e+07 0.0129753
3.71983e+07 1.92527e+07 3.48027 0.225642 6.70046e+07 0.0129852
3.73414e+07 1.90314e+07 3.46951 0.225775 6.60295e+07 0.0129951
3.7485e+07 1.88125e+07 3.45879 0.225909 6.50686e+07 0.0130049
3.76292e+07 1.85962e+07 3.4481 0.226042 6.41217e+07 0.0130148
3.77739e+07 1.83824e+07 3.43744 0.226175 6.31885e+07 0.0130247
3.79192e+07 1.8171e+07 3.42682 0.226309 6.22689e+07 0.0130346
3.80651e+07 1.79621e+07 3.41623 0.226442 6.13626e+07 0.0130445
3.82115e+07 1.77555e+07 3.40567 0.226576 6.04695e+07 0.0130544
3.83585e+07 1.75514e+07 3.39514 0.226709 5.95894e+07 0.0130644
3.8506e+07 1.73495e+07 3.38465 0.226842 5.87221e+07 0.0130743
3.86541e+07 1.715e+07 3.37419 0.226976 5.78674e+07 0.0130842
3.88028e+07 1.69528e+07 3.36376 0.227109 5.70251e+07 0.0130942
3.8952e+07 1.67578e+07 3.35336 0.227242 5.61951e+07 0.0131041
3.91019e+07 1.65651e+07 3.34299 0.227376 5.53771e+07 0.0131141
3.92523e+07 1.63746e+07 3.33266 0.227509 5.45711e+07 0.013124
3.94032e+07 1.61863e+07 3.32236 0.227643 5.37767e+07 0.013134
3.95548e+07 1.60002e+07 3.31209 0.227776 5.29939e+07 0.013144
3.97069e+07 1.58161e+07 3.30185 0.227909 5.22225e+07 0.013154
3.98597e+07 1.56342e+07 3.29164 0.228043 5.14622e+07 0.013164
4.0013e+07 1.54544e+07 3.28146 0.228176 5.07131e+07 0.0131739
4.01669e+07 1.52767e+07 3.27131 0.228309 4.99748e+07 0.013184
4.03214e+07 1.5101e+07 3.2612 0.228443 4.92473e+07 0.013194
4.04764e+07 1.49273e+07 3.25111 0.228576 4.85303e+07 0.013204
4.06321e+07 1.47556e+07 3.24106 0.22871 4.78238e+07 0.013214
4.07884e+07 1.45859e+07 3.23104 0.228843 4.71275e+07 0.0132241
4.09453e+07 1.44181e+07 3.22105 0.228976 4.64414e+07 0.0132341
4.11028e+07 1.42523e+07 3.21108 0.22911 4.57652e+07 0.0132441
4.12609e+07 1.40883e+07 3.20115 0.229243 4.50988e+07 0.0132542
4.14196e+07 1.39263e+07 3.19125 0.229376 4.44422e+07 0.0132643
4.15789e+07 1.37661e+07 3.18138 0.22951 4.37951e+07 0.0132743
4.17388e+07 1.36077e+07 3.17154 0.229643 4.31574e+07 0.0132844
4.18994e+07 1.34512e+07 3.16173 0.229777 4.2529e+07 0.0132945
4.20605e+07 1.32964e+07 3.15195 0.22991 4.19097e+07 0.0133046
4.22223e+07 1.31435e+07 3.1422 0.230043 4.12994e+07 0.0133147
4.23847e+07 1.29923e+07 3.13248 0.230177 4.0698e+07 0.0133248
4.25477e+07 1.28428e+07 3.12279 0.23031 4.01054e+07 0.0133349
4.27114e+07 1.2695e+07 3.11313 0.230443 3.95213e+07 0.013345
4.28757e+07 1.2549e+07 3.1035 0.230577 3.89458e+07 0.0133552
4.30406e+07 1.24046e+07 3.0939 0.23071 3.83786e+07 0.0133653
4.32061e+07 1.22619e+07 3.08433 0.230844 3.78197e+07 0.0133754
4.33723e+07 1.21208e+07 3.07478 0.230977 3.72689e+07 0.0133856
4.35391e+07 1.19814e+07 3.06527 0.23111 3.67261e+07 0.0133957
4.37066e+07 1.18435e+07 3.05578 0.231244 3.61912e+07 0.0134059
4.38747e+07 1.17072e+07 3.04633 0.231377 3.56641e+07 0.0134161
4.40434e+07 1.15725e+07 3.0369 0.231511 3.51446e+07 0.0134263
4.42129e+07 1.14394e+07 3.0275 0.231644 3.46327e+07 0.0134364
4.43829e+07 1.13077e+07 3.01814 0.231777 3.41283e+07 0.0134466
4.45536e+07 1.11776e+07 3.00879 0.231911 3.36311e+07 0.0134568
4.4725e+07 1.1049e+07 2.99948 0.232044 3.31412e+07 0.013467
4.4897e+07 1.09218e+07 2.9902 0.232177 3.26585e+07 0.0134773
4.50697e+07 1.07962e+07 2.98094 0.232311 3.21827e+07 0.0134875
4.5243e+07 1.06719e+07 2.97172 0.232444 3.17139e+07 0.0134977
4.54171e+07 1.05491e+07 2.96252 0.232578 3.12519e+07 0.0135079
4.55918e+07 1.04277e+07 2.95335 0.232711 3.07966e+07 0.0135182
4.57671e+07 1.03077e+07 2.94421 0.232844 3.0348e+07 0.0135284
4.59431e+07 1.01891e+07 2.93509 0.232978 2.99059e+07 0.0135387
4.61199e+07 1.00718e+07 2.92601 0.233111 2.94702e+07 0.013549
4.62972e+07 9.95589e+06 2.91695 0.233244 2.90408e+07 0.0135592
4.64753e+07 9.8413e+06 2.90792 0.233378 2.86177e+07 0.0135695
4.66541e+07 9.72803e+06 2.89891 0.233511 2.82007e+07 0.0135798
4.68335e+07 9.61606e+06 2.88994 0.233645 2.77898e+07 0.0135901
4.70137e+07 9.50538e+06 2.88099 0.233778 2.73849e+07 0.0136004
4.71945e+07 9.39597e+06 2.87207 0.233911 2.69859e+07 0.0136107
4.7376e+07 9.28782e+06 2.86317 0.234045 2.65926e+07 0.013621
4.75582e+07 9.18091e+06 2.85431 0.234178 2.62051e+07 0.0136314
4.77412e+07 9.07523e+06 2.84547 0.234311 2.58233e+07 0.0136417
4.79248e+07 8.97076e+06 2.83666 0.234445 2.5447e+07 0.013652
4.81091e+07 8.86749e+06 2.82787 0.234578 2.50761e+07 0.0136624
4.82942e+07 8.76541e+06 2.81911 0.234712 2.47107e+07 0.0136727
4.84799e+07 8.66451e+06 2.81038 0.234845 2.43506e+07 0.0136831
4.86664e+07 8.56476e+06 2.80168 0.234978 2.39957e+07 0.0136935
4.88536e+07 8.46616e+06 2.793 0.235112 2.3646e+07 0.0137038
4.90415e+07 8.36869e+06 2.78435 0.235245 2.33013e+07 0.0137142
4.92301e+07 8.27234e+06 2.77572 0.235378 2.29617e+07 0.0137246
4.94195e+07 8.1771e+06 2.76712 0.235512 2.2627e+07 0.013735
4.96095e+07 8.08296e+06 2.75855 0.235645 2.22972e+07 0.0137454
4.98004e+07 7.9899e+06 2.75 0.235779 2.19722e+07 0.0137558
4.99919e+07 7.8979e+06 2.74148 0.235912 2.1652e+07 0.0137662
5.01842e+07 7.80696e+06 2.73299 0.236045 2.13363e+07 0.0137767
5.03772e+07 7.71707e+06 2.72452 0.236179 2.10253e+07 0.0137871
5.0571e+07 7.62821e+06 2.71608 0.236312 2.07188e+07 0.0137975
5.07655e+07 7.54038e+06 2.70766 0.236445 2.04168e+07 0.013808
5.09607e+07 7.45355e+06 2.69927 0.236579 2.01192e+07 0.0138184
5.11568e+07 7.36772e+06 2.69091 0.236712 1.98258e+07 0.0138289
5.13535e+07 7.28288e+06 2.68257 0.236846 1.95368e+07 0.0138394
5.1551e+07 7.19901e+06 2.67425 0.236979 1.9252e+07 0.0138498
5.17493e+07 7.1161e+06 2.66596 0.237112 1.89713e+07 0.0138603
5.19484e+07 7.03415e+06 2.6577 0.237246 1.86947e+07 0.0138708
5.21482e+07 6.95314e+06 2.64946 0.237379 1.84221e+07 0.0138813
5.23487e+07 6.87307e+06 2.64125 0.237513 1.81535e+07 0.0138918
5.25501e+07 6.79391e+06 2.63306 0.237646 1.78888e+07 0.0139023
5.27522e+07 6.71566e+06 2.6249 0.237779 1.76279e+07 0.0139129
5.29551e+07 6.63831e+06 2.61676 0.237913 1.73709e+07 0.0139234
5.31588e+07 6.56185e+06 2.60865 0.238046 1.71176e+07 0.0139339
5.33633e+07 6.48627e+06 2.60056 0.238179 1.6868e+07 0.0139445
5.35685e+07 6.41156e+06 2.5925 0.238313 1.6622e+07 0.013955
5.37746e+07 6.33771e+06 2.58446 0.238446 1.63796e+07 0.0139656
5.39814e+07 6.26471e+06 2.57645 0.23858 1.61407e+07 0.0139762
5.4189e+07 6.19254e+06 2.56846 0.238713 1.59053e+07 0.0139867
5.43974e+07 6.12121e+06 2.56049 0.238846 1.56733e+07 0.0139973
5.46067e+07 6.0507e+06 2.55255 0.23898 1.54447e+07 0.0140079
5.48167e+07 5.98099e+06 2.54464 0.239113 1.52194e+07 0.0140185
5.50276e+07 5.91209e+06 2.53674 0.239246 1.49975e+07 0.0140291
5.52392e+07 5.84398e+06 2.52888 0.23938 1.47787e+07 0.0140397
5.54517e+07 5.77665e+06 2.52103 0.239513 1.45631e+07 0.0140503
5.5665e+07 5.7101e+06 2.51321 0.239647 1.43507e+07 0.0140609
5.58791e+07 5.64431e+06 2.50542 0.23978 1.41414e+07 0.0140716
5.6094e+07 5.57928e+06 2.49764 0.239913 1.39351e+07 0.0140822
5.63097e+07 5.515e+06 2.4899 0.240047 1.37318e+07 0.0140929
5.65263e+07 5.45145e+06 2.48217 0.24018 1.35314e+07 0.0141035
5.67437e+07 5.38864e+06 2.47447 0.240313 1.3334e+07 0.0141142
5.6962e+07 5.32655e+06 2.46679 0.240447 1.31395e+07 0.0141249
5.71811e+07 5.26517e+06 2.45914 0.24058 1.29478e+07 0.0141355
5.7401e+07 5.2045e+06 2.45151 0.240714 1.27589e+07 0.0141462
5.76218e+07 5.14453e+06 2.4439 0.240847 1.25727e+07 0.0141569
5.78434e+07 5.08524e+06 2.43632 0.24098 1.23893e+07 0.0141676
5.80659e+07 5.02664e+06 2.42876 0.241114 1.22085e+07 0.0141783
5.82893e+07 4.96871e+06 2.42122 0.241247 1.20303e+07 0.014189
5.85135e+07 4.91145e+06 2.4137 0.24138 1.18548e+07 0.0141997
5.87385e+07 4.85485e+06 2.40621 0.241514 1.16818e+07 0.0142105
5.89644e+07 4.79889e+06 2.39874 0.241647 1.15113e+07 0.0142212
5.91912e+07 4.74358e+06 2.3913 0.241781 1.13433e+07 0.014232
5.94189e+07 4.68891e+06 2.38387 0.241914 1.11778e+07 0.0142427
5.96474e+07 4.63487e+06 2.37647 0.242047 1.10146e+07 0.0142535
5.98769e+07 4.58144e+06 2.3691 0.242181 1.08539e+07 0.0142642
6.01072e+07 4.52863e+06 2.36174 0.242314 1.06955e+07 0.014275
6.03384e+07 4.47643e+06 2.35441 0.242447 1.05393e+07 0.0142858
6.05704e+07 4.42483e+06 2.3471 0.242581 1.03855e+07 0.0142966
6.08034e+07 4.37383e+06 2.33981 0.242714 1.02339e+07 0.0143074
6.10373e+07 4.32341e+06 2.33254 0.242848 1.00845e+07 0.0143182
6.12721e+07 4.27357e+06 2.3253 0.242981 9.93732e+06 0.014329
6.15077e+07 4.2243e+06 2.31808 0.243114 9.79225e+06 0.0143398
6.17443e+07 4.1756e+06 2.31088 0.243248 9.6493e+06 0.0143506
6.19818e+07 4.12746e+06 2.3037 0.243381 9.50843e+06 0.0143615
6.22202e+07 4.07987e+06 2.29655 0.243515 9.36961e+06 0.0143723
6.24595e+07 4.03283e+06 2.28941 0.243648 9.23282e+06 0.0143831
6.26997e+07 3.98633e+06 2.2823 0.243781 9.09801e+06 0.014394
6.29409e+07 3.94037e+06 2.27521 0.243915 8.96517e+06 0.0144049
6.3183e+07 3.89494e+06 2.26814 0.244048 8.83427e+06 0.0144157
6.3426e+07 3.85002e+06 2.2611 0.244181 8.70527e+06 0.0144266
6.367e+07 3.80563e+06 2.25407 0.244315 8.57816e+06 0.0144375
6.39149e+07 3.76175e+06 2.24707 0.244448 8.45289e+06 0.0144484
6.41607e+07 3.71837e+06 2.24008 0.244582 8.32946e+06 0.0144593
6.44075e+07 3.67549e+06 2.23312 0.244715 8.20782e+06 0.0144702
6.46552e+07 3.6331e+06 2.22618 0.244848 8.08795e+06 0.0144811
6.49039e+07 3.5912e+06 2.21927 0.244982 7.96983e+06 0.014492
6.51535e+07 3.54978e+06 2.21237 0.245115 7.85343e+06 0.014503
6.54041e+07 3.50884e+06 2.20549 0.245248 7.73872e+06 0.0145139
6.56557e+07 3.46837e+06 2.19864 0.245382 7.62569e+06 0.0145248
6.59082e+07 3.42837e+06 2.1918 0.245515 7.51431e+06 0.0145358
6.61617e+07 3.38883e+06 2.18499 0.245649 7.40455e+06 0.0145468
6.64162e+07 3.34974e+06 2.1782 0.245782 7.29639e+06 0.0145577
6.66717e+07 3.3111e+06 2.17143 0.245915 7.1898e+06 0.0145687
6.69281e+07 3.2729e+06 2.16467 0.246049 7.08477e+06 0.0145797
6.71855e+07 3.23515e+06 2.15794 0.246182 6.98127e+06 0.0145907
6.74439e+07 3.19783e+06 2.15123 0.246315 6.87928e+06 0.0146017
6.77034e+07 3.16094e+06 2.14454 0.246449 6.77877e+06 0.0146127
6.79638e+07 3.12447e+06 2.13788 0.246582 6.67973e+06 0.0146237
6.82252e+07 3.08843e+06 2.13123 0.246716 6.58214e+06 0.0146347
6.84876e+07 3.05279e+06 2.1246 0.246849 6.48596e+06 0.0146457
6.8751e+07 3.01757e+06 2.11799 0.246982 6.39119e+06 0.0146568
6.90154e+07 2.98276e+06 2.1114 0.247116 6.2978e+06 0.0146678
6.92809e+07 2.94834e+06 2.10484 0.247249 6.20577e+06 0.0146789
6.95474e+07 2.91432e+06 2.09829 0.247382 6.11509e+06 0.0146899
6.98149e+07 2.88069e+06 2.09176 0.247516 6.02572e+06 0.014701
7.00834e+07 2.84745e+06 2.08525 0.247649 5.93766e+06 0.0147121
7.0353e+07 2.81459e+06 2.07877 0.247783 5.85088e+06 0.0147231
7.06236e+07 2.78211e+06 2.0723 0.247916 5.76537e+06 0.0147342
7.08952e+07 2.75001e+06 2.06585 0.248049 5.6811e+06 0.0147453
7.11679e+07 2.71827e+06 2.05942 0.248183 5.59807e+06 0.0147564
7.14416e+07 2.6869e+06 2.05301 0.248316 5.51624e+06 0.0147675
7.17164e+07 2.65589e+06 2.04662 0.248449 5.43561e+06 0.0147786
7.19923e+07 2.62524e+06 2.04025 0.248583 5.35615e+06 0.0147898
7.22692e+07 2.59494e+06 2.0339 0.248716 5.27785e+06 0.0148009
7.25471e+07 2.56498e+06 2.02757 0.24885 5.20069e+06 0.014812
7.28262e+07 2.53538e+06 2.02126 0.248983 5.12466e+06 0.0148232
7.31063e+07 2.50611e+06 2.01497 0.249116 5.04974e+06 0.0148343
7.33875e+07 2.47718e+06 2.0087 0.24925 4.97591e+06 0.0148455
7.36697e+07 2.44859e+06 2.00244 0.249383 4.90316e+06 0.0148567
7.39531e+07 2.42032e+06 1.99621 0.249517 4.83146e+06 0.0148679
7.42375e+07 2.39238e+06 1.98999 0.24965 4.76082e+06 0.014879
7.45231e+07 2.36476e+06 1.9838 0.249783 4.6912e+06 0.0148902
7.48097e+07 2.33746e+06 1.97762 0.249917 4.6226e+06 0.0149014
7.50975e+07 2.31047e+06 1.97146 0.25005 4.555e+06 0.0149126
7.53863e+07 2.28379e+06 1.96532 0.250183 4.48839e+06 0.0149239
7.56763e+07 2.25743e+06 1.9592 0.250317 4.42274e+06 0.0149351
7.59673e+07 2.23136e+06 1.9531 0.25045 4.35806e+06 0.0149463
7.62595e+07 2.20559e+06 1.94701 0.250584 4.29432e+06 0.0149575
7.65528e+07 2.18013e+06 1.94095 0.250717 4.23151e+06 0.0149688
7.68473e+07 2.15495e+06 1.9349 0.25085 4.16961e+06 0.01498
7.71429e+07 2.13006e+06 1.92887 0.250984 4.10862e+06 0.0149913
7.74396e+07 2.10547e+06 1.92286 0.251117 4.04852e+06 0.0150026
7.77374e+07 2.08115e+06 1.91687 0.25125 3.9893e+06 0.0150138
7.80364e+07 2.05711e+06 1.9109 0.251384 3.93093e+06 0.0150251
7.83366e+07 2.03336e+06 1.90494 0.251517 3.87343e+06 0.0150364
7.86379e+07 2.00987e+06 1.89901 0.251651 3.81676e+06 0.0150477
7.89404e+07 1.98666e+06 1.89309 0.251784 3.76091e+06 0.015059
7.9244e+07 1.96371e+06 1.88719 0.251917 3.70588e+06 0.0150703
7.95488e+07 1.94103e+06 1.8813 0.252051 3.65166e+06 0.0150816
7.98548e+07 1.9186e+06 1.87544 0.252184 3.59823e+06 0.015093
8.01619e+07 1.89644e+06 1.86959 0.252317 3.54557e+06 0.0151043
8.04702e+07 1.87453e+06 1.86376 0.252451 3.49369e+06 0.0151156
8.07797e+07 1.85288e+06 1.85795 0.252584 3.44256e+06 0.015127
8.10904e+07 1.83147e+06 1.85216 0.252718 3.39217e+06 0.0151384
8.14023e+07 1.81031e+06 1.84638 0.252851 3.34253e+06 0.0151497
8.17154e+07 1.78939e+06 1.84063 0.252984 3.29361e+06 0.0151611
8.20297e+07 1.76872e+06 1.83489 0.253118 3.2454e+06 0.0151725
8.23452e+07 1.74828e+06 1.82916 0.253251 3.19789e+06 0.0151839
8.2662e+07 1.72808e+06 1.82346 0.253384 3.15108e+06 0.0151953
8.29799e+07 1.70811e+06 1.81777 0.253518 3.10495e+06 0.0152067
8.32991e+07 1.68837e+06 1.8121 0.253651 3.0595e+06 0.0152181
8.36195e+07 1.66886e+06 1.80645 0.253785 3.01471e+06 0.0152295
8.39411e+07 1.64957e+06 1.80081 0.253918 2.97057e+06 0.0152409
8.4264e+07 1.63051e+06 1.79519 0.254051 2.92708e+06 0.0152523
8.45881e+07 1.61167e+06 1.78959 0.254185 2.88422e+06 0.0152638
8.49134e+07 1.59304e+06 1.78401 0.254318 2.84199e+06 0.0152752
8.524e+07 1.57463e+06 1.77844 0.254451 2.80038e+06 0.0152867
8.55679e+07 1.55642e+06 1.77289 0.254585 2.75937e+06 0.0152981
8.5897e+07 1.53843e+06 1.76736 0.254718 2.71896e+06 0.0153096
8.62274e+07 1.52065e+06 1.76184 0.254852 2.67914e+06 0.0153211
8.6559e+07 1.50307e+06 1.75634 0.254985 2.6399e+06 0.0153326
8.6892e+07 1.4857e+06 1.75086 0.255118 2.60124e+06 0.0153441
8.72262e+07 1.46852e+06 1.74539 0.255252 2.56314e+06 0.0153556
8.75617e+07 1.45154e+06 1.73994 0.255385 2.5256e+06 0.0153671
8.78985e+07 1.43476e+06 1.73451 0.255519 2.4886e+06 0.0153786
8.82366e+07 1.41817e+06 1.72909 0.255652 2.45215e+06 0.0153901
8.85759e+07 1.40177e+06 1.72369 0.255785 2.41623e+06 0.0154017
8.89166e+07 1.38556e+06 1.71831 0.255919 2.38083e+06 0.0154132
8.92586e+07 1.36954e+06 1.71294 0.256052 2.34595e+06 0.0154247
8.96019e+07 1.35371e+06 1.70759 0.256185 2.31158e+06 0.0154363
8.99466e+07 1.33805e+06 1.70226 0.256319 2.27771e+06 0.0154478
9.02925e+07 1.32258e+06 1.69694 0.256452 2.24433e+06 0.0154594
9.06398e+07 1.30728e+06 1.69164 0.256586 2.21145e+06 0.015471
9.09885e+07 1.29216e+06 1.68635 0.256719 2.17904e+06 0.0154826
9.13384e+07 1.27722e+06 1.68109 0.256852 2.14711e+06 0.0154942
9.16897e+07 1.26244e+06 1.67583 0.256986 2.11564e+06 0.0155058
9.20424e+07 1.24784e+06 1.67059 0.257119 2.08464e+06 0.0155174
9.23964e+07 1.23341e+06 1.66537 0.257252 2.05408e+06 0.015529
9.27518e+07 1.21914e+06 1.66017 0.257386 2.02398e+06 0.0155406
9.31086e+07 1.20504e+06 1.65498 0.257519 1.99431e+06 0.0155522
9.34667e+07 1.19109e+06 1.64981 0.257653 1.96508e+06 0.0155639
9.38262e+07 1.17731e+06 1.64465 0.257786 1.93627e+06 0.0155755
9.41871e+07 1.16369e+06 1.63951 0.257919 1.90788e+06 0.0155872
9.45494e+07 1.15023e+06 1.63438 0.258053 1.87991e+06 0.0155988
9.4913e+07 1.13692e+06 1.62927 0.258186 1.85235e+06 0.0156105
9.52781e+07 1.12377e+06 1.62418 0.258319 1.82519e+06 0.0156222
9.56445e+07 1.11076e+06 1.6191 0.258453 1.79843e+06 0.0156338
9.60124e+07 1.09791e+06 1.61403 0.258586 1.77206e+06 0.0156455
9.63817e+07 1.0852e+06 1.60898 0.25872 1.74607e+06 0.0156572
9.67524e+07 1.07264e+06 1.60395 0.258853 1.72047e+06 0.0156689
9.71246e+07 1.06023e+06 1.59893 0.258986 1.69524e+06 0.0156806
9.74981e+07 1.04796e+06 1.59393 0.25912 1.67037e+06 0.0156924
9.78731e+07 1.03583e+06 1.58894 0.259253 1.64588e+06 0.0157041
9.82496e+07 1.02384e+06 1.58397 0.259386 1.62174e+06 0.0157158
9.86275e+07 1.01199e+06 1.57902 0.25952 1.59795e+06 0.0157276
9.90068e+07 1.00027e+06 1.57407 0.259653 1.57451e+06 0.0157393
9.93877e+07 988695 1.56915 0.259787 1.55141e+06 0.0157511
9.97699e+07 977250 1.56424 0.25992 1.52865e+06 0.0157628
1.00154e+08 965936 1.55934 0.260053 1.50622e+06 0.0157746
1.00539e+08 954753 1.55446 0.260187 1.48412e+06 0.0157864
1.00926e+08 943698 1.54959 0.26032 1.46235e+06 0.0157982
1.01314e+08 932772 1.54474 0.260453 1.44089e+06 0.01581
1.01703e+08 921971 1.5399 0.260587 1.41975e+06 0.0158218
1.02095e+08 911295 1.53508 0.26072 1.39891e+06 0.0158336
1.02487e+08 900742 1.53027 0.260854 1.37838e+06 0.0158454
1.02882e+08 890311 1.52548 0.260987 1.35815e+06 0.0158572
1.03277e+08 880000 1.5207 0.26112 1.33822e+06 0.015869
1.03674e+08 869808 1.51594 0.261254 1.31858e+06 0.0158809
1.04073e+08 859734 1.51119 0.261387 1.29922e+06 0.0158927
1.04474e+08 849776 1.50646 0.261521 1.28015e+06 0.0159046
1.04875e+08 839933 1.50174 0.261654 1.26136e+06 0.0159164
1.05279e+08 830204 1.49703 0.261787 1.24284e+06 0.0159283
1.05684e+08 820586 1.49234 0.261921 1.22459e+06 0.0159402
1.0609e+08 811080 1.48766 0.262054 1.20661e+06 0.0159521
1.06498e+08 801684 1.483 0.262187 1.1889e+06 0.0159639
1.06908e+08 792396 1.47835 0.262321 1.17144e+06 0.0159758
1.07319e+08 783215 1.47372 0.262454 1.15424e+06 0.0159877
1.07732e+08 774140 1.4691 0.262588 1.13729e+06 0.0159997
1.08146e+08 765170 1.46449 0.262721 1.12058e+06 0.0160116
1.08562e+08 756303 1.4599 0.262854 1.10413e+06 0.0160235
1.0898e+08 747539 1.45532 0.262988 1.08791e+06 0.0160354
1.09399e+08 738876 1.45076 0.263121 1.07193e+06 0.0160474
1.0982e+08 730313 1.44621 0.263254 1.05618e+06 0.0160593
1.10242e+08 721849 1.44167 0.263388 1.04067e+06 0.0160713
1.10666e+08 713482 1.43715 0.263521 1.02538e+06 0.0160833
1.11092e+08 705212 1.43264 0.263655 1.01032e+06 0.0160952
1.11519e+08 697038 1.42815 0.263788 995471 0.0161072
1.11948e+08 688958 1.42366 0.263921 980845 0.0161192
1.12379e+08 680971 1.4192 0.264055 966432 0.0161312
1.12811e+08 673076 1.41474 0.264188 952230 0.0161432
1.13245e+08 665273 1.4103 0.264321 938236 0.0161552
1.1368e+08 657559 1.40588 0.264455 924447 0.0161672
1.14118e+08 649935 1.40146 0.264588 910860 0.0161793
1.14556e+08 642399 1.39706 0.264722 897472 0.0161913
1.14997e+08 634950 1.39268 0.264855 884280 0.0162033
1.15439e+08 627587 1.3883 0.264988 871281 0.0162154
1.15883e+08 620309 1.38394 0.265122 858473 0.0162274
1.16329e+08 613115 1.3796 0.265255 845852 0.0162395
1.16777e+08 606004 1.37527 0.265388 833416 0.0162516
1.17226e+08 598975 1.37095 0.265522 821162 0.0162636
1.17677e+08 592027 1.36664 0.265655 809087 0.0162757
1.18129e+08 585160 1.36235 0.265789 797190 0.0162878
1.18584e+08 578372 1.35807 0.265922 785466 0.0162999
1.1904e+08 571662 1.3538 0.266055 773915 0.016312
1.19498e+08 565030 1.34954 0.266189 762532 0.0163241
1.19957e+08 558474 1.3453 0.266322 751317 0.0163362
1.20419e+08 551994 1.34107 0.266455 740265 0.0163484
1.20882e+08 545589 1.33686 0.266589 729376 0.0163605
1.21347e+08 539258 1.33266 0.266722 718646 0.0163727
1.21813e+08 533001 1.32847 0.266856 708073 0.0163848
1.22282e+08 526815 1.32429 0.266989 697655 0.016397
1.22752e+08 520701 1.32012 0.267122 687390 0.0164091
1.23224e+08 514658 1.31597 0.267256 677276 0.0164213
1.23698e+08 508684 1.31183 0.267389 667309 0.0164335
1.24174e+08 502779 1.30771 0.267523 657489 0.0164457
1.24652e+08 496943 1.30359 0.267656 647812 0.0164579
1.25131e+08 491174 1.29949 0.267789 638278 0.0164701
1.25613e+08 485472 1.2954 0.267923 628883 0.0164823
1.26096e+08 479836 1.29133 0.268056 619625 0.0164945
1.26581e+08 474265 1.28726 0.268189 610504 0.0165067
1.27068e+08 468758 1.28321 0.268323 601516 0.0165189
1.27556e+08 463315 1.27917 0.268456 592660 0.0165312
1.28047e+08 457935 1.27515 0.26859 583934 0.0165434
1.28539e+08 452617 1.27113 0.268723 575336 0.0165557
1.29034e+08 447360 1.26713 0.268856 566864 0.0165679
1.2953e+08 442164 1.26314 0.26899 558516 0.0165802
1.30028e+08 437029 1.25916 0.269123 550290 0.0165925
1.30528e+08 431953 1.2552 0.269256 542185 0.0166048
1.31031e+08 426935 1.25124 0.26939 534199 0.0166171
1.31535e+08 421975 1.2473 0.269523 526330 0.0166294
1.3204e+08 417073 1.24337 0.269657 518577 0.0166417
1.32548e+08 412227 1.23945 0.26979 510937 0.016654
1.33058e+08 407438 1.23555 0.269923 503409 0.0166663
1.3357e+08 402704 1.23165 0.270057 495992 0.0166786
1.34084e+08 398024 1.22777 0.27019 488683 0.016691
1.34599e+08 393399 1.2239 0.270323 481482 0.0167033
1.35117e+08 388827 1.22004 0.270457 474386 0.0167157
1.35637e+08 384308 1.2162 0.27059 467395 0.016728
1.36158e+08 379842 1.21236 0.270724 460506 0.0167404
1.36682e+08 375427 1.20854 0.270857 453718 0.0167527
1.37208e+08 371063 1.20473 0.27099 447030 0.0167651
1.37736e+08 366749 1.20093 0.271124 440440 0.0167775
1.38265e+08 362486 1.19714 0.271257 433946 0.0167899
1.38797e+08 358272 1.19336 0.27139 427548 0.0168023
1.39331e+08 354106 1.1896 0.271524 421244 0.0168147
1.39867e+08 349989 1.18584 0.271657 415032 0.0168271
1.40405e+08 345919 1.1821 0.271791 408912 0.0168395
1.40945e+08 341897 1.17837 0.271924 402881 0.016852
1.41487e+08 337921 1.17465 0.272057 396939 0.0168644
1.42031e+08 333991 1.17094 0.272191 391084 0.0168768
1.42578e+08 330106 1.16725 0.272324 385315 0.0168893
1.43126e+08 326266 1.16356 0.272457 379631 0.0169018
1.43677e+08 322471 1.15989 0.272591 374030 0.0169142
1.44229e+08 318720 1.15622 0.272724 368511 0.0169267
1.44784e+08 315012 1.15257 0.272858 363074 0.0169392
1.45341e+08 311347 1.14893 0.272991 357716 0.0169517
1.459e+08 307725 1.1453 0.273124 352437 0.0169641
1.46461e+08 304144 1.14168 0.273258 347236 0.0169766
1.47024e+08 300605 1.13807 0.273391 342111 0.0169892
1.4759e+08 297107 1.13448 0.273525 337061 0.0170017
1.48157e+08 293649 1.13089 0.273658 332085 0.0170142
1.48727e+08 290232 1.12732 0.273791 327183 0.0170267
1.49299e+08 286854 1.12375 0.273925 322353 0.0170393
1.49874e+08 283515 1.1202 0.274058 317593 0.0170518
1.5045e+08 280214 1.11666 0.274191 312903 0.0170644
1.51029e+08 276952 1.11313 0.274325 308283 0.0170769
1.5161e+08 273728 1.10961 0.274458 303730 0.0170895
1.52193e+08 270541 1.1061 0.274592 299244 0.017102
1.52778e+08 267391 1.1026 0.274725 294824 0.0171146
1.53366e+08 264277 1.09911 0.274858 290469 0.0171272
1.53956e+08 261200 1.09563 0.274992 286178 0.0171398
1.54548e+08 258158 1.09216 0.275125 281950 0.0171524
1.55142e+08 255151 1.0887 0.275258 277784 0.017165
1.55739e+08 252179 1.08526 0.275392 273680 0.0171776
1.56338e+08 249242 1.08182 0.275525 269636 0.0171902
1.56939e+08 246339 1.0784 0.275659 265651 0.0172029
1.57543e+08 243469 1.07498 0.275792 261725 0.0172155
1.58149e+08 240632 1.07158 0.275925 257856 0.0172282
1.58757e+08 237829 1.06818 0.276059 254045 0.0172408
1.59368e+08 235058 1.0648 0.276192 250289 0.0172535
1.59981e+08 232319 1.06143 0.276325 246589 0.0172661
1.60596e+08 229611 1.05806 0.276459 242943 0.0172788
1.61214e+08 226935 1.05471 0.276592 239351 0.0172915
1.61834e+08 224290 1.05137 0.276726 235811 0.0173042
1.62456e+08 221676 1.04803 0.276859 232324 0.0173169
1.63081e+08 219092 1.04471 0.276992 228888 0.0173296
1.63709e+08 216538 1.0414 0.277126 225503 0.0173423
1.64338e+08 214014 1.0381 0.277259 222167 0.017355
1.6497e+08 211518 1.0348 0.277392 218880 0.0173677
1.65605e+08 209052 1.03152 0.277526 215642 0.0173804
1.66242e+08 206615 1.02825 0.277659 212451 0.0173932
1.66881e+08 204205 1.02499 0.277793 209308 0.0174059
1.67523e+08 201824 1.02174 0.277926 206210 0.0174186
1.68167e+08 199470 1.01849 0.278059 203159 0.0174314
1.68814e+08 197143 1.01526 0.278193 200152 0.0174442
1.69464e+08 194844 1.01204 0.278326 197189 0.0174569
1.70115e+08 192571 1.00882 0.278459 194270 0.0174697
1.7077e+08 190324 1.00562 0.278593 191394 0.0174825
1.71427e+08 188104 1.00243 0.278726 188560 0.0174953
1.72086e+08 185909 0.999244 0.27886 185768 0.0175081
1.72748e+08 183739 0.99607 0.278993 183017 0.0175209
1.73412e+08 181595 0.992906 0.279126 180307 0.0175337
1.74079e+08 179476 0.989751 0.27926 177637 0.0175465
1.74749e+08 177381 0.986606 0.279393 175005 0.0175593
1.75421e+08 175311 0.983471 0.279527 172413 0.0175722
1.76096e+08 173264 0.980345 0.27966 169859 0.017585
1.76773e+08 171242 0.977228 0.279793 167342 0.0175978
1.77453e+08 169243 0.974121 0.279927 164863 0.0176107
1.78135e+08 167267 0.971024 0.28006 162420 0.0176235
1.78821e+08 165313 0.967935 0.280193 160013 0.0176364
1.79508e+08 163383 0.964857 0.280327 157641 0.0176493
1.80199e+08 161475 0.961787 0.28046 155305 0.0176622
1.80892e+08 159589 0.958727 0.280594 153003 0.017675
1.81588e+08 157725 0.955677 0.280727 150734 0.0176879
1.82286e+08 155883 0.952635 0.28086 148499 0.0177008
1.82987e+08 154062 0.949603 0.280994 146298 0.0177137
1.83691e+08 152262 0.94658 0.281127 144128 0.0177267
1.84398e+08 150483 0.943566 0.28126 141991 0.0177396
1.85107e+08 148725 0.940562 0.281394 139885 0.0177525
1.85819e+08 146987 0.937566 0.281527 137810 0.0177654
1.86534e+08 145269 0.93458 0.281661 135766 0.0177784
1.87251e+08 143571 0.931603 0.281794 133752 0.0177913
1.87971e+08 141893 0.928635 0.281927 131767 0.0178043
1.88694e+08 140235 0.925676 0.282061 129812 0.0178172
1.8942e+08 138595 0.922725 0.282194 127886 0.0178302
1.90149e+08 136975 0.919784 0.282327 125988 0.0178432
1.9088e+08 135374 0.916852 0.282461 124118 0.0178562
1.91614e+08 133791 0.913929 0.282594 122275 0.0178691
1.92351e+08 132226 0.911014 0.282728 120460 0.0178821
1.93091e+08 130680 0.908109 0.282861 118672 0.0178951
1.93834e+08 129152 0.905212 0.282994 116910 0.0179081
1.94579e+08 127641 0.902324 0.283128 115174 0.0179211
1.95328e+08 126148 0.899445 0.283261 113463 0.0179342
1.96079e+08 124672 0.896575 0.283394 111778 0.0179472
1.96833e+08 123214 0.893713 0.283528 110118 0.0179602
1.9759e+08 121772 0.89086 0.283661 108482 0.0179733
1.9835e+08 120347 0.888016 0.283795 106870 0.0179863
1.99113e+08 118939 0.88518 0.283928 105282 0.0179994
1.99879e+08 117547 0.882353 0.284061 103718 0.0180124
2.00648e+08 116171 0.879535 0.284195 102177 0.0180255
2.01419e+08 114811 0.876725 0.284328 100658 0.0180386
2.02194e+08 113467 0.873924 0.284461 99161.9 0.0180516
2.02972e+08 112139 0.871131 0.284595 97687.9 0.0180647
2.03753e+08 110826 0.868347 0.284728 96235.6 0.0180778
2.04536e+08 109529 0.865571 0.284862 94804.7 0.0180909
2.05323e+08 108246 0.862804 0.284995 93395 0.018104
2.06113e+08 106978 0.860045 0.285128 92006.1 0.0181171
2.06905e+08 105725 0.857294 0.285262 90637.8 0.0181302
2.07701e+08 104487 0.854552 0.285395 89289.6 0.0181434
2.085e+08 103263 0.851818 0.285529 87961.4 0.0181565
2.09302e+08 102053 0.849093 0.285662 86652.8 0.0181696
2.10107e+08 100858 0.846376 0.285795 85363.5 0.0181828
2.10915e+08 99676 0.843667 0.285929 84093.3 0.0181959
2.11727e+08 98508 0.840966 0.286062 82841.8 0.0182091
2.12541e+08 97353.5 0.838273 0.286195 81608.9 0.0182222
2.13358e+08 96212.6 0.835589 0.286329 80394.1 0.0182354
2.14179e+08 95084.8 0.832913 0.286462 79197.4 0.0182486
2.15003e+08 93970.2 0.830245 0.286596 78018.3 0.0182618
2.1583e+08 92868.6 0.827585 0.286729 76856.6 0.0182749
2.1666e+08 91779.8 0.824933 0.286862 75712.2 0.0182881
2.17493e+08 90703.7 0.822289 0.286996 74584.6 0.0183013
2.1833e+08 89640 0.819653 0.287129 73473.8 0.0183145
2.1917e+08 88588.8 0.817025 0.287262 72379.3 0.0183278
2.20013e+08 87549.8 0.814406 0.287396 71301 0.018341
2.20859e+08 86522.9 0.811794 0.287529 70238.7 0.0183542
2.21708e+08 85507.9 0.80919 0.287663 69192.1 0.0183674
2.22561e+08 84504.8 0.806594 0.287796 68161 0.0183807
2.23417e+08 83513.3 0.804006 0.287929 67145.2 0.0183939
2.24276e+08 82533.4 0.801426 0.288063 66144.4 0.0184072
2.25139e+08 81564.8 0.798853 0.288196 65158.3 0.0184204
2.26005e+08 80607.6 0.796289 0.288329 64186.9 0.0184337
2.26874e+08 79661.5 0.793732 0.288463 63229.9 0.0184469
2.27747e+08 78726.4 0.791183 0.288596 62287 0.0184602
2.28623e+08 77802.2 0.788642 0.28873 61358.1 0.0184735
2.29502e+08 76888.8 0.786108 0.288863 60442.9 0.0184868
2.30385e+08 75986 0.783582 0.288996 59541.3 0.0185001
2.31271e+08 75093.7 0.781064 0.28913 58653 0.0185134
2.32161e+08 74211.8 0.778554 0.289263 57777.9 0.0185267
2.33054e+08 73340.2 0.776051 0.289396 56915.7 0.01854
2.3395e+08 72478.8 0.773556 0.28953 56066.4 0.0185533
2.3485e+08 71627.3 0.771068 0.289663 55229.5 0.0185666
2.35753e+08 70785.8 0.768588 0.289797 54405.1 0.01858
2.3666e+08 69954.2 0.766115 0.28993 53592.9 0.0185933
2.3757e+08 69132.1 0.76365 0.290063 52792.8 0.0186066
2.38484e+08 68319.7 0.761192 0.290197 52004.5 0.01862
2.39401e+08 67516.8 0.758742 0.29033 51227.8 0.0186333
2.40322e+08 66723.2 0.7563 0.290463 50462.7 0.0186467
2.41246e+08 65938.8 0.753864 0.290597 49708.9 0.01866
2.42174e+08 65163.6 0.751436 0.29073 48966.3 0.0186734
2.43106e+08 64397.5 0.749016 0.290864 48234.7 0.0186868
2.44041e+08 63640.2 0.746603 0.290997 47514 0.0187002
2.44979e+08 62891.8 0.744197 0.29113 46803.9 0.0187136
2.45922e+08 62152.1 0.741798 0.291264 46104.3 0.018727
2.46868e+08 61421.1 0.739407 0.291397 45415.2 0.0187404
2.47817e+08 60698.5 0.737023 0.291531 44736.2 0.0187538
2.4877e+08 59984.4 0.734646 0.291664 44067.4 0.0187672
2.49727e+08 59278.7 0.732277 0.291797 43408.4 0.0187806
2.50688e+08 58581.1 0.729915 0.291931 42759.2 0.018794
2.51652e+08 57891.7 0.727559 0.292064 42119.7 0.0188074
2.5262e+08 57210.4 0.725211 0.292197 41489.6 0.0188209
2.53592e+08 56537 0.72287 0.292331 40868.9 0.0188343
2.54567e+08 55871.4 0.720537 0.292464 40257.4 0.0188478
2.55546e+08 55213.6 0.71821 0.292598 39655 0.0188612
2.56529e+08 54563.5 0.71589 0.292731 39061.5 0.0188747
2.57516e+08 53921 0.713578 0.292864 38476.8 0.0188881
2.58506e+08 53285.9 0.711272 0.292998 37900.8 0.0189016
2.595e+08 52658.3 0.708974 0.293131 37333.4 0.0189151
2.60499e+08 52038 0.706682 0.293264 36774.3 0.0189285
2.615e+08 51425 0.704397 0.293398 36223.6 0.018942
2.62506e+08 50819.1 0.70212 0.293531 35681.1 0.0189555
2.63516e+08 50220.3 0.699849 0.293665 35146.6 0.018969
2.6453e+08 49628.4 0.697585 0.293798 34620.1 0.0189825
2.65547e+08 49043.5 0.695328 0.293931 34101.3 0.018996
2.66568e+08 48465.4 0.693078 0.294065 33590.3 0.0190095
2.67594e+08 47894.1 0.690835 0.294198 33086.9 0.019023
2.68623e+08 47329.4 0.688598 0.294331 32591 0.0190366
2.69656e+08 46771.4 0.686368 0.294465 32102.4 0.0190501
2.70693e+08 46219.8 0.684145 0.294598 31621.1 0.0190636
2.71734e+08 45674.7 0.681929 0.294732 31146.9 0.0190772
2.7278e+08 45136 0.67972 0.294865 30679.8 0.0190907
2.73829e+08 44603.5 0.677517 0.294998 30219.7 0.0191043
2.74882e+08 44077.3 0.675321 0.295132 29766.3 0.0191178
2.75939e+08 43557.3 0.673131 0.295265 29319.8 0.0191314
2.77001e+08 43043.3 0.670948 0.295398 28879.8 0.0191449
2.78066e+08 42535.3 0.668772 0.295532 28446.4 0.0191585
2.79136e+08 42033.2 0.666603 0.295665 28019.5 0.0191721
2.80209e+08 41537.1 0.66444 0.295799 27598.9 0.0191857
2.81287e+08 41046.7 0.662283 0.295932 27184.5 0.0191993
2.82369e+08 40562 0.660133 0.296065 26776.4 0.0192129
2.83455e+08 40083.1 0.65799 0.296199 26374.3 0.0192264
2.84545e+08 39609.7 0.655853 0.296332 25978.1 0.01924
2.8564e+08 39141.8 0.653723 0.296465 25587.9 0.0192537
2.86738e+08 38679.5 0.651599 0.296599 25203.5 0.0192673
2.87841e+08 38222.5 0.649481 0.296732 24824.8 0.0192809
2.88948e+08 37770.9 0.64737 0.296866 24451.8 0.0192945
2.9006e+08 37324.6 0.645266 0.296999 24084.3 0.0193081
2.91175e+08 36883.4 0.643167 0.297132 23722.2 0.0193218
2.92295e+08 36447.5 0.641076 0.297266 23365.6 0.0193354
2.9342e+08 36016.7 0.63899 0.297399 23014.3 0.019349
2.94548e+08 35590.8 0.636911 0.297533 22668.2 0.0193627
2.95681e+08 35170 0.634838 0.297666 22327.3 0.0193763
2.96818e+08 34754.1 0.632771 0.297799 21991.4 0.01939
2.9796e+08 34343.1 0.630711 0.297933 21660.6 0.0194037
2.99106e+08 33936.9 0.628657 0.298066 21334.6 0.0194173
3.00257e+08 33535.4 0.626609 0.298199 21013.6 0.019431
3.01411e+08 33138.6 0.624567 0.298333 20697.3 0.0194447
3.02571e+08 32746.5 0.622532 0.298466 20385.7 0.0194584
3.03735e+08 32359 0.620502 0.2986 20078.8 0.0194721
3.04903e+08 31976 0.618479 0.298733 19776.5 0.0194857
3.06076e+08 31597.5 0.616462 0.298866 19478.7 0.0194994
3.07253e+08 31223.4 0.614451 0.299 19185.3 0.0195131
3.08435e+08 30853.8 0.612446 0.299133 18896.3 0.0195268
3.09621e+08 30488.4 0.610448 0.299266 18611.6 0.0195406
3.10812e+08 30127.3 0.608455 0.2994 18331.1 0.0195543
3.12007e+08 29770.5 0.606468 0.299533 18054.9 0.019568
3.13207e+08 29417.8 0.604488 0.299667 17782.7 0.0195817
3.14412e+08 29069.3 0.602513 0.2998 17514.6 0.0195954
3.15621e+08 28724.8 0.600545 0.299933 17250.5 0.0196092
3.16835e+08 28384.4 0.598582 0.300067 16990.4 0.0196229
3.18054e+08 28048 0.596625 0.3002 16734.2 0.0196367
3.19277e+08 27715.5 0.594675 0.300333 16481.7 0.0196504
3.20505e+08 27387 0.59273 0.300467 16233.1 0.0196642
3.21738e+08 27062.2 0.590791 0.3006 15988.1 0.0196779
3.22976e+08 26741.3 0.588858 0.300734 15746.8 0.0196917
3.24218e+08 26424.2 0.58693 0.300867 15509.2 0.0197054
3.25465e+08 26110.7 0.585009 0.301 15275 0.0197192
3.26717e+08 25801 0.583093 0.301134 15044.4 0.019733
3.27973e+08 25494.9 0.581184 0.301267 14817.2 0.0197468
3.29235e+08 25192.3 0.57928 0.3014 14593.4 0.0197605
3.30501e+08 24893.4 0.577382 0.301534 14373 0.0197743
3.31772e+08 24597.9 0.575489 0.301667 14155.8 0.0197881
3.33049e+08 24305.9 0.573602 0.301801 13941.9 0.0198019
3.3433e+08 24017.3 0.571721 0.301934 13731.2 0.0198157
3.35615e+08 23732.1 0.569846 0.302067 13523.7 0.0198295
3.36906e+08 23450.3 0.567977 0.302201 13319.2 0.0198433
3.38202e+08 23171.7 0.566113 0.302334 13117.8 0.0198571
3.39503e+08 22896.5 0.564254 0.302467 12919.4 0.019871
3.40809e+08 22624.4 0.562402 0.302601 12724 0.0198848
3.4212e+08 22355.6 0.560555 0.302734 12531.5 0.0198986
3.43436e+08 22089.9 0.558713 0.302868 12341.9 0.0199124
3.44757e+08 21827.4 0.556877 0.303001 12155.2 0.0199263
3.46083e+08 21567.9 0.555047 0.303134 11971.2 0.0199401
3.47414e+08 21311.5 0.553222 0.303268 11790 0.0199539
3.4875e+08 21058.1 0.551403 0.303401 11611.5 0.0199678
3.50091e+08 20807.6 0.549589 0.303535 11435.6 0.0199816
3.51438e+08 20560.1 0.547781 0.303668 11262.5 0.0199955
3.5279e+08 20315.6 0.545978 0.303801 11091.8 0.0200093
3.54147e+08 20073.8 0.544181 0.303935 10923.8 0.0200232
3.55509e+08 19835 0.542389 0.304068 10758.3 0.0200371
3.56876e+08 19598.9 0.540603 0.304201 10595.2 0.0200509
3.58249e+08 19365.6 0.538822 0.304335 10434.6 0.0200648
3.59627e+08 19135.1 0.537046 0.304468 10276.4 0.0200787
3.6101e+08 18907.3 0.535276 0.304602 10120.6 0.0200925
3.62399e+08 18682.1 0.533511 0.304735 9967.11 0.0201064
3.63792e+08 18459.6 0.531752 0.304868 9815.92 0.0201203
3.65192e+08 18239.7 0.529997 0.305002 9667 0.0201342
3.66596e+08 18022.4 0.528248 0.305135 9520.32 0.0201481
3.68006e+08 17807.7 0.526505 0.305268 9375.83 0.020162
3.69422e+08 17595.5 0.524767 0.305402 9233.51 0.0201759
3.70843e+08 17385.8 0.523034 0.305535 9093.33 0.0201898
3.72269e+08 17178.5 0.521306 0.305669 8955.25 0.0202037
3.73701e+08 16973.7 0.519583 0.305802 8819.25 0.0202176
3.75138e+08 16771.3 0.517866 0.305935 8685.28 0.0202315
3.76581e+08 16571.3 0.516154 0.306069 8553.33 0.0202454
3.7803e+08 16373.6 0.514447 0.306202 8423.36 0.0202594
3.79484e+08 16178.3 0.512745 0.306335 8295.34 0.0202733
3.80943e+08 15985.3 0.511048 0.306469 8169.24 0.0202872
3.82408e+08 15794.5 0.509357 0.306602 8045.04 0.0203011
3.83879e+08 15606 0.50767 0.306736 7922.7 0.0203151
3.85356e+08 15419.7 0.505989 0.306869 7802.2 0.020329
3.86838e+08 15235.6 0.504313 0.307002 7683.51 0.0203429
3.88326e+08 15053.7 0.502642 0.307136 7566.61 0.0203569
3.8982e+08 14873.9 0.500976 0.307269 7451.46 0.0203708
3.91319e+08 14696.2 0.499315 0.307402 7338.05 0.0203848
3.92824e+08 14520.7 0.497659 0.307536 7226.34 0.0203987
3.94335e+08 14347.2 0.496008 0.307669 7116.31 0.0204127
3.95852e+08 14175.7 0.494362 0.307803 7007.93 0.0204266
3.97374e+08 14006.3 0.492721 0.307936 6901.19 0.0204406
3.98903e+08 13838.8 0.491085 0.308069 6796.05 0.0204546
4.00437e+08 13673.4 0.489454 0.308203 6692.49 0.0204685
4.01977e+08 13509.9 0.487828 0.308336 6590.49 0.0204825
4.03523e+08 13348.3 0.486207 0.308469 6490.03 0.0204965
4.05075e+08 13188.6 0.48459 0.308603 6391.08 0.0205104
4.06633e+08 13030.8 0.482979 0.308736 6293.62 0.0205244
4.08197e+08 12874.9 0.481372 0.30887 6197.63 0.0205384
4.09768e+08 12720.8 0.479771 0.309003 6103.08 0.0205524
4.11344e+08 12568.6 0.478174 0.309136 6009.96 0.0205664
4.12926e+08 12418.1 0.476582 0.30927 5918.24 0.0205804
4.14514e+08 12269.4 0.474995 0.309403 5827.9 0.0205943
4.16108e+08 12122.5 0.473413 0.309537 5738.92 0.0206083
4.17709e+08 11977.3 0.471835 0.30967 5651.29 0.0206223
4.19315e+08 11833.8 0.470262 0.309803 5564.97 0.0206363
4.20928e+08 11692 0.468694 0.309937 5479.96 0.0206503
4.22547e+08 11551.9 0.467131 0.31007 5396.23 0.0206643
4.24173e+08 11413.4 0.465572 0.310203 5313.76 0.0206783
4.25804e+08 11276.6 0.464019 0.310337 5232.54 0.0206923
4.27442e+08 11141.4 0.462469 0.31047 5152.54 0.0207064
4.29086e+08 11007.8 0.460925 0.310604 5073.75 0.0207204
4.30736e+08 10875.7 0.459385 0.310737 4996.14 0.0207344
4.32393e+08 10745.2 0.45785 0.31087 4919.71 0.0207484
4.34056e+08 10616.3 0.45632 0.311004 4844.44 0.0207624
4.35726e+08 10488.9 0.454794 0.311137 4770.29 0.0207764
4.37402e+08 10363 0.453273 0.31127 4697.27 0.0207905
4.39084e+08 10238.6 0.451756 0.311404 4625.35 0.0208045
4.40773e+08 10115.7 0.450244 0.311537 4554.52 0.0208185
4.42468e+08 9994.2 0.448736 0.311671 4484.76 0.0208325
4.4417e+08 9874.15 0.447234 0.311804 4416.05 0.0208466
4.45878e+08 9755.53 0.445735 0.311937 4348.38 0.0208606
4.47593e+08 9638.31 0.444241 0.312071 4281.74 0.0208746
4.49315e+08 9522.48 0.442752 0.312204 4216.1 0.0208887
4.51043e+08 9408.02 0.441267 0.312337 4151.45 0.0209027
4.52778e+08 9294.92 0.439787 0.312471 4087.78 0.0209167
4.54519e+08 9183.15 0.438311 0.312604 4025.08 0.0209308
4.56268e+08 9072.71 0.43684 0.312738 3963.32 0.0209448
4.58023e+08 8963.57 0.435373 0.312871 3902.5 0.0209589
4.59784e+08 8855.73 0.433911 0.313004 3842.6 0.0209729
4.61553e+08 8749.17 0.432452 0.313138 3783.6 0.020987
4.63328e+08 8643.87 0.430999 0.313271 3725.5 0.021001
4.6511e+08 8539.82 0.42955 0.313404 3668.27 0.0210151
4.66899e+08 8437 0.428105 0.313538 3611.92 0.0210291
4.68695e+08 8335.4 0.426664 0.313671 3556.42 0.0210432
4.70498e+08 8235 0.425228 0.313805 3501.75 0.0210572
4.72307e+08 8135.79 0.423796 0.313938 3447.92 0.0210713
4.74124e+08 8037.76 0.422369 0.314071 3394.9 0.0210853
4.75948e+08 7940.9 0.420946 0.314205 3342.69 0.0210994
4.77778e+08 7845.18 0.419527 0.314338 3291.27 0.0211134
4.79616e+08 7750.6 0.418113 0.314471 3240.62 0.0211275
4.81461e+08 7657.14 0.416702 0.314605 3190.75 0.0211416
4.83313e+08 7564.79 0.415296 0.314738 3141.63 0.0211556
4.85172e+08 7473.53 0.413895 0.314872 3093.25 0.0211697
4.87038e+08 7383.36 0.412497 0.315005 3045.62 0.0211837
4.88911e+08 7294.26 0.411104 0.315138 2998.7 0.0211978
4.90791e+08 7206.22 0.409715 0.315272 2952.49 0.0212119
4.92679e+08 7119.22 0.40833 0.315405 2906.99 0.0212259
4.94574e+08 7033.26 0.406949 0.315539 2862.18 0.02124
4.96476e+08 6948.31 0.405573 0.315672 2818.05 0.0212541
4.98386e+08 6864.38 0.4042 0.315805 2774.59 0.0212681
5.00303e+08 6781.44 0.402832 0.315939 2731.78 0.0212822
5.02227e+08 6699.49 0.401468 0.316072 2689.63 0.0212963
5.04159e+08 6618.52 0.400108 0.316205 2648.12 0.0213104
5.06098e+08 6538.5 0.398753 0.316339 2607.24 0.0213244
5.08045e+08 6459.44 0.397401 0.316472 2566.99 0.0213385
5.09999e+08 6381.32 0.396053 0.316606 2527.34 0.0213526
5.1196e+08 6304.12 0.39471 0.316739 2488.3 0.0213666
5.1393e+08 6227.85 0.39337 0.316872 2449.85 0.0213807
5.15906e+08 6152.48 0.392035 0.317006 2411.98 0.0213948
5.17891e+08 6078.01 0.390703 0.317139 2374.7 0.0214089
5.19883e+08 6004.42 0.389376 0.317272 2337.98 0.0214229
5.21882e+08 5931.71 0.388053 0.317406 2301.82 0.021437
5.2389e+08 5859.87 0.386733 0.317539 2266.21 0.0214511
5.25905e+08 5788.88 0.385418 0.317673 2231.14 0.0214651
5.27927e+08 5718.73 0.384107 0.317806 2196.6 0.0214792
5.29958e+08 5649.42 0.382799 0.317939 2162.59 0.0214933
5.31996e+08 5580.94 0.381496 0.318073 2129.11 0.0215074
5.34043e+08 5513.27 0.380196 0.318206 2096.13 0.0215214
5.36097e+08 5446.41 0.378901 0.318339 2063.65 0.0215355
5.38159e+08 5380.35 0.377609 0.318473 2031.67 0.0215496
5.40229e+08 5315.07 0.376321 0.318606 2000.17 0.0215637
5.42306e+08 5250.57 0.375037 0.31874 1969.16 0.0215777
5.44392e+08 5186.84 0.373757 0.318873 1938.62 0.0215918
5.46486e+08 5123.87 0.372481 0.319006 1908.55 0.0216059
5.48588e+08 5061.65 0.371209 0.31914 1878.93 0.0216199
5.50698e+08 5000.17 0.369941 0.319273 1849.77 0.021634
5.52816e+08 4939.43 0.368676 0.319406 1821.05 0.0216481
5.54943e+08 4879.41 0.367415 0.31954 1792.77 0.0216621
5.57077e+08 4820.11 0.366158 0.319673 1764.92 0.0216762
5.5922e+08 4761.51 0.364905 0.319807 1737.5 0.0216903
5.61371e+08 4703.61 0.363656 0.31994 1710.5 0.0217043
5.6353e+08 4646.41 0.36241 0.320073 1683.91 0.0217184
5.65697e+08 4589.89 0.361169 0.320207 1657.72 0.0217325
5.67873e+08 4534.04 0.359931 0.32034 1631.94 0.0217465
5.70057e+08 4478.86 0.358696 0.320473 1606.55 0.0217606
5.7225e+08 4424.34 0.357466 0.320607 1581.55 0.0217747
5.74451e+08 4370.47 0.356239 0.32074 1556.93 0.0217887
5.76661e+08 4317.24 0.355016 0.320874 1532.69 0.0218028
5.78879e+08 4264.65 0.353796 0.321007 1508.82 0.0218168
5.81105e+08 4212.69 0.35258 0.32114 1485.31 0.0218309
5.8334e+08 4161.35 0.351368 0.321274 1462.17 0.021845
5.85584e+08 4110.63 0.35016 0.321407 1439.38 0.021859
5.87836e+08 4060.51 0.348955 0.321541 1416.94 0.0218731
5.90097e+08 4010.99 0.347754 0.321674 1394.84 0.0218871
5.92367e+08 3962.06 0.346557 0.321807 1373.08 0.0219012
5.94645e+08 3913.72 0.345363 0.321941 1351.65 0.0219152
5.96933e+08 3865.96 0.344172 0.322074 1330.56 0.0219293
5.99229e+08 3818.76 0.342986 0.322207 1309.78 0.0219433
6.01533e+08 3772.14 0.341803 0.322341 1289.33 0.0219573
6.03847e+08 3726.07 0.340623 0.322474 1269.19 0.0219714
6.0617e+08 3680.55 0.339447 0.322608 1249.35 0.0219854
6.08501e+08 3635.58 0.338275 0.322741 1229.83 0.0219995
6.10842e+08 3591.15 0.337106 0.322874 1210.6 0.0220135
6.13191e+08 3547.25 0.335941 0.323008 1191.67 0.0220275
6.1555e+08 3503.87 0.334779 0.323141 1173.02 0.0220416
6.17917e+08 3461.02 0.333621 0.323274 1154.67 0.0220556
6.20294e+08 3418.68 0.332466 0.323408 1136.59 0.0220696
6.2268e+08 3376.85 0.331315 0.323541 1118.8 0.0220836
6.25075e+08 3335.51 0.330167 0.323675 1101.28 0.0220977
6.27479e+08 3294.68 0.329023 0.323808 1084.02 0.0221117
6.29892e+08 3254.33 0.327882 0.323941 1067.04 0.0221257
6.32315e+08 3214.47 0.326745 0.324075 1050.31 0.0221397
6.34747e+08 3175.09 0.325611 0.324208 1033.84 0.0221537
6.37189e+08 3136.18 0.32448 0.324341 1017.63 0.0221677
6.3964e+08 3097.74 0.323353 0.324475 1001.66 0.0221817
6.421e+08 3059.75 0.322229 0.324608 985.943 0.0221957
6.4457e+08 3022.23 0.321109 0.324742 970.465 0.0222097
6.47049e+08 2985.15 0.319992 0.324875 955.226 0.0222237
6.49537e+08 2948.53 0.318879 0.325008 940.222 0.0222377
6.52036e+08 2912.34 0.317768 0.325142 925.449 0.0222517
6.54544e+08 2876.58 0.316662 0.325275 910.903 0.0222657
6.57061e+08 2841.26 0.315558 0.325408 896.582 0.0222797
6.59589e+08 2806.36 0.314458 0.325542 882.482 0.0222937
6.62125e+08 2771.88 0.313361 0.325675 868.599 0.0223077
6.64672e+08 2737.81 0.312268 0.325809 854.931 0.0223216
6.67229e+08 2704.16 0.311178 0.325942 841.474 0.0223356
6.69795e+08 2670.91 0.310091 0.326075 828.224 0.0223496
6.72371e+08 2638.06 0.309007 0.326209 815.179 0.0223635
6.74957e+08 2605.6 0.307927 0.326342 802.335 0.0223775
6.77554e+08 2573.54 0.30685 0.326475 789.69 0.0223915
6.8016e+08 2541.86 0.305776 0.326609 777.24 0.0224054
6.82776e+08 2510.56 0.304706 0.326742 764.983 0.0224194
6.85402e+08 2479.65 0.303638 0.326876 752.915 0.0224333
6.88038e+08 2449.1 0.302574 0.327009 741.034 0.0224473
6.90685e+08 2418.92 0.301513 0.327142 729.337 0.0224612
6.93341e+08 2389.11 0.300456 0.327276 717.82 0.0224751
6.96008e+08 2359.65 0.299401 0.327409 706.482 0.0224891
6.98685e+08 2330.55 0.29835 0.327543 695.32 0.022503
7.01372e+08 2301.8 0.297302 0.327676 684.33 0.0225169
7.0407e+08 2273.4 0.296257 0.327809 673.51 0.0225308
7.06778e+08 2245.34 0.295215 0.327943 662.858 0.0225447
7.09497e+08 2217.62 0.294177 0.328076 652.372 0.0225586
7.12226e+08 2190.23 0.293141 0.328209 642.047 0.0225725
7.14965e+08 2163.17 0.292109 0.328343 631.883 0.0225864
7.17715e+08 2136.45 0.29108 0.328476 621.876 0.0226003
7.20475e+08 2110.04 0.290054 0.32861 612.025 0.0226142
7.23247e+08 2083.95 0.289031 0.328743 602.327 0.0226281
7.26028e+08 2058.18 0.288011 0.328876 592.779 0.022642
7.28821e+08 2032.72 0.286994 0.32901 583.379 0.0226559
7.31624e+08 2007.57 0.285981 0.329143 574.125 0.0226697
7.34438e+08 1982.72 0.28497 0.329276 565.015 0.0226836
7.37263e+08 1958.17 0.283962 0.32941 556.047 0.0226975
7.40099e+08 1933.92 0.282958 0.329543 547.217 0.0227113
7.42946e+08 1909.96 0.281956 0.329677 538.526 0.0227252
7.45803e+08 1886.29 0.280958 0.32981 529.969 0.022739
7.48672e+08 1862.91 0.279963 0.329943 521.545 0.0227529
7.51551e+08 1839.81 0.27897 0.330077 513.253 0.0227667
7.54442e+08 1816.99 0.277981 0.33021 505.089 0.0227805
7.57344e+08 1794.45 0.276994 0.330343 497.053 0.0227943
7.60257e+08 1772.18 0.276011 0.330477 489.142 0.0228082
7.63181e+08 1750.18 0.275031 0.33061 481.354 0.022822
7.66116e+08 1728.45 0.274053 0.330744 473.687 0.0228358
7.69063e+08 1706.98 0.273079 0.330877 466.14 0.0228496
7.72021e+08 1685.77 0.272107 0.33101 458.71 0.0228634
7.74991e+08 1664.82 0.271138 0.331144 451.396 0.0228772
7.77971e+08 1644.12 0.270173 0.331277 444.197 0.0228909
7.80964e+08 1623.67 0.26921 0.33141 437.109 0.0229047
7.83968e+08 1603.48 0.26825 0.331544 430.133 0.0229185
7.86983e+08 1583.52 0.267293 0.331677 423.265 0.0229322
7.9001e+08 1563.81 0.266339 0.331811 416.504 0.022946
7.93049e+08 1544.34 0.265388 0.331944 409.849 0.0229597
7.96099e+08 1525.1 0.26444 0.332077 403.298 0.0229735
7.99161e+08 1506.1 0.263494 0.332211 396.85 0.0229872
8.02235e+08 1487.33 0.262552 0.332344 390.502 0.0230009
8.0532e+08 1468.79 0.261612 0.332477 384.253 0.0230147
8.08418e+08 1450.47 0.260675 0.332611 378.102 0.0230284
8.11527e+08 1432.38 0.259741 0.332744 372.048 0.0230421
8.14649e+08 1414.5 0.25881 0.332878 366.088 0.0230558
8.17782e+08 1396.85 0.257882 0.333011 360.222 0.0230695
8.20927e+08 1379.41 0.256956 0.333144 354.447 0.0230832
8.24085e+08 1362.18 0.256034 0.333278 348.763 0.0230968
8.27255e+08 1345.16 0.255114 0.333411 343.168 0.0231105
8.30437e+08 1328.34 0.254197 0.333545 337.66 0.0231242
8.33631e+08 1311.74 0.253282 0.333678 332.239 0.0231378
8.36837e+08 1295.33 0.252371 0.333811 326.903 0.0231515
8.40056e+08 1279.12 0.251462 0.333945 321.651 0.0231651
8.43287e+08 1263.12 0.250556 0.334078 316.481 0.0231787
8.4653e+08 1247.3 0.249652 0.334211 311.392 0.0231924
8.49786e+08 1231.68 0.248752 0.334345 306.384 0.023206
8.53055e+08 1216.25 0.247854 0.334478 301.454 0.0232196
8.56336e+08 1201.01 0.246959 0.334612 296.601 0.0232332
8.5963e+08 1185.96 0.246067 0.334745 291.825 0.0232468
8.62936e+08 1171.09 0.245177 0.334878 287.123 0.0232604
8.66255e+08 1156.4 0.24429 0.335012 282.496 0.0232739
8.69587e+08 1141.89 0.243406 0.335145 277.941 0.0232875
8.72932e+08 1127.55 0.242524 0.335278 273.459 0.0233011
8.76289e+08 1113.39 0.241645 0.335412 269.046 0.0233146
8.7966e+08 1099.41 0.240769 0.335545 264.703 0.0233281
8.83043e+08 1085.6 0.239895 0.335679 260.429 0.0233417
8.8644e+08 1071.95 0.239024 0.335812 256.222 0.0233552
8.89849e+08 1058.47 0.238156 0.335945 252.081 0.0233687
8.93272e+08 1045.16 0.23729 0.336079 248.006 0.0233822
8.96708e+08 1032.01 0.236427 0.336212 243.995 0.0233957
9.00157e+08 1019.02 0.235567 0.336345 240.047 0.0234092
9.03619e+08 1006.19 0.234709 0.336479 236.161 0.0234227
9.07095e+08 993.515 0.233854 0.336612 232.337 0.0234361
9.10583e+08 980.997 0.233001 0.336746 228.573 0.0234496
9.14086e+08 968.633 0.232151 0.336879 224.869 0.023463
9.17602e+08 956.42 0.231304 0.337012 221.223 0.0234765
9.21131e+08 944.356 0.230459 0.337146 217.635 0.0234899
9.24674e+08 932.441 0.229616 0.337279 214.104 0.0235033
9.28231e+08 920.672 0.228777 0.337412 210.628 0.0235167
9.31801e+08 909.047 0.227939 0.337546 207.208 0.0235301
9.35385e+08 897.565 0.227105 0.337679 203.841 0.0235435
9.38983e+08 886.224 0.226273 0.337813 200.528 0.0235569
9.42594e+08 875.022 0.225443 0.337946 197.268 0.0235702
9.4622e+08 863.957 0.224616 0.338079 194.059 0.0235836
9.49859e+08 853.029 0.223791 0.338213 190.901 0.0235969
9.53513e+08 842.235 0.222969 0.338346 187.793 0.0236103
9.5718e+08 831.574 0.22215 0.338479 184.734 0.0236236
9.60862e+08 821.043 0.221333 0.338613 181.724 0.0236369
9.64557e+08 810.642 0.220518 0.338746 178.761 0.0236502
9.68267e+08 800.37 0.219706 0.33888 175.846 0.0236635
9.71992e+08 790.223 0.218896 0.339013 172.977 0.0236767
9.7573e+08 780.202 0.218089 0.339146 170.154 0.02369
9.79483e+08 770.304 0.217285 0.33928 167.375 0.0237033
9.83251e+08 760.527 0.216482 0.339413 164.641 0.0237165
9.87032e+08 750.872 0.215682 0.339547 161.95 0.0237297
9.90829e+08 741.335 0.214885 0.33968 159.302 0.023743
9.9464e+08 731.916 0.21409 0.339813 156.696 0.0237562
9.98466e+08 722.613 0.213298 0.339947 154.132 0.0237694
1.00231e+09 713.424 0.212507 0.34008 151.608 0.0237825
1.00616e+09 704.35 0.21172 0.340213 149.125 0.0237957
1.01003e+09 695.387 0.210934 0.340347 146.681 0.0238089
1.01392e+09 686.534 0.210152 0.34048 144.276 0.023822
1.01782e+09 677.791 0.209371 0.340614 141.91 0.0238351
1.02173e+09 669.156 0.208593 0.340747 139.581 0.0238483
1.02566e+09 660.628 0.207817 0.34088 137.29 0.0238614
1.02961e+09 652.205 0.207044 0.341014 135.035 0.0238745
1.03357e+09 643.887 0.206273 0.341147 132.816 0.0238875
1.03754e+09 635.671 0.205504 0.34128 130.633 0.0239006
1.04153e+09 627.556 0.204737 0.341414 128.484 0.0239137
1.04554e+09 619.543 0.203973 0.341547 126.37 0.0239267
1.04956e+09 611.628 0.203212 0.341681 124.29 0.0239397
1.0536e+09 603.811 0.202452 0.341814 122.243 0.0239528
1.05765e+09 596.092 0.201695 0.341947 120.229 0.0239658
1.06172e+09 588.467 0.20094 0.342081 118.247 0.0239787
1.0658e+09 580.938 0.200188 0.342214 116.297 0.0239917
1.0699e+09 573.501 0.199438 0.342347 114.378 0.0240047
1.07401e+09 566.157 0.19869 0.342481 112.49 0.0240176
1.07815e+09 558.904 0.197944 0.342614 110.632 0.0240306
1.08229e+09 551.741 0.197201 0.342748 108.804 0.0240435
1.08646e+09 544.667 0.19646 0.342881 107.005 0.0240564
1.09063e+09 537.681 0.195721 0.343014 105.235 0.0240693
1.09483e+09 530.781 0.194985 0.343148 103.494 0.0240821
1.09904e+09 523.967 0.19425 0.343281 101.781 0.024095
1.10327e+09 517.238 0.193518 0.343414 100.095 0.0241078
1.10751e+09 510.593 0.192788 0.343548 98.4364 0.0241207
1.11177e+09 504.03 0.192061 0.343681 96.8044 0.0241335
1.11605e+09 497.549 0.191336 0.343815 95.1987 0.0241463
1.12034e+09 491.148 0.190612 0.343948 93.6189 0.0241591
1.12465e+09 484.827 0.189891 0.344081 92.0645 0.0241718
1.12897e+09 478.585 0.189173 0.344215 90.5352 0.0241846
1.13332e+09 472.421 0.188456 0.344348 89.0306 0.0241973
1.13768e+09 466.333 0.187742 0.344481 87.5502 0.0242101
1.14205e+09 460.321 0.18703 0.344615 86.0937 0.0242228
1.14644e+09 454.384 0.18632 0.344748 84.6608 0.0242354
1.15085e+09 448.522 0.185612 0.344882 83.251 0.0242481
1.15528e+09 442.732 0.184906 0.345015 81.8639 0.0242608
1.15972e+09 437.015 0.184203 0.345148 80.4993 0.0242734
1.16419e+09 431.369 0.183502 0.345282 79.1568 0.024286
1.16866e+09 425.793 0.182802 0.345415 77.836 0.0242987
1.17316e+09 420.287 0.182105 0.345549 76.5366 0.0243112
1.17767e+09 414.85 0.18141 0.345682 75.2582 0.0243238
1.1822e+09 409.481 0.180718 0.345815 74.0005 0.0243364
1.18675e+09 404.179 0.180027 0.345949 72.7632 0.0243489
1.19131e+09 398.944 0.179339 0.346082 71.546 0.0243614
1.19589e+09 393.774 0.178652 0.346215 70.3485 0.0243739
1.20049e+09 388.668 0.177968 0.346349 69.1704 0.0243864
1.20511e+09 383.627 0.177286 0.346482 68.0115 0.0243989
1.20975e+09 378.649 0.176605 0.346616 66.8714 0.0244114
1.2144e+09 373.733 0.175927 0.346749 65.7498 0.0244238
1.21907e+09 368.878 0.175251 0.346882 64.6465 0.0244362
1.22376e+09 364.085 0.174578 0.347016 63.5611 0.0244486
1.22847e+09 359.352 0.173906 0.347149 62.4933 0.024461
1.23319e+09 354.678 0.173236 0.347282 61.443 0.0244734
1.23793e+09 350.063 0.172568 0.347416 60.4097 0.0244857
1.2427e+09 345.505 0.171903 0.347549 59.3933 0.024498
1.24748e+09 341.005 0.171239 0.347683 58.3934 0.0245103
1.25227e+09 336.562 0.170578 0.347816 57.4099 0.0245226
1.25709e+09 332.174 0.169918 0.347949 56.4424 0.0245349
1.26193e+09 327.842 0.169261 0.348083 55.4907 0.0245471
1.26678e+09 323.564 0.168605 0.348216 54.5545 0.0245594
1.27165e+09 319.34 0.167952 0.348349 53.6336 0.0245716
1.27654e+09 315.169 0.1673 0.348483 52.7278 0.0245838
1.28145e+09 311.05 0.166651 0.348616 51.8368 0.0245959
1.28638e+09 306.984 0.166003 0.34875 50.9603 0.0246081
1.29133e+09 302.969 0.165358 0.348883 50.0982 0.0246202
1.2963e+09 299.004 0.164714 0.349016 49.2502 0.0246323
1.30128e+09 295.089 0.164073 0.34915 48.4161 0.0246444
1.30629e+09 291.224 0.163433 0.349283 47.5957 0.0246565
1.31131e+09 287.408 0.162796 0.349416 46.7887 0.0246686
1.31636e+09 283.639 0.16216 0.34955 45.995 0.0246806
1.32142e+09 279.919 0.161527 0.349683 45.2143 0.0246926
1.3265e+09 276.245 0.160895 0.349817 44.4464 0.0247046
1.3316e+09 272.618 0.160265 0.34995 43.6911 0.0247166
1.33672e+09 269.036 0.159637 0.350083 42.9483 0.0247285
1.34187e+09 265.5 0.159012 0.350217 42.2176 0.0247404
1.34703e+09 262.009 0.158388 0.35035 41.499 0.0247523
1.35221e+09 258.562 0.157766 0.350483 40.7922 0.0247642
1.35741e+09 255.158 0.157146 0.350617 40.097 0.0247761
1.36263e+09 251.798 0.156528 0.35075 39.4133 0.0247879
1.36787e+09 248.48 0.155911 0.350884 38.7409 0.0247997
1.37313e+09 245.205 0.155297 0.351017 38.0795 0.0248115
1.37841e+09 241.97 0.154685 0.35115 37.4291 0.0248233
1.38372e+09 238.777 0.154074 0.351284 36.7894 0.0248351
1.38904e+09 235.625 0.153465 0.351417 36.1603 0.0248468
1.39438e+09 232.512 0.152859 0.351551 35.5415 0.0248585
1.39974e+09 229.439 0.152254 0.351684 34.933 0.0248702
1.40513e+09 226.405 0.151651 0.351817 34.3345 0.0248818
1.41053e+09 223.41 0.15105 0.351951 33.746 0.0248935
1.41596e+09 220.453 0.15045 0.352084 33.1672 0.0249051
1.4214e+09 217.533 0.149853 0.352217 32.598 0.0249167
1.42687e+09 214.651 0.149257 0.352351 32.0382 0.0249282
1.43236e+09 211.805 0.148664 0.352484 31.4877 0.0249398
1.43787e+09 208.996 0.148072 0.352618 30.9463 0.0249513
1.4434e+09 206.222 0.147482 0.352751 30.4139 0.0249628
1.44895e+09 203.484 0.146893 0.352884 29.8904 0.0249743
1.45452e+09 200.78 0.146307 0.353018 29.3756 0.0249857
1.46012e+09 198.111 0.145722 0.353151 28.8693 0.0249971
1.46573e+09 195.477 0.14514 0.353284 28.3714 0.0250085
1.47137e+09 192.875 0.144559 0.353418 27.8818 0.0250199
1.47703e+09 190.308 0.14398 0.353551 27.4004 0.0250312
1.48271e+09 187.772 0.143402 0.353685 26.927 0.0250426
1.48842e+09 185.27 0.142827 0.353818 26.4615 0.0250538
1.49414e+09 182.799 0.142253 0.353951 26.0037 0.0250651
1.49989e+09 180.36 0.141681 0.354085 25.5536 0.0250764
1.50566e+09 177.952 0.141111 0.354218 25.111 0.0250876
1.51145e+09 175.575 0.140542 0.354351 24.6758 0.0250988
1.51726e+09 173.229 0.139976 0.354485 24.2478 0.0251099
1.5231e+09 170.913 0.139411 0.354618 23.8271 0.0251211
1.52896e+09 168.626 0.138848 0.354752 23.4133 0.0251322
1.53484e+09 166.369 0.138286 0.354885 23.0065 0.0251433
1.54074e+09 164.14 0.137727 0.355018 22.6065 0.0251543
1.54667e+09 161.94 0.137169 0.355152 22.2132 0.0251654
1.55261e+09 159.769 0.136613 0.355285 21.8265 0.0251764
1.55859e+09 157.625 0.136058 0.355418 21.4462 0.0251874
1.56458e+09 155.509 0.135506 0.355552 21.0724 0.0251983
1.5706e+09 153.421 0.134955 0.355685 20.7048 0.0252092
1.57664e+09 151.359 0.134405 0.355819 20.3435 0.0252201
1.5827e+09 149.324 0.133858 0.355952 19.9881 0.025231
1.58879e+09 147.314 0.133312 0.356085 19.6388 0.0252418
1.5949e+09 145.331 0.132768 0.356219 19.2953 0.0252527
1.60104e+09 143.374 0.132226 0.356352 18.9577 0.0252634
1.6072e+09 141.441 0.131685 0.356485 18.6257 0.0252742
1.61338e+09 139.534 0.131146 0.356619 18.2993 0.0252849
1.61958e+09 137.651 0.130609 0.356752 17.9784 0.0252956
1.62581e+09 135.793 0.130073 0.356886 17.663 0.0253063
1.63207e+09 133.958 0.129539 0.357019 17.3528 0.0253169
1.63834e+09 132.147 0.129007 0.357152 17.0479 0.0253275
1.64464e+09 130.36 0.128476 0.357286 16.7482 0.0253381
1.65097e+09 128.596 0.127947 0.357419 16.4535 0.0253487
1.65732e+09 126.855 0.12742 0.357553 16.1638 0.0253592
1.66369e+09 125.136 0.126894 0.357686 15.8791 0.0253697
1.67009e+09 123.439 0.12637 0.357819 15.5991 0.0253802
1.67652e+09 121.765 0.125848 0.357953 15.3239 0.0253906
1.68297e+09 120.112 0.125328 0.358086 15.0534 0.025401
1.68944e+09 118.481 0.124808 0.358219 14.7874 0.0254114
1.69594e+09 116.871 0.124291 0.358353 14.526 0.0254217
1.70246e+09 115.282 0.123775 0.358486 14.269 0.025432
1.70901e+09 113.713 0.123261 0.35862 14.0164 0.0254423
1.71558e+09 112.165 0.122749 0.358753 13.7681 0.0254525
1.72218e+09 110.637 0.122238 0.358886 13.524 0.0254627
1.7288e+09 109.129 0.121728 0.35902 13.2841 0.0254729
1.73545e+09 107.64 0.121221 0.359153 13.0483 0.0254831
1.74213e+09 106.171 0.120715 0.359286 12.8164 0.0254932
1.74883e+09 104.721 0.12021 0.35942 12.5886 0.0255033
1.75556e+09 103.291 0.119707 0.359553 12.3646 0.0255133
1.76231e+09 101.878 0.119206 0.359687 12.1445 0.0255233
1.76909e+09 100.484 0.118706 0.35982 11.9281 0.0255333
1.77589e+09 99.1087 0.118208 0.359953 11.7154 0.0255433
1.78272e+09 97.751 0.117712 0.360087 11.5064 0.0255532
1.78958e+09 96.411 0.117217 0.36022 11.301 0.0255631
1.79646e+09 95.0886 0.116723 0.360353 11.099 0.0255729
1.80337e+09 93.7836 0.116231 0.360487 10.9006 0.0255828
1.81031e+09 92.4956 0.115741 0.36062 10.7055 0.0255926
1.81727e+09 91.2244 0.115252 0.360754 10.5138 0.0256023
1.82426e+09 89.97 0.114765 0.360887 10.3254 0.025612
1.83128e+09 88.732 0.114279 0.36102 10.1402 0.0256217
1.83832e+09 87.5103 0.113795 0.361154 9.95826 0.0256314
1.84539e+09 86.3045 0.113313 0.361287 9.77941 0.025641
1.85249e+09 85.1147 0.112832 0.36142 9.60364 0.0256505
1.85962e+09 83.9405 0.112352 0.361554 9.4309 0.0256601
1.86677e+09 82.7817 0.111874 0.361687 9.26114 0.0256696
1.87395e+09 81.6381 0.111398 0.361821 9.09431 0.0256791
1.88116e+09 80.5097 0.110923 0.361954 8.93037 0.0256885
1.88839e+09 79.396 0.11045 0.362087 8.76926 0.0256979
1.89565e+09 78.2971 0.109978 0.362221 8.61093 0.0257073
1.90295e+09 77.2127 0.109507 0.362354 8.45535 0.0257166
1.91027e+09 76.1425 0.109038 0.362487 8.30246 0.0257259
1.91761e+09 75.0865 0.108571 0.362621 8.15222 0.0257351
1.92499e+09 74.0445 0.108105 0.362754 8.00458 0.0257443
1.93239e+09 73.0162 0.107641 0.362888 7.85951 0.0257535
1.93983e+09 72.0015 0.107178 0.363021 7.71695 0.0257627
1.94729e+09 71.0002 0.106716 0.363154 7.57688 0.0257718
1.95478e+09 70.0122 0.106256 0.363288 7.43924 0.0257808
1.96229e+09 69.0373 0.105798 0.363421 7.30399 0.0257899
1.96984e+09 68.0753 0.105341 0.363555 7.1711 0.0257988
1.97742e+09 67.126 0.104885 0.363688 7.04053 0.0258078
1.98502e+09 66.1894 0.104431 0.363821 6.91223 0.0258167
1.99266e+09 65.2651 0.103979 0.363955 6.78617 0.0258256
2.00032e+09 64.3532 0.103527 0.364088 6.66232 0.0258344
2.00802e+09 63.4533 0.103078 0.364221 6.54062 0.0258432
2.01574e+09 62.5655 0.102629 0.364355 6.42106 0.025852
2.02349e+09 61.6894 0.102183 0.364488 6.30358 0.0258607
2.03128e+09 60.825 0.101737 0.364622 6.18817 0.0258694
2.03909e+09 59.9722 0.101293 0.364755 6.07477 0.025878
2.04693e+09 59.1306 0.100851 0.364888 5.96337 0.0258866
2.05481e+09 58.3004 0.10041 0.365022 5.85391 0.0258951
2.06271e+09 57.4811 0.0999699 0.365155 5.74639 0.0259036
2.07064e+09 56.6729 0.0995317 0.365288 5.64075 0.0259121
2.07861e+09 55.8754 0.0990949 0.365422 5.53696 0.0259206
2.0866e+09 55.0886 0.0986594 0.365555 5.43501 0.0259289
2.09463e+09 54.3123 0.0982254 0.365689 5.33485 0.0259373
2.10269e+09 53.5464 0.0977928 0.365822 5.23645 0.0259456
2.11077e+09 52.7907 0.0973616 0.365955 5.13979 0.0259539
2.11889e+09 52.0452 0.0969318 0.366089 5.04484 0.0259621
2.12704e+09 51.3097 0.0965034 0.366222 4.95156 0.0259703
2.13522e+09 50.584 0.0960764 0.366355 4.85993 0.0259784
2.14344e+09 49.8681 0.0956508 0.366489 4.76992 0.0259865
2.15168e+09 49.1618 0.0952265 0.366622 4.6815 0.0259945
2.15996e+09 48.4649 0.0948037 0.366756 4.59465 0.0260026
2.16826e+09 47.7775 0.0943822 0.366889 4.50934 0.0260105
2.1766e+09 47.0993 0.0939621 0.367022 4.42555 0.0260184
2.18498e+09 46.4302 0.0935433 0.367156 4.34324 0.0260263
2.19338e+09 45.7702 0.093126 0.367289 4.26239 0.0260341
2.20182e+09 45.119 0.09271 0.367422 4.18298 0.0260419
2.21028e+09 44.4766 0.0922953 0.367556 4.10498 0.0260497
2.21879e+09 43.8429 0.091882 0.367689 4.02837 0.0260574
2.22732e+09 43.2178 0.0914701 0.367823 3.95313 0.026065
2.23589e+09 42.6011 0.0910595 0.367956 3.87923 0.0260726
2.24449e+09 41.9927 0.0906502 0.368089 3.80665 0.0260802
2.25312e+09 41.3926 0.0902423 0.368223 3.73536 0.0260877
2.26179e+09 40.8006 0.0898357 0.368356 3.66535 0.0260952
2.27049e+09 40.2166 0.0894305 0.368489 3.59659 0.0261026
2.27922e+09 39.6405 0.0890266 0.368623 3.52906 0.02611
2.28798e+09 39.0723 0.088624 0.368756 3.46274 0.0261173
2.29679e+09 38.5117 0.0882228 0.36889 3.39761 0.0261246
2.30562e+09 37.9588 0.0878228 0.369023 3.33365 0.0261318
2.31449e+09 37.4134 0.0874242 0.369156 3.27083 0.026139
2.32339e+09 36.8754 0.0870269 0.36929 3.20915 0.0261462
2.33233e+09 36.3447 0.0866309 0.369423 3.14858 0.0261533
2.3413e+09 35.8213 0.0862363 0.369557 3.08909 0.0261603
2.3503e+09 35.3049 0.0858429 0.36969 3.03068 0.0261673
2.35934e+09 34.7957 0.0854508 0.369823 2.97332 0.0261743
2.36842e+09 34.2933 0.08506 0.369957 2.91699 0.0261812
2.37753e+09 33.7979 0.0846706 0.37009 2.86168 0.026188
2.38667e+09 33.3092 0.0842824 0.370223 2.80738 0.0261948
2.39585e+09 32.8272 0.0838955 0.370357 2.75405 0.0262016
2.40507e+09 32.3517 0.0835098 0.37049 2.70169 0.0262083
2.41432e+09 31.8828 0.0831255 0.370624 2.65028 0.0262149
2.4236e+09 31.4203 0.0827425 0.370757 2.5998 0.0262215
2.43292e+09 30.9642 0.0823607 0.37089 2.55023 0.0262281
2.44228e+09 30.5143 0.0819802 0.371024 2.50157 0.0262346
2.45168e+09 30.0706 0.0816009 0.371157 2.45379 0.026241
2.46111e+09 29.6329 0.0812229 0.37129 2.40688 0.0262474
2.47057e+09 29.2013 0.0808462 0.371424 2.36082 0.0262538
2.48008e+09 28.7757 0.0804708 0.371557 2.3156 0.0262601
2.48961e+09 28.3559 0.0800966 0.371691 2.27121 0.0262663
2.49919e+09 27.9418 0.0797236 0.371824 2.22762 0.0262725
2.5088e+09 27.5335 0.0793519 0.371957 2.18484 0.0262787
2.51845e+09 27.1308 0.0789815 0.372091 2.14283 0.0262848
2.52814e+09 26.7337 0.0786123 0.372224 2.1016 0.0262908
2.53786e+09 26.3421 0.0782443 0.372357 2.06112 0.0262968
2.54762e+09 25.9558 0.0778776 0.372491 2.02138 0.0263027
2.55742e+09 25.575 0.0775121 0.372624 1.98237 0.0263086
2.56726e+09 25.1993 0.0771478 0.372758 1.94407 0.0263144
2.57713e+09 24.8289 0.0767848 0.372891 1.90648 0.0263202
2.58705e+09 24.4637 0.0764229 0.373024 1.86958 0.0263259
2.597e+09 24.1035 0.0760623 0.373158 1.83337 0.0263316
2.60699e+09 23.7483 0.075703 0.373291 1.79781 0.0263372
2.61701e+09 23.398 0.0753448 0.373424 1.76292 0.0263427
2.62708e+09 23.0526 0.0749879 0.373558 1.72866 0.0263482
2.63718e+09 22.712 0.0746321 0.373691 1.69504 0.0263537
2.64733e+09 22.3761 0.0742776 0.373825 1.66205 0.026359
2.65751e+09 22.045 0.0739243 0.373958 1.62966 0.0263644
2.66773e+09 21.7184 0.0735721 0.374091 1.59787 0.0263696
2.67799e+09 21.3964 0.0732212 0.374225 1.56667 0.0263748
2.68829e+09 21.0789 0.0728715 0.374358 1.53605 0.02638
2.69863e+09 20.7658 0.0725229 0.374491 1.506 0.0263851
2.70901e+09 20.4572 0.0721756 0.374625 1.47651 0.0263901
2.71943e+09 20.1528 0.0718294 0.374758 1.44756 0.0263951
2.72989e+09 19.8527 0.0714844 0.374892 1.41916 0.0264001
2.74039e+09 19.5568 0.0711406 0.375025 1.39128 0.0264049
2.75093e+09 19.265 0.070798 0.375158 1.36393 0.0264097
2.76151e+09 18.9774 0.0704565 0.375292 1.33708 0.0264145
2.77213e+09 18.6938 0.0701162 0.375425 1.31074 0.0264192
2.7828e+09 18.4142 0.0697771 0.375559 1.28489 0.0264238
2.7935e+09 18.1385 0.0694392 0.375692 1.25952 0.0264284
2.80424e+09 17.8667 0.0691024 0.375825 1.23463 0.0264329
2.81503e+09 17.5987 0.0687668 0.375959 1.21021 0.0264374
2.82586e+09 17.3345 0.0684323 0.376092 1.18624 0.0264418
2.83673e+09 17.074 0.068099 0.376225 1.16273 0.0264461
2.84764e+09 16.8173 0.0677668 0.376359 1.13965 0.0264504
2.85859e+09 16.5641 0.0674358 0.376492 1.11701 0.0264546
2.86959e+09 16.3145 0.0671059 0.376626 1.0948 0.0264587
2.88062e+09 16.0685 0.0667772 0.376759 1.07301 0.0264628
2.8917e+09 15.8259 0.0664496 0.376892 1.05163 0.0264669
2.90283e+09 15.5868 0.0661232 0.377026 1.03065 0.0264708
2.91399e+09 15.3511 0.0657978 0.377159 1.01007 0.0264747
2.9252e+09 15.1187 0.0654737 0.377292 0.989879 0.0264786
2.93645e+09 14.8897 0.0651506 0.377426 0.970071 0.0264824
2.94774e+09 14.6639 0.0648287 0.377559 0.950639 0.0264861
2.95908e+09 14.4413 0.0645079 0.377693 0.931576 0.0264897
2.97046e+09 14.2219 0.0641882 0.377826 0.912875 0.0264933
2.98189e+09 14.0056 0.0638696 0.377959 0.89453 0.0264968
2.99336e+09 13.7924 0.0635522 0.378093 0.876534 0.0265003
3.00487e+09 13.5822 0.0632358 0.378226 0.858882 0.0265037
3.01643e+09 13.375 0.0629206 0.378359 0.841566 0.026507
3.02803e+09 13.1709 0.0626065 0.378493 0.824581 0.0265103
3.03968e+09 12.9696 0.0622935 0.378626 0.807921 0.0265135
3.05137e+09 12.7712 0.0619816 0.37876 0.79158 0.0265166
3.06311e+09 12.5757 0.0616707 0.378893 0.775551 0.0265197
3.07489e+09 12.383 0.061361 0.379026 0.759831 0.0265227
3.08671e+09 12.193 0.0610524 0.37916 0.744412 0.0265256
3.09859e+09 12.0058 0.0607449 0.379293 0.729289 0.0265285
3.11051e+09 11.8212 0.0604384 0.379426 0.714457 0.0265313
3.12247e+09 11.6394 0.0601331 0.37956 0.699911 0.0265341
3.13448e+09 11.4601 0.0598288 0.379693 0.685645 0.0265367
3.14654e+09 11.2835 0.0595256 0.379827 0.671655 0.0265393
3.15864e+09 11.1093 0.0592235 0.37996 0.657934 0.0265419
3.17079e+09 10.9378 0.0589225 0.380093 0.644479 0.0265443
3.18298e+09 10.7686 0.0586225 0.380227 0.631285 0.0265467
3.19523e+09 10.602 0.0583236 0.38036 0.618346 0.026549
3.20752e+09 10.4377 0.0580258 0.380493 0.605658 0.0265513
3.21985e+09 10.2759 0.057729 0.380627 0.593216 0.0265535
3.23224e+09 10.1164 0.0574334 0.38076 0.581016 0.0265556
3.24467e+09 9.95916 0.0571387 0.380894 0.569053 0.0265577
3.25715e+09 9.80425 0.0568452 0.381027 0.557324 0.0265596
3.26968e+09 9.65159 0.0565526 0.38116 0.545823 0.0265615
3.28225e+09 9.50116 0.0562612 0.381294 0.534546 0.0265634
3.29488e+09 9.35292 0.0559708 0.381427 0.52349 0.0265651
3.30755e+09 9.20685 0.0556814 0.381561 0.51265 0.0265668
3.32027e+09 9.06291 0.0553931 0.381694 0.502023 0.0265685
3.33304e+09 8.92108 0.0551058 0.381827 0.491603 0.02657
3.34586e+09 8.78132 0.0548196 0.381961 0.481388 0.0265715
3.35873e+09 8.64361 0.0545344 0.382094 0.471374 0.0265729
3.37165e+09 8.50792 0.0542502 0.382227 0.461556 0.0265742
3.38462e+09 8.37422 0.0539671 0.382361 0.451932 0.0265755
3.39764e+09 8.24248 0.053685 0.382494 0.442498 0.0265767
3.41071e+09 8.11268 0.0534039 0.382628 0.433249 0.0265778
3.42382e+09 7.98479 0.0531239 0.382761 0.424183 0.0265788
3.43699e+09 7.85879 0.0528449 0.382894 0.415297 0.0265798
3.45021e+09 7.73464 0.0525669 0.383028 0.406586 0.0265806
3.46348e+09 7.61233 0.0522899 0.383161 0.398048 0.0265815
3.47681e+09 7.49182 0.052014 0.383294 0.389679 0.0265822
3.49018e+09 7.37309 0.051739 0.383428 0.381477 0.0265829
3.5036e+09 7.25612 0.0514651 0.383561 0.373437 0.0265834
3.51708e+09 7.14089 0.0511922 0.383695 0.365558 0.0265839
3.53061e+09 7.02736 0.0509203 0.383828 0.357835 0.0265844
3.54419e+09 6.91552 0.0506494 0.383961 0.350266 0.0265847
3.55782e+09 6.80534 0.0503794 0.384095 0.342849 0.026585
3.5715e+09 6.69679 0.0501105 0.384228 0.33558 0.0265852
3.58524e+09 6.58987 0.0498426 0.384361 0.328456 0.0265853
3.59903e+09 6.48453 0.0495757 0.384495 0.321475 0.0265854
3.61287e+09 6.38077 0.0493098 0.384628 0.314634 0.0265853
3.62677e+09 6.27855 0.0490449 0.384762 0.307931 0.0265852
3.64072e+09 6.17787 0.0487809 0.384895 0.301362 0.026585
3.65472e+09 6.07869 0.048518 0.385028 0.294926 0.0265848
3.66878e+09 5.98099 0.048256 0.385162 0.288619 0.0265844
3.68289e+09 5.88476 0.047995 0.385295 0.282439 0.026584
3.69706e+09 5.78997 0.047735 0.385428 0.276384 0.0265835
3.71128e+09 5.6966 0.047476 0.385562 0.270452 0.0265829
3.72555e+09 5.60464 0.047218 0.385695 0.26464 0.0265822
3.73988e+09 5.51406 0.0469609 0.385829 0.258945 0.0265815
3.75426e+09 5.42485 0.0467048 0.385962 0.253366 0.0265806
3.7687e+09 5.33698 0.0464496 0.386095 0.247901 0.0265797
3.7832e+09 5.25044 0.0461955 0.386229 0.242546 0.0265787
3.79775e+09 5.1652 0.0459422 0.386362 0.237301 0.0265776
3.81236e+09 5.08126 0.04569 0.386495 0.232163 0.0265765
3.82702e+09 4.99858 0.0454387 0.386629 0.227129 0.0265752
3.84174e+09 4.91716 0.0451884 0.386762 0.222198 0.0265739
3.85652e+09 4.83697 0.044939 0.386896 0.217369 0.0265725
3.87135e+09 4.758 0.0446906 0.387029 0.212638 0.026571
3.88624e+09 4.68023 0.0444431 0.387162 0.208004 0.0265694
3.90119e+09 4.60364 0.0441966 0.387296 0.203465 0.0265678
3.91619e+09 4.52822 0.043951 0.387429 0.19902 0.026566
3.93126e+09 4.45395 0.0437064 0.387563 0.194666 0.0265642
3.94638e+09 4.38081 0.0434627 0.387696 0.190402 0.0265623
3.96156e+09 4.30879 0.0432199 0.387829 0.186226 0.0265602
3.97679e+09 4.23787 0.0429781 0.387963 0.182136 0.0265582
3.99209e+09 4.16804 0.0427372 0.388096 0.178131 0.026556
4.00745e+09 4.09928 0.0424973 0.388229 0.174208 0.0265537
4.02286e+09 4.03157 0.0422583 0.388363 0.170367 0.0265514
4.03833e+09 3.96491 0.0420202 0.388496 0.166606 0.0265489
4.05387e+09 3.89926 0.041783 0.38863 0.162923 0.0265464
4.06946e+09 3.83463 0.0415468 0.388763 0.159317 0.0265438
4.08511e+09 3.771 0.0413115 0.388896 0.155785 0.0265411
4.10082e+09 3.70834 0.0410771 0.38903 0.152328 0.0265383
4.1166e+09 3.64666 0.0408436 0.389163 0.148943 0.0265354
4.13243e+09 3.58592 0.0406111 0.389296 0.145628 0.0265324
4.14832e+09 3.52613 0.0403794 0.38943 0.142383 0.0265294
4.16428e+09 3.46726 0.0401487 0.389563 0.139206 0.0265262
4.1803e+09 3.40931 0.0399189 0.389697 0.136096 0.026523
4.19638e+09 3.35226 0.03969 0.38983 0.133051 0.0265197
4.21252e+09 3.29609 0.039462 0.389963 0.13007 0.0265163
4.22872e+09 3.2408 0.0392349 0.390097 0.127152 0.0265127
4.24498e+09 3.18637 0.0390087 0.39023 0.124296 0.0265091
4.26131e+09 3.13278 0.0387834 0.390363 0.1215 0.0265055
4.2777e+09 3.08004 0.0385589 0.390497 0.118763 0.0265017
4.29415e+09 3.02811 0.0383354 0.39063 0.116084 0.0264978
4.31067e+09 2.97701 0.0381128 0.390764 0.113462 0.0264938
4.32725e+09 2.9267 0.0378911 0.390897 0.110896 0.0264898
4.34389e+09 2.87718 0.0376703 0.39103 0.108384 0.0264856
4.3606e+09 2.82844 0.0374503 0.391164 0.105926 0.0264814
4.37737e+09 2.78046 0.0372313 0.391297 0.10352 0.026477
4.39421e+09 2.73324 0.0370131 0.39143 0.101166 0.0264726
4.41111e+09 2.68676 0.0367958 0.391564 0.0988615 0.026468
4.42808e+09 2.64102 0.0365794 0.391697 0.0966068 0.0264634
4.44511e+09 2.596 0.0363638 0.391831 0.0944004 0.0264587
4.46221e+09 2.55169 0.0361492 0.391964 0.0922414 0.0264539
4.47937e+09 2.50808 0.0359354 0.392097 0.0901288 0.026449
4.4966e+09 2.46516 0.0357225 0.392231 0.0880616 0.026444
4.5139e+09 2.42292 0.0355104 0.392364 0.0860391 0.0264389
4.53126e+09 2.38136 0.0352993 0.392497 0.0840602 0.0264337
4.54869e+09 2.34045 0.0350889 0.392631 0.082124 0.0264284
4.56618e+09 2.3002 0.0348795 0.392764 0.0802298 0.026423
4.58374e+09 2.26059 0.0346709 0.392898 0.0783766 0.0264175
4.60138e+09 2.22161 0.0344632 0.393031 0.0765636 0.0264119
4.61907e+09 2.18325 0.0342563 0.393164 0.0747901 0.0264062
4.63684e+09 2.14551 0.0340503 0.393298 0.0730551 0.0264004
4.65467e+09 2.10837 0.0338451 0.393431 0.071358 0.0263945
4.67258e+09 2.07183 0.0336408 0.393565 0.0696978 0.0263885
4.69055e+09 2.03587 0.0334373 0.393698 0.068074 0.0263824
4.70859e+09 2.00049 0.0332347 0.393831 0.0664857 0.0263763
4.7267e+09 1.96568 0.0330329 0.393965 0.0649322 0.02637
4.74488e+09 1.93143 0.032832 0.394098 0.0634128 0.0263636
4.76313e+09 1.89774 0.0326319 0.394231 0.0619268 0.0263571
4.78145e+09 1.86458 0.0324327 0.394365 0.0604735 0.0263505
4.79984e+09 1.83197 0.0322343 0.394498 0.0590522 0.0263438
4.81831e+09 1.79988 0.0320367 0.394632 0.0576622 0.026337
4.83684e+09 1.76831 0.03184 0.394765 0.056303 0.0263301
4.85544e+09 1.73726 0.0316441 0.394898 0.0549739 0.0263231
4.87412e+09 1.70671 0.031449 0.395032 0.0536742 0.026316
4.89286e+09 1.67665 0.0312547 0.395165 0.0524034 0.0263088
4.91168e+09 1.64709 0.0310613 0.395298 0.0511608 0.0263015
4.93058e+09 1.61801 0.0308687 0.395432 0.0499459 0.0262941
4.94954e+09 1.5894 0.030677 0.395565 0.048758 0.0262866
4.96858e+09 1.56126 0.030486 0.395699 0.0475967 0.026279
4.98769e+09 1.53359 0.0302959 0.395832 0.0464613 0.0262713
5.00687e+09 1.50636 0.0301066 0.395965 0.0453513 0.0262634
5.02613e+09 1.47958 0.0299181 0.396099 0.0442663 0.0262555
5.04546e+09 1.45325 0.0297304 0.396232 0.0432056 0.0262475
5.06487e+09 1.42734 0.0295435 0.396365 0.0421687 0.0262393
5.08435e+09 1.40187 0.0293574 0.396499 0.0411552 0.0262311
5.10391e+09 1.37681 0.0291722 0.396632 0.0401645 0.0262227
5.12354e+09 1.35217 0.0289877 0.396766 0.0391962 0.0262142
5.14324e+09 1.32793 0.0288041 0.396899 0.0382498 0.0262057
5.16303e+09 1.3041 0.0286212 0.397032 0.0373249 0.026197
5.18288e+09 1.28066 0.0284392 0.397166 0.0364209 0.0261882
5.20282e+09 1.25761 0.0282579 0.397299 0.0355375 0.0261793
5.22283e+09 1.23494 0.0280775 0.397432 0.0346741 0.0261703
5.24292e+09 1.21266 0.0278978 0.397566 0.0338305 0.0261612
5.26309e+09 1.19074 0.0277189 0.397699 0.033006 0.026152
5.28333e+09 1.16919 0.0275409 0.397833 0.0322005 0.0261426
5.30365e+09 1.148 0.0273636 0.397966 0.0314133 0.0261332
5.32405e+09 1.12716 0.0271871 0.398099 0.0306442 0.0261236
5.34453e+09 1.10668 0.0270114 0.398233 0.0298928 0.026114
5.36508e+09 1.08653 0.0268364 0.398366 0.0291587 0.0261042
5.38572e+09 1.06673 0.0266623 0.398499 0.0284414 0.0260943
5.40643e+09 1.04726 0.0264889 0.398633 0.0277407 0.0260843
5.42723e+09 1.02811 0.0263163 0.398766 0.0270562 0.0260742
5.4481e+09 1.00929 0.0261445 0.3989 0.0263875 0.026064
5.46906e+09 0.990792 0.0259735 0.399033 0.0257343 0.0260537
5.4901e+09 0.972603 0.0258032 0.399166 0.0250963 0.0260432
5.51121e+09 0.954722 0.0256337 0.3993 0.0244731 0.0260327
5.53241e+09 0.937144 0.025465 0.399433 0.0238644 0.026022
5.55369e+09 0.919865 0.025297 0.399567 0.0232698 0.0260112
5.57505e+09 0.902881 0.0251298 0.3997 0.0226892 0.0260003
5.59649e+09 0.886185 0.0249634 0.399833 0.0221222 0.0259893
5.61802e+09 0.869774 0.0247977 0.399967 0.0215684 0.0259782
5.63963e+09 0.853644 0.0246328 0.4001 0.0210276 0.025967
5.66132e+09 0.837789 0.0244686 0.400233 0.0204996 0.0259556
5.68309e+09 0.822206 0.0243052 0.400367 0.0199839 0.0259442
5.70495e+09 0.806891 0.0241426 0.4005 0.0194804 0.0259326
5.7269e+09 0.791838 0.0239807 0.400634 0.0189888 0.0259209
5.74892e+09 0.777045 0.0238196 0.400767 0.0185089 0.0259091
5.77104e+09 0.762506 0.0236592 0.4009 0.0180403 0.0258971
5.79323e+09 0.748218 0.0234995 0.401034 0.0175828 0.0258851
5.81552e+09 0.734177 0.0233406 0.401167 0.0171361 0.0258729
5.83788e+09 0.720379 0.0231825 0.4013 0.0167002 0.0258606
5.86034e+09 0.70682 0.023025 0.401434 0.0162746 0.0258482
5.88288e+09 0.693496 0.0228684 0.401567 0.0158591 0.0258357
5.90551e+09 0.680404 0.0227124 0.401701 0.0154536 0.0258231
5.92822e+09 0.66754 0.0225572 0.401834 0.0150578 0.0258103
5.95102e+09 0.654899 0.0224027 0.401967 0.0146715 0.0257974
5.97391e+09 0.642479 0.022249 0.402101 0.0142945 0.0257844
5.99689e+09 0.630277 0.022096 0.402234 0.0139266 0.0257713
6.01995e+09 0.618287 0.0219437 0.402367 0.0135675 0.0257581
6.04311e+09 0.606508 0.0217922 0.402501 0.0132171 0.0257447
6.06635e+09 0.594936 0.0216414 0.402634 0.0128752 0.0257313
6.08969e+09 0.583567 0.0214913 0.402768 0.0125416 0.0257177
6.11311e+09 0.572398 0.0213419 0.402901 0.0122161 0.0257039
6.13662e+09 0.561426 0.0211932 0.403034 0.0118984 0.0256901
6.16022e+09 0.550648 0.0210453 0.403168 0.0115885 0.0256762
6.18392e+09 0.540061 0.0208981 0.403301 0.0112862 0.0256621
6.2077e+09 0.52966 0.0207515 0.403434 0.0109913 0.0256479
6.23158e+09 0.519445 0.0206058 0.403568 0.0107035 0.0256335
6.25555e+09 0.509411 0.0204607 0.403701 0.0104229 0.0256191
6.27961e+09 0.499555 0.0203163 0.403835 0.0101491 0.0256045
6.30376e+09 0.489875 0.0201726 0.403968 0.00988206 0.0255898
6.32801e+09 0.480367 0.0200297 0.404101 0.00962159 0.025575
6.35235e+09 0.471029 0.0198874 0.404235 0.00936755 0.0255601
6.37678e+09 0.461859 0.0197458 0.404368 0.0091198 0.025545
6.40131e+09 0.452853 0.019605 0.404502 0.00887818 0.0255298
6.42593e+09 0.444008 0.0194648 0.404635 0.00864255 0.0255145
6.45065e+09 0.435323 0.0193254 0.404768 0.00841278 0.0254991
6.47546e+09 0.426794 0.0191866 0.404902 0.00818872 0.0254835
6.50036e+09 0.418418 0.0190485 0.405035 0.00797026 0.0254678
6.52537e+09 0.410194 0.0189112 0.405168 0.00775725 0.025452
6.55046e+09 0.402119 0.0187745 0.405302 0.00754957 0.025436
6.57566e+09 0.39419 0.0186385 0.405435 0.0073471 0.02542
6.60095e+09 0.386405 0.0185032 0.405569 0.00714971 0.0254038
6.62634e+09 0.378761 0.0183685 0.405702 0.00695728 0.0253875
6.65183e+09 0.371256 0.0182346 0.405835 0.00676971 0.025371
6.67741e+09 0.363889 0.0181013 0.405969 0.00658686 0.0253544
6.7031e+09 0.356655 0.0179687 0.406102 0.00640864 0.0253377
6.72888e+09 0.349554 0.0178368 0.406235 0.00623494 0.0253209
6.75476e+09 0.342584 0.0177056 0.406369 0.00606564 0.0253039
6.78074e+09 0.33574 0.017575 0.406502 0.00590065 0.0252868
6.80682e+09 0.329023 0.0174451 0.406636 0.00573985 0.0252696
6.833e+09 0.322429 0.0173159 0.406769 0.00558316 0.0252523
6.85928e+09 0.315957 0.0171874 0.406902 0.00543047 0.0252348
6.88567e+09 0.309605 0.0170595 0.407036 0.00528169 0.0252172
6.91215e+09 0.303369 0.0169323 0.407169 0.00513673 0.0251995
6.93874e+09 0.29725 0.0168057 0.407302 0.00499549 0.0251816
6.96543e+09 0.291243 0.0166798 0.407436 0.00485789 0.0251636
6.99222e+09 0.285349 0.0165546 0.407569 0.00472383 0.0251455
7.01911e+09 0.279564 0.01643 0.407703 0.00459324 0.0251272
7.04611e+09 0.273887 0.0163061 0.407836 0.00446602 0.0251088
7.07321e+09 0.268316 0.0161828 0.407969 0.00434211 0.0250903
7.10042e+09 0.262849 0.0160602 0.408103 0.00422141 0.0250717
7.12773e+09 0.257484 0.0159383 0.408236 0.00410385 0.0250529
7.15514e+09 0.25222 0.015817 0.408369 0.00398936 0.025034
7.18266e+09 0.247056 0.0156963 0.408503 0.00387786 0.0250149
7.21029e+09 0.241988 0.0155763 0.408636 0.00376927 0.0249957
7.23802e+09 0.237016 0.0154569 0.40877 0.00366353 0.0249764
7.26586e+09 0.232137 0.0153382 0.408903 0.00356056 0.024957
7.29381e+09 0.227352 0.0152201 0.409036 0.00346031 0.0249374
7.32186e+09 0.222656 0.0151026 0.40917 0.0033627 0.0249177
7.35002e+09 0.21805 0.0149858 0.409303 0.00326766 0.0248978
7.37829e+09 0.213532 0.0148696 0.409436 0.00317514 0.0248779
7.40667e+09 0.209099 0.0147541 0.40957 0.00308507 0.0248577
7.43516e+09 0.204751 0.0146392 0.409703 0.00299739 0.0248375
7.46376e+09 0.200486 0.0145249 0.409837 0.00291204 0.0248171
7.49247e+09 0.196303 0.0144112 0.40997 0.00282897 0.0247966
7.52129e+09 0.1922 0.0142982 0.410103 0.00274812 0.0247759
7.55022e+09 0.188176 0.0141858 0.410237 0.00266942 0.0247551
7.57926e+09 0.184229 0.014074 0.41037 0.00259284 0.0247342
7.60841e+09 0.180358 0.0139628 0.410504 0.00251832 0.0247132
7.63767e+09 0.176562 0.0138523 0.410637 0.0024458 0.024692
7.66705e+09 0.17284 0.0137424 0.41077 0.00237523 0.0246706
7.69654e+09 0.169189 0.0136331 0.410904 0.00230657 0.0246492
7.72614e+09 0.16561 0.0135244 0.411037 0.00223977 0.0246276
7.75586e+09 0.1621 0.0134163 0.41117 0.00217478 0.0246058
7.78569e+09 0.158658 0.0133088 0.411304 0.00211155 0.024584
7.81564e+09 0.155284 0.0132019 0.411437 0.00205004 0.0245619
7.8457e+09 0.151975 0.0130957 0.411571 0.00199022 0.0245398
7.87587e+09 0.148731 0.01299 0.411704 0.00193202 0.0245175
7.90617e+09 0.145551 0.012885 0.411837 0.00187542 0.0244951
7.93658e+09 0.142433 0.0127805 0.411971 0.00182037 0.0244725
7.9671e+09 0.139377 0.0126767 0.412104 0.00176683 0.0244498
7.99775e+09 0.13638 0.0125734 0.412237 0.00171477 0.024427
8.02851e+09 0.133443 0.0124708 0.412371 0.00166414 0.024404
8.05939e+09 0.130565 0.0123687 0.412504 0.00161491 0.0243809
8.09039e+09 0.127743 0.0122672 0.412638 0.00156705 0.0243576
8.12151e+09 0.124977 0.0121664 0.412771 0.00152051 0.0243342
8.15274e+09 0.122266 0.0120661 0.412904 0.00147527 0.0243107
8.1841e+09 0.119609 0.0119664 0.413038 0.00143129 0.024287
8.21558e+09 0.117005 0.0118672 0.413171 0.00138853 0.0242632
8.24718e+09 0.114454 0.0117687 0.413304 0.00134697 0.0242392
8.2789e+09 0.111953 0.0116708 0.413438 0.00130658 0.0242151
8.31074e+09 0.109503 0.0115734 0.413571 0.00126732 0.0241909
8.34271e+09 0.107101 0.0114766 0.413705 0.00122916 0.0241665
8.3748e+09 0.104749 0.0113804 0.413838 0.00119208 0.024142
8.40701e+09 0.102443 0.0112847 0.413971 0.00115604 0.0241174
8.43935e+09 0.100185 0.0111897 0.414105 0.00112103 0.0240926
8.47181e+09 0.0979716 0.0110952 0.414238 0.00108701 0.0240676
8.50439e+09 0.0958035 0.0110012 0.414371 0.00105396 0.0240425
8.5371e+09 0.0936795 0.0109079 0.414505 0.00102184 0.0240173
8.56994e+09 0.0915987 0.0108151 0.414638 0.000990645 0.023992
8.6029e+09 0.0895603 0.0107228 0.414772 0.00096034 0.0239665
8.63599e+09 0.0875636 0.0106312 0.414905 0.000930902 0.0239408
8.66921e+09 0.0856078 0.01054 0.415038 0.00090231 0.023915
8.70255e+09 0.0836922 0.0104495 0.415172 0.00087454 0.0238891
8.73602e+09 0.0818159 0.0103595 0.415305 0.000847571 0.023863
8.76962e+09 0.0799782 0.01027 0.415438 0.00082138 0.0238368
8.80336e+09 0.0781784 0.0101812 0.415572 0.000795947 0.0238105
8.83722e+09 0.0764158 0.0100928 0.415705 0.000771251 0.023784
8.87121e+09 0.0746898 0.010005 0.415839 0.000747273 0.0237574
8.90533e+09 0.0729995 0.00991779 0.415972 0.000723994 0.0237306
8.93958e+09 0.0713444 0.00983109 0.416105 0.000701393 0.0237037
8.97396e+09 0.0697237 0.00974494 0.416239 0.000679453 0.0236766
9.00848e+09 0.0681368 0.00965933 0.416372 0.000658156 0.0236494
9.04313e+09 0.0665831 0.00957426 0.416506 0.000637484 0.023622
9.07791e+09 0.065062 0.00948973 0.416639 0.00061742 0.0235945
9.11283e+09 0.0635727 0.00940573 0.416772 0.000597948 0.0235669
9.14788e+09 0.0621148 0.00932227 0.416906 0.000579051 0.0235391
9.18307e+09 0.0606876 0.00923935 0.417039 0.000560714 0.0235112
9.21839e+09 0.0592905 0.00915695 0.417172 0.00054292 0.0234831
9.25384e+09 0.0579229 0.00907508 0.417306 0.000525655 0.0234549
9.28944e+09 0.0565843 0.00899375 0.417439 0.000508905 0.0234266
9.32517e+09 0.0552741 0.00891293 0.417573 0.000492655 0.0233981
9.36103e+09 0.0539918 0.00883264 0.417706 0.00047689 0.0233694
9.39704e+09 0.0527368 0.00875287 0.417839 0.000461599 0.0233406
9.43318e+09 0.0515086 0.00867363 0.417973 0.000446767 0.0233117
9.46946e+09 0.0503067 0.0085949 0.418106 0.000432381 0.0232826
9.50589e+09 0.0491305 0.00851669 0.418239 0.000418429 0.0232534
9.54245e+09 0.0479796 0.00843899 0.418373 0.0004049 0.0232241
9.57915e+09 0.0468535 0.0083618 0.418506 0.00039178 0.0231946
9.616e+09 0.0457516 0.00828513 0.41864 0.000379058 0.0231649
9.65298e+09 0.0446736 0.00820896 0.418773 0.000366724 0.0231351
9.69011e+09 0.0436188 0.00813331 0.418906 0.000354765 0.0231052
9.72738e+09 0.042587 0.00805815 0.41904 0.000343172 0.0230751
9.7648e+09 0.0415775 0.00798351 0.419173 0.000331935 0.0230449
9.80236e+09 0.0405901 0.00790936 0.419306 0.000321042 0.0230145
9.84006e+09 0.0396242 0.00783571 0.41944 0.000310484 0.022984
9.87791e+09 0.0386794 0.00776256 0.419573 0.000300251 0.0229533
9.9159e+09 0.0377553 0.00768991 0.419707 0.000290335 0.0229225
9.95404e+09 0.0368515 0.00761775 0.41984 0.000280726 0.0228916
9.99233e+09 0.0359675 0.00754609 0.419973 0.000271414 0.0228605
1.00308e+10 0.0351031 0.00747492 0.420107 0.000262393 0.0228292
1.00693e+10 0.0342577 0.00740423 0.42024 0.000253652 0.0227978
1.01081e+10 0.0334311 0.00733403 0.420373 0.000245184 0.0227663
1.01469e+10 0.0326227 0.00726432 0.420507 0.000236982 0.0227346
1.0186e+10 0.0318323 0.00719509 0.42064 0.000229036 0.0227028
1.02252e+10 0.0310596 0.00712634 0.420774 0.000221341 0.0226709
1.02645e+10 0.030304 0.00705807 0.420907 0.000213888 0.0226388
1.0304e+10 0.0295654 0.00699028 0.42104 0.00020667 0.0226065
1.03436e+10 0.0288432 0.00692296 0.421174 0.000199681 0.0225741
1.03834e+10 0.0281373 0.00685612 0.421307 0.000192913 0.0225416
1.04233e+10 0.0274473 0.00678975 0.42144 0.00018636 0.0225089
1.04634e+10 0.0267728 0.00672386 0.421574 0.000180017 0.0224761
1.05037e+10 0.0261136 0.00665843 0.421707 0.000173875 0.0224431
1.05441e+10 0.0254693 0.00659346 0.421841 0.000167931 0.02241
1.05846e+10 0.0248395 0.00652896 0.421974 0.000162176 0.0223767
1.06253e+10 0.0242241 0.00646493 0.422107 0.000156607 0.0223433
1.06662e+10 0.0236227 0.00640135 0.422241 0.000151218 0.0223098
1.07072e+10 0.0230351 0.00633824 0.422374 0.000146002 0.0222761
1.07484e+10 0.0224608 0.00627558 0.422508 0.000140955 0.0222422
1.07897e+10 0.0218998 0.00621337 0.422641 0.000136072 0.0222082
1.08312e+10 0.0213516 0.00615163 0.422774 0.000131347 0.0221741
1.08729e+10 0.020816 0.00609033 0.422908 0.000126776 0.0221399
1.09147e+10 0.0202928 0.00602948 0.423041 0.000122355 0.0221054
1.09567e+10 0.0197817 0.00596908 0.423174 0.000118078 0.0220709
1.09988e+10 0.0192824 0.00590912 0.423308 0.000113942 0.0220362
1.10412e+10 0.0187947 0.00584961 0.423441 0.000109941 0.0220013
1.10836e+10 0.0183183 0.00579055 0.423575 0.000106073 0.0219664
1.11262e+10 0.017853 0.00573192 0.423708 0.000102332 0.0219312
1.1169e+10 0.0173986 0.00567373 0.423841 9.87151e-05 0.0218959
1.1212e+10 0.0169549 0.00561598 0.423975 9.52181e-05 0.0218605
1.12551e+10 0.0165215 0.00555866 0.424108 9.18374e-05 0.021825
1.12984e+10 0.0160983 0.00550178 0.424241 8.85694e-05 0.0217893
1.13419e+10 0.0156851 0.00544532 0.424375 8.54106e-05 0.0217534
1.13855e+10 0.0152817 0.0053893 0.424508 8.23576e-05 0.0217174
1.14293e+10 0.0148878 0.0053337 0.424642 7.9407e-05 0.0216813
1.14733e+10 0.0145032 0.00527853 0.424775 7.65557e-05 0.021645
1.15174e+10 0.0141278 0.00522378 0.424908 7.38005e-05 0.0216086
1.15617e+10 0.0137613 0.00516945 0.425042 7.11384e-05 0.021572
1.16062e+10 0.0134036 0.00511555 0.425175 6.85666e-05 0.0215353
1.16508e+10 0.0130544 0.00506206 0.425308 6.6082e-05 0.0214985
1.16956e+10 0.0127136 0.00500898 0.425442 6.36821e-05 0.0214615
1.17406e+10 0.0123809 0.00495632 0.425575 6.13639e-05 0.0214244
1.17857e+10 0.0120563 0.00490408 0.425709 5.91251e-05 0.0213871
1.18311e+10 0.0117395 0.00485224 0.425842 5.6963e-05 0.0213497
1.18766e+10 0.0114304 0.00480081 0.425975 5.48752e-05 0.0213122
1.19223e+10 0.0111288 0.00474979 0.426109 5.28593e-05 0.0212745
1.19681e+10 0.0108344 0.00469917 0.426242 5.09129e-05 0.0212366
1.20142e+10 0.0105473 0.00464896 0.426375 4.90339e-05 0.0211987
1.20604e+10 0.0102671 0.00459915 0.426509 4.72201e-05 0.0211606
1.21068e+10 0.00999385 0.00454973 0.426642 4.54693e-05 0.0211223
1.21533e+10 0.00972724 0.00450071 0.426776 4.37795e-05 0.0210839
1.22001e+10 0.00946719 0.00445209 0.426909 4.21488e-05 0.0210454
1.2247e+10 0.00921354 0.00440386 0.427042 4.05751e-05 0.0210067
1.22941e+10 0.00896614 0.00435602 0.427176 3.90567e-05 0.0209679
1.23414e+10 0.00872486 0.00430858 0.427309 3.75917e-05 0.020929
1.23889e+10 0.00848955 0.00426152 0.427442 3.61784e-05 0.0208899
1.24365e+10 0.00826009 0.00421484 0.427576 3.4815e-05 0.0208506
1.24843e+10 0.00803634 0.00416855 0.427709 3.34999e-05 0.0208113
1.25324e+10 0.00781818 0.00412264 0.427843 3.22315e-05 0.0207718
1.25806e+10 0.00760546 0.00407711 0.427976 3.10083e-05 0.0207321
1.26289e+10 0.00739808 0.00403196 0.428109 2.98288e-05 0.0206924
1.26775e+10 0.00719591 0.00398719 0.428243 2.86914e-05 0.0206525
1.27263e+10 0.00699882 0.00394279 0.428376 2.75949e-05 0.0206124
1.27752e+10 0.00680671 0.00389876 0.42851 2.65377e-05 0.0205722
1.28244e+10 0.00661945 0.00385511 0.428643 2.55187e-05 0.0205319
1.28737e+10 0.00643694 0.00381182 0.428776 2.45364e-05 0.0204914
1.29232e+10 0.00625907 0.0037689 0.42891 2.35898e-05 0.0204508
1.29729e+10 0.00608573 0.00372634 0.429043 2.26775e-05 0.0204101
1.30228e+10 0.0059168 0.00368415 0.429176 2.17984e-05 0.0203692
1.30729e+10 0.00575221 0.00364232 0.42931 2.09514e-05 0.0203282
1.31232e+10 0.00559183 0.00360084 0.429443 2.01353e-05 0.0202871
1.31737e+10 0.00543557 0.00355973 0.429577 1.93491e-05 0.0202458
1.32243e+10 0.00528333 0.00351897 0.42971 1.85919e-05 0.0202044
1.32752e+10 0.00513503 0.00347857 0.429843 1.78625e-05 0.0201629
1.33263e+10 0.00499056 0.00343851 0.429977 1.71601e-05 0.0201212
1.33775e+10 0.00484984 0.00339881 0.43011 1.64837e-05 0.0200794
1.3429e+10 0.00471278 0.00335945 0.430243 1.58324e-05 0.0200375
1.34806e+10 0.00457929 0.00332044 0.430377 1.52053e-05 0.0199954
1.35325e+10 0.00444929 0.00328178 0.43051 1.46016e-05 0.0199532
1.35845e+10 0.00432269 0.00324346 0.430644 1.40204e-05 0.0199109
1.36368e+10 0.00419941 0.00320547 0.430777 1.34611e-05 0.0198684
1.36892e+10 0.00407937 0.00316783 0.43091 1.29228e-05 0.0198258
1.37419e+10 0.0039625 0.00313052 0.431044 1.24047e-05 0.0197831
1.37947e+10 0.00384872 0.00309355 0.431177 1.19062e-05 0.0197402
1.38478e+10 0.00373795 0.00305691 0.43131 1.14266e-05 0.0196972
1.39011e+10 0.00363012 0.00302061 0.431444 1.09652e-05 0.0196541
1.39545e+10 0.00352516 0.00298463 0.431577 1.05213e-05 0.0196109
1.40082e+10 0.00342301 0.00294898 0.431711 1.00944e-05 0.0195675
1.40621e+10 0.00332358 0.00291365 0.431844 9.68375e-06 0.019524
1.41162e+10 0.00322682 0.00287865 0.431977 9.28888e-06 0.0194804
1.41705e+10 0.00313266 0.00284397 0.432111 8.90918e-06 0.0194366
1.4225e+10 0.00304103 0.00280961 0.432244 8.54411e-06 0.0193927
1.42797e+10 0.00295188 0.00277557 0.432377 8.19315e-06 0.0193487
1.43346e+10 0.00286514 0.00274184 0.432511 7.85577e-06 0.0193046
1.43897e+10 0.00278075 0.00270843 0.432644 7.53149e-06 0.0192603
1.44451e+10 0.00269866 0.00267534 0.432778 7.21983e-06 0.019216
1.45006e+10 0.00261881 0.00264255 0.432911 6.92033e-06 0.0191714
1.45564e+10 0.00254114 0.00261007 0.433044 6.63254e-06 0.0191268
1.46124e+10 0.00246559 0.0025779 0.433178 6.35605e-06 0.0190821
1.46686e+10 0.00239212 0.00254603 0.433311 6.09042e-06 0.0190372
1.4725e+10 0.00232067 0.00251447 0.433444 5.83526e-06 0.0189922
1.47817e+10 0.0022512 0.00248321 0.433578 5.59019e-06 0.0189471
1.48385e+10 0.00218364 0.00245225 0.433711 5.35482e-06 0.0189018
1.48956e+10 0.00211796 0.00242158 0.433845 5.1288e-06 0.0188564
1.49529e+10 0.0020541 0.00239121 0.433978 4.91179e-06 0.018811
1.50104e+10 0.00199202 0.00236114 0.434111 4.70344e-06 0.0187654
1.50681e+10 0.00193168 0.00233136 0.434245 4.50343e-06 0.0187196
1.51261e+10 0.00187302 0.00230187 0.434378 4.31144e-06 0.0186738
1.51843e+10 0.00181601 0.00227266 0.434512 4.12718e-06 0.0186278
1.52427e+10 0.00176061 0.00224375 0.434645 3.95035e-06 0.0185817
1.53013e+10 0.00170676 0.00221512 0.434778 3.78068e-06 0.0185355
1.53602e+10 0.00165444 0.00218677 0.434912 3.61788e-06 0.0184892
1.54192e+10 0.00160361 0.0021587 0.435045 3.4617e-06 0.0184428
1.54785e+10 0.00155421 0.00213091 0.435178 3.31189e-06 0.0183962
1.55381e+10 0.00150623 0.00210341 0.435312 3.1682e-06 0.0183496
1.55978e+10 0.00145961 0.00207617 0.435445 3.0304e-06 0.0183028
1.56578e+10 0.00141433 0.00204921 0.435579 2.89826e-06 0.0182559
1.57181e+10 0.00137034 0.00202253 0.435712 2.77156e-06 0.0182089
1.57785e+10 0.00132763 0.00199611 0.435845 2.65009e-06 0.0181618
1.58392e+10 0.00128614 0.00196996 0.435979 2.53365e-06 0.0181146
1.59001e+10 0.00124586 0.00194408 0.436112 2.42204e-06 0.0180672
1.59613e+10 0.00120674 0.00191846 0.436245 2.31508e-06 0.0180198
1.60227e+10 0.00116876 0.00189311 0.436379 2.21259e-06 0.0179722
1.60843e+10 0.00113188 0.00186802 0.436512 2.11438e-06 0.0179245
1.61462e+10 0.00109608 0.00184319 0.436646 2.02029e-06 0.0178768
1.62083e+10 0.00106133 0.00181862 0.436779 1.93015e-06 0.0178289
1.62706e+10 0.0010276 0.0017943 0.436912 1.84382e-06 0.0177809
1.63332e+10 0.000994863 0.00177024 0.437046 1.76114e-06 0.0177328
1.6396e+10 0.00096309 0.00174643 0.437179 1.68197e-06 0.0176846
1.64591e+10 0.000932257 0.00172287 0.437312 1.60616e-06 0.0176363
1.65224e+10 0.000902339 0.00169956 0.437446 1.53358e-06 0.0175878
1.65859e+10 0.000873309 0.00167649 0.437579 1.4641e-06 0.0175393
1.66497e+10 0.000845145 0.00165368 0.437713 1.3976e-06 0.0174907
1.67138e+10 0.000817822 0.0016311 0.437846 1.33395e-06 0.017442
1.67781e+10 0.000791318 0.00160877 0.437979 1.27305e-06 0.0173931
1.68426e+10 0.000765609 0.00158668 0.438113 1.21478e-06 0.0173442
1.69074e+10 0.000740674 0.00156483 0.438246 1.15903e-06 0.0172952
1.69724e+10 0.000716492 0.00154321 0.438379 1.1057e-06 0.017246
1.70377e+10 0.000693042 0.00152183 0.438513 1.05469e-06 0.0171968
1.71032e+10 0.000670303 0.00150069 0.438646 1.00591e-06 0.0171474
1.7169e+10 0.000648255 0.00147977 0.43878 9.59269e-07 0.017098
1.7235e+10 0.00062688 0.00145909 0.438913 9.14672e-07 0.0170485
1.73013e+10 0.000606159 0.00143863 0.439046 8.72037e-07 0.0169989
1.73679e+10 0.000586072 0.0014184 0.43918 8.31284e-07 0.0169491
1.74347e+10 0.000566603 0.00139839 0.439313 7.92333e-07 0.0168993
1.75017e+10 0.000547734 0.00137861 0.439446 7.55111e-07 0.0168494
1.7569e+10 0.000529447 0.00135905 0.43958 7.19544e-07 0.0167994
1.76366e+10 0.000511727 0.00133971 0.439713 6.85564e-07 0.0167493
1.77045e+10 0.000494557 0.00132058 0.439847 6.53104e-07 0.0166991
1.77726e+10 0.000477922 0.00130168 0.43998 6.221e-07 0.0166489
1.78409e+10 0.000461806 0.00128299 0.440113 5.9249e-07 0.0165985
1.79095e+10 0.000446194 0.00126451 0.440247 5.64215e-07 0.016548
1.79784e+10 0.000431072 0.00124624 0.44038 5.37218e-07 0.0164975
1.80476e+10 0.000416426 0.00122818 0.440514 5.11445e-07 0.0164469
1.8117e+10 0.000402241 0.00121033 0.440647 4.86845e-07 0.0163961
1.81867e+10 0.000388506 0.00119269 0.44078 4.63365e-07 0.0163453
1.82566e+10 0.000375205 0.00117525 0.440914 4.40959e-07 0.0162944
1.83268e+10 0.000362328 0.00115801 0.441047 4.1958e-07 0.0162435
1.83973e+10 0.000349861 0.00114098 0.44118 3.99183e-07 0.0161924
1.84681e+10 0.000337793 0.00112414 0.441314 3.79727e-07 0.0161413
1.85391e+10 0.000326111 0.0011075 0.441447 3.61169e-07 0.01609
1.86104e+10 0.000314805 0.00109106 0.441581 3.43472e-07 0.0160387
1.8682e+10 0.000303862 0.00107482 0.441714 3.26597e-07 0.0159873
1.87539e+10 0.000293274 0.00105877 0.441847 3.10508e-07 0.0159359
1.8826e+10 0.000283028 0.00104291 0.441981 2.95171e-07 0.0158843
1.88984e+10 0.000273115 0.00102724 0.442114 2.80553e-07 0.0158327
1.89711e+10 0.000263524 0.00101175 0.442247 2.66622e-07 0.015781
1.90441e+10 0.000254247 0.00099646 0.442381 2.53347e-07 0.0157292
1.91173e+10 0.000245273 0.00098135 0.442514 2.40699e-07 0.0156774
1.91909e+10 0.000236594 0.000966424 0.442648 2.2865e-07 0.0156255
1.92647e+10 0.0002282 0.000951681 0.442781 2.17174e-07 0.0155735
1.93388e+10 0.000220084 0.000937118 0.442914 2.06244e-07 0.0155214
1.94132e+10 0.000212236 0.000922733 0.443048 1.95837e-07 0.0154693
1.94878e+10 0.000204648 0.000908527 0.443181 1.85928e-07 0.0154171
1.95628e+10 0.000197312 0.000894496 0.443314 1.76495e-07 0.0153648
1.9638e+10 0.000190222 0.00088064 0.443448 1.67517e-07 0.0153125
1.97136e+10 0.000183368 0.000866956 0.443581 1.58972e-07 0.0152601
1.97894e+10 0.000176744 0.000853444 0.443715 1.50841e-07 0.0152076
1.98655e+10 0.000170343 0.000840102 0.443848 1.43106e-07 0.015155
1.99419e+10 0.000164158 0.000826928 0.443981 1.35747e-07 0.0151024
2.00186e+10 0.000158182 0.00081392 0.444115 1.28747e-07 0.0150498
2.00956e+10 0.000152408 0.000801078 0.444248 1.22091e-07 0.014997
2.01729e+10 0.000146831 0.000788399 0.444381 1.15761e-07 0.0149442
2.02505e+10 0.000141443 0.000775883 0.444515 1.09744e-07 0.0148914
2.03284e+10 0.00013624 0.000763528 0.444648 1.04023e-07 0.0148385
2.04066e+10 0.000131215 0.000751331 0.444782 9.85862e-08 0.0147855
2.04851e+10 0.000126363 0.000739293 0.444915 9.34194e-08 0.0147325
2.05638e+10 0.000121678 0.00072741 0.445048 8.851e-08 0.0146794
2.06429e+10 0.000117155 0.000715683 0.445182 8.38458e-08 0.0146263
2.07223e+10 0.000112789 0.000704109 0.445315 7.94154e-08 0.0145731
2.0802e+10 0.000108574 0.000692687 0.445448 7.52076e-08 0.0145198
2.08821e+10 0.000104506 0.000681415 0.445582 7.12118e-08 0.0144665
2.09624e+10 0.00010058 0.000670292 0.445715 6.7418e-08 0.0144132
2.1043e+10 9.67917e-05 0.000659317 0.445849 6.38164e-08 0.0143598
2.11239e+10 9.31364e-05 0.000648488 0.445982 6.03978e-08 0.0143064
2.12052e+10 8.96098e-05 0.000637804 0.446115 5.71535e-08 0.0142529
2.12868e+10 8.62078e-05 0.000627263 0.446249 5.4075e-08 0.0141993
2.13686e+10 8.29263e-05 0.000616865 0.446382 5.11543e-08 0.0141457
2.14508e+10 7.97614e-05 0.000606606 0.446516 4.83837e-08 0.0140921
2.15333e+10 7.67091e-05 0.000596487 0.446649 4.5756e-08 0.0140384
2.16161e+10 7.37658e-05 0.000586506 0.446782 4.32641e-08 0.0139847
2.16993e+10 7.0928e-05 0.000576661 0.446916 4.09014e-08 0.013931
2.17827e+10 6.8192e-05 0.000566951 0.447049 3.86615e-08 0.0138772
2.18665e+10 6.55546e-05 0.000557375 0.447182 3.65385e-08 0.0138233
2.19506e+10 6.30124e-05 0.000547931 0.447316 3.45264e-08 0.0137695
2.20351e+10 6.05622e-05 0.000538618 0.447449 3.26199e-08 0.0137156
2.21198e+10 5.82011e-05 0.000529435 0.447583 3.08137e-08 0.0136616
2.22049e+10 5.59259e-05 0.00052038 0.447716 2.91027e-08 0.0136076
2.22903e+10 5.37338e-05 0.000511452 0.447849 2.74822e-08 0.0135536
2.2376e+10 5.16219e-05 0.00050265 0.447983 2.59477e-08 0.0134996
2.24621e+10 4.95876e-05 0.000493972 0.448116 2.44949e-08 0.0134455
2.25485e+10 4.76282e-05 0.000485417 0.448249 2.31195e-08 0.0133914
2.26352e+10 4.57412e-05 0.000476983 0.448383 2.18178e-08 0.0133373
2.27223e+10 4.39241e-05 0.000468671 0.448516 2.05859e-08 0.0132831
2.28097e+10 4.21744e-05 0.000460477 0.44865 1.94203e-08 0.0132289
2.28974e+10 4.04899e-05 0.000452401 0.448783 1.83177e-08 0.0131747
2.29855e+10 3.88683e-05 0.000444442 0.448916 1.72747e-08 0.0131205
2.30739e+10 3.73074e-05 0.000436599 0.44905 1.62884e-08 0.0130662
2.31627e+10 3.58052e-05 0.000428869 0.449183 1.53557e-08 0.013012
2.32517e+10 3.43595e-05 0.000421252 0.449316 1.4474e-08 0.0129577
2.33412e+10 3.29684e-05 0.000413747 0.44945 1.36406e-08 0.0129033
2.3431e+10 3.16301e-05 0.000406353 0.449583 1.2853e-08 0.012849
2.35211e+10 3.03425e-05 0.000399067 0.449717 1.21087e-08 0.0127947
2.36115e+10 2.91041e-05 0.00039189 0.44985 1.14056e-08 0.0127403
2.37024e+10 2.79129e-05 0.000384819 0.449983 1.07414e-08 0.0126859
2.37935e+10 2.67674e-05 0.000377854 0.450117 1.01141e-08 0.0126315
2.3885e+10 2.56658e-05 0.000370993 0.45025 9.52185e-09 0.0125771
2.39769e+10 2.46067e-05 0.000364236 0.450383 8.96265e-09 0.0125227
2.40691e+10 2.35886e-05 0.00035758 0.450517 8.43481e-09 0.0124683
2.41617e+10 2.26099e-05 0.000351025 0.45065 7.93665e-09 0.0124138
2.42546e+10 2.16692e-05 0.000344571 0.450784 7.46657e-09 0.0123594
2.43479e+10 2.07652e-05 0.000338214 0.450917 7.02309e-09 0.0123049
2.44416e+10 1.98965e-05 0.000331955 0.45105 6.60476e-09 0.0122505
2.45356e+10 1.90619e-05 0.000325792 0.451184 6.21023e-09 0.012196
2.463e+10 1.82601e-05 0.000319725 0.451317 5.83821e-09 0.0121416
2.47247e+10 1.74899e-05 0.000313751 0.45145 5.48748e-09 0.0120871
2.48198e+10 1.67502e-05 0.000307871 0.451584 5.15688e-09 0.0120327
2.49153e+10 1.60397e-05 0.000302082 0.451717 4.84531e-09 0.0119782
2.50111e+10 1.53576e-05 0.000296384 0.451851 4.55173e-09 0.0119238
2.51073e+10 1.47026e-05 0.000290775 0.451984 4.27515e-09 0.0118693
2.52039e+10 1.40739e-05 0.000285255 0.452117 4.01464e-09 0.0118149
2.53008e+10 1.34703e-05 0.000279823 0.452251 3.7693e-09 0.0117604
2.53981e+10 1.2891e-05 0.000274477 0.452384 3.53829e-09 0.011706
2.54958e+10 1.23352e-05 0.000269216 0.452518 3.32082e-09 0.0116516
2.55939e+10 1.18018e-05 0.000264039 0.452651 3.11613e-09 0.0115972
2.56923e+10 1.129e-05 0.000258946 0.452784 2.9235e-09 0.0115428
2.57911e+10 1.07991e-05 0.000253935 0.452918 2.74226e-09 0.0114884
2.58903e+10 1.03282e-05 0.000249005 0.453051 2.57177e-09 0.0114341
2.59899e+10 9.87658e-06 0.000244156 0.453184 2.41142e-09 0.0113797
2.60899e+10 9.44351e-06 0.000239385 0.453318 2.26064e-09 0.0113254
2.61902e+10 9.02828e-06 0.000234693 0.453451 2.11887e-09 0.0112711
2.6291e+10 8.63019e-06 0.000230078 0.453585 1.98561e-09 0.0112168
2.63921e+10 8.24859e-06 0.000225539 0.453718 1.86038e-09 0.0111625
2.64936e+10 7.88284e-06 0.000221075 0.453851 1.7427e-09 0.0111083
2.65955e+10 7.53232e-06 0.000216686 0.453985 1.63215e-09 0.011054
2.66978e+10 7.19646e-06 0.00021237 0.454118 1.52831e-09 0.0109998
2.68005e+10 6.87466e-06 0.000208126 0.454251 1.43079e-09 0.0109457
2.69036e+10 6.56639e-06 0.000203953 0.454385 1.33924e-09 0.0108915
2.70071e+10 6.27112e-06 0.000199851 0.454518 1.25329e-09 0.0108374
2.71109e+10 5.98833e-06 0.000195819 0.454652 1.17263e-09 0.0107833
2.72152e+10 5.71753e-06 0.000191855 0.454785 1.09693e-09 0.0107293
2.73199e+10 5.45825e-06 0.000187958 0.454918 1.02592e-09 0.0106752
2.7425e+10 5.21002e-06 0.000184129 0.455052 9.59315e-10 0.0106212
2.75304e+10 4.97241e-06 0.000180365 0.455185 8.96851e-10 0.0105673
2.76363e+10 4.745e-06 0.000176667 0.455318 8.38284e-10 0.0105134
2.77426e+10 4.52738e-06 0.000173032 0.455452 7.83382e-10 0.0104595
2.78493e+10 4.31914e-06 0.000169461 0.455585 7.31926e-10 0.0104057
2.79565e+10 4.11992e-06 0.000165952 0.455719 6.83709e-10 0.0103519
2.8064e+10 3.92935e-06 0.000162504 0.455852 6.38537e-10 0.0102981
2.81719e+10 3.74708e-06 0.000159118 0.455985 5.96227e-10 0.0102444
2.82803e+10 3.57277e-06 0.000155791 0.456119 5.56604e-10 0.0101908
2.83891e+10 3.4061e-06 0.000152523 0.456252 5.19506e-10 0.0101371
2.84983e+10 3.24674e-06 0.000149313 0.456385 4.8478e-10 0.0100836
2.86079e+10 3.09441e-06 0.00014616 0.456519 4.5228e-10 0.01003
2.87179e+10 2.94881e-06 0.000143064 0.456652 4.21869e-10 0.00997657
2.88284e+10 2.80967e-06 0.000140024 0.456786 3.9342e-10 0.00992316
2.89392e+10 2.67671e-06 0.000137038 0.456919 3.66812e-10 0.00986979
2.90506e+10 2.54968e-06 0.000134107 0.457052 3.4193e-10 0.00981648
2.91623e+10 2.42834e-06 0.000131229 0.457186 3.18668e-10 0.00976323
2.92745e+10 2.31244e-06 0.000128404 0.457319 2.96925e-10 0.00971003
2.93871e+10 2.20175e-06 0.00012563 0.457452 2.76605e-10 0.00965689
2.95001e+10 2.09606e-06 0.000122907 0.457586 2.57621e-10 0.00960381
2.96136e+10 1.99515e-06 0.000120235 0.457719 2.39887e-10 0.00955079
2.97275e+10 1.89882e-06 0.000117612 0.457853 2.23325e-10 0.00949783
2.98418e+10 1.80689e-06 0.000115038 0.457986 2.07861e-10 0.00944494
2.99566e+10 1.71915e-06 0.000112513 0.458119 1.93425e-10 0.00939211
3.00718e+10 1.63543e-06 0.000110034 0.458253 1.79953e-10 0.00933935
3.01875e+10 1.55555e-06 0.000107602 0.458386 1.67381e-10 0.00928666
3.03036e+10 1.47936e-06 0.000105216 0.45852 1.55653e-10 0.00923403
3.04201e+10 1.40669e-06 0.000102876 0.458653 1.44715e-10 0.00918148
3.05371e+10 1.3374e-06 0.00010058 0.458786 1.34515e-10 0.009129
3.06546e+10 1.27132e-06 0.0001 0.45892 1.27132e-10 0.00923099
3.07725e+10 1.20833e-06 0.0001 0.459053 1.20833e-10 0.00938869
3.08909e+10 1.14828e-06 0.0001 0.459186 1.14828e-10 0.00954957
3.10097e+10 1.09105e-06 0.0001 0.45932 1.09105e-10 0.0097137
3.11289e+10 1.03652e-06 0.0001 0.459453 1.03652e-10 0.00988114
3.12487e+10 9.84564e-07 0.0001 0.459587 9.84564e-11 0.010052
3.13689e+10 9.35067e-07 0.0001 0.45972 9.35067e-11 0.0102263
3.14895e+10 8.87921e-07 0.0001 0.459853 8.87921e-11 0.0104042
3.16106e+10 8.43022e-07 0.0001 0.459987 8.43022e-11 0.0105857
3.17322e+10 8.0027e-07 0.0001 0.46012 8.0027e-11 0.010771
3.18543e+10 7.59567e-07 0.0001 0.460253 7.59567e-11 0.01096
3.19768e+10 7.20821e-07 0.0001 0.460387 7.20821e-11 0.011153
3.20998e+10 6.83944e-07 0.0001 0.46052 6.83944e-11 0.0113499
3.22233e+10 6.48852e-07 0.0001 0.460654 6.48852e-11 0.011551
3.23472e+10 6.15463e-07 0.0001 0.460787 6.15463e-11 0.0117562
3.24716e+10 5.83699e-07 0.0001 0.46092 5.83699e-11 0.0119657
3.25965e+10 5.53486e-07 0.0001 0.461054 5.53486e-11 0.0121795
3.27219e+10 5.24753e-07 0.0001 0.461187 5.24753e-11 0.0123979
3.28477e+10 4.97432e-07 0.0001 0.46132 4.97432e-11 0.0126209
3.29741e+10 4.71457e-07 0.0001 0.461454 4.71457e-11 0.0128485
3.31009e+10 4.46766e-07 0.0001 0.461587 4.46766e-11 0.013081
3.32282e+10 4.23299e-07 0.0001 0.461721 4.23299e-11 0.0133184
3.3356e+10 4.01e-07 0.0001 0.461854 4.01e-11 0.0135608
3.34843e+10 3.79813e-07 0.0001 0.461987 3.79813e-11 0.0138084
3.36131e+10 3.59686e-07 0.0001 0.462121 3.59686e-11 0.0140613
3.37424e+10 3.4057e-07 0.0001 0.462254 3.4057e-11 0.0143196
3.38722e+10 3.22416e-07 0.0001 0.462387 3.22416e-11 0.0145835
3.40025e+10 3.05179e-07 0.0001 0.462521 3.05179e-11 0.014853
3.41333e+10 2.88815e-07 0.0001 0.462654 2.88815e-11 0.0151284
3.42645e+10 2.73283e-07 0.0001 0.462788 2.73283e-11 0.0154098
3.43963e+10 2.58542e-07 0.0001 0.462921 2.58542e-11 0.0156972
3.45286e+10 2.44556e-07 0.0001 0.463054 2.44556e-11 0.0159909
3.46614e+10 2.31286e-07 0.0001 0.463188 2.31286e-11 0.0162911
3.47948e+10 2.187e-07 0.0001 0.463321 2.187e-11 0.0165978
3.49286e+10 2.06763e-07 0.0001 0.463454 2.06763e-11 0.0169112
3.50629e+10 1.95444e-07 0.0001 0.463588 1.95444e-11 0.0172316
3.51978e+10 1.84713e-07 0.0001 0.463721 1.84713e-11 0.017559
3.53332e+10 1.74541e-07 0.0001 0.463855 1.74541e-11 0.0178937
3.54691e+10 1.64901e-07 0.0001 0.463988 1.64901e-11 0.0182358
3.56055e+10 1.55765e-07 0.0001 0.464121 1.55765e-11 0.0185856
3.57425e+10 1.47111e-07 0.0001 0.464255 1.47111e-11 0.0189431
3.58799e+10 1.38912e-07 0.0001 0.464388 1.38912e-11 0.0193087
3.60179e+10 1.31148e-07 0.0001 0.464522 1.31148e-11 0.0196825
3.61565e+10 1.23795e-07 0.0001 0.464655 1.23795e-11 0.0200647
3.62955e+10 1.16834e-07 0.0001 0.464788 1.16834e-11 0.0204555
3.64351e+10 1.10245e-07 0.0001 0.464922 1.10245e-11 0.0208552
3.65753e+10 1.04009e-07 0.0001 0.465055 1.04009e-11 0.0212639
3.6716e+10 9.81075e-08 0.0001 0.465188 9.81075e-12 0.021682
3.68572e+10 9.25245e-08 0.0001 0.465322 9.25245e-12 0.0221096
3.69989e+10 8.72435e-08 0.0001 0.465455 8.72435e-12 0.022547
3.71413e+10 8.22489e-08 0.0001 0.465589 8.22489e-12 0.0229945
3.72841e+10 7.7526e-08 0.0001 0.465722 7.7526e-12 0.0234522
3.74275e+10 7.3061e-08 0.0001 0.465855 7.3061e-12 0.0239206
3.75715e+10 6.88405e-08 0.0001 0.465989 6.88405e-12 0.0243997
3.7716e+10 6.48519e-08 0.0001 0.466122 6.48519e-12 0.0248901
3.78611e+10 6.1083e-08 0.0001 0.466255 6.1083e-12 0.0253918
3.80067e+10 5.75224e-08 0.0001 0.466389 5.75224e-12 0.0259052
3.81529e+10 5.41593e-08 0.0001 0.466522 5.41593e-12 0.0264307
3.82996e+10 5.09832e-08 0.0001 0.466656 5.09832e-12 0.0269685
3.84469e+10 4.79844e-08 0.0001 0.466789 4.79844e-12 0.027519
3.85948e+10 4.51535e-08 0.0001 0.466922 4.51535e-12 0.0280825
3.87433e+10 4.24815e-08 0.0001 0.467056 4.24815e-12 0.0286594
3.88923e+10 3.996e-08 0.0001 0.467189 3.996e-12 0.0292499
3.90419e+10 3.7581e-08 0.0001 0.467322 3.7581e-12 0.0298546
3.9192e+10 3.53368e-08 0.0001 0.467456 3.53368e-12 0.0304736
3.93428e+10 3.32203e-08 0.0001 0.467589 3.32203e-12 0.0311075
3.94941e+10 3.12245e-08 0.0001 0.467723 3.12245e-12 0.0317567
3.9646e+10 2.93429e-08 0.0001 0.467856 2.93429e-12 0.0324214
3.97985e+10 2.75693e-08 0.0001 0.467989 2.75693e-12 0.0331023
3.99516e+10 2.58979e-08 0.0001 0.468123 2.58979e-12 0.0337996
4.01052e+10 2.4323e-08 0.0001 0.468256 2.4323e-12 0.0345139
4.02595e+10 2.28394e-08 0.0001 0.468389 2.28394e-12 0.0352456
4.04143e+10 2.1442e-08 0.0001 0.468523 2.1442e-12 0.0359952
4.05698e+10 2.01262e-08 0.0001 0.468656 2.01262e-12 0.0367632
4.07258e+10 1.88873e-08 0.0001 0.46879 1.88873e-12 0.03755
4.08825e+10 1.77211e-08 0.0001 0.468923 1.77211e-12 0.0383562
4.10397e+10 1.66236e-08 0.0001 0.469056 1.66236e-12 0.0391824
4.11976e+10 1.5591e-08 0.0001 0.46919 1.5591e-12 0.0400291
4.1356e+10 1.46195e-08 0.0001 0.469323 1.46195e-12 0.0408968
4.15151e+10 1.37058e-08 0.0001 0.469456 1.37058e-12 0.0417861
4.16748e+10 1.28465e-08 0.0001 0.46959 1.28465e-12 0.0426977
4.18351e+10 1.20387e-08 0.0001 0.469723 1.20387e-12 0.0436322
4.1996e+10 1.12793e-08 0.0001 0.469857 1.12793e-12 0.0445901
4.21575e+10 1.05657e-08 0.0001 0.46999 1.05657e-12 0.0455723
4.23197e+10 9.89516e-09 0.0001 0.470123 9.89516e-13 0.0465792
4.24824e+10 9.26525e-09 0.0001 0.470257 9.26525e-13 0.0476118
4.26458e+10 8.67363e-09 0.0001 0.47039 8.67363e-13 0.0486706
4.28099e+10 8.11808e-09 0.0001 0.470524 8.11808e-13 0.0497564
4.29745e+10 7.59652e-09 0.0001 0.470657 7.59652e-13 0.05087
4.31398e+10 7.10697e-09 0.0001 0.47079 7.10697e-13 0.0520122
4.33057e+10 6.64756e-09 0.0001 0.470924 6.64756e-13 0.0531838
4.34723e+10 6.21653e-09 0.0001 0.471057 6.21653e-13 0.0543856
4.36395e+10 5.8122e-09 0.0001 0.47119 5.8122e-13 0.0556186
4.38074e+10 5.433e-09 0.0001 0.471324 5.433e-13 0.0568836
4.39759e+10 5.07745e-09 0.0001 0.471457 5.07745e-13 0.0581815
4.4145e+10 4.74414e-09 0.0001 0.471591 4.74414e-13 0.0595133
4.43148e+10 4.43176e-09 0.0001 0.471724 4.43176e-13 0.06088
4.44853e+10 4.13904e-09 0.0001 0.471857 4.13904e-13 0.0622826
4.46564e+10 3.86481e-09 0.0001 0.471991 3.86481e-13 0.0637222
4.48281e+10 3.60796e-09 0.0001 0.472124 3.60796e-13 0.0651998
4.50005e+10 3.36743e-09 0.0001 0.472257 3.36743e-13 0.0667166
4.51736e+10 3.14225e-09 0.0001 0.472391 3.14225e-13 0.0682737
4.53474e+10 2.93147e-09 0.0001 0.472524 2.93147e-13 0.0698723
4.55218e+10 2.73422e-09 0.0001 0.472658 2.73422e-13 0.0715136
4.56969e+10 2.54968e-09 0.0001 0.472791 2.54968e-13 0.0731989
4.58727e+10 2.37706e-09 0.0001 0.472924 2.37706e-13 0.0749296
4.60491e+10 2.21562e-09 0.0001 0.473058 2.21562e-13 0.076707
4.62262e+10 2.06468e-09 0.0001 0.473191 2.06468e-13 0.0785324
4.6404e+10 1.92359e-09 0.0001 0.473324 1.92359e-13 0.0804074
4.65825e+10 1.79173e-09 0.0001 0.473458 1.79173e-13 0.0823333
4.67617e+10 1.66853e-09 0.0001 0.473591 1.66853e-13 0.0843119
4.69415e+10 1.55344e-09 0.0001 0.473725 1.55344e-13 0.0863446
4.71221e+10 1.44596e-09 0.0001 0.473858 1.44596e-13 0.0884331
4.73033e+10 1.3456e-09 0.0001 0.473991 1.3456e-13 0.0905791
4.74853e+10 1.25192e-09 0.0001 0.474125 1.25192e-13 0.0927844
4.76679e+10 1.16448e-09 0.0001 0.474258 1.16448e-13 0.0950508
4.78513e+10 1.0829e-09 0.0001 0.474391 1.0829e-13 0.0973801
4.80353e+10 1.0068e-09 0.0001 0.474525 1.0068e-13 0.0997743
4.82201e+10 9.35828e-10 0.0001 0.474658 9.35828e-14 0.102235
4.84055e+10 8.69651e-10 0.0001 0.474792 8.69651e-14 0.104766
4.85917e+10 8.07961e-10 0.0001 0.474925 8.07961e-14 0.107367
4.87786e+10 7.50469e-10 0.0001 0.475058 7.50469e-14 0.110041
4.89662e+10 6.969e-10 0.0001 0.475192 6.969e-14 0.112792
4.91546e+10 6.47e-10 0.0001 0.475325 6.47e-14 0.11562
4.93436e+10 6.00527e-10 0.0001 0.475458 6.00527e-14 0.118528
4.95334e+10 5.57258e-10 0.0001 0.475592 5.57258e-14 0.12152
4.97239e+10 5.1698e-10 0.0001 0.475725 5.1698e-14 0.124597
4.99152e+10 4.79496e-10 0.0001 0.475859 4.79496e-14 0.127763
5.01072e+10 4.44621e-10 0.0001 0.475992 4.44621e-14 0.13102
5.02999e+10 4.12182e-10 0.0001 0.476125 4.12182e-14 0.13437
5.04934e+10 3.82014e-10 0.0001 0.476259 3.82014e-14 0.137818
5.06876e+10 3.53967e-10 0.0001 0.476392 3.53967e-14 0.141366
5.08825e+10 3.27897e-10 0.0001 0.476526 3.27897e-14 0.145018
5.10783e+10 3.03672e-10 0.0001 0.476659 3.03672e-14 0.148776
5.12747e+10 2.81165e-10 0.0001 0.476792 2.81165e-14 0.152644
5.14719e+10 2.60261e-10 0.0001 0.476926 2.60261e-14 0.156626
5.16699e+10 2.40851e-10 0.0001 0.477059 2.40851e-14 0.160725
5.18687e+10 2.22831e-10 0.0001 0.477192 2.22831e-14 0.164946
5.20682e+10 2.06107e-10 0.0001 0.477326 2.06107e-14 0.169292
5.22684e+10 1.9059e-10 0.0001 0.477459 1.9059e-14 0.173767
5.24695e+10 1.76195e-10 0.0001 0.477593 1.76195e-14 0.178375
5.26713e+10 1.62846e-10 0.0001 0.477726 1.62846e-14 0.183122
5.28739e+10 1.50469e-10 0.0001 0.477859 1.50469e-14 0.188011
5.30772e+10 1.38997e-10 0.0001 0.477993 1.38997e-14 0.193048
5.32814e+10 1.28366e-10 0.0001 0.478126 1.28366e-14 0.198236
5.34863e+10 1.18517e-10 0.0001 0.478259 1.18517e-14 0.203582
5.3692e+10 1.09395e-10 0.0001 0.478393 1.09395e-14 0.20909
5.38986e+10 1.00948e-10 0.0001 0.478526 1.00948e-14 0.214767
5.41059e+10 9.31294e-11 0.0001 0.47866 9.31294e-15 0.220616
5.4314e+10 8.58932e-11 0.0001 0.478793 8.58932e-15 0.226646
5.45229e+10 7.9198e-11 0.0001 0.478926 7.9198e-15 0.23286
5.47326e+10 7.30052e-11 0.0001 0.47906 7.30052e-15 0.239267
5.49431e+10 6.72786e-11 0.0001 0.479193 6.72786e-15 0.245871
5.51544e+10 6.19844e-11 0.0001 0.479326 6.19844e-15 0.252681
5.53666e+10 5.70913e-11 0.0001 0.47946 5.70913e-15 0.259703
5.55795e+10 5.25702e-11 0.0001 0.479593 5.25702e-15 0.266944
5.57933e+10 4.83939e-11 0.0001 0.479727 4.83939e-15 0.274412
5.60079e+10 4.45372e-11 0.0001 0.47986 4.45372e-15 0.282115
5.62233e+10 4.09766e-11 0.0001 0.479993 4.09766e-15 0.29006
5.64396e+10 3.76902e-11 0.0001 0.480127 3.76902e-15 0.298257
5.66567e+10 3.46578e-11 0.0001 0.48026 3.46578e-15 0.306714
5.68746e+10 3.18605e-11 0.0001 0.480393 3.18605e-15 0.315439
5.70934e+10 2.92807e-11 0.0001 0.480527 2.92807e-15 0.324444
5.73129e+10 2.69024e-11 0.0001 0.48066 2.69024e-15 0.333736
5.75334e+10 2.47102e-11 0.0001 0.480794 2.47102e-15 0.343327
5.77547e+10 2.26903e-11 0.0001 0.480927 2.26903e-15 0.353227
5.79768e+10 2.08295e-11 0.0001 0.48106 2.08295e-15 0.363446
5.81998e+10 1.91159e-11 0.0001 0.481194 1.91159e-15 0.373997
5.84237e+10 1.75383e-11 0.0001 0.481327 1.75383e-15 0.384891
5.86484e+10 1.60863e-11 0.0001 0.48146 1.60863e-15 0.39614
5.8874e+10 1.47502e-11 0.0001 0.481594 1.47502e-15 0.407756
5.91004e+10 1.35212e-11 0.0001 0.481727 1.35212e-15 0.419754
5.93277e+10 1.2391e-11 0.0001 0.481861 1.2391e-15 0.432147
5.95559e+10 1.13519e-11 0.0001 0.481994 1.13519e-15 0.444949
5.9785e+10 1.0397e-11 0.0001 0.482127 1.0397e-15 0.458175
6.00149e+10 9.51954e-12 0.0001 0.482261 9.51954e-16 0.47184
6.02458e+10 8.7136e-12 0.0001 0.482394 8.7136e-16 0.48596
6.04775e+10 7.97353e-12 0.0001 0.482528 7.97353e-16 0.500553
6.07101e+10 7.29415e-12 0.0001 0.482661 7.29415e-16 0.515634
6.09436e+10 6.67066e-12 0.0001 0.482794 6.67066e-16 0.531223
6.1178e+10 6.09864e-12 0.0001 0.482928 6.09864e-16 0.547338
6.14133e+10 5.574e-12 0.0001 0.483061 5.574e-16 0.563998
6.16496e+10 5.09296e-12 0.0001 0.483194 5.09296e-16 0.581224
6.18867e+10 4.65202e-12 0.0001 0.483328 4.65202e-16 0.599036
6.21247e+10 4.24796e-12 0.0001 0.483461 4.24796e-16 0.617457
6.23637e+10 3.87782e-12 0.0001 0.483595 3.87782e-16 0.636509
6.26035e+10 3.53884e-12 0.0001 0.483728 3.53884e-16 0.656215
6.28443e+10 3.2285e-12 0.0001 0.483861 3.2285e-16 0.676602
6.3086e+10 2.94447e-12 0.0001 0.483995 2.94447e-16 0.697693
6.33287e+10 2.68459e-12 0.0001 0.484128 2.68459e-16 0.719516
6.35723e+10 2.44689e-12 0.0001 0.484261 2.44689e-16 0.742099
6.38168e+10 2.22954e-12 0.0001 0.484395 2.22954e-16 0.76547
6.40623e+10 2.03086e-12 0.0001 0.484528 2.03086e-16 0.78966
6.43087e+10 1.8493e-12 0.0001 0.484662 1.8493e-16 0.814699
6.4556e+10 1.68344e-12 0.0001 0.484795 1.68344e-16 0.840621
6.48043e+10 1.53198e-12 0.0001 0.484928 1.53198e-16 0.86746
6.50536e+10 1.39369e-12 0.0001 0.485062 1.39369e-16 0.89525
6.53038e+10 1.26748e-12 0.0001 0.485195 1.26748e-16 0.92403
6.5555e+10 1.15234e-12 0.0001 0.485328 1.15234e-16 0.953836
6.58071e+10 1.04731e-12 0.0001 0.485462 1.04731e-16 0.984709
6.60602e+10 1e-12 0.0001 0.485595 1e-16 1
6.63143e+10 1e-12 0.0001 0.485729 1e-16 1
6.65694e+10 1e-12 0.0001 0.485862 1e-16 1
6.68254e+10 1e-12 0.0001 0.485995 1e-16 1
6.70824e+10 1e-12 0.0001 0.486129 1e-16 1
6.73405e+10 1e-12 0.0001 0.486262 1e-16 1
6.75995e+10 1e-12 0.0001 0.486395 1e-16 1
6.78595e+10 1e-12 0.0001 0.486529 1e-16 1
6.81205e+10 1e-12 0.0001 0.486662 1e-16 1
6.83825e+10 1e-12 0.0001 0.486796 1e-16 1
6.86455e+10 1e-12 0.0001 0.486929 1e-16 1
6.89096e+10 1e-12 0.0001 0.487062 1e-16 1
6.91746e+10 1e-12 0.0001 0.487196 1e-16 1
6.94407e+10 1e-12 0.0001 0.487329 1e-16 1
6.97078e+10 1e-12 0.0001 0.487462 1e-16 1
6.99759e+10 1e-12 0.0001 0.487596 1e-16 1
7.0245e+10 1e-12 0.0001 0.487729 1e-16 1
7.05152e+10 1e-12 0.0001 0.487863 1e-16 1
7.07864e+10 1e-12 0.0001 0.487996 1e-16 1
7.10587e+10 1e-12 0.0001 0.488129 1e-16 1
7.1332e+10 1e-12 0.0001 0.488263 1e-16 1
7.16064e+10 1e-12 0.0001 0.488396 1e-16 1
7.18818e+10 1e-12 0.0001 0.48853 1e-16 1
7.21583e+10 1e-12 0.0001 0.488663 1e-16 1
7.24358e+10 1e-12 0.0001 0.488796 1e-16 1
7.27144e+10 1e-12 0.0001 0.48893 1e-16 1
7.29941e+10 1e-12 0.0001 0.489063 1e-16 1
7.32749e+10 1e-12 0.0001 0.489196 1e-16 1
7.35567e+10 1e-12 0.0001 0.48933 1e-16 1
7.38396e+10 1e-12 0.0001 0.489463 1e-16 1
7.41236e+10 1e-12 0.0001 0.489597 1e-16 1
7.44087e+10 1e-12 0.0001 0.48973 1e-16 1
7.46949e+10 1e-12 0.0001 0.489863 1e-16 1
7.49822e+10 1e-12 0.0001 0.489997 1e-16 1
7.52706e+10 1e-12 0.0001 0.49013 1e-16 1
7.55601e+10 1e-12 0.0001 0.490263 1e-16 1
7.58508e+10 1e-12 0.0001 0.490397 1e-16 1
7.61425e+10 1e-12 0.0001 0.49053 1e-16 1
7.64354e+10 1e-12 0.0001 0.490664 1e-16 1
7.67294e+10 1e-12 0.0001 0.490797 1e-16 1
7.70245e+10 1e-12 0.0001 0.49093 1e-16 1
7.73208e+10 1e-12 0.0001 0.491064 1e-16 1
7.76182e+10 1e-12 0.0001 0.491197 1e-16 1
7.79167e+10 1e-12 0.0001 0.49133 1e-16 1
7.82164e+10 1e-12 0.0001 0.491464 1e-16 1
7.85172e+10 1e-12 0.0001 0.491597 1e-16 1
7.88192e+10 1e-12 0.0001 0.491731 1e-16 1
7.91224e+10 1e-12 0.0001 0.491864 1e-16 1
7.94267e+10 1e-12 0.0001 0.491997 1e-16 1
7.97322e+10 1e-12 0.0001 0.492131 1e-16 1
8.00389e+10 1e-12 0.0001 0.492264 1e-16 1
8.03468e+10 1e-12 0.0001 0.492397 1e-16 1
8.06558e+10 1e-12 0.0001 0.492531 1e-16 1
8.0966e+10 1e-12 0.0001 0.492664 1e-16 1
8.12774e+10 1e-12 0.0001 0.492798 1e-16 1
8.15901e+10 1e-12 0.0001 0.492931 1e-16 1
8.19039e+10 1e-12 0.0001 0.493064 1e-16 1
8.22189e+10 1e-12 0.0001 0.493198 1e-16 1
8.25351e+10 1e-12 0.0001 0.493331 1e-16 1
8.28526e+10 1e-12 0.0001 0.493464 1e-16 1
8.31713e+10 1e-12 0.0001 0.493598 1e-16 1
8.34912e+10 1e-12 0.0001 0.493731 1e-16 1
8.38123e+10 1e-12 0.0001 0.493865 1e-16 1
8.41347e+10 1e-12 0.0001 0.493998 1e-16 1
8.44583e+10 1e-12 0.0001 0.494131 1e-16 1
8.47831e+10 1e-12 0.0001 0.494265 1e-16 1
8.51092e+10 1e-12 0.0001 0.494398 1e-16 1
8.54366e+10 1e-12 0.0001 0.494532 1e-16 1
8.57652e+10 1e-12 0.0001 0.494665 1e-16 1
8.60951e+10 1e-12 0.0001 0.494798 1e-16 1
8.64262e+10 1e-12 0.0001 0.494932 1e-16 1
8.67586e+10 1e-12 0.0001 0.495065 1e-16 1
8.70923e+10 1e-12 0.0001 0.495198 1e-16 1
8.74273e+10 1e-12 0.0001 0.495332 1e-16 1
8.77636e+10 1e-12 0.0001 0.495465 1e-16 1
8.81012e+10 1e-12 0.0001 0.495599 1e-16 1
8.844e+10 1e-12 0.0001 0.495732 1e-16 1
8.87802e+10 1e-12 0.0001 0.495865 1e-16 1
8.91217e+10 1e-12 0.0001 0.495999 1e-16 1
8.94645e+10 1e-12 0.0001 0.496132 1e-16 1
8.98086e+10 1e-12 0.0001 0.496265 1e-16 1
9.0154e+10 1e-12 0.0001 0.496399 1e-16 1
9.05008e+10 1e-12 0.0001 0.496532 1e-16 1
9.08489e+10 1e-12 0.0001 0.496666 1e-16 1
9.11983e+10 1e-12 0.0001 0.496799 1e-16 1
9.15491e+10 1e-12 0.0001 0.496932 1e-16 1
9.19012e+10 1e-12 0.0001 0.497066 1e-16 1
9.22547e+10 1e-12 0.0001 0.497199 1e-16 1
9.26095e+10 1e-12 0.0001 0.497332 1e-16 1
9.29657e+10 1e-12 0.0001 0.497466 1e-16 1
9.33233e+10 1e-12 0.0001 0.497599 1e-16 1
9.36822e+10 1e-12 0.0001 0.497733 1e-16 1
9.40426e+10 1e-12 0.0001 0.497866 1e-16 1
9.44043e+10 1e-12 0.0001 0.497999 1e-16 1
9.47674e+10 1e-12 0.0001 0.498133 1e-16 1
9.51319e+10 1e-12 0.0001 0.498266 1e-16 1
9.54978e+10 1e-12 0.0001 0.498399 1e-16 1
9.58651e+10 1e-12 0.0001 0.498533 1e-16 1
9.62338e+10 1e-12 0.0001 0.498666 1e-16 1
9.6604e+10 1e-12 0.0001 0.4988 1e-16 1
9.69755e+10 1e-12 0.0001 0.498933 1e-16 1
9.73485e+10 1e-12 0.0001 0.499066 1e-16 1
9.7723e+10 1e-12 0.0001 0.4992 1e-16 1
9.80988e+10 1e-12 0.0001 0.499333 1e-16 1
9.84762e+10 1e-12 0.0001 0.499466 1e-16 1
9.88549e+10 1e-12 0.0001 0.4996 1e-16 1
9.92352e+10 1e-12 0.0001 0.499733 1e-16 1
9.96168e+10 1e-12 0.0001 0.499867 1e-16 1
1e+11 1e-12 0.0001 0.5 1e-16 1
