# profile_file data/benchmark_02_collapsar_disk_funnel.dat
# sigma_table data/sigma_nuN_CC_GBW.dat
# Enu_GeV 1e+12
# sigma_cm2_interpolated 1.64167e-30
# r_cm rho_gcm3 tau survival
1e+06 7.09231e+10 4.67151e+10 0
1.00385e+06 7.02456e+10 4.64464e+10 0
1.00771e+06 6.95746e+10 4.61796e+10 0
1.01158e+06 6.891e+10 4.59147e+10 0
1.01547e+06 6.82517e+10 4.56509e+10 0
1.01938e+06 6.75997e+10 4.53884e+10 0
1.0233e+06 6.69539e+10 4.51276e+10 0
1.02724e+06 6.63144e+10 4.48681e+10 0
1.03119e+06 6.56809e+10 4.46104e+10 0
1.03515e+06 6.50534e+10 4.43545e+10 0
1.03914e+06 6.4432e+10 4.40991e+10 0
1.04313e+06 6.38165e+10 4.38461e+10 0
1.04714e+06 6.32069e+10 4.35943e+10 0
1.05117e+06 6.26031e+10 4.33437e+10 0
1.05522e+06 6.20051e+10 4.30942e+10 0
1.05927e+06 6.14127e+10 4.28472e+10 0
1.06335e+06 6.08261e+10 4.26006e+10 0
1.06744e+06 6.0245e+10 4.23558e+10 0
1.07154e+06 5.96695e+10 4.21128e+10 0
1.07567e+06 5.90995e+10 4.18703e+10 0
1.0798e+06 5.85349e+10 4.16302e+10 0
1.08396e+06 5.79758e+10 4.13906e+10 0
1.08813e+06 5.74219e+10 4.11527e+10 0
1.09231e+06 5.68734e+10 4.09166e+10 0
1.09651e+06 5.63301e+10 4.06815e+10 0
1.10073e+06 5.5792e+10 4.04477e+10 0
1.10496e+06 5.5259e+10 4.02155e+10 0
1.10921e+06 5.47311e+10 3.99844e+10 0
1.11348e+06 5.42083e+10 3.97544e+10 0
1.11776e+06 5.36905e+10 3.95262e+10 0
1.12206e+06 5.31776e+10 3.9299e+10 0
1.12638e+06 5.26696e+10 3.9073e+10 0
1.13071e+06 5.21664e+10 3.88486e+10 0
1.13506e+06 5.16681e+10 3.86253e+10 0
1.13942e+06 5.11745e+10 3.84037e+10 0
1.14381e+06 5.06857e+10 3.81826e+10 0
1.14821e+06 5.02015e+10 3.79632e+10 0
1.15262e+06 4.97219e+10 3.77454e+10 0
1.15706e+06 4.92469e+10 3.75281e+10 0
1.16151e+06 4.87765e+10 3.73125e+10 0
1.16597e+06 4.83105e+10 3.70985e+10 0
1.17046e+06 4.7849e+10 3.68851e+10 0
1.17496e+06 4.73919e+10 3.66732e+10 0
1.17948e+06 4.69392e+10 3.64624e+10 0
1.18402e+06 4.64908e+10 3.62528e+10 0
1.18857e+06 4.60467e+10 3.60446e+10 0
1.19314e+06 4.56068e+10 3.58376e+10 0
1.19773e+06 4.51711e+10 3.56316e+10 0
1.20234e+06 4.47396e+10 3.54267e+10 0
1.20696e+06 4.43122e+10 3.52233e+10 0
1.21161e+06 4.38889e+10 3.50206e+10 0
1.21627e+06 4.34696e+10 3.48194e+10 0
1.22094e+06 4.30543e+10 3.46196e+10 0
1.22564e+06 4.2643e+10 3.44205e+10 0
1.23035e+06 4.22357e+10 3.42229e+10 0
1.23509e+06 4.18322e+10 3.40259e+10 0
1.23984e+06 4.14326e+10 3.38304e+10 0
1.24461e+06 4.10368e+10 3.3636e+10 0
1.24939e+06 4.06448e+10 3.3443e+10 0
1.2542e+06 4.02565e+10 3.32506e+10 0
1.25902e+06 3.98719e+10 3.30597e+10 0
1.26386e+06 3.9491e+10 3.28698e+10 0
1.26873e+06 3.91138e+10 3.26806e+10 0
1.27361e+06 3.87401e+10 3.24928e+10 0
1.2785e+06 3.837e+10 3.23064e+10 0
1.28342e+06 3.80035e+10 3.21207e+10 0
1.28836e+06 3.76404e+10 3.1936e+10 0
1.29331e+06 3.72808e+10 3.17526e+10 0
1.29829e+06 3.69247e+10 3.157e+10 0
1.30328e+06 3.65719e+10 3.13887e+10 0
1.30829e+06 3.62226e+10 3.12084e+10 0
1.31333e+06 3.58765e+10 3.10288e+10 0
1.31838e+06 3.55338e+10 3.08505e+10 0
1.32345e+06 3.51944e+10 3.06732e+10 0
1.32854e+06 3.48581e+10 3.0497e+10 0
1.33365e+06 3.45251e+10 3.03217e+10 0
1.33878e+06 3.41953e+10 3.01475e+10 0
1.34393e+06 3.38686e+10 2.99742e+10 0
1.3491e+06 3.35451e+10 2.98019e+10 0
1.35429e+06 3.32246e+10 2.96306e+10 0
1.3595e+06 3.29072e+10 2.94603e+10 0
1.36472e+06 3.25929e+10 2.92913e+10 0
1.36997e+06 3.22815e+10 2.91229e+10 0
1.37524e+06 3.19731e+10 2.89555e+10 0
1.38053e+06 3.16677e+10 2.87891e+10 0
1.38584e+06 3.13651e+10 2.86237e+10 0
1.39117e+06 3.10655e+10 2.84592e+10 0
1.39652e+06 3.07687e+10 2.82957e+10 0
1.4019e+06 3.04748e+10 2.81328e+10 0
1.40729e+06 3.01837e+10 2.79712e+10 0
1.4127e+06 2.98953e+10 2.78105e+10 0
1.41813e+06 2.96097e+10 2.76508e+10 0
1.42359e+06 2.93268e+10 2.74917e+10 0
1.42906e+06 2.90467e+10 2.73339e+10 0
1.43456e+06 2.87692e+10 2.71767e+10 0
1.44008e+06 2.84944e+10 2.70204e+10 0
1.44562e+06 2.82221e+10 2.68651e+10 0
1.45118e+06 2.79525e+10 2.67107e+10 0
1.45676e+06 2.76855e+10 2.65573e+10 0
1.46236e+06 2.7421e+10 2.64047e+10 0
1.46799e+06 2.7159e+10 2.62528e+10 0
1.47363e+06 2.68996e+10 2.61021e+10 0
1.4793e+06 2.66426e+10 2.5952e+10 0
1.48499e+06 2.63881e+10 2.58029e+10 0
1.4907e+06 2.6136e+10 2.56546e+10 0
1.49644e+06 2.58863e+10 2.5507e+10 0
1.50219e+06 2.5639e+10 2.53606e+10 0
1.50797e+06 2.53941e+10 2.52148e+10 0
1.51377e+06 2.51515e+10 2.50698e+10 0
1.51959e+06 2.49112e+10 2.49258e+10 0
1.52544e+06 2.46732e+10 2.47824e+10 0
1.5313e+06 2.44375e+10 2.46402e+10 0
1.53719e+06 2.4204e+10 2.44986e+10 0
1.54311e+06 2.39728e+10 2.43576e+10 0
1.54904e+06 2.37438e+10 2.42177e+10 0
1.555e+06 2.3517e+10 2.40785e+10 0
1.56098e+06 2.32923e+10 2.39401e+10 0
1.56699e+06 2.30698e+10 2.38024e+10 0
1.57301e+06 2.28494e+10 2.36657e+10 0
1.57906e+06 2.26311e+10 2.35297e+10 0
1.58514e+06 2.24149e+10 2.33943e+10 0
1.59123e+06 2.22007e+10 2.326e+10 0
1.59735e+06 2.19887e+10 2.31263e+10 0
1.6035e+06 2.17786e+10 2.29933e+10 0
1.60967e+06 2.15705e+10 2.28611e+10 0
1.61586e+06 2.13645e+10 2.27297e+10 0
1.62207e+06 2.11603e+10 2.25991e+10 0
1.62831e+06 2.09582e+10 2.24692e+10 0
1.63457e+06 2.0758e+10 2.23401e+10 0
1.64086e+06 2.05597e+10 2.22117e+10 0
1.64717e+06 2.03632e+10 2.2084e+10 0
1.65351e+06 2.01687e+10 2.1957e+10 0
1.65987e+06 1.9976e+10 2.18308e+10 0
1.66625e+06 1.97852e+10 2.17054e+10 0
1.67266e+06 1.95962e+10 2.15806e+10 0
1.67909e+06 1.94089e+10 2.14566e+10 0
1.68555e+06 1.92235e+10 2.13333e+10 0
1.69204e+06 1.90399e+10 2.12105e+10 0
1.69854e+06 1.8858e+10 2.10887e+10 0
1.70508e+06 1.86778e+10 2.09674e+10 0
1.71163e+06 1.84994e+10 2.0847e+10 0
1.71822e+06 1.83226e+10 2.07271e+10 0
1.72483e+06 1.81476e+10 2.06079e+10 0
1.73146e+06 1.79742e+10 2.04895e+10 0
1.73812e+06 1.78025e+10 2.03717e+10 0
1.74481e+06 1.76324e+10 2.02546e+10 0
1.75152e+06 1.7464e+10 2.01382e+10 0
1.75825e+06 1.72971e+10 2.00225e+10 0
1.76502e+06 1.71319e+10 1.99073e+10 0
1.77181e+06 1.69682e+10 1.97928e+10 0
1.77862e+06 1.68061e+10 1.96791e+10 0
1.78546e+06 1.66455e+10 1.9566e+10 0
1.79233e+06 1.64865e+10 1.94535e+10 0
1.79922e+06 1.6329e+10 1.93418e+10 0
1.80614e+06 1.6173e+10 1.92306e+10 0
1.81309e+06 1.60185e+10 1.912e+10 0
1.82006e+06 1.58655e+10 1.90101e+10 0
1.82706e+06 1.57139e+10 1.89009e+10 0
1.83409e+06 1.55638e+10 1.87922e+10 0
1.84115e+06 1.54151e+10 1.86841e+10 0
1.84823e+06 1.52678e+10 1.85767e+10 0
1.85534e+06 1.51219e+10 1.84699e+10 0
1.86247e+06 1.49775e+10 1.83638e+10 0
1.86964e+06 1.48344e+10 1.82581e+10 0
1.87683e+06 1.46926e+10 1.81532e+10 0
1.88405e+06 1.45523e+10 1.80488e+10 0
1.89129e+06 1.44132e+10 1.79451e+10 0
1.89857e+06 1.42755e+10 1.78419e+10 0
1.90587e+06 1.41392e+10 1.77394e+10 0
1.9132e+06 1.40041e+10 1.76374e+10 0
1.92056e+06 1.38703e+10 1.7536e+10 0
1.92795e+06 1.37378e+10 1.74351e+10 0
1.93536e+06 1.36065e+10 1.7335e+10 0
1.94281e+06 1.34765e+10 1.72352e+10 0
1.95028e+06 1.33478e+10 1.71362e+10 0
1.95778e+06 1.32202e+10 1.70377e+10 0
1.96531e+06 1.30939e+10 1.69397e+10 0
1.97287e+06 1.29688e+10 1.68423e+10 0
1.98046e+06 1.28449e+10 1.67455e+10 0
1.98808e+06 1.27222e+10 1.66492e+10 0
1.99572e+06 1.26007e+10 1.65536e+10 0
2.0034e+06 1.24803e+10 1.64583e+10 0
2.0111e+06 1.2361e+10 1.63638e+10 0
2.01884e+06 1.2243e+10 1.62697e+10 0
2.0266e+06 1.2126e+10 1.61762e+10 0
2.0344e+06 1.20101e+10 1.60831e+10 0
2.04222e+06 1.18954e+10 1.59907e+10 0
2.05008e+06 1.17817e+10 1.58987e+10 0
2.05796e+06 1.16692e+10 1.58074e+10 0
2.06588e+06 1.15577e+10 1.57164e+10 0
2.07383e+06 1.14473e+10 1.5626e+10 0
2.0818e+06 1.13379e+10 1.55363e+10 0
2.08981e+06 1.12296e+10 1.54469e+10 0
2.09785e+06 1.11223e+10 1.53581e+10 0
2.10592e+06 1.1016e+10 1.52698e+10 0
2.11402e+06 1.09108e+10 1.5182e+10 0
2.12215e+06 1.08065e+10 1.50947e+10 0
2.13031e+06 1.07033e+10 1.50079e+10 0
2.1385e+06 1.0601e+10 1.49217e+10 0
2.14673e+06 1.04997e+10 1.48358e+10 0
2.15499e+06 1.03994e+10 1.47505e+10 0
2.16327e+06 1.03001e+10 1.46658e+10 0
2.1716e+06 1.02017e+10 1.45814e+10 0
2.17995e+06 1.01042e+10 1.44975e+10 0
2.18833e+06 1.00077e+10 1.44142e+10 0
2.19675e+06 9.91204e+09 1.43313e+10 0
2.2052e+06 9.81734e+09 1.42489e+10 0
2.21368e+06 9.72354e+09 1.4167e+10 0
2.2222e+06 9.63064e+09 1.40855e+10 0
2.23074e+06 9.53863e+09 1.40046e+10 0
2.23932e+06 9.4475e+09 1.3924e+10 0
2.24794e+06 9.35723e+09 1.38439e+10 0
2.25658e+06 9.26783e+09 1.37644e+10 0
2.26526e+06 9.17928e+09 1.36852e+10 0
2.27397e+06 9.09158e+09 1.36066e+10 0
2.28272e+06 9.00472e+09 1.35283e+10 0
2.2915e+06 8.91868e+09 1.34505e+10 0
2.30031e+06 8.83347e+09 1.33732e+10 0
2.30916e+06 8.74908e+09 1.32963e+10 0
2.31804e+06 8.66548e+09 1.32198e+10 0
2.32696e+06 8.58269e+09 1.31438e+10 0
2.33591e+06 8.50069e+09 1.30682e+10 0
2.34489e+06 8.41947e+09 1.29931e+10 0
2.35391e+06 8.33903e+09 1.29184e+10 0
2.36297e+06 8.25935e+09 1.2844e+10 0
2.37206e+06 8.18044e+09 1.27702e+10 0
2.38118e+06 8.10228e+09 1.26967e+10 0
2.39034e+06 8.02487e+09 1.26237e+10 0
2.39953e+06 7.94819e+09 1.25512e+10 0
2.40876e+06 7.87225e+09 1.2479e+10 0
2.41803e+06 7.79704e+09 1.24072e+10 0
2.42733e+06 7.72254e+09 1.23358e+10 0
2.43666e+06 7.64876e+09 1.22649e+10 0
2.44604e+06 7.57568e+09 1.21944e+10 0
2.45544e+06 7.5033e+09 1.21243e+10 0
2.46489e+06 7.43161e+09 1.20545e+10 0
2.47437e+06 7.3606e+09 1.19852e+10 0
2.48389e+06 7.29027e+09 1.19163e+10 0
2.49344e+06 7.22062e+09 1.18478e+10 0
2.50303e+06 7.15163e+09 1.17796e+10 0
2.51266e+06 7.0833e+09 1.17119e+10 0
2.52232e+06 7.01562e+09 1.16445e+10 0
2.53202e+06 6.94859e+09 1.15776e+10 0
2.54176e+06 6.8822e+09 1.1511e+10 0
2.55154e+06 6.81644e+09 1.14448e+10 0
2.56135e+06 6.75131e+09 1.1379e+10 0
2.57121e+06 6.6868e+09 1.13135e+10 0
2.58109e+06 6.62291e+09 1.12485e+10 0
2.59102e+06 6.55963e+09 1.11838e+10 0
2.60099e+06 6.49696e+09 1.11194e+10 0
2.61099e+06 6.43488e+09 1.10555e+10 0
2.62104e+06 6.3734e+09 1.09919e+10 0
2.63112e+06 6.3125e+09 1.09287e+10 0
2.64124e+06 6.25219e+09 1.08658e+10 0
2.6514e+06 6.19245e+09 1.08033e+10 0
2.66159e+06 6.13328e+09 1.07412e+10 0
2.67183e+06 6.07468e+09 1.06794e+10 0
2.68211e+06 6.01664e+09 1.0618e+10 0
2.69242e+06 5.95915e+09 1.05569e+10 0
2.70278e+06 5.90221e+09 1.04962e+10 0
2.71318e+06 5.84582e+09 1.04358e+10 0
2.72361e+06 5.78996e+09 1.03758e+10 0
2.73409e+06 5.73464e+09 1.03161e+10 0
2.7446e+06 5.67985e+09 1.02568e+10 0
2.75516e+06 5.62558e+09 1.01978e+10 0
2.76576e+06 5.57182e+09 1.01391e+10 0
2.77639e+06 5.51859e+09 1.00808e+10 0
2.78707e+06 5.46586e+09 1.00229e+10 0
2.79779e+06 5.41363e+09 9.9652e+09 0
2.80855e+06 5.3619e+09 9.90789e+09 0
2.81936e+06 5.31067e+09 9.85086e+09 0
2.8302e+06 5.25993e+09 9.79422e+09 0
2.84109e+06 5.20967e+09 9.73786e+09 0
2.85201e+06 5.15989e+09 9.68188e+09 0
2.86298e+06 5.11059e+09 9.62619e+09 0
2.874e+06 5.06176e+09 9.57078e+09 0
2.88505e+06 5.01339e+09 9.51574e+09 0
2.89615e+06 4.96549e+09 9.46099e+09 0
2.90729e+06 4.91804e+09 9.40657e+09 0
2.91847e+06 4.87105e+09 9.35247e+09 0
2.92969e+06 4.82451e+09 9.29869e+09 0
2.94096e+06 4.77841e+09 9.24519e+09 0
2.95227e+06 4.73275e+09 9.19202e+09 0
2.96363e+06 4.68753e+09 9.13912e+09 0
2.97503e+06 4.64274e+09 9.08654e+09 0
2.98647e+06 4.59837e+09 9.03428e+09 0
2.99796e+06 4.55444e+09 8.9823e+09 0
3.00949e+06 4.51092e+09 8.93063e+09 0
3.02106e+06 4.46781e+09 8.87928e+09 0
3.03268e+06 4.42512e+09 8.8282e+09 0
3.04435e+06 4.38284e+09 8.77739e+09 0
3.05606e+06 4.34096e+09 8.72689e+09 0
3.06781e+06 4.29948e+09 8.67671e+09 0
3.07961e+06 4.2584e+09 8.62679e+09 0
3.09146e+06 4.21771e+09 8.57714e+09 0
3.10335e+06 4.17741e+09 8.5278e+09 0
3.11529e+06 4.13749e+09 8.47872e+09 0
3.12727e+06 4.09796e+09 8.42995e+09 0
3.1393e+06 4.0588e+09 8.38145e+09 0
3.15137e+06 4.02002e+09 8.33324e+09 0
3.16349e+06 3.9816e+09 8.2853e+09 0
3.17566e+06 3.94356e+09 8.23763e+09 0
3.18787e+06 3.90587e+09 8.19025e+09 0
3.20014e+06 3.86855e+09 8.1431e+09 0
3.21244e+06 3.83159e+09 8.09628e+09 0
3.2248e+06 3.79497e+09 8.04968e+09 0
3.2372e+06 3.75871e+09 8.00338e+09 0
3.24966e+06 3.72279e+09 7.9573e+09 0
3.26215e+06 3.68722e+09 7.91155e+09 0
3.2747e+06 3.65199e+09 7.86602e+09 0
3.2873e+06 3.61709e+09 7.82075e+09 0
3.29994e+06 3.58253e+09 7.77576e+09 0
3.31263e+06 3.54829e+09 7.73103e+09 0
3.32537e+06 3.51439e+09 7.68656e+09 0
3.33817e+06 3.48081e+09 7.6423e+09 0
3.351e+06 3.44754e+09 7.59835e+09 0
3.36389e+06 3.4146e+09 7.55463e+09 0
3.37683e+06 3.38197e+09 7.51116e+09 0
3.38982e+06 3.34966e+09 7.46793e+09 0
3.40286e+06 3.31765e+09 7.42495e+09 0
3.41595e+06 3.28594e+09 7.38223e+09 0
3.42909e+06 3.25454e+09 7.33974e+09 0
3.44228e+06 3.22345e+09 7.29751e+09 0
3.45552e+06 3.19264e+09 7.25551e+09 0
3.46881e+06 3.16213e+09 7.21377e+09 0
3.48215e+06 3.13192e+09 7.17226e+09 0
3.49554e+06 3.10199e+09 7.131e+09 0
3.50899e+06 3.07235e+09 7.08995e+09 0
3.52248e+06 3.04299e+09 7.04917e+09 0
3.53603e+06 3.01391e+09 7.0086e+09 0
3.54963e+06 2.98511e+09 6.96827e+09 0
3.56329e+06 2.95658e+09 6.92815e+09 0
3.57699e+06 2.92833e+09 6.8883e+09 0
3.59075e+06 2.90035e+09 6.84865e+09 0
3.60456e+06 2.87263e+09 6.80924e+09 0
3.61842e+06 2.84518e+09 6.77007e+09 0
3.63234e+06 2.81799e+09 6.7311e+09 0
3.64631e+06 2.79106e+09 6.69237e+09 0
3.66034e+06 2.76439e+09 6.65384e+09 0
3.67442e+06 2.73798e+09 6.61554e+09 0
3.68855e+06 2.71181e+09 6.57748e+09 0
3.70274e+06 2.6859e+09 6.53962e+09 0
3.71698e+06 2.66023e+09 6.50198e+09 0
3.73128e+06 2.63481e+09 6.46455e+09 0
3.74563e+06 2.60963e+09 6.42735e+09 0
3.76003e+06 2.58469e+09 6.39038e+09 0
3.7745e+06 2.55999e+09 6.35358e+09 0
3.78901e+06 2.53553e+09 6.31703e+09 0
3.80359e+06 2.5113e+09 6.28066e+09 0
3.81822e+06 2.4873e+09 6.24451e+09 0
3.8329e+06 2.46353e+09 6.20858e+09 0
3.84765e+06 2.43999e+09 6.17283e+09 0
3.86244e+06 2.41667e+09 6.13732e+09 0
3.8773e+06 2.39358e+09 6.10199e+09 0
3.89221e+06 2.3707e+09 6.06688e+09 0
3.90718e+06 2.34805e+09 6.03196e+09 0
3.92221e+06 2.32561e+09 5.99723e+09 0
3.9373e+06 2.30339e+09 5.96271e+09 0
3.95244e+06 2.28137e+09 5.92839e+09 0
3.96765e+06 2.25957e+09 5.89425e+09 0
3.98291e+06 2.23798e+09 5.86033e+09 0
3.99823e+06 2.21659e+09 5.82659e+09 0
4.0136e+06 2.19541e+09 5.79307e+09 0
4.02904e+06 2.17443e+09 5.75972e+09 0
4.04454e+06 2.15365e+09 5.72656e+09 0
4.06009e+06 2.13307e+09 5.69361e+09 0
4.07571e+06 2.11268e+09 5.66082e+09 0
4.09139e+06 2.09249e+09 5.62823e+09 0
4.10712e+06 2.07249e+09 5.59585e+09 0
4.12292e+06 2.05269e+09 5.56363e+09 0
4.13878e+06 2.03307e+09 5.5316e+09 0
4.1547e+06 2.01364e+09 5.49975e+09 0
4.17068e+06 1.9944e+09 5.46809e+09 0
4.18672e+06 1.97534e+09 5.43661e+09 0
4.20282e+06 1.95646e+09 5.40532e+09 0
4.21899e+06 1.93776e+09 5.3742e+09 0
4.23522e+06 1.91925e+09 5.34325e+09 0
4.25151e+06 1.9009e+09 5.31249e+09 0
4.26786e+06 1.88274e+09 5.28191e+09 0
4.28427e+06 1.86474e+09 5.25151e+09 0
4.30075e+06 1.84692e+09 5.22128e+09 0
4.3173e+06 1.82927e+09 5.1912e+09 0
4.3339e+06 1.81179e+09 5.16132e+09 0
4.35057e+06 1.79447e+09 5.13161e+09 0
4.3673e+06 1.77733e+09 5.10207e+09 0
4.3841e+06 1.76034e+09 5.07269e+09 0
4.40096e+06 1.74352e+09 5.04349e+09 0
4.41789e+06 1.72685e+09 5.01444e+09 0
4.43488e+06 1.71035e+09 4.98558e+09 0
4.45194e+06 1.694e+09 4.95687e+09 0
4.46907e+06 1.67781e+09 4.92832e+09 0
4.48626e+06 1.66178e+09 4.89994e+09 0
4.50351e+06 1.6459e+09 4.87173e+09 0
4.52083e+06 1.63017e+09 4.84369e+09 0
4.53822e+06 1.61459e+09 4.81579e+09 0
4.55568e+06 1.59916e+09 4.78806e+09 0
4.5732e+06 1.58387e+09 4.76049e+09 0
4.59079e+06 1.56874e+09 4.73308e+09 0
4.60845e+06 1.55374e+09 4.70582e+09 0
4.62617e+06 1.53889e+09 4.67873e+09 0
4.64397e+06 1.52419e+09 4.65178e+09 0
4.66183e+06 1.50962e+09 4.625e+09 0
4.67976e+06 1.49519e+09 4.59836e+09 0
4.69776e+06 1.4809e+09 4.57188e+09 0
4.71583e+06 1.46675e+09 4.54555e+09 0
4.73397e+06 1.45273e+09 4.51937e+09 0
4.75217e+06 1.43884e+09 4.49336e+09 0
4.77045e+06 1.42509e+09 4.46748e+09 0
4.7888e+06 1.41147e+09 4.44175e+09 0
4.80722e+06 1.39798e+09 4.41617e+09 0
4.82571e+06 1.38462e+09 4.39074e+09 0
4.84427e+06 1.37139e+09 4.36545e+09 0
4.8629e+06 1.35828e+09 4.34032e+09 0
4.88161e+06 1.3453e+09 4.31531e+09 0
4.90038e+06 1.33244e+09 4.29047e+09 0
4.91923e+06 1.31971e+09 4.26575e+09 0
4.93815e+06 1.30709e+09 4.24119e+09 0
4.95715e+06 1.2946e+09 4.21675e+09 0
4.97621e+06 1.28223e+09 4.19247e+09 0
4.99535e+06 1.26997e+09 4.16833e+09 0
5.01457e+06 1.25783e+09 4.14431e+09 0
5.03385e+06 1.24581e+09 4.12045e+09 0
5.05322e+06 1.2339e+09 4.09671e+09 0
5.07265e+06 1.22211e+09 4.07312e+09 0
5.09216e+06 1.21043e+09 4.04966e+09 0
5.11175e+06 1.19886e+09 4.02633e+09 0
5.13141e+06 1.1874e+09 4.00314e+09 0
5.15115e+06 1.17605e+09 3.98007e+09 0
5.17096e+06 1.16481e+09 3.95715e+09 0
5.19085e+06 1.15368e+09 3.93436e+09 0
5.21081e+06 1.14265e+09 3.9117e+09 0
5.23086e+06 1.13173e+09 3.88916e+09 0
5.25098e+06 1.12091e+09 3.86675e+09 0
5.27117e+06 1.1102e+09 3.84449e+09 0
5.29145e+06 1.09959e+09 3.82233e+09 0
5.3118e+06 1.08908e+09 3.80032e+09 0
5.33223e+06 1.07867e+09 3.77843e+09 0
5.35274e+06 1.06836e+09 3.75666e+09 0
5.37333e+06 1.05815e+09 3.73501e+09 0
5.394e+06 1.04803e+09 3.71349e+09 0
5.41474e+06 1.03802e+09 3.69211e+09 0
5.43557e+06 1.02809e+09 3.67083e+09 0
5.45648e+06 1.01827e+09 3.64968e+09 0
5.47746e+06 1.00853e+09 3.62866e+09 0
5.49853e+06 9.98895e+08 3.60775e+09 0
5.51968e+06 9.89347e+08 3.58697e+09 0
5.54091e+06 9.7989e+08 3.5663e+09 0
5.56222e+06 9.70524e+08 3.54576e+09 0
5.58362e+06 9.61248e+08 3.52532e+09 0
5.60509e+06 9.52059e+08 3.50502e+09 0
5.62665e+06 9.42959e+08 3.48482e+09 0
5.64829e+06 9.33946e+08 3.46474e+09 0
5.67002e+06 9.25019e+08 3.44477e+09 0
5.69183e+06 9.16177e+08 3.42492e+09 0
5.71372e+06 9.07419e+08 3.40519e+09 0
5.7357e+06 8.98746e+08 3.38557e+09 0
5.75776e+06 8.90155e+08 3.36606e+09 0
5.7799e+06 8.81646e+08 3.34667e+09 0
5.80214e+06 8.73219e+08 3.32738e+09 0
5.82445e+06 8.64872e+08 3.30821e+09 0
5.84685e+06 8.56605e+08 3.28915e+09 0
5.86934e+06 8.48417e+08 3.27019e+09 0
5.89192e+06 8.40307e+08 3.25134e+09 0
5.91458e+06 8.32274e+08 3.23261e+09 0
5.93733e+06 8.24319e+08 3.21398e+09 0
5.96017e+06 8.16439e+08 3.19545e+09 0
5.98309e+06 8.08635e+08 3.17704e+09 0
6.0061e+06 8.00905e+08 3.15873e+09 0
6.02921e+06 7.93249e+08 3.14052e+09 0
6.0524e+06 7.85666e+08 3.12242e+09 0
6.07567e+06 7.78156e+08 3.10444e+09 0
6.09904e+06 7.70718e+08 3.08654e+09 0
6.1225e+06 7.6335e+08 3.06875e+09 0
6.14605e+06 7.56053e+08 3.05107e+09 0
6.16969e+06 7.48826e+08 3.03348e+09 0
6.19342e+06 7.41668e+08 3.016e+09 0
6.21724e+06 7.34578e+08 2.99861e+09 0
6.24116e+06 7.27556e+08 2.98133e+09 0
6.26516e+06 7.20601e+08 2.96415e+09 0
6.28926e+06 7.13713e+08 2.94706e+09 0
6.31345e+06 7.0689e+08 2.93007e+09 0
6.33773e+06 7.00132e+08 2.91318e+09 0
6.36211e+06 6.9344e+08 2.89639e+09 0
6.38658e+06 6.86811e+08 2.87969e+09 0
6.41115e+06 6.80245e+08 2.86309e+09 0
6.4358e+06 6.73742e+08 2.84659e+09 0
6.46056e+06 6.67302e+08 2.83018e+09 0
6.48541e+06 6.60922e+08 2.81386e+09 0
6.51035e+06 6.54604e+08 2.79765e+09 0
6.53539e+06 6.48346e+08 2.78152e+09 0
6.56053e+06 6.42148e+08 2.76548e+09 0
6.58576e+06 6.3601e+08 2.74954e+09 0
6.6111e+06 6.2993e+08 2.73368e+09 0
6.63652e+06 6.23908e+08 2.71793e+09 0
6.66205e+06 6.17943e+08 2.70226e+09 0
6.68767e+06 6.12036e+08 2.68668e+09 0
6.7134e+06 6.06185e+08 2.67118e+09 0
6.73922e+06 6.0039e+08 2.65578e+09 0
6.76514e+06 5.9465e+08 2.64047e+09 0
6.79116e+06 5.88965e+08 2.62525e+09 0
6.81728e+06 5.83335e+08 2.61011e+09 0
6.8435e+06 5.77758e+08 2.59506e+09 0
6.86982e+06 5.72234e+08 2.5801e+09 0
6.89625e+06 5.66764e+08 2.56522e+09 0
6.92277e+06 5.61345e+08 2.55043e+09 0
6.9494e+06 5.55979e+08 2.53572e+09 0
6.97613e+06 5.50664e+08 2.5211e+09 0
7.00296e+06 5.45399e+08 2.50657e+09 0
7.0299e+06 5.40185e+08 2.49211e+09 0
7.05694e+06 5.35021e+08 2.47774e+09 0
7.08408e+06 5.29906e+08 2.46345e+09 0
7.11133e+06 5.2484e+08 2.44924e+09 0
7.13868e+06 5.19822e+08 2.43512e+09 0
7.16614e+06 5.14852e+08 2.42107e+09 0
7.1937e+06 5.0993e+08 2.40711e+09 0
7.22137e+06 5.05055e+08 2.39323e+09 0
7.24914e+06 5.00226e+08 2.37943e+09 0
7.27703e+06 4.95444e+08 2.3657e+09 0
7.30502e+06 4.90707e+08 2.35206e+09 0
7.33311e+06 4.86015e+08 2.3385e+09 0
7.36132e+06 4.81369e+08 2.32501e+09 0
7.38963e+06 4.76766e+08 2.3116e+09 0
7.41806e+06 4.72208e+08 2.29826e+09 0
7.44659e+06 4.67694e+08 2.28501e+09 0
7.47523e+06 4.63222e+08 2.27183e+09 0
7.50398e+06 4.58793e+08 2.25873e+09 0
7.53284e+06 4.54407e+08 2.2457e+09 0
7.56182e+06 4.50062e+08 2.23274e+09 0
7.5909e+06 4.45759e+08 2.21986e+09 0
7.6201e+06 4.41497e+08 2.20706e+09 0
7.64941e+06 4.37276e+08 2.19432e+09 0
7.67883e+06 4.33095e+08 2.18167e+09 0
7.70837e+06 4.28954e+08 2.16908e+09 0
7.73801e+06 4.24853e+08 2.15657e+09 0
7.76778e+06 4.20791e+08 2.14413e+09 0
7.79765e+06 4.16768e+08 2.13176e+09 0
7.82765e+06 4.12783e+08 2.11946e+09 0
7.85775e+06 4.08836e+08 2.10723e+09 0
7.88798e+06 4.04927e+08 2.09507e+09 0
7.91832e+06 4.01055e+08 2.08298e+09 0
7.94877e+06 3.97221e+08 2.07097e+09 0
7.97935e+06 3.93423e+08 2.05902e+09 0
8.01004e+06 3.89661e+08 2.04714e+09 0
8.04085e+06 3.85935e+08 2.03532e+09 0
8.07177e+06 3.82245e+08 2.02358e+09 0
8.10282e+06 3.7859e+08 2.01191e+09 0
8.13399e+06 3.7497e+08 2.00029e+09 0
8.16527e+06 3.71385e+08 1.98875e+09 0
8.19668e+06 3.67834e+08 1.97728e+09 0
8.2282e+06 3.64316e+08 1.96587e+09 0
8.25985e+06 3.60833e+08 1.95452e+09 0
8.29162e+06 3.57383e+08 1.94325e+09 0
8.32352e+06 3.53965e+08 1.93203e+09 0
8.35553e+06 3.50581e+08 1.92088e+09 0
8.38767e+06 3.47229e+08 1.90979e+09 0
8.41993e+06 3.43908e+08 1.89877e+09 0
8.45231e+06 3.4062e+08 1.88782e+09 0
8.48482e+06 3.37363e+08 1.87692e+09 0
8.51746e+06 3.34137e+08 1.86609e+09 0
8.55022e+06 3.30942e+08 1.85532e+09 0
8.58311e+06 3.27777e+08 1.84461e+09 0
8.61612e+06 3.24643e+08 1.83396e+09 0
8.64926e+06 3.21539e+08 1.82338e+09 0
8.68253e+06 3.18464e+08 1.81285e+09 0
8.71592e+06 3.15419e+08 1.80239e+09 0
8.74945e+06 3.12402e+08 1.79198e+09 0
8.7831e+06 3.09415e+08 1.78164e+09 0
8.81688e+06 3.06456e+08 1.77135e+09 0
8.8508e+06 3.03526e+08 1.76113e+09 0
8.88484e+06 3.00623e+08 1.75096e+09 0
8.91901e+06 2.97748e+08 1.74085e+09 0
8.95332e+06 2.94901e+08 1.7308e+09 0
8.98775e+06 2.92081e+08 1.72081e+09 0
9.02232e+06 2.89288e+08 1.71088e+09 0
9.05703e+06 2.86522e+08 1.701e+09 0
9.09186e+06 2.83782e+08 1.69118e+09 0
9.12683e+06 2.81068e+08 1.68142e+09 0
9.16194e+06 2.7838e+08 1.67171e+09 0
9.19718e+06 2.75718e+08 1.66205e+09 0
9.23255e+06 2.73081e+08 1.65246e+09 0
9.26806e+06 2.7047e+08 1.64292e+09 0
9.30371e+06 2.67883e+08 1.63343e+09 0
9.3395e+06 2.65321e+08 1.624e+09 0
9.37542e+06 2.62784e+08 1.61462e+09 0
9.41148e+06 2.60271e+08 1.6053e+09 0
9.44768e+06 2.57782e+08 1.59603e+09 0
9.48402e+06 2.55316e+08 1.58681e+09 0
9.5205e+06 2.52875e+08 1.57764e+09 0
9.55711e+06 2.50456e+08 1.56854e+09 0
9.59387e+06 2.48061e+08 1.55948e+09 0
9.63077e+06 2.45689e+08 1.55047e+09 0
9.66782e+06 2.43339e+08 1.54152e+09 0
9.705e+06 2.41012e+08 1.53261e+09 0
9.74233e+06 2.38707e+08 1.52376e+09 0
9.7798e+06 2.36424e+08 1.51496e+09 0
9.81742e+06 2.34163e+08 1.50621e+09 0
9.85518e+06 2.31923e+08 1.49751e+09 0
9.89309e+06 2.29705e+08 1.48886e+09 0
9.93114e+06 2.27508e+08 1.48026e+09 0
9.96934e+06 2.25333e+08 1.47171e+09 0
1.00077e+07 2.23177e+08 1.4632e+09 0
1.00462e+07 2.21043e+08 1.45475e+09 0
1.00848e+07 2.18929e+08 1.44635e+09 0
1.01236e+07 2.16835e+08 1.438e+09 0
1.01625e+07 2.14761e+08 1.4297e+09 0
1.02016e+07 2.12707e+08 1.42144e+09 0
1.02409e+07 2.10673e+08 1.41321e+09 0
1.02803e+07 2.08658e+08 1.40504e+09 0
1.03198e+07 2.06662e+08 1.39693e+09 0
1.03595e+07 2.04685e+08 1.38886e+09 0
1.03993e+07 2.02728e+08 1.38085e+09 0
1.04393e+07 2.00789e+08 1.37287e+09 0
1.04795e+07 1.98868e+08 1.36493e+09 0
1.05198e+07 1.96966e+08 1.35704e+09 0
1.05603e+07 1.95082e+08 1.34919e+09 0
1.06009e+07 1.93216e+08 1.3414e+09 0
1.06417e+07 1.91368e+08 1.33364e+09 0
1.06826e+07 1.89538e+08 1.32594e+09 0
1.07237e+07 1.87725e+08 1.31828e+09 0
1.07649e+07 1.85929e+08 1.31067e+09 0
1.08063e+07 1.84151e+08 1.30309e+09 0
1.08479e+07 1.82389e+08 1.29556e+09 0
1.08896e+07 1.80645e+08 1.28807e+09 0
1.09315e+07 1.78917e+08 1.28063e+09 0
1.09735e+07 1.77205e+08 1.27323e+09 0
1.10157e+07 1.7551e+08 1.26588e+09 0
1.10581e+07 1.73832e+08 1.25855e+09 0
1.11007e+07 1.72169e+08 1.25127e+09 0
1.11433e+07 1.70522e+08 1.24405e+09 0
1.11862e+07 1.68891e+08 1.23685e+09 0
1.12292e+07 1.67275e+08 1.22971e+09 0
1.12724e+07 1.65675e+08 1.2226e+09 0
1.13158e+07 1.6409e+08 1.21552e+09 0
1.13593e+07 1.62521e+08 1.2085e+09 0
1.1403e+07 1.60966e+08 1.20151e+09 0
1.14469e+07 1.59426e+08 1.19456e+09 0
1.14909e+07 1.57901e+08 1.18766e+09 0
1.15351e+07 1.56391e+08 1.18079e+09 0
1.15794e+07 1.54895e+08 1.17397e+09 0
1.1624e+07 1.53413e+08 1.16718e+09 0
1.16687e+07 1.51945e+08 1.16043e+09 0
1.17136e+07 1.50492e+08 1.15372e+09 0
1.17586e+07 1.49052e+08 1.14705e+09 0
1.18039e+07 1.47626e+08 1.14041e+09 0
1.18493e+07 1.46214e+08 1.13382e+09 0
1.18948e+07 1.44815e+08 1.12727e+09 0
1.19406e+07 1.4343e+08 1.12074e+09 0
1.19865e+07 1.42058e+08 1.11427e+09 0
1.20326e+07 1.40699e+08 1.10782e+09 0
1.20789e+07 1.39353e+08 1.10141e+09 0
1.21254e+07 1.3802e+08 1.09504e+09 0
1.2172e+07 1.36699e+08 1.08871e+09 0
1.22188e+07 1.35391e+08 1.08242e+09 0
1.22658e+07 1.34096e+08 1.07615e+09 0
1.2313e+07 1.32813e+08 1.06993e+09 0
1.23603e+07 1.31543e+08 1.06375e+09 0
1.24079e+07 1.30284e+08 1.05759e+09 0
1.24556e+07 1.29038e+08 1.05147e+09 0
1.25035e+07 1.27803e+08 1.04539e+09 0
1.25516e+07 1.2658e+08 1.03934e+09 0
1.25999e+07 1.25369e+08 1.03333e+09 0
1.26484e+07 1.2417e+08 1.02734e+09 0
1.2697e+07 1.22982e+08 1.02141e+09 0
1.27458e+07 1.21805e+08 1.0155e+09 0
1.27949e+07 1.2064e+08 1.00962e+09 0
1.28441e+07 1.19486e+08 1.00378e+09 0
1.28935e+07 1.18343e+08 9.97969e+08 0
1.29431e+07 1.1721e+08 9.92194e+08 0
1.29929e+07 1.16089e+08 9.86451e+08 0
1.30428e+07 1.14978e+08 9.80751e+08 0
1.3093e+07 1.13878e+08 9.75072e+08 0
1.31434e+07 1.12788e+08 9.69425e+08 0
1.31939e+07 1.11709e+08 9.63821e+08 0
1.32447e+07 1.1064e+08 9.58237e+08 0
1.32956e+07 1.09582e+08 9.52696e+08 0
1.33467e+07 1.08533e+08 9.47187e+08 0
1.33981e+07 1.07495e+08 9.41698e+08 0
1.34496e+07 1.06466e+08 9.36251e+08 0
1.35013e+07 1.05447e+08 9.30835e+08 0
1.35533e+07 1.04438e+08 9.25441e+08 0
1.36054e+07 1.03439e+08 9.20087e+08 0
1.36577e+07 1.02449e+08 9.14764e+08 0
1.37103e+07 1.01469e+08 9.09462e+08 0
1.3763e+07 1.00498e+08 9.04201e+08 0
1.38159e+07 9.95365e+07 8.9897e+08 0
1.38691e+07 9.8584e+07 8.9376e+08 0
1.39224e+07 9.76407e+07 8.8859e+08 0
1.3976e+07 9.67063e+07 8.8344e+08 0
1.40297e+07 9.57809e+07 8.78331e+08 0
1.40837e+07 9.48644e+07 8.73242e+08 0
1.41379e+07 9.39566e+07 8.68183e+08 0
1.41922e+07 9.30575e+07 8.63163e+08 0
1.42468e+07 9.2167e+07 8.58164e+08 0
1.43016e+07 9.1285e+07 8.53195e+08 0
1.43566e+07 9.04115e+07 8.48255e+08 0
1.44118e+07 8.95462e+07 8.43344e+08 0
1.44673e+07 8.86893e+07 8.38455e+08 0
1.45229e+07 8.78406e+07 8.33603e+08 0
1.45788e+07 8.7e+07 8.28772e+08 0
1.46349e+07 8.61674e+07 8.2397e+08 0
1.46911e+07 8.53428e+07 8.19205e+08 0
1.47477e+07 8.4526e+07 8.14452e+08 0
1.48044e+07 8.37171e+07 8.09737e+08 0
1.48613e+07 8.29159e+07 8.0505e+08 0
1.49185e+07 8.21224e+07 8.00383e+08 0
1.49759e+07 8.13364e+07 7.95745e+08 0
1.50335e+07 8.0558e+07 7.91136e+08 0
1.50913e+07 7.9787e+07 7.86555e+08 0
1.51493e+07 7.90234e+07 7.82001e+08 0
1.52076e+07 7.82671e+07 7.77469e+08 0
1.52661e+07 7.75181e+07 7.72964e+08 0
1.53248e+07 7.67761e+07 7.68487e+08 0
1.53838e+07 7.60413e+07 7.6403e+08 0
1.54429e+07 7.53135e+07 7.59608e+08 0
1.55023e+07 7.45927e+07 7.55206e+08 0
1.5562e+07 7.38788e+07 7.50825e+08 0
1.56218e+07 7.31717e+07 7.46478e+08 0
1.56819e+07 7.24713e+07 7.42151e+08 0
1.57422e+07 7.17777e+07 7.37851e+08 0
1.58028e+07 7.10907e+07 7.33572e+08 0
1.58635e+07 7.04102e+07 7.29326e+08 0
1.59246e+07 6.97363e+07 7.25093e+08 0
1.59858e+07 6.90688e+07 7.20894e+08 0
1.60473e+07 6.84077e+07 7.16715e+08 0
1.6109e+07 6.77529e+07 7.12562e+08 0
1.6171e+07 6.71044e+07 7.08429e+08 0
1.62332e+07 6.64621e+07 7.04322e+08 0
1.62956e+07 6.58259e+07 7.00242e+08 0
1.63583e+07 6.51958e+07 6.96181e+08 0
1.64212e+07 6.45718e+07 6.92146e+08 0
1.64844e+07 6.39537e+07 6.88131e+08 0
1.65478e+07 6.33415e+07 6.84141e+08 0
1.66114e+07 6.27351e+07 6.80178e+08 0
1.66753e+07 6.21346e+07 6.76233e+08 0
1.67395e+07 6.15398e+07 6.72309e+08 0
1.68038e+07 6.09507e+07 6.68415e+08 0
1.68685e+07 6.03673e+07 6.64535e+08 0
1.69334e+07 5.97894e+07 6.6068e+08 0
1.69985e+07 5.9217e+07 6.56851e+08 0
1.70639e+07 5.86501e+07 6.5304e+08 0
1.71295e+07 5.80887e+07 6.49255e+08 0
1.71954e+07 5.75326e+07 6.45488e+08 0
1.72615e+07 5.69818e+07 6.41747e+08 0
1.73279e+07 5.64363e+07 6.38024e+08 0
1.73946e+07 5.5896e+07 6.3432e+08 0
1.74615e+07 5.53609e+07 6.30641e+08 0
1.75286e+07 5.48309e+07 6.26986e+08 0
1.7596e+07 5.4306e+07 6.2335e+08 0
1.76637e+07 5.37861e+07 6.19733e+08 0
1.77317e+07 5.32711e+07 6.16134e+08 0
1.77999e+07 5.27611e+07 6.12559e+08 0
1.78683e+07 5.2256e+07 6.09009e+08 0
1.79371e+07 5.17557e+07 6.05471e+08 0
1.80061e+07 5.12601e+07 6.01958e+08 0
1.80753e+07 5.07694e+07 5.98468e+08 0
1.81448e+07 5.02833e+07 5.94996e+08 0
1.82146e+07 4.98018e+07 5.91543e+08 0
1.82847e+07 4.9325e+07 5.88108e+08 0
1.8355e+07 4.88528e+07 5.84696e+08 0
1.84256e+07 4.8385e+07 5.81303e+08 0
1.84965e+07 4.79217e+07 5.77927e+08 0
1.85676e+07 4.74629e+07 5.74575e+08 0
1.8639e+07 4.70084e+07 5.71241e+08 0
1.87107e+07 4.65583e+07 5.67924e+08 0
1.87827e+07 4.61125e+07 5.64626e+08 0
1.88549e+07 4.5671e+07 5.6135e+08 0
1.89275e+07 4.52337e+07 5.58088e+08 0
1.90003e+07 4.48005e+07 5.54848e+08 0
1.90733e+07 4.43715e+07 5.5163e+08 0
1.91467e+07 4.39467e+07 5.48426e+08 0
1.92203e+07 4.35258e+07 5.45243e+08 0
1.92943e+07 4.3109e+07 5.42074e+08 0
1.93685e+07 4.26962e+07 5.38927e+08 0
1.9443e+07 4.22874e+07 5.35797e+08 0
1.95178e+07 4.18824e+07 5.32685e+08 0
1.95928e+07 4.14814e+07 5.29595e+08 0
1.96682e+07 4.10841e+07 5.26517e+08 0
1.97438e+07 4.06907e+07 5.23461e+08 0
1.98198e+07 4.0301e+07 5.20419e+08 0
1.9896e+07 3.99151e+07 5.17397e+08 0
1.99725e+07 3.95328e+07 5.14393e+08 0
2.00494e+07 3.91542e+07 5.11402e+08 0
2.01265e+07 3.87792e+07 5.08432e+08 0
2.02039e+07 3.84078e+07 5.05478e+08 0
2.02816e+07 3.804e+07 5.02542e+08 0
2.03596e+07 3.76757e+07 4.99623e+08 0
2.04379e+07 3.73149e+07 4.9672e+08 0
2.05165e+07 3.69575e+07 4.93834e+08 0
2.05954e+07 3.66035e+07 4.90965e+08 0
2.06747e+07 3.6253e+07 4.8811e+08 0
2.07542e+07 3.59057e+07 4.85274e+08 0
2.0834e+07 3.55618e+07 4.82455e+08 0
2.09141e+07 3.52212e+07 4.79652e+08 0
2.09946e+07 3.48839e+07 4.76862e+08 0
2.10753e+07 3.45498e+07 4.74093e+08 0
2.11564e+07 3.42189e+07 4.71336e+08 0
2.12378e+07 3.38911e+07 4.68595e+08 0
2.13195e+07 3.35665e+07 4.65871e+08 0
2.14015e+07 3.3245e+07 4.63163e+08 0
2.14838e+07 3.29265e+07 4.60471e+08 0
2.15664e+07 3.26111e+07 4.57795e+08 0
2.16494e+07 3.22987e+07 4.55132e+08 0
2.17326e+07 3.19894e+07 4.52488e+08 0
2.18162e+07 3.16829e+07 4.49856e+08 0
2.19001e+07 3.13794e+07 4.47241e+08 0
2.19844e+07 3.10789e+07 4.44638e+08 0
2.20689e+07 3.07811e+07 4.42054e+08 0
2.21538e+07 3.04863e+07 4.39483e+08 0
2.2239e+07 3.01942e+07 4.36927e+08 0
2.23246e+07 2.9905e+07 4.34384e+08 0
2.24104e+07 2.96185e+07 4.3186e+08 0
2.24966e+07 2.93348e+07 4.29348e+08 0
2.25832e+07 2.90537e+07 4.26848e+08 0
2.267e+07 2.87754e+07 4.24367e+08 0
2.27572e+07 2.84997e+07 4.21898e+08 0
2.28447e+07 2.82267e+07 4.19445e+08 0
2.29326e+07 2.79563e+07 4.17004e+08 0
2.30208e+07 2.76884e+07 4.14578e+08 0
2.31094e+07 2.74232e+07 4.12164e+08 0
2.31982e+07 2.71604e+07 4.09768e+08 0
2.32875e+07 2.69002e+07 4.07382e+08 0
2.3377e+07 2.66425e+07 4.05013e+08 0
2.3467e+07 2.63872e+07 4.02653e+08 0
2.35572e+07 2.61344e+07 4.00312e+08 0
2.36478e+07 2.5884e+07 3.97982e+08 0
2.37388e+07 2.5636e+07 3.95665e+08 0
2.38301e+07 2.53903e+07 3.93362e+08 0
2.39217e+07 2.51471e+07 3.91073e+08 0
2.40138e+07 2.49061e+07 3.88795e+08 0
2.41061e+07 2.46675e+07 3.86533e+08 0
2.41988e+07 2.44311e+07 3.84283e+08 0
2.42919e+07 2.4197e+07 3.82045e+08 0
2.43854e+07 2.39651e+07 3.79819e+08 0
2.44791e+07 2.37355e+07 3.7761e+08 0
2.45733e+07 2.3508e+07 3.7541e+08 0
2.46678e+07 2.32828e+07 3.73224e+08 0
2.47627e+07 2.30597e+07 3.7105e+08 0
2.48579e+07 2.28387e+07 3.6889e+08 0
2.49536e+07 2.26198e+07 3.6674e+08 0
2.50495e+07 2.24031e+07 3.64605e+08 0
2.51459e+07 2.21884e+07 3.6248e+08 0
2.52426e+07 2.19757e+07 3.60369e+08 0
2.53397e+07 2.17651e+07 3.5827e+08 0
2.54372e+07 2.15565e+07 3.56182e+08 0
2.5535e+07 2.13499e+07 3.54108e+08 0
2.56332e+07 2.11453e+07 3.52045e+08 0
2.57318e+07 2.09427e+07 3.49994e+08 0
2.58308e+07 2.0742e+07 3.47954e+08 0
2.59301e+07 2.05432e+07 3.45927e+08 0
2.60299e+07 2.03463e+07 3.4391e+08 0
2.613e+07 2.01513e+07 3.41906e+08 0
2.62305e+07 1.99581e+07 3.39913e+08 0
2.63314e+07 1.97668e+07 3.37932e+08 0
2.64327e+07 1.95774e+07 3.35962e+08 0
2.65343e+07 1.93897e+07 3.34005e+08 0
2.66364e+07 1.92039e+07 3.32057e+08 0
2.67388e+07 1.90198e+07 3.30122e+08 0
2.68417e+07 1.88375e+07 3.28197e+08 0
2.69449e+07 1.86569e+07 3.26284e+08 0
2.70486e+07 1.84781e+07 3.2438e+08 0
2.71526e+07 1.8301e+07 3.2249e+08 0
2.7257e+07 1.81255e+07 3.2061e+08 0
2.73619e+07 1.79518e+07 3.18739e+08 0
2.74671e+07 1.77797e+07 3.16881e+08 0
2.75728e+07 1.76092e+07 3.15032e+08 0
2.76788e+07 1.74404e+07 3.13195e+08 0
2.77853e+07 1.72732e+07 3.11368e+08 0
2.78921e+07 1.71076e+07 3.09553e+08 0
2.79994e+07 1.69436e+07 3.07747e+08 0
2.81071e+07 1.67812e+07 3.05951e+08 0
2.82152e+07 1.66203e+07 3.04166e+08 0
2.83237e+07 1.6461e+07 3.02392e+08 0
2.84327e+07 1.63032e+07 3.00627e+08 0
2.8542e+07 1.61469e+07 2.98873e+08 0
2.86518e+07 1.5992e+07 2.97129e+08 0
2.8762e+07 1.58387e+07 2.95395e+08 0
2.88727e+07 1.56869e+07 2.9367e+08 0
2.89837e+07 1.55364e+07 2.91957e+08 0
2.90952e+07 1.53875e+07 2.90252e+08 0
2.92071e+07 1.52399e+07 2.88558e+08 0
2.93194e+07 1.50938e+07 2.86874e+08 0
2.94322e+07 1.49491e+07 2.85199e+08 0
2.95454e+07 1.48057e+07 2.83534e+08 0
2.96591e+07 1.46638e+07 2.81878e+08 0
2.97731e+07 1.45232e+07 2.80233e+08 0
2.98877e+07 1.43839e+07 2.78596e+08 0
3.00026e+07 1.4246e+07 2.7697e+08 0
3.0118e+07 1.41093e+07 2.75352e+08 0
3.02339e+07 1.3974e+07 2.73743e+08 0
3.03501e+07 1.384e+07 2.72146e+08 0
3.04669e+07 1.37073e+07 2.70555e+08 0
3.05841e+07 1.35759e+07 2.68974e+08 0
3.07017e+07 1.34457e+07 2.67404e+08 0
3.08198e+07 1.33167e+07 2.65841e+08 0
3.09383e+07 1.3189e+07 2.64289e+08 0
3.10573e+07 1.30625e+07 2.62744e+08 0
3.11768e+07 1.29372e+07 2.61209e+08 0
3.12967e+07 1.28131e+07 2.59682e+08 0
3.14171e+07 1.26903e+07 2.58165e+08 0
3.15379e+07 1.25685e+07 2.56656e+08 0
3.16592e+07 1.2448e+07 2.55156e+08 0
3.1781e+07 1.23286e+07 2.53665e+08 0
3.19032e+07 1.22103e+07 2.52182e+08 0
3.20259e+07 1.20932e+07 2.50708e+08 0
3.21491e+07 1.19772e+07 2.49242e+08 0
3.22728e+07 1.18623e+07 2.47785e+08 0
3.23969e+07 1.17485e+07 2.46336e+08 0
3.25215e+07 1.16358e+07 2.44896e+08 0
3.26466e+07 1.15242e+07 2.43464e+08 0
3.27722e+07 1.14137e+07 2.4204e+08 0
3.28982e+07 1.13042e+07 2.40625e+08 0
3.30248e+07 1.11957e+07 2.39217e+08 0
3.31518e+07 1.10883e+07 2.37818e+08 0
3.32793e+07 1.0982e+07 2.36427e+08 0
3.34073e+07 1.08766e+07 2.35044e+08 0
3.35358e+07 1.07723e+07 2.33668e+08 0
3.36648e+07 1.06689e+07 2.32301e+08 0
3.37943e+07 1.05665e+07 2.30942e+08 0
3.39242e+07 1.04652e+07 2.29591e+08 0
3.40547e+07 1.03648e+07 2.28248e+08 0
3.41857e+07 1.02653e+07 2.26912e+08 0
3.43172e+07 1.01668e+07 2.25584e+08 0
3.44492e+07 1.00693e+07 2.24263e+08 0
3.45817e+07 9.97265e+06 2.2295e+08 0
3.47147e+07 9.87696e+06 2.21645e+08 0
3.48482e+07 9.78219e+06 2.20348e+08 0
3.49823e+07 9.68832e+06 2.19057e+08 0
3.51168e+07 9.59535e+06 2.17775e+08 0
3.52519e+07 9.50328e+06 2.165e+08 0
3.53875e+07 9.41208e+06 2.15232e+08 0
3.55236e+07 9.32176e+06 2.13972e+08 0
3.56602e+07 9.23231e+06 2.12719e+08 0
3.57974e+07 9.14371e+06 2.11473e+08 0
3.59351e+07 9.05595e+06 2.10234e+08 0
3.60733e+07 8.96904e+06 2.09002e+08 0
3.6212e+07 8.88297e+06 2.07778e+08 0
3.63513e+07 8.79771e+06 2.06561e+08 0
3.64911e+07 8.71328e+06 2.05351e+08 0
3.66315e+07 8.62965e+06 2.04147e+08 0
3.67724e+07 8.54682e+06 2.02951e+08 0
3.69138e+07 8.46479e+06 2.01762e+08 0
3.70558e+07 8.38354e+06 2.00579e+08 0
3.71983e+07 8.30307e+06 1.99404e+08 0
3.73414e+07 8.22338e+06 1.98235e+08 0
3.7485e+07 8.14444e+06 1.97073e+08 0
3.76292e+07 8.06626e+06 1.95917e+08 0
3.77739e+07 7.98883e+06 1.94769e+08 0
3.79192e+07 7.91214e+06 1.93627e+08 0
3.80651e+07 7.83619e+06 1.92491e+08 0
3.82115e+07 7.76097e+06 1.91362e+08 0
3.83585e+07 7.68646e+06 1.9024e+08 0
3.8506e+07 7.61267e+06 1.89124e+08 0
3.86541e+07 7.53959e+06 1.88015e+08 0
3.88028e+07 7.4672e+06 1.86912e+08 0
3.8952e+07 7.39551e+06 1.85816e+08 0
3.91019e+07 7.32451e+06 1.84725e+08 0
3.92523e+07 7.25419e+06 1.83641e+08 0
3.94032e+07 7.18454e+06 1.82564e+08 0
3.95548e+07 7.11556e+06 1.81493e+08 0
3.97069e+07 7.04724e+06 1.80428e+08 0
3.98597e+07 6.97957e+06 1.79368e+08 0
4.0013e+07 6.91255e+06 1.78316e+08 0
4.01669e+07 6.84618e+06 1.77269e+08 0
4.03214e+07 6.78044e+06 1.76228e+08 0
4.04764e+07 6.71533e+06 1.75194e+08 0
4.06321e+07 6.65084e+06 1.74165e+08 0
4.07884e+07 6.58697e+06 1.73143e+08 0
4.09453e+07 6.52372e+06 1.72126e+08 0
4.11028e+07 6.46107e+06 1.71115e+08 0
4.12609e+07 6.39902e+06 1.7011e+08 0
4.14196e+07 6.33756e+06 1.69111e+08 0
4.15789e+07 6.2767e+06 1.68117e+08 0
4.17388e+07 6.21641e+06 1.6713e+08 0
4.18994e+07 6.15671e+06 1.66148e+08 0
4.20605e+07 6.09758e+06 1.65172e+08 0
4.22223e+07 6.03901e+06 1.64201e+08 0
4.23847e+07 5.981e+06 1.63236e+08 0
4.25477e+07 5.92356e+06 1.62277e+08 0
4.27114e+07 5.86666e+06 1.61323e+08 0
4.28757e+07 5.8103e+06 1.60375e+08 0
4.30406e+07 5.75449e+06 1.59432e+08 0
4.32061e+07 5.69921e+06 1.58495e+08 0
4.33723e+07 5.64447e+06 1.57563e+08 0
4.35391e+07 5.59024e+06 1.56637e+08 0
4.37066e+07 5.53654e+06 1.55715e+08 0
4.38747e+07 5.48335e+06 1.548e+08 0
4.40434e+07 5.43067e+06 1.53889e+08 0
4.42129e+07 5.3785e+06 1.52984e+08 0
4.43829e+07 5.32682e+06 1.52084e+08 0
4.45536e+07 5.27564e+06 1.5119e+08 0
4.4725e+07 5.22496e+06 1.503e+08 0
4.4897e+07 5.17475e+06 1.49416e+08 0
4.50697e+07 5.12503e+06 1.48536e+08 0
4.5243e+07 5.07579e+06 1.47663e+08 0
4.54171e+07 5.02701e+06 1.46793e+08 0
4.55918e+07 4.97871e+06 1.45929e+08 0
4.57671e+07 4.93087e+06 1.4507e+08 0
4.59431e+07 4.88348e+06 1.44216e+08 0
4.61199e+07 4.83656e+06 1.43367e+08 0
4.62972e+07 4.79008e+06 1.42523e+08 0
4.64753e+07 4.74404e+06 1.41684e+08 0
4.66541e+07 4.69845e+06 1.40849e+08 0
4.68335e+07 4.6533e+06 1.4002e+08 0
4.70137e+07 4.60857e+06 1.39195e+08 0
4.71945e+07 4.56428e+06 1.38375e+08 0
4.7376e+07 4.52041e+06 1.3756e+08 0
4.75582e+07 4.47696e+06 1.3675e+08 0
4.77412e+07 4.43393e+06 1.35944e+08 0
4.79248e+07 4.39131e+06 1.35143e+08 0
4.81091e+07 4.3491e+06 1.34347e+08 0
4.82942e+07 4.3073e+06 1.33554e+08 0
4.84799e+07 4.26589e+06 1.32767e+08 0
4.86664e+07 4.22488e+06 1.31985e+08 0
4.88536e+07 4.18427e+06 1.31207e+08 0
4.90415e+07 4.14404e+06 1.30433e+08 0
4.92301e+07 4.1042e+06 1.29664e+08 0
4.94195e+07 4.06475e+06 1.28899e+08 0
4.96095e+07 4.02567e+06 1.28139e+08 0
4.98004e+07 3.98696e+06 1.27383e+08 0
4.99919e+07 3.94863e+06 1.26632e+08 0
5.01842e+07 3.91066e+06 1.25885e+08 0
5.03772e+07 3.87306e+06 1.25142e+08 0
5.0571e+07 3.83582e+06 1.24404e+08 0
5.07655e+07 3.79894e+06 1.2367e+08 0
5.09607e+07 3.76241e+06 1.2294e+08 0
5.11568e+07 3.72623e+06 1.22214e+08 0
5.13535e+07 3.6904e+06 1.21493e+08 0
5.1551e+07 3.65491e+06 1.20776e+08 0
5.17493e+07 3.61976e+06 1.20063e+08 0
5.19484e+07 3.58495e+06 1.19354e+08 0
5.21482e+07 3.55047e+06 1.18649e+08 0
5.23487e+07 3.51632e+06 1.17949e+08 0
5.25501e+07 3.4825e+06 1.17252e+08 0
5.27522e+07 3.44901e+06 1.1656e+08 0
5.29551e+07 3.41583e+06 1.15871e+08 0
5.31588e+07 3.38298e+06 1.15186e+08 0
5.33633e+07 3.35044e+06 1.14506e+08 0
5.35685e+07 3.31821e+06 1.13829e+08 0
5.37746e+07 3.28629e+06 1.13157e+08 0
5.39814e+07 3.25468e+06 1.12488e+08 0
5.4189e+07 3.22337e+06 1.11823e+08 0
5.43974e+07 3.19236e+06 1.11162e+08 0
5.46067e+07 3.16165e+06 1.10505e+08 0
5.48167e+07 3.13123e+06 1.09852e+08 0
5.50276e+07 3.1011e+06 1.09202e+08 0
5.52392e+07 3.07127e+06 1.08556e+08 0
5.54517e+07 3.04172e+06 1.07914e+08 0
5.5665e+07 3.01245e+06 1.07276e+08 0
5.58791e+07 2.98346e+06 1.06641e+08 0
5.6094e+07 2.95475e+06 1.0601e+08 0
5.63097e+07 2.92632e+06 1.05383e+08 0
5.65263e+07 2.89816e+06 1.0476e+08 0
5.67437e+07 2.87027e+06 1.0414e+08 0
5.6962e+07 2.84265e+06 1.03523e+08 0
5.71811e+07 2.81529e+06 1.0291e+08 0
5.7401e+07 2.7882e+06 1.02301e+08 0
5.76218e+07 2.76137e+06 1.01696e+08 0
5.78434e+07 2.73479e+06 1.01094e+08 0
5.80659e+07 2.70847e+06 1.00495e+08 0
5.82893e+07 2.6824e+06 9.98996e+07 0
5.85135e+07 2.65658e+06 9.93079e+07 0
5.87385e+07 2.63101e+06 9.87198e+07 0
5.89644e+07 2.60568e+06 9.81351e+07 0
5.91912e+07 2.5806e+06 9.75536e+07 0
5.94189e+07 2.55576e+06 9.69755e+07 0
5.96474e+07 2.53115e+06 9.64009e+07 0
5.98769e+07 2.50678e+06 9.58294e+07 0
6.01072e+07 2.48265e+06 9.52614e+07 0
6.03384e+07 2.45875e+06 9.46967e+07 0
6.05704e+07 2.43507e+06 9.41354e+07 0
6.08034e+07 2.41163e+06 9.35772e+07 0
6.10373e+07 2.38841e+06 9.30222e+07 0
6.12721e+07 2.36541e+06 9.24705e+07 0
6.15077e+07 2.34263e+06 9.19222e+07 0
6.17443e+07 2.32008e+06 9.13768e+07 0
6.19818e+07 2.29773e+06 9.08347e+07 0
6.22202e+07 2.27561e+06 9.02957e+07 0
6.24595e+07 2.25369e+06 8.976e+07 0
6.26997e+07 2.23199e+06 8.92274e+07 0
6.29409e+07 2.21049e+06 8.86977e+07 0
6.3183e+07 2.1892e+06 8.81712e+07 0
6.3426e+07 2.16811e+06 8.76478e+07 0
6.367e+07 2.14723e+06 8.71273e+07 0
6.39149e+07 2.12655e+06 8.66099e+07 0
6.41607e+07 2.10606e+06 8.60956e+07 0
6.44075e+07 2.08578e+06 8.55842e+07 0
6.46552e+07 2.06568e+06 8.50759e+07 0
6.49039e+07 2.04578e+06 8.45705e+07 0
6.51535e+07 2.02608e+06 8.40681e+07 0
6.54041e+07 2.00656e+06 8.35685e+07 0
6.56557e+07 1.98722e+06 8.30718e+07 0
6.59082e+07 1.96808e+06 8.25781e+07 0
6.61617e+07 1.94912e+06 8.20873e+07 0
6.64162e+07 1.93034e+06 8.15992e+07 0
6.66717e+07 1.91173e+06 8.1114e+07 0
6.69281e+07 1.89331e+06 8.06317e+07 0
6.71855e+07 1.87507e+06 8.01522e+07 0
6.74439e+07 1.857e+06 7.96755e+07 0
6.77034e+07 1.8391e+06 7.92014e+07 0
6.79638e+07 1.82138e+06 7.87302e+07 0
6.82252e+07 1.80383e+06 7.82618e+07 0
6.84876e+07 1.78644e+06 7.77961e+07 0
6.8751e+07 1.76922e+06 7.73332e+07 0
6.90154e+07 1.75217e+06 7.68729e+07 0
6.92809e+07 1.73528e+06 7.64152e+07 0
6.95474e+07 1.71855e+06 7.59602e+07 0
6.98149e+07 1.70199e+06 7.55079e+07 0
7.00834e+07 1.68558e+06 7.50583e+07 0
7.0353e+07 1.66933e+06 7.46112e+07 0
7.06236e+07 1.65324e+06 7.41668e+07 0
7.08952e+07 1.6373e+06 7.3725e+07 0
7.11679e+07 1.62151e+06 7.32857e+07 0
7.14416e+07 1.60588e+06 7.28491e+07 0
7.17164e+07 1.59039e+06 7.24149e+07 0
7.19923e+07 1.57506e+06 7.19832e+07 0
7.22692e+07 1.55987e+06 7.15541e+07 0
7.25471e+07 1.54483e+06 7.11276e+07 0
7.28262e+07 1.52993e+06 7.07034e+07 0
7.31063e+07 1.51518e+06 7.02818e+07 0
7.33875e+07 1.50056e+06 6.98626e+07 0
7.36697e+07 1.48609e+06 6.94459e+07 0
7.39531e+07 1.47176e+06 6.90316e+07 0
7.42375e+07 1.45756e+06 6.86198e+07 0
7.45231e+07 1.4435e+06 6.82102e+07 0
7.48097e+07 1.42958e+06 6.78032e+07 0
7.50975e+07 1.41579e+06 6.73984e+07 0
7.53863e+07 1.40213e+06 6.69961e+07 0
7.56763e+07 1.3886e+06 6.6596e+07 0
7.59673e+07 1.37521e+06 6.61985e+07 0
7.62595e+07 1.36194e+06 6.58031e+07 0
7.65528e+07 1.3488e+06 6.54101e+07 0
7.68473e+07 1.33578e+06 6.50193e+07 0
7.71429e+07 1.3229e+06 6.46308e+07 0
7.74396e+07 1.31013e+06 6.42446e+07 0
7.77374e+07 1.29749e+06 6.38608e+07 0
7.80364e+07 1.28497e+06 6.34791e+07 0
7.83366e+07 1.27257e+06 6.30995e+07 0
7.86379e+07 1.26029e+06 6.27223e+07 0
7.89404e+07 1.24812e+06 6.23472e+07 0
7.9244e+07 1.23608e+06 6.19744e+07 0
7.95488e+07 1.22415e+06 6.16037e+07 0
7.98548e+07 1.21233e+06 6.12352e+07 0
8.01619e+07 1.20063e+06 6.08689e+07 0
8.04702e+07 1.18904e+06 6.05047e+07 0
8.07797e+07 1.17756e+06 6.01426e+07 0
8.10904e+07 1.16619e+06 5.97827e+07 0
8.14023e+07 1.15493e+06 5.94248e+07 0
8.17154e+07 1.14378e+06 5.9069e+07 0
8.20297e+07 1.13274e+06 5.87153e+07 0
8.23452e+07 1.1218e+06 5.83637e+07 0
8.2662e+07 1.11097e+06 5.80141e+07 0
8.29799e+07 1.10024e+06 5.76666e+07 0
8.32991e+07 1.08962e+06 5.73211e+07 0
8.36195e+07 1.07909e+06 5.69776e+07 0
8.39411e+07 1.06867e+06 5.66362e+07 0
8.4264e+07 1.05835e+06 5.62967e+07 0
8.45881e+07 1.04813e+06 5.59592e+07 0
8.49134e+07 1.038e+06 5.56237e+07 0
8.524e+07 1.02798e+06 5.52902e+07 0
8.55679e+07 1.01805e+06 5.49586e+07 0
8.5897e+07 1.00821e+06 5.46289e+07 0
8.62274e+07 998474 5.43012e+07 0
8.6559e+07 988828 5.39754e+07 0
8.6892e+07 979275 5.36515e+07 0
8.72262e+07 969813 5.33295e+07 0
8.75617e+07 960443 5.30094e+07 0
8.78985e+07 951163 5.26911e+07 0
8.82366e+07 941971 5.23747e+07 0
8.85759e+07 932869 5.20602e+07 0
8.89166e+07 923854 5.17476e+07 0
8.92586e+07 914925 5.14367e+07 0
8.96019e+07 906083 5.11277e+07 0
8.99466e+07 897325 5.08204e+07 0
9.02925e+07 888652 5.0515e+07 0
9.06398e+07 880062 5.02114e+07 0
9.09885e+07 871555 4.99094e+07 0
9.13384e+07 863130 4.96094e+07 0
9.16897e+07 854786 4.93111e+07 0
9.20424e+07 846522 4.90145e+07 0
9.23964e+07 838337 4.87196e+07 0
9.27518e+07 830232 4.84265e+07 0
9.31086e+07 822204 4.81351e+07 0
9.34667e+07 814254 4.78454e+07 0
9.38262e+07 806380 4.75574e+07 0
9.41871e+07 798582 4.72711e+07 0
9.45494e+07 790859 4.69864e+07 0
9.4913e+07 783210 4.67035e+07 0
9.52781e+07 775635 4.64222e+07 0
9.56445e+07 768132 4.61426e+07 0
9.60124e+07 760702 4.58645e+07 0
9.63817e+07 753344 4.55881e+07 0
9.67524e+07 746056 4.53134e+07 0
9.71246e+07 738839 4.50402e+07 0
9.74981e+07 731691 4.47687e+07 0
9.78731e+07 724611 4.44987e+07 0
9.82496e+07 717600 4.42303e+07 0
9.86275e+07 710657 4.39635e+07 0
9.90068e+07 703780 4.36983e+07 0
9.93877e+07 696969 4.34346e+07 0
9.97699e+07 690224 4.31725e+07 0
1.00154e+08 683544 4.29117e+07 0
1.00539e+08 676929 4.26527e+07 0
1.00926e+08 670377 4.2395e+07 0
1.01314e+08 663888 4.21391e+07 0
1.01703e+08 657461 4.1885e+07 0
1.02095e+08 651097 4.16314e+07 0
1.02487e+08 644793 4.13803e+07 0
1.02882e+08 638551 4.11298e+07 0
1.03277e+08 632368 4.08816e+07 0
1.03674e+08 626245 4.06346e+07 0
1.04073e+08 620181 4.03888e+07 0
1.04474e+08 614176 4.01441e+07 0
1.04875e+08 608228 3.99018e+07 0
1.05279e+08 602338 3.966e+07 0
1.05684e+08 596504 3.942e+07 0
1.0609e+08 590727 3.91818e+07 0
1.06498e+08 585005 3.89446e+07 0
1.06908e+08 579338 3.87087e+07 0
1.07319e+08 573726 3.84744e+07 0
1.07732e+08 568168 3.82413e+07 0
1.08146e+08 562663 3.80099e+07 0
1.08562e+08 557212 3.77796e+07 0
1.0898e+08 551813 3.75504e+07 0
1.09399e+08 546466 3.73229e+07 0
1.0982e+08 541170 3.70966e+07 0
1.10242e+08 535926 3.68719e+07 0
1.10666e+08 530732 3.66483e+07 0
1.11092e+08 525588 3.64259e+07 0
1.11519e+08 520494 3.62051e+07 0
1.11948e+08 515449 3.59854e+07 0
1.12379e+08 510452 3.57669e+07 0
1.12811e+08 505504 3.55499e+07 0
1.13245e+08 500603 3.53341e+07 0
1.1368e+08 495750 3.51198e+07 0
1.14118e+08 490943 3.49062e+07 0
1.14556e+08 486183 3.46946e+07 0
1.14997e+08 481468 3.44837e+07 0
1.15439e+08 476799 3.42743e+07 0
1.15883e+08 472176 3.4066e+07 0
1.16329e+08 467596 3.38588e+07 0
1.16777e+08 463061 3.36528e+07 0
1.17226e+08 458569 3.34482e+07 0
1.17677e+08 454121 3.32447e+07 0
1.18129e+08 449716 3.30428e+07 0
1.18584e+08 445353 3.28415e+07 0
1.1904e+08 441032 3.26417e+07 0
1.19498e+08 436753 3.24429e+07 0
1.19957e+08 432515 3.22457e+07 0
1.20419e+08 428318 3.20491e+07 0
1.20882e+08 424162 3.1854e+07 0
1.21347e+08 420045 3.166e+07 0
1.21813e+08 415968 3.14674e+07 0
1.22282e+08 411931 3.12754e+07 0
1.22752e+08 407932 3.1085e+07 0
1.23224e+08 403973 3.08955e+07 0
1.23698e+08 400051 3.07071e+07 0
1.24174e+08 396167 3.05198e+07 0
1.24652e+08 392321 3.03335e+07 0
1.25131e+08 388511 3.01486e+07 0
1.25613e+08 384739 2.99644e+07 0
1.26096e+08 381003 2.97816e+07 0
1.26581e+08 377302 2.95998e+07 0
1.27068e+08 373638 2.9419e+07 0
1.27556e+08 370009 2.92396e+07 0
1.28047e+08 366415 2.90609e+07 0
1.28539e+08 362856 2.88835e+07 0
1.29034e+08 359331 2.87068e+07 0
1.2953e+08 355840 2.85314e+07 0
1.30028e+08 352382 2.83571e+07 0
1.30528e+08 348958 2.81837e+07 0
1.31031e+08 345568 2.80111e+07 0
1.31535e+08 342209 2.78397e+07 0
1.3204e+08 338884 2.76697e+07 0
1.32548e+08 335590 2.75003e+07 0
1.33058e+08 332328 2.73319e+07 0
1.3357e+08 329098 2.71645e+07 0
1.34084e+08 325899 2.69981e+07 0
1.34599e+08 322730 2.6833e+07 0
1.35117e+08 319593 2.66685e+07 0
1.35637e+08 316485 2.6505e+07 0
1.36158e+08 313408 2.63428e+07 0
1.36682e+08 310360 2.61812e+07 0
1.37208e+08 307342 2.60206e+07 0
1.37736e+08 304353 2.5861e+07 0
1.38265e+08 301393 2.57026e+07 0
1.38797e+08 298461 2.55448e+07 0
1.39331e+08 295558 2.5388e+07 0
1.39867e+08 292682 2.52322e+07 0
1.40405e+08 289835 2.50772e+07 0
1.40945e+08 287015 2.49233e+07 0
1.41487e+08 284222 2.47702e+07 0
1.42031e+08 281456 2.46181e+07 0
1.42578e+08 278717 2.44666e+07 0
1.43126e+08 276005 2.43164e+07 0
1.43677e+08 273318 2.41668e+07 0
1.44229e+08 270658 2.40183e+07 0
1.44784e+08 268023 2.38705e+07 0
1.45341e+08 265414 2.37237e+07 0
1.459e+08 262830 2.35777e+07 0
1.46461e+08 260271 2.34326e+07 0
1.47024e+08 257736 2.32885e+07 0
1.4759e+08 255227 2.3145e+07 0
1.48157e+08 252741 2.30026e+07 0
1.48727e+08 250279 2.28608e+07 0
1.49299e+08 247842 2.272e+07 0
1.49874e+08 245427 2.25798e+07 0
1.5045e+08 243037 2.24407e+07 0
1.51029e+08 240669 2.23023e+07 0
1.5161e+08 238324 2.21647e+07 0
1.52193e+08 236002 2.2028e+07 0
1.52778e+08 233702 2.18922e+07 0
1.53366e+08 231424 2.1757e+07 0
1.53956e+08 229169 2.16227e+07 0
1.54548e+08 226935 2.14892e+07 0
1.55142e+08 224723 2.13566e+07 0
1.55739e+08 222533 2.12246e+07 0
1.56338e+08 220363 2.10934e+07 0
1.56939e+08 218214 2.09632e+07 0
1.57543e+08 216087 2.08335e+07 0
1.58149e+08 213980 2.07047e+07 0
1.58757e+08 211893 2.05767e+07 0
1.59368e+08 209826 2.04493e+07 0
1.59981e+08 207780 2.03228e+07 0
1.60596e+08 205753 2.0197e+07 0
1.61214e+08 203746 2.00719e+07 0
1.61834e+08 201758 1.99477e+07 0
1.62456e+08 199789 1.98242e+07 0
1.63081e+08 197840 1.97014e+07 0
1.63709e+08 195909 1.95791e+07 0
1.64338e+08 193997 1.94579e+07 0
1.6497e+08 192104 1.93373e+07 0
1.65605e+08 190229 1.92173e+07 0
1.66242e+08 188372 1.9098e+07 0
1.66881e+08 186533 1.89796e+07 0
1.67523e+08 184712 1.88618e+07 0
1.68167e+08 182908 1.87448e+07 0
1.68814e+08 181122 1.86284e+07 0
1.69464e+08 179353 1.85125e+07 0
1.70115e+08 177602 1.83977e+07 0
1.7077e+08 175867 1.82832e+07 0
1.71427e+08 174149 1.81695e+07 0
1.72086e+08 172448 1.80566e+07 0
1.72748e+08 170763 1.79443e+07 0
1.73412e+08 169094 1.78328e+07 0
1.74079e+08 167442 1.77218e+07 0
1.74749e+08 165806 1.76114e+07 0
1.75421e+08 164185 1.75018e+07 0
1.76096e+08 162581 1.73928e+07 0
1.76773e+08 160991 1.72845e+07 0
1.77453e+08 159418 1.71768e+07 0
1.78135e+08 157859 1.70698e+07 0
1.78821e+08 156315 1.69633e+07 0
1.79508e+08 154787 1.68577e+07 0
1.80199e+08 153273 1.67524e+07 0
1.80892e+08 151774 1.66479e+07 0
1.81588e+08 150290 1.6544e+07 0
1.82286e+08 148820 1.64408e+07 0
1.82987e+08 147364 1.63382e+07 0
1.83691e+08 145922 1.62361e+07 0
1.84398e+08 144494 1.61346e+07 0
1.85107e+08 143080 1.60338e+07 0
1.85819e+08 141680 1.59336e+07 0
1.86534e+08 140293 1.5834e+07 0
1.87251e+08 138920 1.5735e+07 0
1.87971e+08 137560 1.56366e+07 0
1.88694e+08 136213 1.55387e+07 0
1.8942e+08 134880 1.54415e+07 0
1.90149e+08 133559 1.53447e+07 0
1.9088e+08 132251 1.52487e+07 0
1.91614e+08 130956 1.51532e+07 0
1.92351e+08 129673 1.50582e+07 0
1.93091e+08 128403 1.49638e+07 0
1.93834e+08 127145 1.487e+07 0
1.94579e+08 125899 1.47768e+07 0
1.95328e+08 124666 1.4684e+07 0
1.96079e+08 123444 1.45919e+07 0
1.96833e+08 122234 1.45003e+07 0
1.9759e+08 121036 1.44093e+07 0
1.9835e+08 119850 1.43188e+07 0
1.99113e+08 118675 1.42288e+07 0
1.99879e+08 117511 1.41394e+07 0
2.00648e+08 116359 1.40505e+07 0
2.01419e+08 115218 1.39623e+07 0
2.02194e+08 114088 1.38744e+07 0
2.02972e+08 112969 1.37871e+07 0
2.03753e+08 111861 1.37003e+07 0
2.04536e+08 110764 1.36141e+07 0
2.05323e+08 109677 1.35284e+07 0
2.06113e+08 108601 1.34431e+07 0
2.06905e+08 107535 1.33585e+07 0
2.07701e+08 106480 1.32743e+07 0
2.085e+08 105435 1.31906e+07 0
2.09302e+08 104400 1.31074e+07 0
2.10107e+08 103375 1.30247e+07 0
2.10915e+08 102360 1.29426e+07 0
2.11727e+08 101355 1.28608e+07 0
2.12541e+08 100359 1.27796e+07 0
2.13358e+08 99373.7 1.2699e+07 0
2.14179e+08 98397.7 1.26187e+07 0
2.15003e+08 97431.1 1.25389e+07 0
2.1583e+08 96473.9 1.24597e+07 0
2.1666e+08 95526 1.23809e+07 0
2.17493e+08 94587.3 1.23026e+07 0
2.1833e+08 93657.7 1.22247e+07 0
2.1917e+08 92737.2 1.21473e+07 0
2.20013e+08 91825.6 1.20704e+07 0
2.20859e+08 90922.9 1.1994e+07 0
2.21708e+08 90029 1.19181e+07 0
2.22561e+08 89143.7 1.18425e+07 0
2.23417e+08 88267.1 1.17674e+07 0
2.24276e+08 87399 1.16928e+07 0
2.25139e+08 86539.3 1.16186e+07 0
2.26005e+08 85688 1.15449e+07 0
2.26874e+08 84845 1.14717e+07 0
2.27747e+08 84010.1 1.13988e+07 0
2.28623e+08 83183.4 1.13264e+07 0
2.29502e+08 82364.8 1.12545e+07 0
2.30385e+08 81554.1 1.11829e+07 0
2.31271e+08 80751.3 1.11118e+07 0
2.32161e+08 79956.3 1.10411e+07 0
2.33054e+08 79169 1.09709e+07 0
2.3395e+08 78389.4 1.09011e+07 0
2.3485e+08 77617.4 1.08317e+07 0
2.35753e+08 76852.9 1.07627e+07 0
2.3666e+08 76095.8 1.06942e+07 0
2.3757e+08 75346.1 1.06261e+07 0
2.38484e+08 74603.8 1.05583e+07 0
2.39401e+08 73868.6 1.0491e+07 0
2.40322e+08 73140.6 1.04241e+07 0
2.41246e+08 72419.7 1.03576e+07 0
2.42174e+08 71705.8 1.02915e+07 0
2.43106e+08 70998.9 1.02257e+07 0
2.44041e+08 70298.8 1.01604e+07 0
2.44979e+08 69605.6 1.00956e+07 0
2.45922e+08 68919.1 1.0031e+07 0
2.46868e+08 68239.3 9.96684e+06 0
2.47817e+08 67566.1 9.90314e+06 0
2.4877e+08 66899.5 9.83979e+06 0
2.49727e+08 66239.4 9.77681e+06 0
2.50688e+08 65585.7 9.71419e+06 0
2.51652e+08 64938.4 9.65199e+06 0
2.5262e+08 64297.4 9.59015e+06 0
2.53592e+08 63662.7 9.52867e+06 0
2.54567e+08 63034.1 9.46761e+06 0
2.55546e+08 62411.7 9.4069e+06 0
2.56529e+08 61795.3 9.34654e+06 0
2.57516e+08 61184.9 9.28654e+06 0
2.58506e+08 60580.5 9.22695e+06 0
2.595e+08 59982 9.16771e+06 0
2.60499e+08 59389.3 9.10877e+06 0
2.615e+08 58802.4 9.05028e+06 0
2.62506e+08 58221.3 8.99209e+06 0
2.63516e+08 57645.8 8.93424e+06 0
2.6453e+08 57075.9 8.87674e+06 0
2.65547e+08 56511.6 8.81964e+06 0
2.66568e+08 55952.7 8.76288e+06 0
2.67594e+08 55399.4 8.7064e+06 0
2.68623e+08 54851.4 8.65032e+06 0
2.69656e+08 54308.8 8.59458e+06 0
2.70693e+08 53771.5 8.53918e+06 0
2.71734e+08 53239.4 8.48411e+06 0
2.7278e+08 52712.5 8.42933e+06 0
2.73829e+08 52190.8 8.37493e+06 0
2.74882e+08 51674.2 8.32087e+06 0
2.75939e+08 51162.6 8.26714e+06 0
2.77001e+08 50656 8.21369e+06 0
2.78066e+08 50154.3 8.16062e+06 0
2.79136e+08 49657.6 8.10782e+06 0
2.80209e+08 49165.7 8.05541e+06 0
2.81287e+08 48678.6 8.00327e+06 0
2.82369e+08 48196.2 7.95145e+06 0
2.83455e+08 47718.6 7.89996e+06 0
2.84545e+08 47245.7 7.8488e+06 0
2.8564e+08 46777.3 7.7979e+06 0
2.86738e+08 46313.6 7.74738e+06 0
2.87841e+08 45854.4 7.69713e+06 0
2.88948e+08 45399.6 7.64719e+06 0
2.9006e+08 44949.4 7.59753e+06 0
2.91175e+08 44503.5 7.54822e+06 0
2.92295e+08 44061.9 7.49919e+06 0
2.9342e+08 43624.7 7.45043e+06 0
2.94548e+08 43191.8 7.40202e+06 0
2.95681e+08 42763.1 7.35388e+06 0
2.96818e+08 42338.6 7.30605e+06 0
2.9796e+08 41918.3 7.25849e+06 0
2.99106e+08 41502 7.21123e+06 0
3.00257e+08 41089.9 7.16424e+06 0
3.01411e+08 40681.7 7.11759e+06 0
3.02571e+08 40277.6 7.07117e+06 0
3.03735e+08 39877.4 7.02505e+06 0
3.04903e+08 39481.2 6.97923e+06 0
3.06076e+08 39088.8 6.93367e+06 0
3.07253e+08 38700.2 6.88841e+06 0
3.08435e+08 38315.5 6.84341e+06 0
3.09621e+08 37934.5 6.79871e+06 0
3.10812e+08 37557.3 6.75427e+06 0
3.12007e+08 37183.7 6.71012e+06 0
3.13207e+08 36813.9 6.66622e+06 0
3.14412e+08 36447.6 6.62259e+06 0
3.15621e+08 36084.9 6.57924e+06 0
3.16835e+08 35725.8 6.53614e+06 0
3.18054e+08 35370.2 6.4933e+06 0
3.19277e+08 35018.1 6.45075e+06 0
3.20505e+08 34669.4 6.40845e+06 0
3.21738e+08 34324.2 6.3664e+06 0
3.22976e+08 33982.3 6.3246e+06 0
3.24218e+08 33643.8 6.28308e+06 0
3.25465e+08 33308.6 6.24181e+06 0
3.26717e+08 32976.7 6.20078e+06 0
3.27973e+08 32648 6.16004e+06 0
3.29235e+08 32322.6 6.11951e+06 0
3.30501e+08 32000.4 6.07926e+06 0
3.31772e+08 31681.3 6.03925e+06 0
3.33049e+08 31365.4 5.99945e+06 0
3.3433e+08 31052.5 5.95992e+06 0
3.35615e+08 30742.7 5.92067e+06 0
3.36906e+08 30436 5.88163e+06 0
3.38202e+08 30132.3 5.84283e+06 0
3.39503e+08 29831.5 5.80426e+06 0
3.40809e+08 29533.7 5.76594e+06 0
3.4212e+08 29238.9 5.72785e+06 0
3.43436e+08 28946.9 5.69e+06 0
3.44757e+08 28657.8 5.65238e+06 0
3.46083e+08 28371.5 5.615e+06 0
3.47414e+08 28088.1 5.57786e+06 0
3.4875e+08 27807.4 5.54094e+06 0
3.50091e+08 27529.5 5.50426e+06 0
3.51438e+08 27254.3 5.46778e+06 0
3.5279e+08 26981.8 5.43154e+06 0
3.54147e+08 26712 5.39552e+06 0
3.55509e+08 26444.9 5.35973e+06 0
3.56876e+08 26180.4 5.32417e+06 0
3.58249e+08 25918.4 5.28881e+06 0
3.59627e+08 25659.1 5.25368e+06 0
3.6101e+08 25402.3 5.21877e+06 0
3.62399e+08 25148 5.18406e+06 0
3.63792e+08 24896.3 5.1496e+06 0
3.65192e+08 24647 5.11532e+06 0
3.66596e+08 24400.1 5.08128e+06 0
3.68006e+08 24155.7 5.04743e+06 0
3.69422e+08 23913.7 5.01379e+06 0
3.70843e+08 23674.1 4.98036e+06 0
3.72269e+08 23436.8 4.94715e+06 0
3.73701e+08 23201.9 4.91414e+06 0
3.75138e+08 22969.3 4.88134e+06 0
3.76581e+08 22738.9 4.84874e+06 0
3.7803e+08 22510.9 4.81633e+06 0
3.79484e+08 22285.1 4.78413e+06 0
3.80943e+08 22061.5 4.75215e+06 0
3.82408e+08 21840.1 4.72035e+06 0
3.83879e+08 21620.9 4.68875e+06 0
3.85356e+08 21403.8 4.65734e+06 0
3.86838e+08 21188.9 4.62614e+06 0
3.88326e+08 20976.1 4.59512e+06 0
3.8982e+08 20765.5 4.5643e+06 0
3.91319e+08 20556.8 4.53368e+06 0
3.92824e+08 20350.3 4.50324e+06 0
3.94335e+08 20145.8 4.473e+06 0
3.95852e+08 19943.3 4.44294e+06 0
3.97374e+08 19742.7 4.41308e+06 0
3.98903e+08 19544.2 4.38338e+06 0
4.00437e+08 19347.6 4.35389e+06 0
4.01977e+08 19153 4.32458e+06 0
4.03523e+08 18960.3 4.29546e+06 0
4.05075e+08 18769.5 4.26651e+06 0
4.06633e+08 18580.6 4.23775e+06 0
4.08197e+08 18393.5 4.20916e+06 0
4.09768e+08 18208.3 4.18074e+06 0
4.11344e+08 18024.9 4.15251e+06 0
4.12926e+08 17843.3 4.12446e+06 0
4.14514e+08 17663.5 4.09659e+06 0
4.16108e+08 17485.5 4.06889e+06 0
4.17709e+08 17309.3 4.04136e+06 0
4.19315e+08 17134.8 4.01401e+06 0
4.20928e+08 16962 3.98683e+06 0
4.22547e+08 16790.9 3.95981e+06 0
4.24173e+08 16621.5 3.93296e+06 0
4.25804e+08 16453.8 3.90629e+06 0
4.27442e+08 16287.8 3.87978e+06 0
4.29086e+08 16123.4 3.85344e+06 0
4.30736e+08 15960.6 3.82727e+06 0
4.32393e+08 15799.4 3.80126e+06 0
4.34056e+08 15639.8 3.77542e+06 0
4.35726e+08 15481.8 3.74972e+06 0
4.37402e+08 15325.4 3.7242e+06 0
4.39084e+08 15170.5 3.69885e+06 0
4.40773e+08 15017.1 3.67364e+06 0
4.42468e+08 14865.3 3.6486e+06 0
4.4417e+08 14715 3.62372e+06 0
4.45878e+08 14566.1 3.599e+06 0
4.47593e+08 14418.8 3.57442e+06 0
4.49315e+08 14272.8 3.55e+06 0
4.51043e+08 14128.4 3.52574e+06 0
4.52778e+08 13985.3 3.50163e+06 0
4.54519e+08 13843.7 3.47768e+06 0
4.56268e+08 13703.5 3.45386e+06 0
4.58023e+08 13564.7 3.43021e+06 0
4.59784e+08 13427.2 3.40671e+06 0
4.61553e+08 13291.1 3.38335e+06 0
4.63328e+08 13156.4 3.36014e+06 0
4.6511e+08 13023 3.33708e+06 0
4.66899e+08 12890.9 3.31416e+06 0
4.68695e+08 12760.2 3.29139e+06 0
4.70498e+08 12630.7 3.26876e+06 0
4.72307e+08 12502.5 3.24629e+06 0
4.74124e+08 12375.6 3.22394e+06 0
4.75948e+08 12249.9 3.20174e+06 0
4.77778e+08 12125.5 3.17969e+06 0
4.79616e+08 12002.4 3.15777e+06 0
4.81461e+08 11880.4 3.13599e+06 0
4.83313e+08 11759.7 3.11434e+06 0
4.85172e+08 11640.2 3.09284e+06 0
4.87038e+08 11521.8 3.07148e+06 0
4.88911e+08 11404.6 3.05025e+06 0
4.90791e+08 11288.6 3.02916e+06 0
4.92679e+08 11173.8 3.0082e+06 0
4.94574e+08 11060.1 2.98737e+06 0
4.96476e+08 10947.5 2.96668e+06 0
4.98386e+08 10836 2.94611e+06 0
5.00303e+08 10725.7 2.92568e+06 0
5.02227e+08 10616.4 2.90538e+06 0
5.04159e+08 10508.2 2.88521e+06 0
5.06098e+08 10401.1 2.86517e+06 0
5.08045e+08 10295.1 2.84525e+06 0
5.09999e+08 10190.1 2.82546e+06 0
5.1196e+08 10086.2 2.80581e+06 0
5.1393e+08 9983.31 2.78626e+06 0
5.15906e+08 9881.44 2.76686e+06 0
5.17891e+08 9780.59 2.74757e+06 0
5.19883e+08 9680.74 2.7284e+06 0
5.21882e+08 9581.89 2.70937e+06 0
5.2389e+08 9484.02 2.69044e+06 0
5.25905e+08 9387.13 2.67165e+06 0
5.27927e+08 9291.2 2.65298e+06 0
5.29958e+08 9196.23 2.63442e+06 0
5.31996e+08 9102.21 2.61598e+06 0
5.34043e+08 9009.12 2.59766e+06 0
5.36097e+08 8916.96 2.57946e+06 0
5.38159e+08 8825.73 2.56137e+06 0
5.40229e+08 8735.4 2.5434e+06 0
5.42306e+08 8645.97 2.52556e+06 0
5.44392e+08 8557.44 2.50782e+06 0
5.46486e+08 8469.79 2.49019e+06 0
5.48588e+08 8383.02 2.47268e+06 0
5.50698e+08 8297.11 2.45528e+06 0
5.52816e+08 8212.06 2.438e+06 0
5.54943e+08 8127.86 2.42082e+06 0
5.57077e+08 8044.5 2.40376e+06 0
5.5922e+08 7961.98 2.3868e+06 0
5.61371e+08 7880.28 2.36996e+06 0
5.6353e+08 7799.39 2.35323e+06 0
5.65697e+08 7719.32 2.3366e+06 0
5.67873e+08 7640.05 2.32008e+06 0
5.70057e+08 7561.57 2.30367e+06 0
5.7225e+08 7483.87 2.28736e+06 0
5.74451e+08 7406.95 2.27116e+06 0
5.76661e+08 7330.81 2.25506e+06 0
5.78879e+08 7255.42 2.23907e+06 0
5.81105e+08 7180.79 2.22318e+06 0
5.8334e+08 7106.91 2.2074e+06 0
5.85584e+08 7033.76 2.19171e+06 0
5.87836e+08 6961.35 2.17613e+06 0
5.90097e+08 6889.67 2.16065e+06 0
5.92367e+08 6818.7 2.14527e+06 0
5.94645e+08 6748.44 2.12999e+06 0
5.96933e+08 6678.89 2.1148e+06 0
5.99229e+08 6610.04 2.09972e+06 0
6.01533e+08 6541.88 2.08474e+06 0
6.03847e+08 6474.4 2.06986e+06 0
6.0617e+08 6407.6 2.05506e+06 0
6.08501e+08 6341.46 2.04037e+06 0
6.10842e+08 6276 2.02577e+06 0
6.13191e+08 6211.19 2.01127e+06 0
6.1555e+08 6147.03 1.99686e+06 0
6.17917e+08 6083.51 1.98255e+06 0
6.20294e+08 6020.63 1.96833e+06 0
6.2268e+08 5958.39 1.9542e+06 0
6.25075e+08 5896.77 1.94016e+06 0
6.27479e+08 5835.76 1.92622e+06 0
6.29892e+08 5775.38 1.91237e+06 0
6.32315e+08 5715.6 1.89861e+06 0
6.34747e+08 5656.42 1.88494e+06 0
6.37189e+08 5597.83 1.87135e+06 0
6.3964e+08 5539.84 1.85786e+06 0
6.421e+08 5482.43 1.84446e+06 0
6.4457e+08 5425.59 1.83114e+06 0
6.47049e+08 5369.33 1.81791e+06 0
6.49537e+08 5313.64 1.80477e+06 0
6.52036e+08 5258.5 1.79171e+06 0
6.54544e+08 5203.93 1.77874e+06 0
6.57061e+08 5149.9 1.76586e+06 0
6.59589e+08 5096.41 1.75305e+06 0
6.62125e+08 5043.47 1.74034e+06 0
6.64672e+08 4991.06 1.72771e+06 0
6.67229e+08 4939.18 1.71516e+06 0
6.69795e+08 4887.82 1.70269e+06 0
6.72371e+08 4836.98 1.69031e+06 0
6.74957e+08 4786.65 1.67801e+06 0
6.77554e+08 4736.83 1.66578e+06 0
6.8016e+08 4687.51 1.65364e+06 0
6.82776e+08 4638.69 1.64158e+06 0
6.85402e+08 4590.37 1.6296e+06 0
6.88038e+08 4542.53 1.6177e+06 0
6.90685e+08 4495.17 1.60588e+06 0
6.93341e+08 4448.3 1.59413e+06 0
6.96008e+08 4401.89 1.58247e+06 0
6.98685e+08 4355.96 1.57088e+06 0
7.01372e+08 4310.49 1.55937e+06 0
7.0407e+08 4265.48 1.54793e+06 0
7.06778e+08 4220.93 1.53657e+06 0
7.09497e+08 4176.83 1.52528e+06 0
7.12226e+08 4133.17 1.51407e+06 0
7.14965e+08 4089.96 1.50294e+06 0
7.17715e+08 4047.18 1.49188e+06 0
7.20475e+08 4004.84 1.48089e+06 0
7.23247e+08 3962.93 1.46997e+06 0
7.26028e+08 3921.44 1.45913e+06 0
7.28821e+08 3880.37 1.44836e+06 0
7.31624e+08 3839.71 1.43767e+06 0
7.34438e+08 3799.47 1.42704e+06 0
7.37263e+08 3759.64 1.41648e+06 0
7.40099e+08 3720.21 1.406e+06 0
7.42946e+08 3681.19 1.39558e+06 0
7.45803e+08 3642.55 1.38524e+06 0
7.48672e+08 3604.32 1.37496e+06 0
7.51551e+08 3566.46 1.36476e+06 0
7.54442e+08 3529 1.35462e+06 0
7.57344e+08 3491.91 1.34454e+06 0
7.60257e+08 3455.2 1.33454e+06 0
7.63181e+08 3418.87 1.32461e+06 0
7.66116e+08 3382.9 1.31474e+06 0
7.69063e+08 3347.3 1.30493e+06 0
7.72021e+08 3312.06 1.2952e+06 0
7.74991e+08 3277.18 1.28552e+06 0
7.77971e+08 3242.65 1.27592e+06 0
7.80964e+08 3208.48 1.26637e+06 0
7.83968e+08 3174.65 1.2569e+06 0
7.86983e+08 3141.17 1.24748e+06 0
7.9001e+08 3108.03 1.23813e+06 0
7.93049e+08 3075.23 1.22884e+06 0
7.96099e+08 3042.76 1.21962e+06 0
7.99161e+08 3010.63 1.21046e+06 0
8.02235e+08 2978.82 1.20136e+06 0
8.0532e+08 2947.33 1.19232e+06 0
8.08418e+08 2916.17 1.18334e+06 0
8.11527e+08 2885.32 1.17442e+06 0
8.14649e+08 2854.79 1.16556e+06 0
8.17782e+08 2824.57 1.15677e+06 0
8.20927e+08 2794.66 1.14803e+06 0
8.24085e+08 2765.06 1.13935e+06 0
8.27255e+08 2735.76 1.13073e+06 0
8.30437e+08 2706.75 1.12217e+06 0
8.33631e+08 2678.05 1.11367e+06 0
8.36837e+08 2649.63 1.10523e+06 0
8.40056e+08 2621.51 1.09684e+06 0
8.43287e+08 2593.68 1.08851e+06 0
8.4653e+08 2566.13 1.08024e+06 0
8.49786e+08 2538.86 1.07202e+06 0
8.53055e+08 2511.87 1.06386e+06 0
8.56336e+08 2485.16 1.05576e+06 0
8.5963e+08 2458.72 1.04771e+06 0
8.62936e+08 2432.56 1.03971e+06 0
8.66255e+08 2406.66 1.03177e+06 0
8.69587e+08 2381.03 1.02389e+06 0
8.72932e+08 2355.66 1.01606e+06 0
8.76289e+08 2330.55 1.00828e+06 0
8.7966e+08 2305.7 1.00056e+06 0
8.83043e+08 2281.1 992885 0
8.8644e+08 2256.75 985265 0
8.89849e+08 2232.66 977700 0
8.93272e+08 2208.81 970184 0
8.96708e+08 2185.21 962721 0
9.00157e+08 2161.85 955310 0
9.03619e+08 2138.74 947950 0
9.07095e+08 2115.85 940640 0
9.10583e+08 2093.21 933383 0
9.14086e+08 2070.8 926172 0
9.17602e+08 2048.62 919013 0
9.21131e+08 2026.66 911903 0
9.24674e+08 2004.94 904843 0
9.28231e+08 1983.43 897830 0
9.31801e+08 1962.15 890867 0
9.35385e+08 1941.09 883952 0
9.38983e+08 1920.25 877084 0
9.42594e+08 1899.62 870266 0
9.4622e+08 1879.2 863493 0
9.49859e+08 1859 856768 0
9.53513e+08 1839 850089 0
9.5718e+08 1819.21 843458 0
9.60862e+08 1799.62 836871 0
9.64557e+08 1780.24 830333 0
9.68267e+08 1761.06 823838 0
9.71992e+08 1742.07 817388 0
9.7573e+08 1723.28 810985 0
9.79483e+08 1704.69 804625 0
9.83251e+08 1686.29 798309 0
9.87032e+08 1668.08 792040 0
9.90829e+08 1650.06 785812 0
9.9464e+08 1632.22 779629 0
9.98466e+08 1614.57 773488 0
1.00231e+09 1597.1 767385 0
1.00616e+09 1579.82 761339 0
1.01003e+09 1562.71 755328 0
1.01392e+09 1545.78 749350 0
1.01782e+09 1529.03 743423 0
1.02173e+09 1512.45 737544 0
1.02566e+09 1496.04 731700 0
1.02961e+09 1479.81 725889 0
1.03357e+09 1463.74 720127 0
1.03754e+09 1447.84 714413 0
1.04153e+09 1432.1 708733 0
1.04554e+09 1416.53 703087 0
1.04956e+09 1401.12 697487 0
1.0536e+09 1385.87 691922 0
1.05765e+09 1370.78 686403 0
1.06172e+09 1355.85 680917 0
1.0658e+09 1341.07 675478 0
1.0699e+09 1326.45 670072 0
1.07401e+09 1311.98 664711 0
1.07815e+09 1297.66 659371 0
1.08229e+09 1283.49 654089 0
1.08646e+09 1269.47 648826 0
1.09063e+09 1255.59 643621 0
1.09483e+09 1241.86 638436 0
1.09904e+09 1228.28 633296 0
1.10327e+09 1214.83 628187 0
1.10751e+09 1201.53 623123 0
1.11177e+09 1188.36 618090 0
1.11605e+09 1175.34 613089 0
1.12034e+09 1162.44 608132 0
1.12465e+09 1149.69 603206 0
1.12897e+09 1137.07 598323 0
1.13332e+09 1124.58 593459 0
1.13768e+09 1112.22 588639 0
1.14205e+09 1099.99 583860 0
1.14644e+09 1087.89 579112 0
1.15085e+09 1075.92 574395 0
1.15528e+09 1064.07 569709 0
1.15972e+09 1052.35 565064 0
1.16419e+09 1040.75 560439 0
1.16866e+09 1029.27 555865 0
1.17316e+09 1017.91 551311 0
1.17767e+09 1006.67 546798 0
1.1822e+09 995.553 542314 0
1.18675e+09 984.551 537860 0
1.19131e+09 973.664 533447 0
1.19589e+09 962.893 529062 0
1.20049e+09 952.235 524707 0
1.20511e+09 941.689 520382 0
1.20975e+09 931.255 516086 0
1.2144e+09 920.93 511829 0
1.21907e+09 910.715 507601 0
1.22376e+09 900.608 503401 0
1.22847e+09 890.607 499231 0
1.23319e+09 880.712 495098 0
1.23793e+09 870.922 490994 0
1.2427e+09 861.236 486910 0
1.24748e+09 851.652 482863 0
1.25227e+09 842.169 478852 0
1.25709e+09 832.787 474861 0
1.26193e+09 823.505 470898 0
1.26678e+09 814.32 466972 0
1.27165e+09 805.234 463073 0
1.27654e+09 796.243 459202 0
1.28145e+09 787.348 455358 0
1.28638e+09 778.548 451542 0
1.29133e+09 769.841 447754 0
1.2963e+09 761.227 443992 0
1.30128e+09 752.704 440265 0
1.30629e+09 744.272 436558 0
1.31131e+09 735.929 432885 0
1.31636e+09 727.676 429231 0
1.32142e+09 719.51 425612 0
1.3265e+09 711.431 422018 0
1.3316e+09 703.439 418451 0
1.33672e+09 695.532 414911 0
1.34187e+09 687.709 411389 0
1.34703e+09 679.969 407901 0
1.35221e+09 672.313 404438 0
1.35741e+09 664.738 401001 0
1.36263e+09 657.244 397590 0
1.36787e+09 649.83 394205 0
1.37313e+09 642.495 390844 0
1.37841e+09 635.239 387510 0
1.38372e+09 628.061 384194 0
1.38904e+09 620.959 380909 0
1.39438e+09 613.934 377649 0
1.39974e+09 606.984 374414 0
1.40513e+09 600.108 371198 0
1.41053e+09 593.307 368013 0
1.41596e+09 586.578 364846 0
1.4214e+09 579.922 361709 0
1.42687e+09 573.337 358591 0
1.43236e+09 566.823 355496 0
1.43787e+09 560.379 352426 0
1.4434e+09 554.004 349380 0
1.44895e+09 547.698 346358 0
1.45452e+09 541.46 343359 0
1.46012e+09 535.289 340378 0
1.46573e+09 529.185 337426 0
1.47137e+09 523.146 334492 0
1.47703e+09 517.173 331582 0
1.48271e+09 511.264 328694 0
1.48842e+09 505.419 325824 0
1.49414e+09 499.637 322983 0
1.49989e+09 493.918 320159 0
1.50566e+09 488.261 317357 0
1.51145e+09 482.664 314578 0
1.51726e+09 477.129 311822 0
1.5231e+09 471.653 309083 0
1.52896e+09 466.237 306366 0
1.53484e+09 460.879 303671 0
1.54074e+09 455.58 300999 0
1.54667e+09 450.338 298343 0
1.55261e+09 445.153 295714 0
1.55859e+09 440.025 293097 0
1.56458e+09 434.952 290506 0
1.5706e+09 429.934 287933 0
1.57664e+09 424.971 285380 0
1.5827e+09 420.062 282849 0
1.58879e+09 415.206 280334 0
1.5949e+09 410.404 277841 0
1.60104e+09 405.653 275364 0
1.6072e+09 400.955 272908 0
1.61338e+09 396.308 270472 0
1.61958e+09 391.711 268057 0
1.62581e+09 387.165 265658 0
1.63207e+09 382.669 263276 0
1.63834e+09 378.222 260918 0
1.64464e+09 373.823 258576 0
1.65097e+09 369.472 256250 0
1.65732e+09 365.17 253944 0
1.66369e+09 360.914 251658 0
1.67009e+09 356.705 249388 0
1.67652e+09 352.543 247133 0
1.68297e+09 348.426 244898 0
1.68944e+09 344.354 242683 0
1.69594e+09 340.327 240483 0
1.70246e+09 336.344 238302 0
1.70901e+09 332.405 236137 0
1.71558e+09 328.51 233990 0
1.72218e+09 324.657 231859 0
1.7288e+09 320.847 229747 0
1.73545e+09 317.079 227650 0
1.74213e+09 313.352 225568 0
1.74883e+09 309.667 223505 0
1.75556e+09 306.022 221457 0
1.76231e+09 302.418 219426 0
1.76909e+09 298.853 217411 0
1.77589e+09 295.328 215414 0
1.78272e+09 291.842 213432 0
1.78958e+09 288.395 211464 0
1.79646e+09 284.985 209514 0
1.80337e+09 281.614 207579 0
1.81031e+09 278.28 205658 0
1.81727e+09 274.983 203754 0
1.82426e+09 271.723 201865 0
1.83128e+09 268.499 199991 0
1.83832e+09 265.311 198133 0
1.84539e+09 262.158 196290 0
1.85249e+09 259.04 194460 0
1.85962e+09 255.958 192645 0
1.86677e+09 252.909 190847 0
1.87395e+09 249.895 189062 0
1.88116e+09 246.914 187292 0
1.88839e+09 243.966 185537 0
1.89565e+09 241.052 183797 0
1.90295e+09 238.17 182067 0
1.91027e+09 235.32 180354 0
1.91761e+09 232.502 178657 0
1.92499e+09 229.716 176970 0
1.93239e+09 226.961 175300 0
1.93983e+09 224.237 173641 0
1.94729e+09 221.544 171997 0
1.95478e+09 218.881 170366 0
1.96229e+09 216.247 168751 0
1.96984e+09 213.644 167146 0
1.97742e+09 211.069 165555 0
1.98502e+09 208.524 163979 0
1.99266e+09 206.007 162413 0
2.00032e+09 203.519 160862 0
2.00802e+09 201.059 159323 0
2.01574e+09 198.626 157797 0
2.02349e+09 196.222 156285 0
2.03128e+09 193.844 154783 0
2.03909e+09 191.493 153295 0
2.04693e+09 189.169 151820 0
2.05481e+09 186.871 150355 0
2.06271e+09 184.599 148904 0
2.07064e+09 182.353 147466 0
2.07861e+09 180.132 146038 0
2.0866e+09 177.937 144624 0
2.09463e+09 175.767 143220 0
2.10269e+09 173.621 141828 0
2.11077e+09 171.5 140449 0
2.11889e+09 169.403 139081 0
2.12704e+09 167.329 137724 0
2.13522e+09 165.28 136379 0
2.14344e+09 163.254 135044 0
2.15168e+09 161.251 133723 0
2.15996e+09 159.27 132411 0
2.16826e+09 157.313 131112 0
2.1766e+09 155.378 129823 0
2.18498e+09 153.465 128543 0
2.19338e+09 151.574 127277 0
2.20182e+09 149.705 126020 0
2.21028e+09 147.857 124775 0
2.21879e+09 146.03 123539 0
2.22732e+09 144.224 122315 0
2.23589e+09 142.439 121101 0
2.24449e+09 140.675 119897 0
2.25312e+09 138.931 118705 0
2.26179e+09 137.207 117521 0
2.27049e+09 135.503 116348 0
2.27922e+09 133.819 115186 0
2.28798e+09 132.154 114034 0
2.29679e+09 130.508 112890 0
2.30562e+09 128.882 111758 0
2.31449e+09 127.274 110635 0
2.32339e+09 125.685 109522 0
2.33233e+09 124.114 108418 0
2.3413e+09 122.561 107325 0
2.3503e+09 121.027 106241 0
2.35934e+09 119.51 105166 0
2.36842e+09 118.011 104100 0
2.37753e+09 116.53 103044 0
2.38667e+09 115.065 101997 0
2.39585e+09 113.618 100960 0
2.40507e+09 112.188 99930.5 0
2.41432e+09 110.774 98911.1 0
2.4236e+09 109.377 97901.2 0
2.43292e+09 107.996 96899.7 0
2.44228e+09 106.632 95906.7 0
2.45168e+09 105.283 94922 0
2.46111e+09 103.95 93946.7 0
2.47057e+09 102.633 92980.7 0
2.48008e+09 101.331 92021.8 0
2.48961e+09 100.045 91073.2 0
2.49919e+09 98.7733 90131.7 0
2.5088e+09 97.5169 89199.2 0
2.51845e+09 96.2753 88274.8 0
2.52814e+09 95.0484 87358.4 0
2.53786e+09 93.8359 86450.8 0
2.54762e+09 92.6377 85551.2 0
2.55742e+09 91.4537 84659.4 0
2.56726e+09 90.2837 83775.4 0
2.57713e+09 89.1275 82900 0
2.58705e+09 87.985 82031.5 0
2.597e+09 86.856 81171.6 0
2.60699e+09 85.7405 80319.3 0
2.61701e+09 84.6382 79475.4 0
2.62708e+09 83.549 78638.2 0
2.63718e+09 82.4727 77809.3 0
2.64733e+09 81.4093 76987.1 0
2.65751e+09 80.3585 76173 0
2.66773e+09 79.3202 75366.3 0
2.67799e+09 78.2944 74567 0
2.68829e+09 77.2807 73774.8 0
2.69863e+09 76.2792 72990 0
2.70901e+09 75.2897 72212.3 0
2.71943e+09 74.312 71441.7 0
2.72989e+09 73.3461 70678.2 0
2.74039e+09 72.3917 69921.8 0
2.75093e+09 71.4488 69172.4 0
2.76151e+09 70.5172 68429.9 0
2.77213e+09 69.5968 67694.4 0
2.7828e+09 68.6875 66965 0
2.7935e+09 67.7892 66243.1 0
2.80424e+09 66.9016 65528.1 0
2.81503e+09 66.0248 64819.1 0
2.82586e+09 65.1586 64116.8 0
2.83673e+09 64.3029 63421.2 0
2.84764e+09 63.4575 62732.2 0
2.85859e+09 62.6223 62049.7 0
2.86959e+09 61.7973 61373.2 0
2.88062e+09 60.9823 60703.7 0
2.8917e+09 60.1771 60040.2 0
2.90283e+09 59.3818 59382.4 0
2.91399e+09 58.5961 58731.5 0
2.9252e+09 57.82 58086.4 0
2.93645e+09 57.0534 57447.6 0
2.94774e+09 56.2961 56815 0
2.95908e+09 55.5481 56188.1 0
2.97046e+09 54.8092 55567.3 0
2.98189e+09 54.0793 54952.1 0
2.99336e+09 53.3584 54342.9 0
3.00487e+09 52.6463 53739.8 0
3.01643e+09 51.943 53142.1 0
3.02803e+09 51.2483 52550.4 0
3.03968e+09 50.5621 51964.1 0
3.05137e+09 49.8844 51383.7 0
3.06311e+09 49.215 50808.6 0
3.07489e+09 48.5539 50239.3 0
3.08671e+09 47.9009 49675.7 0
3.09859e+09 47.256 49116.9 0
3.11051e+09 46.6191 48563.7 0
3.12247e+09 45.99 48016.2 0
3.13448e+09 45.3688 47473.9 0
3.14654e+09 44.7552 46936.6 0
3.15864e+09 44.1493 46404.8 0
3.17079e+09 43.5508 45878.1 0
3.18298e+09 42.9599 45356.8 0
3.19523e+09 42.3763 44840.1 0
3.20752e+09 41.7999 44328.7 0
3.21985e+09 41.2308 43822.6 0
3.23224e+09 40.6687 43321 0
3.24467e+09 40.1137 42824.7 0
3.25715e+09 39.5656 42333.1 0
3.26968e+09 39.0244 41846.3 0
3.28225e+09 38.49 41364.7 0
3.29488e+09 37.9623 40887.4 0
3.30755e+09 37.4412 40415.1 0
3.32027e+09 36.9266 39947.5 0
3.33304e+09 36.4186 39484.5 0
3.34586e+09 35.9169 39026.1 0
3.35873e+09 35.4216 38572.3 0
3.37165e+09 34.9325 38123 0
3.38462e+09 34.4496 37678.1 0
3.39764e+09 33.9728 37237.8 0
3.41071e+09 33.5021 36801.8 0
3.42382e+09 33.0373 36370.6 0
3.43699e+09 32.5784 35943.5 0
3.45021e+09 32.1254 35520.6 0
3.46348e+09 31.6781 35102.1 0
3.47681e+09 31.2365 34687.5 0
3.49018e+09 30.8006 34277.5 0
3.5036e+09 30.3702 33871.8 0
3.51708e+09 29.9453 33469.8 0
3.53061e+09 29.5258 33072.1 0
3.54419e+09 29.1117 32678.5 0
3.55782e+09 28.7029 32288.9 0
3.5715e+09 28.2994 31903.5 0
3.58524e+09 27.9011 31521.8 0
3.59903e+09 27.5078 31144.1 0
3.61287e+09 27.1197 30770.3 0
3.62677e+09 26.7365 30400.3 0
3.64072e+09 26.3583 30034.2 0
3.65472e+09 25.9849 29671.9 0
3.66878e+09 25.6164 29313.3 0
3.68289e+09 25.2527 28958.5 0
3.69706e+09 24.8937 28607.2 0
3.71128e+09 24.5393 28259.8 0
3.72555e+09 24.1896 27916 0
3.73988e+09 23.8444 27575.8 0
3.75426e+09 23.5036 27239.2 0
3.7687e+09 23.1674 26906.1 0
3.7832e+09 22.8355 26576.4 0
3.79775e+09 22.5079 26250.2 0
3.81236e+09 22.1847 25927.5 0
3.82702e+09 21.8656 25608.2 0
3.84174e+09 21.5508 25292.3 0
3.85652e+09 21.2401 24979.7 0
3.87135e+09 20.9334 24670.5 0
3.88624e+09 20.6308 24364.6 0
3.90119e+09 20.3322 24061.9 0
3.91619e+09 20.0376 23762.6 0
3.93126e+09 19.7468 23466.2 0
3.94638e+09 19.4598 23173.2 0
3.96156e+09 19.1767 22883.2 0
3.97679e+09 18.8973 22596.6 0
3.99209e+09 18.6216 22312.8 0
4.00745e+09 18.3496 22032.1 0
4.02286e+09 18.0812 21754.6 0
4.03833e+09 17.8164 21480.1 0
4.05387e+09 17.5551 21208.4 0
4.06946e+09 17.2973 20939.8 0
4.08511e+09 17.0429 20674.1 0
4.10082e+09 16.7919 20411.4 0
4.1166e+09 16.5443 20151.4 0
4.13243e+09 16.3 19894.4 0
4.14832e+09 16.059 19640.2 0
4.16428e+09 15.8213 19388.7 0
4.1803e+09 15.5867 19140 0
4.19638e+09 15.3553 18894 0
4.21252e+09 15.1271 18650.8 0
4.22872e+09 14.9019 18410.3 0
4.24498e+09 14.6797 18172.6 0
4.26131e+09 14.4606 17937.3 0
4.2777e+09 14.2445 17704.8 0
4.29415e+09 14.0312 17474.9 0
4.31067e+09 13.8209 17247.4 0
4.32725e+09 13.6135 17022.6 0
4.34389e+09 13.4088 16800.3 0
4.3606e+09 13.207 16580.4 0
4.37737e+09 13.0079 16363.1 0
4.39421e+09 12.8116 16148.2 0
4.41111e+09 12.6179 15935.8 0
4.42808e+09 12.4269 15725.7 0
4.44511e+09 12.2386 15518 0
4.46221e+09 12.0528 15312.7 0
4.47937e+09 11.8696 15109.8 0
4.4966e+09 11.6889 14909.1 0
4.5139e+09 11.5107 14710.7 0
4.53126e+09 11.3349 14514.7 0
4.54869e+09 11.1616 14320.9 0
4.56618e+09 10.9907 14129.3 0
4.58374e+09 10.8222 13940 0
4.60138e+09 10.6561 13752.7 0
4.61907e+09 10.4922 13567.8 0
4.63684e+09 10.3306 13384.9 0
4.65467e+09 10.1713 13204.2 0
4.67258e+09 10.0142 13025.5 0
4.69055e+09 9.85931 12848.9 0
4.70859e+09 9.70659 12674.5 0
4.7267e+09 9.55602 12502 0
4.74488e+09 9.40756 12331.6 0
4.76313e+09 9.2612 12163.2 0
4.78145e+09 9.11689 11996.8 0
4.79984e+09 8.97463 11832.3 0
4.81831e+09 8.83437 11669.7 0
4.83684e+09 8.69611 11509.1 0
4.85544e+09 8.5598 11350.5 0
4.87412e+09 8.42543 11193.6 0
4.89286e+09 8.29297 11038.8 0
4.91168e+09 8.16239 10885.7 0
4.93058e+09 8.03368 10734.4 0
4.94954e+09 7.90681 10585 0
4.96858e+09 7.78175 10437.3 0
4.98769e+09 7.65848 10291.4 0
5.00687e+09 7.53698 10147.4 0
5.02613e+09 7.41722 10005 0
5.04546e+09 7.29919 9864.39 0
5.06487e+09 7.18286 9725.44 0
5.08435e+09 7.0682 9588.21 0
5.10391e+09 6.95521 9452.62 0
5.12354e+09 6.84384 9318.72 0
5.14324e+09 6.73409 9186.5 0
5.16303e+09 6.62594 9055.8 0
5.18288e+09 6.51935 8926.82 0
5.20282e+09 6.41432 8799.34 0
5.22283e+09 6.31082 8673.47 0
5.24292e+09 6.20882 8549.14 0
5.26309e+09 6.10832 8426.33 0
5.28333e+09 6.00929 8305.09 0
5.30365e+09 5.91172 8185.35 0
5.32405e+09 5.81557 8067.09 0
5.34453e+09 5.72084 7950.3 0
5.36508e+09 5.6275 7835.02 0
5.38572e+09 5.53555 7721.13 0
5.40643e+09 5.44495 7608.72 0
5.42723e+09 5.35569 7497.67 0
5.4481e+09 5.26775 7388.07 0
5.46906e+09 5.18112 7279.81 0
5.4901e+09 5.09578 7172.93 0
5.51121e+09 5.0117 7067.46 0
5.53241e+09 4.92888 6963.29 0
5.55369e+09 4.8473 6860.45 0
5.57505e+09 4.76694 6758.94 0
5.59649e+09 4.68778 6658.73 0
5.61802e+09 4.60981 6559.78 0
5.63963e+09 4.53301 6462.12 0
5.66132e+09 4.45737 6365.72 0
5.68309e+09 4.38287 6270.59 0
5.70495e+09 4.30949 6176.66 0
5.7269e+09 4.23722 6083.93 0
5.74892e+09 4.16605 5992.46 0
5.77104e+09 4.09596 5902.12 0
5.79323e+09 4.02693 5813.02 0
5.81552e+09 3.95895 5725.03 0
5.83788e+09 3.89201 5638.25 0
5.86034e+09 3.82609 5552.57 0
5.88288e+09 3.76118 5468.03 0
5.90551e+09 3.69726 5384.6 0
5.92822e+09 3.63433 5302.29 0
5.95102e+09 3.57236 5221.07 0
5.97391e+09 3.51135 5140.92 0
5.99689e+09 3.45127 5061.83 0
6.01995e+09 3.39213 4983.82 0
6.04311e+09 3.3339 4906.82 0
6.06635e+09 3.27657 4830.88 0
6.08969e+09 3.22013 4755.92 0
6.11311e+09 3.16457 4682.01 0
6.13662e+09 3.10987 4609.09 0
6.16022e+09 3.05603 4537.16 0
6.18392e+09 3.00303 4466.17 0
6.2077e+09 2.95086 4396.19 0
6.23158e+09 2.8995 4327.13 0
6.25555e+09 2.84896 4259.01 0
6.27961e+09 2.7992 4191.84 0
6.30376e+09 2.75024 4125.59 0
6.32801e+09 2.70204 4060.23 0
6.35235e+09 2.65461 3995.78 0
6.37678e+09 2.60793 3932.23 0
6.40131e+09 2.56198 3869.54 0
6.42593e+09 2.51677 3807.74 0
6.45065e+09 2.47228 3746.77 0
6.47546e+09 2.4285 3686.67 0
6.50036e+09 2.38542 3627.42 0
6.52537e+09 2.34303 3568.96 0
6.55046e+09 2.30131 3511.36 0
6.57566e+09 2.26027 3454.53 0
6.60095e+09 2.21989 3398.53 0
6.62634e+09 2.18015 3343.3 0
6.65183e+09 2.14106 3288.86 0
6.67741e+09 2.1026 3235.2 0
6.7031e+09 2.06477 3182.27 0
6.72888e+09 2.02755 3130.12 0
6.75476e+09 1.99093 3078.72 0
6.78074e+09 1.95491 3028.04 0
6.80682e+09 1.91948 2978.09 0
6.833e+09 1.88463 2928.86 0
6.85928e+09 1.85035 2880.34 0
6.88567e+09 1.81663 2832.51 0
6.91215e+09 1.78346 2785.38 0
6.93874e+09 1.75084 2738.93 0
6.96543e+09 1.71876 2693.15 0
6.99222e+09 1.68721 2648.05 0
7.01911e+09 1.65618 2603.61 0
7.04611e+09 1.62566 2559.81 0
7.07321e+09 1.59566 2516.65 0
7.10042e+09 1.56615 2474.13 0
7.12773e+09 1.53713 2432.23 0
7.15514e+09 1.5086 2390.97 0
7.18266e+09 1.48055 2350.3 0
7.21029e+09 1.45296 2310.24 0
7.23802e+09 1.42584 2270.78 0
7.26586e+09 1.39918 2231.9 0
7.29381e+09 1.37297 2193.6 0
7.32186e+09 1.3472 2155.88 0
7.35002e+09 1.32186 2118.73 0
7.37829e+09 1.29696 2082.13 0
7.40667e+09 1.27247 2046.09 0
7.43516e+09 1.24841 2010.58 0
7.46376e+09 1.22475 1975.62 0
7.49247e+09 1.2015 1941.19 0
7.52129e+09 1.17865 1907.28 0
7.55022e+09 1.15619 1873.89 0
7.57926e+09 1.13411 1841.01 0
7.60841e+09 1.11242 1808.64 0
7.63767e+09 1.0911 1776.77 0
7.66705e+09 1.07015 1745.38 0
7.69654e+09 1.04956 1714.48 0
7.72614e+09 1.02932 1684.06 0
7.75586e+09 1.00944 1654.11 0
7.78569e+09 0.98991 1624.63 0
7.81564e+09 0.970717 1595.6 0
7.8457e+09 0.951859 1567.04 0
7.87587e+09 0.933332 1538.92 0
7.90617e+09 0.91513 1511.24 0
7.93658e+09 0.897248 1483.99 0
7.9671e+09 0.879681 1457.18 0
7.99775e+09 0.862424 1430.79 0
8.02851e+09 0.845473 1404.82 0
8.05939e+09 0.828822 1379.26 0
8.09039e+09 0.812467 1354.11 0
8.12151e+09 0.796403 1329.36 0
8.15274e+09 0.780626 1305.02 0
8.1841e+09 0.76513 1281.06 0
8.21558e+09 0.749912 1257.48 0
8.24718e+09 0.734967 1234.28 0
8.2789e+09 0.72029 1211.47 0
8.31074e+09 0.705878 1189.02 0
8.34271e+09 0.691726 1166.93 0
8.3748e+09 0.67783 1145.21 0
8.40701e+09 0.664186 1123.84 0
8.43935e+09 0.650789 1102.82 0
8.47181e+09 0.637636 1082.15 0
8.50439e+09 0.624724 1061.82 0
8.5371e+09 0.612047 1041.82 0
8.56994e+09 0.599602 1022.15 0
8.6029e+09 0.587385 1002.81 0
8.63599e+09 0.575393 983.79 0
8.66921e+09 0.563622 965.086 0
8.70255e+09 0.552069 946.699 0
8.73602e+09 0.540729 928.619 0
8.76962e+09 0.529599 910.842 0
8.80336e+09 0.518676 893.359 0
8.83722e+09 0.507956 876.175 0
8.87121e+09 0.497436 859.283 0
8.90533e+09 0.487113 842.677 0
8.93958e+09 0.476983 826.355 0
8.97396e+09 0.467044 810.311 0
9.00848e+09 0.457291 794.539 0
9.04313e+09 0.447722 779.037 0
9.07791e+09 0.438334 763.804 0
9.11283e+09 0.429124 748.83 0
9.14788e+09 0.420088 734.117 0
9.18307e+09 0.411224 719.656 0
9.21839e+09 0.402529 705.449 0
9.25384e+09 0.394 691.491 4.89093e-301
9.28944e+09 0.385634 677.771 4.4444e-295
9.32517e+09 0.377429 664.294 3.16873e-289
9.36103e+09 0.369381 651.056 1.77881e-283
9.39704e+09 0.361489 638.046 7.94691e-278
9.43318e+09 0.353748 625.268 2.81433e-272
9.46946e+09 0.346157 612.716 7.95489e-267
9.50589e+09 0.338714 600.383 1.80657e-261
9.54245e+09 0.331415 588.273 3.2846e-256
9.57915e+09 0.324258 576.378 4.81234e-251
9.616e+09 0.317241 564.692 5.71761e-246
9.65298e+09 0.31036 553.22 5.49088e-241
9.69011e+09 0.303615 541.951 4.30196e-236
9.72738e+09 0.297002 530.886 2.74957e-231
9.7648e+09 0.29052 520.018 1.44214e-226
9.80236e+09 0.284165 509.348 6.20725e-222
9.84006e+09 0.277936 498.873 2.19895e-217
9.87791e+09 0.27183 488.587 6.44768e-213
9.9159e+09 0.265845 478.49 1.56496e-208
9.95404e+09 0.25998 468.576 3.1615e-204
9.99233e+09 0.254231 458.844 5.33023e-200
1.00308e+10 0.248598 449.282 7.57651e-196
1.00693e+10 0.243077 439.924 8.77487e-192
1.01081e+10 0.237667 430.704 8.86396e-188
1.01469e+10 0.232366 421.689 7.29116e-184
1.0186e+10 0.227172 412.807 5.2498e-180
1.02252e+10 0.222083 404.102 3.16825e-176
1.02645e+10 0.217097 395.57 1.60745e-172
1.0304e+10 0.212212 387.187 7.02438e-169
1.03436e+10 0.207427 378.973 2.5947e-165
1.03834e+10 0.202739 370.904 8.29172e-162
1.04233e+10 0.198147 362.997 2.25174e-158
1.04634e+10 0.193649 355.231 5.31313e-155
1.05037e+10 0.189244 347.603 1.09139e-151
1.05441e+10 0.184929 340.13 1.91956e-148
1.05846e+10 0.180703 332.811 2.89865e-145
1.06253e+10 0.176565 325.623 3.83537e-142
1.06662e+10 0.172512 318.565 4.45491e-139
1.07072e+10 0.168544 311.653 4.47471e-136
1.07484e+10 0.164658 304.867 3.96158e-133
1.07897e+10 0.160853 298.222 3.04743e-130
1.08312e+10 0.157128 291.699 2.07438e-127
1.08729e+10 0.153481 285.296 1.2517e-124
1.09147e+10 0.149911 279.027 6.60724e-122
1.09567e+10 0.146416 272.875 3.10358e-119
1.09988e+10 0.142994 266.852 1.28101e-116
1.10412e+10 0.139645 260.928 4.78903e-114
1.10836e+10 0.136367 255.143 1.55819e-111
1.11262e+10 0.133159 249.468 4.54495e-109
1.1169e+10 0.130019 243.9 1.19037e-106
1.1212e+10 0.126947 238.438 2.80408e-104
1.12551e+10 0.12394 233.093 5.87718e-102
1.12984e+10 0.120997 227.85 1.11176e-99
1.13419e+10 0.118118 222.708 1.90107e-97
1.13855e+10 0.115301 217.678 2.90942e-95
1.14293e+10 0.112545 212.745 4.03862e-93
1.14733e+10 0.109848 207.907 5.09253e-91
1.15174e+10 0.10721 203.176 5.77964e-89
1.15617e+10 0.10463 198.537 5.97809e-87
1.16062e+10 0.102106 193.989 5.64365e-85
1.16508e+10 0.0996367 189.541 4.82155e-83
1.16956e+10 0.0972218 185.182 3.77138e-81
1.17406e+10 0.0948601 180.909 2.70472e-79
1.17857e+10 0.0925504 176.731 1.76457e-77
1.18311e+10 0.0902917 172.628 1.06831e-75
1.18766e+10 0.088083 168.616 5.90266e-74
1.19223e+10 0.0859233 164.685 3.00745e-72
1.19681e+10 0.0838117 160.842 1.40309e-70
1.20142e+10 0.0817471 157.07 6.10345e-69
1.20604e+10 0.0797287 153.382 2.4385e-67
1.21068e+10 0.0777556 149.77 9.03325e-66
1.21533e+10 0.0758267 146.239 3.08314e-64
1.22001e+10 0.0739413 142.775 9.85627e-63
1.2247e+10 0.0720985 139.389 2.91145e-61
1.22941e+10 0.0702973 136.074 8.0155e-60
1.23414e+10 0.068537 132.828 2.05921e-58
1.23889e+10 0.0668167 129.649 4.94242e-57
1.24365e+10 0.0651357 126.545 1.10237e-55
1.24843e+10 0.0634931 123.505 2.30289e-54
1.25324e+10 0.061888 120.524 4.5391e-53
1.25806e+10 0.0603199 117.613 8.34683e-52
1.26289e+10 0.0587879 114.769 1.43401e-50
1.26775e+10 0.0572912 111.98 2.3316e-49
1.27263e+10 0.0558291 109.251 3.57062e-48
1.27752e+10 0.0544009 106.587 5.12765e-47
1.28244e+10 0.053006 103.975 6.98835e-46
1.28737e+10 0.0516436 101.424 8.9527e-45
1.29232e+10 0.050313 98.9296 1.08495e-43
1.29729e+10 0.0490136 96.4894 1.24503e-42
1.30228e+10 0.0477446 94.1027 1.35427e-41
1.30729e+10 0.0465056 91.7686 1.39767e-40
1.31232e+10 0.0452958 89.486 1.36997e-39
1.31737e+10 0.0441147 87.2541 1.27655e-38
1.32243e+10 0.0429615 85.0761 1.12701e-37
1.32752e+10 0.0418358 82.9425 9.51753e-37
1.33263e+10 0.040737 80.8568 7.66228e-36
1.33775e+10 0.0396643 78.8219 5.86267e-35
1.3429e+10 0.0386174 76.829 4.30108e-34
1.34806e+10 0.0375957 74.8851 3.00487e-33
1.35325e+10 0.0365986 72.9816 2.01599e-32
1.35845e+10 0.0356255 71.1251 1.29047e-31
1.36368e+10 0.034676 69.3076 7.94467e-31
1.36892e+10 0.0337495 67.5353 4.67529e-30
1.37419e+10 0.0328456 65.8004 2.64996e-29
1.37947e+10 0.0319637 64.1089 1.43833e-28
1.38478e+10 0.0311035 62.4535 7.52992e-28
1.39011e+10 0.0302643 60.8366 3.79303e-27
1.39545e+10 0.0294457 59.2605 1.8344e-26
1.40082e+10 0.0286473 57.7184 8.57447e-26
1.40621e+10 0.0278686 56.2126 3.86514e-25
1.41162e+10 0.0271093 54.7424 1.68146e-24
1.41705e+10 0.0263688 53.3069 7.06458e-24
1.4225e+10 0.0256467 51.9056 2.86859e-23
1.42797e+10 0.0249427 50.5377 1.12652e-22
1.43346e+10 0.0242563 49.2026 4.28147e-22
1.43897e+10 0.0235871 47.8995 1.57589e-21
1.44451e+10 0.0229347 46.6255 5.63404e-21
1.45006e+10 0.0222988 45.3845 1.94879e-20
1.45564e+10 0.021679 44.1715 6.55509e-20
1.46124e+10 0.021075 42.988 2.14077e-19
1.46686e+10 0.0204863 41.8334 6.79213e-19
1.4725e+10 0.0199126 40.7071 2.09485e-18
1.47817e+10 0.0193535 39.6065 6.29669e-18
1.48385e+10 0.0188088 38.535 1.83847e-17
1.48956e+10 0.0182781 37.4882 5.2369e-17
1.49529e+10 0.0177611 36.4674 1.45344e-16
1.50104e+10 0.0172574 35.4721 3.93249e-16
1.50681e+10 0.0167668 34.5016 1.03783e-15
1.51261e+10 0.0162889 33.5539 2.67741e-15
1.51843e+10 0.0158234 32.6301 6.74431e-15
1.52427e+10 0.0153701 31.7296 1.65966e-14
1.53013e+10 0.0149287 30.8519 3.99195e-14
1.53602e+10 0.0144989 29.9951 9.40341e-14
1.54192e+10 0.0140804 29.1616 2.16408e-13
1.54785e+10 0.0136729 28.3481 4.88187e-13
1.55381e+10 0.0132762 27.5541 1.07993e-12
1.55978e+10 0.01289 26.7819 2.33751e-12
1.56578e+10 0.0125141 26.0285 4.96566e-12
1.57181e+10 0.0121483 25.2934 1.03571e-11
1.57785e+10 0.0117922 24.5786 2.11672e-11
1.58392e+10 0.0114457 23.8813 4.25087e-11
1.59001e+10 0.0111084 23.2023 8.38204e-11
1.59613e+10 0.0107803 22.5402 1.62529e-10
1.60227e+10 0.0104611 21.8955 3.09686e-10
1.60843e+10 0.0101505 21.2678 5.80089e-10
1.61462e+10 0.00984833 20.6559 1.06968e-09
1.62083e+10 0.00955442 20.0603 1.94054e-09
1.62706e+10 0.00926854 19.4806 3.46473e-09
1.63332e+10 0.0089905 18.9156 6.0961e-09
1.6396e+10 0.00872009 18.3658 1.05639e-08
1.64591e+10 0.00845714 17.83 1.80514e-08
1.65224e+10 0.00820146 17.3088 3.0401e-08
1.65859e+10 0.00795286 16.8017 5.04785e-08
1.66497e+10 0.00771116 16.3077 8.27274e-08
1.67138e+10 0.0074762 15.8265 1.33857e-07
1.67781e+10 0.00724781 15.3585 2.13742e-07
1.68426e+10 0.00702581 14.9034 3.36926e-07
1.69074e+10 0.00681005 14.4602 5.24818e-07
1.69724e+10 0.00660037 14.0293 8.07495e-07
1.70377e+10 0.00639661 13.6098 1.2284e-06
1.71032e+10 0.00619862 13.202 1.84691e-06
1.7169e+10 0.00600625 12.805 2.74695e-06
1.7235e+10 0.00581937 12.4192 4.04024e-06
1.73013e+10 0.00563782 12.0437 5.88139e-06
1.73679e+10 0.00546147 11.6783 8.47566e-06
1.74347e+10 0.00529018 11.3233 1.20881e-05
1.75017e+10 0.00512383 10.9784 1.70667e-05
1.7569e+10 0.00496229 10.6428 2.38711e-05
1.76366e+10 0.00480542 10.3164 3.30845e-05
1.77045e+10 0.0046531 9.99898 4.54463e-05
1.77726e+10 0.00450523 9.69068 6.18572e-05
1.78409e+10 0.00436167 9.39132 8.34454e-05
1.79095e+10 0.00422232 9.10023 0.00011164
1.79784e+10 0.00408705 8.81723 0.000148158
1.80476e+10 0.00395578 8.54211 0.000195078
1.8117e+10 0.00382838 8.27507 0.000254791
1.81867e+10 0.00370475 8.01552 0.000330296
1.82566e+10 0.0035848 7.76365 0.000424904
1.83268e+10 0.00346841 7.51889 0.000542732
1.83973e+10 0.00335551 7.28108 0.000688439
1.84681e+10 0.00324598 7.05005 0.000867368
1.85391e+10 0.00313975 6.82593 0.00108527
1.86104e+10 0.00303672 6.60824 0.0013492
1.8682e+10 0.0029368 6.39682 0.00166685
1.87539e+10 0.0028399 6.19151 0.00204674
1.8826e+10 0.00274595 5.99243 0.0024976
1.88984e+10 0.00265487 5.79914 0.00303016
1.89711e+10 0.00256656 5.6115 0.00365559
1.90441e+10 0.00248096 5.42936 0.00438592
1.91173e+10 0.002398 5.25282 0.00523277
1.91909e+10 0.00231758 5.08125 0.00621211
1.92647e+10 0.00223966 4.915 0.00733569
1.93388e+10 0.00216415 4.7537 0.00861978
1.94132e+10 0.00209099 4.5972 0.01008
1.94878e+10 0.0020201 4.4456 0.01173
1.95628e+10 0.00195144 4.29836 0.0135908
1.9638e+10 0.00188492 4.15576 0.015674
1.97136e+10 0.0018205 4.01728 0.0180018
1.97894e+10 0.00175811 3.88319 0.020585
1.98655e+10 0.00169769 3.7532 0.0234427
1.99419e+10 0.00163919 3.62718 0.0265912
2.00186e+10 0.00158255 3.50503 0.030046
2.00956e+10 0.00152772 3.38664 0.0338221
2.01729e+10 0.00147464 3.27192 0.0379336
2.02505e+10 0.00142326 3.16076 0.0423936
2.03284e+10 0.00137354 3.05306 0.0472142
2.04066e+10 0.00132542 2.94873 0.0524062
2.04851e+10 0.00127886 2.84767 0.057979
2.05638e+10 0.00123381 2.74992 0.0639327
2.06429e+10 0.00119023 2.65514 0.0702888
2.07223e+10 0.00114807 2.56337 0.0770449
2.0802e+10 0.00110729 2.47451 0.084204
2.08821e+10 0.00106785 2.38839 0.0917775
2.09624e+10 0.00102971 2.30513 0.099746
2.1043e+10 0.000992834 2.22455 0.108116
2.11239e+10 0.000957176 2.14656 0.116885
2.12052e+10 0.000922703 2.07102 0.126058
2.12868e+10 0.000889378 1.99792 0.135617
2.13686e+10 0.000857168 1.9273 0.14554
2.14508e+10 0.000826037 1.85891 0.155843
2.15333e+10 0.000795953 1.79276 0.1665
2.16161e+10 0.000766884 1.7288 0.177498
2.16993e+10 0.000738797 1.66687 0.188837
2.17827e+10 0.000711664 1.60707 0.200473
2.18665e+10 0.000685453 1.5492 0.212418
2.19506e+10 0.000660138 1.49326 0.224639
2.20351e+10 0.000635688 1.43913 0.237133
2.21198e+10 0.000612078 1.38689 0.249851
2.22049e+10 0.000589281 1.33636 0.262802
2.22903e+10 0.00056727 1.28753 0.275951
2.2376e+10 0.000546023 1.24037 0.289277
2.24621e+10 0.000525513 1.19476 0.302775
2.25485e+10 0.000505718 1.15072 0.316409
2.26352e+10 0.000486614 1.10819 0.330155
2.27223e+10 0.000468181 1.06708 0.34401
2.28097e+10 0.000450395 1.0274 0.357937
2.28974e+10 0.000433236 0.989091 0.371915
2.29855e+10 0.000416684 0.952078 0.385938
2.30739e+10 0.00040072 0.916359 0.399973
2.31627e+10 0.000385323 0.881855 0.414014
2.32517e+10 0.000370476 0.848604 0.428012
2.33412e+10 0.00035616 0.816457 0.441995
2.3431e+10 0.000342358 0.78545 0.455915
2.35211e+10 0.000329053 0.755547 0.469754
2.36115e+10 0.000316228 0.726711 0.483496
2.37024e+10 0.000303868 0.698848 0.497158
2.37935e+10 0.000291958 0.672017 0.510678
2.3885e+10 0.000280481 0.646125 0.524072
2.39769e+10 0.000269424 0.621144 0.537329
2.40691e+10 0.000258772 0.597071 0.550421
2.41617e+10 0.000248512 0.573851 0.563352
2.42546e+10 0.00023863 0.55148 0.576096
2.43479e+10 0.000229114 0.529908 0.588659
2.44416e+10 0.000219952 0.509109 0.601031
2.45356e+10 0.00021113 0.489078 0.613192
2.463e+10 0.000202638 0.46977 0.625146
2.47247e+10 0.000194463 0.451181 0.636876
2.48198e+10 0.000186596 0.433268 0.648387
2.49153e+10 0.000179026 0.416008 0.659675
2.50111e+10 0.000171741 0.399397 0.670725
2.51073e+10 0.000164733 0.383396 0.681543
2.52039e+10 0.000157991 0.367986 0.692127
2.53008e+10 0.000151506 0.353161 0.702464
2.53981e+10 0.000145269 0.338887 0.712563
2.54958e+10 0.000139272 0.325145 0.722422
2.55939e+10 0.000133506 0.311918 0.732042
2.56923e+10 0.000127962 0.2992 0.741411
2.57911e+10 0.000122633 0.286961 0.750541
2.58903e+10 0.000117511 0.275185 0.759432
2.59899e+10 0.000112589 0.263856 0.768084
2.60899e+10 0.000107859 0.252959 0.7765
2.61902e+10 0.000103314 0.242489 0.784672
2.6291e+10 9.89483e-05 0.232411 0.79262
2.63921e+10 9.47548e-05 0.222731 0.80033
2.64936e+10 9.07273e-05 0.213424 0.807813
2.65955e+10 8.68596e-05 0.204479 0.815072
2.66978e+10 8.3146e-05 0.195882 0.822109
2.68005e+10 7.95807e-05 0.187621 0.828929
2.69036e+10 7.61582e-05 0.179684 0.835534
2.70071e+10 7.28733e-05 0.172059 0.841929
2.71109e+10 6.97209e-05 0.164743 0.848112
2.72152e+10 6.66959e-05 0.157709 0.854098
2.73199e+10 6.37937e-05 0.150956 0.859886
2.7425e+10 6.10095e-05 0.144472 0.865479
2.75304e+10 5.8339e-05 0.138254 0.870878
2.76363e+10 5.57778e-05 0.13228 0.876096
2.77426e+10 5.33219e-05 0.126547 0.881132
2.78493e+10 5.09671e-05 0.121047 0.885993
2.79565e+10 4.87097e-05 0.115765 0.890685
2.8064e+10 4.65458e-05 0.110703 0.895205
2.81719e+10 4.4472e-05 0.105848 0.899561
2.82803e+10 4.24847e-05 0.101189 0.903762
2.83891e+10 4.05805e-05 0.0967215 0.907809
2.84983e+10 3.87563e-05 0.0924389 0.911705
2.86079e+10 3.70089e-05 0.0883342 0.915455
2.87179e+10 3.53353e-05 0.0844005 0.919063
2.88284e+10 3.37326e-05 0.0806279 0.922537
2.89392e+10 3.21981e-05 0.0770168 0.925874
2.90506e+10 3.0729e-05 0.0735516 0.929088
2.91623e+10 2.93228e-05 0.0702358 0.932174
2.92745e+10 2.79769e-05 0.0670578 0.935141
2.93871e+10 2.66889e-05 0.0640151 0.937991
2.95001e+10 2.54566e-05 0.0611024 0.940727
2.96136e+10 2.42776e-05 0.0583121 0.943356
2.97275e+10 2.31499e-05 0.0556418 0.945878
2.98418e+10 2.20713e-05 0.0530867 0.948298
2.99566e+10 2.10399e-05 0.0506403 0.950621
3.00718e+10 2.00538e-05 0.0483002 0.952848
3.01875e+10 1.9111e-05 0.0460602 0.954984
3.03036e+10 1.82099e-05 0.0439184 0.957032
3.04201e+10 1.73486e-05 0.0418706 0.958994
3.05371e+10 1.65257e-05 0.0399115 0.960874
3.06546e+10 1.57394e-05 0.0380375 0.962677
3.07725e+10 1.49882e-05 0.0362467 0.964402
3.08909e+10 1.42708e-05 0.0345342 0.966055
3.10097e+10 1.35856e-05 0.0328984 0.967637
3.11289e+10 1.29314e-05 0.0313359 0.96915
3.12487e+10 1.23068e-05 0.0298413 0.9706
3.13689e+10 1.17105e-05 0.0284143 0.971986
3.14895e+10 1.11415e-05 0.027052 0.973311
3.16106e+10 1.05984e-05 0.0257506 0.974578
3.17322e+10 1.00803e-05 0.0245076 0.97579
3.18543e+10 9.58594e-06 0.0233206 0.976949
3.19768e+10 9.11444e-06 0.0221882 0.978056
3.20998e+10 8.66477e-06 0.0211072 0.979114
3.22233e+10 8.23598e-06 0.0200755 0.980125
3.23472e+10 7.82718e-06 0.0190917 0.981089
3.24716e+10 7.43748e-06 0.018153 0.982011
3.25965e+10 7.06606e-06 0.0172576 0.982891
3.27219e+10 6.71211e-06 0.0164035 0.98373
3.28477e+10 6.37487e-06 0.0155897 0.984531
3.29741e+10 6.0536e-06 0.0148131 0.985296
3.31009e+10 5.74758e-06 0.0140734 0.986025
3.32282e+10 5.45615e-06 0.0133684 0.986721
3.3356e+10 5.17865e-06 0.0126966 0.987384
3.34843e+10 4.91445e-06 0.0120565 0.988016
3.36131e+10 4.66297e-06 0.0114467 0.988619
3.37424e+10 4.42363e-06 0.0108659 0.989193
3.38722e+10 4.19588e-06 0.0103129 0.98974
3.40025e+10 3.97919e-06 0.00978631 0.990261
3.41333e+10 3.77306e-06 0.00928507 0.990758
3.42645e+10 3.57701e-06 0.00880839 0.99123
3.43963e+10 3.39057e-06 0.00835444 0.99168
3.45286e+10 3.21331e-06 0.00792256 0.992109
3.46614e+10 3.0448e-06 0.00751174 0.992516
3.47948e+10 2.88463e-06 0.00712074 0.992905
3.49286e+10 2.73243e-06 0.00674923 0.993273
3.50629e+10 2.58781e-06 0.00639604 0.993624
3.51978e+10 2.45042e-06 0.00606007 0.993958
3.53332e+10 2.31993e-06 0.00574079 0.994276
3.54691e+10 2.196e-06 0.00543742 0.994577
3.56055e+10 2.07833e-06 0.00514922 0.994864
3.57425e+10 1.96662e-06 0.00487529 0.995137
3.58799e+10 1.86059e-06 0.00461535 0.995395
3.60179e+10 1.75997e-06 0.00436837 0.995641
3.61565e+10 1.66449e-06 0.00413375 0.995875
3.62955e+10 1.57392e-06 0.00391124 0.996096
3.64351e+10 1.488e-06 0.00369995 0.996307
3.65753e+10 1.40653e-06 0.00349935 0.996507
3.6716e+10 1.32928e-06 0.00330907 0.996696
3.68572e+10 1.25604e-06 0.00312862 0.996876
3.69989e+10 1.18662e-06 0.00295753 0.997047
3.71413e+10 1.12084e-06 0.0027951 0.997209
3.72841e+10 1.05851e-06 0.00264127 0.997362
3.74275e+10 9.99462e-07 0.00249539 0.997508
3.75715e+10 9.43536e-07 0.00235708 0.997646
3.7716e+10 8.90574e-07 0.00222607 0.997776
3.78611e+10 8.4043e-07 0.00210192 0.9979
3.80067e+10 7.92961e-07 0.00198436 0.998018
3.81529e+10 7.48034e-07 0.00187299 0.998129
3.82996e+10 7.0552e-07 0.00176758 0.998234
3.84469e+10 6.65298e-07 0.00166777 0.998334
3.85948e+10 6.2725e-07 0.00157327 0.998428
3.87433e+10 5.91265e-07 0.00148383 0.998517
3.88923e+10 5.57239e-07 0.00139923 0.998602
3.90419e+10 5.25071e-07 0.0013192 0.998682
3.9192e+10 4.94665e-07 0.00124354 0.998757
3.93428e+10 4.6593e-07 0.00117193 0.998829
3.94941e+10 4.38779e-07 0.00110427 0.998896
3.9646e+10 4.13131e-07 0.0010403 0.99896
3.97985e+10 3.88906e-07 0.000979839 0.999021
3.99516e+10 3.66029e-07 0.000922706 0.999078
4.01052e+10 3.44431e-07 0.000868762 0.999132
4.02595e+10 3.24044e-07 0.000817776 0.999183
4.04143e+10 3.04803e-07 0.000769656 0.999231
4.05698e+10 2.86647e-07 0.000724193 0.999276
4.07258e+10 2.69519e-07 0.000681306 0.999319
4.08825e+10 2.53364e-07 0.000640803 0.999359
4.10397e+10 2.3813e-07 0.000602611 0.999398
4.11976e+10 2.23766e-07 0.000566559 0.999434
4.1356e+10 2.10226e-07 0.000532577 0.999468
4.15151e+10 1.97466e-07 0.000500514 0.9995
4.16748e+10 1.85442e-07 0.000470286 0.99953
4.18351e+10 1.74114e-07 0.000441795 0.999558
4.1996e+10 1.63445e-07 0.000414947 0.999585
4.21575e+10 1.53398e-07 0.000389653 0.99961
4.23197e+10 1.43939e-07 0.000365813 0.999634
4.24824e+10 1.35035e-07 0.000343376 0.999657
4.26458e+10 1.26656e-07 0.000322239 0.999678
4.28099e+10 1.18771e-07 0.000302331 0.999698
4.29745e+10 1.11354e-07 0.000283607 0.999716
4.31398e+10 1.04378e-07 0.000265979 0.999734
4.33057e+10 9.78183e-08 0.000249397 0.999751
4.34723e+10 9.16514e-08 0.000233794 0.999766
4.36395e+10 8.58549e-08 0.000219123 0.999781
4.38074e+10 8.04078e-08 0.000205324 0.999795
4.39759e+10 7.52901e-08 0.000192355 0.999808
4.4145e+10 7.04829e-08 0.00018017 0.99982
4.43148e+10 6.59683e-08 0.000168717 0.999831
4.44853e+10 6.17294e-08 0.000157955 0.999842
4.46564e+10 5.77503e-08 0.000147849 0.999852
4.48281e+10 5.40159e-08 0.000138363 0.999862
4.50005e+10 5.05118e-08 0.000129455 0.999871
4.51736e+10 4.72246e-08 0.000121093 0.999879
4.53474e+10 4.41415e-08 0.000113243 0.999887
4.55218e+10 4.12505e-08 0.000105882 0.999894
4.56969e+10 3.85402e-08 9.89752e-05 0.999901
4.58727e+10 3.59999e-08 9.24976e-05 0.999908
4.60491e+10 3.36195e-08 8.6427e-05 0.999914
4.62262e+10 3.13894e-08 8.07358e-05 0.999919
4.6404e+10 2.93005e-08 7.54018e-05 0.999925
4.65825e+10 2.73444e-08 7.04037e-05 0.99993
4.67617e+10 2.55131e-08 6.57215e-05 0.999934
4.69415e+10 2.3799e-08 6.13387e-05 0.999939
4.71221e+10 2.21949e-08 5.72327e-05 0.999943
4.73033e+10 2.06941e-08 5.33911e-05 0.999947
4.74853e+10 1.92903e-08 4.97939e-05 0.99995
4.76679e+10 1.79776e-08 4.643e-05 0.999954
4.78513e+10 1.67503e-08 4.32816e-05 0.999957
4.80353e+10 1.5603e-08 4.0339e-05 0.99996
4.82201e+10 1.4531e-08 3.75862e-05 0.999962
4.84055e+10 1.35294e-08 3.50146e-05 0.999965
4.85917e+10 1.25938e-08 3.26101e-05 0.999967
4.87786e+10 1.17201e-08 3.03638e-05 0.99997
4.89662e+10 1.09045e-08 2.82658e-05 0.999972
4.91546e+10 1.01431e-08 2.63056e-05 0.999974
4.93436e+10 9.43264e-09 2.44767e-05 0.999976
4.95334e+10 8.76981e-09 2.2769e-05 0.999977
4.97239e+10 8.15157e-09 2.11755e-05 0.999979
4.99152e+10 7.57507e-09 1.96883e-05 0.99998
5.01072e+10 7.03761e-09 1.83015e-05 0.999982
5.02999e+10 6.53668e-09 1.70085e-05 0.999983
5.04934e+10 6.0699e-09 1.58026e-05 0.999984
5.06876e+10 5.63506e-09 1.4679e-05 0.999985
5.08825e+10 5.23007e-09 1.36322e-05 0.999986
5.10783e+10 4.85297e-09 1.26563e-05 0.999987
5.12747e+10 4.50193e-09 1.17481e-05 0.999988
5.14719e+10 4.17523e-09 1.09023e-05 0.999989
5.16699e+10 3.87126e-09 1.01147e-05 0.99999
5.18687e+10 3.58851e-09 9.38163e-06 0.999991
5.20682e+10 3.32556e-09 8.69979e-06 0.999991
5.22684e+10 3.08109e-09 8.06577e-06 0.999992
5.24695e+10 2.85386e-09 7.4758e-06 0.999993
5.26713e+10 2.64271e-09 6.92749e-06 0.999993
5.28739e+10 2.44655e-09 6.41781e-06 0.999994
5.30772e+10 2.26436e-09 5.94439e-06 0.999994
5.32814e+10 2.09519e-09 5.50434e-06 0.999994
5.34863e+10 1.93815e-09 5.09582e-06 0.999995
5.3692e+10 1.79241e-09 4.71649e-06 0.999995
5.38986e+10 1.65719e-09 4.3642e-06 0.999996
5.41059e+10 1.53177e-09 4.03742e-06 0.999996
5.4314e+10 1.41547e-09 3.73424e-06 0.999996
5.45229e+10 1.30764e-09 3.45305e-06 0.999997
5.47326e+10 1.20771e-09 3.19231e-06 0.999997
5.49431e+10 1.11511e-09 2.95061e-06 0.999997
5.51544e+10 1.02934e-09 2.72662e-06 0.999997
5.53666e+10 9.49902e-10 2.51901e-06 0.999997
5.55795e+10 8.76359e-10 2.32682e-06 0.999998
5.57933e+10 8.0829e-10 2.14877e-06 0.999998
5.60079e+10 7.45303e-10 1.98397e-06 0.999998
5.62233e+10 6.87035e-10 1.83146e-06 0.999998
5.64396e+10 6.33148e-10 1.6903e-06 0.999998
5.66567e+10 5.83326e-10 1.55976e-06 0.999998
5.68746e+10 5.37274e-10 1.43905e-06 0.999999
5.70934e+10 4.9472e-10 1.32744e-06 0.999999
5.73129e+10 4.55409e-10 1.22435e-06 0.999999
5.75334e+10 4.19103e-10 1.12903e-06 0.999999
5.77547e+10 3.85583e-10 1.041e-06 0.999999
5.79768e+10 3.54643e-10 9.59731e-07 0.999999
5.81998e+10 3.26093e-10 8.84692e-07 0.999999
5.84237e+10 2.99756e-10 8.15424e-07 0.999999
5.86484e+10 2.75466e-10 7.51533e-07 0.999999
5.8874e+10 2.53072e-10 6.92591e-07 0.999999
5.91004e+10 2.32431e-10 6.38257e-07 0.999999
5.93277e+10 2.13412e-10 5.88162e-07 0.999999
5.95559e+10 1.95892e-10 5.41992e-07 0.999999
5.9785e+10 1.79758e-10 4.9945e-07 1
6.00149e+10 1.64904e-10 4.60281e-07 1
6.02458e+10 1.51233e-10 4.24198e-07 1
6.04775e+10 1.38654e-10 3.90996e-07 1
6.07101e+10 1.27084e-10 3.60442e-07 1
6.09436e+10 1.16444e-10 3.32333e-07 1
6.1178e+10 1.06664e-10 3.06482e-07 1
6.14133e+10 9.7675e-11 2.82715e-07 1
6.16496e+10 8.9417e-11 2.60861e-07 1
6.18867e+10 8.18323e-11 2.4079e-07 1
6.21247e+10 7.48683e-11 2.22355e-07 1
6.23637e+10 6.84759e-11 2.0542e-07 1
6.26035e+10 6.26102e-11 1.89881e-07 1
6.28443e+10 5.72294e-11 1.75617e-07 1
6.3086e+10 5.22948e-11 1.62531e-07 1
6.33287e+10 4.77709e-11 1.50526e-07 1
6.35723e+10 4.36248e-11 1.39521e-07 1
6.38168e+10 3.98261e-11 1.29435e-07 1
6.40623e+10 3.63468e-11 1.20191e-07 1
6.43087e+10 3.3161e-11 1.11725e-07 1
6.4556e+10 3.02449e-11 1.03974e-07 1
6.48043e+10 2.75765e-11 9.68768e-08 1
6.50536e+10 2.51355e-11 9.03809e-08 1
6.53038e+10 2.29032e-11 8.44396e-08 1
6.5555e+10 2.08625e-11 7.90051e-08 1
6.58071e+10 1.89975e-11 7.40378e-08 1
6.60602e+10 1.72937e-11 6.94974e-08 1
6.63143e+10 1.57375e-11 6.53485e-08 1
6.65694e+10 1.43167e-11 6.15586e-08 1
6.68254e+10 1.30199e-11 5.80993e-08 1
6.70824e+10 1.18367e-11 5.49415e-08 1
6.73405e+10 1.07575e-11 5.20589e-08 1
6.75995e+10 9.77346e-12 4.94303e-08 1
6.78595e+10 8.87647e-12 4.70334e-08 1
6.81205e+10 8.05912e-12 4.48484e-08 1
6.83825e+10 7.31458e-12 4.28574e-08 1
6.86455e+10 6.63659e-12 4.10436e-08 1
6.89096e+10 6.01942e-12 3.93914e-08 1
6.91746e+10 5.45779e-12 3.78879e-08 1
6.94407e+10 4.94689e-12 3.65193e-08 1
6.97078e+10 4.48228e-12 3.52744e-08 1
6.99759e+10 4.05991e-12 3.41423e-08 1
7.0245e+10 3.67609e-12 3.31133e-08 1
7.05152e+10 3.3274e-12 3.21778e-08 1
7.07864e+10 3.01074e-12 3.13282e-08 1
7.10587e+10 2.72327e-12 3.05563e-08 1
7.1332e+10 2.46239e-12 2.98558e-08 1
7.16064e+10 2.22572e-12 2.92199e-08 1
7.18818e+10 2.01109e-12 2.86431e-08 1
7.21583e+10 1.81651e-12 2.81199e-08 1
7.24358e+10 1.64018e-12 2.76458e-08 1
7.27144e+10 1.48044e-12 2.7216e-08 1
7.29941e+10 1.33578e-12 2.68266e-08 1
7.32749e+10 1.20482e-12 2.6474e-08 1
7.35567e+10 1.08631e-12 2.61549e-08 1
7.38396e+10 1e-12 2.58631e-08 1
7.41236e+10 1e-12 2.55823e-08 1
7.44087e+10 1e-12 2.53005e-08 1
7.46949e+10 1e-12 2.50175e-08 1
7.49822e+10 1e-12 2.47335e-08 1
7.52706e+10 1e-12 2.44484e-08 1
7.55601e+10 1e-12 2.41621e-08 1
7.58508e+10 1e-12 2.38748e-08 1
7.61425e+10 1e-12 2.35864e-08 1
7.64354e+10 1e-12 2.32968e-08 1
7.67294e+10 1e-12 2.30061e-08 1
7.70245e+10 1e-12 2.27144e-08 1
7.73208e+10 1e-12 2.24215e-08 1
7.76182e+10 1e-12 2.21274e-08 1
7.79167e+10 1e-12 2.18323e-08 1
7.82164e+10 1e-12 2.1536e-08 1
7.85172e+10 1e-12 2.12387e-08 1
7.88192e+10 1e-12 2.09401e-08 1
7.91224e+10 1e-12 2.06403e-08 1
7.94267e+10 1e-12 2.03395e-08 1
7.97322e+10 1e-12 2.00375e-08 1
8.00389e+10 1e-12 1.97342e-08 1
8.03468e+10 1e-12 1.94298e-08 1
8.06558e+10 1e-12 1.91244e-08 1
8.0966e+10 1e-12 1.88177e-08 1
8.12774e+10 1e-12 1.85098e-08 1
8.15901e+10 1e-12 1.82007e-08 1
8.19039e+10 1e-12 1.78904e-08 1
8.22189e+10 1e-12 1.7579e-08 1
8.25351e+10 1e-12 1.72664e-08 1
8.28526e+10 1e-12 1.69525e-08 1
8.31713e+10 1e-12 1.66374e-08 1
8.34912e+10 1e-12 1.63212e-08 1
8.38123e+10 1e-12 1.60037e-08 1
8.41347e+10 1e-12 1.5685e-08 1
8.44583e+10 1e-12 1.53651e-08 1
8.47831e+10 1e-12 1.5044e-08 1
8.51092e+10 1e-12 1.47216e-08 1
8.54366e+10 1e-12 1.43979e-08 1
8.57652e+10 1e-12 1.4073e-08 1
8.60951e+10 1e-12 1.37469e-08 1
8.64262e+10 1e-12 1.34195e-08 1
8.67586e+10 1e-12 1.30909e-08 1
8.70923e+10 1e-12 1.2761e-08 1
8.74273e+10 1e-12 1.24298e-08 1
8.77636e+10 1e-12 1.20973e-08 1
8.81012e+10 1e-12 1.17636e-08 1
8.844e+10 1e-12 1.14286e-08 1
8.87802e+10 1e-12 1.10923e-08 1
8.91217e+10 1e-12 1.07547e-08 1
8.94645e+10 1e-12 1.04158e-08 1
8.98086e+10 1e-12 1.00756e-08 1
9.0154e+10 1e-12 9.7341e-09 1
9.05008e+10 1e-12 9.39124e-09 1
9.08489e+10 1e-12 9.0471e-09 1
9.11983e+10 1e-12 8.70167e-09 1
9.15491e+10 1e-12 8.35486e-09 1
9.19012e+10 1e-12 8.00676e-09 1
9.22547e+10 1e-12 7.65728e-09 1
9.26095e+10 1e-12 7.30651e-09 1
9.29657e+10 1e-12 6.95436e-09 1
9.33233e+10 1e-12 6.60082e-09 1
9.36822e+10 1e-12 6.246e-09 1
9.40426e+10 1e-12 5.8897e-09 1
9.44043e+10 1e-12 5.53211e-09 1
9.47674e+10 1e-12 5.17313e-09 1
9.51319e+10 1e-12 4.81278e-09 1
9.54978e+10 1e-12 4.45103e-09 1
9.58651e+10 1e-12 4.08791e-09 1
9.62338e+10 1e-12 3.7234e-09 1
9.6604e+10 1e-12 3.35741e-09 1
9.69755e+10 1e-12 2.99013e-09 1
9.73485e+10 1e-12 2.62137e-09 1
9.7723e+10 1e-12 2.25112e-09 1
9.80988e+10 1e-12 1.87959e-09 1
9.84762e+10 1e-12 1.50648e-09 1
9.88549e+10 1e-12 1.13209e-09 1
9.92352e+10 1e-12 7.56108e-10 1
9.96168e+10 1e-12 3.78845e-10 1
1e+11 1e-12 0 1
