# model IIM
# columns: Enu_GeV r_cm r_km tau
100000 1e+06 10 9.3439e+07
100000 1.00385e+06 10.0385 9.27234e+07
100000 1.00771e+06 10.0771 9.20142e+07
100000 1.01158e+06 10.1158 9.13112e+07
100000 1.01547e+06 10.1547 9.06128e+07
100000 1.01938e+06 10.1938 8.99188e+07
100000 1.0233e+06 10.233 8.92309e+07
100000 1.02724e+06 10.2724 8.85475e+07
100000 1.03119e+06 10.3119 8.78702e+07
100000 1.03515e+06 10.3515 8.7199e+07
100000 1.03914e+06 10.3914 8.65304e+07
100000 1.04313e+06 10.4313 8.58695e+07
100000 1.04714e+06 10.4714 8.52128e+07
100000 1.05117e+06 10.5117 8.45605e+07
100000 1.05522e+06 10.5522 8.39124e+07
100000 1.05927e+06 10.5927 8.32717e+07
100000 1.06335e+06 10.6335 8.26337e+07
100000 1.06744e+06 10.6744 8.20015e+07
100000 1.07154e+06 10.7154 8.13749e+07
100000 1.07567e+06 10.7567 8.0751e+07
100000 1.0798e+06 10.798 8.01343e+07
100000 1.08396e+06 10.8396 7.95202e+07
100000 1.08813e+06 10.8813 7.89116e+07
100000 1.09231e+06 10.9231 7.83086e+07
100000 1.09651e+06 10.9651 7.77097e+07
100000 1.10073e+06 11.0073 7.71147e+07
100000 1.10496e+06 11.0496 7.65252e+07
100000 1.10921e+06 11.0921 7.59397e+07
100000 1.11348e+06 11.1348 7.53582e+07
100000 1.11776e+06 11.1776 7.4782e+07
100000 1.12206e+06 11.2206 7.42097e+07
100000 1.12638e+06 11.2638 7.36414e+07
100000 1.13071e+06 11.3071 7.30782e+07
100000 1.13506e+06 11.3506 7.25189e+07
100000 1.13942e+06 11.3942 7.19648e+07
100000 1.14381e+06 11.4381 7.14133e+07
100000 1.14821e+06 11.4821 7.08668e+07
100000 1.15262e+06 11.5262 7.03253e+07
100000 1.15706e+06 11.5706 6.97864e+07
100000 1.16151e+06 11.6151 6.92525e+07
100000 1.16597e+06 11.6597 6.87235e+07
100000 1.17046e+06 11.7046 6.81971e+07
100000 1.17496e+06 11.7496 6.76755e+07
100000 1.17948e+06 11.7948 6.71576e+07
100000 1.18402e+06 11.8402 6.66434e+07
100000 1.18857e+06 11.8857 6.61339e+07
100000 1.19314e+06 11.9314 6.5628e+07
100000 1.19773e+06 11.9773 6.51258e+07
100000 1.20234e+06 12.0234 6.46272e+07
100000 1.20696e+06 12.0696 6.41331e+07
100000 1.21161e+06 12.1161 6.36416e+07
100000 1.21627e+06 12.1627 6.31547e+07
100000 1.22094e+06 12.2094 6.26723e+07
100000 1.22564e+06 12.2564 6.21924e+07
100000 1.23035e+06 12.3035 6.17169e+07
100000 1.23509e+06 12.3509 6.12439e+07
100000 1.23984e+06 12.3984 6.07754e+07
100000 1.24461e+06 12.4461 6.03102e+07
100000 1.24939e+06 12.4939 5.98494e+07
100000 1.2542e+06 12.542 5.9391e+07
100000 1.25902e+06 12.5902 5.8937e+07
100000 1.26386e+06 12.6386 5.84863e+07
100000 1.26873e+06 12.6873 5.80379e+07
100000 1.27361e+06 12.7361 5.75938e+07
100000 1.2785e+06 12.785 5.71539e+07
100000 1.28342e+06 12.8342 5.67164e+07
100000 1.28836e+06 12.8836 5.62821e+07
100000 1.29331e+06 12.9331 5.58519e+07
100000 1.29829e+06 12.9829 5.54241e+07
100000 1.30328e+06 13.0328 5.50003e+07
100000 1.30829e+06 13.0829 5.45797e+07
100000 1.31333e+06 13.1333 5.41614e+07
100000 1.31838e+06 13.1838 5.37471e+07
100000 1.32345e+06 13.2345 5.33359e+07
100000 1.32854e+06 13.2854 5.29278e+07
100000 1.33365e+06 13.3365 5.25228e+07
100000 1.33878e+06 13.3878 5.21209e+07
100000 1.34393e+06 13.4393 5.1722e+07
100000 1.3491e+06 13.491 5.13262e+07
100000 1.35429e+06 13.5429 5.09334e+07
100000 1.3595e+06 13.595 5.05435e+07
100000 1.36472e+06 13.6472 5.01575e+07
100000 1.36997e+06 13.6997 4.97736e+07
100000 1.37524e+06 13.7524 4.93927e+07
100000 1.38053e+06 13.8053 4.90147e+07
100000 1.38584e+06 13.8584 4.86396e+07
100000 1.39117e+06 13.9117 4.82675e+07
100000 1.39652e+06 13.9652 4.78982e+07
100000 1.4019e+06 14.019 4.75311e+07
100000 1.40729e+06 14.0729 4.71675e+07
100000 1.4127e+06 14.127 4.68068e+07
100000 1.41813e+06 14.1813 4.64489e+07
100000 1.42359e+06 14.2359 4.60931e+07
100000 1.42906e+06 14.2906 4.57407e+07
100000 1.43456e+06 14.3456 4.53905e+07
100000 1.44008e+06 14.4008 4.5043e+07
100000 1.44562e+06 14.4562 4.46983e+07
100000 1.45118e+06 14.5118 4.43563e+07
100000 1.45676e+06 14.5676 4.4017e+07
100000 1.46236e+06 14.6236 4.36803e+07
100000 1.46799e+06 14.6799 4.33458e+07
100000 1.47363e+06 14.7363 4.30144e+07
100000 1.4793e+06 14.793 4.26852e+07
100000 1.48499e+06 14.8499 4.23585e+07
100000 1.4907e+06 14.907 4.20345e+07
100000 1.49644e+06 14.9644 4.17125e+07
100000 1.50219e+06 15.0219 4.13936e+07
100000 1.50797e+06 15.0797 4.10767e+07
100000 1.51377e+06 15.1377 4.07624e+07
100000 1.51959e+06 15.1959 4.04506e+07
100000 1.52544e+06 15.2544 4.01408e+07
100000 1.5313e+06 15.313 3.9834e+07
100000 1.53719e+06 15.3719 3.95292e+07
100000 1.54311e+06 15.4311 3.92263e+07
100000 1.54904e+06 15.4904 3.89264e+07
100000 1.555e+06 15.55 3.86284e+07
100000 1.56098e+06 15.6098 3.83329e+07
100000 1.56699e+06 15.6699 3.80392e+07
100000 1.57301e+06 15.7301 3.77485e+07
100000 1.57906e+06 15.7906 3.74596e+07
100000 1.58514e+06 15.8514 3.71727e+07
100000 1.59123e+06 15.9123 3.68885e+07
100000 1.59735e+06 15.9735 3.66063e+07
100000 1.6035e+06 16.035 3.63259e+07
100000 1.60967e+06 16.0967 3.60478e+07
100000 1.61586e+06 16.1586 3.5772e+07
100000 1.62207e+06 16.2207 3.54984e+07
100000 1.62831e+06 16.2831 3.52267e+07
100000 1.63457e+06 16.3457 3.49573e+07
100000 1.64086e+06 16.4086 3.46897e+07
100000 1.64717e+06 16.4717 3.44242e+07
100000 1.65351e+06 16.5351 3.41606e+07
100000 1.65987e+06 16.5987 3.38992e+07
100000 1.66625e+06 16.6625 3.364e+07
100000 1.67266e+06 16.7266 3.33825e+07
100000 1.67909e+06 16.7909 3.31272e+07
100000 1.68555e+06 16.8555 3.28736e+07
100000 1.69204e+06 16.9204 3.26217e+07
100000 1.69854e+06 16.9854 3.23724e+07
100000 1.70508e+06 17.0508 3.21244e+07
100000 1.71163e+06 17.1163 3.18789e+07
100000 1.71822e+06 17.1822 3.16347e+07
100000 1.72483e+06 17.2483 3.13925e+07
100000 1.73146e+06 17.3146 3.11524e+07
100000 1.73812e+06 17.3812 3.0914e+07
100000 1.74481e+06 17.4481 3.06773e+07
100000 1.75152e+06 17.5152 3.04425e+07
100000 1.75825e+06 17.5825 3.02098e+07
100000 1.76502e+06 17.6502 2.99784e+07
100000 1.77181e+06 17.7181 2.97489e+07
100000 1.77862e+06 17.7862 2.95214e+07
100000 1.78546e+06 17.8546 2.92955e+07
100000 1.79233e+06 17.9233 2.90712e+07
100000 1.79922e+06 17.9922 2.88489e+07
100000 1.80614e+06 18.0614 2.86281e+07
100000 1.81309e+06 18.1309 2.84089e+07
100000 1.82006e+06 18.2006 2.81916e+07
100000 1.82706e+06 18.2706 2.79759e+07
100000 1.83409e+06 18.3409 2.77617e+07
100000 1.84115e+06 18.4115 2.75491e+07
100000 1.84823e+06 18.4823 2.73383e+07
100000 1.85534e+06 18.5534 2.7129e+07
100000 1.86247e+06 18.6247 2.69216e+07
100000 1.86964e+06 18.6964 2.67154e+07
100000 1.87683e+06 18.7683 2.65109e+07
100000 1.88405e+06 18.8405 2.6308e+07
100000 1.89129e+06 18.9129 2.61069e+07
100000 1.89857e+06 18.9857 2.59069e+07
100000 1.90587e+06 19.0587 2.57087e+07
100000 1.9132e+06 19.132 2.5512e+07
100000 1.92056e+06 19.2056 2.53167e+07
100000 1.92795e+06 19.2795 2.51228e+07
100000 1.93536e+06 19.3536 2.49307e+07
100000 1.94281e+06 19.4281 2.47398e+07
100000 1.95028e+06 19.5028 2.45505e+07
100000 1.95778e+06 19.5778 2.43626e+07
100000 1.96531e+06 19.6531 2.41762e+07
100000 1.97287e+06 19.7287 2.39911e+07
100000 1.98046e+06 19.8046 2.38075e+07
100000 1.98808e+06 19.8808 2.36252e+07
100000 1.99572e+06 19.9572 2.34445e+07
100000 2.0034e+06 20.034 2.3265e+07
100000 2.0111e+06 20.111 2.30871e+07
100000 2.01884e+06 20.1884 2.29103e+07
100000 2.0266e+06 20.266 2.2735e+07
100000 2.0344e+06 20.344 2.25609e+07
100000 2.04222e+06 20.4222 2.23884e+07
100000 2.05008e+06 20.5008 2.22169e+07
100000 2.05796e+06 20.5796 2.2047e+07
100000 2.06588e+06 20.6588 2.18781e+07
100000 2.07383e+06 20.7383 2.17106e+07
100000 2.0818e+06 20.818 2.15446e+07
100000 2.08981e+06 20.8981 2.13796e+07
100000 2.09785e+06 20.9785 2.12159e+07
100000 2.10592e+06 21.0592 2.10535e+07
100000 2.11402e+06 21.1402 2.08924e+07
100000 2.12215e+06 21.2215 2.07325e+07
100000 2.13031e+06 21.3031 2.05739e+07
100000 2.1385e+06 21.385 2.04165e+07
100000 2.14673e+06 21.4673 2.02601e+07
100000 2.15499e+06 21.5499 2.0105e+07
100000 2.16327e+06 21.6327 1.99513e+07
100000 2.1716e+06 21.716 1.97984e+07
100000 2.17995e+06 21.7995 1.96469e+07
100000 2.18833e+06 21.8833 1.94966e+07
100000 2.19675e+06 21.9675 1.93473e+07
100000 2.2052e+06 22.052 1.91992e+07
100000 2.21368e+06 22.1368 1.90523e+07
100000 2.2222e+06 22.222 1.89064e+07
100000 2.23074e+06 22.3074 1.87618e+07
100000 2.23932e+06 22.3932 1.86182e+07
100000 2.24794e+06 22.4794 1.84756e+07
100000 2.25658e+06 22.5658 1.83343e+07
100000 2.26526e+06 22.6526 1.81939e+07
100000 2.27397e+06 22.7397 1.80547e+07
100000 2.28272e+06 22.8272 1.79165e+07
100000 2.2915e+06 22.915 1.77793e+07
100000 2.30031e+06 23.0031 1.76433e+07
100000 2.30916e+06 23.0916 1.75082e+07
100000 2.31804e+06 23.1804 1.73742e+07
100000 2.32696e+06 23.2696 1.72412e+07
100000 2.33591e+06 23.3591 1.71092e+07
100000 2.34489e+06 23.4489 1.69783e+07
100000 2.35391e+06 23.5391 1.68484e+07
100000 2.36297e+06 23.6297 1.67193e+07
100000 2.37206e+06 23.7206 1.65913e+07
100000 2.38118e+06 23.8118 1.64644e+07
100000 2.39034e+06 23.9034 1.63383e+07
100000 2.39953e+06 23.9953 1.62133e+07
100000 2.40876e+06 24.0876 1.60892e+07
100000 2.41803e+06 24.1803 1.5966e+07
100000 2.42733e+06 24.2733 1.58438e+07
100000 2.43666e+06 24.3666 1.57226e+07
100000 2.44604e+06 24.4604 1.56021e+07
100000 2.45544e+06 24.5544 1.54828e+07
100000 2.46489e+06 24.6489 1.53642e+07
100000 2.47437e+06 24.7437 1.52466e+07
100000 2.48389e+06 24.8389 1.51299e+07
100000 2.49344e+06 24.9344 1.50141e+07
100000 2.50303e+06 25.0303 1.48992e+07
100000 2.51266e+06 25.1266 1.47851e+07
100000 2.52232e+06 25.2232 1.4672e+07
100000 2.53202e+06 25.3202 1.45597e+07
100000 2.54176e+06 25.4176 1.44482e+07
100000 2.55154e+06 25.5154 1.43376e+07
100000 2.56135e+06 25.6135 1.42279e+07
100000 2.57121e+06 25.7121 1.41189e+07
100000 2.58109e+06 25.8109 1.40109e+07
100000 2.59102e+06 25.9102 1.39036e+07
100000 2.60099e+06 26.0099 1.37971e+07
100000 2.61099e+06 26.1099 1.36916e+07
100000 2.62104e+06 26.2104 1.35867e+07
100000 2.63112e+06 26.3112 1.34827e+07
100000 2.64124e+06 26.4124 1.33795e+07
100000 2.6514e+06 26.514 1.3277e+07
100000 2.66159e+06 26.6159 1.31755e+07
100000 2.67183e+06 26.7183 1.30746e+07
100000 2.68211e+06 26.8211 1.29745e+07
100000 2.69242e+06 26.9242 1.28752e+07
100000 2.70278e+06 27.0278 1.27766e+07
100000 2.71318e+06 27.1318 1.26788e+07
100000 2.72361e+06 27.2361 1.25817e+07
100000 2.73409e+06 27.3409 1.24854e+07
100000 2.7446e+06 27.446 1.23899e+07
100000 2.75516e+06 27.5516 1.2295e+07
100000 2.76576e+06 27.6576 1.22008e+07
100000 2.77639e+06 27.7639 1.21075e+07
100000 2.78707e+06 27.8707 1.20148e+07
100000 2.79779e+06 27.9779 1.19228e+07
100000 2.80855e+06 28.0855 1.18316e+07
100000 2.81936e+06 28.1936 1.17409e+07
100000 2.8302e+06 28.302 1.16511e+07
100000 2.84109e+06 28.4109 1.15618e+07
100000 2.85201e+06 28.5201 1.14734e+07
100000 2.86298e+06 28.6298 1.13856e+07
100000 2.874e+06 28.74 1.12983e+07
100000 2.88505e+06 28.8505 1.12119e+07
100000 2.89615e+06 28.9615 1.1126e+07
100000 2.90729e+06 29.0729 1.10408e+07
100000 2.91847e+06 29.1847 1.09563e+07
100000 2.92969e+06 29.2969 1.08725e+07
100000 2.94096e+06 29.4096 1.07892e+07
100000 2.95227e+06 29.5227 1.07066e+07
100000 2.96363e+06 29.6363 1.06246e+07
100000 2.97503e+06 29.7503 1.05433e+07
100000 2.98647e+06 29.8647 1.04626e+07
100000 2.99796e+06 29.9796 1.03825e+07
100000 3.00949e+06 30.0949 1.0303e+07
100000 3.02106e+06 30.2106 1.02241e+07
100000 3.03268e+06 30.3268 1.01459e+07
100000 3.04435e+06 30.4435 1.00681e+07
100000 3.05606e+06 30.5606 9.99106e+06
100000 3.06781e+06 30.6781 9.91459e+06
100000 3.07961e+06 30.7961 9.83868e+06
100000 3.09146e+06 30.9146 9.76332e+06
100000 3.10335e+06 31.0335 9.68858e+06
100000 3.11529e+06 31.1529 9.61438e+06
100000 3.12727e+06 31.2727 9.54078e+06
100000 3.1393e+06 31.393 9.46772e+06
100000 3.15137e+06 31.5137 9.39526e+06
100000 3.16349e+06 31.6349 9.32334e+06
100000 3.17566e+06 31.7566 9.25194e+06
100000 3.18787e+06 31.8787 9.18113e+06
100000 3.20014e+06 32.0014 9.11078e+06
100000 3.21244e+06 32.1244 9.04108e+06
100000 3.2248e+06 32.248 8.97183e+06
100000 3.2372e+06 32.372 8.90316e+06
100000 3.24966e+06 32.4966 8.83494e+06
100000 3.26215e+06 32.6215 8.76734e+06
100000 3.2747e+06 32.747 8.7002e+06
100000 3.2873e+06 32.873 8.63356e+06
100000 3.29994e+06 32.9994 8.56748e+06
100000 3.31263e+06 33.1263 8.50189e+06
100000 3.32537e+06 33.2537 8.4368e+06
100000 3.33817e+06 33.3817 8.37215e+06
100000 3.351e+06 33.51 8.30809e+06
100000 3.36389e+06 33.6389 8.24448e+06
100000 3.37683e+06 33.7683 8.18134e+06
100000 3.38982e+06 33.8982 8.11869e+06
100000 3.40286e+06 34.0286 8.05652e+06
100000 3.41595e+06 34.1595 7.99482e+06
100000 3.42909e+06 34.2909 7.9336e+06
100000 3.44228e+06 34.4228 7.87284e+06
100000 3.45552e+06 34.5552 7.81256e+06
100000 3.46881e+06 34.6881 7.75274e+06
100000 3.48215e+06 34.8215 7.69339e+06
100000 3.49554e+06 34.9554 7.63449e+06
100000 3.50899e+06 35.0899 7.57601e+06
100000 3.52248e+06 35.2248 7.51803e+06
100000 3.53603e+06 35.3603 7.46045e+06
100000 3.54963e+06 35.4963 7.40333e+06
100000 3.56329e+06 35.6329 7.34661e+06
100000 3.57699e+06 35.7699 7.29037e+06
100000 3.59075e+06 35.9075 7.23454e+06
100000 3.60456e+06 36.0456 7.17915e+06
100000 3.61842e+06 36.1842 7.12419e+06
100000 3.63234e+06 36.3234 7.06962e+06
100000 3.64631e+06 36.4631 7.01549e+06
100000 3.66034e+06 36.6034 6.96175e+06
100000 3.67442e+06 36.7442 6.90843e+06
100000 3.68855e+06 36.8855 6.85554e+06
100000 3.70274e+06 37.0274 6.80303e+06
100000 3.71698e+06 37.1698 6.75094e+06
100000 3.73128e+06 37.3128 6.69923e+06
100000 3.74563e+06 37.4563 6.64794e+06
100000 3.76003e+06 37.6003 6.59705e+06
100000 3.7745e+06 37.745 6.54651e+06
100000 3.78901e+06 37.8901 6.4964e+06
100000 3.80359e+06 38.0359 6.44663e+06
100000 3.81822e+06 38.1822 6.39726e+06
100000 3.8329e+06 38.329 6.34829e+06
100000 3.84765e+06 38.4765 6.29965e+06
100000 3.86244e+06 38.6244 6.25143e+06
100000 3.8773e+06 38.773 6.20355e+06
100000 3.89221e+06 38.9221 6.15605e+06
100000 3.90718e+06 39.0718 6.10891e+06
100000 3.92221e+06 39.2221 6.06212e+06
100000 3.9373e+06 39.373 6.01568e+06
100000 3.95244e+06 39.5244 5.96962e+06
100000 3.96765e+06 39.6765 5.92388e+06
100000 3.98291e+06 39.8291 5.87851e+06
100000 3.99823e+06 39.9823 5.83349e+06
100000 4.0136e+06 40.136 5.78884e+06
100000 4.02904e+06 40.2904 5.7445e+06
100000 4.04454e+06 40.4454 5.70049e+06
100000 4.06009e+06 40.6009 5.65685e+06
100000 4.07571e+06 40.7571 5.61352e+06
100000 4.09139e+06 40.9139 5.57052e+06
100000 4.10712e+06 41.0712 5.52787e+06
100000 4.12292e+06 41.2292 5.48553e+06
100000 4.13878e+06 41.3878 5.44351e+06
100000 4.1547e+06 41.547 5.40182e+06
100000 4.17068e+06 41.7068 5.36044e+06
100000 4.18672e+06 41.8672 5.31939e+06
100000 4.20282e+06 42.0282 5.27866e+06
100000 4.21899e+06 42.1899 5.23822e+06
100000 4.23522e+06 42.3522 5.19809e+06
100000 4.25151e+06 42.5151 5.15828e+06
100000 4.26786e+06 42.6786 5.11878e+06
100000 4.28427e+06 42.8427 5.07958e+06
100000 4.30075e+06 43.0075 5.04067e+06
100000 4.3173e+06 43.173 5.00205e+06
100000 4.3339e+06 43.339 4.96375e+06
100000 4.35057e+06 43.5057 4.92573e+06
100000 4.3673e+06 43.673 4.88801e+06
100000 4.3841e+06 43.841 4.85056e+06
100000 4.40096e+06 44.0096 4.81342e+06
100000 4.41789e+06 44.1789 4.77654e+06
100000 4.43488e+06 44.3488 4.73996e+06
100000 4.45194e+06 44.5194 4.70365e+06
100000 4.46907e+06 44.6907 4.66761e+06
100000 4.48626e+06 44.8626 4.63185e+06
100000 4.50351e+06 45.0351 4.59639e+06
100000 4.52083e+06 45.2083 4.56118e+06
100000 4.53822e+06 45.3822 4.52624e+06
100000 4.55568e+06 45.5568 4.49156e+06
100000 4.5732e+06 45.732 4.45716e+06
100000 4.59079e+06 45.9079 4.42302e+06
100000 4.60845e+06 46.0845 4.38913e+06
100000 4.62617e+06 46.2617 4.35552e+06
100000 4.64397e+06 46.4397 4.32215e+06
100000 4.66183e+06 46.6183 4.28904e+06
100000 4.67976e+06 46.7976 4.25619e+06
100000 4.69776e+06 46.9776 4.22359e+06
100000 4.71583e+06 47.1583 4.19123e+06
100000 4.73397e+06 47.3397 4.15912e+06
100000 4.75217e+06 47.5217 4.12727e+06
100000 4.77045e+06 47.7045 4.09566e+06
100000 4.7888e+06 47.888 4.06428e+06
100000 4.80722e+06 48.0722 4.03314e+06
100000 4.82571e+06 48.2571 4.00225e+06
100000 4.84427e+06 48.4427 3.97159e+06
100000 4.8629e+06 48.629 3.94117e+06
100000 4.88161e+06 48.8161 3.91097e+06
100000 4.90038e+06 49.0038 3.88101e+06
100000 4.91923e+06 49.1923 3.85128e+06
100000 4.93815e+06 49.3815 3.82178e+06
100000 4.95715e+06 49.5715 3.79249e+06
100000 4.97621e+06 49.7621 3.76345e+06
100000 4.99535e+06 49.9535 3.73461e+06
100000 5.01457e+06 50.1457 3.70599e+06
100000 5.03385e+06 50.3385 3.67761e+06
100000 5.05322e+06 50.5322 3.64943e+06
100000 5.07265e+06 50.7265 3.62148e+06
100000 5.09216e+06 50.9216 3.59373e+06
100000 5.11175e+06 51.1175 3.56619e+06
100000 5.13141e+06 51.3141 3.53887e+06
100000 5.15115e+06 51.5115 3.51176e+06
100000 5.17096e+06 51.7096 3.48485e+06
100000 5.19085e+06 51.9085 3.45815e+06
100000 5.21081e+06 52.1081 3.43167e+06
100000 5.23086e+06 52.3086 3.40537e+06
100000 5.25098e+06 52.5098 3.37927e+06
100000 5.27117e+06 52.7117 3.35339e+06
100000 5.29145e+06 52.9145 3.32769e+06
100000 5.3118e+06 53.118 3.3022e+06
100000 5.33223e+06 53.3223 3.2769e+06
100000 5.35274e+06 53.5274 3.25179e+06
100000 5.37333e+06 53.7333 3.22687e+06
100000 5.394e+06 53.94 3.20215e+06
100000 5.41474e+06 54.1474 3.17762e+06
100000 5.43557e+06 54.3557 3.15327e+06
100000 5.45648e+06 54.5648 3.1291e+06
100000 5.47746e+06 54.7746 3.10514e+06
100000 5.49853e+06 54.9853 3.08134e+06
100000 5.51968e+06 55.1968 3.05773e+06
100000 5.54091e+06 55.4091 3.0343e+06
100000 5.56222e+06 55.6222 3.01105e+06
100000 5.58362e+06 55.8362 2.98797e+06
100000 5.60509e+06 56.0509 2.96509e+06
100000 5.62665e+06 56.2665 2.94236e+06
100000 5.64829e+06 56.4829 2.91982e+06
100000 5.67002e+06 56.7002 2.89744e+06
100000 5.69183e+06 56.9183 2.87524e+06
100000 5.71372e+06 57.1372 2.85321e+06
100000 5.7357e+06 57.357 2.83134e+06
100000 5.75776e+06 57.5776 2.80965e+06
100000 5.7799e+06 57.799 2.78812e+06
100000 5.80214e+06 58.0214 2.76675e+06
100000 5.82445e+06 58.2445 2.74555e+06
100000 5.84685e+06 58.4685 2.72451e+06
100000 5.86934e+06 58.6934 2.70364e+06
100000 5.89192e+06 58.9192 2.68291e+06
100000 5.91458e+06 59.1458 2.66235e+06
100000 5.93733e+06 59.3733 2.64195e+06
100000 5.96017e+06 59.6017 2.6217e+06
100000 5.98309e+06 59.8309 2.60161e+06
100000 6.0061e+06 60.061 2.58168e+06
100000 6.02921e+06 60.2921 2.56189e+06
100000 6.0524e+06 60.524 2.54225e+06
100000 6.07567e+06 60.7567 2.52278e+06
100000 6.09904e+06 60.9904 2.50344e+06
100000 6.1225e+06 61.225 2.48426e+06
100000 6.14605e+06 61.4605 2.46522e+06
100000 6.16969e+06 61.6969 2.44632e+06
100000 6.19342e+06 61.9342 2.42757e+06
100000 6.21724e+06 62.1724 2.40897e+06
100000 6.24116e+06 62.4116 2.3905e+06
100000 6.26516e+06 62.6516 2.37219e+06
100000 6.28926e+06 62.8926 2.354e+06
100000 6.31345e+06 63.1345 2.33596e+06
100000 6.33773e+06 63.3773 2.31806e+06
100000 6.36211e+06 63.6211 2.30029e+06
100000 6.38658e+06 63.8658 2.28266e+06
100000 6.41115e+06 64.1115 2.26516e+06
100000 6.4358e+06 64.358 2.24781e+06
100000 6.46056e+06 64.6056 2.23057e+06
100000 6.48541e+06 64.8541 2.21348e+06
100000 6.51035e+06 65.1035 2.19652e+06
100000 6.53539e+06 65.3539 2.17968e+06
100000 6.56053e+06 65.6053 2.16297e+06
100000 6.58576e+06 65.8576 2.14639e+06
100000 6.6111e+06 66.111 2.12994e+06
100000 6.63652e+06 66.3652 2.11362e+06
100000 6.66205e+06 66.6205 2.09741e+06
100000 6.68767e+06 66.8767 2.08134e+06
100000 6.7134e+06 67.134 2.06538e+06
100000 6.73922e+06 67.3922 2.04955e+06
100000 6.76514e+06 67.6514 2.03384e+06
100000 6.79116e+06 67.9116 2.01825e+06
100000 6.81728e+06 68.1728 2.00278e+06
100000 6.8435e+06 68.435 1.98743e+06
100000 6.86982e+06 68.6982 1.97219e+06
100000 6.89625e+06 68.9625 1.95707e+06
100000 6.92277e+06 69.2277 1.94207e+06
100000 6.9494e+06 69.494 1.92718e+06
100000 6.97613e+06 69.7613 1.91241e+06
100000 7.00296e+06 70.0296 1.89775e+06
100000 7.0299e+06 70.299 1.8832e+06
100000 7.05694e+06 70.5694 1.86876e+06
100000 7.08408e+06 70.8408 1.85443e+06
100000 7.11133e+06 71.1133 1.84022e+06
100000 7.13868e+06 71.3868 1.82611e+06
100000 7.16614e+06 71.6614 1.81211e+06
100000 7.1937e+06 71.937 1.79822e+06
100000 7.22137e+06 72.2137 1.78443e+06
100000 7.24914e+06 72.4914 1.77075e+06
100000 7.27703e+06 72.7703 1.75717e+06
100000 7.30502e+06 73.0502 1.7437e+06
100000 7.33311e+06 73.3311 1.73034e+06
100000 7.36132e+06 73.6132 1.71707e+06
100000 7.38963e+06 73.8963 1.70391e+06
100000 7.41806e+06 74.1806 1.69084e+06
100000 7.44659e+06 74.4659 1.67788e+06
100000 7.47523e+06 74.7523 1.66501e+06
100000 7.50398e+06 75.0398 1.65225e+06
100000 7.53284e+06 75.3284 1.63958e+06
100000 7.56182e+06 75.6182 1.62701e+06
100000 7.5909e+06 75.909 1.61453e+06
100000 7.6201e+06 76.201 1.60215e+06
100000 7.64941e+06 76.4941 1.58987e+06
100000 7.67883e+06 76.7883 1.57768e+06
100000 7.70837e+06 77.0837 1.56558e+06
100000 7.73801e+06 77.3801 1.55358e+06
100000 7.76778e+06 77.6778 1.54166e+06
100000 7.79765e+06 77.9765 1.52984e+06
100000 7.82765e+06 78.2765 1.51811e+06
100000 7.85775e+06 78.5775 1.50647e+06
100000 7.88798e+06 78.8798 1.49492e+06
100000 7.91832e+06 79.1832 1.48345e+06
100000 7.94877e+06 79.4877 1.47208e+06
100000 7.97935e+06 79.7935 1.46079e+06
100000 8.01004e+06 80.1004 1.44959e+06
100000 8.04085e+06 80.4085 1.43847e+06
100000 8.07177e+06 80.7177 1.42744e+06
100000 8.10282e+06 81.0282 1.41649e+06
100000 8.13399e+06 81.3399 1.40563e+06
100000 8.16527e+06 81.6527 1.39485e+06
100000 8.19668e+06 81.9668 1.38415e+06
100000 8.2282e+06 82.282 1.37354e+06
100000 8.25985e+06 82.5985 1.36301e+06
100000 8.29162e+06 82.9162 1.35255e+06
100000 8.32352e+06 83.2352 1.34218e+06
100000 8.35553e+06 83.5553 1.33188e+06
100000 8.38767e+06 83.8767 1.32167e+06
100000 8.41993e+06 84.1993 1.31153e+06
100000 8.45231e+06 84.5231 1.30148e+06
100000 8.48482e+06 84.8482 1.29149e+06
100000 8.51746e+06 85.1746 1.28159e+06
100000 8.55022e+06 85.5022 1.27176e+06
100000 8.58311e+06 85.8311 1.262e+06
100000 8.61612e+06 86.1612 1.25232e+06
100000 8.64926e+06 86.4926 1.24272e+06
100000 8.68253e+06 86.8253 1.23319e+06
100000 8.71592e+06 87.1592 1.22373e+06
100000 8.74945e+06 87.4945 1.21434e+06
100000 8.7831e+06 87.831 1.20503e+06
100000 8.81688e+06 88.1688 1.19578e+06
100000 8.8508e+06 88.508 1.18661e+06
100000 8.88484e+06 88.8484 1.17751e+06
100000 8.91901e+06 89.1901 1.16848e+06
100000 8.95332e+06 89.5332 1.15951e+06
100000 8.98775e+06 89.8775 1.15062e+06
100000 9.02232e+06 90.2232 1.14179e+06
100000 9.05703e+06 90.5703 1.13303e+06
100000 9.09186e+06 90.9186 1.12434e+06
100000 9.12683e+06 91.2683 1.11572e+06
100000 9.16194e+06 91.6194 1.10716e+06
100000 9.19718e+06 91.9718 1.09866e+06
100000 9.23255e+06 92.3255 1.09024e+06
100000 9.26806e+06 92.6806 1.08187e+06
100000 9.30371e+06 93.0371 1.07357e+06
100000 9.3395e+06 93.395 1.06533e+06
100000 9.37542e+06 93.7542 1.05716e+06
100000 9.41148e+06 94.1148 1.04905e+06
100000 9.44768e+06 94.4768 1.041e+06
100000 9.48402e+06 94.8402 1.03302e+06
100000 9.5205e+06 95.205 1.02509e+06
100000 9.55711e+06 95.5711 1.01723e+06
100000 9.59387e+06 95.9387 1.00942e+06
100000 9.63077e+06 96.3077 1.00168e+06
100000 9.66782e+06 96.6782 993991
100000 9.705e+06 97.05 986366
100000 9.74233e+06 97.4233 978797
100000 9.7798e+06 97.798 971287
100000 9.81742e+06 98.1742 963834
100000 9.85518e+06 98.5518 956438
100000 9.89309e+06 98.9309 949099
100000 9.93114e+06 99.3114 941816
100000 9.96934e+06 99.6934 934589
100000 1.00077e+07 100.077 927415
100000 1.00462e+07 100.462 920297
100000 1.00848e+07 100.848 913242
100000 1.01236e+07 101.236 906232
100000 1.01625e+07 101.625 899285
100000 1.02016e+07 102.016 892382
100000 1.02409e+07 102.409 885523
100000 1.02803e+07 102.803 878725
100000 1.03198e+07 103.198 871989
100000 1.03595e+07 103.595 865296
100000 1.03993e+07 103.993 858663
100000 1.04393e+07 104.393 852073
100000 1.04795e+07 104.795 845526
100000 1.05198e+07 105.198 839038
100000 1.05603e+07 105.603 832592
100000 1.06009e+07 106.009 826205
100000 1.06417e+07 106.417 819860
100000 1.06826e+07 106.826 813572
100000 1.07237e+07 107.237 807326
100000 1.07649e+07 107.649 801136
100000 1.08063e+07 108.063 794988
100000 1.08479e+07 108.479 788881
100000 1.08896e+07 108.896 782829
100000 1.09315e+07 109.315 776818
100000 1.09735e+07 109.735 770862
100000 1.10157e+07 110.157 764946
100000 1.10581e+07 110.581 759070
100000 1.11007e+07 111.007 753234
100000 1.11433e+07 111.433 747465
100000 1.11862e+07 111.862 741722
100000 1.12292e+07 112.292 736032
100000 1.12724e+07 112.724 730380
100000 1.13158e+07 113.158 724768
100000 1.13593e+07 113.593 719207
100000 1.1403e+07 114.03 713685
100000 1.14469e+07 114.469 708201
100000 1.14909e+07 114.909 702767
100000 1.15351e+07 115.351 697371
100000 1.15794e+07 115.794 692026
100000 1.1624e+07 116.24 686705
100000 1.16687e+07 116.687 681434
100000 1.17136e+07 117.136 676200
100000 1.17586e+07 117.586 671015
100000 1.18039e+07 118.039 665854
100000 1.18493e+07 118.493 660742
100000 1.18948e+07 118.948 655677
100000 1.19406e+07 119.406 650637
100000 1.19865e+07 119.865 645644
100000 1.20326e+07 120.326 640687
100000 1.20789e+07 120.789 635766
100000 1.21254e+07 121.254 630880
100000 1.2172e+07 121.72 626039
100000 1.22188e+07 122.188 621234
100000 1.22658e+07 122.658 616463
100000 1.2313e+07 123.13 611727
100000 1.23603e+07 123.603 607035
100000 1.24079e+07 124.079 602368
100000 1.24556e+07 124.556 597744
100000 1.25035e+07 125.035 593154
100000 1.25516e+07 125.516 588599
100000 1.25999e+07 125.999 584076
100000 1.26484e+07 126.484 579587
100000 1.2697e+07 126.97 575140
100000 1.27458e+07 127.458 570726
100000 1.27949e+07 127.949 566336
100000 1.28441e+07 128.441 561988
100000 1.28935e+07 128.935 557671
100000 1.29431e+07 129.431 553387
100000 1.29929e+07 129.929 549135
100000 1.30428e+07 130.428 544924
100000 1.3093e+07 130.93 540735
100000 1.31434e+07 131.434 536579
100000 1.31939e+07 131.939 532461
100000 1.32447e+07 132.447 528367
100000 1.32956e+07 132.956 524312
100000 1.33467e+07 133.467 520287
100000 1.33981e+07 133.981 516285
100000 1.34496e+07 134.496 512322
100000 1.35013e+07 135.013 508389
100000 1.35533e+07 135.533 504478
100000 1.36054e+07 136.054 500604
100000 1.36577e+07 136.577 496761
100000 1.37103e+07 137.103 492939
100000 1.3763e+07 137.63 489155
100000 1.38159e+07 138.159 485399
100000 1.38691e+07 138.691 481666
100000 1.39224e+07 139.224 477968
100000 1.3976e+07 139.76 474292
100000 1.40297e+07 140.297 470652
100000 1.40837e+07 140.837 467033
100000 1.41379e+07 141.379 463443
100000 1.41922e+07 141.922 459887
100000 1.42468e+07 142.468 456352
100000 1.43016e+07 143.016 452846
100000 1.43566e+07 143.566 449366
100000 1.44118e+07 144.118 445915
100000 1.44673e+07 144.673 442484
100000 1.45229e+07 145.229 439086
100000 1.45788e+07 145.788 435710
100000 1.46349e+07 146.349 432360
100000 1.46911e+07 146.911 429042
100000 1.47477e+07 147.477 425740
100000 1.48044e+07 148.044 422469
100000 1.48613e+07 148.613 419225
100000 1.49185e+07 149.185 416000
100000 1.49759e+07 149.759 412802
100000 1.50335e+07 150.335 409629
100000 1.50913e+07 150.913 406482
100000 1.51493e+07 151.493 403360
100000 1.52076e+07 152.076 400259
100000 1.52661e+07 152.661 397182
100000 1.53248e+07 153.248 394130
100000 1.53838e+07 153.838 391097
100000 1.54429e+07 154.429 388094
100000 1.55023e+07 155.023 385111
100000 1.5562e+07 155.62 382147
100000 1.56218e+07 156.218 379212
100000 1.56819e+07 156.819 376296
100000 1.57422e+07 157.422 373404
100000 1.58028e+07 158.028 370531
100000 1.58635e+07 158.635 367686
100000 1.59246e+07 159.246 364856
100000 1.59858e+07 159.858 362053
100000 1.60473e+07 160.473 359269
100000 1.6109e+07 161.09 356508
100000 1.6171e+07 161.71 353765
100000 1.62332e+07 162.332 351045
100000 1.62956e+07 162.956 348347
100000 1.63583e+07 163.583 345668
100000 1.64212e+07 164.212 343011
100000 1.64844e+07 164.844 340372
100000 1.65478e+07 165.478 337754
100000 1.66114e+07 166.114 335159
100000 1.66753e+07 166.753 332581
100000 1.67395e+07 167.395 330021
100000 1.68038e+07 168.038 327487
100000 1.68685e+07 168.685 324966
100000 1.69334e+07 169.334 322466
100000 1.69985e+07 169.985 319987
100000 1.70639e+07 170.639 317525
100000 1.71295e+07 171.295 315085
100000 1.71954e+07 171.954 312661
100000 1.72615e+07 172.615 310257
100000 1.73279e+07 173.279 307871
100000 1.73946e+07 173.946 305501
100000 1.74615e+07 174.615 303151
100000 1.75286e+07 175.286 300821
100000 1.7596e+07 175.96 298508
100000 1.76637e+07 176.637 296211
100000 1.77317e+07 177.317 293931
100000 1.77999e+07 177.999 291670
100000 1.78683e+07 178.683 289428
100000 1.79371e+07 179.371 287199
100000 1.80061e+07 180.061 284989
100000 1.80753e+07 180.753 282799
100000 1.81448e+07 181.448 280624
100000 1.82146e+07 182.146 278464
100000 1.82847e+07 182.847 276321
100000 1.8355e+07 183.55 274196
100000 1.84256e+07 184.256 272086
100000 1.84965e+07 184.965 269991
100000 1.85676e+07 185.676 267915
100000 1.8639e+07 186.39 265854
100000 1.87107e+07 187.107 263808
100000 1.87827e+07 187.827 261777
100000 1.88549e+07 188.549 259764
100000 1.89275e+07 189.275 257763
100000 1.90003e+07 190.003 255779
100000 1.90733e+07 190.733 253813
100000 1.91467e+07 191.467 251859
100000 1.92203e+07 192.203 249922
100000 1.92943e+07 192.943 247996
100000 1.93685e+07 193.685 246088
100000 1.9443e+07 194.43 244194
100000 1.95178e+07 195.178 242314
100000 1.95928e+07 195.928 240451
100000 1.96682e+07 196.682 238599
100000 1.97438e+07 197.438 236764
100000 1.98198e+07 198.198 234940
100000 1.9896e+07 198.96 233132
100000 1.99725e+07 199.725 231338
100000 2.00494e+07 200.494 229555
100000 2.01265e+07 201.265 227788
100000 2.02039e+07 202.039 226035
100000 2.02816e+07 202.816 224295
100000 2.03596e+07 203.596 222569
100000 2.04379e+07 204.379 220855
100000 2.05165e+07 205.165 219155
100000 2.05954e+07 205.954 217468
100000 2.06747e+07 206.747 215792
100000 2.07542e+07 207.542 214131
100000 2.0834e+07 208.34 212482
100000 2.09141e+07 209.141 210847
100000 2.09946e+07 209.946 209222
100000 2.10753e+07 210.753 207612
100000 2.11564e+07 211.564 206013
100000 2.12378e+07 212.378 204426
100000 2.13195e+07 213.195 202851
100000 2.14015e+07 214.015 201289
100000 2.14838e+07 214.838 199739
100000 2.15664e+07 215.664 198201
100000 2.16494e+07 216.494 196674
100000 2.17326e+07 217.326 195160
100000 2.18162e+07 218.162 193657
100000 2.19001e+07 219.001 192165
100000 2.19844e+07 219.844 190684
100000 2.20689e+07 220.689 189216
100000 2.21538e+07 221.538 187758
100000 2.2239e+07 222.39 186312
100000 2.23246e+07 223.246 184876
100000 2.24104e+07 224.104 183453
100000 2.24966e+07 224.966 182039
100000 2.25832e+07 225.832 180636
100000 2.267e+07 226.7 179245
100000 2.27572e+07 227.572 177864
100000 2.28447e+07 228.447 176494
100000 2.29326e+07 229.326 175134
100000 2.30208e+07 230.208 173784
100000 2.31094e+07 231.094 172444
100000 2.31982e+07 231.982 171117
100000 2.32875e+07 232.875 169797
100000 2.3377e+07 233.77 168490
100000 2.3467e+07 234.67 167190
100000 2.35572e+07 235.572 165902
100000 2.36478e+07 236.478 164624
100000 2.37388e+07 237.388 163354
100000 2.38301e+07 238.301 162096
100000 2.39217e+07 239.217 160847
100000 2.40138e+07 240.138 159606
100000 2.41061e+07 241.061 158377
100000 2.41988e+07 241.988 157156
100000 2.42919e+07 242.919 155944
100000 2.43854e+07 243.854 154741
100000 2.44791e+07 244.791 153550
100000 2.45733e+07 245.733 152365
100000 2.46678e+07 246.678 151191
100000 2.47627e+07 247.627 150025
100000 2.48579e+07 248.579 148869
100000 2.49536e+07 249.536 147720
100000 2.50495e+07 250.495 146582
100000 2.51459e+07 251.459 145451
100000 2.52426e+07 252.426 144330
100000 2.53397e+07 253.397 143217
100000 2.54372e+07 254.372 142112
100000 2.5535e+07 255.35 141017
100000 2.56332e+07 256.332 139930
100000 2.57318e+07 257.318 138850
100000 2.58308e+07 258.308 137779
100000 2.59301e+07 259.301 136717
100000 2.60299e+07 260.299 135662
100000 2.613e+07 261.3 134616
100000 2.62305e+07 262.305 133578
100000 2.63314e+07 263.314 132547
100000 2.64327e+07 264.327 131525
100000 2.65343e+07 265.343 130511
100000 2.66364e+07 266.364 129504
100000 2.67388e+07 267.388 128505
100000 2.68417e+07 268.417 127513
100000 2.69449e+07 269.449 126530
100000 2.70486e+07 270.486 125553
100000 2.71526e+07 271.526 124585
100000 2.7257e+07 272.57 123624
100000 2.73619e+07 273.619 122669
100000 2.74671e+07 274.671 121723
100000 2.75728e+07 275.728 120784
100000 2.76788e+07 276.788 119852
100000 2.77853e+07 277.853 118927
100000 2.78921e+07 278.921 118010
100000 2.79994e+07 279.994 117099
100000 2.81071e+07 281.071 116195
100000 2.82152e+07 282.152 115298
100000 2.83237e+07 283.237 114409
100000 2.84327e+07 284.327 113525
100000 2.8542e+07 285.42 112649
100000 2.86518e+07 286.518 111780
100000 2.8762e+07 287.62 110917
100000 2.88727e+07 288.727 110060
100000 2.89837e+07 289.837 109211
100000 2.90952e+07 290.952 108368
100000 2.92071e+07 292.071 107531
100000 2.93194e+07 293.194 106701
100000 2.94322e+07 294.322 105877
100000 2.95454e+07 295.454 105060
100000 2.96591e+07 296.591 104248
100000 2.97731e+07 297.731 103444
100000 2.98877e+07 298.877 102644
100000 3.00026e+07 300.026 101852
100000 3.0118e+07 301.18 101066
100000 3.02339e+07 302.339 100285
100000 3.03501e+07 303.501 99510.8
100000 3.04669e+07 304.669 98741.8
100000 3.05841e+07 305.841 97979.1
100000 3.07017e+07 307.017 97222.6
100000 3.08198e+07 308.198 96471.5
100000 3.09383e+07 309.383 95726.6
100000 3.10573e+07 310.573 94987.1
100000 3.11768e+07 311.768 94253.1
100000 3.12967e+07 312.967 93525.1
100000 3.14171e+07 314.171 92802.4
100000 3.15379e+07 315.379 92085.7
100000 3.16592e+07 316.592 91374.2
100000 3.1781e+07 317.81 90668.1
100000 3.19032e+07 319.032 89967.7
100000 3.20259e+07 320.259 89272.6
100000 3.21491e+07 321.491 88582.7
100000 3.22728e+07 322.728 87897.9
100000 3.23969e+07 323.969 87218.8
100000 3.25215e+07 325.215 86544.8
100000 3.26466e+07 326.466 85875.9
100000 3.27722e+07 327.722 85212
100000 3.28982e+07 328.982 84553.7
100000 3.30248e+07 330.248 83899.8
100000 3.31518e+07 331.518 83251.4
100000 3.32793e+07 332.793 82607.9
100000 3.34073e+07 334.073 81969.4
100000 3.35358e+07 335.358 81335.7
100000 3.36648e+07 336.648 80706.8
100000 3.37943e+07 337.943 80082.8
100000 3.39242e+07 339.242 79464
100000 3.40547e+07 340.547 78849.6
100000 3.41857e+07 341.857 78239.8
100000 3.43172e+07 343.172 77634.8
100000 3.44492e+07 344.492 77034.4
100000 3.45817e+07 345.817 76438.7
100000 3.47147e+07 347.147 75847.6
100000 3.48482e+07 348.482 75261.2
100000 3.49823e+07 349.823 74678.8
100000 3.51168e+07 351.168 74101.5
100000 3.52519e+07 352.519 73528.2
100000 3.53875e+07 353.875 72959.4
100000 3.55236e+07 355.236 72395.1
100000 3.56602e+07 356.602 71835.2
100000 3.57974e+07 357.974 71279.3
100000 3.59351e+07 359.351 70727.8
100000 3.60733e+07 360.733 70180.7
100000 3.6212e+07 362.12 69637.9
100000 3.63513e+07 363.513 69099
100000 3.64911e+07 364.911 68564.4
100000 3.66315e+07 366.315 68033.7
100000 3.67724e+07 367.724 67507.2
100000 3.69138e+07 369.138 66985
100000 3.70558e+07 370.558 66466.5
100000 3.71983e+07 371.983 65952.2
100000 3.73414e+07 373.414 65441.7
100000 3.7485e+07 374.85 64935.3
100000 3.76292e+07 376.292 64432.6
100000 3.77739e+07 377.739 63933.9
100000 3.79192e+07 379.192 63439
100000 3.80651e+07 380.651 62947.7
100000 3.82115e+07 382.115 62460.4
100000 3.83585e+07 383.585 61976.8
100000 3.8506e+07 385.06 61497
100000 3.86541e+07 386.541 61020.9
100000 3.88028e+07 388.028 60548.3
100000 3.8952e+07 389.52 60079.6
100000 3.91019e+07 391.019 59614.1
100000 3.92523e+07 392.523 59152.5
100000 3.94032e+07 394.032 58694.6
100000 3.95548e+07 395.548 58239.9
100000 3.97069e+07 397.069 57788.9
100000 3.98597e+07 398.597 57341.1
100000 4.0013e+07 400.13 56897
100000 4.01669e+07 401.669 56456.2
100000 4.03214e+07 403.214 56018.9
100000 4.04764e+07 404.764 55585.1
100000 4.06321e+07 406.321 55154.4
100000 4.07884e+07 407.884 54727.1
100000 4.09453e+07 409.453 54303
100000 4.11028e+07 411.028 53882.2
100000 4.12609e+07 412.609 53464.6
100000 4.14196e+07 414.196 53050.3
100000 4.15789e+07 415.789 52639.2
100000 4.17388e+07 417.388 52231.4
100000 4.18994e+07 418.994 51826.4
100000 4.20605e+07 420.605 51424.8
100000 4.22223e+07 422.223 51026.2
100000 4.23847e+07 423.847 50630.6
100000 4.25477e+07 425.477 50238.2
100000 4.27114e+07 427.114 49848.6
100000 4.28757e+07 428.757 49462.1
100000 4.30406e+07 430.406 49078.7
100000 4.32061e+07 432.061 48698.2
100000 4.33723e+07 433.723 48320.6
100000 4.35391e+07 435.391 47946
100000 4.37066e+07 437.066 47574.1
100000 4.38747e+07 438.747 47205.2
100000 4.40434e+07 440.434 46839.2
100000 4.42129e+07 442.129 46475.7
100000 4.43829e+07 443.829 46115.3
100000 4.45536e+07 445.536 45757.6
100000 4.4725e+07 447.25 45402.6
100000 4.4897e+07 448.97 45050.5
100000 4.50697e+07 450.697 44701
100000 4.5243e+07 452.43 44354.3
100000 4.54171e+07 454.171 44010
100000 4.55918e+07 455.918 43668.5
100000 4.57671e+07 457.671 43329.7
100000 4.59431e+07 459.431 42993.5
100000 4.61199e+07 461.199 42659.7
100000 4.62972e+07 462.972 42328.8
100000 4.64753e+07 464.753 42000.3
100000 4.66541e+07 466.541 41674.2
100000 4.68335e+07 468.335 41350.8
100000 4.70137e+07 470.137 41029.7
100000 4.71945e+07 471.945 40711.2
100000 4.7376e+07 473.76 40395.2
100000 4.75582e+07 475.582 40081.6
100000 4.77412e+07 477.412 39770.3
100000 4.79248e+07 479.248 39461.6
100000 4.81091e+07 481.091 39155.2
100000 4.82942e+07 482.942 38851
100000 4.84799e+07 484.799 38549.4
100000 4.86664e+07 486.664 38250
100000 4.88536e+07 488.536 37952.9
100000 4.90415e+07 490.415 37658.1
100000 4.92301e+07 492.301 37365.6
100000 4.94195e+07 494.195 37075.3
100000 4.96095e+07 496.095 36787.4
100000 4.98004e+07 498.004 36501.4
100000 4.99919e+07 499.919 36217.9
100000 5.01842e+07 501.842 35936.5
100000 5.03772e+07 503.772 35657.3
100000 5.0571e+07 505.71 35380.1
100000 5.07655e+07 507.655 35105.2
100000 5.09607e+07 509.607 34832.5
100000 5.11568e+07 511.568 34561.6
100000 5.13535e+07 513.535 34293.1
100000 5.1551e+07 515.51 34026.5
100000 5.17493e+07 517.493 33762
100000 5.19484e+07 519.484 33499.5
100000 5.21482e+07 521.482 33239
100000 5.23487e+07 523.487 32980.7
100000 5.25501e+07 525.501 32724.2
100000 5.27522e+07 527.522 32469.8
100000 5.29551e+07 529.551 32217.3
100000 5.31588e+07 531.588 31966.7
100000 5.33633e+07 533.633 31718
100000 5.35685e+07 535.685 31471.4
100000 5.37746e+07 537.746 31226.5
100000 5.39814e+07 539.814 30983.7
100000 5.4189e+07 541.89 30742.7
100000 5.43974e+07 543.974 30503.5
100000 5.46067e+07 546.067 30266.1
100000 5.48167e+07 548.167 30030.7
100000 5.50276e+07 550.276 29796.9
100000 5.52392e+07 552.392 29565.1
100000 5.54517e+07 554.517 29335
100000 5.5665e+07 556.65 29106.7
100000 5.58791e+07 558.791 28880.1
100000 5.6094e+07 560.94 28655.4
100000 5.63097e+07 563.097 28432.4
100000 5.65263e+07 565.263 28211
100000 5.67437e+07 567.437 27991.4
100000 5.6962e+07 569.62 27773.4
100000 5.71811e+07 571.811 27557.1
100000 5.7401e+07 574.01 27342.6
100000 5.76218e+07 576.218 27129.7
100000 5.78434e+07 578.434 26918.4
100000 5.80659e+07 580.659 26708.7
100000 5.82893e+07 582.893 26500.7
100000 5.85135e+07 585.135 26294.2
100000 5.87385e+07 587.385 26089.5
100000 5.89644e+07 589.644 25886.2
100000 5.91912e+07 591.912 25684.6
100000 5.94189e+07 594.189 25484.4
100000 5.96474e+07 596.474 25285.9
100000 5.98769e+07 598.769 25088.8
100000 6.01072e+07 601.072 24893.2
100000 6.03384e+07 603.384 24699.2
100000 6.05704e+07 605.704 24506.8
100000 6.08034e+07 608.034 24315.7
100000 6.10373e+07 610.373 24126.2
100000 6.12721e+07 612.721 23938.1
100000 6.15077e+07 615.077 23751.5
100000 6.17443e+07 617.443 23566.3
100000 6.19818e+07 619.818 23382.5
100000 6.22202e+07 622.202 23200.2
100000 6.24595e+07 624.595 23019.3
100000 6.26997e+07 626.997 22839.8
100000 6.29409e+07 629.409 22661.6
100000 6.3183e+07 631.83 22484.8
100000 6.3426e+07 634.26 22309.4
100000 6.367e+07 636.7 22135.4
100000 6.39149e+07 639.149 21962.7
100000 6.41607e+07 641.607 21791.3
100000 6.44075e+07 644.075 21621.3
100000 6.46552e+07 646.552 21452.6
100000 6.49039e+07 649.039 21285.1
100000 6.51535e+07 651.535 21119
100000 6.54041e+07 654.041 20954.2
100000 6.56557e+07 656.557 20790.6
100000 6.59082e+07 659.082 20628.3
100000 6.61617e+07 661.617 20467.3
100000 6.64162e+07 664.162 20307.5
100000 6.66717e+07 666.717 20148.9
100000 6.69281e+07 669.281 19991.6
100000 6.71855e+07 671.855 19835.5
100000 6.74439e+07 674.439 19680.5
100000 6.77034e+07 677.034 19526.8
100000 6.79638e+07 679.638 19374.3
100000 6.82252e+07 682.252 19222.9
100000 6.84876e+07 684.876 19072.7
100000 6.8751e+07 687.51 18923.7
100000 6.90154e+07 690.154 18775.9
100000 6.92809e+07 692.809 18629.2
100000 6.95474e+07 695.474 18483.6
100000 6.98149e+07 698.149 18339.1
100000 7.00834e+07 700.834 18195.8
100000 7.0353e+07 703.53 18053.5
100000 7.06236e+07 706.236 17912.4
100000 7.08952e+07 708.952 17772.4
100000 7.11679e+07 711.679 17633.4
100000 7.14416e+07 714.416 17495.5
100000 7.17164e+07 717.164 17358.7
100000 7.19923e+07 719.923 17222.9
100000 7.22692e+07 722.692 17088.2
100000 7.25471e+07 725.471 16954.6
100000 7.28262e+07 728.262 16822
100000 7.31063e+07 731.063 16690.4
100000 7.33875e+07 733.875 16559.8
100000 7.36697e+07 736.697 16430.2
100000 7.39531e+07 739.531 16301.7
100000 7.42375e+07 742.375 16174.1
100000 7.45231e+07 745.231 16047.5
100000 7.48097e+07 748.097 15921.9
100000 7.50975e+07 750.975 15797.3
100000 7.53863e+07 753.863 15673.6
100000 7.56763e+07 756.763 15550.9
100000 7.59673e+07 759.673 15429.2
100000 7.62595e+07 762.595 15308.3
100000 7.65528e+07 765.528 15188.5
100000 7.68473e+07 768.473 15069.5
100000 7.71429e+07 771.429 14951.5
100000 7.74396e+07 774.396 14834.4
100000 7.77374e+07 777.374 14718.2
100000 7.80364e+07 780.364 14602.9
100000 7.83366e+07 783.366 14488.4
100000 7.86379e+07 786.379 14374.9
100000 7.89404e+07 789.404 14262.2
100000 7.9244e+07 792.44 14150.5
100000 7.95488e+07 795.488 14039.6
100000 7.98548e+07 798.548 13929.5
100000 8.01619e+07 801.619 13820.3
100000 8.04702e+07 804.702 13712
100000 8.07797e+07 807.797 13604.5
100000 8.10904e+07 810.904 13497.8
100000 8.14023e+07 814.023 13392
100000 8.17154e+07 817.154 13286.9
100000 8.20297e+07 820.297 13182.7
100000 8.23452e+07 823.452 13079.3
100000 8.2662e+07 826.62 12976.7
100000 8.29799e+07 829.799 12874.9
100000 8.32991e+07 832.991 12773.9
100000 8.36195e+07 836.195 12673.6
100000 8.39411e+07 839.411 12574.2
100000 8.4264e+07 842.64 12475.5
100000 8.45881e+07 845.881 12377.5
100000 8.49134e+07 849.134 12280.4
100000 8.524e+07 852.4 12184
100000 8.55679e+07 855.679 12088.3
100000 8.5897e+07 858.97 11993.4
100000 8.62274e+07 862.274 11899.2
100000 8.6559e+07 865.59 11805.8
100000 8.6892e+07 868.92 11713
100000 8.72262e+07 872.262 11621
100000 8.75617e+07 875.617 11529.7
100000 8.78985e+07 878.985 11439.1
100000 8.82366e+07 882.366 11349.2
100000 8.85759e+07 885.759 11260.1
100000 8.89166e+07 889.166 11171.6
100000 8.92586e+07 892.586 11083.8
100000 8.96019e+07 896.019 10996.7
100000 8.99466e+07 899.466 10910.2
100000 9.02925e+07 902.925 10824.4
100000 9.06398e+07 906.398 10739.3
100000 9.09885e+07 909.885 10654.8
100000 9.13384e+07 913.384 10571.1
100000 9.16897e+07 916.897 10487.9
100000 9.20424e+07 920.424 10405.4
100000 9.23964e+07 923.964 10323.6
100000 9.27518e+07 927.518 10242.3
100000 9.31086e+07 931.086 10161.7
100000 9.34667e+07 934.667 10081.8
100000 9.38262e+07 938.262 10002.4
100000 9.41871e+07 941.871 9923.7
100000 9.45494e+07 945.494 9845.57
100000 9.4913e+07 949.13 9768.08
100000 9.52781e+07 952.781 9691.16
100000 9.56445e+07 956.445 9614.87
100000 9.60124e+07 960.124 9539.14
100000 9.63817e+07 963.817 9464.01
100000 9.67524e+07 967.524 9389.47
100000 9.71246e+07 971.246 9315.49
100000 9.74981e+07 974.981 9242.11
100000 9.78731e+07 978.731 9169.29
100000 9.82496e+07 982.496 9097.03
100000 9.86275e+07 986.275 9025.34
100000 9.90068e+07 990.068 8954.21
100000 9.93877e+07 993.877 8883.61
100000 9.97699e+07 997.699 8813.59
100000 1.00154e+08 1001.54 8744.04
100000 1.00539e+08 1005.39 8675.13
100000 1.00926e+08 1009.26 8606.66
100000 1.01314e+08 1013.14 8538.81
100000 1.01703e+08 1017.03 8471.58
100000 1.02095e+08 1020.95 8404.61
100000 1.02487e+08 1024.87 8338.41
100000 1.02882e+08 1028.82 8272.49
100000 1.03277e+08 1032.77 8207.32
100000 1.03674e+08 1036.74 8142.59
100000 1.04073e+08 1040.73 8078.28
100000 1.04474e+08 1044.74 8014.4
100000 1.04875e+08 1048.75 7951.25
100000 1.05279e+08 1052.79 7888.38
100000 1.05684e+08 1056.84 7826.07
100000 1.0609e+08 1060.9 7764.34
100000 1.06498e+08 1064.98 7703.02
100000 1.06908e+08 1069.08 7642.11
100000 1.07319e+08 1073.19 7581.77
100000 1.07732e+08 1077.32 7521.83
100000 1.08146e+08 1081.46 7462.44
100000 1.08562e+08 1085.62 7403.46
100000 1.0898e+08 1089.8 7344.88
100000 1.09399e+08 1093.99 7286.84
100000 1.0982e+08 1098.2 7229.2
100000 1.10242e+08 1102.42 7172.1
100000 1.10666e+08 1106.66 7115.38
100000 1.11092e+08 1110.92 7059.06
100000 1.11519e+08 1115.19 7003.27
100000 1.11948e+08 1119.48 6947.86
100000 1.12379e+08 1123.79 6892.83
100000 1.12811e+08 1128.11 6838.32
100000 1.13245e+08 1132.45 6784.2
100000 1.1368e+08 1136.8 6730.57
100000 1.14118e+08 1141.18 6677.2
100000 1.14556e+08 1145.56 6624.46
100000 1.14997e+08 1149.97 6571.96
100000 1.15439e+08 1154.39 6519.96
100000 1.15883e+08 1158.83 6468.33
100000 1.16329e+08 1163.29 6417.06
100000 1.16777e+08 1167.77 6366.17
100000 1.17226e+08 1172.26 6315.75
100000 1.17677e+08 1176.77 6265.69
100000 1.18129e+08 1181.29 6216.11
100000 1.18584e+08 1185.84 6166.77
100000 1.1904e+08 1190.4 6117.9
100000 1.19498e+08 1194.98 6069.39
100000 1.19957e+08 1199.57 6021.33
100000 1.20419e+08 1204.19 5973.52
100000 1.20882e+08 1208.82 5926.17
100000 1.21347e+08 1213.47 5879.16
100000 1.21813e+08 1218.13 5832.59
100000 1.22282e+08 1222.82 5786.27
100000 1.22752e+08 1227.52 5740.39
100000 1.23224e+08 1232.24 5694.85
100000 1.23698e+08 1236.98 5649.65
100000 1.24174e+08 1241.74 5604.78
100000 1.24652e+08 1246.52 5560.25
100000 1.25131e+08 1251.31 5516.14
100000 1.25613e+08 1256.13 5472.28
100000 1.26096e+08 1260.96 5428.83
100000 1.26581e+08 1265.81 5385.71
100000 1.27068e+08 1270.68 5342.91
100000 1.27556e+08 1275.56 5300.52
100000 1.28047e+08 1280.47 5258.37
100000 1.28539e+08 1285.39 5216.62
100000 1.29034e+08 1290.34 5175.11
100000 1.2953e+08 1295.3 5133.99
100000 1.30028e+08 1300.28 5093.19
100000 1.30528e+08 1305.28 5052.7
100000 1.31031e+08 1310.31 5012.44
100000 1.31535e+08 1315.35 4972.57
100000 1.3204e+08 1320.4 4933.08
100000 1.32548e+08 1325.48 4893.83
100000 1.33058e+08 1330.58 4854.87
100000 1.3357e+08 1335.7 4816.22
100000 1.34084e+08 1340.84 4777.86
100000 1.34599e+08 1345.99 4739.88
100000 1.35117e+08 1351.17 4702.12
100000 1.35637e+08 1356.37 4664.66
100000 1.36158e+08 1361.58 4627.56
100000 1.36682e+08 1366.82 4590.68
100000 1.37208e+08 1372.08 4554.08
100000 1.37736e+08 1377.36 4517.78
100000 1.38265e+08 1382.65 4481.83
100000 1.38797e+08 1387.97 4446.1
100000 1.39331e+08 1393.31 4410.65
100000 1.39867e+08 1398.67 4375.48
100000 1.40405e+08 1404.05 4340.59
100000 1.40945e+08 1409.45 4305.98
100000 1.41487e+08 1414.87 4271.64
100000 1.42031e+08 1420.31 4237.58
100000 1.42578e+08 1425.78 4203.73
100000 1.43126e+08 1431.26 4170.21
100000 1.43677e+08 1436.77 4136.9
100000 1.44229e+08 1442.29 4103.92
100000 1.44784e+08 1447.84 4071.14
100000 1.45341e+08 1453.41 4038.63
100000 1.459e+08 1459 4006.38
100000 1.46461e+08 1464.61 3974.39
100000 1.47024e+08 1470.24 3942.66
100000 1.4759e+08 1475.9 3911.14
100000 1.48157e+08 1481.57 3879.92
100000 1.48727e+08 1487.27 3848.91
100000 1.49299e+08 1492.99 3818.15
100000 1.49874e+08 1498.74 3787.58
100000 1.5045e+08 1504.5 3757.32
100000 1.51029e+08 1510.29 3727.26
100000 1.5161e+08 1516.1 3697.45
100000 1.52193e+08 1521.93 3667.88
100000 1.52778e+08 1527.78 3638.55
100000 1.53366e+08 1533.66 3609.42
100000 1.53956e+08 1539.56 3580.53
100000 1.54548e+08 1545.48 3551.88
100000 1.55142e+08 1551.42 3523.46
100000 1.55739e+08 1557.39 3495.24
100000 1.56338e+08 1563.38 3467.25
100000 1.56939e+08 1569.39 3439.49
100000 1.57543e+08 1575.43 3411.92
100000 1.58149e+08 1581.49 3384.58
100000 1.58757e+08 1587.57 3357.48
100000 1.59368e+08 1593.68 3330.55
100000 1.59981e+08 1599.81 3303.85
100000 1.60596e+08 1605.96 3277.38
100000 1.61214e+08 1612.14 3251.08
100000 1.61834e+08 1618.34 3225.01
100000 1.62456e+08 1624.56 3199.16
100000 1.63081e+08 1630.81 3173.49
100000 1.63709e+08 1637.09 3148
100000 1.64338e+08 1643.38 3122.76
100000 1.6497e+08 1649.7 3097.7
100000 1.65605e+08 1656.05 3072.81
100000 1.66242e+08 1662.42 3048.14
100000 1.66881e+08 1668.81 3023.67
100000 1.67523e+08 1675.23 2999.38
100000 1.68167e+08 1681.67 2975.3
100000 1.68814e+08 1688.14 2951.39
100000 1.69464e+08 1694.64 2927.64
100000 1.70115e+08 1701.15 2904.14
100000 1.7077e+08 1707.7 2880.77
100000 1.71427e+08 1714.27 2857.6
100000 1.72086e+08 1720.86 2834.63
100000 1.72748e+08 1727.48 2811.83
100000 1.73412e+08 1734.12 2789.22
100000 1.74079e+08 1740.79 2766.78
100000 1.74749e+08 1747.49 2744.5
100000 1.75421e+08 1754.21 2722.41
100000 1.76096e+08 1760.96 2700.48
100000 1.76773e+08 1767.73 2678.75
100000 1.77453e+08 1774.53 2657.17
100000 1.78135e+08 1781.35 2635.79
100000 1.78821e+08 1788.21 2614.53
100000 1.79508e+08 1795.08 2593.48
100000 1.80199e+08 1801.99 2572.56
100000 1.80892e+08 1808.92 2551.83
100000 1.81588e+08 1815.88 2531.25
100000 1.82286e+08 1822.86 2510.85
100000 1.82987e+08 1829.87 2490.6
100000 1.83691e+08 1836.91 2470.51
100000 1.84398e+08 1843.98 2450.56
100000 1.85107e+08 1851.07 2430.79
100000 1.85819e+08 1858.19 2411.17
100000 1.86534e+08 1865.34 2391.7
100000 1.87251e+08 1872.51 2372.4
100000 1.87971e+08 1879.71 2353.25
100000 1.88694e+08 1886.94 2334.24
100000 1.8942e+08 1894.2 2315.37
100000 1.90149e+08 1901.49 2296.65
100000 1.9088e+08 1908.8 2278.1
100000 1.91614e+08 1916.14 2259.69
100000 1.92351e+08 1923.51 2241.42
100000 1.93091e+08 1930.91 2223.29
100000 1.93834e+08 1938.34 2205.3
100000 1.94579e+08 1945.79 2187.47
100000 1.95328e+08 1953.28 2169.76
100000 1.96079e+08 1960.79 2152.2
100000 1.96833e+08 1968.33 2134.79
100000 1.9759e+08 1975.9 2117.5
100000 1.9835e+08 1983.5 2100.36
100000 1.99113e+08 1991.13 2083.34
100000 1.99879e+08 1998.79 2066.46
100000 2.00648e+08 2006.48 2049.71
100000 2.01419e+08 2014.19 2033.12
100000 2.02194e+08 2021.94 2016.63
100000 2.02972e+08 2029.72 2000.27
100000 2.03753e+08 2037.53 1984.05
100000 2.04536e+08 2045.36 1967.97
100000 2.05323e+08 2053.23 1951.99
100000 2.06113e+08 2061.13 1936.15
100000 2.06905e+08 2069.05 1920.45
100000 2.07701e+08 2077.01 1904.86
100000 2.085e+08 2085 1889.39
100000 2.09302e+08 2093.02 1874.05
100000 2.10107e+08 2101.07 1858.82
100000 2.10915e+08 2109.15 1843.72
100000 2.11727e+08 2117.27 1828.73
100000 2.12541e+08 2125.41 1813.87
100000 2.13358e+08 2133.58 1799.13
100000 2.14179e+08 2141.79 1784.5
100000 2.15003e+08 2150.03 1769.98
100000 2.1583e+08 2158.3 1755.58
100000 2.1666e+08 2166.6 1741.3
100000 2.17493e+08 2174.93 1727.13
100000 2.1833e+08 2183.3 1713.07
100000 2.1917e+08 2191.7 1699.12
100000 2.20013e+08 2200.13 1685.28
100000 2.20859e+08 2208.59 1671.56
100000 2.21708e+08 2217.08 1657.94
100000 2.22561e+08 2225.61 1644.43
100000 2.23417e+08 2234.17 1631.03
100000 2.24276e+08 2242.76 1617.74
100000 2.25139e+08 2251.39 1604.54
100000 2.26005e+08 2260.05 1591.45
100000 2.26874e+08 2268.74 1578.47
100000 2.27747e+08 2277.47 1565.59
100000 2.28623e+08 2286.23 1552.81
100000 2.29502e+08 2295.02 1540.14
100000 2.30385e+08 2303.85 1527.56
100000 2.31271e+08 2312.71 1515.08
100000 2.32161e+08 2321.61 1502.7
100000 2.33054e+08 2330.54 1490.42
100000 2.3395e+08 2339.5 1478.25
100000 2.3485e+08 2348.5 1466.16
100000 2.35753e+08 2357.53 1454.18
100000 2.3666e+08 2366.6 1442.28
100000 2.3757e+08 2375.7 1430.49
100000 2.38484e+08 2384.84 1418.78
100000 2.39401e+08 2394.01 1407.17
100000 2.40322e+08 2403.22 1395.65
100000 2.41246e+08 2412.46 1384.23
100000 2.42174e+08 2421.74 1372.89
100000 2.43106e+08 2431.06 1361.64
100000 2.44041e+08 2440.41 1350.48
100000 2.44979e+08 2449.79 1339.42
100000 2.45922e+08 2459.22 1328.43
100000 2.46868e+08 2468.68 1317.54
100000 2.47817e+08 2478.17 1306.74
100000 2.4877e+08 2487.7 1296.02
100000 2.49727e+08 2497.27 1285.38
100000 2.50688e+08 2506.88 1274.83
100000 2.51652e+08 2516.52 1264.37
100000 2.5262e+08 2526.2 1253.98
100000 2.53592e+08 2535.92 1243.68
100000 2.54567e+08 2545.67 1233.47
100000 2.55546e+08 2555.46 1223.33
100000 2.56529e+08 2565.29 1213.28
100000 2.57516e+08 2575.16 1203.3
100000 2.58506e+08 2585.06 1193.41
100000 2.595e+08 2595 1183.59
100000 2.60499e+08 2604.99 1173.85
100000 2.615e+08 2615 1164.2
100000 2.62506e+08 2625.06 1154.61
100000 2.63516e+08 2635.16 1145.1
100000 2.6453e+08 2645.3 1135.67
100000 2.65547e+08 2655.47 1126.31
100000 2.66568e+08 2665.68 1117.04
100000 2.67594e+08 2675.94 1107.82
100000 2.68623e+08 2686.23 1098.69
100000 2.69656e+08 2696.56 1089.63
100000 2.70693e+08 2706.93 1080.65
100000 2.71734e+08 2717.34 1071.73
100000 2.7278e+08 2727.8 1062.88
100000 2.73829e+08 2738.29 1054.11
100000 2.74882e+08 2748.82 1045.41
100000 2.75939e+08 2759.39 1036.77
100000 2.77001e+08 2770.01 1028.2
100000 2.78066e+08 2780.66 1019.71
100000 2.79136e+08 2791.36 1011.28
100000 2.80209e+08 2802.09 1002.92
100000 2.81287e+08 2812.87 994.626
100000 2.82369e+08 2823.69 986.397
100000 2.83455e+08 2834.55 978.236
100000 2.84545e+08 2845.45 970.141
100000 2.8564e+08 2856.4 962.105
100000 2.86738e+08 2867.38 954.142
100000 2.87841e+08 2878.41 946.238
100000 2.88948e+08 2889.48 938.398
100000 2.9006e+08 2900.6 930.616
100000 2.91175e+08 2911.75 922.906
100000 2.92295e+08 2922.95 915.252
100000 2.9342e+08 2934.2 907.655
100000 2.94548e+08 2945.48 900.128
100000 2.95681e+08 2956.81 892.657
100000 2.96818e+08 2968.18 885.248
100000 2.9796e+08 2979.6 877.895
100000 2.99106e+08 2991.06 870.603
100000 3.00257e+08 3002.57 863.366
100000 3.01411e+08 3014.11 856.195
100000 3.02571e+08 3025.71 849.073
100000 3.03735e+08 3037.35 842.011
100000 3.04903e+08 3049.03 835.009
100000 3.06076e+08 3060.76 828.06
100000 3.07253e+08 3072.53 821.169
100000 3.08435e+08 3084.35 814.331
100000 3.09621e+08 3096.21 807.552
100000 3.10812e+08 3108.12 800.824
100000 3.12007e+08 3120.07 794.154
100000 3.13207e+08 3132.07 787.535
100000 3.14412e+08 3144.12 780.967
100000 3.15621e+08 3156.21 774.456
100000 3.16835e+08 3168.35 767.995
100000 3.18054e+08 3180.54 761.585
100000 3.19277e+08 3192.77 755.229
100000 3.20505e+08 3205.05 748.924
100000 3.21738e+08 3217.38 742.667
100000 3.22976e+08 3229.76 736.46
100000 3.24218e+08 3242.18 730.307
100000 3.25465e+08 3254.65 724.202
100000 3.26717e+08 3267.17 718.145
100000 3.27973e+08 3279.73 712.141
100000 3.29235e+08 3292.35 706.18
100000 3.30501e+08 3305.01 700.271
100000 3.31772e+08 3317.72 694.409
100000 3.33049e+08 3330.49 688.59
100000 3.3433e+08 3343.3 682.821
100000 3.35615e+08 3356.15 677.103
100000 3.36906e+08 3369.06 671.427
100000 3.38202e+08 3382.02 665.796
100000 3.39503e+08 3395.03 660.211
100000 3.40809e+08 3408.09 654.671
100000 3.4212e+08 3421.2 649.176
100000 3.43436e+08 3434.36 643.725
100000 3.44757e+08 3447.57 638.319
100000 3.46083e+08 3460.83 632.956
100000 3.47414e+08 3474.14 627.638
100000 3.4875e+08 3487.5 622.363
100000 3.50091e+08 3500.91 617.131
100000 3.51438e+08 3514.38 611.938
100000 3.5279e+08 3527.9 606.788
100000 3.54147e+08 3541.47 601.681
100000 3.55509e+08 3555.09 596.616
100000 3.56876e+08 3568.76 591.592
100000 3.58249e+08 3582.49 586.607
100000 3.59627e+08 3596.27 581.663
100000 3.6101e+08 3610.1 576.76
100000 3.62399e+08 3623.99 571.894
100000 3.63792e+08 3637.92 567.073
100000 3.65192e+08 3651.92 562.285
100000 3.66596e+08 3665.96 557.54
100000 3.68006e+08 3680.06 552.833
100000 3.69422e+08 3694.22 548.161
100000 3.70843e+08 3708.43 543.529
100000 3.72269e+08 3722.69 538.935
100000 3.73701e+08 3737.01 534.378
100000 3.75138e+08 3751.38 529.859
100000 3.76581e+08 3765.81 525.375
100000 3.7803e+08 3780.3 520.927
100000 3.79484e+08 3794.84 516.516
100000 3.80943e+08 3809.43 512.143
100000 3.82408e+08 3824.08 507.805
100000 3.83879e+08 3838.79 503.5
100000 3.85356e+08 3853.56 499.23
100000 3.86838e+08 3868.38 494.996
100000 3.88326e+08 3883.26 490.796
100000 3.8982e+08 3898.2 486.629
100000 3.91319e+08 3913.19 482.499
100000 3.92824e+08 3928.24 478.401
100000 3.94335e+08 3943.35 474.336
100000 3.95852e+08 3958.52 470.304
100000 3.97374e+08 3973.74 466.307
100000 3.98903e+08 3989.03 462.339
100000 4.00437e+08 4004.37 458.407
100000 4.01977e+08 4019.77 454.505
100000 4.03523e+08 4035.23 450.636
100000 4.05075e+08 4050.75 446.798
100000 4.06633e+08 4066.33 442.991
100000 4.08197e+08 4081.97 439.216
100000 4.09768e+08 4097.68 435.468
100000 4.11344e+08 4113.44 431.754
100000 4.12926e+08 4129.26 428.071
100000 4.14514e+08 4145.14 424.417
100000 4.16108e+08 4161.08 420.794
100000 4.17709e+08 4177.09 417.198
100000 4.19315e+08 4193.15 413.635
100000 4.20928e+08 4209.28 410.099
100000 4.22547e+08 4225.47 406.592
100000 4.24173e+08 4241.73 403.112
100000 4.25804e+08 4258.04 399.663
100000 4.27442e+08 4274.42 396.241
100000 4.29086e+08 4290.86 392.848
100000 4.30736e+08 4307.36 389.483
100000 4.32393e+08 4323.93 386.145
100000 4.34056e+08 4340.56 382.834
100000 4.35726e+08 4357.26 379.55
100000 4.37402e+08 4374.02 376.293
100000 4.39084e+08 4390.84 373.064
100000 4.40773e+08 4407.73 369.86
100000 4.42468e+08 4424.68 366.684
100000 4.4417e+08 4441.7 363.532
100000 4.45878e+08 4458.78 360.408
100000 4.47593e+08 4475.93 357.308
100000 4.49315e+08 4493.15 354.234
100000 4.51043e+08 4510.43 351.185
100000 4.52778e+08 4527.78 348.161
100000 4.54519e+08 4545.19 345.163
100000 4.56268e+08 4562.68 342.188
100000 4.58023e+08 4580.23 339.238
100000 4.59784e+08 4597.84 336.314
100000 4.61553e+08 4615.53 333.412
100000 4.63328e+08 4633.28 330.535
100000 4.6511e+08 4651.1 327.681
100000 4.66899e+08 4668.99 324.851
100000 4.68695e+08 4686.95 322.044
100000 4.70498e+08 4704.98 319.26
100000 4.72307e+08 4723.07 316.5
100000 4.74124e+08 4741.24 313.761
100000 4.75948e+08 4759.48 311.045
100000 4.77778e+08 4777.78 308.353
100000 4.79616e+08 4796.16 305.682
100000 4.81461e+08 4814.61 303.033
100000 4.83313e+08 4833.13 300.406
100000 4.85172e+08 4851.72 297.801
100000 4.87038e+08 4870.38 295.217
100000 4.88911e+08 4889.11 292.655
100000 4.90791e+08 4907.91 290.115
100000 4.92679e+08 4926.79 287.594
100000 4.94574e+08 4945.74 285.095
100000 4.96476e+08 4964.76 282.617
100000 4.98386e+08 4983.86 280.159
100000 5.00303e+08 5003.03 277.721
100000 5.02227e+08 5022.27 275.304
100000 5.04159e+08 5041.59 272.906
100000 5.06098e+08 5060.98 270.529
100000 5.08045e+08 5080.45 268.17
100000 5.09999e+08 5099.99 265.832
100000 5.1196e+08 5119.6 263.514
100000 5.1393e+08 5139.3 261.213
100000 5.15906e+08 5159.06 258.934
100000 5.17891e+08 5178.91 256.671
100000 5.19883e+08 5198.83 254.428
100000 5.21882e+08 5218.82 252.205
100000 5.2389e+08 5238.9 249.998
100000 5.25905e+08 5259.05 247.811
100000 5.27927e+08 5279.27 245.643
100000 5.29958e+08 5299.58 243.491
100000 5.31996e+08 5319.96 241.358
100000 5.34043e+08 5340.43 239.242
100000 5.36097e+08 5360.97 237.144
100000 5.38159e+08 5381.59 235.064
100000 5.40229e+08 5402.29 233
100000 5.42306e+08 5423.06 230.955
100000 5.44392e+08 5443.92 228.927
100000 5.46486e+08 5464.86 226.915
100000 5.48588e+08 5485.88 224.919
100000 5.50698e+08 5506.98 222.941
100000 5.52816e+08 5528.16 220.979
100000 5.54943e+08 5549.43 219.033
100000 5.57077e+08 5570.77 217.104
100000 5.5922e+08 5592.2 215.19
100000 5.61371e+08 5613.71 213.293
100000 5.6353e+08 5635.3 211.412
100000 5.65697e+08 5656.97 209.547
100000 5.67873e+08 5678.73 207.697
100000 5.70057e+08 5700.57 205.862
100000 5.7225e+08 5722.5 204.043
100000 5.74451e+08 5744.51 202.239
100000 5.76661e+08 5766.61 200.45
100000 5.78879e+08 5788.79 198.676
100000 5.81105e+08 5811.05 196.917
100000 5.8334e+08 5833.4 195.173
100000 5.85584e+08 5855.84 193.444
100000 5.87836e+08 5878.36 191.729
100000 5.90097e+08 5900.97 190.028
100000 5.92367e+08 5923.67 188.341
100000 5.94645e+08 5946.45 186.67
100000 5.96933e+08 5969.33 185.011
100000 5.99229e+08 5992.29 183.367
100000 6.01533e+08 6015.33 181.737
100000 6.03847e+08 6038.47 180.12
100000 6.0617e+08 6061.7 178.517
100000 6.08501e+08 6085.01 176.927
100000 6.10842e+08 6108.42 175.351
100000 6.13191e+08 6131.91 173.788
100000 6.1555e+08 6155.5 172.238
100000 6.17917e+08 6179.17 170.702
100000 6.20294e+08 6202.94 169.178
100000 6.2268e+08 6226.8 167.667
100000 6.25075e+08 6250.75 166.169
100000 6.27479e+08 6274.79 164.683
100000 6.29892e+08 6298.92 163.211
100000 6.32315e+08 6323.15 161.75
100000 6.34747e+08 6347.47 160.302
100000 6.37189e+08 6371.89 158.866
100000 6.3964e+08 6396.4 157.442
100000 6.421e+08 6421 156.03
100000 6.4457e+08 6445.7 154.63
100000 6.47049e+08 6470.49 153.243
100000 6.49537e+08 6495.37 151.867
100000 6.52036e+08 6520.36 150.502
100000 6.54544e+08 6545.44 149.149
100000 6.57061e+08 6570.61 147.808
100000 6.59589e+08 6595.89 146.477
100000 6.62125e+08 6621.25 145.159
100000 6.64672e+08 6646.72 143.851
100000 6.67229e+08 6672.29 142.555
100000 6.69795e+08 6697.95 141.269
100000 6.72371e+08 6723.71 139.995
100000 6.74957e+08 6749.57 138.731
100000 6.77554e+08 6775.54 137.478
100000 6.8016e+08 6801.6 136.236
100000 6.82776e+08 6827.76 135.004
100000 6.85402e+08 6854.02 133.783
100000 6.88038e+08 6880.38 132.572
100000 6.90685e+08 6906.85 131.371
100000 6.93341e+08 6933.41 130.181
100000 6.96008e+08 6960.08 129.001
100000 6.98685e+08 6986.85 127.831
100000 7.01372e+08 7013.72 126.671
100000 7.0407e+08 7040.7 125.521
100000 7.06778e+08 7067.78 124.38
100000 7.09497e+08 7094.97 123.25
100000 7.12226e+08 7122.26 122.129
100000 7.14965e+08 7149.65 121.017
100000 7.17715e+08 7177.15 119.916
100000 7.20475e+08 7204.75 118.823
100000 7.23247e+08 7232.47 117.74
100000 7.26028e+08 7260.28 116.667
100000 7.28821e+08 7288.21 115.602
100000 7.31624e+08 7316.24 114.546
100000 7.34438e+08 7344.38 113.5
100000 7.37263e+08 7372.63 112.463
100000 7.40099e+08 7400.99 111.434
100000 7.42946e+08 7429.46 110.414
100000 7.45803e+08 7458.03 109.403
100000 7.48672e+08 7486.72 108.401
100000 7.51551e+08 7515.51 107.408
100000 7.54442e+08 7544.42 106.422
100000 7.57344e+08 7573.44 105.446
100000 7.60257e+08 7602.57 104.478
100000 7.63181e+08 7631.81 103.518
100000 7.66116e+08 7661.16 102.566
100000 7.69063e+08 7690.63 101.623
100000 7.72021e+08 7720.21 100.688
100000 7.74991e+08 7749.91 99.7603
100000 7.77971e+08 7779.71 98.8414
100000 7.80964e+08 7809.64 97.93
100000 7.83968e+08 7839.68 97.0266
100000 7.86983e+08 7869.83 96.1312
100000 7.9001e+08 7900.1 95.2434
100000 7.93049e+08 7930.49 94.3631
100000 7.96099e+08 7960.99 93.4907
100000 7.99161e+08 7991.61 92.6258
100000 8.02235e+08 8022.35 91.7683
100000 8.0532e+08 8053.2 90.9184
100000 8.08418e+08 8084.18 90.0756
100000 8.11527e+08 8115.27 89.2404
100000 8.14649e+08 8146.49 88.4122
100000 8.17782e+08 8177.82 87.5914
100000 8.20927e+08 8209.27 86.7777
100000 8.24085e+08 8240.85 85.9709
100000 8.27255e+08 8272.55 85.1711
100000 8.30437e+08 8304.37 84.3783
100000 8.33631e+08 8336.31 83.5925
100000 8.36837e+08 8368.37 82.8136
100000 8.40056e+08 8400.56 82.0414
100000 8.43287e+08 8432.87 81.2759
100000 8.4653e+08 8465.3 80.5172
100000 8.49786e+08 8497.86 79.7651
100000 8.53055e+08 8530.55 79.0193
100000 8.56336e+08 8563.36 78.2803
100000 8.5963e+08 8596.3 77.5475
100000 8.62936e+08 8629.36 76.8214
100000 8.66255e+08 8662.55 76.1015
100000 8.69587e+08 8695.87 75.3879
100000 8.72932e+08 8729.32 74.6804
100000 8.76289e+08 8762.89 73.9794
100000 8.7966e+08 8796.6 73.2843
100000 8.83043e+08 8830.43 72.5954
100000 8.8644e+08 8864.4 71.9124
100000 8.89849e+08 8898.49 71.2356
100000 8.93272e+08 8932.72 70.5646
100000 8.96708e+08 8967.08 69.8995
100000 9.00157e+08 9001.57 69.2403
100000 9.03619e+08 9036.19 68.5869
100000 9.07095e+08 9070.95 67.9392
100000 9.10583e+08 9105.83 67.2974
100000 9.14086e+08 9140.86 66.6609
100000 9.17602e+08 9176.02 66.0302
100000 9.21131e+08 9211.31 65.4051
100000 9.24674e+08 9246.74 64.7854
100000 9.28231e+08 9282.31 64.1712
100000 9.31801e+08 9318.01 63.5625
100000 9.35385e+08 9353.85 62.9591
100000 9.38983e+08 9389.83 62.361
100000 9.42594e+08 9425.94 61.7683
100000 9.4622e+08 9462.2 61.1807
100000 9.49859e+08 9498.59 60.5985
100000 9.53513e+08 9535.13 60.0212
100000 9.5718e+08 9571.8 59.4492
100000 9.60862e+08 9608.62 58.8822
100000 9.64557e+08 9645.57 58.3203
100000 9.68267e+08 9682.67 57.7634
100000 9.71992e+08 9719.92 57.2112
100000 9.7573e+08 9757.3 56.6642
100000 9.79483e+08 9794.83 56.1219
100000 9.83251e+08 9832.51 55.5844
100000 9.87032e+08 9870.32 55.0518
100000 9.90829e+08 9908.29 54.5238
100000 9.9464e+08 9946.4 54.0006
100000 9.98466e+08 9984.66 53.482
100000 1.00231e+09 10023.1 52.9676
100000 1.00616e+09 10061.6 52.459
100000 1.01003e+09 10100.3 51.9542
100000 1.01392e+09 10139.2 51.4532
100000 1.01782e+09 10178.2 50.9574
100000 1.02173e+09 10217.3 50.4666
100000 1.02566e+09 10256.6 49.9796
100000 1.02961e+09 10296.1 49.4963
100000 1.03357e+09 10335.7 49.018
100000 1.03754e+09 10375.4 48.5446
100000 1.04153e+09 10415.3 48.0749
100000 1.04554e+09 10455.4 47.6089
100000 1.04956e+09 10495.6 47.1477
100000 1.0536e+09 10536 46.6901
100000 1.05765e+09 10576.5 46.2373
100000 1.06172e+09 10617.2 45.788
100000 1.0658e+09 10658 45.3434
100000 1.0699e+09 10699 44.9023
100000 1.07401e+09 10740.1 44.4658
100000 1.07815e+09 10781.5 44.0317
100000 1.08229e+09 10822.9 43.6032
100000 1.08646e+09 10864.6 43.1772
100000 1.09063e+09 10906.3 42.7566
100000 1.09483e+09 10948.3 42.3384
100000 1.09904e+09 10990.4 41.9246
100000 1.10327e+09 11032.7 41.5142
100000 1.10751e+09 11075.1 41.108
100000 1.11177e+09 11117.7 40.7053
100000 1.11605e+09 11160.5 40.3058
100000 1.12034e+09 11203.4 39.9105
100000 1.12465e+09 11246.5 39.5185
100000 1.12897e+09 11289.7 39.1307
100000 1.13332e+09 11333.2 38.7452
100000 1.13768e+09 11376.8 38.3637
100000 1.14205e+09 11420.5 37.9864
100000 1.14644e+09 11464.4 37.6122
100000 1.15085e+09 11508.5 37.2411
100000 1.15528e+09 11552.8 36.8732
100000 1.15972e+09 11597.2 36.5092
100000 1.16419e+09 11641.9 36.1475
100000 1.16866e+09 11686.6 35.7904
100000 1.17316e+09 11731.6 35.4356
100000 1.17767e+09 11776.7 35.0846
100000 1.1822e+09 11822 34.7366
100000 1.18675e+09 11867.5 34.3916
100000 1.19131e+09 11913.1 34.0503
100000 1.19589e+09 11958.9 33.712
100000 1.20049e+09 12004.9 33.3766
100000 1.20511e+09 12051.1 33.0441
100000 1.20975e+09 12097.5 32.7145
100000 1.2144e+09 12144 32.3885
100000 1.21907e+09 12190.7 32.0653
100000 1.22376e+09 12237.6 31.7449
100000 1.22847e+09 12284.7 31.4274
100000 1.23319e+09 12331.9 31.1133
100000 1.23793e+09 12379.3 30.8021
100000 1.2427e+09 12427 30.4929
100000 1.24748e+09 12474.8 30.1871
100000 1.25227e+09 12522.7 29.8846
100000 1.25709e+09 12570.9 29.5842
100000 1.26193e+09 12619.3 29.2866
100000 1.26678e+09 12667.8 28.9921
100000 1.27165e+09 12716.5 28.7004
100000 1.27654e+09 12765.4 28.4112
100000 1.28145e+09 12814.5 28.1247
100000 1.28638e+09 12863.8 27.8408
100000 1.29133e+09 12913.3 27.5594
100000 1.2963e+09 12963 27.2806
100000 1.30128e+09 13012.8 27.0049
100000 1.30629e+09 13062.9 26.7312
100000 1.31131e+09 13113.1 26.4605
100000 1.31636e+09 13163.6 26.1917
100000 1.32142e+09 13214.2 25.926
100000 1.3265e+09 13265 25.6627
100000 1.3316e+09 13316 25.4019
100000 1.33672e+09 13367.2 25.1434
100000 1.34187e+09 13418.7 24.8869
100000 1.34703e+09 13470.3 24.6332
100000 1.35221e+09 13522.1 24.3819
100000 1.35741e+09 13574.1 24.133
100000 1.36263e+09 13626.3 23.8864
100000 1.36787e+09 13678.7 23.6421
100000 1.37313e+09 13731.3 23.4001
100000 1.37841e+09 13784.1 23.1604
100000 1.38372e+09 13837.2 22.9225
100000 1.38904e+09 13890.4 22.6873
100000 1.39438e+09 13943.8 22.4544
100000 1.39974e+09 13997.4 22.2236
100000 1.40513e+09 14051.3 21.9947
100000 1.41053e+09 14105.3 21.7683
100000 1.41596e+09 14159.6 21.5437
100000 1.4214e+09 14214 21.3217
100000 1.42687e+09 14268.7 21.1014
100000 1.43236e+09 14323.6 20.8832
100000 1.43787e+09 14378.7 20.6671
100000 1.4434e+09 14434 20.4531
100000 1.44895e+09 14489.5 20.2412
100000 1.45452e+09 14545.2 20.0314
100000 1.46012e+09 14601.2 19.8232
100000 1.46573e+09 14657.3 19.6175
100000 1.47137e+09 14713.7 19.4134
100000 1.47703e+09 14770.3 19.2113
100000 1.48271e+09 14827.1 19.0111
100000 1.48842e+09 14884.2 18.8126
100000 1.49414e+09 14941.4 18.6164
100000 1.49989e+09 14998.9 18.4218
100000 1.50566e+09 15056.6 18.2292
100000 1.51145e+09 15114.5 18.0384
100000 1.51726e+09 15172.6 17.8496
100000 1.5231e+09 15231 17.6623
100000 1.52896e+09 15289.6 17.4769
100000 1.53484e+09 15348.4 17.2933
100000 1.54074e+09 15407.4 17.1116
100000 1.54667e+09 15466.7 16.9314
100000 1.55261e+09 15526.1 16.7533
100000 1.55859e+09 15585.9 16.5764
100000 1.56458e+09 15645.8 16.4017
100000 1.5706e+09 15706 16.2283
100000 1.57664e+09 15766.4 16.0568
100000 1.5827e+09 15827 15.887
100000 1.58879e+09 15887.9 15.7186
100000 1.5949e+09 15949 15.552
100000 1.60104e+09 16010.4 15.3868
100000 1.6072e+09 16072 15.2233
100000 1.61338e+09 16133.8 15.0615
100000 1.61958e+09 16195.8 14.9014
100000 1.62581e+09 16258.1 14.7426
100000 1.63207e+09 16320.7 14.5853
100000 1.63834e+09 16383.4 14.4298
100000 1.64464e+09 16446.4 14.2757
100000 1.65097e+09 16509.7 14.1229
100000 1.65732e+09 16573.2 13.9717
100000 1.66369e+09 16636.9 13.8222
100000 1.67009e+09 16700.9 13.6739
100000 1.67652e+09 16765.2 13.527
100000 1.68297e+09 16829.7 13.3816
100000 1.68944e+09 16894.4 13.2377
100000 1.69594e+09 16959.4 13.0952
100000 1.70246e+09 17024.6 12.9541
100000 1.70901e+09 17090.1 12.8143
100000 1.71558e+09 17155.8 12.6761
100000 1.72218e+09 17221.8 12.539
100000 1.7288e+09 17288 12.4034
100000 1.73545e+09 17354.5 12.2691
100000 1.74213e+09 17421.3 12.136
100000 1.74883e+09 17488.3 12.0043
100000 1.75556e+09 17555.6 11.8739
100000 1.76231e+09 17623.1 11.7448
100000 1.76909e+09 17690.9 11.617
100000 1.77589e+09 17758.9 11.4905
100000 1.78272e+09 17827.2 11.3652
100000 1.78958e+09 17895.8 11.2411
100000 1.79646e+09 17964.6 11.1183
100000 1.80337e+09 18033.7 10.9967
100000 1.81031e+09 18103.1 10.8762
100000 1.81727e+09 18172.7 10.757
100000 1.82426e+09 18242.6 10.639
100000 1.83128e+09 18312.8 10.5221
100000 1.83832e+09 18383.2 10.4065
100000 1.84539e+09 18453.9 10.292
100000 1.85249e+09 18524.9 10.1786
100000 1.85962e+09 18596.2 10.0662
100000 1.86677e+09 18667.7 9.95514
100000 1.87395e+09 18739.5 9.84513
100000 1.88116e+09 18811.6 9.73618
100000 1.88839e+09 18883.9 9.62844
100000 1.89565e+09 18956.5 9.52176
100000 1.90295e+09 19029.5 9.41597
100000 1.91027e+09 19102.7 9.31136
100000 1.91761e+09 19176.1 9.20792
100000 1.92499e+09 19249.9 9.10535
100000 1.93239e+09 19323.9 9.00394
100000 1.93983e+09 19398.3 8.9034
100000 1.94729e+09 19472.9 8.80398
100000 1.95478e+09 19547.8 8.70556
100000 1.96229e+09 19622.9 8.60825
100000 1.96984e+09 19698.4 8.51178
100000 1.97742e+09 19774.2 8.41627
100000 1.98502e+09 19850.2 8.32186
100000 1.99266e+09 19926.6 8.22827
100000 2.00032e+09 20003.2 8.13574
100000 2.00802e+09 20080.2 8.04403
100000 2.01574e+09 20157.4 7.95337
100000 2.02349e+09 20234.9 7.86363
100000 2.03128e+09 20312.8 7.7747
100000 2.03909e+09 20390.9 7.68678
100000 2.04693e+09 20469.3 7.59976
100000 2.05481e+09 20548.1 7.51353
100000 2.06271e+09 20627.1 7.42829
100000 2.07064e+09 20706.4 7.34393
100000 2.07861e+09 20786.1 7.26034
100000 2.0866e+09 20866 7.17772
100000 2.09463e+09 20946.3 7.09586
100000 2.10269e+09 21026.9 7.01484
100000 2.11077e+09 21107.7 6.93478
100000 2.11889e+09 21188.9 6.85545
100000 2.12704e+09 21270.4 6.77695
100000 2.13522e+09 21352.2 6.69928
100000 2.14344e+09 21434.4 6.62233
100000 2.15168e+09 21516.8 6.54629
100000 2.15996e+09 21599.6 6.47096
100000 2.16826e+09 21682.6 6.39652
100000 2.1766e+09 21766 6.32278
100000 2.18498e+09 21849.8 6.24974
100000 2.19338e+09 21933.8 6.17757
100000 2.20182e+09 22018.2 6.10608
100000 2.21028e+09 22102.8 6.03545
100000 2.21879e+09 22187.9 5.96541
100000 2.22732e+09 22273.2 5.8962
100000 2.23589e+09 22358.9 5.82767
100000 2.24449e+09 22444.9 5.75987
100000 2.25312e+09 22531.2 5.69281
100000 2.26179e+09 22617.9 5.6264
100000 2.27049e+09 22704.9 5.56072
100000 2.27922e+09 22792.2 5.49575
100000 2.28798e+09 22879.8 5.4315
100000 2.29679e+09 22967.9 5.3678
100000 2.30562e+09 23056.2 5.30488
100000 2.31449e+09 23144.9 5.24258
100000 2.32339e+09 23233.9 5.18096
100000 2.33233e+09 23323.3 5.11996
100000 2.3413e+09 23413 5.05964
100000 2.3503e+09 23503 4.99998
100000 2.35934e+09 23593.4 4.94093
100000 2.36842e+09 23684.2 4.88247
100000 2.37753e+09 23775.3 4.82466
100000 2.38667e+09 23866.7 4.76751
100000 2.39585e+09 23958.5 4.71093
100000 2.40507e+09 24050.7 4.65493
100000 2.41432e+09 24143.2 4.59956
100000 2.4236e+09 24236 4.54481
100000 2.43292e+09 24329.2 4.49063
100000 2.44228e+09 24422.8 4.43701
100000 2.45168e+09 24516.8 4.38394
100000 2.46111e+09 24611.1 4.33147
100000 2.47057e+09 24705.7 4.2796
100000 2.48008e+09 24800.8 4.22822
100000 2.48961e+09 24896.1 4.17748
100000 2.49919e+09 24991.9 4.12723
100000 2.5088e+09 25088 4.07754
100000 2.51845e+09 25184.5 4.02839
100000 2.52814e+09 25281.4 3.97975
100000 2.53786e+09 25378.6 3.93167
100000 2.54762e+09 25476.2 3.88411
100000 2.55742e+09 25574.2 3.83704
100000 2.56726e+09 25672.6 3.79049
100000 2.57713e+09 25771.3 3.74447
100000 2.58705e+09 25870.5 3.6989
100000 2.597e+09 25970 3.65387
100000 2.60699e+09 26069.9 3.60932
100000 2.61701e+09 26170.1 3.5653
100000 2.62708e+09 26270.8 3.52171
100000 2.63718e+09 26371.8 3.47864
100000 2.64733e+09 26473.3 3.43599
100000 2.65751e+09 26575.1 3.39385
100000 2.66773e+09 26677.3 3.35217
100000 2.67799e+09 26779.9 3.31095
100000 2.68829e+09 26882.9 3.27018
100000 2.69863e+09 26986.3 3.22986
100000 2.70901e+09 27090.1 3.18998
100000 2.71943e+09 27194.3 3.15055
100000 2.72989e+09 27298.9 3.11155
100000 2.74039e+09 27403.9 3.07299
100000 2.75093e+09 27509.3 3.03486
100000 2.76151e+09 27615.1 2.99715
100000 2.77213e+09 27721.3 2.95987
100000 2.7828e+09 27828 2.92298
100000 2.7935e+09 27935 2.88653
100000 2.80424e+09 28042.4 2.85049
100000 2.81503e+09 28150.3 2.81483
100000 2.82586e+09 28258.6 2.77958
100000 2.83673e+09 28367.3 2.74472
100000 2.84764e+09 28476.4 2.71026
100000 2.85859e+09 28585.9 2.6762
100000 2.86959e+09 28695.9 2.6425
100000 2.88062e+09 28806.2 2.60921
100000 2.8917e+09 28917 2.57628
100000 2.90283e+09 29028.3 2.5437
100000 2.91399e+09 29139.9 2.51153
100000 2.9252e+09 29252 2.4797
100000 2.93645e+09 29364.5 2.44824
100000 2.94774e+09 29477.4 2.41714
100000 2.95908e+09 29590.8 2.38638
100000 2.97046e+09 29704.6 2.35599
100000 2.98189e+09 29818.9 2.32592
100000 2.99336e+09 29933.6 2.29621
100000 3.00487e+09 30048.7 2.26685
100000 3.01643e+09 30164.3 2.23781
100000 3.02803e+09 30280.3 2.20911
100000 3.03968e+09 30396.8 2.18073
100000 3.05137e+09 30513.7 2.15269
100000 3.06311e+09 30631.1 2.12496
100000 3.07489e+09 30748.9 2.09756
100000 3.08671e+09 30867.1 2.07049
100000 3.09859e+09 30985.9 2.0437
100000 3.11051e+09 31105.1 2.01723
100000 3.12247e+09 31224.7 1.99109
100000 3.13448e+09 31344.8 1.96523
100000 3.14654e+09 31465.4 1.93967
100000 3.15864e+09 31586.4 1.91442
100000 3.17079e+09 31707.9 1.88946
100000 3.18298e+09 31829.8 1.8648
100000 3.19523e+09 31952.3 1.84041
100000 3.20752e+09 32075.2 1.81631
100000 3.21985e+09 32198.5 1.79251
100000 3.23224e+09 32322.4 1.76896
100000 3.24467e+09 32446.7 1.74571
100000 3.25715e+09 32571.5 1.72273
100000 3.26968e+09 32696.8 1.70001
100000 3.28225e+09 32822.5 1.67757
100000 3.29488e+09 32948.8 1.65538
100000 3.30755e+09 33075.5 1.63347
100000 3.32027e+09 33202.7 1.61181
100000 3.33304e+09 33330.4 1.59041
100000 3.34586e+09 33458.6 1.56926
100000 3.35873e+09 33587.3 1.54836
100000 3.37165e+09 33716.5 1.52771
100000 3.38462e+09 33846.2 1.50731
100000 3.39764e+09 33976.4 1.48715
100000 3.41071e+09 34107.1 1.46723
100000 3.42382e+09 34238.2 1.44756
100000 3.43699e+09 34369.9 1.42812
100000 3.45021e+09 34502.1 1.40891
100000 3.46348e+09 34634.8 1.38993
100000 3.47681e+09 34768.1 1.37116
100000 3.49018e+09 34901.8 1.35264
100000 3.5036e+09 35036 1.33435
100000 3.51708e+09 35170.8 1.31626
100000 3.53061e+09 35306.1 1.2984
100000 3.54419e+09 35441.9 1.28075
100000 3.55782e+09 35578.2 1.26333
100000 3.5715e+09 35715 1.24611
100000 3.58524e+09 35852.4 1.2291
100000 3.59903e+09 35990.3 1.2123
100000 3.61287e+09 36128.7 1.19571
100000 3.62677e+09 36267.7 1.17931
100000 3.64072e+09 36407.2 1.16312
100000 3.65472e+09 36547.2 1.14713
100000 3.66878e+09 36687.8 1.13132
100000 3.68289e+09 36828.9 1.11572
100000 3.69706e+09 36970.6 1.10031
100000 3.71128e+09 37112.8 1.08509
100000 3.72555e+09 37255.5 1.07006
100000 3.73988e+09 37398.8 1.05521
100000 3.75426e+09 37542.6 1.04055
100000 3.7687e+09 37687 1.02607
100000 3.7832e+09 37832 1.01176
100000 3.79775e+09 37977.5 0.99764
100000 3.81236e+09 38123.6 0.98369
100000 3.82702e+09 38270.2 0.969919
100000 3.84174e+09 38417.4 0.956317
100000 3.85652e+09 38565.2 0.942883
100000 3.87135e+09 38713.5 0.929622
100000 3.88624e+09 38862.4 0.916526
100000 3.90119e+09 39011.9 0.903592
100000 3.91619e+09 39161.9 0.890827
100000 3.93126e+09 39312.6 0.878213
100000 3.94638e+09 39463.8 0.865765
100000 3.96156e+09 39615.6 0.853472
100000 3.97679e+09 39767.9 0.841343
100000 3.99209e+09 39920.9 0.829357
100000 4.00745e+09 40074.5 0.817524
100000 4.02286e+09 40228.6 0.805848
100000 4.03833e+09 40383.3 0.79432
100000 4.05387e+09 40538.7 0.782931
100000 4.06946e+09 40694.6 0.771695
100000 4.08511e+09 40851.1 0.760603
100000 4.10082e+09 41008.2 0.749653
100000 4.1166e+09 41166 0.738838
100000 4.13243e+09 41324.3 0.728168
100000 4.14832e+09 41483.2 0.717637
100000 4.16428e+09 41642.8 0.707236
100000 4.1803e+09 41803 0.69697
100000 4.19638e+09 41963.8 0.686838
100000 4.21252e+09 42125.2 0.676838
100000 4.22872e+09 42287.2 0.66697
100000 4.24498e+09 42449.8 0.657231
100000 4.26131e+09 42613.1 0.647615
100000 4.2777e+09 42777 0.638126
100000 4.29415e+09 42941.5 0.628762
100000 4.31067e+09 43106.7 0.619517
100000 4.32725e+09 43272.5 0.610396
100000 4.34389e+09 43438.9 0.601396
100000 4.3606e+09 43606 0.592511
100000 4.37737e+09 43773.7 0.583746
100000 4.39421e+09 43942.1 0.575093
100000 4.41111e+09 44111.1 0.566557
100000 4.42808e+09 44280.8 0.558132
100000 4.44511e+09 44451.1 0.549821
100000 4.46221e+09 44622.1 0.541618
100000 4.47937e+09 44793.7 0.533526
100000 4.4966e+09 44966 0.525541
100000 4.5139e+09 45139 0.517661
100000 4.53126e+09 45312.6 0.509889
100000 4.54869e+09 45486.9 0.502219
100000 4.56618e+09 45661.8 0.494656
100000 4.58374e+09 45837.4 0.487192
100000 4.60138e+09 46013.8 0.479824
100000 4.61907e+09 46190.7 0.472563
100000 4.63684e+09 46368.4 0.465394
100000 4.65467e+09 46546.7 0.458326
100000 4.67258e+09 46725.8 0.45135
100000 4.69055e+09 46905.5 0.444471
100000 4.70859e+09 47085.9 0.437685
100000 4.7267e+09 47267 0.430992
100000 4.74488e+09 47448.8 0.424389
100000 4.76313e+09 47631.3 0.417877
100000 4.78145e+09 47814.5 0.411454
100000 4.79984e+09 47998.4 0.405119
100000 4.81831e+09 48183.1 0.398868
100000 4.83684e+09 48368.4 0.392706
100000 4.85544e+09 48554.4 0.38663
100000 4.87412e+09 48741.2 0.380635
100000 4.89286e+09 48928.6 0.374727
100000 4.91168e+09 49116.8 0.368897
100000 4.93058e+09 49305.8 0.363147
100000 4.94954e+09 49495.4 0.35748
100000 4.96858e+09 49685.8 0.351889
100000 4.98769e+09 49876.9 0.346378
100000 5.00687e+09 50068.7 0.340944
100000 5.02613e+09 50261.3 0.335585
100000 5.04546e+09 50454.6 0.330302
100000 5.06487e+09 50648.7 0.325092
100000 5.08435e+09 50843.5 0.319956
100000 5.10391e+09 51039.1 0.314891
100000 5.12354e+09 51235.4 0.309899
100000 5.14324e+09 51432.4 0.304979
100000 5.16303e+09 51630.3 0.300125
100000 5.18288e+09 51828.8 0.295343
100000 5.20282e+09 52028.2 0.290627
100000 5.22283e+09 52228.3 0.285979
100000 5.24292e+09 52429.2 0.281397
100000 5.26309e+09 52630.9 0.276879
100000 5.28333e+09 52833.3 0.272428
100000 5.30365e+09 53036.5 0.26804
100000 5.32405e+09 53240.5 0.263715
100000 5.34453e+09 53445.3 0.259452
100000 5.36508e+09 53650.8 0.255252
100000 5.38572e+09 53857.2 0.25111
100000 5.40643e+09 54064.3 0.24703
100000 5.42723e+09 54272.3 0.243007
100000 5.4481e+09 54481 0.239045
100000 5.46906e+09 54690.6 0.235138
100000 5.4901e+09 54901 0.231289
100000 5.51121e+09 55112.1 0.227497
100000 5.53241e+09 55324.1 0.22376
100000 5.55369e+09 55536.9 0.220077
100000 5.57505e+09 55750.5 0.216449
100000 5.59649e+09 55964.9 0.212875
100000 5.61802e+09 56180.2 0.209351
100000 5.63963e+09 56396.3 0.205881
100000 5.66132e+09 56613.2 0.202462
100000 5.68309e+09 56830.9 0.199094
100000 5.70495e+09 57049.5 0.195776
100000 5.7269e+09 57269 0.192506
100000 5.74892e+09 57489.2 0.189286
100000 5.77104e+09 57710.4 0.186113
100000 5.79323e+09 57932.3 0.182989
100000 5.81552e+09 58155.2 0.179909
100000 5.83788e+09 58378.8 0.176879
100000 5.86034e+09 58603.4 0.173891
100000 5.88288e+09 58828.8 0.17095
100000 5.90551e+09 59055.1 0.168053
100000 5.92822e+09 59282.2 0.1652
100000 5.95102e+09 59510.2 0.16239
100000 5.97391e+09 59739.1 0.159623
100000 5.99689e+09 59968.9 0.156897
100000 6.01995e+09 60199.5 0.154214
100000 6.04311e+09 60431.1 0.151571
100000 6.06635e+09 60663.5 0.148969
100000 6.08969e+09 60896.9 0.146406
100000 6.11311e+09 61131.1 0.143883
100000 6.13662e+09 61366.2 0.141399
100000 6.16022e+09 61602.2 0.138953
100000 6.18392e+09 61839.2 0.136544
100000 6.2077e+09 62077 0.134173
100000 6.23158e+09 62315.8 0.131839
100000 6.25555e+09 62555.5 0.129541
100000 6.27961e+09 62796.1 0.127278
100000 6.30376e+09 63037.6 0.125052
100000 6.32801e+09 63280.1 0.122859
100000 6.35235e+09 63523.5 0.120701
100000 6.37678e+09 63767.8 0.118577
100000 6.40131e+09 64013.1 0.116486
100000 6.42593e+09 64259.3 0.114429
100000 6.45065e+09 64506.5 0.112403
100000 6.47546e+09 64754.6 0.11041
100000 6.50036e+09 65003.6 0.108449
100000 6.52537e+09 65253.7 0.106517
100000 6.55046e+09 65504.6 0.104618
100000 6.57566e+09 65756.6 0.102748
100000 6.60095e+09 66009.5 0.100908
100000 6.62634e+09 66263.4 0.099098
100000 6.65183e+09 66518.3 0.0973164
100000 6.67741e+09 66774.1 0.095564
100000 6.7031e+09 67031 0.093839
100000 6.72888e+09 67288.8 0.0921424
100000 6.75476e+09 67547.6 0.0904732
100000 6.78074e+09 67807.4 0.0888309
100000 6.80682e+09 68068.2 0.0872153
100000 6.833e+09 68330 0.085626
100000 6.85928e+09 68592.8 0.0840626
100000 6.88567e+09 68856.7 0.0825241
100000 6.91215e+09 69121.5 0.0810116
100000 6.93874e+09 69387.4 0.0795233
100000 6.96543e+09 69654.3 0.0780596
100000 6.99222e+09 69922.2 0.0766201
100000 7.01911e+09 70191.1 0.0752045
100000 7.04611e+09 70461.1 0.073812
100000 7.07321e+09 70732.1 0.0724427
100000 7.10042e+09 71004.2 0.0710958
100000 7.12773e+09 71277.3 0.0697716
100000 7.15514e+09 71551.4 0.0684697
100000 7.18266e+09 71826.6 0.0671892
100000 7.21029e+09 72102.9 0.0659301
100000 7.23802e+09 72380.2 0.0646922
100000 7.26586e+09 72658.6 0.0634751
100000 7.29381e+09 72938.1 0.0622783
100000 7.32186e+09 73218.6 0.061102
100000 7.35002e+09 73500.2 0.0599455
100000 7.37829e+09 73782.9 0.0588085
100000 7.40667e+09 74066.7 0.0576908
100000 7.43516e+09 74351.6 0.056592
100000 7.46376e+09 74637.6 0.055512
100000 7.49247e+09 74924.7 0.0544504
100000 7.52129e+09 75212.9 0.053407
100000 7.55022e+09 75502.2 0.0523815
100000 7.57926e+09 75792.6 0.0513737
100000 7.60841e+09 76084.1 0.0503834
100000 7.63767e+09 76376.7 0.0494101
100000 7.66705e+09 76670.5 0.0484535
100000 7.69654e+09 76965.4 0.0475136
100000 7.72614e+09 77261.4 0.0465901
100000 7.75586e+09 77558.6 0.0456825
100000 7.78569e+09 77856.9 0.0447908
100000 7.81564e+09 78156.4 0.0439146
100000 7.8457e+09 78457 0.0430539
100000 7.87587e+09 78758.7 0.0422084
100000 7.90617e+09 79061.7 0.0413775
100000 7.93658e+09 79365.8 0.0405614
100000 7.9671e+09 79671 0.0397599
100000 7.99775e+09 79977.5 0.0389723
100000 8.02851e+09 80285.1 0.0381988
100000 8.05939e+09 80593.9 0.0374391
100000 8.09039e+09 80903.9 0.0366929
100000 8.12151e+09 81215.1 0.03596
100000 8.15274e+09 81527.4 0.0352404
100000 8.1841e+09 81841 0.0345336
100000 8.21558e+09 82155.8 0.0338395
100000 8.24718e+09 82471.8 0.0331579
100000 8.2789e+09 82789 0.0324886
100000 8.31074e+09 83107.4 0.0318315
100000 8.34271e+09 83427.1 0.0311862
100000 8.3748e+09 83748 0.0305527
100000 8.40701e+09 84070.1 0.0299308
100000 8.43935e+09 84393.5 0.0293201
100000 8.47181e+09 84718.1 0.0287207
100000 8.50439e+09 85043.9 0.0281324
100000 8.5371e+09 85371 0.0275548
100000 8.56994e+09 85699.4 0.0269878
100000 8.6029e+09 86029 0.0264314
100000 8.63599e+09 86359.9 0.0258852
100000 8.66921e+09 86692.1 0.0253491
100000 8.70255e+09 87025.5 0.0248231
100000 8.73602e+09 87360.2 0.0243069
100000 8.76962e+09 87696.2 0.0238003
100000 8.80336e+09 88033.6 0.023303
100000 8.83722e+09 88372.2 0.0228152
100000 8.87121e+09 88712.1 0.0223366
100000 8.90533e+09 89053.3 0.021867
100000 8.93958e+09 89395.8 0.0214063
100000 8.97396e+09 89739.6 0.0209543
100000 9.00848e+09 90084.8 0.0205108
100000 9.04313e+09 90431.3 0.0200758
100000 9.07791e+09 90779.1 0.0196492
100000 9.11283e+09 91128.3 0.0192306
100000 9.14788e+09 91478.8 0.01882
100000 9.18307e+09 91830.7 0.0184173
100000 9.21839e+09 92183.9 0.0180224
100000 9.25384e+09 92538.4 0.0176352
100000 9.28944e+09 92894.4 0.0172553
100000 9.32517e+09 93251.7 0.0168829
100000 9.36103e+09 93610.3 0.0165177
100000 9.39704e+09 93970.4 0.0161596
100000 9.43318e+09 94331.8 0.0158085
100000 9.46946e+09 94694.6 0.0154643
100000 9.50589e+09 95058.9 0.0151267
100000 9.54245e+09 95424.5 0.0147959
100000 9.57915e+09 95791.5 0.0144715
100000 9.616e+09 96160 0.0141535
100000 9.65298e+09 96529.8 0.0138419
100000 9.69011e+09 96901.1 0.0135364
100000 9.72738e+09 97273.8 0.013237
100000 9.7648e+09 97648 0.0129435
100000 9.80236e+09 98023.6 0.0126559
100000 9.84006e+09 98400.6 0.0123741
100000 9.87791e+09 98779.1 0.0120979
100000 9.9159e+09 99159 0.0118273
100000 9.95404e+09 99540.4 0.0115621
100000 9.99233e+09 99923.3 0.0113023
100000 1.00308e+10 100308 0.0110475
100000 1.00693e+10 100693 0.0107987
100000 1.01081e+10 101081 0.0105539
100000 1.01469e+10 101469 0.0103151
100000 1.0186e+10 101860 0.0100802
100000 1.02252e+10 102252 0.00985049
100000 1.02645e+10 102645 0.00962576
100000 1.0304e+10 103040 0.00940538
100000 1.03436e+10 103436 0.00918984
100000 1.03834e+10 103834 0.0089785
100000 1.04233e+10 104233 0.00877183
100000 1.04634e+10 104634 0.00856921
100000 1.05037e+10 105037 0.0083706
100000 1.05441e+10 105441 0.0081764
100000 1.05846e+10 105846 0.00798653
100000 1.06253e+10 106253 0.00780044
100000 1.06662e+10 106662 0.00761807
100000 1.07072e+10 107072 0.00743981
100000 1.07484e+10 107484 0.00726513
100000 1.07897e+10 107897 0.0070944
100000 1.08312e+10 108312 0.00692713
100000 1.08729e+10 108729 0.00676327
100000 1.09147e+10 109147 0.00660314
100000 1.09567e+10 109567 0.00644629
100000 1.09988e+10 109988 0.00629303
100000 1.10412e+10 110412 0.00614258
100000 1.10836e+10 110836 0.00599594
100000 1.11262e+10 111262 0.00585235
100000 1.1169e+10 111690 0.00571175
100000 1.1212e+10 112120 0.00557409
100000 1.12551e+10 112551 0.00543963
100000 1.12984e+10 112984 0.00530801
100000 1.13419e+10 113419 0.00517917
100000 1.13855e+10 113855 0.00505335
100000 1.14293e+10 114293 0.00493021
100000 1.14733e+10 114733 0.0048097
100000 1.15174e+10 115174 0.00469203
100000 1.15617e+10 115617 0.0045769
100000 1.16062e+10 116062 0.00446425
100000 1.16508e+10 116508 0.00435429
100000 1.16956e+10 116956 0.00424671
100000 1.17406e+10 117406 0.00414147
100000 1.17857e+10 117857 0.00403877
100000 1.18311e+10 118311 0.0039381
100000 1.18766e+10 118766 0.00383985
100000 1.19223e+10 119223 0.00374378
100000 1.19681e+10 119681 0.00365004
100000 1.20142e+10 120142 0.00355818
100000 1.20604e+10 120604 0.00346857
100000 1.21068e+10 121068 0.00338096
100000 1.21533e+10 121533 0.00329551
100000 1.22001e+10 122001 0.0032118
100000 1.2247e+10 122470 0.00313015
100000 1.22941e+10 122941 0.00305036
100000 1.23414e+10 123414 0.00297238
100000 1.23889e+10 123889 0.00289618
100000 1.24365e+10 124365 0.00282188
100000 1.24843e+10 124843 0.00274929
100000 1.25324e+10 125324 0.00267822
100000 1.25806e+10 125806 0.00260895
100000 1.26289e+10 126289 0.00254141
100000 1.26775e+10 126775 0.00247532
100000 1.27263e+10 127263 0.00241077
100000 1.27752e+10 127752 0.00234786
100000 1.28244e+10 128244 0.0022863
100000 1.28737e+10 128737 0.00222631
100000 1.29232e+10 129232 0.00216775
100000 1.29729e+10 129729 0.00211058
100000 1.30228e+10 130228 0.00205476
100000 1.30729e+10 130729 0.00200028
100000 1.31232e+10 131232 0.00194711
100000 1.31737e+10 131737 0.00189521
100000 1.32243e+10 132243 0.00184467
100000 1.32752e+10 132752 0.00179525
100000 1.33263e+10 133263 0.00174703
100000 1.33775e+10 133775 0.00170008
100000 1.3429e+10 134290 0.00165419
100000 1.34806e+10 134806 0.00160951
100000 1.35325e+10 135325 0.00156584
100000 1.35845e+10 135845 0.00152334
100000 1.36368e+10 136368 0.0014818
100000 1.36892e+10 136892 0.00144137
100000 1.37419e+10 137419 0.00140188
100000 1.37947e+10 137947 0.00136345
100000 1.38478e+10 138478 0.00132591
100000 1.39011e+10 139011 0.00128931
100000 1.39545e+10 139545 0.0012537
100000 1.40082e+10 140082 0.00121893
100000 1.40621e+10 140621 0.00118504
100000 1.41162e+10 141162 0.00115202
100000 1.41705e+10 141705 0.00111984
100000 1.4225e+10 142250 0.00108849
100000 1.42797e+10 142797 0.00105794
100000 1.43346e+10 143346 0.00102818
100000 1.43897e+10 143897 0.000999187
100000 1.44451e+10 144451 0.000970898
100000 1.45006e+10 145006 0.000943397
100000 1.45564e+10 145564 0.000916565
100000 1.46124e+10 146124 0.000890437
100000 1.46686e+10 146686 0.000864997
100000 1.4725e+10 147250 0.000840227
100000 1.47817e+10 147817 0.00081607
100000 1.48385e+10 148385 0.000792596
100000 1.48956e+10 148956 0.000769707
100000 1.49529e+10 149529 0.000747429
100000 1.50104e+10 150104 0.000725749
100000 1.50681e+10 150681 0.000704651
100000 1.51261e+10 151261 0.000684087
100000 1.51843e+10 151843 0.000664079
100000 1.52427e+10 152427 0.000644614
100000 1.53013e+10 153013 0.000625679
100000 1.53602e+10 153602 0.00060723
100000 1.54192e+10 154192 0.000589317
100000 1.54785e+10 154785 0.000571867
100000 1.55381e+10 155381 0.000554869
100000 1.55978e+10 155978 0.000538369
100000 1.56578e+10 156578 0.0005223
100000 1.57181e+10 157181 0.000506652
100000 1.57785e+10 157785 0.000491466
100000 1.58392e+10 158392 0.000476681
100000 1.59001e+10 159001 0.000462312
100000 1.59613e+10 159613 0.000448324
100000 1.60227e+10 160227 0.000434732
100000 1.60843e+10 160843 0.000421525
100000 1.61462e+10 161462 0.000408674
100000 1.62083e+10 162083 0.000396189
100000 1.62706e+10 162706 0.000384061
100000 1.63332e+10 163332 0.000372263
100000 1.6396e+10 163960 0.000360804
100000 1.64591e+10 164591 0.000349659
100000 1.65224e+10 165224 0.000338837
100000 1.65859e+10 165859 0.00032833
100000 1.66497e+10 166497 0.000318113
100000 1.67138e+10 167138 0.000308179
100000 1.67781e+10 167781 0.000298537
100000 1.68426e+10 168426 0.000289179
100000 1.69074e+10 169074 0.000280083
100000 1.69724e+10 169724 0.000271257
100000 1.70377e+10 170377 0.00026268
100000 1.71032e+10 171032 0.000254358
100000 1.7169e+10 171690 0.000246273
100000 1.7235e+10 172350 0.00023843
100000 1.73013e+10 173013 0.000230812
100000 1.73679e+10 173679 0.000223412
100000 1.74347e+10 174347 0.000216237
100000 1.75017e+10 175017 0.000209279
100000 1.7569e+10 175690 0.000202524
100000 1.76366e+10 176366 0.000195965
100000 1.77045e+10 177045 0.000189598
100000 1.77726e+10 177726 0.000183426
100000 1.78409e+10 178409 0.000177445
100000 1.79095e+10 179095 0.00017164
100000 1.79784e+10 179784 0.000166008
100000 1.80476e+10 180476 0.000160542
100000 1.8117e+10 181170 0.000155248
100000 1.81867e+10 181867 0.000150112
100000 1.82566e+10 182566 0.000145137
100000 1.83268e+10 183268 0.000140312
100000 1.83973e+10 183973 0.000135633
100000 1.84681e+10 184681 0.000131096
100000 1.85391e+10 185391 0.000126704
100000 1.86104e+10 186104 0.000122445
100000 1.8682e+10 186820 0.000118317
100000 1.87539e+10 187539 0.000114316
100000 1.8826e+10 188260 0.000110444
100000 1.88984e+10 188984 0.000106692
100000 1.89711e+10 189711 0.000103056
100000 1.90441e+10 190441 9.9534e-05
100000 1.91173e+10 191173 9.61265e-05
100000 1.91909e+10 191909 9.28216e-05
100000 1.92647e+10 192647 8.9625e-05
100000 1.93388e+10 193388 8.65295e-05
100000 1.94132e+10 194132 8.35321e-05
100000 1.94878e+10 194878 8.0634e-05
100000 1.95628e+10 195628 7.78246e-05
100000 1.9638e+10 196380 7.51089e-05
100000 1.97136e+10 197136 7.24769e-05
100000 1.97894e+10 197894 6.99332e-05
100000 1.98655e+10 198655 6.74718e-05
100000 1.99419e+10 199419 6.50902e-05
100000 2.00186e+10 200186 6.27863e-05
100000 2.00956e+10 200956 6.05577e-05
100000 2.01729e+10 201729 5.84021e-05
100000 2.02505e+10 202505 5.63174e-05
100000 2.03284e+10 203284 5.43016e-05
100000 2.04066e+10 204066 5.23526e-05
100000 2.04851e+10 204851 5.04683e-05
100000 2.05638e+10 205638 4.86492e-05
100000 2.06429e+10 206429 4.68887e-05
100000 2.07223e+10 207223 4.51873e-05
100000 2.0802e+10 208020 4.35432e-05
100000 2.08821e+10 208821 4.19527e-05
100000 2.09624e+10 209624 4.0418e-05
100000 2.1043e+10 210430 3.89356e-05
100000 2.11239e+10 211239 3.75037e-05
100000 2.12052e+10 212052 3.61192e-05
100000 2.12868e+10 212868 3.47822e-05
100000 2.13686e+10 213686 3.3493e-05
100000 2.14508e+10 214508 3.22467e-05
100000 2.15333e+10 215333 3.10438e-05
100000 2.16161e+10 216161 2.98827e-05
100000 2.16993e+10 216993 2.87609e-05
100000 2.17827e+10 217827 2.76796e-05
100000 2.18665e+10 218665 2.66352e-05
100000 2.19506e+10 219506 2.56276e-05
100000 2.20351e+10 220351 2.46545e-05
100000 2.21198e+10 221198 2.37171e-05
100000 2.22049e+10 222049 2.2812e-05
100000 2.22903e+10 222903 2.19393e-05
100000 2.2376e+10 223760 2.10979e-05
100000 2.24621e+10 224621 2.02859e-05
100000 2.25485e+10 225485 1.95031e-05
100000 2.26352e+10 226352 1.87488e-05
100000 2.27223e+10 227223 1.8021e-05
100000 2.28097e+10 228097 1.73197e-05
100000 2.28974e+10 228974 1.66441e-05
100000 2.29855e+10 229855 1.59926e-05
100000 2.30739e+10 230739 1.53651e-05
100000 2.31627e+10 231627 1.47601e-05
100000 2.32517e+10 232517 1.41781e-05
100000 2.33412e+10 233412 1.36166e-05
100000 2.3431e+10 234310 1.3076e-05
100000 2.35211e+10 235211 1.25557e-05
100000 2.36115e+10 236115 1.20549e-05
100000 2.37024e+10 237024 1.15719e-05
100000 2.37935e+10 237935 1.11077e-05
100000 2.3885e+10 238850 1.06606e-05
100000 2.39769e+10 239769 1.02301e-05
100000 2.40691e+10 240691 9.81596e-06
100000 2.41617e+10 241617 9.4173e-06
100000 2.42546e+10 242546 9.03397e-06
100000 2.43479e+10 243479 8.66502e-06
100000 2.44416e+10 244416 8.30997e-06
100000 2.45356e+10 245356 7.96871e-06
100000 2.463e+10 246300 7.64039e-06
100000 2.47247e+10 247247 7.32489e-06
100000 2.48198e+10 248198 7.02145e-06
100000 2.49153e+10 249153 6.72963e-06
100000 2.50111e+10 250111 6.44934e-06
100000 2.51073e+10 251073 6.17985e-06
100000 2.52039e+10 252039 5.92081e-06
100000 2.53008e+10 253008 5.67208e-06
100000 2.53981e+10 253981 5.43306e-06
100000 2.54958e+10 254958 5.20339e-06
100000 2.55939e+10 255939 4.98273e-06
100000 2.56923e+10 256923 4.77098e-06
100000 2.57911e+10 257911 4.56761e-06
100000 2.58903e+10 258903 4.3723e-06
100000 2.59899e+10 259899 4.18477e-06
100000 2.60899e+10 260899 4.00473e-06
100000 2.61902e+10 261902 3.83207e-06
100000 2.6291e+10 262910 3.6662e-06
100000 2.63921e+10 263921 3.50718e-06
100000 2.64936e+10 264936 3.3546e-06
100000 2.65955e+10 265955 3.20822e-06
100000 2.66978e+10 266978 3.0678e-06
100000 2.68005e+10 268005 2.93314e-06
100000 2.69036e+10 269036 2.804e-06
100000 2.70071e+10 270071 2.68018e-06
100000 2.71109e+10 271109 2.56159e-06
100000 2.72152e+10 272152 2.44782e-06
100000 2.73199e+10 273199 2.33878e-06
100000 2.7425e+10 274250 2.23429e-06
100000 2.75304e+10 275304 2.13428e-06
100000 2.76363e+10 276363 2.03838e-06
100000 2.77426e+10 277426 1.94653e-06
100000 2.78493e+10 278493 1.85856e-06
100000 2.79565e+10 279565 1.77426e-06
100000 2.8064e+10 280640 1.69362e-06
100000 2.81719e+10 281719 1.61644e-06
100000 2.82803e+10 282803 1.54249e-06
100000 2.83891e+10 283891 1.47174e-06
100000 2.84983e+10 284983 1.40404e-06
100000 2.86079e+10 286079 1.33927e-06
100000 2.87179e+10 287179 1.27732e-06
100000 2.88284e+10 288284 1.21803e-06
100000 2.89392e+10 289392 1.16138e-06
100000 2.90506e+10 290506 1.10712e-06
100000 2.91623e+10 291623 1.0553e-06
100000 2.92745e+10 292745 1.00574e-06
100000 2.93871e+10 293871 9.58368e-07
100000 2.95001e+10 295001 9.1311e-07
100000 2.96136e+10 296136 8.69838e-07
100000 2.97275e+10 297275 8.28507e-07
100000 2.98418e+10 298418 7.89035e-07
100000 2.99566e+10 299566 7.51314e-07
100000 3.00718e+10 300718 7.15301e-07
100000 3.01875e+10 301875 6.80896e-07
100000 3.03036e+10 303036 6.48061e-07
100000 3.04201e+10 304201 6.16728e-07
100000 3.05371e+10 305371 5.86809e-07
100000 3.06546e+10 306546 5.58245e-07
100000 3.07725e+10 307725 5.31001e-07
100000 3.08909e+10 308909 5.04999e-07
100000 3.10097e+10 310097 4.80208e-07
100000 3.11289e+10 311289 4.56575e-07
100000 3.12487e+10 312487 4.34011e-07
100000 3.13689e+10 313689 4.12509e-07
100000 3.14895e+10 314895 3.92021e-07
100000 3.16106e+10 316106 3.72487e-07
100000 3.17322e+10 317322 3.53866e-07
100000 3.18543e+10 318543 3.36117e-07
100000 3.19768e+10 319768 3.19218e-07
100000 3.20998e+10 320998 3.03116e-07
100000 3.22233e+10 322233 2.87777e-07
100000 3.23472e+10 323472 2.73179e-07
100000 3.24716e+10 324716 2.59278e-07
100000 3.25965e+10 325965 2.46042e-07
100000 3.27219e+10 327219 2.33442e-07
100000 3.28477e+10 328477 2.21459e-07
100000 3.29741e+10 329741 2.10046e-07
100000 3.31009e+10 331009 1.99196e-07
100000 3.32282e+10 332282 1.88874e-07
100000 3.3356e+10 333560 1.79057e-07
100000 3.34843e+10 334843 1.69722e-07
100000 3.36131e+10 336131 1.60846e-07
100000 3.37424e+10 337424 1.52408e-07
100000 3.38722e+10 338722 1.44389e-07
100000 3.40025e+10 340025 1.36768e-07
100000 3.41333e+10 341333 1.29528e-07
100000 3.42645e+10 342645 1.22656e-07
100000 3.43963e+10 343963 1.16124e-07
100000 3.45286e+10 345286 1.09921e-07
100000 3.46614e+10 346614 1.04032e-07
100000 3.47948e+10 347948 9.84384e-08
100000 3.49286e+10 349286 9.31334e-08
100000 3.50629e+10 350629 8.80997e-08
100000 3.51978e+10 351978 8.33207e-08
100000 3.53332e+10 353332 7.87877e-08
100000 3.54691e+10 354691 7.44889e-08
100000 3.56055e+10 356055 7.0413e-08
100000 3.57425e+10 357425 6.65462e-08
100000 3.58799e+10 358799 6.28839e-08
100000 3.60179e+10 360179 5.94109e-08
100000 3.61565e+10 361565 5.61181e-08
100000 3.62955e+10 362955 5.30012e-08
100000 3.64351e+10 364351 5.00471e-08
100000 3.65753e+10 365753 4.72478e-08
100000 3.6716e+10 367160 4.45977e-08
100000 3.68572e+10 368572 4.20894e-08
100000 3.69989e+10 369989 3.97155e-08
100000 3.71413e+10 371413 3.74664e-08
100000 3.72841e+10 372841 3.53402e-08
100000 3.74275e+10 374275 3.33279e-08
100000 3.75715e+10 375715 3.14237e-08
100000 3.7716e+10 377160 2.96234e-08
100000 3.78611e+10 378611 2.79205e-08
100000 3.80067e+10 380067 2.63113e-08
100000 3.81529e+10 381529 2.47897e-08
100000 3.82996e+10 382996 2.33523e-08
100000 3.84469e+10 384469 2.19938e-08
100000 3.85948e+10 385948 2.07101e-08
100000 3.87433e+10 387433 1.94974e-08
100000 3.88923e+10 388923 1.83527e-08
100000 3.90419e+10 390419 1.72717e-08
100000 3.9192e+10 391920 1.62517e-08
100000 3.93428e+10 393428 1.52883e-08
100000 3.94941e+10 394941 1.43797e-08
100000 3.9646e+10 396460 1.35223e-08
100000 3.97985e+10 397985 1.27135e-08
100000 3.99516e+10 399516 1.19507e-08
100000 4.01052e+10 401052 1.12318e-08
100000 4.02595e+10 402595 1.05537e-08
100000 4.04143e+10 404143 9.91491e-09
100000 4.05698e+10 405698 9.31255e-09
100000 4.07258e+10 407258 8.7454e-09
100000 4.08825e+10 408825 8.21082e-09
100000 4.10397e+10 410397 7.70769e-09
100000 4.11976e+10 411976 7.23367e-09
100000 4.1356e+10 413560 6.78773e-09
100000 4.15151e+10 415151 6.36777e-09
100000 4.16748e+10 416748 5.97261e-09
100000 4.18351e+10 418351 5.60087e-09
100000 4.1996e+10 419960 5.25124e-09
100000 4.21575e+10 421575 4.92247e-09
100000 4.23197e+10 423197 4.6132e-09
100000 4.24824e+10 424824 4.3227e-09
100000 4.26458e+10 426458 4.04954e-09
100000 4.28099e+10 428099 3.79276e-09
100000 4.29745e+10 429745 3.55171e-09
100000 4.31398e+10 431398 3.32522e-09
100000 4.33057e+10 433057 3.11258e-09
100000 4.34723e+10 434723 2.91286e-09
100000 4.36395e+10 436395 2.72544e-09
100000 4.38074e+10 438074 2.54949e-09
100000 4.39759e+10 439759 2.38445e-09
100000 4.4145e+10 441450 2.22968e-09
100000 4.43148e+10 443148 2.08449e-09
100000 4.44853e+10 444853 1.94831e-09
100000 4.46564e+10 446564 1.82069e-09
100000 4.48281e+10 448281 1.70112e-09
100000 4.50005e+10 450005 1.58906e-09
100000 4.51736e+10 451736 1.48405e-09
100000 4.53474e+10 453474 1.38568e-09
100000 4.55218e+10 455218 1.2936e-09
100000 4.56969e+10 456969 1.20738e-09
100000 4.58727e+10 458727 1.12667e-09
100000 4.60491e+10 460491 1.05117e-09
100000 4.62262e+10 462262 9.80529e-10
100000 4.6404e+10 464040 9.14447e-10
100000 4.65825e+10 465825 8.52646e-10
100000 4.67617e+10 467617 7.94862e-10
100000 4.69415e+10 469415 7.40877e-10
100000 4.71221e+10 471221 6.90397e-10
100000 4.73033e+10 473033 6.43259e-10
100000 4.74853e+10 474853 5.99205e-10
100000 4.76679e+10 476679 5.58086e-10
100000 4.78513e+10 478513 5.19677e-10
100000 4.80353e+10 480353 4.83845e-10
100000 4.82201e+10 482201 4.50391e-10
100000 4.84055e+10 484055 4.19197e-10
100000 4.85917e+10 485917 3.90088e-10
100000 4.87786e+10 487786 3.62945e-10
100000 4.89662e+10 489662 3.37641e-10
100000 4.91546e+10 491546 3.14047e-10
100000 4.93436e+10 493436 2.92075e-10
100000 4.95334e+10 495334 2.71597e-10
100000 4.97239e+10 497239 2.52526e-10
100000 4.99152e+10 499152 2.34762e-10
100000 5.01072e+10 501072 2.18228e-10
100000 5.02999e+10 502999 2.02842e-10
100000 5.04934e+10 504934 1.88521e-10
100000 5.06876e+10 506876 1.75201e-10
100000 5.08825e+10 508825 1.62817e-10
100000 5.10783e+10 510783 1.51293e-10
100000 5.12747e+10 512747 1.40589e-10
100000 5.14719e+10 514719 1.3064e-10
100000 5.16699e+10 516699 1.21394e-10
100000 5.18687e+10 518687 1.12803e-10
100000 5.20682e+10 520682 1.04829e-10
100000 5.22684e+10 522684 9.7428e-11
100000 5.24695e+10 524695 9.05544e-11
100000 5.26713e+10 526713 8.41785e-11
100000 5.28739e+10 528739 7.82631e-11
100000 5.30772e+10 530772 7.27791e-11
100000 5.32814e+10 532814 6.76914e-11
100000 5.34863e+10 534863 6.29774e-11
100000 5.3692e+10 536920 5.86085e-11
100000 5.38986e+10 538986 5.45589e-11
100000 5.41059e+10 541059 5.08097e-11
100000 5.4314e+10 543140 4.7338e-11
100000 5.45229e+10 545229 4.41241e-11
100000 5.47326e+10 547326 4.11498e-11
100000 5.49431e+10 549431 3.8398e-11
100000 5.51544e+10 551544 3.58527e-11
100000 5.53666e+10 553666 3.3498e-11
100000 5.55795e+10 555795 3.13223e-11
100000 5.57933e+10 557933 2.93107e-11
100000 5.60079e+10 560079 2.74523e-11
100000 5.62233e+10 562233 2.57358e-11
100000 5.64396e+10 564396 2.41501e-11
100000 5.66567e+10 566567 2.26864e-11
100000 5.68746e+10 568746 2.13357e-11
100000 5.70934e+10 570934 2.00891e-11
100000 5.73129e+10 573129 1.89398e-11
100000 5.75334e+10 575334 1.78793e-11
100000 5.77547e+10 577547 1.69018e-11
100000 5.79768e+10 579768 1.6001e-11
100000 5.81998e+10 581998 1.51709e-11
100000 5.84237e+10 584237 1.44061e-11
100000 5.86484e+10 586484 1.3702e-11
100000 5.8874e+10 588740 1.30538e-11
100000 5.91004e+10 591004 1.24573e-11
100000 5.93277e+10 593277 1.19084e-11
100000 5.95559e+10 595559 1.14035e-11
100000 5.9785e+10 597850 1.09392e-11
100000 6.00149e+10 600149 1.05125e-11
100000 6.02458e+10 602458 1.01202e-11
100000 6.04775e+10 604775 9.75986e-12
100000 6.07101e+10 607101 9.42892e-12
100000 6.09436e+10 609436 9.12505e-12
100000 6.1178e+10 611780 8.84613e-12
100000 6.14133e+10 614133 8.59018e-12
100000 6.16496e+10 616496 8.35529e-12
100000 6.18867e+10 618867 8.13997e-12
100000 6.21247e+10 621247 7.94258e-12
100000 6.23637e+10 623637 7.7616e-12
100000 6.26035e+10 626035 7.59586e-12
100000 6.28443e+10 628443 7.44401e-12
100000 6.3086e+10 630860 7.30497e-12
100000 6.33287e+10 633287 7.17766e-12
100000 6.35723e+10 635723 7.06117e-12
100000 6.38168e+10 638168 6.95462e-12
100000 6.40623e+10 640623 6.85715e-12
100000 6.43087e+10 643087 6.76805e-12
100000 6.4556e+10 645560 6.68664e-12
100000 6.48043e+10 648043 6.61224e-12
100000 6.50536e+10 650536 6.54427e-12
100000 6.53038e+10 653038 6.48222e-12
100000 6.5555e+10 655550 6.42558e-12
100000 6.58071e+10 658071 6.3739e-12
100000 6.60602e+10 660602 6.32561e-12
100000 6.63143e+10 663143 6.27825e-12
100000 6.65694e+10 665694 6.23071e-12
100000 6.68254e+10 668254 6.183e-12
100000 6.70824e+10 670824 6.1351e-12
100000 6.73405e+10 673405 6.08699e-12
100000 6.75995e+10 675995 6.03872e-12
100000 6.78595e+10 678595 5.99026e-12
100000 6.81205e+10 681205 5.94162e-12
100000 6.83825e+10 683825 5.89279e-12
100000 6.86455e+10 686455 5.84377e-12
100000 6.89096e+10 689096 5.79455e-12
100000 6.91746e+10 691746 5.74516e-12
100000 6.94407e+10 694407 5.69556e-12
100000 6.97078e+10 697078 5.64578e-12
100000 6.99759e+10 699759 5.59581e-12
100000 7.0245e+10 702450 5.54566e-12
100000 7.05152e+10 705152 5.4953e-12
100000 7.07864e+10 707864 5.44476e-12
100000 7.10587e+10 710587 5.394e-12
100000 7.1332e+10 713320 5.34307e-12
100000 7.16064e+10 716064 5.29193e-12
100000 7.18818e+10 718818 5.2406e-12
100000 7.21583e+10 721583 5.18906e-12
100000 7.24358e+10 724358 5.13734e-12
100000 7.27144e+10 727144 5.08542e-12
100000 7.29941e+10 729941 5.03329e-12
100000 7.32749e+10 732749 4.98096e-12
100000 7.35567e+10 735567 4.92843e-12
100000 7.38396e+10 738396 4.87571e-12
100000 7.41236e+10 741236 4.82278e-12
100000 7.44087e+10 744087 4.76964e-12
100000 7.46949e+10 746949 4.7163e-12
100000 7.49822e+10 749822 4.66275e-12
100000 7.52706e+10 752706 4.609e-12
100000 7.55601e+10 755601 4.55505e-12
100000 7.58508e+10 758508 4.50087e-12
100000 7.61425e+10 761425 4.4465e-12
100000 7.64354e+10 764354 4.39191e-12
100000 7.67294e+10 767294 4.33711e-12
100000 7.70245e+10 770245 4.28211e-12
100000 7.73208e+10 773208 4.22689e-12
100000 7.76182e+10 776182 4.17146e-12
100000 7.79167e+10 779167 4.11583e-12
100000 7.82164e+10 782164 4.05997e-12
100000 7.85172e+10 785172 4.00391e-12
100000 7.88192e+10 788192 3.94762e-12
100000 7.91224e+10 791224 3.89111e-12
100000 7.94267e+10 794267 3.8344e-12
100000 7.97322e+10 797322 3.77746e-12
100000 8.00389e+10 800389 3.7203e-12
100000 8.03468e+10 803468 3.66291e-12
100000 8.06558e+10 806558 3.60532e-12
100000 8.0966e+10 809660 3.54751e-12
100000 8.12774e+10 812774 3.48947e-12
100000 8.15901e+10 815901 3.43119e-12
100000 8.19039e+10 819039 3.3727e-12
100000 8.22189e+10 822189 3.314e-12
100000 8.25351e+10 825351 3.25506e-12
100000 8.28526e+10 828526 3.19589e-12
100000 8.31713e+10 831713 3.13649e-12
100000 8.34912e+10 834912 3.07687e-12
100000 8.38123e+10 838123 3.01702e-12
100000 8.41347e+10 841347 2.95693e-12
100000 8.44583e+10 844583 2.89662e-12
100000 8.47831e+10 847831 2.83609e-12
100000 8.51092e+10 851092 2.77531e-12
100000 8.54366e+10 854366 2.71429e-12
100000 8.57652e+10 857652 2.65305e-12
100000 8.60951e+10 860951 2.59156e-12
100000 8.64262e+10 864262 2.52985e-12
100000 8.67586e+10 867586 2.4679e-12
100000 8.70923e+10 870923 2.4057e-12
100000 8.74273e+10 874273 2.34327e-12
100000 8.77636e+10 877636 2.28059e-12
100000 8.81012e+10 881012 2.21767e-12
100000 8.844e+10 884400 2.15452e-12
100000 8.87802e+10 887802 2.09112e-12
100000 8.91217e+10 891217 2.02747e-12
100000 8.94645e+10 894645 1.96358e-12
100000 8.98086e+10 898086 1.89945e-12
100000 9.0154e+10 901540 1.83507e-12
100000 9.05008e+10 905008 1.77044e-12
100000 9.08489e+10 908489 1.70556e-12
100000 9.11983e+10 911983 1.64044e-12
100000 9.15491e+10 915491 1.57506e-12
100000 9.19012e+10 919012 1.50943e-12
100000 9.22547e+10 922547 1.44355e-12
100000 9.26095e+10 926095 1.37742e-12
100000 9.29657e+10 929657 1.31103e-12
100000 9.33233e+10 933233 1.24439e-12
100000 9.36822e+10 936822 1.1775e-12
100000 9.40426e+10 940426 1.11032e-12
100000 9.44043e+10 944043 1.04291e-12
100000 9.47674e+10 947674 9.75239e-13
100000 9.51319e+10 951319 9.07304e-13
100000 9.54978e+10 954978 8.39108e-13
100000 9.58651e+10 958651 7.70652e-13
100000 9.62338e+10 962338 7.01935e-13
100000 9.6604e+10 966040 6.32938e-13
100000 9.69755e+10 969755 5.63699e-13
100000 9.73485e+10 973485 4.9418e-13
100000 9.7723e+10 977230 4.24381e-13
100000 9.80988e+10 980988 3.54341e-13
100000 9.84762e+10 984762 2.84002e-13
100000 9.88549e+10 988549 2.13421e-13
100000 9.92352e+10 992352 1.42541e-13
100000 9.96168e+10 996168 7.14198e-14
100000 1e+11 1e+06 0

1e+06 1e+06 10 1.45768e+09
1e+06 1.00385e+06 10.0385 1.44652e+09
1e+06 1.00771e+06 10.0771 1.43545e+09
1e+06 1.01158e+06 10.1158 1.42449e+09
1e+06 1.01547e+06 10.1547 1.41359e+09
1e+06 1.01938e+06 10.1938 1.40276e+09
1e+06 1.0233e+06 10.233 1.39203e+09
1e+06 1.02724e+06 10.2724 1.38137e+09
1e+06 1.03119e+06 10.3119 1.37081e+09
1e+06 1.03515e+06 10.3515 1.36033e+09
1e+06 1.03914e+06 10.3914 1.3499e+09
1e+06 1.04313e+06 10.4313 1.33959e+09
1e+06 1.04714e+06 10.4714 1.32935e+09
1e+06 1.05117e+06 10.5117 1.31917e+09
1e+06 1.05522e+06 10.5522 1.30906e+09
1e+06 1.05927e+06 10.5927 1.29907e+09
1e+06 1.06335e+06 10.6335 1.28911e+09
1e+06 1.06744e+06 10.6744 1.27925e+09
1e+06 1.07154e+06 10.7154 1.26948e+09
1e+06 1.07567e+06 10.7567 1.25974e+09
1e+06 1.0798e+06 10.798 1.25012e+09
1e+06 1.08396e+06 10.8396 1.24054e+09
1e+06 1.08813e+06 10.8813 1.23105e+09
1e+06 1.09231e+06 10.9231 1.22164e+09
1e+06 1.09651e+06 10.9651 1.2123e+09
1e+06 1.10073e+06 11.0073 1.20302e+09
1e+06 1.10496e+06 11.0496 1.19382e+09
1e+06 1.10921e+06 11.0921 1.18469e+09
1e+06 1.11348e+06 11.1348 1.17561e+09
1e+06 1.11776e+06 11.1776 1.16662e+09
1e+06 1.12206e+06 11.2206 1.1577e+09
1e+06 1.12638e+06 11.2638 1.14883e+09
1e+06 1.13071e+06 11.3071 1.14005e+09
1e+06 1.13506e+06 11.3506 1.13132e+09
1e+06 1.13942e+06 11.3942 1.12268e+09
1e+06 1.14381e+06 11.4381 1.11407e+09
1e+06 1.14821e+06 11.4821 1.10555e+09
1e+06 1.15262e+06 11.5262 1.0971e+09
1e+06 1.15706e+06 11.5706 1.08869e+09
1e+06 1.16151e+06 11.6151 1.08036e+09
1e+06 1.16597e+06 11.6597 1.07211e+09
1e+06 1.17046e+06 11.7046 1.0639e+09
1e+06 1.17496e+06 11.7496 1.05576e+09
1e+06 1.17948e+06 11.7948 1.04768e+09
1e+06 1.18402e+06 11.8402 1.03966e+09
1e+06 1.18857e+06 11.8857 1.03171e+09
1e+06 1.19314e+06 11.9314 1.02382e+09
1e+06 1.19773e+06 11.9773 1.01598e+09
1e+06 1.20234e+06 12.0234 1.00821e+09
1e+06 1.20696e+06 12.0696 1.0005e+09
1e+06 1.21161e+06 12.1161 9.92831e+08
1e+06 1.21627e+06 12.1627 9.85235e+08
1e+06 1.22094e+06 12.2094 9.77709e+08
1e+06 1.22564e+06 12.2564 9.70222e+08
1e+06 1.23035e+06 12.3035 9.62805e+08
1e+06 1.23509e+06 12.3509 9.55426e+08
1e+06 1.23984e+06 12.3984 9.48116e+08
1e+06 1.24461e+06 12.4461 9.4086e+08
1e+06 1.24939e+06 12.4939 9.33671e+08
1e+06 1.2542e+06 12.542 9.26521e+08
1e+06 1.25902e+06 12.5902 9.19437e+08
1e+06 1.26386e+06 12.6386 9.12406e+08
1e+06 1.26873e+06 12.6873 9.05412e+08
1e+06 1.27361e+06 12.7361 8.98484e+08
1e+06 1.2785e+06 12.785 8.91621e+08
1e+06 1.28342e+06 12.8342 8.84795e+08
1e+06 1.28836e+06 12.8836 8.7802e+08
1e+06 1.29331e+06 12.9331 8.71309e+08
1e+06 1.29829e+06 12.9829 8.64635e+08
1e+06 1.30328e+06 13.0328 8.58023e+08
1e+06 1.30829e+06 13.0829 8.51462e+08
1e+06 1.31333e+06 13.1333 8.44936e+08
1e+06 1.31838e+06 13.1838 8.38473e+08
1e+06 1.32345e+06 13.2345 8.32058e+08
1e+06 1.32854e+06 13.2854 8.25692e+08
1e+06 1.33365e+06 13.3365 8.19374e+08
1e+06 1.33878e+06 13.3878 8.13104e+08
1e+06 1.34393e+06 13.4393 8.06881e+08
1e+06 1.3491e+06 13.491 8.00706e+08
1e+06 1.35429e+06 13.5429 7.94578e+08
1e+06 1.3595e+06 13.595 7.88497e+08
1e+06 1.36472e+06 13.6472 7.82473e+08
1e+06 1.36997e+06 13.6997 7.76485e+08
1e+06 1.37524e+06 13.7524 7.70543e+08
1e+06 1.38053e+06 13.8053 7.64646e+08
1e+06 1.38584e+06 13.8584 7.58795e+08
1e+06 1.39117e+06 13.9117 7.52989e+08
1e+06 1.39652e+06 13.9652 7.47228e+08
1e+06 1.4019e+06 14.019 7.41502e+08
1e+06 1.40729e+06 14.0729 7.3583e+08
1e+06 1.4127e+06 14.127 7.30202e+08
1e+06 1.41813e+06 14.1813 7.24618e+08
1e+06 1.42359e+06 14.2359 7.19068e+08
1e+06 1.42906e+06 14.2906 7.13571e+08
1e+06 1.43456e+06 14.3456 7.08108e+08
1e+06 1.44008e+06 14.4008 7.02687e+08
1e+06 1.44562e+06 14.4562 6.97309e+08
1e+06 1.45118e+06 14.5118 6.91973e+08
1e+06 1.45676e+06 14.5676 6.8668e+08
1e+06 1.46236e+06 14.6236 6.81428e+08
1e+06 1.46799e+06 14.6799 6.76209e+08
1e+06 1.47363e+06 14.7363 6.7104e+08
1e+06 1.4793e+06 14.793 6.65903e+08
1e+06 1.48499e+06 14.8499 6.60808e+08
1e+06 1.4907e+06 14.907 6.55753e+08
1e+06 1.49644e+06 14.9644 6.50729e+08
1e+06 1.50219e+06 15.0219 6.45755e+08
1e+06 1.50797e+06 15.0797 6.40811e+08
1e+06 1.51377e+06 15.1377 6.35908e+08
1e+06 1.51959e+06 15.1959 6.31044e+08
1e+06 1.52544e+06 15.2544 6.2621e+08
1e+06 1.5313e+06 15.313 6.21424e+08
1e+06 1.53719e+06 15.3719 6.16669e+08
1e+06 1.54311e+06 15.4311 6.11944e+08
1e+06 1.54904e+06 15.4904 6.07265e+08
1e+06 1.555e+06 15.55 6.02617e+08
1e+06 1.56098e+06 15.6098 5.98006e+08
1e+06 1.56699e+06 15.6699 5.93425e+08
1e+06 1.57301e+06 15.7301 5.8889e+08
1e+06 1.57906e+06 15.7906 5.84383e+08
1e+06 1.58514e+06 15.8514 5.79907e+08
1e+06 1.59123e+06 15.9123 5.75474e+08
1e+06 1.59735e+06 15.9735 5.7107e+08
1e+06 1.6035e+06 16.035 5.66696e+08
1e+06 1.60967e+06 16.0967 5.62358e+08
1e+06 1.61586e+06 16.1586 5.58055e+08
1e+06 1.62207e+06 16.2207 5.53788e+08
1e+06 1.62831e+06 16.2831 5.49549e+08
1e+06 1.63457e+06 16.3457 5.45346e+08
1e+06 1.64086e+06 16.4086 5.41171e+08
1e+06 1.64717e+06 16.4717 5.3703e+08
1e+06 1.65351e+06 16.5351 5.32917e+08
1e+06 1.65987e+06 16.5987 5.28839e+08
1e+06 1.66625e+06 16.6625 5.24795e+08
1e+06 1.67266e+06 16.7266 5.20778e+08
1e+06 1.67909e+06 16.7909 5.16795e+08
1e+06 1.68555e+06 16.8555 5.12839e+08
1e+06 1.69204e+06 16.9204 5.0891e+08
1e+06 1.69854e+06 16.9854 5.05021e+08
1e+06 1.70508e+06 17.0508 5.01152e+08
1e+06 1.71163e+06 17.1163 4.97321e+08
1e+06 1.71822e+06 17.1822 4.93512e+08
1e+06 1.72483e+06 17.2483 4.89734e+08
1e+06 1.73146e+06 17.3146 4.85989e+08
1e+06 1.73812e+06 17.3812 4.82269e+08
1e+06 1.74481e+06 17.4481 4.78576e+08
1e+06 1.75152e+06 17.5152 4.74914e+08
1e+06 1.75825e+06 17.5825 4.71283e+08
1e+06 1.76502e+06 17.6502 4.67673e+08
1e+06 1.77181e+06 17.7181 4.64093e+08
1e+06 1.77862e+06 17.7862 4.60544e+08
1e+06 1.78546e+06 17.8546 4.5702e+08
1e+06 1.79233e+06 17.9233 4.53521e+08
1e+06 1.79922e+06 17.9922 4.50052e+08
1e+06 1.80614e+06 18.0614 4.46608e+08
1e+06 1.81309e+06 18.1309 4.43189e+08
1e+06 1.82006e+06 18.2006 4.39799e+08
1e+06 1.82706e+06 18.2706 4.36433e+08
1e+06 1.83409e+06 18.3409 4.33092e+08
1e+06 1.84115e+06 18.4115 4.29775e+08
1e+06 1.84823e+06 18.4823 4.26487e+08
1e+06 1.85534e+06 18.5534 4.23222e+08
1e+06 1.86247e+06 18.6247 4.19986e+08
1e+06 1.86964e+06 18.6964 4.16769e+08
1e+06 1.87683e+06 18.7683 4.1358e+08
1e+06 1.88405e+06 18.8405 4.10414e+08
1e+06 1.89129e+06 18.9129 4.07276e+08
1e+06 1.89857e+06 18.9857 4.04157e+08
1e+06 1.90587e+06 19.0587 4.01065e+08
1e+06 1.9132e+06 19.132 3.97995e+08
1e+06 1.92056e+06 19.2056 3.94949e+08
1e+06 1.92795e+06 19.2795 3.91925e+08
1e+06 1.93536e+06 19.3536 3.88928e+08
1e+06 1.94281e+06 19.4281 3.85949e+08
1e+06 1.95028e+06 19.5028 3.82996e+08
1e+06 1.95778e+06 19.5778 3.80065e+08
1e+06 1.96531e+06 19.6531 3.77156e+08
1e+06 1.97287e+06 19.7287 3.7427e+08
1e+06 1.98046e+06 19.8046 3.71404e+08
1e+06 1.98808e+06 19.8808 3.68561e+08
1e+06 1.99572e+06 19.9572 3.65743e+08
1e+06 2.0034e+06 20.034 3.62942e+08
1e+06 2.0111e+06 20.111 3.60166e+08
1e+06 2.01884e+06 20.1884 3.57408e+08
1e+06 2.0266e+06 20.266 3.54674e+08
1e+06 2.0344e+06 20.344 3.51958e+08
1e+06 2.04222e+06 20.4222 3.49266e+08
1e+06 2.05008e+06 20.5008 3.46591e+08
1e+06 2.05796e+06 20.5796 3.4394e+08
1e+06 2.06588e+06 20.6588 3.41306e+08
1e+06 2.07383e+06 20.7383 3.38693e+08
1e+06 2.0818e+06 20.818 3.36103e+08
1e+06 2.08981e+06 20.8981 3.33529e+08
1e+06 2.09785e+06 20.9785 3.30976e+08
1e+06 2.10592e+06 21.0592 3.28442e+08
1e+06 2.11402e+06 21.1402 3.25929e+08
1e+06 2.12215e+06 21.2215 3.23434e+08
1e+06 2.13031e+06 21.3031 3.2096e+08
1e+06 2.1385e+06 21.385 3.18504e+08
1e+06 2.14673e+06 21.4673 3.16065e+08
1e+06 2.15499e+06 21.5499 3.13645e+08
1e+06 2.16327e+06 21.6327 3.11247e+08
1e+06 2.1716e+06 21.716 3.08862e+08
1e+06 2.17995e+06 21.7995 3.06499e+08
1e+06 2.18833e+06 21.8833 3.04154e+08
1e+06 2.19675e+06 21.9675 3.01825e+08
1e+06 2.2052e+06 22.052 2.99515e+08
1e+06 2.21368e+06 22.1368 2.97223e+08
1e+06 2.2222e+06 22.222 2.94946e+08
1e+06 2.23074e+06 22.3074 2.92691e+08
1e+06 2.23932e+06 22.3932 2.90451e+08
1e+06 2.24794e+06 22.4794 2.88226e+08
1e+06 2.25658e+06 22.5658 2.86021e+08
1e+06 2.26526e+06 22.6526 2.83832e+08
1e+06 2.27397e+06 22.7397 2.8166e+08
1e+06 2.28272e+06 22.8272 2.79503e+08
1e+06 2.2915e+06 22.915 2.77364e+08
1e+06 2.30031e+06 23.0031 2.75242e+08
1e+06 2.30916e+06 23.0916 2.73134e+08
1e+06 2.31804e+06 23.1804 2.71044e+08
1e+06 2.32696e+06 23.2696 2.68969e+08
1e+06 2.33591e+06 23.3591 2.6691e+08
1e+06 2.34489e+06 23.4489 2.64868e+08
1e+06 2.35391e+06 23.5391 2.6284e+08
1e+06 2.36297e+06 23.6297 2.60827e+08
1e+06 2.37206e+06 23.7206 2.5883e+08
1e+06 2.38118e+06 23.8118 2.5685e+08
1e+06 2.39034e+06 23.9034 2.54884e+08
1e+06 2.39953e+06 23.9953 2.52933e+08
1e+06 2.40876e+06 24.0876 2.50997e+08
1e+06 2.41803e+06 24.1803 2.49075e+08
1e+06 2.42733e+06 24.2733 2.47168e+08
1e+06 2.43666e+06 24.3666 2.45278e+08
1e+06 2.44604e+06 24.4604 2.43399e+08
1e+06 2.45544e+06 24.5544 2.41537e+08
1e+06 2.46489e+06 24.6489 2.39687e+08
1e+06 2.47437e+06 24.7437 2.37852e+08
1e+06 2.48389e+06 24.8389 2.36031e+08
1e+06 2.49344e+06 24.9344 2.34225e+08
1e+06 2.50303e+06 25.0303 2.32432e+08
1e+06 2.51266e+06 25.1266 2.30653e+08
1e+06 2.52232e+06 25.2232 2.28888e+08
1e+06 2.53202e+06 25.3202 2.27136e+08
1e+06 2.54176e+06 25.4176 2.25397e+08
1e+06 2.55154e+06 25.5154 2.23671e+08
1e+06 2.56135e+06 25.6135 2.2196e+08
1e+06 2.57121e+06 25.7121 2.20259e+08
1e+06 2.58109e+06 25.8109 2.18575e+08
1e+06 2.59102e+06 25.9102 2.16901e+08
1e+06 2.60099e+06 26.0099 2.1524e+08
1e+06 2.61099e+06 26.1099 2.13593e+08
1e+06 2.62104e+06 26.2104 2.11957e+08
1e+06 2.63112e+06 26.3112 2.10334e+08
1e+06 2.64124e+06 26.4124 2.08724e+08
1e+06 2.6514e+06 26.514 2.07126e+08
1e+06 2.66159e+06 26.6159 2.05542e+08
1e+06 2.67183e+06 26.7183 2.03968e+08
1e+06 2.68211e+06 26.8211 2.02406e+08
1e+06 2.69242e+06 26.9242 2.00858e+08
1e+06 2.70278e+06 27.0278 1.99319e+08
1e+06 2.71318e+06 27.1318 1.97793e+08
1e+06 2.72361e+06 27.2361 1.9628e+08
1e+06 2.73409e+06 27.3409 1.94776e+08
1e+06 2.7446e+06 27.446 1.93286e+08
1e+06 2.75516e+06 27.5516 1.91806e+08
1e+06 2.76576e+06 27.6576 1.90337e+08
1e+06 2.77639e+06 27.7639 1.88881e+08
1e+06 2.78707e+06 27.8707 1.87435e+08
1e+06 2.79779e+06 27.9779 1.86e+08
1e+06 2.80855e+06 28.0855 1.84576e+08
1e+06 2.81936e+06 28.1936 1.83162e+08
1e+06 2.8302e+06 28.302 1.81761e+08
1e+06 2.84109e+06 28.4109 1.80369e+08
1e+06 2.85201e+06 28.5201 1.78989e+08
1e+06 2.86298e+06 28.6298 1.77619e+08
1e+06 2.874e+06 28.74 1.76258e+08
1e+06 2.88505e+06 28.8505 1.74909e+08
1e+06 2.89615e+06 28.9615 1.73569e+08
1e+06 2.90729e+06 29.0729 1.72241e+08
1e+06 2.91847e+06 29.1847 1.70922e+08
1e+06 2.92969e+06 29.2969 1.69614e+08
1e+06 2.94096e+06 29.4096 1.68316e+08
1e+06 2.95227e+06 29.5227 1.67027e+08
1e+06 2.96363e+06 29.6363 1.65748e+08
1e+06 2.97503e+06 29.7503 1.64479e+08
1e+06 2.98647e+06 29.8647 1.6322e+08
1e+06 2.99796e+06 29.9796 1.6197e+08
1e+06 3.00949e+06 30.0949 1.6073e+08
1e+06 3.02106e+06 30.2106 1.595e+08
1e+06 3.03268e+06 30.3268 1.58279e+08
1e+06 3.04435e+06 30.4435 1.57066e+08
1e+06 3.05606e+06 30.5606 1.55864e+08
1e+06 3.06781e+06 30.6781 1.54671e+08
1e+06 3.07961e+06 30.7961 1.53487e+08
1e+06 3.09146e+06 30.9146 1.52311e+08
1e+06 3.10335e+06 31.0335 1.51145e+08
1e+06 3.11529e+06 31.1529 1.49988e+08
1e+06 3.12727e+06 31.2727 1.48839e+08
1e+06 3.1393e+06 31.393 1.477e+08
1e+06 3.15137e+06 31.5137 1.46569e+08
1e+06 3.16349e+06 31.6349 1.45447e+08
1e+06 3.17566e+06 31.7566 1.44333e+08
1e+06 3.18787e+06 31.8787 1.43229e+08
1e+06 3.20014e+06 32.0014 1.42131e+08
1e+06 3.21244e+06 32.1244 1.41044e+08
1e+06 3.2248e+06 32.248 1.39964e+08
1e+06 3.2372e+06 32.372 1.38892e+08
1e+06 3.24966e+06 32.4966 1.37828e+08
1e+06 3.26215e+06 32.6215 1.36774e+08
1e+06 3.2747e+06 32.747 1.35726e+08
1e+06 3.2873e+06 32.873 1.34687e+08
1e+06 3.29994e+06 32.9994 1.33656e+08
1e+06 3.31263e+06 33.1263 1.32632e+08
1e+06 3.32537e+06 33.2537 1.31617e+08
1e+06 3.33817e+06 33.3817 1.30608e+08
1e+06 3.351e+06 33.51 1.29609e+08
1e+06 3.36389e+06 33.6389 1.28617e+08
1e+06 3.37683e+06 33.7683 1.27632e+08
1e+06 3.38982e+06 33.8982 1.26654e+08
1e+06 3.40286e+06 34.0286 1.25684e+08
1e+06 3.41595e+06 34.1595 1.24722e+08
1e+06 3.42909e+06 34.2909 1.23767e+08
1e+06 3.44228e+06 34.4228 1.22819e+08
1e+06 3.45552e+06 34.5552 1.21879e+08
1e+06 3.46881e+06 34.6881 1.20945e+08
1e+06 3.48215e+06 34.8215 1.20019e+08
1e+06 3.49554e+06 34.9554 1.19101e+08
1e+06 3.50899e+06 35.0899 1.18188e+08
1e+06 3.52248e+06 35.2248 1.17284e+08
1e+06 3.53603e+06 35.3603 1.16386e+08
1e+06 3.54963e+06 35.4963 1.15494e+08
1e+06 3.56329e+06 35.6329 1.1461e+08
1e+06 3.57699e+06 35.7699 1.13732e+08
1e+06 3.59075e+06 35.9075 1.12861e+08
1e+06 3.60456e+06 36.0456 1.11997e+08
1e+06 3.61842e+06 36.1842 1.1114e+08
1e+06 3.63234e+06 36.3234 1.10289e+08
1e+06 3.64631e+06 36.4631 1.09444e+08
1e+06 3.66034e+06 36.6034 1.08606e+08
1e+06 3.67442e+06 36.7442 1.07774e+08
1e+06 3.68855e+06 36.8855 1.06949e+08
1e+06 3.70274e+06 37.0274 1.0613e+08
1e+06 3.71698e+06 37.1698 1.05317e+08
1e+06 3.73128e+06 37.3128 1.0451e+08
1e+06 3.74563e+06 37.4563 1.0371e+08
1e+06 3.76003e+06 37.6003 1.02916e+08
1e+06 3.7745e+06 37.745 1.02128e+08
1e+06 3.78901e+06 37.8901 1.01346e+08
1e+06 3.80359e+06 38.0359 1.0057e+08
1e+06 3.81822e+06 38.1822 9.97994e+07
1e+06 3.8329e+06 38.329 9.90355e+07
1e+06 3.84765e+06 38.4765 9.82767e+07
1e+06 3.86244e+06 38.6244 9.75245e+07
1e+06 3.8773e+06 38.773 9.67774e+07
1e+06 3.89221e+06 38.9221 9.60365e+07
1e+06 3.90718e+06 39.0718 9.5301e+07
1e+06 3.92221e+06 39.2221 9.45711e+07
1e+06 3.9373e+06 39.373 9.38466e+07
1e+06 3.95244e+06 39.5244 9.31281e+07
1e+06 3.96765e+06 39.6765 9.24145e+07
1e+06 3.98291e+06 39.8291 9.17068e+07
1e+06 3.99823e+06 39.9823 9.10045e+07
1e+06 4.0136e+06 40.136 9.03079e+07
1e+06 4.02904e+06 40.2904 8.96161e+07
1e+06 4.04454e+06 40.4454 8.89297e+07
1e+06 4.06009e+06 40.6009 8.82489e+07
1e+06 4.07571e+06 40.7571 8.75728e+07
1e+06 4.09139e+06 40.9139 8.6902e+07
1e+06 4.10712e+06 41.0712 8.62367e+07
1e+06 4.12292e+06 41.2292 8.55761e+07
1e+06 4.13878e+06 41.3878 8.49206e+07
1e+06 4.1547e+06 41.547 8.42702e+07
1e+06 4.17068e+06 41.7068 8.36248e+07
1e+06 4.18672e+06 41.8672 8.29843e+07
1e+06 4.20282e+06 42.0282 8.23489e+07
1e+06 4.21899e+06 42.1899 8.1718e+07
1e+06 4.23522e+06 42.3522 8.1092e+07
1e+06 4.25151e+06 42.5151 8.04709e+07
1e+06 4.26786e+06 42.6786 7.98547e+07
1e+06 4.28427e+06 42.8427 7.92433e+07
1e+06 4.30075e+06 43.0075 7.86363e+07
1e+06 4.3173e+06 43.173 7.80337e+07
1e+06 4.3339e+06 43.339 7.74362e+07
1e+06 4.35057e+06 43.5057 7.6843e+07
1e+06 4.3673e+06 43.673 7.62546e+07
1e+06 4.3841e+06 43.841 7.56705e+07
1e+06 4.40096e+06 44.0096 7.50909e+07
1e+06 4.41789e+06 44.1789 7.45157e+07
1e+06 4.43488e+06 44.3488 7.3945e+07
1e+06 4.45194e+06 44.5194 7.33786e+07
1e+06 4.46907e+06 44.6907 7.28163e+07
1e+06 4.48626e+06 44.8626 7.22585e+07
1e+06 4.50351e+06 45.0351 7.17052e+07
1e+06 4.52083e+06 45.2083 7.1156e+07
1e+06 4.53822e+06 45.3822 7.06109e+07
1e+06 4.55568e+06 45.5568 7.00699e+07
1e+06 4.5732e+06 45.732 6.95333e+07
1e+06 4.59079e+06 45.9079 6.90006e+07
1e+06 4.60845e+06 46.0845 6.8472e+07
1e+06 4.62617e+06 46.2617 6.79477e+07
1e+06 4.64397e+06 46.4397 6.7427e+07
1e+06 4.66183e+06 46.6183 6.69105e+07
1e+06 4.67976e+06 46.7976 6.6398e+07
1e+06 4.69776e+06 46.9776 6.58894e+07
1e+06 4.71583e+06 47.1583 6.53846e+07
1e+06 4.73397e+06 47.3397 6.48837e+07
1e+06 4.75217e+06 47.5217 6.43869e+07
1e+06 4.77045e+06 47.7045 6.38936e+07
1e+06 4.7888e+06 47.888 6.34041e+07
1e+06 4.80722e+06 48.0722 6.29184e+07
1e+06 4.82571e+06 48.2571 6.24364e+07
1e+06 4.84427e+06 48.4427 6.19581e+07
1e+06 4.8629e+06 48.629 6.14836e+07
1e+06 4.88161e+06 48.8161 6.10124e+07
1e+06 4.90038e+06 49.0038 6.05452e+07
1e+06 4.91923e+06 49.1923 6.00813e+07
1e+06 4.93815e+06 49.3815 5.9621e+07
1e+06 4.95715e+06 49.5715 5.91641e+07
1e+06 4.97621e+06 49.7621 5.8711e+07
1e+06 4.99535e+06 49.9535 5.82613e+07
1e+06 5.01457e+06 50.1457 5.78148e+07
1e+06 5.03385e+06 50.3385 5.7372e+07
1e+06 5.05322e+06 50.5322 5.69323e+07
1e+06 5.07265e+06 50.7265 5.64963e+07
1e+06 5.09216e+06 50.9216 5.60634e+07
1e+06 5.11175e+06 51.1175 5.56338e+07
1e+06 5.13141e+06 51.3141 5.52076e+07
1e+06 5.15115e+06 51.5115 5.47846e+07
1e+06 5.17096e+06 51.7096 5.43649e+07
1e+06 5.19085e+06 51.9085 5.39484e+07
1e+06 5.21081e+06 52.1081 5.35352e+07
1e+06 5.23086e+06 52.3086 5.31249e+07
1e+06 5.25098e+06 52.5098 5.27178e+07
1e+06 5.27117e+06 52.7117 5.23141e+07
1e+06 5.29145e+06 52.9145 5.19131e+07
1e+06 5.3118e+06 53.118 5.15154e+07
1e+06 5.33223e+06 53.3223 5.11207e+07
1e+06 5.35274e+06 53.5274 5.07291e+07
1e+06 5.37333e+06 53.7333 5.03403e+07
1e+06 5.394e+06 53.94 4.99546e+07
1e+06 5.41474e+06 54.1474 4.9572e+07
1e+06 5.43557e+06 54.3557 4.91921e+07
1e+06 5.45648e+06 54.5648 4.88151e+07
1e+06 5.47746e+06 54.7746 4.84412e+07
1e+06 5.49853e+06 54.9853 4.807e+07
1e+06 5.51968e+06 55.1968 4.77016e+07
1e+06 5.54091e+06 55.4091 4.73361e+07
1e+06 5.56222e+06 55.6222 4.69735e+07
1e+06 5.58362e+06 55.8362 4.66134e+07
1e+06 5.60509e+06 56.0509 4.62564e+07
1e+06 5.62665e+06 56.2665 4.59019e+07
1e+06 5.64829e+06 56.4829 4.55502e+07
1e+06 5.67002e+06 56.7002 4.52011e+07
1e+06 5.69183e+06 56.9183 4.48547e+07
1e+06 5.71372e+06 57.1372 4.4511e+07
1e+06 5.7357e+06 57.357 4.41699e+07
1e+06 5.75776e+06 57.5776 4.38314e+07
1e+06 5.7799e+06 57.799 4.34956e+07
1e+06 5.80214e+06 58.0214 4.31622e+07
1e+06 5.82445e+06 58.2445 4.28316e+07
1e+06 5.84685e+06 58.4685 4.25034e+07
1e+06 5.86934e+06 58.6934 4.21776e+07
1e+06 5.89192e+06 58.9192 4.18544e+07
1e+06 5.91458e+06 59.1458 4.15336e+07
1e+06 5.93733e+06 59.3733 4.12153e+07
1e+06 5.96017e+06 59.6017 4.08994e+07
1e+06 5.98309e+06 59.8309 4.05861e+07
1e+06 6.0061e+06 60.061 4.02751e+07
1e+06 6.02921e+06 60.2921 3.99663e+07
1e+06 6.0524e+06 60.524 3.966e+07
1e+06 6.07567e+06 60.7567 3.93562e+07
1e+06 6.09904e+06 60.9904 3.90546e+07
1e+06 6.1225e+06 61.225 3.87553e+07
1e+06 6.14605e+06 61.4605 3.84582e+07
1e+06 6.16969e+06 61.6969 3.81635e+07
1e+06 6.19342e+06 61.9342 3.7871e+07
1e+06 6.21724e+06 62.1724 3.75808e+07
1e+06 6.24116e+06 62.4116 3.72927e+07
1e+06 6.26516e+06 62.6516 3.70069e+07
1e+06 6.28926e+06 62.8926 3.67233e+07
1e+06 6.31345e+06 63.1345 3.64418e+07
1e+06 6.33773e+06 63.3773 3.61625e+07
1e+06 6.36211e+06 63.6211 3.58853e+07
1e+06 6.38658e+06 63.8658 3.56103e+07
1e+06 6.41115e+06 64.1115 3.53373e+07
1e+06 6.4358e+06 64.358 3.50666e+07
1e+06 6.46056e+06 64.6056 3.47977e+07
1e+06 6.48541e+06 64.8541 3.4531e+07
1e+06 6.51035e+06 65.1035 3.42664e+07
1e+06 6.53539e+06 65.3539 3.40038e+07
1e+06 6.56053e+06 65.6053 3.37431e+07
1e+06 6.58576e+06 65.8576 3.34845e+07
1e+06 6.6111e+06 66.111 3.32277e+07
1e+06 6.63652e+06 66.3652 3.29731e+07
1e+06 6.66205e+06 66.6205 3.27203e+07
1e+06 6.68767e+06 66.8767 3.24696e+07
1e+06 6.7134e+06 67.134 3.22206e+07
1e+06 6.73922e+06 67.3922 3.19736e+07
1e+06 6.76514e+06 67.6514 3.17286e+07
1e+06 6.79116e+06 67.9116 3.14854e+07
1e+06 6.81728e+06 68.1728 3.1244e+07
1e+06 6.8435e+06 68.435 3.10045e+07
1e+06 6.86982e+06 68.6982 3.07669e+07
1e+06 6.89625e+06 68.9625 3.0531e+07
1e+06 6.92277e+06 69.2277 3.0297e+07
1e+06 6.9494e+06 69.494 3.00647e+07
1e+06 6.97613e+06 69.7613 2.98342e+07
1e+06 7.00296e+06 70.0296 2.96055e+07
1e+06 7.0299e+06 70.299 2.93785e+07
1e+06 7.05694e+06 70.5694 2.91533e+07
1e+06 7.08408e+06 70.8408 2.89298e+07
1e+06 7.11133e+06 71.1133 2.8708e+07
1e+06 7.13868e+06 71.3868 2.84879e+07
1e+06 7.16614e+06 71.6614 2.82695e+07
1e+06 7.1937e+06 71.937 2.80528e+07
1e+06 7.22137e+06 72.2137 2.78378e+07
1e+06 7.24914e+06 72.4914 2.76244e+07
1e+06 7.27703e+06 72.7703 2.74125e+07
1e+06 7.30502e+06 73.0502 2.72024e+07
1e+06 7.33311e+06 73.3311 2.69939e+07
1e+06 7.36132e+06 73.6132 2.67869e+07
1e+06 7.38963e+06 73.8963 2.65815e+07
1e+06 7.41806e+06 74.1806 2.63777e+07
1e+06 7.44659e+06 74.4659 2.61754e+07
1e+06 7.47523e+06 74.7523 2.59748e+07
1e+06 7.50398e+06 75.0398 2.57756e+07
1e+06 7.53284e+06 75.3284 2.5578e+07
1e+06 7.56182e+06 75.6182 2.53818e+07
1e+06 7.5909e+06 75.909 2.51873e+07
1e+06 7.6201e+06 76.201 2.49941e+07
1e+06 7.64941e+06 76.4941 2.48025e+07
1e+06 7.67883e+06 76.7883 2.46123e+07
1e+06 7.70837e+06 77.0837 2.44236e+07
1e+06 7.73801e+06 77.3801 2.42363e+07
1e+06 7.76778e+06 77.6778 2.40504e+07
1e+06 7.79765e+06 77.9765 2.38661e+07
1e+06 7.82765e+06 78.2765 2.3683e+07
1e+06 7.85775e+06 78.5775 2.35015e+07
1e+06 7.88798e+06 78.8798 2.33212e+07
1e+06 7.91832e+06 79.1832 2.31424e+07
1e+06 7.94877e+06 79.4877 2.29649e+07
1e+06 7.97935e+06 79.7935 2.27888e+07
1e+06 8.01004e+06 80.1004 2.2614e+07
1e+06 8.04085e+06 80.4085 2.24406e+07
1e+06 8.07177e+06 80.7177 2.22686e+07
1e+06 8.10282e+06 81.0282 2.20978e+07
1e+06 8.13399e+06 81.3399 2.19283e+07
1e+06 8.16527e+06 81.6527 2.17602e+07
1e+06 8.19668e+06 81.9668 2.15933e+07
1e+06 8.2282e+06 82.282 2.14277e+07
1e+06 8.25985e+06 82.5985 2.12634e+07
1e+06 8.29162e+06 82.9162 2.11003e+07
1e+06 8.32352e+06 83.2352 2.09384e+07
1e+06 8.35553e+06 83.5553 2.07779e+07
1e+06 8.38767e+06 83.8767 2.06185e+07
1e+06 8.41993e+06 84.1993 2.04604e+07
1e+06 8.45231e+06 84.5231 2.03035e+07
1e+06 8.48482e+06 84.8482 2.01477e+07
1e+06 8.51746e+06 85.1746 1.99932e+07
1e+06 8.55022e+06 85.5022 1.98399e+07
1e+06 8.58311e+06 85.8311 1.96877e+07
1e+06 8.61612e+06 86.1612 1.95367e+07
1e+06 8.64926e+06 86.4926 1.93868e+07
1e+06 8.68253e+06 86.8253 1.92381e+07
1e+06 8.71592e+06 87.1592 1.90906e+07
1e+06 8.74945e+06 87.4945 1.89441e+07
1e+06 8.7831e+06 87.831 1.87988e+07
1e+06 8.81688e+06 88.1688 1.86546e+07
1e+06 8.8508e+06 88.508 1.85115e+07
1e+06 8.88484e+06 88.8484 1.83695e+07
1e+06 8.91901e+06 89.1901 1.82286e+07
1e+06 8.95332e+06 89.5332 1.80888e+07
1e+06 8.98775e+06 89.8775 1.79501e+07
1e+06 9.02232e+06 90.2232 1.78124e+07
1e+06 9.05703e+06 90.5703 1.76757e+07
1e+06 9.09186e+06 90.9186 1.75401e+07
1e+06 9.12683e+06 91.2683 1.74056e+07
1e+06 9.16194e+06 91.6194 1.7272e+07
1e+06 9.19718e+06 91.9718 1.71395e+07
1e+06 9.23255e+06 92.3255 1.70081e+07
1e+06 9.26806e+06 92.6806 1.68776e+07
1e+06 9.30371e+06 93.0371 1.67481e+07
1e+06 9.3395e+06 93.395 1.66196e+07
1e+06 9.37542e+06 93.7542 1.64921e+07
1e+06 9.41148e+06 94.1148 1.63656e+07
1e+06 9.44768e+06 94.4768 1.624e+07
1e+06 9.48402e+06 94.8402 1.61154e+07
1e+06 9.5205e+06 95.205 1.59918e+07
1e+06 9.55711e+06 95.5711 1.58691e+07
1e+06 9.59387e+06 95.9387 1.57473e+07
1e+06 9.63077e+06 96.3077 1.56265e+07
1e+06 9.66782e+06 96.6782 1.55066e+07
1e+06 9.705e+06 97.05 1.53876e+07
1e+06 9.74233e+06 97.4233 1.52696e+07
1e+06 9.7798e+06 97.798 1.51524e+07
1e+06 9.81742e+06 98.1742 1.50361e+07
1e+06 9.85518e+06 98.5518 1.49208e+07
1e+06 9.89309e+06 98.9309 1.48063e+07
1e+06 9.93114e+06 99.3114 1.46927e+07
1e+06 9.96934e+06 99.6934 1.45799e+07
1e+06 1.00077e+07 100.077 1.4468e+07
1e+06 1.00462e+07 100.462 1.43569e+07
1e+06 1.00848e+07 100.848 1.42469e+07
1e+06 1.01236e+07 101.236 1.41375e+07
1e+06 1.01625e+07 101.625 1.40292e+07
1e+06 1.02016e+07 102.016 1.39215e+07
1e+06 1.02409e+07 102.409 1.38145e+07
1e+06 1.02803e+07 102.803 1.37084e+07
1e+06 1.03198e+07 103.198 1.36033e+07
1e+06 1.03595e+07 103.595 1.34989e+07
1e+06 1.03993e+07 103.993 1.33954e+07
1e+06 1.04393e+07 104.393 1.32926e+07
1e+06 1.04795e+07 104.795 1.31905e+07
1e+06 1.05198e+07 105.198 1.30893e+07
1e+06 1.05603e+07 105.603 1.29887e+07
1e+06 1.06009e+07 106.009 1.28891e+07
1e+06 1.06417e+07 106.417 1.27901e+07
1e+06 1.06826e+07 106.826 1.2692e+07
1e+06 1.07237e+07 107.237 1.25946e+07
1e+06 1.07649e+07 107.649 1.2498e+07
1e+06 1.08063e+07 108.063 1.24021e+07
1e+06 1.08479e+07 108.479 1.23068e+07
1e+06 1.08896e+07 108.896 1.22124e+07
1e+06 1.09315e+07 109.315 1.21186e+07
1e+06 1.09735e+07 109.735 1.20257e+07
1e+06 1.10157e+07 110.157 1.19334e+07
1e+06 1.10581e+07 110.581 1.18418e+07
1e+06 1.11007e+07 111.007 1.17507e+07
1e+06 1.11433e+07 111.433 1.16607e+07
1e+06 1.11862e+07 111.862 1.15711e+07
1e+06 1.12292e+07 112.292 1.14823e+07
1e+06 1.12724e+07 112.724 1.13942e+07
1e+06 1.13158e+07 113.158 1.13066e+07
1e+06 1.13593e+07 113.593 1.12199e+07
1e+06 1.1403e+07 114.03 1.11337e+07
1e+06 1.14469e+07 114.469 1.10482e+07
1e+06 1.14909e+07 114.909 1.09634e+07
1e+06 1.15351e+07 115.351 1.08792e+07
1e+06 1.15794e+07 115.794 1.07958e+07
1e+06 1.1624e+07 116.24 1.07128e+07
1e+06 1.16687e+07 116.687 1.06306e+07
1e+06 1.17136e+07 117.136 1.0549e+07
1e+06 1.17586e+07 117.586 1.04681e+07
1e+06 1.18039e+07 118.039 1.03876e+07
1e+06 1.18493e+07 118.493 1.03078e+07
1e+06 1.18948e+07 118.948 1.02288e+07
1e+06 1.19406e+07 119.406 1.01502e+07
1e+06 1.19865e+07 119.865 1.00723e+07
1e+06 1.20326e+07 120.326 9.99494e+06
1e+06 1.20789e+07 120.789 9.91816e+06
1e+06 1.21254e+07 121.254 9.84194e+06
1e+06 1.2172e+07 121.72 9.76643e+06
1e+06 1.22188e+07 122.188 9.69146e+06
1e+06 1.22658e+07 122.658 9.61703e+06
1e+06 1.2313e+07 123.13 9.54315e+06
1e+06 1.23603e+07 123.603 9.46995e+06
1e+06 1.24079e+07 124.079 9.39714e+06
1e+06 1.24556e+07 124.556 9.32501e+06
1e+06 1.25035e+07 125.035 9.25341e+06
1e+06 1.25516e+07 125.516 9.18234e+06
1e+06 1.25999e+07 125.999 9.11179e+06
1e+06 1.26484e+07 126.484 9.04176e+06
1e+06 1.2697e+07 126.97 8.97238e+06
1e+06 1.27458e+07 127.458 8.90353e+06
1e+06 1.27949e+07 127.949 8.83504e+06
1e+06 1.28441e+07 128.441 8.7672e+06
1e+06 1.28935e+07 128.935 8.69986e+06
1e+06 1.29431e+07 129.431 8.63303e+06
1e+06 1.29929e+07 129.929 8.5667e+06
1e+06 1.30428e+07 130.428 8.501e+06
1e+06 1.3093e+07 130.93 8.43566e+06
1e+06 1.31434e+07 131.434 8.37081e+06
1e+06 1.31939e+07 131.939 8.30658e+06
1e+06 1.32447e+07 132.447 8.24271e+06
1e+06 1.32956e+07 132.956 8.17944e+06
1e+06 1.33467e+07 133.467 8.11666e+06
1e+06 1.33981e+07 133.981 8.05423e+06
1e+06 1.34496e+07 134.496 7.9924e+06
1e+06 1.35013e+07 135.013 7.93104e+06
1e+06 1.35533e+07 135.533 7.87003e+06
1e+06 1.36054e+07 136.054 7.8096e+06
1e+06 1.36577e+07 136.577 7.74964e+06
1e+06 1.37103e+07 137.103 7.69003e+06
1e+06 1.3763e+07 137.63 7.63098e+06
1e+06 1.38159e+07 138.159 7.5724e+06
1e+06 1.38691e+07 138.691 7.51415e+06
1e+06 1.39224e+07 139.224 7.45647e+06
1e+06 1.3976e+07 139.76 7.39912e+06
1e+06 1.40297e+07 140.297 7.34233e+06
1e+06 1.40837e+07 140.837 7.28588e+06
1e+06 1.41379e+07 141.379 7.22987e+06
1e+06 1.41922e+07 141.922 7.17439e+06
1e+06 1.42468e+07 142.468 7.11925e+06
1e+06 1.43016e+07 143.016 7.06455e+06
1e+06 1.43566e+07 143.566 7.01027e+06
1e+06 1.44118e+07 144.118 6.95642e+06
1e+06 1.44673e+07 144.673 6.9029e+06
1e+06 1.45229e+07 145.229 6.8499e+06
1e+06 1.45788e+07 145.788 6.79722e+06
1e+06 1.46349e+07 146.349 6.74496e+06
1e+06 1.46911e+07 146.911 6.69321e+06
1e+06 1.47477e+07 147.477 6.64168e+06
1e+06 1.48044e+07 148.044 6.59066e+06
1e+06 1.48613e+07 148.613 6.54005e+06
1e+06 1.49185e+07 149.185 6.48975e+06
1e+06 1.49759e+07 149.759 6.43985e+06
1e+06 1.50335e+07 150.335 6.39036e+06
1e+06 1.50913e+07 150.913 6.34126e+06
1e+06 1.51493e+07 151.493 6.29256e+06
1e+06 1.52076e+07 152.076 6.24417e+06
1e+06 1.52661e+07 152.661 6.19617e+06
1e+06 1.53248e+07 153.248 6.14856e+06
1e+06 1.53838e+07 153.838 6.10125e+06
1e+06 1.54429e+07 154.429 6.05441e+06
1e+06 1.55023e+07 155.023 6.00786e+06
1e+06 1.5562e+07 155.62 5.96162e+06
1e+06 1.56218e+07 156.218 5.91584e+06
1e+06 1.56819e+07 156.819 5.87035e+06
1e+06 1.57422e+07 157.422 5.82523e+06
1e+06 1.58028e+07 158.028 5.78041e+06
1e+06 1.58635e+07 158.635 5.73604e+06
1e+06 1.59246e+07 159.246 5.69188e+06
1e+06 1.59858e+07 159.858 5.64815e+06
1e+06 1.60473e+07 160.473 5.60472e+06
1e+06 1.6109e+07 161.09 5.56164e+06
1e+06 1.6171e+07 161.71 5.51885e+06
1e+06 1.62332e+07 162.332 5.47642e+06
1e+06 1.62956e+07 162.956 5.43434e+06
1e+06 1.63583e+07 163.583 5.39254e+06
1e+06 1.64212e+07 164.212 5.35108e+06
1e+06 1.64844e+07 164.844 5.30991e+06
1e+06 1.65478e+07 165.478 5.26908e+06
1e+06 1.66114e+07 166.114 5.2286e+06
1e+06 1.66753e+07 166.753 5.18839e+06
1e+06 1.67395e+07 167.395 5.14845e+06
1e+06 1.68038e+07 168.038 5.10891e+06
1e+06 1.68685e+07 168.685 5.06958e+06
1e+06 1.69334e+07 169.334 5.03058e+06
1e+06 1.69985e+07 169.985 4.99191e+06
1e+06 1.70639e+07 170.639 4.95351e+06
1e+06 1.71295e+07 171.295 4.91543e+06
1e+06 1.71954e+07 171.954 4.87761e+06
1e+06 1.72615e+07 172.615 4.84012e+06
1e+06 1.73279e+07 173.279 4.80289e+06
1e+06 1.73946e+07 173.946 4.76592e+06
1e+06 1.74615e+07 174.615 4.72926e+06
1e+06 1.75286e+07 175.286 4.69292e+06
1e+06 1.7596e+07 175.96 4.65683e+06
1e+06 1.76637e+07 176.637 4.621e+06
1e+06 1.77317e+07 177.317 4.58542e+06
1e+06 1.77999e+07 177.999 4.55015e+06
1e+06 1.78683e+07 178.683 4.51518e+06
1e+06 1.79371e+07 179.371 4.48041e+06
1e+06 1.80061e+07 180.061 4.44593e+06
1e+06 1.80753e+07 180.753 4.41176e+06
1e+06 1.81448e+07 181.448 4.37783e+06
1e+06 1.82146e+07 182.146 4.34414e+06
1e+06 1.82847e+07 182.847 4.3107e+06
1e+06 1.8355e+07 183.55 4.27755e+06
1e+06 1.84256e+07 184.256 4.24463e+06
1e+06 1.84965e+07 184.965 4.21196e+06
1e+06 1.85676e+07 185.676 4.17957e+06
1e+06 1.8639e+07 186.39 4.14742e+06
1e+06 1.87107e+07 187.107 4.1155e+06
1e+06 1.87827e+07 187.827 4.08382e+06
1e+06 1.88549e+07 188.549 4.05241e+06
1e+06 1.89275e+07 189.275 4.02119e+06
1e+06 1.90003e+07 190.003 3.99025e+06
1e+06 1.90733e+07 190.733 3.95957e+06
1e+06 1.91467e+07 191.467 3.92909e+06
1e+06 1.92203e+07 192.203 3.89887e+06
1e+06 1.92943e+07 192.943 3.86883e+06
1e+06 1.93685e+07 193.685 3.83906e+06
1e+06 1.9443e+07 194.43 3.80951e+06
1e+06 1.95178e+07 195.178 3.78018e+06
1e+06 1.95928e+07 195.928 3.75111e+06
1e+06 1.96682e+07 196.682 3.72223e+06
1e+06 1.97438e+07 197.438 3.69359e+06
1e+06 1.98198e+07 198.198 3.66514e+06
1e+06 1.9896e+07 198.96 3.63694e+06
1e+06 1.99725e+07 199.725 3.60895e+06
1e+06 2.00494e+07 200.494 3.58114e+06
1e+06 2.01265e+07 201.265 3.55358e+06
1e+06 2.02039e+07 202.039 3.52622e+06
1e+06 2.02816e+07 202.816 3.49908e+06
1e+06 2.03596e+07 203.596 3.47215e+06
1e+06 2.04379e+07 204.379 3.44542e+06
1e+06 2.05165e+07 205.165 3.41889e+06
1e+06 2.05954e+07 205.954 3.39257e+06
1e+06 2.06747e+07 206.747 3.36643e+06
1e+06 2.07542e+07 207.542 3.34051e+06
1e+06 2.0834e+07 208.34 3.3148e+06
1e+06 2.09141e+07 209.141 3.28928e+06
1e+06 2.09946e+07 209.946 3.26394e+06
1e+06 2.10753e+07 210.753 3.23882e+06
1e+06 2.11564e+07 211.564 3.21387e+06
1e+06 2.12378e+07 212.378 3.18911e+06
1e+06 2.13195e+07 213.195 3.16454e+06
1e+06 2.14015e+07 214.015 3.14017e+06
1e+06 2.14838e+07 214.838 3.11599e+06
1e+06 2.15664e+07 215.664 3.09201e+06
1e+06 2.16494e+07 216.494 3.06818e+06
1e+06 2.17326e+07 217.326 3.04456e+06
1e+06 2.18162e+07 218.162 3.02111e+06
1e+06 2.19001e+07 219.001 2.99784e+06
1e+06 2.19844e+07 219.844 2.97474e+06
1e+06 2.20689e+07 220.689 2.95184e+06
1e+06 2.21538e+07 221.538 2.92909e+06
1e+06 2.2239e+07 222.39 2.90653e+06
1e+06 2.23246e+07 223.246 2.88413e+06
1e+06 2.24104e+07 224.104 2.86192e+06
1e+06 2.24966e+07 224.966 2.83988e+06
1e+06 2.25832e+07 225.832 2.81798e+06
1e+06 2.267e+07 226.7 2.79628e+06
1e+06 2.27572e+07 227.572 2.77474e+06
1e+06 2.28447e+07 228.447 2.75337e+06
1e+06 2.29326e+07 229.326 2.73214e+06
1e+06 2.30208e+07 230.208 2.71109e+06
1e+06 2.31094e+07 231.094 2.69019e+06
1e+06 2.31982e+07 231.982 2.66948e+06
1e+06 2.32875e+07 232.875 2.64889e+06
1e+06 2.3377e+07 233.77 2.6285e+06
1e+06 2.3467e+07 234.67 2.60822e+06
1e+06 2.35572e+07 235.572 2.58813e+06
1e+06 2.36478e+07 236.478 2.56819e+06
1e+06 2.37388e+07 237.388 2.54839e+06
1e+06 2.38301e+07 238.301 2.52875e+06
1e+06 2.39217e+07 239.217 2.50927e+06
1e+06 2.40138e+07 240.138 2.48991e+06
1e+06 2.41061e+07 241.061 2.47073e+06
1e+06 2.41988e+07 241.988 2.45169e+06
1e+06 2.42919e+07 242.919 2.43279e+06
1e+06 2.43854e+07 243.854 2.41402e+06
1e+06 2.44791e+07 244.791 2.39543e+06
1e+06 2.45733e+07 245.733 2.37695e+06
1e+06 2.46678e+07 246.678 2.35863e+06
1e+06 2.47627e+07 247.627 2.34044e+06
1e+06 2.48579e+07 248.579 2.32241e+06
1e+06 2.49536e+07 249.536 2.30449e+06
1e+06 2.50495e+07 250.495 2.28673e+06
1e+06 2.51459e+07 251.459 2.26909e+06
1e+06 2.52426e+07 252.426 2.2516e+06
1e+06 2.53397e+07 253.397 2.23424e+06
1e+06 2.54372e+07 254.372 2.217e+06
1e+06 2.5535e+07 255.35 2.19991e+06
1e+06 2.56332e+07 256.332 2.18295e+06
1e+06 2.57318e+07 257.318 2.16611e+06
1e+06 2.58308e+07 258.308 2.1494e+06
1e+06 2.59301e+07 259.301 2.13284e+06
1e+06 2.60299e+07 260.299 2.11638e+06
1e+06 2.613e+07 261.3 2.10006e+06
1e+06 2.62305e+07 262.305 2.08386e+06
1e+06 2.63314e+07 263.314 2.06778e+06
1e+06 2.64327e+07 264.327 2.05183e+06
1e+06 2.65343e+07 265.343 2.03601e+06
1e+06 2.66364e+07 266.364 2.0203e+06
1e+06 2.67388e+07 267.388 2.00472e+06
1e+06 2.68417e+07 268.417 1.98925e+06
1e+06 2.69449e+07 269.449 1.97391e+06
1e+06 2.70486e+07 270.486 1.95867e+06
1e+06 2.71526e+07 271.526 1.94357e+06
1e+06 2.7257e+07 272.57 1.92858e+06
1e+06 2.73619e+07 273.619 1.91369e+06
1e+06 2.74671e+07 274.671 1.89893e+06
1e+06 2.75728e+07 275.728 1.88427e+06
1e+06 2.76788e+07 276.788 1.86973e+06
1e+06 2.77853e+07 277.853 1.8553e+06
1e+06 2.78921e+07 278.921 1.84099e+06
1e+06 2.79994e+07 279.994 1.82678e+06
1e+06 2.81071e+07 281.071 1.81268e+06
1e+06 2.82152e+07 282.152 1.79869e+06
1e+06 2.83237e+07 283.237 1.78481e+06
1e+06 2.84327e+07 284.327 1.77103e+06
1e+06 2.8542e+07 285.42 1.75737e+06
1e+06 2.86518e+07 286.518 1.7438e+06
1e+06 2.8762e+07 287.62 1.73034e+06
1e+06 2.88727e+07 288.727 1.71698e+06
1e+06 2.89837e+07 289.837 1.70373e+06
1e+06 2.90952e+07 290.952 1.69057e+06
1e+06 2.92071e+07 292.071 1.67752e+06
1e+06 2.93194e+07 293.194 1.66458e+06
1e+06 2.94322e+07 294.322 1.65172e+06
1e+06 2.95454e+07 295.454 1.63897e+06
1e+06 2.96591e+07 296.591 1.62631e+06
1e+06 2.97731e+07 297.731 1.61376e+06
1e+06 2.98877e+07 298.877 1.60129e+06
1e+06 3.00026e+07 300.026 1.58893e+06
1e+06 3.0118e+07 301.18 1.57666e+06
1e+06 3.02339e+07 302.339 1.56448e+06
1e+06 3.03501e+07 303.501 1.5524e+06
1e+06 3.04669e+07 304.669 1.54041e+06
1e+06 3.05841e+07 305.841 1.52851e+06
1e+06 3.07017e+07 307.017 1.51671e+06
1e+06 3.08198e+07 308.198 1.50499e+06
1e+06 3.09383e+07 309.383 1.49337e+06
1e+06 3.10573e+07 310.573 1.48183e+06
1e+06 3.11768e+07 311.768 1.47038e+06
1e+06 3.12967e+07 312.967 1.45902e+06
1e+06 3.14171e+07 314.171 1.44775e+06
1e+06 3.15379e+07 315.379 1.43657e+06
1e+06 3.16592e+07 316.592 1.42547e+06
1e+06 3.1781e+07 317.81 1.41445e+06
1e+06 3.19032e+07 319.032 1.40353e+06
1e+06 3.20259e+07 320.259 1.39268e+06
1e+06 3.21491e+07 321.491 1.38192e+06
1e+06 3.22728e+07 322.728 1.37124e+06
1e+06 3.23969e+07 323.969 1.36064e+06
1e+06 3.25215e+07 325.215 1.35013e+06
1e+06 3.26466e+07 326.466 1.33969e+06
1e+06 3.27722e+07 327.722 1.32934e+06
1e+06 3.28982e+07 328.982 1.31907e+06
1e+06 3.30248e+07 330.248 1.30887e+06
1e+06 3.31518e+07 331.518 1.29875e+06
1e+06 3.32793e+07 332.793 1.28871e+06
1e+06 3.34073e+07 334.073 1.27875e+06
1e+06 3.35358e+07 335.358 1.26886e+06
1e+06 3.36648e+07 336.648 1.25905e+06
1e+06 3.37943e+07 337.943 1.24932e+06
1e+06 3.39242e+07 339.242 1.23967e+06
1e+06 3.40547e+07 340.547 1.23008e+06
1e+06 3.41857e+07 341.857 1.22057e+06
1e+06 3.43172e+07 343.172 1.21113e+06
1e+06 3.44492e+07 344.492 1.20176e+06
1e+06 3.45817e+07 345.817 1.19247e+06
1e+06 3.47147e+07 347.147 1.18325e+06
1e+06 3.48482e+07 348.482 1.1741e+06
1e+06 3.49823e+07 349.823 1.16502e+06
1e+06 3.51168e+07 351.168 1.15601e+06
1e+06 3.52519e+07 352.519 1.14706e+06
1e+06 3.53875e+07 353.875 1.13819e+06
1e+06 3.55236e+07 355.236 1.12939e+06
1e+06 3.56602e+07 356.602 1.12065e+06
1e+06 3.57974e+07 357.974 1.11198e+06
1e+06 3.59351e+07 359.351 1.10338e+06
1e+06 3.60733e+07 360.733 1.09484e+06
1e+06 3.6212e+07 362.12 1.08638e+06
1e+06 3.63513e+07 363.513 1.07797e+06
1e+06 3.64911e+07 364.911 1.06963e+06
1e+06 3.66315e+07 366.315 1.06135e+06
1e+06 3.67724e+07 367.724 1.05314e+06
1e+06 3.69138e+07 369.138 1.04499e+06
1e+06 3.70558e+07 370.558 1.0369e+06
1e+06 3.71983e+07 371.983 1.02888e+06
1e+06 3.73414e+07 373.414 1.02091e+06
1e+06 3.7485e+07 374.85 1.01301e+06
1e+06 3.76292e+07 376.292 1.00517e+06
1e+06 3.77739e+07 377.739 997391
1e+06 3.79192e+07 379.192 989670
1e+06 3.80651e+07 380.651 982006
1e+06 3.82115e+07 382.115 974404
1e+06 3.83585e+07 383.585 966859
1e+06 3.8506e+07 385.06 959375
1e+06 3.86541e+07 386.541 951947
1e+06 3.88028e+07 388.028 944575
1e+06 3.8952e+07 389.52 937263
1e+06 3.91019e+07 391.019 930001
1e+06 3.92523e+07 392.523 922799
1e+06 3.94032e+07 394.032 915656
1e+06 3.95548e+07 395.548 908562
1e+06 3.97069e+07 397.069 901527
1e+06 3.98597e+07 398.597 894541
1e+06 4.0013e+07 400.13 887612
1e+06 4.01669e+07 401.669 880737
1e+06 4.03214e+07 403.214 873914
1e+06 4.04764e+07 404.764 867147
1e+06 4.06321e+07 406.321 860428
1e+06 4.07884e+07 407.884 853761
1e+06 4.09453e+07 409.453 847145
1e+06 4.11028e+07 411.028 840581
1e+06 4.12609e+07 412.609 834067
1e+06 4.14196e+07 414.196 827604
1e+06 4.15789e+07 415.789 821190
1e+06 4.17388e+07 417.388 814827
1e+06 4.18994e+07 418.994 808509
1e+06 4.20605e+07 420.605 802245
1e+06 4.22223e+07 422.223 796026
1e+06 4.23847e+07 423.847 789855
1e+06 4.25477e+07 425.477 783733
1e+06 4.27114e+07 427.114 777656
1e+06 4.28757e+07 428.757 771626
1e+06 4.30406e+07 430.406 765644
1e+06 4.32061e+07 432.061 759709
1e+06 4.33723e+07 433.723 753818
1e+06 4.35391e+07 435.391 747973
1e+06 4.37066e+07 437.066 742172
1e+06 4.38747e+07 438.747 736417
1e+06 4.40434e+07 440.434 730707
1e+06 4.42129e+07 442.129 725037
1e+06 4.43829e+07 443.829 719415
1e+06 4.45536e+07 445.536 713835
1e+06 4.4725e+07 447.25 708297
1e+06 4.4897e+07 448.97 702803
1e+06 4.50697e+07 450.697 697350
1e+06 4.5243e+07 452.43 691942
1e+06 4.54171e+07 454.171 686570
1e+06 4.55918e+07 455.918 681243
1e+06 4.57671e+07 457.671 675959
1e+06 4.59431e+07 459.431 670714
1e+06 4.61199e+07 461.199 665507
1e+06 4.62972e+07 462.972 660344
1e+06 4.64753e+07 464.753 655218
1e+06 4.66541e+07 466.541 650132
1e+06 4.68335e+07 468.335 645087
1e+06 4.70137e+07 470.137 640077
1e+06 4.71945e+07 471.945 635109
1e+06 4.7376e+07 473.76 630179
1e+06 4.75582e+07 475.582 625287
1e+06 4.77412e+07 477.412 620431
1e+06 4.79248e+07 479.248 615614
1e+06 4.81091e+07 481.091 610834
1e+06 4.82942e+07 482.942 606089
1e+06 4.84799e+07 484.799 601384
1e+06 4.86664e+07 486.664 596713
1e+06 4.88536e+07 488.536 592078
1e+06 4.90415e+07 490.415 587479
1e+06 4.92301e+07 492.301 582916
1e+06 4.94195e+07 494.195 578387
1e+06 4.96095e+07 496.095 573896
1e+06 4.98004e+07 498.004 569435
1e+06 4.99919e+07 499.919 565012
1e+06 5.01842e+07 501.842 560622
1e+06 5.03772e+07 503.772 556266
1e+06 5.0571e+07 505.71 551942
1e+06 5.07655e+07 507.655 547653
1e+06 5.09607e+07 509.607 543398
1e+06 5.11568e+07 511.568 539173
1e+06 5.13535e+07 513.535 534984
1e+06 5.1551e+07 515.51 530826
1e+06 5.17493e+07 517.493 526699
1e+06 5.19484e+07 519.484 522603
1e+06 5.21482e+07 521.482 518540
1e+06 5.23487e+07 523.487 514510
1e+06 5.25501e+07 525.501 510509
1e+06 5.27522e+07 527.522 506539
1e+06 5.29551e+07 529.551 502600
1e+06 5.31588e+07 531.588 498691
1e+06 5.33633e+07 533.633 494812
1e+06 5.35685e+07 535.685 490965
1e+06 5.37746e+07 537.746 487145
1e+06 5.39814e+07 539.814 483356
1e+06 5.4189e+07 541.89 479596
1e+06 5.43974e+07 543.974 475865
1e+06 5.46067e+07 546.067 472162
1e+06 5.48167e+07 548.167 468489
1e+06 5.50276e+07 550.276 464842
1e+06 5.52392e+07 552.392 461226
1e+06 5.54517e+07 554.517 457636
1e+06 5.5665e+07 556.65 454074
1e+06 5.58791e+07 558.791 450540
1e+06 5.6094e+07 560.94 447033
1e+06 5.63097e+07 563.097 443554
1e+06 5.65263e+07 565.263 440101
1e+06 5.67437e+07 567.437 436675
1e+06 5.6962e+07 569.62 433275
1e+06 5.71811e+07 571.811 429901
1e+06 5.7401e+07 574.01 426554
1e+06 5.76218e+07 576.218 423232
1e+06 5.78434e+07 578.434 419936
1e+06 5.80659e+07 580.659 416666
1e+06 5.82893e+07 582.893 413419
1e+06 5.85135e+07 585.135 410199
1e+06 5.87385e+07 587.385 407005
1e+06 5.89644e+07 589.644 403834
1e+06 5.91912e+07 591.912 400688
1e+06 5.94189e+07 594.189 397565
1e+06 5.96474e+07 596.474 394468
1e+06 5.98769e+07 598.769 391393
1e+06 6.01072e+07 601.072 388343
1e+06 6.03384e+07 603.384 385316
1e+06 6.05704e+07 605.704 382314
1e+06 6.08034e+07 608.034 379334
1e+06 6.10373e+07 610.373 376377
1e+06 6.12721e+07 612.721 373442
1e+06 6.15077e+07 615.077 370531
1e+06 6.17443e+07 617.443 367642
1e+06 6.19818e+07 619.818 364775
1e+06 6.22202e+07 622.202 361931
1e+06 6.24595e+07 624.595 359108
1e+06 6.26997e+07 626.997 356308
1e+06 6.29409e+07 629.409 353529
1e+06 6.3183e+07 631.83 350771
1e+06 6.3426e+07 634.26 348035
1e+06 6.367e+07 636.7 345319
1e+06 6.39149e+07 639.149 342625
1e+06 6.41607e+07 641.607 339952
1e+06 6.44075e+07 644.075 337299
1e+06 6.46552e+07 646.552 334667
1e+06 6.49039e+07 649.039 332056
1e+06 6.51535e+07 651.535 329464
1e+06 6.54041e+07 654.041 326893
1e+06 6.56557e+07 656.557 324341
1e+06 6.59082e+07 659.082 321809
1e+06 6.61617e+07 661.617 319297
1e+06 6.64162e+07 664.162 316804
1e+06 6.66717e+07 666.717 314329
1e+06 6.69281e+07 669.281 311875
1e+06 6.71855e+07 671.855 309440
1e+06 6.74439e+07 674.439 307023
1e+06 6.77034e+07 677.034 304624
1e+06 6.79638e+07 679.638 302245
1e+06 6.82252e+07 682.252 299884
1e+06 6.84876e+07 684.876 297541
1e+06 6.8751e+07 687.51 295217
1e+06 6.90154e+07 690.154 292910
1e+06 6.92809e+07 692.809 290621
1e+06 6.95474e+07 695.474 288350
1e+06 6.98149e+07 698.149 286096
1e+06 7.00834e+07 700.834 283860
1e+06 7.0353e+07 703.53 281641
1e+06 7.06236e+07 706.236 279439
1e+06 7.08952e+07 708.952 277255
1e+06 7.11679e+07 711.679 275087
1e+06 7.14416e+07 714.416 272937
1e+06 7.17164e+07 717.164 270802
1e+06 7.19923e+07 719.923 268684
1e+06 7.22692e+07 722.692 266582
1e+06 7.25471e+07 725.471 264498
1e+06 7.28262e+07 728.262 262428
1e+06 7.31063e+07 731.063 260375
1e+06 7.33875e+07 733.875 258338
1e+06 7.36697e+07 736.697 256317
1e+06 7.39531e+07 739.531 254311
1e+06 7.42375e+07 742.375 252322
1e+06 7.45231e+07 745.231 250346
1e+06 7.48097e+07 748.097 248387
1e+06 7.50975e+07 750.975 246443
1e+06 7.53863e+07 753.863 244514
1e+06 7.56763e+07 756.763 242599
1e+06 7.59673e+07 759.673 240700
1e+06 7.62595e+07 762.595 238815
1e+06 7.65528e+07 765.528 236945
1e+06 7.68473e+07 768.473 235089
1e+06 7.71429e+07 771.429 233248
1e+06 7.74396e+07 774.396 231421
1e+06 7.77374e+07 777.374 229608
1e+06 7.80364e+07 780.364 227810
1e+06 7.83366e+07 783.366 226024
1e+06 7.86379e+07 786.379 224253
1e+06 7.89404e+07 789.404 222496
1e+06 7.9244e+07 792.44 220752
1e+06 7.95488e+07 795.488 219022
1e+06 7.98548e+07 798.548 217305
1e+06 8.01619e+07 801.619 215602
1e+06 8.04702e+07 804.702 213912
1e+06 8.07797e+07 807.797 212235
1e+06 8.10904e+07 810.904 210570
1e+06 8.14023e+07 814.023 208919
1e+06 8.17154e+07 817.154 207281
1e+06 8.20297e+07 820.297 205655
1e+06 8.23452e+07 823.452 204042
1e+06 8.2662e+07 826.62 202441
1e+06 8.29799e+07 829.799 200853
1e+06 8.32991e+07 832.991 199276
1e+06 8.36195e+07 836.195 197713
1e+06 8.39411e+07 839.411 196161
1e+06 8.4264e+07 842.64 194621
1e+06 8.45881e+07 845.881 193094
1e+06 8.49134e+07 849.134 191578
1e+06 8.524e+07 852.4 190074
1e+06 8.55679e+07 855.679 188582
1e+06 8.5897e+07 858.97 187101
1e+06 8.62274e+07 862.274 185632
1e+06 8.6559e+07 865.59 184174
1e+06 8.6892e+07 868.92 182727
1e+06 8.72262e+07 872.262 181292
1e+06 8.75617e+07 875.617 179868
1e+06 8.78985e+07 878.985 178454
1e+06 8.82366e+07 882.366 177052
1e+06 8.85759e+07 885.759 175661
1e+06 8.89166e+07 889.166 174281
1e+06 8.92586e+07 892.586 172911
1e+06 8.96019e+07 896.019 171552
1e+06 8.99466e+07 899.466 170203
1e+06 9.02925e+07 902.925 168865
1e+06 9.06398e+07 906.398 167537
1e+06 9.09885e+07 909.885 166219
1e+06 9.13384e+07 913.384 164912
1e+06 9.16897e+07 916.897 163615
1e+06 9.20424e+07 920.424 162328
1e+06 9.23964e+07 923.964 161051
1e+06 9.27518e+07 927.518 159784
1e+06 9.31086e+07 931.086 158527
1e+06 9.34667e+07 934.667 157279
1e+06 9.38262e+07 938.262 156041
1e+06 9.41871e+07 941.871 154813
1e+06 9.45494e+07 945.494 153594
1e+06 9.4913e+07 949.13 152385
1e+06 9.52781e+07 952.781 151185
1e+06 9.56445e+07 956.445 149995
1e+06 9.60124e+07 960.124 148814
1e+06 9.63817e+07 963.817 147642
1e+06 9.67524e+07 967.524 146479
1e+06 9.71246e+07 971.246 145325
1e+06 9.74981e+07 974.981 144180
1e+06 9.78731e+07 978.731 143044
1e+06 9.82496e+07 982.496 141917
1e+06 9.86275e+07 986.275 140798
1e+06 9.90068e+07 990.068 139689
1e+06 9.93877e+07 993.877 138587
1e+06 9.97699e+07 997.699 137495
1e+06 1.00154e+08 1001.54 136410
1e+06 1.00539e+08 1005.39 135335
1e+06 1.00926e+08 1009.26 134267
1e+06 1.01314e+08 1013.14 133208
1e+06 1.01703e+08 1017.03 132160
1e+06 1.02095e+08 1020.95 131115
1e+06 1.02487e+08 1024.87 130082
1e+06 1.02882e+08 1028.82 129054
1e+06 1.03277e+08 1032.77 128037
1e+06 1.03674e+08 1036.74 127027
1e+06 1.04073e+08 1040.73 126024
1e+06 1.04474e+08 1044.74 125027
1e+06 1.04875e+08 1048.75 124042
1e+06 1.05279e+08 1052.79 123061
1e+06 1.05684e+08 1056.84 122089
1e+06 1.0609e+08 1060.9 121126
1e+06 1.06498e+08 1064.98 120170
1e+06 1.06908e+08 1069.08 119220
1e+06 1.07319e+08 1073.19 118278
1e+06 1.07732e+08 1077.32 117343
1e+06 1.08146e+08 1081.46 116417
1e+06 1.08562e+08 1085.62 115497
1e+06 1.0898e+08 1089.8 114583
1e+06 1.09399e+08 1093.99 113677
1e+06 1.0982e+08 1098.2 112778
1e+06 1.10242e+08 1102.42 111887
1e+06 1.10666e+08 1106.66 111002
1e+06 1.11092e+08 1110.92 110124
1e+06 1.11519e+08 1115.19 109253
1e+06 1.11948e+08 1119.48 108389
1e+06 1.12379e+08 1123.79 107531
1e+06 1.12811e+08 1128.11 106680
1e+06 1.13245e+08 1132.45 105836
1e+06 1.1368e+08 1136.8 104999
1e+06 1.14118e+08 1141.18 104167
1e+06 1.14556e+08 1145.56 103344
1e+06 1.14997e+08 1149.97 102525
1e+06 1.15439e+08 1154.39 101714
1e+06 1.15883e+08 1158.83 100908
1e+06 1.16329e+08 1163.29 100108
1e+06 1.16777e+08 1167.77 99314.4
1e+06 1.17226e+08 1172.26 98527.8
1e+06 1.17677e+08 1176.77 97746.9
1e+06 1.18129e+08 1181.29 96973.4
1e+06 1.18584e+08 1185.84 96203.8
1e+06 1.1904e+08 1190.4 95441.4
1e+06 1.19498e+08 1194.98 94684.5
1e+06 1.19957e+08 1199.57 93934.8
1e+06 1.20419e+08 1204.19 93189
1e+06 1.20882e+08 1208.82 92450.2
1e+06 1.21347e+08 1213.47 91716.9
1e+06 1.21813e+08 1218.13 90990.4
1e+06 1.22282e+08 1222.82 90267.8
1e+06 1.22752e+08 1227.52 89552.1
1e+06 1.23224e+08 1232.24 88841.7
1e+06 1.23698e+08 1236.98 88136.5
1e+06 1.24174e+08 1241.74 87436.6
1e+06 1.24652e+08 1246.52 86741.8
1e+06 1.25131e+08 1251.31 86053.8
1e+06 1.25613e+08 1256.13 85369.4
1e+06 1.26096e+08 1260.96 84691.6
1e+06 1.26581e+08 1265.81 84018.9
1e+06 1.27068e+08 1270.68 83351.2
1e+06 1.27556e+08 1275.56 82690
1e+06 1.28047e+08 1280.47 82032.4
1e+06 1.28539e+08 1285.39 81381.1
1e+06 1.29034e+08 1290.34 80733.5
1e+06 1.2953e+08 1295.3 80092
1e+06 1.30028e+08 1300.28 79455.5
1e+06 1.30528e+08 1305.28 78823.9
1e+06 1.31031e+08 1310.31 78195.8
1e+06 1.31535e+08 1315.35 77573.8
1e+06 1.3204e+08 1320.4 76957.8
1e+06 1.32548e+08 1325.48 76345.4
1e+06 1.33058e+08 1330.58 75737.6
1e+06 1.3357e+08 1335.7 75134.6
1e+06 1.34084e+08 1340.84 74536.3
1e+06 1.34599e+08 1345.99 73943.8
1e+06 1.35117e+08 1351.17 73354.7
1e+06 1.35637e+08 1356.37 72770.2
1e+06 1.36158e+08 1361.58 72191.5
1e+06 1.36682e+08 1366.82 71616.1
1e+06 1.37208e+08 1372.08 71045.3
1e+06 1.37736e+08 1377.36 70478.9
1e+06 1.38265e+08 1382.65 69918.1
1e+06 1.38797e+08 1387.97 69360.7
1e+06 1.39331e+08 1393.31 68807.6
1e+06 1.39867e+08 1398.67 68259
1e+06 1.40405e+08 1404.05 67714.7
1e+06 1.40945e+08 1409.45 67174.7
1e+06 1.41487e+08 1414.87 66639.1
1e+06 1.42031e+08 1420.31 66107.7
1e+06 1.42578e+08 1425.78 65579.6
1e+06 1.43126e+08 1431.26 65056.7
1e+06 1.43677e+08 1436.77 64537
1e+06 1.44229e+08 1442.29 64022.5
1e+06 1.44784e+08 1447.84 63511.2
1e+06 1.45341e+08 1453.41 63004
1e+06 1.459e+08 1459 62500.9
1e+06 1.46461e+08 1464.61 62001.9
1e+06 1.47024e+08 1470.24 61506.9
1e+06 1.4759e+08 1475.9 61015.1
1e+06 1.48157e+08 1481.57 60528.1
1e+06 1.48727e+08 1487.27 60044.3
1e+06 1.49299e+08 1492.99 59564.4
1e+06 1.49874e+08 1498.74 59087.6
1e+06 1.5045e+08 1504.5 58615.6
1e+06 1.51029e+08 1510.29 58146.6
1e+06 1.5161e+08 1516.1 57681.4
1e+06 1.52193e+08 1521.93 57220.1
1e+06 1.52778e+08 1527.78 56762.7
1e+06 1.53366e+08 1533.66 56308.2
1e+06 1.53956e+08 1539.56 55857.5
1e+06 1.54548e+08 1545.48 55410.5
1e+06 1.55142e+08 1551.42 54967.2
1e+06 1.55739e+08 1557.39 54526.9
1e+06 1.56338e+08 1563.38 54090.3
1e+06 1.56939e+08 1569.39 53657.3
1e+06 1.57543e+08 1575.43 53227.2
1e+06 1.58149e+08 1581.49 52800.7
1e+06 1.58757e+08 1587.57 52377.8
1e+06 1.59368e+08 1593.68 51957.7
1e+06 1.59981e+08 1599.81 51541.2
1e+06 1.60596e+08 1605.96 51128.2
1e+06 1.61214e+08 1612.14 50718
1e+06 1.61834e+08 1618.34 50311.3
1e+06 1.62456e+08 1624.56 49908.1
1e+06 1.63081e+08 1630.81 49507.6
1e+06 1.63709e+08 1637.09 49109.9
1e+06 1.64338e+08 1643.38 48716.2
1e+06 1.6497e+08 1649.7 48325.2
1e+06 1.65605e+08 1656.05 47936.9
1e+06 1.66242e+08 1662.42 47552
1e+06 1.66881e+08 1668.81 47170.4
1e+06 1.67523e+08 1675.23 46791.4
1e+06 1.68167e+08 1681.67 46415.7
1e+06 1.68814e+08 1688.14 46042.7
1e+06 1.69464e+08 1694.64 45672.2
1e+06 1.70115e+08 1701.15 45305.6
1e+06 1.7077e+08 1707.7 44941
1e+06 1.71427e+08 1714.27 44579.5
1e+06 1.72086e+08 1720.86 44221.2
1e+06 1.72748e+08 1727.48 43865.5
1e+06 1.73412e+08 1734.12 43512.8
1e+06 1.74079e+08 1740.79 43162.7
1e+06 1.74749e+08 1747.49 42815.1
1e+06 1.75421e+08 1754.21 42470.5
1e+06 1.76096e+08 1760.96 42128.5
1e+06 1.76773e+08 1767.73 41789.4
1e+06 1.77453e+08 1774.53 41452.8
1e+06 1.78135e+08 1781.35 41119.2
1e+06 1.78821e+08 1788.21 40787.5
1e+06 1.79508e+08 1795.08 40459.2
1e+06 1.80199e+08 1801.99 40132.9
1e+06 1.80892e+08 1808.92 39809.4
1e+06 1.81588e+08 1815.88 39488.4
1e+06 1.82286e+08 1822.86 39170.1
1e+06 1.82987e+08 1829.87 38854.3
1e+06 1.83691e+08 1836.91 38540.8
1e+06 1.84398e+08 1843.98 38229.6
1e+06 1.85107e+08 1851.07 37921.2
1e+06 1.85819e+08 1858.19 37615.1
1e+06 1.86534e+08 1865.34 37311.3
1e+06 1.87251e+08 1872.51 37010.2
1e+06 1.87971e+08 1879.71 36711.4
1e+06 1.88694e+08 1886.94 36414.9
1e+06 1.8942e+08 1894.2 36120.6
1e+06 1.90149e+08 1901.49 35828.6
1e+06 1.9088e+08 1908.8 35539.1
1e+06 1.91614e+08 1916.14 35251.9
1e+06 1.92351e+08 1923.51 34966.9
1e+06 1.93091e+08 1930.91 34684.1
1e+06 1.93834e+08 1938.34 34403.4
1e+06 1.94579e+08 1945.79 34125.3
1e+06 1.95328e+08 1953.28 33848.9
1e+06 1.96079e+08 1960.79 33575.1
1e+06 1.96833e+08 1968.33 33303.4
1e+06 1.9759e+08 1975.9 33033.8
1e+06 1.9835e+08 1983.5 32766.3
1e+06 1.99113e+08 1991.13 32500.8
1e+06 1.99879e+08 1998.79 32237.5
1e+06 2.00648e+08 2006.48 31976.2
1e+06 2.01419e+08 2014.19 31717.3
1e+06 2.02194e+08 2021.94 31460.1
1e+06 2.02972e+08 2029.72 31204.9
1e+06 2.03753e+08 2037.53 30951.8
1e+06 2.04536e+08 2045.36 30701
1e+06 2.05323e+08 2053.23 30451.8
1e+06 2.06113e+08 2061.13 30204.6
1e+06 2.06905e+08 2069.05 29959.7
1e+06 2.07701e+08 2077.01 29716.4
1e+06 2.085e+08 2085 29475.1
1e+06 2.09302e+08 2093.02 29235.7
1e+06 2.10107e+08 2101.07 28998.3
1e+06 2.10915e+08 2109.15 28762.7
1e+06 2.11727e+08 2117.27 28528.8
1e+06 2.12541e+08 2125.41 28297
1e+06 2.13358e+08 2133.58 28067.1
1e+06 2.14179e+08 2141.79 27838.8
1e+06 2.15003e+08 2150.03 27612.3
1e+06 2.1583e+08 2158.3 27387.7
1e+06 2.1666e+08 2166.6 27164.9
1e+06 2.17493e+08 2174.93 26943.9
1e+06 2.1833e+08 2183.3 26724.4
1e+06 2.1917e+08 2191.7 26506.8
1e+06 2.20013e+08 2200.13 26290.9
1e+06 2.20859e+08 2208.59 26076.8
1e+06 2.21708e+08 2217.08 25864.5
1e+06 2.22561e+08 2225.61 25653.7
1e+06 2.23417e+08 2234.17 25444.6
1e+06 2.24276e+08 2242.76 25237.2
1e+06 2.25139e+08 2251.39 25031.4
1e+06 2.26005e+08 2260.05 24827.2
1e+06 2.26874e+08 2268.74 24624.7
1e+06 2.27747e+08 2277.47 24423.7
1e+06 2.28623e+08 2286.23 24224.4
1e+06 2.29502e+08 2295.02 24026.7
1e+06 2.30385e+08 2303.85 23830.4
1e+06 2.31271e+08 2312.71 23635.8
1e+06 2.32161e+08 2321.61 23442.7
1e+06 2.33054e+08 2330.54 23251.1
1e+06 2.3395e+08 2339.5 23061.2
1e+06 2.3485e+08 2348.5 22872.6
1e+06 2.35753e+08 2357.53 22685.7
1e+06 2.3666e+08 2366.6 22500.1
1e+06 2.3757e+08 2375.7 22316.1
1e+06 2.38484e+08 2384.84 22133.4
1e+06 2.39401e+08 2394.01 21952.4
1e+06 2.40322e+08 2403.22 21772.6
1e+06 2.41246e+08 2412.46 21594.4
1e+06 2.42174e+08 2421.74 21417.5
1e+06 2.43106e+08 2431.06 21242
1e+06 2.44041e+08 2440.41 21068
1e+06 2.44979e+08 2449.79 20895.4
1e+06 2.45922e+08 2459.22 20724
1e+06 2.46868e+08 2468.68 20554
1e+06 2.47817e+08 2478.17 20385.6
1e+06 2.4877e+08 2487.7 20218.4
1e+06 2.49727e+08 2497.27 20052.4
1e+06 2.50688e+08 2506.88 19887.8
1e+06 2.51652e+08 2516.52 19724.5
1e+06 2.5262e+08 2526.2 19562.6
1e+06 2.53592e+08 2535.92 19401.8
1e+06 2.54567e+08 2545.67 19242.5
1e+06 2.55546e+08 2555.46 19084.4
1e+06 2.56529e+08 2565.29 18927.5
1e+06 2.57516e+08 2575.16 18771.9
1e+06 2.58506e+08 2585.06 18617.6
1e+06 2.595e+08 2595 18464.5
1e+06 2.60499e+08 2604.99 18312.4
1e+06 2.615e+08 2615 18161.9
1e+06 2.62506e+08 2625.06 18012.3
1e+06 2.63516e+08 2635.16 17864
1e+06 2.6453e+08 2645.3 17716.8
1e+06 2.65547e+08 2655.47 17570.9
1e+06 2.66568e+08 2665.68 17426.2
1e+06 2.67594e+08 2675.94 17282.4
1e+06 2.68623e+08 2686.23 17140
1e+06 2.69656e+08 2696.56 16998.7
1e+06 2.70693e+08 2706.93 16858.5
1e+06 2.71734e+08 2717.34 16719.4
1e+06 2.7278e+08 2727.8 16581.3
1e+06 2.73829e+08 2738.29 16444.5
1e+06 2.74882e+08 2748.82 16308.7
1e+06 2.75939e+08 2759.39 16174
1e+06 2.77001e+08 2770.01 16040.3
1e+06 2.78066e+08 2780.66 15907.8
1e+06 2.79136e+08 2791.36 15776.3
1e+06 2.80209e+08 2802.09 15645.9
1e+06 2.81287e+08 2812.87 15516.5
1e+06 2.82369e+08 2823.69 15388.1
1e+06 2.83455e+08 2834.55 15260.8
1e+06 2.84545e+08 2845.45 15134.5
1e+06 2.8564e+08 2856.4 15009.2
1e+06 2.86738e+08 2867.38 14884.9
1e+06 2.87841e+08 2878.41 14761.6
1e+06 2.88948e+08 2889.48 14639.3
1e+06 2.9006e+08 2900.6 14517.9
1e+06 2.91175e+08 2911.75 14397.6
1e+06 2.92295e+08 2922.95 14278.2
1e+06 2.9342e+08 2934.2 14159.7
1e+06 2.94548e+08 2945.48 14042.3
1e+06 2.95681e+08 2956.81 13925.8
1e+06 2.96818e+08 2968.18 13810.2
1e+06 2.9796e+08 2979.6 13695.5
1e+06 2.99106e+08 2991.06 13581.7
1e+06 3.00257e+08 3002.57 13468.8
1e+06 3.01411e+08 3014.11 13356.9
1e+06 3.02571e+08 3025.71 13245.8
1e+06 3.03735e+08 3037.35 13135.7
1e+06 3.04903e+08 3049.03 13026.4
1e+06 3.06076e+08 3060.76 12918
1e+06 3.07253e+08 3072.53 12810.5
1e+06 3.08435e+08 3084.35 12703.8
1e+06 3.09621e+08 3096.21 12598.1
1e+06 3.10812e+08 3108.12 12493.1
1e+06 3.12007e+08 3120.07 12389.1
1e+06 3.13207e+08 3132.07 12285.8
1e+06 3.14412e+08 3144.12 12183.4
1e+06 3.15621e+08 3156.21 12081.8
1e+06 3.16835e+08 3168.35 11981
1e+06 3.18054e+08 3180.54 11881
1e+06 3.19277e+08 3192.77 11781.8
1e+06 3.20505e+08 3205.05 11683.5
1e+06 3.21738e+08 3217.38 11585.9
1e+06 3.22976e+08 3229.76 11489
1e+06 3.24218e+08 3242.18 11393
1e+06 3.25465e+08 3254.65 11297.8
1e+06 3.26717e+08 3267.17 11203.3
1e+06 3.27973e+08 3279.73 11109.6
1e+06 3.29235e+08 3292.35 11016.7
1e+06 3.30501e+08 3305.01 10924.5
1e+06 3.31772e+08 3317.72 10833
1e+06 3.33049e+08 3330.49 10742.2
1e+06 3.3433e+08 3343.3 10652.2
1e+06 3.35615e+08 3356.15 10563
1e+06 3.36906e+08 3369.06 10474.5
1e+06 3.38202e+08 3382.02 10386.7
1e+06 3.39503e+08 3395.03 10299.5
1e+06 3.40809e+08 3408.09 10213.1
1e+06 3.4212e+08 3421.2 10127.4
1e+06 3.43436e+08 3434.36 10042.3
1e+06 3.44757e+08 3447.57 9957.99
1e+06 3.46083e+08 3460.83 9874.34
1e+06 3.47414e+08 3474.14 9791.37
1e+06 3.4875e+08 3487.5 9709.08
1e+06 3.50091e+08 3500.91 9627.46
1e+06 3.51438e+08 3514.38 9546.45
1e+06 3.5279e+08 3527.9 9466.11
1e+06 3.54147e+08 3541.47 9386.43
1e+06 3.55509e+08 3555.09 9307.41
1e+06 3.56876e+08 3568.76 9229.04
1e+06 3.58249e+08 3582.49 9151.27
1e+06 3.59627e+08 3596.27 9074.14
1e+06 3.6101e+08 3610.1 8997.65
1e+06 3.62399e+08 3623.99 8921.75
1e+06 3.63792e+08 3637.92 8846.53
1e+06 3.65192e+08 3651.92 8771.84
1e+06 3.66596e+08 3665.96 8697.82
1e+06 3.68006e+08 3680.06 8624.38
1e+06 3.69422e+08 3694.22 8551.5
1e+06 3.70843e+08 3708.43 8479.23
1e+06 3.72269e+08 3722.69 8407.58
1e+06 3.73701e+08 3737.01 8336.48
1e+06 3.75138e+08 3751.38 8265.98
1e+06 3.76581e+08 3765.81 8196.04
1e+06 3.7803e+08 3780.3 8126.64
1e+06 3.79484e+08 3794.84 8057.83
1e+06 3.80943e+08 3809.43 7989.61
1e+06 3.82408e+08 3824.08 7921.93
1e+06 3.83879e+08 3838.79 7854.78
1e+06 3.85356e+08 3853.56 7788.16
1e+06 3.86838e+08 3868.38 7722.11
1e+06 3.88326e+08 3883.26 7656.59
1e+06 3.8982e+08 3898.2 7591.59
1e+06 3.91319e+08 3913.19 7527.15
1e+06 3.92824e+08 3928.24 7463.22
1e+06 3.94335e+08 3943.35 7399.81
1e+06 3.95852e+08 3958.52 7336.91
1e+06 3.97374e+08 3973.74 7274.55
1e+06 3.98903e+08 3989.03 7212.65
1e+06 4.00437e+08 4004.37 7151.3
1e+06 4.01977e+08 4019.77 7090.44
1e+06 4.03523e+08 4035.23 7030.08
1e+06 4.05075e+08 4050.75 6970.2
1e+06 4.06633e+08 4066.33 6910.82
1e+06 4.08197e+08 4081.97 6851.91
1e+06 4.09768e+08 4097.68 6793.46
1e+06 4.11344e+08 4113.44 6735.51
1e+06 4.12926e+08 4129.26 6678.05
1e+06 4.14514e+08 4145.14 6621.05
1e+06 4.16108e+08 4161.08 6564.53
1e+06 4.17709e+08 4177.09 6508.44
1e+06 4.19315e+08 4193.15 6452.85
1e+06 4.20928e+08 4209.28 6397.68
1e+06 4.22547e+08 4225.47 6342.97
1e+06 4.24173e+08 4241.73 6288.68
1e+06 4.25804e+08 4258.04 6234.88
1e+06 4.27442e+08 4274.42 6181.5
1e+06 4.29086e+08 4290.86 6128.56
1e+06 4.30736e+08 4307.36 6076.07
1e+06 4.32393e+08 4323.93 6023.99
1e+06 4.34056e+08 4340.56 5972.34
1e+06 4.35726e+08 4357.26 5921.1
1e+06 4.37402e+08 4374.02 5870.3
1e+06 4.39084e+08 4390.84 5819.92
1e+06 4.40773e+08 4407.73 5769.94
1e+06 4.42468e+08 4424.68 5720.39
1e+06 4.4417e+08 4441.7 5671.23
1e+06 4.45878e+08 4458.78 5622.49
1e+06 4.47593e+08 4475.93 5574.13
1e+06 4.49315e+08 4493.15 5526.17
1e+06 4.51043e+08 4510.43 5478.61
1e+06 4.52778e+08 4527.78 5431.44
1e+06 4.54519e+08 4545.19 5384.67
1e+06 4.56268e+08 4562.68 5338.25
1e+06 4.58023e+08 4580.23 5292.23
1e+06 4.59784e+08 4597.84 5246.61
1e+06 4.61553e+08 4615.53 5201.34
1e+06 4.63328e+08 4633.28 5156.46
1e+06 4.6511e+08 4651.1 5111.94
1e+06 4.66899e+08 4668.99 5067.79
1e+06 4.68695e+08 4686.95 5023.99
1e+06 4.70498e+08 4704.98 4980.56
1e+06 4.72307e+08 4723.07 4937.51
1e+06 4.74124e+08 4741.24 4894.78
1e+06 4.75948e+08 4759.48 4852.41
1e+06 4.77778e+08 4777.78 4810.42
1e+06 4.79616e+08 4796.16 4768.74
1e+06 4.81461e+08 4814.61 4727.42
1e+06 4.83313e+08 4833.13 4686.43
1e+06 4.85172e+08 4851.72 4645.79
1e+06 4.87038e+08 4870.38 4605.49
1e+06 4.88911e+08 4889.11 4565.52
1e+06 4.90791e+08 4907.91 4525.89
1e+06 4.92679e+08 4926.79 4486.57
1e+06 4.94574e+08 4945.74 4447.58
1e+06 4.96476e+08 4964.76 4408.92
1e+06 4.98386e+08 4983.86 4370.57
1e+06 5.00303e+08 5003.03 4332.54
1e+06 5.02227e+08 5022.27 4294.83
1e+06 5.04159e+08 5041.59 4257.43
1e+06 5.06098e+08 5060.98 4220.34
1e+06 5.08045e+08 5080.45 4183.55
1e+06 5.09999e+08 5099.99 4147.07
1e+06 5.1196e+08 5119.6 4110.91
1e+06 5.1393e+08 5139.3 4075.02
1e+06 5.15906e+08 5159.06 4039.45
1e+06 5.17891e+08 5178.91 4004.16
1e+06 5.19883e+08 5198.83 3969.17
1e+06 5.21882e+08 5218.82 3934.48
1e+06 5.2389e+08 5238.9 3900.06
1e+06 5.25905e+08 5259.05 3865.94
1e+06 5.27927e+08 5279.27 3832.11
1e+06 5.29958e+08 5299.58 3798.54
1e+06 5.31996e+08 5319.96 3765.27
1e+06 5.34043e+08 5340.43 3732.25
1e+06 5.36097e+08 5360.97 3699.53
1e+06 5.38159e+08 5381.59 3667.07
1e+06 5.40229e+08 5402.29 3634.89
1e+06 5.42306e+08 5423.06 3602.98
1e+06 5.44392e+08 5443.92 3571.33
1e+06 5.46486e+08 5464.86 3539.94
1e+06 5.48588e+08 5485.88 3508.82
1e+06 5.50698e+08 5506.98 3477.95
1e+06 5.52816e+08 5528.16 3447.35
1e+06 5.54943e+08 5549.43 3416.99
1e+06 5.57077e+08 5570.77 3386.9
1e+06 5.5922e+08 5592.2 3357.05
1e+06 5.61371e+08 5613.71 3327.45
1e+06 5.6353e+08 5635.3 3298.1
1e+06 5.65697e+08 5656.97 3269
1e+06 5.67873e+08 5678.73 3240.14
1e+06 5.70057e+08 5700.57 3211.52
1e+06 5.7225e+08 5722.5 3183.14
1e+06 5.74451e+08 5744.51 3155
1e+06 5.76661e+08 5766.61 3127.09
1e+06 5.78879e+08 5788.79 3099.41
1e+06 5.81105e+08 5811.05 3071.98
1e+06 5.8334e+08 5833.4 3044.77
1e+06 5.85584e+08 5855.84 3017.79
1e+06 5.87836e+08 5878.36 2991.03
1e+06 5.90097e+08 5900.97 2964.5
1e+06 5.92367e+08 5923.67 2938.19
1e+06 5.94645e+08 5946.45 2912.11
1e+06 5.96933e+08 5969.33 2886.23
1e+06 5.99229e+08 5992.29 2860.58
1e+06 6.01533e+08 6015.33 2835.16
1e+06 6.03847e+08 6038.47 2809.93
1e+06 6.0617e+08 6061.7 2784.92
1e+06 6.08501e+08 6085.01 2760.13
1e+06 6.10842e+08 6108.42 2735.53
1e+06 6.13191e+08 6131.91 2711.15
1e+06 6.1555e+08 6155.5 2686.97
1e+06 6.17917e+08 6179.17 2663.01
1e+06 6.20294e+08 6202.94 2639.23
1e+06 6.2268e+08 6226.8 2615.66
1e+06 6.25075e+08 6250.75 2592.29
1e+06 6.27479e+08 6274.79 2569.12
1e+06 6.29892e+08 6298.92 2546.14
1e+06 6.32315e+08 6323.15 2523.36
1e+06 6.34747e+08 6347.47 2500.77
1e+06 6.37189e+08 6371.89 2478.36
1e+06 6.3964e+08 6396.4 2456.15
1e+06 6.421e+08 6421 2434.13
1e+06 6.4457e+08 6445.7 2412.29
1e+06 6.47049e+08 6470.49 2390.64
1e+06 6.49537e+08 6495.37 2369.18
1e+06 6.52036e+08 6520.36 2347.88
1e+06 6.54544e+08 6545.44 2326.78
1e+06 6.57061e+08 6570.61 2305.85
1e+06 6.59589e+08 6595.89 2285.1
1e+06 6.62125e+08 6621.25 2264.53
1e+06 6.64672e+08 6646.72 2244.13
1e+06 6.67229e+08 6672.29 2223.9
1e+06 6.69795e+08 6697.95 2203.85
1e+06 6.72371e+08 6723.71 2183.97
1e+06 6.74957e+08 6749.57 2164.26
1e+06 6.77554e+08 6775.54 2144.7
1e+06 6.8016e+08 6801.6 2125.32
1e+06 6.82776e+08 6827.76 2106.11
1e+06 6.85402e+08 6854.02 2087.06
1e+06 6.88038e+08 6880.38 2068.17
1e+06 6.90685e+08 6906.85 2049.44
1e+06 6.93341e+08 6933.41 2030.87
1e+06 6.96008e+08 6960.08 2012.46
1e+06 6.98685e+08 6986.85 1994.21
1e+06 7.01372e+08 7013.72 1976.11
1e+06 7.0407e+08 7040.7 1958.17
1e+06 7.06778e+08 7067.78 1940.38
1e+06 7.09497e+08 7094.97 1922.74
1e+06 7.12226e+08 7122.26 1905.25
1e+06 7.14965e+08 7149.65 1887.91
1e+06 7.17715e+08 7177.15 1870.72
1e+06 7.20475e+08 7204.75 1853.69
1e+06 7.23247e+08 7232.47 1836.78
1e+06 7.26028e+08 7260.28 1820.04
1e+06 7.28821e+08 7288.21 1803.43
1e+06 7.31624e+08 7316.24 1786.96
1e+06 7.34438e+08 7344.38 1770.64
1e+06 7.37263e+08 7372.63 1754.45
1e+06 7.40099e+08 7400.99 1738.41
1e+06 7.42946e+08 7429.46 1722.5
1e+06 7.45803e+08 7458.03 1706.73
1e+06 7.48672e+08 7486.72 1691.09
1e+06 7.51551e+08 7515.51 1675.6
1e+06 7.54442e+08 7544.42 1660.23
1e+06 7.57344e+08 7573.44 1644.99
1e+06 7.60257e+08 7602.57 1629.89
1e+06 7.63181e+08 7631.81 1614.91
1e+06 7.66116e+08 7661.16 1600.07
1e+06 7.69063e+08 7690.63 1585.35
1e+06 7.72021e+08 7720.21 1570.76
1e+06 7.74991e+08 7749.91 1556.3
1e+06 7.77971e+08 7779.71 1541.96
1e+06 7.80964e+08 7809.64 1527.74
1e+06 7.83968e+08 7839.68 1513.65
1e+06 7.86983e+08 7869.83 1499.68
1e+06 7.9001e+08 7900.1 1485.83
1e+06 7.93049e+08 7930.49 1472.1
1e+06 7.96099e+08 7960.99 1458.49
1e+06 7.99161e+08 7991.61 1444.99
1e+06 8.02235e+08 8022.35 1431.62
1e+06 8.0532e+08 8053.2 1418.36
1e+06 8.08418e+08 8084.18 1405.21
1e+06 8.11527e+08 8115.27 1392.18
1e+06 8.14649e+08 8146.49 1379.26
1e+06 8.17782e+08 8177.82 1366.46
1e+06 8.20927e+08 8209.27 1353.76
1e+06 8.24085e+08 8240.85 1341.18
1e+06 8.27255e+08 8272.55 1328.7
1e+06 8.30437e+08 8304.37 1316.33
1e+06 8.33631e+08 8336.31 1304.07
1e+06 8.36837e+08 8368.37 1291.92
1e+06 8.40056e+08 8400.56 1279.87
1e+06 8.43287e+08 8432.87 1267.93
1e+06 8.4653e+08 8465.3 1256.1
1e+06 8.49786e+08 8497.86 1244.36
1e+06 8.53055e+08 8530.55 1232.73
1e+06 8.56336e+08 8563.36 1221.2
1e+06 8.5963e+08 8596.3 1209.77
1e+06 8.62936e+08 8629.36 1198.44
1e+06 8.66255e+08 8662.55 1187.21
1e+06 8.69587e+08 8695.87 1176.08
1e+06 8.72932e+08 8729.32 1165.04
1e+06 8.76289e+08 8762.89 1154.1
1e+06 8.7966e+08 8796.6 1143.26
1e+06 8.83043e+08 8830.43 1132.51
1e+06 8.8644e+08 8864.4 1121.86
1e+06 8.89849e+08 8898.49 1111.3
1e+06 8.93272e+08 8932.72 1100.83
1e+06 8.96708e+08 8967.08 1090.46
1e+06 9.00157e+08 9001.57 1080.17
1e+06 9.03619e+08 9036.19 1069.98
1e+06 9.07095e+08 9070.95 1059.87
1e+06 9.10583e+08 9105.83 1049.86
1e+06 9.14086e+08 9140.86 1039.93
1e+06 9.17602e+08 9176.02 1030.09
1e+06 9.21131e+08 9211.31 1020.34
1e+06 9.24674e+08 9246.74 1010.68
1e+06 9.28231e+08 9282.31 1001.09
1e+06 9.31801e+08 9318.01 991.596
1e+06 9.35385e+08 9353.85 982.183
1e+06 9.38983e+08 9389.83 972.853
1e+06 9.42594e+08 9425.94 963.607
1e+06 9.4622e+08 9462.2 954.44
1e+06 9.49859e+08 9498.59 945.357
1e+06 9.53513e+08 9535.13 936.351
1e+06 9.5718e+08 9571.8 927.428
1e+06 9.60862e+08 9608.62 918.582
1e+06 9.64557e+08 9645.57 909.817
1e+06 9.68267e+08 9682.67 901.128
1e+06 9.71992e+08 9719.92 892.515
1e+06 9.7573e+08 9757.3 883.981
1e+06 9.79483e+08 9794.83 875.521
1e+06 9.83251e+08 9832.51 867.135
1e+06 9.87032e+08 9870.32 858.828
1e+06 9.90829e+08 9908.29 850.591
1e+06 9.9464e+08 9946.4 842.428
1e+06 9.98466e+08 9984.66 834.338
1e+06 1.00231e+09 10023.1 826.313
1e+06 1.00616e+09 10061.6 818.378
1e+06 1.01003e+09 10100.3 810.503
1e+06 1.01392e+09 10139.2 802.688
1e+06 1.01782e+09 10178.2 794.952
1e+06 1.02173e+09 10217.3 787.296
1e+06 1.02566e+09 10256.6 779.698
1e+06 1.02961e+09 10296.1 772.16
1e+06 1.03357e+09 10335.7 764.698
1e+06 1.03754e+09 10375.4 757.313
1e+06 1.04153e+09 10415.3 749.986
1e+06 1.04554e+09 10455.4 742.716
1e+06 1.04956e+09 10495.6 735.52
1e+06 1.0536e+09 10536 728.382
1e+06 1.05765e+09 10576.5 721.317
1e+06 1.06172e+09 10617.2 714.308
1e+06 1.0658e+09 10658 707.372
1e+06 1.0699e+09 10699 700.491
1e+06 1.07401e+09 10740.1 693.681
1e+06 1.07815e+09 10781.5 686.91
1e+06 1.08229e+09 10822.9 680.226
1e+06 1.08646e+09 10864.6 673.579
1e+06 1.09063e+09 10906.3 667.017
1e+06 1.09483e+09 10948.3 660.493
1e+06 1.09904e+09 10990.4 654.038
1e+06 1.10327e+09 11032.7 647.635
1e+06 1.10751e+09 11075.1 641.3
1e+06 1.11177e+09 11117.7 635.016
1e+06 1.11605e+09 11160.5 628.784
1e+06 1.12034e+09 11203.4 622.618
1e+06 1.12465e+09 11246.5 616.503
1e+06 1.12897e+09 11289.7 610.452
1e+06 1.13332e+09 11333.2 604.438
1e+06 1.13768e+09 11376.8 598.488
1e+06 1.14205e+09 11420.5 592.601
1e+06 1.14644e+09 11464.4 586.763
1e+06 1.15085e+09 11508.5 580.974
1e+06 1.15528e+09 11552.8 575.234
1e+06 1.15972e+09 11597.2 569.556
1e+06 1.16419e+09 11641.9 563.913
1e+06 1.16866e+09 11686.6 558.343
1e+06 1.17316e+09 11731.6 552.807
1e+06 1.17767e+09 11776.7 547.332
1e+06 1.1822e+09 11822 541.903
1e+06 1.18675e+09 11867.5 536.521
1e+06 1.19131e+09 11913.1 531.197
1e+06 1.19589e+09 11958.9 525.919
1e+06 1.20049e+09 12004.9 520.686
1e+06 1.20511e+09 12051.1 515.499
1e+06 1.20975e+09 12097.5 510.357
1e+06 1.2144e+09 12144 505.271
1e+06 1.21907e+09 12190.7 500.229
1e+06 1.22376e+09 12237.6 495.232
1e+06 1.22847e+09 12284.7 490.278
1e+06 1.23319e+09 12331.9 485.379
1e+06 1.23793e+09 12379.3 480.523
1e+06 1.2427e+09 12427 475.699
1e+06 1.24748e+09 12474.8 470.929
1e+06 1.25227e+09 12522.7 466.21
1e+06 1.25709e+09 12570.9 461.524
1e+06 1.26193e+09 12619.3 456.88
1e+06 1.26678e+09 12667.8 452.287
1e+06 1.27165e+09 12716.5 447.736
1e+06 1.27654e+09 12765.4 443.225
1e+06 1.28145e+09 12814.5 438.755
1e+06 1.28638e+09 12863.8 434.325
1e+06 1.29133e+09 12913.3 429.936
1e+06 1.2963e+09 12963 425.587
1e+06 1.30128e+09 13012.8 421.286
1e+06 1.30629e+09 13062.9 417.015
1e+06 1.31131e+09 13113.1 412.792
1e+06 1.31636e+09 13163.6 408.6
1e+06 1.32142e+09 13214.2 404.454
1e+06 1.3265e+09 13265 400.347
1e+06 1.3316e+09 13316 396.278
1e+06 1.33672e+09 13367.2 392.246
1e+06 1.34187e+09 13418.7 388.244
1e+06 1.34703e+09 13470.3 384.287
1e+06 1.35221e+09 13522.1 380.367
1e+06 1.35741e+09 13574.1 376.483
1e+06 1.36263e+09 13626.3 372.636
1e+06 1.36787e+09 13678.7 368.825
1e+06 1.37313e+09 13731.3 365.05
1e+06 1.37841e+09 13784.1 361.31
1e+06 1.38372e+09 13837.2 357.599
1e+06 1.38904e+09 13890.4 353.93
1e+06 1.39438e+09 13943.8 350.296
1e+06 1.39974e+09 13997.4 346.696
1e+06 1.40513e+09 14051.3 343.124
1e+06 1.41053e+09 14105.3 339.593
1e+06 1.41596e+09 14159.6 336.089
1e+06 1.4214e+09 14214 332.625
1e+06 1.42687e+09 14268.7 329.188
1e+06 1.43236e+09 14323.6 325.785
1e+06 1.43787e+09 14378.7 322.414
1e+06 1.4434e+09 14434 319.076
1e+06 1.44895e+09 14489.5 315.77
1e+06 1.45452e+09 14545.2 312.497
1e+06 1.46012e+09 14601.2 309.249
1e+06 1.46573e+09 14657.3 306.039
1e+06 1.47137e+09 14713.7 302.855
1e+06 1.47703e+09 14770.3 299.702
1e+06 1.48271e+09 14827.1 296.58
1e+06 1.48842e+09 14884.2 293.484
1e+06 1.49414e+09 14941.4 290.423
1e+06 1.49989e+09 14998.9 287.387
1e+06 1.50566e+09 15056.6 284.381
1e+06 1.51145e+09 15114.5 281.406
1e+06 1.51726e+09 15172.6 278.46
1e+06 1.5231e+09 15231 275.538
1e+06 1.52896e+09 15289.6 272.645
1e+06 1.53484e+09 15348.4 269.782
1e+06 1.54074e+09 15407.4 266.947
1e+06 1.54667e+09 15466.7 264.136
1e+06 1.55261e+09 15526.1 261.358
1e+06 1.55859e+09 15585.9 258.598
1e+06 1.56458e+09 15645.8 255.871
1e+06 1.5706e+09 15706 253.168
1e+06 1.57664e+09 15766.4 250.492
1e+06 1.5827e+09 15827 247.843
1e+06 1.58879e+09 15887.9 245.216
1e+06 1.5949e+09 15949 242.617
1e+06 1.60104e+09 16010.4 240.04
1e+06 1.6072e+09 16072 237.489
1e+06 1.61338e+09 16133.8 234.965
1e+06 1.61958e+09 16195.8 232.466
1e+06 1.62581e+09 16258.1 229.99
1e+06 1.63207e+09 16320.7 227.535
1e+06 1.63834e+09 16383.4 225.109
1e+06 1.64464e+09 16446.4 222.705
1e+06 1.65097e+09 16509.7 220.322
1e+06 1.65732e+09 16573.2 217.964
1e+06 1.66369e+09 16636.9 215.63
1e+06 1.67009e+09 16700.9 213.318
1e+06 1.67652e+09 16765.2 211.025
1e+06 1.68297e+09 16829.7 208.757
1e+06 1.68944e+09 16894.4 206.513
1e+06 1.69594e+09 16959.4 204.289
1e+06 1.70246e+09 17024.6 202.089
1e+06 1.70901e+09 17090.1 199.908
1e+06 1.71558e+09 17155.8 197.751
1e+06 1.72218e+09 17221.8 195.613
1e+06 1.7288e+09 17288 193.498
1e+06 1.73545e+09 17354.5 191.402
1e+06 1.74213e+09 17421.3 189.326
1e+06 1.74883e+09 17488.3 187.272
1e+06 1.75556e+09 17555.6 185.237
1e+06 1.76231e+09 17623.1 183.223
1e+06 1.76909e+09 17690.9 181.229
1e+06 1.77589e+09 17758.9 179.256
1e+06 1.78272e+09 17827.2 177.301
1e+06 1.78958e+09 17895.8 175.365
1e+06 1.79646e+09 17964.6 173.449
1e+06 1.80337e+09 18033.7 171.552
1e+06 1.81031e+09 18103.1 169.672
1e+06 1.81727e+09 18172.7 167.814
1e+06 1.82426e+09 18242.6 165.972
1e+06 1.83128e+09 18312.8 164.149
1e+06 1.83832e+09 18383.2 162.345
1e+06 1.84539e+09 18453.9 160.558
1e+06 1.85249e+09 18524.9 158.789
1e+06 1.85962e+09 18596.2 157.037
1e+06 1.86677e+09 18667.7 155.304
1e+06 1.87395e+09 18739.5 153.587
1e+06 1.88116e+09 18811.6 151.888
1e+06 1.88839e+09 18883.9 150.207
1e+06 1.89565e+09 18956.5 148.543
1e+06 1.90295e+09 19029.5 146.892
1e+06 1.91027e+09 19102.7 145.26
1e+06 1.91761e+09 19176.1 143.647
1e+06 1.92499e+09 19249.9 142.047
1e+06 1.93239e+09 19323.9 140.465
1e+06 1.93983e+09 19398.3 138.896
1e+06 1.94729e+09 19472.9 137.345
1e+06 1.95478e+09 19547.8 135.81
1e+06 1.96229e+09 19622.9 134.292
1e+06 1.96984e+09 19698.4 132.787
1e+06 1.97742e+09 19774.2 131.297
1e+06 1.98502e+09 19850.2 129.824
1e+06 1.99266e+09 19926.6 128.364
1e+06 2.00032e+09 20003.2 126.92
1e+06 2.00802e+09 20080.2 125.49
1e+06 2.01574e+09 20157.4 124.075
1e+06 2.02349e+09 20234.9 122.675
1e+06 2.03128e+09 20312.8 121.288
1e+06 2.03909e+09 20390.9 119.916
1e+06 2.04693e+09 20469.3 118.559
1e+06 2.05481e+09 20548.1 117.214
1e+06 2.06271e+09 20627.1 115.884
1e+06 2.07064e+09 20706.4 114.568
1e+06 2.07861e+09 20786.1 113.264
1e+06 2.0866e+09 20866 111.975
1e+06 2.09463e+09 20946.3 110.698
1e+06 2.10269e+09 21026.9 109.434
1e+06 2.11077e+09 21107.7 108.185
1e+06 2.11889e+09 21188.9 106.947
1e+06 2.12704e+09 21270.4 105.723
1e+06 2.13522e+09 21352.2 104.511
1e+06 2.14344e+09 21434.4 103.311
1e+06 2.15168e+09 21516.8 102.124
1e+06 2.15996e+09 21599.6 100.949
1e+06 2.16826e+09 21682.6 99.7879
1e+06 2.1766e+09 21766 98.6376
1e+06 2.18498e+09 21849.8 97.4981
1e+06 2.19338e+09 21933.8 96.3722
1e+06 2.20182e+09 22018.2 95.257
1e+06 2.21028e+09 22102.8 94.1551
1e+06 2.21879e+09 22187.9 93.0624
1e+06 2.22732e+09 22273.2 91.9828
1e+06 2.23589e+09 22358.9 90.9136
1e+06 2.24449e+09 22444.9 89.856
1e+06 2.25312e+09 22531.2 88.8098
1e+06 2.26179e+09 22617.9 87.7738
1e+06 2.27049e+09 22704.9 86.7491
1e+06 2.27922e+09 22792.2 85.7356
1e+06 2.28798e+09 22879.8 84.7332
1e+06 2.29679e+09 22967.9 83.7395
1e+06 2.30562e+09 23056.2 82.7579
1e+06 2.31449e+09 23144.9 81.786
1e+06 2.32339e+09 23233.9 80.8248
1e+06 2.33233e+09 23323.3 79.8732
1e+06 2.3413e+09 23413 78.9321
1e+06 2.3503e+09 23503 78.0015
1e+06 2.35934e+09 23593.4 77.0802
1e+06 2.36842e+09 23684.2 76.1682
1e+06 2.37753e+09 23775.3 75.2664
1e+06 2.38667e+09 23866.7 74.3747
1e+06 2.39585e+09 23958.5 73.4921
1e+06 2.40507e+09 24050.7 72.6185
1e+06 2.41432e+09 24143.2 71.7547
1e+06 2.4236e+09 24236 70.9006
1e+06 2.43292e+09 24329.2 70.0554
1e+06 2.44228e+09 24422.8 69.2188
1e+06 2.45168e+09 24516.8 68.3909
1e+06 2.46111e+09 24611.1 67.5724
1e+06 2.47057e+09 24705.7 66.7633
1e+06 2.48008e+09 24800.8 65.9617
1e+06 2.48961e+09 24896.1 65.1702
1e+06 2.49919e+09 24991.9 64.3861
1e+06 2.5088e+09 25088 63.6111
1e+06 2.51845e+09 25184.5 62.8442
1e+06 2.52814e+09 25281.4 62.0854
1e+06 2.53786e+09 25378.6 61.3354
1e+06 2.54762e+09 25476.2 60.5934
1e+06 2.55742e+09 25574.2 59.8592
1e+06 2.56726e+09 25672.6 59.1329
1e+06 2.57713e+09 25771.3 58.415
1e+06 2.58705e+09 25870.5 57.7042
1e+06 2.597e+09 25970 57.0016
1e+06 2.60699e+09 26069.9 56.3067
1e+06 2.61701e+09 26170.1 55.6199
1e+06 2.62708e+09 26270.8 54.9399
1e+06 2.63718e+09 26371.8 54.2679
1e+06 2.64733e+09 26473.3 53.6026
1e+06 2.65751e+09 26575.1 52.9452
1e+06 2.66773e+09 26677.3 52.295
1e+06 2.67799e+09 26779.9 51.6519
1e+06 2.68829e+09 26882.9 51.0159
1e+06 2.69863e+09 26986.3 50.3869
1e+06 2.70901e+09 27090.1 49.7648
1e+06 2.71943e+09 27194.3 49.1496
1e+06 2.72989e+09 27298.9 48.5413
1e+06 2.74039e+09 27403.9 47.9397
1e+06 2.75093e+09 27509.3 47.3449
1e+06 2.76151e+09 27615.1 46.7566
1e+06 2.77213e+09 27721.3 46.175
1e+06 2.7828e+09 27828 45.5994
1e+06 2.7935e+09 27935 45.0308
1e+06 2.80424e+09 28042.4 44.4687
1e+06 2.81503e+09 28150.3 43.9123
1e+06 2.82586e+09 28258.6 43.3623
1e+06 2.83673e+09 28367.3 42.8186
1e+06 2.84764e+09 28476.4 42.2811
1e+06 2.85859e+09 28585.9 41.7497
1e+06 2.86959e+09 28695.9 41.2239
1e+06 2.88062e+09 28806.2 40.7046
1e+06 2.8917e+09 28917 40.1909
1e+06 2.90283e+09 29028.3 39.6826
1e+06 2.91399e+09 29139.9 39.1807
1e+06 2.9252e+09 29252 38.6841
1e+06 2.93645e+09 29364.5 38.1933
1e+06 2.94774e+09 29477.4 37.7082
1e+06 2.95908e+09 29590.8 37.2284
1e+06 2.97046e+09 29704.6 36.7542
1e+06 2.98189e+09 29818.9 36.2852
1e+06 2.99336e+09 29933.6 35.8216
1e+06 3.00487e+09 30048.7 35.3636
1e+06 3.01643e+09 30164.3 34.9106
1e+06 3.02803e+09 30280.3 34.4629
1e+06 3.03968e+09 30396.8 34.0202
1e+06 3.05137e+09 30513.7 33.5827
1e+06 3.06311e+09 30631.1 33.1501
1e+06 3.07489e+09 30748.9 32.7227
1e+06 3.08671e+09 30867.1 32.3004
1e+06 3.09859e+09 30985.9 31.8824
1e+06 3.11051e+09 31105.1 31.4695
1e+06 3.12247e+09 31224.7 31.0616
1e+06 3.13448e+09 31344.8 30.6583
1e+06 3.14654e+09 31465.4 30.2596
1e+06 3.15864e+09 31586.4 29.8656
1e+06 3.17079e+09 31707.9 29.4762
1e+06 3.18298e+09 31829.8 29.0916
1e+06 3.19523e+09 31952.3 28.711
1e+06 3.20752e+09 32075.2 28.3351
1e+06 3.21985e+09 32198.5 27.9638
1e+06 3.23224e+09 32322.4 27.5965
1e+06 3.24467e+09 32446.7 27.2337
1e+06 3.25715e+09 32571.5 26.8751
1e+06 3.26968e+09 32696.8 26.5207
1e+06 3.28225e+09 32822.5 26.1707
1e+06 3.29488e+09 32948.8 25.8245
1e+06 3.30755e+09 33075.5 25.4827
1e+06 3.32027e+09 33202.7 25.1448
1e+06 3.33304e+09 33330.4 24.811
1e+06 3.34586e+09 33458.6 24.481
1e+06 3.35873e+09 33587.3 24.155
1e+06 3.37165e+09 33716.5 23.8328
1e+06 3.38462e+09 33846.2 23.5145
1e+06 3.39764e+09 33976.4 23.2
1e+06 3.41071e+09 34107.1 22.8892
1e+06 3.42382e+09 34238.2 22.5824
1e+06 3.43699e+09 34369.9 22.2791
1e+06 3.45021e+09 34502.1 21.9794
1e+06 3.46348e+09 34634.8 21.6833
1e+06 3.47681e+09 34768.1 21.3906
1e+06 3.49018e+09 34901.8 21.1017
1e+06 3.5036e+09 35036 20.8163
1e+06 3.51708e+09 35170.8 20.5342
1e+06 3.53061e+09 35306.1 20.2555
1e+06 3.54419e+09 35441.9 19.9802
1e+06 3.55782e+09 35578.2 19.7083
1e+06 3.5715e+09 35715 19.4398
1e+06 3.58524e+09 35852.4 19.1744
1e+06 3.59903e+09 35990.3 18.9123
1e+06 3.61287e+09 36128.7 18.6534
1e+06 3.62677e+09 36267.7 18.3976
1e+06 3.64072e+09 36407.2 18.145
1e+06 3.65472e+09 36547.2 17.8956
1e+06 3.66878e+09 36687.8 17.6491
1e+06 3.68289e+09 36828.9 17.4057
1e+06 3.69706e+09 36970.6 17.1652
1e+06 3.71128e+09 37112.8 16.9277
1e+06 3.72555e+09 37255.5 16.6933
1e+06 3.73988e+09 37398.8 16.4616
1e+06 3.75426e+09 37542.6 16.2329
1e+06 3.7687e+09 37687 16.007
1e+06 3.7832e+09 37832 15.7838
1e+06 3.79775e+09 37977.5 15.5635
1e+06 3.81236e+09 38123.6 15.3459
1e+06 3.82702e+09 38270.2 15.1311
1e+06 3.84174e+09 38417.4 14.9189
1e+06 3.85652e+09 38565.2 14.7093
1e+06 3.87135e+09 38713.5 14.5024
1e+06 3.88624e+09 38862.4 14.2981
1e+06 3.90119e+09 39011.9 14.0963
1e+06 3.91619e+09 39161.9 13.8972
1e+06 3.93126e+09 39312.6 13.7004
1e+06 3.94638e+09 39463.8 13.5062
1e+06 3.96156e+09 39615.6 13.3145
1e+06 3.97679e+09 39767.9 13.1252
1e+06 3.99209e+09 39920.9 12.9383
1e+06 4.00745e+09 40074.5 12.7537
1e+06 4.02286e+09 40228.6 12.5715
1e+06 4.03833e+09 40383.3 12.3917
1e+06 4.05387e+09 40538.7 12.214
1e+06 4.06946e+09 40694.6 12.0387
1e+06 4.08511e+09 40851.1 11.8657
1e+06 4.10082e+09 41008.2 11.6949
1e+06 4.1166e+09 41166 11.5261
1e+06 4.13243e+09 41324.3 11.3597
1e+06 4.14832e+09 41483.2 11.1954
1e+06 4.16428e+09 41642.8 11.0331
1e+06 4.1803e+09 41803 10.873
1e+06 4.19638e+09 41963.8 10.7149
1e+06 4.21252e+09 42125.2 10.5589
1e+06 4.22872e+09 42287.2 10.405
1e+06 4.24498e+09 42449.8 10.253
1e+06 4.26131e+09 42613.1 10.103
1e+06 4.2777e+09 42777 9.95498
1e+06 4.29415e+09 42941.5 9.80891
1e+06 4.31067e+09 43106.7 9.66468
1e+06 4.32725e+09 43272.5 9.52238
1e+06 4.34389e+09 43438.9 9.38198
1e+06 4.3606e+09 43606 9.24338
1e+06 4.37737e+09 43773.7 9.10663
1e+06 4.39421e+09 43942.1 8.97165
1e+06 4.41111e+09 44111.1 8.83849
1e+06 4.42808e+09 44280.8 8.70705
1e+06 4.44511e+09 44451.1 8.57739
1e+06 4.46221e+09 44622.1 8.44942
1e+06 4.47937e+09 44793.7 8.3232
1e+06 4.4966e+09 44966 8.19862
1e+06 4.5139e+09 45139 8.07569
1e+06 4.53126e+09 45312.6 7.95444
1e+06 4.54869e+09 45486.9 7.83479
1e+06 4.56618e+09 45661.8 7.7168
1e+06 4.58374e+09 45837.4 7.60037
1e+06 4.60138e+09 46013.8 7.48542
1e+06 4.61907e+09 46190.7 7.37214
1e+06 4.63684e+09 46368.4 7.26031
1e+06 4.65467e+09 46546.7 7.15005
1e+06 4.67258e+09 46725.8 7.04121
1e+06 4.69055e+09 46905.5 6.9339
1e+06 4.70859e+09 47085.9 6.82804
1e+06 4.7267e+09 47267 6.72362
1e+06 4.74488e+09 47448.8 6.62062
1e+06 4.76313e+09 47631.3 6.51903
1e+06 4.78145e+09 47814.5 6.41882
1e+06 4.79984e+09 47998.4 6.32
1e+06 4.81831e+09 48183.1 6.22248
1e+06 4.83684e+09 48368.4 6.12636
1e+06 4.85544e+09 48554.4 6.03156
1e+06 4.87412e+09 48741.2 5.93804
1e+06 4.89286e+09 48928.6 5.84586
1e+06 4.91168e+09 49116.8 5.75493
1e+06 4.93058e+09 49305.8 5.66521
1e+06 4.94954e+09 49495.4 5.5768
1e+06 4.96858e+09 49685.8 5.48959
1e+06 4.98769e+09 49876.9 5.40361
1e+06 5.00687e+09 50068.7 5.31885
1e+06 5.02613e+09 50261.3 5.23524
1e+06 5.04546e+09 50454.6 5.15283
1e+06 5.06487e+09 50648.7 5.07154
1e+06 5.08435e+09 50843.5 4.99142
1e+06 5.10391e+09 51039.1 4.91241
1e+06 5.12354e+09 51235.4 4.83453
1e+06 5.14324e+09 51432.4 4.75777
1e+06 5.16303e+09 51630.3 4.68205
1e+06 5.18288e+09 51828.8 4.60746
1e+06 5.20282e+09 52028.2 4.53388
1e+06 5.22283e+09 52228.3 4.46137
1e+06 5.24292e+09 52429.2 4.38989
1e+06 5.26309e+09 52630.9 4.31941
1e+06 5.28333e+09 52833.3 4.24997
1e+06 5.30365e+09 53036.5 4.18152
1e+06 5.32405e+09 53240.5 4.11405
1e+06 5.34453e+09 53445.3 4.04754
1e+06 5.36508e+09 53650.8 3.98201
1e+06 5.38572e+09 53857.2 3.9174
1e+06 5.40643e+09 54064.3 3.85376
1e+06 5.42723e+09 54272.3 3.791
1e+06 5.4481e+09 54481 3.72918
1e+06 5.46906e+09 54690.6 3.66824
1e+06 5.4901e+09 54901 3.60818
1e+06 5.51121e+09 55112.1 3.54904
1e+06 5.53241e+09 55324.1 3.49073
1e+06 5.55369e+09 55536.9 3.43328
1e+06 5.57505e+09 55750.5 3.37668
1e+06 5.59649e+09 55964.9 3.32092
1e+06 5.61802e+09 56180.2 3.26595
1e+06 5.63963e+09 56396.3 3.21181
1e+06 5.66132e+09 56613.2 3.15848
1e+06 5.68309e+09 56830.9 3.10594
1e+06 5.70495e+09 57049.5 3.05417
1e+06 5.7269e+09 57269 3.00315
1e+06 5.74892e+09 57489.2 2.95293
1e+06 5.77104e+09 57710.4 2.90342
1e+06 5.79323e+09 57932.3 2.85469
1e+06 5.81552e+09 58155.2 2.80665
1e+06 5.83788e+09 58378.8 2.75937
1e+06 5.86034e+09 58603.4 2.71277
1e+06 5.88288e+09 58828.8 2.66688
1e+06 5.90551e+09 59055.1 2.62168
1e+06 5.92822e+09 59282.2 2.57718
1e+06 5.95102e+09 59510.2 2.53334
1e+06 5.97391e+09 59739.1 2.49017
1e+06 5.99689e+09 59968.9 2.44765
1e+06 6.01995e+09 60199.5 2.40579
1e+06 6.04311e+09 60431.1 2.36456
1e+06 6.06635e+09 60663.5 2.32396
1e+06 6.08969e+09 60896.9 2.28398
1e+06 6.11311e+09 61131.1 2.24462
1e+06 6.13662e+09 61366.2 2.20587
1e+06 6.16022e+09 61602.2 2.16771
1e+06 6.18392e+09 61839.2 2.13013
1e+06 6.2077e+09 62077 2.09315
1e+06 6.23158e+09 62315.8 2.05673
1e+06 6.25555e+09 62555.5 2.02088
1e+06 6.27961e+09 62796.1 1.98559
1e+06 6.30376e+09 63037.6 1.95085
1e+06 6.32801e+09 63280.1 1.91664
1e+06 6.35235e+09 63523.5 1.88298
1e+06 6.37678e+09 63767.8 1.84985
1e+06 6.40131e+09 64013.1 1.81723
1e+06 6.42593e+09 64259.3 1.78513
1e+06 6.45065e+09 64506.5 1.75353
1e+06 6.47546e+09 64754.6 1.72243
1e+06 6.50036e+09 65003.6 1.69184
1e+06 6.52537e+09 65253.7 1.66171
1e+06 6.55046e+09 65504.6 1.63208
1e+06 6.57566e+09 65756.6 1.60291
1e+06 6.60095e+09 66009.5 1.57421
1e+06 6.62634e+09 66263.4 1.54596
1e+06 6.65183e+09 66518.3 1.51817
1e+06 6.67741e+09 66774.1 1.49083
1e+06 6.7031e+09 67031 1.46392
1e+06 6.72888e+09 67288.8 1.43745
1e+06 6.75476e+09 67547.6 1.41141
1e+06 6.78074e+09 67807.4 1.38579
1e+06 6.80682e+09 68068.2 1.36059
1e+06 6.833e+09 68330 1.33579
1e+06 6.85928e+09 68592.8 1.3114
1e+06 6.88567e+09 68856.7 1.28741
1e+06 6.91215e+09 69121.5 1.26381
1e+06 6.93874e+09 69387.4 1.24059
1e+06 6.96543e+09 69654.3 1.21776
1e+06 6.99222e+09 69922.2 1.1953
1e+06 7.01911e+09 70191.1 1.17322
1e+06 7.04611e+09 70461.1 1.15149
1e+06 7.07321e+09 70732.1 1.13013
1e+06 7.10042e+09 71004.2 1.10912
1e+06 7.12773e+09 71277.3 1.08846
1e+06 7.15514e+09 71551.4 1.06815
1e+06 7.18266e+09 71826.6 1.04818
1e+06 7.21029e+09 72102.9 1.02853
1e+06 7.23802e+09 72380.2 1.00922
1e+06 7.26586e+09 72658.6 0.990233
1e+06 7.29381e+09 72938.1 0.971563
1e+06 7.32186e+09 73218.6 0.953212
1e+06 7.35002e+09 73500.2 0.93517
1e+06 7.37829e+09 73782.9 0.917433
1e+06 7.40667e+09 74066.7 0.899996
1e+06 7.43516e+09 74351.6 0.882855
1e+06 7.46376e+09 74637.6 0.866006
1e+06 7.49247e+09 74924.7 0.849445
1e+06 7.52129e+09 75212.9 0.833168
1e+06 7.55022e+09 75502.2 0.81717
1e+06 7.57926e+09 75792.6 0.801448
1e+06 7.60841e+09 76084.1 0.785998
1e+06 7.63767e+09 76376.7 0.770815
1e+06 7.66705e+09 76670.5 0.755891
1e+06 7.69654e+09 76965.4 0.741228
1e+06 7.72614e+09 77261.4 0.726821
1e+06 7.75586e+09 77558.6 0.712662
1e+06 7.78569e+09 77856.9 0.698752
1e+06 7.81564e+09 78156.4 0.685083
1e+06 7.8457e+09 78457 0.671655
1e+06 7.87587e+09 78758.7 0.658466
1e+06 7.90617e+09 79061.7 0.645503
1e+06 7.93658e+09 79365.8 0.632772
1e+06 7.9671e+09 79671 0.620268
1e+06 7.99775e+09 79977.5 0.607981
1e+06 8.02851e+09 80285.1 0.595915
1e+06 8.05939e+09 80593.9 0.584063
1e+06 8.09039e+09 80903.9 0.572422
1e+06 8.12151e+09 81215.1 0.560988
1e+06 8.15274e+09 81527.4 0.549763
1e+06 8.1841e+09 81841 0.538736
1e+06 8.21558e+09 82155.8 0.527907
1e+06 8.24718e+09 82471.8 0.517274
1e+06 8.2789e+09 82789 0.506834
1e+06 8.31074e+09 83107.4 0.496583
1e+06 8.34271e+09 83427.1 0.486516
1e+06 8.3748e+09 83748 0.476633
1e+06 8.40701e+09 84070.1 0.466931
1e+06 8.43935e+09 84393.5 0.457404
1e+06 8.47181e+09 84718.1 0.448053
1e+06 8.50439e+09 85043.9 0.438875
1e+06 8.5371e+09 85371 0.429865
1e+06 8.56994e+09 85699.4 0.421019
1e+06 8.6029e+09 86029 0.412339
1e+06 8.63599e+09 86359.9 0.403818
1e+06 8.66921e+09 86692.1 0.395455
1e+06 8.70255e+09 87025.5 0.387249
1e+06 8.73602e+09 87360.2 0.379196
1e+06 8.76962e+09 87696.2 0.371293
1e+06 8.80336e+09 88033.6 0.363535
1e+06 8.83722e+09 88372.2 0.355925
1e+06 8.87121e+09 88712.1 0.348458
1e+06 8.90533e+09 89053.3 0.341132
1e+06 8.93958e+09 89395.8 0.333945
1e+06 8.97396e+09 89739.6 0.326895
1e+06 9.00848e+09 90084.8 0.319976
1e+06 9.04313e+09 90431.3 0.31319
1e+06 9.07791e+09 90779.1 0.306534
1e+06 9.11283e+09 91128.3 0.300003
1e+06 9.14788e+09 91478.8 0.293599
1e+06 9.18307e+09 91830.7 0.287317
1e+06 9.21839e+09 92183.9 0.281156
1e+06 9.25384e+09 92538.4 0.275115
1e+06 9.28944e+09 92894.4 0.269189
1e+06 9.32517e+09 93251.7 0.263379
1e+06 9.36103e+09 93610.3 0.257682
1e+06 9.39704e+09 93970.4 0.252095
1e+06 9.43318e+09 94331.8 0.246618
1e+06 9.46946e+09 94694.6 0.241248
1e+06 9.50589e+09 95058.9 0.235982
1e+06 9.54245e+09 95424.5 0.23082
1e+06 9.57915e+09 95791.5 0.225761
1e+06 9.616e+09 96160 0.2208
1e+06 9.65298e+09 96529.8 0.215938
1e+06 9.69011e+09 96901.1 0.211172
1e+06 9.72738e+09 97273.8 0.206502
1e+06 9.7648e+09 97648 0.201923
1e+06 9.80236e+09 98023.6 0.197436
1e+06 9.84006e+09 98400.6 0.19304
1e+06 9.87791e+09 98779.1 0.188731
1e+06 9.9159e+09 99159 0.18451
1e+06 9.95404e+09 99540.4 0.180373
1e+06 9.99233e+09 99923.3 0.17632
1e+06 1.00308e+10 100308 0.172345
1e+06 1.00693e+10 100693 0.168463
1e+06 1.01081e+10 101081 0.164645
1e+06 1.01469e+10 101469 0.160919
1e+06 1.0186e+10 101860 0.157255
1e+06 1.02252e+10 102252 0.153671
1e+06 1.02645e+10 102645 0.150165
1e+06 1.0304e+10 103040 0.146727
1e+06 1.03436e+10 103436 0.143365
1e+06 1.03834e+10 103834 0.140068
1e+06 1.04233e+10 104233 0.136844
1e+06 1.04634e+10 104634 0.133683
1e+06 1.05037e+10 105037 0.130584
1e+06 1.05441e+10 105441 0.127555
1e+06 1.05846e+10 105846 0.124593
1e+06 1.06253e+10 106253 0.12169
1e+06 1.06662e+10 106662 0.118845
1e+06 1.07072e+10 107072 0.116064
1e+06 1.07484e+10 107484 0.113339
1e+06 1.07897e+10 107897 0.110675
1e+06 1.08312e+10 108312 0.108066
1e+06 1.08729e+10 108729 0.105509
1e+06 1.09147e+10 109147 0.103011
1e+06 1.09567e+10 109567 0.100564
1e+06 1.09988e+10 109988 0.0981735
1e+06 1.10412e+10 110412 0.0958264
1e+06 1.10836e+10 110836 0.0935388
1e+06 1.11262e+10 111262 0.0912986
1e+06 1.1169e+10 111690 0.0891052
1e+06 1.1212e+10 112120 0.0869577
1e+06 1.12551e+10 112551 0.0848602
1e+06 1.12984e+10 112984 0.0828068
1e+06 1.13419e+10 113419 0.0807968
1e+06 1.13855e+10 113855 0.078834
1e+06 1.14293e+10 114293 0.076913
1e+06 1.14733e+10 114733 0.0750329
1e+06 1.15174e+10 115174 0.0731974
1e+06 1.15617e+10 115617 0.0714012
1e+06 1.16062e+10 116062 0.0696439
1e+06 1.16508e+10 116508 0.0679284
1e+06 1.16956e+10 116956 0.0662501
1e+06 1.17406e+10 117406 0.0646084
1e+06 1.17857e+10 117857 0.0630062
1e+06 1.18311e+10 118311 0.0614356
1e+06 1.18766e+10 118766 0.059903
1e+06 1.19223e+10 119223 0.0584042
1e+06 1.19681e+10 119681 0.0569419
1e+06 1.20142e+10 120142 0.0555089
1e+06 1.20604e+10 120604 0.0541109
1e+06 1.21068e+10 121068 0.0527442
1e+06 1.21533e+10 121533 0.051411
1e+06 1.22001e+10 122001 0.0501051
1e+06 1.2247e+10 122470 0.0488314
1e+06 1.22941e+10 122941 0.0475866
1e+06 1.23414e+10 123414 0.0463701
1e+06 1.23889e+10 123889 0.0451814
1e+06 1.24365e+10 124365 0.0440223
1e+06 1.24843e+10 124843 0.0428899
1e+06 1.25324e+10 125324 0.0417812
1e+06 1.25806e+10 125806 0.0407004
1e+06 1.26289e+10 126289 0.0396469
1e+06 1.26775e+10 126775 0.0386158
1e+06 1.27263e+10 127263 0.0376088
1e+06 1.27752e+10 127752 0.0366274
1e+06 1.28244e+10 128244 0.035667
1e+06 1.28737e+10 128737 0.0347313
1e+06 1.29232e+10 129232 0.0338176
1e+06 1.29729e+10 129729 0.0329257
1e+06 1.30228e+10 130228 0.032055
1e+06 1.30729e+10 130729 0.0312051
1e+06 1.31232e+10 131232 0.0303756
1e+06 1.31737e+10 131737 0.029566
1e+06 1.32243e+10 132243 0.0287775
1e+06 1.32752e+10 132752 0.0280066
1e+06 1.33263e+10 133263 0.0272543
1e+06 1.33775e+10 133775 0.0265219
1e+06 1.3429e+10 134290 0.0258059
1e+06 1.34806e+10 134806 0.0251089
1e+06 1.35325e+10 135325 0.0244277
1e+06 1.35845e+10 135845 0.0237646
1e+06 1.36368e+10 136368 0.0231166
1e+06 1.36892e+10 136892 0.0224859
1e+06 1.37419e+10 137419 0.0218698
1e+06 1.37947e+10 137947 0.0212702
1e+06 1.38478e+10 138478 0.0206846
1e+06 1.39011e+10 139011 0.0201137
1e+06 1.39545e+10 139545 0.0195582
1e+06 1.40082e+10 140082 0.0190157
1e+06 1.40621e+10 140621 0.0184871
1e+06 1.41162e+10 141162 0.0179719
1e+06 1.41705e+10 141705 0.0174699
1e+06 1.4225e+10 142250 0.0169807
1e+06 1.42797e+10 142797 0.0165042
1e+06 1.43346e+10 143346 0.0160399
1e+06 1.43897e+10 143897 0.0155877
1e+06 1.44451e+10 144451 0.0151464
1e+06 1.45006e+10 145006 0.0147173
1e+06 1.45564e+10 145564 0.0142987
1e+06 1.46124e+10 146124 0.0138911
1e+06 1.46686e+10 146686 0.0134942
1e+06 1.4725e+10 147250 0.0131078
1e+06 1.47817e+10 147817 0.012731
1e+06 1.48385e+10 148385 0.0123648
1e+06 1.48956e+10 148956 0.0120077
1e+06 1.49529e+10 149529 0.0116602
1e+06 1.50104e+10 150104 0.0113219
1e+06 1.50681e+10 150681 0.0109928
1e+06 1.51261e+10 151261 0.010672
1e+06 1.51843e+10 151843 0.0103599
1e+06 1.52427e+10 152427 0.0100562
1e+06 1.53013e+10 153013 0.00976081
1e+06 1.53602e+10 153602 0.009473
1e+06 1.54192e+10 154192 0.00919355
1e+06 1.54785e+10 154785 0.00892132
1e+06 1.55381e+10 155381 0.00865615
1e+06 1.55978e+10 155978 0.00839874
1e+06 1.56578e+10 156578 0.00814806
1e+06 1.57181e+10 157181 0.00790394
1e+06 1.57785e+10 157785 0.00766704
1e+06 1.58392e+10 158392 0.00743639
1e+06 1.59001e+10 159001 0.00721222
1e+06 1.59613e+10 159613 0.00699401
1e+06 1.60227e+10 160227 0.00678197
1e+06 1.60843e+10 160843 0.00657594
1e+06 1.61462e+10 161462 0.00637545
1e+06 1.62083e+10 162083 0.00618068
1e+06 1.62706e+10 162706 0.00599148
1e+06 1.63332e+10 163332 0.00580743
1e+06 1.6396e+10 163960 0.00562867
1e+06 1.64591e+10 164591 0.0054548
1e+06 1.65224e+10 165224 0.00528598
1e+06 1.65859e+10 165859 0.00512206
1e+06 1.66497e+10 166497 0.00496267
1e+06 1.67138e+10 167138 0.0048077
1e+06 1.67781e+10 167781 0.00465729
1e+06 1.68426e+10 168426 0.00451129
1e+06 1.69074e+10 169074 0.0043694
1e+06 1.69724e+10 169724 0.0042317
1e+06 1.70377e+10 170377 0.00409789
1e+06 1.71032e+10 171032 0.00396807
1e+06 1.7169e+10 171690 0.00384194
1e+06 1.7235e+10 172350 0.00371959
1e+06 1.73013e+10 173013 0.00360074
1e+06 1.73679e+10 173679 0.00348531
1e+06 1.74347e+10 174347 0.00337337
1e+06 1.75017e+10 175017 0.00326483
1e+06 1.7569e+10 175690 0.00315944
1e+06 1.76366e+10 176366 0.00305712
1e+06 1.77045e+10 177045 0.00295779
1e+06 1.77726e+10 177726 0.00286151
1e+06 1.78409e+10 178409 0.0027682
1e+06 1.79095e+10 179095 0.00267765
1e+06 1.79784e+10 179784 0.00258978
1e+06 1.80476e+10 180476 0.00250452
1e+06 1.8117e+10 181170 0.00242192
1e+06 1.81867e+10 181867 0.00234179
1e+06 1.82566e+10 182566 0.00226419
1e+06 1.83268e+10 183268 0.00218892
1e+06 1.83973e+10 183973 0.00211593
1e+06 1.84681e+10 184681 0.00204515
1e+06 1.85391e+10 185391 0.00197662
1e+06 1.86104e+10 186104 0.00191019
1e+06 1.8682e+10 186820 0.00184579
1e+06 1.87539e+10 187539 0.00178337
1e+06 1.8826e+10 188260 0.00172297
1e+06 1.88984e+10 188984 0.00166443
1e+06 1.89711e+10 189711 0.00160771
1e+06 1.90441e+10 190441 0.00155276
1e+06 1.91173e+10 191173 0.00149961
1e+06 1.91909e+10 191909 0.00144805
1e+06 1.92647e+10 192647 0.00139818
1e+06 1.93388e+10 193388 0.00134989
1e+06 1.94132e+10 194132 0.00130313
1e+06 1.94878e+10 194878 0.00125792
1e+06 1.95628e+10 195628 0.00121409
1e+06 1.9638e+10 196380 0.00117172
1e+06 1.97136e+10 197136 0.00113066
1e+06 1.97894e+10 197894 0.00109098
1e+06 1.98655e+10 198655 0.00105258
1e+06 1.99419e+10 199419 0.00101543
1e+06 2.00186e+10 200186 0.000979488
1e+06 2.00956e+10 200956 0.00094472
1e+06 2.01729e+10 201729 0.000911093
1e+06 2.02505e+10 202505 0.000878572
1e+06 2.03284e+10 203284 0.000847124
1e+06 2.04066e+10 204066 0.000816719
1e+06 2.04851e+10 204851 0.000787323
1e+06 2.05638e+10 205638 0.000758944
1e+06 2.06429e+10 206429 0.00073148
1e+06 2.07223e+10 207223 0.000704938
1e+06 2.0802e+10 208020 0.000679289
1e+06 2.08821e+10 208821 0.000654477
1e+06 2.09624e+10 209624 0.000630535
1e+06 2.1043e+10 210430 0.000607408
1e+06 2.11239e+10 211239 0.000585071
1e+06 2.12052e+10 212052 0.000563472
1e+06 2.12868e+10 212868 0.000542615
1e+06 2.13686e+10 213686 0.000522502
1e+06 2.14508e+10 214508 0.00050306
1e+06 2.15333e+10 215333 0.000484294
1e+06 2.16161e+10 216161 0.000466181
1e+06 2.16993e+10 216993 0.000448679
1e+06 2.17827e+10 217827 0.000431812
1e+06 2.18665e+10 218665 0.000415518
1e+06 2.19506e+10 219506 0.000399799
1e+06 2.20351e+10 220351 0.000384619
1e+06 2.21198e+10 221198 0.000369995
1e+06 2.22049e+10 222049 0.000355875
1e+06 2.22903e+10 222903 0.000342261
1e+06 2.2376e+10 223760 0.000329135
1e+06 2.24621e+10 224621 0.000316466
1e+06 2.25485e+10 225485 0.000304255
1e+06 2.26352e+10 226352 0.000292487
1e+06 2.27223e+10 227223 0.000281133
1e+06 2.28097e+10 228097 0.000270193
1e+06 2.28974e+10 228974 0.000259654
1e+06 2.29855e+10 229855 0.00024949
1e+06 2.30739e+10 230739 0.0002397
1e+06 2.31627e+10 231627 0.000230262
1e+06 2.32517e+10 232517 0.000221184
1e+06 2.33412e+10 233412 0.000212423
1e+06 2.3431e+10 234310 0.00020399
1e+06 2.35211e+10 235211 0.000195873
1e+06 2.36115e+10 236115 0.00018806
1e+06 2.37024e+10 237024 0.000180525
1e+06 2.37935e+10 237935 0.000173284
1e+06 2.3885e+10 238850 0.000166309
1e+06 2.39769e+10 239769 0.000159592
1e+06 2.40691e+10 240691 0.000153132
1e+06 2.41617e+10 241617 0.000146913
1e+06 2.42546e+10 242546 0.000140933
1e+06 2.43479e+10 243479 0.000135177
1e+06 2.44416e+10 244416 0.000129638
1e+06 2.45356e+10 245356 0.000124315
1e+06 2.463e+10 246300 0.000119193
1e+06 2.47247e+10 247247 0.000114271
1e+06 2.48198e+10 248198 0.000109537
1e+06 2.49153e+10 249153 0.000104985
1e+06 2.50111e+10 250111 0.000100612
1e+06 2.51073e+10 251073 9.64078e-05
1e+06 2.52039e+10 252039 9.23666e-05
1e+06 2.53008e+10 253008 8.84864e-05
1e+06 2.53981e+10 253981 8.47576e-05
1e+06 2.54958e+10 254958 8.11746e-05
1e+06 2.55939e+10 255939 7.77323e-05
1e+06 2.56923e+10 256923 7.4429e-05
1e+06 2.57911e+10 257911 7.12562e-05
1e+06 2.58903e+10 258903 6.82094e-05
1e+06 2.59899e+10 259899 6.52838e-05
1e+06 2.60899e+10 260899 6.24751e-05
1e+06 2.61902e+10 261902 5.97817e-05
1e+06 2.6291e+10 262910 5.7194e-05
1e+06 2.63921e+10 263921 5.47132e-05
1e+06 2.64936e+10 264936 5.23329e-05
1e+06 2.65955e+10 265955 5.00493e-05
1e+06 2.66978e+10 266978 4.78588e-05
1e+06 2.68005e+10 268005 4.57579e-05
1e+06 2.69036e+10 269036 4.37433e-05
1e+06 2.70071e+10 270071 4.18117e-05
1e+06 2.71109e+10 271109 3.99617e-05
1e+06 2.72152e+10 272152 3.81868e-05
1e+06 2.73199e+10 273199 3.64857e-05
1e+06 2.7425e+10 274250 3.48557e-05
1e+06 2.75304e+10 275304 3.32955e-05
1e+06 2.76363e+10 276363 3.17994e-05
1e+06 2.77426e+10 277426 3.03665e-05
1e+06 2.78493e+10 278493 2.89943e-05
1e+06 2.79565e+10 279565 2.76791e-05
1e+06 2.8064e+10 280640 2.64211e-05
1e+06 2.81719e+10 281719 2.5217e-05
1e+06 2.82803e+10 282803 2.40634e-05
1e+06 2.83891e+10 283891 2.29596e-05
1e+06 2.84983e+10 284983 2.19034e-05
1e+06 2.86079e+10 286079 2.08931e-05
1e+06 2.87179e+10 287179 1.99267e-05
1e+06 2.88284e+10 288284 1.90016e-05
1e+06 2.89392e+10 289392 1.81179e-05
1e+06 2.90506e+10 290506 1.72715e-05
1e+06 2.91623e+10 291623 1.64631e-05
1e+06 2.92745e+10 292745 1.56898e-05
1e+06 2.93871e+10 293871 1.49509e-05
1e+06 2.95001e+10 295001 1.42448e-05
1e+06 2.96136e+10 296136 1.35698e-05
1e+06 2.97275e+10 297275 1.2925e-05
1e+06 2.98418e+10 298418 1.23092e-05
1e+06 2.99566e+10 299566 1.17207e-05
1e+06 3.00718e+10 300718 1.11589e-05
1e+06 3.01875e+10 301875 1.06222e-05
1e+06 3.03036e+10 303036 1.011e-05
1e+06 3.04201e+10 304201 9.62117e-06
1e+06 3.05371e+10 305371 9.15443e-06
1e+06 3.06546e+10 306546 8.70881e-06
1e+06 3.07725e+10 307725 8.2838e-06
1e+06 3.08909e+10 308909 7.87816e-06
1e+06 3.10097e+10 310097 7.49141e-06
1e+06 3.11289e+10 311289 7.12272e-06
1e+06 3.12487e+10 312487 6.77072e-06
1e+06 3.13689e+10 313689 6.43528e-06
1e+06 3.14895e+10 314895 6.11566e-06
1e+06 3.16106e+10 316106 5.81093e-06
1e+06 3.17322e+10 317322 5.52043e-06
1e+06 3.18543e+10 318543 5.24355e-06
1e+06 3.19768e+10 319768 4.97991e-06
1e+06 3.20998e+10 320998 4.72872e-06
1e+06 3.22233e+10 322233 4.48943e-06
1e+06 3.23472e+10 323472 4.26169e-06
1e+06 3.24716e+10 324716 4.04483e-06
1e+06 3.25965e+10 325965 3.83834e-06
1e+06 3.27219e+10 327219 3.64177e-06
1e+06 3.28477e+10 328477 3.45483e-06
1e+06 3.29741e+10 329741 3.27679e-06
1e+06 3.31009e+10 331009 3.10753e-06
1e+06 3.32282e+10 332282 2.94651e-06
1e+06 3.3356e+10 333560 2.79336e-06
1e+06 3.34843e+10 334843 2.64772e-06
1e+06 3.36131e+10 336131 2.50925e-06
1e+06 3.37424e+10 337424 2.37762e-06
1e+06 3.38722e+10 338722 2.25252e-06
1e+06 3.40025e+10 340025 2.13363e-06
1e+06 3.41333e+10 341333 2.02068e-06
1e+06 3.42645e+10 342645 1.91347e-06
1e+06 3.43963e+10 343963 1.81157e-06
1e+06 3.45286e+10 345286 1.71481e-06
1e+06 3.46614e+10 346614 1.62294e-06
1e+06 3.47948e+10 347948 1.53567e-06
1e+06 3.49286e+10 349286 1.45291e-06
1e+06 3.50629e+10 350629 1.37439e-06
1e+06 3.51978e+10 351978 1.29983e-06
1e+06 3.53332e+10 353332 1.22912e-06
1e+06 3.54691e+10 354691 1.16205e-06
1e+06 3.56055e+10 356055 1.09847e-06
1e+06 3.57425e+10 357425 1.03814e-06
1e+06 3.58799e+10 358799 9.81011e-07
1e+06 3.60179e+10 360179 9.26831e-07
1e+06 3.61565e+10 361565 8.75461e-07
1e+06 3.62955e+10 362955 8.26836e-07
1e+06 3.64351e+10 364351 7.80751e-07
1e+06 3.65753e+10 365753 7.37082e-07
1e+06 3.6716e+10 367160 6.9574e-07
1e+06 3.68572e+10 368572 6.56608e-07
1e+06 3.69989e+10 369989 6.19576e-07
1e+06 3.71413e+10 371413 5.84488e-07
1e+06 3.72841e+10 372841 5.51319e-07
1e+06 3.74275e+10 374275 5.19926e-07
1e+06 3.75715e+10 375715 4.9022e-07
1e+06 3.7716e+10 377160 4.62135e-07
1e+06 3.78611e+10 378611 4.3557e-07
1e+06 3.80067e+10 380067 4.10465e-07
1e+06 3.81529e+10 381529 3.86728e-07
1e+06 3.82996e+10 382996 3.64304e-07
1e+06 3.84469e+10 384469 3.43111e-07
1e+06 3.85948e+10 385948 3.23085e-07
1e+06 3.87433e+10 387433 3.04166e-07
1e+06 3.88923e+10 388923 2.86308e-07
1e+06 3.90419e+10 390419 2.69444e-07
1e+06 3.9192e+10 391920 2.53533e-07
1e+06 3.93428e+10 393428 2.38503e-07
1e+06 3.94941e+10 394941 2.24328e-07
1e+06 3.9646e+10 396460 2.10953e-07
1e+06 3.97985e+10 397985 1.98335e-07
1e+06 3.99516e+10 399516 1.86435e-07
1e+06 4.01052e+10 401052 1.75221e-07
1e+06 4.02595e+10 402595 1.64641e-07
1e+06 4.04143e+10 404143 1.54676e-07
1e+06 4.05698e+10 405698 1.45279e-07
1e+06 4.07258e+10 407258 1.36431e-07
1e+06 4.08825e+10 408825 1.28092e-07
1e+06 4.10397e+10 410397 1.20243e-07
1e+06 4.11976e+10 411976 1.12848e-07
1e+06 4.1356e+10 413560 1.05891e-07
1e+06 4.15151e+10 415151 9.93394e-08
1e+06 4.16748e+10 416748 9.31748e-08
1e+06 4.18351e+10 418351 8.73755e-08
1e+06 4.1996e+10 419960 8.19212e-08
1e+06 4.21575e+10 421575 7.67923e-08
1e+06 4.23197e+10 423197 7.19676e-08
1e+06 4.24824e+10 424824 6.74356e-08
1e+06 4.26458e+10 426458 6.31742e-08
1e+06 4.28099e+10 428099 5.91683e-08
1e+06 4.29745e+10 429745 5.5408e-08
1e+06 4.31398e+10 431398 5.18746e-08
1e+06 4.33057e+10 433057 4.85572e-08
1e+06 4.34723e+10 434723 4.54416e-08
1e+06 4.36395e+10 436395 4.25177e-08
1e+06 4.38074e+10 438074 3.97729e-08
1e+06 4.39759e+10 439759 3.71983e-08
1e+06 4.4145e+10 441450 3.47838e-08
1e+06 4.43148e+10 443148 3.25187e-08
1e+06 4.44853e+10 444853 3.03943e-08
1e+06 4.46564e+10 446564 2.84034e-08
1e+06 4.48281e+10 448281 2.65381e-08
1e+06 4.50005e+10 450005 2.47898e-08
1e+06 4.51736e+10 451736 2.31517e-08
1e+06 4.53474e+10 453474 2.16171e-08
1e+06 4.55218e+10 455218 2.01806e-08
1e+06 4.56969e+10 456969 1.88355e-08
1e+06 4.58727e+10 458727 1.75764e-08
1e+06 4.60491e+10 460491 1.63986e-08
1e+06 4.62262e+10 462262 1.52966e-08
1e+06 4.6404e+10 464040 1.42657e-08
1e+06 4.65825e+10 465825 1.33016e-08
1e+06 4.67617e+10 467617 1.24001e-08
1e+06 4.69415e+10 469415 1.15579e-08
1e+06 4.71221e+10 471221 1.07704e-08
1e+06 4.73033e+10 473033 1.00351e-08
1e+06 4.74853e+10 474853 9.3478e-09
1e+06 4.76679e+10 476679 8.70634e-09
1e+06 4.78513e+10 478513 8.10714e-09
1e+06 4.80353e+10 480353 7.54815e-09
1e+06 4.82201e+10 482201 7.02625e-09
1e+06 4.84055e+10 484055 6.53962e-09
1e+06 4.85917e+10 485917 6.0855e-09
1e+06 4.87786e+10 487786 5.66206e-09
1e+06 4.89662e+10 489662 5.26732e-09
1e+06 4.91546e+10 491546 4.89924e-09
1e+06 4.93436e+10 493436 4.55647e-09
1e+06 4.95334e+10 495334 4.237e-09
1e+06 4.97239e+10 497239 3.9395e-09
1e+06 4.99152e+10 499152 3.66237e-09
1e+06 5.01072e+10 501072 3.40443e-09
1e+06 5.02999e+10 502999 3.1644e-09
1e+06 5.04934e+10 504934 2.94099e-09
1e+06 5.06876e+10 506876 2.7332e-09
1e+06 5.08825e+10 508825 2.54e-09
1e+06 5.10783e+10 510783 2.36023e-09
1e+06 5.12747e+10 512747 2.19324e-09
1e+06 5.14719e+10 514719 2.03802e-09
1e+06 5.16699e+10 516699 1.89378e-09
1e+06 5.18687e+10 518687 1.75977e-09
1e+06 5.20682e+10 520682 1.63537e-09
1e+06 5.22684e+10 522684 1.51991e-09
1e+06 5.24695e+10 524695 1.41268e-09
1e+06 5.26713e+10 526713 1.31321e-09
1e+06 5.28739e+10 528739 1.22093e-09
1e+06 5.30772e+10 530772 1.13538e-09
1e+06 5.32814e+10 532814 1.05601e-09
1e+06 5.34863e+10 534863 9.82469e-10
1e+06 5.3692e+10 536920 9.14313e-10
1e+06 5.38986e+10 538986 8.51137e-10
1e+06 5.41059e+10 541059 7.92648e-10
1e+06 5.4314e+10 543140 7.38488e-10
1e+06 5.45229e+10 545229 6.88351e-10
1e+06 5.47326e+10 547326 6.41951e-10
1e+06 5.49431e+10 549431 5.99021e-10
1e+06 5.51544e+10 551544 5.59314e-10
1e+06 5.53666e+10 553666 5.2258e-10
1e+06 5.55795e+10 555795 4.88639e-10
1e+06 5.57933e+10 557933 4.57258e-10
1e+06 5.60079e+10 560079 4.28265e-10
1e+06 5.62233e+10 562233 4.01487e-10
1e+06 5.64396e+10 564396 3.7675e-10
1e+06 5.66567e+10 566567 3.53916e-10
1e+06 5.68746e+10 568746 3.32844e-10
1e+06 5.70934e+10 570934 3.13396e-10
1e+06 5.73129e+10 573129 2.95468e-10
1e+06 5.75334e+10 575334 2.78923e-10
1e+06 5.77547e+10 577547 2.63673e-10
1e+06 5.79768e+10 579768 2.49621e-10
1e+06 5.81998e+10 581998 2.36672e-10
1e+06 5.84237e+10 584237 2.24741e-10
1e+06 5.86484e+10 586484 2.13757e-10
1e+06 5.8874e+10 588740 2.03643e-10
1e+06 5.91004e+10 591004 1.94338e-10
1e+06 5.93277e+10 593277 1.85776e-10
1e+06 5.95559e+10 595559 1.77899e-10
1e+06 5.9785e+10 597850 1.70655e-10
1e+06 6.00149e+10 600149 1.63999e-10
1e+06 6.02458e+10 602458 1.57878e-10
1e+06 6.04775e+10 604775 1.52257e-10
1e+06 6.07101e+10 607101 1.47094e-10
1e+06 6.09436e+10 609436 1.42354e-10
1e+06 6.1178e+10 611780 1.38003e-10
1e+06 6.14133e+10 614133 1.3401e-10
1e+06 6.16496e+10 616496 1.30345e-10
1e+06 6.18867e+10 618867 1.26986e-10
1e+06 6.21247e+10 621247 1.23907e-10
1e+06 6.23637e+10 623637 1.21084e-10
1e+06 6.26035e+10 626035 1.18498e-10
1e+06 6.28443e+10 628443 1.16129e-10
1e+06 6.3086e+10 630860 1.1396e-10
1e+06 6.33287e+10 633287 1.11974e-10
1e+06 6.35723e+10 635723 1.10157e-10
1e+06 6.38168e+10 638168 1.08494e-10
1e+06 6.40623e+10 640623 1.06974e-10
1e+06 6.43087e+10 643087 1.05584e-10
1e+06 6.4556e+10 645560 1.04314e-10
1e+06 6.48043e+10 648043 1.03153e-10
1e+06 6.50536e+10 650536 1.02093e-10
1e+06 6.53038e+10 653038 1.01125e-10
1e+06 6.5555e+10 655550 1.00241e-10
1e+06 6.58071e+10 658071 9.9435e-11
1e+06 6.60602e+10 660602 9.86817e-11
1e+06 6.63143e+10 663143 9.79429e-11
1e+06 6.65694e+10 665694 9.72012e-11
1e+06 6.68254e+10 668254 9.64569e-11
1e+06 6.70824e+10 670824 9.57096e-11
1e+06 6.73405e+10 673405 9.49592e-11
1e+06 6.75995e+10 675995 9.42061e-11
1e+06 6.78595e+10 678595 9.34502e-11
1e+06 6.81205e+10 681205 9.26913e-11
1e+06 6.83825e+10 683825 9.19295e-11
1e+06 6.86455e+10 686455 9.11648e-11
1e+06 6.89096e+10 689096 9.0397e-11
1e+06 6.91746e+10 691746 8.96264e-11
1e+06 6.94407e+10 694407 8.88527e-11
1e+06 6.97078e+10 697078 8.80761e-11
1e+06 6.99759e+10 699759 8.72966e-11
1e+06 7.0245e+10 702450 8.65142e-11
1e+06 7.05152e+10 705152 8.57286e-11
1e+06 7.07864e+10 707864 8.49401e-11
1e+06 7.10587e+10 710587 8.41483e-11
1e+06 7.1332e+10 713320 8.33537e-11
1e+06 7.16064e+10 716064 8.25559e-11
1e+06 7.18818e+10 718818 8.17551e-11
1e+06 7.21583e+10 721583 8.09512e-11
1e+06 7.24358e+10 724358 8.01443e-11
1e+06 7.27144e+10 727144 7.93343e-11
1e+06 7.29941e+10 729941 7.85211e-11
1e+06 7.32749e+10 732749 7.77046e-11
1e+06 7.35567e+10 735567 7.68853e-11
1e+06 7.38396e+10 738396 7.60627e-11
1e+06 7.41236e+10 741236 7.5237e-11
1e+06 7.44087e+10 744087 7.4408e-11
1e+06 7.46949e+10 746949 7.35759e-11
1e+06 7.49822e+10 749822 7.27406e-11
1e+06 7.52706e+10 752706 7.1902e-11
1e+06 7.55601e+10 755601 7.10603e-11
1e+06 7.58508e+10 758508 7.02151e-11
1e+06 7.61425e+10 761425 6.93669e-11
1e+06 7.64354e+10 764354 6.85153e-11
1e+06 7.67294e+10 767294 6.76605e-11
1e+06 7.70245e+10 770245 6.68025e-11
1e+06 7.73208e+10 773208 6.5941e-11
1e+06 7.76182e+10 776182 6.50762e-11
1e+06 7.79167e+10 779167 6.42083e-11
1e+06 7.82164e+10 782164 6.33369e-11
1e+06 7.85172e+10 785172 6.24624e-11
1e+06 7.88192e+10 788192 6.15843e-11
1e+06 7.91224e+10 791224 6.07027e-11
1e+06 7.94267e+10 794267 5.98179e-11
1e+06 7.97322e+10 797322 5.89297e-11
1e+06 8.00389e+10 800389 5.80379e-11
1e+06 8.03468e+10 803468 5.71427e-11
1e+06 8.06558e+10 806558 5.62443e-11
1e+06 8.0966e+10 809660 5.53423e-11
1e+06 8.12774e+10 812774 5.44369e-11
1e+06 8.15901e+10 815901 5.35277e-11
1e+06 8.19039e+10 819039 5.26153e-11
1e+06 8.22189e+10 822189 5.16995e-11
1e+06 8.25351e+10 825351 5.07801e-11
1e+06 8.28526e+10 828526 4.9857e-11
1e+06 8.31713e+10 831713 4.89303e-11
1e+06 8.34912e+10 834912 4.80002e-11
1e+06 8.38123e+10 838123 4.70666e-11
1e+06 8.41347e+10 841347 4.61292e-11
1e+06 8.44583e+10 844583 4.51883e-11
1e+06 8.47831e+10 847831 4.42439e-11
1e+06 8.51092e+10 851092 4.32958e-11
1e+06 8.54366e+10 854366 4.23438e-11
1e+06 8.57652e+10 857652 4.13884e-11
1e+06 8.60951e+10 860951 4.04292e-11
1e+06 8.64262e+10 864262 3.94665e-11
1e+06 8.67586e+10 867586 3.85001e-11
1e+06 8.70923e+10 870923 3.75298e-11
1e+06 8.74273e+10 874273 3.65558e-11
1e+06 8.77636e+10 877636 3.5578e-11
1e+06 8.81012e+10 881012 3.45964e-11
1e+06 8.844e+10 884400 3.36113e-11
1e+06 8.87802e+10 887802 3.26222e-11
1e+06 8.91217e+10 891217 3.16292e-11
1e+06 8.94645e+10 894645 3.06325e-11
1e+06 8.98086e+10 898086 2.9632e-11
1e+06 9.0154e+10 901540 2.86278e-11
1e+06 9.05008e+10 905008 2.76194e-11
1e+06 9.08489e+10 908489 2.66073e-11
1e+06 9.11983e+10 911983 2.55914e-11
1e+06 9.15491e+10 915491 2.45714e-11
1e+06 9.19012e+10 919012 2.35477e-11
1e+06 9.22547e+10 922547 2.25199e-11
1e+06 9.26095e+10 926095 2.14883e-11
1e+06 9.29657e+10 929657 2.04526e-11
1e+06 9.33233e+10 933233 1.94129e-11
1e+06 9.36822e+10 936822 1.83693e-11
1e+06 9.40426e+10 940426 1.73214e-11
1e+06 9.44043e+10 944043 1.62698e-11
1e+06 9.47674e+10 947674 1.52141e-11
1e+06 9.51319e+10 951319 1.41543e-11
1e+06 9.54978e+10 954978 1.30904e-11
1e+06 9.58651e+10 958651 1.20224e-11
1e+06 9.62338e+10 962338 1.09504e-11
1e+06 9.6604e+10 966040 9.87405e-12
1e+06 9.69755e+10 969755 8.79389e-12
1e+06 9.73485e+10 973485 7.70937e-12
1e+06 9.7723e+10 977230 6.6205e-12
1e+06 9.80988e+10 980988 5.52784e-12
1e+06 9.84762e+10 984762 4.43053e-12
1e+06 9.88549e+10 988549 3.32944e-12
1e+06 9.92352e+10 992352 2.2237e-12
1e+06 9.96168e+10 996168 1.11417e-12
1e+06 1e+11 1e+06 0

1e+07 1e+06 10 6.83386e+09
1e+07 1.00385e+06 10.0385 6.78152e+09
1e+07 1.00771e+06 10.0771 6.72965e+09
1e+07 1.01158e+06 10.1158 6.67824e+09
1e+07 1.01547e+06 10.1547 6.62716e+09
1e+07 1.01938e+06 10.1938 6.5764e+09
1e+07 1.0233e+06 10.233 6.5261e+09
1e+07 1.02724e+06 10.2724 6.47611e+09
1e+07 1.03119e+06 10.3119 6.42658e+09
1e+07 1.03515e+06 10.3515 6.37748e+09
1e+07 1.03914e+06 10.3914 6.32859e+09
1e+07 1.04313e+06 10.4313 6.28025e+09
1e+07 1.04714e+06 10.4714 6.23222e+09
1e+07 1.05117e+06 10.5117 6.18451e+09
1e+07 1.05522e+06 10.5522 6.13711e+09
1e+07 1.05927e+06 10.5927 6.09026e+09
1e+07 1.06335e+06 10.6335 6.04359e+09
1e+07 1.06744e+06 10.6744 5.99735e+09
1e+07 1.07154e+06 10.7154 5.95153e+09
1e+07 1.07567e+06 10.7567 5.9059e+09
1e+07 1.0798e+06 10.798 5.86079e+09
1e+07 1.08396e+06 10.8396 5.81588e+09
1e+07 1.08813e+06 10.8813 5.77137e+09
1e+07 1.09231e+06 10.9231 5.72727e+09
1e+07 1.09651e+06 10.9651 5.68346e+09
1e+07 1.10073e+06 11.0073 5.63995e+09
1e+07 1.10496e+06 11.0496 5.59684e+09
1e+07 1.10921e+06 11.0921 5.55401e+09
1e+07 1.11348e+06 11.1348 5.51148e+09
1e+07 1.11776e+06 11.1776 5.46934e+09
1e+07 1.12206e+06 11.2206 5.42749e+09
1e+07 1.12638e+06 11.2638 5.38592e+09
1e+07 1.13071e+06 11.3071 5.34473e+09
1e+07 1.13506e+06 11.3506 5.30383e+09
1e+07 1.13942e+06 11.3942 5.2633e+09
1e+07 1.14381e+06 11.4381 5.22296e+09
1e+07 1.14821e+06 11.4821 5.18299e+09
1e+07 1.15262e+06 11.5262 5.14339e+09
1e+07 1.15706e+06 11.5706 5.10398e+09
1e+07 1.16151e+06 11.6151 5.06493e+09
1e+07 1.16597e+06 11.6597 5.02624e+09
1e+07 1.17046e+06 11.7046 4.98774e+09
1e+07 1.17496e+06 11.7496 4.94959e+09
1e+07 1.17948e+06 11.7948 4.91171e+09
1e+07 1.18402e+06 11.8402 4.8741e+09
1e+07 1.18857e+06 11.8857 4.83684e+09
1e+07 1.19314e+06 11.9314 4.79985e+09
1e+07 1.19773e+06 11.9773 4.76312e+09
1e+07 1.20234e+06 12.0234 4.72665e+09
1e+07 1.20696e+06 12.0696 4.69051e+09
1e+07 1.21161e+06 12.1161 4.65457e+09
1e+07 1.21627e+06 12.1627 4.61895e+09
1e+07 1.22094e+06 12.2094 4.58367e+09
1e+07 1.22564e+06 12.2564 4.54857e+09
1e+07 1.23035e+06 12.3035 4.5138e+09
1e+07 1.23509e+06 12.3509 4.4792e+09
1e+07 1.23984e+06 12.3984 4.44494e+09
1e+07 1.24461e+06 12.4461 4.41092e+09
1e+07 1.24939e+06 12.4939 4.37721e+09
1e+07 1.2542e+06 12.542 4.34369e+09
1e+07 1.25902e+06 12.5902 4.31048e+09
1e+07 1.26386e+06 12.6386 4.27752e+09
1e+07 1.26873e+06 12.6873 4.24473e+09
1e+07 1.27361e+06 12.7361 4.21225e+09
1e+07 1.2785e+06 12.785 4.18007e+09
1e+07 1.28342e+06 12.8342 4.14807e+09
1e+07 1.28836e+06 12.8836 4.11631e+09
1e+07 1.29331e+06 12.9331 4.08485e+09
1e+07 1.29829e+06 12.9829 4.05356e+09
1e+07 1.30328e+06 13.0328 4.02256e+09
1e+07 1.30829e+06 13.0829 3.9918e+09
1e+07 1.31333e+06 13.1333 3.96121e+09
1e+07 1.31838e+06 13.1838 3.93091e+09
1e+07 1.32345e+06 13.2345 3.90083e+09
1e+07 1.32854e+06 13.2854 3.87099e+09
1e+07 1.33365e+06 13.3365 3.84137e+09
1e+07 1.33878e+06 13.3878 3.81197e+09
1e+07 1.34393e+06 13.4393 3.7828e+09
1e+07 1.3491e+06 13.491 3.75385e+09
1e+07 1.35429e+06 13.5429 3.72512e+09
1e+07 1.3595e+06 13.595 3.69661e+09
1e+07 1.36472e+06 13.6472 3.66837e+09
1e+07 1.36997e+06 13.6997 3.6403e+09
1e+07 1.37524e+06 13.7524 3.61244e+09
1e+07 1.38053e+06 13.8053 3.5848e+09
1e+07 1.38584e+06 13.8584 3.55736e+09
1e+07 1.39117e+06 13.9117 3.53015e+09
1e+07 1.39652e+06 13.9652 3.50314e+09
1e+07 1.4019e+06 14.019 3.47629e+09
1e+07 1.40729e+06 14.0729 3.4497e+09
1e+07 1.4127e+06 14.127 3.42332e+09
1e+07 1.41813e+06 14.1813 3.39714e+09
1e+07 1.42359e+06 14.2359 3.37112e+09
1e+07 1.42906e+06 14.2906 3.34535e+09
1e+07 1.43456e+06 14.3456 3.31973e+09
1e+07 1.44008e+06 14.4008 3.29432e+09
1e+07 1.44562e+06 14.4562 3.26911e+09
1e+07 1.45118e+06 14.5118 3.24409e+09
1e+07 1.45676e+06 14.5676 3.21927e+09
1e+07 1.46236e+06 14.6236 3.19465e+09
1e+07 1.46799e+06 14.6799 3.17019e+09
1e+07 1.47363e+06 14.7363 3.14595e+09
1e+07 1.4793e+06 14.793 3.12187e+09
1e+07 1.48499e+06 14.8499 3.09798e+09
1e+07 1.4907e+06 14.907 3.07428e+09
1e+07 1.49644e+06 14.9644 3.05073e+09
1e+07 1.50219e+06 15.0219 3.02741e+09
1e+07 1.50797e+06 15.0797 3.00424e+09
1e+07 1.51377e+06 15.1377 2.98125e+09
1e+07 1.51959e+06 15.1959 2.95844e+09
1e+07 1.52544e+06 15.2544 2.93578e+09
1e+07 1.5313e+06 15.313 2.91335e+09
1e+07 1.53719e+06 15.3719 2.89105e+09
1e+07 1.54311e+06 15.4311 2.8689e+09
1e+07 1.54904e+06 15.4904 2.84697e+09
1e+07 1.555e+06 15.55 2.82517e+09
1e+07 1.56098e+06 15.6098 2.80356e+09
1e+07 1.56699e+06 15.6699 2.78208e+09
1e+07 1.57301e+06 15.7301 2.76082e+09
1e+07 1.57906e+06 15.7906 2.73969e+09
1e+07 1.58514e+06 15.8514 2.7187e+09
1e+07 1.59123e+06 15.9123 2.69792e+09
1e+07 1.59735e+06 15.9735 2.67728e+09
1e+07 1.6035e+06 16.035 2.65677e+09
1e+07 1.60967e+06 16.0967 2.63643e+09
1e+07 1.61586e+06 16.1586 2.61626e+09
1e+07 1.62207e+06 16.2207 2.59625e+09
1e+07 1.62831e+06 16.2831 2.57638e+09
1e+07 1.63457e+06 16.3457 2.55668e+09
1e+07 1.64086e+06 16.4086 2.5371e+09
1e+07 1.64717e+06 16.4717 2.51769e+09
1e+07 1.65351e+06 16.5351 2.49841e+09
1e+07 1.65987e+06 16.5987 2.47929e+09
1e+07 1.66625e+06 16.6625 2.46033e+09
1e+07 1.67266e+06 16.7266 2.4415e+09
1e+07 1.67909e+06 16.7909 2.42283e+09
1e+07 1.68555e+06 16.8555 2.40428e+09
1e+07 1.69204e+06 16.9204 2.38586e+09
1e+07 1.69854e+06 16.9854 2.36762e+09
1e+07 1.70508e+06 17.0508 2.34949e+09
1e+07 1.71163e+06 17.1163 2.33153e+09
1e+07 1.71822e+06 17.1822 2.31367e+09
1e+07 1.72483e+06 17.2483 2.29596e+09
1e+07 1.73146e+06 17.3146 2.2784e+09
1e+07 1.73812e+06 17.3812 2.26096e+09
1e+07 1.74481e+06 17.4481 2.24365e+09
1e+07 1.75152e+06 17.5152 2.22648e+09
1e+07 1.75825e+06 17.5825 2.20946e+09
1e+07 1.76502e+06 17.6502 2.19253e+09
1e+07 1.77181e+06 17.7181 2.17575e+09
1e+07 1.77862e+06 17.7862 2.15911e+09
1e+07 1.78546e+06 17.8546 2.14259e+09
1e+07 1.79233e+06 17.9233 2.12619e+09
1e+07 1.79922e+06 17.9922 2.10992e+09
1e+07 1.80614e+06 18.0614 2.09378e+09
1e+07 1.81309e+06 18.1309 2.07775e+09
1e+07 1.82006e+06 18.2006 2.06185e+09
1e+07 1.82706e+06 18.2706 2.04608e+09
1e+07 1.83409e+06 18.3409 2.03041e+09
1e+07 1.84115e+06 18.4115 2.01486e+09
1e+07 1.84823e+06 18.4823 1.99944e+09
1e+07 1.85534e+06 18.5534 1.98414e+09
1e+07 1.86247e+06 18.6247 1.96897e+09
1e+07 1.86964e+06 18.6964 1.95389e+09
1e+07 1.87683e+06 18.7683 1.93893e+09
1e+07 1.88405e+06 18.8405 1.92409e+09
1e+07 1.89129e+06 18.9129 1.90938e+09
1e+07 1.89857e+06 18.9857 1.89476e+09
1e+07 1.90587e+06 19.0587 1.88026e+09
1e+07 1.9132e+06 19.132 1.86587e+09
1e+07 1.92056e+06 19.2056 1.85159e+09
1e+07 1.92795e+06 19.2795 1.83741e+09
1e+07 1.93536e+06 19.3536 1.82336e+09
1e+07 1.94281e+06 19.4281 1.80939e+09
1e+07 1.95028e+06 19.5028 1.79555e+09
1e+07 1.95778e+06 19.5778 1.78181e+09
1e+07 1.96531e+06 19.6531 1.76818e+09
1e+07 1.97287e+06 19.7287 1.75464e+09
1e+07 1.98046e+06 19.8046 1.74121e+09
1e+07 1.98808e+06 19.8808 1.72788e+09
1e+07 1.99572e+06 19.9572 1.71467e+09
1e+07 2.0034e+06 20.034 1.70154e+09
1e+07 2.0111e+06 20.111 1.68852e+09
1e+07 2.01884e+06 20.1884 1.67559e+09
1e+07 2.0266e+06 20.266 1.66278e+09
1e+07 2.0344e+06 20.344 1.65004e+09
1e+07 2.04222e+06 20.4222 1.63742e+09
1e+07 2.05008e+06 20.5008 1.62488e+09
1e+07 2.05796e+06 20.5796 1.61245e+09
1e+07 2.06588e+06 20.6588 1.6001e+09
1e+07 2.07383e+06 20.7383 1.58785e+09
1e+07 2.0818e+06 20.818 1.57571e+09
1e+07 2.08981e+06 20.8981 1.56364e+09
1e+07 2.09785e+06 20.9785 1.55167e+09
1e+07 2.10592e+06 21.0592 1.5398e+09
1e+07 2.11402e+06 21.1402 1.52801e+09
1e+07 2.12215e+06 21.2215 1.51632e+09
1e+07 2.13031e+06 21.3031 1.50471e+09
1e+07 2.1385e+06 21.385 1.4932e+09
1e+07 2.14673e+06 21.4673 1.48177e+09
1e+07 2.15499e+06 21.5499 1.47042e+09
1e+07 2.16327e+06 21.6327 1.45918e+09
1e+07 2.1716e+06 21.716 1.448e+09
1e+07 2.17995e+06 21.7995 1.43692e+09
1e+07 2.18833e+06 21.8833 1.42593e+09
1e+07 2.19675e+06 21.9675 1.41501e+09
1e+07 2.2052e+06 22.052 1.40418e+09
1e+07 2.21368e+06 22.1368 1.39343e+09
1e+07 2.2222e+06 22.222 1.38276e+09
1e+07 2.23074e+06 22.3074 1.37219e+09
1e+07 2.23932e+06 22.3932 1.36168e+09
1e+07 2.24794e+06 22.4794 1.35125e+09
1e+07 2.25658e+06 22.5658 1.34092e+09
1e+07 2.26526e+06 22.6526 1.33065e+09
1e+07 2.27397e+06 22.7397 1.32047e+09
1e+07 2.28272e+06 22.8272 1.31036e+09
1e+07 2.2915e+06 22.915 1.30033e+09
1e+07 2.30031e+06 23.0031 1.29038e+09
1e+07 2.30916e+06 23.0916 1.2805e+09
1e+07 2.31804e+06 23.1804 1.2707e+09
1e+07 2.32696e+06 23.2696 1.26097e+09
1e+07 2.33591e+06 23.3591 1.25132e+09
1e+07 2.34489e+06 23.4489 1.24175e+09
1e+07 2.35391e+06 23.5391 1.23224e+09
1e+07 2.36297e+06 23.6297 1.2228e+09
1e+07 2.37206e+06 23.7206 1.21344e+09
1e+07 2.38118e+06 23.8118 1.20416e+09
1e+07 2.39034e+06 23.9034 1.19494e+09
1e+07 2.39953e+06 23.9953 1.1858e+09
1e+07 2.40876e+06 24.0876 1.17672e+09
1e+07 2.41803e+06 24.1803 1.16771e+09
1e+07 2.42733e+06 24.2733 1.15877e+09
1e+07 2.43666e+06 24.3666 1.1499e+09
1e+07 2.44604e+06 24.4604 1.14109e+09
1e+07 2.45544e+06 24.5544 1.13237e+09
1e+07 2.46489e+06 24.6489 1.12369e+09
1e+07 2.47437e+06 24.7437 1.11509e+09
1e+07 2.48389e+06 24.8389 1.10656e+09
1e+07 2.49344e+06 24.9344 1.09809e+09
1e+07 2.50303e+06 25.0303 1.08968e+09
1e+07 2.51266e+06 25.1266 1.08134e+09
1e+07 2.52232e+06 25.2232 1.07307e+09
1e+07 2.53202e+06 25.3202 1.06485e+09
1e+07 2.54176e+06 25.4176 1.0567e+09
1e+07 2.55154e+06 25.5154 1.04861e+09
1e+07 2.56135e+06 25.6135 1.04059e+09
1e+07 2.57121e+06 25.7121 1.03261e+09
1e+07 2.58109e+06 25.8109 1.02472e+09
1e+07 2.59102e+06 25.9102 1.01687e+09
1e+07 2.60099e+06 26.0099 1.00908e+09
1e+07 2.61099e+06 26.1099 1.00136e+09
1e+07 2.62104e+06 26.2104 9.9369e+08
1e+07 2.63112e+06 26.3112 9.86085e+08
1e+07 2.64124e+06 26.4124 9.78536e+08
1e+07 2.6514e+06 26.514 9.71044e+08
1e+07 2.66159e+06 26.6159 9.63617e+08
1e+07 2.67183e+06 26.7183 9.56238e+08
1e+07 2.68211e+06 26.8211 9.48916e+08
1e+07 2.69242e+06 26.9242 9.41656e+08
1e+07 2.70278e+06 27.0278 9.34444e+08
1e+07 2.71318e+06 27.1318 9.27288e+08
1e+07 2.72361e+06 27.2361 9.20193e+08
1e+07 2.73409e+06 27.3409 9.13146e+08
1e+07 2.7446e+06 27.446 9.0616e+08
1e+07 2.75516e+06 27.5516 8.9922e+08
1e+07 2.76576e+06 27.6576 8.92335e+08
1e+07 2.77639e+06 27.7639 8.85508e+08
1e+07 2.78707e+06 27.8707 8.78729e+08
1e+07 2.79779e+06 27.9779 8.72002e+08
1e+07 2.80855e+06 28.0855 8.65327e+08
1e+07 2.81936e+06 28.1936 8.58698e+08
1e+07 2.8302e+06 28.302 8.52126e+08
1e+07 2.84109e+06 28.4109 8.456e+08
1e+07 2.85201e+06 28.5201 8.39131e+08
1e+07 2.86298e+06 28.6298 8.32707e+08
1e+07 2.874e+06 28.74 8.26327e+08
1e+07 2.88505e+06 28.8505 8.20003e+08
1e+07 2.89615e+06 28.9615 8.13724e+08
1e+07 2.90729e+06 29.0729 8.07494e+08
1e+07 2.91847e+06 29.1847 8.01313e+08
1e+07 2.92969e+06 29.2969 7.95181e+08
1e+07 2.94096e+06 29.4096 7.89093e+08
1e+07 2.95227e+06 29.5227 7.83052e+08
1e+07 2.96363e+06 29.6363 7.77055e+08
1e+07 2.97503e+06 29.7503 7.71105e+08
1e+07 2.98647e+06 29.8647 7.65203e+08
1e+07 2.99796e+06 29.9796 7.59343e+08
1e+07 3.00949e+06 30.0949 7.5353e+08
1e+07 3.02106e+06 30.2106 7.47764e+08
1e+07 3.03268e+06 30.3268 7.42039e+08
1e+07 3.04435e+06 30.4435 7.36355e+08
1e+07 3.05606e+06 30.5606 7.30717e+08
1e+07 3.06781e+06 30.6781 7.25125e+08
1e+07 3.07961e+06 30.7961 7.19573e+08
1e+07 3.09146e+06 30.9146 7.14062e+08
1e+07 3.10335e+06 31.0335 7.08595e+08
1e+07 3.11529e+06 31.1529 7.03168e+08
1e+07 3.12727e+06 31.2727 6.97785e+08
1e+07 3.1393e+06 31.393 6.92442e+08
1e+07 3.15137e+06 31.5137 6.87143e+08
1e+07 3.16349e+06 31.6349 6.81882e+08
1e+07 3.17566e+06 31.7566 6.7666e+08
1e+07 3.18787e+06 31.8787 6.71481e+08
1e+07 3.20014e+06 32.0014 6.66337e+08
1e+07 3.21244e+06 32.1244 6.61238e+08
1e+07 3.2248e+06 32.248 6.56174e+08
1e+07 3.2372e+06 32.372 6.51151e+08
1e+07 3.24966e+06 32.4966 6.46162e+08
1e+07 3.26215e+06 32.6215 6.41218e+08
1e+07 3.2747e+06 32.747 6.36308e+08
1e+07 3.2873e+06 32.873 6.31434e+08
1e+07 3.29994e+06 32.9994 6.26601e+08
1e+07 3.31263e+06 33.1263 6.21804e+08
1e+07 3.32537e+06 33.2537 6.17043e+08
1e+07 3.33817e+06 33.3817 6.12315e+08
1e+07 3.351e+06 33.51 6.0763e+08
1e+07 3.36389e+06 33.6389 6.02977e+08
1e+07 3.37683e+06 33.7683 5.9836e+08
1e+07 3.38982e+06 33.8982 5.93778e+08
1e+07 3.40286e+06 34.0286 5.8923e+08
1e+07 3.41595e+06 34.1595 5.84718e+08
1e+07 3.42909e+06 34.2909 5.8024e+08
1e+07 3.44228e+06 34.4228 5.75797e+08
1e+07 3.45552e+06 34.5552 5.71388e+08
1e+07 3.46881e+06 34.6881 5.67013e+08
1e+07 3.48215e+06 34.8215 5.62672e+08
1e+07 3.49554e+06 34.9554 5.58365e+08
1e+07 3.50899e+06 35.0899 5.54088e+08
1e+07 3.52248e+06 35.2248 5.49847e+08
1e+07 3.53603e+06 35.3603 5.45636e+08
1e+07 3.54963e+06 35.4963 5.41458e+08
1e+07 3.56329e+06 35.6329 5.3731e+08
1e+07 3.57699e+06 35.7699 5.33197e+08
1e+07 3.59075e+06 35.9075 5.29114e+08
1e+07 3.60456e+06 36.0456 5.25062e+08
1e+07 3.61842e+06 36.1842 5.21043e+08
1e+07 3.63234e+06 36.3234 5.17052e+08
1e+07 3.64631e+06 36.4631 5.13093e+08
1e+07 3.66034e+06 36.6034 5.09162e+08
1e+07 3.67442e+06 36.7442 5.05263e+08
1e+07 3.68855e+06 36.8855 5.01395e+08
1e+07 3.70274e+06 37.0274 4.97554e+08
1e+07 3.71698e+06 37.1698 4.93745e+08
1e+07 3.73128e+06 37.3128 4.89963e+08
1e+07 3.74563e+06 37.4563 4.86211e+08
1e+07 3.76003e+06 37.6003 4.8249e+08
1e+07 3.7745e+06 37.745 4.78793e+08
1e+07 3.78901e+06 37.8901 4.75128e+08
1e+07 3.80359e+06 38.0359 4.71488e+08
1e+07 3.81822e+06 38.1822 4.67877e+08
1e+07 3.8329e+06 38.329 4.64296e+08
1e+07 3.84765e+06 38.4765 4.60738e+08
1e+07 3.86244e+06 38.6244 4.57212e+08
1e+07 3.8773e+06 38.773 4.5371e+08
1e+07 3.89221e+06 38.9221 4.50236e+08
1e+07 3.90718e+06 39.0718 4.46788e+08
1e+07 3.92221e+06 39.2221 4.43366e+08
1e+07 3.9373e+06 39.373 4.39969e+08
1e+07 3.95244e+06 39.5244 4.36601e+08
1e+07 3.96765e+06 39.6765 4.33255e+08
1e+07 3.98291e+06 39.8291 4.29938e+08
1e+07 3.99823e+06 39.9823 4.26645e+08
1e+07 4.0136e+06 40.136 4.23379e+08
1e+07 4.02904e+06 40.2904 4.20136e+08
1e+07 4.04454e+06 40.4454 4.16918e+08
1e+07 4.06009e+06 40.6009 4.13726e+08
1e+07 4.07571e+06 40.7571 4.10557e+08
1e+07 4.09139e+06 40.9139 4.07412e+08
1e+07 4.10712e+06 41.0712 4.04293e+08
1e+07 4.12292e+06 41.2292 4.01196e+08
1e+07 4.13878e+06 41.3878 3.98123e+08
1e+07 4.1547e+06 41.547 3.95073e+08
1e+07 4.17068e+06 41.7068 3.92047e+08
1e+07 4.18672e+06 41.8672 3.89045e+08
1e+07 4.20282e+06 42.0282 3.86066e+08
1e+07 4.21899e+06 42.1899 3.83108e+08
1e+07 4.23522e+06 42.3522 3.80174e+08
1e+07 4.25151e+06 42.5151 3.77262e+08
1e+07 4.26786e+06 42.6786 3.74373e+08
1e+07 4.28427e+06 42.8427 3.71506e+08
1e+07 4.30075e+06 43.0075 3.68661e+08
1e+07 4.3173e+06 43.173 3.65835e+08
1e+07 4.3339e+06 43.339 3.63034e+08
1e+07 4.35057e+06 43.5057 3.60254e+08
1e+07 4.3673e+06 43.673 3.57495e+08
1e+07 4.3841e+06 43.841 3.54756e+08
1e+07 4.40096e+06 44.0096 3.52039e+08
1e+07 4.41789e+06 44.1789 3.49343e+08
1e+07 4.43488e+06 44.3488 3.46667e+08
1e+07 4.45194e+06 44.5194 3.44012e+08
1e+07 4.46907e+06 44.6907 3.41376e+08
1e+07 4.48626e+06 44.8626 3.38761e+08
1e+07 4.50351e+06 45.0351 3.36167e+08
1e+07 4.52083e+06 45.2083 3.33592e+08
1e+07 4.53822e+06 45.3822 3.31036e+08
1e+07 4.55568e+06 45.5568 3.285e+08
1e+07 4.5732e+06 45.732 3.25984e+08
1e+07 4.59079e+06 45.9079 3.23487e+08
1e+07 4.60845e+06 46.0845 3.21009e+08
1e+07 4.62617e+06 46.2617 3.18551e+08
1e+07 4.64397e+06 46.4397 3.1611e+08
1e+07 4.66183e+06 46.6183 3.13688e+08
1e+07 4.67976e+06 46.7976 3.11286e+08
1e+07 4.69776e+06 46.9776 3.08901e+08
1e+07 4.71583e+06 47.1583 3.06535e+08
1e+07 4.73397e+06 47.3397 3.04186e+08
1e+07 4.75217e+06 47.5217 3.01857e+08
1e+07 4.77045e+06 47.7045 2.99544e+08
1e+07 4.7888e+06 47.888 2.9725e+08
1e+07 4.80722e+06 48.0722 2.94972e+08
1e+07 4.82571e+06 48.2571 2.92713e+08
1e+07 4.84427e+06 48.4427 2.90471e+08
1e+07 4.8629e+06 48.629 2.88246e+08
1e+07 4.88161e+06 48.8161 2.86037e+08
1e+07 4.90038e+06 49.0038 2.83846e+08
1e+07 4.91923e+06 49.1923 2.81672e+08
1e+07 4.93815e+06 49.3815 2.79514e+08
1e+07 4.95715e+06 49.5715 2.77372e+08
1e+07 4.97621e+06 49.7621 2.75248e+08
1e+07 4.99535e+06 49.9535 2.73139e+08
1e+07 5.01457e+06 50.1457 2.71046e+08
1e+07 5.03385e+06 50.3385 2.6897e+08
1e+07 5.05322e+06 50.5322 2.66909e+08
1e+07 5.07265e+06 50.7265 2.64864e+08
1e+07 5.09216e+06 50.9216 2.62835e+08
1e+07 5.11175e+06 51.1175 2.60821e+08
1e+07 5.13141e+06 51.3141 2.58823e+08
1e+07 5.15115e+06 51.5115 2.5684e+08
1e+07 5.17096e+06 51.7096 2.54872e+08
1e+07 5.19085e+06 51.9085 2.5292e+08
1e+07 5.21081e+06 52.1081 2.50982e+08
1e+07 5.23086e+06 52.3086 2.49059e+08
1e+07 5.25098e+06 52.5098 2.4715e+08
1e+07 5.27117e+06 52.7117 2.45257e+08
1e+07 5.29145e+06 52.9145 2.43378e+08
1e+07 5.3118e+06 53.118 2.41513e+08
1e+07 5.33223e+06 53.3223 2.39663e+08
1e+07 5.35274e+06 53.5274 2.37827e+08
1e+07 5.37333e+06 53.7333 2.36004e+08
1e+07 5.394e+06 53.94 2.34196e+08
1e+07 5.41474e+06 54.1474 2.32402e+08
1e+07 5.43557e+06 54.3557 2.30621e+08
1e+07 5.45648e+06 54.5648 2.28854e+08
1e+07 5.47746e+06 54.7746 2.27101e+08
1e+07 5.49853e+06 54.9853 2.2536e+08
1e+07 5.51968e+06 55.1968 2.23634e+08
1e+07 5.54091e+06 55.4091 2.2192e+08
1e+07 5.56222e+06 55.6222 2.2022e+08
1e+07 5.58362e+06 55.8362 2.18532e+08
1e+07 5.60509e+06 56.0509 2.16858e+08
1e+07 5.62665e+06 56.2665 2.15196e+08
1e+07 5.64829e+06 56.4829 2.13547e+08
1e+07 5.67002e+06 56.7002 2.11911e+08
1e+07 5.69183e+06 56.9183 2.10287e+08
1e+07 5.71372e+06 57.1372 2.08675e+08
1e+07 5.7357e+06 57.357 2.07076e+08
1e+07 5.75776e+06 57.5776 2.05489e+08
1e+07 5.7799e+06 57.799 2.03915e+08
1e+07 5.80214e+06 58.0214 2.02352e+08
1e+07 5.82445e+06 58.2445 2.00802e+08
1e+07 5.84685e+06 58.4685 1.99263e+08
1e+07 5.86934e+06 58.6934 1.97736e+08
1e+07 5.89192e+06 58.9192 1.96221e+08
1e+07 5.91458e+06 59.1458 1.94717e+08
1e+07 5.93733e+06 59.3733 1.93225e+08
1e+07 5.96017e+06 59.6017 1.91744e+08
1e+07 5.98309e+06 59.8309 1.90275e+08
1e+07 6.0061e+06 60.061 1.88817e+08
1e+07 6.02921e+06 60.2921 1.87369e+08
1e+07 6.0524e+06 60.524 1.85933e+08
1e+07 6.07567e+06 60.7567 1.84509e+08
1e+07 6.09904e+06 60.9904 1.83095e+08
1e+07 6.1225e+06 61.225 1.81691e+08
1e+07 6.14605e+06 61.4605 1.80299e+08
1e+07 6.16969e+06 61.6969 1.78917e+08
1e+07 6.19342e+06 61.9342 1.77546e+08
1e+07 6.21724e+06 62.1724 1.76185e+08
1e+07 6.24116e+06 62.4116 1.74835e+08
1e+07 6.26516e+06 62.6516 1.73495e+08
1e+07 6.28926e+06 62.8926 1.72165e+08
1e+07 6.31345e+06 63.1345 1.70846e+08
1e+07 6.33773e+06 63.3773 1.69536e+08
1e+07 6.36211e+06 63.6211 1.68237e+08
1e+07 6.38658e+06 63.8658 1.66947e+08
1e+07 6.41115e+06 64.1115 1.65668e+08
1e+07 6.4358e+06 64.358 1.64398e+08
1e+07 6.46056e+06 64.6056 1.63138e+08
1e+07 6.48541e+06 64.8541 1.61887e+08
1e+07 6.51035e+06 65.1035 1.60647e+08
1e+07 6.53539e+06 65.3539 1.59416e+08
1e+07 6.56053e+06 65.6053 1.58193e+08
1e+07 6.58576e+06 65.8576 1.56981e+08
1e+07 6.6111e+06 66.111 1.55777e+08
1e+07 6.63652e+06 66.3652 1.54584e+08
1e+07 6.66205e+06 66.6205 1.53399e+08
1e+07 6.68767e+06 66.8767 1.52223e+08
1e+07 6.7134e+06 67.134 1.51056e+08
1e+07 6.73922e+06 67.3922 1.49898e+08
1e+07 6.76514e+06 67.6514 1.48749e+08
1e+07 6.79116e+06 67.9116 1.47609e+08
1e+07 6.81728e+06 68.1728 1.46477e+08
1e+07 6.8435e+06 68.435 1.45355e+08
1e+07 6.86982e+06 68.6982 1.4424e+08
1e+07 6.89625e+06 68.9625 1.43134e+08
1e+07 6.92277e+06 69.2277 1.42037e+08
1e+07 6.9494e+06 69.494 1.40948e+08
1e+07 6.97613e+06 69.7613 1.39868e+08
1e+07 7.00296e+06 70.0296 1.38796e+08
1e+07 7.0299e+06 70.299 1.37732e+08
1e+07 7.05694e+06 70.5694 1.36676e+08
1e+07 7.08408e+06 70.8408 1.35628e+08
1e+07 7.11133e+06 71.1133 1.34588e+08
1e+07 7.13868e+06 71.3868 1.33556e+08
1e+07 7.16614e+06 71.6614 1.32532e+08
1e+07 7.1937e+06 71.937 1.31517e+08
1e+07 7.22137e+06 72.2137 1.30508e+08
1e+07 7.24914e+06 72.4914 1.29508e+08
1e+07 7.27703e+06 72.7703 1.28515e+08
1e+07 7.30502e+06 73.0502 1.27529e+08
1e+07 7.33311e+06 73.3311 1.26552e+08
1e+07 7.36132e+06 73.6132 1.25582e+08
1e+07 7.38963e+06 73.8963 1.24619e+08
1e+07 7.41806e+06 74.1806 1.23663e+08
1e+07 7.44659e+06 74.4659 1.22715e+08
1e+07 7.47523e+06 74.7523 1.21774e+08
1e+07 7.50398e+06 75.0398 1.20841e+08
1e+07 7.53284e+06 75.3284 1.19914e+08
1e+07 7.56182e+06 75.6182 1.18995e+08
1e+07 7.5909e+06 75.909 1.18082e+08
1e+07 7.6201e+06 76.201 1.17177e+08
1e+07 7.64941e+06 76.4941 1.16278e+08
1e+07 7.67883e+06 76.7883 1.15387e+08
1e+07 7.70837e+06 77.0837 1.14502e+08
1e+07 7.73801e+06 77.3801 1.13624e+08
1e+07 7.76778e+06 77.6778 1.12753e+08
1e+07 7.79765e+06 77.9765 1.11888e+08
1e+07 7.82765e+06 78.2765 1.1103e+08
1e+07 7.85775e+06 78.5775 1.10179e+08
1e+07 7.88798e+06 78.8798 1.09334e+08
1e+07 7.91832e+06 79.1832 1.08495e+08
1e+07 7.94877e+06 79.4877 1.07664e+08
1e+07 7.97935e+06 79.7935 1.06838e+08
1e+07 8.01004e+06 80.1004 1.06019e+08
1e+07 8.04085e+06 80.4085 1.05206e+08
1e+07 8.07177e+06 80.7177 1.04399e+08
1e+07 8.10282e+06 81.0282 1.03598e+08
1e+07 8.13399e+06 81.3399 1.02804e+08
1e+07 8.16527e+06 81.6527 1.02015e+08
1e+07 8.19668e+06 81.9668 1.01233e+08
1e+07 8.2282e+06 82.282 1.00457e+08
1e+07 8.25985e+06 82.5985 9.96863e+07
1e+07 8.29162e+06 82.9162 9.89218e+07
1e+07 8.32352e+06 83.2352 9.8163e+07
1e+07 8.35553e+06 83.5553 9.74102e+07
1e+07 8.38767e+06 83.8767 9.66631e+07
1e+07 8.41993e+06 84.1993 9.59218e+07
1e+07 8.45231e+06 84.5231 9.51862e+07
1e+07 8.48482e+06 84.8482 9.44562e+07
1e+07 8.51746e+06 85.1746 9.37316e+07
1e+07 8.55022e+06 85.5022 9.30127e+07
1e+07 8.58311e+06 85.8311 9.22992e+07
1e+07 8.61612e+06 86.1612 9.15914e+07
1e+07 8.64926e+06 86.4926 9.08889e+07
1e+07 8.68253e+06 86.8253 9.01917e+07
1e+07 8.71592e+06 87.1592 8.95e+07
1e+07 8.74945e+06 87.4945 8.88134e+07
1e+07 8.7831e+06 87.831 8.81322e+07
1e+07 8.81688e+06 88.1688 8.74562e+07
1e+07 8.8508e+06 88.508 8.67853e+07
1e+07 8.88484e+06 88.8484 8.61196e+07
1e+07 8.91901e+06 89.1901 8.54591e+07
1e+07 8.95332e+06 89.5332 8.48034e+07
1e+07 8.98775e+06 89.8775 8.41531e+07
1e+07 9.02232e+06 90.2232 8.35075e+07
1e+07 9.05703e+06 90.5703 8.28668e+07
1e+07 9.09186e+06 90.9186 8.22312e+07
1e+07 9.12683e+06 91.2683 8.16004e+07
1e+07 9.16194e+06 91.6194 8.09743e+07
1e+07 9.19718e+06 91.9718 8.03531e+07
1e+07 9.23255e+06 92.3255 7.97368e+07
1e+07 9.26806e+06 92.6806 7.91251e+07
1e+07 9.30371e+06 93.0371 7.8518e+07
1e+07 9.3395e+06 93.395 7.79155e+07
1e+07 9.37542e+06 93.7542 7.73178e+07
1e+07 9.41148e+06 94.1148 7.67247e+07
1e+07 9.44768e+06 94.4768 7.6136e+07
1e+07 9.48402e+06 94.8402 7.55519e+07
1e+07 9.5205e+06 95.205 7.49722e+07
1e+07 9.55711e+06 95.5711 7.43971e+07
1e+07 9.59387e+06 95.9387 7.38263e+07
1e+07 9.63077e+06 96.3077 7.32599e+07
1e+07 9.66782e+06 96.6782 7.26977e+07
1e+07 9.705e+06 97.05 7.214e+07
1e+07 9.74233e+06 97.4233 7.15864e+07
1e+07 9.7798e+06 97.798 7.10372e+07
1e+07 9.81742e+06 98.1742 7.0492e+07
1e+07 9.85518e+06 98.5518 6.99512e+07
1e+07 9.89309e+06 98.9309 6.94144e+07
1e+07 9.93114e+06 99.3114 6.88817e+07
1e+07 9.96934e+06 99.6934 6.83532e+07
1e+07 1.00077e+07 100.077 6.78285e+07
1e+07 1.00462e+07 100.462 6.73079e+07
1e+07 1.00848e+07 100.848 6.67919e+07
1e+07 1.01236e+07 101.236 6.62792e+07
1e+07 1.01625e+07 101.625 6.57711e+07
1e+07 1.02016e+07 102.016 6.52662e+07
1e+07 1.02409e+07 102.409 6.47646e+07
1e+07 1.02803e+07 102.803 6.42675e+07
1e+07 1.03198e+07 103.198 6.37748e+07
1e+07 1.03595e+07 103.595 6.32852e+07
1e+07 1.03993e+07 103.993 6.28001e+07
1e+07 1.04393e+07 104.393 6.23182e+07
1e+07 1.04795e+07 104.795 6.18393e+07
1e+07 1.05198e+07 105.198 6.13648e+07
1e+07 1.05603e+07 105.603 6.08934e+07
1e+07 1.06009e+07 106.009 6.04263e+07
1e+07 1.06417e+07 106.417 5.99622e+07
1e+07 1.06826e+07 106.826 5.95023e+07
1e+07 1.07237e+07 107.237 5.90455e+07
1e+07 1.07649e+07 107.649 5.85928e+07
1e+07 1.08063e+07 108.063 5.81431e+07
1e+07 1.08479e+07 108.479 5.76965e+07
1e+07 1.08896e+07 108.896 5.72539e+07
1e+07 1.09315e+07 109.315 5.68143e+07
1e+07 1.09735e+07 109.735 5.63786e+07
1e+07 1.10157e+07 110.157 5.59459e+07
1e+07 1.10581e+07 110.581 5.55162e+07
1e+07 1.11007e+07 111.007 5.50894e+07
1e+07 1.11433e+07 111.433 5.46675e+07
1e+07 1.11862e+07 111.862 5.42474e+07
1e+07 1.12292e+07 112.292 5.38312e+07
1e+07 1.12724e+07 112.724 5.34179e+07
1e+07 1.13158e+07 113.158 5.30074e+07
1e+07 1.13593e+07 113.593 5.26007e+07
1e+07 1.1403e+07 114.03 5.21968e+07
1e+07 1.14469e+07 114.469 5.17958e+07
1e+07 1.14909e+07 114.909 5.13984e+07
1e+07 1.15351e+07 115.351 5.10037e+07
1e+07 1.15794e+07 115.794 5.06128e+07
1e+07 1.1624e+07 116.24 5.02237e+07
1e+07 1.16687e+07 116.687 4.98381e+07
1e+07 1.17136e+07 117.136 4.94553e+07
1e+07 1.17586e+07 117.586 4.90761e+07
1e+07 1.18039e+07 118.039 4.86987e+07
1e+07 1.18493e+07 118.493 4.83248e+07
1e+07 1.18948e+07 118.948 4.79543e+07
1e+07 1.19406e+07 119.406 4.75858e+07
1e+07 1.19865e+07 119.865 4.72206e+07
1e+07 1.20326e+07 120.326 4.6858e+07
1e+07 1.20789e+07 120.789 4.64981e+07
1e+07 1.21254e+07 121.254 4.61407e+07
1e+07 1.2172e+07 121.72 4.57867e+07
1e+07 1.22188e+07 122.188 4.54352e+07
1e+07 1.22658e+07 122.658 4.50863e+07
1e+07 1.2313e+07 123.13 4.47399e+07
1e+07 1.23603e+07 123.603 4.43968e+07
1e+07 1.24079e+07 124.079 4.40554e+07
1e+07 1.24556e+07 124.556 4.37173e+07
1e+07 1.25035e+07 125.035 4.33816e+07
1e+07 1.25516e+07 125.516 4.30484e+07
1e+07 1.25999e+07 125.999 4.27176e+07
1e+07 1.26484e+07 126.484 4.23893e+07
1e+07 1.2697e+07 126.97 4.20641e+07
1e+07 1.27458e+07 127.458 4.17413e+07
1e+07 1.27949e+07 127.949 4.14202e+07
1e+07 1.28441e+07 128.441 4.11022e+07
1e+07 1.28935e+07 128.935 4.07865e+07
1e+07 1.29431e+07 129.431 4.04732e+07
1e+07 1.29929e+07 129.929 4.01622e+07
1e+07 1.30428e+07 130.428 3.98542e+07
1e+07 1.3093e+07 130.93 3.95478e+07
1e+07 1.31434e+07 131.434 3.92438e+07
1e+07 1.31939e+07 131.939 3.89427e+07
1e+07 1.32447e+07 132.447 3.86432e+07
1e+07 1.32956e+07 132.956 3.83467e+07
1e+07 1.33467e+07 133.467 3.80523e+07
1e+07 1.33981e+07 133.981 3.77596e+07
1e+07 1.34496e+07 134.496 3.74698e+07
1e+07 1.35013e+07 135.013 3.71821e+07
1e+07 1.35533e+07 135.533 3.68961e+07
1e+07 1.36054e+07 136.054 3.66128e+07
1e+07 1.36577e+07 136.577 3.63317e+07
1e+07 1.37103e+07 137.103 3.60522e+07
1e+07 1.3763e+07 137.63 3.57754e+07
1e+07 1.38159e+07 138.159 3.55007e+07
1e+07 1.38691e+07 138.691 3.52277e+07
1e+07 1.39224e+07 139.224 3.49572e+07
1e+07 1.3976e+07 139.76 3.46884e+07
1e+07 1.40297e+07 140.297 3.44221e+07
1e+07 1.40837e+07 140.837 3.41575e+07
1e+07 1.41379e+07 141.379 3.38949e+07
1e+07 1.41922e+07 141.922 3.36348e+07
1e+07 1.42468e+07 142.468 3.33763e+07
1e+07 1.43016e+07 143.016 3.31198e+07
1e+07 1.43566e+07 143.566 3.28654e+07
1e+07 1.44118e+07 144.118 3.26129e+07
1e+07 1.44673e+07 144.673 3.2362e+07
1e+07 1.45229e+07 145.229 3.21135e+07
1e+07 1.45788e+07 145.788 3.18666e+07
1e+07 1.46349e+07 146.349 3.16215e+07
1e+07 1.46911e+07 146.911 3.13789e+07
1e+07 1.47477e+07 147.477 3.11374e+07
1e+07 1.48044e+07 148.044 3.08982e+07
1e+07 1.48613e+07 148.613 3.06609e+07
1e+07 1.49185e+07 149.185 3.04251e+07
1e+07 1.49759e+07 149.759 3.01912e+07
1e+07 1.50335e+07 150.335 2.99591e+07
1e+07 1.50913e+07 150.913 2.9729e+07
1e+07 1.51493e+07 151.493 2.95006e+07
1e+07 1.52076e+07 152.076 2.92738e+07
1e+07 1.52661e+07 152.661 2.90487e+07
1e+07 1.53248e+07 153.248 2.88255e+07
1e+07 1.53838e+07 153.838 2.86037e+07
1e+07 1.54429e+07 154.429 2.83841e+07
1e+07 1.55023e+07 155.023 2.81659e+07
1e+07 1.5562e+07 155.62 2.79491e+07
1e+07 1.56218e+07 156.218 2.77345e+07
1e+07 1.56819e+07 156.819 2.75212e+07
1e+07 1.57422e+07 157.422 2.73097e+07
1e+07 1.58028e+07 158.028 2.70996e+07
1e+07 1.58635e+07 158.635 2.68915e+07
1e+07 1.59246e+07 159.246 2.66845e+07
1e+07 1.59858e+07 159.858 2.64795e+07
1e+07 1.60473e+07 160.473 2.62759e+07
1e+07 1.6109e+07 161.09 2.60739e+07
1e+07 1.6171e+07 161.71 2.58733e+07
1e+07 1.62332e+07 162.332 2.56744e+07
1e+07 1.62956e+07 162.956 2.54771e+07
1e+07 1.63583e+07 163.583 2.52812e+07
1e+07 1.64212e+07 164.212 2.50868e+07
1e+07 1.64844e+07 164.844 2.48938e+07
1e+07 1.65478e+07 165.478 2.47024e+07
1e+07 1.66114e+07 166.114 2.45126e+07
1e+07 1.66753e+07 166.753 2.43241e+07
1e+07 1.67395e+07 167.395 2.41368e+07
1e+07 1.68038e+07 168.038 2.39515e+07
1e+07 1.68685e+07 168.685 2.37671e+07
1e+07 1.69334e+07 169.334 2.35842e+07
1e+07 1.69985e+07 169.985 2.34029e+07
1e+07 1.70639e+07 170.639 2.32229e+07
1e+07 1.71295e+07 171.295 2.30444e+07
1e+07 1.71954e+07 171.954 2.28671e+07
1e+07 1.72615e+07 172.615 2.26913e+07
1e+07 1.73279e+07 173.279 2.25168e+07
1e+07 1.73946e+07 173.946 2.23435e+07
1e+07 1.74615e+07 174.615 2.21716e+07
1e+07 1.75286e+07 175.286 2.20012e+07
1e+07 1.7596e+07 175.96 2.1832e+07
1e+07 1.76637e+07 176.637 2.16641e+07
1e+07 1.77317e+07 177.317 2.14973e+07
1e+07 1.77999e+07 177.999 2.13319e+07
1e+07 1.78683e+07 178.683 2.11679e+07
1e+07 1.79371e+07 179.371 2.10049e+07
1e+07 1.80061e+07 180.061 2.08433e+07
1e+07 1.80753e+07 180.753 2.06831e+07
1e+07 1.81448e+07 181.448 2.0524e+07
1e+07 1.82146e+07 182.146 2.03661e+07
1e+07 1.82847e+07 182.847 2.02093e+07
1e+07 1.8355e+07 183.55 2.00539e+07
1e+07 1.84256e+07 184.256 1.98996e+07
1e+07 1.84965e+07 184.965 1.97464e+07
1e+07 1.85676e+07 185.676 1.95946e+07
1e+07 1.8639e+07 186.39 1.94438e+07
1e+07 1.87107e+07 187.107 1.92942e+07
1e+07 1.87827e+07 187.827 1.91457e+07
1e+07 1.88549e+07 188.549 1.89984e+07
1e+07 1.89275e+07 189.275 1.88521e+07
1e+07 1.90003e+07 190.003 1.8707e+07
1e+07 1.90733e+07 190.733 1.85632e+07
1e+07 1.91467e+07 191.467 1.84202e+07
1e+07 1.92203e+07 192.203 1.82786e+07
1e+07 1.92943e+07 192.943 1.81377e+07
1e+07 1.93685e+07 193.685 1.79982e+07
1e+07 1.9443e+07 194.43 1.78596e+07
1e+07 1.95178e+07 195.178 1.77222e+07
1e+07 1.95928e+07 195.928 1.75859e+07
1e+07 1.96682e+07 196.682 1.74504e+07
1e+07 1.97438e+07 197.438 1.73162e+07
1e+07 1.98198e+07 198.198 1.71828e+07
1e+07 1.9896e+07 198.96 1.70506e+07
1e+07 1.99725e+07 199.725 1.69194e+07
1e+07 2.00494e+07 200.494 1.6789e+07
1e+07 2.01265e+07 201.265 1.66598e+07
1e+07 2.02039e+07 202.039 1.65316e+07
1e+07 2.02816e+07 202.816 1.64043e+07
1e+07 2.03596e+07 203.596 1.6278e+07
1e+07 2.04379e+07 204.379 1.61527e+07
1e+07 2.05165e+07 205.165 1.60284e+07
1e+07 2.05954e+07 205.954 1.5905e+07
1e+07 2.06747e+07 206.747 1.57824e+07
1e+07 2.07542e+07 207.542 1.56609e+07
1e+07 2.0834e+07 208.34 1.55404e+07
1e+07 2.09141e+07 209.141 1.54207e+07
1e+07 2.09946e+07 209.946 1.53019e+07
1e+07 2.10753e+07 210.753 1.51842e+07
1e+07 2.11564e+07 211.564 1.50672e+07
1e+07 2.12378e+07 212.378 1.49511e+07
1e+07 2.13195e+07 213.195 1.48359e+07
1e+07 2.14015e+07 214.015 1.47217e+07
1e+07 2.14838e+07 214.838 1.46083e+07
1e+07 2.15664e+07 215.664 1.44959e+07
1e+07 2.16494e+07 216.494 1.43841e+07
1e+07 2.17326e+07 217.326 1.42735e+07
1e+07 2.18162e+07 218.162 1.41635e+07
1e+07 2.19001e+07 219.001 1.40544e+07
1e+07 2.19844e+07 219.844 1.39461e+07
1e+07 2.20689e+07 220.689 1.38387e+07
1e+07 2.21538e+07 221.538 1.37321e+07
1e+07 2.2239e+07 222.39 1.36263e+07
1e+07 2.23246e+07 223.246 1.35213e+07
1e+07 2.24104e+07 224.104 1.34172e+07
1e+07 2.24966e+07 224.966 1.33138e+07
1e+07 2.25832e+07 225.832 1.32112e+07
1e+07 2.267e+07 226.7 1.31095e+07
1e+07 2.27572e+07 227.572 1.30085e+07
1e+07 2.28447e+07 228.447 1.29083e+07
1e+07 2.29326e+07 229.326 1.28088e+07
1e+07 2.30208e+07 230.208 1.27101e+07
1e+07 2.31094e+07 231.094 1.26121e+07
1e+07 2.31982e+07 231.982 1.2515e+07
1e+07 2.32875e+07 232.875 1.24185e+07
1e+07 2.3377e+07 233.77 1.23228e+07
1e+07 2.3467e+07 234.67 1.22278e+07
1e+07 2.35572e+07 235.572 1.21336e+07
1e+07 2.36478e+07 236.478 1.20401e+07
1e+07 2.37388e+07 237.388 1.19473e+07
1e+07 2.38301e+07 238.301 1.18552e+07
1e+07 2.39217e+07 239.217 1.17639e+07
1e+07 2.40138e+07 240.138 1.16731e+07
1e+07 2.41061e+07 241.061 1.15832e+07
1e+07 2.41988e+07 241.988 1.1494e+07
1e+07 2.42919e+07 242.919 1.14053e+07
1e+07 2.43854e+07 243.854 1.13173e+07
1e+07 2.44791e+07 244.791 1.12302e+07
1e+07 2.45733e+07 245.733 1.11436e+07
1e+07 2.46678e+07 246.678 1.10577e+07
1e+07 2.47627e+07 247.627 1.09724e+07
1e+07 2.48579e+07 248.579 1.08879e+07
1e+07 2.49536e+07 249.536 1.08038e+07
1e+07 2.50495e+07 250.495 1.07206e+07
1e+07 2.51459e+07 251.459 1.06379e+07
1e+07 2.52426e+07 252.426 1.05559e+07
1e+07 2.53397e+07 253.397 1.04745e+07
1e+07 2.54372e+07 254.372 1.03937e+07
1e+07 2.5535e+07 255.35 1.03136e+07
1e+07 2.56332e+07 256.332 1.0234e+07
1e+07 2.57318e+07 257.318 1.01551e+07
1e+07 2.58308e+07 258.308 1.00768e+07
1e+07 2.59301e+07 259.301 9.99911e+06
1e+07 2.60299e+07 260.299 9.92194e+06
1e+07 2.613e+07 261.3 9.84543e+06
1e+07 2.62305e+07 262.305 9.76949e+06
1e+07 2.63314e+07 263.314 9.69413e+06
1e+07 2.64327e+07 264.327 9.61934e+06
1e+07 2.65343e+07 265.343 9.54518e+06
1e+07 2.66364e+07 266.364 9.47152e+06
1e+07 2.67388e+07 267.388 9.39849e+06
1e+07 2.68417e+07 268.417 9.32595e+06
1e+07 2.69449e+07 269.449 9.25403e+06
1e+07 2.70486e+07 270.486 9.1826e+06
1e+07 2.71526e+07 271.526 9.11177e+06
1e+07 2.7257e+07 272.57 9.0415e+06
1e+07 2.73619e+07 273.619 8.97169e+06
1e+07 2.74671e+07 274.671 8.9025e+06
1e+07 2.75728e+07 275.728 8.83377e+06
1e+07 2.76788e+07 276.788 8.76564e+06
1e+07 2.77853e+07 277.853 8.69797e+06
1e+07 2.78921e+07 278.921 8.63089e+06
1e+07 2.79994e+07 279.994 8.56427e+06
1e+07 2.81071e+07 281.071 8.49817e+06
1e+07 2.82152e+07 282.152 8.43259e+06
1e+07 2.83237e+07 283.237 8.36752e+06
1e+07 2.84327e+07 284.327 8.3029e+06
1e+07 2.8542e+07 285.42 8.23885e+06
1e+07 2.86518e+07 286.518 8.17525e+06
1e+07 2.8762e+07 287.62 8.11214e+06
1e+07 2.88727e+07 288.727 8.04948e+06
1e+07 2.89837e+07 289.837 7.98737e+06
1e+07 2.90952e+07 290.952 7.9257e+06
1e+07 2.92071e+07 292.071 7.86452e+06
1e+07 2.93194e+07 293.194 7.80382e+06
1e+07 2.94322e+07 294.322 7.74355e+06
1e+07 2.95454e+07 295.454 7.68377e+06
1e+07 2.96591e+07 296.591 7.62441e+06
1e+07 2.97731e+07 297.731 7.56558e+06
1e+07 2.98877e+07 298.877 7.50711e+06
1e+07 3.00026e+07 300.026 7.44917e+06
1e+07 3.0118e+07 301.18 7.39165e+06
1e+07 3.02339e+07 302.339 7.33454e+06
1e+07 3.03501e+07 303.501 7.27793e+06
1e+07 3.04669e+07 304.669 7.22169e+06
1e+07 3.05841e+07 305.841 7.16591e+06
1e+07 3.07017e+07 307.017 7.11058e+06
1e+07 3.08198e+07 308.198 7.05565e+06
1e+07 3.09383e+07 309.383 7.00117e+06
1e+07 3.10573e+07 310.573 6.94709e+06
1e+07 3.11768e+07 311.768 6.8934e+06
1e+07 3.12967e+07 312.967 6.84016e+06
1e+07 3.14171e+07 314.171 6.7873e+06
1e+07 3.15379e+07 315.379 6.73488e+06
1e+07 3.16592e+07 316.592 6.68285e+06
1e+07 3.1781e+07 317.81 6.6312e+06
1e+07 3.19032e+07 319.032 6.57998e+06
1e+07 3.20259e+07 320.259 6.52914e+06
1e+07 3.21491e+07 321.491 6.47868e+06
1e+07 3.22728e+07 322.728 6.4286e+06
1e+07 3.23969e+07 323.969 6.37893e+06
1e+07 3.25215e+07 325.215 6.32964e+06
1e+07 3.26466e+07 326.466 6.28072e+06
1e+07 3.27722e+07 327.722 6.23216e+06
1e+07 3.28982e+07 328.982 6.18401e+06
1e+07 3.30248e+07 330.248 6.13619e+06
1e+07 3.31518e+07 331.518 6.08877e+06
1e+07 3.32793e+07 332.793 6.04171e+06
1e+07 3.34073e+07 334.073 5.99501e+06
1e+07 3.35358e+07 335.358 5.94866e+06
1e+07 3.36648e+07 336.648 5.90267e+06
1e+07 3.37943e+07 337.943 5.85703e+06
1e+07 3.39242e+07 339.242 5.81177e+06
1e+07 3.40547e+07 340.547 5.76683e+06
1e+07 3.41857e+07 341.857 5.72224e+06
1e+07 3.43172e+07 343.172 5.67799e+06
1e+07 3.44492e+07 344.492 5.63408e+06
1e+07 3.45817e+07 345.817 5.59051e+06
1e+07 3.47147e+07 347.147 5.54728e+06
1e+07 3.48482e+07 348.482 5.50439e+06
1e+07 3.49823e+07 349.823 5.46179e+06
1e+07 3.51168e+07 351.168 5.41957e+06
1e+07 3.52519e+07 352.519 5.37764e+06
1e+07 3.53875e+07 353.875 5.33604e+06
1e+07 3.55236e+07 355.236 5.29477e+06
1e+07 3.56602e+07 356.602 5.25382e+06
1e+07 3.57974e+07 357.974 5.21317e+06
1e+07 3.59351e+07 359.351 5.17283e+06
1e+07 3.60733e+07 360.733 5.13282e+06
1e+07 3.6212e+07 362.12 5.09312e+06
1e+07 3.63513e+07 363.513 5.05371e+06
1e+07 3.64911e+07 364.911 5.01461e+06
1e+07 3.66315e+07 366.315 4.97579e+06
1e+07 3.67724e+07 367.724 4.93729e+06
1e+07 3.69138e+07 369.138 4.89909e+06
1e+07 3.70558e+07 370.558 4.86117e+06
1e+07 3.71983e+07 371.983 4.82356e+06
1e+07 3.73414e+07 373.414 4.78622e+06
1e+07 3.7485e+07 374.85 4.74918e+06
1e+07 3.76292e+07 376.292 4.71241e+06
1e+07 3.77739e+07 377.739 4.67594e+06
1e+07 3.79192e+07 379.192 4.63975e+06
1e+07 3.80651e+07 380.651 4.60382e+06
1e+07 3.82115e+07 382.115 4.56818e+06
1e+07 3.83585e+07 383.585 4.5328e+06
1e+07 3.8506e+07 385.06 4.49772e+06
1e+07 3.86541e+07 386.541 4.46289e+06
1e+07 3.88028e+07 388.028 4.42833e+06
1e+07 3.8952e+07 389.52 4.39405e+06
1e+07 3.91019e+07 391.019 4.36001e+06
1e+07 3.92523e+07 392.523 4.32624e+06
1e+07 3.94032e+07 394.032 4.29275e+06
1e+07 3.95548e+07 395.548 4.2595e+06
1e+07 3.97069e+07 397.069 4.22652e+06
1e+07 3.98597e+07 398.597 4.19376e+06
1e+07 4.0013e+07 400.13 4.16128e+06
1e+07 4.01669e+07 401.669 4.12905e+06
1e+07 4.03214e+07 403.214 4.09706e+06
1e+07 4.04764e+07 404.764 4.06534e+06
1e+07 4.06321e+07 406.321 4.03384e+06
1e+07 4.07884e+07 407.884 4.00258e+06
1e+07 4.09453e+07 409.453 3.97157e+06
1e+07 4.11028e+07 411.028 3.94079e+06
1e+07 4.12609e+07 412.609 3.91025e+06
1e+07 4.14196e+07 414.196 3.87995e+06
1e+07 4.15789e+07 415.789 3.84988e+06
1e+07 4.17388e+07 417.388 3.82005e+06
1e+07 4.18994e+07 418.994 3.79043e+06
1e+07 4.20605e+07 420.605 3.76107e+06
1e+07 4.22223e+07 422.223 3.73191e+06
1e+07 4.23847e+07 423.847 3.70298e+06
1e+07 4.25477e+07 425.477 3.67428e+06
1e+07 4.27114e+07 427.114 3.64579e+06
1e+07 4.28757e+07 428.757 3.61752e+06
1e+07 4.30406e+07 430.406 3.58947e+06
1e+07 4.32061e+07 432.061 3.56165e+06
1e+07 4.33723e+07 433.723 3.53403e+06
1e+07 4.35391e+07 435.391 3.50663e+06
1e+07 4.37066e+07 437.066 3.47943e+06
1e+07 4.38747e+07 438.747 3.45245e+06
1e+07 4.40434e+07 440.434 3.42568e+06
1e+07 4.42129e+07 442.129 3.3991e+06
1e+07 4.43829e+07 443.829 3.37274e+06
1e+07 4.45536e+07 445.536 3.34658e+06
1e+07 4.4725e+07 447.25 3.32062e+06
1e+07 4.4897e+07 448.97 3.29486e+06
1e+07 4.50697e+07 450.697 3.2693e+06
1e+07 4.5243e+07 452.43 3.24394e+06
1e+07 4.54171e+07 454.171 3.21876e+06
1e+07 4.55918e+07 455.918 3.19379e+06
1e+07 4.57671e+07 457.671 3.16901e+06
1e+07 4.59431e+07 459.431 3.14443e+06
1e+07 4.61199e+07 461.199 3.12001e+06
1e+07 4.62972e+07 462.972 3.09581e+06
1e+07 4.64753e+07 464.753 3.07178e+06
1e+07 4.66541e+07 466.541 3.04793e+06
1e+07 4.68335e+07 468.335 3.02428e+06
1e+07 4.70137e+07 470.137 3.00079e+06
1e+07 4.71945e+07 471.945 2.9775e+06
1e+07 4.7376e+07 473.76 2.95439e+06
1e+07 4.75582e+07 475.582 2.93146e+06
1e+07 4.77412e+07 477.412 2.90869e+06
1e+07 4.79248e+07 479.248 2.88611e+06
1e+07 4.81091e+07 481.091 2.8637e+06
1e+07 4.82942e+07 482.942 2.84145e+06
1e+07 4.84799e+07 484.799 2.81939e+06
1e+07 4.86664e+07 486.664 2.79749e+06
1e+07 4.88536e+07 488.536 2.77576e+06
1e+07 4.90415e+07 490.415 2.7542e+06
1e+07 4.92301e+07 492.301 2.73281e+06
1e+07 4.94195e+07 494.195 2.71158e+06
1e+07 4.96095e+07 496.095 2.69052e+06
1e+07 4.98004e+07 498.004 2.66961e+06
1e+07 4.99919e+07 499.919 2.64888e+06
1e+07 5.01842e+07 501.842 2.62829e+06
1e+07 5.03772e+07 503.772 2.60787e+06
1e+07 5.0571e+07 505.71 2.5876e+06
1e+07 5.07655e+07 507.655 2.56749e+06
1e+07 5.09607e+07 509.607 2.54755e+06
1e+07 5.11568e+07 511.568 2.52774e+06
1e+07 5.13535e+07 513.535 2.5081e+06
1e+07 5.1551e+07 515.51 2.4886e+06
1e+07 5.17493e+07 517.493 2.46926e+06
1e+07 5.19484e+07 519.484 2.45005e+06
1e+07 5.21482e+07 521.482 2.43101e+06
1e+07 5.23487e+07 523.487 2.41211e+06
1e+07 5.25501e+07 525.501 2.39335e+06
1e+07 5.27522e+07 527.522 2.37475e+06
1e+07 5.29551e+07 529.551 2.35628e+06
1e+07 5.31588e+07 531.588 2.33795e+06
1e+07 5.33633e+07 533.633 2.31977e+06
1e+07 5.35685e+07 535.685 2.30173e+06
1e+07 5.37746e+07 537.746 2.28382e+06
1e+07 5.39814e+07 539.814 2.26606e+06
1e+07 5.4189e+07 541.89 2.24843e+06
1e+07 5.43974e+07 543.974 2.23094e+06
1e+07 5.46067e+07 546.067 2.21358e+06
1e+07 5.48167e+07 548.167 2.19636e+06
1e+07 5.50276e+07 550.276 2.17926e+06
1e+07 5.52392e+07 552.392 2.16231e+06
1e+07 5.54517e+07 554.517 2.14548e+06
1e+07 5.5665e+07 556.65 2.12878e+06
1e+07 5.58791e+07 558.791 2.11221e+06
1e+07 5.6094e+07 560.94 2.09577e+06
1e+07 5.63097e+07 563.097 2.07946e+06
1e+07 5.65263e+07 565.263 2.06327e+06
1e+07 5.67437e+07 567.437 2.04721e+06
1e+07 5.6962e+07 569.62 2.03127e+06
1e+07 5.71811e+07 571.811 2.01545e+06
1e+07 5.7401e+07 574.01 1.99976e+06
1e+07 5.76218e+07 576.218 1.98419e+06
1e+07 5.78434e+07 578.434 1.96874e+06
1e+07 5.80659e+07 580.659 1.9534e+06
1e+07 5.82893e+07 582.893 1.93818e+06
1e+07 5.85135e+07 585.135 1.92308e+06
1e+07 5.87385e+07 587.385 1.90811e+06
1e+07 5.89644e+07 589.644 1.89325e+06
1e+07 5.91912e+07 591.912 1.87849e+06
1e+07 5.94189e+07 594.189 1.86386e+06
1e+07 5.96474e+07 596.474 1.84934e+06
1e+07 5.98769e+07 598.769 1.83492e+06
1e+07 6.01072e+07 601.072 1.82062e+06
1e+07 6.03384e+07 603.384 1.80643e+06
1e+07 6.05704e+07 605.704 1.79236e+06
1e+07 6.08034e+07 608.034 1.77838e+06
1e+07 6.10373e+07 610.373 1.76452e+06
1e+07 6.12721e+07 612.721 1.75076e+06
1e+07 6.15077e+07 615.077 1.73712e+06
1e+07 6.17443e+07 617.443 1.72357e+06
1e+07 6.19818e+07 619.818 1.71013e+06
1e+07 6.22202e+07 622.202 1.69679e+06
1e+07 6.24595e+07 624.595 1.68356e+06
1e+07 6.26997e+07 626.997 1.67044e+06
1e+07 6.29409e+07 629.409 1.6574e+06
1e+07 6.3183e+07 631.83 1.64448e+06
1e+07 6.3426e+07 634.26 1.63165e+06
1e+07 6.367e+07 636.7 1.61892e+06
1e+07 6.39149e+07 639.149 1.60629e+06
1e+07 6.41607e+07 641.607 1.59376e+06
1e+07 6.44075e+07 644.075 1.58132e+06
1e+07 6.46552e+07 646.552 1.56898e+06
1e+07 6.49039e+07 649.039 1.55673e+06
1e+07 6.51535e+07 651.535 1.54459e+06
1e+07 6.54041e+07 654.041 1.53253e+06
1e+07 6.56557e+07 656.557 1.52057e+06
1e+07 6.59082e+07 659.082 1.5087e+06
1e+07 6.61617e+07 661.617 1.49692e+06
1e+07 6.64162e+07 664.162 1.48523e+06
1e+07 6.66717e+07 666.717 1.47363e+06
1e+07 6.69281e+07 669.281 1.46213e+06
1e+07 6.71855e+07 671.855 1.45071e+06
1e+07 6.74439e+07 674.439 1.43938e+06
1e+07 6.77034e+07 677.034 1.42813e+06
1e+07 6.79638e+07 679.638 1.41698e+06
1e+07 6.82252e+07 682.252 1.40591e+06
1e+07 6.84876e+07 684.876 1.39493e+06
1e+07 6.8751e+07 687.51 1.38403e+06
1e+07 6.90154e+07 690.154 1.37322e+06
1e+07 6.92809e+07 692.809 1.36248e+06
1e+07 6.95474e+07 695.474 1.35183e+06
1e+07 6.98149e+07 698.149 1.34127e+06
1e+07 7.00834e+07 700.834 1.33079e+06
1e+07 7.0353e+07 703.53 1.32038e+06
1e+07 7.06236e+07 706.236 1.31006e+06
1e+07 7.08952e+07 708.952 1.29982e+06
1e+07 7.11679e+07 711.679 1.28966e+06
1e+07 7.14416e+07 714.416 1.27957e+06
1e+07 7.17164e+07 717.164 1.26957e+06
1e+07 7.19923e+07 719.923 1.25964e+06
1e+07 7.22692e+07 722.692 1.24979e+06
1e+07 7.25471e+07 725.471 1.24001e+06
1e+07 7.28262e+07 728.262 1.23031e+06
1e+07 7.31063e+07 731.063 1.22069e+06
1e+07 7.33875e+07 733.875 1.21113e+06
1e+07 7.36697e+07 736.697 1.20166e+06
1e+07 7.39531e+07 739.531 1.19226e+06
1e+07 7.42375e+07 742.375 1.18293e+06
1e+07 7.45231e+07 745.231 1.17367e+06
1e+07 7.48097e+07 748.097 1.16448e+06
1e+07 7.50975e+07 750.975 1.15537e+06
1e+07 7.53863e+07 753.863 1.14632e+06
1e+07 7.56763e+07 756.763 1.13735e+06
1e+07 7.59673e+07 759.673 1.12844e+06
1e+07 7.62595e+07 762.595 1.11961e+06
1e+07 7.65528e+07 765.528 1.11084e+06
1e+07 7.68473e+07 768.473 1.10214e+06
1e+07 7.71429e+07 771.429 1.09351e+06
1e+07 7.74396e+07 774.396 1.08494e+06
1e+07 7.77374e+07 777.374 1.07644e+06
1e+07 7.80364e+07 780.364 1.06801e+06
1e+07 7.83366e+07 783.366 1.05964e+06
1e+07 7.86379e+07 786.379 1.05134e+06
1e+07 7.89404e+07 789.404 1.0431e+06
1e+07 7.9244e+07 792.44 1.03493e+06
1e+07 7.95488e+07 795.488 1.02681e+06
1e+07 7.98548e+07 798.548 1.01876e+06
1e+07 8.01619e+07 801.619 1.01078e+06
1e+07 8.04702e+07 804.702 1.00286e+06
1e+07 8.07797e+07 807.797 994993
1e+07 8.10904e+07 810.904 987191
1e+07 8.14023e+07 814.023 979449
1e+07 8.17154e+07 817.154 971768
1e+07 8.20297e+07 820.297 964146
1e+07 8.23452e+07 823.452 956583
1e+07 8.2662e+07 826.62 949077
1e+07 8.29799e+07 829.799 941632
1e+07 8.32991e+07 832.991 934243
1e+07 8.36195e+07 836.195 926912
1e+07 8.39411e+07 839.411 919638
1e+07 8.4264e+07 842.64 912420
1e+07 8.45881e+07 845.881 905258
1e+07 8.49134e+07 849.134 898153
1e+07 8.524e+07 852.4 891102
1e+07 8.55679e+07 855.679 884104
1e+07 8.5897e+07 858.97 877162
1e+07 8.62274e+07 862.274 870274
1e+07 8.6559e+07 865.59 863440
1e+07 8.6892e+07 868.92 856657
1e+07 8.72262e+07 872.262 849928
1e+07 8.75617e+07 875.617 843251
1e+07 8.78985e+07 878.985 836625
1e+07 8.82366e+07 882.366 830051
1e+07 8.85759e+07 885.759 823530
1e+07 8.89166e+07 889.166 817058
1e+07 8.92586e+07 892.586 810636
1e+07 8.96019e+07 896.019 804264
1e+07 8.99466e+07 899.466 797940
1e+07 9.02925e+07 902.925 791668
1e+07 9.06398e+07 906.398 785443
1e+07 9.09885e+07 909.885 779265
1e+07 9.13384e+07 913.384 773138
1e+07 9.16897e+07 916.897 767057
1e+07 9.20424e+07 920.424 761023
1e+07 9.23964e+07 923.964 755036
1e+07 9.27518e+07 927.518 749095
1e+07 9.31086e+07 931.086 743200
1e+07 9.34667e+07 934.667 737352
1e+07 9.38262e+07 938.262 731549
1e+07 9.41871e+07 941.871 725791
1e+07 9.45494e+07 945.494 720077
1e+07 9.4913e+07 949.13 714409
1e+07 9.52781e+07 952.781 708784
1e+07 9.56445e+07 956.445 703204
1e+07 9.60124e+07 960.124 697666
1e+07 9.63817e+07 963.817 692171
1e+07 9.67524e+07 967.524 686719
1e+07 9.71246e+07 971.246 681308
1e+07 9.74981e+07 974.981 675942
1e+07 9.78731e+07 978.731 670616
1e+07 9.82496e+07 982.496 665331
1e+07 9.86275e+07 986.275 660087
1e+07 9.90068e+07 990.068 654885
1e+07 9.93877e+07 993.877 649722
1e+07 9.97699e+07 997.699 644601
1e+07 1.00154e+08 1001.54 639514
1e+07 1.00539e+08 1005.39 634474
1e+07 1.00926e+08 1009.26 629466
1e+07 1.01314e+08 1013.14 624504
1e+07 1.01703e+08 1017.03 619587
1e+07 1.02095e+08 1020.95 614689
1e+07 1.02487e+08 1024.87 609848
1e+07 1.02882e+08 1028.82 605026
1e+07 1.03277e+08 1032.77 600260
1e+07 1.03674e+08 1036.74 595525
1e+07 1.04073e+08 1040.73 590822
1e+07 1.04474e+08 1044.74 586150
1e+07 1.04875e+08 1048.75 581532
1e+07 1.05279e+08 1052.79 576933
1e+07 1.05684e+08 1056.84 572377
1e+07 1.0609e+08 1060.9 567862
1e+07 1.06498e+08 1064.98 563377
1e+07 1.06908e+08 1069.08 558922
1e+07 1.07319e+08 1073.19 554509
1e+07 1.07732e+08 1077.32 550125
1e+07 1.08146e+08 1081.46 545782
1e+07 1.08562e+08 1085.62 541468
1e+07 1.0898e+08 1089.8 537184
1e+07 1.09399e+08 1093.99 532939
1e+07 1.0982e+08 1098.2 528723
1e+07 1.10242e+08 1102.42 524547
1e+07 1.10666e+08 1106.66 520399
1e+07 1.11092e+08 1110.92 516280
1e+07 1.11519e+08 1115.19 512199
1e+07 1.11948e+08 1119.48 508146
1e+07 1.12379e+08 1123.79 504122
1e+07 1.12811e+08 1128.11 500135
1e+07 1.13245e+08 1132.45 496177
1e+07 1.1368e+08 1136.8 492255
1e+07 1.14118e+08 1141.18 488352
1e+07 1.14556e+08 1145.56 484494
1e+07 1.14997e+08 1149.97 480654
1e+07 1.15439e+08 1154.39 476851
1e+07 1.15883e+08 1158.83 473075
1e+07 1.16329e+08 1163.29 469326
1e+07 1.16777e+08 1167.77 465603
1e+07 1.17226e+08 1172.26 461916
1e+07 1.17677e+08 1176.77 458255
1e+07 1.18129e+08 1181.29 454628
1e+07 1.18584e+08 1185.84 451020
1e+07 1.1904e+08 1190.4 447446
1e+07 1.19498e+08 1194.98 443898
1e+07 1.19957e+08 1199.57 440383
1e+07 1.20419e+08 1204.19 436886
1e+07 1.20882e+08 1208.82 433423
1e+07 1.21347e+08 1213.47 429985
1e+07 1.21813e+08 1218.13 426579
1e+07 1.22282e+08 1222.82 423191
1e+07 1.22752e+08 1227.52 419836
1e+07 1.23224e+08 1232.24 416505
1e+07 1.23698e+08 1236.98 413199
1e+07 1.24174e+08 1241.74 409918
1e+07 1.24652e+08 1246.52 406661
1e+07 1.25131e+08 1251.31 403435
1e+07 1.25613e+08 1256.13 400227
1e+07 1.26096e+08 1260.96 397049
1e+07 1.26581e+08 1265.81 393895
1e+07 1.27068e+08 1270.68 390765
1e+07 1.27556e+08 1275.56 387665
1e+07 1.28047e+08 1280.47 384582
1e+07 1.28539e+08 1285.39 381529
1e+07 1.29034e+08 1290.34 378493
1e+07 1.2953e+08 1295.3 375485
1e+07 1.30028e+08 1300.28 372501
1e+07 1.30528e+08 1305.28 369540
1e+07 1.31031e+08 1310.31 366596
1e+07 1.31535e+08 1315.35 363680
1e+07 1.3204e+08 1320.4 360792
1e+07 1.32548e+08 1325.48 357920
1e+07 1.33058e+08 1330.58 355071
1e+07 1.3357e+08 1335.7 352244
1e+07 1.34084e+08 1340.84 349439
1e+07 1.34599e+08 1345.99 346661
1e+07 1.35117e+08 1351.17 343900
1e+07 1.35637e+08 1356.37 341160
1e+07 1.36158e+08 1361.58 338446
1e+07 1.36682e+08 1366.82 335749
1e+07 1.37208e+08 1372.08 333073
1e+07 1.37736e+08 1377.36 330418
1e+07 1.38265e+08 1382.65 327788
1e+07 1.38797e+08 1387.97 325175
1e+07 1.39331e+08 1393.31 322582
1e+07 1.39867e+08 1398.67 320010
1e+07 1.40405e+08 1404.05 317458
1e+07 1.40945e+08 1409.45 314927
1e+07 1.41487e+08 1414.87 312416
1e+07 1.42031e+08 1420.31 309924
1e+07 1.42578e+08 1425.78 307449
1e+07 1.43126e+08 1431.26 304997
1e+07 1.43677e+08 1436.77 302561
1e+07 1.44229e+08 1442.29 300149
1e+07 1.44784e+08 1447.84 297751
1e+07 1.45341e+08 1453.41 295374
1e+07 1.459e+08 1459 293015
1e+07 1.46461e+08 1464.61 290676
1e+07 1.47024e+08 1470.24 288355
1e+07 1.4759e+08 1475.9 286049
1e+07 1.48157e+08 1481.57 283766
1e+07 1.48727e+08 1487.27 281498
1e+07 1.49299e+08 1492.99 279248
1e+07 1.49874e+08 1498.74 277013
1e+07 1.5045e+08 1504.5 274800
1e+07 1.51029e+08 1510.29 272601
1e+07 1.5161e+08 1516.1 270421
1e+07 1.52193e+08 1521.93 268258
1e+07 1.52778e+08 1527.78 266113
1e+07 1.53366e+08 1533.66 263983
1e+07 1.53956e+08 1539.56 261870
1e+07 1.54548e+08 1545.48 259774
1e+07 1.55142e+08 1551.42 257696
1e+07 1.55739e+08 1557.39 255632
1e+07 1.56338e+08 1563.38 253585
1e+07 1.56939e+08 1569.39 251555
1e+07 1.57543e+08 1575.43 249538
1e+07 1.58149e+08 1581.49 247539
1e+07 1.58757e+08 1587.57 245556
1e+07 1.59368e+08 1593.68 243587
1e+07 1.59981e+08 1599.81 241634
1e+07 1.60596e+08 1605.96 239698
1e+07 1.61214e+08 1612.14 237775
1e+07 1.61834e+08 1618.34 235868
1e+07 1.62456e+08 1624.56 233978
1e+07 1.63081e+08 1630.81 232100
1e+07 1.63709e+08 1637.09 230236
1e+07 1.64338e+08 1643.38 228390
1e+07 1.6497e+08 1649.7 226557
1e+07 1.65605e+08 1656.05 224737
1e+07 1.66242e+08 1662.42 222932
1e+07 1.66881e+08 1668.81 221143
1e+07 1.67523e+08 1675.23 219366
1e+07 1.68167e+08 1681.67 217605
1e+07 1.68814e+08 1688.14 215856
1e+07 1.69464e+08 1694.64 214119
1e+07 1.70115e+08 1701.15 212401
1e+07 1.7077e+08 1707.7 210691
1e+07 1.71427e+08 1714.27 208997
1e+07 1.72086e+08 1720.86 207317
1e+07 1.72748e+08 1727.48 205649
1e+07 1.73412e+08 1734.12 203996
1e+07 1.74079e+08 1740.79 202354
1e+07 1.74749e+08 1747.49 200725
1e+07 1.75421e+08 1754.21 199109
1e+07 1.76096e+08 1760.96 197506
1e+07 1.76773e+08 1767.73 195916
1e+07 1.77453e+08 1774.53 194338
1e+07 1.78135e+08 1781.35 192774
1e+07 1.78821e+08 1788.21 191219
1e+07 1.79508e+08 1795.08 189680
1e+07 1.80199e+08 1801.99 188150
1e+07 1.80892e+08 1808.92 186634
1e+07 1.81588e+08 1815.88 185128
1e+07 1.82286e+08 1822.86 183636
1e+07 1.82987e+08 1829.87 182156
1e+07 1.83691e+08 1836.91 180686
1e+07 1.84398e+08 1843.98 179227
1e+07 1.85107e+08 1851.07 177781
1e+07 1.85819e+08 1858.19 176346
1e+07 1.86534e+08 1865.34 174922
1e+07 1.87251e+08 1872.51 173510
1e+07 1.87971e+08 1879.71 172110
1e+07 1.88694e+08 1886.94 170719
1e+07 1.8942e+08 1894.2 169340
1e+07 1.90149e+08 1901.49 167971
1e+07 1.9088e+08 1908.8 166614
1e+07 1.91614e+08 1916.14 165267
1e+07 1.92351e+08 1923.51 163931
1e+07 1.93091e+08 1930.91 162605
1e+07 1.93834e+08 1938.34 161289
1e+07 1.94579e+08 1945.79 159985
1e+07 1.95328e+08 1953.28 158690
1e+07 1.96079e+08 1960.79 157406
1e+07 1.96833e+08 1968.33 156132
1e+07 1.9759e+08 1975.9 154868
1e+07 1.9835e+08 1983.5 153614
1e+07 1.99113e+08 1991.13 152370
1e+07 1.99879e+08 1998.79 151135
1e+07 2.00648e+08 2006.48 149910
1e+07 2.01419e+08 2014.19 148696
1e+07 2.02194e+08 2021.94 147490
1e+07 2.02972e+08 2029.72 146294
1e+07 2.03753e+08 2037.53 145107
1e+07 2.04536e+08 2045.36 143931
1e+07 2.05323e+08 2053.23 142763
1e+07 2.06113e+08 2061.13 141604
1e+07 2.06905e+08 2069.05 140456
1e+07 2.07701e+08 2077.01 139316
1e+07 2.085e+08 2085 138185
1e+07 2.09302e+08 2093.02 137062
1e+07 2.10107e+08 2101.07 135949
1e+07 2.10915e+08 2109.15 134845
1e+07 2.11727e+08 2117.27 133748
1e+07 2.12541e+08 2125.41 132661
1e+07 2.13358e+08 2133.58 131583
1e+07 2.14179e+08 2141.79 130513
1e+07 2.15003e+08 2150.03 129451
1e+07 2.1583e+08 2158.3 128398
1e+07 2.1666e+08 2166.6 127354
1e+07 2.17493e+08 2174.93 126318
1e+07 2.1833e+08 2183.3 125289
1e+07 2.1917e+08 2191.7 124268
1e+07 2.20013e+08 2200.13 123256
1e+07 2.20859e+08 2208.59 122253
1e+07 2.21708e+08 2217.08 121257
1e+07 2.22561e+08 2225.61 120269
1e+07 2.23417e+08 2234.17 119289
1e+07 2.24276e+08 2242.76 118317
1e+07 2.25139e+08 2251.39 117351
1e+07 2.26005e+08 2260.05 116394
1e+07 2.26874e+08 2268.74 115445
1e+07 2.27747e+08 2277.47 114503
1e+07 2.28623e+08 2286.23 113568
1e+07 2.29502e+08 2295.02 112641
1e+07 2.30385e+08 2303.85 111721
1e+07 2.31271e+08 2312.71 110809
1e+07 2.32161e+08 2321.61 109903
1e+07 2.33054e+08 2330.54 109005
1e+07 2.3395e+08 2339.5 108115
1e+07 2.3485e+08 2348.5 107231
1e+07 2.35753e+08 2357.53 106354
1e+07 2.3666e+08 2366.6 105484
1e+07 2.3757e+08 2375.7 104622
1e+07 2.38484e+08 2384.84 103765
1e+07 2.39401e+08 2394.01 102916
1e+07 2.40322e+08 2403.22 102074
1e+07 2.41246e+08 2412.46 101238
1e+07 2.42174e+08 2421.74 100409
1e+07 2.43106e+08 2431.06 99586.2
1e+07 2.44041e+08 2440.41 98770.3
1e+07 2.44979e+08 2449.79 97961.3
1e+07 2.45922e+08 2459.22 97157.7
1e+07 2.46868e+08 2468.68 96360.9
1e+07 2.47817e+08 2478.17 95571.1
1e+07 2.4877e+08 2487.7 94787.2
1e+07 2.49727e+08 2497.27 94009.3
1e+07 2.50688e+08 2506.88 93237.4
1e+07 2.51652e+08 2516.52 92472.1
1e+07 2.5262e+08 2526.2 91712.7
1e+07 2.53592e+08 2535.92 90959.2
1e+07 2.54567e+08 2545.67 90212.2
1e+07 2.55546e+08 2555.46 89471
1e+07 2.56529e+08 2565.29 88735.5
1e+07 2.57516e+08 2575.16 88005.8
1e+07 2.58506e+08 2585.06 87282.4
1e+07 2.595e+08 2595 86564.7
1e+07 2.60499e+08 2604.99 85851.8
1e+07 2.615e+08 2615 85146
1e+07 2.62506e+08 2625.06 84444.9
1e+07 2.63516e+08 2635.16 83749.4
1e+07 2.6453e+08 2645.3 83059.3
1e+07 2.65547e+08 2655.47 82375.4
1e+07 2.66568e+08 2665.68 81696.9
1e+07 2.67594e+08 2675.94 81023.1
1e+07 2.68623e+08 2686.23 80355.2
1e+07 2.69656e+08 2696.56 79692.7
1e+07 2.70693e+08 2706.93 79035.5
1e+07 2.71734e+08 2717.34 78383.5
1e+07 2.7278e+08 2727.8 77736.1
1e+07 2.73829e+08 2738.29 77094.5
1e+07 2.74882e+08 2748.82 76458.1
1e+07 2.75939e+08 2759.39 75826.7
1e+07 2.77001e+08 2770.01 75199.9
1e+07 2.78066e+08 2780.66 74578.7
1e+07 2.79136e+08 2791.36 73962
1e+07 2.80209e+08 2802.09 73350.8
1e+07 2.81287e+08 2812.87 72744.1
1e+07 2.82369e+08 2823.69 72142.3
1e+07 2.83455e+08 2834.55 71545.4
1e+07 2.84545e+08 2845.45 70953.3
1e+07 2.8564e+08 2856.4 70365.6
1e+07 2.86738e+08 2867.38 69783.2
1e+07 2.87841e+08 2878.41 69205.1
1e+07 2.88948e+08 2889.48 68631.8
1e+07 2.9006e+08 2900.6 68062.6
1e+07 2.91175e+08 2911.75 67498.7
1e+07 2.92295e+08 2922.95 66938.9
1e+07 2.9342e+08 2934.2 66383.3
1e+07 2.94548e+08 2945.48 65832.8
1e+07 2.95681e+08 2956.81 65286.4
1e+07 2.96818e+08 2968.18 64744.5
1e+07 2.9796e+08 2979.6 64206.7
1e+07 2.99106e+08 2991.06 63673.4
1e+07 3.00257e+08 3002.57 63144.1
1e+07 3.01411e+08 3014.11 62619.7
1e+07 3.02571e+08 3025.71 62098.8
1e+07 3.03735e+08 3037.35 61582.3
1e+07 3.04903e+08 3049.03 61070.1
1e+07 3.06076e+08 3060.76 60561.9
1e+07 3.07253e+08 3072.53 60058
1e+07 3.08435e+08 3084.35 59557.9
1e+07 3.09621e+08 3096.21 59062
1e+07 3.10812e+08 3108.12 58570
1e+07 3.12007e+08 3120.07 58082.1
1e+07 3.13207e+08 3132.07 57598.1
1e+07 3.14412e+08 3144.12 57117.7
1e+07 3.15621e+08 3156.21 56641.5
1e+07 3.16835e+08 3168.35 56169
1e+07 3.18054e+08 3180.54 55700.1
1e+07 3.19277e+08 3192.77 55235.3
1e+07 3.20505e+08 3205.05 54774.1
1e+07 3.21738e+08 3217.38 54316.6
1e+07 3.22976e+08 3229.76 53862.6
1e+07 3.24218e+08 3242.18 53412.5
1e+07 3.25465e+08 3254.65 52966
1e+07 3.26717e+08 3267.17 52523.1
1e+07 3.27973e+08 3279.73 52084
1e+07 3.29235e+08 3292.35 51648
1e+07 3.30501e+08 3305.01 51215.8
1e+07 3.31772e+08 3317.72 50787.1
1e+07 3.33049e+08 3330.49 50361.5
1e+07 3.3433e+08 3343.3 49939.6
1e+07 3.35615e+08 3356.15 49521.4
1e+07 3.36906e+08 3369.06 49106.2
1e+07 3.38202e+08 3382.02 48694.4
1e+07 3.39503e+08 3395.03 48285.9
1e+07 3.40809e+08 3408.09 47880.8
1e+07 3.4212e+08 3421.2 47478.9
1e+07 3.43436e+08 3434.36 47080.2
1e+07 3.44757e+08 3447.57 46684.8
1e+07 3.46083e+08 3460.83 46292.6
1e+07 3.47414e+08 3474.14 45903.6
1e+07 3.4875e+08 3487.5 45517.8
1e+07 3.50091e+08 3500.91 45135.2
1e+07 3.51438e+08 3514.38 44755.4
1e+07 3.5279e+08 3527.9 44378.8
1e+07 3.54147e+08 3541.47 44005.2
1e+07 3.55509e+08 3555.09 43634.8
1e+07 3.56876e+08 3568.76 43267.4
1e+07 3.58249e+08 3582.49 42902.7
1e+07 3.59627e+08 3596.27 42541.1
1e+07 3.6101e+08 3610.1 42182.6
1e+07 3.62399e+08 3623.99 41826.7
1e+07 3.63792e+08 3637.92 41474.1
1e+07 3.65192e+08 3651.92 41123.9
1e+07 3.66596e+08 3665.96 40776.9
1e+07 3.68006e+08 3680.06 40432.6
1e+07 3.69422e+08 3694.22 40090.9
1e+07 3.70843e+08 3708.43 39752.1
1e+07 3.72269e+08 3722.69 39416.2
1e+07 3.73701e+08 3737.01 39082.9
1e+07 3.75138e+08 3751.38 38752.4
1e+07 3.76581e+08 3765.81 38424.5
1e+07 3.7803e+08 3780.3 38099.1
1e+07 3.79484e+08 3794.84 37776.5
1e+07 3.80943e+08 3809.43 37456.7
1e+07 3.82408e+08 3824.08 37139.4
1e+07 3.83879e+08 3838.79 36824.6
1e+07 3.85356e+08 3853.56 36512.2
1e+07 3.86838e+08 3868.38 36202.6
1e+07 3.88326e+08 3883.26 35895.4
1e+07 3.8982e+08 3898.2 35590.7
1e+07 3.91319e+08 3913.19 35288.6
1e+07 3.92824e+08 3928.24 34988.9
1e+07 3.94335e+08 3943.35 34691.6
1e+07 3.95852e+08 3958.52 34396.7
1e+07 3.97374e+08 3973.74 34104.4
1e+07 3.98903e+08 3989.03 33814.2
1e+07 4.00437e+08 4004.37 33526.5
1e+07 4.01977e+08 4019.77 33241.2
1e+07 4.03523e+08 4035.23 32958.2
1e+07 4.05075e+08 4050.75 32677.5
1e+07 4.06633e+08 4066.33 32399.1
1e+07 4.08197e+08 4081.97 32123
1e+07 4.09768e+08 4097.68 31848.9
1e+07 4.11344e+08 4113.44 31577.3
1e+07 4.12926e+08 4129.26 31307.9
1e+07 4.14514e+08 4145.14 31040.7
1e+07 4.16108e+08 4161.08 30775.7
1e+07 4.17709e+08 4177.09 30512.7
1e+07 4.19315e+08 4193.15 30252.1
1e+07 4.20928e+08 4209.28 29993.4
1e+07 4.22547e+08 4225.47 29737
1e+07 4.24173e+08 4241.73 29482.5
1e+07 4.25804e+08 4258.04 29230.2
1e+07 4.27442e+08 4274.42 28980
1e+07 4.29086e+08 4290.86 28731.8
1e+07 4.30736e+08 4307.36 28485.7
1e+07 4.32393e+08 4323.93 28241.5
1e+07 4.34056e+08 4340.56 27999.4
1e+07 4.35726e+08 4357.26 27759.2
1e+07 4.37402e+08 4374.02 27521
1e+07 4.39084e+08 4390.84 27284.8
1e+07 4.40773e+08 4407.73 27050.5
1e+07 4.42468e+08 4424.68 26818.2
1e+07 4.4417e+08 4441.7 26587.7
1e+07 4.45878e+08 4458.78 26359.2
1e+07 4.47593e+08 4475.93 26132.5
1e+07 4.49315e+08 4493.15 25907.6
1e+07 4.51043e+08 4510.43 25684.7
1e+07 4.52778e+08 4527.78 25463.5
1e+07 4.54519e+08 4545.19 25244.3
1e+07 4.56268e+08 4562.68 25026.7
1e+07 4.58023e+08 4580.23 24810.9
1e+07 4.59784e+08 4597.84 24597
1e+07 4.61553e+08 4615.53 24384.8
1e+07 4.63328e+08 4633.28 24174.4
1e+07 4.6511e+08 4651.1 23965.7
1e+07 4.66899e+08 4668.99 23758.7
1e+07 4.68695e+08 4686.95 23553.4
1e+07 4.70498e+08 4704.98 23349.7
1e+07 4.72307e+08 4723.07 23147.9
1e+07 4.74124e+08 4741.24 22947.6
1e+07 4.75948e+08 4759.48 22749
1e+07 4.77778e+08 4777.78 22552.1
1e+07 4.79616e+08 4796.16 22356.7
1e+07 4.81461e+08 4814.61 22163
1e+07 4.83313e+08 4833.13 21970.8
1e+07 4.85172e+08 4851.72 21780.3
1e+07 4.87038e+08 4870.38 21591.3
1e+07 4.88911e+08 4889.11 21404
1e+07 4.90791e+08 4907.91 21218.2
1e+07 4.92679e+08 4926.79 21033.8
1e+07 4.94574e+08 4945.74 20851
1e+07 4.96476e+08 4964.76 20669.8
1e+07 4.98386e+08 4983.86 20490
1e+07 5.00303e+08 5003.03 20311.7
1e+07 5.02227e+08 5022.27 20134.9
1e+07 5.04159e+08 5041.59 19959.6
1e+07 5.06098e+08 5060.98 19785.7
1e+07 5.08045e+08 5080.45 19613.2
1e+07 5.09999e+08 5099.99 19442.2
1e+07 5.1196e+08 5119.6 19272.7
1e+07 5.1393e+08 5139.3 19104.4
1e+07 5.15906e+08 5159.06 18937.7
1e+07 5.17891e+08 5178.91 18772.2
1e+07 5.19883e+08 5198.83 18608.2
1e+07 5.21882e+08 5218.82 18445.5
1e+07 5.2389e+08 5238.9 18284.2
1e+07 5.25905e+08 5259.05 18124.2
1e+07 5.27927e+08 5279.27 17965.6
1e+07 5.29958e+08 5299.58 17808.2
1e+07 5.31996e+08 5319.96 17652.2
1e+07 5.34043e+08 5340.43 17497.5
1e+07 5.36097e+08 5360.97 17344
1e+07 5.38159e+08 5381.59 17191.9
1e+07 5.40229e+08 5402.29 17041
1e+07 5.42306e+08 5423.06 16891.4
1e+07 5.44392e+08 5443.92 16743
1e+07 5.46486e+08 5464.86 16595.9
1e+07 5.48588e+08 5485.88 16450
1e+07 5.50698e+08 5506.98 16305.3
1e+07 5.52816e+08 5528.16 16161.8
1e+07 5.54943e+08 5549.43 16019.4
1e+07 5.57077e+08 5570.77 15878.4
1e+07 5.5922e+08 5592.2 15738.4
1e+07 5.61371e+08 5613.71 15599.7
1e+07 5.6353e+08 5635.3 15462.1
1e+07 5.65697e+08 5656.97 15325.7
1e+07 5.67873e+08 5678.73 15190.3
1e+07 5.70057e+08 5700.57 15056.2
1e+07 5.7225e+08 5722.5 14923.1
1e+07 5.74451e+08 5744.51 14791.2
1e+07 5.76661e+08 5766.61 14660.3
1e+07 5.78879e+08 5788.79 14530.6
1e+07 5.81105e+08 5811.05 14402
1e+07 5.8334e+08 5833.4 14274.4
1e+07 5.85584e+08 5855.84 14147.9
1e+07 5.87836e+08 5878.36 14022.5
1e+07 5.90097e+08 5900.97 13898.1
1e+07 5.92367e+08 5923.67 13774.8
1e+07 5.94645e+08 5946.45 13652.5
1e+07 5.96933e+08 5969.33 13531.2
1e+07 5.99229e+08 5992.29 13410.9
1e+07 6.01533e+08 6015.33 13291.7
1e+07 6.03847e+08 6038.47 13173.5
1e+07 6.0617e+08 6061.7 13056.2
1e+07 6.08501e+08 6085.01 12940
1e+07 6.10842e+08 6108.42 12824.7
1e+07 6.13191e+08 6131.91 12710.4
1e+07 6.1555e+08 6155.5 12597
1e+07 6.17917e+08 6179.17 12484.6
1e+07 6.20294e+08 6202.94 12373.2
1e+07 6.2268e+08 6226.8 12262.7
1e+07 6.25075e+08 6250.75 12153.1
1e+07 6.27479e+08 6274.79 12044.5
1e+07 6.29892e+08 6298.92 11936.8
1e+07 6.32315e+08 6323.15 11829.9
1e+07 6.34747e+08 6347.47 11724
1e+07 6.37189e+08 6371.89 11619
1e+07 6.3964e+08 6396.4 11514.9
1e+07 6.421e+08 6421 11411.6
1e+07 6.4457e+08 6445.7 11309.2
1e+07 6.47049e+08 6470.49 11207.7
1e+07 6.49537e+08 6495.37 11107.1
1e+07 6.52036e+08 6520.36 11007.3
1e+07 6.54544e+08 6545.44 10908.3
1e+07 6.57061e+08 6570.61 10810.2
1e+07 6.59589e+08 6595.89 10712.9
1e+07 6.62125e+08 6621.25 10616.5
1e+07 6.64672e+08 6646.72 10520.9
1e+07 6.67229e+08 6672.29 10426
1e+07 6.69795e+08 6697.95 10332
1e+07 6.72371e+08 6723.71 10238.8
1e+07 6.74957e+08 6749.57 10146.4
1e+07 6.77554e+08 6775.54 10054.7
1e+07 6.8016e+08 6801.6 9963.89
1e+07 6.82776e+08 6827.76 9873.8
1e+07 6.85402e+08 6854.02 9784.49
1e+07 6.88038e+08 6880.38 9695.94
1e+07 6.90685e+08 6906.85 9608.12
1e+07 6.93341e+08 6933.41 9521.08
1e+07 6.96008e+08 6960.08 9434.76
1e+07 6.98685e+08 6986.85 9349.19
1e+07 7.01372e+08 7013.72 9264.36
1e+07 7.0407e+08 7040.7 9180.23
1e+07 7.06778e+08 7067.78 9096.83
1e+07 7.09497e+08 7094.97 9014.12
1e+07 7.12226e+08 7122.26 8932.14
1e+07 7.14965e+08 7149.65 8850.87
1e+07 7.17715e+08 7177.15 8770.28
1e+07 7.20475e+08 7204.75 8690.4
1e+07 7.23247e+08 7232.47 8611.16
1e+07 7.26028e+08 7260.28 8532.65
1e+07 7.28821e+08 7288.21 8454.78
1e+07 7.31624e+08 7316.24 8377.59
1e+07 7.34438e+08 7344.38 8301.07
1e+07 7.37263e+08 7372.63 8225.19
1e+07 7.40099e+08 7400.99 8149.96
1e+07 7.42946e+08 7429.46 8075.37
1e+07 7.45803e+08 7458.03 8001.45
1e+07 7.48672e+08 7486.72 7928.14
1e+07 7.51551e+08 7515.51 7855.48
1e+07 7.54442e+08 7544.42 7783.43
1e+07 7.57344e+08 7573.44 7712
1e+07 7.60257e+08 7602.57 7641.19
1e+07 7.63181e+08 7631.81 7571
1e+07 7.66116e+08 7661.16 7501.41
1e+07 7.69063e+08 7690.63 7432.41
1e+07 7.72021e+08 7720.21 7364.01
1e+07 7.74991e+08 7749.91 7296.19
1e+07 7.77971e+08 7779.71 7228.98
1e+07 7.80964e+08 7809.64 7162.32
1e+07 7.83968e+08 7839.68 7096.25
1e+07 7.86983e+08 7869.83 7030.76
1e+07 7.9001e+08 7900.1 6965.83
1e+07 7.93049e+08 7930.49 6901.45
1e+07 7.96099e+08 7960.99 6837.64
1e+07 7.99161e+08 7991.61 6774.38
1e+07 8.02235e+08 8022.35 6711.67
1e+07 8.0532e+08 8053.2 6649.51
1e+07 8.08418e+08 8084.18 6587.87
1e+07 8.11527e+08 8115.27 6526.79
1e+07 8.14649e+08 8146.49 6466.21
1e+07 8.17782e+08 8177.82 6406.18
1e+07 8.20927e+08 8209.27 6346.67
1e+07 8.24085e+08 8240.85 6287.66
1e+07 8.27255e+08 8272.55 6229.17
1e+07 8.30437e+08 8304.37 6171.19
1e+07 8.33631e+08 8336.31 6113.72
1e+07 8.36837e+08 8368.37 6056.75
1e+07 8.40056e+08 8400.56 6000.27
1e+07 8.43287e+08 8432.87 5944.29
1e+07 8.4653e+08 8465.3 5888.8
1e+07 8.49786e+08 8497.86 5833.79
1e+07 8.53055e+08 8530.55 5779.25
1e+07 8.56336e+08 8563.36 5725.19
1e+07 8.5963e+08 8596.3 5671.61
1e+07 8.62936e+08 8629.36 5618.5
1e+07 8.66255e+08 8662.55 5565.85
1e+07 8.69587e+08 8695.87 5513.65
1e+07 8.72932e+08 8729.32 5461.91
1e+07 8.76289e+08 8762.89 5410.64
1e+07 8.7966e+08 8796.6 5359.8
1e+07 8.83043e+08 8830.43 5309.42
1e+07 8.8644e+08 8864.4 5259.47
1e+07 8.89849e+08 8898.49 5209.97
1e+07 8.93272e+08 8932.72 5160.89
1e+07 8.96708e+08 8967.08 5112.25
1e+07 9.00157e+08 9001.57 5064.04
1e+07 9.03619e+08 9036.19 5016.25
1e+07 9.07095e+08 9070.95 4968.88
1e+07 9.10583e+08 9105.83 4921.94
1e+07 9.14086e+08 9140.86 4875.39
1e+07 9.17602e+08 9176.02 4829.26
1e+07 9.21131e+08 9211.31 4783.54
1e+07 9.24674e+08 9246.74 4738.22
1e+07 9.28231e+08 9282.31 4693.3
1e+07 9.31801e+08 9318.01 4648.78
1e+07 9.35385e+08 9353.85 4604.65
1e+07 9.38983e+08 9389.83 4560.9
1e+07 9.42594e+08 9425.94 4517.56
1e+07 9.4622e+08 9462.2 4474.58
1e+07 9.49859e+08 9498.59 4432
1e+07 9.53513e+08 9535.13 4389.78
1e+07 9.5718e+08 9571.8 4347.95
1e+07 9.60862e+08 9608.62 4306.47
1e+07 9.64557e+08 9645.57 4265.38
1e+07 9.68267e+08 9682.67 4224.65
1e+07 9.71992e+08 9719.92 4184.27
1e+07 9.7573e+08 9757.3 4144.26
1e+07 9.79483e+08 9794.83 4104.6
1e+07 9.83251e+08 9832.51 4065.28
1e+07 9.87032e+08 9870.32 4026.33
1e+07 9.90829e+08 9908.29 3987.72
1e+07 9.9464e+08 9946.4 3949.45
1e+07 9.98466e+08 9984.66 3911.52
1e+07 1.00231e+09 10023.1 3873.9
1e+07 1.00616e+09 10061.6 3836.7
1e+07 1.01003e+09 10100.3 3799.78
1e+07 1.01392e+09 10139.2 3763.14
1e+07 1.01782e+09 10178.2 3726.88
1e+07 1.02173e+09 10217.3 3690.98
1e+07 1.02566e+09 10256.6 3655.36
1e+07 1.02961e+09 10296.1 3620.02
1e+07 1.03357e+09 10335.7 3585.04
1e+07 1.03754e+09 10375.4 3550.42
1e+07 1.04153e+09 10415.3 3516.06
1e+07 1.04554e+09 10455.4 3481.98
1e+07 1.04956e+09 10495.6 3448.25
1e+07 1.0536e+09 10536 3414.78
1e+07 1.05765e+09 10576.5 3381.66
1e+07 1.06172e+09 10617.2 3348.8
1e+07 1.0658e+09 10658 3316.28
1e+07 1.0699e+09 10699 3284.02
1e+07 1.07401e+09 10740.1 3252.1
1e+07 1.07815e+09 10781.5 3220.35
1e+07 1.08229e+09 10822.9 3189.02
1e+07 1.08646e+09 10864.6 3157.86
1e+07 1.09063e+09 10906.3 3127.09
1e+07 1.09483e+09 10948.3 3096.51
1e+07 1.09904e+09 10990.4 3066.24
1e+07 1.10327e+09 11032.7 3036.23
1e+07 1.10751e+09 11075.1 3006.52
1e+07 1.11177e+09 11117.7 2977.07
1e+07 1.11605e+09 11160.5 2947.85
1e+07 1.12034e+09 11203.4 2918.94
1e+07 1.12465e+09 11246.5 2890.27
1e+07 1.12897e+09 11289.7 2861.91
1e+07 1.13332e+09 11333.2 2833.71
1e+07 1.13768e+09 11376.8 2805.81
1e+07 1.14205e+09 11420.5 2778.22
1e+07 1.14644e+09 11464.4 2750.85
1e+07 1.15085e+09 11508.5 2723.71
1e+07 1.15528e+09 11552.8 2696.8
1e+07 1.15972e+09 11597.2 2670.18
1e+07 1.16419e+09 11641.9 2643.72
1e+07 1.16866e+09 11686.6 2617.61
1e+07 1.17316e+09 11731.6 2591.66
1e+07 1.17767e+09 11776.7 2565.99
1e+07 1.1822e+09 11822 2540.54
1e+07 1.18675e+09 11867.5 2515.3
1e+07 1.19131e+09 11913.1 2490.34
1e+07 1.19589e+09 11958.9 2465.6
1e+07 1.20049e+09 12004.9 2441.07
1e+07 1.20511e+09 12051.1 2416.75
1e+07 1.20975e+09 12097.5 2392.64
1e+07 1.2144e+09 12144 2368.8
1e+07 1.21907e+09 12190.7 2345.16
1e+07 1.22376e+09 12237.6 2321.73
1e+07 1.22847e+09 12284.7 2298.51
1e+07 1.23319e+09 12331.9 2275.54
1e+07 1.23793e+09 12379.3 2252.77
1e+07 1.2427e+09 12427 2230.16
1e+07 1.24748e+09 12474.8 2207.8
1e+07 1.25227e+09 12522.7 2185.68
1e+07 1.25709e+09 12570.9 2163.71
1e+07 1.26193e+09 12619.3 2141.93
1e+07 1.26678e+09 12667.8 2120.4
1e+07 1.27165e+09 12716.5 2099.06
1e+07 1.27654e+09 12765.4 2077.92
1e+07 1.28145e+09 12814.5 2056.96
1e+07 1.28638e+09 12863.8 2036.19
1e+07 1.29133e+09 12913.3 2015.62
1e+07 1.2963e+09 12963 1995.22
1e+07 1.30128e+09 13012.8 1975.06
1e+07 1.30629e+09 13062.9 1955.04
1e+07 1.31131e+09 13113.1 1935.24
1e+07 1.31636e+09 13163.6 1915.59
1e+07 1.32142e+09 13214.2 1896.15
1e+07 1.3265e+09 13265 1876.9
1e+07 1.3316e+09 13316 1857.82
1e+07 1.33672e+09 13367.2 1838.92
1e+07 1.34187e+09 13418.7 1820.15
1e+07 1.34703e+09 13470.3 1801.6
1e+07 1.35221e+09 13522.1 1783.22
1e+07 1.35741e+09 13574.1 1765.02
1e+07 1.36263e+09 13626.3 1746.98
1e+07 1.36787e+09 13678.7 1729.12
1e+07 1.37313e+09 13731.3 1711.42
1e+07 1.37841e+09 13784.1 1693.89
1e+07 1.38372e+09 13837.2 1676.49
1e+07 1.38904e+09 13890.4 1659.29
1e+07 1.39438e+09 13943.8 1642.25
1e+07 1.39974e+09 13997.4 1625.37
1e+07 1.40513e+09 14051.3 1608.63
1e+07 1.41053e+09 14105.3 1592.07
1e+07 1.41596e+09 14159.6 1575.64
1e+07 1.4214e+09 14214 1559.41
1e+07 1.42687e+09 14268.7 1543.29
1e+07 1.43236e+09 14323.6 1527.34
1e+07 1.43787e+09 14378.7 1511.53
1e+07 1.4434e+09 14434 1495.88
1e+07 1.44895e+09 14489.5 1480.39
1e+07 1.45452e+09 14545.2 1465.04
1e+07 1.46012e+09 14601.2 1449.81
1e+07 1.46573e+09 14657.3 1434.77
1e+07 1.47137e+09 14713.7 1419.84
1e+07 1.47703e+09 14770.3 1405.06
1e+07 1.48271e+09 14827.1 1390.42
1e+07 1.48842e+09 14884.2 1375.9
1e+07 1.49414e+09 14941.4 1361.55
1e+07 1.49989e+09 14998.9 1347.32
1e+07 1.50566e+09 15056.6 1333.23
1e+07 1.51145e+09 15114.5 1319.28
1e+07 1.51726e+09 15172.6 1305.47
1e+07 1.5231e+09 15231 1291.77
1e+07 1.52896e+09 15289.6 1278.21
1e+07 1.53484e+09 15348.4 1264.78
1e+07 1.54074e+09 15407.4 1251.49
1e+07 1.54667e+09 15466.7 1238.31
1e+07 1.55261e+09 15526.1 1225.29
1e+07 1.55859e+09 15585.9 1212.35
1e+07 1.56458e+09 15645.8 1199.57
1e+07 1.5706e+09 15706 1186.89
1e+07 1.57664e+09 15766.4 1174.35
1e+07 1.5827e+09 15827 1161.93
1e+07 1.58879e+09 15887.9 1149.62
1e+07 1.5949e+09 15949 1137.43
1e+07 1.60104e+09 16010.4 1125.35
1e+07 1.6072e+09 16072 1113.39
1e+07 1.61338e+09 16133.8 1101.56
1e+07 1.61958e+09 16195.8 1089.84
1e+07 1.62581e+09 16258.1 1078.23
1e+07 1.63207e+09 16320.7 1066.72
1e+07 1.63834e+09 16383.4 1055.35
1e+07 1.64464e+09 16446.4 1044.08
1e+07 1.65097e+09 16509.7 1032.91
1e+07 1.65732e+09 16573.2 1021.85
1e+07 1.66369e+09 16636.9 1010.91
1e+07 1.67009e+09 16700.9 1000.07
1e+07 1.67652e+09 16765.2 989.324
1e+07 1.68297e+09 16829.7 978.691
1e+07 1.68944e+09 16894.4 968.17
1e+07 1.69594e+09 16959.4 957.744
1e+07 1.70246e+09 17024.6 947.427
1e+07 1.70901e+09 17090.1 937.205
1e+07 1.71558e+09 17155.8 927.09
1e+07 1.72218e+09 17221.8 917.068
1e+07 1.7288e+09 17288 907.152
1e+07 1.73545e+09 17354.5 897.328
1e+07 1.74213e+09 17421.3 887.593
1e+07 1.74883e+09 17488.3 877.963
1e+07 1.75556e+09 17555.6 868.422
1e+07 1.76231e+09 17623.1 858.983
1e+07 1.76909e+09 17690.9 849.632
1e+07 1.77589e+09 17758.9 840.382
1e+07 1.78272e+09 17827.2 831.218
1e+07 1.78958e+09 17895.8 822.14
1e+07 1.79646e+09 17964.6 813.16
1e+07 1.80337e+09 18033.7 804.265
1e+07 1.81031e+09 18103.1 795.454
1e+07 1.81727e+09 18172.7 786.739
1e+07 1.82426e+09 18242.6 778.107
1e+07 1.83128e+09 18312.8 769.557
1e+07 1.83832e+09 18383.2 761.101
1e+07 1.84539e+09 18453.9 752.725
1e+07 1.85249e+09 18524.9 744.43
1e+07 1.85962e+09 18596.2 736.215
1e+07 1.86677e+09 18667.7 728.09
1e+07 1.87395e+09 18739.5 720.044
1e+07 1.88116e+09 18811.6 712.076
1e+07 1.88839e+09 18883.9 704.197
1e+07 1.89565e+09 18956.5 696.394
1e+07 1.90295e+09 19029.5 688.657
1e+07 1.91027e+09 19102.7 681.006
1e+07 1.91761e+09 19176.1 673.441
1e+07 1.92499e+09 19249.9 665.939
1e+07 1.93239e+09 19323.9 658.522
1e+07 1.93983e+09 19398.3 651.169
1e+07 1.94729e+09 19472.9 643.898
1e+07 1.95478e+09 19547.8 636.7
1e+07 1.96229e+09 19622.9 629.582
1e+07 1.96984e+09 19698.4 622.527
1e+07 1.97742e+09 19774.2 615.542
1e+07 1.98502e+09 19850.2 608.637
1e+07 1.99266e+09 19926.6 601.792
1e+07 2.00032e+09 20003.2 595.025
1e+07 2.00802e+09 20080.2 588.318
1e+07 2.01574e+09 20157.4 581.687
1e+07 2.02349e+09 20234.9 575.124
1e+07 2.03128e+09 20312.8 568.619
1e+07 2.03909e+09 20390.9 562.189
1e+07 2.04693e+09 20469.3 555.825
1e+07 2.05481e+09 20548.1 549.518
1e+07 2.06271e+09 20627.1 543.284
1e+07 2.07064e+09 20706.4 537.114
1e+07 2.07861e+09 20786.1 531.001
1e+07 2.0866e+09 20866 524.958
1e+07 2.09463e+09 20946.3 518.971
1e+07 2.10269e+09 21026.9 513.046
1e+07 2.11077e+09 21107.7 507.19
1e+07 2.11889e+09 21188.9 501.388
1e+07 2.12704e+09 21270.4 495.647
1e+07 2.13522e+09 21352.2 489.966
1e+07 2.14344e+09 21434.4 484.338
1e+07 2.15168e+09 21516.8 478.777
1e+07 2.15996e+09 21599.6 473.267
1e+07 2.16826e+09 21682.6 467.823
1e+07 2.1766e+09 21766 462.43
1e+07 2.18498e+09 21849.8 457.088
1e+07 2.19338e+09 21933.8 451.81
1e+07 2.20182e+09 22018.2 446.582
1e+07 2.21028e+09 22102.8 441.415
1e+07 2.21879e+09 22187.9 436.293
1e+07 2.22732e+09 22273.2 431.231
1e+07 2.23589e+09 22358.9 426.219
1e+07 2.24449e+09 22444.9 421.26
1e+07 2.25312e+09 22531.2 416.356
1e+07 2.26179e+09 22617.9 411.499
1e+07 2.27049e+09 22704.9 406.695
1e+07 2.27922e+09 22792.2 401.944
1e+07 2.28798e+09 22879.8 397.244
1e+07 2.29679e+09 22967.9 392.586
1e+07 2.30562e+09 23056.2 387.984
1e+07 2.31449e+09 23144.9 383.427
1e+07 2.32339e+09 23233.9 378.921
1e+07 2.33233e+09 23323.3 374.459
1e+07 2.3413e+09 23413 370.047
1e+07 2.3503e+09 23503 365.685
1e+07 2.35934e+09 23593.4 361.365
1e+07 2.36842e+09 23684.2 357.09
1e+07 2.37753e+09 23775.3 352.862
1e+07 2.38667e+09 23866.7 348.682
1e+07 2.39585e+09 23958.5 344.544
1e+07 2.40507e+09 24050.7 340.448
1e+07 2.41432e+09 24143.2 336.398
1e+07 2.4236e+09 24236 332.395
1e+07 2.43292e+09 24329.2 328.432
1e+07 2.44228e+09 24422.8 324.51
1e+07 2.45168e+09 24516.8 320.628
1e+07 2.46111e+09 24611.1 316.791
1e+07 2.47057e+09 24705.7 312.998
1e+07 2.48008e+09 24800.8 309.24
1e+07 2.48961e+09 24896.1 305.529
1e+07 2.49919e+09 24991.9 301.853
1e+07 2.5088e+09 25088 298.22
1e+07 2.51845e+09 25184.5 294.625
1e+07 2.52814e+09 25281.4 291.067
1e+07 2.53786e+09 25378.6 287.551
1e+07 2.54762e+09 25476.2 284.072
1e+07 2.55742e+09 25574.2 280.63
1e+07 2.56726e+09 25672.6 277.225
1e+07 2.57713e+09 25771.3 273.86
1e+07 2.58705e+09 25870.5 270.527
1e+07 2.597e+09 25970 267.234
1e+07 2.60699e+09 26069.9 263.976
1e+07 2.61701e+09 26170.1 260.756
1e+07 2.62708e+09 26270.8 257.568
1e+07 2.63718e+09 26371.8 254.418
1e+07 2.64733e+09 26473.3 251.298
1e+07 2.65751e+09 26575.1 248.216
1e+07 2.66773e+09 26677.3 245.168
1e+07 2.67799e+09 26779.9 242.153
1e+07 2.68829e+09 26882.9 239.171
1e+07 2.69863e+09 26986.3 236.222
1e+07 2.70901e+09 27090.1 233.306
1e+07 2.71943e+09 27194.3 230.422
1e+07 2.72989e+09 27298.9 227.57
1e+07 2.74039e+09 27403.9 224.75
1e+07 2.75093e+09 27509.3 221.961
1e+07 2.76151e+09 27615.1 219.203
1e+07 2.77213e+09 27721.3 216.477
1e+07 2.7828e+09 27828 213.778
1e+07 2.7935e+09 27935 211.112
1e+07 2.80424e+09 28042.4 208.477
1e+07 2.81503e+09 28150.3 205.869
1e+07 2.82586e+09 28258.6 203.29
1e+07 2.83673e+09 28367.3 200.741
1e+07 2.84764e+09 28476.4 198.221
1e+07 2.85859e+09 28585.9 195.73
1e+07 2.86959e+09 28695.9 193.265
1e+07 2.88062e+09 28806.2 190.83
1e+07 2.8917e+09 28917 188.422
1e+07 2.90283e+09 29028.3 186.039
1e+07 2.91399e+09 29139.9 183.686
1e+07 2.9252e+09 29252 181.358
1e+07 2.93645e+09 29364.5 179.057
1e+07 2.94774e+09 29477.4 176.783
1e+07 2.95908e+09 29590.8 174.533
1e+07 2.97046e+09 29704.6 172.31
1e+07 2.98189e+09 29818.9 170.111
1e+07 2.99336e+09 29933.6 167.938
1e+07 3.00487e+09 30048.7 165.791
1e+07 3.01643e+09 30164.3 163.667
1e+07 3.02803e+09 30280.3 161.568
1e+07 3.03968e+09 30396.8 159.492
1e+07 3.05137e+09 30513.7 157.442
1e+07 3.06311e+09 30631.1 155.413
1e+07 3.07489e+09 30748.9 153.41
1e+07 3.08671e+09 30867.1 151.43
1e+07 3.09859e+09 30985.9 149.47
1e+07 3.11051e+09 31105.1 147.535
1e+07 3.12247e+09 31224.7 145.622
1e+07 3.13448e+09 31344.8 143.732
1e+07 3.14654e+09 31465.4 141.862
1e+07 3.15864e+09 31586.4 140.015
1e+07 3.17079e+09 31707.9 138.19
1e+07 3.18298e+09 31829.8 136.386
1e+07 3.19523e+09 31952.3 134.602
1e+07 3.20752e+09 32075.2 132.84
1e+07 3.21985e+09 32198.5 131.099
1e+07 3.23224e+09 32322.4 129.377
1e+07 3.24467e+09 32446.7 127.676
1e+07 3.25715e+09 32571.5 125.995
1e+07 3.26968e+09 32696.8 124.334
1e+07 3.28225e+09 32822.5 122.693
1e+07 3.29488e+09 32948.8 121.07
1e+07 3.30755e+09 33075.5 119.467
1e+07 3.32027e+09 33202.7 117.883
1e+07 3.33304e+09 33330.4 116.318
1e+07 3.34586e+09 33458.6 114.771
1e+07 3.35873e+09 33587.3 113.243
1e+07 3.37165e+09 33716.5 111.733
1e+07 3.38462e+09 33846.2 110.24
1e+07 3.39764e+09 33976.4 108.766
1e+07 3.41071e+09 34107.1 107.309
1e+07 3.42382e+09 34238.2 105.87
1e+07 3.43699e+09 34369.9 104.448
1e+07 3.45021e+09 34502.1 103.043
1e+07 3.46348e+09 34634.8 101.655
1e+07 3.47681e+09 34768.1 100.283
1e+07 3.49018e+09 34901.8 98.9285
1e+07 3.5036e+09 35036 97.5904
1e+07 3.51708e+09 35170.8 96.2677
1e+07 3.53061e+09 35306.1 94.9612
1e+07 3.54419e+09 35441.9 93.6707
1e+07 3.55782e+09 35578.2 92.3961
1e+07 3.5715e+09 35715 91.1372
1e+07 3.58524e+09 35852.4 89.893
1e+07 3.59903e+09 35990.3 88.6642
1e+07 3.61287e+09 36128.7 87.4506
1e+07 3.62677e+09 36267.7 86.2513
1e+07 3.64072e+09 36407.2 85.067
1e+07 3.65472e+09 36547.2 83.8975
1e+07 3.66878e+09 36687.8 82.7419
1e+07 3.68289e+09 36828.9 81.6008
1e+07 3.69706e+09 36970.6 80.4733
1e+07 3.71128e+09 37112.8 79.36
1e+07 3.72555e+09 37255.5 78.2609
1e+07 3.73988e+09 37398.8 77.175
1e+07 3.75426e+09 37542.6 76.1029
1e+07 3.7687e+09 37687 75.0437
1e+07 3.7832e+09 37832 73.9974
1e+07 3.79775e+09 37977.5 72.9645
1e+07 3.81236e+09 38123.6 71.9442
1e+07 3.82702e+09 38270.2 70.9371
1e+07 3.84174e+09 38417.4 69.9423
1e+07 3.85652e+09 38565.2 68.9597
1e+07 3.87135e+09 38713.5 67.9899
1e+07 3.88624e+09 38862.4 67.0321
1e+07 3.90119e+09 39011.9 66.0861
1e+07 3.91619e+09 39161.9 65.1526
1e+07 3.93126e+09 39312.6 64.23
1e+07 3.94638e+09 39463.8 63.3196
1e+07 3.96156e+09 39615.6 62.4205
1e+07 3.97679e+09 39767.9 61.5334
1e+07 3.99209e+09 39920.9 60.6568
1e+07 4.00745e+09 40074.5 59.7914
1e+07 4.02286e+09 40228.6 58.9374
1e+07 4.03833e+09 40383.3 58.0943
1e+07 4.05387e+09 40538.7 57.2613
1e+07 4.06946e+09 40694.6 56.4396
1e+07 4.08511e+09 40851.1 55.6283
1e+07 4.10082e+09 41008.2 54.8275
1e+07 4.1166e+09 41166 54.0365
1e+07 4.13243e+09 41324.3 53.2562
1e+07 4.14832e+09 41483.2 52.4859
1e+07 4.16428e+09 41642.8 51.7252
1e+07 4.1803e+09 41803 50.9744
1e+07 4.19638e+09 41963.8 50.2334
1e+07 4.21252e+09 42125.2 49.502
1e+07 4.22872e+09 42287.2 48.7803
1e+07 4.24498e+09 42449.8 48.068
1e+07 4.26131e+09 42613.1 47.3647
1e+07 4.2777e+09 42777 46.6707
1e+07 4.29415e+09 42941.5 45.9859
1e+07 4.31067e+09 43106.7 45.3097
1e+07 4.32725e+09 43272.5 44.6426
1e+07 4.34389e+09 43438.9 43.9844
1e+07 4.3606e+09 43606 43.3346
1e+07 4.37737e+09 43773.7 42.6935
1e+07 4.39421e+09 43942.1 42.0607
1e+07 4.41111e+09 44111.1 41.4364
1e+07 4.42808e+09 44280.8 40.8202
1e+07 4.44511e+09 44451.1 40.2123
1e+07 4.46221e+09 44622.1 39.6124
1e+07 4.47937e+09 44793.7 39.0206
1e+07 4.4966e+09 44966 38.4366
1e+07 4.5139e+09 45139 37.8602
1e+07 4.53126e+09 45312.6 37.2918
1e+07 4.54869e+09 45486.9 36.7309
1e+07 4.56618e+09 45661.8 36.1777
1e+07 4.58374e+09 45837.4 35.6318
1e+07 4.60138e+09 46013.8 35.093
1e+07 4.61907e+09 46190.7 34.5619
1e+07 4.63684e+09 46368.4 34.0376
1e+07 4.65467e+09 46546.7 33.5207
1e+07 4.67258e+09 46725.8 33.0104
1e+07 4.69055e+09 46905.5 32.5073
1e+07 4.70859e+09 47085.9 32.011
1e+07 4.7267e+09 47267 31.5215
1e+07 4.74488e+09 47448.8 31.0386
1e+07 4.76313e+09 47631.3 30.5623
1e+07 4.78145e+09 47814.5 30.0926
1e+07 4.79984e+09 47998.4 29.6293
1e+07 4.81831e+09 48183.1 29.1721
1e+07 4.83684e+09 48368.4 28.7214
1e+07 4.85544e+09 48554.4 28.277
1e+07 4.87412e+09 48741.2 27.8386
1e+07 4.89286e+09 48928.6 27.4064
1e+07 4.91168e+09 49116.8 26.9801
1e+07 4.93058e+09 49305.8 26.5595
1e+07 4.94954e+09 49495.4 26.145
1e+07 4.96858e+09 49685.8 25.7362
1e+07 4.98769e+09 49876.9 25.3331
1e+07 5.00687e+09 50068.7 24.9357
1e+07 5.02613e+09 50261.3 24.5437
1e+07 5.04546e+09 50454.6 24.1574
1e+07 5.06487e+09 50648.7 23.7763
1e+07 5.08435e+09 50843.5 23.4007
1e+07 5.10391e+09 51039.1 23.0302
1e+07 5.12354e+09 51235.4 22.6651
1e+07 5.14324e+09 51432.4 22.3053
1e+07 5.16303e+09 51630.3 21.9503
1e+07 5.18288e+09 51828.8 21.6006
1e+07 5.20282e+09 52028.2 21.2556
1e+07 5.22283e+09 52228.3 20.9157
1e+07 5.24292e+09 52429.2 20.5805
1e+07 5.26309e+09 52630.9 20.2502
1e+07 5.28333e+09 52833.3 19.9246
1e+07 5.30365e+09 53036.5 19.6037
1e+07 5.32405e+09 53240.5 19.2874
1e+07 5.34453e+09 53445.3 18.9756
1e+07 5.36508e+09 53650.8 18.6684
1e+07 5.38572e+09 53857.2 18.3655
1e+07 5.40643e+09 54064.3 18.0671
1e+07 5.42723e+09 54272.3 17.7729
1e+07 5.4481e+09 54481 17.4831
1e+07 5.46906e+09 54690.6 17.1974
1e+07 5.4901e+09 54901 16.9158
1e+07 5.51121e+09 55112.1 16.6385
1e+07 5.53241e+09 55324.1 16.3651
1e+07 5.55369e+09 55536.9 16.0958
1e+07 5.57505e+09 55750.5 15.8305
1e+07 5.59649e+09 55964.9 15.569
1e+07 5.61802e+09 56180.2 15.3114
1e+07 5.63963e+09 56396.3 15.0575
1e+07 5.66132e+09 56613.2 14.8075
1e+07 5.68309e+09 56830.9 14.5612
1e+07 5.70495e+09 57049.5 14.3185
1e+07 5.7269e+09 57269 14.0793
1e+07 5.74892e+09 57489.2 13.8438
1e+07 5.77104e+09 57710.4 13.6117
1e+07 5.79323e+09 57932.3 13.3833
1e+07 5.81552e+09 58155.2 13.1581
1e+07 5.83788e+09 58378.8 12.9364
1e+07 5.86034e+09 58603.4 12.7179
1e+07 5.88288e+09 58828.8 12.5028
1e+07 5.90551e+09 59055.1 12.2909
1e+07 5.92822e+09 59282.2 12.0823
1e+07 5.95102e+09 59510.2 11.8768
1e+07 5.97391e+09 59739.1 11.6744
1e+07 5.99689e+09 59968.9 11.475
1e+07 6.01995e+09 60199.5 11.2788
1e+07 6.04311e+09 60431.1 11.0855
1e+07 6.06635e+09 60663.5 10.8952
1e+07 6.08969e+09 60896.9 10.7077
1e+07 6.11311e+09 61131.1 10.5232
1e+07 6.13662e+09 61366.2 10.3415
1e+07 6.16022e+09 61602.2 10.1626
1e+07 6.18392e+09 61839.2 9.98643
1e+07 6.2077e+09 62077 9.81306
1e+07 6.23158e+09 62315.8 9.64231
1e+07 6.25555e+09 62555.5 9.47423
1e+07 6.27961e+09 62796.1 9.30878
1e+07 6.30376e+09 63037.6 9.14592
1e+07 6.32801e+09 63280.1 8.98556
1e+07 6.35235e+09 63523.5 8.82774
1e+07 6.37678e+09 63767.8 8.67241
1e+07 6.40131e+09 64013.1 8.51948
1e+07 6.42593e+09 64259.3 8.36899
1e+07 6.45065e+09 64506.5 8.22084
1e+07 6.47546e+09 64754.6 8.07506
1e+07 6.50036e+09 65003.6 7.93162
1e+07 6.52537e+09 65253.7 7.79038
1e+07 6.55046e+09 65504.6 7.65147
1e+07 6.57566e+09 65756.6 7.5147
1e+07 6.60095e+09 66009.5 7.38015
1e+07 6.62634e+09 66263.4 7.24774
1e+07 6.65183e+09 66518.3 7.11744
1e+07 6.67741e+09 66774.1 6.98928
1e+07 6.7031e+09 67031 6.86312
1e+07 6.72888e+09 67288.8 6.73903
1e+07 6.75476e+09 67547.6 6.61695
1e+07 6.78074e+09 67807.4 6.49684
1e+07 6.80682e+09 68068.2 6.37868
1e+07 6.833e+09 68330 6.26244
1e+07 6.85928e+09 68592.8 6.1481
1e+07 6.88567e+09 68856.7 6.03558
1e+07 6.91215e+09 69121.5 5.92495
1e+07 6.93874e+09 69387.4 5.81611
1e+07 6.96543e+09 69654.3 5.70905
1e+07 6.99222e+09 69922.2 5.60378
1e+07 7.01911e+09 70191.1 5.50024
1e+07 7.04611e+09 70461.1 5.3984
1e+07 7.07321e+09 70732.1 5.29825
1e+07 7.10042e+09 71004.2 5.19975
1e+07 7.12773e+09 71277.3 5.1029
1e+07 7.15514e+09 71551.4 5.00768
1e+07 7.18266e+09 71826.6 4.91403
1e+07 7.21029e+09 72102.9 4.82194
1e+07 7.23802e+09 72380.2 4.73141
1e+07 7.26586e+09 72658.6 4.64239
1e+07 7.29381e+09 72938.1 4.55486
1e+07 7.32186e+09 73218.6 4.46883
1e+07 7.35002e+09 73500.2 4.38424
1e+07 7.37829e+09 73782.9 4.30109
1e+07 7.40667e+09 74066.7 4.21934
1e+07 7.43516e+09 74351.6 4.13898
1e+07 7.46376e+09 74637.6 4.05999
1e+07 7.49247e+09 74924.7 3.98235
1e+07 7.52129e+09 75212.9 3.90604
1e+07 7.55022e+09 75502.2 3.83104
1e+07 7.57926e+09 75792.6 3.75733
1e+07 7.60841e+09 76084.1 3.68489
1e+07 7.63767e+09 76376.7 3.61372
1e+07 7.66705e+09 76670.5 3.54375
1e+07 7.69654e+09 76965.4 3.47501
1e+07 7.72614e+09 77261.4 3.40746
1e+07 7.75586e+09 77558.6 3.34108
1e+07 7.78569e+09 77856.9 3.27587
1e+07 7.81564e+09 78156.4 3.21179
1e+07 7.8457e+09 78457 3.14884
1e+07 7.87587e+09 78758.7 3.087
1e+07 7.90617e+09 79061.7 3.02623
1e+07 7.93658e+09 79365.8 2.96654
1e+07 7.9671e+09 79671 2.90792
1e+07 7.99775e+09 79977.5 2.85032
1e+07 8.02851e+09 80285.1 2.79375
1e+07 8.05939e+09 80593.9 2.73819
1e+07 8.09039e+09 80903.9 2.68361
1e+07 8.12151e+09 81215.1 2.63001
1e+07 8.15274e+09 81527.4 2.57738
1e+07 8.1841e+09 81841 2.52569
1e+07 8.21558e+09 82155.8 2.47492
1e+07 8.24718e+09 82471.8 2.42507
1e+07 8.2789e+09 82789 2.37612
1e+07 8.31074e+09 83107.4 2.32807
1e+07 8.34271e+09 83427.1 2.28087
1e+07 8.3748e+09 83748 2.23454
1e+07 8.40701e+09 84070.1 2.18905
1e+07 8.43935e+09 84393.5 2.14439
1e+07 8.47181e+09 84718.1 2.10055
1e+07 8.50439e+09 85043.9 2.05752
1e+07 8.5371e+09 85371 2.01528
1e+07 8.56994e+09 85699.4 1.97381
1e+07 8.6029e+09 86029 1.93312
1e+07 8.63599e+09 86359.9 1.89317
1e+07 8.66921e+09 86692.1 1.85396
1e+07 8.70255e+09 87025.5 1.81549
1e+07 8.73602e+09 87360.2 1.77774
1e+07 8.76962e+09 87696.2 1.74068
1e+07 8.80336e+09 88033.6 1.70431
1e+07 8.83722e+09 88372.2 1.66864
1e+07 8.87121e+09 88712.1 1.63363
1e+07 8.90533e+09 89053.3 1.59929
1e+07 8.93958e+09 89395.8 1.56559
1e+07 8.97396e+09 89739.6 1.53254
1e+07 9.00848e+09 90084.8 1.5001
1e+07 9.04313e+09 90431.3 1.46829
1e+07 9.07791e+09 90779.1 1.43708
1e+07 9.11283e+09 91128.3 1.40647
1e+07 9.14788e+09 91478.8 1.37644
1e+07 9.18307e+09 91830.7 1.34699
1e+07 9.21839e+09 92183.9 1.31811
1e+07 9.25384e+09 92538.4 1.28979
1e+07 9.28944e+09 92894.4 1.26201
1e+07 9.32517e+09 93251.7 1.23477
1e+07 9.36103e+09 93610.3 1.20806
1e+07 9.39704e+09 93970.4 1.18187
1e+07 9.43318e+09 94331.8 1.15619
1e+07 9.46946e+09 94694.6 1.13101
1e+07 9.50589e+09 95058.9 1.10632
1e+07 9.54245e+09 95424.5 1.08213
1e+07 9.57915e+09 95791.5 1.05841
1e+07 9.616e+09 96160 1.03515
1e+07 9.65298e+09 96529.8 1.01236
1e+07 9.69011e+09 96901.1 0.990013
1e+07 9.72738e+09 97273.8 0.968116
1e+07 9.7648e+09 97648 0.946651
1e+07 9.80236e+09 98023.6 0.925616
1e+07 9.84006e+09 98400.6 0.905006
1e+07 9.87791e+09 98779.1 0.884806
1e+07 9.9159e+09 99159 0.865015
1e+07 9.95404e+09 99540.4 0.845621
1e+07 9.99233e+09 99923.3 0.826618
1e+07 1.00308e+10 100308 0.807984
1e+07 1.00693e+10 100693 0.789783
1e+07 1.01081e+10 101081 0.771884
1e+07 1.01469e+10 101469 0.754416
1e+07 1.0186e+10 101860 0.73724
1e+07 1.02252e+10 102252 0.720437
1e+07 1.02645e+10 102645 0.704
1e+07 1.0304e+10 103040 0.687883
1e+07 1.03436e+10 103436 0.672119
1e+07 1.03834e+10 103834 0.656662
1e+07 1.04233e+10 104233 0.641546
1e+07 1.04634e+10 104634 0.626728
1e+07 1.05037e+10 105037 0.612202
1e+07 1.05441e+10 105441 0.597998
1e+07 1.05846e+10 105846 0.584112
1e+07 1.06253e+10 106253 0.570502
1e+07 1.06662e+10 106662 0.557164
1e+07 1.07072e+10 107072 0.544126
1e+07 1.07484e+10 107484 0.531351
1e+07 1.07897e+10 107897 0.518864
1e+07 1.08312e+10 108312 0.506631
1e+07 1.08729e+10 108729 0.494646
1e+07 1.09147e+10 109147 0.482935
1e+07 1.09567e+10 109567 0.471463
1e+07 1.09988e+10 109988 0.460254
1e+07 1.10412e+10 110412 0.449251
1e+07 1.10836e+10 110836 0.438526
1e+07 1.11262e+10 111262 0.428024
1e+07 1.1169e+10 111690 0.417741
1e+07 1.1212e+10 112120 0.407673
1e+07 1.12551e+10 112551 0.397839
1e+07 1.12984e+10 112984 0.388213
1e+07 1.13419e+10 113419 0.37879
1e+07 1.13855e+10 113855 0.369588
1e+07 1.14293e+10 114293 0.360581
1e+07 1.14733e+10 114733 0.351767
1e+07 1.15174e+10 115174 0.343162
1e+07 1.15617e+10 115617 0.334741
1e+07 1.16062e+10 116062 0.326503
1e+07 1.16508e+10 116508 0.31846
1e+07 1.16956e+10 116956 0.310592
1e+07 1.17406e+10 117406 0.302896
1e+07 1.17857e+10 117857 0.295384
1e+07 1.18311e+10 118311 0.288021
1e+07 1.18766e+10 118766 0.280836
1e+07 1.19223e+10 119223 0.273809
1e+07 1.19681e+10 119681 0.266953
1e+07 1.20142e+10 120142 0.260235
1e+07 1.20604e+10 120604 0.253681
1e+07 1.21068e+10 121068 0.247274
1e+07 1.21533e+10 121533 0.241024
1e+07 1.22001e+10 122001 0.234902
1e+07 1.2247e+10 122470 0.22893
1e+07 1.22941e+10 122941 0.223094
1e+07 1.23414e+10 123414 0.217391
1e+07 1.23889e+10 123889 0.211818
1e+07 1.24365e+10 124365 0.206384
1e+07 1.24843e+10 124843 0.201075
1e+07 1.25324e+10 125324 0.195878
1e+07 1.25806e+10 125806 0.190811
1e+07 1.26289e+10 126289 0.185872
1e+07 1.26775e+10 126775 0.181038
1e+07 1.27263e+10 127263 0.176317
1e+07 1.27752e+10 127752 0.171715
1e+07 1.28244e+10 128244 0.167213
1e+07 1.28737e+10 128737 0.162826
1e+07 1.29232e+10 129232 0.158543
1e+07 1.29729e+10 129729 0.154361
1e+07 1.30228e+10 130228 0.150279
1e+07 1.30729e+10 130729 0.146295
1e+07 1.31232e+10 131232 0.142406
1e+07 1.31737e+10 131737 0.13861
1e+07 1.32243e+10 132243 0.134914
1e+07 1.32752e+10 132752 0.1313
1e+07 1.33263e+10 133263 0.127773
1e+07 1.33775e+10 133775 0.124339
1e+07 1.3429e+10 134290 0.120983
1e+07 1.34806e+10 134806 0.117715
1e+07 1.35325e+10 135325 0.114521
1e+07 1.35845e+10 135845 0.111412
1e+07 1.36368e+10 136368 0.108375
1e+07 1.36892e+10 136892 0.105418
1e+07 1.37419e+10 137419 0.10253
1e+07 1.37947e+10 137947 0.0997186
1e+07 1.38478e+10 138478 0.0969729
1e+07 1.39011e+10 139011 0.0942963
1e+07 1.39545e+10 139545 0.0916921
1e+07 1.40082e+10 140082 0.0891491
1e+07 1.40621e+10 140621 0.0866707
1e+07 1.41162e+10 141162 0.0842555
1e+07 1.41705e+10 141705 0.0819019
1e+07 1.4225e+10 142250 0.0796087
1e+07 1.42797e+10 142797 0.0773745
1e+07 1.43346e+10 143346 0.0751979
1e+07 1.43897e+10 143897 0.0730777
1e+07 1.44451e+10 144451 0.0710087
1e+07 1.45006e+10 145006 0.0689973
1e+07 1.45564e+10 145564 0.067035
1e+07 1.46124e+10 146124 0.065124
1e+07 1.46686e+10 146686 0.0632634
1e+07 1.4725e+10 147250 0.0614518
1e+07 1.47817e+10 147817 0.059685
1e+07 1.48385e+10 148385 0.0579682
1e+07 1.48956e+10 148956 0.0562941
1e+07 1.49529e+10 149529 0.0546648
1e+07 1.50104e+10 150104 0.0530792
1e+07 1.50681e+10 150681 0.0515361
1e+07 1.51261e+10 151261 0.0500321
1e+07 1.51843e+10 151843 0.0485688
1e+07 1.52427e+10 152427 0.0471452
1e+07 1.53013e+10 153013 0.0457604
1e+07 1.53602e+10 153602 0.0444111
1e+07 1.54192e+10 154192 0.043101
1e+07 1.54785e+10 154785 0.0418247
1e+07 1.55381e+10 155381 0.0405815
1e+07 1.55978e+10 155978 0.0393748
1e+07 1.56578e+10 156578 0.0381995
1e+07 1.57181e+10 157181 0.0370551
1e+07 1.57785e+10 157785 0.0359444
1e+07 1.58392e+10 158392 0.0348631
1e+07 1.59001e+10 159001 0.0338121
1e+07 1.59613e+10 159613 0.0327891
1e+07 1.60227e+10 160227 0.031795
1e+07 1.60843e+10 160843 0.0308292
1e+07 1.61462e+10 161462 0.0298892
1e+07 1.62083e+10 162083 0.0289761
1e+07 1.62706e+10 162706 0.0280891
1e+07 1.63332e+10 163332 0.0272262
1e+07 1.6396e+10 163960 0.0263882
1e+07 1.64591e+10 164591 0.0255731
1e+07 1.65224e+10 165224 0.0247816
1e+07 1.65859e+10 165859 0.0240131
1e+07 1.66497e+10 166497 0.0232659
1e+07 1.67138e+10 167138 0.0225394
1e+07 1.67781e+10 167781 0.0218342
1e+07 1.68426e+10 168426 0.0211497
1e+07 1.69074e+10 169074 0.0204845
1e+07 1.69724e+10 169724 0.0198389
1e+07 1.70377e+10 170377 0.0192116
1e+07 1.71032e+10 171032 0.018603
1e+07 1.7169e+10 171690 0.0180117
1e+07 1.7235e+10 172350 0.0174381
1e+07 1.73013e+10 173013 0.0168809
1e+07 1.73679e+10 173679 0.0163397
1e+07 1.74347e+10 174347 0.015815
1e+07 1.75017e+10 175017 0.0153061
1e+07 1.7569e+10 175690 0.014812
1e+07 1.76366e+10 176366 0.0143323
1e+07 1.77045e+10 177045 0.0138666
1e+07 1.77726e+10 177726 0.0134153
1e+07 1.78409e+10 178409 0.0129778
1e+07 1.79095e+10 179095 0.0125533
1e+07 1.79784e+10 179784 0.0121413
1e+07 1.80476e+10 180476 0.0117416
1e+07 1.8117e+10 181170 0.0113544
1e+07 1.81867e+10 181867 0.0109787
1e+07 1.82566e+10 182566 0.0106149
1e+07 1.83268e+10 183268 0.010262
1e+07 1.83973e+10 183973 0.00991983
1e+07 1.84681e+10 184681 0.00958801
1e+07 1.85391e+10 185391 0.00926674
1e+07 1.86104e+10 186104 0.00895529
1e+07 1.8682e+10 186820 0.00865338
1e+07 1.87539e+10 187539 0.00836076
1e+07 1.8826e+10 188260 0.00807757
1e+07 1.88984e+10 188984 0.00780314
1e+07 1.89711e+10 189711 0.00753724
1e+07 1.90441e+10 190441 0.00727963
1e+07 1.91173e+10 191173 0.00703042
1e+07 1.91909e+10 191909 0.0067887
1e+07 1.92647e+10 192647 0.00655492
1e+07 1.93388e+10 193388 0.00632852
1e+07 1.94132e+10 194132 0.0061093
1e+07 1.94878e+10 194878 0.00589734
1e+07 1.95628e+10 195628 0.00569187
1e+07 1.9638e+10 196380 0.00549325
1e+07 1.97136e+10 197136 0.00530075
1e+07 1.97894e+10 197894 0.00511471
1e+07 1.98655e+10 198655 0.00493469
1e+07 1.99419e+10 199419 0.00476051
1e+07 2.00186e+10 200186 0.00459201
1e+07 2.00956e+10 200956 0.00442901
1e+07 2.01729e+10 201729 0.00427136
1e+07 2.02505e+10 202505 0.0041189
1e+07 2.03284e+10 203284 0.00397147
1e+07 2.04066e+10 204066 0.00382892
1e+07 2.04851e+10 204851 0.00369111
1e+07 2.05638e+10 205638 0.00355806
1e+07 2.06429e+10 206429 0.00342931
1e+07 2.07223e+10 207223 0.00330487
1e+07 2.0802e+10 208020 0.00318463
1e+07 2.08821e+10 208821 0.0030683
1e+07 2.09624e+10 209624 0.00295606
1e+07 2.1043e+10 210430 0.00284764
1e+07 2.11239e+10 211239 0.00274291
1e+07 2.12052e+10 212052 0.00264165
1e+07 2.12868e+10 212868 0.00254387
1e+07 2.13686e+10 213686 0.00244958
1e+07 2.14508e+10 214508 0.00235843
1e+07 2.15333e+10 215333 0.00227045
1e+07 2.16161e+10 216161 0.00218554
1e+07 2.16993e+10 216993 0.00210349
1e+07 2.17827e+10 217827 0.00202441
1e+07 2.18665e+10 218665 0.00194802
1e+07 2.19506e+10 219506 0.00187433
1e+07 2.20351e+10 220351 0.00180316
1e+07 2.21198e+10 221198 0.0017346
1e+07 2.22049e+10 222049 0.00166841
1e+07 2.22903e+10 222903 0.00160458
1e+07 2.2376e+10 223760 0.00154304
1e+07 2.24621e+10 224621 0.00148365
1e+07 2.25485e+10 225485 0.0014264
1e+07 2.26352e+10 226352 0.00137123
1e+07 2.27223e+10 227223 0.001318
1e+07 2.28097e+10 228097 0.00126671
1e+07 2.28974e+10 228974 0.0012173
1e+07 2.29855e+10 229855 0.00116965
1e+07 2.30739e+10 230739 0.00112376
1e+07 2.31627e+10 231627 0.00107951
1e+07 2.32517e+10 232517 0.00103695
1e+07 2.33412e+10 233412 0.000995878
1e+07 2.3431e+10 234310 0.000956341
1e+07 2.35211e+10 235211 0.000918285
1e+07 2.36115e+10 236115 0.000881659
1e+07 2.37024e+10 237024 0.000846335
1e+07 2.37935e+10 237935 0.000812384
1e+07 2.3885e+10 238850 0.000779685
1e+07 2.39769e+10 239769 0.000748197
1e+07 2.40691e+10 240691 0.000717911
1e+07 2.41617e+10 241617 0.000688755
1e+07 2.42546e+10 242546 0.000660719
1e+07 2.43479e+10 243479 0.000633735
1e+07 2.44416e+10 244416 0.000607768
1e+07 2.45356e+10 245356 0.000582808
1e+07 2.463e+10 246300 0.000558796
1e+07 2.47247e+10 247247 0.000535722
1e+07 2.48198e+10 248198 0.000513529
1e+07 2.49153e+10 249153 0.000492186
1e+07 2.50111e+10 250111 0.000471686
1e+07 2.51073e+10 251073 0.000451977
1e+07 2.52039e+10 252039 0.000433031
1e+07 2.53008e+10 253008 0.00041484
1e+07 2.53981e+10 253981 0.000397358
1e+07 2.54958e+10 254958 0.000380561
1e+07 2.55939e+10 255939 0.000364423
1e+07 2.56923e+10 256923 0.000348936
1e+07 2.57911e+10 257911 0.000334062
1e+07 2.58903e+10 258903 0.000319777
1e+07 2.59899e+10 259899 0.000306062
1e+07 2.60899e+10 260899 0.000292894
1e+07 2.61902e+10 261902 0.000280267
1e+07 2.6291e+10 262910 0.000268135
1e+07 2.63921e+10 263921 0.000256505
1e+07 2.64936e+10 264936 0.000245346
1e+07 2.65955e+10 265955 0.00023464
1e+07 2.66978e+10 266978 0.00022437
1e+07 2.68005e+10 268005 0.000214521
1e+07 2.69036e+10 269036 0.000205076
1e+07 2.70071e+10 270071 0.000196021
1e+07 2.71109e+10 271109 0.000187348
1e+07 2.72152e+10 272152 0.000179026
1e+07 2.73199e+10 273199 0.000171051
1e+07 2.7425e+10 274250 0.00016341
1e+07 2.75304e+10 275304 0.000156095
1e+07 2.76363e+10 276363 0.000149081
1e+07 2.77426e+10 277426 0.000142363
1e+07 2.78493e+10 278493 0.00013593
1e+07 2.79565e+10 279565 0.000129764
1e+07 2.8064e+10 280640 0.000123867
1e+07 2.81719e+10 281719 0.000118222
1e+07 2.82803e+10 282803 0.000112814
1e+07 2.83891e+10 283891 0.000107639
1e+07 2.84983e+10 284983 0.000102687
1e+07 2.86079e+10 286079 9.79504e-05
1e+07 2.87179e+10 287179 9.34197e-05
1e+07 2.88284e+10 288284 8.90829e-05
1e+07 2.89392e+10 289392 8.49398e-05
1e+07 2.90506e+10 290506 8.09717e-05
1e+07 2.91623e+10 291623 7.71819e-05
1e+07 2.92745e+10 292745 7.35566e-05
1e+07 2.93871e+10 293871 7.00923e-05
1e+07 2.95001e+10 295001 6.67823e-05
1e+07 2.96136e+10 296136 6.36175e-05
1e+07 2.97275e+10 297275 6.05946e-05
1e+07 2.98418e+10 298418 5.77078e-05
1e+07 2.99566e+10 299566 5.49489e-05
1e+07 3.00718e+10 300718 5.23151e-05
1e+07 3.01875e+10 301875 4.97988e-05
1e+07 3.03036e+10 303036 4.73973e-05
1e+07 3.04201e+10 304201 4.51057e-05
1e+07 3.05371e+10 305371 4.29176e-05
1e+07 3.06546e+10 306546 4.08284e-05
1e+07 3.07725e+10 307725 3.88359e-05
1e+07 3.08909e+10 308909 3.69342e-05
1e+07 3.10097e+10 310097 3.5121e-05
1e+07 3.11289e+10 311289 3.33926e-05
1e+07 3.12487e+10 312487 3.17423e-05
1e+07 3.13689e+10 313689 3.01697e-05
1e+07 3.14895e+10 314895 2.86713e-05
1e+07 3.16106e+10 316106 2.72426e-05
1e+07 3.17322e+10 317322 2.58807e-05
1e+07 3.18543e+10 318543 2.45827e-05
1e+07 3.19768e+10 319768 2.33467e-05
1e+07 3.20998e+10 320998 2.21691e-05
1e+07 3.22233e+10 322233 2.10472e-05
1e+07 3.23472e+10 323472 1.99796e-05
1e+07 3.24716e+10 324716 1.89628e-05
1e+07 3.25965e+10 325965 1.79948e-05
1e+07 3.27219e+10 327219 1.70733e-05
1e+07 3.28477e+10 328477 1.61968e-05
1e+07 3.29741e+10 329741 1.53622e-05
1e+07 3.31009e+10 331009 1.45686e-05
1e+07 3.32282e+10 332282 1.38137e-05
1e+07 3.3356e+10 333560 1.30957e-05
1e+07 3.34843e+10 334843 1.2413e-05
1e+07 3.36131e+10 336131 1.17638e-05
1e+07 3.37424e+10 337424 1.11467e-05
1e+07 3.38722e+10 338722 1.05602e-05
1e+07 3.40025e+10 340025 1.00028e-05
1e+07 3.41333e+10 341333 9.47332e-06
1e+07 3.42645e+10 342645 8.97069e-06
1e+07 3.43963e+10 343963 8.49296e-06
1e+07 3.45286e+10 345286 8.03931e-06
1e+07 3.46614e+10 346614 7.60863e-06
1e+07 3.47948e+10 347948 7.1995e-06
1e+07 3.49286e+10 349286 6.81151e-06
1e+07 3.50629e+10 350629 6.44336e-06
1e+07 3.51978e+10 351978 6.09384e-06
1e+07 3.53332e+10 353332 5.76231e-06
1e+07 3.54691e+10 354691 5.44791e-06
1e+07 3.56055e+10 356055 5.1498e-06
1e+07 3.57425e+10 357425 4.867e-06
1e+07 3.58799e+10 358799 4.59915e-06
1e+07 3.60179e+10 360179 4.34514e-06
1e+07 3.61565e+10 361565 4.10432e-06
1e+07 3.62955e+10 362955 3.87635e-06
1e+07 3.64351e+10 364351 3.6603e-06
1e+07 3.65753e+10 365753 3.45557e-06
1e+07 3.6716e+10 367160 3.26175e-06
1e+07 3.68572e+10 368572 3.0783e-06
1e+07 3.69989e+10 369989 2.90468e-06
1e+07 3.71413e+10 371413 2.74018e-06
1e+07 3.72841e+10 372841 2.58468e-06
1e+07 3.74275e+10 374275 2.4375e-06
1e+07 3.75715e+10 375715 2.29824e-06
1e+07 3.7716e+10 377160 2.16657e-06
1e+07 3.78611e+10 378611 2.04203e-06
1e+07 3.80067e+10 380067 1.92433e-06
1e+07 3.81529e+10 381529 1.81305e-06
1e+07 3.82996e+10 382996 1.70792e-06
1e+07 3.84469e+10 384469 1.60856e-06
1e+07 3.85948e+10 385948 1.51468e-06
1e+07 3.87433e+10 387433 1.42598e-06
1e+07 3.88923e+10 388923 1.34226e-06
1e+07 3.90419e+10 390419 1.2632e-06
1e+07 3.9192e+10 391920 1.18861e-06
1e+07 3.93428e+10 393428 1.11814e-06
1e+07 3.94941e+10 394941 1.05169e-06
1e+07 3.9646e+10 396460 9.88984e-07
1e+07 3.97985e+10 397985 9.29831e-07
1e+07 3.99516e+10 399516 8.7404e-07
1e+07 4.01052e+10 401052 8.21465e-07
1e+07 4.02595e+10 402595 7.71867e-07
1e+07 4.04143e+10 404143 7.25148e-07
1e+07 4.05698e+10 405698 6.81093e-07
1e+07 4.07258e+10 407258 6.39613e-07
1e+07 4.08825e+10 408825 6.00516e-07
1e+07 4.10397e+10 410397 5.63718e-07
1e+07 4.11976e+10 411976 5.2905e-07
1e+07 4.1356e+10 413560 4.96435e-07
1e+07 4.15151e+10 415151 4.6572e-07
1e+07 4.16748e+10 416748 4.3682e-07
1e+07 4.18351e+10 418351 4.09632e-07
1e+07 4.1996e+10 419960 3.84061e-07
1e+07 4.21575e+10 421575 3.60016e-07
1e+07 4.23197e+10 423197 3.37397e-07
1e+07 4.24824e+10 424824 3.1615e-07
1e+07 4.26458e+10 426458 2.96172e-07
1e+07 4.28099e+10 428099 2.77392e-07
1e+07 4.29745e+10 429745 2.59762e-07
1e+07 4.31398e+10 431398 2.43197e-07
1e+07 4.33057e+10 433057 2.27645e-07
1e+07 4.34723e+10 434723 2.13038e-07
1e+07 4.36395e+10 436395 1.99331e-07
1e+07 4.38074e+10 438074 1.86462e-07
1e+07 4.39759e+10 439759 1.74392e-07
1e+07 4.4145e+10 441450 1.63072e-07
1e+07 4.43148e+10 443148 1.52453e-07
1e+07 4.44853e+10 444853 1.42494e-07
1e+07 4.46564e+10 446564 1.3316e-07
1e+07 4.48281e+10 448281 1.24415e-07
1e+07 4.50005e+10 450005 1.16219e-07
1e+07 4.51736e+10 451736 1.08539e-07
1e+07 4.53474e+10 453474 1.01345e-07
1e+07 4.55218e+10 455218 9.46101e-08
1e+07 4.56969e+10 456969 8.83043e-08
1e+07 4.58727e+10 458727 8.24012e-08
1e+07 4.60491e+10 460491 7.68795e-08
1e+07 4.62262e+10 462262 7.17131e-08
1e+07 4.6404e+10 464040 6.68801e-08
1e+07 4.65825e+10 465825 6.23601e-08
1e+07 4.67617e+10 467617 5.81339e-08
1e+07 4.69415e+10 469415 5.41856e-08
1e+07 4.71221e+10 471221 5.04937e-08
1e+07 4.73033e+10 473033 4.70461e-08
1e+07 4.74853e+10 474853 4.38241e-08
1e+07 4.76679e+10 476679 4.08168e-08
1e+07 4.78513e+10 478513 3.80077e-08
1e+07 4.80353e+10 480353 3.53871e-08
1e+07 4.82201e+10 482201 3.29403e-08
1e+07 4.84055e+10 484055 3.06589e-08
1e+07 4.85917e+10 485917 2.85299e-08
1e+07 4.87786e+10 487786 2.65447e-08
1e+07 4.89662e+10 489662 2.46941e-08
1e+07 4.91546e+10 491546 2.29685e-08
1e+07 4.93436e+10 493436 2.13615e-08
1e+07 4.95334e+10 495334 1.98638e-08
1e+07 4.97239e+10 497239 1.84691e-08
1e+07 4.99152e+10 499152 1.71698e-08
1e+07 5.01072e+10 501072 1.59605e-08
1e+07 5.02999e+10 502999 1.48353e-08
1e+07 5.04934e+10 504934 1.37879e-08
1e+07 5.06876e+10 506876 1.28137e-08
1e+07 5.08825e+10 508825 1.1908e-08
1e+07 5.10783e+10 510783 1.10652e-08
1e+07 5.12747e+10 512747 1.02823e-08
1e+07 5.14719e+10 514719 9.55462e-09
1e+07 5.16699e+10 516699 8.87837e-09
1e+07 5.18687e+10 518687 8.25012e-09
1e+07 5.20682e+10 520682 7.66689e-09
1e+07 5.22684e+10 522684 7.12561e-09
1e+07 5.24695e+10 524695 6.62289e-09
1e+07 5.26713e+10 526713 6.15658e-09
1e+07 5.28739e+10 528739 5.72394e-09
1e+07 5.30772e+10 530772 5.32286e-09
1e+07 5.32814e+10 532814 4.95076e-09
1e+07 5.34863e+10 534863 4.60598e-09
1e+07 5.3692e+10 536920 4.28646e-09
1e+07 5.38986e+10 538986 3.99028e-09
1e+07 5.41059e+10 541059 3.71607e-09
1e+07 5.4314e+10 543140 3.46216e-09
1e+07 5.45229e+10 545229 3.22711e-09
1e+07 5.47326e+10 547326 3.00958e-09
1e+07 5.49431e+10 549431 2.80832e-09
1e+07 5.51544e+10 551544 2.62216e-09
1e+07 5.53666e+10 553666 2.44995e-09
1e+07 5.55795e+10 555795 2.29082e-09
1e+07 5.57933e+10 557933 2.1437e-09
1e+07 5.60079e+10 560079 2.00778e-09
1e+07 5.62233e+10 562233 1.88224e-09
1e+07 5.64396e+10 564396 1.76627e-09
1e+07 5.66567e+10 566567 1.65922e-09
1e+07 5.68746e+10 568746 1.56043e-09
1e+07 5.70934e+10 570934 1.46926e-09
1e+07 5.73129e+10 573129 1.3852e-09
1e+07 5.75334e+10 575334 1.30764e-09
1e+07 5.77547e+10 577547 1.23615e-09
1e+07 5.79768e+10 579768 1.17027e-09
1e+07 5.81998e+10 581998 1.10956e-09
1e+07 5.84237e+10 584237 1.05362e-09
1e+07 5.86484e+10 586484 1.00213e-09
1e+07 5.8874e+10 588740 9.54715e-10
1e+07 5.91004e+10 591004 9.11091e-10
1e+07 5.93277e+10 593277 8.70948e-10
1e+07 5.95559e+10 595559 8.34021e-10
1e+07 5.9785e+10 597850 8.00061e-10
1e+07 6.00149e+10 600149 7.68854e-10
1e+07 6.02458e+10 602458 7.4016e-10
1e+07 6.04775e+10 604775 7.13808e-10
1e+07 6.07101e+10 607101 6.89604e-10
1e+07 6.09436e+10 609436 6.6738e-10
1e+07 6.1178e+10 611780 6.46981e-10
1e+07 6.14133e+10 614133 6.28261e-10
1e+07 6.16496e+10 616496 6.11082e-10
1e+07 6.18867e+10 618867 5.95334e-10
1e+07 6.21247e+10 621247 5.80898e-10
1e+07 6.23637e+10 623637 5.67661e-10
1e+07 6.26035e+10 626035 5.5554e-10
1e+07 6.28443e+10 628443 5.44433e-10
1e+07 6.3086e+10 630860 5.34264e-10
1e+07 6.33287e+10 633287 5.24953e-10
1e+07 6.35723e+10 635723 5.16434e-10
1e+07 6.38168e+10 638168 5.08641e-10
1e+07 6.40623e+10 640623 5.01512e-10
1e+07 6.43087e+10 643087 4.94996e-10
1e+07 6.4556e+10 645560 4.89042e-10
1e+07 6.48043e+10 648043 4.836e-10
1e+07 6.50536e+10 650536 4.78629e-10
1e+07 6.53038e+10 653038 4.74091e-10
1e+07 6.5555e+10 655550 4.69948e-10
1e+07 6.58071e+10 658071 4.66169e-10
1e+07 6.60602e+10 660602 4.62637e-10
1e+07 6.63143e+10 663143 4.59174e-10
1e+07 6.65694e+10 665694 4.55696e-10
1e+07 6.68254e+10 668254 4.52207e-10
1e+07 6.70824e+10 670824 4.48703e-10
1e+07 6.73405e+10 673405 4.45185e-10
1e+07 6.75995e+10 675995 4.41655e-10
1e+07 6.78595e+10 678595 4.38111e-10
1e+07 6.81205e+10 681205 4.34553e-10
1e+07 6.83825e+10 683825 4.30982e-10
1e+07 6.86455e+10 686455 4.27397e-10
1e+07 6.89096e+10 689096 4.23797e-10
1e+07 6.91746e+10 691746 4.20184e-10
1e+07 6.94407e+10 694407 4.16557e-10
1e+07 6.97078e+10 697078 4.12916e-10
1e+07 6.99759e+10 699759 4.09262e-10
1e+07 7.0245e+10 702450 4.05594e-10
1e+07 7.05152e+10 705152 4.01911e-10
1e+07 7.07864e+10 707864 3.98214e-10
1e+07 7.10587e+10 710587 3.94502e-10
1e+07 7.1332e+10 713320 3.90777e-10
1e+07 7.16064e+10 716064 3.87036e-10
1e+07 7.18818e+10 718818 3.83282e-10
1e+07 7.21583e+10 721583 3.79513e-10
1e+07 7.24358e+10 724358 3.75731e-10
1e+07 7.27144e+10 727144 3.71933e-10
1e+07 7.29941e+10 729941 3.6812e-10
1e+07 7.32749e+10 732749 3.64293e-10
1e+07 7.35567e+10 735567 3.60452e-10
1e+07 7.38396e+10 738396 3.56595e-10
1e+07 7.41236e+10 741236 3.52724e-10
1e+07 7.44087e+10 744087 3.48838e-10
1e+07 7.46949e+10 746949 3.44937e-10
1e+07 7.49822e+10 749822 3.4102e-10
1e+07 7.52706e+10 752706 3.37089e-10
1e+07 7.55601e+10 755601 3.33143e-10
1e+07 7.58508e+10 758508 3.2918e-10
1e+07 7.61425e+10 761425 3.25204e-10
1e+07 7.64354e+10 764354 3.21212e-10
1e+07 7.67294e+10 767294 3.17204e-10
1e+07 7.70245e+10 770245 3.13182e-10
1e+07 7.73208e+10 773208 3.09143e-10
1e+07 7.76182e+10 776182 3.05089e-10
1e+07 7.79167e+10 779167 3.0102e-10
1e+07 7.82164e+10 782164 2.96935e-10
1e+07 7.85172e+10 785172 2.92834e-10
1e+07 7.88192e+10 788192 2.88718e-10
1e+07 7.91224e+10 791224 2.84585e-10
1e+07 7.94267e+10 794267 2.80437e-10
1e+07 7.97322e+10 797322 2.76273e-10
1e+07 8.00389e+10 800389 2.72092e-10
1e+07 8.03468e+10 803468 2.67895e-10
1e+07 8.06558e+10 806558 2.63683e-10
1e+07 8.0966e+10 809660 2.59455e-10
1e+07 8.12774e+10 812774 2.5521e-10
1e+07 8.15901e+10 815901 2.50947e-10
1e+07 8.19039e+10 819039 2.4667e-10
1e+07 8.22189e+10 822189 2.42376e-10
1e+07 8.25351e+10 825351 2.38066e-10
1e+07 8.28526e+10 828526 2.33738e-10
1e+07 8.31713e+10 831713 2.29394e-10
1e+07 8.34912e+10 834912 2.25033e-10
1e+07 8.38123e+10 838123 2.20656e-10
1e+07 8.41347e+10 841347 2.16262e-10
1e+07 8.44583e+10 844583 2.11851e-10
1e+07 8.47831e+10 847831 2.07423e-10
1e+07 8.51092e+10 851092 2.02978e-10
1e+07 8.54366e+10 854366 1.98515e-10
1e+07 8.57652e+10 857652 1.94036e-10
1e+07 8.60951e+10 860951 1.89539e-10
1e+07 8.64262e+10 864262 1.85026e-10
1e+07 8.67586e+10 867586 1.80495e-10
1e+07 8.70923e+10 870923 1.75946e-10
1e+07 8.74273e+10 874273 1.7138e-10
1e+07 8.77636e+10 877636 1.66796e-10
1e+07 8.81012e+10 881012 1.62194e-10
1e+07 8.844e+10 884400 1.57576e-10
1e+07 8.87802e+10 887802 1.52938e-10
1e+07 8.91217e+10 891217 1.48283e-10
1e+07 8.94645e+10 894645 1.43611e-10
1e+07 8.98086e+10 898086 1.3892e-10
1e+07 9.0154e+10 901540 1.34212e-10
1e+07 9.05008e+10 905008 1.29485e-10
1e+07 9.08489e+10 908489 1.2474e-10
1e+07 9.11983e+10 911983 1.19977e-10
1e+07 9.15491e+10 915491 1.15195e-10
1e+07 9.19012e+10 919012 1.10396e-10
1e+07 9.22547e+10 922547 1.05577e-10
1e+07 9.26095e+10 926095 1.00741e-10
1e+07 9.29657e+10 929657 9.58853e-11
1e+07 9.33233e+10 933233 9.10108e-11
1e+07 9.36822e+10 936822 8.61186e-11
1e+07 9.40426e+10 940426 8.1206e-11
1e+07 9.44043e+10 944043 7.62756e-11
1e+07 9.47674e+10 947674 7.13262e-11
1e+07 9.51319e+10 951319 6.63576e-11
1e+07 9.54978e+10 954978 6.137e-11
1e+07 9.58651e+10 958651 5.63633e-11
1e+07 9.62338e+10 962338 5.13375e-11
1e+07 9.6604e+10 966040 4.62913e-11
1e+07 9.69755e+10 969755 4.12273e-11
1e+07 9.73485e+10 973485 3.61429e-11
1e+07 9.7723e+10 977230 3.1038e-11
1e+07 9.80988e+10 980988 2.59155e-11
1e+07 9.84762e+10 984762 2.07711e-11
1e+07 9.88549e+10 988549 1.5609e-11
1e+07 9.92352e+10 992352 1.04251e-11
1e+07 9.96168e+10 996168 5.22344e-12
1e+07 1e+11 1e+06 0

1e+08 1e+06 10 1.65496e+10
1e+08 1.00385e+06 10.0385 1.64228e+10
1e+08 1.00771e+06 10.0771 1.62972e+10
1e+08 1.01158e+06 10.1158 1.61727e+10
1e+08 1.01547e+06 10.1547 1.6049e+10
1e+08 1.01938e+06 10.1938 1.59261e+10
1e+08 1.0233e+06 10.233 1.58043e+10
1e+08 1.02724e+06 10.2724 1.56832e+10
1e+08 1.03119e+06 10.3119 1.55633e+10
1e+08 1.03515e+06 10.3515 1.54444e+10
1e+08 1.03914e+06 10.3914 1.5326e+10
1e+08 1.04313e+06 10.4313 1.52089e+10
1e+08 1.04714e+06 10.4714 1.50926e+10
1e+08 1.05117e+06 10.5117 1.49771e+10
1e+08 1.05522e+06 10.5522 1.48623e+10
1e+08 1.05927e+06 10.5927 1.47488e+10
1e+08 1.06335e+06 10.6335 1.46358e+10
1e+08 1.06744e+06 10.6744 1.45238e+10
1e+08 1.07154e+06 10.7154 1.44128e+10
1e+08 1.07567e+06 10.7567 1.43023e+10
1e+08 1.0798e+06 10.798 1.41931e+10
1e+08 1.08396e+06 10.8396 1.40843e+10
1e+08 1.08813e+06 10.8813 1.39765e+10
1e+08 1.09231e+06 10.9231 1.38697e+10
1e+08 1.09651e+06 10.9651 1.37637e+10
1e+08 1.10073e+06 11.0073 1.36583e+10
1e+08 1.10496e+06 11.0496 1.35539e+10
1e+08 1.10921e+06 11.0921 1.34502e+10
1e+08 1.11348e+06 11.1348 1.33472e+10
1e+08 1.11776e+06 11.1776 1.32451e+10
1e+08 1.12206e+06 11.2206 1.31438e+10
1e+08 1.12638e+06 11.2638 1.30431e+10
1e+08 1.13071e+06 11.3071 1.29434e+10
1e+08 1.13506e+06 11.3506 1.28443e+10
1e+08 1.13942e+06 11.3942 1.27462e+10
1e+08 1.14381e+06 11.4381 1.26485e+10
1e+08 1.14821e+06 11.4821 1.25517e+10
1e+08 1.15262e+06 11.5262 1.24558e+10
1e+08 1.15706e+06 11.5706 1.23603e+10
1e+08 1.16151e+06 11.6151 1.22658e+10
1e+08 1.16597e+06 11.6597 1.21721e+10
1e+08 1.17046e+06 11.7046 1.20788e+10
1e+08 1.17496e+06 11.7496 1.19864e+10
1e+08 1.17948e+06 11.7948 1.18947e+10
1e+08 1.18402e+06 11.8402 1.18036e+10
1e+08 1.18857e+06 11.8857 1.17134e+10
1e+08 1.19314e+06 11.9314 1.16238e+10
1e+08 1.19773e+06 11.9773 1.15349e+10
1e+08 1.20234e+06 12.0234 1.14465e+10
1e+08 1.20696e+06 12.0696 1.1359e+10
1e+08 1.21161e+06 12.1161 1.1272e+10
1e+08 1.21627e+06 12.1627 1.11857e+10
1e+08 1.22094e+06 12.2094 1.11003e+10
1e+08 1.22564e+06 12.2564 1.10153e+10
1e+08 1.23035e+06 12.3035 1.09311e+10
1e+08 1.23509e+06 12.3509 1.08473e+10
1e+08 1.23984e+06 12.3984 1.07643e+10
1e+08 1.24461e+06 12.4461 1.06819e+10
1e+08 1.24939e+06 12.4939 1.06003e+10
1e+08 1.2542e+06 12.542 1.05191e+10
1e+08 1.25902e+06 12.5902 1.04387e+10
1e+08 1.26386e+06 12.6386 1.03589e+10
1e+08 1.26873e+06 12.6873 1.02795e+10
1e+08 1.27361e+06 12.7361 1.02008e+10
1e+08 1.2785e+06 12.785 1.01229e+10
1e+08 1.28342e+06 12.8342 1.00454e+10
1e+08 1.28836e+06 12.8836 9.96848e+09
1e+08 1.29331e+06 12.9331 9.89229e+09
1e+08 1.29829e+06 12.9829 9.81651e+09
1e+08 1.30328e+06 13.0328 9.74146e+09
1e+08 1.30829e+06 13.0829 9.66696e+09
1e+08 1.31333e+06 13.1333 9.59287e+09
1e+08 1.31838e+06 13.1838 9.51949e+09
1e+08 1.32345e+06 13.2345 9.44666e+09
1e+08 1.32854e+06 13.2854 9.37438e+09
1e+08 1.33365e+06 13.3365 9.30265e+09
1e+08 1.33878e+06 13.3878 9.23146e+09
1e+08 1.34393e+06 13.4393 9.16082e+09
1e+08 1.3491e+06 13.491 9.09071e+09
1e+08 1.35429e+06 13.5429 9.02113e+09
1e+08 1.3595e+06 13.595 8.95209e+09
1e+08 1.36472e+06 13.6472 8.88371e+09
1e+08 1.36997e+06 13.6997 8.81572e+09
1e+08 1.37524e+06 13.7524 8.74826e+09
1e+08 1.38053e+06 13.8053 8.68131e+09
1e+08 1.38584e+06 13.8584 8.61488e+09
1e+08 1.39117e+06 13.9117 8.54896e+09
1e+08 1.39652e+06 13.9652 8.48356e+09
1e+08 1.4019e+06 14.019 8.41854e+09
1e+08 1.40729e+06 14.0729 8.35415e+09
1e+08 1.4127e+06 14.127 8.29025e+09
1e+08 1.41813e+06 14.1813 8.22686e+09
1e+08 1.42359e+06 14.2359 8.16384e+09
1e+08 1.42906e+06 14.2906 8.10144e+09
1e+08 1.43456e+06 14.3456 8.03941e+09
1e+08 1.44008e+06 14.4008 7.97786e+09
1e+08 1.44562e+06 14.4562 7.9168e+09
1e+08 1.45118e+06 14.5118 7.85623e+09
1e+08 1.45676e+06 14.5676 7.79613e+09
1e+08 1.46236e+06 14.6236 7.7365e+09
1e+08 1.46799e+06 14.6799 7.67725e+09
1e+08 1.47363e+06 14.7363 7.61857e+09
1e+08 1.4793e+06 14.793 7.56025e+09
1e+08 1.48499e+06 14.8499 7.50239e+09
1e+08 1.4907e+06 14.907 7.445e+09
1e+08 1.49644e+06 14.9644 7.38797e+09
1e+08 1.50219e+06 15.0219 7.33149e+09
1e+08 1.50797e+06 15.0797 7.27537e+09
1e+08 1.51377e+06 15.1377 7.21969e+09
1e+08 1.51959e+06 15.1959 7.16447e+09
1e+08 1.52544e+06 15.2544 7.1096e+09
1e+08 1.5313e+06 15.313 7.05526e+09
1e+08 1.53719e+06 15.3719 7.00127e+09
1e+08 1.54311e+06 15.4311 6.94763e+09
1e+08 1.54904e+06 15.4904 6.89451e+09
1e+08 1.555e+06 15.55 6.84173e+09
1e+08 1.56098e+06 15.6098 6.78938e+09
1e+08 1.56699e+06 15.6699 6.73738e+09
1e+08 1.57301e+06 15.7301 6.68588e+09
1e+08 1.57906e+06 15.7906 6.63472e+09
1e+08 1.58514e+06 15.8514 6.58389e+09
1e+08 1.59123e+06 15.9123 6.53357e+09
1e+08 1.59735e+06 15.9735 6.48357e+09
1e+08 1.6035e+06 16.035 6.43391e+09
1e+08 1.60967e+06 16.0967 6.38465e+09
1e+08 1.61586e+06 16.1586 6.3358e+09
1e+08 1.62207e+06 16.2207 6.28736e+09
1e+08 1.62831e+06 16.2831 6.23924e+09
1e+08 1.63457e+06 16.3457 6.19151e+09
1e+08 1.64086e+06 16.4086 6.14411e+09
1e+08 1.64717e+06 16.4717 6.0971e+09
1e+08 1.65351e+06 16.5351 6.05041e+09
1e+08 1.65987e+06 16.5987 6.00411e+09
1e+08 1.66625e+06 16.6625 5.95819e+09
1e+08 1.67266e+06 16.7266 5.91259e+09
1e+08 1.67909e+06 16.7909 5.86736e+09
1e+08 1.68555e+06 16.8555 5.82245e+09
1e+08 1.69204e+06 16.9204 5.77785e+09
1e+08 1.69854e+06 16.9854 5.73368e+09
1e+08 1.70508e+06 17.0508 5.68976e+09
1e+08 1.71163e+06 17.1163 5.64627e+09
1e+08 1.71822e+06 17.1822 5.60302e+09
1e+08 1.72483e+06 17.2483 5.56013e+09
1e+08 1.73146e+06 17.3146 5.51761e+09
1e+08 1.73812e+06 17.3812 5.47538e+09
1e+08 1.74481e+06 17.4481 5.43345e+09
1e+08 1.75152e+06 17.5152 5.39187e+09
1e+08 1.75825e+06 17.5825 5.35065e+09
1e+08 1.76502e+06 17.6502 5.30966e+09
1e+08 1.77181e+06 17.7181 5.26902e+09
1e+08 1.77862e+06 17.7862 5.22873e+09
1e+08 1.78546e+06 17.8546 5.18872e+09
1e+08 1.79233e+06 17.9233 5.14899e+09
1e+08 1.79922e+06 17.9922 5.10961e+09
1e+08 1.80614e+06 18.0614 5.07051e+09
1e+08 1.81309e+06 18.1309 5.03169e+09
1e+08 1.82006e+06 18.2006 4.9932e+09
1e+08 1.82706e+06 18.2706 4.95499e+09
1e+08 1.83409e+06 18.3409 4.91705e+09
1e+08 1.84115e+06 18.4115 4.87939e+09
1e+08 1.84823e+06 18.4823 4.84206e+09
1e+08 1.85534e+06 18.5534 4.805e+09
1e+08 1.86247e+06 18.6247 4.76826e+09
1e+08 1.86964e+06 18.6964 4.73173e+09
1e+08 1.87683e+06 18.7683 4.69552e+09
1e+08 1.88405e+06 18.8405 4.65958e+09
1e+08 1.89129e+06 18.9129 4.62395e+09
1e+08 1.89857e+06 18.9857 4.58854e+09
1e+08 1.90587e+06 19.0587 4.55343e+09
1e+08 1.9132e+06 19.132 4.51859e+09
1e+08 1.92056e+06 19.2056 4.484e+09
1e+08 1.92795e+06 19.2795 4.44967e+09
1e+08 1.93536e+06 19.3536 4.41564e+09
1e+08 1.94281e+06 19.4281 4.38182e+09
1e+08 1.95028e+06 19.5028 4.34829e+09
1e+08 1.95778e+06 19.5778 4.31502e+09
1e+08 1.96531e+06 19.6531 4.282e+09
1e+08 1.97287e+06 19.7287 4.24922e+09
1e+08 1.98046e+06 19.8046 4.21669e+09
1e+08 1.98808e+06 19.8808 4.18441e+09
1e+08 1.99572e+06 19.9572 4.15241e+09
1e+08 2.0034e+06 20.034 4.12061e+09
1e+08 2.0111e+06 20.111 4.0891e+09
1e+08 2.01884e+06 20.1884 4.05779e+09
1e+08 2.0266e+06 20.266 4.02675e+09
1e+08 2.0344e+06 20.344 3.99591e+09
1e+08 2.04222e+06 20.4222 3.96535e+09
1e+08 2.05008e+06 20.5008 3.93498e+09
1e+08 2.05796e+06 20.5796 3.90488e+09
1e+08 2.06588e+06 20.6588 3.87498e+09
1e+08 2.07383e+06 20.7383 3.8453e+09
1e+08 2.0818e+06 20.818 3.8159e+09
1e+08 2.08981e+06 20.8981 3.78668e+09
1e+08 2.09785e+06 20.9785 3.75769e+09
1e+08 2.10592e+06 21.0592 3.72893e+09
1e+08 2.11402e+06 21.1402 3.70039e+09
1e+08 2.12215e+06 21.2215 3.67207e+09
1e+08 2.13031e+06 21.3031 3.64397e+09
1e+08 2.1385e+06 21.385 3.6161e+09
1e+08 2.14673e+06 21.4673 3.5884e+09
1e+08 2.15499e+06 21.5499 3.56093e+09
1e+08 2.16327e+06 21.6327 3.5337e+09
1e+08 2.1716e+06 21.716 3.50662e+09
1e+08 2.17995e+06 21.7995 3.47979e+09
1e+08 2.18833e+06 21.8833 3.45317e+09
1e+08 2.19675e+06 21.9675 3.42673e+09
1e+08 2.2052e+06 22.052 3.4005e+09
1e+08 2.21368e+06 22.1368 3.37448e+09
1e+08 2.2222e+06 22.222 3.34864e+09
1e+08 2.23074e+06 22.3074 3.32303e+09
1e+08 2.23932e+06 22.3932 3.29759e+09
1e+08 2.24794e+06 22.4794 3.27233e+09
1e+08 2.25658e+06 22.5658 3.2473e+09
1e+08 2.26526e+06 22.6526 3.22245e+09
1e+08 2.27397e+06 22.7397 3.19779e+09
1e+08 2.28272e+06 22.8272 3.1733e+09
1e+08 2.2915e+06 22.915 3.14901e+09
1e+08 2.30031e+06 23.0031 3.12492e+09
1e+08 2.30916e+06 23.0916 3.101e+09
1e+08 2.31804e+06 23.1804 3.07726e+09
1e+08 2.32696e+06 23.2696 3.0537e+09
1e+08 2.33591e+06 23.3591 3.03033e+09
1e+08 2.34489e+06 23.4489 3.00714e+09
1e+08 2.35391e+06 23.5391 2.98412e+09
1e+08 2.36297e+06 23.6297 2.96127e+09
1e+08 2.37206e+06 23.7206 2.9386e+09
1e+08 2.38118e+06 23.8118 2.91611e+09
1e+08 2.39034e+06 23.9034 2.89379e+09
1e+08 2.39953e+06 23.9953 2.87165e+09
1e+08 2.40876e+06 24.0876 2.84966e+09
1e+08 2.41803e+06 24.1803 2.82784e+09
1e+08 2.42733e+06 24.2733 2.80619e+09
1e+08 2.43666e+06 24.3666 2.78473e+09
1e+08 2.44604e+06 24.4604 2.76339e+09
1e+08 2.45544e+06 24.5544 2.74226e+09
1e+08 2.46489e+06 24.6489 2.72126e+09
1e+08 2.47437e+06 24.7437 2.70043e+09
1e+08 2.48389e+06 24.8389 2.67975e+09
1e+08 2.49344e+06 24.9344 2.65924e+09
1e+08 2.50303e+06 25.0303 2.63889e+09
1e+08 2.51266e+06 25.1266 2.61868e+09
1e+08 2.52232e+06 25.2232 2.59865e+09
1e+08 2.53202e+06 25.3202 2.57876e+09
1e+08 2.54176e+06 25.4176 2.55902e+09
1e+08 2.55154e+06 25.5154 2.53942e+09
1e+08 2.56135e+06 25.6135 2.51999e+09
1e+08 2.57121e+06 25.7121 2.50068e+09
1e+08 2.58109e+06 25.8109 2.48156e+09
1e+08 2.59102e+06 25.9102 2.46256e+09
1e+08 2.60099e+06 26.0099 2.4437e+09
1e+08 2.61099e+06 26.1099 2.425e+09
1e+08 2.62104e+06 26.2104 2.40642e+09
1e+08 2.63112e+06 26.3112 2.388e+09
1e+08 2.64124e+06 26.4124 2.36972e+09
1e+08 2.6514e+06 26.514 2.35158e+09
1e+08 2.66159e+06 26.6159 2.33359e+09
1e+08 2.67183e+06 26.7183 2.31573e+09
1e+08 2.68211e+06 26.8211 2.29799e+09
1e+08 2.69242e+06 26.9242 2.28041e+09
1e+08 2.70278e+06 27.0278 2.26295e+09
1e+08 2.71318e+06 27.1318 2.24562e+09
1e+08 2.72361e+06 27.2361 2.22843e+09
1e+08 2.73409e+06 27.3409 2.21137e+09
1e+08 2.7446e+06 27.446 2.19445e+09
1e+08 2.75516e+06 27.5516 2.17764e+09
1e+08 2.76576e+06 27.6576 2.16097e+09
1e+08 2.77639e+06 27.7639 2.14444e+09
1e+08 2.78707e+06 27.8707 2.12802e+09
1e+08 2.79779e+06 27.9779 2.11173e+09
1e+08 2.80855e+06 28.0855 2.09556e+09
1e+08 2.81936e+06 28.1936 2.07951e+09
1e+08 2.8302e+06 28.302 2.0636e+09
1e+08 2.84109e+06 28.4109 2.04779e+09
1e+08 2.85201e+06 28.5201 2.03213e+09
1e+08 2.86298e+06 28.6298 2.01657e+09
1e+08 2.874e+06 28.74 2.00112e+09
1e+08 2.88505e+06 28.8505 1.9858e+09
1e+08 2.89615e+06 28.9615 1.9706e+09
1e+08 2.90729e+06 29.0729 1.95551e+09
1e+08 2.91847e+06 29.1847 1.94054e+09
1e+08 2.92969e+06 29.2969 1.92569e+09
1e+08 2.94096e+06 29.4096 1.91095e+09
1e+08 2.95227e+06 29.5227 1.89632e+09
1e+08 2.96363e+06 29.6363 1.8818e+09
1e+08 2.97503e+06 29.7503 1.86739e+09
1e+08 2.98647e+06 29.8647 1.8531e+09
1e+08 2.99796e+06 29.9796 1.8389e+09
1e+08 3.00949e+06 30.0949 1.82483e+09
1e+08 3.02106e+06 30.2106 1.81086e+09
1e+08 3.03268e+06 30.3268 1.797e+09
1e+08 3.04435e+06 30.4435 1.78323e+09
1e+08 3.05606e+06 30.5606 1.76958e+09
1e+08 3.06781e+06 30.6781 1.75604e+09
1e+08 3.07961e+06 30.7961 1.74259e+09
1e+08 3.09146e+06 30.9146 1.72925e+09
1e+08 3.10335e+06 31.0335 1.71601e+09
1e+08 3.11529e+06 31.1529 1.70286e+09
1e+08 3.12727e+06 31.2727 1.68983e+09
1e+08 3.1393e+06 31.393 1.67689e+09
1e+08 3.15137e+06 31.5137 1.66406e+09
1e+08 3.16349e+06 31.6349 1.65132e+09
1e+08 3.17566e+06 31.7566 1.63867e+09
1e+08 3.18787e+06 31.8787 1.62613e+09
1e+08 3.20014e+06 32.0014 1.61367e+09
1e+08 3.21244e+06 32.1244 1.60132e+09
1e+08 3.2248e+06 32.248 1.58906e+09
1e+08 3.2372e+06 32.372 1.5769e+09
1e+08 3.24966e+06 32.4966 1.56481e+09
1e+08 3.26215e+06 32.6215 1.55284e+09
1e+08 3.2747e+06 32.747 1.54095e+09
1e+08 3.2873e+06 32.873 1.52915e+09
1e+08 3.29994e+06 32.9994 1.51744e+09
1e+08 3.31263e+06 33.1263 1.50582e+09
1e+08 3.32537e+06 33.2537 1.4943e+09
1e+08 3.33817e+06 33.3817 1.48285e+09
1e+08 3.351e+06 33.51 1.4715e+09
1e+08 3.36389e+06 33.6389 1.46023e+09
1e+08 3.37683e+06 33.7683 1.44905e+09
1e+08 3.38982e+06 33.8982 1.43795e+09
1e+08 3.40286e+06 34.0286 1.42694e+09
1e+08 3.41595e+06 34.1595 1.41601e+09
1e+08 3.42909e+06 34.2909 1.40517e+09
1e+08 3.44228e+06 34.4228 1.39441e+09
1e+08 3.45552e+06 34.5552 1.38373e+09
1e+08 3.46881e+06 34.6881 1.37314e+09
1e+08 3.48215e+06 34.8215 1.36263e+09
1e+08 3.49554e+06 34.9554 1.35219e+09
1e+08 3.50899e+06 35.0899 1.34184e+09
1e+08 3.52248e+06 35.2248 1.33157e+09
1e+08 3.53603e+06 35.3603 1.32137e+09
1e+08 3.54963e+06 35.4963 1.31125e+09
1e+08 3.56329e+06 35.6329 1.30121e+09
1e+08 3.57699e+06 35.7699 1.29125e+09
1e+08 3.59075e+06 35.9075 1.28136e+09
1e+08 3.60456e+06 36.0456 1.27154e+09
1e+08 3.61842e+06 36.1842 1.26181e+09
1e+08 3.63234e+06 36.3234 1.25215e+09
1e+08 3.64631e+06 36.4631 1.24256e+09
1e+08 3.66034e+06 36.6034 1.23304e+09
1e+08 3.67442e+06 36.7442 1.2236e+09
1e+08 3.68855e+06 36.8855 1.21423e+09
1e+08 3.70274e+06 37.0274 1.20493e+09
1e+08 3.71698e+06 37.1698 1.1957e+09
1e+08 3.73128e+06 37.3128 1.18654e+09
1e+08 3.74563e+06 37.4563 1.17746e+09
1e+08 3.76003e+06 37.6003 1.16845e+09
1e+08 3.7745e+06 37.745 1.15949e+09
1e+08 3.78901e+06 37.8901 1.15062e+09
1e+08 3.80359e+06 38.0359 1.1418e+09
1e+08 3.81822e+06 38.1822 1.13306e+09
1e+08 3.8329e+06 38.329 1.12439e+09
1e+08 3.84765e+06 38.4765 1.11577e+09
1e+08 3.86244e+06 38.6244 1.10723e+09
1e+08 3.8773e+06 38.773 1.09875e+09
1e+08 3.89221e+06 38.9221 1.09034e+09
1e+08 3.90718e+06 39.0718 1.08199e+09
1e+08 3.92221e+06 39.2221 1.0737e+09
1e+08 3.9373e+06 39.373 1.06548e+09
1e+08 3.95244e+06 39.5244 1.05732e+09
1e+08 3.96765e+06 39.6765 1.04922e+09
1e+08 3.98291e+06 39.8291 1.04118e+09
1e+08 3.99823e+06 39.9823 1.03321e+09
1e+08 4.0136e+06 40.136 1.0253e+09
1e+08 4.02904e+06 40.2904 1.01744e+09
1e+08 4.04454e+06 40.4454 1.00965e+09
1e+08 4.06009e+06 40.6009 1.00192e+09
1e+08 4.07571e+06 40.7571 9.94247e+08
1e+08 4.09139e+06 40.9139 9.8663e+08
1e+08 4.10712e+06 41.0712 9.79077e+08
1e+08 4.12292e+06 41.2292 9.71577e+08
1e+08 4.13878e+06 41.3878 9.64135e+08
1e+08 4.1547e+06 41.547 9.5675e+08
1e+08 4.17068e+06 41.7068 9.49423e+08
1e+08 4.18672e+06 41.8672 9.42152e+08
1e+08 4.20282e+06 42.0282 9.34937e+08
1e+08 4.21899e+06 42.1899 9.27775e+08
1e+08 4.23522e+06 42.3522 9.20668e+08
1e+08 4.25151e+06 42.5151 9.13616e+08
1e+08 4.26786e+06 42.6786 9.06619e+08
1e+08 4.28427e+06 42.8427 8.99678e+08
1e+08 4.30075e+06 43.0075 8.92786e+08
1e+08 4.3173e+06 43.173 8.85945e+08
1e+08 4.3339e+06 43.339 8.79161e+08
1e+08 4.35057e+06 43.5057 8.72427e+08
1e+08 4.3673e+06 43.673 8.65747e+08
1e+08 4.3841e+06 43.841 8.59115e+08
1e+08 4.40096e+06 44.0096 8.52535e+08
1e+08 4.41789e+06 44.1789 8.46004e+08
1e+08 4.43488e+06 44.3488 8.39525e+08
1e+08 4.45194e+06 44.5194 8.33094e+08
1e+08 4.46907e+06 44.6907 8.2671e+08
1e+08 4.48626e+06 44.8626 8.20378e+08
1e+08 4.50351e+06 45.0351 8.14096e+08
1e+08 4.52083e+06 45.2083 8.0786e+08
1e+08 4.53822e+06 45.3822 8.01672e+08
1e+08 4.55568e+06 45.5568 7.95529e+08
1e+08 4.5732e+06 45.732 7.89437e+08
1e+08 4.59079e+06 45.9079 7.8339e+08
1e+08 4.60845e+06 46.0845 7.77388e+08
1e+08 4.62617e+06 46.2617 7.71435e+08
1e+08 4.64397e+06 46.4397 7.65523e+08
1e+08 4.66183e+06 46.6183 7.5966e+08
1e+08 4.67976e+06 46.7976 7.53841e+08
1e+08 4.69776e+06 46.9776 7.48066e+08
1e+08 4.71583e+06 47.1583 7.42336e+08
1e+08 4.73397e+06 47.3397 7.36649e+08
1e+08 4.75217e+06 47.5217 7.31008e+08
1e+08 4.77045e+06 47.7045 7.25408e+08
1e+08 4.7888e+06 47.888 7.1985e+08
1e+08 4.80722e+06 48.0722 7.14336e+08
1e+08 4.82571e+06 48.2571 7.08864e+08
1e+08 4.84427e+06 48.4427 7.03434e+08
1e+08 4.8629e+06 48.629 6.98045e+08
1e+08 4.88161e+06 48.8161 6.92696e+08
1e+08 4.90038e+06 49.0038 6.87391e+08
1e+08 4.91923e+06 49.1923 6.82125e+08
1e+08 4.93815e+06 49.3815 6.769e+08
1e+08 4.95715e+06 49.5715 6.71712e+08
1e+08 4.97621e+06 49.7621 6.66568e+08
1e+08 4.99535e+06 49.9535 6.61461e+08
1e+08 5.01457e+06 50.1457 6.56392e+08
1e+08 5.03385e+06 50.3385 6.51366e+08
1e+08 5.05322e+06 50.5322 6.46373e+08
1e+08 5.07265e+06 50.7265 6.41423e+08
1e+08 5.09216e+06 50.9216 6.36509e+08
1e+08 5.11175e+06 51.1175 6.31631e+08
1e+08 5.13141e+06 51.3141 6.26793e+08
1e+08 5.15115e+06 51.5115 6.2199e+08
1e+08 5.17096e+06 51.7096 6.17225e+08
1e+08 5.19085e+06 51.9085 6.12496e+08
1e+08 5.21081e+06 52.1081 6.07805e+08
1e+08 5.23086e+06 52.3086 6.03146e+08
1e+08 5.25098e+06 52.5098 5.98525e+08
1e+08 5.27117e+06 52.7117 5.93941e+08
1e+08 5.29145e+06 52.9145 5.89389e+08
1e+08 5.3118e+06 53.118 5.84874e+08
1e+08 5.33223e+06 53.3223 5.80393e+08
1e+08 5.35274e+06 53.5274 5.75946e+08
1e+08 5.37333e+06 53.7333 5.71532e+08
1e+08 5.394e+06 53.94 5.67153e+08
1e+08 5.41474e+06 54.1474 5.62809e+08
1e+08 5.43557e+06 54.3557 5.58496e+08
1e+08 5.45648e+06 54.5648 5.54216e+08
1e+08 5.47746e+06 54.7746 5.49971e+08
1e+08 5.49853e+06 54.9853 5.45756e+08
1e+08 5.51968e+06 55.1968 5.41574e+08
1e+08 5.54091e+06 55.4091 5.37425e+08
1e+08 5.56222e+06 55.6222 5.33307e+08
1e+08 5.58362e+06 55.8362 5.29219e+08
1e+08 5.60509e+06 56.0509 5.25165e+08
1e+08 5.62665e+06 56.2665 5.21141e+08
1e+08 5.64829e+06 56.4829 5.17148e+08
1e+08 5.67002e+06 56.7002 5.13184e+08
1e+08 5.69183e+06 56.9183 5.09252e+08
1e+08 5.71372e+06 57.1372 5.0535e+08
1e+08 5.7357e+06 57.357 5.01477e+08
1e+08 5.75776e+06 57.5776 4.97634e+08
1e+08 5.7799e+06 57.799 4.93822e+08
1e+08 5.80214e+06 58.0214 4.90036e+08
1e+08 5.82445e+06 58.2445 4.86282e+08
1e+08 5.84685e+06 58.4685 4.82556e+08
1e+08 5.86934e+06 58.6934 4.78858e+08
1e+08 5.89192e+06 58.9192 4.75188e+08
1e+08 5.91458e+06 59.1458 4.71547e+08
1e+08 5.93733e+06 59.3733 4.67933e+08
1e+08 5.96017e+06 59.6017 4.64346e+08
1e+08 5.98309e+06 59.8309 4.60789e+08
1e+08 6.0061e+06 60.061 4.57258e+08
1e+08 6.02921e+06 60.2921 4.53752e+08
1e+08 6.0524e+06 60.524 4.50275e+08
1e+08 6.07567e+06 60.7567 4.46826e+08
1e+08 6.09904e+06 60.9904 4.43401e+08
1e+08 6.1225e+06 61.225 4.40003e+08
1e+08 6.14605e+06 61.4605 4.3663e+08
1e+08 6.16969e+06 61.6969 4.33284e+08
1e+08 6.19342e+06 61.9342 4.29963e+08
1e+08 6.21724e+06 62.1724 4.26668e+08
1e+08 6.24116e+06 62.4116 4.23397e+08
1e+08 6.26516e+06 62.6516 4.20153e+08
1e+08 6.28926e+06 62.8926 4.16933e+08
1e+08 6.31345e+06 63.1345 4.13737e+08
1e+08 6.33773e+06 63.3773 4.10567e+08
1e+08 6.36211e+06 63.6211 4.0742e+08
1e+08 6.38658e+06 63.8658 4.04297e+08
1e+08 6.41115e+06 64.1115 4.01198e+08
1e+08 6.4358e+06 64.358 3.98124e+08
1e+08 6.46056e+06 64.6056 3.95071e+08
1e+08 6.48541e+06 64.8541 3.92043e+08
1e+08 6.51035e+06 65.1035 3.89039e+08
1e+08 6.53539e+06 65.3539 3.86057e+08
1e+08 6.56053e+06 65.6053 3.83098e+08
1e+08 6.58576e+06 65.8576 3.80162e+08
1e+08 6.6111e+06 66.111 3.77247e+08
1e+08 6.63652e+06 66.3652 3.74356e+08
1e+08 6.66205e+06 66.6205 3.71486e+08
1e+08 6.68767e+06 66.8767 3.68639e+08
1e+08 6.7134e+06 67.134 3.65812e+08
1e+08 6.73922e+06 67.3922 3.63009e+08
1e+08 6.76514e+06 67.6514 3.60226e+08
1e+08 6.79116e+06 67.9116 3.57465e+08
1e+08 6.81728e+06 68.1728 3.54725e+08
1e+08 6.8435e+06 68.435 3.52006e+08
1e+08 6.86982e+06 68.6982 3.49308e+08
1e+08 6.89625e+06 68.9625 3.46629e+08
1e+08 6.92277e+06 69.2277 3.43973e+08
1e+08 6.9494e+06 69.494 3.41335e+08
1e+08 6.97613e+06 69.7613 3.38719e+08
1e+08 7.00296e+06 70.0296 3.36122e+08
1e+08 7.0299e+06 70.299 3.33545e+08
1e+08 7.05694e+06 70.5694 3.30988e+08
1e+08 7.08408e+06 70.8408 3.28451e+08
1e+08 7.11133e+06 71.1133 3.25933e+08
1e+08 7.13868e+06 71.3868 3.23434e+08
1e+08 7.16614e+06 71.6614 3.20954e+08
1e+08 7.1937e+06 71.937 3.18494e+08
1e+08 7.22137e+06 72.2137 3.16052e+08
1e+08 7.24914e+06 72.4914 3.1363e+08
1e+08 7.27703e+06 72.7703 3.11225e+08
1e+08 7.30502e+06 73.0502 3.08838e+08
1e+08 7.33311e+06 73.3311 3.06471e+08
1e+08 7.36132e+06 73.6132 3.04121e+08
1e+08 7.38963e+06 73.8963 3.0179e+08
1e+08 7.41806e+06 74.1806 2.99475e+08
1e+08 7.44659e+06 74.4659 2.97179e+08
1e+08 7.47523e+06 74.7523 2.94901e+08
1e+08 7.50398e+06 75.0398 2.9264e+08
1e+08 7.53284e+06 75.3284 2.90397e+08
1e+08 7.56182e+06 75.6182 2.88169e+08
1e+08 7.5909e+06 75.909 2.8596e+08
1e+08 7.6201e+06 76.201 2.83767e+08
1e+08 7.64941e+06 76.4941 2.81592e+08
1e+08 7.67883e+06 76.7883 2.79433e+08
1e+08 7.70837e+06 77.0837 2.7729e+08
1e+08 7.73801e+06 77.3801 2.75164e+08
1e+08 7.76778e+06 77.6778 2.73054e+08
1e+08 7.79765e+06 77.9765 2.7096e+08
1e+08 7.82765e+06 78.2765 2.68882e+08
1e+08 7.85775e+06 78.5775 2.66821e+08
1e+08 7.88798e+06 78.8798 2.64774e+08
1e+08 7.91832e+06 79.1832 2.62744e+08
1e+08 7.94877e+06 79.4877 2.60729e+08
1e+08 7.97935e+06 79.7935 2.5873e+08
1e+08 8.01004e+06 80.1004 2.56746e+08
1e+08 8.04085e+06 80.4085 2.54777e+08
1e+08 8.07177e+06 80.7177 2.52823e+08
1e+08 8.10282e+06 81.0282 2.50884e+08
1e+08 8.13399e+06 81.3399 2.4896e+08
1e+08 8.16527e+06 81.6527 2.47051e+08
1e+08 8.19668e+06 81.9668 2.45156e+08
1e+08 8.2282e+06 82.282 2.43277e+08
1e+08 8.25985e+06 82.5985 2.41411e+08
1e+08 8.29162e+06 82.9162 2.39559e+08
1e+08 8.32352e+06 83.2352 2.37722e+08
1e+08 8.35553e+06 83.5553 2.35899e+08
1e+08 8.38767e+06 83.8767 2.34089e+08
1e+08 8.41993e+06 84.1993 2.32294e+08
1e+08 8.45231e+06 84.5231 2.30513e+08
1e+08 8.48482e+06 84.8482 2.28745e+08
1e+08 8.51746e+06 85.1746 2.2699e+08
1e+08 8.55022e+06 85.5022 2.25249e+08
1e+08 8.58311e+06 85.8311 2.23521e+08
1e+08 8.61612e+06 86.1612 2.21807e+08
1e+08 8.64926e+06 86.4926 2.20106e+08
1e+08 8.68253e+06 86.8253 2.18418e+08
1e+08 8.71592e+06 87.1592 2.16742e+08
1e+08 8.74945e+06 87.4945 2.1508e+08
1e+08 8.7831e+06 87.831 2.1343e+08
1e+08 8.81688e+06 88.1688 2.11793e+08
1e+08 8.8508e+06 88.508 2.10168e+08
1e+08 8.88484e+06 88.8484 2.08556e+08
1e+08 8.91901e+06 89.1901 2.06957e+08
1e+08 8.95332e+06 89.5332 2.05369e+08
1e+08 8.98775e+06 89.8775 2.03794e+08
1e+08 9.02232e+06 90.2232 2.0223e+08
1e+08 9.05703e+06 90.5703 2.00679e+08
1e+08 9.09186e+06 90.9186 1.9914e+08
1e+08 9.12683e+06 91.2683 1.97612e+08
1e+08 9.16194e+06 91.6194 1.96096e+08
1e+08 9.19718e+06 91.9718 1.94591e+08
1e+08 9.23255e+06 92.3255 1.93099e+08
1e+08 9.26806e+06 92.6806 1.91617e+08
1e+08 9.30371e+06 93.0371 1.90147e+08
1e+08 9.3395e+06 93.395 1.88688e+08
1e+08 9.37542e+06 93.7542 1.87241e+08
1e+08 9.41148e+06 94.1148 1.85804e+08
1e+08 9.44768e+06 94.4768 1.84379e+08
1e+08 9.48402e+06 94.8402 1.82964e+08
1e+08 9.5205e+06 95.205 1.8156e+08
1e+08 9.55711e+06 95.5711 1.80168e+08
1e+08 9.59387e+06 95.9387 1.78785e+08
1e+08 9.63077e+06 96.3077 1.77414e+08
1e+08 9.66782e+06 96.6782 1.76052e+08
1e+08 9.705e+06 97.05 1.74702e+08
1e+08 9.74233e+06 97.4233 1.73361e+08
1e+08 9.7798e+06 97.798 1.72031e+08
1e+08 9.81742e+06 98.1742 1.70711e+08
1e+08 9.85518e+06 98.5518 1.69401e+08
1e+08 9.89309e+06 98.9309 1.68101e+08
1e+08 9.93114e+06 99.3114 1.66811e+08
1e+08 9.96934e+06 99.6934 1.65531e+08
1e+08 1.00077e+07 100.077 1.6426e+08
1e+08 1.00462e+07 100.462 1.63e+08
1e+08 1.00848e+07 100.848 1.6175e+08
1e+08 1.01236e+07 101.236 1.60509e+08
1e+08 1.01625e+07 101.625 1.59278e+08
1e+08 1.02016e+07 102.016 1.58055e+08
1e+08 1.02409e+07 102.409 1.56841e+08
1e+08 1.02803e+07 102.803 1.55637e+08
1e+08 1.03198e+07 103.198 1.54444e+08
1e+08 1.03595e+07 103.595 1.53258e+08
1e+08 1.03993e+07 103.993 1.52083e+08
1e+08 1.04393e+07 104.393 1.50916e+08
1e+08 1.04795e+07 104.795 1.49756e+08
1e+08 1.05198e+07 105.198 1.48607e+08
1e+08 1.05603e+07 105.603 1.47466e+08
1e+08 1.06009e+07 106.009 1.46334e+08
1e+08 1.06417e+07 106.417 1.45211e+08
1e+08 1.06826e+07 106.826 1.44097e+08
1e+08 1.07237e+07 107.237 1.42991e+08
1e+08 1.07649e+07 107.649 1.41894e+08
1e+08 1.08063e+07 108.063 1.40805e+08
1e+08 1.08479e+07 108.479 1.39724e+08
1e+08 1.08896e+07 108.896 1.38652e+08
1e+08 1.09315e+07 109.315 1.37587e+08
1e+08 1.09735e+07 109.735 1.36532e+08
1e+08 1.10157e+07 110.157 1.35484e+08
1e+08 1.10581e+07 110.581 1.34444e+08
1e+08 1.11007e+07 111.007 1.3341e+08
1e+08 1.11433e+07 111.433 1.32388e+08
1e+08 1.11862e+07 111.862 1.31371e+08
1e+08 1.12292e+07 112.292 1.30363e+08
1e+08 1.12724e+07 112.724 1.29362e+08
1e+08 1.13158e+07 113.158 1.28368e+08
1e+08 1.13593e+07 113.593 1.27383e+08
1e+08 1.1403e+07 114.03 1.26405e+08
1e+08 1.14469e+07 114.469 1.25434e+08
1e+08 1.14909e+07 114.909 1.24472e+08
1e+08 1.15351e+07 115.351 1.23516e+08
1e+08 1.15794e+07 115.794 1.22569e+08
1e+08 1.1624e+07 116.24 1.21627e+08
1e+08 1.16687e+07 116.687 1.20693e+08
1e+08 1.17136e+07 117.136 1.19766e+08
1e+08 1.17586e+07 117.586 1.18848e+08
1e+08 1.18039e+07 118.039 1.17934e+08
1e+08 1.18493e+07 118.493 1.17028e+08
1e+08 1.18948e+07 118.948 1.16131e+08
1e+08 1.19406e+07 119.406 1.15239e+08
1e+08 1.19865e+07 119.865 1.14354e+08
1e+08 1.20326e+07 120.326 1.13476e+08
1e+08 1.20789e+07 120.789 1.12605e+08
1e+08 1.21254e+07 121.254 1.11739e+08
1e+08 1.2172e+07 121.72 1.10882e+08
1e+08 1.22188e+07 122.188 1.10031e+08
1e+08 1.22658e+07 122.658 1.09186e+08
1e+08 1.2313e+07 123.13 1.08347e+08
1e+08 1.23603e+07 123.603 1.07516e+08
1e+08 1.24079e+07 124.079 1.06689e+08
1e+08 1.24556e+07 124.556 1.0587e+08
1e+08 1.25035e+07 125.035 1.05057e+08
1e+08 1.25516e+07 125.516 1.0425e+08
1e+08 1.25999e+07 125.999 1.03449e+08
1e+08 1.26484e+07 126.484 1.02654e+08
1e+08 1.2697e+07 126.97 1.01867e+08
1e+08 1.27458e+07 127.458 1.01085e+08
1e+08 1.27949e+07 127.949 1.00307e+08
1e+08 1.28441e+07 128.441 9.95372e+07
1e+08 1.28935e+07 128.935 9.87728e+07
1e+08 1.29431e+07 129.431 9.8014e+07
1e+08 1.29929e+07 129.929 9.72609e+07
1e+08 1.30428e+07 130.428 9.6515e+07
1e+08 1.3093e+07 130.93 9.57731e+07
1e+08 1.31434e+07 131.434 9.50369e+07
1e+08 1.31939e+07 131.939 9.43076e+07
1e+08 1.32447e+07 132.447 9.35825e+07
1e+08 1.32956e+07 132.956 9.28642e+07
1e+08 1.33467e+07 133.467 9.21514e+07
1e+08 1.33981e+07 133.981 9.14426e+07
1e+08 1.34496e+07 134.496 9.07406e+07
1e+08 1.35013e+07 135.013 9.0044e+07
1e+08 1.35533e+07 135.533 8.93513e+07
1e+08 1.36054e+07 136.054 8.86653e+07
1e+08 1.36577e+07 136.577 8.79845e+07
1e+08 1.37103e+07 137.103 8.73077e+07
1e+08 1.3763e+07 137.63 8.66374e+07
1e+08 1.38159e+07 138.159 8.59722e+07
1e+08 1.38691e+07 138.691 8.53109e+07
1e+08 1.39224e+07 139.224 8.4656e+07
1e+08 1.3976e+07 139.76 8.4005e+07
1e+08 1.40297e+07 140.297 8.33602e+07
1e+08 1.40837e+07 140.837 8.27193e+07
1e+08 1.41379e+07 141.379 8.20833e+07
1e+08 1.41922e+07 141.922 8.14535e+07
1e+08 1.42468e+07 142.468 8.08275e+07
1e+08 1.43016e+07 143.016 8.02064e+07
1e+08 1.43566e+07 143.566 7.95902e+07
1e+08 1.44118e+07 144.118 7.89788e+07
1e+08 1.44673e+07 144.673 7.83712e+07
1e+08 1.45229e+07 145.229 7.77694e+07
1e+08 1.45788e+07 145.788 7.71713e+07
1e+08 1.46349e+07 146.349 7.6578e+07
1e+08 1.46911e+07 146.911 7.59904e+07
1e+08 1.47477e+07 147.477 7.54055e+07
1e+08 1.48044e+07 148.044 7.48262e+07
1e+08 1.48613e+07 148.613 7.42516e+07
1e+08 1.49185e+07 149.185 7.36805e+07
1e+08 1.49759e+07 149.759 7.3114e+07
1e+08 1.50335e+07 150.335 7.25521e+07
1e+08 1.50913e+07 150.913 7.19947e+07
1e+08 1.51493e+07 151.493 7.14418e+07
1e+08 1.52076e+07 152.076 7.08924e+07
1e+08 1.52661e+07 152.661 7.03474e+07
1e+08 1.53248e+07 153.248 6.98068e+07
1e+08 1.53838e+07 153.838 6.92697e+07
1e+08 1.54429e+07 154.429 6.87379e+07
1e+08 1.55023e+07 155.023 6.82095e+07
1e+08 1.5562e+07 155.62 6.76845e+07
1e+08 1.56218e+07 156.218 6.71647e+07
1e+08 1.56819e+07 156.819 6.66483e+07
1e+08 1.57422e+07 157.422 6.6136e+07
1e+08 1.58028e+07 158.028 6.56272e+07
1e+08 1.58635e+07 158.635 6.51233e+07
1e+08 1.59246e+07 159.246 6.4622e+07
1e+08 1.59858e+07 159.858 6.41256e+07
1e+08 1.60473e+07 160.473 6.36324e+07
1e+08 1.6109e+07 161.09 6.31434e+07
1e+08 1.6171e+07 161.71 6.26576e+07
1e+08 1.62332e+07 162.332 6.21758e+07
1e+08 1.62956e+07 162.956 6.1698e+07
1e+08 1.63583e+07 163.583 6.12235e+07
1e+08 1.64212e+07 164.212 6.07528e+07
1e+08 1.64844e+07 164.844 6.02854e+07
1e+08 1.65478e+07 165.478 5.98219e+07
1e+08 1.66114e+07 166.114 5.93622e+07
1e+08 1.66753e+07 166.753 5.89056e+07
1e+08 1.67395e+07 167.395 5.84522e+07
1e+08 1.68038e+07 168.038 5.80033e+07
1e+08 1.68685e+07 168.685 5.75568e+07
1e+08 1.69334e+07 169.334 5.7114e+07
1e+08 1.69985e+07 169.985 5.6675e+07
1e+08 1.70639e+07 170.639 5.6239e+07
1e+08 1.71295e+07 171.295 5.58067e+07
1e+08 1.71954e+07 171.954 5.53773e+07
1e+08 1.72615e+07 172.615 5.49517e+07
1e+08 1.73279e+07 173.279 5.4529e+07
1e+08 1.73946e+07 173.946 5.41092e+07
1e+08 1.74615e+07 174.615 5.36931e+07
1e+08 1.75286e+07 175.286 5.32804e+07
1e+08 1.7596e+07 175.96 5.28707e+07
1e+08 1.76637e+07 176.637 5.24639e+07
1e+08 1.77317e+07 177.317 5.206e+07
1e+08 1.77999e+07 177.999 5.16595e+07
1e+08 1.78683e+07 178.683 5.12625e+07
1e+08 1.79371e+07 179.371 5.08677e+07
1e+08 1.80061e+07 180.061 5.04763e+07
1e+08 1.80753e+07 180.753 5.00883e+07
1e+08 1.81448e+07 181.448 4.97031e+07
1e+08 1.82146e+07 182.146 4.93206e+07
1e+08 1.82847e+07 182.847 4.89409e+07
1e+08 1.8355e+07 183.55 4.85646e+07
1e+08 1.84256e+07 184.256 4.81909e+07
1e+08 1.84965e+07 184.965 4.78199e+07
1e+08 1.85676e+07 185.676 4.74522e+07
1e+08 1.8639e+07 186.39 4.70872e+07
1e+08 1.87107e+07 187.107 4.67248e+07
1e+08 1.87827e+07 187.827 4.63651e+07
1e+08 1.88549e+07 188.549 4.60085e+07
1e+08 1.89275e+07 189.275 4.56541e+07
1e+08 1.90003e+07 190.003 4.53028e+07
1e+08 1.90733e+07 190.733 4.49545e+07
1e+08 1.91467e+07 191.467 4.46084e+07
1e+08 1.92203e+07 192.203 4.42653e+07
1e+08 1.92943e+07 192.943 4.39242e+07
1e+08 1.93685e+07 193.685 4.35862e+07
1e+08 1.9443e+07 194.43 4.32508e+07
1e+08 1.95178e+07 195.178 4.29178e+07
1e+08 1.95928e+07 195.928 4.25878e+07
1e+08 1.96682e+07 196.682 4.22598e+07
1e+08 1.97438e+07 197.438 4.19347e+07
1e+08 1.98198e+07 198.198 4.16117e+07
1e+08 1.9896e+07 198.96 4.12915e+07
1e+08 1.99725e+07 199.725 4.09737e+07
1e+08 2.00494e+07 200.494 4.0658e+07
1e+08 2.01265e+07 201.265 4.03451e+07
1e+08 2.02039e+07 202.039 4.00345e+07
1e+08 2.02816e+07 202.816 3.97264e+07
1e+08 2.03596e+07 203.596 3.94205e+07
1e+08 2.04379e+07 204.379 3.91171e+07
1e+08 2.05165e+07 205.165 3.8816e+07
1e+08 2.05954e+07 205.954 3.85171e+07
1e+08 2.06747e+07 206.747 3.82203e+07
1e+08 2.07542e+07 207.542 3.79261e+07
1e+08 2.0834e+07 208.34 3.76341e+07
1e+08 2.09141e+07 209.141 3.73445e+07
1e+08 2.09946e+07 209.946 3.70567e+07
1e+08 2.10753e+07 210.753 3.67715e+07
1e+08 2.11564e+07 211.564 3.64882e+07
1e+08 2.12378e+07 212.378 3.62071e+07
1e+08 2.13195e+07 213.195 3.59282e+07
1e+08 2.14015e+07 214.015 3.56515e+07
1e+08 2.14838e+07 214.838 3.5377e+07
1e+08 2.15664e+07 215.664 3.51047e+07
1e+08 2.16494e+07 216.494 3.48341e+07
1e+08 2.17326e+07 217.326 3.45661e+07
1e+08 2.18162e+07 218.162 3.42998e+07
1e+08 2.19001e+07 219.001 3.40356e+07
1e+08 2.19844e+07 219.844 3.37733e+07
1e+08 2.20689e+07 220.689 3.35133e+07
1e+08 2.21538e+07 221.538 3.32551e+07
1e+08 2.2239e+07 222.39 3.29989e+07
1e+08 2.23246e+07 223.246 3.27445e+07
1e+08 2.24104e+07 224.104 3.24925e+07
1e+08 2.24966e+07 224.966 3.22421e+07
1e+08 2.25832e+07 225.832 3.19935e+07
1e+08 2.267e+07 226.7 3.17472e+07
1e+08 2.27572e+07 227.572 3.15026e+07
1e+08 2.28447e+07 228.447 3.126e+07
1e+08 2.29326e+07 229.326 3.1019e+07
1e+08 2.30208e+07 230.208 3.078e+07
1e+08 2.31094e+07 231.094 3.05427e+07
1e+08 2.31982e+07 231.982 3.03076e+07
1e+08 2.32875e+07 232.875 3.00738e+07
1e+08 2.3377e+07 233.77 2.98423e+07
1e+08 2.3467e+07 234.67 2.96121e+07
1e+08 2.35572e+07 235.572 2.9384e+07
1e+08 2.36478e+07 236.478 2.91576e+07
1e+08 2.37388e+07 237.388 2.89328e+07
1e+08 2.38301e+07 238.301 2.87098e+07
1e+08 2.39217e+07 239.217 2.84887e+07
1e+08 2.40138e+07 240.138 2.82689e+07
1e+08 2.41061e+07 241.061 2.80511e+07
1e+08 2.41988e+07 241.988 2.78349e+07
1e+08 2.42919e+07 242.919 2.76203e+07
1e+08 2.43854e+07 243.854 2.74073e+07
1e+08 2.44791e+07 244.791 2.71962e+07
1e+08 2.45733e+07 245.733 2.69864e+07
1e+08 2.46678e+07 246.678 2.67784e+07
1e+08 2.47627e+07 247.627 2.65719e+07
1e+08 2.48579e+07 248.579 2.63672e+07
1e+08 2.49536e+07 249.536 2.61637e+07
1e+08 2.50495e+07 250.495 2.59621e+07
1e+08 2.51459e+07 251.459 2.57618e+07
1e+08 2.52426e+07 252.426 2.55632e+07
1e+08 2.53397e+07 253.397 2.53661e+07
1e+08 2.54372e+07 254.372 2.51704e+07
1e+08 2.5535e+07 255.35 2.49764e+07
1e+08 2.56332e+07 256.332 2.47838e+07
1e+08 2.57318e+07 257.318 2.45927e+07
1e+08 2.58308e+07 258.308 2.4403e+07
1e+08 2.59301e+07 259.301 2.42149e+07
1e+08 2.60299e+07 260.299 2.4028e+07
1e+08 2.613e+07 261.3 2.38427e+07
1e+08 2.62305e+07 262.305 2.36588e+07
1e+08 2.63314e+07 263.314 2.34763e+07
1e+08 2.64327e+07 264.327 2.32952e+07
1e+08 2.65343e+07 265.343 2.31156e+07
1e+08 2.66364e+07 266.364 2.29372e+07
1e+08 2.67388e+07 267.388 2.27604e+07
1e+08 2.68417e+07 268.417 2.25847e+07
1e+08 2.69449e+07 269.449 2.24105e+07
1e+08 2.70486e+07 270.486 2.22375e+07
1e+08 2.71526e+07 271.526 2.2066e+07
1e+08 2.7257e+07 272.57 2.18958e+07
1e+08 2.73619e+07 273.619 2.17268e+07
1e+08 2.74671e+07 274.671 2.15592e+07
1e+08 2.75728e+07 275.728 2.13928e+07
1e+08 2.76788e+07 276.788 2.12278e+07
1e+08 2.77853e+07 277.853 2.10639e+07
1e+08 2.78921e+07 278.921 2.09015e+07
1e+08 2.79994e+07 279.994 2.07401e+07
1e+08 2.81071e+07 281.071 2.05801e+07
1e+08 2.82152e+07 282.152 2.04212e+07
1e+08 2.83237e+07 283.237 2.02637e+07
1e+08 2.84327e+07 284.327 2.01072e+07
1e+08 2.8542e+07 285.42 1.99521e+07
1e+08 2.86518e+07 286.518 1.9798e+07
1e+08 2.8762e+07 287.62 1.96452e+07
1e+08 2.88727e+07 288.727 1.94935e+07
1e+08 2.89837e+07 289.837 1.9343e+07
1e+08 2.90952e+07 290.952 1.91937e+07
1e+08 2.92071e+07 292.071 1.90455e+07
1e+08 2.93194e+07 293.194 1.88985e+07
1e+08 2.94322e+07 294.322 1.87526e+07
1e+08 2.95454e+07 295.454 1.86078e+07
1e+08 2.96591e+07 296.591 1.84641e+07
1e+08 2.97731e+07 297.731 1.83216e+07
1e+08 2.98877e+07 298.877 1.818e+07
1e+08 3.00026e+07 300.026 1.80397e+07
1e+08 3.0118e+07 301.18 1.79004e+07
1e+08 3.02339e+07 302.339 1.77621e+07
1e+08 3.03501e+07 303.501 1.7625e+07
1e+08 3.04669e+07 304.669 1.74888e+07
1e+08 3.05841e+07 305.841 1.73537e+07
1e+08 3.07017e+07 307.017 1.72197e+07
1e+08 3.08198e+07 308.198 1.70867e+07
1e+08 3.09383e+07 309.383 1.69548e+07
1e+08 3.10573e+07 310.573 1.68238e+07
1e+08 3.11768e+07 311.768 1.66938e+07
1e+08 3.12967e+07 312.967 1.65648e+07
1e+08 3.14171e+07 314.171 1.64368e+07
1e+08 3.15379e+07 315.379 1.63099e+07
1e+08 3.16592e+07 316.592 1.61839e+07
1e+08 3.1781e+07 317.81 1.60588e+07
1e+08 3.19032e+07 319.032 1.59348e+07
1e+08 3.20259e+07 320.259 1.58116e+07
1e+08 3.21491e+07 321.491 1.56894e+07
1e+08 3.22728e+07 322.728 1.55682e+07
1e+08 3.23969e+07 323.969 1.54479e+07
1e+08 3.25215e+07 325.215 1.53285e+07
1e+08 3.26466e+07 326.466 1.521e+07
1e+08 3.27722e+07 327.722 1.50925e+07
1e+08 3.28982e+07 328.982 1.49758e+07
1e+08 3.30248e+07 330.248 1.486e+07
1e+08 3.31518e+07 331.518 1.47452e+07
1e+08 3.32793e+07 332.793 1.46312e+07
1e+08 3.34073e+07 334.073 1.45181e+07
1e+08 3.35358e+07 335.358 1.44059e+07
1e+08 3.36648e+07 336.648 1.42945e+07
1e+08 3.37943e+07 337.943 1.4184e+07
1e+08 3.39242e+07 339.242 1.40744e+07
1e+08 3.40547e+07 340.547 1.39656e+07
1e+08 3.41857e+07 341.857 1.38576e+07
1e+08 3.43172e+07 343.172 1.37504e+07
1e+08 3.44492e+07 344.492 1.36441e+07
1e+08 3.45817e+07 345.817 1.35386e+07
1e+08 3.47147e+07 347.147 1.34339e+07
1e+08 3.48482e+07 348.482 1.333e+07
1e+08 3.49823e+07 349.823 1.32268e+07
1e+08 3.51168e+07 351.168 1.31246e+07
1e+08 3.52519e+07 352.519 1.3023e+07
1e+08 3.53875e+07 353.875 1.29223e+07
1e+08 3.55236e+07 355.236 1.28224e+07
1e+08 3.56602e+07 356.602 1.27232e+07
1e+08 3.57974e+07 357.974 1.26247e+07
1e+08 3.59351e+07 359.351 1.25271e+07
1e+08 3.60733e+07 360.733 1.24302e+07
1e+08 3.6212e+07 362.12 1.2334e+07
1e+08 3.63513e+07 363.513 1.22386e+07
1e+08 3.64911e+07 364.911 1.21439e+07
1e+08 3.66315e+07 366.315 1.20499e+07
1e+08 3.67724e+07 367.724 1.19566e+07
1e+08 3.69138e+07 369.138 1.18641e+07
1e+08 3.70558e+07 370.558 1.17723e+07
1e+08 3.71983e+07 371.983 1.16812e+07
1e+08 3.73414e+07 373.414 1.15908e+07
1e+08 3.7485e+07 374.85 1.15011e+07
1e+08 3.76292e+07 376.292 1.14121e+07
1e+08 3.77739e+07 377.739 1.13238e+07
1e+08 3.79192e+07 379.192 1.12361e+07
1e+08 3.80651e+07 380.651 1.11491e+07
1e+08 3.82115e+07 382.115 1.10628e+07
1e+08 3.83585e+07 383.585 1.09771e+07
1e+08 3.8506e+07 385.06 1.08921e+07
1e+08 3.86541e+07 386.541 1.08078e+07
1e+08 3.88028e+07 388.028 1.07241e+07
1e+08 3.8952e+07 389.52 1.06411e+07
1e+08 3.91019e+07 391.019 1.05586e+07
1e+08 3.92523e+07 392.523 1.04769e+07
1e+08 3.94032e+07 394.032 1.03958e+07
1e+08 3.95548e+07 395.548 1.03152e+07
1e+08 3.97069e+07 397.069 1.02354e+07
1e+08 3.98597e+07 398.597 1.01561e+07
1e+08 4.0013e+07 400.13 1.00774e+07
1e+08 4.01669e+07 401.669 9.99933e+06
1e+08 4.03214e+07 403.214 9.92186e+06
1e+08 4.04764e+07 404.764 9.84504e+06
1e+08 4.06321e+07 406.321 9.76876e+06
1e+08 4.07884e+07 407.884 9.69306e+06
1e+08 4.09453e+07 409.453 9.61795e+06
1e+08 4.11028e+07 411.028 9.54342e+06
1e+08 4.12609e+07 412.609 9.46947e+06
1e+08 4.14196e+07 414.196 9.39609e+06
1e+08 4.15789e+07 415.789 9.32328e+06
1e+08 4.17388e+07 417.388 9.25103e+06
1e+08 4.18994e+07 418.994 9.17931e+06
1e+08 4.20605e+07 420.605 9.10818e+06
1e+08 4.22223e+07 422.223 9.03757e+06
1e+08 4.23847e+07 423.847 8.96752e+06
1e+08 4.25477e+07 425.477 8.89801e+06
1e+08 4.27114e+07 427.114 8.82901e+06
1e+08 4.28757e+07 428.757 8.76056e+06
1e+08 4.30406e+07 430.406 8.69264e+06
1e+08 4.32061e+07 432.061 8.62526e+06
1e+08 4.33723e+07 433.723 8.55837e+06
1e+08 4.35391e+07 435.391 8.49202e+06
1e+08 4.37066e+07 437.066 8.42615e+06
1e+08 4.38747e+07 438.747 8.36081e+06
1e+08 4.40434e+07 440.434 8.29599e+06
1e+08 4.42129e+07 442.129 8.23161e+06
1e+08 4.43829e+07 443.829 8.16778e+06
1e+08 4.45536e+07 445.536 8.10443e+06
1e+08 4.4725e+07 447.25 8.04155e+06
1e+08 4.4897e+07 448.97 7.97918e+06
1e+08 4.50697e+07 450.697 7.91727e+06
1e+08 4.5243e+07 452.43 7.85587e+06
1e+08 4.54171e+07 454.171 7.79489e+06
1e+08 4.55918e+07 455.918 7.7344e+06
1e+08 4.57671e+07 457.671 7.67441e+06
1e+08 4.59431e+07 459.431 7.61486e+06
1e+08 4.61199e+07 461.199 7.55574e+06
1e+08 4.62972e+07 462.972 7.49713e+06
1e+08 4.64753e+07 464.753 7.43894e+06
1e+08 4.66541e+07 466.541 7.38118e+06
1e+08 4.68335e+07 468.335 7.32391e+06
1e+08 4.70137e+07 470.137 7.26703e+06
1e+08 4.71945e+07 471.945 7.21063e+06
1e+08 4.7376e+07 473.76 7.15466e+06
1e+08 4.75582e+07 475.582 7.09912e+06
1e+08 4.77412e+07 477.412 7.04398e+06
1e+08 4.79248e+07 479.248 6.98929e+06
1e+08 4.81091e+07 481.091 6.93503e+06
1e+08 4.82942e+07 482.942 6.88116e+06
1e+08 4.84799e+07 484.799 6.82773e+06
1e+08 4.86664e+07 486.664 6.7747e+06
1e+08 4.88536e+07 488.536 6.72208e+06
1e+08 4.90415e+07 490.415 6.66987e+06
1e+08 4.92301e+07 492.301 6.61806e+06
1e+08 4.94195e+07 494.195 6.56664e+06
1e+08 4.96095e+07 496.095 6.51565e+06
1e+08 4.98004e+07 498.004 6.46501e+06
1e+08 4.99919e+07 499.919 6.41479e+06
1e+08 5.01842e+07 501.842 6.36494e+06
1e+08 5.03772e+07 503.772 6.31549e+06
1e+08 5.0571e+07 505.71 6.26641e+06
1e+08 5.07655e+07 507.655 6.21771e+06
1e+08 5.09607e+07 509.607 6.1694e+06
1e+08 5.11568e+07 511.568 6.12143e+06
1e+08 5.13535e+07 513.535 6.07387e+06
1e+08 5.1551e+07 515.51 6.02666e+06
1e+08 5.17493e+07 517.493 5.97981e+06
1e+08 5.19484e+07 519.484 5.9333e+06
1e+08 5.21482e+07 521.482 5.88718e+06
1e+08 5.23487e+07 523.487 5.84142e+06
1e+08 5.25501e+07 525.501 5.79599e+06
1e+08 5.27522e+07 527.522 5.75093e+06
1e+08 5.29551e+07 529.551 5.70621e+06
1e+08 5.31588e+07 531.588 5.66183e+06
1e+08 5.33633e+07 533.633 5.61778e+06
1e+08 5.35685e+07 535.685 5.5741e+06
1e+08 5.37746e+07 537.746 5.53073e+06
1e+08 5.39814e+07 539.814 5.48772e+06
1e+08 5.4189e+07 541.89 5.44503e+06
1e+08 5.43974e+07 543.974 5.40268e+06
1e+08 5.46067e+07 546.067 5.36063e+06
1e+08 5.48167e+07 548.167 5.31892e+06
1e+08 5.50276e+07 550.276 5.27752e+06
1e+08 5.52392e+07 552.392 5.23647e+06
1e+08 5.54517e+07 554.517 5.19571e+06
1e+08 5.5665e+07 556.65 5.15527e+06
1e+08 5.58791e+07 558.791 5.11514e+06
1e+08 5.6094e+07 560.94 5.07533e+06
1e+08 5.63097e+07 563.097 5.03584e+06
1e+08 5.65263e+07 565.263 4.99663e+06
1e+08 5.67437e+07 567.437 4.95773e+06
1e+08 5.6962e+07 569.62 4.91913e+06
1e+08 5.71811e+07 571.811 4.88082e+06
1e+08 5.7401e+07 574.01 4.84282e+06
1e+08 5.76218e+07 576.218 4.80511e+06
1e+08 5.78434e+07 578.434 4.76769e+06
1e+08 5.80659e+07 580.659 4.73056e+06
1e+08 5.82893e+07 582.893 4.6937e+06
1e+08 5.85135e+07 585.135 4.65714e+06
1e+08 5.87385e+07 587.385 4.62087e+06
1e+08 5.89644e+07 589.644 4.58488e+06
1e+08 5.91912e+07 591.912 4.54916e+06
1e+08 5.94189e+07 594.189 4.51371e+06
1e+08 5.96474e+07 596.474 4.47854e+06
1e+08 5.98769e+07 598.769 4.44363e+06
1e+08 6.01072e+07 601.072 4.409e+06
1e+08 6.03384e+07 603.384 4.37464e+06
1e+08 6.05704e+07 605.704 4.34055e+06
1e+08 6.08034e+07 608.034 4.30672e+06
1e+08 6.10373e+07 610.373 4.27314e+06
1e+08 6.12721e+07 612.721 4.23982e+06
1e+08 6.15077e+07 615.077 4.20678e+06
1e+08 6.17443e+07 617.443 4.17398e+06
1e+08 6.19818e+07 619.818 4.14143e+06
1e+08 6.22202e+07 622.202 4.10913e+06
1e+08 6.24595e+07 624.595 4.07709e+06
1e+08 6.26997e+07 626.997 4.0453e+06
1e+08 6.29409e+07 629.409 4.01374e+06
1e+08 6.3183e+07 631.83 3.98243e+06
1e+08 6.3426e+07 634.26 3.95137e+06
1e+08 6.367e+07 636.7 3.92054e+06
1e+08 6.39149e+07 639.149 3.88995e+06
1e+08 6.41607e+07 641.607 3.8596e+06
1e+08 6.44075e+07 644.075 3.82948e+06
1e+08 6.46552e+07 646.552 3.7996e+06
1e+08 6.49039e+07 649.039 3.76995e+06
1e+08 6.51535e+07 651.535 3.74053e+06
1e+08 6.54041e+07 654.041 3.71133e+06
1e+08 6.56557e+07 656.557 3.68236e+06
1e+08 6.59082e+07 659.082 3.65362e+06
1e+08 6.61617e+07 661.617 3.62509e+06
1e+08 6.64162e+07 664.162 3.59679e+06
1e+08 6.66717e+07 666.717 3.5687e+06
1e+08 6.69281e+07 669.281 3.54083e+06
1e+08 6.71855e+07 671.855 3.51319e+06
1e+08 6.74439e+07 674.439 3.48575e+06
1e+08 6.77034e+07 677.034 3.45851e+06
1e+08 6.79638e+07 679.638 3.4315e+06
1e+08 6.82252e+07 682.252 3.40469e+06
1e+08 6.84876e+07 684.876 3.3781e+06
1e+08 6.8751e+07 687.51 3.35171e+06
1e+08 6.90154e+07 690.154 3.32552e+06
1e+08 6.92809e+07 692.809 3.29953e+06
1e+08 6.95474e+07 695.474 3.27374e+06
1e+08 6.98149e+07 698.149 3.24816e+06
1e+08 7.00834e+07 700.834 3.22277e+06
1e+08 7.0353e+07 703.53 3.19758e+06
1e+08 7.06236e+07 706.236 3.17258e+06
1e+08 7.08952e+07 708.952 3.14778e+06
1e+08 7.11679e+07 711.679 3.12317e+06
1e+08 7.14416e+07 714.416 3.09875e+06
1e+08 7.17164e+07 717.164 3.07452e+06
1e+08 7.19923e+07 719.923 3.05047e+06
1e+08 7.22692e+07 722.692 3.02661e+06
1e+08 7.25471e+07 725.471 3.00294e+06
1e+08 7.28262e+07 728.262 2.97945e+06
1e+08 7.31063e+07 731.063 2.95614e+06
1e+08 7.33875e+07 733.875 2.93301e+06
1e+08 7.36697e+07 736.697 2.91007e+06
1e+08 7.39531e+07 739.531 2.88729e+06
1e+08 7.42375e+07 742.375 2.8647e+06
1e+08 7.45231e+07 745.231 2.84228e+06
1e+08 7.48097e+07 748.097 2.82003e+06
1e+08 7.50975e+07 750.975 2.79795e+06
1e+08 7.53863e+07 753.863 2.77605e+06
1e+08 7.56763e+07 756.763 2.75432e+06
1e+08 7.59673e+07 759.673 2.73276e+06
1e+08 7.62595e+07 762.595 2.71136e+06
1e+08 7.65528e+07 765.528 2.69013e+06
1e+08 7.68473e+07 768.473 2.66906e+06
1e+08 7.71429e+07 771.429 2.64815e+06
1e+08 7.74396e+07 774.396 2.62741e+06
1e+08 7.77374e+07 777.374 2.60683e+06
1e+08 7.80364e+07 780.364 2.58641e+06
1e+08 7.83366e+07 783.366 2.56614e+06
1e+08 7.86379e+07 786.379 2.54603e+06
1e+08 7.89404e+07 789.404 2.52608e+06
1e+08 7.9244e+07 792.44 2.50628e+06
1e+08 7.95488e+07 795.488 2.48664e+06
1e+08 7.98548e+07 798.548 2.46714e+06
1e+08 8.01619e+07 801.619 2.44781e+06
1e+08 8.04702e+07 804.702 2.42862e+06
1e+08 8.07797e+07 807.797 2.40958e+06
1e+08 8.10904e+07 810.904 2.39068e+06
1e+08 8.14023e+07 814.023 2.37194e+06
1e+08 8.17154e+07 817.154 2.35333e+06
1e+08 8.20297e+07 820.297 2.33488e+06
1e+08 8.23452e+07 823.452 2.31656e+06
1e+08 8.2662e+07 826.62 2.29838e+06
1e+08 8.29799e+07 829.799 2.28035e+06
1e+08 8.32991e+07 832.991 2.26246e+06
1e+08 8.36195e+07 836.195 2.24471e+06
1e+08 8.39411e+07 839.411 2.22709e+06
1e+08 8.4264e+07 842.64 2.20961e+06
1e+08 8.45881e+07 845.881 2.19227e+06
1e+08 8.49134e+07 849.134 2.17506e+06
1e+08 8.524e+07 852.4 2.15798e+06
1e+08 8.55679e+07 855.679 2.14104e+06
1e+08 8.5897e+07 858.97 2.12423e+06
1e+08 8.62274e+07 862.274 2.10754e+06
1e+08 8.6559e+07 865.59 2.091e+06
1e+08 8.6892e+07 868.92 2.07457e+06
1e+08 8.72262e+07 872.262 2.05827e+06
1e+08 8.75617e+07 875.617 2.0421e+06
1e+08 8.78985e+07 878.985 2.02606e+06
1e+08 8.82366e+07 882.366 2.01014e+06
1e+08 8.85759e+07 885.759 1.99435e+06
1e+08 8.89166e+07 889.166 1.97867e+06
1e+08 8.92586e+07 892.586 1.96312e+06
1e+08 8.96019e+07 896.019 1.94769e+06
1e+08 8.99466e+07 899.466 1.93237e+06
1e+08 9.02925e+07 902.925 1.91718e+06
1e+08 9.06398e+07 906.398 1.90211e+06
1e+08 9.09885e+07 909.885 1.88715e+06
1e+08 9.13384e+07 913.384 1.87231e+06
1e+08 9.16897e+07 916.897 1.85758e+06
1e+08 9.20424e+07 920.424 1.84297e+06
1e+08 9.23964e+07 923.964 1.82847e+06
1e+08 9.27518e+07 927.518 1.81409e+06
1e+08 9.31086e+07 931.086 1.79981e+06
1e+08 9.34667e+07 934.667 1.78565e+06
1e+08 9.38262e+07 938.262 1.77159e+06
1e+08 9.41871e+07 941.871 1.75765e+06
1e+08 9.45494e+07 945.494 1.74381e+06
1e+08 9.4913e+07 949.13 1.73009e+06
1e+08 9.52781e+07 952.781 1.71646e+06
1e+08 9.56445e+07 956.445 1.70295e+06
1e+08 9.60124e+07 960.124 1.68954e+06
1e+08 9.63817e+07 963.817 1.67623e+06
1e+08 9.67524e+07 967.524 1.66303e+06
1e+08 9.71246e+07 971.246 1.64993e+06
1e+08 9.74981e+07 974.981 1.63693e+06
1e+08 9.78731e+07 978.731 1.62403e+06
1e+08 9.82496e+07 982.496 1.61123e+06
1e+08 9.86275e+07 986.275 1.59854e+06
1e+08 9.90068e+07 990.068 1.58594e+06
1e+08 9.93877e+07 993.877 1.57343e+06
1e+08 9.97699e+07 997.699 1.56103e+06
1e+08 1.00154e+08 1001.54 1.54871e+06
1e+08 1.00539e+08 1005.39 1.53651e+06
1e+08 1.00926e+08 1009.26 1.52438e+06
1e+08 1.01314e+08 1013.14 1.51236e+06
1e+08 1.01703e+08 1017.03 1.50046e+06
1e+08 1.02095e+08 1020.95 1.48859e+06
1e+08 1.02487e+08 1024.87 1.47687e+06
1e+08 1.02882e+08 1028.82 1.46519e+06
1e+08 1.03277e+08 1032.77 1.45365e+06
1e+08 1.03674e+08 1036.74 1.44219e+06
1e+08 1.04073e+08 1040.73 1.4308e+06
1e+08 1.04474e+08 1044.74 1.41948e+06
1e+08 1.04875e+08 1048.75 1.4083e+06
1e+08 1.05279e+08 1052.79 1.39716e+06
1e+08 1.05684e+08 1056.84 1.38613e+06
1e+08 1.0609e+08 1060.9 1.37519e+06
1e+08 1.06498e+08 1064.98 1.36433e+06
1e+08 1.06908e+08 1069.08 1.35354e+06
1e+08 1.07319e+08 1073.19 1.34286e+06
1e+08 1.07732e+08 1077.32 1.33224e+06
1e+08 1.08146e+08 1081.46 1.32172e+06
1e+08 1.08562e+08 1085.62 1.31127e+06
1e+08 1.0898e+08 1089.8 1.3009e+06
1e+08 1.09399e+08 1093.99 1.29062e+06
1e+08 1.0982e+08 1098.2 1.28041e+06
1e+08 1.10242e+08 1102.42 1.2703e+06
1e+08 1.10666e+08 1106.66 1.26025e+06
1e+08 1.11092e+08 1110.92 1.25028e+06
1e+08 1.11519e+08 1115.19 1.24039e+06
1e+08 1.11948e+08 1119.48 1.23058e+06
1e+08 1.12379e+08 1123.79 1.22083e+06
1e+08 1.12811e+08 1128.11 1.21118e+06
1e+08 1.13245e+08 1132.45 1.20159e+06
1e+08 1.1368e+08 1136.8 1.19209e+06
1e+08 1.14118e+08 1141.18 1.18264e+06
1e+08 1.14556e+08 1145.56 1.1733e+06
1e+08 1.14997e+08 1149.97 1.164e+06
1e+08 1.15439e+08 1154.39 1.15479e+06
1e+08 1.15883e+08 1158.83 1.14565e+06
1e+08 1.16329e+08 1163.29 1.13657e+06
1e+08 1.16777e+08 1167.77 1.12755e+06
1e+08 1.17226e+08 1172.26 1.11862e+06
1e+08 1.17677e+08 1176.77 1.10976e+06
1e+08 1.18129e+08 1181.29 1.10097e+06
1e+08 1.18584e+08 1185.84 1.09224e+06
1e+08 1.1904e+08 1190.4 1.08358e+06
1e+08 1.19498e+08 1194.98 1.07499e+06
1e+08 1.19957e+08 1199.57 1.06648e+06
1e+08 1.20419e+08 1204.19 1.05801e+06
1e+08 1.20882e+08 1208.82 1.04962e+06
1e+08 1.21347e+08 1213.47 1.0413e+06
1e+08 1.21813e+08 1218.13 1.03305e+06
1e+08 1.22282e+08 1222.82 1.02484e+06
1e+08 1.22752e+08 1227.52 1.01672e+06
1e+08 1.23224e+08 1232.24 1.00865e+06
1e+08 1.23698e+08 1236.98 1.00065e+06
1e+08 1.24174e+08 1241.74 992699
1e+08 1.24652e+08 1246.52 984812
1e+08 1.25131e+08 1251.31 977000
1e+08 1.25613e+08 1256.13 969230
1e+08 1.26096e+08 1260.96 961535
1e+08 1.26581e+08 1265.81 953897
1e+08 1.27068e+08 1270.68 946317
1e+08 1.27556e+08 1275.56 938810
1e+08 1.28047e+08 1280.47 931344
1e+08 1.28539e+08 1285.39 923950
1e+08 1.29034e+08 1290.34 916597
1e+08 1.2953e+08 1295.3 909314
1e+08 1.30028e+08 1300.28 902088
1e+08 1.30528e+08 1305.28 894916
1e+08 1.31031e+08 1310.31 887786
1e+08 1.31535e+08 1315.35 880724
1e+08 1.3204e+08 1320.4 873730
1e+08 1.32548e+08 1325.48 866777
1e+08 1.33058e+08 1330.58 859877
1e+08 1.3357e+08 1335.7 853031
1e+08 1.34084e+08 1340.84 846238
1e+08 1.34599e+08 1345.99 839511
1e+08 1.35117e+08 1351.17 832823
1e+08 1.35637e+08 1356.37 826187
1e+08 1.36158e+08 1361.58 819616
1e+08 1.36682e+08 1366.82 813084
1e+08 1.37208e+08 1372.08 806603
1e+08 1.37736e+08 1377.36 800173
1e+08 1.38265e+08 1382.65 793806
1e+08 1.38797e+08 1387.97 787477
1e+08 1.39331e+08 1393.31 781199
1e+08 1.39867e+08 1398.67 774970
1e+08 1.40405e+08 1404.05 768790
1e+08 1.40945e+08 1409.45 762660
1e+08 1.41487e+08 1414.87 756578
1e+08 1.42031e+08 1420.31 750545
1e+08 1.42578e+08 1425.78 744549
1e+08 1.43126e+08 1431.26 738613
1e+08 1.43677e+08 1436.77 732713
1e+08 1.44229e+08 1442.29 726871
1e+08 1.44784e+08 1447.84 721066
1e+08 1.45341e+08 1453.41 715307
1e+08 1.459e+08 1459 709595
1e+08 1.46461e+08 1464.61 703930
1e+08 1.47024e+08 1470.24 698310
1e+08 1.4759e+08 1475.9 692726
1e+08 1.48157e+08 1481.57 687198
1e+08 1.48727e+08 1487.27 681705
1e+08 1.49299e+08 1492.99 676256
1e+08 1.49874e+08 1498.74 670843
1e+08 1.5045e+08 1504.5 665484
1e+08 1.51029e+08 1510.29 660159
1e+08 1.5161e+08 1516.1 654879
1e+08 1.52193e+08 1521.93 649641
1e+08 1.52778e+08 1527.78 644447
1e+08 1.53366e+08 1533.66 639287
1e+08 1.53956e+08 1539.56 634170
1e+08 1.54548e+08 1545.48 629096
1e+08 1.55142e+08 1551.42 624063
1e+08 1.55739e+08 1557.39 619064
1e+08 1.56338e+08 1563.38 614107
1e+08 1.56939e+08 1569.39 609191
1e+08 1.57543e+08 1575.43 604308
1e+08 1.58149e+08 1581.49 599466
1e+08 1.58757e+08 1587.57 594664
1e+08 1.59368e+08 1593.68 589895
1e+08 1.59981e+08 1599.81 585166
1e+08 1.60596e+08 1605.96 580477
1e+08 1.61214e+08 1612.14 575821
1e+08 1.61834e+08 1618.34 571203
1e+08 1.62456e+08 1624.56 566625
1e+08 1.63081e+08 1630.81 562078
1e+08 1.63709e+08 1637.09 557562
1e+08 1.64338e+08 1643.38 553092
1e+08 1.6497e+08 1649.7 548654
1e+08 1.65605e+08 1656.05 544246
1e+08 1.66242e+08 1662.42 539875
1e+08 1.66881e+08 1668.81 535543
1e+08 1.67523e+08 1675.23 531240
1e+08 1.68167e+08 1681.67 526975
1e+08 1.68814e+08 1688.14 522739
1e+08 1.69464e+08 1694.64 518534
1e+08 1.70115e+08 1701.15 514371
1e+08 1.7077e+08 1707.7 510232
1e+08 1.71427e+08 1714.27 506128
1e+08 1.72086e+08 1720.86 502060
1e+08 1.72748e+08 1727.48 498021
1e+08 1.73412e+08 1734.12 494017
1e+08 1.74079e+08 1740.79 490042
1e+08 1.74749e+08 1747.49 486096
1e+08 1.75421e+08 1754.21 482184
1e+08 1.76096e+08 1760.96 478300
1e+08 1.76773e+08 1767.73 474451
1e+08 1.77453e+08 1774.53 470629
1e+08 1.78135e+08 1781.35 466841
1e+08 1.78821e+08 1788.21 463076
1e+08 1.79508e+08 1795.08 459349
1e+08 1.80199e+08 1801.99 455644
1e+08 1.80892e+08 1808.92 451971
1e+08 1.81588e+08 1815.88 448326
1e+08 1.82286e+08 1822.86 444713
1e+08 1.82987e+08 1829.87 441127
1e+08 1.83691e+08 1836.91 437567
1e+08 1.84398e+08 1843.98 434035
1e+08 1.85107e+08 1851.07 430533
1e+08 1.85819e+08 1858.19 427058
1e+08 1.86534e+08 1865.34 423609
1e+08 1.87251e+08 1872.51 420191
1e+08 1.87971e+08 1879.71 416799
1e+08 1.88694e+08 1886.94 413432
1e+08 1.8942e+08 1894.2 410091
1e+08 1.90149e+08 1901.49 406775
1e+08 1.9088e+08 1908.8 403489
1e+08 1.91614e+08 1916.14 400228
1e+08 1.92351e+08 1923.51 396992
1e+08 1.93091e+08 1930.91 393781
1e+08 1.93834e+08 1938.34 390595
1e+08 1.94579e+08 1945.79 387437
1e+08 1.95328e+08 1953.28 384299
1e+08 1.96079e+08 1960.79 381190
1e+08 1.96833e+08 1968.33 378106
1e+08 1.9759e+08 1975.9 375045
1e+08 1.9835e+08 1983.5 372007
1e+08 1.99113e+08 1991.13 368994
1e+08 1.99879e+08 1998.79 366004
1e+08 2.00648e+08 2006.48 363038
1e+08 2.01419e+08 2014.19 360098
1e+08 2.02194e+08 2021.94 357178
1e+08 2.02972e+08 2029.72 354281
1e+08 2.03753e+08 2037.53 351407
1e+08 2.04536e+08 2045.36 348559
1e+08 2.05323e+08 2053.23 345730
1e+08 2.06113e+08 2061.13 342924
1e+08 2.06905e+08 2069.05 340144
1e+08 2.07701e+08 2077.01 337382
1e+08 2.085e+08 2085 334642
1e+08 2.09302e+08 2093.02 331924
1e+08 2.10107e+08 2101.07 329228
1e+08 2.10915e+08 2109.15 326554
1e+08 2.11727e+08 2117.27 323898
1e+08 2.12541e+08 2125.41 321266
1e+08 2.13358e+08 2133.58 318656
1e+08 2.14179e+08 2141.79 316064
1e+08 2.15003e+08 2150.03 313493
1e+08 2.1583e+08 2158.3 310942
1e+08 2.1666e+08 2166.6 308413
1e+08 2.17493e+08 2174.93 305904
1e+08 2.1833e+08 2183.3 303412
1e+08 2.1917e+08 2191.7 300941
1e+08 2.20013e+08 2200.13 298491
1e+08 2.20859e+08 2208.59 296060
1e+08 2.21708e+08 2217.08 293649
1e+08 2.22561e+08 2225.61 291256
1e+08 2.23417e+08 2234.17 288882
1e+08 2.24276e+08 2242.76 286528
1e+08 2.25139e+08 2251.39 284190
1e+08 2.26005e+08 2260.05 281872
1e+08 2.26874e+08 2268.74 279573
1e+08 2.27747e+08 2277.47 277291
1e+08 2.28623e+08 2286.23 275028
1e+08 2.29502e+08 2295.02 272784
1e+08 2.30385e+08 2303.85 270556
1e+08 2.31271e+08 2312.71 268346
1e+08 2.32161e+08 2321.61 266153
1e+08 2.33054e+08 2330.54 263978
1e+08 2.3395e+08 2339.5 261822
1e+08 2.3485e+08 2348.5 259681
1e+08 2.35753e+08 2357.53 257559
1e+08 2.3666e+08 2366.6 255452
1e+08 2.3757e+08 2375.7 253363
1e+08 2.38484e+08 2384.84 251289
1e+08 2.39401e+08 2394.01 249233
1e+08 2.40322e+08 2403.22 247193
1e+08 2.41246e+08 2412.46 245169
1e+08 2.42174e+08 2421.74 243161
1e+08 2.43106e+08 2431.06 241168
1e+08 2.44041e+08 2440.41 239192
1e+08 2.44979e+08 2449.79 237233
1e+08 2.45922e+08 2459.22 235287
1e+08 2.46868e+08 2468.68 233358
1e+08 2.47817e+08 2478.17 231445
1e+08 2.4877e+08 2487.7 229546
1e+08 2.49727e+08 2497.27 227663
1e+08 2.50688e+08 2506.88 225793
1e+08 2.51652e+08 2516.52 223940
1e+08 2.5262e+08 2526.2 222101
1e+08 2.53592e+08 2535.92 220276
1e+08 2.54567e+08 2545.67 218467
1e+08 2.55546e+08 2555.46 216672
1e+08 2.56529e+08 2565.29 214891
1e+08 2.57516e+08 2575.16 213124
1e+08 2.58506e+08 2585.06 211372
1e+08 2.595e+08 2595 209634
1e+08 2.60499e+08 2604.99 207908
1e+08 2.615e+08 2615 206198
1e+08 2.62506e+08 2625.06 204501
1e+08 2.63516e+08 2635.16 202816
1e+08 2.6453e+08 2645.3 201145
1e+08 2.65547e+08 2655.47 199489
1e+08 2.66568e+08 2665.68 197846
1e+08 2.67594e+08 2675.94 196214
1e+08 2.68623e+08 2686.23 194597
1e+08 2.69656e+08 2696.56 192992
1e+08 2.70693e+08 2706.93 191400
1e+08 2.71734e+08 2717.34 189822
1e+08 2.7278e+08 2727.8 188254
1e+08 2.73829e+08 2738.29 186700
1e+08 2.74882e+08 2748.82 185159
1e+08 2.75939e+08 2759.39 183630
1e+08 2.77001e+08 2770.01 182112
1e+08 2.78066e+08 2780.66 180608
1e+08 2.79136e+08 2791.36 179114
1e+08 2.80209e+08 2802.09 177634
1e+08 2.81287e+08 2812.87 176165
1e+08 2.82369e+08 2823.69 174707
1e+08 2.83455e+08 2834.55 173262
1e+08 2.84545e+08 2845.45 171828
1e+08 2.8564e+08 2856.4 170405
1e+08 2.86738e+08 2867.38 168994
1e+08 2.87841e+08 2878.41 167594
1e+08 2.88948e+08 2889.48 166206
1e+08 2.9006e+08 2900.6 164827
1e+08 2.91175e+08 2911.75 163462
1e+08 2.92295e+08 2922.95 162106
1e+08 2.9342e+08 2934.2 160761
1e+08 2.94548e+08 2945.48 159427
1e+08 2.95681e+08 2956.81 158104
1e+08 2.96818e+08 2968.18 156792
1e+08 2.9796e+08 2979.6 155490
1e+08 2.99106e+08 2991.06 154198
1e+08 3.00257e+08 3002.57 152916
1e+08 3.01411e+08 3014.11 151646
1e+08 3.02571e+08 3025.71 150385
1e+08 3.03735e+08 3037.35 149134
1e+08 3.04903e+08 3049.03 147894
1e+08 3.06076e+08 3060.76 146663
1e+08 3.07253e+08 3072.53 145443
1e+08 3.08435e+08 3084.35 144231
1e+08 3.09621e+08 3096.21 143031
1e+08 3.10812e+08 3108.12 141839
1e+08 3.12007e+08 3120.07 140658
1e+08 3.13207e+08 3132.07 139485
1e+08 3.14412e+08 3144.12 138322
1e+08 3.15621e+08 3156.21 137169
1e+08 3.16835e+08 3168.35 136025
1e+08 3.18054e+08 3180.54 134889
1e+08 3.19277e+08 3192.77 133764
1e+08 3.20505e+08 3205.05 132647
1e+08 3.21738e+08 3217.38 131539
1e+08 3.22976e+08 3229.76 130439
1e+08 3.24218e+08 3242.18 129349
1e+08 3.25465e+08 3254.65 128268
1e+08 3.26717e+08 3267.17 127195
1e+08 3.27973e+08 3279.73 126132
1e+08 3.29235e+08 3292.35 125076
1e+08 3.30501e+08 3305.01 124030
1e+08 3.31772e+08 3317.72 122991
1e+08 3.33049e+08 3330.49 121961
1e+08 3.3433e+08 3343.3 120939
1e+08 3.35615e+08 3356.15 119926
1e+08 3.36906e+08 3369.06 118921
1e+08 3.38202e+08 3382.02 117923
1e+08 3.39503e+08 3395.03 116934
1e+08 3.40809e+08 3408.09 115953
1e+08 3.4212e+08 3421.2 114980
1e+08 3.43436e+08 3434.36 114014
1e+08 3.44757e+08 3447.57 113057
1e+08 3.46083e+08 3460.83 112107
1e+08 3.47414e+08 3474.14 111165
1e+08 3.4875e+08 3487.5 110231
1e+08 3.50091e+08 3500.91 109304
1e+08 3.51438e+08 3514.38 108384
1e+08 3.5279e+08 3527.9 107472
1e+08 3.54147e+08 3541.47 106568
1e+08 3.55509e+08 3555.09 105670
1e+08 3.56876e+08 3568.76 104781
1e+08 3.58249e+08 3582.49 103898
1e+08 3.59627e+08 3596.27 103022
1e+08 3.6101e+08 3610.1 102154
1e+08 3.62399e+08 3623.99 101292
1e+08 3.63792e+08 3637.92 100438
1e+08 3.65192e+08 3651.92 99589.9
1e+08 3.66596e+08 3665.96 98749.6
1e+08 3.68006e+08 3680.06 97915.7
1e+08 3.69422e+08 3694.22 97088.3
1e+08 3.70843e+08 3708.43 96267.9
1e+08 3.72269e+08 3722.69 95454.3
1e+08 3.73701e+08 3737.01 94647.1
1e+08 3.75138e+08 3751.38 93846.8
1e+08 3.76581e+08 3765.81 93052.6
1e+08 3.7803e+08 3780.3 92264.7
1e+08 3.79484e+08 3794.84 91483.5
1e+08 3.80943e+08 3809.43 90709
1e+08 3.82408e+08 3824.08 89940.5
1e+08 3.83879e+08 3838.79 89178.2
1e+08 3.85356e+08 3853.56 88421.8
1e+08 3.86838e+08 3868.38 87672
1e+08 3.88326e+08 3883.26 86928.1
1e+08 3.8982e+08 3898.2 86190.1
1e+08 3.91319e+08 3913.19 85458.5
1e+08 3.92824e+08 3928.24 84732.7
1e+08 3.94335e+08 3943.35 84012.8
1e+08 3.95852e+08 3958.52 83298.6
1e+08 3.97374e+08 3973.74 82590.6
1e+08 3.98903e+08 3989.03 81887.9
1e+08 4.00437e+08 4004.37 81191.3
1e+08 4.01977e+08 4019.77 80500.4
1e+08 4.03523e+08 4035.23 79815
1e+08 4.05075e+08 4050.75 79135.3
1e+08 4.06633e+08 4066.33 78461
1e+08 4.08197e+08 4081.97 77792.3
1e+08 4.09768e+08 4097.68 77128.6
1e+08 4.11344e+08 4113.44 76470.8
1e+08 4.12926e+08 4129.26 75818.3
1e+08 4.14514e+08 4145.14 75171.3
1e+08 4.16108e+08 4161.08 74529.5
1e+08 4.17709e+08 4177.09 73892.7
1e+08 4.19315e+08 4193.15 73261.5
1e+08 4.20928e+08 4209.28 72635.2
1e+08 4.22547e+08 4225.47 72014.1
1e+08 4.24173e+08 4241.73 71397.7
1e+08 4.25804e+08 4258.04 70786.9
1e+08 4.27442e+08 4274.42 70180.8
1e+08 4.29086e+08 4290.86 69579.8
1e+08 4.30736e+08 4307.36 68983.9
1e+08 4.32393e+08 4323.93 68392.6
1e+08 4.34056e+08 4340.56 67806.2
1e+08 4.35726e+08 4357.26 67224.5
1e+08 4.37402e+08 4374.02 66647.7
1e+08 4.39084e+08 4390.84 66075.7
1e+08 4.40773e+08 4407.73 65508.3
1e+08 4.42468e+08 4424.68 64945.7
1e+08 4.4417e+08 4441.7 64387.6
1e+08 4.45878e+08 4458.78 63834.2
1e+08 4.47593e+08 4475.93 63285.2
1e+08 4.49315e+08 4493.15 62740.6
1e+08 4.51043e+08 4510.43 62200.7
1e+08 4.52778e+08 4527.78 61665.1
1e+08 4.54519e+08 4545.19 61134.1
1e+08 4.56268e+08 4562.68 60607.1
1e+08 4.58023e+08 4580.23 60084.7
1e+08 4.59784e+08 4597.84 59566.7
1e+08 4.61553e+08 4615.53 59052.7
1e+08 4.63328e+08 4633.28 58543.2
1e+08 4.6511e+08 4651.1 58037.7
1e+08 4.66899e+08 4668.99 57536.4
1e+08 4.68695e+08 4686.95 57039.3
1e+08 4.70498e+08 4704.98 56546.1
1e+08 4.72307e+08 4723.07 56057.3
1e+08 4.74124e+08 4741.24 55572.3
1e+08 4.75948e+08 4759.48 55091.2
1e+08 4.77778e+08 4777.78 54614.4
1e+08 4.79616e+08 4796.16 54141.3
1e+08 4.81461e+08 4814.61 53672.1
1e+08 4.83313e+08 4833.13 53206.8
1e+08 4.85172e+08 4851.72 52745.4
1e+08 4.87038e+08 4870.38 52287.8
1e+08 4.88911e+08 4889.11 51834.1
1e+08 4.90791e+08 4907.91 51384.1
1e+08 4.92679e+08 4926.79 50937.7
1e+08 4.94574e+08 4945.74 50495.1
1e+08 4.96476e+08 4964.76 50056.1
1e+08 4.98386e+08 4983.86 49620.7
1e+08 5.00303e+08 5003.03 49188.9
1e+08 5.02227e+08 5022.27 48760.8
1e+08 5.04159e+08 5041.59 48336.1
1e+08 5.06098e+08 5060.98 47915.1
1e+08 5.08045e+08 5080.45 47497.4
1e+08 5.09999e+08 5099.99 47083.2
1e+08 5.1196e+08 5119.6 46672.6
1e+08 5.1393e+08 5139.3 46265.2
1e+08 5.15906e+08 5159.06 45861.4
1e+08 5.17891e+08 5178.91 45460.7
1e+08 5.19883e+08 5198.83 45063.4
1e+08 5.21882e+08 5218.82 44669.6
1e+08 5.2389e+08 5238.9 44278.8
1e+08 5.25905e+08 5259.05 43891.4
1e+08 5.27927e+08 5279.27 43507.3
1e+08 5.29958e+08 5299.58 43126.3
1e+08 5.31996e+08 5319.96 42748.5
1e+08 5.34043e+08 5340.43 42373.7
1e+08 5.36097e+08 5360.97 42002.1
1e+08 5.38159e+08 5381.59 41633.6
1e+08 5.40229e+08 5402.29 41268.2
1e+08 5.42306e+08 5423.06 40906
1e+08 5.44392e+08 5443.92 40546.6
1e+08 5.46486e+08 5464.86 40190.3
1e+08 5.48588e+08 5485.88 39836.9
1e+08 5.50698e+08 5506.98 39486.5
1e+08 5.52816e+08 5528.16 39139
1e+08 5.54943e+08 5549.43 38794.3
1e+08 5.57077e+08 5570.77 38452.7
1e+08 5.5922e+08 5592.2 38113.8
1e+08 5.61371e+08 5613.71 37777.7
1e+08 5.6353e+08 5635.3 37444.5
1e+08 5.65697e+08 5656.97 37114.2
1e+08 5.67873e+08 5678.73 36786.5
1e+08 5.70057e+08 5700.57 36461.6
1e+08 5.7225e+08 5722.5 36139.4
1e+08 5.74451e+08 5744.51 35819.9
1e+08 5.76661e+08 5766.61 35503
1e+08 5.78879e+08 5788.79 35188.8
1e+08 5.81105e+08 5811.05 34877.3
1e+08 5.8334e+08 5833.4 34568.4
1e+08 5.85584e+08 5855.84 34262
1e+08 5.87836e+08 5878.36 33958.3
1e+08 5.90097e+08 5900.97 33657.1
1e+08 5.92367e+08 5923.67 33358.4
1e+08 5.94645e+08 5946.45 33062.3
1e+08 5.96933e+08 5969.33 32768.5
1e+08 5.99229e+08 5992.29 32477.2
1e+08 6.01533e+08 6015.33 32188.6
1e+08 6.03847e+08 6038.47 31902.2
1e+08 6.0617e+08 6061.7 31618.2
1e+08 6.08501e+08 6085.01 31336.7
1e+08 6.10842e+08 6108.42 31057.5
1e+08 6.13191e+08 6131.91 30780.7
1e+08 6.1555e+08 6155.5 30506.2
1e+08 6.17917e+08 6179.17 30234.1
1e+08 6.20294e+08 6202.94 29964.2
1e+08 6.2268e+08 6226.8 29696.6
1e+08 6.25075e+08 6250.75 29431.2
1e+08 6.27479e+08 6274.79 29168.1
1e+08 6.29892e+08 6298.92 28907.3
1e+08 6.32315e+08 6323.15 28648.6
1e+08 6.34747e+08 6347.47 28392.1
1e+08 6.37189e+08 6371.89 28137.8
1e+08 6.3964e+08 6396.4 27885.6
1e+08 6.421e+08 6421 27635.6
1e+08 6.4457e+08 6445.7 27387.6
1e+08 6.47049e+08 6470.49 27141.8
1e+08 6.49537e+08 6495.37 26898.1
1e+08 6.52036e+08 6520.36 26656.4
1e+08 6.54544e+08 6545.44 26416.8
1e+08 6.57061e+08 6570.61 26179.2
1e+08 6.59589e+08 6595.89 25943.6
1e+08 6.62125e+08 6621.25 25710.1
1e+08 6.64672e+08 6646.72 25478.5
1e+08 6.67229e+08 6672.29 25248.8
1e+08 6.69795e+08 6697.95 25021.1
1e+08 6.72371e+08 6723.71 24795.4
1e+08 6.74957e+08 6749.57 24571.6
1e+08 6.77554e+08 6775.54 24349.6
1e+08 6.8016e+08 6801.6 24129.6
1e+08 6.82776e+08 6827.76 23911.4
1e+08 6.85402e+08 6854.02 23695.1
1e+08 6.88038e+08 6880.38 23480.7
1e+08 6.90685e+08 6906.85 23268
1e+08 6.93341e+08 6933.41 23057.2
1e+08 6.96008e+08 6960.08 22848.2
1e+08 6.98685e+08 6986.85 22641
1e+08 7.01372e+08 7013.72 22435.5
1e+08 7.0407e+08 7040.7 22231.8
1e+08 7.06778e+08 7067.78 22029.8
1e+08 7.09497e+08 7094.97 21829.5
1e+08 7.12226e+08 7122.26 21631
1e+08 7.14965e+08 7149.65 21434.2
1e+08 7.17715e+08 7177.15 21239
1e+08 7.20475e+08 7204.75 21045.6
1e+08 7.23247e+08 7232.47 20853.7
1e+08 7.26028e+08 7260.28 20663.6
1e+08 7.28821e+08 7288.21 20475
1e+08 7.31624e+08 7316.24 20288
1e+08 7.34438e+08 7344.38 20102.7
1e+08 7.37263e+08 7372.63 19919
1e+08 7.40099e+08 7400.99 19736.8
1e+08 7.42946e+08 7429.46 19556.2
1e+08 7.45803e+08 7458.03 19377.1
1e+08 7.48672e+08 7486.72 19199.6
1e+08 7.51551e+08 7515.51 19023.7
1e+08 7.54442e+08 7544.42 18849.2
1e+08 7.57344e+08 7573.44 18676.2
1e+08 7.60257e+08 7602.57 18504.7
1e+08 7.63181e+08 7631.81 18334.7
1e+08 7.66116e+08 7661.16 18166.2
1e+08 7.69063e+08 7690.63 17999.1
1e+08 7.72021e+08 7720.21 17833.4
1e+08 7.74991e+08 7749.91 17669.2
1e+08 7.77971e+08 7779.71 17506.4
1e+08 7.80964e+08 7809.64 17345
1e+08 7.83968e+08 7839.68 17185
1e+08 7.86983e+08 7869.83 17026.4
1e+08 7.9001e+08 7900.1 16869.2
1e+08 7.93049e+08 7930.49 16713.3
1e+08 7.96099e+08 7960.99 16558.7
1e+08 7.99161e+08 7991.61 16405.5
1e+08 8.02235e+08 8022.35 16253.7
1e+08 8.0532e+08 8053.2 16103.1
1e+08 8.08418e+08 8084.18 15953.9
1e+08 8.11527e+08 8115.27 15805.9
1e+08 8.14649e+08 8146.49 15659.2
1e+08 8.17782e+08 8177.82 15513.9
1e+08 8.20927e+08 8209.27 15369.8
1e+08 8.24085e+08 8240.85 15226.9
1e+08 8.27255e+08 8272.55 15085.2
1e+08 8.30437e+08 8304.37 14944.8
1e+08 8.33631e+08 8336.31 14805.6
1e+08 8.36837e+08 8368.37 14667.7
1e+08 8.40056e+08 8400.56 14530.9
1e+08 8.43287e+08 8432.87 14395.3
1e+08 8.4653e+08 8465.3 14260.9
1e+08 8.49786e+08 8497.86 14127.7
1e+08 8.53055e+08 8530.55 13995.6
1e+08 8.56336e+08 8563.36 13864.7
1e+08 8.5963e+08 8596.3 13734.9
1e+08 8.62936e+08 8629.36 13606.3
1e+08 8.66255e+08 8662.55 13478.8
1e+08 8.69587e+08 8695.87 13352.4
1e+08 8.72932e+08 8729.32 13227.1
1e+08 8.76289e+08 8762.89 13103
1e+08 8.7966e+08 8796.6 12979.9
1e+08 8.83043e+08 8830.43 12857.8
1e+08 8.8644e+08 8864.4 12736.9
1e+08 8.89849e+08 8898.49 12617
1e+08 8.93272e+08 8932.72 12498.2
1e+08 8.96708e+08 8967.08 12380.4
1e+08 9.00157e+08 9001.57 12263.6
1e+08 9.03619e+08 9036.19 12147.9
1e+08 9.07095e+08 9070.95 12033.1
1e+08 9.10583e+08 9105.83 11919.5
1e+08 9.14086e+08 9140.86 11806.7
1e+08 9.17602e+08 9176.02 11695
1e+08 9.21131e+08 9211.31 11584.3
1e+08 9.24674e+08 9246.74 11474.6
1e+08 9.28231e+08 9282.31 11365.8
1e+08 9.31801e+08 9318.01 11258
1e+08 9.35385e+08 9353.85 11151.1
1e+08 9.38983e+08 9389.83 11045.2
1e+08 9.42594e+08 9425.94 10940.2
1e+08 9.4622e+08 9462.2 10836.1
1e+08 9.49859e+08 9498.59 10733
1e+08 9.53513e+08 9535.13 10630.7
1e+08 9.5718e+08 9571.8 10529.4
1e+08 9.60862e+08 9608.62 10429
1e+08 9.64557e+08 9645.57 10329.5
1e+08 9.68267e+08 9682.67 10230.8
1e+08 9.71992e+08 9719.92 10133
1e+08 9.7573e+08 9757.3 10036.2
1e+08 9.79483e+08 9794.83 9940.11
1e+08 9.83251e+08 9832.51 9844.91
1e+08 9.87032e+08 9870.32 9750.59
1e+08 9.90829e+08 9908.29 9657.07
1e+08 9.9464e+08 9946.4 9564.4
1e+08 9.98466e+08 9984.66 9472.55
1e+08 1.00231e+09 10023.1 9381.44
1e+08 1.00616e+09 10061.6 9291.34
1e+08 1.01003e+09 10100.3 9201.94
1e+08 1.01392e+09 10139.2 9113.21
1e+08 1.01782e+09 10178.2 9025.39
1e+08 1.02173e+09 10217.3 8938.46
1e+08 1.02566e+09 10256.6 8852.2
1e+08 1.02961e+09 10296.1 8766.61
1e+08 1.03357e+09 10335.7 8681.9
1e+08 1.03754e+09 10375.4 8598.05
1e+08 1.04153e+09 10415.3 8514.86
1e+08 1.04554e+09 10455.4 8432.32
1e+08 1.04956e+09 10495.6 8350.63
1e+08 1.0536e+09 10536 8269.59
1e+08 1.05765e+09 10576.5 8189.38
1e+08 1.06172e+09 10617.2 8109.8
1e+08 1.0658e+09 10658 8031.05
1e+08 1.0699e+09 10699 7952.93
1e+08 1.07401e+09 10740.1 7875.62
1e+08 1.07815e+09 10781.5 7798.74
1e+08 1.08229e+09 10822.9 7722.85
1e+08 1.08646e+09 10864.6 7647.39
1e+08 1.09063e+09 10906.3 7572.89
1e+08 1.09483e+09 10948.3 7498.83
1e+08 1.09904e+09 10990.4 7425.53
1e+08 1.10327e+09 11032.7 7352.84
1e+08 1.10751e+09 11075.1 7280.91
1e+08 1.11177e+09 11117.7 7209.57
1e+08 1.11605e+09 11160.5 7138.82
1e+08 1.12034e+09 11203.4 7068.81
1e+08 1.12465e+09 11246.5 6999.38
1e+08 1.12897e+09 11289.7 6930.69
1e+08 1.13332e+09 11333.2 6862.41
1e+08 1.13768e+09 11376.8 6794.85
1e+08 1.14205e+09 11420.5 6728.01
1e+08 1.14644e+09 11464.4 6661.73
1e+08 1.15085e+09 11508.5 6596.01
1e+08 1.15528e+09 11552.8 6530.85
1e+08 1.15972e+09 11597.2 6466.38
1e+08 1.16419e+09 11641.9 6402.31
1e+08 1.16866e+09 11686.6 6339.07
1e+08 1.17316e+09 11731.6 6276.23
1e+08 1.17767e+09 11776.7 6214.06
1e+08 1.1822e+09 11822 6152.43
1e+08 1.18675e+09 11867.5 6091.32
1e+08 1.19131e+09 11913.1 6030.87
1e+08 1.19589e+09 11958.9 5970.95
1e+08 1.20049e+09 12004.9 5911.54
1e+08 1.20511e+09 12051.1 5852.65
1e+08 1.20975e+09 12097.5 5794.27
1e+08 1.2144e+09 12144 5736.53
1e+08 1.21907e+09 12190.7 5679.29
1e+08 1.22376e+09 12237.6 5622.55
1e+08 1.22847e+09 12284.7 5566.31
1e+08 1.23319e+09 12331.9 5510.68
1e+08 1.23793e+09 12379.3 5455.55
1e+08 1.2427e+09 12427 5400.79
1e+08 1.24748e+09 12474.8 5346.63
1e+08 1.25227e+09 12522.7 5293.06
1e+08 1.25709e+09 12570.9 5239.86
1e+08 1.26193e+09 12619.3 5187.13
1e+08 1.26678e+09 12667.8 5134.98
1e+08 1.27165e+09 12716.5 5083.31
1e+08 1.27654e+09 12765.4 5032.1
1e+08 1.28145e+09 12814.5 4981.35
1e+08 1.28638e+09 12863.8 4931.06
1e+08 1.29133e+09 12913.3 4881.22
1e+08 1.2963e+09 12963 4831.84
1e+08 1.30128e+09 13012.8 4783.01
1e+08 1.30629e+09 13062.9 4734.53
1e+08 1.31131e+09 13113.1 4686.58
1e+08 1.31636e+09 13163.6 4638.99
1e+08 1.32142e+09 13214.2 4591.92
1e+08 1.3265e+09 13265 4545.29
1e+08 1.3316e+09 13316 4499.09
1e+08 1.33672e+09 13367.2 4453.31
1e+08 1.34187e+09 13418.7 4407.88
1e+08 1.34703e+09 13470.3 4362.95
1e+08 1.35221e+09 13522.1 4318.44
1e+08 1.35741e+09 13574.1 4274.35
1e+08 1.36263e+09 13626.3 4230.67
1e+08 1.36787e+09 13678.7 4187.4
1e+08 1.37313e+09 13731.3 4144.54
1e+08 1.37841e+09 13784.1 4102.09
1e+08 1.38372e+09 13837.2 4059.95
1e+08 1.38904e+09 13890.4 4018.3
1e+08 1.39438e+09 13943.8 3977.04
1e+08 1.39974e+09 13997.4 3936.17
1e+08 1.40513e+09 14051.3 3895.62
1e+08 1.41053e+09 14105.3 3855.52
1e+08 1.41596e+09 14159.6 3815.74
1e+08 1.4214e+09 14214 3776.42
1e+08 1.42687e+09 14268.7 3737.4
1e+08 1.43236e+09 14323.6 3698.76
1e+08 1.43787e+09 14378.7 3660.49
1e+08 1.4434e+09 14434 3622.59
1e+08 1.44895e+09 14489.5 3585.06
1e+08 1.45452e+09 14545.2 3547.89
1e+08 1.46012e+09 14601.2 3511.02
1e+08 1.46573e+09 14657.3 3474.58
1e+08 1.47137e+09 14713.7 3438.43
1e+08 1.47703e+09 14770.3 3402.63
1e+08 1.48271e+09 14827.1 3367.18
1e+08 1.48842e+09 14884.2 3332.03
1e+08 1.49414e+09 14941.4 3297.28
1e+08 1.49989e+09 14998.9 3262.81
1e+08 1.50566e+09 15056.6 3228.69
1e+08 1.51145e+09 15114.5 3194.9
1e+08 1.51726e+09 15172.6 3161.45
1e+08 1.5231e+09 15231 3128.28
1e+08 1.52896e+09 15289.6 3095.44
1e+08 1.53484e+09 15348.4 3062.93
1e+08 1.54074e+09 15407.4 3030.74
1e+08 1.54667e+09 15466.7 2998.83
1e+08 1.55261e+09 15526.1 2967.29
1e+08 1.55859e+09 15585.9 2935.96
1e+08 1.56458e+09 15645.8 2905
1e+08 1.5706e+09 15706 2874.31
1e+08 1.57664e+09 15766.4 2843.92
1e+08 1.5827e+09 15827 2813.85
1e+08 1.58879e+09 15887.9 2784.03
1e+08 1.5949e+09 15949 2754.52
1e+08 1.60104e+09 16010.4 2725.26
1e+08 1.6072e+09 16072 2696.3
1e+08 1.61338e+09 16133.8 2667.64
1e+08 1.61958e+09 16195.8 2639.28
1e+08 1.62581e+09 16258.1 2611.16
1e+08 1.63207e+09 16320.7 2583.29
1e+08 1.63834e+09 16383.4 2555.75
1e+08 1.64464e+09 16446.4 2528.45
1e+08 1.65097e+09 16509.7 2501.4
1e+08 1.65732e+09 16573.2 2474.62
1e+08 1.66369e+09 16636.9 2448.13
1e+08 1.67009e+09 16700.9 2421.87
1e+08 1.67652e+09 16765.2 2395.85
1e+08 1.68297e+09 16829.7 2370.1
1e+08 1.68944e+09 16894.4 2344.62
1e+08 1.69594e+09 16959.4 2319.37
1e+08 1.70246e+09 17024.6 2294.39
1e+08 1.70901e+09 17090.1 2269.63
1e+08 1.71558e+09 17155.8 2245.14
1e+08 1.72218e+09 17221.8 2220.87
1e+08 1.7288e+09 17288 2196.85
1e+08 1.73545e+09 17354.5 2173.06
1e+08 1.74213e+09 17421.3 2149.49
1e+08 1.74883e+09 17488.3 2126.17
1e+08 1.75556e+09 17555.6 2103.06
1e+08 1.76231e+09 17623.1 2080.2
1e+08 1.76909e+09 17690.9 2057.56
1e+08 1.77589e+09 17758.9 2035.16
1e+08 1.78272e+09 17827.2 2012.96
1e+08 1.78958e+09 17895.8 1990.98
1e+08 1.79646e+09 17964.6 1969.23
1e+08 1.80337e+09 18033.7 1947.69
1e+08 1.81031e+09 18103.1 1926.35
1e+08 1.81727e+09 18172.7 1905.25
1e+08 1.82426e+09 18242.6 1884.34
1e+08 1.83128e+09 18312.8 1863.64
1e+08 1.83832e+09 18383.2 1843.16
1e+08 1.84539e+09 18453.9 1822.88
1e+08 1.85249e+09 18524.9 1802.79
1e+08 1.85962e+09 18596.2 1782.89
1e+08 1.86677e+09 18667.7 1763.22
1e+08 1.87395e+09 18739.5 1743.73
1e+08 1.88116e+09 18811.6 1724.44
1e+08 1.88839e+09 18883.9 1705.36
1e+08 1.89565e+09 18956.5 1686.46
1e+08 1.90295e+09 19029.5 1667.72
1e+08 1.91027e+09 19102.7 1649.19
1e+08 1.91761e+09 19176.1 1630.87
1e+08 1.92499e+09 19249.9 1612.71
1e+08 1.93239e+09 19323.9 1594.75
1e+08 1.93983e+09 19398.3 1576.94
1e+08 1.94729e+09 19472.9 1559.33
1e+08 1.95478e+09 19547.8 1541.9
1e+08 1.96229e+09 19622.9 1524.66
1e+08 1.96984e+09 19698.4 1507.58
1e+08 1.97742e+09 19774.2 1490.66
1e+08 1.98502e+09 19850.2 1473.94
1e+08 1.99266e+09 19926.6 1457.36
1e+08 2.00032e+09 20003.2 1440.97
1e+08 2.00802e+09 20080.2 1424.73
1e+08 2.01574e+09 20157.4 1408.67
1e+08 2.02349e+09 20234.9 1392.78
1e+08 2.03128e+09 20312.8 1377.03
1e+08 2.03909e+09 20390.9 1361.46
1e+08 2.04693e+09 20469.3 1346.04
1e+08 2.05481e+09 20548.1 1330.77
1e+08 2.06271e+09 20627.1 1315.67
1e+08 2.07064e+09 20706.4 1300.73
1e+08 2.07861e+09 20786.1 1285.93
1e+08 2.0866e+09 20866 1271.29
1e+08 2.09463e+09 20946.3 1256.79
1e+08 2.10269e+09 21026.9 1242.44
1e+08 2.11077e+09 21107.7 1228.26
1e+08 2.11889e+09 21188.9 1214.21
1e+08 2.12704e+09 21270.4 1200.31
1e+08 2.13522e+09 21352.2 1186.55
1e+08 2.14344e+09 21434.4 1172.92
1e+08 2.15168e+09 21516.8 1159.46
1e+08 2.15996e+09 21599.6 1146.11
1e+08 2.16826e+09 21682.6 1132.93
1e+08 2.1766e+09 21766 1119.87
1e+08 2.18498e+09 21849.8 1106.93
1e+08 2.19338e+09 21933.8 1094.15
1e+08 2.20182e+09 22018.2 1081.49
1e+08 2.21028e+09 22102.8 1068.98
1e+08 2.21879e+09 22187.9 1056.57
1e+08 2.22732e+09 22273.2 1044.31
1e+08 2.23589e+09 22358.9 1032.18
1e+08 2.24449e+09 22444.9 1020.17
1e+08 2.25312e+09 22531.2 1008.29
1e+08 2.26179e+09 22617.9 996.529
1e+08 2.27049e+09 22704.9 984.895
1e+08 2.27922e+09 22792.2 973.388
1e+08 2.28798e+09 22879.8 962.007
1e+08 2.29679e+09 22967.9 950.726
1e+08 2.30562e+09 23056.2 939.581
1e+08 2.31449e+09 23144.9 928.546
1e+08 2.32339e+09 23233.9 917.634
1e+08 2.33233e+09 23323.3 906.829
1e+08 2.3413e+09 23413 896.145
1e+08 2.3503e+09 23503 885.579
1e+08 2.35934e+09 23593.4 875.12
1e+08 2.36842e+09 23684.2 864.766
1e+08 2.37753e+09 23775.3 854.527
1e+08 2.38667e+09 23866.7 844.404
1e+08 2.39585e+09 23958.5 834.383
1e+08 2.40507e+09 24050.7 824.464
1e+08 2.41432e+09 24143.2 814.657
1e+08 2.4236e+09 24236 804.961
1e+08 2.43292e+09 24329.2 795.364
1e+08 2.44228e+09 24422.8 785.867
1e+08 2.45168e+09 24516.8 776.467
1e+08 2.46111e+09 24611.1 767.174
1e+08 2.47057e+09 24705.7 757.988
1e+08 2.48008e+09 24800.8 748.888
1e+08 2.48961e+09 24896.1 739.901
1e+08 2.49919e+09 24991.9 730.999
1e+08 2.5088e+09 25088 722.2
1e+08 2.51845e+09 25184.5 713.494
1e+08 2.52814e+09 25281.4 704.879
1e+08 2.53786e+09 25378.6 696.364
1e+08 2.54762e+09 25476.2 687.939
1e+08 2.55742e+09 25574.2 679.604
1e+08 2.56726e+09 25672.6 671.357
1e+08 2.57713e+09 25771.3 663.207
1e+08 2.58705e+09 25870.5 655.137
1e+08 2.597e+09 25970 647.161
1e+08 2.60699e+09 26069.9 639.27
1e+08 2.61701e+09 26170.1 631.473
1e+08 2.62708e+09 26270.8 623.753
1e+08 2.63718e+09 26371.8 616.124
1e+08 2.64733e+09 26473.3 608.57
1e+08 2.65751e+09 26575.1 601.106
1e+08 2.66773e+09 26677.3 593.724
1e+08 2.67799e+09 26779.9 586.423
1e+08 2.68829e+09 26882.9 579.202
1e+08 2.69863e+09 26986.3 572.061
1e+08 2.70901e+09 27090.1 564.998
1e+08 2.71943e+09 27194.3 558.014
1e+08 2.72989e+09 27298.9 551.107
1e+08 2.74039e+09 27403.9 544.277
1e+08 2.75093e+09 27509.3 537.524
1e+08 2.76151e+09 27615.1 530.845
1e+08 2.77213e+09 27721.3 524.242
1e+08 2.7828e+09 27828 517.707
1e+08 2.7935e+09 27935 511.252
1e+08 2.80424e+09 28042.4 504.869
1e+08 2.81503e+09 28150.3 498.553
1e+08 2.82586e+09 28258.6 492.309
1e+08 2.83673e+09 28367.3 486.135
1e+08 2.84764e+09 28476.4 480.032
1e+08 2.85859e+09 28585.9 473.999
1e+08 2.86959e+09 28695.9 468.03
1e+08 2.88062e+09 28806.2 462.135
1e+08 2.8917e+09 28917 456.302
1e+08 2.90283e+09 29028.3 450.531
1e+08 2.91399e+09 29139.9 444.832
1e+08 2.9252e+09 29252 439.195
1e+08 2.93645e+09 29364.5 433.623
1e+08 2.94774e+09 29477.4 428.116
1e+08 2.95908e+09 29590.8 422.668
1e+08 2.97046e+09 29704.6 417.284
1e+08 2.98189e+09 29818.9 411.959
1e+08 2.99336e+09 29933.6 406.696
1e+08 3.00487e+09 30048.7 401.496
1e+08 3.01643e+09 30164.3 396.352
1e+08 3.02803e+09 30280.3 391.27
1e+08 3.03968e+09 30396.8 386.243
1e+08 3.05137e+09 30513.7 381.277
1e+08 3.06311e+09 30631.1 376.365
1e+08 3.07489e+09 30748.9 371.513
1e+08 3.08671e+09 30867.1 366.718
1e+08 3.09859e+09 30985.9 361.973
1e+08 3.11051e+09 31105.1 357.285
1e+08 3.12247e+09 31224.7 352.654
1e+08 3.13448e+09 31344.8 348.075
1e+08 3.14654e+09 31465.4 343.548
1e+08 3.15864e+09 31586.4 339.076
1e+08 3.17079e+09 31707.9 334.654
1e+08 3.18298e+09 31829.8 330.287
1e+08 3.19523e+09 31952.3 325.966
1e+08 3.20752e+09 32075.2 321.698
1e+08 3.21985e+09 32198.5 317.483
1e+08 3.23224e+09 32322.4 313.313
1e+08 3.24467e+09 32446.7 309.194
1e+08 3.25715e+09 32571.5 305.123
1e+08 3.26968e+09 32696.8 301.099
1e+08 3.28225e+09 32822.5 297.126
1e+08 3.29488e+09 32948.8 293.195
1e+08 3.30755e+09 33075.5 289.314
1e+08 3.32027e+09 33202.7 285.478
1e+08 3.33304e+09 33330.4 281.688
1e+08 3.34586e+09 33458.6 277.942
1e+08 3.35873e+09 33587.3 274.241
1e+08 3.37165e+09 33716.5 270.583
1e+08 3.38462e+09 33846.2 266.969
1e+08 3.39764e+09 33976.4 263.398
1e+08 3.41071e+09 34107.1 259.87
1e+08 3.42382e+09 34238.2 256.387
1e+08 3.43699e+09 34369.9 252.943
1e+08 3.45021e+09 34502.1 249.54
1e+08 3.46348e+09 34634.8 246.179
1e+08 3.47681e+09 34768.1 242.856
1e+08 3.49018e+09 34901.8 239.575
1e+08 3.5036e+09 35036 236.335
1e+08 3.51708e+09 35170.8 233.132
1e+08 3.53061e+09 35306.1 229.968
1e+08 3.54419e+09 35441.9 226.843
1e+08 3.55782e+09 35578.2 223.756
1e+08 3.5715e+09 35715 220.707
1e+08 3.58524e+09 35852.4 217.694
1e+08 3.59903e+09 35990.3 214.718
1e+08 3.61287e+09 36128.7 211.779
1e+08 3.62677e+09 36267.7 208.875
1e+08 3.64072e+09 36407.2 206.007
1e+08 3.65472e+09 36547.2 203.175
1e+08 3.66878e+09 36687.8 200.376
1e+08 3.68289e+09 36828.9 197.613
1e+08 3.69706e+09 36970.6 194.882
1e+08 3.71128e+09 37112.8 192.186
1e+08 3.72555e+09 37255.5 189.525
1e+08 3.73988e+09 37398.8 186.895
1e+08 3.75426e+09 37542.6 184.299
1e+08 3.7687e+09 37687 181.734
1e+08 3.7832e+09 37832 179.2
1e+08 3.79775e+09 37977.5 176.698
1e+08 3.81236e+09 38123.6 174.228
1e+08 3.82702e+09 38270.2 171.789
1e+08 3.84174e+09 38417.4 169.379
1e+08 3.85652e+09 38565.2 167
1e+08 3.87135e+09 38713.5 164.651
1e+08 3.88624e+09 38862.4 162.332
1e+08 3.90119e+09 39011.9 160.041
1e+08 3.91619e+09 39161.9 157.78
1e+08 3.93126e+09 39312.6 155.546
1e+08 3.94638e+09 39463.8 153.341
1e+08 3.96156e+09 39615.6 151.164
1e+08 3.97679e+09 39767.9 149.016
1e+08 3.99209e+09 39920.9 146.893
1e+08 4.00745e+09 40074.5 144.797
1e+08 4.02286e+09 40228.6 142.729
1e+08 4.03833e+09 40383.3 140.687
1e+08 4.05387e+09 40538.7 138.67
1e+08 4.06946e+09 40694.6 136.68
1e+08 4.08511e+09 40851.1 134.715
1e+08 4.10082e+09 41008.2 132.776
1e+08 4.1166e+09 41166 130.86
1e+08 4.13243e+09 41324.3 128.971
1e+08 4.14832e+09 41483.2 127.105
1e+08 4.16428e+09 41642.8 125.263
1e+08 4.1803e+09 41803 123.445
1e+08 4.19638e+09 41963.8 121.65
1e+08 4.21252e+09 42125.2 119.879
1e+08 4.22872e+09 42287.2 118.131
1e+08 4.24498e+09 42449.8 116.406
1e+08 4.26131e+09 42613.1 114.703
1e+08 4.2777e+09 42777 113.023
1e+08 4.29415e+09 42941.5 111.364
1e+08 4.31067e+09 43106.7 109.727
1e+08 4.32725e+09 43272.5 108.111
1e+08 4.34389e+09 43438.9 106.517
1e+08 4.3606e+09 43606 104.943
1e+08 4.37737e+09 43773.7 103.391
1e+08 4.39421e+09 43942.1 101.858
1e+08 4.41111e+09 44111.1 100.347
1e+08 4.42808e+09 44280.8 98.8543
1e+08 4.44511e+09 44451.1 97.3823
1e+08 4.46221e+09 44622.1 95.9294
1e+08 4.47937e+09 44793.7 94.4963
1e+08 4.4966e+09 44966 93.082
1e+08 4.5139e+09 45139 91.6863
1e+08 4.53126e+09 45312.6 90.3097
1e+08 4.54869e+09 45486.9 88.9513
1e+08 4.56618e+09 45661.8 87.6116
1e+08 4.58374e+09 45837.4 86.2898
1e+08 4.60138e+09 46013.8 84.9848
1e+08 4.61907e+09 46190.7 83.6986
1e+08 4.63684e+09 46368.4 82.429
1e+08 4.65467e+09 46546.7 81.1771
1e+08 4.67258e+09 46725.8 79.9414
1e+08 4.69055e+09 46905.5 78.7231
1e+08 4.70859e+09 47085.9 77.5213
1e+08 4.7267e+09 47267 76.3357
1e+08 4.74488e+09 47448.8 75.1663
1e+08 4.76313e+09 47631.3 74.0129
1e+08 4.78145e+09 47814.5 72.8753
1e+08 4.79984e+09 47998.4 71.7533
1e+08 4.81831e+09 48183.1 70.6461
1e+08 4.83684e+09 48368.4 69.5548
1e+08 4.85544e+09 48554.4 68.4786
1e+08 4.87412e+09 48741.2 67.4167
1e+08 4.89286e+09 48928.6 66.3702
1e+08 4.91168e+09 49116.8 65.3378
1e+08 4.93058e+09 49305.8 64.3192
1e+08 4.94954e+09 49495.4 63.3155
1e+08 4.96858e+09 49685.8 62.3254
1e+08 4.98769e+09 49876.9 61.3492
1e+08 5.00687e+09 50068.7 60.3869
1e+08 5.02613e+09 50261.3 59.4377
1e+08 5.04546e+09 50454.6 58.502
1e+08 5.06487e+09 50648.7 57.5791
1e+08 5.08435e+09 50843.5 56.6695
1e+08 5.10391e+09 51039.1 55.7724
1e+08 5.12354e+09 51235.4 54.8882
1e+08 5.14324e+09 51432.4 54.0167
1e+08 5.16303e+09 51630.3 53.157
1e+08 5.18288e+09 51828.8 52.3102
1e+08 5.20282e+09 52028.2 51.4748
1e+08 5.22283e+09 52228.3 50.6516
1e+08 5.24292e+09 52429.2 49.84
1e+08 5.26309e+09 52630.9 49.0399
1e+08 5.28333e+09 52833.3 48.2515
1e+08 5.30365e+09 53036.5 47.4743
1e+08 5.32405e+09 53240.5 46.7083
1e+08 5.34453e+09 53445.3 45.9532
1e+08 5.36508e+09 53650.8 45.2093
1e+08 5.38572e+09 53857.2 44.4757
1e+08 5.40643e+09 54064.3 43.7531
1e+08 5.42723e+09 54272.3 43.0406
1e+08 5.4481e+09 54481 42.3388
1e+08 5.46906e+09 54690.6 41.6469
1e+08 5.4901e+09 54901 40.9651
1e+08 5.51121e+09 55112.1 40.2935
1e+08 5.53241e+09 55324.1 39.6315
1e+08 5.55369e+09 55536.9 38.9793
1e+08 5.57505e+09 55750.5 38.3367
1e+08 5.59649e+09 55964.9 37.7036
1e+08 5.61802e+09 56180.2 37.0796
1e+08 5.63963e+09 56396.3 36.4649
1e+08 5.66132e+09 56613.2 35.8593
1e+08 5.68309e+09 56830.9 35.2629
1e+08 5.70495e+09 57049.5 34.6751
1e+08 5.7269e+09 57269 34.0959
1e+08 5.74892e+09 57489.2 33.5257
1e+08 5.77104e+09 57710.4 32.9636
1e+08 5.79323e+09 57932.3 32.4103
1e+08 5.81552e+09 58155.2 31.8649
1e+08 5.83788e+09 58378.8 31.3281
1e+08 5.86034e+09 58603.4 30.799
1e+08 5.88288e+09 58828.8 30.2781
1e+08 5.90551e+09 59055.1 29.7649
1e+08 5.92822e+09 59282.2 29.2596
1e+08 5.95102e+09 59510.2 28.762
1e+08 5.97391e+09 59739.1 28.2718
1e+08 5.99689e+09 59968.9 27.7891
1e+08 6.01995e+09 60199.5 27.3139
1e+08 6.04311e+09 60431.1 26.8457
1e+08 6.06635e+09 60663.5 26.3848
1e+08 6.08969e+09 60896.9 25.9308
1e+08 6.11311e+09 61131.1 25.484
1e+08 6.13662e+09 61366.2 25.044
1e+08 6.16022e+09 61602.2 24.6108
1e+08 6.18392e+09 61839.2 24.1842
1e+08 6.2077e+09 62077 23.7643
1e+08 6.23158e+09 62315.8 23.3508
1e+08 6.25555e+09 62555.5 22.9438
1e+08 6.27961e+09 62796.1 22.5431
1e+08 6.30376e+09 63037.6 22.1487
1e+08 6.32801e+09 63280.1 21.7604
1e+08 6.35235e+09 63523.5 21.3782
1e+08 6.37678e+09 63767.8 21.002
1e+08 6.40131e+09 64013.1 20.6316
1e+08 6.42593e+09 64259.3 20.2672
1e+08 6.45065e+09 64506.5 19.9084
1e+08 6.47546e+09 64754.6 19.5554
1e+08 6.50036e+09 65003.6 19.208
1e+08 6.52537e+09 65253.7 18.866
1e+08 6.55046e+09 65504.6 18.5296
1e+08 6.57566e+09 65756.6 18.1984
1e+08 6.60095e+09 66009.5 17.8725
1e+08 6.62634e+09 66263.4 17.5519
1e+08 6.65183e+09 66518.3 17.2363
1e+08 6.67741e+09 66774.1 16.926
1e+08 6.7031e+09 67031 16.6204
1e+08 6.72888e+09 67288.8 16.3199
1e+08 6.75476e+09 67547.6 16.0243
1e+08 6.78074e+09 67807.4 15.7334
1e+08 6.80682e+09 68068.2 15.4473
1e+08 6.833e+09 68330 15.1658
1e+08 6.85928e+09 68592.8 14.8889
1e+08 6.88567e+09 68856.7 14.6164
1e+08 6.91215e+09 69121.5 14.3485
1e+08 6.93874e+09 69387.4 14.0849
1e+08 6.96543e+09 69654.3 13.8256
1e+08 6.99222e+09 69922.2 13.5707
1e+08 7.01911e+09 70191.1 13.32
1e+08 7.04611e+09 70461.1 13.0733
1e+08 7.07321e+09 70732.1 12.8308
1e+08 7.10042e+09 71004.2 12.5922
1e+08 7.12773e+09 71277.3 12.3577
1e+08 7.15514e+09 71551.4 12.1271
1e+08 7.18266e+09 71826.6 11.9003
1e+08 7.21029e+09 72102.9 11.6773
1e+08 7.23802e+09 72380.2 11.4581
1e+08 7.26586e+09 72658.6 11.2425
1e+08 7.29381e+09 72938.1 11.0305
1e+08 7.32186e+09 73218.6 10.8222
1e+08 7.35002e+09 73500.2 10.6173
1e+08 7.37829e+09 73782.9 10.416
1e+08 7.40667e+09 74066.7 10.218
1e+08 7.43516e+09 74351.6 10.0234
1e+08 7.46376e+09 74637.6 9.83209
1e+08 7.49247e+09 74924.7 9.64406
1e+08 7.52129e+09 75212.9 9.45926
1e+08 7.55022e+09 75502.2 9.27763
1e+08 7.57926e+09 75792.6 9.09913
1e+08 7.60841e+09 76084.1 8.92372
1e+08 7.63767e+09 76376.7 8.75135
1e+08 7.66705e+09 76670.5 8.58191
1e+08 7.69654e+09 76965.4 8.41544
1e+08 7.72614e+09 77261.4 8.25187
1e+08 7.75586e+09 77558.6 8.09111
1e+08 7.78569e+09 77856.9 7.93319
1e+08 7.81564e+09 78156.4 7.778
1e+08 7.8457e+09 78457 7.62555
1e+08 7.87587e+09 78758.7 7.47581
1e+08 7.90617e+09 79061.7 7.32864
1e+08 7.93658e+09 79365.8 7.18409
1e+08 7.9671e+09 79671 7.04213
1e+08 7.99775e+09 79977.5 6.90263
1e+08 8.02851e+09 80285.1 6.76564
1e+08 8.05939e+09 80593.9 6.63108
1e+08 8.09039e+09 80903.9 6.49891
1e+08 8.12151e+09 81215.1 6.36911
1e+08 8.15274e+09 81527.4 6.24166
1e+08 8.1841e+09 81841 6.11647
1e+08 8.21558e+09 82155.8 5.99352
1e+08 8.24718e+09 82471.8 5.8728
1e+08 8.2789e+09 82789 5.75427
1e+08 8.31074e+09 83107.4 5.63789
1e+08 8.34271e+09 83427.1 5.52359
1e+08 8.3748e+09 83748 5.41138
1e+08 8.40701e+09 84070.1 5.30123
1e+08 8.43935e+09 84393.5 5.19308
1e+08 8.47181e+09 84718.1 5.08691
1e+08 8.50439e+09 85043.9 4.98271
1e+08 8.5371e+09 85371 4.88041
1e+08 8.56994e+09 85699.4 4.77998
1e+08 8.6029e+09 86029 4.68143
1e+08 8.63599e+09 86359.9 4.58469
1e+08 8.66921e+09 86692.1 4.48974
1e+08 8.70255e+09 87025.5 4.39658
1e+08 8.73602e+09 87360.2 4.30515
1e+08 8.76962e+09 87696.2 4.21542
1e+08 8.80336e+09 88033.6 4.12735
1e+08 8.83722e+09 88372.2 4.04095
1e+08 8.87121e+09 88712.1 3.95618
1e+08 8.90533e+09 89053.3 3.873
1e+08 8.93958e+09 89395.8 3.7914
1e+08 8.97396e+09 89739.6 3.71135
1e+08 9.00848e+09 90084.8 3.63281
1e+08 9.04313e+09 90431.3 3.55576
1e+08 9.07791e+09 90779.1 3.48019
1e+08 9.11283e+09 91128.3 3.40605
1e+08 9.14788e+09 91478.8 3.33334
1e+08 9.18307e+09 91830.7 3.26201
1e+08 9.21839e+09 92183.9 3.19207
1e+08 9.25384e+09 92538.4 3.12349
1e+08 9.28944e+09 92894.4 3.0562
1e+08 9.32517e+09 93251.7 2.99024
1e+08 9.36103e+09 93610.3 2.92556
1e+08 9.39704e+09 93970.4 2.86213
1e+08 9.43318e+09 94331.8 2.79995
1e+08 9.46946e+09 94694.6 2.73898
1e+08 9.50589e+09 95058.9 2.67919
1e+08 9.54245e+09 95424.5 2.62059
1e+08 9.57915e+09 95791.5 2.56314
1e+08 9.616e+09 96160 2.50682
1e+08 9.65298e+09 96529.8 2.45163
1e+08 9.69011e+09 96901.1 2.39752
1e+08 9.72738e+09 97273.8 2.34449
1e+08 9.7648e+09 97648 2.29251
1e+08 9.80236e+09 98023.6 2.24157
1e+08 9.84006e+09 98400.6 2.19166
1e+08 9.87791e+09 98779.1 2.14274
1e+08 9.9159e+09 99159 2.09481
1e+08 9.95404e+09 99540.4 2.04784
1e+08 9.99233e+09 99923.3 2.00182
1e+08 1.00308e+10 100308 1.9567
1e+08 1.00693e+10 100693 1.91262
1e+08 1.01081e+10 101081 1.86927
1e+08 1.01469e+10 101469 1.82697
1e+08 1.0186e+10 101860 1.78538
1e+08 1.02252e+10 102252 1.74468
1e+08 1.02645e+10 102645 1.70488
1e+08 1.0304e+10 103040 1.66585
1e+08 1.03436e+10 103436 1.62767
1e+08 1.03834e+10 103834 1.59024
1e+08 1.04233e+10 104233 1.55363
1e+08 1.04634e+10 104634 1.51775
1e+08 1.05037e+10 105037 1.48257
1e+08 1.05441e+10 105441 1.44817
1e+08 1.05846e+10 105846 1.41454
1e+08 1.06253e+10 106253 1.38159
1e+08 1.06662e+10 106662 1.34929
1e+08 1.07072e+10 107072 1.31771
1e+08 1.07484e+10 107484 1.28677
1e+08 1.07897e+10 107897 1.25653
1e+08 1.08312e+10 108312 1.22691
1e+08 1.08729e+10 108729 1.19789
1e+08 1.09147e+10 109147 1.16952
1e+08 1.09567e+10 109567 1.14174
1e+08 1.09988e+10 109988 1.1146
1e+08 1.10412e+10 110412 1.08795
1e+08 1.10836e+10 110836 1.06198
1e+08 1.11262e+10 111262 1.03655
1e+08 1.1169e+10 111690 1.01164
1e+08 1.1212e+10 112120 0.987263
1e+08 1.12551e+10 112551 0.963449
1e+08 1.12984e+10 112984 0.940136
1e+08 1.13419e+10 113419 0.917316
1e+08 1.13855e+10 113855 0.895032
1e+08 1.14293e+10 114293 0.873221
1e+08 1.14733e+10 114733 0.851876
1e+08 1.15174e+10 115174 0.831036
1e+08 1.15617e+10 115617 0.810644
1e+08 1.16062e+10 116062 0.790692
1e+08 1.16508e+10 116508 0.771216
1e+08 1.16956e+10 116956 0.752162
1e+08 1.17406e+10 117406 0.733523
1e+08 1.17857e+10 117857 0.715333
1e+08 1.18311e+10 118311 0.697501
1e+08 1.18766e+10 118766 0.680101
1e+08 1.19223e+10 119223 0.663085
1e+08 1.19681e+10 119681 0.646482
1e+08 1.20142e+10 120142 0.630213
1e+08 1.20604e+10 120604 0.614341
1e+08 1.21068e+10 121068 0.598824
1e+08 1.21533e+10 121533 0.583688
1e+08 1.22001e+10 122001 0.568862
1e+08 1.2247e+10 122470 0.554401
1e+08 1.22941e+10 122941 0.540268
1e+08 1.23414e+10 123414 0.526457
1e+08 1.23889e+10 123889 0.512961
1e+08 1.24365e+10 124365 0.499801
1e+08 1.24843e+10 124843 0.486944
1e+08 1.25324e+10 125324 0.474357
1e+08 1.25806e+10 125806 0.462087
1e+08 1.26289e+10 126289 0.450126
1e+08 1.26775e+10 126775 0.43842
1e+08 1.27263e+10 127263 0.426986
1e+08 1.27752e+10 127752 0.415844
1e+08 1.28244e+10 128244 0.404941
1e+08 1.28737e+10 128737 0.394317
1e+08 1.29232e+10 129232 0.383944
1e+08 1.29729e+10 129729 0.373818
1e+08 1.30228e+10 130228 0.363932
1e+08 1.30729e+10 130729 0.354283
1e+08 1.31232e+10 131232 0.344865
1e+08 1.31737e+10 131737 0.335673
1e+08 1.32243e+10 132243 0.326721
1e+08 1.32752e+10 132752 0.317969
1e+08 1.33263e+10 133263 0.309429
1e+08 1.33775e+10 133775 0.301113
1e+08 1.3429e+10 134290 0.292984
1e+08 1.34806e+10 134806 0.285071
1e+08 1.35325e+10 135325 0.277336
1e+08 1.35845e+10 135845 0.269808
1e+08 1.36368e+10 136368 0.262451
1e+08 1.36892e+10 136892 0.255291
1e+08 1.37419e+10 137419 0.248296
1e+08 1.37947e+10 137947 0.241489
1e+08 1.38478e+10 138478 0.23484
1e+08 1.39011e+10 139011 0.228358
1e+08 1.39545e+10 139545 0.222051
1e+08 1.40082e+10 140082 0.215893
1e+08 1.40621e+10 140621 0.209891
1e+08 1.41162e+10 141162 0.204042
1e+08 1.41705e+10 141705 0.198342
1e+08 1.4225e+10 142250 0.192789
1e+08 1.42797e+10 142797 0.187378
1e+08 1.43346e+10 143346 0.182107
1e+08 1.43897e+10 143897 0.176972
1e+08 1.44451e+10 144451 0.171962
1e+08 1.45006e+10 145006 0.167091
1e+08 1.45564e+10 145564 0.162339
1e+08 1.46124e+10 146124 0.157711
1e+08 1.46686e+10 146686 0.153205
1e+08 1.4725e+10 147250 0.148818
1e+08 1.47817e+10 147817 0.144539
1e+08 1.48385e+10 148385 0.140382
1e+08 1.48956e+10 148956 0.136328
1e+08 1.49529e+10 149529 0.132382
1e+08 1.50104e+10 150104 0.128542
1e+08 1.50681e+10 150681 0.124805
1e+08 1.51261e+10 151261 0.121163
1e+08 1.51843e+10 151843 0.117619
1e+08 1.52427e+10 152427 0.114172
1e+08 1.53013e+10 153013 0.110818
1e+08 1.53602e+10 153602 0.10755
1e+08 1.54192e+10 154192 0.104378
1e+08 1.54785e+10 154785 0.101287
1e+08 1.55381e+10 155381 0.0982764
1e+08 1.55978e+10 155978 0.095354
1e+08 1.56578e+10 156578 0.0925079
1e+08 1.57181e+10 157181 0.0897364
1e+08 1.57785e+10 157785 0.0870467
1e+08 1.58392e+10 158392 0.0844281
1e+08 1.59001e+10 159001 0.081883
1e+08 1.59613e+10 159613 0.0794056
1e+08 1.60227e+10 160227 0.0769982
1e+08 1.60843e+10 160843 0.0746591
1e+08 1.61462e+10 161462 0.0723828
1e+08 1.62083e+10 162083 0.0701715
1e+08 1.62706e+10 162706 0.0680235
1e+08 1.63332e+10 163332 0.0659338
1e+08 1.6396e+10 163960 0.0639044
1e+08 1.64591e+10 164591 0.0619304
1e+08 1.65224e+10 165224 0.0600136
1e+08 1.65859e+10 165859 0.0581526
1e+08 1.66497e+10 166497 0.056343
1e+08 1.67138e+10 167138 0.0545836
1e+08 1.67781e+10 167781 0.0528759
1e+08 1.68426e+10 168426 0.0512184
1e+08 1.69074e+10 169074 0.0496074
1e+08 1.69724e+10 169724 0.048044
1e+08 1.70377e+10 170377 0.0465249
1e+08 1.71032e+10 171032 0.045051
1e+08 1.7169e+10 171690 0.0436189
1e+08 1.7235e+10 172350 0.0422299
1e+08 1.73013e+10 173013 0.0408806
1e+08 1.73679e+10 173679 0.03957
1e+08 1.74347e+10 174347 0.0382991
1e+08 1.75017e+10 175017 0.0370668
1e+08 1.7569e+10 175690 0.0358703
1e+08 1.76366e+10 176366 0.0347086
1e+08 1.77045e+10 177045 0.0335808
1e+08 1.77726e+10 177726 0.0324878
1e+08 1.78409e+10 178409 0.0314284
1e+08 1.79095e+10 179095 0.0304003
1e+08 1.79784e+10 179784 0.0294027
1e+08 1.80476e+10 180476 0.0284347
1e+08 1.8117e+10 181170 0.0274969
1e+08 1.81867e+10 181867 0.0265873
1e+08 1.82566e+10 182566 0.0257062
1e+08 1.83268e+10 183268 0.0248516
1e+08 1.83973e+10 183973 0.0240229
1e+08 1.84681e+10 184681 0.0232193
1e+08 1.85391e+10 185391 0.0224413
1e+08 1.86104e+10 186104 0.021687
1e+08 1.8682e+10 186820 0.0209559
1e+08 1.87539e+10 187539 0.0202473
1e+08 1.8826e+10 188260 0.0195615
1e+08 1.88984e+10 188984 0.0188969
1e+08 1.89711e+10 189711 0.018253
1e+08 1.90441e+10 190441 0.0176291
1e+08 1.91173e+10 191173 0.0170256
1e+08 1.91909e+10 191909 0.0164402
1e+08 1.92647e+10 192647 0.0158741
1e+08 1.93388e+10 193388 0.0153258
1e+08 1.94132e+10 194132 0.0147949
1e+08 1.94878e+10 194878 0.0142816
1e+08 1.95628e+10 195628 0.013784
1e+08 1.9638e+10 196380 0.013303
1e+08 1.97136e+10 197136 0.0128369
1e+08 1.97894e+10 197894 0.0123863
1e+08 1.98655e+10 198655 0.0119504
1e+08 1.99419e+10 199419 0.0115286
1e+08 2.00186e+10 200186 0.0111205
1e+08 2.00956e+10 200956 0.0107258
1e+08 2.01729e+10 201729 0.010344
1e+08 2.02505e+10 202505 0.00997475
1e+08 2.03284e+10 203284 0.00961771
1e+08 2.04066e+10 204066 0.00927251
1e+08 2.04851e+10 204851 0.00893877
1e+08 2.05638e+10 205638 0.00861658
1e+08 2.06429e+10 206429 0.00830476
1e+08 2.07223e+10 207223 0.00800342
1e+08 2.0802e+10 208020 0.00771222
1e+08 2.08821e+10 208821 0.00743051
1e+08 2.09624e+10 209624 0.0071587
1e+08 2.1043e+10 210430 0.00689613
1e+08 2.11239e+10 211239 0.00664253
1e+08 2.12052e+10 212052 0.0063973
1e+08 2.12868e+10 212868 0.00616051
1e+08 2.13686e+10 213686 0.00593215
1e+08 2.14508e+10 214508 0.00571143
1e+08 2.15333e+10 215333 0.00549837
1e+08 2.16161e+10 216161 0.00529272
1e+08 2.16993e+10 216993 0.00509402
1e+08 2.17827e+10 217827 0.00490252
1e+08 2.18665e+10 218665 0.00471753
1e+08 2.19506e+10 219506 0.00453907
1e+08 2.20351e+10 220351 0.00436672
1e+08 2.21198e+10 221198 0.00420069
1e+08 2.22049e+10 222049 0.00404038
1e+08 2.22903e+10 222903 0.00388581
1e+08 2.2376e+10 223760 0.00373679
1e+08 2.24621e+10 224621 0.00359296
1e+08 2.25485e+10 225485 0.00345432
1e+08 2.26352e+10 226352 0.00332071
1e+08 2.27223e+10 227223 0.00319181
1e+08 2.28097e+10 228097 0.00306761
1e+08 2.28974e+10 228974 0.00294795
1e+08 2.29855e+10 229855 0.00283255
1e+08 2.30739e+10 230739 0.00272141
1e+08 2.31627e+10 231627 0.00261425
1e+08 2.32517e+10 232517 0.00251118
1e+08 2.33412e+10 233412 0.00241172
1e+08 2.3431e+10 234310 0.00231598
1e+08 2.35211e+10 235211 0.00222381
1e+08 2.36115e+10 236115 0.00213512
1e+08 2.37024e+10 237024 0.00204957
1e+08 2.37935e+10 237935 0.00196735
1e+08 2.3885e+10 238850 0.00188817
1e+08 2.39769e+10 239769 0.00181191
1e+08 2.40691e+10 240691 0.00173857
1e+08 2.41617e+10 241617 0.00166796
1e+08 2.42546e+10 242546 0.00160006
1e+08 2.43479e+10 243479 0.00153472
1e+08 2.44416e+10 244416 0.00147183
1e+08 2.45356e+10 245356 0.00141139
1e+08 2.463e+10 246300 0.00135324
1e+08 2.47247e+10 247247 0.00129736
1e+08 2.48198e+10 248198 0.00124361
1e+08 2.49153e+10 249153 0.00119193
1e+08 2.50111e+10 250111 0.00114228
1e+08 2.51073e+10 251073 0.00109455
1e+08 2.52039e+10 252039 0.00104867
1e+08 2.53008e+10 253008 0.00100462
1e+08 2.53981e+10 253981 0.000962284
1e+08 2.54958e+10 254958 0.000921605
1e+08 2.55939e+10 255939 0.000882523
1e+08 2.56923e+10 256923 0.000845019
1e+08 2.57911e+10 257911 0.000808998
1e+08 2.58903e+10 258903 0.000774406
1e+08 2.59899e+10 259899 0.000741191
1e+08 2.60899e+10 260899 0.000709303
1e+08 2.61902e+10 261902 0.000678723
1e+08 2.6291e+10 262910 0.000649344
1e+08 2.63921e+10 263921 0.000621179
1e+08 2.64936e+10 264936 0.000594154
1e+08 2.65955e+10 265955 0.000568228
1e+08 2.66978e+10 266978 0.000543358
1e+08 2.68005e+10 268005 0.000519507
1e+08 2.69036e+10 269036 0.000496634
1e+08 2.70071e+10 270071 0.000474704
1e+08 2.71109e+10 271109 0.0004537
1e+08 2.72152e+10 272152 0.000433549
1e+08 2.73199e+10 273199 0.000414236
1e+08 2.7425e+10 274250 0.00039573
1e+08 2.75304e+10 275304 0.000378016
1e+08 2.76363e+10 276363 0.000361031
1e+08 2.77426e+10 277426 0.000344762
1e+08 2.78493e+10 278493 0.000329182
1e+08 2.79565e+10 279565 0.000314251
1e+08 2.8064e+10 280640 0.000299969
1e+08 2.81719e+10 281719 0.000286298
1e+08 2.82803e+10 282803 0.000273201
1e+08 2.83891e+10 283891 0.000260669
1e+08 2.84983e+10 284983 0.000248678
1e+08 2.86079e+10 286079 0.000237207
1e+08 2.87179e+10 287179 0.000226235
1e+08 2.88284e+10 288284 0.000215732
1e+08 2.89392e+10 289392 0.000205699
1e+08 2.90506e+10 290506 0.000196089
1e+08 2.91623e+10 291623 0.000186912
1e+08 2.92745e+10 292745 0.000178132
1e+08 2.93871e+10 293871 0.000169743
1e+08 2.95001e+10 295001 0.000161727
1e+08 2.96136e+10 296136 0.000154063
1e+08 2.97275e+10 297275 0.000146742
1e+08 2.98418e+10 298418 0.000139751
1e+08 2.99566e+10 299566 0.00013307
1e+08 3.00718e+10 300718 0.000126692
1e+08 3.01875e+10 301875 0.000120598
1e+08 3.03036e+10 303036 0.000114782
1e+08 3.04201e+10 304201 0.000109233
1e+08 3.05371e+10 305371 0.000103934
1e+08 3.06546e+10 306546 9.88743e-05
1e+08 3.07725e+10 307725 9.4049e-05
1e+08 3.08909e+10 308909 8.94436e-05
1e+08 3.10097e+10 310097 8.50527e-05
1e+08 3.11289e+10 311289 8.08669e-05
1e+08 3.12487e+10 312487 7.68705e-05
1e+08 3.13689e+10 313689 7.30621e-05
1e+08 3.14895e+10 314895 6.94334e-05
1e+08 3.16106e+10 316106 6.59736e-05
1e+08 3.17322e+10 317322 6.26755e-05
1e+08 3.18543e+10 318543 5.95319e-05
1e+08 3.19768e+10 319768 5.65387e-05
1e+08 3.20998e+10 320998 5.36869e-05
1e+08 3.22233e+10 322233 5.09701e-05
1e+08 3.23472e+10 323472 4.83846e-05
1e+08 3.24716e+10 324716 4.59224e-05
1e+08 3.25965e+10 325965 4.35781e-05
1e+08 3.27219e+10 327219 4.13464e-05
1e+08 3.28477e+10 328477 3.9224e-05
1e+08 3.29741e+10 329741 3.72026e-05
1e+08 3.31009e+10 331009 3.52809e-05
1e+08 3.32282e+10 332282 3.34528e-05
1e+08 3.3356e+10 333560 3.1714e-05
1e+08 3.34843e+10 334843 3.00605e-05
1e+08 3.36131e+10 336131 2.84885e-05
1e+08 3.37424e+10 337424 2.6994e-05
1e+08 3.38722e+10 338722 2.55737e-05
1e+08 3.40025e+10 340025 2.42239e-05
1e+08 3.41333e+10 341333 2.29416e-05
1e+08 3.42645e+10 342645 2.17243e-05
1e+08 3.43963e+10 343963 2.05674e-05
1e+08 3.45286e+10 345286 1.94688e-05
1e+08 3.46614e+10 346614 1.84258e-05
1e+08 3.47948e+10 347948 1.74351e-05
1e+08 3.49286e+10 349286 1.64955e-05
1e+08 3.50629e+10 350629 1.56039e-05
1e+08 3.51978e+10 351978 1.47575e-05
1e+08 3.53332e+10 353332 1.39546e-05
1e+08 3.54691e+10 354691 1.31932e-05
1e+08 3.56055e+10 356055 1.24713e-05
1e+08 3.57425e+10 357425 1.17864e-05
1e+08 3.58799e+10 358799 1.11378e-05
1e+08 3.60179e+10 360179 1.05227e-05
1e+08 3.61565e+10 361565 9.93944e-06
1e+08 3.62955e+10 362955 9.38738e-06
1e+08 3.64351e+10 364351 8.86416e-06
1e+08 3.65753e+10 365753 8.36837e-06
1e+08 3.6716e+10 367160 7.89899e-06
1e+08 3.68572e+10 368572 7.45472e-06
1e+08 3.69989e+10 369989 7.03428e-06
1e+08 3.71413e+10 371413 6.63591e-06
1e+08 3.72841e+10 372841 6.25933e-06
1e+08 3.74275e+10 374275 5.90291e-06
1e+08 3.75715e+10 375715 5.56565e-06
1e+08 3.7716e+10 377160 5.24679e-06
1e+08 3.78611e+10 378611 4.94519e-06
1e+08 3.80067e+10 380067 4.66016e-06
1e+08 3.81529e+10 381529 4.39066e-06
1e+08 3.82996e+10 382996 4.13608e-06
1e+08 3.84469e+10 384469 3.89547e-06
1e+08 3.85948e+10 385948 3.6681e-06
1e+08 3.87433e+10 387433 3.45331e-06
1e+08 3.88923e+10 388923 3.25056e-06
1e+08 3.90419e+10 390419 3.0591e-06
1e+08 3.9192e+10 391920 2.87845e-06
1e+08 3.93428e+10 393428 2.70781e-06
1e+08 3.94941e+10 394941 2.54688e-06
1e+08 3.9646e+10 396460 2.39503e-06
1e+08 3.97985e+10 397985 2.25177e-06
1e+08 3.99516e+10 399516 2.11667e-06
1e+08 4.01052e+10 401052 1.98934e-06
1e+08 4.02595e+10 402595 1.86923e-06
1e+08 4.04143e+10 404143 1.75609e-06
1e+08 4.05698e+10 405698 1.64941e-06
1e+08 4.07258e+10 407258 1.54895e-06
1e+08 4.08825e+10 408825 1.45427e-06
1e+08 4.10397e+10 410397 1.36516e-06
1e+08 4.11976e+10 411976 1.2812e-06
1e+08 4.1356e+10 413560 1.20222e-06
1e+08 4.15151e+10 415151 1.12784e-06
1e+08 4.16748e+10 416748 1.05785e-06
1e+08 4.18351e+10 418351 9.92007e-07
1e+08 4.1996e+10 419960 9.30081e-07
1e+08 4.21575e+10 421575 8.71851e-07
1e+08 4.23197e+10 423197 8.17074e-07
1e+08 4.24824e+10 424824 7.65621e-07
1e+08 4.26458e+10 426458 7.1724e-07
1e+08 4.28099e+10 428099 6.7176e-07
1e+08 4.29745e+10 429745 6.29067e-07
1e+08 4.31398e+10 431398 5.88951e-07
1e+08 4.33057e+10 433057 5.51288e-07
1e+08 4.34723e+10 434723 5.15915e-07
1e+08 4.36395e+10 436395 4.8272e-07
1e+08 4.38074e+10 438074 4.51556e-07
1e+08 4.39759e+10 439759 4.22325e-07
1e+08 4.4145e+10 441450 3.94913e-07
1e+08 4.43148e+10 443148 3.69197e-07
1e+08 4.44853e+10 444853 3.45077e-07
1e+08 4.46564e+10 446564 3.22474e-07
1e+08 4.48281e+10 448281 3.01297e-07
1e+08 4.50005e+10 450005 2.81448e-07
1e+08 4.51736e+10 451736 2.62849e-07
1e+08 4.53474e+10 453474 2.45426e-07
1e+08 4.55218e+10 455218 2.29118e-07
1e+08 4.56969e+10 456969 2.13847e-07
1e+08 4.58727e+10 458727 1.99551e-07
1e+08 4.60491e+10 460491 1.86179e-07
1e+08 4.62262e+10 462262 1.73668e-07
1e+08 4.6404e+10 464040 1.61964e-07
1e+08 4.65825e+10 465825 1.51018e-07
1e+08 4.67617e+10 467617 1.40783e-07
1e+08 4.69415e+10 469415 1.31221e-07
1e+08 4.71221e+10 471221 1.22281e-07
1e+08 4.73033e+10 473033 1.13932e-07
1e+08 4.74853e+10 474853 1.06129e-07
1e+08 4.76679e+10 476679 9.88463e-08
1e+08 4.78513e+10 478513 9.20433e-08
1e+08 4.80353e+10 480353 8.5697e-08
1e+08 4.82201e+10 482201 7.97716e-08
1e+08 4.84055e+10 484055 7.42467e-08
1e+08 4.85917e+10 485917 6.9091e-08
1e+08 4.87786e+10 487786 6.42835e-08
1e+08 4.89662e+10 489662 5.98019e-08
1e+08 4.91546e+10 491546 5.56229e-08
1e+08 4.93436e+10 493436 5.17312e-08
1e+08 4.95334e+10 495334 4.81042e-08
1e+08 4.97239e+10 497239 4.47266e-08
1e+08 4.99152e+10 499152 4.15802e-08
1e+08 5.01072e+10 501072 3.86517e-08
1e+08 5.02999e+10 502999 3.59266e-08
1e+08 5.04934e+10 504934 3.33901e-08
1e+08 5.06876e+10 506876 3.10311e-08
1e+08 5.08825e+10 508825 2.88376e-08
1e+08 5.10783e+10 510783 2.67965e-08
1e+08 5.12747e+10 512747 2.49007e-08
1e+08 5.14719e+10 514719 2.31384e-08
1e+08 5.16699e+10 516699 2.15008e-08
1e+08 5.18687e+10 518687 1.99793e-08
1e+08 5.20682e+10 520682 1.85669e-08
1e+08 5.22684e+10 522684 1.72561e-08
1e+08 5.24695e+10 524695 1.60387e-08
1e+08 5.26713e+10 526713 1.49094e-08
1e+08 5.28739e+10 528739 1.38617e-08
1e+08 5.30772e+10 530772 1.28904e-08
1e+08 5.32814e+10 532814 1.19893e-08
1e+08 5.34863e+10 534863 1.11543e-08
1e+08 5.3692e+10 536920 1.03805e-08
1e+08 5.38986e+10 538986 9.66327e-09
1e+08 5.41059e+10 541059 8.99923e-09
1e+08 5.4314e+10 543140 8.38433e-09
1e+08 5.45229e+10 545229 7.8151e-09
1e+08 5.47326e+10 547326 7.28831e-09
1e+08 5.49431e+10 549431 6.80091e-09
1e+08 5.51544e+10 551544 6.3501e-09
1e+08 5.53666e+10 553666 5.93304e-09
1e+08 5.55795e+10 555795 5.5477e-09
1e+08 5.57933e+10 557933 5.19141e-09
1e+08 5.60079e+10 560079 4.86225e-09
1e+08 5.62233e+10 562233 4.55823e-09
1e+08 5.64396e+10 564396 4.27738e-09
1e+08 5.66567e+10 566567 4.01814e-09
1e+08 5.68746e+10 568746 3.7789e-09
1e+08 5.70934e+10 570934 3.5581e-09
1e+08 5.73129e+10 573129 3.35456e-09
1e+08 5.75334e+10 575334 3.16672e-09
1e+08 5.77547e+10 577547 2.99358e-09
1e+08 5.79768e+10 579768 2.83404e-09
1e+08 5.81998e+10 581998 2.68702e-09
1e+08 5.84237e+10 584237 2.55156e-09
1e+08 5.86484e+10 586484 2.42686e-09
1e+08 5.8874e+10 588740 2.31204e-09
1e+08 5.91004e+10 591004 2.20639e-09
1e+08 5.93277e+10 593277 2.10918e-09
1e+08 5.95559e+10 595559 2.01975e-09
1e+08 5.9785e+10 597850 1.93751e-09
1e+08 6.00149e+10 600149 1.86194e-09
1e+08 6.02458e+10 602458 1.79245e-09
1e+08 6.04775e+10 604775 1.72863e-09
1e+08 6.07101e+10 607101 1.67002e-09
1e+08 6.09436e+10 609436 1.6162e-09
1e+08 6.1178e+10 611780 1.56679e-09
1e+08 6.14133e+10 614133 1.52146e-09
1e+08 6.16496e+10 616496 1.47986e-09
1e+08 6.18867e+10 618867 1.44172e-09
1e+08 6.21247e+10 621247 1.40676e-09
1e+08 6.23637e+10 623637 1.37471e-09
1e+08 6.26035e+10 626035 1.34535e-09
1e+08 6.28443e+10 628443 1.31846e-09
1e+08 6.3086e+10 630860 1.29383e-09
1e+08 6.33287e+10 633287 1.27128e-09
1e+08 6.35723e+10 635723 1.25065e-09
1e+08 6.38168e+10 638168 1.23178e-09
1e+08 6.40623e+10 640623 1.21451e-09
1e+08 6.43087e+10 643087 1.19873e-09
1e+08 6.4556e+10 645560 1.18431e-09
1e+08 6.48043e+10 648043 1.17114e-09
1e+08 6.50536e+10 650536 1.1591e-09
1e+08 6.53038e+10 653038 1.14811e-09
1e+08 6.5555e+10 655550 1.13808e-09
1e+08 6.58071e+10 658071 1.12892e-09
1e+08 6.60602e+10 660602 1.12037e-09
1e+08 6.63143e+10 663143 1.11198e-09
1e+08 6.65694e+10 665694 1.10356e-09
1e+08 6.68254e+10 668254 1.09511e-09
1e+08 6.70824e+10 670824 1.08663e-09
1e+08 6.73405e+10 673405 1.07811e-09
1e+08 6.75995e+10 675995 1.06956e-09
1e+08 6.78595e+10 678595 1.06097e-09
1e+08 6.81205e+10 681205 1.05236e-09
1e+08 6.83825e+10 683825 1.04371e-09
1e+08 6.86455e+10 686455 1.03503e-09
1e+08 6.89096e+10 689096 1.02631e-09
1e+08 6.91746e+10 691746 1.01756e-09
1e+08 6.94407e+10 694407 1.00878e-09
1e+08 6.97078e+10 697078 9.99961e-10
1e+08 6.99759e+10 699759 9.91111e-10
1e+08 7.0245e+10 702450 9.82228e-10
1e+08 7.05152e+10 705152 9.73308e-10
1e+08 7.07864e+10 707864 9.64356e-10
1e+08 7.10587e+10 710587 9.55367e-10
1e+08 7.1332e+10 713320 9.46345e-10
1e+08 7.16064e+10 716064 9.37287e-10
1e+08 7.18818e+10 718818 9.28196e-10
1e+08 7.21583e+10 721583 9.19069e-10
1e+08 7.24358e+10 724358 9.09908e-10
1e+08 7.27144e+10 727144 9.00711e-10
1e+08 7.29941e+10 729941 8.91478e-10
1e+08 7.32749e+10 732749 8.82209e-10
1e+08 7.35567e+10 735567 8.72907e-10
1e+08 7.38396e+10 738396 8.63568e-10
1e+08 7.41236e+10 741236 8.54193e-10
1e+08 7.44087e+10 744087 8.44782e-10
1e+08 7.46949e+10 746949 8.35334e-10
1e+08 7.49822e+10 749822 8.2585e-10
1e+08 7.52706e+10 752706 8.1633e-10
1e+08 7.55601e+10 755601 8.06773e-10
1e+08 7.58508e+10 758508 7.97177e-10
1e+08 7.61425e+10 761425 7.87548e-10
1e+08 7.64354e+10 764354 7.77879e-10
1e+08 7.67294e+10 767294 7.68174e-10
1e+08 7.70245e+10 770245 7.58433e-10
1e+08 7.73208e+10 773208 7.48652e-10
1e+08 7.76182e+10 776182 7.38835e-10
1e+08 7.79167e+10 779167 7.28981e-10
1e+08 7.82164e+10 782164 7.19088e-10
1e+08 7.85172e+10 785172 7.09158e-10
1e+08 7.88192e+10 788192 6.99189e-10
1e+08 7.91224e+10 791224 6.8918e-10
1e+08 7.94267e+10 794267 6.79135e-10
1e+08 7.97322e+10 797322 6.6905e-10
1e+08 8.00389e+10 800389 6.58926e-10
1e+08 8.03468e+10 803468 6.48762e-10
1e+08 8.06558e+10 806558 6.38562e-10
1e+08 8.0966e+10 809660 6.28322e-10
1e+08 8.12774e+10 812774 6.18043e-10
1e+08 8.15901e+10 815901 6.0772e-10
1e+08 8.19039e+10 819039 5.97361e-10
1e+08 8.22189e+10 822189 5.86963e-10
1e+08 8.25351e+10 825351 5.76525e-10
1e+08 8.28526e+10 828526 5.66044e-10
1e+08 8.31713e+10 831713 5.55524e-10
1e+08 8.34912e+10 834912 5.44964e-10
1e+08 8.38123e+10 838123 5.34364e-10
1e+08 8.41347e+10 841347 5.23722e-10
1e+08 8.44583e+10 844583 5.13039e-10
1e+08 8.47831e+10 847831 5.02318e-10
1e+08 8.51092e+10 851092 4.91553e-10
1e+08 8.54366e+10 854366 4.80745e-10
1e+08 8.57652e+10 857652 4.69898e-10
1e+08 8.60951e+10 860951 4.59008e-10
1e+08 8.64262e+10 864262 4.48078e-10
1e+08 8.67586e+10 867586 4.37105e-10
1e+08 8.70923e+10 870923 4.2609e-10
1e+08 8.74273e+10 874273 4.15031e-10
1e+08 8.77636e+10 877636 4.0393e-10
1e+08 8.81012e+10 881012 3.92785e-10
1e+08 8.844e+10 884400 3.81601e-10
1e+08 8.87802e+10 887802 3.70371e-10
1e+08 8.91217e+10 891217 3.59098e-10
1e+08 8.94645e+10 894645 3.47782e-10
1e+08 8.98086e+10 898086 3.36423e-10
1e+08 9.0154e+10 901540 3.25021e-10
1e+08 9.05008e+10 905008 3.13573e-10
1e+08 9.08489e+10 908489 3.02082e-10
1e+08 9.11983e+10 911983 2.90549e-10
1e+08 9.15491e+10 915491 2.78968e-10
1e+08 9.19012e+10 919012 2.67345e-10
1e+08 9.22547e+10 922547 2.55676e-10
1e+08 9.26095e+10 926095 2.43964e-10
1e+08 9.29657e+10 929657 2.32206e-10
1e+08 9.33233e+10 933233 2.20401e-10
1e+08 9.36822e+10 936822 2.08554e-10
1e+08 9.40426e+10 940426 1.96657e-10
1e+08 9.44043e+10 944043 1.84717e-10
1e+08 9.47674e+10 947674 1.72731e-10
1e+08 9.51319e+10 951319 1.60698e-10
1e+08 9.54978e+10 954978 1.4862e-10
1e+08 9.58651e+10 958651 1.36495e-10
1e+08 9.62338e+10 962338 1.24324e-10
1e+08 9.6604e+10 966040 1.12104e-10
1e+08 9.69755e+10 969755 9.98403e-11
1e+08 9.73485e+10 973485 8.75274e-11
1e+08 9.7723e+10 977230 7.51649e-11
1e+08 9.80988e+10 980988 6.27596e-11
1e+08 9.84762e+10 984762 5.03014e-11
1e+08 9.88549e+10 988549 3.78003e-11
1e+08 9.92352e+10 992352 2.52464e-11
1e+08 9.96168e+10 996168 1.26496e-11
1e+08 1e+11 1e+06 0

1e+09 1e+06 10 3.1428e+10
1e+09 1.00385e+06 10.0385 3.11874e+10
1e+09 1.00771e+06 10.0771 3.09488e+10
1e+09 1.01158e+06 10.1158 3.07124e+10
1e+09 1.01547e+06 10.1547 3.04775e+10
1e+09 1.01938e+06 10.1938 3.0244e+10
1e+09 1.0233e+06 10.233 3.00127e+10
1e+09 1.02724e+06 10.2724 2.97828e+10
1e+09 1.03119e+06 10.3119 2.9555e+10
1e+09 1.03515e+06 10.3515 2.93292e+10
1e+09 1.03914e+06 10.3914 2.91044e+10
1e+09 1.04313e+06 10.4313 2.88821e+10
1e+09 1.04714e+06 10.4714 2.86612e+10
1e+09 1.05117e+06 10.5117 2.84418e+10
1e+09 1.05522e+06 10.5522 2.82238e+10
1e+09 1.05927e+06 10.5927 2.80083e+10
1e+09 1.06335e+06 10.6335 2.77937e+10
1e+09 1.06744e+06 10.6744 2.75811e+10
1e+09 1.07154e+06 10.7154 2.73703e+10
1e+09 1.07567e+06 10.7567 2.71605e+10
1e+09 1.0798e+06 10.798 2.6953e+10
1e+09 1.08396e+06 10.8396 2.67465e+10
1e+09 1.08813e+06 10.8813 2.65418e+10
1e+09 1.09231e+06 10.9231 2.6339e+10
1e+09 1.09651e+06 10.9651 2.61375e+10
1e+09 1.10073e+06 11.0073 2.59374e+10
1e+09 1.10496e+06 11.0496 2.57391e+10
1e+09 1.10921e+06 11.0921 2.55422e+10
1e+09 1.11348e+06 11.1348 2.53466e+10
1e+09 1.11776e+06 11.1776 2.51528e+10
1e+09 1.12206e+06 11.2206 2.49603e+10
1e+09 1.12638e+06 11.2638 2.47692e+10
1e+09 1.13071e+06 11.3071 2.45797e+10
1e+09 1.13506e+06 11.3506 2.43916e+10
1e+09 1.13942e+06 11.3942 2.42052e+10
1e+09 1.14381e+06 11.4381 2.40197e+10
1e+09 1.14821e+06 11.4821 2.38359e+10
1e+09 1.15262e+06 11.5262 2.36538e+10
1e+09 1.15706e+06 11.5706 2.34726e+10
1e+09 1.16151e+06 11.6151 2.3293e+10
1e+09 1.16597e+06 11.6597 2.3115e+10
1e+09 1.17046e+06 11.7046 2.2938e+10
1e+09 1.17496e+06 11.7496 2.27625e+10
1e+09 1.17948e+06 11.7948 2.25883e+10
1e+09 1.18402e+06 11.8402 2.24154e+10
1e+09 1.18857e+06 11.8857 2.2244e+10
1e+09 1.19314e+06 11.9314 2.20739e+10
1e+09 1.19773e+06 11.9773 2.1905e+10
1e+09 1.20234e+06 12.0234 2.17372e+10
1e+09 1.20696e+06 12.0696 2.15711e+10
1e+09 1.21161e+06 12.1161 2.14058e+10
1e+09 1.21627e+06 12.1627 2.1242e+10
1e+09 1.22094e+06 12.2094 2.10797e+10
1e+09 1.22564e+06 12.2564 2.09183e+10
1e+09 1.23035e+06 12.3035 2.07584e+10
1e+09 1.23509e+06 12.3509 2.05993e+10
1e+09 1.23984e+06 12.3984 2.04417e+10
1e+09 1.24461e+06 12.4461 2.02852e+10
1e+09 1.24939e+06 12.4939 2.01303e+10
1e+09 1.2542e+06 12.542 1.99761e+10
1e+09 1.25902e+06 12.5902 1.98234e+10
1e+09 1.26386e+06 12.6386 1.96718e+10
1e+09 1.26873e+06 12.6873 1.9521e+10
1e+09 1.27361e+06 12.7361 1.93716e+10
1e+09 1.2785e+06 12.785 1.92236e+10
1e+09 1.28342e+06 12.8342 1.90765e+10
1e+09 1.28836e+06 12.8836 1.89304e+10
1e+09 1.29331e+06 12.9331 1.87857e+10
1e+09 1.29829e+06 12.9829 1.86418e+10
1e+09 1.30328e+06 13.0328 1.84993e+10
1e+09 1.30829e+06 13.0829 1.83578e+10
1e+09 1.31333e+06 13.1333 1.82171e+10
1e+09 1.31838e+06 13.1838 1.80777e+10
1e+09 1.32345e+06 13.2345 1.79394e+10
1e+09 1.32854e+06 13.2854 1.78022e+10
1e+09 1.33365e+06 13.3365 1.7666e+10
1e+09 1.33878e+06 13.3878 1.75308e+10
1e+09 1.34393e+06 13.4393 1.73966e+10
1e+09 1.3491e+06 13.491 1.72635e+10
1e+09 1.35429e+06 13.5429 1.71314e+10
1e+09 1.3595e+06 13.595 1.70002e+10
1e+09 1.36472e+06 13.6472 1.68704e+10
1e+09 1.36997e+06 13.6997 1.67413e+10
1e+09 1.37524e+06 13.7524 1.66131e+10
1e+09 1.38053e+06 13.8053 1.6486e+10
1e+09 1.38584e+06 13.8584 1.63599e+10
1e+09 1.39117e+06 13.9117 1.62347e+10
1e+09 1.39652e+06 13.9652 1.61105e+10
1e+09 1.4019e+06 14.019 1.5987e+10
1e+09 1.40729e+06 14.0729 1.58647e+10
1e+09 1.4127e+06 14.127 1.57434e+10
1e+09 1.41813e+06 14.1813 1.5623e+10
1e+09 1.42359e+06 14.2359 1.55033e+10
1e+09 1.42906e+06 14.2906 1.53848e+10
1e+09 1.43456e+06 14.3456 1.5267e+10
1e+09 1.44008e+06 14.4008 1.51502e+10
1e+09 1.44562e+06 14.4562 1.50342e+10
1e+09 1.45118e+06 14.5118 1.49192e+10
1e+09 1.45676e+06 14.5676 1.4805e+10
1e+09 1.46236e+06 14.6236 1.46918e+10
1e+09 1.46799e+06 14.6799 1.45793e+10
1e+09 1.47363e+06 14.7363 1.44678e+10
1e+09 1.4793e+06 14.793 1.43571e+10
1e+09 1.48499e+06 14.8499 1.42472e+10
1e+09 1.4907e+06 14.907 1.41382e+10
1e+09 1.49644e+06 14.9644 1.40299e+10
1e+09 1.50219e+06 15.0219 1.39227e+10
1e+09 1.50797e+06 15.0797 1.38161e+10
1e+09 1.51377e+06 15.1377 1.37104e+10
1e+09 1.51959e+06 15.1959 1.36055e+10
1e+09 1.52544e+06 15.2544 1.35013e+10
1e+09 1.5313e+06 15.313 1.33981e+10
1e+09 1.53719e+06 15.3719 1.32956e+10
1e+09 1.54311e+06 15.4311 1.31937e+10
1e+09 1.54904e+06 15.4904 1.30928e+10
1e+09 1.555e+06 15.55 1.29926e+10
1e+09 1.56098e+06 15.6098 1.28932e+10
1e+09 1.56699e+06 15.6699 1.27944e+10
1e+09 1.57301e+06 15.7301 1.26966e+10
1e+09 1.57906e+06 15.7906 1.25995e+10
1e+09 1.58514e+06 15.8514 1.2503e+10
1e+09 1.59123e+06 15.9123 1.24074e+10
1e+09 1.59735e+06 15.9735 1.23125e+10
1e+09 1.6035e+06 16.035 1.22181e+10
1e+09 1.60967e+06 16.0967 1.21246e+10
1e+09 1.61586e+06 16.1586 1.20318e+10
1e+09 1.62207e+06 16.2207 1.19398e+10
1e+09 1.62831e+06 16.2831 1.18485e+10
1e+09 1.63457e+06 16.3457 1.17578e+10
1e+09 1.64086e+06 16.4086 1.16678e+10
1e+09 1.64717e+06 16.4717 1.15785e+10
1e+09 1.65351e+06 16.5351 1.14899e+10
1e+09 1.65987e+06 16.5987 1.14019e+10
1e+09 1.66625e+06 16.6625 1.13147e+10
1e+09 1.67266e+06 16.7266 1.12281e+10
1e+09 1.67909e+06 16.7909 1.11423e+10
1e+09 1.68555e+06 16.8555 1.1057e+10
1e+09 1.69204e+06 16.9204 1.09723e+10
1e+09 1.69854e+06 16.9854 1.08884e+10
1e+09 1.70508e+06 17.0508 1.0805e+10
1e+09 1.71163e+06 17.1163 1.07224e+10
1e+09 1.71822e+06 17.1822 1.06403e+10
1e+09 1.72483e+06 17.2483 1.05588e+10
1e+09 1.73146e+06 17.3146 1.04781e+10
1e+09 1.73812e+06 17.3812 1.03979e+10
1e+09 1.74481e+06 17.4481 1.03183e+10
1e+09 1.75152e+06 17.5152 1.02393e+10
1e+09 1.75825e+06 17.5825 1.0161e+10
1e+09 1.76502e+06 17.6502 1.00832e+10
1e+09 1.77181e+06 17.7181 1.0006e+10
1e+09 1.77862e+06 17.7862 9.92947e+09
1e+09 1.78546e+06 17.8546 9.8535e+09
1e+09 1.79233e+06 17.9233 9.77806e+09
1e+09 1.79922e+06 17.9922 9.70327e+09
1e+09 1.80614e+06 18.0614 9.62902e+09
1e+09 1.81309e+06 18.1309 9.55529e+09
1e+09 1.82006e+06 18.2006 9.4822e+09
1e+09 1.82706e+06 18.2706 9.40964e+09
1e+09 1.83409e+06 18.3409 9.3376e+09
1e+09 1.84115e+06 18.4115 9.26609e+09
1e+09 1.84823e+06 18.4823 9.19519e+09
1e+09 1.85534e+06 18.5534 9.1248e+09
1e+09 1.86247e+06 18.6247 9.05503e+09
1e+09 1.86964e+06 18.6964 8.98567e+09
1e+09 1.87683e+06 18.7683 8.91691e+09
1e+09 1.88405e+06 18.8405 8.84866e+09
1e+09 1.89129e+06 18.9129 8.781e+09
1e+09 1.89857e+06 18.9857 8.71374e+09
1e+09 1.90587e+06 19.0587 8.64708e+09
1e+09 1.9132e+06 19.132 8.58091e+09
1e+09 1.92056e+06 19.2056 8.51522e+09
1e+09 1.92795e+06 19.2795 8.45003e+09
1e+09 1.93536e+06 19.3536 8.3854e+09
1e+09 1.94281e+06 19.4281 8.32117e+09
1e+09 1.95028e+06 19.5028 8.25751e+09
1e+09 1.95778e+06 19.5778 8.19433e+09
1e+09 1.96531e+06 19.6531 8.13161e+09
1e+09 1.97287e+06 19.7287 8.06937e+09
1e+09 1.98046e+06 19.8046 8.0076e+09
1e+09 1.98808e+06 19.8808 7.94629e+09
1e+09 1.99572e+06 19.9572 7.88553e+09
1e+09 2.0034e+06 20.034 7.82515e+09
1e+09 2.0111e+06 20.111 7.7653e+09
1e+09 2.01884e+06 20.1884 7.70583e+09
1e+09 2.0266e+06 20.266 7.64689e+09
1e+09 2.0344e+06 20.344 7.58833e+09
1e+09 2.04222e+06 20.4222 7.53029e+09
1e+09 2.05008e+06 20.5008 7.47262e+09
1e+09 2.05796e+06 20.5796 7.41546e+09
1e+09 2.06588e+06 20.6588 7.35868e+09
1e+09 2.07383e+06 20.7383 7.30233e+09
1e+09 2.0818e+06 20.818 7.24648e+09
1e+09 2.08981e+06 20.8981 7.191e+09
1e+09 2.09785e+06 20.9785 7.13595e+09
1e+09 2.10592e+06 21.0592 7.08132e+09
1e+09 2.11402e+06 21.1402 7.02713e+09
1e+09 2.12215e+06 21.2215 6.97335e+09
1e+09 2.13031e+06 21.3031 6.91999e+09
1e+09 2.1385e+06 21.385 6.86705e+09
1e+09 2.14673e+06 21.4673 6.81446e+09
1e+09 2.15499e+06 21.5499 6.76229e+09
1e+09 2.16327e+06 21.6327 6.71058e+09
1e+09 2.1716e+06 21.716 6.65916e+09
1e+09 2.17995e+06 21.7995 6.60821e+09
1e+09 2.18833e+06 21.8833 6.55766e+09
1e+09 2.19675e+06 21.9675 6.50745e+09
1e+09 2.2052e+06 22.052 6.45764e+09
1e+09 2.21368e+06 22.1368 6.40822e+09
1e+09 2.2222e+06 22.222 6.35914e+09
1e+09 2.23074e+06 22.3074 6.31051e+09
1e+09 2.23932e+06 22.3932 6.26221e+09
1e+09 2.24794e+06 22.4794 6.21424e+09
1e+09 2.25658e+06 22.5658 6.16671e+09
1e+09 2.26526e+06 22.6526 6.1195e+09
1e+09 2.27397e+06 22.7397 6.07268e+09
1e+09 2.28272e+06 22.8272 6.02618e+09
1e+09 2.2915e+06 22.915 5.98005e+09
1e+09 2.30031e+06 23.0031 5.9343e+09
1e+09 2.30916e+06 23.0916 5.88886e+09
1e+09 2.31804e+06 23.1804 5.8438e+09
1e+09 2.32696e+06 23.2696 5.79905e+09
1e+09 2.33591e+06 23.3591 5.75466e+09
1e+09 2.34489e+06 23.4489 5.71063e+09
1e+09 2.35391e+06 23.5391 5.66692e+09
1e+09 2.36297e+06 23.6297 5.62351e+09
1e+09 2.37206e+06 23.7206 5.58046e+09
1e+09 2.38118e+06 23.8118 5.53776e+09
1e+09 2.39034e+06 23.9034 5.49537e+09
1e+09 2.39953e+06 23.9953 5.45332e+09
1e+09 2.40876e+06 24.0876 5.41158e+09
1e+09 2.41803e+06 24.1803 5.37013e+09
1e+09 2.42733e+06 24.2733 5.32903e+09
1e+09 2.43666e+06 24.3666 5.28826e+09
1e+09 2.44604e+06 24.4604 5.24775e+09
1e+09 2.45544e+06 24.5544 5.20761e+09
1e+09 2.46489e+06 24.6489 5.16773e+09
1e+09 2.47437e+06 24.7437 5.12817e+09
1e+09 2.48389e+06 24.8389 5.08891e+09
1e+09 2.49344e+06 24.9344 5.04997e+09
1e+09 2.50303e+06 25.0303 5.01131e+09
1e+09 2.51266e+06 25.1266 4.97294e+09
1e+09 2.52232e+06 25.2232 4.93489e+09
1e+09 2.53202e+06 25.3202 4.89712e+09
1e+09 2.54176e+06 25.4176 4.85963e+09
1e+09 2.55154e+06 25.5154 4.82242e+09
1e+09 2.56135e+06 25.6135 4.78552e+09
1e+09 2.57121e+06 25.7121 4.74886e+09
1e+09 2.58109e+06 25.8109 4.71254e+09
1e+09 2.59102e+06 25.9102 4.67646e+09
1e+09 2.60099e+06 26.0099 4.64064e+09
1e+09 2.61099e+06 26.1099 4.60513e+09
1e+09 2.62104e+06 26.2104 4.56986e+09
1e+09 2.63112e+06 26.3112 4.53488e+09
1e+09 2.64124e+06 26.4124 4.50016e+09
1e+09 2.6514e+06 26.514 4.46571e+09
1e+09 2.66159e+06 26.6159 4.43155e+09
1e+09 2.67183e+06 26.7183 4.39762e+09
1e+09 2.68211e+06 26.8211 4.36394e+09
1e+09 2.69242e+06 26.9242 4.33056e+09
1e+09 2.70278e+06 27.0278 4.29739e+09
1e+09 2.71318e+06 27.1318 4.26448e+09
1e+09 2.72361e+06 27.2361 4.23185e+09
1e+09 2.73409e+06 27.3409 4.19944e+09
1e+09 2.7446e+06 27.446 4.16731e+09
1e+09 2.75516e+06 27.5516 4.1354e+09
1e+09 2.76576e+06 27.6576 4.10373e+09
1e+09 2.77639e+06 27.7639 4.07234e+09
1e+09 2.78707e+06 27.8707 4.04116e+09
1e+09 2.79779e+06 27.9779 4.01022e+09
1e+09 2.80855e+06 28.0855 3.97953e+09
1e+09 2.81936e+06 28.1936 3.94904e+09
1e+09 2.8302e+06 28.302 3.91882e+09
1e+09 2.84109e+06 28.4109 3.88881e+09
1e+09 2.85201e+06 28.5201 3.85906e+09
1e+09 2.86298e+06 28.6298 3.82951e+09
1e+09 2.874e+06 28.74 3.80017e+09
1e+09 2.88505e+06 28.8505 3.77109e+09
1e+09 2.89615e+06 28.9615 3.74221e+09
1e+09 2.90729e+06 29.0729 3.71356e+09
1e+09 2.91847e+06 29.1847 3.68514e+09
1e+09 2.92969e+06 29.2969 3.65694e+09
1e+09 2.94096e+06 29.4096 3.62894e+09
1e+09 2.95227e+06 29.5227 3.60116e+09
1e+09 2.96363e+06 29.6363 3.57358e+09
1e+09 2.97503e+06 29.7503 3.54622e+09
1e+09 2.98647e+06 29.8647 3.51907e+09
1e+09 2.99796e+06 29.9796 3.49212e+09
1e+09 3.00949e+06 30.0949 3.46539e+09
1e+09 3.02106e+06 30.2106 3.43887e+09
1e+09 3.03268e+06 30.3268 3.41254e+09
1e+09 3.04435e+06 30.4435 3.3864e+09
1e+09 3.05606e+06 30.5606 3.36048e+09
1e+09 3.06781e+06 30.6781 3.33476e+09
1e+09 3.07961e+06 30.7961 3.30922e+09
1e+09 3.09146e+06 30.9146 3.28388e+09
1e+09 3.10335e+06 31.0335 3.25874e+09
1e+09 3.11529e+06 31.1529 3.23378e+09
1e+09 3.12727e+06 31.2727 3.20903e+09
1e+09 3.1393e+06 31.393 3.18445e+09
1e+09 3.15137e+06 31.5137 3.16008e+09
1e+09 3.16349e+06 31.6349 3.13589e+09
1e+09 3.17566e+06 31.7566 3.11187e+09
1e+09 3.18787e+06 31.8787 3.08806e+09
1e+09 3.20014e+06 32.0014 3.0644e+09
1e+09 3.21244e+06 32.1244 3.04095e+09
1e+09 3.2248e+06 32.248 3.01766e+09
1e+09 3.2372e+06 32.372 2.99456e+09
1e+09 3.24966e+06 32.4966 2.97162e+09
1e+09 3.26215e+06 32.6215 2.94888e+09
1e+09 3.2747e+06 32.747 2.9263e+09
1e+09 3.2873e+06 32.873 2.90388e+09
1e+09 3.29994e+06 32.9994 2.88166e+09
1e+09 3.31263e+06 33.1263 2.8596e+09
1e+09 3.32537e+06 33.2537 2.8377e+09
1e+09 3.33817e+06 33.3817 2.81596e+09
1e+09 3.351e+06 33.51 2.79441e+09
1e+09 3.36389e+06 33.6389 2.77302e+09
1e+09 3.37683e+06 33.7683 2.75178e+09
1e+09 3.38982e+06 33.8982 2.73071e+09
1e+09 3.40286e+06 34.0286 2.7098e+09
1e+09 3.41595e+06 34.1595 2.68904e+09
1e+09 3.42909e+06 34.2909 2.66845e+09
1e+09 3.44228e+06 34.4228 2.64802e+09
1e+09 3.45552e+06 34.5552 2.62774e+09
1e+09 3.46881e+06 34.6881 2.60762e+09
1e+09 3.48215e+06 34.8215 2.58766e+09
1e+09 3.49554e+06 34.9554 2.56785e+09
1e+09 3.50899e+06 35.0899 2.54818e+09
1e+09 3.52248e+06 35.2248 2.52868e+09
1e+09 3.53603e+06 35.3603 2.50931e+09
1e+09 3.54963e+06 35.4963 2.4901e+09
1e+09 3.56329e+06 35.6329 2.47102e+09
1e+09 3.57699e+06 35.7699 2.45211e+09
1e+09 3.59075e+06 35.9075 2.43333e+09
1e+09 3.60456e+06 36.0456 2.41469e+09
1e+09 3.61842e+06 36.1842 2.39621e+09
1e+09 3.63234e+06 36.3234 2.37786e+09
1e+09 3.64631e+06 36.4631 2.35965e+09
1e+09 3.66034e+06 36.6034 2.34157e+09
1e+09 3.67442e+06 36.7442 2.32364e+09
1e+09 3.68855e+06 36.8855 2.30585e+09
1e+09 3.70274e+06 37.0274 2.28819e+09
1e+09 3.71698e+06 37.1698 2.27067e+09
1e+09 3.73128e+06 37.3128 2.25328e+09
1e+09 3.74563e+06 37.4563 2.23602e+09
1e+09 3.76003e+06 37.6003 2.21891e+09
1e+09 3.7745e+06 37.745 2.20191e+09
1e+09 3.78901e+06 37.8901 2.18505e+09
1e+09 3.80359e+06 38.0359 2.16831e+09
1e+09 3.81822e+06 38.1822 2.15171e+09
1e+09 3.8329e+06 38.329 2.13524e+09
1e+09 3.84765e+06 38.4765 2.11888e+09
1e+09 3.86244e+06 38.6244 2.10266e+09
1e+09 3.8773e+06 38.773 2.08655e+09
1e+09 3.89221e+06 38.9221 2.07058e+09
1e+09 3.90718e+06 39.0718 2.05472e+09
1e+09 3.92221e+06 39.2221 2.03898e+09
1e+09 3.9373e+06 39.373 2.02336e+09
1e+09 3.95244e+06 39.5244 2.00787e+09
1e+09 3.96765e+06 39.6765 1.99249e+09
1e+09 3.98291e+06 39.8291 1.97723e+09
1e+09 3.99823e+06 39.9823 1.96208e+09
1e+09 4.0136e+06 40.136 1.94707e+09
1e+09 4.02904e+06 40.2904 1.93215e+09
1e+09 4.04454e+06 40.4454 1.91735e+09
1e+09 4.06009e+06 40.6009 1.90267e+09
1e+09 4.07571e+06 40.7571 1.8881e+09
1e+09 4.09139e+06 40.9139 1.87363e+09
1e+09 4.10712e+06 41.0712 1.85929e+09
1e+09 4.12292e+06 41.2292 1.84505e+09
1e+09 4.13878e+06 41.3878 1.83092e+09
1e+09 4.1547e+06 41.547 1.81689e+09
1e+09 4.17068e+06 41.7068 1.80298e+09
1e+09 4.18672e+06 41.8672 1.78917e+09
1e+09 4.20282e+06 42.0282 1.77547e+09
1e+09 4.21899e+06 42.1899 1.76187e+09
1e+09 4.23522e+06 42.3522 1.74837e+09
1e+09 4.25151e+06 42.5151 1.73498e+09
1e+09 4.26786e+06 42.6786 1.72169e+09
1e+09 4.28427e+06 42.8427 1.70851e+09
1e+09 4.30075e+06 43.0075 1.69542e+09
1e+09 4.3173e+06 43.173 1.68243e+09
1e+09 4.3339e+06 43.339 1.66955e+09
1e+09 4.35057e+06 43.5057 1.65676e+09
1e+09 4.3673e+06 43.673 1.64407e+09
1e+09 4.3841e+06 43.841 1.63148e+09
1e+09 4.40096e+06 44.0096 1.61898e+09
1e+09 4.41789e+06 44.1789 1.60658e+09
1e+09 4.43488e+06 44.3488 1.59428e+09
1e+09 4.45194e+06 44.5194 1.58207e+09
1e+09 4.46907e+06 44.6907 1.56994e+09
1e+09 4.48626e+06 44.8626 1.55792e+09
1e+09 4.50351e+06 45.0351 1.54599e+09
1e+09 4.52083e+06 45.2083 1.53415e+09
1e+09 4.53822e+06 45.3822 1.52239e+09
1e+09 4.55568e+06 45.5568 1.51073e+09
1e+09 4.5732e+06 45.732 1.49916e+09
1e+09 4.59079e+06 45.9079 1.48768e+09
1e+09 4.60845e+06 46.0845 1.47628e+09
1e+09 4.62617e+06 46.2617 1.46497e+09
1e+09 4.64397e+06 46.4397 1.45375e+09
1e+09 4.66183e+06 46.6183 1.44261e+09
1e+09 4.67976e+06 46.7976 1.43156e+09
1e+09 4.69776e+06 46.9776 1.4206e+09
1e+09 4.71583e+06 47.1583 1.40971e+09
1e+09 4.73397e+06 47.3397 1.39891e+09
1e+09 4.75217e+06 47.5217 1.3882e+09
1e+09 4.77045e+06 47.7045 1.37757e+09
1e+09 4.7888e+06 47.888 1.36701e+09
1e+09 4.80722e+06 48.0722 1.35654e+09
1e+09 4.82571e+06 48.2571 1.34615e+09
1e+09 4.84427e+06 48.4427 1.33584e+09
1e+09 4.8629e+06 48.629 1.32561e+09
1e+09 4.88161e+06 48.8161 1.31545e+09
1e+09 4.90038e+06 49.0038 1.30537e+09
1e+09 4.91923e+06 49.1923 1.29537e+09
1e+09 4.93815e+06 49.3815 1.28545e+09
1e+09 4.95715e+06 49.5715 1.2756e+09
1e+09 4.97621e+06 49.7621 1.26583e+09
1e+09 4.99535e+06 49.9535 1.25613e+09
1e+09 5.01457e+06 50.1457 1.2465e+09
1e+09 5.03385e+06 50.3385 1.23696e+09
1e+09 5.05322e+06 50.5322 1.22748e+09
1e+09 5.07265e+06 50.7265 1.21808e+09
1e+09 5.09216e+06 50.9216 1.20875e+09
1e+09 5.11175e+06 51.1175 1.19948e+09
1e+09 5.13141e+06 51.3141 1.19029e+09
1e+09 5.15115e+06 51.5115 1.18117e+09
1e+09 5.17096e+06 51.7096 1.17213e+09
1e+09 5.19085e+06 51.9085 1.16314e+09
1e+09 5.21081e+06 52.1081 1.15424e+09
1e+09 5.23086e+06 52.3086 1.14539e+09
1e+09 5.25098e+06 52.5098 1.13661e+09
1e+09 5.27117e+06 52.7117 1.12791e+09
1e+09 5.29145e+06 52.9145 1.11926e+09
1e+09 5.3118e+06 53.118 1.11069e+09
1e+09 5.33223e+06 53.3223 1.10218e+09
1e+09 5.35274e+06 53.5274 1.09373e+09
1e+09 5.37333e+06 53.7333 1.08535e+09
1e+09 5.394e+06 53.94 1.07704e+09
1e+09 5.41474e+06 54.1474 1.06879e+09
1e+09 5.43557e+06 54.3557 1.0606e+09
1e+09 5.45648e+06 54.5648 1.05247e+09
1e+09 5.47746e+06 54.7746 1.04441e+09
1e+09 5.49853e+06 54.9853 1.0364e+09
1e+09 5.51968e+06 55.1968 1.02846e+09
1e+09 5.54091e+06 55.4091 1.02058e+09
1e+09 5.56222e+06 55.6222 1.01276e+09
1e+09 5.58362e+06 55.8362 1.005e+09
1e+09 5.60509e+06 56.0509 9.97302e+08
1e+09 5.62665e+06 56.2665 9.89659e+08
1e+09 5.64829e+06 56.4829 9.82077e+08
1e+09 5.67002e+06 56.7002 9.7455e+08
1e+09 5.69183e+06 56.9183 9.67081e+08
1e+09 5.71372e+06 57.1372 9.59672e+08
1e+09 5.7357e+06 57.357 9.52317e+08
1e+09 5.75776e+06 57.5776 9.4502e+08
1e+09 5.7799e+06 57.799 9.3778e+08
1e+09 5.80214e+06 58.0214 9.30591e+08
1e+09 5.82445e+06 58.2445 9.23462e+08
1e+09 5.84685e+06 58.4685 9.16386e+08
1e+09 5.86934e+06 58.6934 9.09363e+08
1e+09 5.89192e+06 58.9192 9.02393e+08
1e+09 5.91458e+06 59.1458 8.95478e+08
1e+09 5.93733e+06 59.3733 8.88616e+08
1e+09 5.96017e+06 59.6017 8.81805e+08
1e+09 5.98309e+06 59.8309 8.75049e+08
1e+09 6.0061e+06 60.061 8.68344e+08
1e+09 6.02921e+06 60.2921 8.61686e+08
1e+09 6.0524e+06 60.524 8.55083e+08
1e+09 6.07567e+06 60.7567 8.48532e+08
1e+09 6.09904e+06 60.9904 8.42029e+08
1e+09 6.1225e+06 61.225 8.35576e+08
1e+09 6.14605e+06 61.4605 8.29172e+08
1e+09 6.16969e+06 61.6969 8.22817e+08
1e+09 6.19342e+06 61.9342 8.16511e+08
1e+09 6.21724e+06 62.1724 8.10254e+08
1e+09 6.24116e+06 62.4116 8.04042e+08
1e+09 6.26516e+06 62.6516 7.97881e+08
1e+09 6.28926e+06 62.8926 7.91765e+08
1e+09 6.31345e+06 63.1345 7.85697e+08
1e+09 6.33773e+06 63.3773 7.79676e+08
1e+09 6.36211e+06 63.6211 7.73699e+08
1e+09 6.38658e+06 63.8658 7.6777e+08
1e+09 6.41115e+06 64.1115 7.61884e+08
1e+09 6.4358e+06 64.358 7.56046e+08
1e+09 6.46056e+06 64.6056 7.5025e+08
1e+09 6.48541e+06 64.8541 7.445e+08
1e+09 6.51035e+06 65.1035 7.38794e+08
1e+09 6.53539e+06 65.3539 7.33132e+08
1e+09 6.56053e+06 65.6053 7.27512e+08
1e+09 6.58576e+06 65.8576 7.21936e+08
1e+09 6.6111e+06 66.111 7.164e+08
1e+09 6.63652e+06 66.3652 7.10911e+08
1e+09 6.66205e+06 66.6205 7.05461e+08
1e+09 6.68767e+06 66.8767 7.00054e+08
1e+09 6.7134e+06 67.134 6.94687e+08
1e+09 6.73922e+06 67.3922 6.89362e+08
1e+09 6.76514e+06 67.6514 6.84078e+08
1e+09 6.79116e+06 67.9116 6.78834e+08
1e+09 6.81728e+06 68.1728 6.73631e+08
1e+09 6.8435e+06 68.435 6.68467e+08
1e+09 6.86982e+06 68.6982 6.63343e+08
1e+09 6.89625e+06 68.9625 6.58257e+08
1e+09 6.92277e+06 69.2277 6.53212e+08
1e+09 6.9494e+06 69.494 6.48204e+08
1e+09 6.97613e+06 69.7613 6.43235e+08
1e+09 7.00296e+06 70.0296 6.38304e+08
1e+09 7.0299e+06 70.299 6.3341e+08
1e+09 7.05694e+06 70.5694 6.28554e+08
1e+09 7.08408e+06 70.8408 6.23736e+08
1e+09 7.11133e+06 71.1133 6.18954e+08
1e+09 7.13868e+06 71.3868 6.14209e+08
1e+09 7.16614e+06 71.6614 6.095e+08
1e+09 7.1937e+06 71.937 6.04828e+08
1e+09 7.22137e+06 72.2137 6.00191e+08
1e+09 7.24914e+06 72.4914 5.9559e+08
1e+09 7.27703e+06 72.7703 5.91023e+08
1e+09 7.30502e+06 73.0502 5.86491e+08
1e+09 7.33311e+06 73.3311 5.81996e+08
1e+09 7.36132e+06 73.6132 5.77533e+08
1e+09 7.38963e+06 73.8963 5.73106e+08
1e+09 7.41806e+06 74.1806 5.68711e+08
1e+09 7.44659e+06 74.4659 5.64351e+08
1e+09 7.47523e+06 74.7523 5.60024e+08
1e+09 7.50398e+06 75.0398 5.55731e+08
1e+09 7.53284e+06 75.3284 5.5147e+08
1e+09 7.56182e+06 75.6182 5.47241e+08
1e+09 7.5909e+06 75.909 5.43045e+08
1e+09 7.6201e+06 76.201 5.38881e+08
1e+09 7.64941e+06 76.4941 5.34749e+08
1e+09 7.67883e+06 76.7883 5.30649e+08
1e+09 7.70837e+06 77.0837 5.2658e+08
1e+09 7.73801e+06 77.3801 5.22543e+08
1e+09 7.76778e+06 77.6778 5.18535e+08
1e+09 7.79765e+06 77.9765 5.1456e+08
1e+09 7.82765e+06 78.2765 5.10613e+08
1e+09 7.85775e+06 78.5775 5.06699e+08
1e+09 7.88798e+06 78.8798 5.02813e+08
1e+09 7.91832e+06 79.1832 4.98957e+08
1e+09 7.94877e+06 79.4877 4.95131e+08
1e+09 7.97935e+06 79.7935 4.91334e+08
1e+09 8.01004e+06 80.1004 4.87566e+08
1e+09 8.04085e+06 80.4085 4.83827e+08
1e+09 8.07177e+06 80.7177 4.80117e+08
1e+09 8.10282e+06 81.0282 4.76435e+08
1e+09 8.13399e+06 81.3399 4.72781e+08
1e+09 8.16527e+06 81.6527 4.69156e+08
1e+09 8.19668e+06 81.9668 4.65558e+08
1e+09 8.2282e+06 82.282 4.61988e+08
1e+09 8.25985e+06 82.5985 4.58445e+08
1e+09 8.29162e+06 82.9162 4.54929e+08
1e+09 8.32352e+06 83.2352 4.51439e+08
1e+09 8.35553e+06 83.5553 4.47977e+08
1e+09 8.38767e+06 83.8767 4.44541e+08
1e+09 8.41993e+06 84.1993 4.41132e+08
1e+09 8.45231e+06 84.5231 4.37749e+08
1e+09 8.48482e+06 84.8482 4.34392e+08
1e+09 8.51746e+06 85.1746 4.3106e+08
1e+09 8.55022e+06 85.5022 4.27754e+08
1e+09 8.58311e+06 85.8311 4.24472e+08
1e+09 8.61612e+06 86.1612 4.21217e+08
1e+09 8.64926e+06 86.4926 4.17986e+08
1e+09 8.68253e+06 86.8253 4.1478e+08
1e+09 8.71592e+06 87.1592 4.11599e+08
1e+09 8.74945e+06 87.4945 4.08441e+08
1e+09 8.7831e+06 87.831 4.05309e+08
1e+09 8.81688e+06 88.1688 4.022e+08
1e+09 8.8508e+06 88.508 3.99114e+08
1e+09 8.88484e+06 88.8484 3.96053e+08
1e+09 8.91901e+06 89.1901 3.93015e+08
1e+09 8.95332e+06 89.5332 3.9e+08
1e+09 8.98775e+06 89.8775 3.87009e+08
1e+09 9.02232e+06 90.2232 3.8404e+08
1e+09 9.05703e+06 90.5703 3.81094e+08
1e+09 9.09186e+06 90.9186 3.78171e+08
1e+09 9.12683e+06 91.2683 3.7527e+08
1e+09 9.16194e+06 91.6194 3.7239e+08
1e+09 9.19718e+06 91.9718 3.69534e+08
1e+09 9.23255e+06 92.3255 3.66699e+08
1e+09 9.26806e+06 92.6806 3.63886e+08
1e+09 9.30371e+06 93.0371 3.61094e+08
1e+09 9.3395e+06 93.395 3.58324e+08
1e+09 9.37542e+06 93.7542 3.55575e+08
1e+09 9.41148e+06 94.1148 3.52847e+08
1e+09 9.44768e+06 94.4768 3.5014e+08
1e+09 9.48402e+06 94.8402 3.47453e+08
1e+09 9.5205e+06 95.205 3.44787e+08
1e+09 9.55711e+06 95.5711 3.42143e+08
1e+09 9.59387e+06 95.9387 3.39518e+08
1e+09 9.63077e+06 96.3077 3.36913e+08
1e+09 9.66782e+06 96.6782 3.34327e+08
1e+09 9.705e+06 97.05 3.31762e+08
1e+09 9.74233e+06 97.4233 3.29217e+08
1e+09 9.7798e+06 97.798 3.26691e+08
1e+09 9.81742e+06 98.1742 3.24184e+08
1e+09 9.85518e+06 98.5518 3.21696e+08
1e+09 9.89309e+06 98.9309 3.19228e+08
1e+09 9.93114e+06 99.3114 3.16778e+08
1e+09 9.96934e+06 99.6934 3.14347e+08
1e+09 1.00077e+07 100.077 3.11934e+08
1e+09 1.00462e+07 100.462 3.0954e+08
1e+09 1.00848e+07 100.848 3.07167e+08
1e+09 1.01236e+07 101.236 3.0481e+08
1e+09 1.01625e+07 101.625 3.02473e+08
1e+09 1.02016e+07 102.016 3.00151e+08
1e+09 1.02409e+07 102.409 2.97844e+08
1e+09 1.02803e+07 102.803 2.95558e+08
1e+09 1.03198e+07 103.198 2.93292e+08
1e+09 1.03595e+07 103.595 2.91041e+08
1e+09 1.03993e+07 103.993 2.8881e+08
1e+09 1.04393e+07 104.393 2.86593e+08
1e+09 1.04795e+07 104.795 2.84391e+08
1e+09 1.05198e+07 105.198 2.82209e+08
1e+09 1.05603e+07 105.603 2.80041e+08
1e+09 1.06009e+07 106.009 2.77893e+08
1e+09 1.06417e+07 106.417 2.75758e+08
1e+09 1.06826e+07 106.826 2.73644e+08
1e+09 1.07237e+07 107.237 2.71543e+08
1e+09 1.07649e+07 107.649 2.69461e+08
1e+09 1.08063e+07 108.063 2.67393e+08
1e+09 1.08479e+07 108.479 2.65339e+08
1e+09 1.08896e+07 108.896 2.63303e+08
1e+09 1.09315e+07 109.315 2.61281e+08
1e+09 1.09735e+07 109.735 2.59278e+08
1e+09 1.10157e+07 110.157 2.57288e+08
1e+09 1.10581e+07 110.581 2.55312e+08
1e+09 1.11007e+07 111.007 2.53349e+08
1e+09 1.11433e+07 111.433 2.51409e+08
1e+09 1.11862e+07 111.862 2.49477e+08
1e+09 1.12292e+07 112.292 2.47563e+08
1e+09 1.12724e+07 112.724 2.45662e+08
1e+09 1.13158e+07 113.158 2.43774e+08
1e+09 1.13593e+07 113.593 2.41904e+08
1e+09 1.1403e+07 114.03 2.40047e+08
1e+09 1.14469e+07 114.469 2.38202e+08
1e+09 1.14909e+07 114.909 2.36375e+08
1e+09 1.15351e+07 115.351 2.3456e+08
1e+09 1.15794e+07 115.794 2.32762e+08
1e+09 1.1624e+07 116.24 2.30972e+08
1e+09 1.16687e+07 116.687 2.29199e+08
1e+09 1.17136e+07 117.136 2.27439e+08
1e+09 1.17586e+07 117.586 2.25695e+08
1e+09 1.18039e+07 118.039 2.23959e+08
1e+09 1.18493e+07 118.493 2.22239e+08
1e+09 1.18948e+07 118.948 2.20536e+08
1e+09 1.19406e+07 119.406 2.18841e+08
1e+09 1.19865e+07 119.865 2.17161e+08
1e+09 1.20326e+07 120.326 2.15494e+08
1e+09 1.20789e+07 120.789 2.13839e+08
1e+09 1.21254e+07 121.254 2.12195e+08
1e+09 1.2172e+07 121.72 2.10567e+08
1e+09 1.22188e+07 122.188 2.08951e+08
1e+09 1.22658e+07 122.658 2.07346e+08
1e+09 1.2313e+07 123.13 2.05753e+08
1e+09 1.23603e+07 123.603 2.04175e+08
1e+09 1.24079e+07 124.079 2.02605e+08
1e+09 1.24556e+07 124.556 2.0105e+08
1e+09 1.25035e+07 125.035 1.99507e+08
1e+09 1.25516e+07 125.516 1.97974e+08
1e+09 1.25999e+07 125.999 1.96453e+08
1e+09 1.26484e+07 126.484 1.94943e+08
1e+09 1.2697e+07 126.97 1.93447e+08
1e+09 1.27458e+07 127.458 1.91963e+08
1e+09 1.27949e+07 127.949 1.90486e+08
1e+09 1.28441e+07 128.441 1.89024e+08
1e+09 1.28935e+07 128.935 1.87572e+08
1e+09 1.29431e+07 129.431 1.86131e+08
1e+09 1.29929e+07 129.929 1.84701e+08
1e+09 1.30428e+07 130.428 1.83284e+08
1e+09 1.3093e+07 130.93 1.81875e+08
1e+09 1.31434e+07 131.434 1.80477e+08
1e+09 1.31939e+07 131.939 1.79092e+08
1e+09 1.32447e+07 132.447 1.77715e+08
1e+09 1.32956e+07 132.956 1.76351e+08
1e+09 1.33467e+07 133.467 1.74998e+08
1e+09 1.33981e+07 133.981 1.73652e+08
1e+09 1.34496e+07 134.496 1.72319e+08
1e+09 1.35013e+07 135.013 1.70996e+08
1e+09 1.35533e+07 135.533 1.6968e+08
1e+09 1.36054e+07 136.054 1.68377e+08
1e+09 1.36577e+07 136.577 1.67085e+08
1e+09 1.37103e+07 137.103 1.65799e+08
1e+09 1.3763e+07 137.63 1.64526e+08
1e+09 1.38159e+07 138.159 1.63263e+08
1e+09 1.38691e+07 138.691 1.62007e+08
1e+09 1.39224e+07 139.224 1.60764e+08
1e+09 1.3976e+07 139.76 1.59527e+08
1e+09 1.40297e+07 140.297 1.58303e+08
1e+09 1.40837e+07 140.837 1.57086e+08
1e+09 1.41379e+07 141.379 1.55878e+08
1e+09 1.41922e+07 141.922 1.54682e+08
1e+09 1.42468e+07 142.468 1.53493e+08
1e+09 1.43016e+07 143.016 1.52314e+08
1e+09 1.43566e+07 143.566 1.51144e+08
1e+09 1.44118e+07 144.118 1.49983e+08
1e+09 1.44673e+07 144.673 1.48829e+08
1e+09 1.45229e+07 145.229 1.47686e+08
1e+09 1.45788e+07 145.788 1.4655e+08
1e+09 1.46349e+07 146.349 1.45423e+08
1e+09 1.46911e+07 146.911 1.44308e+08
1e+09 1.47477e+07 147.477 1.43197e+08
1e+09 1.48044e+07 148.044 1.42097e+08
1e+09 1.48613e+07 148.613 1.41006e+08
1e+09 1.49185e+07 149.185 1.39921e+08
1e+09 1.49759e+07 149.759 1.38845e+08
1e+09 1.50335e+07 150.335 1.37778e+08
1e+09 1.50913e+07 150.913 1.3672e+08
1e+09 1.51493e+07 151.493 1.3567e+08
1e+09 1.52076e+07 152.076 1.34626e+08
1e+09 1.52661e+07 152.661 1.33591e+08
1e+09 1.53248e+07 153.248 1.32565e+08
1e+09 1.53838e+07 153.838 1.31545e+08
1e+09 1.54429e+07 154.429 1.30535e+08
1e+09 1.55023e+07 155.023 1.29531e+08
1e+09 1.5562e+07 155.62 1.28535e+08
1e+09 1.56218e+07 156.218 1.27547e+08
1e+09 1.56819e+07 156.819 1.26567e+08
1e+09 1.57422e+07 157.422 1.25594e+08
1e+09 1.58028e+07 158.028 1.24628e+08
1e+09 1.58635e+07 158.635 1.23671e+08
1e+09 1.59246e+07 159.246 1.22719e+08
1e+09 1.59858e+07 159.858 1.21776e+08
1e+09 1.60473e+07 160.473 1.20839e+08
1e+09 1.6109e+07 161.09 1.19911e+08
1e+09 1.6171e+07 161.71 1.18988e+08
1e+09 1.62332e+07 162.332 1.18073e+08
1e+09 1.62956e+07 162.956 1.17166e+08
1e+09 1.63583e+07 163.583 1.16265e+08
1e+09 1.64212e+07 164.212 1.15371e+08
1e+09 1.64844e+07 164.844 1.14483e+08
1e+09 1.65478e+07 165.478 1.13603e+08
1e+09 1.66114e+07 166.114 1.1273e+08
1e+09 1.66753e+07 166.753 1.11863e+08
1e+09 1.67395e+07 167.395 1.11002e+08
1e+09 1.68038e+07 168.038 1.1015e+08
1e+09 1.68685e+07 168.685 1.09302e+08
1e+09 1.69334e+07 169.334 1.08461e+08
1e+09 1.69985e+07 169.985 1.07627e+08
1e+09 1.70639e+07 170.639 1.06799e+08
1e+09 1.71295e+07 171.295 1.05978e+08
1e+09 1.71954e+07 171.954 1.05163e+08
1e+09 1.72615e+07 172.615 1.04355e+08
1e+09 1.73279e+07 173.279 1.03552e+08
1e+09 1.73946e+07 173.946 1.02755e+08
1e+09 1.74615e+07 174.615 1.01964e+08
1e+09 1.75286e+07 175.286 1.01181e+08
1e+09 1.7596e+07 175.96 1.00403e+08
1e+09 1.76637e+07 176.637 9.96302e+07
1e+09 1.77317e+07 177.317 9.88631e+07
1e+09 1.77999e+07 177.999 9.81026e+07
1e+09 1.78683e+07 178.683 9.73487e+07
1e+09 1.79371e+07 179.371 9.6599e+07
1e+09 1.80061e+07 180.061 9.58557e+07
1e+09 1.80753e+07 180.753 9.51189e+07
1e+09 1.81448e+07 181.448 9.43873e+07
1e+09 1.82146e+07 182.146 9.36611e+07
1e+09 1.82847e+07 182.847 9.294e+07
1e+09 1.8355e+07 183.55 9.22252e+07
1e+09 1.84256e+07 184.256 9.15156e+07
1e+09 1.84965e+07 184.965 9.08112e+07
1e+09 1.85676e+07 185.676 9.01129e+07
1e+09 1.8639e+07 186.39 8.94196e+07
1e+09 1.87107e+07 187.107 8.87315e+07
1e+09 1.87827e+07 187.827 8.80484e+07
1e+09 1.88549e+07 188.549 8.73713e+07
1e+09 1.89275e+07 189.275 8.66982e+07
1e+09 1.90003e+07 190.003 8.6031e+07
1e+09 1.90733e+07 190.733 8.53697e+07
1e+09 1.91467e+07 191.467 8.47123e+07
1e+09 1.92203e+07 192.203 8.40608e+07
1e+09 1.92943e+07 192.943 8.34132e+07
1e+09 1.93685e+07 193.685 8.27713e+07
1e+09 1.9443e+07 194.43 8.21342e+07
1e+09 1.95178e+07 195.178 8.15019e+07
1e+09 1.95928e+07 195.928 8.08752e+07
1e+09 1.96682e+07 196.682 8.02524e+07
1e+09 1.97438e+07 197.438 7.9635e+07
1e+09 1.98198e+07 198.198 7.90216e+07
1e+09 1.9896e+07 198.96 7.84135e+07
1e+09 1.99725e+07 199.725 7.78101e+07
1e+09 2.00494e+07 200.494 7.72105e+07
1e+09 2.01265e+07 201.265 7.66163e+07
1e+09 2.02039e+07 202.039 7.60265e+07
1e+09 2.02816e+07 202.816 7.54413e+07
1e+09 2.03596e+07 203.596 7.48606e+07
1e+09 2.04379e+07 204.379 7.42843e+07
1e+09 2.05165e+07 205.165 7.37124e+07
1e+09 2.05954e+07 205.954 7.3145e+07
1e+09 2.06747e+07 206.747 7.25812e+07
1e+09 2.07542e+07 207.542 7.20225e+07
1e+09 2.0834e+07 208.34 7.14681e+07
1e+09 2.09141e+07 209.141 7.0918e+07
1e+09 2.09946e+07 209.946 7.03715e+07
1e+09 2.10753e+07 210.753 6.983e+07
1e+09 2.11564e+07 211.564 6.9292e+07
1e+09 2.12378e+07 212.378 6.87582e+07
1e+09 2.13195e+07 213.195 6.82286e+07
1e+09 2.14015e+07 214.015 6.77031e+07
1e+09 2.14838e+07 214.838 6.71818e+07
1e+09 2.15664e+07 215.664 6.66646e+07
1e+09 2.16494e+07 216.494 6.61509e+07
1e+09 2.17326e+07 217.326 6.56418e+07
1e+09 2.18162e+07 218.162 6.51361e+07
1e+09 2.19001e+07 219.001 6.46345e+07
1e+09 2.19844e+07 219.844 6.41362e+07
1e+09 2.20689e+07 220.689 6.36425e+07
1e+09 2.21538e+07 221.538 6.31522e+07
1e+09 2.2239e+07 222.39 6.26658e+07
1e+09 2.23246e+07 223.246 6.21827e+07
1e+09 2.24104e+07 224.104 6.1704e+07
1e+09 2.24966e+07 224.966 6.12286e+07
1e+09 2.25832e+07 225.832 6.07565e+07
1e+09 2.267e+07 226.7 6.02887e+07
1e+09 2.27572e+07 227.572 5.98242e+07
1e+09 2.28447e+07 228.447 5.93634e+07
1e+09 2.29326e+07 229.326 5.89059e+07
1e+09 2.30208e+07 230.208 5.8452e+07
1e+09 2.31094e+07 231.094 5.80013e+07
1e+09 2.31982e+07 231.982 5.75548e+07
1e+09 2.32875e+07 232.875 5.7111e+07
1e+09 2.3377e+07 233.77 5.66712e+07
1e+09 2.3467e+07 234.67 5.62341e+07
1e+09 2.35572e+07 235.572 5.5801e+07
1e+09 2.36478e+07 236.478 5.5371e+07
1e+09 2.37388e+07 237.388 5.4944e+07
1e+09 2.38301e+07 238.301 5.45206e+07
1e+09 2.39217e+07 239.217 5.41006e+07
1e+09 2.40138e+07 240.138 5.36832e+07
1e+09 2.41061e+07 241.061 5.32697e+07
1e+09 2.41988e+07 241.988 5.28592e+07
1e+09 2.42919e+07 242.919 5.24517e+07
1e+09 2.43854e+07 243.854 5.2047e+07
1e+09 2.44791e+07 244.791 5.16462e+07
1e+09 2.45733e+07 245.733 5.12479e+07
1e+09 2.46678e+07 246.678 5.08529e+07
1e+09 2.47627e+07 247.627 5.04607e+07
1e+09 2.48579e+07 248.579 5.00719e+07
1e+09 2.49536e+07 249.536 4.96855e+07
1e+09 2.50495e+07 250.495 4.93027e+07
1e+09 2.51459e+07 251.459 4.89223e+07
1e+09 2.52426e+07 252.426 4.85452e+07
1e+09 2.53397e+07 253.397 4.81708e+07
1e+09 2.54372e+07 254.372 4.77992e+07
1e+09 2.5535e+07 255.35 4.74308e+07
1e+09 2.56332e+07 256.332 4.70651e+07
1e+09 2.57318e+07 257.318 4.67021e+07
1e+09 2.58308e+07 258.308 4.63418e+07
1e+09 2.59301e+07 259.301 4.59846e+07
1e+09 2.60299e+07 260.299 4.56297e+07
1e+09 2.613e+07 261.3 4.52779e+07
1e+09 2.62305e+07 262.305 4.49286e+07
1e+09 2.63314e+07 263.314 4.45821e+07
1e+09 2.64327e+07 264.327 4.42381e+07
1e+09 2.65343e+07 265.343 4.38971e+07
1e+09 2.66364e+07 266.364 4.35583e+07
1e+09 2.67388e+07 267.388 4.32225e+07
1e+09 2.68417e+07 268.417 4.28889e+07
1e+09 2.69449e+07 269.449 4.25581e+07
1e+09 2.70486e+07 270.486 4.22296e+07
1e+09 2.71526e+07 271.526 4.19039e+07
1e+09 2.7257e+07 272.57 4.15807e+07
1e+09 2.73619e+07 273.619 4.12597e+07
1e+09 2.74671e+07 274.671 4.09414e+07
1e+09 2.75728e+07 275.728 4.06254e+07
1e+09 2.76788e+07 276.788 4.0312e+07
1e+09 2.77853e+07 277.853 4.00008e+07
1e+09 2.78921e+07 278.921 3.96924e+07
1e+09 2.79994e+07 279.994 3.9386e+07
1e+09 2.81071e+07 281.071 3.9082e+07
1e+09 2.82152e+07 282.152 3.87804e+07
1e+09 2.83237e+07 283.237 3.84812e+07
1e+09 2.84327e+07 284.327 3.8184e+07
1e+09 2.8542e+07 285.42 3.78894e+07
1e+09 2.86518e+07 286.518 3.75969e+07
1e+09 2.8762e+07 287.62 3.73067e+07
1e+09 2.88727e+07 288.727 3.70185e+07
1e+09 2.89837e+07 289.837 3.67329e+07
1e+09 2.90952e+07 290.952 3.64493e+07
1e+09 2.92071e+07 292.071 3.61679e+07
1e+09 2.93194e+07 293.194 3.58888e+07
1e+09 2.94322e+07 294.322 3.56116e+07
1e+09 2.95454e+07 295.454 3.53367e+07
1e+09 2.96591e+07 296.591 3.50637e+07
1e+09 2.97731e+07 297.731 3.47931e+07
1e+09 2.98877e+07 298.877 3.45243e+07
1e+09 3.00026e+07 300.026 3.42578e+07
1e+09 3.0118e+07 301.18 3.39932e+07
1e+09 3.02339e+07 302.339 3.37306e+07
1e+09 3.03501e+07 303.501 3.34703e+07
1e+09 3.04669e+07 304.669 3.32117e+07
1e+09 3.05841e+07 305.841 3.29551e+07
1e+09 3.07017e+07 307.017 3.27006e+07
1e+09 3.08198e+07 308.198 3.2448e+07
1e+09 3.09383e+07 309.383 3.21975e+07
1e+09 3.10573e+07 310.573 3.19488e+07
1e+09 3.11768e+07 311.768 3.17019e+07
1e+09 3.12967e+07 312.967 3.1457e+07
1e+09 3.14171e+07 314.171 3.12139e+07
1e+09 3.15379e+07 315.379 3.09729e+07
1e+09 3.16592e+07 316.592 3.07336e+07
1e+09 3.1781e+07 317.81 3.04961e+07
1e+09 3.19032e+07 319.032 3.02605e+07
1e+09 3.20259e+07 320.259 3.00267e+07
1e+09 3.21491e+07 321.491 2.97946e+07
1e+09 3.22728e+07 322.728 2.95643e+07
1e+09 3.23969e+07 323.969 2.93359e+07
1e+09 3.25215e+07 325.215 2.91092e+07
1e+09 3.26466e+07 326.466 2.88842e+07
1e+09 3.27722e+07 327.722 2.86609e+07
1e+09 3.28982e+07 328.982 2.84395e+07
1e+09 3.30248e+07 330.248 2.82196e+07
1e+09 3.31518e+07 331.518 2.80015e+07
1e+09 3.32793e+07 332.793 2.7785e+07
1e+09 3.34073e+07 334.073 2.75703e+07
1e+09 3.35358e+07 335.358 2.73571e+07
1e+09 3.36648e+07 336.648 2.71456e+07
1e+09 3.37943e+07 337.943 2.69357e+07
1e+09 3.39242e+07 339.242 2.67276e+07
1e+09 3.40547e+07 340.547 2.65209e+07
1e+09 3.41857e+07 341.857 2.63158e+07
1e+09 3.43172e+07 343.172 2.61123e+07
1e+09 3.44492e+07 344.492 2.59104e+07
1e+09 3.45817e+07 345.817 2.571e+07
1e+09 3.47147e+07 347.147 2.55112e+07
1e+09 3.48482e+07 348.482 2.5314e+07
1e+09 3.49823e+07 349.823 2.51181e+07
1e+09 3.51168e+07 351.168 2.49239e+07
1e+09 3.52519e+07 352.519 2.47311e+07
1e+09 3.53875e+07 353.875 2.45398e+07
1e+09 3.55236e+07 355.236 2.435e+07
1e+09 3.56602e+07 356.602 2.41616e+07
1e+09 3.57974e+07 357.974 2.39747e+07
1e+09 3.59351e+07 359.351 2.37892e+07
1e+09 3.60733e+07 360.733 2.36052e+07
1e+09 3.6212e+07 362.12 2.34226e+07
1e+09 3.63513e+07 363.513 2.32413e+07
1e+09 3.64911e+07 364.911 2.30615e+07
1e+09 3.66315e+07 366.315 2.2883e+07
1e+09 3.67724e+07 367.724 2.2706e+07
1e+09 3.69138e+07 369.138 2.25303e+07
1e+09 3.70558e+07 370.558 2.23559e+07
1e+09 3.71983e+07 371.983 2.21829e+07
1e+09 3.73414e+07 373.414 2.20112e+07
1e+09 3.7485e+07 374.85 2.18409e+07
1e+09 3.76292e+07 376.292 2.16718e+07
1e+09 3.77739e+07 377.739 2.15041e+07
1e+09 3.79192e+07 379.192 2.13376e+07
1e+09 3.80651e+07 380.651 2.11724e+07
1e+09 3.82115e+07 382.115 2.10085e+07
1e+09 3.83585e+07 383.585 2.08458e+07
1e+09 3.8506e+07 385.06 2.06844e+07
1e+09 3.86541e+07 386.541 2.05243e+07
1e+09 3.88028e+07 388.028 2.03653e+07
1e+09 3.8952e+07 389.52 2.02077e+07
1e+09 3.91019e+07 391.019 2.00511e+07
1e+09 3.92523e+07 392.523 1.98958e+07
1e+09 3.94032e+07 394.032 1.97418e+07
1e+09 3.95548e+07 395.548 1.95889e+07
1e+09 3.97069e+07 397.069 1.94372e+07
1e+09 3.98597e+07 398.597 1.92866e+07
1e+09 4.0013e+07 400.13 1.91372e+07
1e+09 4.01669e+07 401.669 1.8989e+07
1e+09 4.03214e+07 403.214 1.88419e+07
1e+09 4.04764e+07 404.764 1.8696e+07
1e+09 4.06321e+07 406.321 1.85511e+07
1e+09 4.07884e+07 407.884 1.84074e+07
1e+09 4.09453e+07 409.453 1.82647e+07
1e+09 4.11028e+07 411.028 1.81232e+07
1e+09 4.12609e+07 412.609 1.79827e+07
1e+09 4.14196e+07 414.196 1.78434e+07
1e+09 4.15789e+07 415.789 1.77051e+07
1e+09 4.17388e+07 417.388 1.75679e+07
1e+09 4.18994e+07 418.994 1.74317e+07
1e+09 4.20605e+07 420.605 1.72967e+07
1e+09 4.22223e+07 422.223 1.71626e+07
1e+09 4.23847e+07 423.847 1.70295e+07
1e+09 4.25477e+07 425.477 1.68975e+07
1e+09 4.27114e+07 427.114 1.67665e+07
1e+09 4.28757e+07 428.757 1.66365e+07
1e+09 4.30406e+07 430.406 1.65075e+07
1e+09 4.32061e+07 432.061 1.63796e+07
1e+09 4.33723e+07 433.723 1.62526e+07
1e+09 4.35391e+07 435.391 1.61265e+07
1e+09 4.37066e+07 437.066 1.60015e+07
1e+09 4.38747e+07 438.747 1.58774e+07
1e+09 4.40434e+07 440.434 1.57543e+07
1e+09 4.42129e+07 442.129 1.5632e+07
1e+09 4.43829e+07 443.829 1.55108e+07
1e+09 4.45536e+07 445.536 1.53905e+07
1e+09 4.4725e+07 447.25 1.52711e+07
1e+09 4.4897e+07 448.97 1.51527e+07
1e+09 4.50697e+07 450.697 1.50351e+07
1e+09 4.5243e+07 452.43 1.49185e+07
1e+09 4.54171e+07 454.171 1.48027e+07
1e+09 4.55918e+07 455.918 1.46878e+07
1e+09 4.57671e+07 457.671 1.45739e+07
1e+09 4.59431e+07 459.431 1.44608e+07
1e+09 4.61199e+07 461.199 1.43485e+07
1e+09 4.62972e+07 462.972 1.42372e+07
1e+09 4.64753e+07 464.753 1.41267e+07
1e+09 4.66541e+07 466.541 1.4017e+07
1e+09 4.68335e+07 468.335 1.39083e+07
1e+09 4.70137e+07 470.137 1.38003e+07
1e+09 4.71945e+07 471.945 1.36932e+07
1e+09 4.7376e+07 473.76 1.35869e+07
1e+09 4.75582e+07 475.582 1.34814e+07
1e+09 4.77412e+07 477.412 1.33767e+07
1e+09 4.79248e+07 479.248 1.32728e+07
1e+09 4.81091e+07 481.091 1.31698e+07
1e+09 4.82942e+07 482.942 1.30675e+07
1e+09 4.84799e+07 484.799 1.2966e+07
1e+09 4.86664e+07 486.664 1.28653e+07
1e+09 4.88536e+07 488.536 1.27654e+07
1e+09 4.90415e+07 490.415 1.26662e+07
1e+09 4.92301e+07 492.301 1.25679e+07
1e+09 4.94195e+07 494.195 1.24702e+07
1e+09 4.96095e+07 496.095 1.23734e+07
1e+09 4.98004e+07 498.004 1.22772e+07
1e+09 4.99919e+07 499.919 1.21818e+07
1e+09 5.01842e+07 501.842 1.20872e+07
1e+09 5.03772e+07 503.772 1.19933e+07
1e+09 5.0571e+07 505.71 1.19001e+07
1e+09 5.07655e+07 507.655 1.18076e+07
1e+09 5.09607e+07 509.607 1.17158e+07
1e+09 5.11568e+07 511.568 1.16247e+07
1e+09 5.13535e+07 513.535 1.15344e+07
1e+09 5.1551e+07 515.51 1.14448e+07
1e+09 5.17493e+07 517.493 1.13558e+07
1e+09 5.19484e+07 519.484 1.12675e+07
1e+09 5.21482e+07 521.482 1.11799e+07
1e+09 5.23487e+07 523.487 1.1093e+07
1e+09 5.25501e+07 525.501 1.10067e+07
1e+09 5.27522e+07 527.522 1.09211e+07
1e+09 5.29551e+07 529.551 1.08362e+07
1e+09 5.31588e+07 531.588 1.07519e+07
1e+09 5.33633e+07 533.633 1.06683e+07
1e+09 5.35685e+07 535.685 1.05854e+07
1e+09 5.37746e+07 537.746 1.0503e+07
1e+09 5.39814e+07 539.814 1.04213e+07
1e+09 5.4189e+07 541.89 1.03402e+07
1e+09 5.43974e+07 543.974 1.02598e+07
1e+09 5.46067e+07 546.067 1.018e+07
1e+09 5.48167e+07 548.167 1.01008e+07
1e+09 5.50276e+07 550.276 1.00221e+07
1e+09 5.52392e+07 552.392 9.94418e+06
1e+09 5.54517e+07 554.517 9.86678e+06
1e+09 5.5665e+07 556.65 9.78998e+06
1e+09 5.58791e+07 558.791 9.71378e+06
1e+09 5.6094e+07 560.94 9.63818e+06
1e+09 5.63097e+07 563.097 9.56318e+06
1e+09 5.65263e+07 565.263 9.48872e+06
1e+09 5.67437e+07 567.437 9.41486e+06
1e+09 5.6962e+07 569.62 9.34154e+06
1e+09 5.71811e+07 571.811 9.2688e+06
1e+09 5.7401e+07 574.01 9.19664e+06
1e+09 5.76218e+07 576.218 9.12502e+06
1e+09 5.78434e+07 578.434 9.05396e+06
1e+09 5.80659e+07 580.659 8.98344e+06
1e+09 5.82893e+07 582.893 8.91345e+06
1e+09 5.85135e+07 585.135 8.84402e+06
1e+09 5.87385e+07 587.385 8.77515e+06
1e+09 5.89644e+07 589.644 8.70679e+06
1e+09 5.91912e+07 591.912 8.63896e+06
1e+09 5.94189e+07 594.189 8.57164e+06
1e+09 5.96474e+07 596.474 8.50486e+06
1e+09 5.98769e+07 598.769 8.43856e+06
1e+09 6.01072e+07 601.072 8.3728e+06
1e+09 6.03384e+07 603.384 8.30754e+06
1e+09 6.05704e+07 605.704 8.24282e+06
1e+09 6.08034e+07 608.034 8.17856e+06
1e+09 6.10373e+07 610.373 8.1148e+06
1e+09 6.12721e+07 612.721 8.05153e+06
1e+09 6.15077e+07 615.077 7.98877e+06
1e+09 6.17443e+07 617.443 7.92648e+06
1e+09 6.19818e+07 619.818 7.86467e+06
1e+09 6.22202e+07 622.202 7.80334e+06
1e+09 6.24595e+07 624.595 7.74249e+06
1e+09 6.26997e+07 626.997 7.68212e+06
1e+09 6.29409e+07 629.409 7.62219e+06
1e+09 6.3183e+07 631.83 7.56273e+06
1e+09 6.3426e+07 634.26 7.50374e+06
1e+09 6.367e+07 636.7 7.44519e+06
1e+09 6.39149e+07 639.149 7.38711e+06
1e+09 6.41607e+07 641.607 7.32948e+06
1e+09 6.44075e+07 644.075 7.27228e+06
1e+09 6.46552e+07 646.552 7.21554e+06
1e+09 6.49039e+07 649.039 7.15922e+06
1e+09 6.51535e+07 651.535 7.10336e+06
1e+09 6.54041e+07 654.041 7.04791e+06
1e+09 6.56557e+07 656.557 6.99289e+06
1e+09 6.59082e+07 659.082 6.93831e+06
1e+09 6.61617e+07 661.617 6.88414e+06
1e+09 6.64162e+07 664.162 6.83038e+06
1e+09 6.66717e+07 666.717 6.77704e+06
1e+09 6.69281e+07 669.281 6.72413e+06
1e+09 6.71855e+07 671.855 6.67162e+06
1e+09 6.74439e+07 674.439 6.61952e+06
1e+09 6.77034e+07 677.034 6.5678e+06
1e+09 6.79638e+07 679.638 6.5165e+06
1e+09 6.82252e+07 682.252 6.46559e+06
1e+09 6.84876e+07 684.876 6.41509e+06
1e+09 6.8751e+07 687.51 6.36497e+06
1e+09 6.90154e+07 690.154 6.31524e+06
1e+09 6.92809e+07 692.809 6.26588e+06
1e+09 6.95474e+07 695.474 6.21691e+06
1e+09 6.98149e+07 698.149 6.16833e+06
1e+09 7.00834e+07 700.834 6.12012e+06
1e+09 7.0353e+07 703.53 6.07227e+06
1e+09 7.06236e+07 706.236 6.0248e+06
1e+09 7.08952e+07 708.952 5.97771e+06
1e+09 7.11679e+07 711.679 5.93097e+06
1e+09 7.14416e+07 714.416 5.8846e+06
1e+09 7.17164e+07 717.164 5.83858e+06
1e+09 7.19923e+07 719.923 5.79291e+06
1e+09 7.22692e+07 722.692 5.7476e+06
1e+09 7.25471e+07 725.471 5.70266e+06
1e+09 7.28262e+07 728.262 5.65804e+06
1e+09 7.31063e+07 731.063 5.61378e+06
1e+09 7.33875e+07 733.875 5.56986e+06
1e+09 7.36697e+07 736.697 5.52629e+06
1e+09 7.39531e+07 739.531 5.48304e+06
1e+09 7.42375e+07 742.375 5.44013e+06
1e+09 7.45231e+07 745.231 5.39755e+06
1e+09 7.48097e+07 748.097 5.35531e+06
1e+09 7.50975e+07 750.975 5.31338e+06
1e+09 7.53863e+07 753.863 5.27179e+06
1e+09 7.56763e+07 756.763 5.23051e+06
1e+09 7.59673e+07 759.673 5.18957e+06
1e+09 7.62595e+07 762.595 5.14894e+06
1e+09 7.65528e+07 765.528 5.10862e+06
1e+09 7.68473e+07 768.473 5.0686e+06
1e+09 7.71429e+07 771.429 5.0289e+06
1e+09 7.74396e+07 774.396 4.98951e+06
1e+09 7.77374e+07 777.374 4.95043e+06
1e+09 7.80364e+07 780.364 4.91165e+06
1e+09 7.83366e+07 783.366 4.87316e+06
1e+09 7.86379e+07 786.379 4.83497e+06
1e+09 7.89404e+07 789.404 4.79708e+06
1e+09 7.9244e+07 792.44 4.75949e+06
1e+09 7.95488e+07 795.488 4.72219e+06
1e+09 7.98548e+07 798.548 4.68517e+06
1e+09 8.01619e+07 801.619 4.64844e+06
1e+09 8.04702e+07 804.702 4.612e+06
1e+09 8.07797e+07 807.797 4.57585e+06
1e+09 8.10904e+07 810.904 4.53997e+06
1e+09 8.14023e+07 814.023 4.50436e+06
1e+09 8.17154e+07 817.154 4.46904e+06
1e+09 8.20297e+07 820.297 4.43398e+06
1e+09 8.23452e+07 823.452 4.3992e+06
1e+09 8.2662e+07 826.62 4.36468e+06
1e+09 8.29799e+07 829.799 4.33045e+06
1e+09 8.32991e+07 832.991 4.29646e+06
1e+09 8.36195e+07 836.195 4.26275e+06
1e+09 8.39411e+07 839.411 4.2293e+06
1e+09 8.4264e+07 842.64 4.1961e+06
1e+09 8.45881e+07 845.881 4.16317e+06
1e+09 8.49134e+07 849.134 4.13049e+06
1e+09 8.524e+07 852.4 4.09806e+06
1e+09 8.55679e+07 855.679 4.06588e+06
1e+09 8.5897e+07 858.97 4.03396e+06
1e+09 8.62274e+07 862.274 4.00228e+06
1e+09 8.6559e+07 865.59 3.97085e+06
1e+09 8.6892e+07 868.92 3.93966e+06
1e+09 8.72262e+07 872.262 3.90871e+06
1e+09 8.75617e+07 875.617 3.878e+06
1e+09 8.78985e+07 878.985 3.84753e+06
1e+09 8.82366e+07 882.366 3.8173e+06
1e+09 8.85759e+07 885.759 3.78731e+06
1e+09 8.89166e+07 889.166 3.75754e+06
1e+09 8.92586e+07 892.586 3.72801e+06
1e+09 8.96019e+07 896.019 3.69871e+06
1e+09 8.99466e+07 899.466 3.66963e+06
1e+09 9.02925e+07 902.925 3.64078e+06
1e+09 9.06398e+07 906.398 3.61215e+06
1e+09 9.09885e+07 909.885 3.58374e+06
1e+09 9.13384e+07 913.384 3.55556e+06
1e+09 9.16897e+07 916.897 3.5276e+06
1e+09 9.20424e+07 920.424 3.49985e+06
1e+09 9.23964e+07 923.964 3.47231e+06
1e+09 9.27518e+07 927.518 3.44499e+06
1e+09 9.31086e+07 931.086 3.41788e+06
1e+09 9.34667e+07 934.667 3.39099e+06
1e+09 9.38262e+07 938.262 3.3643e+06
1e+09 9.41871e+07 941.871 3.33782e+06
1e+09 9.45494e+07 945.494 3.31154e+06
1e+09 9.4913e+07 949.13 3.28548e+06
1e+09 9.52781e+07 952.781 3.25961e+06
1e+09 9.56445e+07 956.445 3.23394e+06
1e+09 9.60124e+07 960.124 3.20848e+06
1e+09 9.63817e+07 963.817 3.18321e+06
1e+09 9.67524e+07 967.524 3.15813e+06
1e+09 9.71246e+07 971.246 3.13325e+06
1e+09 9.74981e+07 974.981 3.10857e+06
1e+09 9.78731e+07 978.731 3.08408e+06
1e+09 9.82496e+07 982.496 3.05977e+06
1e+09 9.86275e+07 986.275 3.03566e+06
1e+09 9.90068e+07 990.068 3.01173e+06
1e+09 9.93877e+07 993.877 2.98799e+06
1e+09 9.97699e+07 997.699 2.96444e+06
1e+09 1.00154e+08 1001.54 2.94104e+06
1e+09 1.00539e+08 1005.39 2.91786e+06
1e+09 1.00926e+08 1009.26 2.89484e+06
1e+09 1.01314e+08 1013.14 2.87202e+06
1e+09 1.01703e+08 1017.03 2.8494e+06
1e+09 1.02095e+08 1020.95 2.82688e+06
1e+09 1.02487e+08 1024.87 2.80461e+06
1e+09 1.02882e+08 1028.82 2.78244e+06
1e+09 1.03277e+08 1032.77 2.76052e+06
1e+09 1.03674e+08 1036.74 2.73875e+06
1e+09 1.04073e+08 1040.73 2.71712e+06
1e+09 1.04474e+08 1044.74 2.69563e+06
1e+09 1.04875e+08 1048.75 2.67439e+06
1e+09 1.05279e+08 1052.79 2.65324e+06
1e+09 1.05684e+08 1056.84 2.63229e+06
1e+09 1.0609e+08 1060.9 2.61152e+06
1e+09 1.06498e+08 1064.98 2.5909e+06
1e+09 1.06908e+08 1069.08 2.57041e+06
1e+09 1.07319e+08 1073.19 2.55012e+06
1e+09 1.07732e+08 1077.32 2.52996e+06
1e+09 1.08146e+08 1081.46 2.50998e+06
1e+09 1.08562e+08 1085.62 2.49014e+06
1e+09 1.0898e+08 1089.8 2.47044e+06
1e+09 1.09399e+08 1093.99 2.45092e+06
1e+09 1.0982e+08 1098.2 2.43153e+06
1e+09 1.10242e+08 1102.42 2.41232e+06
1e+09 1.10666e+08 1106.66 2.39325e+06
1e+09 1.11092e+08 1110.92 2.3743e+06
1e+09 1.11519e+08 1115.19 2.35554e+06
1e+09 1.11948e+08 1119.48 2.3369e+06
1e+09 1.12379e+08 1123.79 2.31839e+06
1e+09 1.12811e+08 1128.11 2.30006e+06
1e+09 1.13245e+08 1132.45 2.28185e+06
1e+09 1.1368e+08 1136.8 2.26382e+06
1e+09 1.14118e+08 1141.18 2.24587e+06
1e+09 1.14556e+08 1145.56 2.22812e+06
1e+09 1.14997e+08 1149.97 2.21047e+06
1e+09 1.15439e+08 1154.39 2.19298e+06
1e+09 1.15883e+08 1158.83 2.17561e+06
1e+09 1.16329e+08 1163.29 2.15837e+06
1e+09 1.16777e+08 1167.77 2.14125e+06
1e+09 1.17226e+08 1172.26 2.12429e+06
1e+09 1.17677e+08 1176.77 2.10746e+06
1e+09 1.18129e+08 1181.29 2.09078e+06
1e+09 1.18584e+08 1185.84 2.07418e+06
1e+09 1.1904e+08 1190.4 2.05775e+06
1e+09 1.19498e+08 1194.98 2.04143e+06
1e+09 1.19957e+08 1199.57 2.02527e+06
1e+09 1.20419e+08 1204.19 2.00918e+06
1e+09 1.20882e+08 1208.82 1.99326e+06
1e+09 1.21347e+08 1213.47 1.97744e+06
1e+09 1.21813e+08 1218.13 1.96178e+06
1e+09 1.22282e+08 1222.82 1.9462e+06
1e+09 1.22752e+08 1227.52 1.93077e+06
1e+09 1.23224e+08 1232.24 1.91545e+06
1e+09 1.23698e+08 1236.98 1.90025e+06
1e+09 1.24174e+08 1241.74 1.88516e+06
1e+09 1.24652e+08 1246.52 1.87018e+06
1e+09 1.25131e+08 1251.31 1.85535e+06
1e+09 1.25613e+08 1256.13 1.84059e+06
1e+09 1.26096e+08 1260.96 1.82598e+06
1e+09 1.26581e+08 1265.81 1.81147e+06
1e+09 1.27068e+08 1270.68 1.79708e+06
1e+09 1.27556e+08 1275.56 1.78282e+06
1e+09 1.28047e+08 1280.47 1.76864e+06
1e+09 1.28539e+08 1285.39 1.7546e+06
1e+09 1.29034e+08 1290.34 1.74064e+06
1e+09 1.2953e+08 1295.3 1.72681e+06
1e+09 1.30028e+08 1300.28 1.71309e+06
1e+09 1.30528e+08 1305.28 1.69947e+06
1e+09 1.31031e+08 1310.31 1.68593e+06
1e+09 1.31535e+08 1315.35 1.67252e+06
1e+09 1.3204e+08 1320.4 1.65923e+06
1e+09 1.32548e+08 1325.48 1.64603e+06
1e+09 1.33058e+08 1330.58 1.63293e+06
1e+09 1.3357e+08 1335.7 1.61993e+06
1e+09 1.34084e+08 1340.84 1.60703e+06
1e+09 1.34599e+08 1345.99 1.59425e+06
1e+09 1.35117e+08 1351.17 1.58155e+06
1e+09 1.35637e+08 1356.37 1.56895e+06
1e+09 1.36158e+08 1361.58 1.55647e+06
1e+09 1.36682e+08 1366.82 1.54407e+06
1e+09 1.37208e+08 1372.08 1.53176e+06
1e+09 1.37736e+08 1377.36 1.51955e+06
1e+09 1.38265e+08 1382.65 1.50746e+06
1e+09 1.38797e+08 1387.97 1.49544e+06
1e+09 1.39331e+08 1393.31 1.48351e+06
1e+09 1.39867e+08 1398.67 1.47169e+06
1e+09 1.40405e+08 1404.05 1.45995e+06
1e+09 1.40945e+08 1409.45 1.44831e+06
1e+09 1.41487e+08 1414.87 1.43676e+06
1e+09 1.42031e+08 1420.31 1.4253e+06
1e+09 1.42578e+08 1425.78 1.41392e+06
1e+09 1.43126e+08 1431.26 1.40264e+06
1e+09 1.43677e+08 1436.77 1.39144e+06
1e+09 1.44229e+08 1442.29 1.38035e+06
1e+09 1.44784e+08 1447.84 1.36932e+06
1e+09 1.45341e+08 1453.41 1.35839e+06
1e+09 1.459e+08 1459 1.34754e+06
1e+09 1.46461e+08 1464.61 1.33678e+06
1e+09 1.47024e+08 1470.24 1.32611e+06
1e+09 1.4759e+08 1475.9 1.3155e+06
1e+09 1.48157e+08 1481.57 1.30501e+06
1e+09 1.48727e+08 1487.27 1.29457e+06
1e+09 1.49299e+08 1492.99 1.28423e+06
1e+09 1.49874e+08 1498.74 1.27395e+06
1e+09 1.5045e+08 1504.5 1.26377e+06
1e+09 1.51029e+08 1510.29 1.25366e+06
1e+09 1.5161e+08 1516.1 1.24363e+06
1e+09 1.52193e+08 1521.93 1.23368e+06
1e+09 1.52778e+08 1527.78 1.22382e+06
1e+09 1.53366e+08 1533.66 1.21402e+06
1e+09 1.53956e+08 1539.56 1.2043e+06
1e+09 1.54548e+08 1545.48 1.19467e+06
1e+09 1.55142e+08 1551.42 1.18511e+06
1e+09 1.55739e+08 1557.39 1.17562e+06
1e+09 1.56338e+08 1563.38 1.1662e+06
1e+09 1.56939e+08 1569.39 1.15687e+06
1e+09 1.57543e+08 1575.43 1.14759e+06
1e+09 1.58149e+08 1581.49 1.1384e+06
1e+09 1.58757e+08 1587.57 1.12928e+06
1e+09 1.59368e+08 1593.68 1.12023e+06
1e+09 1.59981e+08 1599.81 1.11124e+06
1e+09 1.60596e+08 1605.96 1.10234e+06
1e+09 1.61214e+08 1612.14 1.0935e+06
1e+09 1.61834e+08 1618.34 1.08473e+06
1e+09 1.62456e+08 1624.56 1.07603e+06
1e+09 1.63081e+08 1630.81 1.0674e+06
1e+09 1.63709e+08 1637.09 1.05882e+06
1e+09 1.64338e+08 1643.38 1.05034e+06
1e+09 1.6497e+08 1649.7 1.04191e+06
1e+09 1.65605e+08 1656.05 1.03354e+06
1e+09 1.66242e+08 1662.42 1.02524e+06
1e+09 1.66881e+08 1668.81 1.01701e+06
1e+09 1.67523e+08 1675.23 1.00884e+06
1e+09 1.68167e+08 1681.67 1.00074e+06
1e+09 1.68814e+08 1688.14 992694
1e+09 1.69464e+08 1694.64 984708
1e+09 1.70115e+08 1701.15 976803
1e+09 1.7077e+08 1707.7 968942
1e+09 1.71427e+08 1714.27 961149
1e+09 1.72086e+08 1720.86 953424
1e+09 1.72748e+08 1727.48 945754
1e+09 1.73412e+08 1734.12 938150
1e+09 1.74079e+08 1740.79 930601
1e+09 1.74749e+08 1747.49 923107
1e+09 1.75421e+08 1754.21 915679
1e+09 1.76096e+08 1760.96 908304
1e+09 1.76773e+08 1767.73 900993
1e+09 1.77453e+08 1774.53 893736
1e+09 1.78135e+08 1781.35 886543
1e+09 1.78821e+08 1788.21 879392
1e+09 1.79508e+08 1795.08 872314
1e+09 1.80199e+08 1801.99 865278
1e+09 1.80892e+08 1808.92 858304
1e+09 1.81588e+08 1815.88 851382
1e+09 1.82286e+08 1822.86 844521
1e+09 1.82987e+08 1829.87 837710
1e+09 1.83691e+08 1836.91 830951
1e+09 1.84398e+08 1843.98 824242
1e+09 1.85107e+08 1851.07 817593
1e+09 1.85819e+08 1858.19 810994
1e+09 1.86534e+08 1865.34 804444
1e+09 1.87251e+08 1872.51 797953
1e+09 1.87971e+08 1879.71 791510
1e+09 1.88694e+08 1886.94 785117
1e+09 1.8942e+08 1894.2 778772
1e+09 1.90149e+08 1901.49 772475
1e+09 1.9088e+08 1908.8 766235
1e+09 1.91614e+08 1916.14 760043
1e+09 1.92351e+08 1923.51 753897
1e+09 1.93091e+08 1930.91 747800
1e+09 1.93834e+08 1938.34 741748
1e+09 1.94579e+08 1945.79 735752
1e+09 1.95328e+08 1953.28 729794
1e+09 1.96079e+08 1960.79 723890
1e+09 1.96833e+08 1968.33 718031
1e+09 1.9759e+08 1975.9 712219
1e+09 1.9835e+08 1983.5 706451
1e+09 1.99113e+08 1991.13 700728
1e+09 1.99879e+08 1998.79 695050
1e+09 2.00648e+08 2006.48 689417
1e+09 2.01419e+08 2014.19 683835
1e+09 2.02194e+08 2021.94 678290
1e+09 2.02972e+08 2029.72 672788
1e+09 2.03753e+08 2037.53 667330
1e+09 2.04536e+08 2045.36 661922
1e+09 2.05323e+08 2053.23 656550
1e+09 2.06113e+08 2061.13 651221
1e+09 2.06905e+08 2069.05 645941
1e+09 2.07701e+08 2077.01 640696
1e+09 2.085e+08 2085 635493
1e+09 2.09302e+08 2093.02 630332
1e+09 2.10107e+08 2101.07 625212
1e+09 2.10915e+08 2109.15 620134
1e+09 2.11727e+08 2117.27 615090
1e+09 2.12541e+08 2125.41 610092
1e+09 2.13358e+08 2133.58 605135
1e+09 2.14179e+08 2141.79 600213
1e+09 2.15003e+08 2150.03 595330
1e+09 2.1583e+08 2158.3 590487
1e+09 2.1666e+08 2166.6 585683
1e+09 2.17493e+08 2174.93 580919
1e+09 2.1833e+08 2183.3 576187
1e+09 2.1917e+08 2191.7 571495
1e+09 2.20013e+08 2200.13 566841
1e+09 2.20859e+08 2208.59 562225
1e+09 2.21708e+08 2217.08 557647
1e+09 2.22561e+08 2225.61 553101
1e+09 2.23417e+08 2234.17 548593
1e+09 2.24276e+08 2242.76 544123
1e+09 2.25139e+08 2251.39 539684
1e+09 2.26005e+08 2260.05 535282
1e+09 2.26874e+08 2268.74 530917
1e+09 2.27747e+08 2277.47 526583
1e+09 2.28623e+08 2286.23 522285
1e+09 2.29502e+08 2295.02 518023
1e+09 2.30385e+08 2303.85 513792
1e+09 2.31271e+08 2312.71 509596
1e+09 2.32161e+08 2321.61 505431
1e+09 2.33054e+08 2330.54 501301
1e+09 2.3395e+08 2339.5 497206
1e+09 2.3485e+08 2348.5 493141
1e+09 2.35753e+08 2357.53 489110
1e+09 2.3666e+08 2366.6 485109
1e+09 2.3757e+08 2375.7 481142
1e+09 2.38484e+08 2384.84 477204
1e+09 2.39401e+08 2394.01 473300
1e+09 2.40322e+08 2403.22 469424
1e+09 2.41246e+08 2412.46 465582
1e+09 2.42174e+08 2421.74 461769
1e+09 2.43106e+08 2431.06 457984
1e+09 2.44041e+08 2440.41 454232
1e+09 2.44979e+08 2449.79 450512
1e+09 2.45922e+08 2459.22 446816
1e+09 2.46868e+08 2468.68 443152
1e+09 2.47817e+08 2478.17 439519
1e+09 2.4877e+08 2487.7 435914
1e+09 2.49727e+08 2497.27 432337
1e+09 2.50688e+08 2506.88 428787
1e+09 2.51652e+08 2516.52 425267
1e+09 2.5262e+08 2526.2 421775
1e+09 2.53592e+08 2535.92 418310
1e+09 2.54567e+08 2545.67 414874
1e+09 2.55546e+08 2555.46 411466
1e+09 2.56529e+08 2565.29 408083
1e+09 2.57516e+08 2575.16 404727
1e+09 2.58506e+08 2585.06 401401
1e+09 2.595e+08 2595 398100
1e+09 2.60499e+08 2604.99 394822
1e+09 2.615e+08 2615 391575
1e+09 2.62506e+08 2625.06 388351
1e+09 2.63516e+08 2635.16 385153
1e+09 2.6453e+08 2645.3 381979
1e+09 2.65547e+08 2655.47 378834
1e+09 2.66568e+08 2665.68 375713
1e+09 2.67594e+08 2675.94 372615
1e+09 2.68623e+08 2686.23 369543
1e+09 2.69656e+08 2696.56 366497
1e+09 2.70693e+08 2706.93 363474
1e+09 2.71734e+08 2717.34 360476
1e+09 2.7278e+08 2727.8 357498
1e+09 2.73829e+08 2738.29 354548
1e+09 2.74882e+08 2748.82 351621
1e+09 2.75939e+08 2759.39 348717
1e+09 2.77001e+08 2770.01 345835
1e+09 2.78066e+08 2780.66 342978
1e+09 2.79136e+08 2791.36 340142
1e+09 2.80209e+08 2802.09 337331
1e+09 2.81287e+08 2812.87 334541
1e+09 2.82369e+08 2823.69 331773
1e+09 2.83455e+08 2834.55 329028
1e+09 2.84545e+08 2845.45 326305
1e+09 2.8564e+08 2856.4 323602
1e+09 2.86738e+08 2867.38 320924
1e+09 2.87841e+08 2878.41 318265
1e+09 2.88948e+08 2889.48 315629
1e+09 2.9006e+08 2900.6 313011
1e+09 2.91175e+08 2911.75 310418
1e+09 2.92295e+08 2922.95 307844
1e+09 2.9342e+08 2934.2 305288
1e+09 2.94548e+08 2945.48 302757
1e+09 2.95681e+08 2956.81 300244
1e+09 2.96818e+08 2968.18 297752
1e+09 2.9796e+08 2979.6 295278
1e+09 2.99106e+08 2991.06 292826
1e+09 3.00257e+08 3002.57 290392
1e+09 3.01411e+08 3014.11 287980
1e+09 3.02571e+08 3025.71 285584
1e+09 3.03735e+08 3037.35 283209
1e+09 3.04903e+08 3049.03 280854
1e+09 3.06076e+08 3060.76 278516
1e+09 3.07253e+08 3072.53 276199
1e+09 3.08435e+08 3084.35 273899
1e+09 3.09621e+08 3096.21 271619
1e+09 3.10812e+08 3108.12 269356
1e+09 3.12007e+08 3120.07 267112
1e+09 3.13207e+08 3132.07 264886
1e+09 3.14412e+08 3144.12 262677
1e+09 3.15621e+08 3156.21 260487
1e+09 3.16835e+08 3168.35 258314
1e+09 3.18054e+08 3180.54 256158
1e+09 3.19277e+08 3192.77 254020
1e+09 3.20505e+08 3205.05 251899
1e+09 3.21738e+08 3217.38 249795
1e+09 3.22976e+08 3229.76 247707
1e+09 3.24218e+08 3242.18 245637
1e+09 3.25465e+08 3254.65 243584
1e+09 3.26717e+08 3267.17 241547
1e+09 3.27973e+08 3279.73 239528
1e+09 3.29235e+08 3292.35 237523
1e+09 3.30501e+08 3305.01 235535
1e+09 3.31772e+08 3317.72 233563
1e+09 3.33049e+08 3330.49 231606
1e+09 3.3433e+08 3343.3 229666
1e+09 3.35615e+08 3356.15 227743
1e+09 3.36906e+08 3369.06 225833
1e+09 3.38202e+08 3382.02 223939
1e+09 3.39503e+08 3395.03 222061
1e+09 3.40809e+08 3408.09 220197
1e+09 3.4212e+08 3421.2 218349
1e+09 3.43436e+08 3434.36 216516
1e+09 3.44757e+08 3447.57 214697
1e+09 3.46083e+08 3460.83 212894
1e+09 3.47414e+08 3474.14 211105
1e+09 3.4875e+08 3487.5 209331
1e+09 3.50091e+08 3500.91 207571
1e+09 3.51438e+08 3514.38 205824
1e+09 3.5279e+08 3527.9 204092
1e+09 3.54147e+08 3541.47 202374
1e+09 3.55509e+08 3555.09 200671
1e+09 3.56876e+08 3568.76 198981
1e+09 3.58249e+08 3582.49 197304
1e+09 3.59627e+08 3596.27 195641
1e+09 3.6101e+08 3610.1 193992
1e+09 3.62399e+08 3623.99 192356
1e+09 3.63792e+08 3637.92 190734
1e+09 3.65192e+08 3651.92 189124
1e+09 3.66596e+08 3665.96 187528
1e+09 3.68006e+08 3680.06 185944
1e+09 3.69422e+08 3694.22 184373
1e+09 3.70843e+08 3708.43 182815
1e+09 3.72269e+08 3722.69 181270
1e+09 3.73701e+08 3737.01 179737
1e+09 3.75138e+08 3751.38 178217
1e+09 3.76581e+08 3765.81 176709
1e+09 3.7803e+08 3780.3 175213
1e+09 3.79484e+08 3794.84 173729
1e+09 3.80943e+08 3809.43 172259
1e+09 3.82408e+08 3824.08 170799
1e+09 3.83879e+08 3838.79 169351
1e+09 3.85356e+08 3853.56 167915
1e+09 3.86838e+08 3868.38 166491
1e+09 3.88326e+08 3883.26 165078
1e+09 3.8982e+08 3898.2 163677
1e+09 3.91319e+08 3913.19 162288
1e+09 3.92824e+08 3928.24 160909
1e+09 3.94335e+08 3943.35 159542
1e+09 3.95852e+08 3958.52 158186
1e+09 3.97374e+08 3973.74 156842
1e+09 3.98903e+08 3989.03 155507
1e+09 4.00437e+08 4004.37 154184
1e+09 4.01977e+08 4019.77 152872
1e+09 4.03523e+08 4035.23 151571
1e+09 4.05075e+08 4050.75 150280
1e+09 4.06633e+08 4066.33 148999
1e+09 4.08197e+08 4081.97 147729
1e+09 4.09768e+08 4097.68 146469
1e+09 4.11344e+08 4113.44 145220
1e+09 4.12926e+08 4129.26 143981
1e+09 4.14514e+08 4145.14 142752
1e+09 4.16108e+08 4161.08 141533
1e+09 4.17709e+08 4177.09 140324
1e+09 4.19315e+08 4193.15 139125
1e+09 4.20928e+08 4209.28 137936
1e+09 4.22547e+08 4225.47 136756
1e+09 4.24173e+08 4241.73 135586
1e+09 4.25804e+08 4258.04 134426
1e+09 4.27442e+08 4274.42 133275
1e+09 4.29086e+08 4290.86 132134
1e+09 4.30736e+08 4307.36 131002
1e+09 4.32393e+08 4323.93 129879
1e+09 4.34056e+08 4340.56 128766
1e+09 4.35726e+08 4357.26 127661
1e+09 4.37402e+08 4374.02 126565
1e+09 4.39084e+08 4390.84 125479
1e+09 4.40773e+08 4407.73 124402
1e+09 4.42468e+08 4424.68 123333
1e+09 4.4417e+08 4441.7 122274
1e+09 4.45878e+08 4458.78 121223
1e+09 4.47593e+08 4475.93 120180
1e+09 4.49315e+08 4493.15 119146
1e+09 4.51043e+08 4510.43 118121
1e+09 4.52778e+08 4527.78 117104
1e+09 4.54519e+08 4545.19 116095
1e+09 4.56268e+08 4562.68 115094
1e+09 4.58023e+08 4580.23 114102
1e+09 4.59784e+08 4597.84 113119
1e+09 4.61553e+08 4615.53 112143
1e+09 4.63328e+08 4633.28 111175
1e+09 4.6511e+08 4651.1 110215
1e+09 4.66899e+08 4668.99 109263
1e+09 4.68695e+08 4686.95 108319
1e+09 4.70498e+08 4704.98 107382
1e+09 4.72307e+08 4723.07 106454
1e+09 4.74124e+08 4741.24 105533
1e+09 4.75948e+08 4759.48 104620
1e+09 4.77778e+08 4777.78 103714
1e+09 4.79616e+08 4796.16 102816
1e+09 4.81461e+08 4814.61 101925
1e+09 4.83313e+08 4833.13 101041
1e+09 4.85172e+08 4851.72 100165
1e+09 4.87038e+08 4870.38 99295.8
1e+09 4.88911e+08 4889.11 98434.1
1e+09 4.90791e+08 4907.91 97579.7
1e+09 4.92679e+08 4926.79 96731.9
1e+09 4.94574e+08 4945.74 95891.3
1e+09 4.96476e+08 4964.76 95057.8
1e+09 4.98386e+08 4983.86 94230.9
1e+09 5.00303e+08 5003.03 93410.9
1e+09 5.02227e+08 5022.27 92598
1e+09 5.04159e+08 5041.59 91791.5
1e+09 5.06098e+08 5060.98 90991.9
1e+09 5.08045e+08 5080.45 90198.6
1e+09 5.09999e+08 5099.99 89412.2
1e+09 5.1196e+08 5119.6 88632.5
1e+09 5.1393e+08 5139.3 87858.7
1e+09 5.15906e+08 5159.06 87091.9
1e+09 5.17891e+08 5178.91 86330.9
1e+09 5.19883e+08 5198.83 85576.5
1e+09 5.21882e+08 5218.82 84828.7
1e+09 5.2389e+08 5238.9 84086.5
1e+09 5.25905e+08 5259.05 83350.8
1e+09 5.27927e+08 5279.27 82621.5
1e+09 5.29958e+08 5299.58 81897.8
1e+09 5.31996e+08 5319.96 81180.4
1e+09 5.34043e+08 5340.43 80468.6
1e+09 5.36097e+08 5360.97 79763
1e+09 5.38159e+08 5381.59 79063.3
1e+09 5.40229e+08 5402.29 78369.3
1e+09 5.42306e+08 5423.06 77681.5
1e+09 5.44392e+08 5443.92 76999.1
1e+09 5.46486e+08 5464.86 76322.3
1e+09 5.48588e+08 5485.88 75651.3
1e+09 5.50698e+08 5506.98 74985.8
1e+09 5.52816e+08 5528.16 74326
1e+09 5.54943e+08 5549.43 73671.3
1e+09 5.57077e+08 5570.77 73022.6
1e+09 5.5922e+08 5592.2 72379
1e+09 5.61371e+08 5613.71 71740.8
1e+09 5.6353e+08 5635.3 71108.1
1e+09 5.65697e+08 5656.97 70480.7
1e+09 5.67873e+08 5678.73 69858.5
1e+09 5.70057e+08 5700.57 69241.5
1e+09 5.7225e+08 5722.5 68629.5
1e+09 5.74451e+08 5744.51 68022.8
1e+09 5.76661e+08 5766.61 67421
1e+09 5.78879e+08 5788.79 66824.3
1e+09 5.81105e+08 5811.05 66232.9
1e+09 5.8334e+08 5833.4 65646.2
1e+09 5.85584e+08 5855.84 65064.4
1e+09 5.87836e+08 5878.36 64487.7
1e+09 5.90097e+08 5900.97 63915.6
1e+09 5.92367e+08 5923.67 63348.3
1e+09 5.94645e+08 5946.45 62786
1e+09 5.96933e+08 5969.33 62228.1
1e+09 5.99229e+08 5992.29 61675.1
1e+09 6.01533e+08 6015.33 61126.9
1e+09 6.03847e+08 6038.47 60583
1e+09 6.0617e+08 6061.7 60043.7
1e+09 6.08501e+08 6085.01 59509.2
1e+09 6.10842e+08 6108.42 58978.9
1e+09 6.13191e+08 6131.91 58453.4
1e+09 6.1555e+08 6155.5 57932
1e+09 6.17917e+08 6179.17 57415.3
1e+09 6.20294e+08 6202.94 56902.7
1e+09 6.2268e+08 6226.8 56394.5
1e+09 6.25075e+08 6250.75 55890.6
1e+09 6.27479e+08 6274.79 55391
1e+09 6.29892e+08 6298.92 54895.7
1e+09 6.32315e+08 6323.15 54404.4
1e+09 6.34747e+08 6347.47 53917.3
1e+09 6.37189e+08 6371.89 53434.3
1e+09 6.3964e+08 6396.4 52955.3
1e+09 6.421e+08 6421 52480.6
1e+09 6.4457e+08 6445.7 52009.7
1e+09 6.47049e+08 6470.49 51542.9
1e+09 6.49537e+08 6495.37 51080.2
1e+09 6.52036e+08 6520.36 50621.1
1e+09 6.54544e+08 6545.44 50166.1
1e+09 6.57061e+08 6570.61 49715
1e+09 6.59589e+08 6595.89 49267.5
1e+09 6.62125e+08 6621.25 48824.1
1e+09 6.64672e+08 6646.72 48384.2
1e+09 6.67229e+08 6672.29 47948
1e+09 6.69795e+08 6697.95 47515.7
1e+09 6.72371e+08 6723.71 47087.1
1e+09 6.74957e+08 6749.57 46662.1
1e+09 6.77554e+08 6775.54 46240.5
1e+09 6.8016e+08 6801.6 45822.6
1e+09 6.82776e+08 6827.76 45408.4
1e+09 6.85402e+08 6854.02 44997.6
1e+09 6.88038e+08 6880.38 44590.4
1e+09 6.90685e+08 6906.85 44186.5
1e+09 6.93341e+08 6933.41 43786.2
1e+09 6.96008e+08 6960.08 43389.3
1e+09 6.98685e+08 6986.85 42995.7
1e+09 7.01372e+08 7013.72 42605.6
1e+09 7.0407e+08 7040.7 42218.7
1e+09 7.06778e+08 7067.78 41835.1
1e+09 7.09497e+08 7094.97 41454.8
1e+09 7.12226e+08 7122.26 41077.8
1e+09 7.14965e+08 7149.65 40704
1e+09 7.17715e+08 7177.15 40333.4
1e+09 7.20475e+08 7204.75 39966
1e+09 7.23247e+08 7232.47 39601.6
1e+09 7.26028e+08 7260.28 39240.6
1e+09 7.28821e+08 7288.21 38882.5
1e+09 7.31624e+08 7316.24 38527.5
1e+09 7.34438e+08 7344.38 38175.5
1e+09 7.37263e+08 7372.63 37826.6
1e+09 7.40099e+08 7400.99 37480.6
1e+09 7.42946e+08 7429.46 37137.6
1e+09 7.45803e+08 7458.03 36797.6
1e+09 7.48672e+08 7486.72 36460.5
1e+09 7.51551e+08 7515.51 36126.4
1e+09 7.54442e+08 7544.42 35795
1e+09 7.57344e+08 7573.44 35466.5
1e+09 7.60257e+08 7602.57 35140.9
1e+09 7.63181e+08 7631.81 34818
1e+09 7.66116e+08 7661.16 34498
1e+09 7.69063e+08 7690.63 34180.7
1e+09 7.72021e+08 7720.21 33866.1
1e+09 7.74991e+08 7749.91 33554.2
1e+09 7.77971e+08 7779.71 33245.2
1e+09 7.80964e+08 7809.64 32938.6
1e+09 7.83968e+08 7839.68 32634.7
1e+09 7.86983e+08 7869.83 32333.6
1e+09 7.9001e+08 7900.1 32034.9
1e+09 7.93049e+08 7930.49 31738.9
1e+09 7.96099e+08 7960.99 31445.4
1e+09 7.99161e+08 7991.61 31154.5
1e+09 8.02235e+08 8022.35 30866.1
1e+09 8.0532e+08 8053.2 30580.3
1e+09 8.08418e+08 8084.18 30296.8
1e+09 8.11527e+08 8115.27 30015.9
1e+09 8.14649e+08 8146.49 29737.3
1e+09 8.17782e+08 8177.82 29461.2
1e+09 8.20927e+08 8209.27 29187.5
1e+09 8.24085e+08 8240.85 28916.2
1e+09 8.27255e+08 8272.55 28647.2
1e+09 8.30437e+08 8304.37 28380.5
1e+09 8.33631e+08 8336.31 28116.2
1e+09 8.36837e+08 8368.37 27854.2
1e+09 8.40056e+08 8400.56 27594.5
1e+09 8.43287e+08 8432.87 27337
1e+09 8.4653e+08 8465.3 27081.8
1e+09 8.49786e+08 8497.86 26828.8
1e+09 8.53055e+08 8530.55 26578
1e+09 8.56336e+08 8563.36 26329.4
1e+09 8.5963e+08 8596.3 26083
1e+09 8.62936e+08 8629.36 25838.7
1e+09 8.66255e+08 8662.55 25596.6
1e+09 8.69587e+08 8695.87 25356.6
1e+09 8.72932e+08 8729.32 25118.6
1e+09 8.76289e+08 8762.89 24882.9
1e+09 8.7966e+08 8796.6 24649
1e+09 8.83043e+08 8830.43 24417.4
1e+09 8.8644e+08 8864.4 24187.6
1e+09 8.89849e+08 8898.49 23960
1e+09 8.93272e+08 8932.72 23734.3
1e+09 8.96708e+08 8967.08 23510.6
1e+09 9.00157e+08 9001.57 23288.9
1e+09 9.03619e+08 9036.19 23069.1
1e+09 9.07095e+08 9070.95 22851.2
1e+09 9.10583e+08 9105.83 22635.4
1e+09 9.14086e+08 9140.86 22421.3
1e+09 9.17602e+08 9176.02 22209.1
1e+09 9.21131e+08 9211.31 21998.9
1e+09 9.24674e+08 9246.74 21790.5
1e+09 9.28231e+08 9282.31 21583.9
1e+09 9.31801e+08 9318.01 21379.1
1e+09 9.35385e+08 9353.85 21176.2
1e+09 9.38983e+08 9389.83 20975
1e+09 9.42594e+08 9425.94 20775.7
1e+09 9.4622e+08 9462.2 20578
1e+09 9.49859e+08 9498.59 20382.2
1e+09 9.53513e+08 9535.13 20188
1e+09 9.5718e+08 9571.8 19995.7
1e+09 9.60862e+08 9608.62 19804.9
1e+09 9.64557e+08 9645.57 19616
1e+09 9.68267e+08 9682.67 19428.6
1e+09 9.71992e+08 9719.92 19242.9
1e+09 9.7573e+08 9757.3 19058.9
1e+09 9.79483e+08 9794.83 18876.5
1e+09 9.83251e+08 9832.51 18695.7
1e+09 9.87032e+08 9870.32 18516.6
1e+09 9.90829e+08 9908.29 18339
1e+09 9.9464e+08 9946.4 18163
1e+09 9.98466e+08 9984.66 17988.6
1e+09 1.00231e+09 10023.1 17815.6
1e+09 1.00616e+09 10061.6 17644.5
1e+09 1.01003e+09 10100.3 17474.7
1e+09 1.01392e+09 10139.2 17306.2
1e+09 1.01782e+09 10178.2 17139.4
1e+09 1.02173e+09 10217.3 16974.4
1e+09 1.02566e+09 10256.6 16810.5
1e+09 1.02961e+09 10296.1 16648
1e+09 1.03357e+09 10335.7 16487.1
1e+09 1.03754e+09 10375.4 16327.9
1e+09 1.04153e+09 10415.3 16169.9
1e+09 1.04554e+09 10455.4 16013.2
1e+09 1.04956e+09 10495.6 15858.1
1e+09 1.0536e+09 10536 15704.1
1e+09 1.05765e+09 10576.5 15551.8
1e+09 1.06172e+09 10617.2 15400.7
1e+09 1.0658e+09 10658 15251.2
1e+09 1.0699e+09 10699 15102.8
1e+09 1.07401e+09 10740.1 14956
1e+09 1.07815e+09 10781.5 14810
1e+09 1.08229e+09 10822.9 14665.9
1e+09 1.08646e+09 10864.6 14522.6
1e+09 1.09063e+09 10906.3 14381.1
1e+09 1.09483e+09 10948.3 14240.4
1e+09 1.09904e+09 10990.4 14101.3
1e+09 1.10327e+09 11032.7 13963.2
1e+09 1.10751e+09 11075.1 13826.6
1e+09 1.11177e+09 11117.7 13691.1
1e+09 1.11605e+09 11160.5 13556.8
1e+09 1.12034e+09 11203.4 13423.8
1e+09 1.12465e+09 11246.5 13292
1e+09 1.12897e+09 11289.7 13161.5
1e+09 1.13332e+09 11333.2 13031.9
1e+09 1.13768e+09 11376.8 12903.6
1e+09 1.14205e+09 11420.5 12776.7
1e+09 1.14644e+09 11464.4 12650.8
1e+09 1.15085e+09 11508.5 12526
1e+09 1.15528e+09 11552.8 12402.2
1e+09 1.15972e+09 11597.2 12279.8
1e+09 1.16419e+09 11641.9 12158.1
1e+09 1.16866e+09 11686.6 12038
1e+09 1.17316e+09 11731.6 11918.7
1e+09 1.17767e+09 11776.7 11800.6
1e+09 1.1822e+09 11822 11683.6
1e+09 1.18675e+09 11867.5 11567.6
1e+09 1.19131e+09 11913.1 11452.8
1e+09 1.19589e+09 11958.9 11339
1e+09 1.20049e+09 12004.9 11226.2
1e+09 1.20511e+09 12051.1 11114.3
1e+09 1.20975e+09 12097.5 11003.5
1e+09 1.2144e+09 12144 10893.8
1e+09 1.21907e+09 12190.7 10785.1
1e+09 1.22376e+09 12237.6 10677.4
1e+09 1.22847e+09 12284.7 10570.6
1e+09 1.23319e+09 12331.9 10464.9
1e+09 1.23793e+09 12379.3 10360.2
1e+09 1.2427e+09 12427 10256.2
1e+09 1.24748e+09 12474.8 10153.4
1e+09 1.25227e+09 12522.7 10051.6
1e+09 1.25709e+09 12570.9 9950.61
1e+09 1.26193e+09 12619.3 9850.48
1e+09 1.26678e+09 12667.8 9751.46
1e+09 1.27165e+09 12716.5 9653.32
1e+09 1.27654e+09 12765.4 9556.07
1e+09 1.28145e+09 12814.5 9459.7
1e+09 1.28638e+09 12863.8 9364.19
1e+09 1.29133e+09 12913.3 9269.56
1e+09 1.2963e+09 12963 9175.78
1e+09 1.30128e+09 13012.8 9083.05
1e+09 1.30629e+09 13062.9 8990.98
1e+09 1.31131e+09 13113.1 8899.93
1e+09 1.31636e+09 13163.6 8809.55
1e+09 1.32142e+09 13214.2 8720.16
1e+09 1.3265e+09 13265 8631.61
1e+09 1.3316e+09 13316 8543.87
1e+09 1.33672e+09 13367.2 8456.95
1e+09 1.34187e+09 13418.7 8370.66
1e+09 1.34703e+09 13470.3 8285.34
1e+09 1.35221e+09 13522.1 8200.82
1e+09 1.35741e+09 13574.1 8117.09
1e+09 1.36263e+09 13626.3 8034.15
1e+09 1.36787e+09 13678.7 7951.98
1e+09 1.37313e+09 13731.3 7870.59
1e+09 1.37841e+09 13784.1 7789.96
1e+09 1.38372e+09 13837.2 7709.95
1e+09 1.38904e+09 13890.4 7630.84
1e+09 1.39438e+09 13943.8 7552.49
1e+09 1.39974e+09 13997.4 7474.88
1e+09 1.40513e+09 14051.3 7397.87
1e+09 1.41053e+09 14105.3 7321.73
1e+09 1.41596e+09 14159.6 7246.19
1e+09 1.4214e+09 14214 7171.51
1e+09 1.42687e+09 14268.7 7097.41
1e+09 1.43236e+09 14323.6 7024.02
1e+09 1.43787e+09 14378.7 6951.35
1e+09 1.4434e+09 14434 6879.38
1e+09 1.44895e+09 14489.5 6808.11
1e+09 1.45452e+09 14545.2 6737.53
1e+09 1.46012e+09 14601.2 6667.51
1e+09 1.46573e+09 14657.3 6598.31
1e+09 1.47137e+09 14713.7 6529.65
1e+09 1.47703e+09 14770.3 6461.67
1e+09 1.48271e+09 14827.1 6394.36
1e+09 1.48842e+09 14884.2 6327.6
1e+09 1.49414e+09 14941.4 6261.61
1e+09 1.49989e+09 14998.9 6196.16
1e+09 1.50566e+09 15056.6 6131.36
1e+09 1.51145e+09 15114.5 6067.2
1e+09 1.51726e+09 15172.6 6003.68
1e+09 1.5231e+09 15231 5940.68
1e+09 1.52896e+09 15289.6 5878.32
1e+09 1.53484e+09 15348.4 5816.58
1e+09 1.54074e+09 15407.4 5755.46
1e+09 1.54667e+09 15466.7 5694.85
1e+09 1.55261e+09 15526.1 5634.95
1e+09 1.55859e+09 15585.9 5575.46
1e+09 1.56458e+09 15645.8 5516.67
1e+09 1.5706e+09 15706 5458.38
1e+09 1.57664e+09 15766.4 5400.68
1e+09 1.5827e+09 15827 5343.56
1e+09 1.58879e+09 15887.9 5286.94
1e+09 1.5949e+09 15949 5230.9
1e+09 1.60104e+09 16010.4 5175.33
1e+09 1.6072e+09 16072 5120.34
1e+09 1.61338e+09 16133.8 5065.92
1e+09 1.61958e+09 16195.8 5012.05
1e+09 1.62581e+09 16258.1 4958.66
1e+09 1.63207e+09 16320.7 4905.73
1e+09 1.63834e+09 16383.4 4853.43
1e+09 1.64464e+09 16446.4 4801.59
1e+09 1.65097e+09 16509.7 4750.22
1e+09 1.65732e+09 16573.2 4699.37
1e+09 1.66369e+09 16636.9 4649.06
1e+09 1.67009e+09 16700.9 4599.19
1e+09 1.67652e+09 16765.2 4549.78
1e+09 1.68297e+09 16829.7 4500.88
1e+09 1.68944e+09 16894.4 4452.49
1e+09 1.69594e+09 16959.4 4404.54
1e+09 1.70246e+09 17024.6 4357.1
1e+09 1.70901e+09 17090.1 4310.08
1e+09 1.71558e+09 17155.8 4263.57
1e+09 1.72218e+09 17221.8 4217.48
1e+09 1.7288e+09 17288 4171.88
1e+09 1.73545e+09 17354.5 4126.7
1e+09 1.74213e+09 17421.3 4081.93
1e+09 1.74883e+09 17488.3 4037.64
1e+09 1.75556e+09 17555.6 3993.76
1e+09 1.76231e+09 17623.1 3950.35
1e+09 1.76909e+09 17690.9 3907.35
1e+09 1.77589e+09 17758.9 3864.81
1e+09 1.78272e+09 17827.2 3822.67
1e+09 1.78958e+09 17895.8 3780.92
1e+09 1.79646e+09 17964.6 3739.62
1e+09 1.80337e+09 18033.7 3698.71
1e+09 1.81031e+09 18103.1 3658.19
1e+09 1.81727e+09 18172.7 3618.11
1e+09 1.82426e+09 18242.6 3578.42
1e+09 1.83128e+09 18312.8 3539.09
1e+09 1.83832e+09 18383.2 3500.2
1e+09 1.84539e+09 18453.9 3461.69
1e+09 1.85249e+09 18524.9 3423.54
1e+09 1.85962e+09 18596.2 3385.76
1e+09 1.86677e+09 18667.7 3348.39
1e+09 1.87395e+09 18739.5 3311.39
1e+09 1.88116e+09 18811.6 3274.75
1e+09 1.88839e+09 18883.9 3238.51
1e+09 1.89565e+09 18956.5 3202.63
1e+09 1.90295e+09 19029.5 3167.05
1e+09 1.91027e+09 19102.7 3131.86
1e+09 1.91761e+09 19176.1 3097.07
1e+09 1.92499e+09 19249.9 3062.57
1e+09 1.93239e+09 19323.9 3028.46
1e+09 1.93983e+09 19398.3 2994.64
1e+09 1.94729e+09 19472.9 2961.21
1e+09 1.95478e+09 19547.8 2928.1
1e+09 1.96229e+09 19622.9 2895.37
1e+09 1.96984e+09 19698.4 2862.92
1e+09 1.97742e+09 19774.2 2830.8
1e+09 1.98502e+09 19850.2 2799.04
1e+09 1.99266e+09 19926.6 2767.56
1e+09 2.00032e+09 20003.2 2736.44
1e+09 2.00802e+09 20080.2 2705.6
1e+09 2.01574e+09 20157.4 2675.1
1e+09 2.02349e+09 20234.9 2644.92
1e+09 2.03128e+09 20312.8 2615.01
1e+09 2.03909e+09 20390.9 2585.44
1e+09 2.04693e+09 20469.3 2556.17
1e+09 2.05481e+09 20548.1 2527.16
1e+09 2.06271e+09 20627.1 2498.49
1e+09 2.07064e+09 20706.4 2470.12
1e+09 2.07861e+09 20786.1 2442
1e+09 2.0866e+09 20866 2414.22
1e+09 2.09463e+09 20946.3 2386.68
1e+09 2.10269e+09 21026.9 2359.43
1e+09 2.11077e+09 21107.7 2332.5
1e+09 2.11889e+09 21188.9 2305.82
1e+09 2.12704e+09 21270.4 2279.42
1e+09 2.13522e+09 21352.2 2253.29
1e+09 2.14344e+09 21434.4 2227.41
1e+09 2.15168e+09 21516.8 2201.83
1e+09 2.15996e+09 21599.6 2176.5
1e+09 2.16826e+09 21682.6 2151.46
1e+09 2.1766e+09 21766 2126.66
1e+09 2.18498e+09 21849.8 2102.09
1e+09 2.19338e+09 21933.8 2077.82
1e+09 2.20182e+09 22018.2 2053.77
1e+09 2.21028e+09 22102.8 2030.01
1e+09 2.21879e+09 22187.9 2006.46
1e+09 2.22732e+09 22273.2 1983.18
1e+09 2.23589e+09 22358.9 1960.13
1e+09 2.24449e+09 22444.9 1937.32
1e+09 2.25312e+09 22531.2 1914.77
1e+09 2.26179e+09 22617.9 1892.43
1e+09 2.27049e+09 22704.9 1870.34
1e+09 2.27922e+09 22792.2 1848.49
1e+09 2.28798e+09 22879.8 1826.88
1e+09 2.29679e+09 22967.9 1805.45
1e+09 2.30562e+09 23056.2 1784.29
1e+09 2.31449e+09 23144.9 1763.33
1e+09 2.32339e+09 23233.9 1742.61
1e+09 2.33233e+09 23323.3 1722.09
1e+09 2.3413e+09 23413 1701.8
1e+09 2.3503e+09 23503 1681.74
1e+09 2.35934e+09 23593.4 1661.87
1e+09 2.36842e+09 23684.2 1642.21
1e+09 2.37753e+09 23775.3 1622.77
1e+09 2.38667e+09 23866.7 1603.54
1e+09 2.39585e+09 23958.5 1584.51
1e+09 2.40507e+09 24050.7 1565.68
1e+09 2.41432e+09 24143.2 1547.05
1e+09 2.4236e+09 24236 1528.64
1e+09 2.43292e+09 24329.2 1510.42
1e+09 2.44228e+09 24422.8 1492.38
1e+09 2.45168e+09 24516.8 1474.53
1e+09 2.46111e+09 24611.1 1456.88
1e+09 2.47057e+09 24705.7 1439.44
1e+09 2.48008e+09 24800.8 1422.16
1e+09 2.48961e+09 24896.1 1405.09
1e+09 2.49919e+09 24991.9 1388.19
1e+09 2.5088e+09 25088 1371.48
1e+09 2.51845e+09 25184.5 1354.94
1e+09 2.52814e+09 25281.4 1338.58
1e+09 2.53786e+09 25378.6 1322.41
1e+09 2.54762e+09 25476.2 1306.41
1e+09 2.55742e+09 25574.2 1290.58
1e+09 2.56726e+09 25672.6 1274.92
1e+09 2.57713e+09 25771.3 1259.45
1e+09 2.58705e+09 25870.5 1244.12
1e+09 2.597e+09 25970 1228.97
1e+09 2.60699e+09 26069.9 1213.99
1e+09 2.61701e+09 26170.1 1199.18
1e+09 2.62708e+09 26270.8 1184.52
1e+09 2.63718e+09 26371.8 1170.03
1e+09 2.64733e+09 26473.3 1155.69
1e+09 2.65751e+09 26575.1 1141.52
1e+09 2.66773e+09 26677.3 1127.5
1e+09 2.67799e+09 26779.9 1113.63
1e+09 2.68829e+09 26882.9 1099.92
1e+09 2.69863e+09 26986.3 1086.36
1e+09 2.70901e+09 27090.1 1072.94
1e+09 2.71943e+09 27194.3 1059.68
1e+09 2.72989e+09 27298.9 1046.57
1e+09 2.74039e+09 27403.9 1033.6
1e+09 2.75093e+09 27509.3 1020.77
1e+09 2.76151e+09 27615.1 1008.09
1e+09 2.77213e+09 27721.3 995.548
1e+09 2.7828e+09 27828 983.138
1e+09 2.7935e+09 27935 970.879
1e+09 2.80424e+09 28042.4 958.759
1e+09 2.81503e+09 28150.3 946.764
1e+09 2.82586e+09 28258.6 934.906
1e+09 2.83673e+09 28367.3 923.183
1e+09 2.84764e+09 28476.4 911.593
1e+09 2.85859e+09 28585.9 900.136
1e+09 2.86959e+09 28695.9 888.8
1e+09 2.88062e+09 28806.2 877.605
1e+09 2.8917e+09 28917 866.528
1e+09 2.90283e+09 29028.3 855.569
1e+09 2.91399e+09 29139.9 844.747
1e+09 2.9252e+09 29252 834.041
1e+09 2.93645e+09 29364.5 823.46
1e+09 2.94774e+09 29477.4 813.002
1e+09 2.95908e+09 29590.8 802.657
1e+09 2.97046e+09 29704.6 792.433
1e+09 2.98189e+09 29818.9 782.32
1e+09 2.99336e+09 29933.6 772.326
1e+09 3.00487e+09 30048.7 762.45
1e+09 3.01643e+09 30164.3 752.683
1e+09 3.02803e+09 30280.3 743.031
1e+09 3.03968e+09 30396.8 733.485
1e+09 3.05137e+09 30513.7 724.054
1e+09 3.06311e+09 30631.1 714.727
1e+09 3.07489e+09 30748.9 705.511
1e+09 3.08671e+09 30867.1 696.406
1e+09 3.09859e+09 30985.9 687.395
1e+09 3.11051e+09 31105.1 678.493
1e+09 3.12247e+09 31224.7 669.698
1e+09 3.13448e+09 31344.8 661.003
1e+09 3.14654e+09 31465.4 652.406
1e+09 3.15864e+09 31586.4 643.913
1e+09 3.17079e+09 31707.9 635.517
1e+09 3.18298e+09 31829.8 627.223
1e+09 3.19523e+09 31952.3 619.018
1e+09 3.20752e+09 32075.2 610.913
1e+09 3.21985e+09 32198.5 602.908
1e+09 3.23224e+09 32322.4 594.988
1e+09 3.24467e+09 32446.7 587.167
1e+09 3.25715e+09 32571.5 579.436
1e+09 3.26968e+09 32696.8 571.795
1e+09 3.28225e+09 32822.5 564.249
1e+09 3.29488e+09 32948.8 556.785
1e+09 3.30755e+09 33075.5 549.414
1e+09 3.32027e+09 33202.7 542.13
1e+09 3.33304e+09 33330.4 534.932
1e+09 3.34586e+09 33458.6 527.819
1e+09 3.35873e+09 33587.3 520.79
1e+09 3.37165e+09 33716.5 513.844
1e+09 3.38462e+09 33846.2 506.981
1e+09 3.39764e+09 33976.4 500.199
1e+09 3.41071e+09 34107.1 493.499
1e+09 3.42382e+09 34238.2 486.885
1e+09 3.43699e+09 34369.9 480.344
1e+09 3.45021e+09 34502.1 473.883
1e+09 3.46348e+09 34634.8 467.5
1e+09 3.47681e+09 34768.1 461.189
1e+09 3.49018e+09 34901.8 454.96
1e+09 3.5036e+09 35036 448.806
1e+09 3.51708e+09 35170.8 442.723
1e+09 3.53061e+09 35306.1 436.715
1e+09 3.54419e+09 35441.9 430.78
1e+09 3.55782e+09 35578.2 424.918
1e+09 3.5715e+09 35715 419.128
1e+09 3.58524e+09 35852.4 413.406
1e+09 3.59903e+09 35990.3 407.755
1e+09 3.61287e+09 36128.7 402.174
1e+09 3.62677e+09 36267.7 396.659
1e+09 3.64072e+09 36407.2 391.212
1e+09 3.65472e+09 36547.2 385.834
1e+09 3.66878e+09 36687.8 380.519
1e+09 3.68289e+09 36828.9 375.272
1e+09 3.69706e+09 36970.6 370.086
1e+09 3.71128e+09 37112.8 364.967
1e+09 3.72555e+09 37255.5 359.912
1e+09 3.73988e+09 37398.8 354.918
1e+09 3.75426e+09 37542.6 349.987
1e+09 3.7687e+09 37687 345.116
1e+09 3.7832e+09 37832 340.305
1e+09 3.79775e+09 37977.5 335.555
1e+09 3.81236e+09 38123.6 330.862
1e+09 3.82702e+09 38270.2 326.231
1e+09 3.84174e+09 38417.4 321.656
1e+09 3.85652e+09 38565.2 317.137
1e+09 3.87135e+09 38713.5 312.677
1e+09 3.88624e+09 38862.4 308.272
1e+09 3.90119e+09 39011.9 303.922
1e+09 3.91619e+09 39161.9 299.628
1e+09 3.93126e+09 39312.6 295.386
1e+09 3.94638e+09 39463.8 291.199
1e+09 3.96156e+09 39615.6 287.064
1e+09 3.97679e+09 39767.9 282.984
1e+09 3.99209e+09 39920.9 278.953
1e+09 4.00745e+09 40074.5 274.973
1e+09 4.02286e+09 40228.6 271.046
1e+09 4.03833e+09 40383.3 267.168
1e+09 4.05387e+09 40538.7 263.338
1e+09 4.06946e+09 40694.6 259.558
1e+09 4.08511e+09 40851.1 255.828
1e+09 4.10082e+09 41008.2 252.145
1e+09 4.1166e+09 41166 248.507
1e+09 4.13243e+09 41324.3 244.918
1e+09 4.14832e+09 41483.2 241.376
1e+09 4.16428e+09 41642.8 237.878
1e+09 4.1803e+09 41803 234.425
1e+09 4.19638e+09 41963.8 231.017
1e+09 4.21252e+09 42125.2 227.653
1e+09 4.22872e+09 42287.2 224.334
1e+09 4.24498e+09 42449.8 221.059
1e+09 4.26131e+09 42613.1 217.824
1e+09 4.2777e+09 42777 214.633
1e+09 4.29415e+09 42941.5 211.483
1e+09 4.31067e+09 43106.7 208.374
1e+09 4.32725e+09 43272.5 205.306
1e+09 4.34389e+09 43438.9 202.279
1e+09 4.3606e+09 43606 199.29
1e+09 4.37737e+09 43773.7 196.342
1e+09 4.39421e+09 43942.1 193.432
1e+09 4.41111e+09 44111.1 190.561
1e+09 4.42808e+09 44280.8 187.727
1e+09 4.44511e+09 44451.1 184.931
1e+09 4.46221e+09 44622.1 182.172
1e+09 4.47937e+09 44793.7 179.451
1e+09 4.4966e+09 44966 176.765
1e+09 4.5139e+09 45139 174.114
1e+09 4.53126e+09 45312.6 171.5
1e+09 4.54869e+09 45486.9 168.921
1e+09 4.56618e+09 45661.8 166.377
1e+09 4.58374e+09 45837.4 163.866
1e+09 4.60138e+09 46013.8 161.388
1e+09 4.61907e+09 46190.7 158.946
1e+09 4.63684e+09 46368.4 156.535
1e+09 4.65467e+09 46546.7 154.157
1e+09 4.67258e+09 46725.8 151.811
1e+09 4.69055e+09 46905.5 149.497
1e+09 4.70859e+09 47085.9 147.215
1e+09 4.7267e+09 47267 144.963
1e+09 4.74488e+09 47448.8 142.743
1e+09 4.76313e+09 47631.3 140.552
1e+09 4.78145e+09 47814.5 138.392
1e+09 4.79984e+09 47998.4 136.261
1e+09 4.81831e+09 48183.1 134.159
1e+09 4.83684e+09 48368.4 132.086
1e+09 4.85544e+09 48554.4 130.042
1e+09 4.87412e+09 48741.2 128.026
1e+09 4.89286e+09 48928.6 126.039
1e+09 4.91168e+09 49116.8 124.078
1e+09 4.93058e+09 49305.8 122.144
1e+09 4.94954e+09 49495.4 120.238
1e+09 4.96858e+09 49685.8 118.357
1e+09 4.98769e+09 49876.9 116.504
1e+09 5.00687e+09 50068.7 114.676
1e+09 5.02613e+09 50261.3 112.874
1e+09 5.04546e+09 50454.6 111.097
1e+09 5.06487e+09 50648.7 109.344
1e+09 5.08435e+09 50843.5 107.617
1e+09 5.10391e+09 51039.1 105.913
1e+09 5.12354e+09 51235.4 104.234
1e+09 5.14324e+09 51432.4 102.579
1e+09 5.16303e+09 51630.3 100.946
1e+09 5.18288e+09 51828.8 99.3383
1e+09 5.20282e+09 52028.2 97.7519
1e+09 5.22283e+09 52228.3 96.1886
1e+09 5.24292e+09 52429.2 94.6473
1e+09 5.26309e+09 52630.9 93.1279
1e+09 5.28333e+09 52833.3 91.6307
1e+09 5.30365e+09 53036.5 90.1549
1e+09 5.32405e+09 53240.5 88.7001
1e+09 5.34453e+09 53445.3 87.2662
1e+09 5.36508e+09 53650.8 85.8535
1e+09 5.38572e+09 53857.2 84.4605
1e+09 5.40643e+09 54064.3 83.0882
1e+09 5.42723e+09 54272.3 81.7352
1e+09 5.4481e+09 54481 80.4024
1e+09 5.46906e+09 54690.6 79.0884
1e+09 5.4901e+09 54901 77.7936
1e+09 5.51121e+09 55112.1 76.5184
1e+09 5.53241e+09 55324.1 75.2612
1e+09 5.55369e+09 55536.9 74.0226
1e+09 5.57505e+09 55750.5 72.8023
1e+09 5.59649e+09 55964.9 71.6
1e+09 5.61802e+09 56180.2 70.415
1e+09 5.63963e+09 56396.3 69.2477
1e+09 5.66132e+09 56613.2 68.0978
1e+09 5.68309e+09 56830.9 66.9651
1e+09 5.70495e+09 57049.5 65.8488
1e+09 5.7269e+09 57269 64.7489
1e+09 5.74892e+09 57489.2 63.6661
1e+09 5.77104e+09 57710.4 62.5987
1e+09 5.79323e+09 57932.3 61.5479
1e+09 5.81552e+09 58155.2 60.5122
1e+09 5.83788e+09 58378.8 59.4928
1e+09 5.86034e+09 58603.4 58.4881
1e+09 5.88288e+09 58828.8 57.4988
1e+09 5.90551e+09 59055.1 56.5243
1e+09 5.92822e+09 59282.2 55.5648
1e+09 5.95102e+09 59510.2 54.6197
1e+09 5.97391e+09 59739.1 53.6889
1e+09 5.99689e+09 59968.9 52.7721
1e+09 6.01995e+09 60199.5 51.8697
1e+09 6.04311e+09 60431.1 50.9806
1e+09 6.06635e+09 60663.5 50.1054
1e+09 6.08969e+09 60896.9 49.2433
1e+09 6.11311e+09 61131.1 48.3947
1e+09 6.13662e+09 61366.2 47.5592
1e+09 6.16022e+09 61602.2 46.7366
1e+09 6.18392e+09 61839.2 45.9263
1e+09 6.2077e+09 62077 45.129
1e+09 6.23158e+09 62315.8 44.3438
1e+09 6.25555e+09 62555.5 43.5708
1e+09 6.27961e+09 62796.1 42.8099
1e+09 6.30376e+09 63037.6 42.0609
1e+09 6.32801e+09 63280.1 41.3235
1e+09 6.35235e+09 63523.5 40.5976
1e+09 6.37678e+09 63767.8 39.8833
1e+09 6.40131e+09 64013.1 39.18
1e+09 6.42593e+09 64259.3 38.4879
1e+09 6.45065e+09 64506.5 37.8066
1e+09 6.47546e+09 64754.6 37.1362
1e+09 6.50036e+09 65003.6 36.4765
1e+09 6.52537e+09 65253.7 35.8269
1e+09 6.55046e+09 65504.6 35.1881
1e+09 6.57566e+09 65756.6 34.5592
1e+09 6.60095e+09 66009.5 33.9404
1e+09 6.62634e+09 66263.4 33.3315
1e+09 6.65183e+09 66518.3 32.7322
1e+09 6.67741e+09 66774.1 32.1428
1e+09 6.7031e+09 67031 31.5626
1e+09 6.72888e+09 67288.8 30.992
1e+09 6.75476e+09 67547.6 30.4305
1e+09 6.78074e+09 67807.4 29.8781
1e+09 6.80682e+09 68068.2 29.3347
1e+09 6.833e+09 68330 28.8002
1e+09 6.85928e+09 68592.8 28.2743
1e+09 6.88567e+09 68856.7 27.7569
1e+09 6.91215e+09 69121.5 27.2481
1e+09 6.93874e+09 69387.4 26.7475
1e+09 6.96543e+09 69654.3 26.2552
1e+09 6.99222e+09 69922.2 25.771
1e+09 7.01911e+09 70191.1 25.2949
1e+09 7.04611e+09 70461.1 24.8265
1e+09 7.07321e+09 70732.1 24.366
1e+09 7.10042e+09 71004.2 23.913
1e+09 7.12773e+09 71277.3 23.4676
1e+09 7.15514e+09 71551.4 23.0297
1e+09 7.18266e+09 71826.6 22.599
1e+09 7.21029e+09 72102.9 22.1755
1e+09 7.23802e+09 72380.2 21.7591
1e+09 7.26586e+09 72658.6 21.3497
1e+09 7.29381e+09 72938.1 20.9472
1e+09 7.32186e+09 73218.6 20.5516
1e+09 7.35002e+09 73500.2 20.1626
1e+09 7.37829e+09 73782.9 19.7801
1e+09 7.40667e+09 74066.7 19.4042
1e+09 7.43516e+09 74351.6 19.0346
1e+09 7.46376e+09 74637.6 18.6714
1e+09 7.49247e+09 74924.7 18.3143
1e+09 7.52129e+09 75212.9 17.9634
1e+09 7.55022e+09 75502.2 17.6184
1e+09 7.57926e+09 75792.6 17.2795
1e+09 7.60841e+09 76084.1 16.9464
1e+09 7.63767e+09 76376.7 16.619
1e+09 7.66705e+09 76670.5 16.2973
1e+09 7.69654e+09 76965.4 15.9811
1e+09 7.72614e+09 77261.4 15.6705
1e+09 7.75586e+09 77558.6 15.3652
1e+09 7.78569e+09 77856.9 15.0653
1e+09 7.81564e+09 78156.4 14.7706
1e+09 7.8457e+09 78457 14.4811
1e+09 7.87587e+09 78758.7 14.1967
1e+09 7.90617e+09 79061.7 13.9173
1e+09 7.93658e+09 79365.8 13.6428
1e+09 7.9671e+09 79671 13.3732
1e+09 7.99775e+09 79977.5 13.1083
1e+09 8.02851e+09 80285.1 12.8481
1e+09 8.05939e+09 80593.9 12.5926
1e+09 8.09039e+09 80903.9 12.3416
1e+09 8.12151e+09 81215.1 12.0951
1e+09 8.15274e+09 81527.4 11.8531
1e+09 8.1841e+09 81841 11.6153
1e+09 8.21558e+09 82155.8 11.3818
1e+09 8.24718e+09 82471.8 11.1526
1e+09 8.2789e+09 82789 10.9275
1e+09 8.31074e+09 83107.4 10.7065
1e+09 8.34271e+09 83427.1 10.4894
1e+09 8.3748e+09 83748 10.2763
1e+09 8.40701e+09 84070.1 10.0672
1e+09 8.43935e+09 84393.5 9.86177
1e+09 8.47181e+09 84718.1 9.66017
1e+09 8.50439e+09 85043.9 9.46229
1e+09 8.5371e+09 85371 9.26802
1e+09 8.56994e+09 85699.4 9.0773
1e+09 8.6029e+09 86029 8.89015
1e+09 8.63599e+09 86359.9 8.70644
1e+09 8.66921e+09 86692.1 8.52613
1e+09 8.70255e+09 87025.5 8.34921
1e+09 8.73602e+09 87360.2 8.17558
1e+09 8.76962e+09 87696.2 8.00518
1e+09 8.80336e+09 88033.6 7.83793
1e+09 8.83722e+09 88372.2 7.67386
1e+09 8.87121e+09 88712.1 7.51287
1e+09 8.90533e+09 89053.3 7.35492
1e+09 8.93958e+09 89395.8 7.19997
1e+09 8.97396e+09 89739.6 7.04795
1e+09 9.00848e+09 90084.8 6.89879
1e+09 9.04313e+09 90431.3 6.75247
1e+09 9.07791e+09 90779.1 6.60896
1e+09 9.11283e+09 91128.3 6.46817
1e+09 9.14788e+09 91478.8 6.33009
1e+09 9.18307e+09 91830.7 6.19464
1e+09 9.21839e+09 92183.9 6.06181
1e+09 9.25384e+09 92538.4 5.93157
1e+09 9.28944e+09 92894.4 5.8038
1e+09 9.32517e+09 93251.7 5.67853
1e+09 9.36103e+09 93610.3 5.55572
1e+09 9.39704e+09 93970.4 5.43525
1e+09 9.43318e+09 94331.8 5.31717
1e+09 9.46946e+09 94694.6 5.20139
1e+09 9.50589e+09 95058.9 5.08784
1e+09 9.54245e+09 95424.5 4.97656
1e+09 9.57915e+09 95791.5 4.86747
1e+09 9.616e+09 96160 4.76051
1e+09 9.65298e+09 96529.8 4.6557
1e+09 9.69011e+09 96901.1 4.55295
1e+09 9.72738e+09 97273.8 4.45224
1e+09 9.7648e+09 97648 4.35353
1e+09 9.80236e+09 98023.6 4.25679
1e+09 9.84006e+09 98400.6 4.16201
1e+09 9.87791e+09 98779.1 4.06911
1e+09 9.9159e+09 99159 3.97809
1e+09 9.95404e+09 99540.4 3.8889
1e+09 9.99233e+09 99923.3 3.80151
1e+09 1.00308e+10 100308 3.71581
1e+09 1.00693e+10 100693 3.63211
1e+09 1.01081e+10 101081 3.54979
1e+09 1.01469e+10 101469 3.46946
1e+09 1.0186e+10 101860 3.39047
1e+09 1.02252e+10 102252 3.3132
1e+09 1.02645e+10 102645 3.23761
1e+09 1.0304e+10 103040 3.16349
1e+09 1.03436e+10 103436 3.09099
1e+09 1.03834e+10 103834 3.0199
1e+09 1.04233e+10 104233 2.95039
1e+09 1.04634e+10 104634 2.88224
1e+09 1.05037e+10 105037 2.81544
1e+09 1.05441e+10 105441 2.75012
1e+09 1.05846e+10 105846 2.68625
1e+09 1.06253e+10 106253 2.62366
1e+09 1.06662e+10 106662 2.56233
1e+09 1.07072e+10 107072 2.50237
1e+09 1.07484e+10 107484 2.44361
1e+09 1.07897e+10 107897 2.38619
1e+09 1.08312e+10 108312 2.32993
1e+09 1.08729e+10 108729 2.27482
1e+09 1.09147e+10 109147 2.22096
1e+09 1.09567e+10 109567 2.1682
1e+09 1.09988e+10 109988 2.11665
1e+09 1.10412e+10 110412 2.06605
1e+09 1.10836e+10 110836 2.01673
1e+09 1.11262e+10 111262 1.96843
1e+09 1.1169e+10 111690 1.92114
1e+09 1.1212e+10 112120 1.87484
1e+09 1.12551e+10 112551 1.82961
1e+09 1.12984e+10 112984 1.78534
1e+09 1.13419e+10 113419 1.74201
1e+09 1.13855e+10 113855 1.69969
1e+09 1.14293e+10 114293 1.65827
1e+09 1.14733e+10 114733 1.61773
1e+09 1.15174e+10 115174 1.57816
1e+09 1.15617e+10 115617 1.53943
1e+09 1.16062e+10 116062 1.50154
1e+09 1.16508e+10 116508 1.46456
1e+09 1.16956e+10 116956 1.42837
1e+09 1.17406e+10 117406 1.39298
1e+09 1.17857e+10 117857 1.35843
1e+09 1.18311e+10 118311 1.32457
1e+09 1.18766e+10 118766 1.29153
1e+09 1.19223e+10 119223 1.25921
1e+09 1.19681e+10 119681 1.22768
1e+09 1.20142e+10 120142 1.19679
1e+09 1.20604e+10 120604 1.16665
1e+09 1.21068e+10 121068 1.13718
1e+09 1.21533e+10 121533 1.10844
1e+09 1.22001e+10 122001 1.08028
1e+09 1.2247e+10 122470 1.05282
1e+09 1.22941e+10 122941 1.02598
1e+09 1.23414e+10 123414 0.999754
1e+09 1.23889e+10 123889 0.974125
1e+09 1.24365e+10 124365 0.949135
1e+09 1.24843e+10 124843 0.924719
1e+09 1.25324e+10 125324 0.900816
1e+09 1.25806e+10 125806 0.877515
1e+09 1.26289e+10 126289 0.854801
1e+09 1.26775e+10 126775 0.832569
1e+09 1.27263e+10 127263 0.810857
1e+09 1.27752e+10 127752 0.789697
1e+09 1.28244e+10 128244 0.768993
1e+09 1.28737e+10 128737 0.748817
1e+09 1.29232e+10 129232 0.729119
1e+09 1.29729e+10 129729 0.709888
1e+09 1.30228e+10 130228 0.691116
1e+09 1.30729e+10 130729 0.672792
1e+09 1.31232e+10 131232 0.654907
1e+09 1.31737e+10 131737 0.637452
1e+09 1.32243e+10 132243 0.620452
1e+09 1.32752e+10 132752 0.60383
1e+09 1.33263e+10 133263 0.587612
1e+09 1.33775e+10 133775 0.57182
1e+09 1.3429e+10 134290 0.556384
1e+09 1.34806e+10 134806 0.541356
1e+09 1.35325e+10 135325 0.526669
1e+09 1.35845e+10 135845 0.512371
1e+09 1.36368e+10 136368 0.498401
1e+09 1.36892e+10 136892 0.484804
1e+09 1.37419e+10 137419 0.47152
1e+09 1.37947e+10 137947 0.458593
1e+09 1.38478e+10 138478 0.445966
1e+09 1.39011e+10 139011 0.433657
1e+09 1.39545e+10 139545 0.42168
1e+09 1.40082e+10 140082 0.409986
1e+09 1.40621e+10 140621 0.398588
1e+09 1.41162e+10 141162 0.38748
1e+09 1.41705e+10 141705 0.376656
1e+09 1.4225e+10 142250 0.36611
1e+09 1.42797e+10 142797 0.355835
1e+09 1.43346e+10 143346 0.345826
1e+09 1.43897e+10 143897 0.336075
1e+09 1.44451e+10 144451 0.32656
1e+09 1.45006e+10 145006 0.31731
1e+09 1.45564e+10 145564 0.308285
1e+09 1.46124e+10 146124 0.299497
1e+09 1.46686e+10 146686 0.29094
1e+09 1.4725e+10 147250 0.282609
1e+09 1.47817e+10 147817 0.274484
1e+09 1.48385e+10 148385 0.266588
1e+09 1.48956e+10 148956 0.25889
1e+09 1.49529e+10 149529 0.251397
1e+09 1.50104e+10 150104 0.244104
1e+09 1.50681e+10 150681 0.237008
1e+09 1.51261e+10 151261 0.230091
1e+09 1.51843e+10 151843 0.223362
1e+09 1.52427e+10 152427 0.216815
1e+09 1.53013e+10 153013 0.210446
1e+09 1.53602e+10 153602 0.204241
1e+09 1.54192e+10 154192 0.198216
1e+09 1.54785e+10 154785 0.192346
1e+09 1.55381e+10 155381 0.186629
1e+09 1.55978e+10 155978 0.181079
1e+09 1.56578e+10 156578 0.175675
1e+09 1.57181e+10 157181 0.170412
1e+09 1.57785e+10 157785 0.165304
1e+09 1.58392e+10 158392 0.160331
1e+09 1.59001e+10 159001 0.155498
1e+09 1.59613e+10 159613 0.150793
1e+09 1.60227e+10 160227 0.146221
1e+09 1.60843e+10 160843 0.141779
1e+09 1.61462e+10 161462 0.137457
1e+09 1.62083e+10 162083 0.133257
1e+09 1.62706e+10 162706 0.129178
1e+09 1.63332e+10 163332 0.12521
1e+09 1.6396e+10 163960 0.121356
1e+09 1.64591e+10 164591 0.117607
1e+09 1.65224e+10 165224 0.113967
1e+09 1.65859e+10 165859 0.110433
1e+09 1.66497e+10 166497 0.106997
1e+09 1.67138e+10 167138 0.103656
1e+09 1.67781e+10 167781 0.100413
1e+09 1.68426e+10 168426 0.0972649
1e+09 1.69074e+10 169074 0.0942056
1e+09 1.69724e+10 169724 0.0912368
1e+09 1.70377e+10 170377 0.0883518
1e+09 1.71032e+10 171032 0.0855528
1e+09 1.7169e+10 171690 0.0828334
1e+09 1.7235e+10 172350 0.0801955
1e+09 1.73013e+10 173013 0.0776332
1e+09 1.73679e+10 173679 0.0751444
1e+09 1.74347e+10 174347 0.0727309
1e+09 1.75017e+10 175017 0.0703908
1e+09 1.7569e+10 175690 0.0681185
1e+09 1.76366e+10 176366 0.0659125
1e+09 1.77045e+10 177045 0.0637708
1e+09 1.77726e+10 177726 0.0616951
1e+09 1.78409e+10 178409 0.0596833
1e+09 1.79095e+10 179095 0.0577309
1e+09 1.79784e+10 179784 0.0558364
1e+09 1.80476e+10 180476 0.0539982
1e+09 1.8117e+10 181170 0.0522174
1e+09 1.81867e+10 181867 0.0504898
1e+09 1.82566e+10 182566 0.0488166
1e+09 1.83268e+10 183268 0.0471938
1e+09 1.83973e+10 183973 0.04562
1e+09 1.84681e+10 184681 0.044094
1e+09 1.85391e+10 185391 0.0426166
1e+09 1.86104e+10 186104 0.0411842
1e+09 1.8682e+10 186820 0.0397958
1e+09 1.87539e+10 187539 0.0384501
1e+09 1.8826e+10 188260 0.0371477
1e+09 1.88984e+10 188984 0.0358856
1e+09 1.89711e+10 189711 0.0346628
1e+09 1.90441e+10 190441 0.0334781
1e+09 1.91173e+10 191173 0.032332
1e+09 1.91909e+10 191909 0.0312204
1e+09 1.92647e+10 192647 0.0301452
1e+09 1.93388e+10 193388 0.0291041
1e+09 1.94132e+10 194132 0.0280959
1e+09 1.94878e+10 194878 0.0271211
1e+09 1.95628e+10 195628 0.0261762
1e+09 1.9638e+10 196380 0.0252627
1e+09 1.97136e+10 197136 0.0243775
1e+09 1.97894e+10 197894 0.0235219
1e+09 1.98655e+10 198655 0.022694
1e+09 1.99419e+10 199419 0.021893
1e+09 2.00186e+10 200186 0.0211181
1e+09 2.00956e+10 200956 0.0203685
1e+09 2.01729e+10 201729 0.0196434
1e+09 2.02505e+10 202505 0.0189423
1e+09 2.03284e+10 203284 0.0182643
1e+09 2.04066e+10 204066 0.0176087
1e+09 2.04851e+10 204851 0.0169749
1e+09 2.05638e+10 205638 0.0163631
1e+09 2.06429e+10 206429 0.0157709
1e+09 2.07223e+10 207223 0.0151987
1e+09 2.0802e+10 208020 0.0146457
1e+09 2.08821e+10 208821 0.0141107
1e+09 2.09624e+10 209624 0.0135945
1e+09 2.1043e+10 210430 0.0130959
1e+09 2.11239e+10 211239 0.0126143
1e+09 2.12052e+10 212052 0.0121486
1e+09 2.12868e+10 212868 0.0116989
1e+09 2.13686e+10 213686 0.0112653
1e+09 2.14508e+10 214508 0.0108461
1e+09 2.15333e+10 215333 0.0104415
1e+09 2.16161e+10 216161 0.010051
1e+09 2.16993e+10 216993 0.00967367
1e+09 2.17827e+10 217827 0.00931
1e+09 2.18665e+10 218665 0.0089587
1e+09 2.19506e+10 219506 0.0086198
1e+09 2.20351e+10 220351 0.0082925
1e+09 2.21198e+10 221198 0.0079772
1e+09 2.22049e+10 222049 0.00767279
1e+09 2.22903e+10 222903 0.00737925
1e+09 2.2376e+10 223760 0.00709625
1e+09 2.24621e+10 224621 0.00682312
1e+09 2.25485e+10 225485 0.00655984
1e+09 2.26352e+10 226352 0.00630611
1e+09 2.27223e+10 227223 0.00606132
1e+09 2.28097e+10 228097 0.00582546
1e+09 2.28974e+10 228974 0.00559823
1e+09 2.29855e+10 229855 0.00537909
1e+09 2.30739e+10 230739 0.00516802
1e+09 2.31627e+10 231627 0.00496452
1e+09 2.32517e+10 232517 0.00476879
1e+09 2.33412e+10 233412 0.00457992
1e+09 2.3431e+10 234310 0.00439809
1e+09 2.35211e+10 235211 0.00422308
1e+09 2.36115e+10 236115 0.00405464
1e+09 2.37024e+10 237024 0.00389218
1e+09 2.37935e+10 237935 0.00373605
1e+09 2.3885e+10 238850 0.00358567
1e+09 2.39769e+10 239769 0.00344086
1e+09 2.40691e+10 240691 0.00330158
1e+09 2.41617e+10 241617 0.00316749
1e+09 2.42546e+10 242546 0.00303856
1e+09 2.43479e+10 243479 0.00291447
1e+09 2.44416e+10 244416 0.00279505
1e+09 2.45356e+10 245356 0.00268026
1e+09 2.463e+10 246300 0.00256983
1e+09 2.47247e+10 247247 0.00246372
1e+09 2.48198e+10 248198 0.00236165
1e+09 2.49153e+10 249153 0.0022635
1e+09 2.50111e+10 250111 0.00216922
1e+09 2.51073e+10 251073 0.00207858
1e+09 2.52039e+10 252039 0.00199145
1e+09 2.53008e+10 253008 0.0019078
1e+09 2.53981e+10 253981 0.0018274
1e+09 2.54958e+10 254958 0.00175015
1e+09 2.55939e+10 255939 0.00167593
1e+09 2.56923e+10 256923 0.00160471
1e+09 2.57911e+10 257911 0.00153631
1e+09 2.58903e+10 258903 0.00147062
1e+09 2.59899e+10 259899 0.00140754
1e+09 2.60899e+10 260899 0.00134698
1e+09 2.61902e+10 261902 0.00128891
1e+09 2.6291e+10 262910 0.00123312
1e+09 2.63921e+10 263921 0.00117963
1e+09 2.64936e+10 264936 0.00112831
1e+09 2.65955e+10 265955 0.00107908
1e+09 2.66978e+10 266978 0.00103185
1e+09 2.68005e+10 268005 0.000986555
1e+09 2.69036e+10 269036 0.00094312
1e+09 2.70071e+10 270071 0.000901474
1e+09 2.71109e+10 271109 0.000861588
1e+09 2.72152e+10 272152 0.000823319
1e+09 2.73199e+10 273199 0.000786644
1e+09 2.7425e+10 274250 0.0007515
1e+09 2.75304e+10 275304 0.000717861
1e+09 2.76363e+10 276363 0.000685606
1e+09 2.77426e+10 277426 0.000654711
1e+09 2.78493e+10 278493 0.000625125
1e+09 2.79565e+10 279565 0.000596769
1e+09 2.8064e+10 280640 0.000569648
1e+09 2.81719e+10 281719 0.000543686
1e+09 2.82803e+10 282803 0.000518816
1e+09 2.83891e+10 283891 0.000495016
1e+09 2.84983e+10 284983 0.000472245
1e+09 2.86079e+10 286079 0.000450461
1e+09 2.87179e+10 287179 0.000429625
1e+09 2.88284e+10 288284 0.000409681
1e+09 2.89392e+10 289392 0.000390627
1e+09 2.90506e+10 290506 0.000372378
1e+09 2.91623e+10 291623 0.00035495
1e+09 2.92745e+10 292745 0.000338277
1e+09 2.93871e+10 293871 0.000322345
1e+09 2.95001e+10 295001 0.000307123
1e+09 2.96136e+10 296136 0.000292569
1e+09 2.97275e+10 297275 0.000278667
1e+09 2.98418e+10 298418 0.000265391
1e+09 2.99566e+10 299566 0.000252703
1e+09 3.00718e+10 300718 0.00024059
1e+09 3.01875e+10 301875 0.000229018
1e+09 3.03036e+10 303036 0.000217974
1e+09 3.04201e+10 304201 0.000207436
1e+09 3.05371e+10 305371 0.000197372
1e+09 3.06546e+10 306546 0.000187765
1e+09 3.07725e+10 307725 0.000178601
1e+09 3.08909e+10 308909 0.000169856
1e+09 3.10097e+10 310097 0.000161517
1e+09 3.11289e+10 311289 0.000153568
1e+09 3.12487e+10 312487 0.000145979
1e+09 3.13689e+10 313689 0.000138747
1e+09 3.14895e+10 314895 0.000131856
1e+09 3.16106e+10 316106 0.000125285
1e+09 3.17322e+10 317322 0.000119022
1e+09 3.18543e+10 318543 0.000113053
1e+09 3.19768e+10 319768 0.000107368
1e+09 3.20998e+10 320998 0.000101953
1e+09 3.22233e+10 322233 9.67934e-05
1e+09 3.23472e+10 323472 9.18835e-05
1e+09 3.24716e+10 324716 8.72077e-05
1e+09 3.25965e+10 325965 8.27558e-05
1e+09 3.27219e+10 327219 7.85178e-05
1e+09 3.28477e+10 328477 7.44872e-05
1e+09 3.29741e+10 329741 7.06486e-05
1e+09 3.31009e+10 331009 6.69992e-05
1e+09 3.32282e+10 332282 6.35276e-05
1e+09 3.3356e+10 333560 6.02257e-05
1e+09 3.34843e+10 334843 5.70857e-05
1e+09 3.36131e+10 336131 5.41003e-05
1e+09 3.37424e+10 337424 5.12623e-05
1e+09 3.38722e+10 338722 4.8565e-05
1e+09 3.40025e+10 340025 4.60018e-05
1e+09 3.41333e+10 341333 4.35666e-05
1e+09 3.42645e+10 342645 4.12551e-05
1e+09 3.43963e+10 343963 3.9058e-05
1e+09 3.45286e+10 345286 3.69718e-05
1e+09 3.46614e+10 346614 3.49911e-05
1e+09 3.47948e+10 347948 3.31096e-05
1e+09 3.49286e+10 349286 3.13253e-05
1e+09 3.50629e+10 350629 2.96322e-05
1e+09 3.51978e+10 351978 2.80248e-05
1e+09 3.53332e+10 353332 2.65001e-05
1e+09 3.54691e+10 354691 2.50542e-05
1e+09 3.56055e+10 356055 2.36833e-05
1e+09 3.57425e+10 357425 2.23827e-05
1e+09 3.58799e+10 358799 2.11509e-05
1e+09 3.60179e+10 360179 1.99828e-05
1e+09 3.61565e+10 361565 1.88752e-05
1e+09 3.62955e+10 362955 1.78269e-05
1e+09 3.64351e+10 364351 1.68332e-05
1e+09 3.65753e+10 365753 1.58917e-05
1e+09 3.6716e+10 367160 1.50004e-05
1e+09 3.68572e+10 368572 1.41567e-05
1e+09 3.69989e+10 369989 1.33583e-05
1e+09 3.71413e+10 371413 1.26018e-05
1e+09 3.72841e+10 372841 1.18866e-05
1e+09 3.74275e+10 374275 1.12098e-05
1e+09 3.75715e+10 375715 1.05693e-05
1e+09 3.7716e+10 377160 9.96378e-06
1e+09 3.78611e+10 378611 9.39103e-06
1e+09 3.80067e+10 380067 8.84975e-06
1e+09 3.81529e+10 381529 8.33797e-06
1e+09 3.82996e+10 382996 7.85451e-06
1e+09 3.84469e+10 384469 7.39758e-06
1e+09 3.85948e+10 385948 6.96582e-06
1e+09 3.87433e+10 387433 6.55792e-06
1e+09 3.88923e+10 388923 6.17289e-06
1e+09 3.90419e+10 390419 5.8093e-06
1e+09 3.9192e+10 391920 5.46624e-06
1e+09 3.93428e+10 393428 5.1422e-06
1e+09 3.94941e+10 394941 4.83658e-06
1e+09 3.9646e+10 396460 4.54821e-06
1e+09 3.97985e+10 397985 4.27617e-06
1e+09 3.99516e+10 399516 4.0196e-06
1e+09 4.01052e+10 401052 3.77781e-06
1e+09 4.02595e+10 402595 3.54972e-06
1e+09 4.04143e+10 404143 3.33486e-06
1e+09 4.05698e+10 405698 3.13226e-06
1e+09 4.07258e+10 407258 2.9415e-06
1e+09 4.08825e+10 408825 2.76169e-06
1e+09 4.10397e+10 410397 2.59247e-06
1e+09 4.11976e+10 411976 2.43303e-06
1e+09 4.1356e+10 413560 2.28304e-06
1e+09 4.15151e+10 415151 2.14179e-06
1e+09 4.16748e+10 416748 2.00888e-06
1e+09 4.18351e+10 418351 1.88384e-06
1e+09 4.1996e+10 419960 1.76625e-06
1e+09 4.21575e+10 421575 1.65567e-06
1e+09 4.23197e+10 423197 1.55164e-06
1e+09 4.24824e+10 424824 1.45393e-06
1e+09 4.26458e+10 426458 1.36206e-06
1e+09 4.28099e+10 428099 1.27569e-06
1e+09 4.29745e+10 429745 1.19461e-06
1e+09 4.31398e+10 431398 1.11843e-06
1e+09 4.33057e+10 433057 1.04691e-06
1e+09 4.34723e+10 434723 9.79735e-07
1e+09 4.36395e+10 436395 9.16696e-07
1e+09 4.38074e+10 438074 8.57517e-07
1e+09 4.39759e+10 439759 8.02006e-07
1e+09 4.4145e+10 441450 7.49949e-07
1e+09 4.43148e+10 443148 7.01113e-07
1e+09 4.44853e+10 444853 6.5531e-07
1e+09 4.46564e+10 446564 6.12386e-07
1e+09 4.48281e+10 448281 5.72169e-07
1e+09 4.50005e+10 450005 5.34477e-07
1e+09 4.51736e+10 451736 4.99157e-07
1e+09 4.53474e+10 453474 4.6607e-07
1e+09 4.55218e+10 455218 4.351e-07
1e+09 4.56969e+10 456969 4.061e-07
1e+09 4.58727e+10 458727 3.78952e-07
1e+09 4.60491e+10 460491 3.53559e-07
1e+09 4.62262e+10 462262 3.29799e-07
1e+09 4.6404e+10 464040 3.07573e-07
1e+09 4.65825e+10 465825 2.86786e-07
1e+09 4.67617e+10 467617 2.6735e-07
1e+09 4.69415e+10 469415 2.49193e-07
1e+09 4.71221e+10 471221 2.32214e-07
1e+09 4.73033e+10 473033 2.16359e-07
1e+09 4.74853e+10 474853 2.01541e-07
1e+09 4.76679e+10 476679 1.87711e-07
1e+09 4.78513e+10 478513 1.74792e-07
1e+09 4.80353e+10 480353 1.62741e-07
1e+09 4.82201e+10 482201 1.51488e-07
1e+09 4.84055e+10 484055 1.40996e-07
1e+09 4.85917e+10 485917 1.31205e-07
1e+09 4.87786e+10 487786 1.22076e-07
1e+09 4.89662e+10 489662 1.13565e-07
1e+09 4.91546e+10 491546 1.05629e-07
1e+09 4.93436e+10 493436 9.82388e-08
1e+09 4.95334e+10 495334 9.13511e-08
1e+09 4.97239e+10 497239 8.49368e-08
1e+09 4.99152e+10 499152 7.89619e-08
1e+09 5.01072e+10 501072 7.34005e-08
1e+09 5.02999e+10 502999 6.82254e-08
1e+09 5.04934e+10 504934 6.34086e-08
1e+09 5.06876e+10 506876 5.89287e-08
1e+09 5.08825e+10 508825 5.47633e-08
1e+09 5.10783e+10 510783 5.08872e-08
1e+09 5.12747e+10 512747 4.7287e-08
1e+09 5.14719e+10 514719 4.39405e-08
1e+09 5.16699e+10 516699 4.08305e-08
1e+09 5.18687e+10 518687 3.79412e-08
1e+09 5.20682e+10 520682 3.5259e-08
1e+09 5.22684e+10 522684 3.27698e-08
1e+09 5.24695e+10 524695 3.04578e-08
1e+09 5.26713e+10 526713 2.83133e-08
1e+09 5.28739e+10 528739 2.63237e-08
1e+09 5.30772e+10 530772 2.44791e-08
1e+09 5.32814e+10 532814 2.27679e-08
1e+09 5.34863e+10 534863 2.11823e-08
1e+09 5.3692e+10 536920 1.97129e-08
1e+09 5.38986e+10 538986 1.83508e-08
1e+09 5.41059e+10 541059 1.70897e-08
1e+09 5.4314e+10 543140 1.5922e-08
1e+09 5.45229e+10 545229 1.48411e-08
1e+09 5.47326e+10 547326 1.38407e-08
1e+09 5.49431e+10 549431 1.29151e-08
1e+09 5.51544e+10 551544 1.2059e-08
1e+09 5.53666e+10 553666 1.1267e-08
1e+09 5.55795e+10 555795 1.05352e-08
1e+09 5.57933e+10 557933 9.85862e-09
1e+09 5.60079e+10 560079 9.23353e-09
1e+09 5.62233e+10 562233 8.65618e-09
1e+09 5.64396e+10 564396 8.12285e-09
1e+09 5.66567e+10 566567 7.63054e-09
1e+09 5.68746e+10 568746 7.17623e-09
1e+09 5.70934e+10 570934 6.75692e-09
1e+09 5.73129e+10 573129 6.37038e-09
1e+09 5.75334e+10 575334 6.01367e-09
1e+09 5.77547e+10 577547 5.68488e-09
1e+09 5.79768e+10 579768 5.38192e-09
1e+09 5.81998e+10 581998 5.10271e-09
1e+09 5.84237e+10 584237 4.84548e-09
1e+09 5.86484e+10 586484 4.60866e-09
1e+09 5.8874e+10 588740 4.39061e-09
1e+09 5.91004e+10 591004 4.18999e-09
1e+09 5.93277e+10 593277 4.00538e-09
1e+09 5.95559e+10 595559 3.83555e-09
1e+09 5.9785e+10 597850 3.67938e-09
1e+09 6.00149e+10 600149 3.53586e-09
1e+09 6.02458e+10 602458 3.4039e-09
1e+09 6.04775e+10 604775 3.28271e-09
1e+09 6.07101e+10 607101 3.1714e-09
1e+09 6.09436e+10 609436 3.0692e-09
1e+09 6.1178e+10 611780 2.97538e-09
1e+09 6.14133e+10 614133 2.88929e-09
1e+09 6.16496e+10 616496 2.81029e-09
1e+09 6.18867e+10 618867 2.73787e-09
1e+09 6.21247e+10 621247 2.67147e-09
1e+09 6.23637e+10 623637 2.6106e-09
1e+09 6.26035e+10 626035 2.55486e-09
1e+09 6.28443e+10 628443 2.50378e-09
1e+09 6.3086e+10 630860 2.45701e-09
1e+09 6.33287e+10 633287 2.41419e-09
1e+09 6.35723e+10 635723 2.37501e-09
1e+09 6.38168e+10 638168 2.33917e-09
1e+09 6.40623e+10 640623 2.30639e-09
1e+09 6.43087e+10 643087 2.27642e-09
1e+09 6.4556e+10 645560 2.24904e-09
1e+09 6.48043e+10 648043 2.22402e-09
1e+09 6.50536e+10 650536 2.20115e-09
1e+09 6.53038e+10 653038 2.18028e-09
1e+09 6.5555e+10 655550 2.16123e-09
1e+09 6.58071e+10 658071 2.14385e-09
1e+09 6.60602e+10 660602 2.12761e-09
1e+09 6.63143e+10 663143 2.11168e-09
1e+09 6.65694e+10 665694 2.09569e-09
1e+09 6.68254e+10 668254 2.07964e-09
1e+09 6.70824e+10 670824 2.06353e-09
1e+09 6.73405e+10 673405 2.04735e-09
1e+09 6.75995e+10 675995 2.03111e-09
1e+09 6.78595e+10 678595 2.01482e-09
1e+09 6.81205e+10 681205 1.99845e-09
1e+09 6.83825e+10 683825 1.98203e-09
1e+09 6.86455e+10 686455 1.96554e-09
1e+09 6.89096e+10 689096 1.94899e-09
1e+09 6.91746e+10 691746 1.93237e-09
1e+09 6.94407e+10 694407 1.91569e-09
1e+09 6.97078e+10 697078 1.89895e-09
1e+09 6.99759e+10 699759 1.88214e-09
1e+09 7.0245e+10 702450 1.86527e-09
1e+09 7.05152e+10 705152 1.84834e-09
1e+09 7.07864e+10 707864 1.83133e-09
1e+09 7.10587e+10 710587 1.81426e-09
1e+09 7.1332e+10 713320 1.79713e-09
1e+09 7.16064e+10 716064 1.77993e-09
1e+09 7.18818e+10 718818 1.76267e-09
1e+09 7.21583e+10 721583 1.74533e-09
1e+09 7.24358e+10 724358 1.72794e-09
1e+09 7.27144e+10 727144 1.71047e-09
1e+09 7.29941e+10 729941 1.69294e-09
1e+09 7.32749e+10 732749 1.67534e-09
1e+09 7.35567e+10 735567 1.65767e-09
1e+09 7.38396e+10 738396 1.63994e-09
1e+09 7.41236e+10 741236 1.62213e-09
1e+09 7.44087e+10 744087 1.60426e-09
1e+09 7.46949e+10 746949 1.58632e-09
1e+09 7.49822e+10 749822 1.56831e-09
1e+09 7.52706e+10 752706 1.55023e-09
1e+09 7.55601e+10 755601 1.53208e-09
1e+09 7.58508e+10 758508 1.51386e-09
1e+09 7.61425e+10 761425 1.49557e-09
1e+09 7.64354e+10 764354 1.47721e-09
1e+09 7.67294e+10 767294 1.45878e-09
1e+09 7.70245e+10 770245 1.44028e-09
1e+09 7.73208e+10 773208 1.42171e-09
1e+09 7.76182e+10 776182 1.40306e-09
1e+09 7.79167e+10 779167 1.38435e-09
1e+09 7.82164e+10 782164 1.36556e-09
1e+09 7.85172e+10 785172 1.34671e-09
1e+09 7.88192e+10 788192 1.32778e-09
1e+09 7.91224e+10 791224 1.30877e-09
1e+09 7.94267e+10 794267 1.28969e-09
1e+09 7.97322e+10 797322 1.27054e-09
1e+09 8.00389e+10 800389 1.25132e-09
1e+09 8.03468e+10 803468 1.23201e-09
1e+09 8.06558e+10 806558 1.21264e-09
1e+09 8.0966e+10 809660 1.1932e-09
1e+09 8.12774e+10 812774 1.17368e-09
1e+09 8.15901e+10 815901 1.15408e-09
1e+09 8.19039e+10 819039 1.1344e-09
1e+09 8.22189e+10 822189 1.11466e-09
1e+09 8.25351e+10 825351 1.09484e-09
1e+09 8.28526e+10 828526 1.07493e-09
1e+09 8.31713e+10 831713 1.05495e-09
1e+09 8.34912e+10 834912 1.0349e-09
1e+09 8.38123e+10 838123 1.01477e-09
1e+09 8.41347e+10 841347 9.9456e-10
1e+09 8.44583e+10 844583 9.74274e-10
1e+09 8.47831e+10 847831 9.53913e-10
1e+09 8.51092e+10 851092 9.33471e-10
1e+09 8.54366e+10 854366 9.12947e-10
1e+09 8.57652e+10 857652 8.92347e-10
1e+09 8.60951e+10 860951 8.71667e-10
1e+09 8.64262e+10 864262 8.50911e-10
1e+09 8.67586e+10 867586 8.30073e-10
1e+09 8.70923e+10 870923 8.09155e-10
1e+09 8.74273e+10 874273 7.88154e-10
1e+09 8.77636e+10 877636 7.67072e-10
1e+09 8.81012e+10 881012 7.45909e-10
1e+09 8.844e+10 884400 7.2467e-10
1e+09 8.87802e+10 887802 7.03344e-10
1e+09 8.91217e+10 891217 6.81936e-10
1e+09 8.94645e+10 894645 6.60447e-10
1e+09 8.98086e+10 898086 6.38876e-10
1e+09 9.0154e+10 901540 6.17224e-10
1e+09 9.05008e+10 905008 5.95483e-10
1e+09 9.08489e+10 908489 5.73662e-10
1e+09 9.11983e+10 911983 5.51759e-10
1e+09 9.15491e+10 915491 5.29768e-10
1e+09 9.19012e+10 919012 5.07695e-10
1e+09 9.22547e+10 922547 4.85535e-10
1e+09 9.26095e+10 926095 4.63294e-10
1e+09 9.29657e+10 929657 4.40964e-10
1e+09 9.33233e+10 933233 4.18547e-10
1e+09 9.36822e+10 936822 3.96049e-10
1e+09 9.40426e+10 940426 3.73456e-10
1e+09 9.44043e+10 944043 3.50782e-10
1e+09 9.47674e+10 947674 3.2802e-10
1e+09 9.51319e+10 951319 3.0517e-10
1e+09 9.54978e+10 954978 2.82233e-10
1e+09 9.58651e+10 958651 2.59208e-10
1e+09 9.62338e+10 962338 2.36095e-10
1e+09 9.6604e+10 966040 2.12888e-10
1e+09 9.69755e+10 969755 1.89599e-10
1e+09 9.73485e+10 973485 1.66217e-10
1e+09 9.7723e+10 977230 1.4274e-10
1e+09 9.80988e+10 980988 1.19182e-10
1e+09 9.84762e+10 984762 9.55236e-11
1e+09 9.88549e+10 988549 7.17837e-11
1e+09 9.92352e+10 992352 4.79436e-11
1e+09 9.96168e+10 996168 2.40219e-11
1e+09 1e+11 1e+06 0

1e+10 1e+06 10 5.11619e+10
1e+10 1.00385e+06 10.0385 5.07701e+10
1e+10 1.00771e+06 10.0771 5.03818e+10
1e+10 1.01158e+06 10.1158 4.99969e+10
1e+10 1.01547e+06 10.1547 4.96145e+10
1e+10 1.01938e+06 10.1938 4.92345e+10
1e+10 1.0233e+06 10.233 4.88578e+10
1e+10 1.02724e+06 10.2724 4.84836e+10
1e+10 1.03119e+06 10.3119 4.81128e+10
1e+10 1.03515e+06 10.3515 4.77453e+10
1e+10 1.03914e+06 10.3914 4.73792e+10
1e+10 1.04313e+06 10.4313 4.70173e+10
1e+10 1.04714e+06 10.4714 4.66578e+10
1e+10 1.05117e+06 10.5117 4.63006e+10
1e+10 1.05522e+06 10.5522 4.59457e+10
1e+10 1.05927e+06 10.5927 4.55949e+10
1e+10 1.06335e+06 10.6335 4.52456e+10
1e+10 1.06744e+06 10.6744 4.48994e+10
1e+10 1.07154e+06 10.7154 4.45563e+10
1e+10 1.07567e+06 10.7567 4.42147e+10
1e+10 1.0798e+06 10.798 4.3877e+10
1e+10 1.08396e+06 10.8396 4.35408e+10
1e+10 1.08813e+06 10.8813 4.32076e+10
1e+10 1.09231e+06 10.9231 4.28774e+10
1e+10 1.09651e+06 10.9651 4.25494e+10
1e+10 1.10073e+06 11.0073 4.22237e+10
1e+10 1.10496e+06 11.0496 4.19009e+10
1e+10 1.10921e+06 11.0921 4.15803e+10
1e+10 1.11348e+06 11.1348 4.12619e+10
1e+10 1.11776e+06 11.1776 4.09464e+10
1e+10 1.12206e+06 11.2206 4.06331e+10
1e+10 1.12638e+06 11.2638 4.03219e+10
1e+10 1.13071e+06 11.3071 4.00135e+10
1e+10 1.13506e+06 11.3506 3.97073e+10
1e+10 1.13942e+06 11.3942 3.94039e+10
1e+10 1.14381e+06 11.4381 3.91019e+10
1e+10 1.14821e+06 11.4821 3.88027e+10
1e+10 1.15262e+06 11.5262 3.85062e+10
1e+10 1.15706e+06 11.5706 3.82111e+10
1e+10 1.16151e+06 11.6151 3.79188e+10
1e+10 1.16597e+06 11.6597 3.76291e+10
1e+10 1.17046e+06 11.7046 3.73409e+10
1e+10 1.17496e+06 11.7496 3.70553e+10
1e+10 1.17948e+06 11.7948 3.67717e+10
1e+10 1.18402e+06 11.8402 3.64902e+10
1e+10 1.18857e+06 11.8857 3.62112e+10
1e+10 1.19314e+06 11.9314 3.59342e+10
1e+10 1.19773e+06 11.9773 3.56592e+10
1e+10 1.20234e+06 12.0234 3.53862e+10
1e+10 1.20696e+06 12.0696 3.51157e+10
1e+10 1.21161e+06 12.1161 3.48466e+10
1e+10 1.21627e+06 12.1627 3.458e+10
1e+10 1.22094e+06 12.2094 3.43158e+10
1e+10 1.22564e+06 12.2564 3.4053e+10
1e+10 1.23035e+06 12.3035 3.37927e+10
1e+10 1.23509e+06 12.3509 3.35337e+10
1e+10 1.23984e+06 12.3984 3.32772e+10
1e+10 1.24461e+06 12.4461 3.30225e+10
1e+10 1.24939e+06 12.4939 3.27702e+10
1e+10 1.2542e+06 12.542 3.25192e+10
1e+10 1.25902e+06 12.5902 3.22706e+10
1e+10 1.26386e+06 12.6386 3.20238e+10
1e+10 1.26873e+06 12.6873 3.17783e+10
1e+10 1.27361e+06 12.7361 3.15351e+10
1e+10 1.2785e+06 12.785 3.12943e+10
1e+10 1.28342e+06 12.8342 3.10547e+10
1e+10 1.28836e+06 12.8836 3.08169e+10
1e+10 1.29331e+06 12.9331 3.05814e+10
1e+10 1.29829e+06 12.9829 3.03471e+10
1e+10 1.30328e+06 13.0328 3.01151e+10
1e+10 1.30829e+06 13.0829 2.98848e+10
1e+10 1.31333e+06 13.1333 2.96557e+10
1e+10 1.31838e+06 13.1838 2.94289e+10
1e+10 1.32345e+06 13.2345 2.92037e+10
1e+10 1.32854e+06 13.2854 2.89803e+10
1e+10 1.33365e+06 13.3365 2.87585e+10
1e+10 1.33878e+06 13.3878 2.85385e+10
1e+10 1.34393e+06 13.4393 2.83201e+10
1e+10 1.3491e+06 13.491 2.81033e+10
1e+10 1.35429e+06 13.5429 2.78882e+10
1e+10 1.3595e+06 13.595 2.76748e+10
1e+10 1.36472e+06 13.6472 2.74634e+10
1e+10 1.36997e+06 13.6997 2.72532e+10
1e+10 1.37524e+06 13.7524 2.70447e+10
1e+10 1.38053e+06 13.8053 2.68377e+10
1e+10 1.38584e+06 13.8584 2.66323e+10
1e+10 1.39117e+06 13.9117 2.64286e+10
1e+10 1.39652e+06 13.9652 2.62264e+10
1e+10 1.4019e+06 14.019 2.60254e+10
1e+10 1.40729e+06 14.0729 2.58263e+10
1e+10 1.4127e+06 14.127 2.56288e+10
1e+10 1.41813e+06 14.1813 2.54328e+10
1e+10 1.42359e+06 14.2359 2.5238e+10
1e+10 1.42906e+06 14.2906 2.50451e+10
1e+10 1.43456e+06 14.3456 2.48533e+10
1e+10 1.44008e+06 14.4008 2.4663e+10
1e+10 1.44562e+06 14.4562 2.44743e+10
1e+10 1.45118e+06 14.5118 2.4287e+10
1e+10 1.45676e+06 14.5676 2.41012e+10
1e+10 1.46236e+06 14.6236 2.39169e+10
1e+10 1.46799e+06 14.6799 2.37337e+10
1e+10 1.47363e+06 14.7363 2.35523e+10
1e+10 1.4793e+06 14.793 2.3372e+10
1e+10 1.48499e+06 14.8499 2.31931e+10
1e+10 1.4907e+06 14.907 2.30157e+10
1e+10 1.49644e+06 14.9644 2.28394e+10
1e+10 1.50219e+06 15.0219 2.26648e+10
1e+10 1.50797e+06 15.0797 2.24913e+10
1e+10 1.51377e+06 15.1377 2.23192e+10
1e+10 1.51959e+06 15.1959 2.21485e+10
1e+10 1.52544e+06 15.2544 2.19788e+10
1e+10 1.5313e+06 15.313 2.18109e+10
1e+10 1.53719e+06 15.3719 2.1644e+10
1e+10 1.54311e+06 15.4311 2.14781e+10
1e+10 1.54904e+06 15.4904 2.13139e+10
1e+10 1.555e+06 15.55 2.11508e+10
1e+10 1.56098e+06 15.6098 2.09889e+10
1e+10 1.56699e+06 15.6699 2.08282e+10
1e+10 1.57301e+06 15.7301 2.0669e+10
1e+10 1.57906e+06 15.7906 2.05108e+10
1e+10 1.58514e+06 15.8514 2.03537e+10
1e+10 1.59123e+06 15.9123 2.01981e+10
1e+10 1.59735e+06 15.9735 2.00435e+10
1e+10 1.6035e+06 16.035 1.989e+10
1e+10 1.60967e+06 16.0967 1.97377e+10
1e+10 1.61586e+06 16.1586 1.95867e+10
1e+10 1.62207e+06 16.2207 1.94369e+10
1e+10 1.62831e+06 16.2831 1.92882e+10
1e+10 1.63457e+06 16.3457 1.91406e+10
1e+10 1.64086e+06 16.4086 1.89941e+10
1e+10 1.64717e+06 16.4717 1.88488e+10
1e+10 1.65351e+06 16.5351 1.87044e+10
1e+10 1.65987e+06 16.5987 1.85613e+10
1e+10 1.66625e+06 16.6625 1.84193e+10
1e+10 1.67266e+06 16.7266 1.82784e+10
1e+10 1.67909e+06 16.7909 1.81386e+10
1e+10 1.68555e+06 16.8555 1.79997e+10
1e+10 1.69204e+06 16.9204 1.78618e+10
1e+10 1.69854e+06 16.9854 1.77253e+10
1e+10 1.70508e+06 17.0508 1.75895e+10
1e+10 1.71163e+06 17.1163 1.74551e+10
1e+10 1.71822e+06 17.1822 1.73214e+10
1e+10 1.72483e+06 17.2483 1.71888e+10
1e+10 1.73146e+06 17.3146 1.70573e+10
1e+10 1.73812e+06 17.3812 1.69268e+10
1e+10 1.74481e+06 17.4481 1.67972e+10
1e+10 1.75152e+06 17.5152 1.66686e+10
1e+10 1.75825e+06 17.5825 1.65412e+10
1e+10 1.76502e+06 17.6502 1.64145e+10
1e+10 1.77181e+06 17.7181 1.62888e+10
1e+10 1.77862e+06 17.7862 1.61643e+10
1e+10 1.78546e+06 17.8546 1.60406e+10
1e+10 1.79233e+06 17.9233 1.59178e+10
1e+10 1.79922e+06 17.9922 1.5796e+10
1e+10 1.80614e+06 18.0614 1.56751e+10
1e+10 1.81309e+06 18.1309 1.55551e+10
1e+10 1.82006e+06 18.2006 1.54361e+10
1e+10 1.82706e+06 18.2706 1.5318e+10
1e+10 1.83409e+06 18.3409 1.52007e+10
1e+10 1.84115e+06 18.4115 1.50843e+10
1e+10 1.84823e+06 18.4823 1.49689e+10
1e+10 1.85534e+06 18.5534 1.48543e+10
1e+10 1.86247e+06 18.6247 1.47407e+10
1e+10 1.86964e+06 18.6964 1.46278e+10
1e+10 1.87683e+06 18.7683 1.45159e+10
1e+10 1.88405e+06 18.8405 1.44048e+10
1e+10 1.89129e+06 18.9129 1.42946e+10
1e+10 1.89857e+06 18.9857 1.41852e+10
1e+10 1.90587e+06 19.0587 1.40766e+10
1e+10 1.9132e+06 19.132 1.39689e+10
1e+10 1.92056e+06 19.2056 1.3862e+10
1e+10 1.92795e+06 19.2795 1.37559e+10
1e+10 1.93536e+06 19.3536 1.36507e+10
1e+10 1.94281e+06 19.4281 1.35461e+10
1e+10 1.95028e+06 19.5028 1.34425e+10
1e+10 1.95778e+06 19.5778 1.33396e+10
1e+10 1.96531e+06 19.6531 1.32375e+10
1e+10 1.97287e+06 19.7287 1.31362e+10
1e+10 1.98046e+06 19.8046 1.30356e+10
1e+10 1.98808e+06 19.8808 1.29358e+10
1e+10 1.99572e+06 19.9572 1.28369e+10
1e+10 2.0034e+06 20.034 1.27386e+10
1e+10 2.0111e+06 20.111 1.26412e+10
1e+10 2.01884e+06 20.1884 1.25444e+10
1e+10 2.0266e+06 20.266 1.24484e+10
1e+10 2.0344e+06 20.344 1.23531e+10
1e+10 2.04222e+06 20.4222 1.22586e+10
1e+10 2.05008e+06 20.5008 1.21647e+10
1e+10 2.05796e+06 20.5796 1.20717e+10
1e+10 2.06588e+06 20.6588 1.19792e+10
1e+10 2.07383e+06 20.7383 1.18875e+10
1e+10 2.0818e+06 20.818 1.17966e+10
1e+10 2.08981e+06 20.8981 1.17063e+10
1e+10 2.09785e+06 20.9785 1.16167e+10
1e+10 2.10592e+06 21.0592 1.15277e+10
1e+10 2.11402e+06 21.1402 1.14395e+10
1e+10 2.12215e+06 21.2215 1.1352e+10
1e+10 2.13031e+06 21.3031 1.12651e+10
1e+10 2.1385e+06 21.385 1.11789e+10
1e+10 2.14673e+06 21.4673 1.10933e+10
1e+10 2.15499e+06 21.5499 1.10084e+10
1e+10 2.16327e+06 21.6327 1.09242e+10
1e+10 2.1716e+06 21.716 1.08405e+10
1e+10 2.17995e+06 21.7995 1.07575e+10
1e+10 2.18833e+06 21.8833 1.06753e+10
1e+10 2.19675e+06 21.9675 1.05935e+10
1e+10 2.2052e+06 22.052 1.05124e+10
1e+10 2.21368e+06 22.1368 1.0432e+10
1e+10 2.2222e+06 22.222 1.03521e+10
1e+10 2.23074e+06 22.3074 1.02729e+10
1e+10 2.23932e+06 22.3932 1.01943e+10
1e+10 2.24794e+06 22.4794 1.01162e+10
1e+10 2.25658e+06 22.5658 1.00388e+10
1e+10 2.26526e+06 22.6526 9.96198e+09
1e+10 2.27397e+06 22.7397 9.88575e+09
1e+10 2.28272e+06 22.8272 9.81005e+09
1e+10 2.2915e+06 22.915 9.73497e+09
1e+10 2.30031e+06 23.0031 9.66048e+09
1e+10 2.30916e+06 23.0916 9.58652e+09
1e+10 2.31804e+06 23.1804 9.51316e+09
1e+10 2.32696e+06 23.2696 9.44031e+09
1e+10 2.33591e+06 23.3591 9.36805e+09
1e+10 2.34489e+06 23.4489 9.29638e+09
1e+10 2.35391e+06 23.5391 9.22522e+09
1e+10 2.36297e+06 23.6297 9.15456e+09
1e+10 2.37206e+06 23.7206 9.08447e+09
1e+10 2.38118e+06 23.8118 9.01496e+09
1e+10 2.39034e+06 23.9034 8.94595e+09
1e+10 2.39953e+06 23.9953 8.8775e+09
1e+10 2.40876e+06 24.0876 8.80954e+09
1e+10 2.41803e+06 24.1803 8.74207e+09
1e+10 2.42733e+06 24.2733 8.67516e+09
1e+10 2.43666e+06 24.3666 8.6088e+09
1e+10 2.44604e+06 24.4604 8.54285e+09
1e+10 2.45544e+06 24.5544 8.47751e+09
1e+10 2.46489e+06 24.6489 8.41258e+09
1e+10 2.47437e+06 24.7437 8.34819e+09
1e+10 2.48389e+06 24.8389 8.28427e+09
1e+10 2.49344e+06 24.9344 8.22088e+09
1e+10 2.50303e+06 25.0303 8.15795e+09
1e+10 2.51266e+06 25.1266 8.09549e+09
1e+10 2.52232e+06 25.2232 8.03355e+09
1e+10 2.53202e+06 25.3202 7.97206e+09
1e+10 2.54176e+06 25.4176 7.91103e+09
1e+10 2.55154e+06 25.5154 7.85045e+09
1e+10 2.56135e+06 25.6135 7.79038e+09
1e+10 2.57121e+06 25.7121 7.73069e+09
1e+10 2.58109e+06 25.8109 7.67157e+09
1e+10 2.59102e+06 25.9102 7.61283e+09
1e+10 2.60099e+06 26.0099 7.55453e+09
1e+10 2.61099e+06 26.1099 7.49673e+09
1e+10 2.62104e+06 26.2104 7.4393e+09
1e+10 2.63112e+06 26.3112 7.38236e+09
1e+10 2.64124e+06 26.4124 7.32584e+09
1e+10 2.6514e+06 26.514 7.26976e+09
1e+10 2.66159e+06 26.6159 7.21415e+09
1e+10 2.67183e+06 26.7183 7.15891e+09
1e+10 2.68211e+06 26.8211 7.10409e+09
1e+10 2.69242e+06 26.9242 7.04974e+09
1e+10 2.70278e+06 27.0278 6.99575e+09
1e+10 2.71318e+06 27.1318 6.94217e+09
1e+10 2.72361e+06 27.2361 6.88906e+09
1e+10 2.73409e+06 27.3409 6.8363e+09
1e+10 2.7446e+06 27.446 6.78399e+09
1e+10 2.75516e+06 27.5516 6.73204e+09
1e+10 2.76576e+06 27.6576 6.68049e+09
1e+10 2.77639e+06 27.7639 6.62939e+09
1e+10 2.78707e+06 27.8707 6.57863e+09
1e+10 2.79779e+06 27.9779 6.52827e+09
1e+10 2.80855e+06 28.0855 6.4783e+09
1e+10 2.81936e+06 28.1936 6.42867e+09
1e+10 2.8302e+06 28.302 6.37947e+09
1e+10 2.84109e+06 28.4109 6.33061e+09
1e+10 2.85201e+06 28.5201 6.28218e+09
1e+10 2.86298e+06 28.6298 6.23409e+09
1e+10 2.874e+06 28.74 6.18633e+09
1e+10 2.88505e+06 28.8505 6.13898e+09
1e+10 2.89615e+06 28.9615 6.09197e+09
1e+10 2.90729e+06 29.0729 6.04533e+09
1e+10 2.91847e+06 29.1847 5.99906e+09
1e+10 2.92969e+06 29.2969 5.95315e+09
1e+10 2.94096e+06 29.4096 5.90757e+09
1e+10 2.95227e+06 29.5227 5.86235e+09
1e+10 2.96363e+06 29.6363 5.81745e+09
1e+10 2.97503e+06 29.7503 5.77291e+09
1e+10 2.98647e+06 29.8647 5.72872e+09
1e+10 2.99796e+06 29.9796 5.68485e+09
1e+10 3.00949e+06 30.0949 5.64133e+09
1e+10 3.02106e+06 30.2106 5.59816e+09
1e+10 3.03268e+06 30.3268 5.5553e+09
1e+10 3.04435e+06 30.4435 5.51275e+09
1e+10 3.05606e+06 30.5606 5.47054e+09
1e+10 3.06781e+06 30.6781 5.42867e+09
1e+10 3.07961e+06 30.7961 5.38711e+09
1e+10 3.09146e+06 30.9146 5.34585e+09
1e+10 3.10335e+06 31.0335 5.30492e+09
1e+10 3.11529e+06 31.1529 5.26429e+09
1e+10 3.12727e+06 31.2727 5.22399e+09
1e+10 3.1393e+06 31.393 5.18399e+09
1e+10 3.15137e+06 31.5137 5.14432e+09
1e+10 3.16349e+06 31.6349 5.10493e+09
1e+10 3.17566e+06 31.7566 5.06584e+09
1e+10 3.18787e+06 31.8787 5.02707e+09
1e+10 3.20014e+06 32.0014 4.98855e+09
1e+10 3.21244e+06 32.1244 4.95038e+09
1e+10 3.2248e+06 32.248 4.91247e+09
1e+10 3.2372e+06 32.372 4.87487e+09
1e+10 3.24966e+06 32.4966 4.83752e+09
1e+10 3.26215e+06 32.6215 4.8005e+09
1e+10 3.2747e+06 32.747 4.76374e+09
1e+10 3.2873e+06 32.873 4.72725e+09
1e+10 3.29994e+06 32.9994 4.69107e+09
1e+10 3.31263e+06 33.1263 4.65516e+09
1e+10 3.32537e+06 33.2537 4.61952e+09
1e+10 3.33817e+06 33.3817 4.58412e+09
1e+10 3.351e+06 33.51 4.54905e+09
1e+10 3.36389e+06 33.6389 4.51421e+09
1e+10 3.37683e+06 33.7683 4.47964e+09
1e+10 3.38982e+06 33.8982 4.44534e+09
1e+10 3.40286e+06 34.0286 4.41129e+09
1e+10 3.41595e+06 34.1595 4.37751e+09
1e+10 3.42909e+06 34.2909 4.34399e+09
1e+10 3.44228e+06 34.4228 4.31073e+09
1e+10 3.45552e+06 34.5552 4.27772e+09
1e+10 3.46881e+06 34.6881 4.24497e+09
1e+10 3.48215e+06 34.8215 4.21247e+09
1e+10 3.49554e+06 34.9554 4.18022e+09
1e+10 3.50899e+06 35.0899 4.1482e+09
1e+10 3.52248e+06 35.2248 4.11645e+09
1e+10 3.53603e+06 35.3603 4.08492e+09
1e+10 3.54963e+06 35.4963 4.05365e+09
1e+10 3.56329e+06 35.6329 4.02259e+09
1e+10 3.57699e+06 35.7699 3.9918e+09
1e+10 3.59075e+06 35.9075 3.96123e+09
1e+10 3.60456e+06 36.0456 3.9309e+09
1e+10 3.61842e+06 36.1842 3.9008e+09
1e+10 3.63234e+06 36.3234 3.87093e+09
1e+10 3.64631e+06 36.4631 3.84129e+09
1e+10 3.66034e+06 36.6034 3.81186e+09
1e+10 3.67442e+06 36.7442 3.78267e+09
1e+10 3.68855e+06 36.8855 3.75371e+09
1e+10 3.70274e+06 37.0274 3.72496e+09
1e+10 3.71698e+06 37.1698 3.69644e+09
1e+10 3.73128e+06 37.3128 3.66812e+09
1e+10 3.74563e+06 37.4563 3.64004e+09
1e+10 3.76003e+06 37.6003 3.61217e+09
1e+10 3.7745e+06 37.745 3.5845e+09
1e+10 3.78901e+06 37.8901 3.55706e+09
1e+10 3.80359e+06 38.0359 3.52981e+09
1e+10 3.81822e+06 38.1822 3.50278e+09
1e+10 3.8329e+06 38.329 3.47596e+09
1e+10 3.84765e+06 38.4765 3.44933e+09
1e+10 3.86244e+06 38.6244 3.42293e+09
1e+10 3.8773e+06 38.773 3.39671e+09
1e+10 3.89221e+06 38.9221 3.37071e+09
1e+10 3.90718e+06 39.0718 3.34489e+09
1e+10 3.92221e+06 39.2221 3.31927e+09
1e+10 3.9373e+06 39.373 3.29385e+09
1e+10 3.95244e+06 39.5244 3.26863e+09
1e+10 3.96765e+06 39.6765 3.24358e+09
1e+10 3.98291e+06 39.8291 3.21874e+09
1e+10 3.99823e+06 39.9823 3.19409e+09
1e+10 4.0136e+06 40.136 3.16964e+09
1e+10 4.02904e+06 40.2904 3.14536e+09
1e+10 4.04454e+06 40.4454 3.12127e+09
1e+10 4.06009e+06 40.6009 3.09737e+09
1e+10 4.07571e+06 40.7571 3.07365e+09
1e+10 4.09139e+06 40.9139 3.0501e+09
1e+10 4.10712e+06 41.0712 3.02675e+09
1e+10 4.12292e+06 41.2292 3.00357e+09
1e+10 4.13878e+06 41.3878 2.98056e+09
1e+10 4.1547e+06 41.547 2.95773e+09
1e+10 4.17068e+06 41.7068 2.93508e+09
1e+10 4.18672e+06 41.8672 2.9126e+09
1e+10 4.20282e+06 42.0282 2.8903e+09
1e+10 4.21899e+06 42.1899 2.86815e+09
1e+10 4.23522e+06 42.3522 2.84618e+09
1e+10 4.25151e+06 42.5151 2.82438e+09
1e+10 4.26786e+06 42.6786 2.80275e+09
1e+10 4.28427e+06 42.8427 2.78129e+09
1e+10 4.30075e+06 43.0075 2.75999e+09
1e+10 4.3173e+06 43.173 2.73884e+09
1e+10 4.3339e+06 43.339 2.71787e+09
1e+10 4.35057e+06 43.5057 2.69705e+09
1e+10 4.3673e+06 43.673 2.6764e+09
1e+10 4.3841e+06 43.841 2.6559e+09
1e+10 4.40096e+06 44.0096 2.63556e+09
1e+10 4.41789e+06 44.1789 2.61537e+09
1e+10 4.43488e+06 44.3488 2.59534e+09
1e+10 4.45194e+06 44.5194 2.57545e+09
1e+10 4.46907e+06 44.6907 2.55572e+09
1e+10 4.48626e+06 44.8626 2.53614e+09
1e+10 4.50351e+06 45.0351 2.51672e+09
1e+10 4.52083e+06 45.2083 2.49745e+09
1e+10 4.53822e+06 45.3822 2.47832e+09
1e+10 4.55568e+06 45.5568 2.45933e+09
1e+10 4.5732e+06 45.732 2.44049e+09
1e+10 4.59079e+06 45.9079 2.4218e+09
1e+10 4.60845e+06 46.0845 2.40324e+09
1e+10 4.62617e+06 46.2617 2.38484e+09
1e+10 4.64397e+06 46.4397 2.36656e+09
1e+10 4.66183e+06 46.6183 2.34844e+09
1e+10 4.67976e+06 46.7976 2.33045e+09
1e+10 4.69776e+06 46.9776 2.3126e+09
1e+10 4.71583e+06 47.1583 2.29488e+09
1e+10 4.73397e+06 47.3397 2.2773e+09
1e+10 4.75217e+06 47.5217 2.25986e+09
1e+10 4.77045e+06 47.7045 2.24255e+09
1e+10 4.7888e+06 47.888 2.22537e+09
1e+10 4.80722e+06 48.0722 2.20832e+09
1e+10 4.82571e+06 48.2571 2.1914e+09
1e+10 4.84427e+06 48.4427 2.17462e+09
1e+10 4.8629e+06 48.629 2.15796e+09
1e+10 4.88161e+06 48.8161 2.14142e+09
1e+10 4.90038e+06 49.0038 2.12503e+09
1e+10 4.91923e+06 49.1923 2.10874e+09
1e+10 4.93815e+06 49.3815 2.09259e+09
1e+10 4.95715e+06 49.5715 2.07655e+09
1e+10 4.97621e+06 49.7621 2.06065e+09
1e+10 4.99535e+06 49.9535 2.04486e+09
1e+10 5.01457e+06 50.1457 2.02919e+09
1e+10 5.03385e+06 50.3385 2.01365e+09
1e+10 5.05322e+06 50.5322 1.99822e+09
1e+10 5.07265e+06 50.7265 1.98292e+09
1e+10 5.09216e+06 50.9216 1.96773e+09
1e+10 5.11175e+06 51.1175 1.95265e+09
1e+10 5.13141e+06 51.3141 1.93769e+09
1e+10 5.15115e+06 51.5115 1.92284e+09
1e+10 5.17096e+06 51.7096 1.90811e+09
1e+10 5.19085e+06 51.9085 1.89349e+09
1e+10 5.21081e+06 52.1081 1.87899e+09
1e+10 5.23086e+06 52.3086 1.86459e+09
1e+10 5.25098e+06 52.5098 1.8503e+09
1e+10 5.27117e+06 52.7117 1.83613e+09
1e+10 5.29145e+06 52.9145 1.82206e+09
1e+10 5.3118e+06 53.118 1.8081e+09
1e+10 5.33223e+06 53.3223 1.79425e+09
1e+10 5.35274e+06 53.5274 1.7805e+09
1e+10 5.37333e+06 53.7333 1.76685e+09
1e+10 5.394e+06 53.94 1.75331e+09
1e+10 5.41474e+06 54.1474 1.73989e+09
1e+10 5.43557e+06 54.3557 1.72655e+09
1e+10 5.45648e+06 54.5648 1.71332e+09
1e+10 5.47746e+06 54.7746 1.7002e+09
1e+10 5.49853e+06 54.9853 1.68717e+09
1e+10 5.51968e+06 55.1968 1.67424e+09
1e+10 5.54091e+06 55.4091 1.66141e+09
1e+10 5.56222e+06 55.6222 1.64868e+09
1e+10 5.58362e+06 55.8362 1.63605e+09
1e+10 5.60509e+06 56.0509 1.62351e+09
1e+10 5.62665e+06 56.2665 1.61107e+09
1e+10 5.64829e+06 56.4829 1.59873e+09
1e+10 5.67002e+06 56.7002 1.58648e+09
1e+10 5.69183e+06 56.9183 1.57432e+09
1e+10 5.71372e+06 57.1372 1.56226e+09
1e+10 5.7357e+06 57.357 1.55028e+09
1e+10 5.75776e+06 57.5776 1.5384e+09
1e+10 5.7799e+06 57.799 1.52662e+09
1e+10 5.80214e+06 58.0214 1.51492e+09
1e+10 5.82445e+06 58.2445 1.50331e+09
1e+10 5.84685e+06 58.4685 1.49179e+09
1e+10 5.86934e+06 58.6934 1.48036e+09
1e+10 5.89192e+06 58.9192 1.46901e+09
1e+10 5.91458e+06 59.1458 1.45776e+09
1e+10 5.93733e+06 59.3733 1.44658e+09
1e+10 5.96017e+06 59.6017 1.4355e+09
1e+10 5.98309e+06 59.8309 1.4245e+09
1e+10 6.0061e+06 60.061 1.41358e+09
1e+10 6.02921e+06 60.2921 1.40275e+09
1e+10 6.0524e+06 60.524 1.392e+09
1e+10 6.07567e+06 60.7567 1.38133e+09
1e+10 6.09904e+06 60.9904 1.37074e+09
1e+10 6.1225e+06 61.225 1.36024e+09
1e+10 6.14605e+06 61.4605 1.34981e+09
1e+10 6.16969e+06 61.6969 1.33947e+09
1e+10 6.19342e+06 61.9342 1.3292e+09
1e+10 6.21724e+06 62.1724 1.31902e+09
1e+10 6.24116e+06 62.4116 1.30891e+09
1e+10 6.26516e+06 62.6516 1.29888e+09
1e+10 6.28926e+06 62.8926 1.28892e+09
1e+10 6.31345e+06 63.1345 1.27904e+09
1e+10 6.33773e+06 63.3773 1.26924e+09
1e+10 6.36211e+06 63.6211 1.25951e+09
1e+10 6.38658e+06 63.8658 1.24986e+09
1e+10 6.41115e+06 64.1115 1.24028e+09
1e+10 6.4358e+06 64.358 1.23077e+09
1e+10 6.46056e+06 64.6056 1.22134e+09
1e+10 6.48541e+06 64.8541 1.21198e+09
1e+10 6.51035e+06 65.1035 1.20269e+09
1e+10 6.53539e+06 65.3539 1.19347e+09
1e+10 6.56053e+06 65.6053 1.18432e+09
1e+10 6.58576e+06 65.8576 1.17524e+09
1e+10 6.6111e+06 66.111 1.16623e+09
1e+10 6.63652e+06 66.3652 1.1573e+09
1e+10 6.66205e+06 66.6205 1.14842e+09
1e+10 6.68767e+06 66.8767 1.13962e+09
1e+10 6.7134e+06 67.134 1.13088e+09
1e+10 6.73922e+06 67.3922 1.12222e+09
1e+10 6.76514e+06 67.6514 1.11362e+09
1e+10 6.79116e+06 67.9116 1.10508e+09
1e+10 6.81728e+06 68.1728 1.09661e+09
1e+10 6.8435e+06 68.435 1.0882e+09
1e+10 6.86982e+06 68.6982 1.07986e+09
1e+10 6.89625e+06 68.9625 1.07158e+09
1e+10 6.92277e+06 69.2277 1.06337e+09
1e+10 6.9494e+06 69.494 1.05522e+09
1e+10 6.97613e+06 69.7613 1.04713e+09
1e+10 7.00296e+06 70.0296 1.0391e+09
1e+10 7.0299e+06 70.299 1.03113e+09
1e+10 7.05694e+06 70.5694 1.02323e+09
1e+10 7.08408e+06 70.8408 1.01538e+09
1e+10 7.11133e+06 71.1133 1.0076e+09
1e+10 7.13868e+06 71.3868 9.99875e+08
1e+10 7.16614e+06 71.6614 9.92209e+08
1e+10 7.1937e+06 71.937 9.84603e+08
1e+10 7.22137e+06 72.2137 9.77054e+08
1e+10 7.24914e+06 72.4914 9.69565e+08
1e+10 7.27703e+06 72.7703 9.6213e+08
1e+10 7.30502e+06 73.0502 9.54753e+08
1e+10 7.33311e+06 73.3311 9.47435e+08
1e+10 7.36132e+06 73.6132 9.4017e+08
1e+10 7.38963e+06 73.8963 9.32963e+08
1e+10 7.41806e+06 74.1806 9.25808e+08
1e+10 7.44659e+06 74.4659 9.1871e+08
1e+10 7.47523e+06 74.7523 9.11667e+08
1e+10 7.50398e+06 75.0398 9.04677e+08
1e+10 7.53284e+06 75.3284 8.97742e+08
1e+10 7.56182e+06 75.6182 8.90857e+08
1e+10 7.5909e+06 75.909 8.84027e+08
1e+10 7.6201e+06 76.201 8.77248e+08
1e+10 7.64941e+06 76.4941 8.70522e+08
1e+10 7.67883e+06 76.7883 8.63847e+08
1e+10 7.70837e+06 77.0837 8.57222e+08
1e+10 7.73801e+06 77.3801 8.50651e+08
1e+10 7.76778e+06 77.6778 8.44127e+08
1e+10 7.79765e+06 77.9765 8.37656e+08
1e+10 7.82765e+06 78.2765 8.31231e+08
1e+10 7.85775e+06 78.5775 8.24858e+08
1e+10 7.88798e+06 78.8798 8.18532e+08
1e+10 7.91832e+06 79.1832 8.12255e+08
1e+10 7.94877e+06 79.4877 8.06028e+08
1e+10 7.97935e+06 79.7935 7.99845e+08
1e+10 8.01004e+06 80.1004 7.93712e+08
1e+10 8.04085e+06 80.4085 7.87625e+08
1e+10 8.07177e+06 80.7177 7.81586e+08
1e+10 8.10282e+06 81.0282 7.75592e+08
1e+10 8.13399e+06 81.3399 7.69643e+08
1e+10 8.16527e+06 81.6527 7.63742e+08
1e+10 8.19668e+06 81.9668 7.57884e+08
1e+10 8.2282e+06 82.282 7.52073e+08
1e+10 8.25985e+06 82.5985 7.46305e+08
1e+10 8.29162e+06 82.9162 7.40582e+08
1e+10 8.32352e+06 83.2352 7.349e+08
1e+10 8.35553e+06 83.5553 7.29265e+08
1e+10 8.38767e+06 83.8767 7.23672e+08
1e+10 8.41993e+06 84.1993 7.18122e+08
1e+10 8.45231e+06 84.5231 7.12615e+08
1e+10 8.48482e+06 84.8482 7.07149e+08
1e+10 8.51746e+06 85.1746 7.01725e+08
1e+10 8.55022e+06 85.5022 6.96343e+08
1e+10 8.58311e+06 85.8311 6.91002e+08
1e+10 8.61612e+06 86.1612 6.85702e+08
1e+10 8.64926e+06 86.4926 6.80443e+08
1e+10 8.68253e+06 86.8253 6.75223e+08
1e+10 8.71592e+06 87.1592 6.70045e+08
1e+10 8.74945e+06 87.4945 6.64905e+08
1e+10 8.7831e+06 87.831 6.59805e+08
1e+10 8.81688e+06 88.1688 6.54744e+08
1e+10 8.8508e+06 88.508 6.49721e+08
1e+10 8.88484e+06 88.8484 6.44737e+08
1e+10 8.91901e+06 89.1901 6.39792e+08
1e+10 8.95332e+06 89.5332 6.34884e+08
1e+10 8.98775e+06 89.8775 6.30015e+08
1e+10 9.02232e+06 90.2232 6.25182e+08
1e+10 9.05703e+06 90.5703 6.20385e+08
1e+10 9.09186e+06 90.9186 6.15627e+08
1e+10 9.12683e+06 91.2683 6.10904e+08
1e+10 9.16194e+06 91.6194 6.06217e+08
1e+10 9.19718e+06 91.9718 6.01566e+08
1e+10 9.23255e+06 92.3255 5.96952e+08
1e+10 9.26806e+06 92.6806 5.92373e+08
1e+10 9.30371e+06 93.0371 5.87828e+08
1e+10 9.3395e+06 93.395 5.83317e+08
1e+10 9.37542e+06 93.7542 5.78843e+08
1e+10 9.41148e+06 94.1148 5.74402e+08
1e+10 9.44768e+06 94.4768 5.69995e+08
1e+10 9.48402e+06 94.8402 5.65622e+08
1e+10 9.5205e+06 95.205 5.61282e+08
1e+10 9.55711e+06 95.5711 5.56977e+08
1e+10 9.59387e+06 95.9387 5.52703e+08
1e+10 9.63077e+06 96.3077 5.48463e+08
1e+10 9.66782e+06 96.6782 5.44254e+08
1e+10 9.705e+06 97.05 5.40078e+08
1e+10 9.74233e+06 97.4233 5.35934e+08
1e+10 9.7798e+06 97.798 5.31822e+08
1e+10 9.81742e+06 98.1742 5.27741e+08
1e+10 9.85518e+06 98.5518 5.23692e+08
1e+10 9.89309e+06 98.9309 5.19673e+08
1e+10 9.93114e+06 99.3114 5.15686e+08
1e+10 9.96934e+06 99.6934 5.11728e+08
1e+10 1.00077e+07 100.077 5.078e+08
1e+10 1.00462e+07 100.462 5.03903e+08
1e+10 1.00848e+07 100.848 5.0004e+08
1e+10 1.01236e+07 101.236 4.96202e+08
1e+10 1.01625e+07 101.625 4.92398e+08
1e+10 1.02016e+07 102.016 4.88618e+08
1e+10 1.02409e+07 102.409 4.84862e+08
1e+10 1.02803e+07 102.803 4.81141e+08
1e+10 1.03198e+07 103.198 4.77452e+08
1e+10 1.03595e+07 103.595 4.73787e+08
1e+10 1.03993e+07 103.993 4.70155e+08
1e+10 1.04393e+07 104.393 4.66547e+08
1e+10 1.04795e+07 104.795 4.62962e+08
1e+10 1.05198e+07 105.198 4.5941e+08
1e+10 1.05603e+07 105.603 4.55881e+08
1e+10 1.06009e+07 106.009 4.52383e+08
1e+10 1.06417e+07 106.417 4.48909e+08
1e+10 1.06826e+07 106.826 4.45466e+08
1e+10 1.07237e+07 107.237 4.42046e+08
1e+10 1.07649e+07 107.649 4.38657e+08
1e+10 1.08063e+07 108.063 4.35291e+08
1e+10 1.08479e+07 108.479 4.31947e+08
1e+10 1.08896e+07 108.896 4.28633e+08
1e+10 1.09315e+07 109.315 4.25342e+08
1e+10 1.09735e+07 109.735 4.22081e+08
1e+10 1.10157e+07 110.157 4.18841e+08
1e+10 1.10581e+07 110.581 4.15624e+08
1e+10 1.11007e+07 111.007 4.12429e+08
1e+10 1.11433e+07 111.433 4.0927e+08
1e+10 1.11862e+07 111.862 4.06125e+08
1e+10 1.12292e+07 112.292 4.03009e+08
1e+10 1.12724e+07 112.724 3.99915e+08
1e+10 1.13158e+07 113.158 3.96842e+08
1e+10 1.13593e+07 113.593 3.93797e+08
1e+10 1.1403e+07 114.03 3.90774e+08
1e+10 1.14469e+07 114.469 3.87771e+08
1e+10 1.14909e+07 114.909 3.84796e+08
1e+10 1.15351e+07 115.351 3.81841e+08
1e+10 1.15794e+07 115.794 3.78914e+08
1e+10 1.1624e+07 116.24 3.76001e+08
1e+10 1.16687e+07 116.687 3.73115e+08
1e+10 1.17136e+07 117.136 3.70249e+08
1e+10 1.17586e+07 117.586 3.6741e+08
1e+10 1.18039e+07 118.039 3.64584e+08
1e+10 1.18493e+07 118.493 3.61785e+08
1e+10 1.18948e+07 118.948 3.59012e+08
1e+10 1.19406e+07 119.406 3.56252e+08
1e+10 1.19865e+07 119.865 3.53519e+08
1e+10 1.20326e+07 120.326 3.50804e+08
1e+10 1.20789e+07 120.789 3.4811e+08
1e+10 1.21254e+07 121.254 3.45434e+08
1e+10 1.2172e+07 121.72 3.42784e+08
1e+10 1.22188e+07 122.188 3.40153e+08
1e+10 1.22658e+07 122.658 3.3754e+08
1e+10 1.2313e+07 123.13 3.34947e+08
1e+10 1.23603e+07 123.603 3.32378e+08
1e+10 1.24079e+07 124.079 3.29823e+08
1e+10 1.24556e+07 124.556 3.27291e+08
1e+10 1.25035e+07 125.035 3.24778e+08
1e+10 1.25516e+07 125.516 3.22283e+08
1e+10 1.25999e+07 125.999 3.19807e+08
1e+10 1.26484e+07 126.484 3.17349e+08
1e+10 1.2697e+07 126.97 3.14914e+08
1e+10 1.27458e+07 127.458 3.12498e+08
1e+10 1.27949e+07 127.949 3.10094e+08
1e+10 1.28441e+07 128.441 3.07713e+08
1e+10 1.28935e+07 128.935 3.05349e+08
1e+10 1.29431e+07 129.431 3.03004e+08
1e+10 1.29929e+07 129.929 3.00676e+08
1e+10 1.30428e+07 130.428 2.9837e+08
1e+10 1.3093e+07 130.93 2.96076e+08
1e+10 1.31434e+07 131.434 2.938e+08
1e+10 1.31939e+07 131.939 2.91546e+08
1e+10 1.32447e+07 132.447 2.89304e+08
1e+10 1.32956e+07 132.956 2.87084e+08
1e+10 1.33467e+07 133.467 2.8488e+08
1e+10 1.33981e+07 133.981 2.82689e+08
1e+10 1.34496e+07 134.496 2.80519e+08
1e+10 1.35013e+07 135.013 2.78365e+08
1e+10 1.35533e+07 135.533 2.76224e+08
1e+10 1.36054e+07 136.054 2.74103e+08
1e+10 1.36577e+07 136.577 2.71998e+08
1e+10 1.37103e+07 137.103 2.69906e+08
1e+10 1.3763e+07 137.63 2.67834e+08
1e+10 1.38159e+07 138.159 2.65777e+08
1e+10 1.38691e+07 138.691 2.63733e+08
1e+10 1.39224e+07 139.224 2.61708e+08
1e+10 1.3976e+07 139.76 2.59696e+08
1e+10 1.40297e+07 140.297 2.57703e+08
1e+10 1.40837e+07 140.837 2.55721e+08
1e+10 1.41379e+07 141.379 2.53755e+08
1e+10 1.41922e+07 141.922 2.51808e+08
1e+10 1.42468e+07 142.468 2.49873e+08
1e+10 1.43016e+07 143.016 2.47953e+08
1e+10 1.43566e+07 143.566 2.46048e+08
1e+10 1.44118e+07 144.118 2.44158e+08
1e+10 1.44673e+07 144.673 2.42279e+08
1e+10 1.45229e+07 145.229 2.40419e+08
1e+10 1.45788e+07 145.788 2.3857e+08
1e+10 1.46349e+07 146.349 2.36736e+08
1e+10 1.46911e+07 146.911 2.34919e+08
1e+10 1.47477e+07 147.477 2.33111e+08
1e+10 1.48044e+07 148.044 2.3132e+08
1e+10 1.48613e+07 148.613 2.29544e+08
1e+10 1.49185e+07 149.185 2.27778e+08
1e+10 1.49759e+07 149.759 2.26027e+08
1e+10 1.50335e+07 150.335 2.2429e+08
1e+10 1.50913e+07 150.913 2.22567e+08
1e+10 1.51493e+07 151.493 2.20858e+08
1e+10 1.52076e+07 152.076 2.19159e+08
1e+10 1.52661e+07 152.661 2.17474e+08
1e+10 1.53248e+07 153.248 2.15803e+08
1e+10 1.53838e+07 153.838 2.14143e+08
1e+10 1.54429e+07 154.429 2.12499e+08
1e+10 1.55023e+07 155.023 2.10865e+08
1e+10 1.5562e+07 155.62 2.09242e+08
1e+10 1.56218e+07 156.218 2.07635e+08
1e+10 1.56819e+07 156.819 2.06039e+08
1e+10 1.57422e+07 157.422 2.04455e+08
1e+10 1.58028e+07 158.028 2.02882e+08
1e+10 1.58635e+07 158.635 2.01324e+08
1e+10 1.59246e+07 159.246 1.99775e+08
1e+10 1.59858e+07 159.858 1.9824e+08
1e+10 1.60473e+07 160.473 1.96715e+08
1e+10 1.6109e+07 161.09 1.95204e+08
1e+10 1.6171e+07 161.71 1.93702e+08
1e+10 1.62332e+07 162.332 1.92212e+08
1e+10 1.62956e+07 162.956 1.90735e+08
1e+10 1.63583e+07 163.583 1.89268e+08
1e+10 1.64212e+07 164.212 1.87813e+08
1e+10 1.64844e+07 164.844 1.86368e+08
1e+10 1.65478e+07 165.478 1.84935e+08
1e+10 1.66114e+07 166.114 1.83514e+08
1e+10 1.66753e+07 166.753 1.82103e+08
1e+10 1.67395e+07 167.395 1.80701e+08
1e+10 1.68038e+07 168.038 1.79313e+08
1e+10 1.68685e+07 168.685 1.77933e+08
1e+10 1.69334e+07 169.334 1.76564e+08
1e+10 1.69985e+07 169.985 1.75207e+08
1e+10 1.70639e+07 170.639 1.73859e+08
1e+10 1.71295e+07 171.295 1.72523e+08
1e+10 1.71954e+07 171.954 1.71195e+08
1e+10 1.72615e+07 172.615 1.69879e+08
1e+10 1.73279e+07 173.279 1.68573e+08
1e+10 1.73946e+07 173.946 1.67275e+08
1e+10 1.74615e+07 174.615 1.65989e+08
1e+10 1.75286e+07 175.286 1.64713e+08
1e+10 1.7596e+07 175.96 1.63446e+08
1e+10 1.76637e+07 176.637 1.62189e+08
1e+10 1.77317e+07 177.317 1.6094e+08
1e+10 1.77999e+07 177.999 1.59702e+08
1e+10 1.78683e+07 178.683 1.58475e+08
1e+10 1.79371e+07 179.371 1.57254e+08
1e+10 1.80061e+07 180.061 1.56044e+08
1e+10 1.80753e+07 180.753 1.54845e+08
1e+10 1.81448e+07 181.448 1.53654e+08
1e+10 1.82146e+07 182.146 1.52471e+08
1e+10 1.82847e+07 182.847 1.51298e+08
1e+10 1.8355e+07 183.55 1.50134e+08
1e+10 1.84256e+07 184.256 1.48979e+08
1e+10 1.84965e+07 184.965 1.47832e+08
1e+10 1.85676e+07 185.676 1.46695e+08
1e+10 1.8639e+07 186.39 1.45567e+08
1e+10 1.87107e+07 187.107 1.44447e+08
1e+10 1.87827e+07 187.827 1.43335e+08
1e+10 1.88549e+07 188.549 1.42232e+08
1e+10 1.89275e+07 189.275 1.41137e+08
1e+10 1.90003e+07 190.003 1.4005e+08
1e+10 1.90733e+07 190.733 1.38974e+08
1e+10 1.91467e+07 191.467 1.37904e+08
1e+10 1.92203e+07 192.203 1.36843e+08
1e+10 1.92943e+07 192.943 1.35789e+08
1e+10 1.93685e+07 193.685 1.34744e+08
1e+10 1.9443e+07 194.43 1.33707e+08
1e+10 1.95178e+07 195.178 1.32678e+08
1e+10 1.95928e+07 195.928 1.31657e+08
1e+10 1.96682e+07 196.682 1.30643e+08
1e+10 1.97438e+07 197.438 1.29638e+08
1e+10 1.98198e+07 198.198 1.2864e+08
1e+10 1.9896e+07 198.96 1.2765e+08
1e+10 1.99725e+07 199.725 1.26668e+08
1e+10 2.00494e+07 200.494 1.25692e+08
1e+10 2.01265e+07 201.265 1.24724e+08
1e+10 2.02039e+07 202.039 1.23764e+08
1e+10 2.02816e+07 202.816 1.22811e+08
1e+10 2.03596e+07 203.596 1.21866e+08
1e+10 2.04379e+07 204.379 1.20928e+08
1e+10 2.05165e+07 205.165 1.19997e+08
1e+10 2.05954e+07 205.954 1.19073e+08
1e+10 2.06747e+07 206.747 1.18155e+08
1e+10 2.07542e+07 207.542 1.17246e+08
1e+10 2.0834e+07 208.34 1.16343e+08
1e+10 2.09141e+07 209.141 1.15448e+08
1e+10 2.09946e+07 209.946 1.14558e+08
1e+10 2.10753e+07 210.753 1.13677e+08
1e+10 2.11564e+07 211.564 1.12801e+08
1e+10 2.12378e+07 212.378 1.11932e+08
1e+10 2.13195e+07 213.195 1.1107e+08
1e+10 2.14015e+07 214.015 1.10214e+08
1e+10 2.14838e+07 214.838 1.09366e+08
1e+10 2.15664e+07 215.664 1.08524e+08
1e+10 2.16494e+07 216.494 1.07687e+08
1e+10 2.17326e+07 217.326 1.06859e+08
1e+10 2.18162e+07 218.162 1.06036e+08
1e+10 2.19001e+07 219.001 1.05219e+08
1e+10 2.19844e+07 219.844 1.04408e+08
1e+10 2.20689e+07 220.689 1.03604e+08
1e+10 2.21538e+07 221.538 1.02806e+08
1e+10 2.2239e+07 222.39 1.02014e+08
1e+10 2.23246e+07 223.246 1.01228e+08
1e+10 2.24104e+07 224.104 1.00448e+08
1e+10 2.24966e+07 224.966 9.96745e+07
1e+10 2.25832e+07 225.832 9.89059e+07
1e+10 2.267e+07 226.7 9.81444e+07
1e+10 2.27572e+07 227.572 9.73882e+07
1e+10 2.28447e+07 228.447 9.66381e+07
1e+10 2.29326e+07 229.326 9.58933e+07
1e+10 2.30208e+07 230.208 9.51544e+07
1e+10 2.31094e+07 231.094 9.44208e+07
1e+10 2.31982e+07 231.982 9.36939e+07
1e+10 2.32875e+07 232.875 9.29713e+07
1e+10 2.3377e+07 233.77 9.22554e+07
1e+10 2.3467e+07 234.67 9.15438e+07
1e+10 2.35572e+07 235.572 9.08388e+07
1e+10 2.36478e+07 236.478 9.01388e+07
1e+10 2.37388e+07 237.388 8.94437e+07
1e+10 2.38301e+07 238.301 8.87544e+07
1e+10 2.39217e+07 239.217 8.80708e+07
1e+10 2.40138e+07 240.138 8.73913e+07
1e+10 2.41061e+07 241.061 8.67182e+07
1e+10 2.41988e+07 241.988 8.60499e+07
1e+10 2.42919e+07 242.919 8.53864e+07
1e+10 2.43854e+07 243.854 8.47277e+07
1e+10 2.44791e+07 244.791 8.40752e+07
1e+10 2.45733e+07 245.733 8.34268e+07
1e+10 2.46678e+07 246.678 8.27837e+07
1e+10 2.47627e+07 247.627 8.21454e+07
1e+10 2.48579e+07 248.579 8.15123e+07
1e+10 2.49536e+07 249.536 8.08833e+07
1e+10 2.50495e+07 250.495 8.02602e+07
1e+10 2.51459e+07 251.459 7.9641e+07
1e+10 2.52426e+07 252.426 7.9027e+07
1e+10 2.53397e+07 253.397 7.84176e+07
1e+10 2.54372e+07 254.372 7.78127e+07
1e+10 2.5535e+07 255.35 7.72129e+07
1e+10 2.56332e+07 256.332 7.66176e+07
1e+10 2.57318e+07 257.318 7.60267e+07
1e+10 2.58308e+07 258.308 7.54402e+07
1e+10 2.59301e+07 259.301 7.48587e+07
1e+10 2.60299e+07 260.299 7.42809e+07
1e+10 2.613e+07 261.3 7.37081e+07
1e+10 2.62305e+07 262.305 7.31396e+07
1e+10 2.63314e+07 263.314 7.25754e+07
1e+10 2.64327e+07 264.327 7.20155e+07
1e+10 2.65343e+07 265.343 7.14604e+07
1e+10 2.66364e+07 266.364 7.09089e+07
1e+10 2.67388e+07 267.388 7.03622e+07
1e+10 2.68417e+07 268.417 6.98191e+07
1e+10 2.69449e+07 269.449 6.92806e+07
1e+10 2.70486e+07 270.486 6.87458e+07
1e+10 2.71526e+07 271.526 6.82156e+07
1e+10 2.7257e+07 272.57 6.76895e+07
1e+10 2.73619e+07 273.619 6.71669e+07
1e+10 2.74671e+07 274.671 6.66488e+07
1e+10 2.75728e+07 275.728 6.61343e+07
1e+10 2.76788e+07 276.788 6.56242e+07
1e+10 2.77853e+07 277.853 6.51176e+07
1e+10 2.78921e+07 278.921 6.46155e+07
1e+10 2.79994e+07 279.994 6.41167e+07
1e+10 2.81071e+07 281.071 6.36219e+07
1e+10 2.82152e+07 282.152 6.31309e+07
1e+10 2.83237e+07 283.237 6.26437e+07
1e+10 2.84327e+07 284.327 6.216e+07
1e+10 2.8542e+07 285.42 6.16805e+07
1e+10 2.86518e+07 286.518 6.12043e+07
1e+10 2.8762e+07 287.62 6.07319e+07
1e+10 2.88727e+07 288.727 6.02627e+07
1e+10 2.89837e+07 289.837 5.97977e+07
1e+10 2.90952e+07 290.952 5.9336e+07
1e+10 2.92071e+07 292.071 5.8878e+07
1e+10 2.93194e+07 293.194 5.84236e+07
1e+10 2.94322e+07 294.322 5.79724e+07
1e+10 2.95454e+07 295.454 5.75248e+07
1e+10 2.96591e+07 296.591 5.70804e+07
1e+10 2.97731e+07 297.731 5.664e+07
1e+10 2.98877e+07 298.877 5.62023e+07
1e+10 3.00026e+07 300.026 5.57685e+07
1e+10 3.0118e+07 301.18 5.53378e+07
1e+10 3.02339e+07 302.339 5.49103e+07
1e+10 3.03501e+07 303.501 5.44865e+07
1e+10 3.04669e+07 304.669 5.40655e+07
1e+10 3.05841e+07 305.841 5.36478e+07
1e+10 3.07017e+07 307.017 5.32336e+07
1e+10 3.08198e+07 308.198 5.28224e+07
1e+10 3.09383e+07 309.383 5.24145e+07
1e+10 3.10573e+07 310.573 5.20096e+07
1e+10 3.11768e+07 311.768 5.16077e+07
1e+10 3.12967e+07 312.967 5.12091e+07
1e+10 3.14171e+07 314.171 5.08134e+07
1e+10 3.15379e+07 315.379 5.04209e+07
1e+10 3.16592e+07 316.592 5.00314e+07
1e+10 3.1781e+07 317.81 4.96447e+07
1e+10 3.19032e+07 319.032 4.92613e+07
1e+10 3.20259e+07 320.259 4.88807e+07
1e+10 3.21491e+07 321.491 4.85029e+07
1e+10 3.22728e+07 322.728 4.81279e+07
1e+10 3.23969e+07 323.969 4.77561e+07
1e+10 3.25215e+07 325.215 4.73871e+07
1e+10 3.26466e+07 326.466 4.70208e+07
1e+10 3.27722e+07 327.722 4.66573e+07
1e+10 3.28982e+07 328.982 4.62968e+07
1e+10 3.30248e+07 330.248 4.59388e+07
1e+10 3.31518e+07 331.518 4.55838e+07
1e+10 3.32793e+07 332.793 4.52315e+07
1e+10 3.34073e+07 334.073 4.48818e+07
1e+10 3.35358e+07 335.358 4.45348e+07
1e+10 3.36648e+07 336.648 4.41905e+07
1e+10 3.37943e+07 337.943 4.38488e+07
1e+10 3.39242e+07 339.242 4.351e+07
1e+10 3.40547e+07 340.547 4.31736e+07
1e+10 3.41857e+07 341.857 4.28397e+07
1e+10 3.43172e+07 343.172 4.25084e+07
1e+10 3.44492e+07 344.492 4.21797e+07
1e+10 3.45817e+07 345.817 4.18535e+07
1e+10 3.47147e+07 347.147 4.15299e+07
1e+10 3.48482e+07 348.482 4.12088e+07
1e+10 3.49823e+07 349.823 4.08899e+07
1e+10 3.51168e+07 351.168 4.05738e+07
1e+10 3.52519e+07 352.519 4.02599e+07
1e+10 3.53875e+07 353.875 3.99485e+07
1e+10 3.55236e+07 355.236 3.96395e+07
1e+10 3.56602e+07 356.602 3.93329e+07
1e+10 3.57974e+07 357.974 3.90285e+07
1e+10 3.59351e+07 359.351 3.87266e+07
1e+10 3.60733e+07 360.733 3.8427e+07
1e+10 3.6212e+07 362.12 3.81298e+07
1e+10 3.63513e+07 363.513 3.78347e+07
1e+10 3.64911e+07 364.911 3.7542e+07
1e+10 3.66315e+07 366.315 3.72514e+07
1e+10 3.67724e+07 367.724 3.69632e+07
1e+10 3.69138e+07 369.138 3.66772e+07
1e+10 3.70558e+07 370.558 3.63933e+07
1e+10 3.71983e+07 371.983 3.61117e+07
1e+10 3.73414e+07 373.414 3.58322e+07
1e+10 3.7485e+07 374.85 3.55549e+07
1e+10 3.76292e+07 376.292 3.52796e+07
1e+10 3.77739e+07 377.739 3.50066e+07
1e+10 3.79192e+07 379.192 3.47356e+07
1e+10 3.80651e+07 380.651 3.44666e+07
1e+10 3.82115e+07 382.115 3.41998e+07
1e+10 3.83585e+07 383.585 3.3935e+07
1e+10 3.8506e+07 385.06 3.36723e+07
1e+10 3.86541e+07 386.541 3.34116e+07
1e+10 3.88028e+07 388.028 3.31529e+07
1e+10 3.8952e+07 389.52 3.28962e+07
1e+10 3.91019e+07 391.019 3.26414e+07
1e+10 3.92523e+07 392.523 3.23886e+07
1e+10 3.94032e+07 394.032 3.21379e+07
1e+10 3.95548e+07 395.548 3.18889e+07
1e+10 3.97069e+07 397.069 3.1642e+07
1e+10 3.98597e+07 398.597 3.13968e+07
1e+10 4.0013e+07 400.13 3.11536e+07
1e+10 4.01669e+07 401.669 3.09123e+07
1e+10 4.03214e+07 403.214 3.06728e+07
1e+10 4.04764e+07 404.764 3.04353e+07
1e+10 4.06321e+07 406.321 3.01995e+07
1e+10 4.07884e+07 407.884 2.99655e+07
1e+10 4.09453e+07 409.453 2.97333e+07
1e+10 4.11028e+07 411.028 2.95029e+07
1e+10 4.12609e+07 412.609 2.92742e+07
1e+10 4.14196e+07 414.196 2.90474e+07
1e+10 4.15789e+07 415.789 2.88223e+07
1e+10 4.17388e+07 417.388 2.8599e+07
1e+10 4.18994e+07 418.994 2.83772e+07
1e+10 4.20605e+07 420.605 2.81573e+07
1e+10 4.22223e+07 422.223 2.79391e+07
1e+10 4.23847e+07 423.847 2.77225e+07
1e+10 4.25477e+07 425.477 2.75076e+07
1e+10 4.27114e+07 427.114 2.72943e+07
1e+10 4.28757e+07 428.757 2.70827e+07
1e+10 4.30406e+07 430.406 2.68727e+07
1e+10 4.32061e+07 432.061 2.66644e+07
1e+10 4.33723e+07 433.723 2.64576e+07
1e+10 4.35391e+07 435.391 2.62525e+07
1e+10 4.37066e+07 437.066 2.60489e+07
1e+10 4.38747e+07 438.747 2.58469e+07
1e+10 4.40434e+07 440.434 2.56465e+07
1e+10 4.42129e+07 442.129 2.54475e+07
1e+10 4.43829e+07 443.829 2.52502e+07
1e+10 4.45536e+07 445.536 2.50543e+07
1e+10 4.4725e+07 447.25 2.48599e+07
1e+10 4.4897e+07 448.97 2.46671e+07
1e+10 4.50697e+07 450.697 2.44757e+07
1e+10 4.5243e+07 452.43 2.42859e+07
1e+10 4.54171e+07 454.171 2.40974e+07
1e+10 4.55918e+07 455.918 2.39104e+07
1e+10 4.57671e+07 457.671 2.37249e+07
1e+10 4.59431e+07 459.431 2.35408e+07
1e+10 4.61199e+07 461.199 2.33581e+07
1e+10 4.62972e+07 462.972 2.31769e+07
1e+10 4.64753e+07 464.753 2.2997e+07
1e+10 4.66541e+07 466.541 2.28184e+07
1e+10 4.68335e+07 468.335 2.26414e+07
1e+10 4.70137e+07 470.137 2.24656e+07
1e+10 4.71945e+07 471.945 2.22912e+07
1e+10 4.7376e+07 473.76 2.21182e+07
1e+10 4.75582e+07 475.582 2.19465e+07
1e+10 4.77412e+07 477.412 2.1776e+07
1e+10 4.79248e+07 479.248 2.16069e+07
1e+10 4.81091e+07 481.091 2.14392e+07
1e+10 4.82942e+07 482.942 2.12726e+07
1e+10 4.84799e+07 484.799 2.11075e+07
1e+10 4.86664e+07 486.664 2.09435e+07
1e+10 4.88536e+07 488.536 2.07809e+07
1e+10 4.90415e+07 490.415 2.06194e+07
1e+10 4.92301e+07 492.301 2.04593e+07
1e+10 4.94195e+07 494.195 2.03003e+07
1e+10 4.96095e+07 496.095 2.01427e+07
1e+10 4.98004e+07 498.004 1.99861e+07
1e+10 4.99919e+07 499.919 1.98309e+07
1e+10 5.01842e+07 501.842 1.96768e+07
1e+10 5.03772e+07 503.772 1.95239e+07
1e+10 5.0571e+07 505.71 1.93722e+07
1e+10 5.07655e+07 507.655 1.92216e+07
1e+10 5.09607e+07 509.607 1.90723e+07
1e+10 5.11568e+07 511.568 1.8924e+07
1e+10 5.13535e+07 513.535 1.8777e+07
1e+10 5.1551e+07 515.51 1.8631e+07
1e+10 5.17493e+07 517.493 1.84862e+07
1e+10 5.19484e+07 519.484 1.83424e+07
1e+10 5.21482e+07 521.482 1.81998e+07
1e+10 5.23487e+07 523.487 1.80584e+07
1e+10 5.25501e+07 525.501 1.79179e+07
1e+10 5.27522e+07 527.522 1.77786e+07
1e+10 5.29551e+07 529.551 1.76404e+07
1e+10 5.31588e+07 531.588 1.75032e+07
1e+10 5.33633e+07 533.633 1.7367e+07
1e+10 5.35685e+07 535.685 1.7232e+07
1e+10 5.37746e+07 537.746 1.70979e+07
1e+10 5.39814e+07 539.814 1.69649e+07
1e+10 5.4189e+07 541.89 1.6833e+07
1e+10 5.43974e+07 543.974 1.6702e+07
1e+10 5.46067e+07 546.067 1.6572e+07
1e+10 5.48167e+07 548.167 1.64431e+07
1e+10 5.50276e+07 550.276 1.63151e+07
1e+10 5.52392e+07 552.392 1.61882e+07
1e+10 5.54517e+07 554.517 1.60622e+07
1e+10 5.5665e+07 556.65 1.59372e+07
1e+10 5.58791e+07 558.791 1.58131e+07
1e+10 5.6094e+07 560.94 1.56901e+07
1e+10 5.63097e+07 563.097 1.5568e+07
1e+10 5.65263e+07 565.263 1.54468e+07
1e+10 5.67437e+07 567.437 1.53265e+07
1e+10 5.6962e+07 569.62 1.52072e+07
1e+10 5.71811e+07 571.811 1.50887e+07
1e+10 5.7401e+07 574.01 1.49713e+07
1e+10 5.76218e+07 576.218 1.48547e+07
1e+10 5.78434e+07 578.434 1.4739e+07
1e+10 5.80659e+07 580.659 1.46242e+07
1e+10 5.82893e+07 582.893 1.45103e+07
1e+10 5.85135e+07 585.135 1.43972e+07
1e+10 5.87385e+07 587.385 1.42851e+07
1e+10 5.89644e+07 589.644 1.41738e+07
1e+10 5.91912e+07 591.912 1.40634e+07
1e+10 5.94189e+07 594.189 1.39538e+07
1e+10 5.96474e+07 596.474 1.38451e+07
1e+10 5.98769e+07 598.769 1.37372e+07
1e+10 6.01072e+07 601.072 1.36301e+07
1e+10 6.03384e+07 603.384 1.35239e+07
1e+10 6.05704e+07 605.704 1.34185e+07
1e+10 6.08034e+07 608.034 1.33139e+07
1e+10 6.10373e+07 610.373 1.32101e+07
1e+10 6.12721e+07 612.721 1.31071e+07
1e+10 6.15077e+07 615.077 1.3005e+07
1e+10 6.17443e+07 617.443 1.29036e+07
1e+10 6.19818e+07 619.818 1.28029e+07
1e+10 6.22202e+07 622.202 1.27031e+07
1e+10 6.24595e+07 624.595 1.26041e+07
1e+10 6.26997e+07 626.997 1.25058e+07
1e+10 6.29409e+07 629.409 1.24082e+07
1e+10 6.3183e+07 631.83 1.23114e+07
1e+10 6.3426e+07 634.26 1.22154e+07
1e+10 6.367e+07 636.7 1.21201e+07
1e+10 6.39149e+07 639.149 1.20255e+07
1e+10 6.41607e+07 641.607 1.19317e+07
1e+10 6.44075e+07 644.075 1.18386e+07
1e+10 6.46552e+07 646.552 1.17462e+07
1e+10 6.49039e+07 649.039 1.16545e+07
1e+10 6.51535e+07 651.535 1.15636e+07
1e+10 6.54041e+07 654.041 1.14733e+07
1e+10 6.56557e+07 656.557 1.13838e+07
1e+10 6.59082e+07 659.082 1.12949e+07
1e+10 6.61617e+07 661.617 1.12067e+07
1e+10 6.64162e+07 664.162 1.11192e+07
1e+10 6.66717e+07 666.717 1.10324e+07
1e+10 6.69281e+07 669.281 1.09463e+07
1e+10 6.71855e+07 671.855 1.08608e+07
1e+10 6.74439e+07 674.439 1.0776e+07
1e+10 6.77034e+07 677.034 1.06918e+07
1e+10 6.79638e+07 679.638 1.06083e+07
1e+10 6.82252e+07 682.252 1.05254e+07
1e+10 6.84876e+07 684.876 1.04432e+07
1e+10 6.8751e+07 687.51 1.03616e+07
1e+10 6.90154e+07 690.154 1.02806e+07
1e+10 6.92809e+07 692.809 1.02003e+07
1e+10 6.95474e+07 695.474 1.01206e+07
1e+10 6.98149e+07 698.149 1.00415e+07
1e+10 7.00834e+07 700.834 9.96298e+06
1e+10 7.0353e+07 703.53 9.88509e+06
1e+10 7.06236e+07 706.236 9.80782e+06
1e+10 7.08952e+07 708.952 9.73115e+06
1e+10 7.11679e+07 711.679 9.65506e+06
1e+10 7.14416e+07 714.416 9.57958e+06
1e+10 7.17164e+07 717.164 9.50466e+06
1e+10 7.19923e+07 719.923 9.43031e+06
1e+10 7.22692e+07 722.692 9.35656e+06
1e+10 7.25471e+07 725.471 9.28339e+06
1e+10 7.28262e+07 728.262 9.21076e+06
1e+10 7.31063e+07 731.063 9.13871e+06
1e+10 7.33875e+07 733.875 9.0672e+06
1e+10 7.36697e+07 736.697 8.99628e+06
1e+10 7.39531e+07 739.531 8.92587e+06
1e+10 7.42375e+07 742.375 8.85603e+06
1e+10 7.45231e+07 745.231 8.78671e+06
1e+10 7.48097e+07 748.097 8.71794e+06
1e+10 7.50975e+07 750.975 8.64969e+06
1e+10 7.53863e+07 753.863 8.58199e+06
1e+10 7.56763e+07 756.763 8.51479e+06
1e+10 7.59673e+07 759.673 8.44814e+06
1e+10 7.62595e+07 762.595 8.38199e+06
1e+10 7.65528e+07 765.528 8.31635e+06
1e+10 7.68473e+07 768.473 8.25121e+06
1e+10 7.71429e+07 771.429 8.18658e+06
1e+10 7.74396e+07 774.396 8.12246e+06
1e+10 7.77374e+07 777.374 8.05884e+06
1e+10 7.80364e+07 780.364 7.9957e+06
1e+10 7.83366e+07 783.366 7.93305e+06
1e+10 7.86379e+07 786.379 7.87089e+06
1e+10 7.89404e+07 789.404 7.8092e+06
1e+10 7.9244e+07 792.44 7.74801e+06
1e+10 7.95488e+07 795.488 7.68728e+06
1e+10 7.98548e+07 798.548 7.62701e+06
1e+10 8.01619e+07 801.619 7.56723e+06
1e+10 8.04702e+07 804.702 7.50791e+06
1e+10 8.07797e+07 807.797 7.44905e+06
1e+10 8.10904e+07 810.904 7.39064e+06
1e+10 8.14023e+07 814.023 7.33268e+06
1e+10 8.17154e+07 817.154 7.27517e+06
1e+10 8.20297e+07 820.297 7.21811e+06
1e+10 8.23452e+07 823.452 7.16149e+06
1e+10 8.2662e+07 826.62 7.1053e+06
1e+10 8.29799e+07 829.799 7.04956e+06
1e+10 8.32991e+07 832.991 6.99424e+06
1e+10 8.36195e+07 836.195 6.93936e+06
1e+10 8.39411e+07 839.411 6.8849e+06
1e+10 8.4264e+07 842.64 6.83086e+06
1e+10 8.45881e+07 845.881 6.77724e+06
1e+10 8.49134e+07 849.134 6.72405e+06
1e+10 8.524e+07 852.4 6.67126e+06
1e+10 8.55679e+07 855.679 6.61888e+06
1e+10 8.5897e+07 858.97 6.56691e+06
1e+10 8.62274e+07 862.274 6.51534e+06
1e+10 8.6559e+07 865.59 6.46417e+06
1e+10 8.6892e+07 868.92 6.41339e+06
1e+10 8.72262e+07 872.262 6.36301e+06
1e+10 8.75617e+07 875.617 6.31303e+06
1e+10 8.78985e+07 878.985 6.26342e+06
1e+10 8.82366e+07 882.366 6.21421e+06
1e+10 8.85759e+07 885.759 6.16539e+06
1e+10 8.89166e+07 889.166 6.11693e+06
1e+10 8.92586e+07 892.586 6.06885e+06
1e+10 8.96019e+07 896.019 6.02115e+06
1e+10 8.99466e+07 899.466 5.97381e+06
1e+10 9.02925e+07 902.925 5.92685e+06
1e+10 9.06398e+07 906.398 5.88024e+06
1e+10 9.09885e+07 909.885 5.83399e+06
1e+10 9.13384e+07 913.384 5.78812e+06
1e+10 9.16897e+07 916.897 5.7426e+06
1e+10 9.20424e+07 920.424 5.69742e+06
1e+10 9.23964e+07 923.964 5.6526e+06
1e+10 9.27518e+07 927.518 5.60813e+06
1e+10 9.31086e+07 931.086 5.56399e+06
1e+10 9.34667e+07 934.667 5.52021e+06
1e+10 9.38262e+07 938.262 5.47677e+06
1e+10 9.41871e+07 941.871 5.43366e+06
1e+10 9.45494e+07 945.494 5.39088e+06
1e+10 9.4913e+07 949.13 5.34845e+06
1e+10 9.52781e+07 952.781 5.30634e+06
1e+10 9.56445e+07 956.445 5.26456e+06
1e+10 9.60124e+07 960.124 5.2231e+06
1e+10 9.63817e+07 963.817 5.18196e+06
1e+10 9.67524e+07 967.524 5.14115e+06
1e+10 9.71246e+07 971.246 5.10064e+06
1e+10 9.74981e+07 974.981 5.06046e+06
1e+10 9.78731e+07 978.731 5.02059e+06
1e+10 9.82496e+07 982.496 4.98102e+06
1e+10 9.86275e+07 986.275 4.94177e+06
1e+10 9.90068e+07 990.068 4.90282e+06
1e+10 9.93877e+07 993.877 4.86417e+06
1e+10 9.97699e+07 997.699 4.82583e+06
1e+10 1.00154e+08 1001.54 4.78774e+06
1e+10 1.00539e+08 1005.39 4.75001e+06
1e+10 1.00926e+08 1009.26 4.71252e+06
1e+10 1.01314e+08 1013.14 4.67537e+06
1e+10 1.01703e+08 1017.03 4.63856e+06
1e+10 1.02095e+08 1020.95 4.60189e+06
1e+10 1.02487e+08 1024.87 4.56565e+06
1e+10 1.02882e+08 1028.82 4.52955e+06
1e+10 1.03277e+08 1032.77 4.49387e+06
1e+10 1.03674e+08 1036.74 4.45842e+06
1e+10 1.04073e+08 1040.73 4.42321e+06
1e+10 1.04474e+08 1044.74 4.38823e+06
1e+10 1.04875e+08 1048.75 4.35366e+06
1e+10 1.05279e+08 1052.79 4.31923e+06
1e+10 1.05684e+08 1056.84 4.28512e+06
1e+10 1.0609e+08 1060.9 4.25132e+06
1e+10 1.06498e+08 1064.98 4.21774e+06
1e+10 1.06908e+08 1069.08 4.18439e+06
1e+10 1.07319e+08 1073.19 4.15135e+06
1e+10 1.07732e+08 1077.32 4.11853e+06
1e+10 1.08146e+08 1081.46 4.08601e+06
1e+10 1.08562e+08 1085.62 4.05372e+06
1e+10 1.0898e+08 1089.8 4.02164e+06
1e+10 1.09399e+08 1093.99 3.98987e+06
1e+10 1.0982e+08 1098.2 3.95831e+06
1e+10 1.10242e+08 1102.42 3.92704e+06
1e+10 1.10666e+08 1106.66 3.89598e+06
1e+10 1.11092e+08 1110.92 3.86515e+06
1e+10 1.11519e+08 1115.19 3.83459e+06
1e+10 1.11948e+08 1119.48 3.80426e+06
1e+10 1.12379e+08 1123.79 3.77413e+06
1e+10 1.12811e+08 1128.11 3.74428e+06
1e+10 1.13245e+08 1132.45 3.71464e+06
1e+10 1.1368e+08 1136.8 3.68528e+06
1e+10 1.14118e+08 1141.18 3.65606e+06
1e+10 1.14556e+08 1145.56 3.62718e+06
1e+10 1.14997e+08 1149.97 3.59844e+06
1e+10 1.15439e+08 1154.39 3.56996e+06
1e+10 1.15883e+08 1158.83 3.54169e+06
1e+10 1.16329e+08 1163.29 3.51362e+06
1e+10 1.16777e+08 1167.77 3.48575e+06
1e+10 1.17226e+08 1172.26 3.45815e+06
1e+10 1.17677e+08 1176.77 3.43074e+06
1e+10 1.18129e+08 1181.29 3.40359e+06
1e+10 1.18584e+08 1185.84 3.37658e+06
1e+10 1.1904e+08 1190.4 3.34982e+06
1e+10 1.19498e+08 1194.98 3.32326e+06
1e+10 1.19957e+08 1199.57 3.29694e+06
1e+10 1.20419e+08 1204.19 3.27076e+06
1e+10 1.20882e+08 1208.82 3.24483e+06
1e+10 1.21347e+08 1213.47 3.2191e+06
1e+10 1.21813e+08 1218.13 3.1936e+06
1e+10 1.22282e+08 1222.82 3.16824e+06
1e+10 1.22752e+08 1227.52 3.14312e+06
1e+10 1.23224e+08 1232.24 3.11818e+06
1e+10 1.23698e+08 1236.98 3.09343e+06
1e+10 1.24174e+08 1241.74 3.06886e+06
1e+10 1.24652e+08 1246.52 3.04448e+06
1e+10 1.25131e+08 1251.31 3.02033e+06
1e+10 1.25613e+08 1256.13 2.99631e+06
1e+10 1.26096e+08 1260.96 2.97252e+06
1e+10 1.26581e+08 1265.81 2.94891e+06
1e+10 1.27068e+08 1270.68 2.92548e+06
1e+10 1.27556e+08 1275.56 2.90227e+06
1e+10 1.28047e+08 1280.47 2.87919e+06
1e+10 1.28539e+08 1285.39 2.85633e+06
1e+10 1.29034e+08 1290.34 2.8336e+06
1e+10 1.2953e+08 1295.3 2.81109e+06
1e+10 1.30028e+08 1300.28 2.78874e+06
1e+10 1.30528e+08 1305.28 2.76657e+06
1e+10 1.31031e+08 1310.31 2.74453e+06
1e+10 1.31535e+08 1315.35 2.7227e+06
1e+10 1.3204e+08 1320.4 2.70108e+06
1e+10 1.32548e+08 1325.48 2.67958e+06
1e+10 1.33058e+08 1330.58 2.65825e+06
1e+10 1.3357e+08 1335.7 2.63709e+06
1e+10 1.34084e+08 1340.84 2.61609e+06
1e+10 1.34599e+08 1345.99 2.59529e+06
1e+10 1.35117e+08 1351.17 2.57462e+06
1e+10 1.35637e+08 1356.37 2.5541e+06
1e+10 1.36158e+08 1361.58 2.53379e+06
1e+10 1.36682e+08 1366.82 2.5136e+06
1e+10 1.37208e+08 1372.08 2.49356e+06
1e+10 1.37736e+08 1377.36 2.47368e+06
1e+10 1.38265e+08 1382.65 2.454e+06
1e+10 1.38797e+08 1387.97 2.43443e+06
1e+10 1.39331e+08 1393.31 2.41502e+06
1e+10 1.39867e+08 1398.67 2.39577e+06
1e+10 1.40405e+08 1404.05 2.37666e+06
1e+10 1.40945e+08 1409.45 2.35771e+06
1e+10 1.41487e+08 1414.87 2.33891e+06
1e+10 1.42031e+08 1420.31 2.32026e+06
1e+10 1.42578e+08 1425.78 2.30172e+06
1e+10 1.43126e+08 1431.26 2.28337e+06
1e+10 1.43677e+08 1436.77 2.26513e+06
1e+10 1.44229e+08 1442.29 2.24707e+06
1e+10 1.44784e+08 1447.84 2.22913e+06
1e+10 1.45341e+08 1453.41 2.21132e+06
1e+10 1.459e+08 1459 2.19367e+06
1e+10 1.46461e+08 1464.61 2.17615e+06
1e+10 1.47024e+08 1470.24 2.15878e+06
1e+10 1.4759e+08 1475.9 2.14152e+06
1e+10 1.48157e+08 1481.57 2.12443e+06
1e+10 1.48727e+08 1487.27 2.10744e+06
1e+10 1.49299e+08 1492.99 2.0906e+06
1e+10 1.49874e+08 1498.74 2.07387e+06
1e+10 1.5045e+08 1504.5 2.0573e+06
1e+10 1.51029e+08 1510.29 2.04084e+06
1e+10 1.5161e+08 1516.1 2.02451e+06
1e+10 1.52193e+08 1521.93 2.00832e+06
1e+10 1.52778e+08 1527.78 1.99227e+06
1e+10 1.53366e+08 1533.66 1.97631e+06
1e+10 1.53956e+08 1539.56 1.9605e+06
1e+10 1.54548e+08 1545.48 1.94481e+06
1e+10 1.55142e+08 1551.42 1.92925e+06
1e+10 1.55739e+08 1557.39 1.9138e+06
1e+10 1.56338e+08 1563.38 1.89847e+06
1e+10 1.56939e+08 1569.39 1.88327e+06
1e+10 1.57543e+08 1575.43 1.86818e+06
1e+10 1.58149e+08 1581.49 1.85321e+06
1e+10 1.58757e+08 1587.57 1.83836e+06
1e+10 1.59368e+08 1593.68 1.82362e+06
1e+10 1.59981e+08 1599.81 1.809e+06
1e+10 1.60596e+08 1605.96 1.79451e+06
1e+10 1.61214e+08 1612.14 1.78011e+06
1e+10 1.61834e+08 1618.34 1.76584e+06
1e+10 1.62456e+08 1624.56 1.75168e+06
1e+10 1.63081e+08 1630.81 1.73763e+06
1e+10 1.63709e+08 1637.09 1.72367e+06
1e+10 1.64338e+08 1643.38 1.70985e+06
1e+10 1.6497e+08 1649.7 1.69613e+06
1e+10 1.65605e+08 1656.05 1.6825e+06
1e+10 1.66242e+08 1662.42 1.66899e+06
1e+10 1.66881e+08 1668.81 1.65559e+06
1e+10 1.67523e+08 1675.23 1.64229e+06
1e+10 1.68167e+08 1681.67 1.62911e+06
1e+10 1.68814e+08 1688.14 1.61601e+06
1e+10 1.69464e+08 1694.64 1.60301e+06
1e+10 1.70115e+08 1701.15 1.59014e+06
1e+10 1.7077e+08 1707.7 1.57735e+06
1e+10 1.71427e+08 1714.27 1.56466e+06
1e+10 1.72086e+08 1720.86 1.55208e+06
1e+10 1.72748e+08 1727.48 1.5396e+06
1e+10 1.73412e+08 1734.12 1.52722e+06
1e+10 1.74079e+08 1740.79 1.51493e+06
1e+10 1.74749e+08 1747.49 1.50273e+06
1e+10 1.75421e+08 1754.21 1.49064e+06
1e+10 1.76096e+08 1760.96 1.47863e+06
1e+10 1.76773e+08 1767.73 1.46673e+06
1e+10 1.77453e+08 1774.53 1.45492e+06
1e+10 1.78135e+08 1781.35 1.44321e+06
1e+10 1.78821e+08 1788.21 1.43157e+06
1e+10 1.79508e+08 1795.08 1.42005e+06
1e+10 1.80199e+08 1801.99 1.40859e+06
1e+10 1.80892e+08 1808.92 1.39724e+06
1e+10 1.81588e+08 1815.88 1.38597e+06
1e+10 1.82286e+08 1822.86 1.3748e+06
1e+10 1.82987e+08 1829.87 1.36371e+06
1e+10 1.83691e+08 1836.91 1.35271e+06
1e+10 1.84398e+08 1843.98 1.34179e+06
1e+10 1.85107e+08 1851.07 1.33096e+06
1e+10 1.85819e+08 1858.19 1.32022e+06
1e+10 1.86534e+08 1865.34 1.30956e+06
1e+10 1.87251e+08 1872.51 1.29899e+06
1e+10 1.87971e+08 1879.71 1.28851e+06
1e+10 1.88694e+08 1886.94 1.2781e+06
1e+10 1.8942e+08 1894.2 1.26777e+06
1e+10 1.90149e+08 1901.49 1.25752e+06
1e+10 1.9088e+08 1908.8 1.24736e+06
1e+10 1.91614e+08 1916.14 1.23728e+06
1e+10 1.92351e+08 1923.51 1.22727e+06
1e+10 1.93091e+08 1930.91 1.21735e+06
1e+10 1.93834e+08 1938.34 1.2075e+06
1e+10 1.94579e+08 1945.79 1.19774e+06
1e+10 1.95328e+08 1953.28 1.18804e+06
1e+10 1.96079e+08 1960.79 1.17842e+06
1e+10 1.96833e+08 1968.33 1.16889e+06
1e+10 1.9759e+08 1975.9 1.15943e+06
1e+10 1.9835e+08 1983.5 1.15004e+06
1e+10 1.99113e+08 1991.13 1.14072e+06
1e+10 1.99879e+08 1998.79 1.13148e+06
1e+10 2.00648e+08 2006.48 1.12231e+06
1e+10 2.01419e+08 2014.19 1.11322e+06
1e+10 2.02194e+08 2021.94 1.10419e+06
1e+10 2.02972e+08 2029.72 1.09524e+06
1e+10 2.03753e+08 2037.53 1.08635e+06
1e+10 2.04536e+08 2045.36 1.07755e+06
1e+10 2.05323e+08 2053.23 1.0688e+06
1e+10 2.06113e+08 2061.13 1.06013e+06
1e+10 2.06905e+08 2069.05 1.05153e+06
1e+10 2.07701e+08 2077.01 1.04299e+06
1e+10 2.085e+08 2085 1.03452e+06
1e+10 2.09302e+08 2093.02 1.02612e+06
1e+10 2.10107e+08 2101.07 1.01779e+06
1e+10 2.10915e+08 2109.15 1.00952e+06
1e+10 2.11727e+08 2117.27 1.00131e+06
1e+10 2.12541e+08 2125.41 993173
1e+10 2.13358e+08 2133.58 985104
1e+10 2.14179e+08 2141.79 977090
1e+10 2.15003e+08 2150.03 969142
1e+10 2.1583e+08 2158.3 961257
1e+10 2.1666e+08 2166.6 953437
1e+10 2.17493e+08 2174.93 945681
1e+10 2.1833e+08 2183.3 937979
1e+10 2.1917e+08 2191.7 930340
1e+10 2.20013e+08 2200.13 922764
1e+10 2.20859e+08 2208.59 915249
1e+10 2.21708e+08 2217.08 907797
1e+10 2.22561e+08 2225.61 900397
1e+10 2.23417e+08 2234.17 893059
1e+10 2.24276e+08 2242.76 885781
1e+10 2.25139e+08 2251.39 878555
1e+10 2.26005e+08 2260.05 871389
1e+10 2.26874e+08 2268.74 864283
1e+10 2.27747e+08 2277.47 857227
1e+10 2.28623e+08 2286.23 850231
1e+10 2.29502e+08 2295.02 843293
1e+10 2.30385e+08 2303.85 836405
1e+10 2.31271e+08 2312.71 829575
1e+10 2.32161e+08 2321.61 822795
1e+10 2.33054e+08 2330.54 816071
1e+10 2.3395e+08 2339.5 809405
1e+10 2.3485e+08 2348.5 802787
1e+10 2.35753e+08 2357.53 796225
1e+10 2.3666e+08 2366.6 789712
1e+10 2.3757e+08 2375.7 783254
1e+10 2.38484e+08 2384.84 776843
1e+10 2.39401e+08 2394.01 770488
1e+10 2.40322e+08 2403.22 764179
1e+10 2.41246e+08 2412.46 757925
1e+10 2.42174e+08 2421.74 751717
1e+10 2.43106e+08 2431.06 745555
1e+10 2.44041e+08 2440.41 739447
1e+10 2.44979e+08 2449.79 733391
1e+10 2.45922e+08 2459.22 727374
1e+10 2.46868e+08 2468.68 721410
1e+10 2.47817e+08 2478.17 715496
1e+10 2.4877e+08 2487.7 709628
1e+10 2.49727e+08 2497.27 703804
1e+10 2.50688e+08 2506.88 698025
1e+10 2.51652e+08 2516.52 692296
1e+10 2.5262e+08 2526.2 686611
1e+10 2.53592e+08 2535.92 680969
1e+10 2.54567e+08 2545.67 675377
1e+10 2.55546e+08 2555.46 669828
1e+10 2.56529e+08 2565.29 664322
1e+10 2.57516e+08 2575.16 658858
1e+10 2.58506e+08 2585.06 653443
1e+10 2.595e+08 2595 648069
1e+10 2.60499e+08 2604.99 642733
1e+10 2.615e+08 2615 637448
1e+10 2.62506e+08 2625.06 632200
1e+10 2.63516e+08 2635.16 626993
1e+10 2.6453e+08 2645.3 621827
1e+10 2.65547e+08 2655.47 616706
1e+10 2.66568e+08 2665.68 611626
1e+10 2.67594e+08 2675.94 606582
1e+10 2.68623e+08 2686.23 601582
1e+10 2.69656e+08 2696.56 596622
1e+10 2.70693e+08 2706.93 591702
1e+10 2.71734e+08 2717.34 586821
1e+10 2.7278e+08 2727.8 581974
1e+10 2.73829e+08 2738.29 577171
1e+10 2.74882e+08 2748.82 572406
1e+10 2.75939e+08 2759.39 567679
1e+10 2.77001e+08 2770.01 562987
1e+10 2.78066e+08 2780.66 558336
1e+10 2.79136e+08 2791.36 553719
1e+10 2.80209e+08 2802.09 549144
1e+10 2.81287e+08 2812.87 544601
1e+10 2.82369e+08 2823.69 540096
1e+10 2.83455e+08 2834.55 535627
1e+10 2.84545e+08 2845.45 531195
1e+10 2.8564e+08 2856.4 526795
1e+10 2.86738e+08 2867.38 522435
1e+10 2.87841e+08 2878.41 518106
1e+10 2.88948e+08 2889.48 513814
1e+10 2.9006e+08 2900.6 509553
1e+10 2.91175e+08 2911.75 505331
1e+10 2.92295e+08 2922.95 501141
1e+10 2.9342e+08 2934.2 496981
1e+10 2.94548e+08 2945.48 492859
1e+10 2.95681e+08 2956.81 488769
1e+10 2.96818e+08 2968.18 484712
1e+10 2.9796e+08 2979.6 480686
1e+10 2.99106e+08 2991.06 476693
1e+10 3.00257e+08 3002.57 472730
1e+10 3.01411e+08 3014.11 468804
1e+10 3.02571e+08 3025.71 464905
1e+10 3.03735e+08 3037.35 461038
1e+10 3.04903e+08 3049.03 457204
1e+10 3.06076e+08 3060.76 453399
1e+10 3.07253e+08 3072.53 449626
1e+10 3.08435e+08 3084.35 445882
1e+10 3.09621e+08 3096.21 442170
1e+10 3.10812e+08 3108.12 438486
1e+10 3.12007e+08 3120.07 434834
1e+10 3.13207e+08 3132.07 431210
1e+10 3.14412e+08 3144.12 427614
1e+10 3.15621e+08 3156.21 424049
1e+10 3.16835e+08 3168.35 420511
1e+10 3.18054e+08 3180.54 417001
1e+10 3.19277e+08 3192.77 413521
1e+10 3.20505e+08 3205.05 410068
1e+10 3.21738e+08 3217.38 406643
1e+10 3.22976e+08 3229.76 403244
1e+10 3.24218e+08 3242.18 399875
1e+10 3.25465e+08 3254.65 396532
1e+10 3.26717e+08 3267.17 393216
1e+10 3.27973e+08 3279.73 389928
1e+10 3.29235e+08 3292.35 386665
1e+10 3.30501e+08 3305.01 383429
1e+10 3.31772e+08 3317.72 380219
1e+10 3.33049e+08 3330.49 377033
1e+10 3.3433e+08 3343.3 373874
1e+10 3.35615e+08 3356.15 370744
1e+10 3.36906e+08 3369.06 367636
1e+10 3.38202e+08 3382.02 364553
1e+10 3.39503e+08 3395.03 361494
1e+10 3.40809e+08 3408.09 358461
1e+10 3.4212e+08 3421.2 355452
1e+10 3.43436e+08 3434.36 352468
1e+10 3.44757e+08 3447.57 349507
1e+10 3.46083e+08 3460.83 346571
1e+10 3.47414e+08 3474.14 343659
1e+10 3.4875e+08 3487.5 340771
1e+10 3.50091e+08 3500.91 337906
1e+10 3.51438e+08 3514.38 335063
1e+10 3.5279e+08 3527.9 332243
1e+10 3.54147e+08 3541.47 329447
1e+10 3.55509e+08 3555.09 326673
1e+10 3.56876e+08 3568.76 323923
1e+10 3.58249e+08 3582.49 321193
1e+10 3.59627e+08 3596.27 318486
1e+10 3.6101e+08 3610.1 315801
1e+10 3.62399e+08 3623.99 313137
1e+10 3.63792e+08 3637.92 310497
1e+10 3.65192e+08 3651.92 307876
1e+10 3.66596e+08 3665.96 305278
1e+10 3.68006e+08 3680.06 302700
1e+10 3.69422e+08 3694.22 300142
1e+10 3.70843e+08 3708.43 297606
1e+10 3.72269e+08 3722.69 295091
1e+10 3.73701e+08 3737.01 292595
1e+10 3.75138e+08 3751.38 290121
1e+10 3.76581e+08 3765.81 287666
1e+10 3.7803e+08 3780.3 285230
1e+10 3.79484e+08 3794.84 282815
1e+10 3.80943e+08 3809.43 280421
1e+10 3.82408e+08 3824.08 278045
1e+10 3.83879e+08 3838.79 275688
1e+10 3.85356e+08 3853.56 273350
1e+10 3.86838e+08 3868.38 271032
1e+10 3.88326e+08 3883.26 268732
1e+10 3.8982e+08 3898.2 266451
1e+10 3.91319e+08 3913.19 264189
1e+10 3.92824e+08 3928.24 261946
1e+10 3.94335e+08 3943.35 259720
1e+10 3.95852e+08 3958.52 257512
1e+10 3.97374e+08 3973.74 255323
1e+10 3.98903e+08 3989.03 253151
1e+10 4.00437e+08 4004.37 250998
1e+10 4.01977e+08 4019.77 248862
1e+10 4.03523e+08 4035.23 246743
1e+10 4.05075e+08 4050.75 244641
1e+10 4.06633e+08 4066.33 242557
1e+10 4.08197e+08 4081.97 240490
1e+10 4.09768e+08 4097.68 238438
1e+10 4.11344e+08 4113.44 236404
1e+10 4.12926e+08 4129.26 234387
1e+10 4.14514e+08 4145.14 232387
1e+10 4.16108e+08 4161.08 230403
1e+10 4.17709e+08 4177.09 228434
1e+10 4.19315e+08 4193.15 226483
1e+10 4.20928e+08 4209.28 224547
1e+10 4.22547e+08 4225.47 222627
1e+10 4.24173e+08 4241.73 220721
1e+10 4.25804e+08 4258.04 218833
1e+10 4.27442e+08 4274.42 216959
1e+10 4.29086e+08 4290.86 215101
1e+10 4.30736e+08 4307.36 213259
1e+10 4.32393e+08 4323.93 211431
1e+10 4.34056e+08 4340.56 209618
1e+10 4.35726e+08 4357.26 207820
1e+10 4.37402e+08 4374.02 206037
1e+10 4.39084e+08 4390.84 204269
1e+10 4.40773e+08 4407.73 202515
1e+10 4.42468e+08 4424.68 200775
1e+10 4.4417e+08 4441.7 199050
1e+10 4.45878e+08 4458.78 197339
1e+10 4.47593e+08 4475.93 195642
1e+10 4.49315e+08 4493.15 193958
1e+10 4.51043e+08 4510.43 192289
1e+10 4.52778e+08 4527.78 190634
1e+10 4.54519e+08 4545.19 188992
1e+10 4.56268e+08 4562.68 187363
1e+10 4.58023e+08 4580.23 185748
1e+10 4.59784e+08 4597.84 184147
1e+10 4.61553e+08 4615.53 182558
1e+10 4.63328e+08 4633.28 180982
1e+10 4.6511e+08 4651.1 179420
1e+10 4.66899e+08 4668.99 177870
1e+10 4.68695e+08 4686.95 176333
1e+10 4.70498e+08 4704.98 174809
1e+10 4.72307e+08 4723.07 173298
1e+10 4.74124e+08 4741.24 171798
1e+10 4.75948e+08 4759.48 170311
1e+10 4.77778e+08 4777.78 168837
1e+10 4.79616e+08 4796.16 167374
1e+10 4.81461e+08 4814.61 165924
1e+10 4.83313e+08 4833.13 164485
1e+10 4.85172e+08 4851.72 163059
1e+10 4.87038e+08 4870.38 161644
1e+10 4.88911e+08 4889.11 160242
1e+10 4.90791e+08 4907.91 158851
1e+10 4.92679e+08 4926.79 157471
1e+10 4.94574e+08 4945.74 156102
1e+10 4.96476e+08 4964.76 154745
1e+10 4.98386e+08 4983.86 153399
1e+10 5.00303e+08 5003.03 152064
1e+10 5.02227e+08 5022.27 150741
1e+10 5.04159e+08 5041.59 149428
1e+10 5.06098e+08 5060.98 148126
1e+10 5.08045e+08 5080.45 146835
1e+10 5.09999e+08 5099.99 145555
1e+10 5.1196e+08 5119.6 144285
1e+10 5.1393e+08 5139.3 143026
1e+10 5.15906e+08 5159.06 141777
1e+10 5.17891e+08 5178.91 140539
1e+10 5.19883e+08 5198.83 139311
1e+10 5.21882e+08 5218.82 138093
1e+10 5.2389e+08 5238.9 136885
1e+10 5.25905e+08 5259.05 135687
1e+10 5.27927e+08 5279.27 134500
1e+10 5.29958e+08 5299.58 133322
1e+10 5.31996e+08 5319.96 132154
1e+10 5.34043e+08 5340.43 130995
1e+10 5.36097e+08 5360.97 129847
1e+10 5.38159e+08 5381.59 128708
1e+10 5.40229e+08 5402.29 127578
1e+10 5.42306e+08 5423.06 126458
1e+10 5.44392e+08 5443.92 125347
1e+10 5.46486e+08 5464.86 124246
1e+10 5.48588e+08 5485.88 123153
1e+10 5.50698e+08 5506.98 122070
1e+10 5.52816e+08 5528.16 120996
1e+10 5.54943e+08 5549.43 119930
1e+10 5.57077e+08 5570.77 118874
1e+10 5.5922e+08 5592.2 117826
1e+10 5.61371e+08 5613.71 116787
1e+10 5.6353e+08 5635.3 115757
1e+10 5.65697e+08 5656.97 114736
1e+10 5.67873e+08 5678.73 113723
1e+10 5.70057e+08 5700.57 112719
1e+10 5.7225e+08 5722.5 111722
1e+10 5.74451e+08 5744.51 110735
1e+10 5.76661e+08 5766.61 109755
1e+10 5.78879e+08 5788.79 108784
1e+10 5.81105e+08 5811.05 107821
1e+10 5.8334e+08 5833.4 106866
1e+10 5.85584e+08 5855.84 105919
1e+10 5.87836e+08 5878.36 104980
1e+10 5.90097e+08 5900.97 104049
1e+10 5.92367e+08 5923.67 103125
1e+10 5.94645e+08 5946.45 102210
1e+10 5.96933e+08 5969.33 101302
1e+10 5.99229e+08 5992.29 100401
1e+10 6.01533e+08 6015.33 99508.8
1e+10 6.03847e+08 6038.47 98623.5
1e+10 6.0617e+08 6061.7 97745.6
1e+10 6.08501e+08 6085.01 96875.4
1e+10 6.10842e+08 6108.42 96012.2
1e+10 6.13191e+08 6131.91 95156.6
1e+10 6.1555e+08 6155.5 94307.9
1e+10 6.17917e+08 6179.17 93466.7
1e+10 6.20294e+08 6202.94 92632.3
1e+10 6.2268e+08 6226.8 91804.9
1e+10 6.25075e+08 6250.75 90984.7
1e+10 6.27479e+08 6274.79 90171.4
1e+10 6.29892e+08 6298.92 89365
1e+10 6.32315e+08 6323.15 88565.3
1e+10 6.34747e+08 6347.47 87772.4
1e+10 6.37189e+08 6371.89 86986
1e+10 6.3964e+08 6396.4 86206.4
1e+10 6.421e+08 6421 85433.5
1e+10 6.4457e+08 6445.7 84666.9
1e+10 6.47049e+08 6470.49 83907.1
1e+10 6.49537e+08 6495.37 83153.8
1e+10 6.52036e+08 6520.36 82406.5
1e+10 6.54544e+08 6545.44 81665.7
1e+10 6.57061e+08 6570.61 80931.3
1e+10 6.59589e+08 6595.89 80202.8
1e+10 6.62125e+08 6621.25 79481
1e+10 6.64672e+08 6646.72 78765
1e+10 6.67229e+08 6672.29 78054.9
1e+10 6.69795e+08 6697.95 77351.2
1e+10 6.72371e+08 6723.71 76653.4
1e+10 6.74957e+08 6749.57 75961.5
1e+10 6.77554e+08 6775.54 75275.2
1e+10 6.8016e+08 6801.6 74595
1e+10 6.82776e+08 6827.76 73920.6
1e+10 6.85402e+08 6854.02 73251.9
1e+10 6.88038e+08 6880.38 72589
1e+10 6.90685e+08 6906.85 71931.5
1e+10 6.93341e+08 6933.41 71279.9
1e+10 6.96008e+08 6960.08 70633.7
1e+10 6.98685e+08 6986.85 69993
1e+10 7.01372e+08 7013.72 69357.9
1e+10 7.0407e+08 7040.7 68728.1
1e+10 7.06778e+08 7067.78 68103.7
1e+10 7.09497e+08 7094.97 67484.5
1e+10 7.12226e+08 7122.26 66870.7
1e+10 7.14965e+08 7149.65 66262.3
1e+10 7.17715e+08 7177.15 65659
1e+10 7.20475e+08 7204.75 65061
1e+10 7.23247e+08 7232.47 64467.8
1e+10 7.26028e+08 7260.28 63880
1e+10 7.28821e+08 7288.21 63297
1e+10 7.31624e+08 7316.24 62719.2
1e+10 7.34438e+08 7344.38 62146.2
1e+10 7.37263e+08 7372.63 61578.2
1e+10 7.40099e+08 7400.99 61014.9
1e+10 7.42946e+08 7429.46 60456.5
1e+10 7.45803e+08 7458.03 59903.1
1e+10 7.48672e+08 7486.72 59354.3
1e+10 7.51551e+08 7515.51 58810.4
1e+10 7.54442e+08 7544.42 58270.9
1e+10 7.57344e+08 7573.44 57736.2
1e+10 7.60257e+08 7602.57 57206
1e+10 7.63181e+08 7631.81 56680.5
1e+10 7.66116e+08 7661.16 56159.6
1e+10 7.69063e+08 7690.63 55643
1e+10 7.72021e+08 7720.21 55130.9
1e+10 7.74991e+08 7749.91 54623.1
1e+10 7.77971e+08 7779.71 54120
1e+10 7.80964e+08 7809.64 53621
1e+10 7.83968e+08 7839.68 53126.3
1e+10 7.86983e+08 7869.83 52636
1e+10 7.9001e+08 7900.1 52149.9
1e+10 7.93049e+08 7930.49 51667.9
1e+10 7.96099e+08 7960.99 51190.3
1e+10 7.99161e+08 7991.61 50716.7
1e+10 8.02235e+08 8022.35 50247.1
1e+10 8.0532e+08 8053.2 49781.8
1e+10 8.08418e+08 8084.18 49320.4
1e+10 8.11527e+08 8115.27 48863
1e+10 8.14649e+08 8146.49 48409.5
1e+10 8.17782e+08 8177.82 47960.1
1e+10 8.20927e+08 8209.27 47514.6
1e+10 8.24085e+08 8240.85 47072.8
1e+10 8.27255e+08 8272.55 46634.9
1e+10 8.30437e+08 8304.37 46200.8
1e+10 8.33631e+08 8336.31 45770.6
1e+10 8.36837e+08 8368.37 45344.1
1e+10 8.40056e+08 8400.56 44921.2
1e+10 8.43287e+08 8432.87 44502.1
1e+10 8.4653e+08 8465.3 44086.7
1e+10 8.49786e+08 8497.86 43674.9
1e+10 8.53055e+08 8530.55 43266.5
1e+10 8.56336e+08 8563.36 42861.9
1e+10 8.5963e+08 8596.3 42460.7
1e+10 8.62936e+08 8629.36 42063.1
1e+10 8.66255e+08 8662.55 41668.9
1e+10 8.69587e+08 8695.87 41278.2
1e+10 8.72932e+08 8729.32 40890.8
1e+10 8.76289e+08 8762.89 40507
1e+10 8.7966e+08 8796.6 40126.3
1e+10 8.83043e+08 8830.43 39749.2
1e+10 8.8644e+08 8864.4 39375.2
1e+10 8.89849e+08 8898.49 39004.6
1e+10 8.93272e+08 8932.72 38637.2
1e+10 8.96708e+08 8967.08 38273
1e+10 9.00157e+08 9001.57 37912.1
1e+10 9.03619e+08 9036.19 37554.3
1e+10 9.07095e+08 9070.95 37199.7
1e+10 9.10583e+08 9105.83 36848.3
1e+10 9.14086e+08 9140.86 36499.8
1e+10 9.17602e+08 9176.02 36154.4
1e+10 9.21131e+08 9211.31 35812.2
1e+10 9.24674e+08 9246.74 35472.9
1e+10 9.28231e+08 9282.31 35136.5
1e+10 9.31801e+08 9318.01 34803.2
1e+10 9.35385e+08 9353.85 34472.8
1e+10 9.38983e+08 9389.83 34145.4
1e+10 9.42594e+08 9425.94 33820.9
1e+10 9.4622e+08 9462.2 33499.1
1e+10 9.49859e+08 9498.59 33180.3
1e+10 9.53513e+08 9535.13 32864.2
1e+10 9.5718e+08 9571.8 32551.1
1e+10 9.60862e+08 9608.62 32240.6
1e+10 9.64557e+08 9645.57 31932.9
1e+10 9.68267e+08 9682.67 31628
1e+10 9.71992e+08 9719.92 31325.6
1e+10 9.7573e+08 9757.3 31026.1
1e+10 9.79483e+08 9794.83 30729.2
1e+10 9.83251e+08 9832.51 30434.9
1e+10 9.87032e+08 9870.32 30143.3
1e+10 9.90829e+08 9908.29 29854.2
1e+10 9.9464e+08 9946.4 29567.7
1e+10 9.98466e+08 9984.66 29283.8
1e+10 1.00231e+09 10023.1 29002.1
1e+10 1.00616e+09 10061.6 28723.6
1e+10 1.01003e+09 10100.3 28447.2
1e+10 1.01392e+09 10139.2 28172.9
1e+10 1.01782e+09 10178.2 27901.4
1e+10 1.02173e+09 10217.3 27632.7
1e+10 1.02566e+09 10256.6 27366
1e+10 1.02961e+09 10296.1 27101.4
1e+10 1.03357e+09 10335.7 26839.5
1e+10 1.03754e+09 10375.4 26580.3
1e+10 1.04153e+09 10415.3 26323.1
1e+10 1.04554e+09 10455.4 26068
1e+10 1.04956e+09 10495.6 25815.4
1e+10 1.0536e+09 10536 25564.9
1e+10 1.05765e+09 10576.5 25316.9
1e+10 1.06172e+09 10617.2 25070.9
1e+10 1.0658e+09 10658 24827.5
1e+10 1.0699e+09 10699 24586
1e+10 1.07401e+09 10740.1 24347
1e+10 1.07815e+09 10781.5 24109.3
1e+10 1.08229e+09 10822.9 23874.7
1e+10 1.08646e+09 10864.6 23641.4
1e+10 1.09063e+09 10906.3 23411.1
1e+10 1.09483e+09 10948.3 23182.1
1e+10 1.09904e+09 10990.4 22955.5
1e+10 1.10327e+09 11032.7 22730.8
1e+10 1.10751e+09 11075.1 22508.5
1e+10 1.11177e+09 11117.7 22287.9
1e+10 1.11605e+09 11160.5 22069.2
1e+10 1.12034e+09 11203.4 21852.8
1e+10 1.12465e+09 11246.5 21638.1
1e+10 1.12897e+09 11289.7 21425.8
1e+10 1.13332e+09 11333.2 21214.7
1e+10 1.13768e+09 11376.8 21005.8
1e+10 1.14205e+09 11420.5 20799.2
1e+10 1.14644e+09 11464.4 20594.3
1e+10 1.15085e+09 11508.5 20391.1
1e+10 1.15528e+09 11552.8 20189.7
1e+10 1.15972e+09 11597.2 19990.4
1e+10 1.16419e+09 11641.9 19792.3
1e+10 1.16866e+09 11686.6 19596.8
1e+10 1.17316e+09 11731.6 19402.5
1e+10 1.17767e+09 11776.7 19210.4
1e+10 1.1822e+09 11822 19019.8
1e+10 1.18675e+09 11867.5 18830.9
1e+10 1.19131e+09 11913.1 18644
1e+10 1.19589e+09 11958.9 18458.8
1e+10 1.20049e+09 12004.9 18275.1
1e+10 1.20511e+09 12051.1 18093.1
1e+10 1.20975e+09 12097.5 17912.6
1e+10 1.2144e+09 12144 17734.1
1e+10 1.21907e+09 12190.7 17557.1
1e+10 1.22376e+09 12237.6 17381.7
1e+10 1.22847e+09 12284.7 17207.9
1e+10 1.23319e+09 12331.9 17035.9
1e+10 1.23793e+09 12379.3 16865.5
1e+10 1.2427e+09 12427 16696.2
1e+10 1.24748e+09 12474.8 16528.7
1e+10 1.25227e+09 12522.7 16363.1
1e+10 1.25709e+09 12570.9 16198.7
1e+10 1.26193e+09 12619.3 16035.7
1e+10 1.26678e+09 12667.8 15874.5
1e+10 1.27165e+09 12716.5 15714.7
1e+10 1.27654e+09 12765.4 15556.4
1e+10 1.28145e+09 12814.5 15399.5
1e+10 1.28638e+09 12863.8 15244
1e+10 1.29133e+09 12913.3 15090
1e+10 1.2963e+09 12963 14937.3
1e+10 1.30128e+09 13012.8 14786.4
1e+10 1.30629e+09 13062.9 14636.5
1e+10 1.31131e+09 13113.1 14488.3
1e+10 1.31636e+09 13163.6 14341.1
1e+10 1.32142e+09 13214.2 14195.6
1e+10 1.3265e+09 13265 14051.5
1e+10 1.3316e+09 13316 13908.6
1e+10 1.33672e+09 13367.2 13767.1
1e+10 1.34187e+09 13418.7 13626.7
1e+10 1.34703e+09 13470.3 13487.8
1e+10 1.35221e+09 13522.1 13350.2
1e+10 1.35741e+09 13574.1 13213.9
1e+10 1.36263e+09 13626.3 13078.8
1e+10 1.36787e+09 13678.7 12945.1
1e+10 1.37313e+09 13731.3 12812.6
1e+10 1.37841e+09 13784.1 12681.3
1e+10 1.38372e+09 13837.2 12551.1
1e+10 1.38904e+09 13890.4 12422.3
1e+10 1.39438e+09 13943.8 12294.7
1e+10 1.39974e+09 13997.4 12168.4
1e+10 1.40513e+09 14051.3 12043
1e+10 1.41053e+09 14105.3 11919.1
1e+10 1.41596e+09 14159.6 11796.1
1e+10 1.4214e+09 14214 11674.5
1e+10 1.42687e+09 14268.7 11553.9
1e+10 1.43236e+09 14323.6 11434.5
1e+10 1.43787e+09 14378.7 11316.1
1e+10 1.4434e+09 14434 11199
1e+10 1.44895e+09 14489.5 11083
1e+10 1.45452e+09 14545.2 10968.1
1e+10 1.46012e+09 14601.2 10854.1
1e+10 1.46573e+09 14657.3 10741.4
1e+10 1.47137e+09 14713.7 10629.7
1e+10 1.47703e+09 14770.3 10519
1e+10 1.48271e+09 14827.1 10409.4
1e+10 1.48842e+09 14884.2 10300.7
1e+10 1.49414e+09 14941.4 10193.3
1e+10 1.49989e+09 14998.9 10086.8
1e+10 1.50566e+09 15056.6 9981.27
1e+10 1.51145e+09 15114.5 9876.83
1e+10 1.51726e+09 15172.6 9773.43
1e+10 1.5231e+09 15231 9670.88
1e+10 1.52896e+09 15289.6 9569.35
1e+10 1.53484e+09 15348.4 9468.84
1e+10 1.54074e+09 15407.4 9369.35
1e+10 1.54667e+09 15466.7 9270.68
1e+10 1.55261e+09 15526.1 9173.18
1e+10 1.55859e+09 15585.9 9076.33
1e+10 1.56458e+09 15645.8 8980.62
1e+10 1.5706e+09 15706 8885.73
1e+10 1.57664e+09 15766.4 8791.8
1e+10 1.5827e+09 15827 8698.82
1e+10 1.58879e+09 15887.9 8606.65
1e+10 1.5949e+09 15949 8515.41
1e+10 1.60104e+09 16010.4 8424.96
1e+10 1.6072e+09 16072 8335.44
1e+10 1.61338e+09 16133.8 8246.84
1e+10 1.61958e+09 16195.8 8159.15
1e+10 1.62581e+09 16258.1 8072.23
1e+10 1.63207e+09 16320.7 7986.06
1e+10 1.63834e+09 16383.4 7900.93
1e+10 1.64464e+09 16446.4 7816.55
1e+10 1.65097e+09 16509.7 7732.91
1e+10 1.65732e+09 16573.2 7650.14
1e+10 1.66369e+09 16636.9 7568.23
1e+10 1.67009e+09 16700.9 7487.06
1e+10 1.67652e+09 16765.2 7406.61
1e+10 1.68297e+09 16829.7 7327.01
1e+10 1.68944e+09 16894.4 7248.24
1e+10 1.69594e+09 16959.4 7170.18
1e+10 1.70246e+09 17024.6 7092.95
1e+10 1.70901e+09 17090.1 7016.42
1e+10 1.71558e+09 17155.8 6940.69
1e+10 1.72218e+09 17221.8 6865.66
1e+10 1.7288e+09 17288 6791.43
1e+10 1.73545e+09 17354.5 6717.88
1e+10 1.74213e+09 17421.3 6645
1e+10 1.74883e+09 17488.3 6572.9
1e+10 1.75556e+09 17555.6 6501.47
1e+10 1.76231e+09 17623.1 6430.81
1e+10 1.76909e+09 17690.9 6360.8
1e+10 1.77589e+09 17758.9 6291.55
1e+10 1.78272e+09 17827.2 6222.94
1e+10 1.78958e+09 17895.8 6154.98
1e+10 1.79646e+09 17964.6 6087.75
1e+10 1.80337e+09 18033.7 6021.16
1e+10 1.81031e+09 18103.1 5955.2
1e+10 1.81727e+09 18172.7 5889.95
1e+10 1.82426e+09 18242.6 5825.33
1e+10 1.83128e+09 18312.8 5761.32
1e+10 1.83832e+09 18383.2 5698.01
1e+10 1.84539e+09 18453.9 5635.3
1e+10 1.85249e+09 18524.9 5573.2
1e+10 1.85962e+09 18596.2 5511.7
1e+10 1.86677e+09 18667.7 5450.87
1e+10 1.87395e+09 18739.5 5390.64
1e+10 1.88116e+09 18811.6 5330.99
1e+10 1.88839e+09 18883.9 5271.99
1e+10 1.89565e+09 18956.5 5213.58
1e+10 1.90295e+09 19029.5 5155.65
1e+10 1.91027e+09 19102.7 5098.38
1e+10 1.91761e+09 19176.1 5041.74
1e+10 1.92499e+09 19249.9 4985.58
1e+10 1.93239e+09 19323.9 4930.05
1e+10 1.93983e+09 19398.3 4875
1e+10 1.94729e+09 19472.9 4820.57
1e+10 1.95478e+09 19547.8 4766.67
1e+10 1.96229e+09 19622.9 4713.39
1e+10 1.96984e+09 19698.4 4660.57
1e+10 1.97742e+09 19774.2 4608.28
1e+10 1.98502e+09 19850.2 4556.58
1e+10 1.99266e+09 19926.6 4505.34
1e+10 2.00032e+09 20003.2 4454.67
1e+10 2.00802e+09 20080.2 4404.46
1e+10 2.01574e+09 20157.4 4354.82
1e+10 2.02349e+09 20234.9 4305.68
1e+10 2.03128e+09 20312.8 4256.99
1e+10 2.03909e+09 20390.9 4208.85
1e+10 2.04693e+09 20469.3 4161.2
1e+10 2.05481e+09 20548.1 4113.99
1e+10 2.06271e+09 20627.1 4067.32
1e+10 2.07064e+09 20706.4 4021.13
1e+10 2.07861e+09 20786.1 3975.36
1e+10 2.0866e+09 20866 3930.12
1e+10 2.09463e+09 20946.3 3885.29
1e+10 2.10269e+09 21026.9 3840.93
1e+10 2.11077e+09 21107.7 3797.09
1e+10 2.11889e+09 21188.9 3753.66
1e+10 2.12704e+09 21270.4 3710.68
1e+10 2.13522e+09 21352.2 3668.15
1e+10 2.14344e+09 21434.4 3626.02
1e+10 2.15168e+09 21516.8 3584.38
1e+10 2.15996e+09 21599.6 3543.13
1e+10 2.16826e+09 21682.6 3502.37
1e+10 2.1766e+09 21766 3462
1e+10 2.18498e+09 21849.8 3422.01
1e+10 2.19338e+09 21933.8 3382.49
1e+10 2.20182e+09 22018.2 3343.35
1e+10 2.21028e+09 22102.8 3304.67
1e+10 2.21879e+09 22187.9 3266.32
1e+10 2.22732e+09 22273.2 3228.43
1e+10 2.23589e+09 22358.9 3190.9
1e+10 2.24449e+09 22444.9 3153.78
1e+10 2.25312e+09 22531.2 3117.06
1e+10 2.26179e+09 22617.9 3080.7
1e+10 2.27049e+09 22704.9 3044.74
1e+10 2.27922e+09 22792.2 3009.16
1e+10 2.28798e+09 22879.8 2973.98
1e+10 2.29679e+09 22967.9 2939.11
1e+10 2.30562e+09 23056.2 2904.65
1e+10 2.31449e+09 23144.9 2870.54
1e+10 2.32339e+09 23233.9 2836.8
1e+10 2.33233e+09 23323.3 2803.4
1e+10 2.3413e+09 23413 2770.37
1e+10 2.3503e+09 23503 2737.71
1e+10 2.35934e+09 23593.4 2705.38
1e+10 2.36842e+09 23684.2 2673.37
1e+10 2.37753e+09 23775.3 2641.71
1e+10 2.38667e+09 23866.7 2610.42
1e+10 2.39585e+09 23958.5 2579.44
1e+10 2.40507e+09 24050.7 2548.78
1e+10 2.41432e+09 24143.2 2518.46
1e+10 2.4236e+09 24236 2488.48
1e+10 2.43292e+09 24329.2 2458.82
1e+10 2.44228e+09 24422.8 2429.45
1e+10 2.45168e+09 24516.8 2400.4
1e+10 2.46111e+09 24611.1 2371.67
1e+10 2.47057e+09 24705.7 2343.27
1e+10 2.48008e+09 24800.8 2315.14
1e+10 2.48961e+09 24896.1 2287.36
1e+10 2.49919e+09 24991.9 2259.84
1e+10 2.5088e+09 25088 2232.63
1e+10 2.51845e+09 25184.5 2205.72
1e+10 2.52814e+09 25281.4 2179.09
1e+10 2.53786e+09 25378.6 2152.76
1e+10 2.54762e+09 25476.2 2126.72
1e+10 2.55742e+09 25574.2 2100.95
1e+10 2.56726e+09 25672.6 2075.46
1e+10 2.57713e+09 25771.3 2050.26
1e+10 2.58705e+09 25870.5 2025.31
1e+10 2.597e+09 25970 2000.65
1e+10 2.60699e+09 26069.9 1976.26
1e+10 2.61701e+09 26170.1 1952.16
1e+10 2.62708e+09 26270.8 1928.29
1e+10 2.63718e+09 26371.8 1904.71
1e+10 2.64733e+09 26473.3 1881.35
1e+10 2.65751e+09 26575.1 1858.28
1e+10 2.66773e+09 26677.3 1835.46
1e+10 2.67799e+09 26779.9 1812.89
1e+10 2.68829e+09 26882.9 1790.56
1e+10 2.69863e+09 26986.3 1768.49
1e+10 2.70901e+09 27090.1 1746.65
1e+10 2.71943e+09 27194.3 1725.06
1e+10 2.72989e+09 27298.9 1703.71
1e+10 2.74039e+09 27403.9 1682.6
1e+10 2.75093e+09 27509.3 1661.72
1e+10 2.76151e+09 27615.1 1641.07
1e+10 2.77213e+09 27721.3 1620.66
1e+10 2.7828e+09 27828 1600.46
1e+10 2.7935e+09 27935 1580.5
1e+10 2.80424e+09 28042.4 1560.77
1e+10 2.81503e+09 28150.3 1541.24
1e+10 2.82586e+09 28258.6 1521.94
1e+10 2.83673e+09 28367.3 1502.86
1e+10 2.84764e+09 28476.4 1483.99
1e+10 2.85859e+09 28585.9 1465.34
1e+10 2.86959e+09 28695.9 1446.88
1e+10 2.88062e+09 28806.2 1428.66
1e+10 2.8917e+09 28917 1410.63
1e+10 2.90283e+09 29028.3 1392.79
1e+10 2.91399e+09 29139.9 1375.17
1e+10 2.9252e+09 29252 1357.74
1e+10 2.93645e+09 29364.5 1340.52
1e+10 2.94774e+09 29477.4 1323.49
1e+10 2.95908e+09 29590.8 1306.65
1e+10 2.97046e+09 29704.6 1290.01
1e+10 2.98189e+09 29818.9 1273.54
1e+10 2.99336e+09 29933.6 1257.27
1e+10 3.00487e+09 30048.7 1241.2
1e+10 3.01643e+09 30164.3 1225.3
1e+10 3.02803e+09 30280.3 1209.58
1e+10 3.03968e+09 30396.8 1194.05
1e+10 3.05137e+09 30513.7 1178.69
1e+10 3.06311e+09 30631.1 1163.51
1e+10 3.07489e+09 30748.9 1148.51
1e+10 3.08671e+09 30867.1 1133.68
1e+10 3.09859e+09 30985.9 1119.02
1e+10 3.11051e+09 31105.1 1104.52
1e+10 3.12247e+09 31224.7 1090.21
1e+10 3.13448e+09 31344.8 1076.05
1e+10 3.14654e+09 31465.4 1062.06
1e+10 3.15864e+09 31586.4 1048.23
1e+10 3.17079e+09 31707.9 1034.56
1e+10 3.18298e+09 31829.8 1021.06
1e+10 3.19523e+09 31952.3 1007.7
1e+10 3.20752e+09 32075.2 994.509
1e+10 3.21985e+09 32198.5 981.477
1e+10 3.23224e+09 32322.4 968.585
1e+10 3.24467e+09 32446.7 955.853
1e+10 3.25715e+09 32571.5 943.267
1e+10 3.26968e+09 32696.8 930.828
1e+10 3.28225e+09 32822.5 918.544
1e+10 3.29488e+09 32948.8 906.394
1e+10 3.30755e+09 33075.5 894.395
1e+10 3.32027e+09 33202.7 882.537
1e+10 3.33304e+09 33330.4 870.819
1e+10 3.34586e+09 33458.6 859.239
1e+10 3.35873e+09 33587.3 847.797
1e+10 3.37165e+09 33716.5 836.49
1e+10 3.38462e+09 33846.2 825.317
1e+10 3.39764e+09 33976.4 814.278
1e+10 3.41071e+09 34107.1 803.371
1e+10 3.42382e+09 34238.2 792.603
1e+10 3.43699e+09 34369.9 781.956
1e+10 3.45021e+09 34502.1 771.437
1e+10 3.46348e+09 34634.8 761.046
1e+10 3.47681e+09 34768.1 750.773
1e+10 3.49018e+09 34901.8 740.632
1e+10 3.5036e+09 35036 730.614
1e+10 3.51708e+09 35170.8 720.712
1e+10 3.53061e+09 35306.1 710.93
1e+10 3.54419e+09 35441.9 701.269
1e+10 3.55782e+09 35578.2 691.727
1e+10 3.5715e+09 35715 682.302
1e+10 3.58524e+09 35852.4 672.987
1e+10 3.59903e+09 35990.3 663.787
1e+10 3.61287e+09 36128.7 654.702
1e+10 3.62677e+09 36267.7 645.724
1e+10 3.64072e+09 36407.2 636.857
1e+10 3.65472e+09 36547.2 628.102
1e+10 3.66878e+09 36687.8 619.45
1e+10 3.68289e+09 36828.9 610.907
1e+10 3.69706e+09 36970.6 602.466
1e+10 3.71128e+09 37112.8 594.132
1e+10 3.72555e+09 37255.5 585.903
1e+10 3.73988e+09 37398.8 577.773
1e+10 3.75426e+09 37542.6 569.747
1e+10 3.7687e+09 37687 561.817
1e+10 3.7832e+09 37832 553.984
1e+10 3.79775e+09 37977.5 546.251
1e+10 3.81236e+09 38123.6 538.613
1e+10 3.82702e+09 38270.2 531.073
1e+10 3.84174e+09 38417.4 523.625
1e+10 3.85652e+09 38565.2 516.269
1e+10 3.87135e+09 38713.5 509.009
1e+10 3.88624e+09 38862.4 501.838
1e+10 3.90119e+09 39011.9 494.756
1e+10 3.91619e+09 39161.9 487.767
1e+10 3.93126e+09 39312.6 480.86
1e+10 3.94638e+09 39463.8 474.044
1e+10 3.96156e+09 39615.6 467.314
1e+10 3.97679e+09 39767.9 460.672
1e+10 3.99209e+09 39920.9 454.109
1e+10 4.00745e+09 40074.5 447.63
1e+10 4.02286e+09 40228.6 441.237
1e+10 4.03833e+09 40383.3 434.925
1e+10 4.05387e+09 40538.7 428.689
1e+10 4.06946e+09 40694.6 422.537
1e+10 4.08511e+09 40851.1 416.463
1e+10 4.10082e+09 41008.2 410.468
1e+10 4.1166e+09 41166 404.546
1e+10 4.13243e+09 41324.3 398.704
1e+10 4.14832e+09 41483.2 392.938
1e+10 4.16428e+09 41642.8 387.243
1e+10 4.1803e+09 41803 381.622
1e+10 4.19638e+09 41963.8 376.074
1e+10 4.21252e+09 42125.2 370.599
1e+10 4.22872e+09 42287.2 365.195
1e+10 4.24498e+09 42449.8 359.863
1e+10 4.26131e+09 42613.1 354.597
1e+10 4.2777e+09 42777 349.402
1e+10 4.29415e+09 42941.5 344.275
1e+10 4.31067e+09 43106.7 339.213
1e+10 4.32725e+09 43272.5 334.218
1e+10 4.34389e+09 43438.9 329.291
1e+10 4.3606e+09 43606 324.426
1e+10 4.37737e+09 43773.7 319.626
1e+10 4.39421e+09 43942.1 314.889
1e+10 4.41111e+09 44111.1 310.215
1e+10 4.42808e+09 44280.8 305.602
1e+10 4.44511e+09 44451.1 301.051
1e+10 4.46221e+09 44622.1 296.559
1e+10 4.47937e+09 44793.7 292.129
1e+10 4.4966e+09 44966 287.757
1e+10 4.5139e+09 45139 283.442
1e+10 4.53126e+09 45312.6 279.186
1e+10 4.54869e+09 45486.9 274.987
1e+10 4.56618e+09 45661.8 270.846
1e+10 4.58374e+09 45837.4 266.759
1e+10 4.60138e+09 46013.8 262.725
1e+10 4.61907e+09 46190.7 258.749
1e+10 4.63684e+09 46368.4 254.824
1e+10 4.65467e+09 46546.7 250.954
1e+10 4.67258e+09 46725.8 247.134
1e+10 4.69055e+09 46905.5 243.367
1e+10 4.70859e+09 47085.9 239.652
1e+10 4.7267e+09 47267 235.987
1e+10 4.74488e+09 47448.8 232.372
1e+10 4.76313e+09 47631.3 228.806
1e+10 4.78145e+09 47814.5 225.289
1e+10 4.79984e+09 47998.4 221.82
1e+10 4.81831e+09 48183.1 218.398
1e+10 4.83684e+09 48368.4 215.024
1e+10 4.85544e+09 48554.4 211.697
1e+10 4.87412e+09 48741.2 208.414
1e+10 4.89286e+09 48928.6 205.179
1e+10 4.91168e+09 49116.8 201.987
1e+10 4.93058e+09 49305.8 198.839
1e+10 4.94954e+09 49495.4 195.736
1e+10 4.96858e+09 49685.8 192.675
1e+10 4.98769e+09 49876.9 189.657
1e+10 5.00687e+09 50068.7 186.682
1e+10 5.02613e+09 50261.3 183.748
1e+10 5.04546e+09 50454.6 180.855
1e+10 5.06487e+09 50648.7 178.002
1e+10 5.08435e+09 50843.5 175.19
1e+10 5.10391e+09 51039.1 172.417
1e+10 5.12354e+09 51235.4 169.683
1e+10 5.14324e+09 51432.4 166.989
1e+10 5.16303e+09 51630.3 164.331
1e+10 5.18288e+09 51828.8 161.713
1e+10 5.20282e+09 52028.2 159.131
1e+10 5.22283e+09 52228.3 156.586
1e+10 5.24292e+09 52429.2 154.077
1e+10 5.26309e+09 52630.9 151.603
1e+10 5.28333e+09 52833.3 149.166
1e+10 5.30365e+09 53036.5 146.764
1e+10 5.32405e+09 53240.5 144.396
1e+10 5.34453e+09 53445.3 142.061
1e+10 5.36508e+09 53650.8 139.761
1e+10 5.38572e+09 53857.2 137.494
1e+10 5.40643e+09 54064.3 135.26
1e+10 5.42723e+09 54272.3 133.057
1e+10 5.4481e+09 54481 130.888
1e+10 5.46906e+09 54690.6 128.749
1e+10 5.4901e+09 54901 126.641
1e+10 5.51121e+09 55112.1 124.565
1e+10 5.53241e+09 55324.1 122.518
1e+10 5.55369e+09 55536.9 120.502
1e+10 5.57505e+09 55750.5 118.515
1e+10 5.59649e+09 55964.9 116.558
1e+10 5.61802e+09 56180.2 114.629
1e+10 5.63963e+09 56396.3 112.729
1e+10 5.66132e+09 56613.2 110.857
1e+10 5.68309e+09 56830.9 109.013
1e+10 5.70495e+09 57049.5 107.196
1e+10 5.7269e+09 57269 105.405
1e+10 5.74892e+09 57489.2 103.642
1e+10 5.77104e+09 57710.4 101.905
1e+10 5.79323e+09 57932.3 100.194
1e+10 5.81552e+09 58155.2 98.5083
1e+10 5.83788e+09 58378.8 96.8488
1e+10 5.86034e+09 58603.4 95.2132
1e+10 5.88288e+09 58828.8 93.6027
1e+10 5.90551e+09 59055.1 92.0162
1e+10 5.92822e+09 59282.2 90.4543
1e+10 5.95102e+09 59510.2 88.9158
1e+10 5.97391e+09 59739.1 87.4005
1e+10 5.99689e+09 59968.9 85.9081
1e+10 6.01995e+09 60199.5 84.439
1e+10 6.04311e+09 60431.1 82.9916
1e+10 6.06635e+09 60663.5 81.5669
1e+10 6.08969e+09 60896.9 80.1634
1e+10 6.11311e+09 61131.1 78.7821
1e+10 6.13662e+09 61366.2 77.4219
1e+10 6.16022e+09 61602.2 76.0828
1e+10 6.18392e+09 61839.2 74.7638
1e+10 6.2077e+09 62077 73.4658
1e+10 6.23158e+09 62315.8 72.1875
1e+10 6.25555e+09 62555.5 70.9292
1e+10 6.27961e+09 62796.1 69.6905
1e+10 6.30376e+09 63037.6 68.4713
1e+10 6.32801e+09 63280.1 67.2707
1e+10 6.35235e+09 63523.5 66.0891
1e+10 6.37678e+09 63767.8 64.9263
1e+10 6.40131e+09 64013.1 63.7814
1e+10 6.42593e+09 64259.3 62.6547
1e+10 6.45065e+09 64506.5 61.5456
1e+10 6.47546e+09 64754.6 60.4542
1e+10 6.50036e+09 65003.6 59.3803
1e+10 6.52537e+09 65253.7 58.3229
1e+10 6.55046e+09 65504.6 57.283
1e+10 6.57566e+09 65756.6 56.2591
1e+10 6.60095e+09 66009.5 55.2518
1e+10 6.62634e+09 66263.4 54.2605
1e+10 6.65183e+09 66518.3 53.285
1e+10 6.67741e+09 66774.1 52.3255
1e+10 6.7031e+09 67031 51.381
1e+10 6.72888e+09 67288.8 50.452
1e+10 6.75476e+09 67547.6 49.538
1e+10 6.78074e+09 67807.4 48.6388
1e+10 6.80682e+09 68068.2 47.7542
1e+10 6.833e+09 68330 46.884
1e+10 6.85928e+09 68592.8 46.0279
1e+10 6.88567e+09 68856.7 45.1856
1e+10 6.91215e+09 69121.5 44.3574
1e+10 6.93874e+09 69387.4 43.5425
1e+10 6.96543e+09 69654.3 42.741
1e+10 6.99222e+09 69922.2 41.9529
1e+10 7.01911e+09 70191.1 41.1778
1e+10 7.04611e+09 70461.1 40.4153
1e+10 7.07321e+09 70732.1 39.6655
1e+10 7.10042e+09 71004.2 38.9281
1e+10 7.12773e+09 71277.3 38.203
1e+10 7.15514e+09 71551.4 37.4901
1e+10 7.18266e+09 71826.6 36.789
1e+10 7.21029e+09 72102.9 36.0996
1e+10 7.23802e+09 72380.2 35.4218
1e+10 7.26586e+09 72658.6 34.7554
1e+10 7.29381e+09 72938.1 34.1001
1e+10 7.32186e+09 73218.6 33.456
1e+10 7.35002e+09 73500.2 32.8228
1e+10 7.37829e+09 73782.9 32.2002
1e+10 7.40667e+09 74066.7 31.5882
1e+10 7.43516e+09 74351.6 30.9866
1e+10 7.46376e+09 74637.6 30.3952
1e+10 7.49247e+09 74924.7 29.814
1e+10 7.52129e+09 75212.9 29.2427
1e+10 7.55022e+09 75502.2 28.6812
1e+10 7.57926e+09 75792.6 28.1294
1e+10 7.60841e+09 76084.1 27.5871
1e+10 7.63767e+09 76376.7 27.0542
1e+10 7.66705e+09 76670.5 26.5304
1e+10 7.69654e+09 76965.4 26.0158
1e+10 7.72614e+09 77261.4 25.5101
1e+10 7.75586e+09 77558.6 25.0131
1e+10 7.78569e+09 77856.9 24.5249
1e+10 7.81564e+09 78156.4 24.0452
1e+10 7.8457e+09 78457 23.5739
1e+10 7.87587e+09 78758.7 23.111
1e+10 7.90617e+09 79061.7 22.656
1e+10 7.93658e+09 79365.8 22.2091
1e+10 7.9671e+09 79671 21.7703
1e+10 7.99775e+09 79977.5 21.339
1e+10 8.02851e+09 80285.1 20.9155
1e+10 8.05939e+09 80593.9 20.4995
1e+10 8.09039e+09 80903.9 20.091
1e+10 8.12151e+09 81215.1 19.6897
1e+10 8.15274e+09 81527.4 19.2957
1e+10 8.1841e+09 81841 18.9086
1e+10 8.21558e+09 82155.8 18.5286
1e+10 8.24718e+09 82471.8 18.1554
1e+10 8.2789e+09 82789 17.7889
1e+10 8.31074e+09 83107.4 17.4292
1e+10 8.34271e+09 83427.1 17.0758
1e+10 8.3748e+09 83748 16.7289
1e+10 8.40701e+09 84070.1 16.3884
1e+10 8.43935e+09 84393.5 16.054
1e+10 8.47181e+09 84718.1 15.7258
1e+10 8.50439e+09 85043.9 15.4037
1e+10 8.5371e+09 85371 15.0875
1e+10 8.56994e+09 85699.4 14.777
1e+10 8.6029e+09 86029 14.4723
1e+10 8.63599e+09 86359.9 14.1733
1e+10 8.66921e+09 86692.1 13.8797
1e+10 8.70255e+09 87025.5 13.5917
1e+10 8.73602e+09 87360.2 13.3091
1e+10 8.76962e+09 87696.2 13.0317
1e+10 8.80336e+09 88033.6 12.7594
1e+10 8.83722e+09 88372.2 12.4923
1e+10 8.87121e+09 88712.1 12.2303
1e+10 8.90533e+09 89053.3 11.9731
1e+10 8.93958e+09 89395.8 11.7209
1e+10 8.97396e+09 89739.6 11.4734
1e+10 9.00848e+09 90084.8 11.2306
1e+10 9.04313e+09 90431.3 10.9924
1e+10 9.07791e+09 90779.1 10.7588
1e+10 9.11283e+09 91128.3 10.5296
1e+10 9.14788e+09 91478.8 10.3048
1e+10 9.18307e+09 91830.7 10.0843
1e+10 9.21839e+09 92183.9 9.86807
1e+10 9.25384e+09 92538.4 9.65605
1e+10 9.28944e+09 92894.4 9.44805
1e+10 9.32517e+09 93251.7 9.24412
1e+10 9.36103e+09 93610.3 9.04419
1e+10 9.39704e+09 93970.4 8.84808
1e+10 9.43318e+09 94331.8 8.65585
1e+10 9.46946e+09 94694.6 8.46737
1e+10 9.50589e+09 95058.9 8.28253
1e+10 9.54245e+09 95424.5 8.10138
1e+10 9.57915e+09 95791.5 7.92379
1e+10 9.616e+09 96160 7.74967
1e+10 9.65298e+09 96529.8 7.57905
1e+10 9.69011e+09 96901.1 7.41177
1e+10 9.72738e+09 97273.8 7.24783
1e+10 9.7648e+09 97648 7.08713
1e+10 9.80236e+09 98023.6 6.92966
1e+10 9.84006e+09 98400.6 6.77536
1e+10 9.87791e+09 98779.1 6.62413
1e+10 9.9159e+09 99159 6.47597
1e+10 9.95404e+09 99540.4 6.33077
1e+10 9.99233e+09 99923.3 6.1885
1e+10 1.00308e+10 100308 6.049
1e+10 1.00693e+10 100693 5.91274
1e+10 1.01081e+10 101081 5.77873
1e+10 1.01469e+10 101469 5.64796
1e+10 1.0186e+10 101860 5.51937
1e+10 1.02252e+10 102252 5.39358
1e+10 1.02645e+10 102645 5.27052
1e+10 1.0304e+10 103040 5.14986
1e+10 1.03436e+10 103436 5.03184
1e+10 1.03834e+10 103834 4.91612
1e+10 1.04233e+10 104233 4.80296
1e+10 1.04634e+10 104634 4.69202
1e+10 1.05037e+10 105037 4.58327
1e+10 1.05441e+10 105441 4.47694
1e+10 1.05846e+10 105846 4.37297
1e+10 1.06253e+10 106253 4.27108
1e+10 1.06662e+10 106662 4.17123
1e+10 1.07072e+10 107072 4.07362
1e+10 1.07484e+10 107484 3.97798
1e+10 1.07897e+10 107897 3.88449
1e+10 1.08312e+10 108312 3.79291
1e+10 1.08729e+10 108729 3.70319
1e+10 1.09147e+10 109147 3.61551
1e+10 1.09567e+10 109567 3.52963
1e+10 1.09988e+10 109988 3.44571
1e+10 1.10412e+10 110412 3.36333
1e+10 1.10836e+10 110836 3.28304
1e+10 1.11262e+10 111262 3.20442
1e+10 1.1169e+10 111690 3.12743
1e+10 1.1212e+10 112120 3.05206
1e+10 1.12551e+10 112551 2.97844
1e+10 1.12984e+10 112984 2.90637
1e+10 1.13419e+10 113419 2.83582
1e+10 1.13855e+10 113855 2.76693
1e+10 1.14293e+10 114293 2.69951
1e+10 1.14733e+10 114733 2.63352
1e+10 1.15174e+10 115174 2.56909
1e+10 1.15617e+10 115617 2.50605
1e+10 1.16062e+10 116062 2.44437
1e+10 1.16508e+10 116508 2.38416
1e+10 1.16956e+10 116956 2.32526
1e+10 1.17406e+10 117406 2.26764
1e+10 1.17857e+10 117857 2.2114
1e+10 1.18311e+10 118311 2.15628
1e+10 1.18766e+10 118766 2.10249
1e+10 1.19223e+10 119223 2.04988
1e+10 1.19681e+10 119681 1.99856
1e+10 1.20142e+10 120142 1.94826
1e+10 1.20604e+10 120604 1.89919
1e+10 1.21068e+10 121068 1.85123
1e+10 1.21533e+10 121533 1.80443
1e+10 1.22001e+10 122001 1.7586
1e+10 1.2247e+10 122470 1.71389
1e+10 1.22941e+10 122941 1.6702
1e+10 1.23414e+10 123414 1.62751
1e+10 1.23889e+10 123889 1.58578
1e+10 1.24365e+10 124365 1.5451
1e+10 1.24843e+10 124843 1.50536
1e+10 1.25324e+10 125324 1.46644
1e+10 1.25806e+10 125806 1.42851
1e+10 1.26289e+10 126289 1.39154
1e+10 1.26775e+10 126775 1.35535
1e+10 1.27263e+10 127263 1.32
1e+10 1.27752e+10 127752 1.28555
1e+10 1.28244e+10 128244 1.25185
1e+10 1.28737e+10 128737 1.219
1e+10 1.29232e+10 129232 1.18694
1e+10 1.29729e+10 129729 1.15563
1e+10 1.30228e+10 130228 1.12507
1e+10 1.30729e+10 130729 1.09524
1e+10 1.31232e+10 131232 1.06613
1e+10 1.31737e+10 131737 1.03771
1e+10 1.32243e+10 132243 1.01004
1e+10 1.32752e+10 132752 0.982979
1e+10 1.33263e+10 133263 0.956578
1e+10 1.33775e+10 133775 0.93087
1e+10 1.3429e+10 134290 0.905742
1e+10 1.34806e+10 134806 0.881277
1e+10 1.35325e+10 135325 0.857367
1e+10 1.35845e+10 135845 0.834093
1e+10 1.36368e+10 136368 0.811351
1e+10 1.36892e+10 136892 0.789216
1e+10 1.37419e+10 137419 0.767591
1e+10 1.37947e+10 137947 0.746546
1e+10 1.38478e+10 138478 0.725991
1e+10 1.39011e+10 139011 0.705953
1e+10 1.39545e+10 139545 0.686456
1e+10 1.40082e+10 140082 0.667418
1e+10 1.40621e+10 140621 0.648863
1e+10 1.41162e+10 141162 0.630781
1e+10 1.41705e+10 141705 0.613161
1e+10 1.4225e+10 142250 0.595993
1e+10 1.42797e+10 142797 0.579267
1e+10 1.43346e+10 143346 0.562972
1e+10 1.43897e+10 143897 0.547098
1e+10 1.44451e+10 144451 0.531609
1e+10 1.45006e+10 145006 0.516551
1e+10 1.45564e+10 145564 0.50186
1e+10 1.46124e+10 146124 0.487553
1e+10 1.46686e+10 146686 0.473623
1e+10 1.4725e+10 147250 0.460061
1e+10 1.47817e+10 147817 0.446834
1e+10 1.48385e+10 148385 0.433981
1e+10 1.48956e+10 148956 0.421448
1e+10 1.49529e+10 149529 0.40925
1e+10 1.50104e+10 150104 0.397379
1e+10 1.50681e+10 150681 0.385827
1e+10 1.51261e+10 151261 0.374567
1e+10 1.51843e+10 151843 0.363612
1e+10 1.52427e+10 152427 0.352954
1e+10 1.53013e+10 153013 0.342587
1e+10 1.53602e+10 153602 0.332485
1e+10 1.54192e+10 154192 0.322677
1e+10 1.54785e+10 154785 0.313122
1e+10 1.55381e+10 155381 0.303815
1e+10 1.55978e+10 155978 0.29478
1e+10 1.56578e+10 156578 0.285982
1e+10 1.57181e+10 157181 0.277414
1e+10 1.57785e+10 157785 0.269099
1e+10 1.58392e+10 158392 0.261004
1e+10 1.59001e+10 159001 0.253136
1e+10 1.59613e+10 159613 0.245477
1e+10 1.60227e+10 160227 0.238035
1e+10 1.60843e+10 160843 0.230804
1e+10 1.61462e+10 161462 0.223767
1e+10 1.62083e+10 162083 0.216931
1e+10 1.62706e+10 162706 0.21029
1e+10 1.63332e+10 163332 0.20383
1e+10 1.6396e+10 163960 0.197556
1e+10 1.64591e+10 164591 0.191454
1e+10 1.65224e+10 165224 0.185528
1e+10 1.65859e+10 165859 0.179775
1e+10 1.66497e+10 166497 0.174181
1e+10 1.67138e+10 167138 0.168742
1e+10 1.67781e+10 167781 0.163462
1e+10 1.68426e+10 168426 0.158338
1e+10 1.69074e+10 169074 0.153358
1e+10 1.69724e+10 169724 0.148525
1e+10 1.70377e+10 170377 0.143829
1e+10 1.71032e+10 171032 0.139272
1e+10 1.7169e+10 171690 0.134845
1e+10 1.7235e+10 172350 0.130551
1e+10 1.73013e+10 173013 0.12638
1e+10 1.73679e+10 173679 0.122328
1e+10 1.74347e+10 174347 0.118399
1e+10 1.75017e+10 175017 0.11459
1e+10 1.7569e+10 175690 0.110891
1e+10 1.76366e+10 176366 0.107299
1e+10 1.77045e+10 177045 0.103813
1e+10 1.77726e+10 177726 0.100434
1e+10 1.78409e+10 178409 0.0971589
1e+10 1.79095e+10 179095 0.0939806
1e+10 1.79784e+10 179784 0.0908964
1e+10 1.80476e+10 180476 0.087904
1e+10 1.8117e+10 181170 0.085005
1e+10 1.81867e+10 181867 0.0821927
1e+10 1.82566e+10 182566 0.0794689
1e+10 1.83268e+10 183268 0.0768271
1e+10 1.83973e+10 183973 0.0742651
1e+10 1.84681e+10 184681 0.0717809
1e+10 1.85391e+10 185391 0.0693758
1e+10 1.86104e+10 186104 0.0670441
1e+10 1.8682e+10 186820 0.0647838
1e+10 1.87539e+10 187539 0.0625931
1e+10 1.8826e+10 188260 0.060473
1e+10 1.88984e+10 188984 0.0584185
1e+10 1.89711e+10 189711 0.0564278
1e+10 1.90441e+10 190441 0.0544992
1e+10 1.91173e+10 191173 0.0526335
1e+10 1.91909e+10 191909 0.0508239
1e+10 1.92647e+10 192647 0.0490736
1e+10 1.93388e+10 193388 0.0473787
1e+10 1.94132e+10 194132 0.0457375
1e+10 1.94878e+10 194878 0.0441506
1e+10 1.95628e+10 195628 0.0426124
1e+10 1.9638e+10 196380 0.0411254
1e+10 1.97136e+10 197136 0.0396843
1e+10 1.97894e+10 197894 0.0382915
1e+10 1.98655e+10 198655 0.0369437
1e+10 1.99419e+10 199419 0.0356398
1e+10 2.00186e+10 200186 0.0343782
1e+10 2.00956e+10 200956 0.033158
1e+10 2.01729e+10 201729 0.0319777
1e+10 2.02505e+10 202505 0.0308363
1e+10 2.03284e+10 203284 0.0297325
1e+10 2.04066e+10 204066 0.0286653
1e+10 2.04851e+10 204851 0.0276336
1e+10 2.05638e+10 205638 0.0266376
1e+10 2.06429e+10 206429 0.0256736
1e+10 2.07223e+10 207223 0.024742
1e+10 2.0802e+10 208020 0.0238418
1e+10 2.08821e+10 208821 0.0229709
1e+10 2.09624e+10 209624 0.0221306
1e+10 2.1043e+10 210430 0.0213189
1e+10 2.11239e+10 211239 0.0205349
1e+10 2.12052e+10 212052 0.0197768
1e+10 2.12868e+10 212868 0.0190448
1e+10 2.13686e+10 213686 0.0183389
1e+10 2.14508e+10 214508 0.0176565
1e+10 2.15333e+10 215333 0.0169978
1e+10 2.16161e+10 216161 0.0163621
1e+10 2.16993e+10 216993 0.0157478
1e+10 2.17827e+10 217827 0.0151558
1e+10 2.18665e+10 218665 0.0145839
1e+10 2.19506e+10 219506 0.0140322
1e+10 2.20351e+10 220351 0.0134994
1e+10 2.21198e+10 221198 0.0129861
1e+10 2.22049e+10 222049 0.0124906
1e+10 2.22903e+10 222903 0.0120127
1e+10 2.2376e+10 223760 0.011552
1e+10 2.24621e+10 224621 0.0111074
1e+10 2.25485e+10 225485 0.0106788
1e+10 2.26352e+10 226352 0.0102658
1e+10 2.27223e+10 227223 0.00986726
1e+10 2.28097e+10 228097 0.0094833
1e+10 2.28974e+10 228974 0.00911339
1e+10 2.29855e+10 229855 0.00875665
1e+10 2.30739e+10 230739 0.00841305
1e+10 2.31627e+10 231627 0.00808178
1e+10 2.32517e+10 232517 0.00776314
1e+10 2.33412e+10 233412 0.00745568
1e+10 2.3431e+10 234310 0.00715968
1e+10 2.35211e+10 235211 0.00687477
1e+10 2.36115e+10 236115 0.00660057
1e+10 2.37024e+10 237024 0.00633611
1e+10 2.37935e+10 237935 0.00608194
1e+10 2.3885e+10 238850 0.00583714
1e+10 2.39769e+10 239769 0.0056014
1e+10 2.40691e+10 240691 0.00537467
1e+10 2.41617e+10 241617 0.00515639
1e+10 2.42546e+10 242546 0.00494649
1e+10 2.43479e+10 243479 0.00474448
1e+10 2.44416e+10 244416 0.00455007
1e+10 2.45356e+10 245356 0.00436322
1e+10 2.463e+10 246300 0.00418345
1e+10 2.47247e+10 247247 0.0040107
1e+10 2.48198e+10 248198 0.00384455
1e+10 2.49153e+10 249153 0.00368477
1e+10 2.50111e+10 250111 0.00353129
1e+10 2.51073e+10 251073 0.00338374
1e+10 2.52039e+10 252039 0.0032419
1e+10 2.53008e+10 253008 0.00310571
1e+10 2.53981e+10 253981 0.00297484
1e+10 2.54958e+10 254958 0.00284908
1e+10 2.55939e+10 255939 0.00272826
1e+10 2.56923e+10 256923 0.00261232
1e+10 2.57911e+10 257911 0.00250096
1e+10 2.58903e+10 258903 0.00239403
1e+10 2.59899e+10 259899 0.00229134
1e+10 2.60899e+10 260899 0.00219276
1e+10 2.61902e+10 261902 0.00209823
1e+10 2.6291e+10 262910 0.0020074
1e+10 2.63921e+10 263921 0.00192033
1e+10 2.64936e+10 264936 0.00183679
1e+10 2.65955e+10 265955 0.00175664
1e+10 2.66978e+10 266978 0.00167976
1e+10 2.68005e+10 268005 0.00160602
1e+10 2.69036e+10 269036 0.00153531
1e+10 2.70071e+10 270071 0.00146752
1e+10 2.71109e+10 271109 0.00140258
1e+10 2.72152e+10 272152 0.00134029
1e+10 2.73199e+10 273199 0.00128058
1e+10 2.7425e+10 274250 0.00122337
1e+10 2.75304e+10 275304 0.00116861
1e+10 2.76363e+10 276363 0.0011161
1e+10 2.77426e+10 277426 0.00106581
1e+10 2.78493e+10 278493 0.00101765
1e+10 2.79565e+10 279565 0.000971485
1e+10 2.8064e+10 280640 0.000927333
1e+10 2.81719e+10 281719 0.00088507
1e+10 2.82803e+10 282803 0.000844583
1e+10 2.83891e+10 283891 0.00080584
1e+10 2.84983e+10 284983 0.000768771
1e+10 2.86079e+10 286079 0.000733309
1e+10 2.87179e+10 287179 0.00069939
1e+10 2.88284e+10 288284 0.000666922
1e+10 2.89392e+10 289392 0.000635905
1e+10 2.90506e+10 290506 0.000606197
1e+10 2.91623e+10 291623 0.000577825
1e+10 2.92745e+10 292745 0.000550684
1e+10 2.93871e+10 293871 0.000524748
1e+10 2.95001e+10 295001 0.000499968
1e+10 2.96136e+10 296136 0.000476274
1e+10 2.97275e+10 297275 0.000453644
1e+10 2.98418e+10 298418 0.000432031
1e+10 2.99566e+10 299566 0.000411377
1e+10 3.00718e+10 300718 0.000391659
1e+10 3.01875e+10 301875 0.00037282
1e+10 3.03036e+10 303036 0.000354842
1e+10 3.04201e+10 304201 0.000337686
1e+10 3.05371e+10 305371 0.000321304
1e+10 3.06546e+10 306546 0.000305663
1e+10 3.07725e+10 307725 0.000290746
1e+10 3.08909e+10 308909 0.000276509
1e+10 3.10097e+10 310097 0.000262935
1e+10 3.11289e+10 311289 0.000249995
1e+10 3.12487e+10 312487 0.00023764
1e+10 3.13689e+10 313689 0.000225867
1e+10 3.14895e+10 314895 0.000214649
1e+10 3.16106e+10 316106 0.000203953
1e+10 3.17322e+10 317322 0.000193757
1e+10 3.18543e+10 318543 0.000184039
1e+10 3.19768e+10 319768 0.000174786
1e+10 3.20998e+10 320998 0.000165969
1e+10 3.22233e+10 322233 0.000157571
1e+10 3.23472e+10 323472 0.000149578
1e+10 3.24716e+10 324716 0.000141966
1e+10 3.25965e+10 325965 0.000134719
1e+10 3.27219e+10 327219 0.00012782
1e+10 3.28477e+10 328477 0.000121258
1e+10 3.29741e+10 329741 0.000115009
1e+10 3.31009e+10 331009 0.000109068
1e+10 3.32282e+10 332282 0.000103417
1e+10 3.3356e+10 333560 9.80418e-05
1e+10 3.34843e+10 334843 9.29302e-05
1e+10 3.36131e+10 336131 8.80702e-05
1e+10 3.37424e+10 337424 8.34502e-05
1e+10 3.38722e+10 338722 7.90593e-05
1e+10 3.40025e+10 340025 7.48867e-05
1e+10 3.41333e+10 341333 7.09223e-05
1e+10 3.42645e+10 342645 6.71594e-05
1e+10 3.43963e+10 343963 6.35828e-05
1e+10 3.45286e+10 345286 6.01866e-05
1e+10 3.46614e+10 346614 5.69623e-05
1e+10 3.47948e+10 347948 5.38993e-05
1e+10 3.49286e+10 349286 5.09946e-05
1e+10 3.50629e+10 350629 4.82384e-05
1e+10 3.51978e+10 351978 4.56217e-05
1e+10 3.53332e+10 353332 4.31397e-05
1e+10 3.54691e+10 354691 4.07859e-05
1e+10 3.56055e+10 356055 3.85542e-05
1e+10 3.57425e+10 357425 3.64369e-05
1e+10 3.58799e+10 358799 3.44317e-05
1e+10 3.60179e+10 360179 3.25301e-05
1e+10 3.61565e+10 361565 3.07271e-05
1e+10 3.62955e+10 362955 2.90205e-05
1e+10 3.64351e+10 364351 2.7403e-05
1e+10 3.65753e+10 365753 2.58702e-05
1e+10 3.6716e+10 367160 2.44192e-05
1e+10 3.68572e+10 368572 2.30458e-05
1e+10 3.69989e+10 369989 2.1746e-05
1e+10 3.71413e+10 371413 2.05145e-05
1e+10 3.72841e+10 372841 1.93503e-05
1e+10 3.74275e+10 374275 1.82485e-05
1e+10 3.75715e+10 375715 1.72058e-05
1e+10 3.7716e+10 377160 1.62201e-05
1e+10 3.78611e+10 378611 1.52877e-05
1e+10 3.80067e+10 380067 1.44066e-05
1e+10 3.81529e+10 381529 1.35734e-05
1e+10 3.82996e+10 382996 1.27864e-05
1e+10 3.84469e+10 384469 1.20426e-05
1e+10 3.85948e+10 385948 1.13397e-05
1e+10 3.87433e+10 387433 1.06757e-05
1e+10 3.88923e+10 388923 1.00489e-05
1e+10 3.90419e+10 390419 9.457e-06
1e+10 3.9192e+10 391920 8.89853e-06
1e+10 3.93428e+10 393428 8.37102e-06
1e+10 3.94941e+10 394941 7.8735e-06
1e+10 3.9646e+10 396460 7.40406e-06
1e+10 3.97985e+10 397985 6.96121e-06
1e+10 3.99516e+10 399516 6.54353e-06
1e+10 4.01052e+10 401052 6.14993e-06
1e+10 4.02595e+10 402595 5.77861e-06
1e+10 4.04143e+10 404143 5.42885e-06
1e+10 4.05698e+10 405698 5.09903e-06
1e+10 4.07258e+10 407258 4.78849e-06
1e+10 4.08825e+10 408825 4.49578e-06
1e+10 4.10397e+10 410397 4.2203e-06
1e+10 4.11976e+10 411976 3.96075e-06
1e+10 4.1356e+10 413560 3.71658e-06
1e+10 4.15151e+10 415151 3.48663e-06
1e+10 4.16748e+10 416748 3.27027e-06
1e+10 4.18351e+10 418351 3.06672e-06
1e+10 4.1996e+10 419960 2.87528e-06
1e+10 4.21575e+10 421575 2.69527e-06
1e+10 4.23197e+10 423197 2.52593e-06
1e+10 4.24824e+10 424824 2.36687e-06
1e+10 4.26458e+10 426458 2.2173e-06
1e+10 4.28099e+10 428099 2.0767e-06
1e+10 4.29745e+10 429745 1.94472e-06
1e+10 4.31398e+10 431398 1.8207e-06
1e+10 4.33057e+10 433057 1.70427e-06
1e+10 4.34723e+10 434723 1.59492e-06
1e+10 4.36395e+10 436395 1.4923e-06
1e+10 4.38074e+10 438074 1.39596e-06
1e+10 4.39759e+10 439759 1.30559e-06
1e+10 4.4145e+10 441450 1.22085e-06
1e+10 4.43148e+10 443148 1.14135e-06
1e+10 4.44853e+10 444853 1.06678e-06
1e+10 4.46564e+10 446564 9.96907e-07
1e+10 4.48281e+10 448281 9.31438e-07
1e+10 4.50005e+10 450005 8.70078e-07
1e+10 4.51736e+10 451736 8.12582e-07
1e+10 4.53474e+10 453474 7.58719e-07
1e+10 4.55218e+10 455218 7.08302e-07
1e+10 4.56969e+10 456969 6.61093e-07
1e+10 4.58727e+10 458727 6.16899e-07
1e+10 4.60491e+10 460491 5.75561e-07
1e+10 4.62262e+10 462262 5.36882e-07
1e+10 4.6404e+10 464040 5.007e-07
1e+10 4.65825e+10 465825 4.66861e-07
1e+10 4.67617e+10 467617 4.35222e-07
1e+10 4.69415e+10 469415 4.05662e-07
1e+10 4.71221e+10 471221 3.78023e-07
1e+10 4.73033e+10 473033 3.52213e-07
1e+10 4.74853e+10 474853 3.28091e-07
1e+10 4.76679e+10 476679 3.05577e-07
1e+10 4.78513e+10 478513 2.84546e-07
1e+10 4.80353e+10 480353 2.64927e-07
1e+10 4.82201e+10 482201 2.46609e-07
1e+10 4.84055e+10 484055 2.29529e-07
1e+10 4.85917e+10 485917 2.1359e-07
1e+10 4.87786e+10 487786 1.98728e-07
1e+10 4.89662e+10 489662 1.84873e-07
1e+10 4.91546e+10 491546 1.71954e-07
1e+10 4.93436e+10 493436 1.59924e-07
1e+10 4.95334e+10 495334 1.48711e-07
1e+10 4.97239e+10 497239 1.38269e-07
1e+10 4.99152e+10 499152 1.28543e-07
1e+10 5.01072e+10 501072 1.19489e-07
1e+10 5.02999e+10 502999 1.11065e-07
1e+10 5.04934e+10 504934 1.03223e-07
1e+10 5.06876e+10 506876 9.59304e-08
1e+10 5.08825e+10 508825 8.91495e-08
1e+10 5.10783e+10 510783 8.28397e-08
1e+10 5.12747e+10 512747 7.69788e-08
1e+10 5.14719e+10 514719 7.1531e-08
1e+10 5.16699e+10 516699 6.64683e-08
1e+10 5.18687e+10 518687 6.17648e-08
1e+10 5.20682e+10 520682 5.73984e-08
1e+10 5.22684e+10 522684 5.33461e-08
1e+10 5.24695e+10 524695 4.95825e-08
1e+10 5.26713e+10 526713 4.60914e-08
1e+10 5.28739e+10 528739 4.28525e-08
1e+10 5.30772e+10 530772 3.98498e-08
1e+10 5.32814e+10 532814 3.7064e-08
1e+10 5.34863e+10 534863 3.44829e-08
1e+10 5.3692e+10 536920 3.20907e-08
1e+10 5.38986e+10 538986 2.98734e-08
1e+10 5.41059e+10 541059 2.78205e-08
1e+10 5.4314e+10 543140 2.59196e-08
1e+10 5.45229e+10 545229 2.41599e-08
1e+10 5.47326e+10 547326 2.25313e-08
1e+10 5.49431e+10 549431 2.10246e-08
1e+10 5.51544e+10 551544 1.96309e-08
1e+10 5.53666e+10 553666 1.83416e-08
1e+10 5.55795e+10 555795 1.71503e-08
1e+10 5.57933e+10 557933 1.60489e-08
1e+10 5.60079e+10 560079 1.50313e-08
1e+10 5.62233e+10 562233 1.40915e-08
1e+10 5.64396e+10 564396 1.32232e-08
1e+10 5.66567e+10 566567 1.24218e-08
1e+10 5.68746e+10 568746 1.16822e-08
1e+10 5.70934e+10 570934 1.09996e-08
1e+10 5.73129e+10 573129 1.03704e-08
1e+10 5.75334e+10 575334 9.78969e-09
1e+10 5.77547e+10 577547 9.25445e-09
1e+10 5.79768e+10 579768 8.76126e-09
1e+10 5.81998e+10 581998 8.30674e-09
1e+10 5.84237e+10 584237 7.88799e-09
1e+10 5.86484e+10 586484 7.50247e-09
1e+10 5.8874e+10 588740 7.1475e-09
1e+10 5.91004e+10 591004 6.82091e-09
1e+10 5.93277e+10 593277 6.52038e-09
1e+10 5.95559e+10 595559 6.24392e-09
1e+10 5.9785e+10 597850 5.98968e-09
1e+10 6.00149e+10 600149 5.75605e-09
1e+10 6.02458e+10 602458 5.54123e-09
1e+10 6.04775e+10 604775 5.34395e-09
1e+10 6.07101e+10 607101 5.16275e-09
1e+10 6.09436e+10 609436 4.99637e-09
1e+10 6.1178e+10 611780 4.84364e-09
1e+10 6.14133e+10 614133 4.7035e-09
1e+10 6.16496e+10 616496 4.57489e-09
1e+10 6.18867e+10 618867 4.45699e-09
1e+10 6.21247e+10 621247 4.34891e-09
1e+10 6.23637e+10 623637 4.24982e-09
1e+10 6.26035e+10 626035 4.15907e-09
1e+10 6.28443e+10 628443 4.07592e-09
1e+10 6.3086e+10 630860 3.99979e-09
1e+10 6.33287e+10 633287 3.93008e-09
1e+10 6.35723e+10 635723 3.8663e-09
1e+10 6.38168e+10 638168 3.80796e-09
1e+10 6.40623e+10 640623 3.75459e-09
1e+10 6.43087e+10 643087 3.70581e-09
1e+10 6.4556e+10 645560 3.66123e-09
1e+10 6.48043e+10 648043 3.62049e-09
1e+10 6.50536e+10 650536 3.58327e-09
1e+10 6.53038e+10 653038 3.5493e-09
1e+10 6.5555e+10 655550 3.51828e-09
1e+10 6.58071e+10 658071 3.48999e-09
1e+10 6.60602e+10 660602 3.46355e-09
1e+10 6.63143e+10 663143 3.43762e-09
1e+10 6.65694e+10 665694 3.41159e-09
1e+10 6.68254e+10 668254 3.38546e-09
1e+10 6.70824e+10 670824 3.35923e-09
1e+10 6.73405e+10 673405 3.3329e-09
1e+10 6.75995e+10 675995 3.30646e-09
1e+10 6.78595e+10 678595 3.27993e-09
1e+10 6.81205e+10 681205 3.2533e-09
1e+10 6.83825e+10 683825 3.22656e-09
1e+10 6.86455e+10 686455 3.19972e-09
1e+10 6.89096e+10 689096 3.17277e-09
1e+10 6.91746e+10 691746 3.14573e-09
1e+10 6.94407e+10 694407 3.11857e-09
1e+10 6.97078e+10 697078 3.09131e-09
1e+10 6.99759e+10 699759 3.06395e-09
1e+10 7.0245e+10 702450 3.03649e-09
1e+10 7.05152e+10 705152 3.00892e-09
1e+10 7.07864e+10 707864 2.98124e-09
1e+10 7.10587e+10 710587 2.95345e-09
1e+10 7.1332e+10 713320 2.92556e-09
1e+10 7.16064e+10 716064 2.89756e-09
1e+10 7.18818e+10 718818 2.86946e-09
1e+10 7.21583e+10 721583 2.84124e-09
1e+10 7.24358e+10 724358 2.81292e-09
1e+10 7.27144e+10 727144 2.78449e-09
1e+10 7.29941e+10 729941 2.75595e-09
1e+10 7.32749e+10 732749 2.72729e-09
1e+10 7.35567e+10 735567 2.69853e-09
1e+10 7.38396e+10 738396 2.66966e-09
1e+10 7.41236e+10 741236 2.64068e-09
1e+10 7.44087e+10 744087 2.61159e-09
1e+10 7.46949e+10 746949 2.58238e-09
1e+10 7.49822e+10 749822 2.55306e-09
1e+10 7.52706e+10 752706 2.52363e-09
1e+10 7.55601e+10 755601 2.49409e-09
1e+10 7.58508e+10 758508 2.46442e-09
1e+10 7.61425e+10 761425 2.43465e-09
1e+10 7.64354e+10 764354 2.40476e-09
1e+10 7.67294e+10 767294 2.37476e-09
1e+10 7.70245e+10 770245 2.34464e-09
1e+10 7.73208e+10 773208 2.31441e-09
1e+10 7.76182e+10 776182 2.28406e-09
1e+10 7.79167e+10 779167 2.2536e-09
1e+10 7.82164e+10 782164 2.22301e-09
1e+10 7.85172e+10 785172 2.19232e-09
1e+10 7.88192e+10 788192 2.1615e-09
1e+10 7.91224e+10 791224 2.13055e-09
1e+10 7.94267e+10 794267 2.0995e-09
1e+10 7.97322e+10 797322 2.06832e-09
1e+10 8.00389e+10 800389 2.03703e-09
1e+10 8.03468e+10 803468 2.0056e-09
1e+10 8.06558e+10 806558 1.97407e-09
1e+10 8.0966e+10 809660 1.94242e-09
1e+10 8.12774e+10 812774 1.91064e-09
1e+10 8.15901e+10 815901 1.87873e-09
1e+10 8.19039e+10 819039 1.8467e-09
1e+10 8.22189e+10 822189 1.81456e-09
1e+10 8.25351e+10 825351 1.78229e-09
1e+10 8.28526e+10 828526 1.74989e-09
1e+10 8.31713e+10 831713 1.71737e-09
1e+10 8.34912e+10 834912 1.68472e-09
1e+10 8.38123e+10 838123 1.65195e-09
1e+10 8.41347e+10 841347 1.61905e-09
1e+10 8.44583e+10 844583 1.58603e-09
1e+10 8.47831e+10 847831 1.55288e-09
1e+10 8.51092e+10 851092 1.5196e-09
1e+10 8.54366e+10 854366 1.48619e-09
1e+10 8.57652e+10 857652 1.45266e-09
1e+10 8.60951e+10 860951 1.41899e-09
1e+10 8.64262e+10 864262 1.3852e-09
1e+10 8.67586e+10 867586 1.35128e-09
1e+10 8.70923e+10 870923 1.31723e-09
1e+10 8.74273e+10 874273 1.28304e-09
1e+10 8.77636e+10 877636 1.24872e-09
1e+10 8.81012e+10 881012 1.21427e-09
1e+10 8.844e+10 884400 1.1797e-09
1e+10 8.87802e+10 887802 1.14498e-09
1e+10 8.91217e+10 891217 1.11013e-09
1e+10 8.94645e+10 894645 1.07515e-09
1e+10 8.98086e+10 898086 1.04003e-09
1e+10 9.0154e+10 901540 1.00478e-09
1e+10 9.05008e+10 905008 9.69391e-10
1e+10 9.08489e+10 908489 9.33868e-10
1e+10 9.11983e+10 911983 8.98212e-10
1e+10 9.15491e+10 915491 8.62413e-10
1e+10 9.19012e+10 919012 8.26481e-10
1e+10 9.22547e+10 922547 7.90406e-10
1e+10 9.26095e+10 926095 7.54199e-10
1e+10 9.29657e+10 929657 7.17849e-10
1e+10 9.33233e+10 933233 6.81356e-10
1e+10 9.36822e+10 936822 6.4473e-10
1e+10 9.40426e+10 940426 6.07951e-10
1e+10 9.44043e+10 944043 5.7104e-10
1e+10 9.47674e+10 947674 5.33986e-10
1e+10 9.51319e+10 951319 4.96789e-10
1e+10 9.54978e+10 954978 4.59449e-10
1e+10 9.58651e+10 958651 4.21966e-10
1e+10 9.62338e+10 962338 3.8434e-10
1e+10 9.6604e+10 966040 3.46561e-10
1e+10 9.69755e+10 969755 3.0865e-10
1e+10 9.73485e+10 973485 2.70585e-10
1e+10 9.7723e+10 977230 2.32367e-10
1e+10 9.80988e+10 980988 1.94017e-10
1e+10 9.84762e+10 984762 1.55503e-10
1e+10 9.88549e+10 988549 1.16857e-10
1e+10 9.92352e+10 992352 7.80477e-11
1e+10 9.96168e+10 996168 3.91055e-11
1e+10 1e+11 1e+06 0

1e+11 1e+06 10 7.91319e+10
1e+11 1.00385e+06 10.0385 7.85259e+10
1e+11 1.00771e+06 10.0771 7.79252e+10
1e+11 1.01158e+06 10.1158 7.73299e+10
1e+11 1.01547e+06 10.1547 7.67384e+10
1e+11 1.01938e+06 10.1938 7.61507e+10
1e+11 1.0233e+06 10.233 7.55682e+10
1e+11 1.02724e+06 10.2724 7.49894e+10
1e+11 1.03119e+06 10.3119 7.44158e+10
1e+11 1.03515e+06 10.3515 7.38473e+10
1e+11 1.03914e+06 10.3914 7.32811e+10
1e+11 1.04313e+06 10.4313 7.27214e+10
1e+11 1.04714e+06 10.4714 7.21653e+10
1e+11 1.05117e+06 10.5117 7.16128e+10
1e+11 1.05522e+06 10.5522 7.1064e+10
1e+11 1.05927e+06 10.5927 7.05214e+10
1e+11 1.06335e+06 10.6335 6.99811e+10
1e+11 1.06744e+06 10.6744 6.94457e+10
1e+11 1.07154e+06 10.7154 6.8915e+10
1e+11 1.07567e+06 10.7567 6.83867e+10
1e+11 1.0798e+06 10.798 6.78644e+10
1e+11 1.08396e+06 10.8396 6.73443e+10
1e+11 1.08813e+06 10.8813 6.68289e+10
1e+11 1.09231e+06 10.9231 6.63182e+10
1e+11 1.09651e+06 10.9651 6.5811e+10
1e+11 1.10073e+06 11.0073 6.53072e+10
1e+11 1.10496e+06 11.0496 6.48079e+10
1e+11 1.10921e+06 11.0921 6.43121e+10
1e+11 1.11348e+06 11.1348 6.38196e+10
1e+11 1.11776e+06 11.1776 6.33316e+10
1e+11 1.12206e+06 11.2206 6.28469e+10
1e+11 1.12638e+06 11.2638 6.23656e+10
1e+11 1.13071e+06 11.3071 6.18887e+10
1e+11 1.13506e+06 11.3506 6.14151e+10
1e+11 1.13942e+06 11.3942 6.09458e+10
1e+11 1.14381e+06 11.4381 6.04787e+10
1e+11 1.14821e+06 11.4821 6.00159e+10
1e+11 1.15262e+06 11.5262 5.95573e+10
1e+11 1.15706e+06 11.5706 5.91009e+10
1e+11 1.16151e+06 11.6151 5.86488e+10
1e+11 1.16597e+06 11.6597 5.82008e+10
1e+11 1.17046e+06 11.7046 5.77549e+10
1e+11 1.17496e+06 11.7496 5.73132e+10
1e+11 1.17948e+06 11.7948 5.68746e+10
1e+11 1.18402e+06 11.8402 5.64391e+10
1e+11 1.18857e+06 11.8857 5.60077e+10
1e+11 1.19314e+06 11.9314 5.55793e+10
1e+11 1.19773e+06 11.9773 5.51539e+10
1e+11 1.20234e+06 12.0234 5.47316e+10
1e+11 1.20696e+06 12.0696 5.43133e+10
1e+11 1.21161e+06 12.1161 5.3897e+10
1e+11 1.21627e+06 12.1627 5.34846e+10
1e+11 1.22094e+06 12.2094 5.30761e+10
1e+11 1.22564e+06 12.2564 5.26696e+10
1e+11 1.23035e+06 12.3035 5.2267e+10
1e+11 1.23509e+06 12.3509 5.18664e+10
1e+11 1.23984e+06 12.3984 5.14696e+10
1e+11 1.24461e+06 12.4461 5.10757e+10
1e+11 1.24939e+06 12.4939 5.06854e+10
1e+11 1.2542e+06 12.542 5.02973e+10
1e+11 1.25902e+06 12.5902 4.99127e+10
1e+11 1.26386e+06 12.6386 4.9531e+10
1e+11 1.26873e+06 12.6873 4.91513e+10
1e+11 1.27361e+06 12.7361 4.87752e+10
1e+11 1.2785e+06 12.785 4.84027e+10
1e+11 1.28342e+06 12.8342 4.80321e+10
1e+11 1.28836e+06 12.8836 4.76643e+10
1e+11 1.29331e+06 12.9331 4.73e+10
1e+11 1.29829e+06 12.9829 4.69377e+10
1e+11 1.30328e+06 13.0328 4.65788e+10
1e+11 1.30829e+06 13.0829 4.62226e+10
1e+11 1.31333e+06 13.1333 4.58684e+10
1e+11 1.31838e+06 13.1838 4.55175e+10
1e+11 1.32345e+06 13.2345 4.51693e+10
1e+11 1.32854e+06 13.2854 4.48236e+10
1e+11 1.33365e+06 13.3365 4.44807e+10
1e+11 1.33878e+06 13.3878 4.41403e+10
1e+11 1.34393e+06 13.4393 4.38025e+10
1e+11 1.3491e+06 13.491 4.34673e+10
1e+11 1.35429e+06 13.5429 4.31346e+10
1e+11 1.3595e+06 13.595 4.28045e+10
1e+11 1.36472e+06 13.6472 4.24775e+10
1e+11 1.36997e+06 13.6997 4.21524e+10
1e+11 1.37524e+06 13.7524 4.18298e+10
1e+11 1.38053e+06 13.8053 4.15097e+10
1e+11 1.38584e+06 13.8584 4.11921e+10
1e+11 1.39117e+06 13.9117 4.08769e+10
1e+11 1.39652e+06 13.9652 4.05642e+10
1e+11 1.4019e+06 14.019 4.02533e+10
1e+11 1.40729e+06 14.0729 3.99454e+10
1e+11 1.4127e+06 14.127 3.96399e+10
1e+11 1.41813e+06 14.1813 3.93368e+10
1e+11 1.42359e+06 14.2359 3.90355e+10
1e+11 1.42906e+06 14.2906 3.87371e+10
1e+11 1.43456e+06 14.3456 3.84405e+10
1e+11 1.44008e+06 14.4008 3.81462e+10
1e+11 1.44562e+06 14.4562 3.78542e+10
1e+11 1.45118e+06 14.5118 3.75646e+10
1e+11 1.45676e+06 14.5676 3.72772e+10
1e+11 1.46236e+06 14.6236 3.69921e+10
1e+11 1.46799e+06 14.6799 3.67088e+10
1e+11 1.47363e+06 14.7363 3.64282e+10
1e+11 1.4793e+06 14.793 3.61493e+10
1e+11 1.48499e+06 14.8499 3.58727e+10
1e+11 1.4907e+06 14.907 3.55983e+10
1e+11 1.49644e+06 14.9644 3.53256e+10
1e+11 1.50219e+06 15.0219 3.50555e+10
1e+11 1.50797e+06 15.0797 3.47872e+10
1e+11 1.51377e+06 15.1377 3.4521e+10
1e+11 1.51959e+06 15.1959 3.42569e+10
1e+11 1.52544e+06 15.2544 3.39946e+10
1e+11 1.5313e+06 15.313 3.37347e+10
1e+11 1.53719e+06 15.3719 3.34766e+10
1e+11 1.54311e+06 15.4311 3.32201e+10
1e+11 1.54904e+06 15.4904 3.29661e+10
1e+11 1.555e+06 15.55 3.27138e+10
1e+11 1.56098e+06 15.6098 3.24635e+10
1e+11 1.56699e+06 15.6699 3.22148e+10
1e+11 1.57301e+06 15.7301 3.19686e+10
1e+11 1.57906e+06 15.7906 3.17239e+10
1e+11 1.58514e+06 15.8514 3.14809e+10
1e+11 1.59123e+06 15.9123 3.12403e+10
1e+11 1.59735e+06 15.9735 3.10012e+10
1e+11 1.6035e+06 16.035 3.07638e+10
1e+11 1.60967e+06 16.0967 3.05282e+10
1e+11 1.61586e+06 16.1586 3.02947e+10
1e+11 1.62207e+06 16.2207 3.0063e+10
1e+11 1.62831e+06 16.2831 2.98329e+10
1e+11 1.63457e+06 16.3457 2.96047e+10
1e+11 1.64086e+06 16.4086 2.93781e+10
1e+11 1.64717e+06 16.4717 2.91533e+10
1e+11 1.65351e+06 16.5351 2.893e+10
1e+11 1.65987e+06 16.5987 2.87087e+10
1e+11 1.66625e+06 16.6625 2.84891e+10
1e+11 1.67266e+06 16.7266 2.8271e+10
1e+11 1.67909e+06 16.7909 2.80548e+10
1e+11 1.68555e+06 16.8555 2.78401e+10
1e+11 1.69204e+06 16.9204 2.76268e+10
1e+11 1.69854e+06 16.9854 2.74156e+10
1e+11 1.70508e+06 17.0508 2.72056e+10
1e+11 1.71163e+06 17.1163 2.69977e+10
1e+11 1.71822e+06 17.1822 2.67909e+10
1e+11 1.72483e+06 17.2483 2.65858e+10
1e+11 1.73146e+06 17.3146 2.63825e+10
1e+11 1.73812e+06 17.3812 2.61806e+10
1e+11 1.74481e+06 17.4481 2.59801e+10
1e+11 1.75152e+06 17.5152 2.57813e+10
1e+11 1.75825e+06 17.5825 2.55842e+10
1e+11 1.76502e+06 17.6502 2.53882e+10
1e+11 1.77181e+06 17.7181 2.51938e+10
1e+11 1.77862e+06 17.7862 2.50012e+10
1e+11 1.78546e+06 17.8546 2.48099e+10
1e+11 1.79233e+06 17.9233 2.46199e+10
1e+11 1.79922e+06 17.9922 2.44316e+10
1e+11 1.80614e+06 18.0614 2.42447e+10
1e+11 1.81309e+06 18.1309 2.4059e+10
1e+11 1.82006e+06 18.2006 2.3875e+10
1e+11 1.82706e+06 18.2706 2.36923e+10
1e+11 1.83409e+06 18.3409 2.35109e+10
1e+11 1.84115e+06 18.4115 2.33308e+10
1e+11 1.84823e+06 18.4823 2.31523e+10
1e+11 1.85534e+06 18.5534 2.29751e+10
1e+11 1.86247e+06 18.6247 2.27994e+10
1e+11 1.86964e+06 18.6964 2.26248e+10
1e+11 1.87683e+06 18.7683 2.24517e+10
1e+11 1.88405e+06 18.8405 2.22798e+10
1e+11 1.89129e+06 18.9129 2.21095e+10
1e+11 1.89857e+06 18.9857 2.19401e+10
1e+11 1.90587e+06 19.0587 2.17723e+10
1e+11 1.9132e+06 19.132 2.16056e+10
1e+11 1.92056e+06 19.2056 2.14403e+10
1e+11 1.92795e+06 19.2795 2.12761e+10
1e+11 1.93536e+06 19.3536 2.11134e+10
1e+11 1.94281e+06 19.4281 2.09517e+10
1e+11 1.95028e+06 19.5028 2.07914e+10
1e+11 1.95778e+06 19.5778 2.06323e+10
1e+11 1.96531e+06 19.6531 2.04744e+10
1e+11 1.97287e+06 19.7287 2.03177e+10
1e+11 1.98046e+06 19.8046 2.01621e+10
1e+11 1.98808e+06 19.8808 2.00078e+10
1e+11 1.99572e+06 19.9572 1.98548e+10
1e+11 2.0034e+06 20.034 1.97027e+10
1e+11 2.0111e+06 20.111 1.9552e+10
1e+11 2.01884e+06 20.1884 1.94023e+10
1e+11 2.0266e+06 20.266 1.92539e+10
1e+11 2.0344e+06 20.344 1.91065e+10
1e+11 2.04222e+06 20.4222 1.89603e+10
1e+11 2.05008e+06 20.5008 1.88151e+10
1e+11 2.05796e+06 20.5796 1.86712e+10
1e+11 2.06588e+06 20.6588 1.85282e+10
1e+11 2.07383e+06 20.7383 1.83863e+10
1e+11 2.0818e+06 20.818 1.82457e+10
1e+11 2.08981e+06 20.8981 1.8106e+10
1e+11 2.09785e+06 20.9785 1.79674e+10
1e+11 2.10592e+06 21.0592 1.78299e+10
1e+11 2.11402e+06 21.1402 1.76934e+10
1e+11 2.12215e+06 21.2215 1.7558e+10
1e+11 2.13031e+06 21.3031 1.74237e+10
1e+11 2.1385e+06 21.385 1.72904e+10
1e+11 2.14673e+06 21.4673 1.7158e+10
1e+11 2.15499e+06 21.5499 1.70266e+10
1e+11 2.16327e+06 21.6327 1.68964e+10
1e+11 2.1716e+06 21.716 1.67669e+10
1e+11 2.17995e+06 21.7995 1.66386e+10
1e+11 2.18833e+06 21.8833 1.65114e+10
1e+11 2.19675e+06 21.9675 1.63849e+10
1e+11 2.2052e+06 22.052 1.62595e+10
1e+11 2.21368e+06 22.1368 1.61351e+10
1e+11 2.2222e+06 22.222 1.60115e+10
1e+11 2.23074e+06 22.3074 1.58891e+10
1e+11 2.23932e+06 22.3932 1.57674e+10
1e+11 2.24794e+06 22.4794 1.56467e+10
1e+11 2.25658e+06 22.5658 1.5527e+10
1e+11 2.26526e+06 22.6526 1.54081e+10
1e+11 2.27397e+06 22.7397 1.52902e+10
1e+11 2.28272e+06 22.8272 1.51732e+10
1e+11 2.2915e+06 22.915 1.5057e+10
1e+11 2.30031e+06 23.0031 1.49418e+10
1e+11 2.30916e+06 23.0916 1.48274e+10
1e+11 2.31804e+06 23.1804 1.47139e+10
1e+11 2.32696e+06 23.2696 1.46013e+10
1e+11 2.33591e+06 23.3591 1.44895e+10
1e+11 2.34489e+06 23.4489 1.43787e+10
1e+11 2.35391e+06 23.5391 1.42686e+10
1e+11 2.36297e+06 23.6297 1.41593e+10
1e+11 2.37206e+06 23.7206 1.40509e+10
1e+11 2.38118e+06 23.8118 1.39434e+10
1e+11 2.39034e+06 23.9034 1.38366e+10
1e+11 2.39953e+06 23.9953 1.37308e+10
1e+11 2.40876e+06 24.0876 1.36257e+10
1e+11 2.41803e+06 24.1803 1.35213e+10
1e+11 2.42733e+06 24.2733 1.34178e+10
1e+11 2.43666e+06 24.3666 1.33152e+10
1e+11 2.44604e+06 24.4604 1.32132e+10
1e+11 2.45544e+06 24.5544 1.31121e+10
1e+11 2.46489e+06 24.6489 1.30117e+10
1e+11 2.47437e+06 24.7437 1.29121e+10
1e+11 2.48389e+06 24.8389 1.28132e+10
1e+11 2.49344e+06 24.9344 1.27152e+10
1e+11 2.50303e+06 25.0303 1.26179e+10
1e+11 2.51266e+06 25.1266 1.25212e+10
1e+11 2.52232e+06 25.2232 1.24254e+10
1e+11 2.53202e+06 25.3202 1.23303e+10
1e+11 2.54176e+06 25.4176 1.22359e+10
1e+11 2.55154e+06 25.5154 1.21422e+10
1e+11 2.56135e+06 25.6135 1.20493e+10
1e+11 2.57121e+06 25.7121 1.1957e+10
1e+11 2.58109e+06 25.8109 1.18656e+10
1e+11 2.59102e+06 25.9102 1.17747e+10
1e+11 2.60099e+06 26.0099 1.16846e+10
1e+11 2.61099e+06 26.1099 1.15951e+10
1e+11 2.62104e+06 26.2104 1.15063e+10
1e+11 2.63112e+06 26.3112 1.14183e+10
1e+11 2.64124e+06 26.4124 1.13308e+10
1e+11 2.6514e+06 26.514 1.12441e+10
1e+11 2.66159e+06 26.6159 1.11581e+10
1e+11 2.67183e+06 26.7183 1.10726e+10
1e+11 2.68211e+06 26.8211 1.09879e+10
1e+11 2.69242e+06 26.9242 1.09038e+10
1e+11 2.70278e+06 27.0278 1.08203e+10
1e+11 2.71318e+06 27.1318 1.07374e+10
1e+11 2.72361e+06 27.2361 1.06553e+10
1e+11 2.73409e+06 27.3409 1.05737e+10
1e+11 2.7446e+06 27.446 1.04928e+10
1e+11 2.75516e+06 27.5516 1.04124e+10
1e+11 2.76576e+06 27.6576 1.03327e+10
1e+11 2.77639e+06 27.7639 1.02536e+10
1e+11 2.78707e+06 27.8707 1.01751e+10
1e+11 2.79779e+06 27.9779 1.00972e+10
1e+11 2.80855e+06 28.0855 1.00199e+10
1e+11 2.81936e+06 28.1936 9.94319e+09
1e+11 2.8302e+06 28.302 9.86709e+09
1e+11 2.84109e+06 28.4109 9.79153e+09
1e+11 2.85201e+06 28.5201 9.71662e+09
1e+11 2.86298e+06 28.6298 9.64223e+09
1e+11 2.874e+06 28.74 9.56836e+09
1e+11 2.88505e+06 28.8505 9.49513e+09
1e+11 2.89615e+06 28.9615 9.42242e+09
1e+11 2.90729e+06 29.0729 9.35028e+09
1e+11 2.91847e+06 29.1847 9.27871e+09
1e+11 2.92969e+06 29.2969 9.20771e+09
1e+11 2.94096e+06 29.4096 9.13721e+09
1e+11 2.95227e+06 29.5227 9.06726e+09
1e+11 2.96363e+06 29.6363 8.99782e+09
1e+11 2.97503e+06 29.7503 8.92892e+09
1e+11 2.98647e+06 29.8647 8.86058e+09
1e+11 2.99796e+06 29.9796 8.79273e+09
1e+11 3.00949e+06 30.0949 8.72542e+09
1e+11 3.02106e+06 30.2106 8.65864e+09
1e+11 3.03268e+06 30.3268 8.59235e+09
1e+11 3.04435e+06 30.4435 8.52654e+09
1e+11 3.05606e+06 30.5606 8.46126e+09
1e+11 3.06781e+06 30.6781 8.3965e+09
1e+11 3.07961e+06 30.7961 8.33221e+09
1e+11 3.09146e+06 30.9146 8.26839e+09
1e+11 3.10335e+06 31.0335 8.20509e+09
1e+11 3.11529e+06 31.1529 8.14225e+09
1e+11 3.12727e+06 31.2727 8.07992e+09
1e+11 3.1393e+06 31.393 8.01805e+09
1e+11 3.15137e+06 31.5137 7.95669e+09
1e+11 3.16349e+06 31.6349 7.89577e+09
1e+11 3.17566e+06 31.7566 7.83531e+09
1e+11 3.18787e+06 31.8787 7.77534e+09
1e+11 3.20014e+06 32.0014 7.71577e+09
1e+11 3.21244e+06 32.1244 7.65673e+09
1e+11 3.2248e+06 32.248 7.59809e+09
1e+11 3.2372e+06 32.372 7.53993e+09
1e+11 3.24966e+06 32.4966 7.48216e+09
1e+11 3.26215e+06 32.6215 7.42491e+09
1e+11 3.2747e+06 32.747 7.36805e+09
1e+11 3.2873e+06 32.873 7.31161e+09
1e+11 3.29994e+06 32.9994 7.25565e+09
1e+11 3.31263e+06 33.1263 7.20011e+09
1e+11 3.32537e+06 33.2537 7.14498e+09
1e+11 3.33817e+06 33.3817 7.09023e+09
1e+11 3.351e+06 33.51 7.03598e+09
1e+11 3.36389e+06 33.6389 6.98211e+09
1e+11 3.37683e+06 33.7683 6.92864e+09
1e+11 3.38982e+06 33.8982 6.87558e+09
1e+11 3.40286e+06 34.0286 6.82293e+09
1e+11 3.41595e+06 34.1595 6.77068e+09
1e+11 3.42909e+06 34.2909 6.71883e+09
1e+11 3.44228e+06 34.4228 6.66738e+09
1e+11 3.45552e+06 34.5552 6.61632e+09
1e+11 3.46881e+06 34.6881 6.56566e+09
1e+11 3.48215e+06 34.8215 6.5154e+09
1e+11 3.49554e+06 34.9554 6.46552e+09
1e+11 3.50899e+06 35.0899 6.41599e+09
1e+11 3.52248e+06 35.2248 6.36689e+09
1e+11 3.53603e+06 35.3603 6.31813e+09
1e+11 3.54963e+06 35.4963 6.26975e+09
1e+11 3.56329e+06 35.6329 6.22172e+09
1e+11 3.57699e+06 35.7699 6.17409e+09
1e+11 3.59075e+06 35.9075 6.12681e+09
1e+11 3.60456e+06 36.0456 6.0799e+09
1e+11 3.61842e+06 36.1842 6.03335e+09
1e+11 3.63234e+06 36.3234 5.98714e+09
1e+11 3.64631e+06 36.4631 5.9413e+09
1e+11 3.66034e+06 36.6034 5.89579e+09
1e+11 3.67442e+06 36.7442 5.85063e+09
1e+11 3.68855e+06 36.8855 5.80584e+09
1e+11 3.70274e+06 37.0274 5.76137e+09
1e+11 3.71698e+06 37.1698 5.71726e+09
1e+11 3.73128e+06 37.3128 5.67347e+09
1e+11 3.74563e+06 37.4563 5.63002e+09
1e+11 3.76003e+06 37.6003 5.58693e+09
1e+11 3.7745e+06 37.745 5.54412e+09
1e+11 3.78901e+06 37.8901 5.50169e+09
1e+11 3.80359e+06 38.0359 5.45954e+09
1e+11 3.81822e+06 38.1822 5.41773e+09
1e+11 3.8329e+06 38.329 5.37626e+09
1e+11 3.84765e+06 38.4765 5.33506e+09
1e+11 3.86244e+06 38.6244 5.29423e+09
1e+11 3.8773e+06 38.773 5.25368e+09
1e+11 3.89221e+06 38.9221 5.21345e+09
1e+11 3.90718e+06 39.0718 5.17353e+09
1e+11 3.92221e+06 39.2221 5.1339e+09
1e+11 3.9373e+06 39.373 5.09457e+09
1e+11 3.95244e+06 39.5244 5.05557e+09
1e+11 3.96765e+06 39.6765 5.01683e+09
1e+11 3.98291e+06 39.8291 4.97841e+09
1e+11 3.99823e+06 39.9823 4.94028e+09
1e+11 4.0136e+06 40.136 4.90247e+09
1e+11 4.02904e+06 40.2904 4.86492e+09
1e+11 4.04454e+06 40.4454 4.82765e+09
1e+11 4.06009e+06 40.6009 4.79069e+09
1e+11 4.07571e+06 40.7571 4.75399e+09
1e+11 4.09139e+06 40.9139 4.71758e+09
1e+11 4.10712e+06 41.0712 4.68146e+09
1e+11 4.12292e+06 41.2292 4.6456e+09
1e+11 4.13878e+06 41.3878 4.61001e+09
1e+11 4.1547e+06 41.547 4.5747e+09
1e+11 4.17068e+06 41.7068 4.53967e+09
1e+11 4.18672e+06 41.8672 4.5049e+09
1e+11 4.20282e+06 42.0282 4.47041e+09
1e+11 4.21899e+06 42.1899 4.43616e+09
1e+11 4.23522e+06 42.3522 4.40218e+09
1e+11 4.25151e+06 42.5151 4.36846e+09
1e+11 4.26786e+06 42.6786 4.335e+09
1e+11 4.28427e+06 42.8427 4.30181e+09
1e+11 4.30075e+06 43.0075 4.26886e+09
1e+11 4.3173e+06 43.173 4.23615e+09
1e+11 4.3339e+06 43.339 4.20371e+09
1e+11 4.35057e+06 43.5057 4.17151e+09
1e+11 4.3673e+06 43.673 4.13957e+09
1e+11 4.3841e+06 43.841 4.10786e+09
1e+11 4.40096e+06 44.0096 4.0764e+09
1e+11 4.41789e+06 44.1789 4.04517e+09
1e+11 4.43488e+06 44.3488 4.01419e+09
1e+11 4.45194e+06 44.5194 3.98344e+09
1e+11 4.46907e+06 44.6907 3.95292e+09
1e+11 4.48626e+06 44.8626 3.92264e+09
1e+11 4.50351e+06 45.0351 3.8926e+09
1e+11 4.52083e+06 45.2083 3.86279e+09
1e+11 4.53822e+06 45.3822 3.8332e+09
1e+11 4.55568e+06 45.5568 3.80383e+09
1e+11 4.5732e+06 45.732 3.77469e+09
1e+11 4.59079e+06 45.9079 3.74578e+09
1e+11 4.60845e+06 46.0845 3.71708e+09
1e+11 4.62617e+06 46.2617 3.68862e+09
1e+11 4.64397e+06 46.4397 3.66035e+09
1e+11 4.66183e+06 46.6183 3.63232e+09
1e+11 4.67976e+06 46.7976 3.60449e+09
1e+11 4.69776e+06 46.9776 3.57688e+09
1e+11 4.71583e+06 47.1583 3.54948e+09
1e+11 4.73397e+06 47.3397 3.52229e+09
1e+11 4.75217e+06 47.5217 3.49532e+09
1e+11 4.77045e+06 47.7045 3.46854e+09
1e+11 4.7888e+06 47.888 3.44197e+09
1e+11 4.80722e+06 48.0722 3.4156e+09
1e+11 4.82571e+06 48.2571 3.38943e+09
1e+11 4.84427e+06 48.4427 3.36347e+09
1e+11 4.8629e+06 48.629 3.33771e+09
1e+11 4.88161e+06 48.8161 3.31213e+09
1e+11 4.90038e+06 49.0038 3.28676e+09
1e+11 4.91923e+06 49.1923 3.26158e+09
1e+11 4.93815e+06 49.3815 3.2366e+09
1e+11 4.95715e+06 49.5715 3.21179e+09
1e+11 4.97621e+06 49.7621 3.1872e+09
1e+11 4.99535e+06 49.9535 3.16278e+09
1e+11 5.01457e+06 50.1457 3.13854e+09
1e+11 5.03385e+06 50.3385 3.11451e+09
1e+11 5.05322e+06 50.5322 3.09064e+09
1e+11 5.07265e+06 50.7265 3.06697e+09
1e+11 5.09216e+06 50.9216 3.04347e+09
1e+11 5.11175e+06 51.1175 3.02015e+09
1e+11 5.13141e+06 51.3141 2.99701e+09
1e+11 5.15115e+06 51.5115 2.97405e+09
1e+11 5.17096e+06 51.7096 2.95126e+09
1e+11 5.19085e+06 51.9085 2.92865e+09
1e+11 5.21081e+06 52.1081 2.90622e+09
1e+11 5.23086e+06 52.3086 2.88395e+09
1e+11 5.25098e+06 52.5098 2.86185e+09
1e+11 5.27117e+06 52.7117 2.83993e+09
1e+11 5.29145e+06 52.9145 2.81817e+09
1e+11 5.3118e+06 53.118 2.79658e+09
1e+11 5.33223e+06 53.3223 2.77515e+09
1e+11 5.35274e+06 53.5274 2.75389e+09
1e+11 5.37333e+06 53.7333 2.73278e+09
1e+11 5.394e+06 53.94 2.71184e+09
1e+11 5.41474e+06 54.1474 2.69107e+09
1e+11 5.43557e+06 54.3557 2.67045e+09
1e+11 5.45648e+06 54.5648 2.64998e+09
1e+11 5.47746e+06 54.7746 2.62969e+09
1e+11 5.49853e+06 54.9853 2.60954e+09
1e+11 5.51968e+06 55.1968 2.58954e+09
1e+11 5.54091e+06 55.4091 2.5697e+09
1e+11 5.56222e+06 55.6222 2.55001e+09
1e+11 5.58362e+06 55.8362 2.53046e+09
1e+11 5.60509e+06 56.0509 2.51108e+09
1e+11 5.62665e+06 56.2665 2.49184e+09
1e+11 5.64829e+06 56.4829 2.47275e+09
1e+11 5.67002e+06 56.7002 2.45379e+09
1e+11 5.69183e+06 56.9183 2.43499e+09
1e+11 5.71372e+06 57.1372 2.41633e+09
1e+11 5.7357e+06 57.357 2.39781e+09
1e+11 5.75776e+06 57.5776 2.37944e+09
1e+11 5.7799e+06 57.799 2.36121e+09
1e+11 5.80214e+06 58.0214 2.34311e+09
1e+11 5.82445e+06 58.2445 2.32516e+09
1e+11 5.84685e+06 58.4685 2.30735e+09
1e+11 5.86934e+06 58.6934 2.28966e+09
1e+11 5.89192e+06 58.9192 2.27211e+09
1e+11 5.91458e+06 59.1458 2.2547e+09
1e+11 5.93733e+06 59.3733 2.23742e+09
1e+11 5.96017e+06 59.6017 2.22027e+09
1e+11 5.98309e+06 59.8309 2.20326e+09
1e+11 6.0061e+06 60.061 2.18638e+09
1e+11 6.02921e+06 60.2921 2.16962e+09
1e+11 6.0524e+06 60.524 2.15299e+09
1e+11 6.07567e+06 60.7567 2.1365e+09
1e+11 6.09904e+06 60.9904 2.12012e+09
1e+11 6.1225e+06 61.225 2.10387e+09
1e+11 6.14605e+06 61.4605 2.08775e+09
1e+11 6.16969e+06 61.6969 2.07175e+09
1e+11 6.19342e+06 61.9342 2.05587e+09
1e+11 6.21724e+06 62.1724 2.04012e+09
1e+11 6.24116e+06 62.4116 2.02448e+09
1e+11 6.26516e+06 62.6516 2.00896e+09
1e+11 6.28926e+06 62.8926 1.99357e+09
1e+11 6.31345e+06 63.1345 1.97829e+09
1e+11 6.33773e+06 63.3773 1.96313e+09
1e+11 6.36211e+06 63.6211 1.94808e+09
1e+11 6.38658e+06 63.8658 1.93315e+09
1e+11 6.41115e+06 64.1115 1.91833e+09
1e+11 6.4358e+06 64.358 1.90363e+09
1e+11 6.46056e+06 64.6056 1.88904e+09
1e+11 6.48541e+06 64.8541 1.87456e+09
1e+11 6.51035e+06 65.1035 1.86019e+09
1e+11 6.53539e+06 65.3539 1.84593e+09
1e+11 6.56053e+06 65.6053 1.83178e+09
1e+11 6.58576e+06 65.8576 1.81774e+09
1e+11 6.6111e+06 66.111 1.80381e+09
1e+11 6.63652e+06 66.3652 1.78998e+09
1e+11 6.66205e+06 66.6205 1.77626e+09
1e+11 6.68767e+06 66.8767 1.76265e+09
1e+11 6.7134e+06 67.134 1.74913e+09
1e+11 6.73922e+06 67.3922 1.73573e+09
1e+11 6.76514e+06 67.6514 1.72242e+09
1e+11 6.79116e+06 67.9116 1.70922e+09
1e+11 6.81728e+06 68.1728 1.69612e+09
1e+11 6.8435e+06 68.435 1.68312e+09
1e+11 6.86982e+06 68.6982 1.67022e+09
1e+11 6.89625e+06 68.9625 1.65741e+09
1e+11 6.92277e+06 69.2277 1.64471e+09
1e+11 6.9494e+06 69.494 1.6321e+09
1e+11 6.97613e+06 69.7613 1.61958e+09
1e+11 7.00296e+06 70.0296 1.60717e+09
1e+11 7.0299e+06 70.299 1.59485e+09
1e+11 7.05694e+06 70.5694 1.58262e+09
1e+11 7.08408e+06 70.8408 1.57049e+09
1e+11 7.11133e+06 71.1133 1.55845e+09
1e+11 7.13868e+06 71.3868 1.5465e+09
1e+11 7.16614e+06 71.6614 1.53464e+09
1e+11 7.1937e+06 71.937 1.52288e+09
1e+11 7.22137e+06 72.2137 1.5112e+09
1e+11 7.24914e+06 72.4914 1.49962e+09
1e+11 7.27703e+06 72.7703 1.48812e+09
1e+11 7.30502e+06 73.0502 1.47671e+09
1e+11 7.33311e+06 73.3311 1.46539e+09
1e+11 7.36132e+06 73.6132 1.45416e+09
1e+11 7.38963e+06 73.8963 1.44301e+09
1e+11 7.41806e+06 74.1806 1.43194e+09
1e+11 7.44659e+06 74.4659 1.42096e+09
1e+11 7.47523e+06 74.7523 1.41007e+09
1e+11 7.50398e+06 75.0398 1.39926e+09
1e+11 7.53284e+06 75.3284 1.38853e+09
1e+11 7.56182e+06 75.6182 1.37788e+09
1e+11 7.5909e+06 75.909 1.36732e+09
1e+11 7.6201e+06 76.201 1.35684e+09
1e+11 7.64941e+06 76.4941 1.34643e+09
1e+11 7.67883e+06 76.7883 1.33611e+09
1e+11 7.70837e+06 77.0837 1.32586e+09
1e+11 7.73801e+06 77.3801 1.3157e+09
1e+11 7.76778e+06 77.6778 1.30561e+09
1e+11 7.79765e+06 77.9765 1.2956e+09
1e+11 7.82765e+06 78.2765 1.28566e+09
1e+11 7.85775e+06 78.5775 1.2758e+09
1e+11 7.88798e+06 78.8798 1.26602e+09
1e+11 7.91832e+06 79.1832 1.25631e+09
1e+11 7.94877e+06 79.4877 1.24668e+09
1e+11 7.97935e+06 79.7935 1.23712e+09
1e+11 8.01004e+06 80.1004 1.22763e+09
1e+11 8.04085e+06 80.4085 1.21822e+09
1e+11 8.07177e+06 80.7177 1.20888e+09
1e+11 8.10282e+06 81.0282 1.1996e+09
1e+11 8.13399e+06 81.3399 1.1904e+09
1e+11 8.16527e+06 81.6527 1.18128e+09
1e+11 8.19668e+06 81.9668 1.17222e+09
1e+11 8.2282e+06 82.282 1.16323e+09
1e+11 8.25985e+06 82.5985 1.15431e+09
1e+11 8.29162e+06 82.9162 1.14545e+09
1e+11 8.32352e+06 83.2352 1.13667e+09
1e+11 8.35553e+06 83.5553 1.12795e+09
1e+11 8.38767e+06 83.8767 1.1193e+09
1e+11 8.41993e+06 84.1993 1.11071e+09
1e+11 8.45231e+06 84.5231 1.1022e+09
1e+11 8.48482e+06 84.8482 1.09374e+09
1e+11 8.51746e+06 85.1746 1.08535e+09
1e+11 8.55022e+06 85.5022 1.07703e+09
1e+11 8.58311e+06 85.8311 1.06877e+09
1e+11 8.61612e+06 86.1612 1.06057e+09
1e+11 8.64926e+06 86.4926 1.05244e+09
1e+11 8.68253e+06 86.8253 1.04436e+09
1e+11 8.71592e+06 87.1592 1.03635e+09
1e+11 8.74945e+06 87.4945 1.0284e+09
1e+11 8.7831e+06 87.831 1.02052e+09
1e+11 8.81688e+06 88.1688 1.01269e+09
1e+11 8.8508e+06 88.508 1.00492e+09
1e+11 8.88484e+06 88.8484 9.97212e+08
1e+11 8.91901e+06 89.1901 9.89563e+08
1e+11 8.95332e+06 89.5332 9.81972e+08
1e+11 8.98775e+06 89.8775 9.7444e+08
1e+11 9.02232e+06 90.2232 9.66965e+08
1e+11 9.05703e+06 90.5703 9.59546e+08
1e+11 9.09186e+06 90.9186 9.52187e+08
1e+11 9.12683e+06 91.2683 9.44882e+08
1e+11 9.16194e+06 91.6194 9.37632e+08
1e+11 9.19718e+06 91.9718 9.30439e+08
1e+11 9.23255e+06 92.3255 9.23302e+08
1e+11 9.26806e+06 92.6806 9.16219e+08
1e+11 9.30371e+06 93.0371 9.0919e+08
1e+11 9.3395e+06 93.395 9.02214e+08
1e+11 9.37542e+06 93.7542 8.95293e+08
1e+11 9.41148e+06 94.1148 8.88424e+08
1e+11 9.44768e+06 94.4768 8.81608e+08
1e+11 9.48402e+06 94.8402 8.74844e+08
1e+11 9.5205e+06 95.205 8.68132e+08
1e+11 9.55711e+06 95.5711 8.61473e+08
1e+11 9.59387e+06 95.9387 8.54863e+08
1e+11 9.63077e+06 96.3077 8.48304e+08
1e+11 9.66782e+06 96.6782 8.41794e+08
1e+11 9.705e+06 97.05 8.35336e+08
1e+11 9.74233e+06 97.4233 8.28927e+08
1e+11 9.7798e+06 97.798 8.22567e+08
1e+11 9.81742e+06 98.1742 8.16254e+08
1e+11 9.85518e+06 98.5518 8.09991e+08
1e+11 9.89309e+06 98.9309 8.03775e+08
1e+11 9.93114e+06 99.3114 7.97608e+08
1e+11 9.96934e+06 99.6934 7.91487e+08
1e+11 1.00077e+07 100.077 7.85412e+08
1e+11 1.00462e+07 100.462 7.79384e+08
1e+11 1.00848e+07 100.848 7.73409e+08
1e+11 1.01236e+07 101.236 7.67473e+08
1e+11 1.01625e+07 101.625 7.61589e+08
1e+11 1.02016e+07 102.016 7.55743e+08
1e+11 1.02409e+07 102.409 7.49934e+08
1e+11 1.02803e+07 102.803 7.44177e+08
1e+11 1.03198e+07 103.198 7.38472e+08
1e+11 1.03595e+07 103.595 7.32804e+08
1e+11 1.03993e+07 103.993 7.27187e+08
1e+11 1.04393e+07 104.393 7.21606e+08
1e+11 1.04795e+07 104.795 7.16061e+08
1e+11 1.05198e+07 105.198 7.10567e+08
1e+11 1.05603e+07 105.603 7.05108e+08
1e+11 1.06009e+07 106.009 6.99699e+08
1e+11 1.06417e+07 106.417 6.94325e+08
1e+11 1.06826e+07 106.826 6.89e+08
1e+11 1.07237e+07 107.237 6.8371e+08
1e+11 1.07649e+07 107.649 6.78469e+08
1e+11 1.08063e+07 108.063 6.73262e+08
1e+11 1.08479e+07 108.479 6.6809e+08
1e+11 1.08896e+07 108.896 6.62965e+08
1e+11 1.09315e+07 109.315 6.57874e+08
1e+11 1.09735e+07 109.735 6.5283e+08
1e+11 1.10157e+07 110.157 6.4782e+08
1e+11 1.10581e+07 110.581 6.42843e+08
1e+11 1.11007e+07 111.007 6.37901e+08
1e+11 1.11433e+07 111.433 6.33015e+08
1e+11 1.11862e+07 111.862 6.28152e+08
1e+11 1.12292e+07 112.292 6.23333e+08
1e+11 1.12724e+07 112.724 6.18547e+08
1e+11 1.13158e+07 113.158 6.13793e+08
1e+11 1.13593e+07 113.593 6.09084e+08
1e+11 1.1403e+07 114.03 6.04407e+08
1e+11 1.14469e+07 114.469 5.99763e+08
1e+11 1.14909e+07 114.909 5.95161e+08
1e+11 1.15351e+07 115.351 5.90592e+08
1e+11 1.15794e+07 115.794 5.86065e+08
1e+11 1.1624e+07 116.24 5.81559e+08
1e+11 1.16687e+07 116.687 5.77095e+08
1e+11 1.17136e+07 117.136 5.72662e+08
1e+11 1.17586e+07 117.586 5.68271e+08
1e+11 1.18039e+07 118.039 5.63901e+08
1e+11 1.18493e+07 118.493 5.59571e+08
1e+11 1.18948e+07 118.948 5.55282e+08
1e+11 1.19406e+07 119.406 5.51014e+08
1e+11 1.19865e+07 119.865 5.46785e+08
1e+11 1.20326e+07 120.326 5.42587e+08
1e+11 1.20789e+07 120.789 5.38419e+08
1e+11 1.21254e+07 121.254 5.34281e+08
1e+11 1.2172e+07 121.72 5.30182e+08
1e+11 1.22188e+07 122.188 5.26112e+08
1e+11 1.22658e+07 122.658 5.22072e+08
1e+11 1.2313e+07 123.13 5.18061e+08
1e+11 1.23603e+07 123.603 5.14088e+08
1e+11 1.24079e+07 124.079 5.10135e+08
1e+11 1.24556e+07 124.556 5.06219e+08
1e+11 1.25035e+07 125.035 5.02332e+08
1e+11 1.25516e+07 125.516 4.98474e+08
1e+11 1.25999e+07 125.999 4.94644e+08
1e+11 1.26484e+07 126.484 4.90842e+08
1e+11 1.2697e+07 126.97 4.87076e+08
1e+11 1.27458e+07 127.458 4.83338e+08
1e+11 1.27949e+07 127.949 4.7962e+08
1e+11 1.28441e+07 128.441 4.75938e+08
1e+11 1.28935e+07 128.935 4.72282e+08
1e+11 1.29431e+07 129.431 4.68654e+08
1e+11 1.29929e+07 129.929 4.65053e+08
1e+11 1.30428e+07 130.428 4.61487e+08
1e+11 1.3093e+07 130.93 4.5794e+08
1e+11 1.31434e+07 131.434 4.54419e+08
1e+11 1.31939e+07 131.939 4.50932e+08
1e+11 1.32447e+07 132.447 4.47465e+08
1e+11 1.32956e+07 132.956 4.44031e+08
1e+11 1.33467e+07 133.467 4.40622e+08
1e+11 1.33981e+07 133.981 4.37233e+08
1e+11 1.34496e+07 134.496 4.33877e+08
1e+11 1.35013e+07 135.013 4.30546e+08
1e+11 1.35533e+07 135.533 4.27234e+08
1e+11 1.36054e+07 136.054 4.23953e+08
1e+11 1.36577e+07 136.577 4.20698e+08
1e+11 1.37103e+07 137.103 4.17462e+08
1e+11 1.3763e+07 137.63 4.14257e+08
1e+11 1.38159e+07 138.159 4.11076e+08
1e+11 1.38691e+07 138.691 4.07915e+08
1e+11 1.39224e+07 139.224 4.04783e+08
1e+11 1.3976e+07 139.76 4.0167e+08
1e+11 1.40297e+07 140.297 3.98587e+08
1e+11 1.40837e+07 140.837 3.95522e+08
1e+11 1.41379e+07 141.379 3.92482e+08
1e+11 1.41922e+07 141.922 3.8947e+08
1e+11 1.42468e+07 142.468 3.86477e+08
1e+11 1.43016e+07 143.016 3.83507e+08
1e+11 1.43566e+07 143.566 3.80561e+08
1e+11 1.44118e+07 144.118 3.77637e+08
1e+11 1.44673e+07 144.673 3.74732e+08
1e+11 1.45229e+07 145.229 3.71855e+08
1e+11 1.45788e+07 145.788 3.68995e+08
1e+11 1.46349e+07 146.349 3.66158e+08
1e+11 1.46911e+07 146.911 3.63349e+08
1e+11 1.47477e+07 147.477 3.60552e+08
1e+11 1.48044e+07 148.044 3.57782e+08
1e+11 1.48613e+07 148.613 3.55034e+08
1e+11 1.49185e+07 149.185 3.52304e+08
1e+11 1.49759e+07 149.759 3.49595e+08
1e+11 1.50335e+07 150.335 3.46908e+08
1e+11 1.50913e+07 150.913 3.44243e+08
1e+11 1.51493e+07 151.493 3.41599e+08
1e+11 1.52076e+07 152.076 3.38972e+08
1e+11 1.52661e+07 152.661 3.36366e+08
1e+11 1.53248e+07 153.248 3.33782e+08
1e+11 1.53838e+07 153.838 3.31213e+08
1e+11 1.54429e+07 154.429 3.28671e+08
1e+11 1.55023e+07 155.023 3.26144e+08
1e+11 1.5562e+07 155.62 3.23634e+08
1e+11 1.56218e+07 156.218 3.21148e+08
1e+11 1.56819e+07 156.819 3.18679e+08
1e+11 1.57422e+07 157.422 3.1623e+08
1e+11 1.58028e+07 158.028 3.13797e+08
1e+11 1.58635e+07 158.635 3.11387e+08
1e+11 1.59246e+07 159.246 3.0899e+08
1e+11 1.59858e+07 159.858 3.06617e+08
1e+11 1.60473e+07 160.473 3.04259e+08
1e+11 1.6109e+07 161.09 3.0192e+08
1e+11 1.6171e+07 161.71 2.99597e+08
1e+11 1.62332e+07 162.332 2.97294e+08
1e+11 1.62956e+07 162.956 2.95009e+08
1e+11 1.63583e+07 163.583 2.9274e+08
1e+11 1.64212e+07 164.212 2.9049e+08
1e+11 1.64844e+07 164.844 2.88255e+08
1e+11 1.65478e+07 165.478 2.86038e+08
1e+11 1.66114e+07 166.114 2.8384e+08
1e+11 1.66753e+07 166.753 2.81658e+08
1e+11 1.67395e+07 167.395 2.7949e+08
1e+11 1.68038e+07 168.038 2.77343e+08
1e+11 1.68685e+07 168.685 2.75208e+08
1e+11 1.69334e+07 169.334 2.73091e+08
1e+11 1.69985e+07 169.985 2.70992e+08
1e+11 1.70639e+07 170.639 2.68907e+08
1e+11 1.71295e+07 171.295 2.6684e+08
1e+11 1.71954e+07 171.954 2.64787e+08
1e+11 1.72615e+07 172.615 2.62752e+08
1e+11 1.73279e+07 173.279 2.6073e+08
1e+11 1.73946e+07 173.946 2.58723e+08
1e+11 1.74615e+07 174.615 2.56734e+08
1e+11 1.75286e+07 175.286 2.54761e+08
1e+11 1.7596e+07 175.96 2.52802e+08
1e+11 1.76637e+07 176.637 2.50856e+08
1e+11 1.77317e+07 177.317 2.48925e+08
1e+11 1.77999e+07 177.999 2.4701e+08
1e+11 1.78683e+07 178.683 2.45112e+08
1e+11 1.79371e+07 179.371 2.43224e+08
1e+11 1.80061e+07 180.061 2.41353e+08
1e+11 1.80753e+07 180.753 2.39497e+08
1e+11 1.81448e+07 181.448 2.37655e+08
1e+11 1.82146e+07 182.146 2.35827e+08
1e+11 1.82847e+07 182.847 2.34011e+08
1e+11 1.8355e+07 183.55 2.32212e+08
1e+11 1.84256e+07 184.256 2.30425e+08
1e+11 1.84965e+07 184.965 2.28651e+08
1e+11 1.85676e+07 185.676 2.26893e+08
1e+11 1.8639e+07 186.39 2.25147e+08
1e+11 1.87107e+07 187.107 2.23415e+08
1e+11 1.87827e+07 187.827 2.21695e+08
1e+11 1.88549e+07 188.549 2.1999e+08
1e+11 1.89275e+07 189.275 2.18295e+08
1e+11 1.90003e+07 190.003 2.16615e+08
1e+11 1.90733e+07 190.733 2.1495e+08
1e+11 1.91467e+07 191.467 2.13295e+08
1e+11 1.92203e+07 192.203 2.11654e+08
1e+11 1.92943e+07 192.943 2.10024e+08
1e+11 1.93685e+07 193.685 2.08408e+08
1e+11 1.9443e+07 194.43 2.06804e+08
1e+11 1.95178e+07 195.178 2.05212e+08
1e+11 1.95928e+07 195.928 2.03634e+08
1e+11 1.96682e+07 196.682 2.02065e+08
1e+11 1.97438e+07 197.438 2.00511e+08
1e+11 1.98198e+07 198.198 1.98966e+08
1e+11 1.9896e+07 198.96 1.97435e+08
1e+11 1.99725e+07 199.725 1.95916e+08
1e+11 2.00494e+07 200.494 1.94406e+08
1e+11 2.01265e+07 201.265 1.9291e+08
1e+11 2.02039e+07 202.039 1.91425e+08
1e+11 2.02816e+07 202.816 1.89952e+08
1e+11 2.03596e+07 203.596 1.88489e+08
1e+11 2.04379e+07 204.379 1.87038e+08
1e+11 2.05165e+07 205.165 1.85599e+08
1e+11 2.05954e+07 205.954 1.8417e+08
1e+11 2.06747e+07 206.747 1.8275e+08
1e+11 2.07542e+07 207.542 1.81344e+08
1e+11 2.0834e+07 208.34 1.79948e+08
1e+11 2.09141e+07 209.141 1.78563e+08
1e+11 2.09946e+07 209.946 1.77187e+08
1e+11 2.10753e+07 210.753 1.75823e+08
1e+11 2.11564e+07 211.564 1.74468e+08
1e+11 2.12378e+07 212.378 1.73124e+08
1e+11 2.13195e+07 213.195 1.71791e+08
1e+11 2.14015e+07 214.015 1.70468e+08
1e+11 2.14838e+07 214.838 1.69155e+08
1e+11 2.15664e+07 215.664 1.67853e+08
1e+11 2.16494e+07 216.494 1.6656e+08
1e+11 2.17326e+07 217.326 1.65278e+08
1e+11 2.18162e+07 218.162 1.64005e+08
1e+11 2.19001e+07 219.001 1.62742e+08
1e+11 2.19844e+07 219.844 1.61487e+08
1e+11 2.20689e+07 220.689 1.60244e+08
1e+11 2.21538e+07 221.538 1.59009e+08
1e+11 2.2239e+07 222.39 1.57785e+08
1e+11 2.23246e+07 223.246 1.56568e+08
1e+11 2.24104e+07 224.104 1.55363e+08
1e+11 2.24966e+07 224.966 1.54166e+08
1e+11 2.25832e+07 225.832 1.52977e+08
1e+11 2.267e+07 226.7 1.51799e+08
1e+11 2.27572e+07 227.572 1.5063e+08
1e+11 2.28447e+07 228.447 1.4947e+08
1e+11 2.29326e+07 229.326 1.48318e+08
1e+11 2.30208e+07 230.208 1.47175e+08
1e+11 2.31094e+07 231.094 1.4604e+08
1e+11 2.31982e+07 231.982 1.44916e+08
1e+11 2.32875e+07 232.875 1.43798e+08
1e+11 2.3377e+07 233.77 1.42691e+08
1e+11 2.3467e+07 234.67 1.4159e+08
1e+11 2.35572e+07 235.572 1.405e+08
1e+11 2.36478e+07 236.478 1.39417e+08
1e+11 2.37388e+07 237.388 1.38342e+08
1e+11 2.38301e+07 238.301 1.37276e+08
1e+11 2.39217e+07 239.217 1.36219e+08
1e+11 2.40138e+07 240.138 1.35168e+08
1e+11 2.41061e+07 241.061 1.34126e+08
1e+11 2.41988e+07 241.988 1.33093e+08
1e+11 2.42919e+07 242.919 1.32067e+08
1e+11 2.43854e+07 243.854 1.31048e+08
1e+11 2.44791e+07 244.791 1.30039e+08
1e+11 2.45733e+07 245.733 1.29036e+08
1e+11 2.46678e+07 246.678 1.28041e+08
1e+11 2.47627e+07 247.627 1.27054e+08
1e+11 2.48579e+07 248.579 1.26075e+08
1e+11 2.49536e+07 249.536 1.25102e+08
1e+11 2.50495e+07 250.495 1.24138e+08
1e+11 2.51459e+07 251.459 1.2318e+08
1e+11 2.52426e+07 252.426 1.22231e+08
1e+11 2.53397e+07 253.397 1.21288e+08
1e+11 2.54372e+07 254.372 1.20352e+08
1e+11 2.5535e+07 255.35 1.19425e+08
1e+11 2.56332e+07 256.332 1.18504e+08
1e+11 2.57318e+07 257.318 1.1759e+08
1e+11 2.58308e+07 258.308 1.16683e+08
1e+11 2.59301e+07 259.301 1.15783e+08
1e+11 2.60299e+07 260.299 1.1489e+08
1e+11 2.613e+07 261.3 1.14004e+08
1e+11 2.62305e+07 262.305 1.13125e+08
1e+11 2.63314e+07 263.314 1.12252e+08
1e+11 2.64327e+07 264.327 1.11386e+08
1e+11 2.65343e+07 265.343 1.10527e+08
1e+11 2.66364e+07 266.364 1.09674e+08
1e+11 2.67388e+07 267.388 1.08829e+08
1e+11 2.68417e+07 268.417 1.07989e+08
1e+11 2.69449e+07 269.449 1.07156e+08
1e+11 2.70486e+07 270.486 1.06329e+08
1e+11 2.71526e+07 271.526 1.05509e+08
1e+11 2.7257e+07 272.57 1.04695e+08
1e+11 2.73619e+07 273.619 1.03887e+08
1e+11 2.74671e+07 274.671 1.03085e+08
1e+11 2.75728e+07 275.728 1.0229e+08
1e+11 2.76788e+07 276.788 1.01501e+08
1e+11 2.77853e+07 277.853 1.00717e+08
1e+11 2.78921e+07 278.921 9.99404e+07
1e+11 2.79994e+07 279.994 9.9169e+07
1e+11 2.81071e+07 281.071 9.84036e+07
1e+11 2.82152e+07 282.152 9.76442e+07
1e+11 2.83237e+07 283.237 9.68907e+07
1e+11 2.84327e+07 284.327 9.61425e+07
1e+11 2.8542e+07 285.42 9.54008e+07
1e+11 2.86518e+07 286.518 9.46643e+07
1e+11 2.8762e+07 287.62 9.39336e+07
1e+11 2.88727e+07 288.727 9.3208e+07
1e+11 2.89837e+07 289.837 9.24888e+07
1e+11 2.90952e+07 290.952 9.17747e+07
1e+11 2.92071e+07 292.071 9.10663e+07
1e+11 2.93194e+07 293.194 9.03634e+07
1e+11 2.94322e+07 294.322 8.96656e+07
1e+11 2.95454e+07 295.454 8.89733e+07
1e+11 2.96591e+07 296.591 8.8286e+07
1e+11 2.97731e+07 297.731 8.76047e+07
1e+11 2.98877e+07 298.877 8.69278e+07
1e+11 3.00026e+07 300.026 8.62568e+07
1e+11 3.0118e+07 301.18 8.55907e+07
1e+11 3.02339e+07 302.339 8.49294e+07
1e+11 3.03501e+07 303.501 8.4274e+07
1e+11 3.04669e+07 304.669 8.36228e+07
1e+11 3.05841e+07 305.841 8.29768e+07
1e+11 3.07017e+07 307.017 8.23361e+07
1e+11 3.08198e+07 308.198 8.17001e+07
1e+11 3.09383e+07 309.383 8.10692e+07
1e+11 3.10573e+07 310.573 8.0443e+07
1e+11 3.11768e+07 311.768 7.98213e+07
1e+11 3.12967e+07 312.967 7.92048e+07
1e+11 3.14171e+07 314.171 7.85928e+07
1e+11 3.15379e+07 315.379 7.79858e+07
1e+11 3.16592e+07 316.592 7.73833e+07
1e+11 3.1781e+07 317.81 7.67852e+07
1e+11 3.19032e+07 319.032 7.61921e+07
1e+11 3.20259e+07 320.259 7.56035e+07
1e+11 3.21491e+07 321.491 7.50192e+07
1e+11 3.22728e+07 322.728 7.44392e+07
1e+11 3.23969e+07 323.969 7.38641e+07
1e+11 3.25215e+07 325.215 7.32933e+07
1e+11 3.26466e+07 326.466 7.27268e+07
1e+11 3.27722e+07 327.722 7.21646e+07
1e+11 3.28982e+07 328.982 7.16071e+07
1e+11 3.30248e+07 330.248 7.10533e+07
1e+11 3.31518e+07 331.518 7.05042e+07
1e+11 3.32793e+07 332.793 6.99593e+07
1e+11 3.34073e+07 334.073 6.94185e+07
1e+11 3.35358e+07 335.358 6.88818e+07
1e+11 3.36648e+07 336.648 6.83492e+07
1e+11 3.37943e+07 337.943 6.78208e+07
1e+11 3.39242e+07 339.242 6.72967e+07
1e+11 3.40547e+07 340.547 6.67763e+07
1e+11 3.41857e+07 341.857 6.626e+07
1e+11 3.43172e+07 343.172 6.57476e+07
1e+11 3.44492e+07 344.492 6.52391e+07
1e+11 3.45817e+07 345.817 6.47346e+07
1e+11 3.47147e+07 347.147 6.42341e+07
1e+11 3.48482e+07 348.482 6.37374e+07
1e+11 3.49823e+07 349.823 6.32442e+07
1e+11 3.51168e+07 351.168 6.27553e+07
1e+11 3.52519e+07 352.519 6.22698e+07
1e+11 3.53875e+07 353.875 6.17881e+07
1e+11 3.55236e+07 355.236 6.13101e+07
1e+11 3.56602e+07 356.602 6.0836e+07
1e+11 3.57974e+07 357.974 6.03652e+07
1e+11 3.59351e+07 359.351 5.98982e+07
1e+11 3.60733e+07 360.733 5.94348e+07
1e+11 3.6212e+07 362.12 5.89752e+07
1e+11 3.63513e+07 363.513 5.85188e+07
1e+11 3.64911e+07 364.911 5.80661e+07
1e+11 3.66315e+07 366.315 5.76166e+07
1e+11 3.67724e+07 367.724 5.71707e+07
1e+11 3.69138e+07 369.138 5.67284e+07
1e+11 3.70558e+07 370.558 5.62894e+07
1e+11 3.71983e+07 371.983 5.58538e+07
1e+11 3.73414e+07 373.414 5.54214e+07
1e+11 3.7485e+07 374.85 5.49926e+07
1e+11 3.76292e+07 376.292 5.45668e+07
1e+11 3.77739e+07 377.739 5.41446e+07
1e+11 3.79192e+07 379.192 5.37254e+07
1e+11 3.80651e+07 380.651 5.33093e+07
1e+11 3.82115e+07 382.115 5.28967e+07
1e+11 3.83585e+07 383.585 5.24871e+07
1e+11 3.8506e+07 385.06 5.20808e+07
1e+11 3.86541e+07 386.541 5.16776e+07
1e+11 3.88028e+07 388.028 5.12774e+07
1e+11 3.8952e+07 389.52 5.08804e+07
1e+11 3.91019e+07 391.019 5.04862e+07
1e+11 3.92523e+07 392.523 5.00952e+07
1e+11 3.94032e+07 394.032 4.97075e+07
1e+11 3.95548e+07 395.548 4.93224e+07
1e+11 3.97069e+07 397.069 4.89405e+07
1e+11 3.98597e+07 398.597 4.85612e+07
1e+11 4.0013e+07 400.13 4.81851e+07
1e+11 4.01669e+07 401.669 4.78118e+07
1e+11 4.03214e+07 403.214 4.74414e+07
1e+11 4.04764e+07 404.764 4.70741e+07
1e+11 4.06321e+07 406.321 4.67094e+07
1e+11 4.07884e+07 407.884 4.63474e+07
1e+11 4.09453e+07 409.453 4.59883e+07
1e+11 4.11028e+07 411.028 4.56319e+07
1e+11 4.12609e+07 412.609 4.52783e+07
1e+11 4.14196e+07 414.196 4.49274e+07
1e+11 4.15789e+07 415.789 4.45793e+07
1e+11 4.17388e+07 417.388 4.42338e+07
1e+11 4.18994e+07 418.994 4.38909e+07
1e+11 4.20605e+07 420.605 4.35508e+07
1e+11 4.22223e+07 422.223 4.32132e+07
1e+11 4.23847e+07 423.847 4.28782e+07
1e+11 4.25477e+07 425.477 4.25459e+07
1e+11 4.27114e+07 427.114 4.2216e+07
1e+11 4.28757e+07 428.757 4.18886e+07
1e+11 4.30406e+07 430.406 4.15639e+07
1e+11 4.32061e+07 432.061 4.12417e+07
1e+11 4.33723e+07 433.723 4.09219e+07
1e+11 4.35391e+07 435.391 4.06046e+07
1e+11 4.37066e+07 437.066 4.02897e+07
1e+11 4.38747e+07 438.747 3.99772e+07
1e+11 4.40434e+07 440.434 3.96673e+07
1e+11 4.42129e+07 442.129 3.93595e+07
1e+11 4.43829e+07 443.829 3.90543e+07
1e+11 4.45536e+07 445.536 3.87514e+07
1e+11 4.4725e+07 447.25 3.84507e+07
1e+11 4.4897e+07 448.97 3.81525e+07
1e+11 4.50697e+07 450.697 3.78565e+07
1e+11 4.5243e+07 452.43 3.75629e+07
1e+11 4.54171e+07 454.171 3.72713e+07
1e+11 4.55918e+07 455.918 3.69821e+07
1e+11 4.57671e+07 457.671 3.66952e+07
1e+11 4.59431e+07 459.431 3.64105e+07
1e+11 4.61199e+07 461.199 3.61278e+07
1e+11 4.62972e+07 462.972 3.58476e+07
1e+11 4.64753e+07 464.753 3.55693e+07
1e+11 4.66541e+07 466.541 3.52932e+07
1e+11 4.68335e+07 468.335 3.50193e+07
1e+11 4.70137e+07 470.137 3.47473e+07
1e+11 4.71945e+07 471.945 3.44777e+07
1e+11 4.7376e+07 473.76 3.421e+07
1e+11 4.75582e+07 475.582 3.39445e+07
1e+11 4.77412e+07 477.412 3.36808e+07
1e+11 4.79248e+07 479.248 3.34193e+07
1e+11 4.81091e+07 481.091 3.31599e+07
1e+11 4.82942e+07 482.942 3.29023e+07
1e+11 4.84799e+07 484.799 3.26468e+07
1e+11 4.86664e+07 486.664 3.23932e+07
1e+11 4.88536e+07 488.536 3.21416e+07
1e+11 4.90415e+07 490.415 3.1892e+07
1e+11 4.92301e+07 492.301 3.16443e+07
1e+11 4.94195e+07 494.195 3.13984e+07
1e+11 4.96095e+07 496.095 3.11546e+07
1e+11 4.98004e+07 498.004 3.09125e+07
1e+11 4.99919e+07 499.919 3.06723e+07
1e+11 5.01842e+07 501.842 3.0434e+07
1e+11 5.03772e+07 503.772 3.01975e+07
1e+11 5.0571e+07 505.71 2.99628e+07
1e+11 5.07655e+07 507.655 2.973e+07
1e+11 5.09607e+07 509.607 2.9499e+07
1e+11 5.11568e+07 511.568 2.92696e+07
1e+11 5.13535e+07 513.535 2.90422e+07
1e+11 5.1551e+07 515.51 2.88165e+07
1e+11 5.17493e+07 517.493 2.85925e+07
1e+11 5.19484e+07 519.484 2.83701e+07
1e+11 5.21482e+07 521.482 2.81496e+07
1e+11 5.23487e+07 523.487 2.79308e+07
1e+11 5.25501e+07 525.501 2.77136e+07
1e+11 5.27522e+07 527.522 2.74981e+07
1e+11 5.29551e+07 529.551 2.72842e+07
1e+11 5.31588e+07 531.588 2.7072e+07
1e+11 5.33633e+07 533.633 2.68615e+07
1e+11 5.35685e+07 535.685 2.66526e+07
1e+11 5.37746e+07 537.746 2.64452e+07
1e+11 5.39814e+07 539.814 2.62395e+07
1e+11 5.4189e+07 541.89 2.60354e+07
1e+11 5.43974e+07 543.974 2.58329e+07
1e+11 5.46067e+07 546.067 2.56319e+07
1e+11 5.48167e+07 548.167 2.54325e+07
1e+11 5.50276e+07 550.276 2.52345e+07
1e+11 5.52392e+07 552.392 2.50382e+07
1e+11 5.54517e+07 554.517 2.48433e+07
1e+11 5.5665e+07 556.65 2.46499e+07
1e+11 5.58791e+07 558.791 2.44581e+07
1e+11 5.6094e+07 560.94 2.42677e+07
1e+11 5.63097e+07 563.097 2.40789e+07
1e+11 5.65263e+07 565.263 2.38914e+07
1e+11 5.67437e+07 567.437 2.37054e+07
1e+11 5.6962e+07 569.62 2.35208e+07
1e+11 5.71811e+07 571.811 2.33377e+07
1e+11 5.7401e+07 574.01 2.3156e+07
1e+11 5.76218e+07 576.218 2.29756e+07
1e+11 5.78434e+07 578.434 2.27967e+07
1e+11 5.80659e+07 580.659 2.26192e+07
1e+11 5.82893e+07 582.893 2.2443e+07
1e+11 5.85135e+07 585.135 2.22681e+07
1e+11 5.87385e+07 587.385 2.20947e+07
1e+11 5.89644e+07 589.644 2.19226e+07
1e+11 5.91912e+07 591.912 2.17518e+07
1e+11 5.94189e+07 594.189 2.15823e+07
1e+11 5.96474e+07 596.474 2.14142e+07
1e+11 5.98769e+07 598.769 2.12472e+07
1e+11 6.01072e+07 601.072 2.10817e+07
1e+11 6.03384e+07 603.384 2.09174e+07
1e+11 6.05704e+07 605.704 2.07544e+07
1e+11 6.08034e+07 608.034 2.05926e+07
1e+11 6.10373e+07 610.373 2.0432e+07
1e+11 6.12721e+07 612.721 2.02727e+07
1e+11 6.15077e+07 615.077 2.01147e+07
1e+11 6.17443e+07 617.443 1.99579e+07
1e+11 6.19818e+07 619.818 1.98023e+07
1e+11 6.22202e+07 622.202 1.96478e+07
1e+11 6.24595e+07 624.595 1.94946e+07
1e+11 6.26997e+07 626.997 1.93426e+07
1e+11 6.29409e+07 629.409 1.91917e+07
1e+11 6.3183e+07 631.83 1.9042e+07
1e+11 6.3426e+07 634.26 1.88935e+07
1e+11 6.367e+07 636.7 1.87461e+07
1e+11 6.39149e+07 639.149 1.85998e+07
1e+11 6.41607e+07 641.607 1.84547e+07
1e+11 6.44075e+07 644.075 1.83107e+07
1e+11 6.46552e+07 646.552 1.81678e+07
1e+11 6.49039e+07 649.039 1.8026e+07
1e+11 6.51535e+07 651.535 1.78854e+07
1e+11 6.54041e+07 654.041 1.77458e+07
1e+11 6.56557e+07 656.557 1.76072e+07
1e+11 6.59082e+07 659.082 1.74698e+07
1e+11 6.61617e+07 661.617 1.73334e+07
1e+11 6.64162e+07 664.162 1.7198e+07
1e+11 6.66717e+07 666.717 1.70637e+07
1e+11 6.69281e+07 669.281 1.69305e+07
1e+11 6.71855e+07 671.855 1.67983e+07
1e+11 6.74439e+07 674.439 1.66671e+07
1e+11 6.77034e+07 677.034 1.65369e+07
1e+11 6.79638e+07 679.638 1.64077e+07
1e+11 6.82252e+07 682.252 1.62796e+07
1e+11 6.84876e+07 684.876 1.61524e+07
1e+11 6.8751e+07 687.51 1.60262e+07
1e+11 6.90154e+07 690.154 1.5901e+07
1e+11 6.92809e+07 692.809 1.57767e+07
1e+11 6.95474e+07 695.474 1.56534e+07
1e+11 6.98149e+07 698.149 1.55311e+07
1e+11 7.00834e+07 700.834 1.54097e+07
1e+11 7.0353e+07 703.53 1.52892e+07
1e+11 7.06236e+07 706.236 1.51697e+07
1e+11 7.08952e+07 708.952 1.50511e+07
1e+11 7.11679e+07 711.679 1.49334e+07
1e+11 7.14416e+07 714.416 1.48167e+07
1e+11 7.17164e+07 717.164 1.47008e+07
1e+11 7.19923e+07 719.923 1.45858e+07
1e+11 7.22692e+07 722.692 1.44717e+07
1e+11 7.25471e+07 725.471 1.43586e+07
1e+11 7.28262e+07 728.262 1.42462e+07
1e+11 7.31063e+07 731.063 1.41348e+07
1e+11 7.33875e+07 733.875 1.40242e+07
1e+11 7.36697e+07 736.697 1.39145e+07
1e+11 7.39531e+07 739.531 1.38056e+07
1e+11 7.42375e+07 742.375 1.36976e+07
1e+11 7.45231e+07 745.231 1.35904e+07
1e+11 7.48097e+07 748.097 1.3484e+07
1e+11 7.50975e+07 750.975 1.33784e+07
1e+11 7.53863e+07 753.863 1.32737e+07
1e+11 7.56763e+07 756.763 1.31698e+07
1e+11 7.59673e+07 759.673 1.30667e+07
1e+11 7.62595e+07 762.595 1.29644e+07
1e+11 7.65528e+07 765.528 1.28629e+07
1e+11 7.68473e+07 768.473 1.27621e+07
1e+11 7.71429e+07 771.429 1.26621e+07
1e+11 7.74396e+07 774.396 1.2563e+07
1e+11 7.77374e+07 777.374 1.24646e+07
1e+11 7.80364e+07 780.364 1.23669e+07
1e+11 7.83366e+07 783.366 1.227e+07
1e+11 7.86379e+07 786.379 1.21739e+07
1e+11 7.89404e+07 789.404 1.20784e+07
1e+11 7.9244e+07 792.44 1.19838e+07
1e+11 7.95488e+07 795.488 1.18899e+07
1e+11 7.98548e+07 798.548 1.17967e+07
1e+11 8.01619e+07 801.619 1.17042e+07
1e+11 8.04702e+07 804.702 1.16124e+07
1e+11 8.07797e+07 807.797 1.15214e+07
1e+11 8.10904e+07 810.904 1.14311e+07
1e+11 8.14023e+07 814.023 1.13414e+07
1e+11 8.17154e+07 817.154 1.12525e+07
1e+11 8.20297e+07 820.297 1.11642e+07
1e+11 8.23452e+07 823.452 1.10766e+07
1e+11 8.2662e+07 826.62 1.09897e+07
1e+11 8.29799e+07 829.799 1.09035e+07
1e+11 8.32991e+07 832.991 1.0818e+07
1e+11 8.36195e+07 836.195 1.07331e+07
1e+11 8.39411e+07 839.411 1.06488e+07
1e+11 8.4264e+07 842.64 1.05653e+07
1e+11 8.45881e+07 845.881 1.04823e+07
1e+11 8.49134e+07 849.134 1.04001e+07
1e+11 8.524e+07 852.4 1.03184e+07
1e+11 8.55679e+07 855.679 1.02374e+07
1e+11 8.5897e+07 858.97 1.0157e+07
1e+11 8.62274e+07 862.274 1.00772e+07
1e+11 8.6559e+07 865.59 9.9981e+06
1e+11 8.6892e+07 868.92 9.91956e+06
1e+11 8.72262e+07 872.262 9.84164e+06
1e+11 8.75617e+07 875.617 9.76432e+06
1e+11 8.78985e+07 878.985 9.68761e+06
1e+11 8.82366e+07 882.366 9.61148e+06
1e+11 8.85759e+07 885.759 9.53597e+06
1e+11 8.89166e+07 889.166 9.46102e+06
1e+11 8.92586e+07 892.586 9.38666e+06
1e+11 8.96019e+07 896.019 9.31288e+06
1e+11 8.99466e+07 899.466 9.23965e+06
1e+11 9.02925e+07 902.925 9.16702e+06
1e+11 9.06398e+07 906.398 9.09494e+06
1e+11 9.09885e+07 909.885 9.02341e+06
1e+11 9.13384e+07 913.384 8.95246e+06
1e+11 9.16897e+07 916.897 8.88205e+06
1e+11 9.20424e+07 920.424 8.81217e+06
1e+11 9.23964e+07 923.964 8.74285e+06
1e+11 9.27518e+07 927.518 8.67406e+06
1e+11 9.31086e+07 931.086 8.6058e+06
1e+11 9.34667e+07 934.667 8.53808e+06
1e+11 9.38262e+07 938.262 8.47089e+06
1e+11 9.41871e+07 941.871 8.40421e+06
1e+11 9.45494e+07 945.494 8.33805e+06
1e+11 9.4913e+07 949.13 8.27242e+06
1e+11 9.52781e+07 952.781 8.20728e+06
1e+11 9.56445e+07 956.445 8.14267e+06
1e+11 9.60124e+07 960.124 8.07854e+06
1e+11 9.63817e+07 963.817 8.01491e+06
1e+11 9.67524e+07 967.524 7.95178e+06
1e+11 9.71246e+07 971.246 7.88913e+06
1e+11 9.74981e+07 974.981 7.82699e+06
1e+11 9.78731e+07 978.731 7.76532e+06
1e+11 9.82496e+07 982.496 7.70412e+06
1e+11 9.86275e+07 986.275 7.6434e+06
1e+11 9.90068e+07 990.068 7.58317e+06
1e+11 9.93877e+07 993.877 7.52338e+06
1e+11 9.97699e+07 997.699 7.46408e+06
1e+11 1.00154e+08 1001.54 7.40517e+06
1e+11 1.00539e+08 1005.39 7.34682e+06
1e+11 1.00926e+08 1009.26 7.28883e+06
1e+11 1.01314e+08 1013.14 7.23137e+06
1e+11 1.01703e+08 1017.03 7.17443e+06
1e+11 1.02095e+08 1020.95 7.11772e+06
1e+11 1.02487e+08 1024.87 7.06166e+06
1e+11 1.02882e+08 1028.82 7.00583e+06
1e+11 1.03277e+08 1032.77 6.95064e+06
1e+11 1.03674e+08 1036.74 6.89582e+06
1e+11 1.04073e+08 1040.73 6.84136e+06
1e+11 1.04474e+08 1044.74 6.78725e+06
1e+11 1.04875e+08 1048.75 6.73378e+06
1e+11 1.05279e+08 1052.79 6.68053e+06
1e+11 1.05684e+08 1056.84 6.62777e+06
1e+11 1.0609e+08 1060.9 6.57549e+06
1e+11 1.06498e+08 1064.98 6.52356e+06
1e+11 1.06908e+08 1069.08 6.47198e+06
1e+11 1.07319e+08 1073.19 6.42087e+06
1e+11 1.07732e+08 1077.32 6.37011e+06
1e+11 1.08146e+08 1081.46 6.31982e+06
1e+11 1.08562e+08 1085.62 6.26986e+06
1e+11 1.0898e+08 1089.8 6.22026e+06
1e+11 1.09399e+08 1093.99 6.1711e+06
1e+11 1.0982e+08 1098.2 6.12229e+06
1e+11 1.10242e+08 1102.42 6.07393e+06
1e+11 1.10666e+08 1106.66 6.0259e+06
1e+11 1.11092e+08 1110.92 5.9782e+06
1e+11 1.11519e+08 1115.19 5.93095e+06
1e+11 1.11948e+08 1119.48 5.88402e+06
1e+11 1.12379e+08 1123.79 5.83742e+06
1e+11 1.12811e+08 1128.11 5.79126e+06
1e+11 1.13245e+08 1132.45 5.74542e+06
1e+11 1.1368e+08 1136.8 5.70001e+06
1e+11 1.14118e+08 1141.18 5.65481e+06
1e+11 1.14556e+08 1145.56 5.61014e+06
1e+11 1.14997e+08 1149.97 5.56568e+06
1e+11 1.15439e+08 1154.39 5.52164e+06
1e+11 1.15883e+08 1158.83 5.47791e+06
1e+11 1.16329e+08 1163.29 5.4345e+06
1e+11 1.16777e+08 1167.77 5.3914e+06
1e+11 1.17226e+08 1172.26 5.3487e+06
1e+11 1.17677e+08 1176.77 5.30631e+06
1e+11 1.18129e+08 1181.29 5.26431e+06
1e+11 1.18584e+08 1185.84 5.22253e+06
1e+11 1.1904e+08 1190.4 5.18115e+06
1e+11 1.19498e+08 1194.98 5.14006e+06
1e+11 1.19957e+08 1199.57 5.09936e+06
1e+11 1.20419e+08 1204.19 5.05887e+06
1e+11 1.20882e+08 1208.82 5.01877e+06
1e+11 1.21347e+08 1213.47 4.97896e+06
1e+11 1.21813e+08 1218.13 4.93952e+06
1e+11 1.22282e+08 1222.82 4.9003e+06
1e+11 1.22752e+08 1227.52 4.86144e+06
1e+11 1.23224e+08 1232.24 4.82287e+06
1e+11 1.23698e+08 1236.98 4.78459e+06
1e+11 1.24174e+08 1241.74 4.7466e+06
1e+11 1.24652e+08 1246.52 4.70888e+06
1e+11 1.25131e+08 1251.31 4.67153e+06
1e+11 1.25613e+08 1256.13 4.63438e+06
1e+11 1.26096e+08 1260.96 4.59758e+06
1e+11 1.26581e+08 1265.81 4.56106e+06
1e+11 1.27068e+08 1270.68 4.52482e+06
1e+11 1.27556e+08 1275.56 4.48892e+06
1e+11 1.28047e+08 1280.47 4.45322e+06
1e+11 1.28539e+08 1285.39 4.41787e+06
1e+11 1.29034e+08 1290.34 4.38271e+06
1e+11 1.2953e+08 1295.3 4.34789e+06
1e+11 1.30028e+08 1300.28 4.31334e+06
1e+11 1.30528e+08 1305.28 4.27905e+06
1e+11 1.31031e+08 1310.31 4.24495e+06
1e+11 1.31535e+08 1315.35 4.21119e+06
1e+11 1.3204e+08 1320.4 4.17775e+06
1e+11 1.32548e+08 1325.48 4.1445e+06
1e+11 1.33058e+08 1330.58 4.11151e+06
1e+11 1.3357e+08 1335.7 4.07877e+06
1e+11 1.34084e+08 1340.84 4.04629e+06
1e+11 1.34599e+08 1345.99 4.01412e+06
1e+11 1.35117e+08 1351.17 3.98215e+06
1e+11 1.35637e+08 1356.37 3.95042e+06
1e+11 1.36158e+08 1361.58 3.919e+06
1e+11 1.36682e+08 1366.82 3.88776e+06
1e+11 1.37208e+08 1372.08 3.85678e+06
1e+11 1.37736e+08 1377.36 3.82603e+06
1e+11 1.38265e+08 1382.65 3.79559e+06
1e+11 1.38797e+08 1387.97 3.76533e+06
1e+11 1.39331e+08 1393.31 3.7353e+06
1e+11 1.39867e+08 1398.67 3.70552e+06
1e+11 1.40405e+08 1404.05 3.67597e+06
1e+11 1.40945e+08 1409.45 3.64666e+06
1e+11 1.41487e+08 1414.87 3.61758e+06
1e+11 1.42031e+08 1420.31 3.58873e+06
1e+11 1.42578e+08 1425.78 3.56007e+06
1e+11 1.43126e+08 1431.26 3.53168e+06
1e+11 1.43677e+08 1436.77 3.50347e+06
1e+11 1.44229e+08 1442.29 3.47554e+06
1e+11 1.44784e+08 1447.84 3.44778e+06
1e+11 1.45341e+08 1453.41 3.42024e+06
1e+11 1.459e+08 1459 3.39293e+06
1e+11 1.46461e+08 1464.61 3.36584e+06
1e+11 1.47024e+08 1470.24 3.33897e+06
1e+11 1.4759e+08 1475.9 3.31227e+06
1e+11 1.48157e+08 1481.57 3.28584e+06
1e+11 1.48727e+08 1487.27 3.25957e+06
1e+11 1.49299e+08 1492.99 3.23352e+06
1e+11 1.49874e+08 1498.74 3.20764e+06
1e+11 1.5045e+08 1504.5 3.18201e+06
1e+11 1.51029e+08 1510.29 3.15655e+06
1e+11 1.5161e+08 1516.1 3.1313e+06
1e+11 1.52193e+08 1521.93 3.10626e+06
1e+11 1.52778e+08 1527.78 3.08143e+06
1e+11 1.53366e+08 1533.66 3.05675e+06
1e+11 1.53956e+08 1539.56 3.03229e+06
1e+11 1.54548e+08 1545.48 3.00802e+06
1e+11 1.55142e+08 1551.42 2.98396e+06
1e+11 1.55739e+08 1557.39 2.96006e+06
1e+11 1.56338e+08 1563.38 2.93635e+06
1e+11 1.56939e+08 1569.39 2.91285e+06
1e+11 1.57543e+08 1575.43 2.8895e+06
1e+11 1.58149e+08 1581.49 2.86635e+06
1e+11 1.58757e+08 1587.57 2.84339e+06
1e+11 1.59368e+08 1593.68 2.82059e+06
1e+11 1.59981e+08 1599.81 2.79798e+06
1e+11 1.60596e+08 1605.96 2.77555e+06
1e+11 1.61214e+08 1612.14 2.75329e+06
1e+11 1.61834e+08 1618.34 2.73121e+06
1e+11 1.62456e+08 1624.56 2.70932e+06
1e+11 1.63081e+08 1630.81 2.68758e+06
1e+11 1.63709e+08 1637.09 2.66599e+06
1e+11 1.64338e+08 1643.38 2.64461e+06
1e+11 1.6497e+08 1649.7 2.62339e+06
1e+11 1.65605e+08 1656.05 2.60231e+06
1e+11 1.66242e+08 1662.42 2.58142e+06
1e+11 1.66881e+08 1668.81 2.5607e+06
1e+11 1.67523e+08 1675.23 2.54013e+06
1e+11 1.68167e+08 1681.67 2.51973e+06
1e+11 1.68814e+08 1688.14 2.49948e+06
1e+11 1.69464e+08 1694.64 2.47937e+06
1e+11 1.70115e+08 1701.15 2.45947e+06
1e+11 1.7077e+08 1707.7 2.43967e+06
1e+11 1.71427e+08 1714.27 2.42005e+06
1e+11 1.72086e+08 1720.86 2.4006e+06
1e+11 1.72748e+08 1727.48 2.38129e+06
1e+11 1.73412e+08 1734.12 2.36214e+06
1e+11 1.74079e+08 1740.79 2.34314e+06
1e+11 1.74749e+08 1747.49 2.32427e+06
1e+11 1.75421e+08 1754.21 2.30556e+06
1e+11 1.76096e+08 1760.96 2.28699e+06
1e+11 1.76773e+08 1767.73 2.26859e+06
1e+11 1.77453e+08 1774.53 2.25032e+06
1e+11 1.78135e+08 1781.35 2.2322e+06
1e+11 1.78821e+08 1788.21 2.2142e+06
1e+11 1.79508e+08 1795.08 2.19638e+06
1e+11 1.80199e+08 1801.99 2.17866e+06
1e+11 1.80892e+08 1808.92 2.1611e+06
1e+11 1.81588e+08 1815.88 2.14367e+06
1e+11 1.82286e+08 1822.86 2.1264e+06
1e+11 1.82987e+08 1829.87 2.10925e+06
1e+11 1.83691e+08 1836.91 2.09223e+06
1e+11 1.84398e+08 1843.98 2.07534e+06
1e+11 1.85107e+08 1851.07 2.0586e+06
1e+11 1.85819e+08 1858.19 2.04198e+06
1e+11 1.86534e+08 1865.34 2.02549e+06
1e+11 1.87251e+08 1872.51 2.00914e+06
1e+11 1.87971e+08 1879.71 1.99292e+06
1e+11 1.88694e+08 1886.94 1.97683e+06
1e+11 1.8942e+08 1894.2 1.96085e+06
1e+11 1.90149e+08 1901.49 1.945e+06
1e+11 1.9088e+08 1908.8 1.92928e+06
1e+11 1.91614e+08 1916.14 1.91369e+06
1e+11 1.92351e+08 1923.51 1.89822e+06
1e+11 1.93091e+08 1930.91 1.88287e+06
1e+11 1.93834e+08 1938.34 1.86763e+06
1e+11 1.94579e+08 1945.79 1.85253e+06
1e+11 1.95328e+08 1953.28 1.83753e+06
1e+11 1.96079e+08 1960.79 1.82266e+06
1e+11 1.96833e+08 1968.33 1.80791e+06
1e+11 1.9759e+08 1975.9 1.79328e+06
1e+11 1.9835e+08 1983.5 1.77875e+06
1e+11 1.99113e+08 1991.13 1.76435e+06
1e+11 1.99879e+08 1998.79 1.75005e+06
1e+11 2.00648e+08 2006.48 1.73587e+06
1e+11 2.01419e+08 2014.19 1.72181e+06
1e+11 2.02194e+08 2021.94 1.70785e+06
1e+11 2.02972e+08 2029.72 1.694e+06
1e+11 2.03753e+08 2037.53 1.68025e+06
1e+11 2.04536e+08 2045.36 1.66664e+06
1e+11 2.05323e+08 2053.23 1.65311e+06
1e+11 2.06113e+08 2061.13 1.63969e+06
1e+11 2.06905e+08 2069.05 1.6264e+06
1e+11 2.07701e+08 2077.01 1.61319e+06
1e+11 2.085e+08 2085 1.60009e+06
1e+11 2.09302e+08 2093.02 1.5871e+06
1e+11 2.10107e+08 2101.07 1.57421e+06
1e+11 2.10915e+08 2109.15 1.56142e+06
1e+11 2.11727e+08 2117.27 1.54872e+06
1e+11 2.12541e+08 2125.41 1.53614e+06
1e+11 2.13358e+08 2133.58 1.52366e+06
1e+11 2.14179e+08 2141.79 1.51126e+06
1e+11 2.15003e+08 2150.03 1.49897e+06
1e+11 2.1583e+08 2158.3 1.48677e+06
1e+11 2.1666e+08 2166.6 1.47468e+06
1e+11 2.17493e+08 2174.93 1.46268e+06
1e+11 2.1833e+08 2183.3 1.45077e+06
1e+11 2.1917e+08 2191.7 1.43895e+06
1e+11 2.20013e+08 2200.13 1.42723e+06
1e+11 2.20859e+08 2208.59 1.41561e+06
1e+11 2.21708e+08 2217.08 1.40408e+06
1e+11 2.22561e+08 2225.61 1.39264e+06
1e+11 2.23417e+08 2234.17 1.38129e+06
1e+11 2.24276e+08 2242.76 1.37003e+06
1e+11 2.25139e+08 2251.39 1.35886e+06
1e+11 2.26005e+08 2260.05 1.34777e+06
1e+11 2.26874e+08 2268.74 1.33678e+06
1e+11 2.27747e+08 2277.47 1.32587e+06
1e+11 2.28623e+08 2286.23 1.31505e+06
1e+11 2.29502e+08 2295.02 1.30432e+06
1e+11 2.30385e+08 2303.85 1.29366e+06
1e+11 2.31271e+08 2312.71 1.2831e+06
1e+11 2.32161e+08 2321.61 1.27261e+06
1e+11 2.33054e+08 2330.54 1.26221e+06
1e+11 2.3395e+08 2339.5 1.2519e+06
1e+11 2.3485e+08 2348.5 1.24167e+06
1e+11 2.35753e+08 2357.53 1.23152e+06
1e+11 2.3666e+08 2366.6 1.22144e+06
1e+11 2.3757e+08 2375.7 1.21145e+06
1e+11 2.38484e+08 2384.84 1.20154e+06
1e+11 2.39401e+08 2394.01 1.19171e+06
1e+11 2.40322e+08 2403.22 1.18195e+06
1e+11 2.41246e+08 2412.46 1.17228e+06
1e+11 2.42174e+08 2421.74 1.16268e+06
1e+11 2.43106e+08 2431.06 1.15315e+06
1e+11 2.44041e+08 2440.41 1.1437e+06
1e+11 2.44979e+08 2449.79 1.13433e+06
1e+11 2.45922e+08 2459.22 1.12503e+06
1e+11 2.46868e+08 2468.68 1.1158e+06
1e+11 2.47817e+08 2478.17 1.10665e+06
1e+11 2.4877e+08 2487.7 1.09758e+06
1e+11 2.49727e+08 2497.27 1.08857e+06
1e+11 2.50688e+08 2506.88 1.07963e+06
1e+11 2.51652e+08 2516.52 1.07077e+06
1e+11 2.5262e+08 2526.2 1.06198e+06
1e+11 2.53592e+08 2535.92 1.05325e+06
1e+11 2.54567e+08 2545.67 1.0446e+06
1e+11 2.55546e+08 2555.46 1.03602e+06
1e+11 2.56529e+08 2565.29 1.0275e+06
1e+11 2.57516e+08 2575.16 1.01905e+06
1e+11 2.58506e+08 2585.06 1.01068e+06
1e+11 2.595e+08 2595 1.00237e+06
1e+11 2.60499e+08 2604.99 994111
1e+11 2.615e+08 2615 985938
1e+11 2.62506e+08 2625.06 977820
1e+11 2.63516e+08 2635.16 969766
1e+11 2.6453e+08 2645.3 961776
1e+11 2.65547e+08 2655.47 953856
1e+11 2.66568e+08 2665.68 945999
1e+11 2.67594e+08 2675.94 938197
1e+11 2.68623e+08 2686.23 930464
1e+11 2.69656e+08 2696.56 922792
1e+11 2.70693e+08 2706.93 915182
1e+11 2.71734e+08 2717.34 907632
1e+11 2.7278e+08 2727.8 900136
1e+11 2.73829e+08 2738.29 892707
1e+11 2.74882e+08 2748.82 885337
1e+11 2.75939e+08 2759.39 878027
1e+11 2.77001e+08 2770.01 870769
1e+11 2.78066e+08 2780.66 863576
1e+11 2.79136e+08 2791.36 856434
1e+11 2.80209e+08 2802.09 849358
1e+11 2.81287e+08 2812.87 842332
1e+11 2.82369e+08 2823.69 835363
1e+11 2.83455e+08 2834.55 828451
1e+11 2.84545e+08 2845.45 821596
1e+11 2.8564e+08 2856.4 814790
1e+11 2.86738e+08 2867.38 808047
1e+11 2.87841e+08 2878.41 801352
1e+11 2.88948e+08 2889.48 794713
1e+11 2.9006e+08 2900.6 788123
1e+11 2.91175e+08 2911.75 781593
1e+11 2.92295e+08 2922.95 775111
1e+11 2.9342e+08 2934.2 768678
1e+11 2.94548e+08 2945.48 762303
1e+11 2.95681e+08 2956.81 755976
1e+11 2.96818e+08 2968.18 749701
1e+11 2.9796e+08 2979.6 743474
1e+11 2.99106e+08 2991.06 737299
1e+11 3.00257e+08 3002.57 731170
1e+11 3.01411e+08 3014.11 725097
1e+11 3.02571e+08 3025.71 719066
1e+11 3.03735e+08 3037.35 713085
1e+11 3.04903e+08 3049.03 707155
1e+11 3.06076e+08 3060.76 701269
1e+11 3.07253e+08 3072.53 695434
1e+11 3.08435e+08 3084.35 689643
1e+11 3.09621e+08 3096.21 683902
1e+11 3.10812e+08 3108.12 678204
1e+11 3.12007e+08 3120.07 672555
1e+11 3.13207e+08 3132.07 666950
1e+11 3.14412e+08 3144.12 661388
1e+11 3.15621e+08 3156.21 655874
1e+11 3.16835e+08 3168.35 650402
1e+11 3.18054e+08 3180.54 644973
1e+11 3.19277e+08 3192.77 639591
1e+11 3.20505e+08 3205.05 634251
1e+11 3.21738e+08 3217.38 628952
1e+11 3.22976e+08 3229.76 623695
1e+11 3.24218e+08 3242.18 618484
1e+11 3.25465e+08 3254.65 613314
1e+11 3.26717e+08 3267.17 608185
1e+11 3.27973e+08 3279.73 603100
1e+11 3.29235e+08 3292.35 598052
1e+11 3.30501e+08 3305.01 593048
1e+11 3.31772e+08 3317.72 588083
1e+11 3.33049e+08 3330.49 583155
1e+11 3.3433e+08 3343.3 578270
1e+11 3.35615e+08 3356.15 573427
1e+11 3.36906e+08 3369.06 568620
1e+11 3.38202e+08 3382.02 563851
1e+11 3.39503e+08 3395.03 559121
1e+11 3.40809e+08 3408.09 554430
1e+11 3.4212e+08 3421.2 549776
1e+11 3.43436e+08 3434.36 545160
1e+11 3.44757e+08 3447.57 540581
1e+11 3.46083e+08 3460.83 536040
1e+11 3.47414e+08 3474.14 531536
1e+11 3.4875e+08 3487.5 527069
1e+11 3.50091e+08 3500.91 522638
1e+11 3.51438e+08 3514.38 518240
1e+11 3.5279e+08 3527.9 513879
1e+11 3.54147e+08 3541.47 509553
1e+11 3.55509e+08 3555.09 505264
1e+11 3.56876e+08 3568.76 501009
1e+11 3.58249e+08 3582.49 496787
1e+11 3.59627e+08 3596.27 492600
1e+11 3.6101e+08 3610.1 488448
1e+11 3.62399e+08 3623.99 484327
1e+11 3.63792e+08 3637.92 480244
1e+11 3.65192e+08 3651.92 476189
1e+11 3.66596e+08 3665.96 472171
1e+11 3.68006e+08 3680.06 468184
1e+11 3.69422e+08 3694.22 464228
1e+11 3.70843e+08 3708.43 460305
1e+11 3.72269e+08 3722.69 456415
1e+11 3.73701e+08 3737.01 452556
1e+11 3.75138e+08 3751.38 448729
1e+11 3.76581e+08 3765.81 444932
1e+11 3.7803e+08 3780.3 441164
1e+11 3.79484e+08 3794.84 437429
1e+11 3.80943e+08 3809.43 433725
1e+11 3.82408e+08 3824.08 430051
1e+11 3.83879e+08 3838.79 426406
1e+11 3.85356e+08 3853.56 422789
1e+11 3.86838e+08 3868.38 419204
1e+11 3.88326e+08 3883.26 415647
1e+11 3.8982e+08 3898.2 412118
1e+11 3.91319e+08 3913.19 408620
1e+11 3.92824e+08 3928.24 405150
1e+11 3.94335e+08 3943.35 401707
1e+11 3.95852e+08 3958.52 398293
1e+11 3.97374e+08 3973.74 394907
1e+11 3.98903e+08 3989.03 391547
1e+11 4.00437e+08 4004.37 388217
1e+11 4.01977e+08 4019.77 384913
1e+11 4.03523e+08 4035.23 381636
1e+11 4.05075e+08 4050.75 378386
1e+11 4.06633e+08 4066.33 375162
1e+11 4.08197e+08 4081.97 371964
1e+11 4.09768e+08 4097.68 368791
1e+11 4.11344e+08 4113.44 365645
1e+11 4.12926e+08 4129.26 362526
1e+11 4.14514e+08 4145.14 359432
1e+11 4.16108e+08 4161.08 356363
1e+11 4.17709e+08 4177.09 353318
1e+11 4.19315e+08 4193.15 350300
1e+11 4.20928e+08 4209.28 347305
1e+11 4.22547e+08 4225.47 344336
1e+11 4.24173e+08 4241.73 341389
1e+11 4.25804e+08 4258.04 338468
1e+11 4.27442e+08 4274.42 335570
1e+11 4.29086e+08 4290.86 332696
1e+11 4.30736e+08 4307.36 329847
1e+11 4.32393e+08 4323.93 327019
1e+11 4.34056e+08 4340.56 324216
1e+11 4.35726e+08 4357.26 321434
1e+11 4.37402e+08 4374.02 318676
1e+11 4.39084e+08 4390.84 315941
1e+11 4.40773e+08 4407.73 313228
1e+11 4.42468e+08 4424.68 310538
1e+11 4.4417e+08 4441.7 307869
1e+11 4.45878e+08 4458.78 305223
1e+11 4.47593e+08 4475.93 302598
1e+11 4.49315e+08 4493.15 299994
1e+11 4.51043e+08 4510.43 297413
1e+11 4.52778e+08 4527.78 294852
1e+11 4.54519e+08 4545.19 292313
1e+11 4.56268e+08 4562.68 289793
1e+11 4.58023e+08 4580.23 287295
1e+11 4.59784e+08 4597.84 284819
1e+11 4.61553e+08 4615.53 282361
1e+11 4.63328e+08 4633.28 279924
1e+11 4.6511e+08 4651.1 277508
1e+11 4.66899e+08 4668.99 275111
1e+11 4.68695e+08 4686.95 272733
1e+11 4.70498e+08 4704.98 270376
1e+11 4.72307e+08 4723.07 268038
1e+11 4.74124e+08 4741.24 265719
1e+11 4.75948e+08 4759.48 263419
1e+11 4.77778e+08 4777.78 261139
1e+11 4.79616e+08 4796.16 258877
1e+11 4.81461e+08 4814.61 256633
1e+11 4.83313e+08 4833.13 254409
1e+11 4.85172e+08 4851.72 252202
1e+11 4.87038e+08 4870.38 250014
1e+11 4.88911e+08 4889.11 247845
1e+11 4.90791e+08 4907.91 245693
1e+11 4.92679e+08 4926.79 243559
1e+11 4.94574e+08 4945.74 241442
1e+11 4.96476e+08 4964.76 239344
1e+11 4.98386e+08 4983.86 237261
1e+11 5.00303e+08 5003.03 235197
1e+11 5.02227e+08 5022.27 233150
1e+11 5.04159e+08 5041.59 231119
1e+11 5.06098e+08 5060.98 229106
1e+11 5.08045e+08 5080.45 227109
1e+11 5.09999e+08 5099.99 225129
1e+11 5.1196e+08 5119.6 223165
1e+11 5.1393e+08 5139.3 221217
1e+11 5.15906e+08 5159.06 219286
1e+11 5.17891e+08 5178.91 217370
1e+11 5.19883e+08 5198.83 215471
1e+11 5.21882e+08 5218.82 213588
1e+11 5.2389e+08 5238.9 211719
1e+11 5.25905e+08 5259.05 209867
1e+11 5.27927e+08 5279.27 208031
1e+11 5.29958e+08 5299.58 206208
1e+11 5.31996e+08 5319.96 204402
1e+11 5.34043e+08 5340.43 202610
1e+11 5.36097e+08 5360.97 200833
1e+11 5.38159e+08 5381.59 199071
1e+11 5.40229e+08 5402.29 197324
1e+11 5.42306e+08 5423.06 195592
1e+11 5.44392e+08 5443.92 193874
1e+11 5.46486e+08 5464.86 192170
1e+11 5.48588e+08 5485.88 190480
1e+11 5.50698e+08 5506.98 188805
1e+11 5.52816e+08 5528.16 187143
1e+11 5.54943e+08 5549.43 185495
1e+11 5.57077e+08 5570.77 183862
1e+11 5.5922e+08 5592.2 182241
1e+11 5.61371e+08 5613.71 180634
1e+11 5.6353e+08 5635.3 179041
1e+11 5.65697e+08 5656.97 177462
1e+11 5.67873e+08 5678.73 175895
1e+11 5.70057e+08 5700.57 174341
1e+11 5.7225e+08 5722.5 172800
1e+11 5.74451e+08 5744.51 171273
1e+11 5.76661e+08 5766.61 169758
1e+11 5.78879e+08 5788.79 168255
1e+11 5.81105e+08 5811.05 166766
1e+11 5.8334e+08 5833.4 165289
1e+11 5.85584e+08 5855.84 163824
1e+11 5.87836e+08 5878.36 162372
1e+11 5.90097e+08 5900.97 160932
1e+11 5.92367e+08 5923.67 159503
1e+11 5.94645e+08 5946.45 158087
1e+11 5.96933e+08 5969.33 156683
1e+11 5.99229e+08 5992.29 155290
1e+11 6.01533e+08 6015.33 153910
1e+11 6.03847e+08 6038.47 152540
1e+11 6.0617e+08 6061.7 151183
1e+11 6.08501e+08 6085.01 149837
1e+11 6.10842e+08 6108.42 148502
1e+11 6.13191e+08 6131.91 147178
1e+11 6.1555e+08 6155.5 145865
1e+11 6.17917e+08 6179.17 144564
1e+11 6.20294e+08 6202.94 143274
1e+11 6.2268e+08 6226.8 141994
1e+11 6.25075e+08 6250.75 140725
1e+11 6.27479e+08 6274.79 139468
1e+11 6.29892e+08 6298.92 138220
1e+11 6.32315e+08 6323.15 136983
1e+11 6.34747e+08 6347.47 135757
1e+11 6.37189e+08 6371.89 134541
1e+11 6.3964e+08 6396.4 133335
1e+11 6.421e+08 6421 132139
1e+11 6.4457e+08 6445.7 130954
1e+11 6.47049e+08 6470.49 129779
1e+11 6.49537e+08 6495.37 128614
1e+11 6.52036e+08 6520.36 127458
1e+11 6.54544e+08 6545.44 126312
1e+11 6.57061e+08 6570.61 125176
1e+11 6.59589e+08 6595.89 124049
1e+11 6.62125e+08 6621.25 122933
1e+11 6.64672e+08 6646.72 121825
1e+11 6.67229e+08 6672.29 120727
1e+11 6.69795e+08 6697.95 119639
1e+11 6.72371e+08 6723.71 118559
1e+11 6.74957e+08 6749.57 117489
1e+11 6.77554e+08 6775.54 116428
1e+11 6.8016e+08 6801.6 115376
1e+11 6.82776e+08 6827.76 114333
1e+11 6.85402e+08 6854.02 113298
1e+11 6.88038e+08 6880.38 112273
1e+11 6.90685e+08 6906.85 111256
1e+11 6.93341e+08 6933.41 110248
1e+11 6.96008e+08 6960.08 109249
1e+11 6.98685e+08 6986.85 108258
1e+11 7.01372e+08 7013.72 107276
1e+11 7.0407e+08 7040.7 106301
1e+11 7.06778e+08 7067.78 105336
1e+11 7.09497e+08 7094.97 104378
1e+11 7.12226e+08 7122.26 103429
1e+11 7.14965e+08 7149.65 102488
1e+11 7.17715e+08 7177.15 101554
1e+11 7.20475e+08 7204.75 100629
1e+11 7.23247e+08 7232.47 99712
1e+11 7.26028e+08 7260.28 98802.9
1e+11 7.28821e+08 7288.21 97901.1
1e+11 7.31624e+08 7316.24 97007.4
1e+11 7.34438e+08 7344.38 96121.2
1e+11 7.37263e+08 7372.63 95242.6
1e+11 7.40099e+08 7400.99 94371.5
1e+11 7.42946e+08 7429.46 93507.8
1e+11 7.45803e+08 7458.03 92651.9
1e+11 7.48672e+08 7486.72 91803
1e+11 7.51551e+08 7515.51 90961.7
1e+11 7.54442e+08 7544.42 90127.3
1e+11 7.57344e+08 7573.44 89300.2
1e+11 7.60257e+08 7602.57 88480.3
1e+11 7.63181e+08 7631.81 87667.5
1e+11 7.66116e+08 7661.16 86861.7
1e+11 7.69063e+08 7690.63 86062.7
1e+11 7.72021e+08 7720.21 85270.7
1e+11 7.74991e+08 7749.91 84485.3
1e+11 7.77971e+08 7779.71 83707.1
1e+11 7.80964e+08 7809.64 82935.2
1e+11 7.83968e+08 7839.68 82170.2
1e+11 7.86983e+08 7869.83 81411.8
1e+11 7.9001e+08 7900.1 80660
1e+11 7.93049e+08 7930.49 79914.5
1e+11 7.96099e+08 7960.99 79175.7
1e+11 7.99161e+08 7991.61 78443.2
1e+11 8.02235e+08 8022.35 77717
1e+11 8.0532e+08 8053.2 76997.3
1e+11 8.08418e+08 8084.18 76283.5
1e+11 8.11527e+08 8115.27 75576.2
1e+11 8.14649e+08 8146.49 74874.7
1e+11 8.17782e+08 8177.82 74179.6
1e+11 8.20927e+08 8209.27 73490.5
1e+11 8.24085e+08 8240.85 72807.3
1e+11 8.27255e+08 8272.55 72129.9
1e+11 8.30437e+08 8304.37 71458.6
1e+11 8.33631e+08 8336.31 70793.1
1e+11 8.36837e+08 8368.37 70133.5
1e+11 8.40056e+08 8400.56 69479.4
1e+11 8.43287e+08 8432.87 68831.2
1e+11 8.4653e+08 8465.3 68188.7
1e+11 8.49786e+08 8497.86 67551.7
1e+11 8.53055e+08 8530.55 66920.1
1e+11 8.56336e+08 8563.36 66294.2
1e+11 8.5963e+08 8596.3 65673.7
1e+11 8.62936e+08 8629.36 65058.7
1e+11 8.66255e+08 8662.55 64449.1
1e+11 8.69587e+08 8695.87 63844.7
1e+11 8.72932e+08 8729.32 63245.6
1e+11 8.76289e+08 8762.89 62651.9
1e+11 8.7966e+08 8796.6 62063.2
1e+11 8.83043e+08 8830.43 61479.8
1e+11 8.8644e+08 8864.4 60901.4
1e+11 8.89849e+08 8898.49 60328.3
1e+11 8.93272e+08 8932.72 59760
1e+11 8.96708e+08 8967.08 59196.7
1e+11 9.00157e+08 9001.57 58638.4
1e+11 9.03619e+08 9036.19 58085.1
1e+11 9.07095e+08 9070.95 57536.5
1e+11 9.10583e+08 9105.83 56993
1e+11 9.14086e+08 9140.86 56454
1e+11 9.17602e+08 9176.02 55919.8
1e+11 9.21131e+08 9211.31 55390.5
1e+11 9.24674e+08 9246.74 54865.7
1e+11 9.28231e+08 9282.31 54345.5
1e+11 9.31801e+08 9318.01 53830
1e+11 9.35385e+08 9353.85 53319
1e+11 9.38983e+08 9389.83 52812.5
1e+11 9.42594e+08 9425.94 52310.5
1e+11 9.4622e+08 9462.2 51812.9
1e+11 9.49859e+08 9498.59 51319.8
1e+11 9.53513e+08 9535.13 50830.9
1e+11 9.5718e+08 9571.8 50346.5
1e+11 9.60862e+08 9608.62 49866.3
1e+11 9.64557e+08 9645.57 49390.5
1e+11 9.68267e+08 9682.67 48918.8
1e+11 9.71992e+08 9719.92 48451.2
1e+11 9.7573e+08 9757.3 47987.9
1e+11 9.79483e+08 9794.83 47528.7
1e+11 9.83251e+08 9832.51 47073.5
1e+11 9.87032e+08 9870.32 46622.5
1e+11 9.90829e+08 9908.29 46175.3
1e+11 9.9464e+08 9946.4 45732.2
1e+11 9.98466e+08 9984.66 45293
1e+11 1.00231e+09 10023.1 44857.4
1e+11 1.00616e+09 10061.6 44426.6
1e+11 1.01003e+09 10100.3 43999.1
1e+11 1.01392e+09 10139.2 43574.8
1e+11 1.01782e+09 10178.2 43154.9
1e+11 1.02173e+09 10217.3 42739.3
1e+11 1.02566e+09 10256.6 42326.8
1e+11 1.02961e+09 10296.1 41917.6
1e+11 1.03357e+09 10335.7 41512.5
1e+11 1.03754e+09 10375.4 41111.6
1e+11 1.04153e+09 10415.3 40713.9
1e+11 1.04554e+09 10455.4 40319.2
1e+11 1.04956e+09 10495.6 39928.6
1e+11 1.0536e+09 10536 39541.1
1e+11 1.05765e+09 10576.5 39157.5
1e+11 1.06172e+09 10617.2 38777.1
1e+11 1.0658e+09 10658 38400.5
1e+11 1.0699e+09 10699 38027
1e+11 1.07401e+09 10740.1 37657.3
1e+11 1.07815e+09 10781.5 37289.7
1e+11 1.08229e+09 10822.9 36926.8
1e+11 1.08646e+09 10864.6 36566
1e+11 1.09063e+09 10906.3 36209.8
1e+11 1.09483e+09 10948.3 35855.7
1e+11 1.09904e+09 10990.4 35505.2
1e+11 1.10327e+09 11032.7 35157.6
1e+11 1.10751e+09 11075.1 34813.7
1e+11 1.11177e+09 11117.7 34472.6
1e+11 1.11605e+09 11160.5 34134.3
1e+11 1.12034e+09 11203.4 33799.5
1e+11 1.12465e+09 11246.5 33467.6
1e+11 1.12897e+09 11289.7 33139.1
1e+11 1.13332e+09 11333.2 32812.6
1e+11 1.13768e+09 11376.8 32489.6
1e+11 1.14205e+09 11420.5 32170
1e+11 1.14644e+09 11464.4 31853.1
1e+11 1.15085e+09 11508.5 31538.9
1e+11 1.15528e+09 11552.8 31227.3
1e+11 1.15972e+09 11597.2 30919
1e+11 1.16419e+09 11641.9 30612.7
1e+11 1.16866e+09 11686.6 30310.3
1e+11 1.17316e+09 11731.6 30009.8
1e+11 1.17767e+09 11776.7 29712.6
1e+11 1.1822e+09 11822 29417.8
1e+11 1.18675e+09 11867.5 29125.7
1e+11 1.19131e+09 11913.1 28836.6
1e+11 1.19589e+09 11958.9 28550.1
1e+11 1.20049e+09 12004.9 28266.1
1e+11 1.20511e+09 12051.1 27984.5
1e+11 1.20975e+09 12097.5 27705.3
1e+11 1.2144e+09 12144 27429.2
1e+11 1.21907e+09 12190.7 27155.5
1e+11 1.22376e+09 12237.6 26884.2
1e+11 1.22847e+09 12284.7 26615.3
1e+11 1.23319e+09 12331.9 26349.4
1e+11 1.23793e+09 12379.3 26085.7
1e+11 1.2427e+09 12427 25823.9
1e+11 1.24748e+09 12474.8 25564.9
1e+11 1.25227e+09 12522.7 25308.8
1e+11 1.25709e+09 12570.9 25054.4
1e+11 1.26193e+09 12619.3 24802.3
1e+11 1.26678e+09 12667.8 24552.9
1e+11 1.27165e+09 12716.5 24305.9
1e+11 1.27654e+09 12765.4 24061
1e+11 1.28145e+09 12814.5 23818.3
1e+11 1.28638e+09 12863.8 23577.9
1e+11 1.29133e+09 12913.3 23339.6
1e+11 1.2963e+09 12963 23103.5
1e+11 1.30128e+09 13012.8 22870
1e+11 1.30629e+09 13062.9 22638.2
1e+11 1.31131e+09 13113.1 22408.9
1e+11 1.31636e+09 13163.6 22181.3
1e+11 1.32142e+09 13214.2 21956.3
1e+11 1.3265e+09 13265 21733.3
1e+11 1.3316e+09 13316 21512.4
1e+11 1.33672e+09 13367.2 21293.5
1e+11 1.34187e+09 13418.7 21076.3
1e+11 1.34703e+09 13470.3 20861.5
1e+11 1.35221e+09 13522.1 20648.6
1e+11 1.35741e+09 13574.1 20437.8
1e+11 1.36263e+09 13626.3 20229
1e+11 1.36787e+09 13678.7 20022.1
1e+11 1.37313e+09 13731.3 19817.2
1e+11 1.37841e+09 13784.1 19614.1
1e+11 1.38372e+09 13837.2 19412.7
1e+11 1.38904e+09 13890.4 19213.5
1e+11 1.39438e+09 13943.8 19016.2
1e+11 1.39974e+09 13997.4 18820.8
1e+11 1.40513e+09 14051.3 18626.9
1e+11 1.41053e+09 14105.3 18435.2
1e+11 1.41596e+09 14159.6 18245
1e+11 1.4214e+09 14214 18057
1e+11 1.42687e+09 14268.7 17870.4
1e+11 1.43236e+09 14323.6 17685.6
1e+11 1.43787e+09 14378.7 17502.6
1e+11 1.4434e+09 14434 17321.4
1e+11 1.44895e+09 14489.5 17142
1e+11 1.45452e+09 14545.2 16964.3
1e+11 1.46012e+09 14601.2 16788
1e+11 1.46573e+09 14657.3 16613.7
1e+11 1.47137e+09 14713.7 16440.8
1e+11 1.47703e+09 14770.3 16269.7
1e+11 1.48271e+09 14827.1 16100.2
1e+11 1.48842e+09 14884.2 15932.1
1e+11 1.49414e+09 14941.4 15765.9
1e+11 1.49989e+09 14998.9 15601.1
1e+11 1.50566e+09 15056.6 15438
1e+11 1.51145e+09 15114.5 15276.4
1e+11 1.51726e+09 15172.6 15116.5
1e+11 1.5231e+09 15231 14957.9
1e+11 1.52896e+09 15289.6 14800.9
1e+11 1.53484e+09 15348.4 14645.4
1e+11 1.54074e+09 15407.4 14491.5
1e+11 1.54667e+09 15466.7 14338.9
1e+11 1.55261e+09 15526.1 14188.1
1e+11 1.55859e+09 15585.9 14038.3
1e+11 1.56458e+09 15645.8 13890.3
1e+11 1.5706e+09 15706 13743.5
1e+11 1.57664e+09 15766.4 13598.2
1e+11 1.5827e+09 15827 13454.4
1e+11 1.58879e+09 15887.9 13311.9
1e+11 1.5949e+09 15949 13170.7
1e+11 1.60104e+09 16010.4 13030.8
1e+11 1.6072e+09 16072 12892.4
1e+11 1.61338e+09 16133.8 12755.3
1e+11 1.61958e+09 16195.8 12619.7
1e+11 1.62581e+09 16258.1 12485.3
1e+11 1.63207e+09 16320.7 12352
1e+11 1.63834e+09 16383.4 12220.3
1e+11 1.64464e+09 16446.4 12089.8
1e+11 1.65097e+09 16509.7 11960.4
1e+11 1.65732e+09 16573.2 11832.4
1e+11 1.66369e+09 16636.9 11705.7
1e+11 1.67009e+09 16700.9 11580.2
1e+11 1.67652e+09 16765.2 11455.8
1e+11 1.68297e+09 16829.7 11332.6
1e+11 1.68944e+09 16894.4 11210.8
1e+11 1.69594e+09 16959.4 11090.1
1e+11 1.70246e+09 17024.6 10970.6
1e+11 1.70901e+09 17090.1 10852.3
1e+11 1.71558e+09 17155.8 10735.1
1e+11 1.72218e+09 17221.8 10619.1
1e+11 1.7288e+09 17288 10504.3
1e+11 1.73545e+09 17354.5 10390.5
1e+11 1.74213e+09 17421.3 10277.8
1e+11 1.74883e+09 17488.3 10166.3
1e+11 1.75556e+09 17555.6 10055.8
1e+11 1.76231e+09 17623.1 9946.49
1e+11 1.76909e+09 17690.9 9838.22
1e+11 1.77589e+09 17758.9 9731.1
1e+11 1.78272e+09 17827.2 9624.99
1e+11 1.78958e+09 17895.8 9519.87
1e+11 1.79646e+09 17964.6 9415.89
1e+11 1.80337e+09 18033.7 9312.9
1e+11 1.81031e+09 18103.1 9210.87
1e+11 1.81727e+09 18172.7 9109.96
1e+11 1.82426e+09 18242.6 9010
1e+11 1.83128e+09 18312.8 8911
1e+11 1.83832e+09 18383.2 8813.08
1e+11 1.84539e+09 18453.9 8716.09
1e+11 1.85249e+09 18524.9 8620.04
1e+11 1.85962e+09 18596.2 8524.91
1e+11 1.86677e+09 18667.7 8430.84
1e+11 1.87395e+09 18739.5 8337.67
1e+11 1.88116e+09 18811.6 8245.41
1e+11 1.88839e+09 18883.9 8154.16
1e+11 1.89565e+09 18956.5 8063.81
1e+11 1.90295e+09 19029.5 7974.22
1e+11 1.91027e+09 19102.7 7885.63
1e+11 1.91761e+09 19176.1 7798.03
1e+11 1.92499e+09 19249.9 7711.17
1e+11 1.93239e+09 19323.9 7625.28
1e+11 1.93983e+09 19398.3 7540.13
1e+11 1.94729e+09 19472.9 7455.94
1e+11 1.95478e+09 19547.8 7372.59
1e+11 1.96229e+09 19622.9 7290.18
1e+11 1.96984e+09 19698.4 7208.48
1e+11 1.97742e+09 19774.2 7127.6
1e+11 1.98502e+09 19850.2 7047.64
1e+11 1.99266e+09 19926.6 6968.38
1e+11 2.00032e+09 20003.2 6890.02
1e+11 2.00802e+09 20080.2 6812.35
1e+11 2.01574e+09 20157.4 6735.58
1e+11 2.02349e+09 20234.9 6659.58
1e+11 2.03128e+09 20312.8 6584.26
1e+11 2.03909e+09 20390.9 6509.8
1e+11 2.04693e+09 20469.3 6436.11
1e+11 2.05481e+09 20548.1 6363.08
1e+11 2.06271e+09 20627.1 6290.89
1e+11 2.07064e+09 20706.4 6219.45
1e+11 2.07861e+09 20786.1 6148.66
1e+11 2.0866e+09 20866 6078.69
1e+11 2.09463e+09 20946.3 6009.36
1e+11 2.10269e+09 21026.9 5940.75
1e+11 2.11077e+09 21107.7 5872.94
1e+11 2.11889e+09 21188.9 5805.76
1e+11 2.12704e+09 21270.4 5739.28
1e+11 2.13522e+09 21352.2 5673.5
1e+11 2.14344e+09 21434.4 5608.34
1e+11 2.15168e+09 21516.8 5543.94
1e+11 2.15996e+09 21599.6 5480.15
1e+11 2.16826e+09 21682.6 5417.1
1e+11 2.1766e+09 21766 5354.66
1e+11 2.18498e+09 21849.8 5292.8
1e+11 2.19338e+09 21933.8 5231.68
1e+11 2.20182e+09 22018.2 5171.14
1e+11 2.21028e+09 22102.8 5111.32
1e+11 2.21879e+09 22187.9 5052
1e+11 2.22732e+09 22273.2 4993.39
1e+11 2.23589e+09 22358.9 4935.35
1e+11 2.24449e+09 22444.9 4877.94
1e+11 2.25312e+09 22531.2 4821.14
1e+11 2.26179e+09 22617.9 4764.91
1e+11 2.27049e+09 22704.9 4709.28
1e+11 2.27922e+09 22792.2 4654.26
1e+11 2.28798e+09 22879.8 4599.84
1e+11 2.29679e+09 22967.9 4545.9
1e+11 2.30562e+09 23056.2 4492.61
1e+11 2.31449e+09 23144.9 4439.85
1e+11 2.32339e+09 23233.9 4387.67
1e+11 2.33233e+09 23323.3 4336.01
1e+11 2.3413e+09 23413 4284.92
1e+11 2.3503e+09 23503 4234.4
1e+11 2.35934e+09 23593.4 4184.39
1e+11 2.36842e+09 23684.2 4134.88
1e+11 2.37753e+09 23775.3 4085.93
1e+11 2.38667e+09 23866.7 4037.52
1e+11 2.39585e+09 23958.5 3989.6
1e+11 2.40507e+09 24050.7 3942.18
1e+11 2.41432e+09 24143.2 3895.29
1e+11 2.4236e+09 24236 3848.92
1e+11 2.43292e+09 24329.2 3803.04
1e+11 2.44228e+09 24422.8 3757.62
1e+11 2.45168e+09 24516.8 3712.68
1e+11 2.46111e+09 24611.1 3668.25
1e+11 2.47057e+09 24705.7 3624.32
1e+11 2.48008e+09 24800.8 3580.81
1e+11 2.48961e+09 24896.1 3537.84
1e+11 2.49919e+09 24991.9 3495.28
1e+11 2.5088e+09 25088 3453.2
1e+11 2.51845e+09 25184.5 3411.57
1e+11 2.52814e+09 25281.4 3370.38
1e+11 2.53786e+09 25378.6 3329.67
1e+11 2.54762e+09 25476.2 3289.38
1e+11 2.55742e+09 25574.2 3249.53
1e+11 2.56726e+09 25672.6 3210.1
1e+11 2.57713e+09 25771.3 3171.13
1e+11 2.58705e+09 25870.5 3132.54
1e+11 2.597e+09 25970 3094.4
1e+11 2.60699e+09 26069.9 3056.67
1e+11 2.61701e+09 26170.1 3019.39
1e+11 2.62708e+09 26270.8 2982.48
1e+11 2.63718e+09 26371.8 2946
1e+11 2.64733e+09 26473.3 2909.88
1e+11 2.65751e+09 26575.1 2874.19
1e+11 2.66773e+09 26677.3 2838.89
1e+11 2.67799e+09 26779.9 2803.98
1e+11 2.68829e+09 26882.9 2769.46
1e+11 2.69863e+09 26986.3 2735.31
1e+11 2.70901e+09 27090.1 2701.54
1e+11 2.71943e+09 27194.3 2668.14
1e+11 2.72989e+09 27298.9 2635.12
1e+11 2.74039e+09 27403.9 2602.46
1e+11 2.75093e+09 27509.3 2570.17
1e+11 2.76151e+09 27615.1 2538.24
1e+11 2.77213e+09 27721.3 2506.67
1e+11 2.7828e+09 27828 2475.42
1e+11 2.7935e+09 27935 2444.55
1e+11 2.80424e+09 28042.4 2414.03
1e+11 2.81503e+09 28150.3 2383.83
1e+11 2.82586e+09 28258.6 2353.98
1e+11 2.83673e+09 28367.3 2324.46
1e+11 2.84764e+09 28476.4 2295.28
1e+11 2.85859e+09 28585.9 2266.43
1e+11 2.86959e+09 28695.9 2237.89
1e+11 2.88062e+09 28806.2 2209.7
1e+11 2.8917e+09 28917 2181.81
1e+11 2.90283e+09 29028.3 2154.22
1e+11 2.91399e+09 29139.9 2126.97
1e+11 2.9252e+09 29252 2100.01
1e+11 2.93645e+09 29364.5 2073.37
1e+11 2.94774e+09 29477.4 2047.04
1e+11 2.95908e+09 29590.8 2020.99
1e+11 2.97046e+09 29704.6 1995.25
1e+11 2.98189e+09 29818.9 1969.78
1e+11 2.99336e+09 29933.6 1944.62
1e+11 3.00487e+09 30048.7 1919.75
1e+11 3.01643e+09 30164.3 1895.16
1e+11 3.02803e+09 30280.3 1870.86
1e+11 3.03968e+09 30396.8 1846.82
1e+11 3.05137e+09 30513.7 1823.08
1e+11 3.06311e+09 30631.1 1799.59
1e+11 3.07489e+09 30748.9 1776.39
1e+11 3.08671e+09 30867.1 1753.46
1e+11 3.09859e+09 30985.9 1730.78
1e+11 3.11051e+09 31105.1 1708.36
1e+11 3.12247e+09 31224.7 1686.22
1e+11 3.13448e+09 31344.8 1664.32
1e+11 3.14654e+09 31465.4 1642.68
1e+11 3.15864e+09 31586.4 1621.29
1e+11 3.17079e+09 31707.9 1600.15
1e+11 3.18298e+09 31829.8 1579.27
1e+11 3.19523e+09 31952.3 1558.61
1e+11 3.20752e+09 32075.2 1538.2
1e+11 3.21985e+09 32198.5 1518.05
1e+11 3.23224e+09 32322.4 1498.11
1e+11 3.24467e+09 32446.7 1478.41
1e+11 3.25715e+09 32571.5 1458.95
1e+11 3.26968e+09 32696.8 1439.71
1e+11 3.28225e+09 32822.5 1420.71
1e+11 3.29488e+09 32948.8 1401.91
1e+11 3.30755e+09 33075.5 1383.36
1e+11 3.32027e+09 33202.7 1365.02
1e+11 3.33304e+09 33330.4 1346.89
1e+11 3.34586e+09 33458.6 1328.98
1e+11 3.35873e+09 33587.3 1311.28
1e+11 3.37165e+09 33716.5 1293.79
1e+11 3.38462e+09 33846.2 1276.51
1e+11 3.39764e+09 33976.4 1259.44
1e+11 3.41071e+09 34107.1 1242.57
1e+11 3.42382e+09 34238.2 1225.91
1e+11 3.43699e+09 34369.9 1209.45
1e+11 3.45021e+09 34502.1 1193.18
1e+11 3.46348e+09 34634.8 1177.11
1e+11 3.47681e+09 34768.1 1161.22
1e+11 3.49018e+09 34901.8 1145.53
1e+11 3.5036e+09 35036 1130.04
1e+11 3.51708e+09 35170.8 1114.72
1e+11 3.53061e+09 35306.1 1099.59
1e+11 3.54419e+09 35441.9 1084.65
1e+11 3.55782e+09 35578.2 1069.89
1e+11 3.5715e+09 35715 1055.31
1e+11 3.58524e+09 35852.4 1040.91
1e+11 3.59903e+09 35990.3 1026.68
1e+11 3.61287e+09 36128.7 1012.62
1e+11 3.62677e+09 36267.7 998.737
1e+11 3.64072e+09 36407.2 985.023
1e+11 3.65472e+09 36547.2 971.481
1e+11 3.66878e+09 36687.8 958.1
1e+11 3.68289e+09 36828.9 944.887
1e+11 3.69706e+09 36970.6 931.831
1e+11 3.71128e+09 37112.8 918.94
1e+11 3.72555e+09 37255.5 906.213
1e+11 3.73988e+09 37398.8 893.638
1e+11 3.75426e+09 37542.6 881.224
1e+11 3.7687e+09 37687 868.96
1e+11 3.7832e+09 37832 856.844
1e+11 3.79775e+09 37977.5 844.884
1e+11 3.81236e+09 38123.6 833.07
1e+11 3.82702e+09 38270.2 821.408
1e+11 3.84174e+09 38417.4 809.889
1e+11 3.85652e+09 38565.2 798.511
1e+11 3.87135e+09 38713.5 787.281
1e+11 3.88624e+09 38862.4 776.19
1e+11 3.90119e+09 39011.9 765.237
1e+11 3.91619e+09 39161.9 754.426
1e+11 3.93126e+09 39312.6 743.744
1e+11 3.94638e+09 39463.8 733.201
1e+11 3.96156e+09 39615.6 722.791
1e+11 3.97679e+09 39767.9 712.519
1e+11 3.99209e+09 39920.9 702.369
1e+11 4.00745e+09 40074.5 692.347
1e+11 4.02286e+09 40228.6 682.459
1e+11 4.03833e+09 40383.3 672.696
1e+11 4.05387e+09 40538.7 663.051
1e+11 4.06946e+09 40694.6 653.535
1e+11 4.08511e+09 40851.1 644.142
1e+11 4.10082e+09 41008.2 634.869
1e+11 4.1166e+09 41166 625.709
1e+11 4.13243e+09 41324.3 616.673
1e+11 4.14832e+09 41483.2 607.755
1e+11 4.16428e+09 41642.8 598.946
1e+11 4.1803e+09 41803 590.252
1e+11 4.19638e+09 41963.8 581.671
1e+11 4.21252e+09 42125.2 573.203
1e+11 4.22872e+09 42287.2 564.845
1e+11 4.24498e+09 42449.8 556.598
1e+11 4.26131e+09 42613.1 548.454
1e+11 4.2777e+09 42777 540.418
1e+11 4.29415e+09 42941.5 532.488
1e+11 4.31067e+09 43106.7 524.659
1e+11 4.32725e+09 43272.5 516.934
1e+11 4.34389e+09 43438.9 509.312
1e+11 4.3606e+09 43606 501.788
1e+11 4.37737e+09 43773.7 494.364
1e+11 4.39421e+09 43942.1 487.037
1e+11 4.41111e+09 44111.1 479.808
1e+11 4.42808e+09 44280.8 472.672
1e+11 4.44511e+09 44451.1 465.634
1e+11 4.46221e+09 44622.1 458.687
1e+11 4.47937e+09 44793.7 451.834
1e+11 4.4966e+09 44966 445.072
1e+11 4.5139e+09 45139 438.398
1e+11 4.53126e+09 45312.6 431.816
1e+11 4.54869e+09 45486.9 425.321
1e+11 4.56618e+09 45661.8 418.915
1e+11 4.58374e+09 45837.4 412.595
1e+11 4.60138e+09 46013.8 406.355
1e+11 4.61907e+09 46190.7 400.205
1e+11 4.63684e+09 46368.4 394.135
1e+11 4.65467e+09 46546.7 388.149
1e+11 4.67258e+09 46725.8 382.24
1e+11 4.69055e+09 46905.5 376.415
1e+11 4.70859e+09 47085.9 370.668
1e+11 4.7267e+09 47267 365
1e+11 4.74488e+09 47448.8 359.408
1e+11 4.76313e+09 47631.3 353.893
1e+11 4.78145e+09 47814.5 348.453
1e+11 4.79984e+09 47998.4 343.088
1e+11 4.81831e+09 48183.1 337.794
1e+11 4.83684e+09 48368.4 332.576
1e+11 4.85544e+09 48554.4 327.431
1e+11 4.87412e+09 48741.2 322.353
1e+11 4.89286e+09 48928.6 317.35
1e+11 4.91168e+09 49116.8 312.413
1e+11 4.93058e+09 49305.8 307.543
1e+11 4.94954e+09 49495.4 302.743
1e+11 4.96858e+09 49685.8 298.009
1e+11 4.98769e+09 49876.9 293.342
1e+11 5.00687e+09 50068.7 288.74
1e+11 5.02613e+09 50261.3 284.201
1e+11 5.04546e+09 50454.6 279.727
1e+11 5.06487e+09 50648.7 275.315
1e+11 5.08435e+09 50843.5 270.965
1e+11 5.10391e+09 51039.1 266.676
1e+11 5.12354e+09 51235.4 262.448
1e+11 5.14324e+09 51432.4 258.281
1e+11 5.16303e+09 51630.3 254.17
1e+11 5.18288e+09 51828.8 250.121
1e+11 5.20282e+09 52028.2 246.127
1e+11 5.22283e+09 52228.3 242.191
1e+11 5.24292e+09 52429.2 238.31
1e+11 5.26309e+09 52630.9 234.484
1e+11 5.28333e+09 52833.3 230.715
1e+11 5.30365e+09 53036.5 226.999
1e+11 5.32405e+09 53240.5 223.336
1e+11 5.34453e+09 53445.3 219.725
1e+11 5.36508e+09 53650.8 216.168
1e+11 5.38572e+09 53857.2 212.661
1e+11 5.40643e+09 54064.3 209.206
1e+11 5.42723e+09 54272.3 205.799
1e+11 5.4481e+09 54481 202.443
1e+11 5.46906e+09 54690.6 199.135
1e+11 5.4901e+09 54901 195.875
1e+11 5.51121e+09 55112.1 192.664
1e+11 5.53241e+09 55324.1 189.498
1e+11 5.55369e+09 55536.9 186.38
1e+11 5.57505e+09 55750.5 183.307
1e+11 5.59649e+09 55964.9 180.28
1e+11 5.61802e+09 56180.2 177.296
1e+11 5.63963e+09 56396.3 174.357
1e+11 5.66132e+09 56613.2 171.462
1e+11 5.68309e+09 56830.9 168.61
1e+11 5.70495e+09 57049.5 165.799
1e+11 5.7269e+09 57269 163.03
1e+11 5.74892e+09 57489.2 160.303
1e+11 5.77104e+09 57710.4 157.616
1e+11 5.79323e+09 57932.3 154.97
1e+11 5.81552e+09 58155.2 152.362
1e+11 5.83788e+09 58378.8 149.795
1e+11 5.86034e+09 58603.4 147.266
1e+11 5.88288e+09 58828.8 144.775
1e+11 5.90551e+09 59055.1 142.321
1e+11 5.92822e+09 59282.2 139.905
1e+11 5.95102e+09 59510.2 137.526
1e+11 5.97391e+09 59739.1 135.182
1e+11 5.99689e+09 59968.9 132.874
1e+11 6.01995e+09 60199.5 130.601
1e+11 6.04311e+09 60431.1 128.363
1e+11 6.06635e+09 60663.5 126.159
1e+11 6.08969e+09 60896.9 123.988
1e+11 6.11311e+09 61131.1 121.852
1e+11 6.13662e+09 61366.2 119.748
1e+11 6.16022e+09 61602.2 117.677
1e+11 6.18392e+09 61839.2 115.637
1e+11 6.2077e+09 62077 113.629
1e+11 6.23158e+09 62315.8 111.652
1e+11 6.25555e+09 62555.5 109.706
1e+11 6.27961e+09 62796.1 107.79
1e+11 6.30376e+09 63037.6 105.904
1e+11 6.32801e+09 63280.1 104.047
1e+11 6.35235e+09 63523.5 102.22
1e+11 6.37678e+09 63767.8 100.421
1e+11 6.40131e+09 64013.1 98.6503
1e+11 6.42593e+09 64259.3 96.9077
1e+11 6.45065e+09 64506.5 95.1922
1e+11 6.47546e+09 64754.6 93.5042
1e+11 6.50036e+09 65003.6 91.8433
1e+11 6.52537e+09 65253.7 90.2077
1e+11 6.55046e+09 65504.6 88.5993
1e+11 6.57566e+09 65756.6 87.0156
1e+11 6.60095e+09 66009.5 85.4576
1e+11 6.62634e+09 66263.4 83.9244
1e+11 6.65183e+09 66518.3 82.4156
1e+11 6.67741e+09 66774.1 80.9315
1e+11 6.7031e+09 67031 79.4707
1e+11 6.72888e+09 67288.8 78.0338
1e+11 6.75476e+09 67547.6 76.6202
1e+11 6.78074e+09 67807.4 75.2294
1e+11 6.80682e+09 68068.2 73.8611
1e+11 6.833e+09 68330 72.5152
1e+11 6.85928e+09 68592.8 71.1911
1e+11 6.88567e+09 68856.7 69.8883
1e+11 6.91215e+09 69121.5 68.6073
1e+11 6.93874e+09 69387.4 67.3469
1e+11 6.96543e+09 69654.3 66.1073
1e+11 6.99222e+09 69922.2 64.8883
1e+11 7.01911e+09 70191.1 63.6894
1e+11 7.04611e+09 70461.1 62.5101
1e+11 7.07321e+09 70732.1 61.3505
1e+11 7.10042e+09 71004.2 60.2099
1e+11 7.12773e+09 71277.3 59.0884
1e+11 7.15514e+09 71551.4 57.9858
1e+11 7.18266e+09 71826.6 56.9014
1e+11 7.21029e+09 72102.9 55.835
1e+11 7.23802e+09 72380.2 54.7868
1e+11 7.26586e+09 72658.6 53.756
1e+11 7.29381e+09 72938.1 52.7424
1e+11 7.32186e+09 73218.6 51.7462
1e+11 7.35002e+09 73500.2 50.7668
1e+11 7.37829e+09 73782.9 49.8039
1e+11 7.40667e+09 74066.7 48.8573
1e+11 7.43516e+09 74351.6 47.9268
1e+11 7.46376e+09 74637.6 47.0122
1e+11 7.49247e+09 74924.7 46.1131
1e+11 7.52129e+09 75212.9 45.2295
1e+11 7.55022e+09 75502.2 44.361
1e+11 7.57926e+09 75792.6 43.5075
1e+11 7.60841e+09 76084.1 42.6688
1e+11 7.63767e+09 76376.7 41.8446
1e+11 7.66705e+09 76670.5 41.0345
1e+11 7.69654e+09 76965.4 40.2384
1e+11 7.72614e+09 77261.4 39.4563
1e+11 7.75586e+09 77558.6 38.6877
1e+11 7.78569e+09 77856.9 37.9326
1e+11 7.81564e+09 78156.4 37.1905
1e+11 7.8457e+09 78457 36.4616
1e+11 7.87587e+09 78758.7 35.7456
1e+11 7.90617e+09 79061.7 35.0419
1e+11 7.93658e+09 79365.8 34.3508
1e+11 7.9671e+09 79671 33.672
1e+11 7.99775e+09 79977.5 33.0049
1e+11 8.02851e+09 80285.1 32.3499
1e+11 8.05939e+09 80593.9 31.7065
1e+11 8.09039e+09 80903.9 31.0746
1e+11 8.12151e+09 81215.1 30.4539
1e+11 8.15274e+09 81527.4 29.8445
1e+11 8.1841e+09 81841 29.2459
1e+11 8.21558e+09 82155.8 28.6581
1e+11 8.24718e+09 82471.8 28.0808
1e+11 8.2789e+09 82789 27.5141
1e+11 8.31074e+09 83107.4 26.9576
1e+11 8.34271e+09 83427.1 26.4111
1e+11 8.3748e+09 83748 25.8746
1e+11 8.40701e+09 84070.1 25.3479
1e+11 8.43935e+09 84393.5 24.8307
1e+11 8.47181e+09 84718.1 24.3231
1e+11 8.50439e+09 85043.9 23.8248
1e+11 8.5371e+09 85371 23.3357
1e+11 8.56994e+09 85699.4 22.8555
1e+11 8.6029e+09 86029 22.3843
1e+11 8.63599e+09 86359.9 21.9217
1e+11 8.66921e+09 86692.1 21.4677
1e+11 8.70255e+09 87025.5 21.0223
1e+11 8.73602e+09 87360.2 20.5851
1e+11 8.76962e+09 87696.2 20.156
1e+11 8.80336e+09 88033.6 19.7349
1e+11 8.83722e+09 88372.2 19.3218
1e+11 8.87121e+09 88712.1 18.9165
1e+11 8.90533e+09 89053.3 18.5188
1e+11 8.93958e+09 89395.8 18.1286
1e+11 8.97396e+09 89739.6 17.7459
1e+11 9.00848e+09 90084.8 17.3703
1e+11 9.04313e+09 90431.3 17.0019
1e+11 9.07791e+09 90779.1 16.6405
1e+11 9.11283e+09 91128.3 16.286
1e+11 9.14788e+09 91478.8 15.9384
1e+11 9.18307e+09 91830.7 15.5973
1e+11 9.21839e+09 92183.9 15.2629
1e+11 9.25384e+09 92538.4 14.935
1e+11 9.28944e+09 92894.4 14.6132
1e+11 9.32517e+09 93251.7 14.2978
1e+11 9.36103e+09 93610.3 13.9886
1e+11 9.39704e+09 93970.4 13.6853
1e+11 9.43318e+09 94331.8 13.388
1e+11 9.46946e+09 94694.6 13.0964
1e+11 9.50589e+09 95058.9 12.8105
1e+11 9.54245e+09 95424.5 12.5304
1e+11 9.57915e+09 95791.5 12.2557
1e+11 9.616e+09 96160 11.9864
1e+11 9.65298e+09 96529.8 11.7225
1e+11 9.69011e+09 96901.1 11.4637
1e+11 9.72738e+09 97273.8 11.2102
1e+11 9.7648e+09 97648 10.9616
1e+11 9.80236e+09 98023.6 10.7181
1e+11 9.84006e+09 98400.6 10.4794
1e+11 9.87791e+09 98779.1 10.2455
1e+11 9.9159e+09 99159 10.0163
1e+11 9.95404e+09 99540.4 9.79177
1e+11 9.99233e+09 99923.3 9.57173
1e+11 1.00308e+10 100308 9.35595
1e+11 1.00693e+10 100693 9.14521
1e+11 1.01081e+10 101081 8.93794
1e+11 1.01469e+10 101469 8.73567
1e+11 1.0186e+10 101860 8.53678
1e+11 1.02252e+10 102252 8.34221
1e+11 1.02645e+10 102645 8.15189
1e+11 1.0304e+10 103040 7.96526
1e+11 1.03436e+10 103436 7.78272
1e+11 1.03834e+10 103834 7.60374
1e+11 1.04233e+10 104233 7.42871
1e+11 1.04634e+10 104634 7.25712
1e+11 1.05037e+10 105037 7.08892
1e+11 1.05441e+10 105441 6.92445
1e+11 1.05846e+10 105846 6.76365
1e+11 1.06253e+10 106253 6.60606
1e+11 1.06662e+10 106662 6.45162
1e+11 1.07072e+10 107072 6.30065
1e+11 1.07484e+10 107484 6.15272
1e+11 1.07897e+10 107897 6.00813
1e+11 1.08312e+10 108312 5.86647
1e+11 1.08729e+10 108729 5.7277
1e+11 1.09147e+10 109147 5.59209
1e+11 1.09567e+10 109567 5.45925
1e+11 1.09988e+10 109988 5.32946
1e+11 1.10412e+10 110412 5.20205
1e+11 1.10836e+10 110836 5.07786
1e+11 1.11262e+10 111262 4.95625
1e+11 1.1169e+10 111690 4.83718
1e+11 1.1212e+10 112120 4.7206
1e+11 1.12551e+10 112551 4.60673
1e+11 1.12984e+10 112984 4.49526
1e+11 1.13419e+10 113419 4.38615
1e+11 1.13855e+10 113855 4.2796
1e+11 1.14293e+10 114293 4.17531
1e+11 1.14733e+10 114733 4.07325
1e+11 1.15174e+10 115174 3.9736
1e+11 1.15617e+10 115617 3.8761
1e+11 1.16062e+10 116062 3.7807
1e+11 1.16508e+10 116508 3.68757
1e+11 1.16956e+10 116956 3.59646
1e+11 1.17406e+10 117406 3.50734
1e+11 1.17857e+10 117857 3.42037
1e+11 1.18311e+10 118311 3.33511
1e+11 1.18766e+10 118766 3.25191
1e+11 1.19223e+10 119223 3.17054
1e+11 1.19681e+10 119681 3.09116
1e+11 1.20142e+10 120142 3.01337
1e+11 1.20604e+10 120604 2.93747
1e+11 1.21068e+10 121068 2.86328
1e+11 1.21533e+10 121533 2.79091
1e+11 1.22001e+10 122001 2.72001
1e+11 1.2247e+10 122470 2.65087
1e+11 1.22941e+10 122941 2.58329
1e+11 1.23414e+10 123414 2.51726
1e+11 1.23889e+10 123889 2.45272
1e+11 1.24365e+10 124365 2.3898
1e+11 1.24843e+10 124843 2.32833
1e+11 1.25324e+10 125324 2.26814
1e+11 1.25806e+10 125806 2.20947
1e+11 1.26289e+10 126289 2.15228
1e+11 1.26775e+10 126775 2.0963
1e+11 1.27263e+10 127263 2.04164
1e+11 1.27752e+10 127752 1.98836
1e+11 1.28244e+10 128244 1.93623
1e+11 1.28737e+10 128737 1.88543
1e+11 1.29232e+10 129232 1.83583
1e+11 1.29729e+10 129729 1.78741
1e+11 1.30228e+10 130228 1.74014
1e+11 1.30729e+10 130729 1.694
1e+11 1.31232e+10 131232 1.64897
1e+11 1.31737e+10 131737 1.60502
1e+11 1.32243e+10 132243 1.56222
1e+11 1.32752e+10 132752 1.52037
1e+11 1.33263e+10 133263 1.47953
1e+11 1.33775e+10 133775 1.43977
1e+11 1.3429e+10 134290 1.40091
1e+11 1.34806e+10 134806 1.36307
1e+11 1.35325e+10 135325 1.32609
1e+11 1.35845e+10 135845 1.29009
1e+11 1.36368e+10 136368 1.25491
1e+11 1.36892e+10 136892 1.22068
1e+11 1.37419e+10 137419 1.18723
1e+11 1.37947e+10 137947 1.15468
1e+11 1.38478e+10 138478 1.12289
1e+11 1.39011e+10 139011 1.09189
1e+11 1.39545e+10 139545 1.06174
1e+11 1.40082e+10 140082 1.03229
1e+11 1.40621e+10 140621 1.00359
1e+11 1.41162e+10 141162 0.975626
1e+11 1.41705e+10 141705 0.948374
1e+11 1.4225e+10 142250 0.92182
1e+11 1.42797e+10 142797 0.895949
1e+11 1.43346e+10 143346 0.870745
1e+11 1.43897e+10 143897 0.846194
1e+11 1.44451e+10 144451 0.822237
1e+11 1.45006e+10 145006 0.798947
1e+11 1.45564e+10 145564 0.776223
1e+11 1.46124e+10 146124 0.754096
1e+11 1.46686e+10 146686 0.732551
1e+11 1.4725e+10 147250 0.711574
1e+11 1.47817e+10 147817 0.691116
1e+11 1.48385e+10 148385 0.671236
1e+11 1.48956e+10 148956 0.651851
1e+11 1.49529e+10 149529 0.632985
1e+11 1.50104e+10 150104 0.614624
1e+11 1.50681e+10 150681 0.596757
1e+11 1.51261e+10 151261 0.579341
1e+11 1.51843e+10 151843 0.562397
1e+11 1.52427e+10 152427 0.545913
1e+11 1.53013e+10 153013 0.529877
1e+11 1.53602e+10 153602 0.514253
1e+11 1.54192e+10 154192 0.499083
1e+11 1.54785e+10 154785 0.484304
1e+11 1.55381e+10 155381 0.469909
1e+11 1.55978e+10 155978 0.455935
1e+11 1.56578e+10 156578 0.442327
1e+11 1.57181e+10 157181 0.429075
1e+11 1.57785e+10 157785 0.416214
1e+11 1.58392e+10 158392 0.403693
1e+11 1.59001e+10 159001 0.391524
1e+11 1.59613e+10 159613 0.379678
1e+11 1.60227e+10 160227 0.368167
1e+11 1.60843e+10 160843 0.356983
1e+11 1.61462e+10 161462 0.346099
1e+11 1.62083e+10 162083 0.335525
1e+11 1.62706e+10 162706 0.325255
1e+11 1.63332e+10 163332 0.315263
1e+11 1.6396e+10 163960 0.305559
1e+11 1.64591e+10 164591 0.29612
1e+11 1.65224e+10 165224 0.286955
1e+11 1.65859e+10 165859 0.278057
1e+11 1.66497e+10 166497 0.269404
1e+11 1.67138e+10 167138 0.260992
1e+11 1.67781e+10 167781 0.252826
1e+11 1.68426e+10 168426 0.244901
1e+11 1.69074e+10 169074 0.237198
1e+11 1.69724e+10 169724 0.229723
1e+11 1.70377e+10 170377 0.222459
1e+11 1.71032e+10 171032 0.215411
1e+11 1.7169e+10 171690 0.208564
1e+11 1.7235e+10 172350 0.201922
1e+11 1.73013e+10 173013 0.195471
1e+11 1.73679e+10 173679 0.189204
1e+11 1.74347e+10 174347 0.183127
1e+11 1.75017e+10 175017 0.177235
1e+11 1.7569e+10 175690 0.171514
1e+11 1.76366e+10 176366 0.165959
1e+11 1.77045e+10 177045 0.160567
1e+11 1.77726e+10 177726 0.15534
1e+11 1.78409e+10 178409 0.150275
1e+11 1.79095e+10 179095 0.145359
1e+11 1.79784e+10 179784 0.140589
1e+11 1.80476e+10 180476 0.135961
1e+11 1.8117e+10 181170 0.131477
1e+11 1.81867e+10 181867 0.127127
1e+11 1.82566e+10 182566 0.122914
1e+11 1.83268e+10 183268 0.118828
1e+11 1.83973e+10 183973 0.114865
1e+11 1.84681e+10 184681 0.111023
1e+11 1.85391e+10 185391 0.107303
1e+11 1.86104e+10 186104 0.103697
1e+11 1.8682e+10 186820 0.100201
1e+11 1.87539e+10 187539 0.0968125
1e+11 1.8826e+10 188260 0.0935332
1e+11 1.88984e+10 188984 0.0903555
1e+11 1.89711e+10 189711 0.0872766
1e+11 1.90441e+10 190441 0.0842936
1e+11 1.91173e+10 191173 0.0814079
1e+11 1.91909e+10 191909 0.078609
1e+11 1.92647e+10 192647 0.0759019
1e+11 1.93388e+10 193388 0.0732804
1e+11 1.94132e+10 194132 0.0707419
1e+11 1.94878e+10 194878 0.0682876
1e+11 1.95628e+10 195628 0.0659084
1e+11 1.9638e+10 196380 0.0636084
1e+11 1.97136e+10 197136 0.0613795
1e+11 1.97894e+10 197894 0.0592252
1e+11 1.98655e+10 198655 0.0571407
1e+11 1.99419e+10 199419 0.0551238
1e+11 2.00186e+10 200186 0.0531726
1e+11 2.00956e+10 200956 0.0512852
1e+11 2.01729e+10 201729 0.0494597
1e+11 2.02505e+10 202505 0.0476943
1e+11 2.03284e+10 203284 0.0459871
1e+11 2.04066e+10 204066 0.0443365
1e+11 2.04851e+10 204851 0.0427408
1e+11 2.05638e+10 205638 0.0412002
1e+11 2.06429e+10 206429 0.0397093
1e+11 2.07223e+10 207223 0.0382684
1e+11 2.0802e+10 208020 0.036876
1e+11 2.08821e+10 208821 0.035529
1e+11 2.09624e+10 209624 0.0342293
1e+11 2.1043e+10 210430 0.0329739
1e+11 2.11239e+10 211239 0.0317613
1e+11 2.12052e+10 212052 0.0305887
1e+11 2.12868e+10 212868 0.0294565
1e+11 2.13686e+10 213686 0.0283646
1e+11 2.14508e+10 214508 0.0273092
1e+11 2.15333e+10 215333 0.0262905
1e+11 2.16161e+10 216161 0.0253072
1e+11 2.16993e+10 216993 0.0243571
1e+11 2.17827e+10 217827 0.0234414
1e+11 2.18665e+10 218665 0.0225569
1e+11 2.19506e+10 219506 0.0217036
1e+11 2.20351e+10 220351 0.0208795
1e+11 2.21198e+10 221198 0.0200856
1e+11 2.22049e+10 222049 0.0193191
1e+11 2.22903e+10 222903 0.01858
1e+11 2.2376e+10 223760 0.0178675
1e+11 2.24621e+10 224621 0.0171797
1e+11 2.25485e+10 225485 0.0165169
1e+11 2.26352e+10 226352 0.015878
1e+11 2.27223e+10 227223 0.0152616
1e+11 2.28097e+10 228097 0.0146678
1e+11 2.28974e+10 228974 0.0140956
1e+11 2.29855e+10 229855 0.0135439
1e+11 2.30739e+10 230739 0.0130124
1e+11 2.31627e+10 231627 0.0125
1e+11 2.32517e+10 232517 0.0120072
1e+11 2.33412e+10 233412 0.0115317
1e+11 2.3431e+10 234310 0.0110738
1e+11 2.35211e+10 235211 0.0106332
1e+11 2.36115e+10 236115 0.0102091
1e+11 2.37024e+10 237024 0.00980003
1e+11 2.37935e+10 237935 0.0094069
1e+11 2.3885e+10 238850 0.00902827
1e+11 2.39769e+10 239769 0.00866366
1e+11 2.40691e+10 240691 0.00831297
1e+11 2.41617e+10 241617 0.00797535
1e+11 2.42546e+10 242546 0.00765071
1e+11 2.43479e+10 243479 0.00733826
1e+11 2.44416e+10 244416 0.00703757
1e+11 2.45356e+10 245356 0.00674856
1e+11 2.463e+10 246300 0.00647051
1e+11 2.47247e+10 247247 0.00620333
1e+11 2.48198e+10 248198 0.00594635
1e+11 2.49153e+10 249153 0.00569921
1e+11 2.50111e+10 250111 0.00546183
1e+11 2.51073e+10 251073 0.00523361
1e+11 2.52039e+10 252039 0.00501423
1e+11 2.53008e+10 253008 0.00480359
1e+11 2.53981e+10 253981 0.00460116
1e+11 2.54958e+10 254958 0.00440666
1e+11 2.55939e+10 255939 0.00421979
1e+11 2.56923e+10 256923 0.00404046
1e+11 2.57911e+10 257911 0.00386823
1e+11 2.58903e+10 258903 0.00370283
1e+11 2.59899e+10 259899 0.00354401
1e+11 2.60899e+10 260899 0.00339153
1e+11 2.61902e+10 261902 0.00324532
1e+11 2.6291e+10 262910 0.00310484
1e+11 2.63921e+10 263921 0.00297017
1e+11 2.64936e+10 264936 0.00284095
1e+11 2.65955e+10 265955 0.00271698
1e+11 2.66978e+10 266978 0.00259807
1e+11 2.68005e+10 268005 0.00248402
1e+11 2.69036e+10 269036 0.00237466
1e+11 2.70071e+10 270071 0.0022698
1e+11 2.71109e+10 271109 0.00216937
1e+11 2.72152e+10 272152 0.00207301
1e+11 2.73199e+10 273199 0.00198067
1e+11 2.7425e+10 274250 0.00189218
1e+11 2.75304e+10 275304 0.00180748
1e+11 2.76363e+10 276363 0.00172627
1e+11 2.77426e+10 277426 0.00164848
1e+11 2.78493e+10 278493 0.00157399
1e+11 2.79565e+10 279565 0.00150259
1e+11 2.8064e+10 280640 0.0014343
1e+11 2.81719e+10 281719 0.00136893
1e+11 2.82803e+10 282803 0.00130631
1e+11 2.83891e+10 283891 0.00124639
1e+11 2.84983e+10 284983 0.00118905
1e+11 2.86079e+10 286079 0.00113421
1e+11 2.87179e+10 287179 0.00108174
1e+11 2.88284e+10 288284 0.00103153
1e+11 2.89392e+10 289392 0.000983551
1e+11 2.90506e+10 290506 0.000937602
1e+11 2.91623e+10 291623 0.000893719
1e+11 2.92745e+10 292745 0.00085174
1e+11 2.93871e+10 293871 0.000811625
1e+11 2.95001e+10 295001 0.000773298
1e+11 2.96136e+10 296136 0.000736651
1e+11 2.97275e+10 297275 0.000701648
1e+11 2.98418e+10 298418 0.000668221
1e+11 2.99566e+10 299566 0.000636275
1e+11 3.00718e+10 300718 0.000605776
1e+11 3.01875e+10 301875 0.000576639
1e+11 3.03036e+10 303036 0.000548832
1e+11 3.04201e+10 304201 0.000522297
1e+11 3.05371e+10 305371 0.000496959
1e+11 3.06546e+10 306546 0.000472768
1e+11 3.07725e+10 307725 0.000449696
1e+11 3.08909e+10 308909 0.000427675
1e+11 3.10097e+10 310097 0.00040668
1e+11 3.11289e+10 311289 0.000386665
1e+11 3.12487e+10 312487 0.000367557
1e+11 3.13689e+10 313689 0.000349347
1e+11 3.14895e+10 314895 0.000331996
1e+11 3.16106e+10 316106 0.000315453
1e+11 3.17322e+10 317322 0.000299683
1e+11 3.18543e+10 318543 0.000284652
1e+11 3.19768e+10 319768 0.00027034
1e+11 3.20998e+10 320998 0.000256704
1e+11 3.22233e+10 322233 0.000243714
1e+11 3.23472e+10 323472 0.000231351
1e+11 3.24716e+10 324716 0.000219578
1e+11 3.25965e+10 325965 0.000208369
1e+11 3.27219e+10 327219 0.000197698
1e+11 3.28477e+10 328477 0.000187549
1e+11 3.29741e+10 329741 0.000177884
1e+11 3.31009e+10 331009 0.000168696
1e+11 3.32282e+10 332282 0.000159955
1e+11 3.3356e+10 333560 0.000151641
1e+11 3.34843e+10 334843 0.000143735
1e+11 3.36131e+10 336131 0.000136218
1e+11 3.37424e+10 337424 0.000129072
1e+11 3.38722e+10 338722 0.000122281
1e+11 3.40025e+10 340025 0.000115827
1e+11 3.41333e+10 341333 0.000109695
1e+11 3.42645e+10 342645 0.000103875
1e+11 3.43963e+10 343963 9.83432e-05
1e+11 3.45286e+10 345286 9.30903e-05
1e+11 3.46614e+10 346614 8.81032e-05
1e+11 3.47948e+10 347948 8.33658e-05
1e+11 3.49286e+10 349286 7.88731e-05
1e+11 3.50629e+10 350629 7.46101e-05
1e+11 3.51978e+10 351978 7.05629e-05
1e+11 3.53332e+10 353332 6.6724e-05
1e+11 3.54691e+10 354691 6.30834e-05
1e+11 3.56055e+10 356055 5.96315e-05
1e+11 3.57425e+10 357425 5.63568e-05
1e+11 3.58799e+10 358799 5.32553e-05
1e+11 3.60179e+10 360179 5.03141e-05
1e+11 3.61565e+10 361565 4.75254e-05
1e+11 3.62955e+10 362955 4.48858e-05
1e+11 3.64351e+10 364351 4.2384e-05
1e+11 3.65753e+10 365753 4.00134e-05
1e+11 3.6716e+10 367160 3.77691e-05
1e+11 3.68572e+10 368572 3.56448e-05
1e+11 3.69989e+10 369989 3.36344e-05
1e+11 3.71413e+10 371413 3.17296e-05
1e+11 3.72841e+10 372841 2.9929e-05
1e+11 3.74275e+10 374275 2.82248e-05
1e+11 3.75715e+10 375715 2.66122e-05
1e+11 3.7716e+10 377160 2.50875e-05
1e+11 3.78611e+10 378611 2.36454e-05
1e+11 3.80067e+10 380067 2.22826e-05
1e+11 3.81529e+10 381529 2.0994e-05
1e+11 3.82996e+10 382996 1.97767e-05
1e+11 3.84469e+10 384469 1.86262e-05
1e+11 3.85948e+10 385948 1.75391e-05
1e+11 3.87433e+10 387433 1.6512e-05
1e+11 3.88923e+10 388923 1.55426e-05
1e+11 3.90419e+10 390419 1.46271e-05
1e+11 3.9192e+10 391920 1.37633e-05
1e+11 3.93428e+10 393428 1.29474e-05
1e+11 3.94941e+10 394941 1.21779e-05
1e+11 3.9646e+10 396460 1.14518e-05
1e+11 3.97985e+10 397985 1.07669e-05
1e+11 3.99516e+10 399516 1.01208e-05
1e+11 4.01052e+10 401052 9.51206e-06
1e+11 4.02595e+10 402595 8.93775e-06
1e+11 4.04143e+10 404143 8.39677e-06
1e+11 4.05698e+10 405698 7.88664e-06
1e+11 4.07258e+10 407258 7.40633e-06
1e+11 4.08825e+10 408825 6.9536e-06
1e+11 4.10397e+10 410397 6.52751e-06
1e+11 4.11976e+10 411976 6.12607e-06
1e+11 4.1356e+10 413560 5.74841e-06
1e+11 4.15151e+10 415151 5.39275e-06
1e+11 4.16748e+10 416748 5.0581e-06
1e+11 4.18351e+10 418351 4.74328e-06
1e+11 4.1996e+10 419960 4.44719e-06
1e+11 4.21575e+10 421575 4.16876e-06
1e+11 4.23197e+10 423197 3.90684e-06
1e+11 4.24824e+10 424824 3.66082e-06
1e+11 4.26458e+10 426458 3.42949e-06
1e+11 4.28099e+10 428099 3.21202e-06
1e+11 4.29745e+10 429745 3.00789e-06
1e+11 4.31398e+10 431398 2.81607e-06
1e+11 4.33057e+10 433057 2.63599e-06
1e+11 4.34723e+10 434723 2.46685e-06
1e+11 4.36395e+10 436395 2.30813e-06
1e+11 4.38074e+10 438074 2.15912e-06
1e+11 4.39759e+10 439759 2.01935e-06
1e+11 4.4145e+10 441450 1.88828e-06
1e+11 4.43148e+10 443148 1.76532e-06
1e+11 4.44853e+10 444853 1.64999e-06
1e+11 4.46564e+10 446564 1.54191e-06
1e+11 4.48281e+10 448281 1.44065e-06
1e+11 4.50005e+10 450005 1.34574e-06
1e+11 4.51736e+10 451736 1.25682e-06
1e+11 4.53474e+10 453474 1.17351e-06
1e+11 4.55218e+10 455218 1.09553e-06
1e+11 4.56969e+10 456969 1.02251e-06
1e+11 4.58727e+10 458727 9.54155e-07
1e+11 4.60491e+10 460491 8.90218e-07
1e+11 4.62262e+10 462262 8.30393e-07
1e+11 4.6404e+10 464040 7.7443e-07
1e+11 4.65825e+10 465825 7.22091e-07
1e+11 4.67617e+10 467617 6.73155e-07
1e+11 4.69415e+10 469415 6.27436e-07
1e+11 4.71221e+10 471221 5.84685e-07
1e+11 4.73033e+10 473033 5.44765e-07
1e+11 4.74853e+10 474853 5.07456e-07
1e+11 4.76679e+10 476679 4.72634e-07
1e+11 4.78513e+10 478513 4.40105e-07
1e+11 4.80353e+10 480353 4.0976e-07
1e+11 4.82201e+10 482201 3.81428e-07
1e+11 4.84055e+10 484055 3.55011e-07
1e+11 4.85917e+10 485917 3.30359e-07
1e+11 4.87786e+10 487786 3.07372e-07
1e+11 4.89662e+10 489662 2.85943e-07
1e+11 4.91546e+10 491546 2.65961e-07
1e+11 4.93436e+10 493436 2.47353e-07
1e+11 4.95334e+10 495334 2.30011e-07
1e+11 4.97239e+10 497239 2.1386e-07
1e+11 4.99152e+10 499152 1.98816e-07
1e+11 5.01072e+10 501072 1.84813e-07
1e+11 5.02999e+10 502999 1.71783e-07
1e+11 5.04934e+10 504934 1.59655e-07
1e+11 5.06876e+10 506876 1.48375e-07
1e+11 5.08825e+10 508825 1.37887e-07
1e+11 5.10783e+10 510783 1.28128e-07
1e+11 5.12747e+10 512747 1.19063e-07
1e+11 5.14719e+10 514719 1.10637e-07
1e+11 5.16699e+10 516699 1.02806e-07
1e+11 5.18687e+10 518687 9.55313e-08
1e+11 5.20682e+10 520682 8.87778e-08
1e+11 5.22684e+10 522684 8.25101e-08
1e+11 5.24695e+10 524695 7.66889e-08
1e+11 5.26713e+10 526713 7.12894e-08
1e+11 5.28739e+10 528739 6.62797e-08
1e+11 5.30772e+10 530772 6.16354e-08
1e+11 5.32814e+10 532814 5.73267e-08
1e+11 5.34863e+10 534863 5.33345e-08
1e+11 5.3692e+10 536920 4.96346e-08
1e+11 5.38986e+10 538986 4.6205e-08
1e+11 5.41059e+10 541059 4.30298e-08
1e+11 5.4314e+10 543140 4.00897e-08
1e+11 5.45229e+10 545229 3.73679e-08
1e+11 5.47326e+10 547326 3.48491e-08
1e+11 5.49431e+10 549431 3.25186e-08
1e+11 5.51544e+10 551544 3.0363e-08
1e+11 5.53666e+10 553666 2.83689e-08
1e+11 5.55795e+10 555795 2.65263e-08
1e+11 5.57933e+10 557933 2.48228e-08
1e+11 5.60079e+10 560079 2.32489e-08
1e+11 5.62233e+10 562233 2.17952e-08
1e+11 5.64396e+10 564396 2.04523e-08
1e+11 5.66567e+10 566567 1.92127e-08
1e+11 5.68746e+10 568746 1.80688e-08
1e+11 5.70934e+10 570934 1.70131e-08
1e+11 5.73129e+10 573129 1.60398e-08
1e+11 5.75334e+10 575334 1.51417e-08
1e+11 5.77547e+10 577547 1.43138e-08
1e+11 5.79768e+10 579768 1.3551e-08
1e+11 5.81998e+10 581998 1.2848e-08
1e+11 5.84237e+10 584237 1.22003e-08
1e+11 5.86484e+10 586484 1.1604e-08
1e+11 5.8874e+10 588740 1.1055e-08
1e+11 5.91004e+10 591004 1.05499e-08
1e+11 5.93277e+10 593277 1.0085e-08
1e+11 5.95559e+10 595559 9.65744e-09
1e+11 5.9785e+10 597850 9.26421e-09
1e+11 6.00149e+10 600149 8.90285e-09
1e+11 6.02458e+10 602458 8.5706e-09
1e+11 6.04775e+10 604775 8.26546e-09
1e+11 6.07101e+10 607101 7.98519e-09
1e+11 6.09436e+10 609436 7.72785e-09
1e+11 6.1178e+10 611780 7.49164e-09
1e+11 6.14133e+10 614133 7.27488e-09
1e+11 6.16496e+10 616496 7.07595e-09
1e+11 6.18867e+10 618867 6.8936e-09
1e+11 6.21247e+10 621247 6.72644e-09
1e+11 6.23637e+10 623637 6.57317e-09
1e+11 6.26035e+10 626035 6.43281e-09
1e+11 6.28443e+10 628443 6.3042e-09
1e+11 6.3086e+10 630860 6.18645e-09
1e+11 6.33287e+10 633287 6.07863e-09
1e+11 6.35723e+10 635723 5.97998e-09
1e+11 6.38168e+10 638168 5.88975e-09
1e+11 6.40623e+10 640623 5.8072e-09
1e+11 6.43087e+10 643087 5.73175e-09
1e+11 6.4556e+10 645560 5.6628e-09
1e+11 6.48043e+10 648043 5.59979e-09
1e+11 6.50536e+10 650536 5.54223e-09
1e+11 6.53038e+10 653038 5.48968e-09
1e+11 6.5555e+10 655550 5.44171e-09
1e+11 6.58071e+10 658071 5.39795e-09
1e+11 6.60602e+10 660602 5.35705e-09
1e+11 6.63143e+10 663143 5.31695e-09
1e+11 6.65694e+10 665694 5.27668e-09
1e+11 6.68254e+10 668254 5.23627e-09
1e+11 6.70824e+10 670824 5.19571e-09
1e+11 6.73405e+10 673405 5.15497e-09
1e+11 6.75995e+10 675995 5.11409e-09
1e+11 6.78595e+10 678595 5.07305e-09
1e+11 6.81205e+10 681205 5.03186e-09
1e+11 6.83825e+10 683825 4.9905e-09
1e+11 6.86455e+10 686455 4.94899e-09
1e+11 6.89096e+10 689096 4.9073e-09
1e+11 6.91746e+10 691746 4.86548e-09
1e+11 6.94407e+10 694407 4.82348e-09
1e+11 6.97078e+10 697078 4.78132e-09
1e+11 6.99759e+10 699759 4.739e-09
1e+11 7.0245e+10 702450 4.69652e-09
1e+11 7.05152e+10 705152 4.65388e-09
1e+11 7.07864e+10 707864 4.61107e-09
1e+11 7.10587e+10 710587 4.56809e-09
1e+11 7.1332e+10 713320 4.52495e-09
1e+11 7.16064e+10 716064 4.48164e-09
1e+11 7.18818e+10 718818 4.43817e-09
1e+11 7.21583e+10 721583 4.39453e-09
1e+11 7.24358e+10 724358 4.35073e-09
1e+11 7.27144e+10 727144 4.30676e-09
1e+11 7.29941e+10 729941 4.26261e-09
1e+11 7.32749e+10 732749 4.21829e-09
1e+11 7.35567e+10 735567 4.17381e-09
1e+11 7.38396e+10 738396 4.12915e-09
1e+11 7.41236e+10 741236 4.08433e-09
1e+11 7.44087e+10 744087 4.03933e-09
1e+11 7.46949e+10 746949 3.99415e-09
1e+11 7.49822e+10 749822 3.94881e-09
1e+11 7.52706e+10 752706 3.90328e-09
1e+11 7.55601e+10 755601 3.85759e-09
1e+11 7.58508e+10 758508 3.81171e-09
1e+11 7.61425e+10 761425 3.76566e-09
1e+11 7.64354e+10 764354 3.71943e-09
1e+11 7.67294e+10 767294 3.67303e-09
1e+11 7.70245e+10 770245 3.62645e-09
1e+11 7.73208e+10 773208 3.57968e-09
1e+11 7.76182e+10 776182 3.53274e-09
1e+11 7.79167e+10 779167 3.48562e-09
1e+11 7.82164e+10 782164 3.43832e-09
1e+11 7.85172e+10 785172 3.39084e-09
1e+11 7.88192e+10 788192 3.34317e-09
1e+11 7.91224e+10 791224 3.29532e-09
1e+11 7.94267e+10 794267 3.24729e-09
1e+11 7.97322e+10 797322 3.19907e-09
1e+11 8.00389e+10 800389 3.15066e-09
1e+11 8.03468e+10 803468 3.10206e-09
1e+11 8.06558e+10 806558 3.05329e-09
1e+11 8.0966e+10 809660 3.00432e-09
1e+11 8.12774e+10 812774 2.95517e-09
1e+11 8.15901e+10 815901 2.90582e-09
1e+11 8.19039e+10 819039 2.85629e-09
1e+11 8.22189e+10 822189 2.80657e-09
1e+11 8.25351e+10 825351 2.75666e-09
1e+11 8.28526e+10 828526 2.70654e-09
1e+11 8.31713e+10 831713 2.65624e-09
1e+11 8.34912e+10 834912 2.60575e-09
1e+11 8.38123e+10 838123 2.55506e-09
1e+11 8.41347e+10 841347 2.50418e-09
1e+11 8.44583e+10 844583 2.4531e-09
1e+11 8.47831e+10 847831 2.40183e-09
1e+11 8.51092e+10 851092 2.35036e-09
1e+11 8.54366e+10 854366 2.29868e-09
1e+11 8.57652e+10 857652 2.24682e-09
1e+11 8.60951e+10 860951 2.19475e-09
1e+11 8.64262e+10 864262 2.14249e-09
1e+11 8.67586e+10 867586 2.09002e-09
1e+11 8.70923e+10 870923 2.03735e-09
1e+11 8.74273e+10 874273 1.98447e-09
1e+11 8.77636e+10 877636 1.93139e-09
1e+11 8.81012e+10 881012 1.8781e-09
1e+11 8.844e+10 884400 1.82463e-09
1e+11 8.87802e+10 887802 1.77093e-09
1e+11 8.91217e+10 891217 1.71703e-09
1e+11 8.94645e+10 894645 1.66292e-09
1e+11 8.98086e+10 898086 1.60861e-09
1e+11 9.0154e+10 901540 1.55409e-09
1e+11 9.05008e+10 905008 1.49935e-09
1e+11 9.08489e+10 908489 1.44441e-09
1e+11 9.11983e+10 911983 1.38926e-09
1e+11 9.15491e+10 915491 1.33389e-09
1e+11 9.19012e+10 919012 1.27831e-09
1e+11 9.22547e+10 922547 1.22252e-09
1e+11 9.26095e+10 926095 1.16652e-09
1e+11 9.29657e+10 929657 1.11029e-09
1e+11 9.33233e+10 933233 1.05385e-09
1e+11 9.36822e+10 936822 9.97201e-10
1e+11 9.40426e+10 940426 9.40315e-10
1e+11 9.44043e+10 944043 8.83224e-10
1e+11 9.47674e+10 947674 8.25913e-10
1e+11 9.51319e+10 951319 7.6838e-10
1e+11 9.54978e+10 954978 7.10627e-10
1e+11 9.58651e+10 958651 6.52652e-10
1e+11 9.62338e+10 962338 5.94456e-10
1e+11 9.6604e+10 966040 5.36024e-10
1e+11 9.69755e+10 969755 4.77387e-10
1e+11 9.73485e+10 973485 4.18512e-10
1e+11 9.7723e+10 977230 3.59401e-10
1e+11 9.80988e+10 980988 3.00085e-10
1e+11 9.84762e+10 984762 2.40516e-10
1e+11 9.88549e+10 988549 1.80742e-10
1e+11 9.92352e+10 992352 1.20716e-10
1e+11 9.96168e+10 996168 6.04842e-11
1e+11 1e+11 1e+06 0

1e+12 1e+06 10 1.21037e+11
1e+12 1.00385e+06 10.0385 1.2011e+11
1e+12 1.00771e+06 10.0771 1.19192e+11
1e+12 1.01158e+06 10.1158 1.18281e+11
1e+12 1.01547e+06 10.1547 1.17376e+11
1e+12 1.01938e+06 10.1938 1.16477e+11
1e+12 1.0233e+06 10.233 1.15586e+11
1e+12 1.02724e+06 10.2724 1.14701e+11
1e+12 1.03119e+06 10.3119 1.13824e+11
1e+12 1.03515e+06 10.3515 1.12954e+11
1e+12 1.03914e+06 10.3914 1.12088e+11
1e+12 1.04313e+06 10.4313 1.11232e+11
1e+12 1.04714e+06 10.4714 1.10382e+11
1e+12 1.05117e+06 10.5117 1.09536e+11
1e+12 1.05522e+06 10.5522 1.08697e+11
1e+12 1.05927e+06 10.5927 1.07867e+11
1e+12 1.06335e+06 10.6335 1.07041e+11
1e+12 1.06744e+06 10.6744 1.06222e+11
1e+12 1.07154e+06 10.7154 1.0541e+11
1e+12 1.07567e+06 10.7567 1.04602e+11
1e+12 1.0798e+06 10.798 1.03803e+11
1e+12 1.08396e+06 10.8396 1.03007e+11
1e+12 1.08813e+06 10.8813 1.02219e+11
1e+12 1.09231e+06 10.9231 1.01438e+11
1e+12 1.09651e+06 10.9651 1.00662e+11
1e+12 1.10073e+06 11.0073 9.98915e+10
1e+12 1.10496e+06 11.0496 9.91279e+10
1e+12 1.10921e+06 11.0921 9.83695e+10
1e+12 1.11348e+06 11.1348 9.76162e+10
1e+12 1.11776e+06 11.1776 9.68698e+10
1e+12 1.12206e+06 11.2206 9.61285e+10
1e+12 1.12638e+06 11.2638 9.53923e+10
1e+12 1.13071e+06 11.3071 9.46628e+10
1e+12 1.13506e+06 11.3506 9.39383e+10
1e+12 1.13942e+06 11.3942 9.32205e+10
1e+12 1.14381e+06 11.4381 9.25061e+10
1e+12 1.14821e+06 11.4821 9.17982e+10
1e+12 1.15262e+06 11.5262 9.10968e+10
1e+12 1.15706e+06 11.5706 9.03987e+10
1e+12 1.16151e+06 11.6151 8.97071e+10
1e+12 1.16597e+06 11.6597 8.90219e+10
1e+12 1.17046e+06 11.7046 8.83399e+10
1e+12 1.17496e+06 11.7496 8.76643e+10
1e+12 1.17948e+06 11.7948 8.69934e+10
1e+12 1.18402e+06 11.8402 8.63273e+10
1e+12 1.18857e+06 11.8857 8.56674e+10
1e+12 1.19314e+06 11.9314 8.50121e+10
1e+12 1.19773e+06 11.9773 8.43615e+10
1e+12 1.20234e+06 12.0234 8.37156e+10
1e+12 1.20696e+06 12.0696 8.30757e+10
1e+12 1.21161e+06 12.1161 8.2439e+10
1e+12 1.21627e+06 12.1627 8.18082e+10
1e+12 1.22094e+06 12.2094 8.11833e+10
1e+12 1.22564e+06 12.2564 8.05616e+10
1e+12 1.23035e+06 12.3035 7.99458e+10
1e+12 1.23509e+06 12.3509 7.93331e+10
1e+12 1.23984e+06 12.3984 7.87261e+10
1e+12 1.24461e+06 12.4461 7.81236e+10
1e+12 1.24939e+06 12.4939 7.75267e+10
1e+12 1.2542e+06 12.542 7.69329e+10
1e+12 1.25902e+06 12.5902 7.63448e+10
1e+12 1.26386e+06 12.6386 7.57609e+10
1e+12 1.26873e+06 12.6873 7.51802e+10
1e+12 1.27361e+06 12.7361 7.46049e+10
1e+12 1.2785e+06 12.785 7.40351e+10
1e+12 1.28342e+06 12.8342 7.34683e+10
1e+12 1.28836e+06 12.8836 7.29057e+10
1e+12 1.29331e+06 12.9331 7.23485e+10
1e+12 1.29829e+06 12.9829 7.17943e+10
1e+12 1.30328e+06 13.0328 7.12453e+10
1e+12 1.30829e+06 13.0829 7.07005e+10
1e+12 1.31333e+06 13.1333 7.01586e+10
1e+12 1.31838e+06 13.1838 6.96219e+10
1e+12 1.32345e+06 13.2345 6.90893e+10
1e+12 1.32854e+06 13.2854 6.85607e+10
1e+12 1.33365e+06 13.3365 6.80361e+10
1e+12 1.33878e+06 13.3878 6.75154e+10
1e+12 1.34393e+06 13.4393 6.69987e+10
1e+12 1.3491e+06 13.491 6.6486e+10
1e+12 1.35429e+06 13.5429 6.59772e+10
1e+12 1.3595e+06 13.595 6.54722e+10
1e+12 1.36472e+06 13.6472 6.49721e+10
1e+12 1.36997e+06 13.6997 6.44748e+10
1e+12 1.37524e+06 13.7524 6.39814e+10
1e+12 1.38053e+06 13.8053 6.34918e+10
1e+12 1.38584e+06 13.8584 6.3006e+10
1e+12 1.39117e+06 13.9117 6.25239e+10
1e+12 1.39652e+06 13.9652 6.20455e+10
1e+12 1.4019e+06 14.019 6.157e+10
1e+12 1.40729e+06 14.0729 6.10991e+10
1e+12 1.4127e+06 14.127 6.06318e+10
1e+12 1.41813e+06 14.1813 6.01681e+10
1e+12 1.42359e+06 14.2359 5.97073e+10
1e+12 1.42906e+06 14.2906 5.92508e+10
1e+12 1.43456e+06 14.3456 5.87972e+10
1e+12 1.44008e+06 14.4008 5.83471e+10
1e+12 1.44562e+06 14.4562 5.79005e+10
1e+12 1.45118e+06 14.5118 5.74575e+10
1e+12 1.45676e+06 14.5676 5.70179e+10
1e+12 1.46236e+06 14.6236 5.65819e+10
1e+12 1.46799e+06 14.6799 5.61485e+10
1e+12 1.47363e+06 14.7363 5.57193e+10
1e+12 1.4793e+06 14.793 5.52928e+10
1e+12 1.48499e+06 14.8499 5.48697e+10
1e+12 1.4907e+06 14.907 5.44499e+10
1e+12 1.49644e+06 14.9644 5.40328e+10
1e+12 1.50219e+06 15.0219 5.36197e+10
1e+12 1.50797e+06 15.0797 5.32093e+10
1e+12 1.51377e+06 15.1377 5.28021e+10
1e+12 1.51959e+06 15.1959 5.23982e+10
1e+12 1.52544e+06 15.2544 5.19969e+10
1e+12 1.5313e+06 15.313 5.15995e+10
1e+12 1.53719e+06 15.3719 5.12046e+10
1e+12 1.54311e+06 15.4311 5.08123e+10
1e+12 1.54904e+06 15.4904 5.04238e+10
1e+12 1.555e+06 15.55 5.00378e+10
1e+12 1.56098e+06 15.6098 4.9655e+10
1e+12 1.56699e+06 15.6699 4.92746e+10
1e+12 1.57301e+06 15.7301 4.8898e+10
1e+12 1.57906e+06 15.7906 4.85238e+10
1e+12 1.58514e+06 15.8514 4.81521e+10
1e+12 1.59123e+06 15.9123 4.7784e+10
1e+12 1.59735e+06 15.9735 4.74184e+10
1e+12 1.6035e+06 16.035 4.70552e+10
1e+12 1.60967e+06 16.0967 4.66949e+10
1e+12 1.61586e+06 16.1586 4.63377e+10
1e+12 1.62207e+06 16.2207 4.59833e+10
1e+12 1.62831e+06 16.2831 4.56314e+10
1e+12 1.63457e+06 16.3457 4.52824e+10
1e+12 1.64086e+06 16.4086 4.49357e+10
1e+12 1.64717e+06 16.4717 4.45919e+10
1e+12 1.65351e+06 16.5351 4.42504e+10
1e+12 1.65987e+06 16.5987 4.39117e+10
1e+12 1.66625e+06 16.6625 4.35759e+10
1e+12 1.67266e+06 16.7266 4.32424e+10
1e+12 1.67909e+06 16.7909 4.29117e+10
1e+12 1.68555e+06 16.8555 4.25832e+10
1e+12 1.69204e+06 16.9204 4.2257e+10
1e+12 1.69854e+06 16.9854 4.1934e+10
1e+12 1.70508e+06 17.0508 4.16127e+10
1e+12 1.71163e+06 17.1163 4.12947e+10
1e+12 1.71822e+06 17.1822 4.09784e+10
1e+12 1.72483e+06 17.2483 4.06647e+10
1e+12 1.73146e+06 17.3146 4.03537e+10
1e+12 1.73812e+06 17.3812 4.00449e+10
1e+12 1.74481e+06 17.4481 3.97382e+10
1e+12 1.75152e+06 17.5152 3.94341e+10
1e+12 1.75825e+06 17.5825 3.91326e+10
1e+12 1.76502e+06 17.6502 3.88329e+10
1e+12 1.77181e+06 17.7181 3.85356e+10
1e+12 1.77862e+06 17.7862 3.82409e+10
1e+12 1.78546e+06 17.8546 3.79483e+10
1e+12 1.79233e+06 17.9233 3.76578e+10
1e+12 1.79922e+06 17.9922 3.73697e+10
1e+12 1.80614e+06 18.0614 3.70838e+10
1e+12 1.81309e+06 18.1309 3.67998e+10
1e+12 1.82006e+06 18.2006 3.65184e+10
1e+12 1.82706e+06 18.2706 3.62389e+10
1e+12 1.83409e+06 18.3409 3.59615e+10
1e+12 1.84115e+06 18.4115 3.5686e+10
1e+12 1.84823e+06 18.4823 3.5413e+10
1e+12 1.85534e+06 18.5534 3.51419e+10
1e+12 1.86247e+06 18.6247 3.48732e+10
1e+12 1.86964e+06 18.6964 3.46061e+10
1e+12 1.87683e+06 18.7683 3.43413e+10
1e+12 1.88405e+06 18.8405 3.40784e+10
1e+12 1.89129e+06 18.9129 3.38178e+10
1e+12 1.89857e+06 18.9857 3.35588e+10
1e+12 1.90587e+06 19.0587 3.33021e+10
1e+12 1.9132e+06 19.132 3.30472e+10
1e+12 1.92056e+06 19.2056 3.27943e+10
1e+12 1.92795e+06 19.2795 3.25432e+10
1e+12 1.93536e+06 19.3536 3.22943e+10
1e+12 1.94281e+06 19.4281 3.20469e+10
1e+12 1.95028e+06 19.5028 3.18018e+10
1e+12 1.95778e+06 19.5778 3.15584e+10
1e+12 1.96531e+06 19.6531 3.13169e+10
1e+12 1.97287e+06 19.7287 3.10772e+10
1e+12 1.98046e+06 19.8046 3.08393e+10
1e+12 1.98808e+06 19.8808 3.06032e+10
1e+12 1.99572e+06 19.9572 3.03692e+10
1e+12 2.0034e+06 20.034 3.01366e+10
1e+12 2.0111e+06 20.111 2.99061e+10
1e+12 2.01884e+06 20.1884 2.96771e+10
1e+12 2.0266e+06 20.266 2.94501e+10
1e+12 2.0344e+06 20.344 2.92246e+10
1e+12 2.04222e+06 20.4222 2.9001e+10
1e+12 2.05008e+06 20.5008 2.87789e+10
1e+12 2.05796e+06 20.5796 2.85588e+10
1e+12 2.06588e+06 20.6588 2.83401e+10
1e+12 2.07383e+06 20.7383 2.81231e+10
1e+12 2.0818e+06 20.818 2.7908e+10
1e+12 2.08981e+06 20.8981 2.76944e+10
1e+12 2.09785e+06 20.9785 2.74823e+10
1e+12 2.10592e+06 21.0592 2.7272e+10
1e+12 2.11402e+06 21.1402 2.70632e+10
1e+12 2.12215e+06 21.2215 2.68561e+10
1e+12 2.13031e+06 21.3031 2.66506e+10
1e+12 2.1385e+06 21.385 2.64467e+10
1e+12 2.14673e+06 21.4673 2.62442e+10
1e+12 2.15499e+06 21.5499 2.60433e+10
1e+12 2.16327e+06 21.6327 2.58441e+10
1e+12 2.1716e+06 21.716 2.56461e+10
1e+12 2.17995e+06 21.7995 2.54499e+10
1e+12 2.18833e+06 21.8833 2.52552e+10
1e+12 2.19675e+06 21.9675 2.50618e+10
1e+12 2.2052e+06 22.052 2.487e+10
1e+12 2.21368e+06 22.1368 2.46797e+10
1e+12 2.2222e+06 22.222 2.44907e+10
1e+12 2.23074e+06 22.3074 2.43034e+10
1e+12 2.23932e+06 22.3932 2.41173e+10
1e+12 2.24794e+06 22.4794 2.39326e+10
1e+12 2.25658e+06 22.5658 2.37495e+10
1e+12 2.26526e+06 22.6526 2.35677e+10
1e+12 2.27397e+06 22.7397 2.33874e+10
1e+12 2.28272e+06 22.8272 2.32083e+10
1e+12 2.2915e+06 22.915 2.30307e+10
1e+12 2.30031e+06 23.0031 2.28545e+10
1e+12 2.30916e+06 23.0916 2.26795e+10
1e+12 2.31804e+06 23.1804 2.25059e+10
1e+12 2.32696e+06 23.2696 2.23336e+10
1e+12 2.33591e+06 23.3591 2.21627e+10
1e+12 2.34489e+06 23.4489 2.19931e+10
1e+12 2.35391e+06 23.5391 2.18247e+10
1e+12 2.36297e+06 23.6297 2.16576e+10
1e+12 2.37206e+06 23.7206 2.14918e+10
1e+12 2.38118e+06 23.8118 2.13273e+10
1e+12 2.39034e+06 23.9034 2.11641e+10
1e+12 2.39953e+06 23.9953 2.10021e+10
1e+12 2.40876e+06 24.0876 2.08414e+10
1e+12 2.41803e+06 24.1803 2.06817e+10
1e+12 2.42733e+06 24.2733 2.05234e+10
1e+12 2.43666e+06 24.3666 2.03664e+10
1e+12 2.44604e+06 24.4604 2.02104e+10
1e+12 2.45544e+06 24.5544 2.00558e+10
1e+12 2.46489e+06 24.6489 1.99022e+10
1e+12 2.47437e+06 24.7437 1.97499e+10
1e+12 2.48389e+06 24.8389 1.95987e+10
1e+12 2.49344e+06 24.9344 1.94487e+10
1e+12 2.50303e+06 25.0303 1.92998e+10
1e+12 2.51266e+06 25.1266 1.91521e+10
1e+12 2.52232e+06 25.2232 1.90055e+10
1e+12 2.53202e+06 25.3202 1.88601e+10
1e+12 2.54176e+06 25.4176 1.87157e+10
1e+12 2.55154e+06 25.5154 1.85724e+10
1e+12 2.56135e+06 25.6135 1.84302e+10
1e+12 2.57121e+06 25.7121 1.8289e+10
1e+12 2.58109e+06 25.8109 1.81492e+10
1e+12 2.59102e+06 25.9102 1.80102e+10
1e+12 2.60099e+06 26.0099 1.78723e+10
1e+12 2.61099e+06 26.1099 1.77355e+10
1e+12 2.62104e+06 26.2104 1.75997e+10
1e+12 2.63112e+06 26.3112 1.7465e+10
1e+12 2.64124e+06 26.4124 1.73313e+10
1e+12 2.6514e+06 26.514 1.71986e+10
1e+12 2.66159e+06 26.6159 1.7067e+10
1e+12 2.67183e+06 26.7183 1.69363e+10
1e+12 2.68211e+06 26.8211 1.68066e+10
1e+12 2.69242e+06 26.9242 1.66781e+10
1e+12 2.70278e+06 27.0278 1.65503e+10
1e+12 2.71318e+06 27.1318 1.64236e+10
1e+12 2.72361e+06 27.2361 1.62979e+10
1e+12 2.73409e+06 27.3409 1.61731e+10
1e+12 2.7446e+06 27.446 1.60494e+10
1e+12 2.75516e+06 27.5516 1.59265e+10
1e+12 2.76576e+06 27.6576 1.58045e+10
1e+12 2.77639e+06 27.7639 1.56836e+10
1e+12 2.78707e+06 27.8707 1.55635e+10
1e+12 2.79779e+06 27.9779 1.54444e+10
1e+12 2.80855e+06 28.0855 1.53262e+10
1e+12 2.81936e+06 28.1936 1.52088e+10
1e+12 2.8302e+06 28.302 1.50924e+10
1e+12 2.84109e+06 28.4109 1.49768e+10
1e+12 2.85201e+06 28.5201 1.48622e+10
1e+12 2.86298e+06 28.6298 1.47484e+10
1e+12 2.874e+06 28.74 1.46354e+10
1e+12 2.88505e+06 28.8505 1.45234e+10
1e+12 2.89615e+06 28.9615 1.44122e+10
1e+12 2.90729e+06 29.0729 1.43019e+10
1e+12 2.91847e+06 29.1847 1.41924e+10
1e+12 2.92969e+06 29.2969 1.40838e+10
1e+12 2.94096e+06 29.4096 1.3976e+10
1e+12 2.95227e+06 29.5227 1.3869e+10
1e+12 2.96363e+06 29.6363 1.37627e+10
1e+12 2.97503e+06 29.7503 1.36574e+10
1e+12 2.98647e+06 29.8647 1.35528e+10
1e+12 2.99796e+06 29.9796 1.3449e+10
1e+12 3.00949e+06 30.0949 1.33461e+10
1e+12 3.02106e+06 30.2106 1.3244e+10
1e+12 3.03268e+06 30.3268 1.31426e+10
1e+12 3.04435e+06 30.4435 1.30419e+10
1e+12 3.05606e+06 30.5606 1.2942e+10
1e+12 3.06781e+06 30.6781 1.2843e+10
1e+12 3.07961e+06 30.7961 1.27447e+10
1e+12 3.09146e+06 30.9146 1.2647e+10
1e+12 3.10335e+06 31.0335 1.25502e+10
1e+12 3.11529e+06 31.1529 1.24541e+10
1e+12 3.12727e+06 31.2727 1.23588e+10
1e+12 3.1393e+06 31.393 1.22641e+10
1e+12 3.15137e+06 31.5137 1.21703e+10
1e+12 3.16349e+06 31.6349 1.20771e+10
1e+12 3.17566e+06 31.7566 1.19846e+10
1e+12 3.18787e+06 31.8787 1.18929e+10
1e+12 3.20014e+06 32.0014 1.18018e+10
1e+12 3.21244e+06 32.1244 1.17115e+10
1e+12 3.2248e+06 32.248 1.16218e+10
1e+12 3.2372e+06 32.372 1.15328e+10
1e+12 3.24966e+06 32.4966 1.14444e+10
1e+12 3.26215e+06 32.6215 1.13569e+10
1e+12 3.2747e+06 32.747 1.12699e+10
1e+12 3.2873e+06 32.873 1.11836e+10
1e+12 3.29994e+06 32.9994 1.1098e+10
1e+12 3.31263e+06 33.1263 1.1013e+10
1e+12 3.32537e+06 33.2537 1.09287e+10
1e+12 3.33817e+06 33.3817 1.0845e+10
1e+12 3.351e+06 33.51 1.0762e+10
1e+12 3.36389e+06 33.6389 1.06796e+10
1e+12 3.37683e+06 33.7683 1.05978e+10
1e+12 3.38982e+06 33.8982 1.05166e+10
1e+12 3.40286e+06 34.0286 1.04361e+10
1e+12 3.41595e+06 34.1595 1.03562e+10
1e+12 3.42909e+06 34.2909 1.02769e+10
1e+12 3.44228e+06 34.4228 1.01982e+10
1e+12 3.45552e+06 34.5552 1.01201e+10
1e+12 3.46881e+06 34.6881 1.00426e+10
1e+12 3.48215e+06 34.8215 9.96572e+09
1e+12 3.49554e+06 34.9554 9.88943e+09
1e+12 3.50899e+06 35.0899 9.81368e+09
1e+12 3.52248e+06 35.2248 9.73857e+09
1e+12 3.53603e+06 35.3603 9.66399e+09
1e+12 3.54963e+06 35.4963 9.58999e+09
1e+12 3.56329e+06 35.6329 9.51652e+09
1e+12 3.57699e+06 35.7699 9.44368e+09
1e+12 3.59075e+06 35.9075 9.37135e+09
1e+12 3.60456e+06 36.0456 9.2996e+09
1e+12 3.61842e+06 36.1842 9.22841e+09
1e+12 3.63234e+06 36.3234 9.15773e+09
1e+12 3.64631e+06 36.4631 9.0876e+09
1e+12 3.66034e+06 36.6034 9.01799e+09
1e+12 3.67442e+06 36.7442 8.94893e+09
1e+12 3.68855e+06 36.8855 8.88041e+09
1e+12 3.70274e+06 37.0274 8.81239e+09
1e+12 3.71698e+06 37.1698 8.74492e+09
1e+12 3.73128e+06 37.3128 8.67794e+09
1e+12 3.74563e+06 37.4563 8.61149e+09
1e+12 3.76003e+06 37.6003 8.54557e+09
1e+12 3.7745e+06 37.745 8.4801e+09
1e+12 3.78901e+06 37.8901 8.41519e+09
1e+12 3.80359e+06 38.0359 8.35072e+09
1e+12 3.81822e+06 38.1822 8.28677e+09
1e+12 3.8329e+06 38.329 8.22333e+09
1e+12 3.84765e+06 38.4765 8.16033e+09
1e+12 3.86244e+06 38.6244 8.09787e+09
1e+12 3.8773e+06 38.773 8.03584e+09
1e+12 3.89221e+06 38.9221 7.97431e+09
1e+12 3.90718e+06 39.0718 7.91325e+09
1e+12 3.92221e+06 39.2221 7.85264e+09
1e+12 3.9373e+06 39.373 7.79248e+09
1e+12 3.95244e+06 39.5244 7.73282e+09
1e+12 3.96765e+06 39.6765 7.67357e+09
1e+12 3.98291e+06 39.8291 7.6148e+09
1e+12 3.99823e+06 39.9823 7.55648e+09
1e+12 4.0136e+06 40.136 7.49864e+09
1e+12 4.02904e+06 40.2904 7.44121e+09
1e+12 4.04454e+06 40.4454 7.3842e+09
1e+12 4.06009e+06 40.6009 7.32768e+09
1e+12 4.07571e+06 40.7571 7.27154e+09
1e+12 4.09139e+06 40.9139 7.21584e+09
1e+12 4.10712e+06 41.0712 7.1606e+09
1e+12 4.12292e+06 41.2292 7.10575e+09
1e+12 4.13878e+06 41.3878 7.05132e+09
1e+12 4.1547e+06 41.547 6.99731e+09
1e+12 4.17068e+06 41.7068 6.94372e+09
1e+12 4.18672e+06 41.8672 6.89054e+09
1e+12 4.20282e+06 42.0282 6.83778e+09
1e+12 4.21899e+06 42.1899 6.78539e+09
1e+12 4.23522e+06 42.3522 6.73341e+09
1e+12 4.25151e+06 42.5151 6.68184e+09
1e+12 4.26786e+06 42.6786 6.63067e+09
1e+12 4.28427e+06 42.8427 6.5799e+09
1e+12 4.30075e+06 43.0075 6.5295e+09
1e+12 4.3173e+06 43.173 6.47946e+09
1e+12 4.3339e+06 43.339 6.42985e+09
1e+12 4.35057e+06 43.5057 6.3806e+09
1e+12 4.3673e+06 43.673 6.33174e+09
1e+12 4.3841e+06 43.841 6.28324e+09
1e+12 4.40096e+06 44.0096 6.23512e+09
1e+12 4.41789e+06 44.1789 6.18735e+09
1e+12 4.43488e+06 44.3488 6.13997e+09
1e+12 4.45194e+06 44.5194 6.09293e+09
1e+12 4.46907e+06 44.6907 6.04624e+09
1e+12 4.48626e+06 44.8626 5.99993e+09
1e+12 4.50351e+06 45.0351 5.95399e+09
1e+12 4.52083e+06 45.2083 5.90838e+09
1e+12 4.53822e+06 45.3822 5.86312e+09
1e+12 4.55568e+06 45.5568 5.8182e+09
1e+12 4.5732e+06 45.732 5.77364e+09
1e+12 4.59079e+06 45.9079 5.72941e+09
1e+12 4.60845e+06 46.0845 5.68552e+09
1e+12 4.62617e+06 46.2617 5.64198e+09
1e+12 4.64397e+06 46.4397 5.59875e+09
1e+12 4.66183e+06 46.6183 5.55587e+09
1e+12 4.67976e+06 46.7976 5.51331e+09
1e+12 4.69776e+06 46.9776 5.47107e+09
1e+12 4.71583e+06 47.1583 5.42916e+09
1e+12 4.73397e+06 47.3397 5.38757e+09
1e+12 4.75217e+06 47.5217 5.34632e+09
1e+12 4.77045e+06 47.7045 5.30536e+09
1e+12 4.7888e+06 47.888 5.26471e+09
1e+12 4.80722e+06 48.0722 5.22438e+09
1e+12 4.82571e+06 48.2571 5.18436e+09
1e+12 4.84427e+06 48.4427 5.14465e+09
1e+12 4.8629e+06 48.629 5.10524e+09
1e+12 4.88161e+06 48.8161 5.06612e+09
1e+12 4.90038e+06 49.0038 5.02732e+09
1e+12 4.91923e+06 49.1923 4.9888e+09
1e+12 4.93815e+06 49.3815 4.95059e+09
1e+12 4.95715e+06 49.5715 4.91265e+09
1e+12 4.97621e+06 49.7621 4.87503e+09
1e+12 4.99535e+06 49.9535 4.83768e+09
1e+12 5.01457e+06 50.1457 4.8006e+09
1e+12 5.03385e+06 50.3385 4.76384e+09
1e+12 5.05322e+06 50.5322 4.72733e+09
1e+12 5.07265e+06 50.7265 4.69112e+09
1e+12 5.09216e+06 50.9216 4.65518e+09
1e+12 5.11175e+06 51.1175 4.61951e+09
1e+12 5.13141e+06 51.3141 4.58412e+09
1e+12 5.15115e+06 51.5115 4.549e+09
1e+12 5.17096e+06 51.7096 4.51415e+09
1e+12 5.19085e+06 51.9085 4.47956e+09
1e+12 5.21081e+06 52.1081 4.44525e+09
1e+12 5.23086e+06 52.3086 4.41118e+09
1e+12 5.25098e+06 52.5098 4.37738e+09
1e+12 5.27117e+06 52.7117 4.34386e+09
1e+12 5.29145e+06 52.9145 4.31057e+09
1e+12 5.3118e+06 53.118 4.27754e+09
1e+12 5.33223e+06 53.3223 4.24477e+09
1e+12 5.35274e+06 53.5274 4.21225e+09
1e+12 5.37333e+06 53.7333 4.17997e+09
1e+12 5.394e+06 53.94 4.14794e+09
1e+12 5.41474e+06 54.1474 4.11617e+09
1e+12 5.43557e+06 54.3557 4.08463e+09
1e+12 5.45648e+06 54.5648 4.05332e+09
1e+12 5.47746e+06 54.7746 4.02228e+09
1e+12 5.49853e+06 54.9853 3.99145e+09
1e+12 5.51968e+06 55.1968 3.96087e+09
1e+12 5.54091e+06 55.4091 3.93052e+09
1e+12 5.56222e+06 55.6222 3.90041e+09
1e+12 5.58362e+06 55.8362 3.87051e+09
1e+12 5.60509e+06 56.0509 3.84086e+09
1e+12 5.62665e+06 56.2665 3.81143e+09
1e+12 5.64829e+06 56.4829 3.78223e+09
1e+12 5.67002e+06 56.7002 3.75324e+09
1e+12 5.69183e+06 56.9183 3.72447e+09
1e+12 5.71372e+06 57.1372 3.69594e+09
1e+12 5.7357e+06 57.357 3.66761e+09
1e+12 5.75776e+06 57.5776 3.63951e+09
1e+12 5.7799e+06 57.799 3.61163e+09
1e+12 5.80214e+06 58.0214 3.58394e+09
1e+12 5.82445e+06 58.2445 3.55648e+09
1e+12 5.84685e+06 58.4685 3.52923e+09
1e+12 5.86934e+06 58.6934 3.50219e+09
1e+12 5.89192e+06 58.9192 3.47534e+09
1e+12 5.91458e+06 59.1458 3.44871e+09
1e+12 5.93733e+06 59.3733 3.42228e+09
1e+12 5.96017e+06 59.6017 3.39605e+09
1e+12 5.98309e+06 59.8309 3.37003e+09
1e+12 6.0061e+06 60.061 3.34421e+09
1e+12 6.02921e+06 60.2921 3.31857e+09
1e+12 6.0524e+06 60.524 3.29314e+09
1e+12 6.07567e+06 60.7567 3.26791e+09
1e+12 6.09904e+06 60.9904 3.24287e+09
1e+12 6.1225e+06 61.225 3.21801e+09
1e+12 6.14605e+06 61.4605 3.19335e+09
1e+12 6.16969e+06 61.6969 3.16888e+09
1e+12 6.19342e+06 61.9342 3.14459e+09
1e+12 6.21724e+06 62.1724 3.12049e+09
1e+12 6.24116e+06 62.4116 3.09657e+09
1e+12 6.26516e+06 62.6516 3.07284e+09
1e+12 6.28926e+06 62.8926 3.04929e+09
1e+12 6.31345e+06 63.1345 3.02592e+09
1e+12 6.33773e+06 63.3773 3.00273e+09
1e+12 6.36211e+06 63.6211 2.97971e+09
1e+12 6.38658e+06 63.8658 2.95687e+09
1e+12 6.41115e+06 64.1115 2.93421e+09
1e+12 6.4358e+06 64.358 2.91173e+09
1e+12 6.46056e+06 64.6056 2.8894e+09
1e+12 6.48541e+06 64.8541 2.86726e+09
1e+12 6.51035e+06 65.1035 2.84528e+09
1e+12 6.53539e+06 65.3539 2.82348e+09
1e+12 6.56053e+06 65.6053 2.80183e+09
1e+12 6.58576e+06 65.8576 2.78036e+09
1e+12 6.6111e+06 66.111 2.75904e+09
1e+12 6.63652e+06 66.3652 2.7379e+09
1e+12 6.66205e+06 66.6205 2.71691e+09
1e+12 6.68767e+06 66.8767 2.69609e+09
1e+12 6.7134e+06 67.134 2.67541e+09
1e+12 6.73922e+06 67.3922 2.65491e+09
1e+12 6.76514e+06 67.6514 2.63456e+09
1e+12 6.79116e+06 67.9116 2.61436e+09
1e+12 6.81728e+06 68.1728 2.59432e+09
1e+12 6.8435e+06 68.435 2.57444e+09
1e+12 6.86982e+06 68.6982 2.5547e+09
1e+12 6.89625e+06 68.9625 2.53511e+09
1e+12 6.92277e+06 69.2277 2.51568e+09
1e+12 6.9494e+06 69.494 2.4964e+09
1e+12 6.97613e+06 69.7613 2.47726e+09
1e+12 7.00296e+06 70.0296 2.45827e+09
1e+12 7.0299e+06 70.299 2.43942e+09
1e+12 7.05694e+06 70.5694 2.42072e+09
1e+12 7.08408e+06 70.8408 2.40217e+09
1e+12 7.11133e+06 71.1133 2.38375e+09
1e+12 7.13868e+06 71.3868 2.36547e+09
1e+12 7.16614e+06 71.6614 2.34734e+09
1e+12 7.1937e+06 71.937 2.32934e+09
1e+12 7.22137e+06 72.2137 2.31149e+09
1e+12 7.24914e+06 72.4914 2.29377e+09
1e+12 7.27703e+06 72.7703 2.27618e+09
1e+12 7.30502e+06 73.0502 2.25873e+09
1e+12 7.33311e+06 73.3311 2.24141e+09
1e+12 7.36132e+06 73.6132 2.22423e+09
1e+12 7.38963e+06 73.8963 2.20718e+09
1e+12 7.41806e+06 74.1806 2.19025e+09
1e+12 7.44659e+06 74.4659 2.17346e+09
1e+12 7.47523e+06 74.7523 2.15679e+09
1e+12 7.50398e+06 75.0398 2.14026e+09
1e+12 7.53284e+06 75.3284 2.12385e+09
1e+12 7.56182e+06 75.6182 2.10756e+09
1e+12 7.5909e+06 75.909 2.09141e+09
1e+12 7.6201e+06 76.201 2.07537e+09
1e+12 7.64941e+06 76.4941 2.05945e+09
1e+12 7.67883e+06 76.7883 2.04366e+09
1e+12 7.70837e+06 77.0837 2.02799e+09
1e+12 7.73801e+06 77.3801 2.01244e+09
1e+12 7.76778e+06 77.6778 1.99701e+09
1e+12 7.79765e+06 77.9765 1.9817e+09
1e+12 7.82765e+06 78.2765 1.9665e+09
1e+12 7.85775e+06 78.5775 1.95143e+09
1e+12 7.88798e+06 78.8798 1.93646e+09
1e+12 7.91832e+06 79.1832 1.92161e+09
1e+12 7.94877e+06 79.4877 1.90688e+09
1e+12 7.97935e+06 79.7935 1.89225e+09
1e+12 8.01004e+06 80.1004 1.87774e+09
1e+12 8.04085e+06 80.4085 1.86334e+09
1e+12 8.07177e+06 80.7177 1.84905e+09
1e+12 8.10282e+06 81.0282 1.83487e+09
1e+12 8.13399e+06 81.3399 1.8208e+09
1e+12 8.16527e+06 81.6527 1.80684e+09
1e+12 8.19668e+06 81.9668 1.79298e+09
1e+12 8.2282e+06 82.282 1.77923e+09
1e+12 8.25985e+06 82.5985 1.76559e+09
1e+12 8.29162e+06 82.9162 1.75205e+09
1e+12 8.32352e+06 83.2352 1.73861e+09
1e+12 8.35553e+06 83.5553 1.72527e+09
1e+12 8.38767e+06 83.8767 1.71204e+09
1e+12 8.41993e+06 84.1993 1.69891e+09
1e+12 8.45231e+06 84.5231 1.68588e+09
1e+12 8.48482e+06 84.8482 1.67295e+09
1e+12 8.51746e+06 85.1746 1.66012e+09
1e+12 8.55022e+06 85.5022 1.64739e+09
1e+12 8.58311e+06 85.8311 1.63475e+09
1e+12 8.61612e+06 86.1612 1.62221e+09
1e+12 8.64926e+06 86.4926 1.60977e+09
1e+12 8.68253e+06 86.8253 1.59742e+09
1e+12 8.71592e+06 87.1592 1.58517e+09
1e+12 8.74945e+06 87.4945 1.57301e+09
1e+12 8.7831e+06 87.831 1.56095e+09
1e+12 8.81688e+06 88.1688 1.54897e+09
1e+12 8.8508e+06 88.508 1.53709e+09
1e+12 8.88484e+06 88.8484 1.5253e+09
1e+12 8.91901e+06 89.1901 1.5136e+09
1e+12 8.95332e+06 89.5332 1.50199e+09
1e+12 8.98775e+06 89.8775 1.49047e+09
1e+12 9.02232e+06 90.2232 1.47904e+09
1e+12 9.05703e+06 90.5703 1.46769e+09
1e+12 9.09186e+06 90.9186 1.45643e+09
1e+12 9.12683e+06 91.2683 1.44526e+09
1e+12 9.16194e+06 91.6194 1.43417e+09
1e+12 9.19718e+06 91.9718 1.42317e+09
1e+12 9.23255e+06 92.3255 1.41225e+09
1e+12 9.26806e+06 92.6806 1.40142e+09
1e+12 9.30371e+06 93.0371 1.39067e+09
1e+12 9.3395e+06 93.395 1.37999e+09
1e+12 9.37542e+06 93.7542 1.36941e+09
1e+12 9.41148e+06 94.1148 1.3589e+09
1e+12 9.44768e+06 94.4768 1.34848e+09
1e+12 9.48402e+06 94.8402 1.33813e+09
1e+12 9.5205e+06 95.205 1.32786e+09
1e+12 9.55711e+06 95.5711 1.31768e+09
1e+12 9.59387e+06 95.9387 1.30757e+09
1e+12 9.63077e+06 96.3077 1.29754e+09
1e+12 9.66782e+06 96.6782 1.28758e+09
1e+12 9.705e+06 97.05 1.2777e+09
1e+12 9.74233e+06 97.4233 1.2679e+09
1e+12 9.7798e+06 97.798 1.25817e+09
1e+12 9.81742e+06 98.1742 1.24851e+09
1e+12 9.85518e+06 98.5518 1.23893e+09
1e+12 9.89309e+06 98.9309 1.22943e+09
1e+12 9.93114e+06 99.3114 1.21999e+09
1e+12 9.96934e+06 99.6934 1.21063e+09
1e+12 1.00077e+07 100.077 1.20134e+09
1e+12 1.00462e+07 100.462 1.19212e+09
1e+12 1.00848e+07 100.848 1.18298e+09
1e+12 1.01236e+07 101.236 1.1739e+09
1e+12 1.01625e+07 101.625 1.1649e+09
1e+12 1.02016e+07 102.016 1.15596e+09
1e+12 1.02409e+07 102.409 1.14707e+09
1e+12 1.02803e+07 102.803 1.13827e+09
1e+12 1.03198e+07 103.198 1.12954e+09
1e+12 1.03595e+07 103.595 1.12087e+09
1e+12 1.03993e+07 103.993 1.11228e+09
1e+12 1.04393e+07 104.393 1.10374e+09
1e+12 1.04795e+07 104.795 1.09526e+09
1e+12 1.05198e+07 105.198 1.08686e+09
1e+12 1.05603e+07 105.603 1.07851e+09
1e+12 1.06009e+07 106.009 1.07023e+09
1e+12 1.06417e+07 106.417 1.06202e+09
1e+12 1.06826e+07 106.826 1.05387e+09
1e+12 1.07237e+07 107.237 1.04578e+09
1e+12 1.07649e+07 107.649 1.03776e+09
1e+12 1.08063e+07 108.063 1.0298e+09
1e+12 1.08479e+07 108.479 1.02189e+09
1e+12 1.08896e+07 108.896 1.01405e+09
1e+12 1.09315e+07 109.315 1.00626e+09
1e+12 1.09735e+07 109.735 9.98545e+08
1e+12 1.10157e+07 110.157 9.90882e+08
1e+12 1.10581e+07 110.581 9.83271e+08
1e+12 1.11007e+07 111.007 9.75711e+08
1e+12 1.11433e+07 111.433 9.68238e+08
1e+12 1.11862e+07 111.862 9.60799e+08
1e+12 1.12292e+07 112.292 9.53428e+08
1e+12 1.12724e+07 112.724 9.46107e+08
1e+12 1.13158e+07 113.158 9.38837e+08
1e+12 1.13593e+07 113.593 9.31634e+08
1e+12 1.1403e+07 114.03 9.2448e+08
1e+12 1.14469e+07 114.469 9.17376e+08
1e+12 1.14909e+07 114.909 9.10338e+08
1e+12 1.15351e+07 115.351 9.03349e+08
1e+12 1.15794e+07 115.794 8.96424e+08
1e+12 1.1624e+07 116.24 8.89532e+08
1e+12 1.16687e+07 116.687 8.82704e+08
1e+12 1.17136e+07 117.136 8.75924e+08
1e+12 1.17586e+07 117.586 8.69207e+08
1e+12 1.18039e+07 118.039 8.62523e+08
1e+12 1.18493e+07 118.493 8.559e+08
1e+12 1.18948e+07 118.948 8.4934e+08
1e+12 1.19406e+07 119.406 8.42811e+08
1e+12 1.19865e+07 119.865 8.36344e+08
1e+12 1.20326e+07 120.326 8.29922e+08
1e+12 1.20789e+07 120.789 8.23547e+08
1e+12 1.21254e+07 121.254 8.17218e+08
1e+12 1.2172e+07 121.72 8.10948e+08
1e+12 1.22188e+07 122.188 8.04723e+08
1e+12 1.22658e+07 122.658 7.98543e+08
1e+12 1.2313e+07 123.13 7.92408e+08
1e+12 1.23603e+07 123.603 7.8633e+08
1e+12 1.24079e+07 124.079 7.80284e+08
1e+12 1.24556e+07 124.556 7.74295e+08
1e+12 1.25035e+07 125.035 7.6835e+08
1e+12 1.25516e+07 125.516 7.62448e+08
1e+12 1.25999e+07 125.999 7.5659e+08
1e+12 1.26484e+07 126.484 7.50775e+08
1e+12 1.2697e+07 126.97 7.45015e+08
1e+12 1.27458e+07 127.458 7.39297e+08
1e+12 1.27949e+07 127.949 7.33611e+08
1e+12 1.28441e+07 128.441 7.27978e+08
1e+12 1.28935e+07 128.935 7.22386e+08
1e+12 1.29431e+07 129.431 7.16837e+08
1e+12 1.29929e+07 129.929 7.11329e+08
1e+12 1.30428e+07 130.428 7.05874e+08
1e+12 1.3093e+07 130.93 7.00448e+08
1e+12 1.31434e+07 131.434 6.95064e+08
1e+12 1.31939e+07 131.939 6.8973e+08
1e+12 1.32447e+07 132.447 6.84427e+08
1e+12 1.32956e+07 132.956 6.79174e+08
1e+12 1.33467e+07 133.467 6.7396e+08
1e+12 1.33981e+07 133.981 6.68777e+08
1e+12 1.34496e+07 134.496 6.63643e+08
1e+12 1.35013e+07 135.013 6.58547e+08
1e+12 1.35533e+07 135.533 6.53482e+08
1e+12 1.36054e+07 136.054 6.48464e+08
1e+12 1.36577e+07 136.577 6.43485e+08
1e+12 1.37103e+07 137.103 6.38535e+08
1e+12 1.3763e+07 137.63 6.33633e+08
1e+12 1.38159e+07 138.159 6.28768e+08
1e+12 1.38691e+07 138.691 6.23932e+08
1e+12 1.39224e+07 139.224 6.19142e+08
1e+12 1.3976e+07 139.76 6.14381e+08
1e+12 1.40297e+07 140.297 6.09665e+08
1e+12 1.40837e+07 140.837 6.04977e+08
1e+12 1.41379e+07 141.379 6.00326e+08
1e+12 1.41922e+07 141.922 5.9572e+08
1e+12 1.42468e+07 142.468 5.91142e+08
1e+12 1.43016e+07 143.016 5.86599e+08
1e+12 1.43566e+07 143.566 5.82092e+08
1e+12 1.44118e+07 144.118 5.77621e+08
1e+12 1.44673e+07 144.673 5.73177e+08
1e+12 1.45229e+07 145.229 5.68776e+08
1e+12 1.45788e+07 145.788 5.64402e+08
1e+12 1.46349e+07 146.349 5.60062e+08
1e+12 1.46911e+07 146.911 5.55765e+08
1e+12 1.47477e+07 147.477 5.51487e+08
1e+12 1.48044e+07 148.044 5.47251e+08
1e+12 1.48613e+07 148.613 5.43048e+08
1e+12 1.49185e+07 149.185 5.38871e+08
1e+12 1.49759e+07 149.759 5.34728e+08
1e+12 1.50335e+07 150.335 5.30619e+08
1e+12 1.50913e+07 150.913 5.26542e+08
1e+12 1.51493e+07 151.493 5.22498e+08
1e+12 1.52076e+07 152.076 5.1848e+08
1e+12 1.52661e+07 152.661 5.14494e+08
1e+12 1.53248e+07 153.248 5.10541e+08
1e+12 1.53838e+07 153.838 5.06613e+08
1e+12 1.54429e+07 154.429 5.02723e+08
1e+12 1.55023e+07 155.023 4.98858e+08
1e+12 1.5562e+07 155.62 4.95019e+08
1e+12 1.56218e+07 156.218 4.91217e+08
1e+12 1.56819e+07 156.819 4.8744e+08
1e+12 1.57422e+07 157.422 4.83694e+08
1e+12 1.58028e+07 158.028 4.79972e+08
1e+12 1.58635e+07 158.635 4.76287e+08
1e+12 1.59246e+07 159.246 4.72621e+08
1e+12 1.59858e+07 159.858 4.6899e+08
1e+12 1.60473e+07 160.473 4.65383e+08
1e+12 1.6109e+07 161.09 4.61807e+08
1e+12 1.6171e+07 161.71 4.58254e+08
1e+12 1.62332e+07 162.332 4.5473e+08
1e+12 1.62956e+07 162.956 4.51236e+08
1e+12 1.63583e+07 163.583 4.47765e+08
1e+12 1.64212e+07 164.212 4.44323e+08
1e+12 1.64844e+07 164.844 4.40904e+08
1e+12 1.65478e+07 165.478 4.37514e+08
1e+12 1.66114e+07 166.114 4.34152e+08
1e+12 1.66753e+07 166.753 4.30814e+08
1e+12 1.67395e+07 167.395 4.27497e+08
1e+12 1.68038e+07 168.038 4.24214e+08
1e+12 1.68685e+07 168.685 4.20948e+08
1e+12 1.69334e+07 169.334 4.1771e+08
1e+12 1.69985e+07 169.985 4.14499e+08
1e+12 1.70639e+07 170.639 4.11311e+08
1e+12 1.71295e+07 171.295 4.08149e+08
1e+12 1.71954e+07 171.954 4.05009e+08
1e+12 1.72615e+07 172.615 4.01896e+08
1e+12 1.73279e+07 173.279 3.98804e+08
1e+12 1.73946e+07 173.946 3.95734e+08
1e+12 1.74615e+07 174.615 3.92691e+08
1e+12 1.75286e+07 175.286 3.89673e+08
1e+12 1.7596e+07 175.96 3.86676e+08
1e+12 1.76637e+07 176.637 3.83701e+08
1e+12 1.77317e+07 177.317 3.80747e+08
1e+12 1.77999e+07 177.999 3.77818e+08
1e+12 1.78683e+07 178.683 3.74914e+08
1e+12 1.79371e+07 179.371 3.72027e+08
1e+12 1.80061e+07 180.061 3.69165e+08
1e+12 1.80753e+07 180.753 3.66327e+08
1e+12 1.81448e+07 181.448 3.63509e+08
1e+12 1.82146e+07 182.146 3.60712e+08
1e+12 1.82847e+07 182.847 3.57936e+08
1e+12 1.8355e+07 183.55 3.55183e+08
1e+12 1.84256e+07 184.256 3.5245e+08
1e+12 1.84965e+07 184.965 3.49737e+08
1e+12 1.85676e+07 185.676 3.47047e+08
1e+12 1.8639e+07 186.39 3.44378e+08
1e+12 1.87107e+07 187.107 3.41727e+08
1e+12 1.87827e+07 187.827 3.39097e+08
1e+12 1.88549e+07 188.549 3.36489e+08
1e+12 1.89275e+07 189.275 3.33897e+08
1e+12 1.90003e+07 190.003 3.31327e+08
1e+12 1.90733e+07 190.733 3.2878e+08
1e+12 1.91467e+07 191.467 3.26249e+08
1e+12 1.92203e+07 192.203 3.23739e+08
1e+12 1.92943e+07 192.943 3.21245e+08
1e+12 1.93685e+07 193.685 3.18773e+08
1e+12 1.9443e+07 194.43 3.1632e+08
1e+12 1.95178e+07 195.178 3.13884e+08
1e+12 1.95928e+07 195.928 3.11471e+08
1e+12 1.96682e+07 196.682 3.09072e+08
1e+12 1.97438e+07 197.438 3.06695e+08
1e+12 1.98198e+07 198.198 3.04332e+08
1e+12 1.9896e+07 198.96 3.0199e+08
1e+12 1.99725e+07 199.725 2.99666e+08
1e+12 2.00494e+07 200.494 2.97357e+08
1e+12 2.01265e+07 201.265 2.95069e+08
1e+12 2.02039e+07 202.039 2.92797e+08
1e+12 2.02816e+07 202.816 2.90543e+08
1e+12 2.03596e+07 203.596 2.88307e+08
1e+12 2.04379e+07 204.379 2.86088e+08
1e+12 2.05165e+07 205.165 2.83885e+08
1e+12 2.05954e+07 205.954 2.817e+08
1e+12 2.06747e+07 206.747 2.79529e+08
1e+12 2.07542e+07 207.542 2.77377e+08
1e+12 2.0834e+07 208.34 2.75242e+08
1e+12 2.09141e+07 209.141 2.73123e+08
1e+12 2.09946e+07 209.946 2.71019e+08
1e+12 2.10753e+07 210.753 2.68933e+08
1e+12 2.11564e+07 211.564 2.66861e+08
1e+12 2.12378e+07 212.378 2.64805e+08
1e+12 2.13195e+07 213.195 2.62766e+08
1e+12 2.14015e+07 214.015 2.60742e+08
1e+12 2.14838e+07 214.838 2.58734e+08
1e+12 2.15664e+07 215.664 2.56742e+08
1e+12 2.16494e+07 216.494 2.54764e+08
1e+12 2.17326e+07 217.326 2.52803e+08
1e+12 2.18162e+07 218.162 2.50856e+08
1e+12 2.19001e+07 219.001 2.48924e+08
1e+12 2.19844e+07 219.844 2.47005e+08
1e+12 2.20689e+07 220.689 2.45103e+08
1e+12 2.21538e+07 221.538 2.43215e+08
1e+12 2.2239e+07 222.39 2.41342e+08
1e+12 2.23246e+07 223.246 2.39481e+08
1e+12 2.24104e+07 224.104 2.37638e+08
1e+12 2.24966e+07 224.966 2.35807e+08
1e+12 2.25832e+07 225.832 2.33989e+08
1e+12 2.267e+07 226.7 2.32187e+08
1e+12 2.27572e+07 227.572 2.30398e+08
1e+12 2.28447e+07 228.447 2.28624e+08
1e+12 2.29326e+07 229.326 2.26861e+08
1e+12 2.30208e+07 230.208 2.25113e+08
1e+12 2.31094e+07 231.094 2.23378e+08
1e+12 2.31982e+07 231.982 2.21658e+08
1e+12 2.32875e+07 232.875 2.19949e+08
1e+12 2.3377e+07 233.77 2.18255e+08
1e+12 2.3467e+07 234.67 2.16572e+08
1e+12 2.35572e+07 235.572 2.14904e+08
1e+12 2.36478e+07 236.478 2.13248e+08
1e+12 2.37388e+07 237.388 2.11603e+08
1e+12 2.38301e+07 238.301 2.09973e+08
1e+12 2.39217e+07 239.217 2.08355e+08
1e+12 2.40138e+07 240.138 2.06748e+08
1e+12 2.41061e+07 241.061 2.05155e+08
1e+12 2.41988e+07 241.988 2.03574e+08
1e+12 2.42919e+07 242.919 2.02005e+08
1e+12 2.43854e+07 243.854 2.00446e+08
1e+12 2.44791e+07 244.791 1.98903e+08
1e+12 2.45733e+07 245.733 1.97369e+08
1e+12 2.46678e+07 246.678 1.95847e+08
1e+12 2.47627e+07 247.627 1.94337e+08
1e+12 2.48579e+07 248.579 1.92839e+08
1e+12 2.49536e+07 249.536 1.91351e+08
1e+12 2.50495e+07 250.495 1.89877e+08
1e+12 2.51459e+07 251.459 1.88412e+08
1e+12 2.52426e+07 252.426 1.8696e+08
1e+12 2.53397e+07 253.397 1.85518e+08
1e+12 2.54372e+07 254.372 1.84087e+08
1e+12 2.5535e+07 255.35 1.82668e+08
1e+12 2.56332e+07 256.332 1.8126e+08
1e+12 2.57318e+07 257.318 1.79862e+08
1e+12 2.58308e+07 258.308 1.78474e+08
1e+12 2.59301e+07 259.301 1.77098e+08
1e+12 2.60299e+07 260.299 1.75732e+08
1e+12 2.613e+07 261.3 1.74376e+08
1e+12 2.62305e+07 262.305 1.73032e+08
1e+12 2.63314e+07 263.314 1.71697e+08
1e+12 2.64327e+07 264.327 1.70372e+08
1e+12 2.65343e+07 265.343 1.69059e+08
1e+12 2.66364e+07 266.364 1.67754e+08
1e+12 2.67388e+07 267.388 1.66461e+08
1e+12 2.68417e+07 268.417 1.65176e+08
1e+12 2.69449e+07 269.449 1.63902e+08
1e+12 2.70486e+07 270.486 1.62637e+08
1e+12 2.71526e+07 271.526 1.61382e+08
1e+12 2.7257e+07 272.57 1.60138e+08
1e+12 2.73619e+07 273.619 1.58901e+08
1e+12 2.74671e+07 274.671 1.57676e+08
1e+12 2.75728e+07 275.728 1.56459e+08
1e+12 2.76788e+07 276.788 1.55252e+08
1e+12 2.77853e+07 277.853 1.54053e+08
1e+12 2.78921e+07 278.921 1.52865e+08
1e+12 2.79994e+07 279.994 1.51685e+08
1e+12 2.81071e+07 281.071 1.50515e+08
1e+12 2.82152e+07 282.152 1.49353e+08
1e+12 2.83237e+07 283.237 1.48201e+08
1e+12 2.84327e+07 284.327 1.47056e+08
1e+12 2.8542e+07 285.42 1.45922e+08
1e+12 2.86518e+07 286.518 1.44795e+08
1e+12 2.8762e+07 287.62 1.43678e+08
1e+12 2.88727e+07 288.727 1.42568e+08
1e+12 2.89837e+07 289.837 1.41468e+08
1e+12 2.90952e+07 290.952 1.40375e+08
1e+12 2.92071e+07 292.071 1.39292e+08
1e+12 2.93194e+07 293.194 1.38217e+08
1e+12 2.94322e+07 294.322 1.37149e+08
1e+12 2.95454e+07 295.454 1.3609e+08
1e+12 2.96591e+07 296.591 1.35039e+08
1e+12 2.97731e+07 297.731 1.33997e+08
1e+12 2.98877e+07 298.877 1.32962e+08
1e+12 3.00026e+07 300.026 1.31935e+08
1e+12 3.0118e+07 301.18 1.30917e+08
1e+12 3.02339e+07 302.339 1.29905e+08
1e+12 3.03501e+07 303.501 1.28903e+08
1e+12 3.04669e+07 304.669 1.27906e+08
1e+12 3.05841e+07 305.841 1.26918e+08
1e+12 3.07017e+07 307.017 1.25938e+08
1e+12 3.08198e+07 308.198 1.24966e+08
1e+12 3.09383e+07 309.383 1.24001e+08
1e+12 3.10573e+07 310.573 1.23043e+08
1e+12 3.11768e+07 311.768 1.22092e+08
1e+12 3.12967e+07 312.967 1.21149e+08
1e+12 3.14171e+07 314.171 1.20213e+08
1e+12 3.15379e+07 315.379 1.19284e+08
1e+12 3.16592e+07 316.592 1.18363e+08
1e+12 3.1781e+07 317.81 1.17448e+08
1e+12 3.19032e+07 319.032 1.16541e+08
1e+12 3.20259e+07 320.259 1.1564e+08
1e+12 3.21491e+07 321.491 1.14747e+08
1e+12 3.22728e+07 322.728 1.1386e+08
1e+12 3.23969e+07 323.969 1.1298e+08
1e+12 3.25215e+07 325.215 1.12107e+08
1e+12 3.26466e+07 326.466 1.1124e+08
1e+12 3.27722e+07 327.722 1.1038e+08
1e+12 3.28982e+07 328.982 1.09528e+08
1e+12 3.30248e+07 330.248 1.08681e+08
1e+12 3.31518e+07 331.518 1.07841e+08
1e+12 3.32793e+07 332.793 1.07007e+08
1e+12 3.34073e+07 334.073 1.0618e+08
1e+12 3.35358e+07 335.358 1.05359e+08
1e+12 3.36648e+07 336.648 1.04545e+08
1e+12 3.37943e+07 337.943 1.03736e+08
1e+12 3.39242e+07 339.242 1.02935e+08
1e+12 3.40547e+07 340.547 1.02139e+08
1e+12 3.41857e+07 341.857 1.01349e+08
1e+12 3.43172e+07 343.172 1.00565e+08
1e+12 3.44492e+07 344.492 9.97875e+07
1e+12 3.45817e+07 345.817 9.90158e+07
1e+12 3.47147e+07 347.147 9.82502e+07
1e+12 3.48482e+07 348.482 9.74905e+07
1e+12 3.49823e+07 349.823 9.67361e+07
1e+12 3.51168e+07 351.168 9.59882e+07
1e+12 3.52519e+07 352.519 9.52456e+07
1e+12 3.53875e+07 353.875 9.45089e+07
1e+12 3.55236e+07 355.236 9.37779e+07
1e+12 3.56602e+07 356.602 9.30526e+07
1e+12 3.57974e+07 357.974 9.23326e+07
1e+12 3.59351e+07 359.351 9.16182e+07
1e+12 3.60733e+07 360.733 9.09094e+07
1e+12 3.6212e+07 362.12 9.02063e+07
1e+12 3.63513e+07 363.513 8.95083e+07
1e+12 3.64911e+07 364.911 8.88158e+07
1e+12 3.66315e+07 366.315 8.81283e+07
1e+12 3.67724e+07 367.724 8.74464e+07
1e+12 3.69138e+07 369.138 8.67698e+07
1e+12 3.70558e+07 370.558 8.60982e+07
1e+12 3.71983e+07 371.983 8.5432e+07
1e+12 3.73414e+07 373.414 8.47707e+07
1e+12 3.7485e+07 374.85 8.41147e+07
1e+12 3.76292e+07 376.292 8.34635e+07
1e+12 3.77739e+07 377.739 8.28176e+07
1e+12 3.79192e+07 379.192 8.21765e+07
1e+12 3.80651e+07 380.651 8.15401e+07
1e+12 3.82115e+07 382.115 8.09089e+07
1e+12 3.83585e+07 383.585 8.02824e+07
1e+12 3.8506e+07 385.06 7.9661e+07
1e+12 3.86541e+07 386.541 7.90442e+07
1e+12 3.88028e+07 388.028 7.8432e+07
1e+12 3.8952e+07 389.52 7.78249e+07
1e+12 3.91019e+07 391.019 7.72219e+07
1e+12 3.92523e+07 392.523 7.66239e+07
1e+12 3.94032e+07 394.032 7.60308e+07
1e+12 3.95548e+07 395.548 7.54418e+07
1e+12 3.97069e+07 397.069 7.48576e+07
1e+12 3.98597e+07 398.597 7.42775e+07
1e+12 4.0013e+07 400.13 7.37022e+07
1e+12 4.01669e+07 401.669 7.31313e+07
1e+12 4.03214e+07 403.214 7.25647e+07
1e+12 4.04764e+07 404.764 7.20029e+07
1e+12 4.06321e+07 406.321 7.1445e+07
1e+12 4.07884e+07 407.884 7.08914e+07
1e+12 4.09453e+07 409.453 7.03421e+07
1e+12 4.11028e+07 411.028 6.9797e+07
1e+12 4.12609e+07 412.609 6.92561e+07
1e+12 4.14196e+07 414.196 6.87194e+07
1e+12 4.15789e+07 415.789 6.81869e+07
1e+12 4.17388e+07 417.388 6.76585e+07
1e+12 4.18994e+07 418.994 6.7134e+07
1e+12 4.20605e+07 420.605 6.66138e+07
1e+12 4.22223e+07 422.223 6.60974e+07
1e+12 4.23847e+07 423.847 6.5585e+07
1e+12 4.25477e+07 425.477 6.50767e+07
1e+12 4.27114e+07 427.114 6.4572e+07
1e+12 4.28757e+07 428.757 6.40714e+07
1e+12 4.30406e+07 430.406 6.35747e+07
1e+12 4.32061e+07 432.061 6.30819e+07
1e+12 4.33723e+07 433.723 6.25927e+07
1e+12 4.35391e+07 435.391 6.21074e+07
1e+12 4.37066e+07 437.066 6.16257e+07
1e+12 4.38747e+07 438.747 6.11478e+07
1e+12 4.40434e+07 440.434 6.06737e+07
1e+12 4.42129e+07 442.129 6.02029e+07
1e+12 4.43829e+07 443.829 5.97361e+07
1e+12 4.45536e+07 445.536 5.92727e+07
1e+12 4.4725e+07 447.25 5.88129e+07
1e+12 4.4897e+07 448.97 5.83567e+07
1e+12 4.50697e+07 450.697 5.79039e+07
1e+12 4.5243e+07 452.43 5.74548e+07
1e+12 4.54171e+07 454.171 5.70088e+07
1e+12 4.55918e+07 455.918 5.65665e+07
1e+12 4.57671e+07 457.671 5.61277e+07
1e+12 4.59431e+07 459.431 5.56922e+07
1e+12 4.61199e+07 461.199 5.52598e+07
1e+12 4.62972e+07 462.972 5.48312e+07
1e+12 4.64753e+07 464.753 5.44056e+07
1e+12 4.66541e+07 466.541 5.39832e+07
1e+12 4.68335e+07 468.335 5.35643e+07
1e+12 4.70137e+07 470.137 5.31483e+07
1e+12 4.71945e+07 471.945 5.27358e+07
1e+12 4.7376e+07 473.76 5.23265e+07
1e+12 4.75582e+07 475.582 5.19203e+07
1e+12 4.77412e+07 477.412 5.1517e+07
1e+12 4.79248e+07 479.248 5.1117e+07
1e+12 4.81091e+07 481.091 5.07202e+07
1e+12 4.82942e+07 482.942 5.03262e+07
1e+12 4.84799e+07 484.799 4.99355e+07
1e+12 4.86664e+07 486.664 4.95476e+07
1e+12 4.88536e+07 488.536 4.91627e+07
1e+12 4.90415e+07 490.415 4.87809e+07
1e+12 4.92301e+07 492.301 4.8402e+07
1e+12 4.94195e+07 494.195 4.80259e+07
1e+12 4.96095e+07 496.095 4.7653e+07
1e+12 4.98004e+07 498.004 4.72826e+07
1e+12 4.99919e+07 499.919 4.69153e+07
1e+12 5.01842e+07 501.842 4.65508e+07
1e+12 5.03772e+07 503.772 4.61891e+07
1e+12 5.0571e+07 505.71 4.58301e+07
1e+12 5.07655e+07 507.655 4.5474e+07
1e+12 5.09607e+07 509.607 4.51207e+07
1e+12 5.11568e+07 511.568 4.47698e+07
1e+12 5.13535e+07 513.535 4.4422e+07
1e+12 5.1551e+07 515.51 4.40767e+07
1e+12 5.17493e+07 517.493 4.3734e+07
1e+12 5.19484e+07 519.484 4.33939e+07
1e+12 5.21482e+07 521.482 4.30566e+07
1e+12 5.23487e+07 523.487 4.2722e+07
1e+12 5.25501e+07 525.501 4.23897e+07
1e+12 5.27522e+07 527.522 4.20601e+07
1e+12 5.29551e+07 529.551 4.1733e+07
1e+12 5.31588e+07 531.588 4.14084e+07
1e+12 5.33633e+07 533.633 4.10863e+07
1e+12 5.35685e+07 535.685 4.07669e+07
1e+12 5.37746e+07 537.746 4.04497e+07
1e+12 5.39814e+07 539.814 4.01351e+07
1e+12 5.4189e+07 541.89 3.98229e+07
1e+12 5.43974e+07 543.974 3.95131e+07
1e+12 5.46067e+07 546.067 3.92056e+07
1e+12 5.48167e+07 548.167 3.89006e+07
1e+12 5.50276e+07 550.276 3.85978e+07
1e+12 5.52392e+07 552.392 3.82975e+07
1e+12 5.54517e+07 554.517 3.79994e+07
1e+12 5.5665e+07 556.65 3.77037e+07
1e+12 5.58791e+07 558.791 3.74102e+07
1e+12 5.6094e+07 560.94 3.71191e+07
1e+12 5.63097e+07 563.097 3.68302e+07
1e+12 5.65263e+07 565.263 3.65435e+07
1e+12 5.67437e+07 567.437 3.6259e+07
1e+12 5.6962e+07 569.62 3.59766e+07
1e+12 5.71811e+07 571.811 3.56965e+07
1e+12 5.7401e+07 574.01 3.54186e+07
1e+12 5.76218e+07 576.218 3.51427e+07
1e+12 5.78434e+07 578.434 3.48691e+07
1e+12 5.80659e+07 580.659 3.45975e+07
1e+12 5.82893e+07 582.893 3.4328e+07
1e+12 5.85135e+07 585.135 3.40606e+07
1e+12 5.87385e+07 587.385 3.37953e+07
1e+12 5.89644e+07 589.644 3.35321e+07
1e+12 5.91912e+07 591.912 3.32708e+07
1e+12 5.94189e+07 594.189 3.30115e+07
1e+12 5.96474e+07 596.474 3.27544e+07
1e+12 5.98769e+07 598.769 3.2499e+07
1e+12 6.01072e+07 601.072 3.22458e+07
1e+12 6.03384e+07 603.384 3.19945e+07
1e+12 6.05704e+07 605.704 3.17452e+07
1e+12 6.08034e+07 608.034 3.14977e+07
1e+12 6.10373e+07 610.373 3.12521e+07
1e+12 6.12721e+07 612.721 3.10085e+07
1e+12 6.15077e+07 615.077 3.07668e+07
1e+12 6.17443e+07 617.443 3.05269e+07
1e+12 6.19818e+07 619.818 3.02888e+07
1e+12 6.22202e+07 622.202 3.00526e+07
1e+12 6.24595e+07 624.595 2.98183e+07
1e+12 6.26997e+07 626.997 2.95858e+07
1e+12 6.29409e+07 629.409 2.9355e+07
1e+12 6.3183e+07 631.83 2.9126e+07
1e+12 6.3426e+07 634.26 2.88988e+07
1e+12 6.367e+07 636.7 2.86733e+07
1e+12 6.39149e+07 639.149 2.84496e+07
1e+12 6.41607e+07 641.607 2.82277e+07
1e+12 6.44075e+07 644.075 2.80074e+07
1e+12 6.46552e+07 646.552 2.77889e+07
1e+12 6.49039e+07 649.039 2.7572e+07
1e+12 6.51535e+07 651.535 2.73568e+07
1e+12 6.54041e+07 654.041 2.71433e+07
1e+12 6.56557e+07 656.557 2.69314e+07
1e+12 6.59082e+07 659.082 2.67212e+07
1e+12 6.61617e+07 661.617 2.65126e+07
1e+12 6.64162e+07 664.162 2.63055e+07
1e+12 6.66717e+07 666.717 2.61001e+07
1e+12 6.69281e+07 669.281 2.58963e+07
1e+12 6.71855e+07 671.855 2.56941e+07
1e+12 6.74439e+07 674.439 2.54934e+07
1e+12 6.77034e+07 677.034 2.52943e+07
1e+12 6.79638e+07 679.638 2.50967e+07
1e+12 6.82252e+07 682.252 2.49006e+07
1e+12 6.84876e+07 684.876 2.47061e+07
1e+12 6.8751e+07 687.51 2.45131e+07
1e+12 6.90154e+07 690.154 2.43216e+07
1e+12 6.92809e+07 692.809 2.41315e+07
1e+12 6.95474e+07 695.474 2.39429e+07
1e+12 6.98149e+07 698.149 2.37558e+07
1e+12 7.00834e+07 700.834 2.35701e+07
1e+12 7.0353e+07 703.53 2.33859e+07
1e+12 7.06236e+07 706.236 2.3203e+07
1e+12 7.08952e+07 708.952 2.30217e+07
1e+12 7.11679e+07 711.679 2.28417e+07
1e+12 7.14416e+07 714.416 2.26631e+07
1e+12 7.17164e+07 717.164 2.24858e+07
1e+12 7.19923e+07 719.923 2.231e+07
1e+12 7.22692e+07 722.692 2.21355e+07
1e+12 7.25471e+07 725.471 2.19624e+07
1e+12 7.28262e+07 728.262 2.17905e+07
1e+12 7.31063e+07 731.063 2.16201e+07
1e+12 7.33875e+07 733.875 2.14509e+07
1e+12 7.36697e+07 736.697 2.12831e+07
1e+12 7.39531e+07 739.531 2.11166e+07
1e+12 7.42375e+07 742.375 2.09513e+07
1e+12 7.45231e+07 745.231 2.07873e+07
1e+12 7.48097e+07 748.097 2.06246e+07
1e+12 7.50975e+07 750.975 2.04632e+07
1e+12 7.53863e+07 753.863 2.0303e+07
1e+12 7.56763e+07 756.763 2.0144e+07
1e+12 7.59673e+07 759.673 1.99864e+07
1e+12 7.62595e+07 762.595 1.98298e+07
1e+12 7.65528e+07 765.528 1.96746e+07
1e+12 7.68473e+07 768.473 1.95205e+07
1e+12 7.71429e+07 771.429 1.93676e+07
1e+12 7.74396e+07 774.396 1.92159e+07
1e+12 7.77374e+07 777.374 1.90654e+07
1e+12 7.80364e+07 780.364 1.8916e+07
1e+12 7.83366e+07 783.366 1.87678e+07
1e+12 7.86379e+07 786.379 1.86207e+07
1e+12 7.89404e+07 789.404 1.84748e+07
1e+12 7.9244e+07 792.44 1.833e+07
1e+12 7.95488e+07 795.488 1.81863e+07
1e+12 7.98548e+07 798.548 1.80438e+07
1e+12 8.01619e+07 801.619 1.79023e+07
1e+12 8.04702e+07 804.702 1.7762e+07
1e+12 8.07797e+07 807.797 1.76227e+07
1e+12 8.10904e+07 810.904 1.74846e+07
1e+12 8.14023e+07 814.023 1.73474e+07
1e+12 8.17154e+07 817.154 1.72114e+07
1e+12 8.20297e+07 820.297 1.70764e+07
1e+12 8.23452e+07 823.452 1.69424e+07
1e+12 8.2662e+07 826.62 1.68095e+07
1e+12 8.29799e+07 829.799 1.66776e+07
1e+12 8.32991e+07 832.991 1.65468e+07
1e+12 8.36195e+07 836.195 1.64169e+07
1e+12 8.39411e+07 839.411 1.62881e+07
1e+12 8.4264e+07 842.64 1.61602e+07
1e+12 8.45881e+07 845.881 1.60334e+07
1e+12 8.49134e+07 849.134 1.59076e+07
1e+12 8.524e+07 852.4 1.57827e+07
1e+12 8.55679e+07 855.679 1.56587e+07
1e+12 8.5897e+07 858.97 1.55358e+07
1e+12 8.62274e+07 862.274 1.54138e+07
1e+12 8.6559e+07 865.59 1.52927e+07
1e+12 8.6892e+07 868.92 1.51726e+07
1e+12 8.72262e+07 872.262 1.50534e+07
1e+12 8.75617e+07 875.617 1.49352e+07
1e+12 8.78985e+07 878.985 1.48178e+07
1e+12 8.82366e+07 882.366 1.47014e+07
1e+12 8.85759e+07 885.759 1.45859e+07
1e+12 8.89166e+07 889.166 1.44713e+07
1e+12 8.92586e+07 892.586 1.43575e+07
1e+12 8.96019e+07 896.019 1.42447e+07
1e+12 8.99466e+07 899.466 1.41327e+07
1e+12 9.02925e+07 902.925 1.40216e+07
1e+12 9.06398e+07 906.398 1.39113e+07
1e+12 9.09885e+07 909.885 1.38019e+07
1e+12 9.13384e+07 913.384 1.36934e+07
1e+12 9.16897e+07 916.897 1.35857e+07
1e+12 9.20424e+07 920.424 1.34788e+07
1e+12 9.23964e+07 923.964 1.33728e+07
1e+12 9.27518e+07 927.518 1.32675e+07
1e+12 9.31086e+07 931.086 1.31631e+07
1e+12 9.34667e+07 934.667 1.30596e+07
1e+12 9.38262e+07 938.262 1.29568e+07
1e+12 9.41871e+07 941.871 1.28548e+07
1e+12 9.45494e+07 945.494 1.27536e+07
1e+12 9.4913e+07 949.13 1.26532e+07
1e+12 9.52781e+07 952.781 1.25536e+07
1e+12 9.56445e+07 956.445 1.24547e+07
1e+12 9.60124e+07 960.124 1.23566e+07
1e+12 9.63817e+07 963.817 1.22593e+07
1e+12 9.67524e+07 967.524 1.21628e+07
1e+12 9.71246e+07 971.246 1.20669e+07
1e+12 9.74981e+07 974.981 1.19719e+07
1e+12 9.78731e+07 978.731 1.18776e+07
1e+12 9.82496e+07 982.496 1.1784e+07
1e+12 9.86275e+07 986.275 1.16911e+07
1e+12 9.90068e+07 990.068 1.15989e+07
1e+12 9.93877e+07 993.877 1.15075e+07
1e+12 9.97699e+07 997.699 1.14168e+07
1e+12 1.00154e+08 1001.54 1.13267e+07
1e+12 1.00539e+08 1005.39 1.12374e+07
1e+12 1.00926e+08 1009.26 1.11487e+07
1e+12 1.01314e+08 1013.14 1.10609e+07
1e+12 1.01703e+08 1017.03 1.09738e+07
1e+12 1.02095e+08 1020.95 1.0887e+07
1e+12 1.02487e+08 1024.87 1.08013e+07
1e+12 1.02882e+08 1028.82 1.07159e+07
1e+12 1.03277e+08 1032.77 1.06315e+07
1e+12 1.03674e+08 1036.74 1.05476e+07
1e+12 1.04073e+08 1040.73 1.04643e+07
1e+12 1.04474e+08 1044.74 1.03815e+07
1e+12 1.04875e+08 1048.75 1.02998e+07
1e+12 1.05279e+08 1052.79 1.02183e+07
1e+12 1.05684e+08 1056.84 1.01376e+07
1e+12 1.0609e+08 1060.9 1.00576e+07
1e+12 1.06498e+08 1064.98 9.9782e+06
1e+12 1.06908e+08 1069.08 9.89931e+06
1e+12 1.07319e+08 1073.19 9.82114e+06
1e+12 1.07732e+08 1077.32 9.7435e+06
1e+12 1.08146e+08 1081.46 9.66657e+06
1e+12 1.08562e+08 1085.62 9.59017e+06
1e+12 1.0898e+08 1089.8 9.51428e+06
1e+12 1.09399e+08 1093.99 9.4391e+06
1e+12 1.0982e+08 1098.2 9.36444e+06
1e+12 1.10242e+08 1102.42 9.29046e+06
1e+12 1.10666e+08 1106.66 9.217e+06
1e+12 1.11092e+08 1110.92 9.14405e+06
1e+12 1.11519e+08 1115.19 9.07177e+06
1e+12 1.11948e+08 1119.48 8.99999e+06
1e+12 1.12379e+08 1123.79 8.92872e+06
1e+12 1.12811e+08 1128.11 8.85811e+06
1e+12 1.13245e+08 1132.45 8.78799e+06
1e+12 1.1368e+08 1136.8 8.71853e+06
1e+12 1.14118e+08 1141.18 8.6494e+06
1e+12 1.14556e+08 1145.56 8.58107e+06
1e+12 1.14997e+08 1149.97 8.51307e+06
1e+12 1.15439e+08 1154.39 8.44571e+06
1e+12 1.15883e+08 1158.83 8.37883e+06
1e+12 1.16329e+08 1163.29 8.31242e+06
1e+12 1.16777e+08 1167.77 8.24649e+06
1e+12 1.17226e+08 1172.26 8.18118e+06
1e+12 1.17677e+08 1176.77 8.11634e+06
1e+12 1.18129e+08 1181.29 8.05211e+06
1e+12 1.18584e+08 1185.84 7.98821e+06
1e+12 1.1904e+08 1190.4 7.9249e+06
1e+12 1.19498e+08 1194.98 7.86206e+06
1e+12 1.19957e+08 1199.57 7.79981e+06
1e+12 1.20419e+08 1204.19 7.73788e+06
1e+12 1.20882e+08 1208.82 7.67653e+06
1e+12 1.21347e+08 1213.47 7.61564e+06
1e+12 1.21813e+08 1218.13 7.55532e+06
1e+12 1.22282e+08 1222.82 7.49532e+06
1e+12 1.22752e+08 1227.52 7.43589e+06
1e+12 1.23224e+08 1232.24 7.3769e+06
1e+12 1.23698e+08 1236.98 7.31834e+06
1e+12 1.24174e+08 1241.74 7.26023e+06
1e+12 1.24652e+08 1246.52 7.20254e+06
1e+12 1.25131e+08 1251.31 7.14541e+06
1e+12 1.25613e+08 1256.13 7.08858e+06
1e+12 1.26096e+08 1260.96 7.0323e+06
1e+12 1.26581e+08 1265.81 6.97644e+06
1e+12 1.27068e+08 1270.68 6.921e+06
1e+12 1.27556e+08 1275.56 6.8661e+06
1e+12 1.28047e+08 1280.47 6.81149e+06
1e+12 1.28539e+08 1285.39 6.75742e+06
1e+12 1.29034e+08 1290.34 6.70364e+06
1e+12 1.2953e+08 1295.3 6.65038e+06
1e+12 1.30028e+08 1300.28 6.59753e+06
1e+12 1.30528e+08 1305.28 6.54508e+06
1e+12 1.31031e+08 1310.31 6.49293e+06
1e+12 1.31535e+08 1315.35 6.44128e+06
1e+12 1.3204e+08 1320.4 6.39013e+06
1e+12 1.32548e+08 1325.48 6.33928e+06
1e+12 1.33058e+08 1330.58 6.28882e+06
1e+12 1.3357e+08 1335.7 6.23875e+06
1e+12 1.34084e+08 1340.84 6.18906e+06
1e+12 1.34599e+08 1345.99 6.13986e+06
1e+12 1.35117e+08 1351.17 6.09095e+06
1e+12 1.35637e+08 1356.37 6.04242e+06
1e+12 1.36158e+08 1361.58 5.99436e+06
1e+12 1.36682e+08 1366.82 5.94659e+06
1e+12 1.37208e+08 1372.08 5.89919e+06
1e+12 1.37736e+08 1377.36 5.85216e+06
1e+12 1.38265e+08 1382.65 5.8056e+06
1e+12 1.38797e+08 1387.97 5.75931e+06
1e+12 1.39331e+08 1393.31 5.71339e+06
1e+12 1.39867e+08 1398.67 5.66783e+06
1e+12 1.40405e+08 1404.05 5.62264e+06
1e+12 1.40945e+08 1409.45 5.5778e+06
1e+12 1.41487e+08 1414.87 5.53333e+06
1e+12 1.42031e+08 1420.31 5.4892e+06
1e+12 1.42578e+08 1425.78 5.44535e+06
1e+12 1.43126e+08 1431.26 5.40193e+06
1e+12 1.43677e+08 1436.77 5.35878e+06
1e+12 1.44229e+08 1442.29 5.31606e+06
1e+12 1.44784e+08 1447.84 5.2736e+06
1e+12 1.45341e+08 1453.41 5.23149e+06
1e+12 1.459e+08 1459 5.18971e+06
1e+12 1.46461e+08 1464.61 5.14828e+06
1e+12 1.47024e+08 1470.24 5.10718e+06
1e+12 1.4759e+08 1475.9 5.06634e+06
1e+12 1.48157e+08 1481.57 5.0259e+06
1e+12 1.48727e+08 1487.27 4.98573e+06
1e+12 1.49299e+08 1492.99 4.94588e+06
1e+12 1.49874e+08 1498.74 4.90629e+06
1e+12 1.5045e+08 1504.5 4.8671e+06
1e+12 1.51029e+08 1510.29 4.82816e+06
1e+12 1.5161e+08 1516.1 4.78953e+06
1e+12 1.52193e+08 1521.93 4.75123e+06
1e+12 1.52778e+08 1527.78 4.71324e+06
1e+12 1.53366e+08 1533.66 4.67551e+06
1e+12 1.53956e+08 1539.56 4.63808e+06
1e+12 1.54548e+08 1545.48 4.60097e+06
1e+12 1.55142e+08 1551.42 4.56416e+06
1e+12 1.55739e+08 1557.39 4.5276e+06
1e+12 1.56338e+08 1563.38 4.49134e+06
1e+12 1.56939e+08 1569.39 4.45539e+06
1e+12 1.57543e+08 1575.43 4.41968e+06
1e+12 1.58149e+08 1581.49 4.38426e+06
1e+12 1.58757e+08 1587.57 4.34915e+06
1e+12 1.59368e+08 1593.68 4.31427e+06
1e+12 1.59981e+08 1599.81 4.27968e+06
1e+12 1.60596e+08 1605.96 4.24539e+06
1e+12 1.61214e+08 1612.14 4.21133e+06
1e+12 1.61834e+08 1618.34 4.17756e+06
1e+12 1.62456e+08 1624.56 4.14408e+06
1e+12 1.63081e+08 1630.81 4.11082e+06
1e+12 1.63709e+08 1637.09 4.0778e+06
1e+12 1.64338e+08 1643.38 4.04511e+06
1e+12 1.6497e+08 1649.7 4.01264e+06
1e+12 1.65605e+08 1656.05 3.98041e+06
1e+12 1.66242e+08 1662.42 3.94844e+06
1e+12 1.66881e+08 1668.81 3.91676e+06
1e+12 1.67523e+08 1675.23 3.88529e+06
1e+12 1.68167e+08 1681.67 3.85409e+06
1e+12 1.68814e+08 1688.14 3.82312e+06
1e+12 1.69464e+08 1694.64 3.79236e+06
1e+12 1.70115e+08 1701.15 3.76191e+06
1e+12 1.7077e+08 1707.7 3.73164e+06
1e+12 1.71427e+08 1714.27 3.70163e+06
1e+12 1.72086e+08 1720.86 3.67188e+06
1e+12 1.72748e+08 1727.48 3.64234e+06
1e+12 1.73412e+08 1734.12 3.61305e+06
1e+12 1.74079e+08 1740.79 3.58398e+06
1e+12 1.74749e+08 1747.49 3.55512e+06
1e+12 1.75421e+08 1754.21 3.52651e+06
1e+12 1.76096e+08 1760.96 3.49811e+06
1e+12 1.76773e+08 1767.73 3.46995e+06
1e+12 1.77453e+08 1774.53 3.442e+06
1e+12 1.78135e+08 1781.35 3.4143e+06
1e+12 1.78821e+08 1788.21 3.38676e+06
1e+12 1.79508e+08 1795.08 3.3595e+06
1e+12 1.80199e+08 1801.99 3.3324e+06
1e+12 1.80892e+08 1808.92 3.30555e+06
1e+12 1.81588e+08 1815.88 3.27889e+06
1e+12 1.82286e+08 1822.86 3.25246e+06
1e+12 1.82987e+08 1829.87 3.22623e+06
1e+12 1.83691e+08 1836.91 3.2002e+06
1e+12 1.84398e+08 1843.98 3.17436e+06
1e+12 1.85107e+08 1851.07 3.14876e+06
1e+12 1.85819e+08 1858.19 3.12334e+06
1e+12 1.86534e+08 1865.34 3.09812e+06
1e+12 1.87251e+08 1872.51 3.07312e+06
1e+12 1.87971e+08 1879.71 3.04831e+06
1e+12 1.88694e+08 1886.94 3.02368e+06
1e+12 1.8942e+08 1894.2 2.99925e+06
1e+12 1.90149e+08 1901.49 2.975e+06
1e+12 1.9088e+08 1908.8 2.95096e+06
1e+12 1.91614e+08 1916.14 2.92712e+06
1e+12 1.92351e+08 1923.51 2.90345e+06
1e+12 1.93091e+08 1930.91 2.87996e+06
1e+12 1.93834e+08 1938.34 2.85666e+06
1e+12 1.94579e+08 1945.79 2.83357e+06
1e+12 1.95328e+08 1953.28 2.81062e+06
1e+12 1.96079e+08 1960.79 2.78788e+06
1e+12 1.96833e+08 1968.33 2.76532e+06
1e+12 1.9759e+08 1975.9 2.74293e+06
1e+12 1.9835e+08 1983.5 2.72072e+06
1e+12 1.99113e+08 1991.13 2.69868e+06
1e+12 1.99879e+08 1998.79 2.67681e+06
1e+12 2.00648e+08 2006.48 2.65512e+06
1e+12 2.01419e+08 2014.19 2.63362e+06
1e+12 2.02194e+08 2021.94 2.61227e+06
1e+12 2.02972e+08 2029.72 2.59108e+06
1e+12 2.03753e+08 2037.53 2.57006e+06
1e+12 2.04536e+08 2045.36 2.54923e+06
1e+12 2.05323e+08 2053.23 2.52854e+06
1e+12 2.06113e+08 2061.13 2.50802e+06
1e+12 2.06905e+08 2069.05 2.48768e+06
1e+12 2.07701e+08 2077.01 2.46748e+06
1e+12 2.085e+08 2085 2.44744e+06
1e+12 2.09302e+08 2093.02 2.42757e+06
1e+12 2.10107e+08 2101.07 2.40785e+06
1e+12 2.10915e+08 2109.15 2.38829e+06
1e+12 2.11727e+08 2117.27 2.36886e+06
1e+12 2.12541e+08 2125.41 2.34962e+06
1e+12 2.13358e+08 2133.58 2.33053e+06
1e+12 2.14179e+08 2141.79 2.31157e+06
1e+12 2.15003e+08 2150.03 2.29277e+06
1e+12 2.1583e+08 2158.3 2.27411e+06
1e+12 2.1666e+08 2166.6 2.25561e+06
1e+12 2.17493e+08 2174.93 2.23726e+06
1e+12 2.1833e+08 2183.3 2.21904e+06
1e+12 2.1917e+08 2191.7 2.20097e+06
1e+12 2.20013e+08 2200.13 2.18305e+06
1e+12 2.20859e+08 2208.59 2.16527e+06
1e+12 2.21708e+08 2217.08 2.14764e+06
1e+12 2.22561e+08 2225.61 2.13013e+06
1e+12 2.23417e+08 2234.17 2.11277e+06
1e+12 2.24276e+08 2242.76 2.09555e+06
1e+12 2.25139e+08 2251.39 2.07846e+06
1e+12 2.26005e+08 2260.05 2.06151e+06
1e+12 2.26874e+08 2268.74 2.04469e+06
1e+12 2.27747e+08 2277.47 2.028e+06
1e+12 2.28623e+08 2286.23 2.01145e+06
1e+12 2.29502e+08 2295.02 1.99504e+06
1e+12 2.30385e+08 2303.85 1.97874e+06
1e+12 2.31271e+08 2312.71 1.96258e+06
1e+12 2.32161e+08 2321.61 1.94654e+06
1e+12 2.33054e+08 2330.54 1.93064e+06
1e+12 2.3395e+08 2339.5 1.91487e+06
1e+12 2.3485e+08 2348.5 1.89921e+06
1e+12 2.35753e+08 2357.53 1.88369e+06
1e+12 2.3666e+08 2366.6 1.86828e+06
1e+12 2.3757e+08 2375.7 1.853e+06
1e+12 2.38484e+08 2384.84 1.83783e+06
1e+12 2.39401e+08 2394.01 1.8228e+06
1e+12 2.40322e+08 2403.22 1.80787e+06
1e+12 2.41246e+08 2412.46 1.79308e+06
1e+12 2.42174e+08 2421.74 1.77839e+06
1e+12 2.43106e+08 2431.06 1.76381e+06
1e+12 2.44041e+08 2440.41 1.74936e+06
1e+12 2.44979e+08 2449.79 1.73503e+06
1e+12 2.45922e+08 2459.22 1.7208e+06
1e+12 2.46868e+08 2468.68 1.70669e+06
1e+12 2.47817e+08 2478.17 1.6927e+06
1e+12 2.4877e+08 2487.7 1.67882e+06
1e+12 2.49727e+08 2497.27 1.66504e+06
1e+12 2.50688e+08 2506.88 1.65137e+06
1e+12 2.51652e+08 2516.52 1.63781e+06
1e+12 2.5262e+08 2526.2 1.62436e+06
1e+12 2.53592e+08 2535.92 1.61102e+06
1e+12 2.54567e+08 2545.67 1.59779e+06
1e+12 2.55546e+08 2555.46 1.58466e+06
1e+12 2.56529e+08 2565.29 1.57163e+06
1e+12 2.57516e+08 2575.16 1.55871e+06
1e+12 2.58506e+08 2585.06 1.5459e+06
1e+12 2.595e+08 2595 1.53318e+06
1e+12 2.60499e+08 2604.99 1.52056e+06
1e+12 2.615e+08 2615 1.50806e+06
1e+12 2.62506e+08 2625.06 1.49564e+06
1e+12 2.63516e+08 2635.16 1.48332e+06
1e+12 2.6453e+08 2645.3 1.4711e+06
1e+12 2.65547e+08 2655.47 1.45899e+06
1e+12 2.66568e+08 2665.68 1.44697e+06
1e+12 2.67594e+08 2675.94 1.43503e+06
1e+12 2.68623e+08 2686.23 1.42321e+06
1e+12 2.69656e+08 2696.56 1.41147e+06
1e+12 2.70693e+08 2706.93 1.39983e+06
1e+12 2.71734e+08 2717.34 1.38828e+06
1e+12 2.7278e+08 2727.8 1.37682e+06
1e+12 2.73829e+08 2738.29 1.36545e+06
1e+12 2.74882e+08 2748.82 1.35418e+06
1e+12 2.75939e+08 2759.39 1.343e+06
1e+12 2.77001e+08 2770.01 1.3319e+06
1e+12 2.78066e+08 2780.66 1.3209e+06
1e+12 2.79136e+08 2791.36 1.30997e+06
1e+12 2.80209e+08 2802.09 1.29915e+06
1e+12 2.81287e+08 2812.87 1.2884e+06
1e+12 2.82369e+08 2823.69 1.27774e+06
1e+12 2.83455e+08 2834.55 1.26717e+06
1e+12 2.84545e+08 2845.45 1.25668e+06
1e+12 2.8564e+08 2856.4 1.24627e+06
1e+12 2.86738e+08 2867.38 1.23596e+06
1e+12 2.87841e+08 2878.41 1.22572e+06
1e+12 2.88948e+08 2889.48 1.21557e+06
1e+12 2.9006e+08 2900.6 1.20549e+06
1e+12 2.91175e+08 2911.75 1.1955e+06
1e+12 2.92295e+08 2922.95 1.18558e+06
1e+12 2.9342e+08 2934.2 1.17574e+06
1e+12 2.94548e+08 2945.48 1.16599e+06
1e+12 2.95681e+08 2956.81 1.15631e+06
1e+12 2.96818e+08 2968.18 1.14672e+06
1e+12 2.9796e+08 2979.6 1.13719e+06
1e+12 2.99106e+08 2991.06 1.12775e+06
1e+12 3.00257e+08 3002.57 1.11837e+06
1e+12 3.01411e+08 3014.11 1.10908e+06
1e+12 3.02571e+08 3025.71 1.09986e+06
1e+12 3.03735e+08 3037.35 1.09071e+06
1e+12 3.04903e+08 3049.03 1.08164e+06
1e+12 3.06076e+08 3060.76 1.07264e+06
1e+12 3.07253e+08 3072.53 1.06371e+06
1e+12 3.08435e+08 3084.35 1.05485e+06
1e+12 3.09621e+08 3096.21 1.04607e+06
1e+12 3.10812e+08 3108.12 1.03736e+06
1e+12 3.12007e+08 3120.07 1.02872e+06
1e+12 3.13207e+08 3132.07 1.02014e+06
1e+12 3.14412e+08 3144.12 1.01164e+06
1e+12 3.15621e+08 3156.21 1.0032e+06
1e+12 3.16835e+08 3168.35 994832
1e+12 3.18054e+08 3180.54 986528
1e+12 3.19277e+08 3192.77 978296
1e+12 3.20505e+08 3205.05 970127
1e+12 3.21738e+08 3217.38 962023
1e+12 3.22976e+08 3229.76 953983
1e+12 3.24218e+08 3242.18 946012
1e+12 3.25465e+08 3254.65 938104
1e+12 3.26717e+08 3267.17 930258
1e+12 3.27973e+08 3279.73 922481
1e+12 3.29235e+08 3292.35 914759
1e+12 3.30501e+08 3305.01 907105
1e+12 3.31772e+08 3317.72 899512
1e+12 3.33049e+08 3330.49 891973
1e+12 3.3433e+08 3343.3 884501
1e+12 3.35615e+08 3356.15 877094
1e+12 3.36906e+08 3369.06 869741
1e+12 3.38202e+08 3382.02 862447
1e+12 3.39503e+08 3395.03 855213
1e+12 3.40809e+08 3408.09 848036
1e+12 3.4212e+08 3421.2 840918
1e+12 3.43436e+08 3434.36 833857
1e+12 3.44757e+08 3447.57 826854
1e+12 3.46083e+08 3460.83 819908
1e+12 3.47414e+08 3474.14 813019
1e+12 3.4875e+08 3487.5 806186
1e+12 3.50091e+08 3500.91 799408
1e+12 3.51438e+08 3514.38 792682
1e+12 3.5279e+08 3527.9 786011
1e+12 3.54147e+08 3541.47 779395
1e+12 3.55509e+08 3555.09 772833
1e+12 3.56876e+08 3568.76 766326
1e+12 3.58249e+08 3582.49 759868
1e+12 3.59627e+08 3596.27 753464
1e+12 3.6101e+08 3610.1 747113
1e+12 3.62399e+08 3623.99 740810
1e+12 3.63792e+08 3637.92 734565
1e+12 3.65192e+08 3651.92 728363
1e+12 3.66596e+08 3665.96 722217
1e+12 3.68006e+08 3680.06 716118
1e+12 3.69422e+08 3694.22 710067
1e+12 3.70843e+08 3708.43 704067
1e+12 3.72269e+08 3722.69 698117
1e+12 3.73701e+08 3737.01 692213
1e+12 3.75138e+08 3751.38 686360
1e+12 3.76581e+08 3765.81 680552
1e+12 3.7803e+08 3780.3 674789
1e+12 3.79484e+08 3794.84 669076
1e+12 3.80943e+08 3809.43 663411
1e+12 3.82408e+08 3824.08 657791
1e+12 3.83879e+08 3838.79 652215
1e+12 3.85356e+08 3853.56 646684
1e+12 3.86838e+08 3868.38 641199
1e+12 3.88326e+08 3883.26 635759
1e+12 3.8982e+08 3898.2 630362
1e+12 3.91319e+08 3913.19 625011
1e+12 3.92824e+08 3928.24 619703
1e+12 3.94335e+08 3943.35 614437
1e+12 3.95852e+08 3958.52 609214
1e+12 3.97374e+08 3973.74 604037
1e+12 3.98903e+08 3989.03 598897
1e+12 4.00437e+08 4004.37 593803
1e+12 4.01977e+08 4019.77 588749
1e+12 4.03523e+08 4035.23 583737
1e+12 4.05075e+08 4050.75 578765
1e+12 4.06633e+08 4066.33 573834
1e+12 4.08197e+08 4081.97 568943
1e+12 4.09768e+08 4097.68 564089
1e+12 4.11344e+08 4113.44 559278
1e+12 4.12926e+08 4129.26 554507
1e+12 4.14514e+08 4145.14 549774
1e+12 4.16108e+08 4161.08 545081
1e+12 4.17709e+08 4177.09 540423
1e+12 4.19315e+08 4193.15 535807
1e+12 4.20928e+08 4209.28 531226
1e+12 4.22547e+08 4225.47 526684
1e+12 4.24173e+08 4241.73 522176
1e+12 4.25804e+08 4258.04 517709
1e+12 4.27442e+08 4274.42 513276
1e+12 4.29086e+08 4290.86 508881
1e+12 4.30736e+08 4307.36 504522
1e+12 4.32393e+08 4323.93 500197
1e+12 4.34056e+08 4340.56 495909
1e+12 4.35726e+08 4357.26 491654
1e+12 4.37402e+08 4374.02 487436
1e+12 4.39084e+08 4390.84 483253
1e+12 4.40773e+08 4407.73 479103
1e+12 4.42468e+08 4424.68 474988
1e+12 4.4417e+08 4441.7 470906
1e+12 4.45878e+08 4458.78 466859
1e+12 4.47593e+08 4475.93 462844
1e+12 4.49315e+08 4493.15 458861
1e+12 4.51043e+08 4510.43 454912
1e+12 4.52778e+08 4527.78 450995
1e+12 4.54519e+08 4545.19 447112
1e+12 4.56268e+08 4562.68 443257
1e+12 4.58023e+08 4580.23 439436
1e+12 4.59784e+08 4597.84 435649
1e+12 4.61553e+08 4615.53 431889
1e+12 4.63328e+08 4633.28 428162
1e+12 4.6511e+08 4651.1 424466
1e+12 4.66899e+08 4668.99 420800
1e+12 4.68695e+08 4686.95 417163
1e+12 4.70498e+08 4704.98 413557
1e+12 4.72307e+08 4723.07 409982
1e+12 4.74124e+08 4741.24 406435
1e+12 4.75948e+08 4759.48 402916
1e+12 4.77778e+08 4777.78 399429
1e+12 4.79616e+08 4796.16 395969
1e+12 4.81461e+08 4814.61 392537
1e+12 4.83313e+08 4833.13 389134
1e+12 4.85172e+08 4851.72 385760
1e+12 4.87038e+08 4870.38 382413
1e+12 4.88911e+08 4889.11 379095
1e+12 4.90791e+08 4907.91 375804
1e+12 4.92679e+08 4926.79 372539
1e+12 4.94574e+08 4945.74 369302
1e+12 4.96476e+08 4964.76 366092
1e+12 4.98386e+08 4983.86 362907
1e+12 5.00303e+08 5003.03 359749
1e+12 5.02227e+08 5022.27 356618
1e+12 5.04159e+08 5041.59 353512
1e+12 5.06098e+08 5060.98 350433
1e+12 5.08045e+08 5080.45 347378
1e+12 5.09999e+08 5099.99 344349
1e+12 5.1196e+08 5119.6 341346
1e+12 5.1393e+08 5139.3 338366
1e+12 5.15906e+08 5159.06 335413
1e+12 5.17891e+08 5178.91 332482
1e+12 5.19883e+08 5198.83 329577
1e+12 5.21882e+08 5218.82 326697
1e+12 5.2389e+08 5238.9 323838
1e+12 5.25905e+08 5259.05 321005
1e+12 5.27927e+08 5279.27 318196
1e+12 5.29958e+08 5299.58 315409
1e+12 5.31996e+08 5319.96 312646
1e+12 5.34043e+08 5340.43 309905
1e+12 5.36097e+08 5360.97 307187
1e+12 5.38159e+08 5381.59 304493
1e+12 5.40229e+08 5402.29 301820
1e+12 5.42306e+08 5423.06 299171
1e+12 5.44392e+08 5443.92 296543
1e+12 5.46486e+08 5464.86 293937
1e+12 5.48588e+08 5485.88 291352
1e+12 5.50698e+08 5506.98 288789
1e+12 5.52816e+08 5528.16 286248
1e+12 5.54943e+08 5549.43 283727
1e+12 5.57077e+08 5570.77 281228
1e+12 5.5922e+08 5592.2 278750
1e+12 5.61371e+08 5613.71 276292
1e+12 5.6353e+08 5635.3 273855
1e+12 5.65697e+08 5656.97 271439
1e+12 5.67873e+08 5678.73 269043
1e+12 5.70057e+08 5700.57 266666
1e+12 5.7225e+08 5722.5 264310
1e+12 5.74451e+08 5744.51 261973
1e+12 5.76661e+08 5766.61 259655
1e+12 5.78879e+08 5788.79 257357
1e+12 5.81105e+08 5811.05 255080
1e+12 5.8334e+08 5833.4 252820
1e+12 5.85584e+08 5855.84 250580
1e+12 5.87836e+08 5878.36 248358
1e+12 5.90097e+08 5900.97 246155
1e+12 5.92367e+08 5923.67 243970
1e+12 5.94645e+08 5946.45 241805
1e+12 5.96933e+08 5969.33 239656
1e+12 5.99229e+08 5992.29 237526
1e+12 6.01533e+08 6015.33 235415
1e+12 6.03847e+08 6038.47 233321
1e+12 6.0617e+08 6061.7 231244
1e+12 6.08501e+08 6085.01 229185
1e+12 6.10842e+08 6108.42 227143
1e+12 6.13191e+08 6131.91 225119
1e+12 6.1555e+08 6155.5 223111
1e+12 6.17917e+08 6179.17 221121
1e+12 6.20294e+08 6202.94 219147
1e+12 6.2268e+08 6226.8 217189
1e+12 6.25075e+08 6250.75 215249
1e+12 6.27479e+08 6274.79 213325
1e+12 6.29892e+08 6298.92 211417
1e+12 6.32315e+08 6323.15 209525
1e+12 6.34747e+08 6347.47 207649
1e+12 6.37189e+08 6371.89 205789
1e+12 6.3964e+08 6396.4 203944
1e+12 6.421e+08 6421 202116
1e+12 6.4457e+08 6445.7 200303
1e+12 6.47049e+08 6470.49 198505
1e+12 6.49537e+08 6495.37 196723
1e+12 6.52036e+08 6520.36 194955
1e+12 6.54544e+08 6545.44 193202
1e+12 6.57061e+08 6570.61 191465
1e+12 6.59589e+08 6595.89 189741
1e+12 6.62125e+08 6621.25 188034
1e+12 6.64672e+08 6646.72 186340
1e+12 6.67229e+08 6672.29 184660
1e+12 6.69795e+08 6697.95 182995
1e+12 6.72371e+08 6723.71 181344
1e+12 6.74957e+08 6749.57 179707
1e+12 6.77554e+08 6775.54 178084
1e+12 6.8016e+08 6801.6 176475
1e+12 6.82776e+08 6827.76 174879
1e+12 6.85402e+08 6854.02 173297
1e+12 6.88038e+08 6880.38 171729
1e+12 6.90685e+08 6906.85 170173
1e+12 6.93341e+08 6933.41 168632
1e+12 6.96008e+08 6960.08 167103
1e+12 6.98685e+08 6986.85 165587
1e+12 7.01372e+08 7013.72 164085
1e+12 7.0407e+08 7040.7 162595
1e+12 7.06778e+08 7067.78 161118
1e+12 7.09497e+08 7094.97 159653
1e+12 7.12226e+08 7122.26 158201
1e+12 7.14965e+08 7149.65 156761
1e+12 7.17715e+08 7177.15 155334
1e+12 7.20475e+08 7204.75 153919
1e+12 7.23247e+08 7232.47 152516
1e+12 7.26028e+08 7260.28 151125
1e+12 7.28821e+08 7288.21 149746
1e+12 7.31624e+08 7316.24 148379
1e+12 7.34438e+08 7344.38 147024
1e+12 7.37263e+08 7372.63 145680
1e+12 7.40099e+08 7400.99 144347
1e+12 7.42946e+08 7429.46 143026
1e+12 7.45803e+08 7458.03 141717
1e+12 7.48672e+08 7486.72 140419
1e+12 7.51551e+08 7515.51 139132
1e+12 7.54442e+08 7544.42 137856
1e+12 7.57344e+08 7573.44 136590
1e+12 7.60257e+08 7602.57 135336
1e+12 7.63181e+08 7631.81 134093
1e+12 7.66116e+08 7661.16 132861
1e+12 7.69063e+08 7690.63 131638
1e+12 7.72021e+08 7720.21 130427
1e+12 7.74991e+08 7749.91 129226
1e+12 7.77971e+08 7779.71 128035
1e+12 7.80964e+08 7809.64 126855
1e+12 7.83968e+08 7839.68 125685
1e+12 7.86983e+08 7869.83 124525
1e+12 7.9001e+08 7900.1 123375
1e+12 7.93049e+08 7930.49 122234
1e+12 7.96099e+08 7960.99 121104
1e+12 7.99161e+08 7991.61 119984
1e+12 8.02235e+08 8022.35 118873
1e+12 8.0532e+08 8053.2 117772
1e+12 8.08418e+08 8084.18 116681
1e+12 8.11527e+08 8115.27 115599
1e+12 8.14649e+08 8146.49 114526
1e+12 8.17782e+08 8177.82 113463
1e+12 8.20927e+08 8209.27 112409
1e+12 8.24085e+08 8240.85 111363
1e+12 8.27255e+08 8272.55 110327
1e+12 8.30437e+08 8304.37 109301
1e+12 8.33631e+08 8336.31 108283
1e+12 8.36837e+08 8368.37 107274
1e+12 8.40056e+08 8400.56 106273
1e+12 8.43287e+08 8432.87 105282
1e+12 8.4653e+08 8465.3 104299
1e+12 8.49786e+08 8497.86 103325
1e+12 8.53055e+08 8530.55 102359
1e+12 8.56336e+08 8563.36 101401
1e+12 8.5963e+08 8596.3 100452
1e+12 8.62936e+08 8629.36 99511.5
1e+12 8.66255e+08 8662.55 98579
1e+12 8.69587e+08 8695.87 97654.6
1e+12 8.72932e+08 8729.32 96738.3
1e+12 8.76289e+08 8762.89 95830.1
1e+12 8.7966e+08 8796.6 94929.7
1e+12 8.83043e+08 8830.43 94037.4
1e+12 8.8644e+08 8864.4 93152.7
1e+12 8.89849e+08 8898.49 92276
1e+12 8.93272e+08 8932.72 91406.8
1e+12 8.96708e+08 8967.08 90545.2
1e+12 9.00157e+08 9001.57 89691.3
1e+12 9.03619e+08 9036.19 88844.9
1e+12 9.07095e+08 9070.95 88005.9
1e+12 9.10583e+08 9105.83 87174.5
1e+12 9.14086e+08 9140.86 86350.1
1e+12 9.17602e+08 9176.02 85533
1e+12 9.21131e+08 9211.31 84723.3
1e+12 9.24674e+08 9246.74 83920.6
1e+12 9.28231e+08 9282.31 83124.9
1e+12 9.31801e+08 9318.01 82336.4
1e+12 9.35385e+08 9353.85 81554.8
1e+12 9.38983e+08 9389.83 80780.1
1e+12 9.42594e+08 9425.94 80012.4
1e+12 9.4622e+08 9462.2 79251.2
1e+12 9.49859e+08 9498.59 78497
1e+12 9.53513e+08 9535.13 77749.2
1e+12 9.5718e+08 9571.8 77008.3
1e+12 9.60862e+08 9608.62 76273.8
1e+12 9.64557e+08 9645.57 75546
1e+12 9.68267e+08 9682.67 74824.5
1e+12 9.71992e+08 9719.92 74109.3
1e+12 9.7573e+08 9757.3 73400.7
1e+12 9.79483e+08 9794.83 72698.2
1e+12 9.83251e+08 9832.51 72001.9
1e+12 9.87032e+08 9870.32 71312.1
1e+12 9.90829e+08 9908.29 70628.1
1e+12 9.9464e+08 9946.4 69950.4
1e+12 9.98466e+08 9984.66 69278.6
1e+12 1.00231e+09 10023.1 68612.3
1e+12 1.00616e+09 10061.6 67953.4
1e+12 1.01003e+09 10100.3 67299.5
1e+12 1.01392e+09 10139.2 66650.6
1e+12 1.01782e+09 10178.2 66008.3
1e+12 1.02173e+09 10217.3 65372.5
1e+12 1.02566e+09 10256.6 64741.7
1e+12 1.02961e+09 10296.1 64115.7
1e+12 1.03357e+09 10335.7 63496.1
1e+12 1.03754e+09 10375.4 62882.9
1e+12 1.04153e+09 10415.3 62274.5
1e+12 1.04554e+09 10455.4 61670.8
1e+12 1.04956e+09 10495.6 61073.4
1e+12 1.0536e+09 10536 60480.6
1e+12 1.05765e+09 10576.5 59894
1e+12 1.06172e+09 10617.2 59312
1e+12 1.0658e+09 10658 58736.1
1e+12 1.0699e+09 10699 58164.7
1e+12 1.07401e+09 10740.1 57599.3
1e+12 1.07815e+09 10781.5 57037
1e+12 1.08229e+09 10822.9 56482
1e+12 1.08646e+09 10864.6 55930.1
1e+12 1.09063e+09 10906.3 55385.3
1e+12 1.09483e+09 10948.3 54843.6
1e+12 1.09904e+09 10990.4 54307.5
1e+12 1.10327e+09 11032.7 53775.9
1e+12 1.10751e+09 11075.1 53249.8
1e+12 1.11177e+09 11117.7 52728.1
1e+12 1.11605e+09 11160.5 52210.6
1e+12 1.12034e+09 11203.4 51698.6
1e+12 1.12465e+09 11246.5 51190.8
1e+12 1.12897e+09 11289.7 50688.4
1e+12 1.13332e+09 11333.2 50189
1e+12 1.13768e+09 11376.8 49695
1e+12 1.14205e+09 11420.5 49206.1
1e+12 1.14644e+09 11464.4 48721.4
1e+12 1.15085e+09 11508.5 48240.7
1e+12 1.15528e+09 11552.8 47764.1
1e+12 1.15972e+09 11597.2 47292.6
1e+12 1.16419e+09 11641.9 46824.1
1e+12 1.16866e+09 11686.6 46361.5
1e+12 1.17316e+09 11731.6 45901.9
1e+12 1.17767e+09 11776.7 45447.3
1e+12 1.1822e+09 11822 44996.5
1e+12 1.18675e+09 11867.5 44549.6
1e+12 1.19131e+09 11913.1 44107.5
1e+12 1.19589e+09 11958.9 43669.3
1e+12 1.20049e+09 12004.9 43234.8
1e+12 1.20511e+09 12051.1 42804.1
1e+12 1.20975e+09 12097.5 42377.1
1e+12 1.2144e+09 12144 41954.8
1e+12 1.21907e+09 12190.7 41536.2
1e+12 1.22376e+09 12237.6 41121.2
1e+12 1.22847e+09 12284.7 40709.9
1e+12 1.23319e+09 12331.9 40303.1
1e+12 1.23793e+09 12379.3 39899.8
1e+12 1.2427e+09 12427 39499.3
1e+12 1.24748e+09 12474.8 39103.2
1e+12 1.25227e+09 12522.7 38711.4
1e+12 1.25709e+09 12570.9 38322.3
1e+12 1.26193e+09 12619.3 37936.7
1e+12 1.26678e+09 12667.8 37555.3
1e+12 1.27165e+09 12716.5 37177.4
1e+12 1.27654e+09 12765.4 36802.8
1e+12 1.28145e+09 12814.5 36431.7
1e+12 1.28638e+09 12863.8 36063.9
1e+12 1.29133e+09 12913.3 35699.4
1e+12 1.2963e+09 12963 35338.3
1e+12 1.30128e+09 13012.8 34981.1
1e+12 1.30629e+09 13062.9 34626.5
1e+12 1.31131e+09 13113.1 34275.9
1e+12 1.31636e+09 13163.6 33927.8
1e+12 1.32142e+09 13214.2 33583.6
1e+12 1.3265e+09 13265 33242.5
1e+12 1.3316e+09 13316 32904.6
1e+12 1.33672e+09 13367.2 32569.8
1e+12 1.34187e+09 13418.7 32237.5
1e+12 1.34703e+09 13470.3 31909
1e+12 1.35221e+09 13522.1 31583.4
1e+12 1.35741e+09 13574.1 31261
1e+12 1.36263e+09 13626.3 30941.5
1e+12 1.36787e+09 13678.7 30625.1
1e+12 1.37313e+09 13731.3 30311.6
1e+12 1.37841e+09 13784.1 30001.1
1e+12 1.38372e+09 13837.2 29693
1e+12 1.38904e+09 13890.4 29388.3
1e+12 1.39438e+09 13943.8 29086.5
1e+12 1.39974e+09 13997.4 28787.6
1e+12 1.40513e+09 14051.3 28491.1
1e+12 1.41053e+09 14105.3 28197.8
1e+12 1.41596e+09 14159.6 27906.9
1e+12 1.4214e+09 14214 27619.3
1e+12 1.42687e+09 14268.7 27333.9
1e+12 1.43236e+09 14323.6 27051.3
1e+12 1.43787e+09 14378.7 26771.4
1e+12 1.4434e+09 14434 26494.2
1e+12 1.44895e+09 14489.5 26219.7
1e+12 1.45452e+09 14545.2 25947.9
1e+12 1.46012e+09 14601.2 25678.3
1e+12 1.46573e+09 14657.3 25411.7
1e+12 1.47137e+09 14713.7 25147.3
1e+12 1.47703e+09 14770.3 24885.5
1e+12 1.48271e+09 14827.1 24626.3
1e+12 1.48842e+09 14884.2 24369.2
1e+12 1.49414e+09 14941.4 24115
1e+12 1.49989e+09 14998.9 23863
1e+12 1.50566e+09 15056.6 23613.4
1e+12 1.51145e+09 15114.5 23366.3
1e+12 1.51726e+09 15172.6 23121.7
1e+12 1.5231e+09 15231 22879.1
1e+12 1.52896e+09 15289.6 22638.9
1e+12 1.53484e+09 15348.4 22401.1
1e+12 1.54074e+09 15407.4 22165.7
1e+12 1.54667e+09 15466.7 21932.3
1e+12 1.55261e+09 15526.1 21701.6
1e+12 1.55859e+09 15585.9 21472.5
1e+12 1.56458e+09 15645.8 21246.1
1e+12 1.5706e+09 15706 21021.6
1e+12 1.57664e+09 15766.4 20799.4
1e+12 1.5827e+09 15827 20579.4
1e+12 1.58879e+09 15887.9 20361.3
1e+12 1.5949e+09 15949 20145.5
1e+12 1.60104e+09 16010.4 19931.5
1e+12 1.6072e+09 16072 19719.7
1e+12 1.61338e+09 16133.8 19510.1
1e+12 1.61958e+09 16195.8 19302.7
1e+12 1.62581e+09 16258.1 19097
1e+12 1.63207e+09 16320.7 18893.2
1e+12 1.63834e+09 16383.4 18691.8
1e+12 1.64464e+09 16446.4 18492.1
1e+12 1.65097e+09 16509.7 18294.3
1e+12 1.65732e+09 16573.2 18098.5
1e+12 1.66369e+09 16636.9 17904.7
1e+12 1.67009e+09 16700.9 17712.7
1e+12 1.67652e+09 16765.2 17522.3
1e+12 1.68297e+09 16829.7 17334
1e+12 1.68944e+09 16894.4 17147.7
1e+12 1.69594e+09 16959.4 16963
1e+12 1.70246e+09 17024.6 16780.3
1e+12 1.70901e+09 17090.1 16599.2
1e+12 1.71558e+09 17155.8 16420.1
1e+12 1.72218e+09 17221.8 16242.6
1e+12 1.7288e+09 17288 16067
1e+12 1.73545e+09 17354.5 15892.9
1e+12 1.74213e+09 17421.3 15720.5
1e+12 1.74883e+09 17488.3 15550
1e+12 1.75556e+09 17555.6 15381
1e+12 1.76231e+09 17623.1 15213.8
1e+12 1.76909e+09 17690.9 15048.2
1e+12 1.77589e+09 17758.9 14884.4
1e+12 1.78272e+09 17827.2 14722
1e+12 1.78958e+09 17895.8 14561.3
1e+12 1.79646e+09 17964.6 14402.2
1e+12 1.80337e+09 18033.7 14244.7
1e+12 1.81031e+09 18103.1 14088.6
1e+12 1.81727e+09 18172.7 13934.3
1e+12 1.82426e+09 18242.6 13781.4
1e+12 1.83128e+09 18312.8 13629.9
1e+12 1.83832e+09 18383.2 13480.2
1e+12 1.84539e+09 18453.9 13331.8
1e+12 1.85249e+09 18524.9 13184.9
1e+12 1.85962e+09 18596.2 13039.4
1e+12 1.86677e+09 18667.7 12895.5
1e+12 1.87395e+09 18739.5 12753
1e+12 1.88116e+09 18811.6 12611.9
1e+12 1.88839e+09 18883.9 12472.3
1e+12 1.89565e+09 18956.5 12334.1
1e+12 1.90295e+09 19029.5 12197.1
1e+12 1.91027e+09 19102.7 12061.6
1e+12 1.91761e+09 19176.1 11927.6
1e+12 1.92499e+09 19249.9 11794.7
1e+12 1.93239e+09 19323.9 11663.4
1e+12 1.93983e+09 19398.3 11533.1
1e+12 1.94729e+09 19472.9 11404.3
1e+12 1.95478e+09 19547.8 11276.9
1e+12 1.96229e+09 19622.9 11150.8
1e+12 1.96984e+09 19698.4 11025.8
1e+12 1.97742e+09 19774.2 10902.1
1e+12 1.98502e+09 19850.2 10779.8
1e+12 1.99266e+09 19926.6 10658.6
1e+12 2.00032e+09 20003.2 10538.7
1e+12 2.00802e+09 20080.2 10419.9
1e+12 2.01574e+09 20157.4 10302.5
1e+12 2.02349e+09 20234.9 10186.3
1e+12 2.03128e+09 20312.8 10071
1e+12 2.03909e+09 20390.9 9957.17
1e+12 2.04693e+09 20469.3 9844.45
1e+12 2.05481e+09 20548.1 9732.75
1e+12 2.06271e+09 20627.1 9622.33
1e+12 2.07064e+09 20706.4 9513.06
1e+12 2.07861e+09 20786.1 9404.78
1e+12 2.0866e+09 20866 9297.75
1e+12 2.09463e+09 20946.3 9191.71
1e+12 2.10269e+09 21026.9 9086.77
1e+12 2.11077e+09 21107.7 8983.05
1e+12 2.11889e+09 21188.9 8880.29
1e+12 2.12704e+09 21270.4 8778.61
1e+12 2.13522e+09 21352.2 8677.99
1e+12 2.14344e+09 21434.4 8578.32
1e+12 2.15168e+09 21516.8 8479.82
1e+12 2.15996e+09 21599.6 8382.24
1e+12 2.16826e+09 21682.6 8285.81
1e+12 2.1766e+09 21766 8190.29
1e+12 2.18498e+09 21849.8 8095.68
1e+12 2.19338e+09 21933.8 8002.19
1e+12 2.20182e+09 22018.2 7909.59
1e+12 2.21028e+09 22102.8 7818.09
1e+12 2.21879e+09 22187.9 7727.37
1e+12 2.22732e+09 22273.2 7637.72
1e+12 2.23589e+09 22358.9 7548.94
1e+12 2.24449e+09 22444.9 7461.12
1e+12 2.25312e+09 22531.2 7374.25
1e+12 2.26179e+09 22617.9 7288.23
1e+12 2.27049e+09 22704.9 7203.15
1e+12 2.27922e+09 22792.2 7118.99
1e+12 2.28798e+09 22879.8 7035.76
1e+12 2.29679e+09 22967.9 6953.25
1e+12 2.30562e+09 23056.2 6871.74
1e+12 2.31449e+09 23144.9 6791.04
1e+12 2.32339e+09 23233.9 6711.22
1e+12 2.33233e+09 23323.3 6632.21
1e+12 2.3413e+09 23413 6554.06
1e+12 2.3503e+09 23503 6476.79
1e+12 2.35934e+09 23593.4 6400.3
1e+12 2.36842e+09 23684.2 6324.57
1e+12 2.37753e+09 23775.3 6249.69
1e+12 2.38667e+09 23866.7 6175.65
1e+12 2.39585e+09 23958.5 6102.36
1e+12 2.40507e+09 24050.7 6029.82
1e+12 2.41432e+09 24143.2 5958.09
1e+12 2.4236e+09 24236 5887.18
1e+12 2.43292e+09 24329.2 5816.99
1e+12 2.44228e+09 24422.8 5747.53
1e+12 2.45168e+09 24516.8 5678.79
1e+12 2.46111e+09 24611.1 5610.82
1e+12 2.47057e+09 24705.7 5543.64
1e+12 2.48008e+09 24800.8 5477.08
1e+12 2.48961e+09 24896.1 5411.36
1e+12 2.49919e+09 24991.9 5346.25
1e+12 2.5088e+09 25088 5281.9
1e+12 2.51845e+09 25184.5 5218.22
1e+12 2.52814e+09 25281.4 5155.21
1e+12 2.53786e+09 25378.6 5092.94
1e+12 2.54762e+09 25476.2 5031.32
1e+12 2.55742e+09 25574.2 4970.36
1e+12 2.56726e+09 25672.6 4910.05
1e+12 2.57713e+09 25771.3 4850.45
1e+12 2.58705e+09 25870.5 4791.42
1e+12 2.597e+09 25970 4733.09
1e+12 2.60699e+09 26069.9 4675.38
1e+12 2.61701e+09 26170.1 4618.36
1e+12 2.62708e+09 26270.8 4561.89
1e+12 2.63718e+09 26371.8 4506.09
1e+12 2.64733e+09 26473.3 4450.85
1e+12 2.65751e+09 26575.1 4396.26
1e+12 2.66773e+09 26677.3 4342.27
1e+12 2.67799e+09 26779.9 4288.88
1e+12 2.68829e+09 26882.9 4236.06
1e+12 2.69863e+09 26986.3 4183.83
1e+12 2.70901e+09 27090.1 4132.18
1e+12 2.71943e+09 27194.3 4081.1
1e+12 2.72989e+09 27298.9 4030.59
1e+12 2.74039e+09 27403.9 3980.64
1e+12 2.75093e+09 27509.3 3931.24
1e+12 2.76151e+09 27615.1 3882.4
1e+12 2.77213e+09 27721.3 3834.11
1e+12 2.7828e+09 27828 3786.31
1e+12 2.7935e+09 27935 3739.1
1e+12 2.80424e+09 28042.4 3692.42
1e+12 2.81503e+09 28150.3 3646.23
1e+12 2.82586e+09 28258.6 3600.56
1e+12 2.83673e+09 28367.3 3555.41
1e+12 2.84764e+09 28476.4 3510.78
1e+12 2.85859e+09 28585.9 3466.65
1e+12 2.86959e+09 28695.9 3422.99
1e+12 2.88062e+09 28806.2 3379.88
1e+12 2.8917e+09 28917 3337.22
1e+12 2.90283e+09 29028.3 3295.01
1e+12 2.91399e+09 29139.9 3253.34
1e+12 2.9252e+09 29252 3212.1
1e+12 2.93645e+09 29364.5 3171.35
1e+12 2.94774e+09 29477.4 3131.07
1e+12 2.95908e+09 29590.8 3091.23
1e+12 2.97046e+09 29704.6 3051.86
1e+12 2.98189e+09 29818.9 3012.91
1e+12 2.99336e+09 29933.6 2974.42
1e+12 3.00487e+09 30048.7 2936.39
1e+12 3.01643e+09 30164.3 2898.77
1e+12 3.02803e+09 30280.3 2861.6
1e+12 3.03968e+09 30396.8 2824.84
1e+12 3.05137e+09 30513.7 2788.51
1e+12 3.06311e+09 30631.1 2752.59
1e+12 3.07489e+09 30748.9 2717.1
1e+12 3.08671e+09 30867.1 2682.04
1e+12 3.09859e+09 30985.9 2647.33
1e+12 3.11051e+09 31105.1 2613.05
1e+12 3.12247e+09 31224.7 2579.18
1e+12 3.13448e+09 31344.8 2545.69
1e+12 3.14654e+09 31465.4 2512.58
1e+12 3.15864e+09 31586.4 2479.87
1e+12 3.17079e+09 31707.9 2447.54
1e+12 3.18298e+09 31829.8 2415.59
1e+12 3.19523e+09 31952.3 2383.99
1e+12 3.20752e+09 32075.2 2352.78
1e+12 3.21985e+09 32198.5 2321.95
1e+12 3.23224e+09 32322.4 2291.45
1e+12 3.24467e+09 32446.7 2261.33
1e+12 3.25715e+09 32571.5 2231.55
1e+12 3.26968e+09 32696.8 2202.13
1e+12 3.28225e+09 32822.5 2173.06
1e+12 3.29488e+09 32948.8 2144.32
1e+12 3.30755e+09 33075.5 2115.93
1e+12 3.32027e+09 33202.7 2087.88
1e+12 3.33304e+09 33330.4 2060.16
1e+12 3.34586e+09 33458.6 2032.76
1e+12 3.35873e+09 33587.3 2005.69
1e+12 3.37165e+09 33716.5 1978.94
1e+12 3.38462e+09 33846.2 1952.51
1e+12 3.39764e+09 33976.4 1926.39
1e+12 3.41071e+09 34107.1 1900.59
1e+12 3.42382e+09 34238.2 1875.12
1e+12 3.43699e+09 34369.9 1849.93
1e+12 3.45021e+09 34502.1 1825.04
1e+12 3.46348e+09 34634.8 1800.46
1e+12 3.47681e+09 34768.1 1776.16
1e+12 3.49018e+09 34901.8 1752.16
1e+12 3.5036e+09 35036 1728.47
1e+12 3.51708e+09 35170.8 1705.04
1e+12 3.53061e+09 35306.1 1681.9
1e+12 3.54419e+09 35441.9 1659.04
1e+12 3.55782e+09 35578.2 1636.47
1e+12 3.5715e+09 35715 1614.17
1e+12 3.58524e+09 35852.4 1592.13
1e+12 3.59903e+09 35990.3 1570.37
1e+12 3.61287e+09 36128.7 1548.87
1e+12 3.62677e+09 36267.7 1527.63
1e+12 3.64072e+09 36407.2 1506.66
1e+12 3.65472e+09 36547.2 1485.94
1e+12 3.66878e+09 36687.8 1465.48
1e+12 3.68289e+09 36828.9 1445.27
1e+12 3.69706e+09 36970.6 1425.3
1e+12 3.71128e+09 37112.8 1405.58
1e+12 3.72555e+09 37255.5 1386.11
1e+12 3.73988e+09 37398.8 1366.88
1e+12 3.75426e+09 37542.6 1347.89
1e+12 3.7687e+09 37687 1329.13
1e+12 3.7832e+09 37832 1310.6
1e+12 3.79775e+09 37977.5 1292.31
1e+12 3.81236e+09 38123.6 1274.23
1e+12 3.82702e+09 38270.2 1256.4
1e+12 3.84174e+09 38417.4 1238.78
1e+12 3.85652e+09 38565.2 1221.37
1e+12 3.87135e+09 38713.5 1204.2
1e+12 3.88624e+09 38862.4 1187.23
1e+12 3.90119e+09 39011.9 1170.48
1e+12 3.91619e+09 39161.9 1153.94
1e+12 3.93126e+09 39312.6 1137.6
1e+12 3.94638e+09 39463.8 1121.48
1e+12 3.96156e+09 39615.6 1105.56
1e+12 3.97679e+09 39767.9 1089.84
1e+12 3.99209e+09 39920.9 1074.32
1e+12 4.00745e+09 40074.5 1058.99
1e+12 4.02286e+09 40228.6 1043.86
1e+12 4.03833e+09 40383.3 1028.93
1e+12 4.05387e+09 40538.7 1014.18
1e+12 4.06946e+09 40694.6 999.625
1e+12 4.08511e+09 40851.1 985.257
1e+12 4.10082e+09 41008.2 971.073
1e+12 4.1166e+09 41166 957.063
1e+12 4.13243e+09 41324.3 943.242
1e+12 4.14832e+09 41483.2 929.6
1e+12 4.16428e+09 41642.8 916.127
1e+12 4.1803e+09 41803 902.829
1e+12 4.19638e+09 41963.8 889.704
1e+12 4.21252e+09 42125.2 876.751
1e+12 4.22872e+09 42287.2 863.968
1e+12 4.24498e+09 42449.8 851.353
1e+12 4.26131e+09 42613.1 838.896
1e+12 4.2777e+09 42777 826.604
1e+12 4.29415e+09 42941.5 814.475
1e+12 4.31067e+09 43106.7 802.5
1e+12 4.32725e+09 43272.5 790.684
1e+12 4.34389e+09 43438.9 779.026
1e+12 4.3606e+09 43606 767.517
1e+12 4.37737e+09 43773.7 756.162
1e+12 4.39421e+09 43942.1 744.954
1e+12 4.41111e+09 44111.1 733.897
1e+12 4.42808e+09 44280.8 722.983
1e+12 4.44511e+09 44451.1 712.217
1e+12 4.46221e+09 44622.1 701.591
1e+12 4.47937e+09 44793.7 691.11
1e+12 4.4966e+09 44966 680.766
1e+12 4.5139e+09 45139 670.558
1e+12 4.53126e+09 45312.6 660.491
1e+12 4.54869e+09 45486.9 650.556
1e+12 4.56618e+09 45661.8 640.758
1e+12 4.58374e+09 45837.4 631.091
1e+12 4.60138e+09 46013.8 621.546
1e+12 4.61907e+09 46190.7 612.14
1e+12 4.63684e+09 46368.4 602.855
1e+12 4.65467e+09 46546.7 593.699
1e+12 4.67258e+09 46725.8 584.661
1e+12 4.69055e+09 46905.5 575.751
1e+12 4.70859e+09 47085.9 566.961
1e+12 4.7267e+09 47267 558.291
1e+12 4.74488e+09 47448.8 549.738
1e+12 4.76313e+09 47631.3 541.302
1e+12 4.78145e+09 47814.5 532.982
1e+12 4.79984e+09 47998.4 524.776
1e+12 4.81831e+09 48183.1 516.679
1e+12 4.83684e+09 48368.4 508.697
1e+12 4.85544e+09 48554.4 500.826
1e+12 4.87412e+09 48741.2 493.06
1e+12 4.89286e+09 48928.6 485.407
1e+12 4.91168e+09 49116.8 477.856
1e+12 4.93058e+09 49305.8 470.407
1e+12 4.94954e+09 49495.4 463.066
1e+12 4.96858e+09 49685.8 455.824
1e+12 4.98769e+09 49876.9 448.685
1e+12 5.00687e+09 50068.7 441.647
1e+12 5.02613e+09 50261.3 434.704
1e+12 5.04546e+09 50454.6 427.861
1e+12 5.06487e+09 50648.7 421.112
1e+12 5.08435e+09 50843.5 414.459
1e+12 5.10391e+09 51039.1 407.898
1e+12 5.12354e+09 51235.4 401.431
1e+12 5.14324e+09 51432.4 395.058
1e+12 5.16303e+09 51630.3 388.77
1e+12 5.18288e+09 51828.8 382.577
1e+12 5.20282e+09 52028.2 376.467
1e+12 5.22283e+09 52228.3 370.446
1e+12 5.24292e+09 52429.2 364.511
1e+12 5.26309e+09 52630.9 358.659
1e+12 5.28333e+09 52833.3 352.893
1e+12 5.30365e+09 53036.5 347.209
1e+12 5.32405e+09 53240.5 341.607
1e+12 5.34453e+09 53445.3 336.084
1e+12 5.36508e+09 53650.8 330.643
1e+12 5.38572e+09 53857.2 325.279
1e+12 5.40643e+09 54064.3 319.994
1e+12 5.42723e+09 54272.3 314.783
1e+12 5.4481e+09 54481 309.65
1e+12 5.46906e+09 54690.6 304.589
1e+12 5.4901e+09 54901 299.603
1e+12 5.51121e+09 55112.1 294.692
1e+12 5.53241e+09 55324.1 289.85
1e+12 5.55369e+09 55536.9 285.08
1e+12 5.57505e+09 55750.5 280.38
1e+12 5.59649e+09 55964.9 275.75
1e+12 5.61802e+09 56180.2 271.186
1e+12 5.63963e+09 56396.3 266.69
1e+12 5.66132e+09 56613.2 262.262
1e+12 5.68309e+09 56830.9 257.899
1e+12 5.70495e+09 57049.5 253.6
1e+12 5.7269e+09 57269 249.364
1e+12 5.74892e+09 57489.2 245.194
1e+12 5.77104e+09 57710.4 241.083
1e+12 5.79323e+09 57932.3 237.037
1e+12 5.81552e+09 58155.2 233.048
1e+12 5.83788e+09 58378.8 229.122
1e+12 5.86034e+09 58603.4 225.252
1e+12 5.88288e+09 58828.8 221.442
1e+12 5.90551e+09 59055.1 217.689
1e+12 5.92822e+09 59282.2 213.994
1e+12 5.95102e+09 59510.2 210.354
1e+12 5.97391e+09 59739.1 206.769
1e+12 5.99689e+09 59968.9 203.239
1e+12 6.01995e+09 60199.5 199.763
1e+12 6.04311e+09 60431.1 196.339
1e+12 6.06635e+09 60663.5 192.969
1e+12 6.08969e+09 60896.9 189.648
1e+12 6.11311e+09 61131.1 186.38
1e+12 6.13662e+09 61366.2 183.162
1e+12 6.16022e+09 61602.2 179.994
1e+12 6.18392e+09 61839.2 176.874
1e+12 6.2077e+09 62077 173.803
1e+12 6.23158e+09 62315.8 170.779
1e+12 6.25555e+09 62555.5 167.802
1e+12 6.27961e+09 62796.1 164.872
1e+12 6.30376e+09 63037.6 161.987
1e+12 6.32801e+09 63280.1 159.147
1e+12 6.35235e+09 63523.5 156.352
1e+12 6.37678e+09 63767.8 153.601
1e+12 6.40131e+09 64013.1 150.892
1e+12 6.42593e+09 64259.3 148.227
1e+12 6.45065e+09 64506.5 145.603
1e+12 6.47546e+09 64754.6 143.021
1e+12 6.50036e+09 65003.6 140.48
1e+12 6.52537e+09 65253.7 137.979
1e+12 6.55046e+09 65504.6 135.518
1e+12 6.57566e+09 65756.6 133.096
1e+12 6.60095e+09 66009.5 130.713
1e+12 6.62634e+09 66263.4 128.368
1e+12 6.65183e+09 66518.3 126.06
1e+12 6.67741e+09 66774.1 123.79
1e+12 6.7031e+09 67031 121.556
1e+12 6.72888e+09 67288.8 119.358
1e+12 6.75476e+09 67547.6 117.196
1e+12 6.78074e+09 67807.4 115.068
1e+12 6.80682e+09 68068.2 112.975
1e+12 6.833e+09 68330 110.917
1e+12 6.85928e+09 68592.8 108.891
1e+12 6.88567e+09 68856.7 106.899
1e+12 6.91215e+09 69121.5 104.939
1e+12 6.93874e+09 69387.4 103.011
1e+12 6.96543e+09 69654.3 101.115
1e+12 6.99222e+09 69922.2 99.2508
1e+12 7.01911e+09 70191.1 97.4171
1e+12 7.04611e+09 70461.1 95.6133
1e+12 7.07321e+09 70732.1 93.8396
1e+12 7.10042e+09 71004.2 92.0949
1e+12 7.12773e+09 71277.3 90.3795
1e+12 7.15514e+09 71551.4 88.693
1e+12 7.18266e+09 71826.6 87.0344
1e+12 7.21029e+09 72102.9 85.4033
1e+12 7.23802e+09 72380.2 83.7999
1e+12 7.26586e+09 72658.6 82.2232
1e+12 7.29381e+09 72938.1 80.673
1e+12 7.32186e+09 73218.6 79.1492
1e+12 7.35002e+09 73500.2 77.6511
1e+12 7.37829e+09 73782.9 76.1783
1e+12 7.40667e+09 74066.7 74.7305
1e+12 7.43516e+09 74351.6 73.3072
1e+12 7.46376e+09 74637.6 71.9082
1e+12 7.49247e+09 74924.7 70.533
1e+12 7.52129e+09 75212.9 69.1814
1e+12 7.55022e+09 75502.2 67.8531
1e+12 7.57926e+09 75792.6 66.5476
1e+12 7.60841e+09 76084.1 65.2647
1e+12 7.63767e+09 76376.7 64.004
1e+12 7.66705e+09 76670.5 62.7649
1e+12 7.69654e+09 76965.4 61.5473
1e+12 7.72614e+09 77261.4 60.351
1e+12 7.75586e+09 77558.6 59.1753
1e+12 7.78569e+09 77856.9 58.0203
1e+12 7.81564e+09 78156.4 56.8853
1e+12 7.8457e+09 78457 55.7704
1e+12 7.87587e+09 78758.7 54.6752
1e+12 7.90617e+09 79061.7 53.5989
1e+12 7.93658e+09 79365.8 52.5417
1e+12 7.9671e+09 79671 51.5035
1e+12 7.99775e+09 79977.5 50.4832
1e+12 8.02851e+09 80285.1 49.4813
1e+12 8.05939e+09 80593.9 48.4972
1e+12 8.09039e+09 80903.9 47.5306
1e+12 8.12151e+09 81215.1 46.5812
1e+12 8.15274e+09 81527.4 45.6491
1e+12 8.1841e+09 81841 44.7335
1e+12 8.21558e+09 82155.8 43.8344
1e+12 8.24718e+09 82471.8 42.9515
1e+12 8.2789e+09 82789 42.0845
1e+12 8.31074e+09 83107.4 41.2334
1e+12 8.34271e+09 83427.1 40.3975
1e+12 8.3748e+09 83748 39.5768
1e+12 8.40701e+09 84070.1 38.7712
1e+12 8.43935e+09 84393.5 37.9802
1e+12 8.47181e+09 84718.1 37.2037
1e+12 8.50439e+09 85043.9 36.4417
1e+12 8.5371e+09 85371 35.6935
1e+12 8.56994e+09 85699.4 34.959
1e+12 8.6029e+09 86029 34.2382
1e+12 8.63599e+09 86359.9 33.5307
1e+12 8.66921e+09 86692.1 32.8363
1e+12 8.70255e+09 87025.5 32.1549
1e+12 8.73602e+09 87360.2 31.4862
1e+12 8.76962e+09 87696.2 30.83
1e+12 8.80336e+09 88033.6 30.1858
1e+12 8.83722e+09 88372.2 29.554
1e+12 8.87121e+09 88712.1 28.934
1e+12 8.90533e+09 89053.3 28.3257
1e+12 8.93958e+09 89395.8 27.7289
1e+12 8.97396e+09 89739.6 27.1434
1e+12 9.00848e+09 90084.8 26.569
1e+12 9.04313e+09 90431.3 26.0055
1e+12 9.07791e+09 90779.1 25.4528
1e+12 9.11283e+09 91128.3 24.9105
1e+12 9.14788e+09 91478.8 24.3788
1e+12 9.18307e+09 91830.7 23.8571
1e+12 9.21839e+09 92183.9 23.3456
1e+12 9.25384e+09 92538.4 22.844
1e+12 9.28944e+09 92894.4 22.3519
1e+12 9.32517e+09 93251.7 21.8694
1e+12 9.36103e+09 93610.3 21.3965
1e+12 9.39704e+09 93970.4 20.9325
1e+12 9.43318e+09 94331.8 20.4777
1e+12 9.46946e+09 94694.6 20.0318
1e+12 9.50589e+09 95058.9 19.5946
1e+12 9.54245e+09 95424.5 19.166
1e+12 9.57915e+09 95791.5 18.7459
1e+12 9.616e+09 96160 18.3339
1e+12 9.65298e+09 96529.8 17.9303
1e+12 9.69011e+09 96901.1 17.5345
1e+12 9.72738e+09 97273.8 17.1467
1e+12 9.7648e+09 97648 16.7665
1e+12 9.80236e+09 98023.6 16.394
1e+12 9.84006e+09 98400.6 16.0289
1e+12 9.87791e+09 98779.1 15.6712
1e+12 9.9159e+09 99159 15.3206
1e+12 9.95404e+09 99540.4 14.9772
1e+12 9.99233e+09 99923.3 14.6406
1e+12 1.00308e+10 100308 14.3105
1e+12 1.00693e+10 100693 13.9882
1e+12 1.01081e+10 101081 13.6712
1e+12 1.01469e+10 101469 13.3618
1e+12 1.0186e+10 101860 13.0576
1e+12 1.02252e+10 102252 12.76
1e+12 1.02645e+10 102645 12.4688
1e+12 1.0304e+10 103040 12.1834
1e+12 1.03436e+10 103436 11.9042
1e+12 1.03834e+10 103834 11.6304
1e+12 1.04233e+10 104233 11.3627
1e+12 1.04634e+10 104634 11.1002
1e+12 1.05037e+10 105037 10.843
1e+12 1.05441e+10 105441 10.5914
1e+12 1.05846e+10 105846 10.3454
1e+12 1.06253e+10 106253 10.1044
1e+12 1.06662e+10 106662 9.86817
1e+12 1.07072e+10 107072 9.63725
1e+12 1.07484e+10 107484 9.41098
1e+12 1.07897e+10 107897 9.18982
1e+12 1.08312e+10 108312 8.97315
1e+12 1.08729e+10 108729 8.76089
1e+12 1.09147e+10 109147 8.55346
1e+12 1.09567e+10 109567 8.35028
1e+12 1.09988e+10 109988 8.15176
1e+12 1.10412e+10 110412 7.95687
1e+12 1.10836e+10 110836 7.76692
1e+12 1.11262e+10 111262 7.58091
1e+12 1.1169e+10 111690 7.39878
1e+12 1.1212e+10 112120 7.22047
1e+12 1.12551e+10 112551 7.0463
1e+12 1.12984e+10 112984 6.8758
1e+12 1.13419e+10 113419 6.7089
1e+12 1.13855e+10 113855 6.54592
1e+12 1.14293e+10 114293 6.38641
1e+12 1.14733e+10 114733 6.2303
1e+12 1.15174e+10 115174 6.07789
1e+12 1.15617e+10 115617 5.92875
1e+12 1.16062e+10 116062 5.78282
1e+12 1.16508e+10 116508 5.64038
1e+12 1.16956e+10 116956 5.50103
1e+12 1.17406e+10 117406 5.36471
1e+12 1.17857e+10 117857 5.23167
1e+12 1.18311e+10 118311 5.10126
1e+12 1.18766e+10 118766 4.974
1e+12 1.19223e+10 119223 4.84955
1e+12 1.19681e+10 119681 4.72812
1e+12 1.20142e+10 120142 4.60914
1e+12 1.20604e+10 120604 4.49306
1e+12 1.21068e+10 121068 4.37957
1e+12 1.21533e+10 121533 4.26888
1e+12 1.22001e+10 122001 4.16044
1e+12 1.2247e+10 122470 4.05468
1e+12 1.22941e+10 122941 3.95132
1e+12 1.23414e+10 123414 3.85031
1e+12 1.23889e+10 123889 3.7516
1e+12 1.24365e+10 124365 3.65536
1e+12 1.24843e+10 124843 3.56133
1e+12 1.25324e+10 125324 3.46927
1e+12 1.25806e+10 125806 3.37953
1e+12 1.26289e+10 126289 3.29205
1e+12 1.26775e+10 126775 3.20643
1e+12 1.27263e+10 127263 3.12282
1e+12 1.27752e+10 127752 3.04132
1e+12 1.28244e+10 128244 2.96158
1e+12 1.28737e+10 128737 2.88388
1e+12 1.29232e+10 129232 2.80802
1e+12 1.29729e+10 129729 2.73396
1e+12 1.30228e+10 130228 2.66166
1e+12 1.30729e+10 130729 2.59109
1e+12 1.31232e+10 131232 2.52221
1e+12 1.31737e+10 131737 2.45499
1e+12 1.32243e+10 132243 2.38952
1e+12 1.32752e+10 132752 2.3255
1e+12 1.33263e+10 133263 2.26304
1e+12 1.33775e+10 133775 2.20222
1e+12 1.3429e+10 134290 2.14278
1e+12 1.34806e+10 134806 2.0849
1e+12 1.35325e+10 135325 2.02833
1e+12 1.35845e+10 135845 1.97327
1e+12 1.36368e+10 136368 1.91947
1e+12 1.36892e+10 136892 1.8671
1e+12 1.37419e+10 137419 1.81594
1e+12 1.37947e+10 137947 1.76616
1e+12 1.38478e+10 138478 1.71753
1e+12 1.39011e+10 139011 1.67012
1e+12 1.39545e+10 139545 1.624
1e+12 1.40082e+10 140082 1.57896
1e+12 1.40621e+10 140621 1.53506
1e+12 1.41162e+10 141162 1.49228
1e+12 1.41705e+10 141705 1.4506
1e+12 1.4225e+10 142250 1.40998
1e+12 1.42797e+10 142797 1.37041
1e+12 1.43346e+10 143346 1.33186
1e+12 1.43897e+10 143897 1.29431
1e+12 1.44451e+10 144451 1.25767
1e+12 1.45006e+10 145006 1.22204
1e+12 1.45564e+10 145564 1.18728
1e+12 1.46124e+10 146124 1.15344
1e+12 1.46686e+10 146686 1.12048
1e+12 1.4725e+10 147250 1.0884
1e+12 1.47817e+10 147817 1.05711
1e+12 1.48385e+10 148385 1.0267
1e+12 1.48956e+10 148956 0.997049
1e+12 1.49529e+10 149529 0.968192
1e+12 1.50104e+10 150104 0.940107
1e+12 1.50681e+10 150681 0.912778
1e+12 1.51261e+10 151261 0.88614
1e+12 1.51843e+10 151843 0.860223
1e+12 1.52427e+10 152427 0.835009
1e+12 1.53013e+10 153013 0.810482
1e+12 1.53602e+10 153602 0.786583
1e+12 1.54192e+10 154192 0.763379
1e+12 1.54785e+10 154785 0.740775
1e+12 1.55381e+10 155381 0.718756
1e+12 1.55978e+10 155978 0.697383
1e+12 1.56578e+10 156578 0.676567
1e+12 1.57181e+10 157181 0.656298
1e+12 1.57785e+10 157785 0.636627
1e+12 1.58392e+10 158392 0.617475
1e+12 1.59001e+10 159001 0.598861
1e+12 1.59613e+10 159613 0.580742
1e+12 1.60227e+10 160227 0.563135
1e+12 1.60843e+10 160843 0.546028
1e+12 1.61462e+10 161462 0.52938
1e+12 1.62083e+10 162083 0.513208
1e+12 1.62706e+10 162706 0.497498
1e+12 1.63332e+10 163332 0.482215
1e+12 1.6396e+10 163960 0.467372
1e+12 1.64591e+10 164591 0.452935
1e+12 1.65224e+10 165224 0.438917
1e+12 1.65859e+10 165859 0.425306
1e+12 1.66497e+10 166497 0.412072
1e+12 1.67138e+10 167138 0.399204
1e+12 1.67781e+10 167781 0.386714
1e+12 1.68426e+10 168426 0.374592
1e+12 1.69074e+10 169074 0.362809
1e+12 1.69724e+10 169724 0.351376
1e+12 1.70377e+10 170377 0.340265
1e+12 1.71032e+10 171032 0.329486
1e+12 1.7169e+10 171690 0.319012
1e+12 1.7235e+10 172350 0.308853
1e+12 1.73013e+10 173013 0.298985
1e+12 1.73679e+10 173679 0.2894
1e+12 1.74347e+10 174347 0.280105
1e+12 1.75017e+10 175017 0.271093
1e+12 1.7569e+10 175690 0.262342
1e+12 1.76366e+10 176366 0.253846
1e+12 1.77045e+10 177045 0.245598
1e+12 1.77726e+10 177726 0.237603
1e+12 1.78409e+10 178409 0.229855
1e+12 1.79095e+10 179095 0.222336
1e+12 1.79784e+10 179784 0.21504
1e+12 1.80476e+10 180476 0.207961
1e+12 1.8117e+10 181170 0.201102
1e+12 1.81867e+10 181867 0.194449
1e+12 1.82566e+10 182566 0.188005
1e+12 1.83268e+10 183268 0.181755
1e+12 1.83973e+10 183973 0.175694
1e+12 1.84681e+10 184681 0.169817
1e+12 1.85391e+10 185391 0.164127
1e+12 1.86104e+10 186104 0.158611
1e+12 1.8682e+10 186820 0.153264
1e+12 1.87539e+10 187539 0.148081
1e+12 1.8826e+10 188260 0.143065
1e+12 1.88984e+10 188984 0.138205
1e+12 1.89711e+10 189711 0.133495
1e+12 1.90441e+10 190441 0.128933
1e+12 1.91173e+10 191173 0.124519
1e+12 1.91909e+10 191909 0.120238
1e+12 1.92647e+10 192647 0.116097
1e+12 1.93388e+10 193388 0.112087
1e+12 1.94132e+10 194132 0.108204
1e+12 1.94878e+10 194878 0.10445
1e+12 1.95628e+10 195628 0.100811
1e+12 1.9638e+10 196380 0.0972932
1e+12 1.97136e+10 197136 0.0938839
1e+12 1.97894e+10 197894 0.0905888
1e+12 1.98655e+10 198655 0.0874004
1e+12 1.99419e+10 199419 0.0843155
1e+12 2.00186e+10 200186 0.081331
1e+12 2.00956e+10 200956 0.0784441
1e+12 2.01729e+10 201729 0.0756519
1e+12 2.02505e+10 202505 0.0729515
1e+12 2.03284e+10 203284 0.0703403
1e+12 2.04066e+10 204066 0.0678156
1e+12 2.04851e+10 204851 0.0653748
1e+12 2.05638e+10 205638 0.0630184
1e+12 2.06429e+10 206429 0.0607379
1e+12 2.07223e+10 207223 0.058534
1e+12 2.0802e+10 208020 0.0564043
1e+12 2.08821e+10 208821 0.054344
1e+12 2.09624e+10 209624 0.052356
1e+12 2.1043e+10 210430 0.0504357
1e+12 2.11239e+10 211239 0.0485809
1e+12 2.12052e+10 212052 0.0467874
1e+12 2.12868e+10 212868 0.0450556
1e+12 2.13686e+10 213686 0.0433855
1e+12 2.14508e+10 214508 0.0417712
1e+12 2.15333e+10 215333 0.040213
1e+12 2.16161e+10 216161 0.038709
1e+12 2.16993e+10 216993 0.0372558
1e+12 2.17827e+10 217827 0.0358552
1e+12 2.18665e+10 218665 0.0345022
1e+12 2.19506e+10 219506 0.033197
1e+12 2.20351e+10 220351 0.0319365
1e+12 2.21198e+10 221198 0.0307222
1e+12 2.22049e+10 222049 0.0295498
1e+12 2.22903e+10 222903 0.0284194
1e+12 2.2376e+10 223760 0.0273294
1e+12 2.24621e+10 224621 0.0262775
1e+12 2.25485e+10 225485 0.0252636
1e+12 2.26352e+10 226352 0.0242864
1e+12 2.27223e+10 227223 0.0233437
1e+12 2.28097e+10 228097 0.0224353
1e+12 2.28974e+10 228974 0.0215602
1e+12 2.29855e+10 229855 0.0207162
1e+12 2.30739e+10 230739 0.0199033
1e+12 2.31627e+10 231627 0.0191196
1e+12 2.32517e+10 232517 0.0183658
1e+12 2.33412e+10 233412 0.0176384
1e+12 2.3431e+10 234310 0.0169382
1e+12 2.35211e+10 235211 0.0162641
1e+12 2.36115e+10 236115 0.0156154
1e+12 2.37024e+10 237024 0.0149898
1e+12 2.37935e+10 237935 0.0143885
1e+12 2.3885e+10 238850 0.0138093
1e+12 2.39769e+10 239769 0.0132516
1e+12 2.40691e+10 240691 0.0127152
1e+12 2.41617e+10 241617 0.0121988
1e+12 2.42546e+10 242546 0.0117023
1e+12 2.43479e+10 243479 0.0112243
1e+12 2.44416e+10 244416 0.0107644
1e+12 2.45356e+10 245356 0.0103224
1e+12 2.463e+10 246300 0.00989707
1e+12 2.47247e+10 247247 0.00948839
1e+12 2.48198e+10 248198 0.00909532
1e+12 2.49153e+10 249153 0.00871732
1e+12 2.50111e+10 250111 0.00835423
1e+12 2.51073e+10 251073 0.00800515
1e+12 2.52039e+10 252039 0.00766959
1e+12 2.53008e+10 253008 0.0073474
1e+12 2.53981e+10 253981 0.00703778
1e+12 2.54958e+10 254958 0.00674027
1e+12 2.55939e+10 255939 0.00645444
1e+12 2.56923e+10 256923 0.00618015
1e+12 2.57911e+10 257911 0.00591671
1e+12 2.58903e+10 258903 0.00566371
1e+12 2.59899e+10 259899 0.00542079
1e+12 2.60899e+10 260899 0.00518757
1e+12 2.61902e+10 261902 0.00496392
1e+12 2.6291e+10 262910 0.00474906
1e+12 2.63921e+10 263921 0.00454307
1e+12 2.64936e+10 264936 0.00434542
1e+12 2.65955e+10 265955 0.0041558
1e+12 2.66978e+10 266978 0.00397392
1e+12 2.68005e+10 268005 0.00379947
1e+12 2.69036e+10 269036 0.00363219
1e+12 2.70071e+10 270071 0.0034718
1e+12 2.71109e+10 271109 0.00331819
1e+12 2.72152e+10 272152 0.00317081
1e+12 2.73199e+10 273199 0.00302956
1e+12 2.7425e+10 274250 0.00289422
1e+12 2.75304e+10 275304 0.00276466
1e+12 2.76363e+10 276363 0.00264044
1e+12 2.77426e+10 277426 0.00252146
1e+12 2.78493e+10 278493 0.00240752
1e+12 2.79565e+10 279565 0.00229831
1e+12 2.8064e+10 280640 0.00219386
1e+12 2.81719e+10 281719 0.00209387
1e+12 2.82803e+10 282803 0.00199809
1e+12 2.83891e+10 283891 0.00190643
1e+12 2.84983e+10 284983 0.00181874
1e+12 2.86079e+10 286079 0.00173484
1e+12 2.87179e+10 287179 0.0016546
1e+12 2.88284e+10 288284 0.00157778
1e+12 2.89392e+10 289392 0.0015044
1e+12 2.90506e+10 290506 0.00143412
1e+12 2.91623e+10 291623 0.001367
1e+12 2.92745e+10 292745 0.00130279
1e+12 2.93871e+10 293871 0.00124143
1e+12 2.95001e+10 295001 0.00118281
1e+12 2.96136e+10 296136 0.00112676
1e+12 2.97275e+10 297275 0.00107322
1e+12 2.98418e+10 298418 0.00102209
1e+12 2.99566e+10 299566 0.000973223
1e+12 3.00718e+10 300718 0.000926574
1e+12 3.01875e+10 301875 0.000882007
1e+12 3.03036e+10 303036 0.000839473
1e+12 3.04201e+10 304201 0.000798887
1e+12 3.05371e+10 305371 0.000760131
1e+12 3.06546e+10 306546 0.000723129
1e+12 3.07725e+10 307725 0.000687839
1e+12 3.08909e+10 308909 0.000654157
1e+12 3.10097e+10 310097 0.000622043
1e+12 3.11289e+10 311289 0.00059143
1e+12 3.12487e+10 312487 0.000562202
1e+12 3.13689e+10 313689 0.000534349
1e+12 3.14895e+10 314895 0.00050781
1e+12 3.16106e+10 316106 0.000482506
1e+12 3.17322e+10 317322 0.000458385
1e+12 3.18543e+10 318543 0.000435394
1e+12 3.19768e+10 319768 0.000413503
1e+12 3.20998e+10 320998 0.000392645
1e+12 3.22233e+10 322233 0.000372776
1e+12 3.23472e+10 323472 0.000353866
1e+12 3.24716e+10 324716 0.000335859
1e+12 3.25965e+10 325965 0.000318714
1e+12 3.27219e+10 327219 0.000302392
1e+12 3.28477e+10 328477 0.000286869
1e+12 3.29741e+10 329741 0.000272086
1e+12 3.31009e+10 331009 0.000258031
1e+12 3.32282e+10 332282 0.000244661
1e+12 3.3356e+10 333560 0.000231944
1e+12 3.34843e+10 334843 0.000219851
1e+12 3.36131e+10 336131 0.000208354
1e+12 3.37424e+10 337424 0.000197424
1e+12 3.38722e+10 338722 0.000187036
1e+12 3.40025e+10 340025 0.000177165
1e+12 3.41333e+10 341333 0.000167786
1e+12 3.42645e+10 342645 0.000158884
1e+12 3.43963e+10 343963 0.000150422
1e+12 3.45286e+10 345286 0.000142388
1e+12 3.46614e+10 346614 0.00013476
1e+12 3.47948e+10 347948 0.000127513
1e+12 3.49286e+10 349286 0.000120642
1e+12 3.50629e+10 350629 0.000114121
1e+12 3.51978e+10 351978 0.000107931
1e+12 3.53332e+10 353332 0.000102059
1e+12 3.54691e+10 354691 9.64901e-05
1e+12 3.56055e+10 356055 9.12103e-05
1e+12 3.57425e+10 357425 8.62014e-05
1e+12 3.58799e+10 358799 8.14574e-05
1e+12 3.60179e+10 360179 7.69587e-05
1e+12 3.61565e+10 361565 7.26933e-05
1e+12 3.62955e+10 362955 6.86557e-05
1e+12 3.64351e+10 364351 6.48291e-05
1e+12 3.65753e+10 365753 6.12031e-05
1e+12 3.6716e+10 367160 5.77702e-05
1e+12 3.68572e+10 368572 5.4521e-05
1e+12 3.69989e+10 369989 5.1446e-05
1e+12 3.71413e+10 371413 4.85325e-05
1e+12 3.72841e+10 372841 4.57784e-05
1e+12 3.74275e+10 374275 4.31717e-05
1e+12 3.75715e+10 375715 4.0705e-05
1e+12 3.7716e+10 377160 3.8373e-05
1e+12 3.78611e+10 378611 3.61672e-05
1e+12 3.80067e+10 380067 3.40826e-05
1e+12 3.81529e+10 381529 3.21116e-05
1e+12 3.82996e+10 382996 3.02497e-05
1e+12 3.84469e+10 384469 2.849e-05
1e+12 3.85948e+10 385948 2.68271e-05
1e+12 3.87433e+10 387433 2.52562e-05
1e+12 3.88923e+10 388923 2.37734e-05
1e+12 3.90419e+10 390419 2.23731e-05
1e+12 3.9192e+10 391920 2.10519e-05
1e+12 3.93428e+10 393428 1.98039e-05
1e+12 3.94941e+10 394941 1.86269e-05
1e+12 3.9646e+10 396460 1.75163e-05
1e+12 3.97985e+10 397985 1.64686e-05
1e+12 3.99516e+10 399516 1.54805e-05
1e+12 4.01052e+10 401052 1.45493e-05
1e+12 4.02595e+10 402595 1.36709e-05
1e+12 4.04143e+10 404143 1.28434e-05
1e+12 4.05698e+10 405698 1.20631e-05
1e+12 4.07258e+10 407258 1.13285e-05
1e+12 4.08825e+10 408825 1.0636e-05
1e+12 4.10397e+10 410397 9.98425e-06
1e+12 4.11976e+10 411976 9.37022e-06
1e+12 4.1356e+10 413560 8.79257e-06
1e+12 4.15151e+10 415151 8.24857e-06
1e+12 4.16748e+10 416748 7.7367e-06
1e+12 4.18351e+10 418351 7.25516e-06
1e+12 4.1996e+10 419960 6.80226e-06
1e+12 4.21575e+10 421575 6.37639e-06
1e+12 4.23197e+10 423197 5.97577e-06
1e+12 4.24824e+10 424824 5.59946e-06
1e+12 4.26458e+10 426458 5.24562e-06
1e+12 4.28099e+10 428099 4.913e-06
1e+12 4.29745e+10 429745 4.60076e-06
1e+12 4.31398e+10 431398 4.30737e-06
1e+12 4.33057e+10 433057 4.03191e-06
1e+12 4.34723e+10 434723 3.77321e-06
1e+12 4.36395e+10 436395 3.53043e-06
1e+12 4.38074e+10 438074 3.30251e-06
1e+12 4.39759e+10 439759 3.08873e-06
1e+12 4.4145e+10 441450 2.88824e-06
1e+12 4.43148e+10 443148 2.70016e-06
1e+12 4.44853e+10 444853 2.52376e-06
1e+12 4.46564e+10 446564 2.35845e-06
1e+12 4.48281e+10 448281 2.20357e-06
1e+12 4.50005e+10 450005 2.0584e-06
1e+12 4.51736e+10 451736 1.92238e-06
1e+12 4.53474e+10 453474 1.79496e-06
1e+12 4.55218e+10 455218 1.67568e-06
1e+12 4.56969e+10 456969 1.56399e-06
1e+12 4.58727e+10 458727 1.45944e-06
1e+12 4.60491e+10 460491 1.36165e-06
1e+12 4.62262e+10 462262 1.27014e-06
1e+12 4.6404e+10 464040 1.18454e-06
1e+12 4.65825e+10 465825 1.10449e-06
1e+12 4.67617e+10 467617 1.02963e-06
1e+12 4.69415e+10 469415 9.59704e-07
1e+12 4.71221e+10 471221 8.94314e-07
1e+12 4.73033e+10 473033 8.33254e-07
1e+12 4.74853e+10 474853 7.76187e-07
1e+12 4.76679e+10 476679 7.22924e-07
1e+12 4.78513e+10 478513 6.7317e-07
1e+12 4.80353e+10 480353 6.26755e-07
1e+12 4.82201e+10 482201 5.83419e-07
1e+12 4.84055e+10 484055 5.43012e-07
1e+12 4.85917e+10 485917 5.05305e-07
1e+12 4.87786e+10 487786 4.70145e-07
1e+12 4.89662e+10 489662 4.37368e-07
1e+12 4.91546e+10 491546 4.06805e-07
1e+12 4.93436e+10 493436 3.78343e-07
1e+12 4.95334e+10 495334 3.51816e-07
1e+12 4.97239e+10 497239 3.27113e-07
1e+12 4.99152e+10 499152 3.04102e-07
1e+12 5.01072e+10 501072 2.82684e-07
1e+12 5.02999e+10 502999 2.62753e-07
1e+12 5.04934e+10 504934 2.44203e-07
1e+12 5.06876e+10 506876 2.26949e-07
1e+12 5.08825e+10 508825 2.10907e-07
1e+12 5.10783e+10 510783 1.9598e-07
1e+12 5.12747e+10 512747 1.82114e-07
1e+12 5.14719e+10 514719 1.69226e-07
1e+12 5.16699e+10 516699 1.57249e-07
1e+12 5.18687e+10 518687 1.46121e-07
1e+12 5.20682e+10 520682 1.35791e-07
1e+12 5.22684e+10 522684 1.26205e-07
1e+12 5.24695e+10 524695 1.17301e-07
1e+12 5.26713e+10 526713 1.09042e-07
1e+12 5.28739e+10 528739 1.01379e-07
1e+12 5.30772e+10 530772 9.42754e-08
1e+12 5.32814e+10 532814 8.7685e-08
1e+12 5.34863e+10 534863 8.15785e-08
1e+12 5.3692e+10 536920 7.59193e-08
1e+12 5.38986e+10 538986 7.06735e-08
1e+12 5.41059e+10 541059 6.58169e-08
1e+12 5.4314e+10 543140 6.13198e-08
1e+12 5.45229e+10 545229 5.71567e-08
1e+12 5.47326e+10 547326 5.33039e-08
1e+12 5.49431e+10 549431 4.97393e-08
1e+12 5.51544e+10 551544 4.64422e-08
1e+12 5.53666e+10 553666 4.3392e-08
1e+12 5.55795e+10 555795 4.05738e-08
1e+12 5.57933e+10 557933 3.7968e-08
1e+12 5.60079e+10 560079 3.55606e-08
1e+12 5.62233e+10 562233 3.33371e-08
1e+12 5.64396e+10 564396 3.12831e-08
1e+12 5.66567e+10 566567 2.93871e-08
1e+12 5.68746e+10 568746 2.76375e-08
1e+12 5.70934e+10 570934 2.60226e-08
1e+12 5.73129e+10 573129 2.45339e-08
1e+12 5.75334e+10 575334 2.31602e-08
1e+12 5.77547e+10 577547 2.18939e-08
1e+12 5.79768e+10 579768 2.07271e-08
1e+12 5.81998e+10 581998 1.96518e-08
1e+12 5.84237e+10 584237 1.86612e-08
1e+12 5.86484e+10 586484 1.77491e-08
1e+12 5.8874e+10 588740 1.69093e-08
1e+12 5.91004e+10 591004 1.61367e-08
1e+12 5.93277e+10 593277 1.54257e-08
1e+12 5.95559e+10 595559 1.47717e-08
1e+12 5.9785e+10 597850 1.41702e-08
1e+12 6.00149e+10 600149 1.36175e-08
1e+12 6.02458e+10 602458 1.31093e-08
1e+12 6.04775e+10 604775 1.26426e-08
1e+12 6.07101e+10 607101 1.22139e-08
1e+12 6.09436e+10 609436 1.18203e-08
1e+12 6.1178e+10 611780 1.14589e-08
1e+12 6.14133e+10 614133 1.11274e-08
1e+12 6.16496e+10 616496 1.08231e-08
1e+12 6.18867e+10 618867 1.05442e-08
1e+12 6.21247e+10 621247 1.02885e-08
1e+12 6.23637e+10 623637 1.00541e-08
1e+12 6.26035e+10 626035 9.8394e-09
1e+12 6.28443e+10 628443 9.64269e-09
1e+12 6.3086e+10 630860 9.46258e-09
1e+12 6.33287e+10 633287 9.29767e-09
1e+12 6.35723e+10 635723 9.14677e-09
1e+12 6.38168e+10 638168 9.00875e-09
1e+12 6.40623e+10 640623 8.88249e-09
1e+12 6.43087e+10 643087 8.76708e-09
1e+12 6.4556e+10 645560 8.66162e-09
1e+12 6.48043e+10 648043 8.56525e-09
1e+12 6.50536e+10 650536 8.4772e-09
1e+12 6.53038e+10 653038 8.39683e-09
1e+12 6.5555e+10 655550 8.32345e-09
1e+12 6.58071e+10 658071 8.25651e-09
1e+12 6.60602e+10 660602 8.19396e-09
1e+12 6.63143e+10 663143 8.13261e-09
1e+12 6.65694e+10 665694 8.07103e-09
1e+12 6.68254e+10 668254 8.00922e-09
1e+12 6.70824e+10 670824 7.94718e-09
1e+12 6.73405e+10 673405 7.88486e-09
1e+12 6.75995e+10 675995 7.82233e-09
1e+12 6.78595e+10 678595 7.75956e-09
1e+12 6.81205e+10 681205 7.69655e-09
1e+12 6.83825e+10 683825 7.6333e-09
1e+12 6.86455e+10 686455 7.5698e-09
1e+12 6.89096e+10 689096 7.50604e-09
1e+12 6.91746e+10 691746 7.44206e-09
1e+12 6.94407e+10 694407 7.37782e-09
1e+12 6.97078e+10 697078 7.31333e-09
1e+12 6.99759e+10 699759 7.24861e-09
1e+12 7.0245e+10 702450 7.18364e-09
1e+12 7.05152e+10 705152 7.11841e-09
1e+12 7.07864e+10 707864 7.05293e-09
1e+12 7.10587e+10 710587 6.98719e-09
1e+12 7.1332e+10 713320 6.92121e-09
1e+12 7.16064e+10 716064 6.85496e-09
1e+12 7.18818e+10 718818 6.78847e-09
1e+12 7.21583e+10 721583 6.72172e-09
1e+12 7.24358e+10 724358 6.65472e-09
1e+12 7.27144e+10 727144 6.58746e-09
1e+12 7.29941e+10 729941 6.51994e-09
1e+12 7.32749e+10 732749 6.45214e-09
1e+12 7.35567e+10 735567 6.38411e-09
1e+12 7.38396e+10 738396 6.31581e-09
1e+12 7.41236e+10 741236 6.24724e-09
1e+12 7.44087e+10 744087 6.17841e-09
1e+12 7.46949e+10 746949 6.10932e-09
1e+12 7.49822e+10 749822 6.03996e-09
1e+12 7.52706e+10 752706 5.97033e-09
1e+12 7.55601e+10 755601 5.90044e-09
1e+12 7.58508e+10 758508 5.83025e-09
1e+12 7.61425e+10 761425 5.75983e-09
1e+12 7.64354e+10 764354 5.68911e-09
1e+12 7.67294e+10 767294 5.61814e-09
1e+12 7.70245e+10 770245 5.54689e-09
1e+12 7.73208e+10 773208 5.47536e-09
1e+12 7.76182e+10 776182 5.40356e-09
1e+12 7.79167e+10 779167 5.33149e-09
1e+12 7.82164e+10 782164 5.25913e-09
1e+12 7.85172e+10 785172 5.18651e-09
1e+12 7.88192e+10 788192 5.1136e-09
1e+12 7.91224e+10 791224 5.0404e-09
1e+12 7.94267e+10 794267 4.96694e-09
1e+12 7.97322e+10 797322 4.89318e-09
1e+12 8.00389e+10 800389 4.81913e-09
1e+12 8.03468e+10 803468 4.7448e-09
1e+12 8.06558e+10 806558 4.6702e-09
1e+12 8.0966e+10 809660 4.59531e-09
1e+12 8.12774e+10 812774 4.52013e-09
1e+12 8.15901e+10 815901 4.44463e-09
1e+12 8.19039e+10 819039 4.36887e-09
1e+12 8.22189e+10 822189 4.29283e-09
1e+12 8.25351e+10 825351 4.21649e-09
1e+12 8.28526e+10 828526 4.13983e-09
1e+12 8.31713e+10 831713 4.06289e-09
1e+12 8.34912e+10 834912 3.98566e-09
1e+12 8.38123e+10 838123 3.90814e-09
1e+12 8.41347e+10 841347 3.8303e-09
1e+12 8.44583e+10 844583 3.75218e-09
1e+12 8.47831e+10 847831 3.67376e-09
1e+12 8.51092e+10 851092 3.59503e-09
1e+12 8.54366e+10 854366 3.51599e-09
1e+12 8.57652e+10 857652 3.43666e-09
1e+12 8.60951e+10 860951 3.35701e-09
1e+12 8.64262e+10 864262 3.27707e-09
1e+12 8.67586e+10 867586 3.19682e-09
1e+12 8.70923e+10 870923 3.11626e-09
1e+12 8.74273e+10 874273 3.03538e-09
1e+12 8.77636e+10 877636 2.95419e-09
1e+12 8.81012e+10 881012 2.87268e-09
1e+12 8.844e+10 884400 2.79089e-09
1e+12 8.87802e+10 887802 2.70876e-09
1e+12 8.91217e+10 891217 2.62631e-09
1e+12 8.94645e+10 894645 2.54355e-09
1e+12 8.98086e+10 898086 2.46047e-09
1e+12 9.0154e+10 901540 2.37708e-09
1e+12 9.05008e+10 905008 2.29336e-09
1e+12 9.08489e+10 908489 2.20932e-09
1e+12 9.11983e+10 911983 2.12496e-09
1e+12 9.15491e+10 915491 2.04027e-09
1e+12 9.19012e+10 919012 1.95526e-09
1e+12 9.22547e+10 922547 1.86992e-09
1e+12 9.26095e+10 926095 1.78426e-09
1e+12 9.29657e+10 929657 1.69827e-09
1e+12 9.33233e+10 933233 1.61193e-09
1e+12 9.36822e+10 936822 1.52528e-09
1e+12 9.40426e+10 940426 1.43827e-09
1e+12 9.44043e+10 944043 1.35095e-09
1e+12 9.47674e+10 947674 1.26329e-09
1e+12 9.51319e+10 951319 1.17529e-09
1e+12 9.54978e+10 954978 1.08695e-09
1e+12 9.58651e+10 958651 9.98274e-10
1e+12 9.62338e+10 962338 9.0926e-10
1e+12 9.6604e+10 966040 8.19884e-10
1e+12 9.69755e+10 969755 7.30194e-10
1e+12 9.73485e+10 973485 6.40142e-10
1e+12 9.7723e+10 977230 5.49728e-10
1e+12 9.80988e+10 980988 4.59e-10
1e+12 9.84762e+10 984762 3.67885e-10
1e+12 9.88549e+10 988549 2.76457e-10
1e+12 9.92352e+10 992352 1.84643e-10
1e+12 9.96168e+10 996168 9.25146e-11
1e+12 1e+11 1e+06 0

