# columns: Enu_GeV r_cm r_km tau
100000 1e+06 10 4.65838e+09
100000 1.00385e+06 10.0385 4.62271e+09
100000 1.00771e+06 10.0771 4.58735e+09
100000 1.01158e+06 10.1158 4.55231e+09
100000 1.01547e+06 10.1547 4.51748e+09
100000 1.01938e+06 10.1938 4.48288e+09
100000 1.0233e+06 10.233 4.44859e+09
100000 1.02724e+06 10.2724 4.41452e+09
100000 1.03119e+06 10.3119 4.38075e+09
100000 1.03515e+06 10.3515 4.34729e+09
100000 1.03914e+06 10.3914 4.31396e+09
100000 1.04313e+06 10.4313 4.28101e+09
100000 1.04714e+06 10.4714 4.24827e+09
100000 1.05117e+06 10.5117 4.21575e+09
100000 1.05522e+06 10.5522 4.18344e+09
100000 1.05927e+06 10.5927 4.1515e+09
100000 1.06335e+06 10.6335 4.11969e+09
100000 1.06744e+06 10.6744 4.08817e+09
100000 1.07154e+06 10.7154 4.05693e+09
100000 1.07567e+06 10.7567 4.02583e+09
100000 1.0798e+06 10.798 3.99508e+09
100000 1.08396e+06 10.8396 3.96446e+09
100000 1.08813e+06 10.8813 3.93413e+09
100000 1.09231e+06 10.9231 3.90406e+09
100000 1.09651e+06 10.9651 3.8742e+09
100000 1.10073e+06 11.0073 3.84454e+09
100000 1.10496e+06 11.0496 3.81515e+09
100000 1.10921e+06 11.0921 3.78596e+09
100000 1.11348e+06 11.1348 3.75697e+09
100000 1.11776e+06 11.1776 3.72824e+09
100000 1.12206e+06 11.2206 3.69971e+09
100000 1.12638e+06 11.2638 3.67138e+09
100000 1.13071e+06 11.3071 3.6433e+09
100000 1.13506e+06 11.3506 3.61542e+09
100000 1.13942e+06 11.3942 3.58779e+09
100000 1.14381e+06 11.4381 3.56029e+09
100000 1.14821e+06 11.4821 3.53305e+09
100000 1.15262e+06 11.5262 3.50606e+09
100000 1.15706e+06 11.5706 3.47919e+09
100000 1.16151e+06 11.6151 3.45257e+09
100000 1.16597e+06 11.6597 3.4262e+09
100000 1.17046e+06 11.7046 3.39995e+09
100000 1.17496e+06 11.7496 3.37395e+09
100000 1.17948e+06 11.7948 3.34813e+09
100000 1.18402e+06 11.8402 3.32249e+09
100000 1.18857e+06 11.8857 3.29709e+09
100000 1.19314e+06 11.9314 3.27187e+09
100000 1.19773e+06 11.9773 3.24684e+09
100000 1.20234e+06 12.0234 3.22198e+09
100000 1.20696e+06 12.0696 3.19735e+09
100000 1.21161e+06 12.1161 3.17284e+09
100000 1.21627e+06 12.1627 3.14857e+09
100000 1.22094e+06 12.2094 3.12452e+09
100000 1.22564e+06 12.2564 3.10059e+09
100000 1.23035e+06 12.3035 3.07689e+09
100000 1.23509e+06 12.3509 3.0533e+09
100000 1.23984e+06 12.3984 3.02994e+09
100000 1.24461e+06 12.4461 3.00675e+09
100000 1.24939e+06 12.4939 2.98378e+09
100000 1.2542e+06 12.542 2.96093e+09
100000 1.25902e+06 12.5902 2.93829e+09
100000 1.26386e+06 12.6386 2.91582e+09
100000 1.26873e+06 12.6873 2.89347e+09
100000 1.27361e+06 12.7361 2.87133e+09
100000 1.2785e+06 12.785 2.8494e+09
100000 1.28342e+06 12.8342 2.82759e+09
100000 1.28836e+06 12.8836 2.80593e+09
100000 1.29331e+06 12.9331 2.78449e+09
100000 1.29829e+06 12.9829 2.76316e+09
100000 1.30328e+06 13.0328 2.74203e+09
100000 1.30829e+06 13.0829 2.72106e+09
100000 1.31333e+06 13.1333 2.70021e+09
100000 1.31838e+06 13.1838 2.67955e+09
100000 1.32345e+06 13.2345 2.65905e+09
100000 1.32854e+06 13.2854 2.63871e+09
100000 1.33365e+06 13.3365 2.61851e+09
100000 1.33878e+06 13.3878 2.59848e+09
100000 1.34393e+06 13.4393 2.57859e+09
100000 1.3491e+06 13.491 2.55886e+09
100000 1.35429e+06 13.5429 2.53927e+09
100000 1.3595e+06 13.595 2.51984e+09
100000 1.36472e+06 13.6472 2.50059e+09
100000 1.36997e+06 13.6997 2.48145e+09
100000 1.37524e+06 13.7524 2.46246e+09
100000 1.38053e+06 13.8053 2.44362e+09
100000 1.38584e+06 13.8584 2.42492e+09
100000 1.39117e+06 13.9117 2.40637e+09
100000 1.39652e+06 13.9652 2.38796e+09
100000 1.4019e+06 14.019 2.36965e+09
100000 1.40729e+06 14.0729 2.35153e+09
100000 1.4127e+06 14.127 2.33354e+09
100000 1.41813e+06 14.1813 2.3157e+09
100000 1.42359e+06 14.2359 2.29796e+09
100000 1.42906e+06 14.2906 2.2804e+09
100000 1.43456e+06 14.3456 2.26294e+09
100000 1.44008e+06 14.4008 2.24561e+09
100000 1.44562e+06 14.4562 2.22843e+09
100000 1.45118e+06 14.5118 2.21137e+09
100000 1.45676e+06 14.5676 2.19446e+09
100000 1.46236e+06 14.6236 2.17767e+09
100000 1.46799e+06 14.6799 2.161e+09
100000 1.47363e+06 14.7363 2.14448e+09
100000 1.4793e+06 14.793 2.12806e+09
100000 1.48499e+06 14.8499 2.11178e+09
100000 1.4907e+06 14.907 2.09562e+09
100000 1.49644e+06 14.9644 2.07957e+09
100000 1.50219e+06 15.0219 2.06367e+09
100000 1.50797e+06 15.0797 2.04787e+09
100000 1.51377e+06 15.1377 2.0322e+09
100000 1.51959e+06 15.1959 2.01666e+09
100000 1.52544e+06 15.2544 2.00121e+09
100000 1.5313e+06 15.313 1.98592e+09
100000 1.53719e+06 15.3719 1.97072e+09
100000 1.54311e+06 15.4311 1.95562e+09
100000 1.54904e+06 15.4904 1.94067e+09
100000 1.555e+06 15.55 1.92581e+09
100000 1.56098e+06 15.6098 1.91108e+09
100000 1.56699e+06 15.6699 1.89644e+09
100000 1.57301e+06 15.7301 1.88194e+09
100000 1.57906e+06 15.7906 1.86754e+09
100000 1.58514e+06 15.8514 1.85324e+09
100000 1.59123e+06 15.9123 1.83907e+09
100000 1.59735e+06 15.9735 1.825e+09
100000 1.6035e+06 16.035 1.81102e+09
100000 1.60967e+06 16.0967 1.79715e+09
100000 1.61586e+06 16.1586 1.7834e+09
100000 1.62207e+06 16.2207 1.76977e+09
100000 1.62831e+06 16.2831 1.75622e+09
100000 1.63457e+06 16.3457 1.74279e+09
100000 1.64086e+06 16.4086 1.72945e+09
100000 1.64717e+06 16.4717 1.71621e+09
100000 1.65351e+06 16.5351 1.70307e+09
100000 1.65987e+06 16.5987 1.69004e+09
100000 1.66625e+06 16.6625 1.67711e+09
100000 1.67266e+06 16.7266 1.66428e+09
100000 1.67909e+06 16.7909 1.65155e+09
100000 1.68555e+06 16.8555 1.63891e+09
100000 1.69204e+06 16.9204 1.62635e+09
100000 1.69854e+06 16.9854 1.61392e+09
100000 1.70508e+06 17.0508 1.60156e+09
100000 1.71163e+06 17.1163 1.58932e+09
100000 1.71822e+06 17.1822 1.57714e+09
100000 1.72483e+06 17.2483 1.56507e+09
100000 1.73146e+06 17.3146 1.5531e+09
100000 1.73812e+06 17.3812 1.54121e+09
100000 1.74481e+06 17.4481 1.52941e+09
100000 1.75152e+06 17.5152 1.51771e+09
100000 1.75825e+06 17.5825 1.5061e+09
100000 1.76502e+06 17.6502 1.49457e+09
100000 1.77181e+06 17.7181 1.48313e+09
100000 1.77862e+06 17.7862 1.47178e+09
100000 1.78546e+06 17.8546 1.46052e+09
100000 1.79233e+06 17.9233 1.44934e+09
100000 1.79922e+06 17.9922 1.43826e+09
100000 1.80614e+06 18.0614 1.42725e+09
100000 1.81309e+06 18.1309 1.41632e+09
100000 1.82006e+06 18.2006 1.40549e+09
100000 1.82706e+06 18.2706 1.39473e+09
100000 1.83409e+06 18.3409 1.38405e+09
100000 1.84115e+06 18.4115 1.37345e+09
100000 1.84823e+06 18.4823 1.36295e+09
100000 1.85534e+06 18.5534 1.35251e+09
100000 1.86247e+06 18.6247 1.34217e+09
100000 1.86964e+06 18.6964 1.33189e+09
100000 1.87683e+06 18.7683 1.3217e+09
100000 1.88405e+06 18.8405 1.31158e+09
100000 1.89129e+06 18.9129 1.30155e+09
100000 1.89857e+06 18.9857 1.29158e+09
100000 1.90587e+06 19.0587 1.2817e+09
100000 1.9132e+06 19.132 1.27189e+09
100000 1.92056e+06 19.2056 1.26216e+09
100000 1.92795e+06 19.2795 1.25249e+09
100000 1.93536e+06 19.3536 1.24292e+09
100000 1.94281e+06 19.4281 1.2334e+09
100000 1.95028e+06 19.5028 1.22396e+09
100000 1.95778e+06 19.5778 1.21459e+09
100000 1.96531e+06 19.6531 1.2053e+09
100000 1.97287e+06 19.7287 1.19607e+09
100000 1.98046e+06 19.8046 1.18692e+09
100000 1.98808e+06 19.8808 1.17783e+09
100000 1.99572e+06 19.9572 1.16882e+09
100000 2.0034e+06 20.034 1.15987e+09
100000 2.0111e+06 20.111 1.151e+09
100000 2.01884e+06 20.1884 1.14219e+09
100000 2.0266e+06 20.266 1.13345e+09
100000 2.0344e+06 20.344 1.12477e+09
100000 2.04222e+06 20.4222 1.11617e+09
100000 2.05008e+06 20.5008 1.10762e+09
100000 2.05796e+06 20.5796 1.09915e+09
100000 2.06588e+06 20.6588 1.09073e+09
100000 2.07383e+06 20.7383 1.08238e+09
100000 2.0818e+06 20.818 1.0741e+09
100000 2.08981e+06 20.8981 1.06588e+09
100000 2.09785e+06 20.9785 1.05772e+09
100000 2.10592e+06 21.0592 1.04962e+09
100000 2.11402e+06 21.1402 1.04159e+09
100000 2.12215e+06 21.2215 1.03362e+09
100000 2.13031e+06 21.3031 1.02571e+09
100000 2.1385e+06 21.385 1.01786e+09
100000 2.14673e+06 21.4673 1.01007e+09
100000 2.15499e+06 21.5499 1.00233e+09
100000 2.16327e+06 21.6327 9.94668e+08
100000 2.1716e+06 21.716 9.87046e+08
100000 2.17995e+06 21.7995 9.79494e+08
100000 2.18833e+06 21.8833 9.72001e+08
100000 2.19675e+06 21.9675 9.64558e+08
100000 2.2052e+06 22.052 9.57175e+08
100000 2.21368e+06 22.1368 9.4985e+08
100000 2.2222e+06 22.222 9.42576e+08
100000 2.23074e+06 22.3074 9.35367e+08
100000 2.23932e+06 22.3932 9.28208e+08
100000 2.24794e+06 22.4794 9.21097e+08
100000 2.25658e+06 22.5658 9.14052e+08
100000 2.26526e+06 22.6526 9.07056e+08
100000 2.27397e+06 22.7397 9.00115e+08
100000 2.28272e+06 22.8272 8.93223e+08
100000 2.2915e+06 22.915 8.86386e+08
100000 2.30031e+06 23.0031 8.79604e+08
100000 2.30916e+06 23.0916 8.7287e+08
100000 2.31804e+06 23.1804 8.6619e+08
100000 2.32696e+06 23.2696 8.59557e+08
100000 2.33591e+06 23.3591 8.52977e+08
100000 2.34489e+06 23.4489 8.46452e+08
100000 2.35391e+06 23.5391 8.39972e+08
100000 2.36297e+06 23.6297 8.33538e+08
100000 2.37206e+06 23.7206 8.27157e+08
100000 2.38118e+06 23.8118 8.20828e+08
100000 2.39034e+06 23.9034 8.14544e+08
100000 2.39953e+06 23.9953 8.08312e+08
100000 2.40876e+06 24.0876 8.02124e+08
100000 2.41803e+06 24.1803 7.95981e+08
100000 2.42733e+06 24.2733 7.89888e+08
100000 2.43666e+06 24.3666 7.83846e+08
100000 2.44604e+06 24.4604 7.77841e+08
100000 2.45544e+06 24.5544 7.71892e+08
100000 2.46489e+06 24.6489 7.6598e+08
100000 2.47437e+06 24.7437 7.60117e+08
100000 2.48389e+06 24.8389 7.54297e+08
100000 2.49344e+06 24.9344 7.48525e+08
100000 2.50303e+06 25.0303 7.42796e+08
100000 2.51266e+06 25.1266 7.37108e+08
100000 2.52232e+06 25.2232 7.31469e+08
100000 2.53202e+06 25.3202 7.2587e+08
100000 2.54176e+06 25.4176 7.20313e+08
100000 2.55154e+06 25.5154 7.14797e+08
100000 2.56135e+06 25.6135 7.09328e+08
100000 2.57121e+06 25.7121 7.03893e+08
100000 2.58109e+06 25.8109 6.9851e+08
100000 2.59102e+06 25.9102 6.93162e+08
100000 2.60099e+06 26.0099 6.87854e+08
100000 2.61099e+06 26.1099 6.8259e+08
100000 2.62104e+06 26.2104 6.77361e+08
100000 2.63112e+06 26.3112 6.72177e+08
100000 2.64124e+06 26.4124 6.67031e+08
100000 2.6514e+06 26.514 6.61924e+08
100000 2.66159e+06 26.6159 6.56861e+08
100000 2.67183e+06 26.7183 6.51831e+08
100000 2.68211e+06 26.8211 6.4684e+08
100000 2.69242e+06 26.9242 6.41891e+08
100000 2.70278e+06 27.0278 6.36975e+08
100000 2.71318e+06 27.1318 6.32097e+08
100000 2.72361e+06 27.2361 6.27261e+08
100000 2.73409e+06 27.3409 6.22457e+08
100000 2.7446e+06 27.446 6.17695e+08
100000 2.75516e+06 27.5516 6.12964e+08
100000 2.76576e+06 27.6576 6.08271e+08
100000 2.77639e+06 27.7639 6.03618e+08
100000 2.78707e+06 27.8707 5.98996e+08
100000 2.79779e+06 27.9779 5.9441e+08
100000 2.80855e+06 28.0855 5.8986e+08
100000 2.81936e+06 28.1936 5.85342e+08
100000 2.8302e+06 28.302 5.80862e+08
100000 2.84109e+06 28.4109 5.76414e+08
100000 2.85201e+06 28.5201 5.72004e+08
100000 2.86298e+06 28.6298 5.67625e+08
100000 2.874e+06 28.74 5.63276e+08
100000 2.88505e+06 28.8505 5.58965e+08
100000 2.89615e+06 28.9615 5.54685e+08
100000 2.90729e+06 29.0729 5.50438e+08
100000 2.91847e+06 29.1847 5.46225e+08
100000 2.92969e+06 29.2969 5.42045e+08
100000 2.94096e+06 29.4096 5.37895e+08
100000 2.95227e+06 29.5227 5.33777e+08
100000 2.96363e+06 29.6363 5.29689e+08
100000 2.97503e+06 29.7503 5.25633e+08
100000 2.98647e+06 29.8647 5.2161e+08
100000 2.99796e+06 29.9796 5.17616e+08
100000 3.00949e+06 30.0949 5.13653e+08
100000 3.02106e+06 30.2106 5.09722e+08
100000 3.03268e+06 30.3268 5.0582e+08
100000 3.04435e+06 30.4435 5.01945e+08
100000 3.05606e+06 30.5606 4.98102e+08
100000 3.06781e+06 30.6781 4.9429e+08
100000 3.07961e+06 30.7961 4.90506e+08
100000 3.09146e+06 30.9146 4.86749e+08
100000 3.10335e+06 31.0335 4.83022e+08
100000 3.11529e+06 31.1529 4.79323e+08
100000 3.12727e+06 31.2727 4.75654e+08
100000 3.1393e+06 31.393 4.72012e+08
100000 3.15137e+06 31.5137 4.68399e+08
100000 3.16349e+06 31.6349 4.64813e+08
100000 3.17566e+06 31.7566 4.61254e+08
100000 3.18787e+06 31.8787 4.57723e+08
100000 3.20014e+06 32.0014 4.54216e+08
100000 3.21244e+06 32.1244 4.50741e+08
100000 3.2248e+06 32.248 4.47289e+08
100000 3.2372e+06 32.372 4.43865e+08
100000 3.24966e+06 32.4966 4.40464e+08
100000 3.26215e+06 32.6215 4.37094e+08
100000 3.2747e+06 32.747 4.33747e+08
100000 3.2873e+06 32.873 4.30425e+08
100000 3.29994e+06 32.9994 4.2713e+08
100000 3.31263e+06 33.1263 4.2386e+08
100000 3.32537e+06 33.2537 4.20615e+08
100000 3.33817e+06 33.3817 4.17392e+08
100000 3.351e+06 33.51 4.14199e+08
100000 3.36389e+06 33.6389 4.11027e+08
100000 3.37683e+06 33.7683 4.07879e+08
100000 3.38982e+06 33.8982 4.04756e+08
100000 3.40286e+06 34.0286 4.01656e+08
100000 3.41595e+06 34.1595 3.9858e+08
100000 3.42909e+06 34.2909 3.95528e+08
100000 3.44228e+06 34.4228 3.92499e+08
100000 3.45552e+06 34.5552 3.89494e+08
100000 3.46881e+06 34.6881 3.86512e+08
100000 3.48215e+06 34.8215 3.83552e+08
100000 3.49554e+06 34.9554 3.80616e+08
100000 3.50899e+06 35.0899 3.77701e+08
100000 3.52248e+06 35.2248 3.7481e+08
100000 3.53603e+06 35.3603 3.71939e+08
100000 3.54963e+06 35.4963 3.69092e+08
100000 3.56329e+06 35.6329 3.66264e+08
100000 3.57699e+06 35.7699 3.6346e+08
100000 3.59075e+06 35.9075 3.60677e+08
100000 3.60456e+06 36.0456 3.57915e+08
100000 3.61842e+06 36.1842 3.55175e+08
100000 3.63234e+06 36.3234 3.52455e+08
100000 3.64631e+06 36.4631 3.49756e+08
100000 3.66034e+06 36.6034 3.47077e+08
100000 3.67442e+06 36.7442 3.44419e+08
100000 3.68855e+06 36.8855 3.41782e+08
100000 3.70274e+06 37.0274 3.39164e+08
100000 3.71698e+06 37.1698 3.36567e+08
100000 3.73128e+06 37.3128 3.33989e+08
100000 3.74563e+06 37.4563 3.31432e+08
100000 3.76003e+06 37.6003 3.28895e+08
100000 3.7745e+06 37.745 3.26375e+08
100000 3.78901e+06 37.8901 3.23877e+08
100000 3.80359e+06 38.0359 3.21395e+08
100000 3.81822e+06 38.1822 3.18934e+08
100000 3.8329e+06 38.329 3.16493e+08
100000 3.84765e+06 38.4765 3.14068e+08
100000 3.86244e+06 38.6244 3.11664e+08
100000 3.8773e+06 38.773 3.09277e+08
100000 3.89221e+06 38.9221 3.06909e+08
100000 3.90718e+06 39.0718 3.04558e+08
100000 3.92221e+06 39.2221 3.02226e+08
100000 3.9373e+06 39.373 2.99911e+08
100000 3.95244e+06 39.5244 2.97614e+08
100000 3.96765e+06 39.6765 2.95334e+08
100000 3.98291e+06 39.8291 2.93072e+08
100000 3.99823e+06 39.9823 2.90828e+08
100000 4.0136e+06 40.136 2.88601e+08
100000 4.02904e+06 40.2904 2.86391e+08
100000 4.04454e+06 40.4454 2.84197e+08
100000 4.06009e+06 40.6009 2.82021e+08
100000 4.07571e+06 40.7571 2.79861e+08
100000 4.09139e+06 40.9139 2.77717e+08
100000 4.10712e+06 41.0712 2.75591e+08
100000 4.12292e+06 41.2292 2.7348e+08
100000 4.13878e+06 41.3878 2.71385e+08
100000 4.1547e+06 41.547 2.69307e+08
100000 4.17068e+06 41.7068 2.67244e+08
100000 4.18672e+06 41.8672 2.65197e+08
100000 4.20282e+06 42.0282 2.63167e+08
100000 4.21899e+06 42.1899 2.6115e+08
100000 4.23522e+06 42.3522 2.5915e+08
100000 4.25151e+06 42.5151 2.57165e+08
100000 4.26786e+06 42.6786 2.55196e+08
100000 4.28427e+06 42.8427 2.53242e+08
100000 4.30075e+06 43.0075 2.51302e+08
100000 4.3173e+06 43.173 2.49376e+08
100000 4.3339e+06 43.339 2.47467e+08
100000 4.35057e+06 43.5057 2.45571e+08
100000 4.3673e+06 43.673 2.43691e+08
100000 4.3841e+06 43.841 2.41824e+08
100000 4.40096e+06 44.0096 2.39972e+08
100000 4.41789e+06 44.1789 2.38134e+08
100000 4.43488e+06 44.3488 2.3631e+08
100000 4.45194e+06 44.5194 2.345e+08
100000 4.46907e+06 44.6907 2.32703e+08
100000 4.48626e+06 44.8626 2.3092e+08
100000 4.50351e+06 45.0351 2.29152e+08
100000 4.52083e+06 45.2083 2.27397e+08
100000 4.53822e+06 45.3822 2.25655e+08
100000 4.55568e+06 45.5568 2.23926e+08
100000 4.5732e+06 45.732 2.22211e+08
100000 4.59079e+06 45.9079 2.20509e+08
100000 4.60845e+06 46.0845 2.18819e+08
100000 4.62617e+06 46.2617 2.17144e+08
100000 4.64397e+06 46.4397 2.1548e+08
100000 4.66183e+06 46.6183 2.13829e+08
100000 4.67976e+06 46.7976 2.12192e+08
100000 4.69776e+06 46.9776 2.10566e+08
100000 4.71583e+06 47.1583 2.08953e+08
100000 4.73397e+06 47.3397 2.07352e+08
100000 4.75217e+06 47.5217 2.05765e+08
100000 4.77045e+06 47.7045 2.04188e+08
100000 4.7888e+06 47.888 2.02624e+08
100000 4.80722e+06 48.0722 2.01072e+08
100000 4.82571e+06 48.2571 1.99531e+08
100000 4.84427e+06 48.4427 1.98003e+08
100000 4.8629e+06 48.629 1.96486e+08
100000 4.88161e+06 48.8161 1.9498e+08
100000 4.90038e+06 49.0038 1.93487e+08
100000 4.91923e+06 49.1923 1.92005e+08
100000 4.93815e+06 49.3815 1.90534e+08
100000 4.95715e+06 49.5715 1.89074e+08
100000 4.97621e+06 49.7621 1.87626e+08
100000 4.99535e+06 49.9535 1.86188e+08
100000 5.01457e+06 50.1457 1.84762e+08
100000 5.03385e+06 50.3385 1.83347e+08
100000 5.05322e+06 50.5322 1.81941e+08
100000 5.07265e+06 50.7265 1.80548e+08
100000 5.09216e+06 50.9216 1.79165e+08
100000 5.11175e+06 51.1175 1.77792e+08
100000 5.13141e+06 51.3141 1.7643e+08
100000 5.15115e+06 51.5115 1.75078e+08
100000 5.17096e+06 51.7096 1.73737e+08
100000 5.19085e+06 51.9085 1.72406e+08
100000 5.21081e+06 52.1081 1.71085e+08
100000 5.23086e+06 52.3086 1.69774e+08
100000 5.25098e+06 52.5098 1.68473e+08
100000 5.27117e+06 52.7117 1.67183e+08
100000 5.29145e+06 52.9145 1.65901e+08
100000 5.3118e+06 53.118 1.64631e+08
100000 5.33223e+06 53.3223 1.63369e+08
100000 5.35274e+06 53.5274 1.62117e+08
100000 5.37333e+06 53.7333 1.60875e+08
100000 5.394e+06 53.94 1.59642e+08
100000 5.41474e+06 54.1474 1.5842e+08
100000 5.43557e+06 54.3557 1.57206e+08
100000 5.45648e+06 54.5648 1.56001e+08
100000 5.47746e+06 54.7746 1.54806e+08
100000 5.49853e+06 54.9853 1.5362e+08
100000 5.51968e+06 55.1968 1.52443e+08
100000 5.54091e+06 55.4091 1.51275e+08
100000 5.56222e+06 55.6222 1.50116e+08
100000 5.58362e+06 55.8362 1.48965e+08
100000 5.60509e+06 56.0509 1.47824e+08
100000 5.62665e+06 56.2665 1.46691e+08
100000 5.64829e+06 56.4829 1.45567e+08
100000 5.67002e+06 56.7002 1.44451e+08
100000 5.69183e+06 56.9183 1.43344e+08
100000 5.71372e+06 57.1372 1.42246e+08
100000 5.7357e+06 57.357 1.41156e+08
100000 5.75776e+06 57.5776 1.40074e+08
100000 5.7799e+06 57.799 1.39001e+08
100000 5.80214e+06 58.0214 1.37936e+08
100000 5.82445e+06 58.2445 1.36879e+08
100000 5.84685e+06 58.4685 1.3583e+08
100000 5.86934e+06 58.6934 1.34789e+08
100000 5.89192e+06 58.9192 1.33756e+08
100000 5.91458e+06 59.1458 1.32731e+08
100000 5.93733e+06 59.3733 1.31714e+08
100000 5.96017e+06 59.6017 1.30704e+08
100000 5.98309e+06 59.8309 1.29703e+08
100000 6.0061e+06 60.061 1.28709e+08
100000 6.02921e+06 60.2921 1.27722e+08
100000 6.0524e+06 60.524 1.26744e+08
100000 6.07567e+06 60.7567 1.25773e+08
100000 6.09904e+06 60.9904 1.24809e+08
100000 6.1225e+06 61.225 1.23852e+08
100000 6.14605e+06 61.4605 1.22903e+08
100000 6.16969e+06 61.6969 1.21961e+08
100000 6.19342e+06 61.9342 1.21026e+08
100000 6.21724e+06 62.1724 1.20099e+08
100000 6.24116e+06 62.4116 1.19178e+08
100000 6.26516e+06 62.6516 1.18265e+08
100000 6.28926e+06 62.8926 1.17358e+08
100000 6.31345e+06 63.1345 1.16459e+08
100000 6.33773e+06 63.3773 1.15567e+08
100000 6.36211e+06 63.6211 1.14681e+08
100000 6.38658e+06 63.8658 1.13802e+08
100000 6.41115e+06 64.1115 1.12929e+08
100000 6.4358e+06 64.358 1.12064e+08
100000 6.46056e+06 64.6056 1.11205e+08
100000 6.48541e+06 64.8541 1.10353e+08
100000 6.51035e+06 65.1035 1.09507e+08
100000 6.53539e+06 65.3539 1.08668e+08
100000 6.56053e+06 65.6053 1.07835e+08
100000 6.58576e+06 65.8576 1.07008e+08
100000 6.6111e+06 66.111 1.06188e+08
100000 6.63652e+06 66.3652 1.05374e+08
100000 6.66205e+06 66.6205 1.04566e+08
100000 6.68767e+06 66.8767 1.03765e+08
100000 6.7134e+06 67.134 1.02969e+08
100000 6.73922e+06 67.3922 1.0218e+08
100000 6.76514e+06 67.6514 1.01397e+08
100000 6.79116e+06 67.9116 1.00619e+08
100000 6.81728e+06 68.1728 9.98481e+07
100000 6.8435e+06 68.435 9.90827e+07
100000 6.86982e+06 68.6982 9.83233e+07
100000 6.89625e+06 68.9625 9.75694e+07
100000 6.92277e+06 69.2277 9.68215e+07
100000 6.9494e+06 69.494 9.60792e+07
100000 6.97613e+06 69.7613 9.53427e+07
100000 7.00296e+06 70.0296 9.46119e+07
100000 7.0299e+06 70.299 9.38864e+07
100000 7.05694e+06 70.5694 9.31667e+07
100000 7.08408e+06 70.8408 9.24525e+07
100000 7.11133e+06 71.1133 9.17437e+07
100000 7.13868e+06 71.3868 9.10404e+07
100000 7.16614e+06 71.6614 9.03424e+07
100000 7.1937e+06 71.937 8.96499e+07
100000 7.22137e+06 72.2137 8.89625e+07
100000 7.24914e+06 72.4914 8.82806e+07
100000 7.27703e+06 72.7703 8.76036e+07
100000 7.30502e+06 73.0502 8.6932e+07
100000 7.33311e+06 73.3311 8.62657e+07
100000 7.36132e+06 73.6132 8.56042e+07
100000 7.38963e+06 73.8963 8.49479e+07
100000 7.41806e+06 74.1806 8.42965e+07
100000 7.44659e+06 74.4659 8.36502e+07
100000 7.47523e+06 74.7523 8.30089e+07
100000 7.50398e+06 75.0398 8.23725e+07
100000 7.53284e+06 75.3284 8.17409e+07
100000 7.56182e+06 75.6182 8.11141e+07
100000 7.5909e+06 75.909 8.04922e+07
100000 7.6201e+06 76.201 7.9875e+07
100000 7.64941e+06 76.4941 7.92625e+07
100000 7.67883e+06 76.7883 7.86548e+07
100000 7.70837e+06 77.0837 7.80516e+07
100000 7.73801e+06 77.3801 7.74533e+07
100000 7.76778e+06 77.6778 7.68592e+07
100000 7.79765e+06 77.9765 7.627e+07
100000 7.82765e+06 78.2765 7.5685e+07
100000 7.85775e+06 78.5775 7.51048e+07
100000 7.88798e+06 78.8798 7.45288e+07
100000 7.91832e+06 79.1832 7.39572e+07
100000 7.94877e+06 79.4877 7.33902e+07
100000 7.97935e+06 79.7935 7.28273e+07
100000 8.01004e+06 80.1004 7.22689e+07
100000 8.04085e+06 80.4085 7.17146e+07
100000 8.07177e+06 80.7177 7.11648e+07
100000 8.10282e+06 81.0282 7.0619e+07
100000 8.13399e+06 81.3399 7.00774e+07
100000 8.16527e+06 81.6527 6.95401e+07
100000 8.19668e+06 81.9668 6.90067e+07
100000 8.2282e+06 82.282 6.84776e+07
100000 8.25985e+06 82.5985 6.79524e+07
100000 8.29162e+06 82.9162 6.74313e+07
100000 8.32352e+06 83.2352 6.6914e+07
100000 8.35553e+06 83.5553 6.64009e+07
100000 8.38767e+06 83.8767 6.58916e+07
100000 8.41993e+06 84.1993 6.53862e+07
100000 8.45231e+06 84.5231 6.48848e+07
100000 8.48482e+06 84.8482 6.43872e+07
100000 8.51746e+06 85.1746 6.38933e+07
100000 8.55022e+06 85.5022 6.34032e+07
100000 8.58311e+06 85.8311 6.29169e+07
100000 8.61612e+06 86.1612 6.24344e+07
100000 8.64926e+06 86.4926 6.19555e+07
100000 8.68253e+06 86.8253 6.14803e+07
100000 8.71592e+06 87.1592 6.10088e+07
100000 8.74945e+06 87.4945 6.05407e+07
100000 8.7831e+06 87.831 6.00764e+07
100000 8.81688e+06 88.1688 5.96156e+07
100000 8.8508e+06 88.508 5.91582e+07
100000 8.88484e+06 88.8484 5.87045e+07
100000 8.91901e+06 89.1901 5.82542e+07
100000 8.95332e+06 89.5332 5.78073e+07
100000 8.98775e+06 89.8775 5.7364e+07
100000 9.02232e+06 90.2232 5.69239e+07
100000 9.05703e+06 90.5703 5.64871e+07
100000 9.09186e+06 90.9186 5.60539e+07
100000 9.12683e+06 91.2683 5.56239e+07
100000 9.16194e+06 91.6194 5.51971e+07
100000 9.19718e+06 91.9718 5.47737e+07
100000 9.23255e+06 92.3255 5.43535e+07
100000 9.26806e+06 92.6806 5.39366e+07
100000 9.30371e+06 93.0371 5.35228e+07
100000 9.3395e+06 93.395 5.31121e+07
100000 9.37542e+06 93.7542 5.27046e+07
100000 9.41148e+06 94.1148 5.23003e+07
100000 9.44768e+06 94.4768 5.1899e+07
100000 9.48402e+06 94.8402 5.15008e+07
100000 9.5205e+06 95.205 5.11057e+07
100000 9.55711e+06 95.5711 5.07137e+07
100000 9.59387e+06 95.9387 5.03246e+07
100000 9.63077e+06 96.3077 4.99385e+07
100000 9.66782e+06 96.6782 4.95552e+07
100000 9.705e+06 97.05 4.91751e+07
100000 9.74233e+06 97.4233 4.87978e+07
100000 9.7798e+06 97.798 4.84234e+07
100000 9.81742e+06 98.1742 4.80518e+07
100000 9.85518e+06 98.5518 4.76831e+07
100000 9.89309e+06 98.9309 4.73171e+07
100000 9.93114e+06 99.3114 4.69541e+07
100000 9.96934e+06 99.6934 4.65938e+07
100000 1.00077e+07 100.077 4.62361e+07
100000 1.00462e+07 100.462 4.58812e+07
100000 1.00848e+07 100.848 4.55295e+07
100000 1.01236e+07 101.236 4.518e+07
100000 1.01625e+07 101.625 4.48337e+07
100000 1.02016e+07 102.016 4.44895e+07
100000 1.02409e+07 102.409 4.41476e+07
100000 1.02803e+07 102.803 4.38087e+07
100000 1.03198e+07 103.198 4.34728e+07
100000 1.03595e+07 103.595 4.31392e+07
100000 1.03993e+07 103.993 4.28085e+07
100000 1.04393e+07 104.393 4.24799e+07
100000 1.04795e+07 104.795 4.21535e+07
100000 1.05198e+07 105.198 4.18301e+07
100000 1.05603e+07 105.603 4.15087e+07
100000 1.06009e+07 106.009 4.11903e+07
100000 1.06417e+07 106.417 4.0874e+07
100000 1.06826e+07 106.826 4.05605e+07
100000 1.07237e+07 107.237 4.02491e+07
100000 1.07649e+07 107.649 3.99405e+07
100000 1.08063e+07 108.063 3.9634e+07
100000 1.08479e+07 108.479 3.93295e+07
100000 1.08896e+07 108.896 3.90278e+07
100000 1.09315e+07 109.315 3.87281e+07
100000 1.09735e+07 109.735 3.84312e+07
100000 1.10157e+07 110.157 3.81362e+07
100000 1.10581e+07 110.581 3.78433e+07
100000 1.11007e+07 111.007 3.75523e+07
100000 1.11433e+07 111.433 3.72647e+07
100000 1.11862e+07 111.862 3.69784e+07
100000 1.12292e+07 112.292 3.66947e+07
100000 1.12724e+07 112.724 3.6413e+07
100000 1.13158e+07 113.158 3.61332e+07
100000 1.13593e+07 113.593 3.58559e+07
100000 1.1403e+07 114.03 3.55806e+07
100000 1.14469e+07 114.469 3.53072e+07
100000 1.14909e+07 114.909 3.50363e+07
100000 1.15351e+07 115.351 3.47673e+07
100000 1.15794e+07 115.794 3.45008e+07
100000 1.1624e+07 116.24 3.42356e+07
100000 1.16687e+07 116.687 3.39728e+07
100000 1.17136e+07 117.136 3.37118e+07
100000 1.17586e+07 117.586 3.34533e+07
100000 1.18039e+07 118.039 3.3196e+07
100000 1.18493e+07 118.493 3.29412e+07
100000 1.18948e+07 118.948 3.26887e+07
100000 1.19406e+07 119.406 3.24374e+07
100000 1.19865e+07 119.865 3.21885e+07
100000 1.20326e+07 120.326 3.19413e+07
100000 1.20789e+07 120.789 3.1696e+07
100000 1.21254e+07 121.254 3.14524e+07
100000 1.2172e+07 121.72 3.12111e+07
100000 1.22188e+07 122.188 3.09715e+07
100000 1.22658e+07 122.658 3.07336e+07
100000 1.2313e+07 123.13 3.04975e+07
100000 1.23603e+07 123.603 3.02636e+07
100000 1.24079e+07 124.079 3.00309e+07
100000 1.24556e+07 124.556 2.98004e+07
100000 1.25035e+07 125.035 2.95716e+07
100000 1.25516e+07 125.516 2.93445e+07
100000 1.25999e+07 125.999 2.9119e+07
100000 1.26484e+07 126.484 2.88952e+07
100000 1.2697e+07 126.97 2.86735e+07
100000 1.27458e+07 127.458 2.84535e+07
100000 1.27949e+07 127.949 2.82346e+07
100000 1.28441e+07 128.441 2.80178e+07
100000 1.28935e+07 128.935 2.78026e+07
100000 1.29431e+07 129.431 2.7589e+07
100000 1.29929e+07 129.929 2.7377e+07
100000 1.30428e+07 130.428 2.71671e+07
100000 1.3093e+07 130.93 2.69583e+07
100000 1.31434e+07 131.434 2.6751e+07
100000 1.31939e+07 131.939 2.65458e+07
100000 1.32447e+07 132.447 2.63416e+07
100000 1.32956e+07 132.956 2.61395e+07
100000 1.33467e+07 133.467 2.59388e+07
100000 1.33981e+07 133.981 2.57393e+07
100000 1.34496e+07 134.496 2.55417e+07
100000 1.35013e+07 135.013 2.53456e+07
100000 1.35533e+07 135.533 2.51506e+07
100000 1.36054e+07 136.054 2.49575e+07
100000 1.36577e+07 136.577 2.47659e+07
100000 1.37103e+07 137.103 2.45754e+07
100000 1.3763e+07 137.63 2.43867e+07
100000 1.38159e+07 138.159 2.41995e+07
100000 1.38691e+07 138.691 2.40134e+07
100000 1.39224e+07 139.224 2.3829e+07
100000 1.3976e+07 139.76 2.36458e+07
100000 1.40297e+07 140.297 2.34643e+07
100000 1.40837e+07 140.837 2.32839e+07
100000 1.41379e+07 141.379 2.31049e+07
100000 1.41922e+07 141.922 2.29276e+07
100000 1.42468e+07 142.468 2.27514e+07
100000 1.43016e+07 143.016 2.25765e+07
100000 1.43566e+07 143.566 2.24031e+07
100000 1.44118e+07 144.118 2.2231e+07
100000 1.44673e+07 144.673 2.20599e+07
100000 1.45229e+07 145.229 2.18906e+07
100000 1.45788e+07 145.788 2.17222e+07
100000 1.46349e+07 146.349 2.15552e+07
100000 1.46911e+07 146.911 2.13898e+07
100000 1.47477e+07 147.477 2.12252e+07
100000 1.48044e+07 148.044 2.10621e+07
100000 1.48613e+07 148.613 2.09004e+07
100000 1.49185e+07 149.185 2.07396e+07
100000 1.49759e+07 149.759 2.05802e+07
100000 1.50335e+07 150.335 2.0422e+07
100000 1.50913e+07 150.913 2.02651e+07
100000 1.51493e+07 151.493 2.01095e+07
100000 1.52076e+07 152.076 1.99548e+07
100000 1.52661e+07 152.661 1.98014e+07
100000 1.53248e+07 153.248 1.96493e+07
100000 1.53838e+07 153.838 1.94981e+07
100000 1.54429e+07 154.429 1.93484e+07
100000 1.55023e+07 155.023 1.91996e+07
100000 1.5562e+07 155.62 1.90519e+07
100000 1.56218e+07 156.218 1.89055e+07
100000 1.56819e+07 156.819 1.87602e+07
100000 1.57422e+07 157.422 1.8616e+07
100000 1.58028e+07 158.028 1.84728e+07
100000 1.58635e+07 158.635 1.83309e+07
100000 1.59246e+07 159.246 1.81898e+07
100000 1.59858e+07 159.858 1.80501e+07
100000 1.60473e+07 160.473 1.79113e+07
100000 1.6109e+07 161.09 1.77736e+07
100000 1.6171e+07 161.71 1.76369e+07
100000 1.62332e+07 162.332 1.75013e+07
100000 1.62956e+07 162.956 1.73668e+07
100000 1.63583e+07 163.583 1.72332e+07
100000 1.64212e+07 164.212 1.71007e+07
100000 1.64844e+07 164.844 1.69692e+07
100000 1.65478e+07 165.478 1.68387e+07
100000 1.66114e+07 166.114 1.67093e+07
100000 1.66753e+07 166.753 1.65808e+07
100000 1.67395e+07 167.395 1.64532e+07
100000 1.68038e+07 168.038 1.63268e+07
100000 1.68685e+07 168.685 1.62011e+07
100000 1.69334e+07 169.334 1.60765e+07
100000 1.69985e+07 169.985 1.59529e+07
100000 1.70639e+07 170.639 1.58302e+07
100000 1.71295e+07 171.295 1.57085e+07
100000 1.71954e+07 171.954 1.55876e+07
100000 1.72615e+07 172.615 1.54678e+07
100000 1.73279e+07 173.279 1.53488e+07
100000 1.73946e+07 173.946 1.52307e+07
100000 1.74615e+07 174.615 1.51135e+07
100000 1.75286e+07 175.286 1.49974e+07
100000 1.7596e+07 175.96 1.48821e+07
100000 1.76637e+07 176.637 1.47676e+07
100000 1.77317e+07 177.317 1.46539e+07
100000 1.77999e+07 177.999 1.45411e+07
100000 1.78683e+07 178.683 1.44294e+07
100000 1.79371e+07 179.371 1.43183e+07
100000 1.80061e+07 180.061 1.42081e+07
100000 1.80753e+07 180.753 1.40989e+07
100000 1.81448e+07 181.448 1.39904e+07
100000 1.82146e+07 182.146 1.38828e+07
100000 1.82847e+07 182.847 1.37759e+07
100000 1.8355e+07 183.55 1.367e+07
100000 1.84256e+07 184.256 1.35648e+07
100000 1.84965e+07 184.965 1.34604e+07
100000 1.85676e+07 185.676 1.33569e+07
100000 1.8639e+07 186.39 1.32541e+07
100000 1.87107e+07 187.107 1.31521e+07
100000 1.87827e+07 187.827 1.30509e+07
100000 1.88549e+07 188.549 1.29505e+07
100000 1.89275e+07 189.275 1.28507e+07
100000 1.90003e+07 190.003 1.27518e+07
100000 1.90733e+07 190.733 1.26538e+07
100000 1.91467e+07 191.467 1.25564e+07
100000 1.92203e+07 192.203 1.24598e+07
100000 1.92943e+07 192.943 1.23638e+07
100000 1.93685e+07 193.685 1.22687e+07
100000 1.9443e+07 194.43 1.21742e+07
100000 1.95178e+07 195.178 1.20805e+07
100000 1.95928e+07 195.928 1.19876e+07
100000 1.96682e+07 196.682 1.18953e+07
100000 1.97438e+07 197.438 1.18038e+07
100000 1.98198e+07 198.198 1.17129e+07
100000 1.9896e+07 198.96 1.16227e+07
100000 1.99725e+07 199.725 1.15333e+07
100000 2.00494e+07 200.494 1.14444e+07
100000 2.01265e+07 201.265 1.13563e+07
100000 2.02039e+07 202.039 1.12689e+07
100000 2.02816e+07 202.816 1.11822e+07
100000 2.03596e+07 203.596 1.10961e+07
100000 2.04379e+07 204.379 1.10107e+07
100000 2.05165e+07 205.165 1.09259e+07
100000 2.05954e+07 205.954 1.08418e+07
100000 2.06747e+07 206.747 1.07583e+07
100000 2.07542e+07 207.542 1.06754e+07
100000 2.0834e+07 208.34 1.05933e+07
100000 2.09141e+07 209.141 1.05117e+07
100000 2.09946e+07 209.946 1.04307e+07
100000 2.10753e+07 210.753 1.03505e+07
100000 2.11564e+07 211.564 1.02707e+07
100000 2.12378e+07 212.378 1.01916e+07
100000 2.13195e+07 213.195 1.01131e+07
100000 2.14015e+07 214.015 1.00352e+07
100000 2.14838e+07 214.838 9.95794e+06
100000 2.15664e+07 215.664 9.88128e+06
100000 2.16494e+07 216.494 9.80513e+06
100000 2.17326e+07 217.326 9.72967e+06
100000 2.18162e+07 218.162 9.65472e+06
100000 2.19001e+07 219.001 9.58037e+06
100000 2.19844e+07 219.844 9.50651e+06
100000 2.20689e+07 220.689 9.43334e+06
100000 2.21538e+07 221.538 9.36065e+06
100000 2.2239e+07 222.39 9.28855e+06
100000 2.23246e+07 223.246 9.21695e+06
100000 2.24104e+07 224.104 9.146e+06
100000 2.24966e+07 224.966 9.07553e+06
100000 2.25832e+07 225.832 9.00556e+06
100000 2.267e+07 226.7 8.93622e+06
100000 2.27572e+07 227.572 8.86737e+06
100000 2.28447e+07 228.447 8.79907e+06
100000 2.29326e+07 229.326 8.73125e+06
100000 2.30208e+07 230.208 8.66398e+06
100000 2.31094e+07 231.094 8.59718e+06
100000 2.31982e+07 231.982 8.53099e+06
100000 2.32875e+07 232.875 8.4652e+06
100000 2.3377e+07 233.77 8.40002e+06
100000 2.3467e+07 234.67 8.33522e+06
100000 2.35572e+07 235.572 8.27103e+06
100000 2.36478e+07 236.478 8.20729e+06
100000 2.37388e+07 237.388 8.14401e+06
100000 2.38301e+07 238.301 8.08125e+06
100000 2.39217e+07 239.217 8.019e+06
100000 2.40138e+07 240.138 7.95713e+06
100000 2.41061e+07 241.061 7.89584e+06
100000 2.41988e+07 241.988 7.83499e+06
100000 2.42919e+07 242.919 7.77458e+06
100000 2.43854e+07 243.854 7.71461e+06
100000 2.44791e+07 244.791 7.6552e+06
100000 2.45733e+07 245.733 7.59615e+06
100000 2.46678e+07 246.678 7.5376e+06
100000 2.47627e+07 247.627 7.47948e+06
100000 2.48579e+07 248.579 7.42184e+06
100000 2.49536e+07 249.536 7.36457e+06
100000 2.50495e+07 250.495 7.30783e+06
100000 2.51459e+07 251.459 7.25145e+06
100000 2.52426e+07 252.426 7.19555e+06
100000 2.53397e+07 253.397 7.14006e+06
100000 2.54372e+07 254.372 7.08498e+06
100000 2.5535e+07 255.35 7.03037e+06
100000 2.56332e+07 256.332 6.97616e+06
100000 2.57318e+07 257.318 6.92236e+06
100000 2.58308e+07 258.308 6.86896e+06
100000 2.59301e+07 259.301 6.81601e+06
100000 2.60299e+07 260.299 6.76341e+06
100000 2.613e+07 261.3 6.71125e+06
100000 2.62305e+07 262.305 6.65949e+06
100000 2.63314e+07 263.314 6.60812e+06
100000 2.64327e+07 264.327 6.55714e+06
100000 2.65343e+07 265.343 6.50659e+06
100000 2.66364e+07 266.364 6.45638e+06
100000 2.67388e+07 267.388 6.4066e+06
100000 2.68417e+07 268.417 6.35715e+06
100000 2.69449e+07 269.449 6.30812e+06
100000 2.70486e+07 270.486 6.25943e+06
100000 2.71526e+07 271.526 6.21115e+06
100000 2.7257e+07 272.57 6.16325e+06
100000 2.73619e+07 273.619 6.11566e+06
100000 2.74671e+07 274.671 6.06849e+06
100000 2.75728e+07 275.728 6.02164e+06
100000 2.76788e+07 276.788 5.9752e+06
100000 2.77853e+07 277.853 5.92908e+06
100000 2.78921e+07 278.921 5.88335e+06
100000 2.79994e+07 279.994 5.83794e+06
100000 2.81071e+07 281.071 5.79288e+06
100000 2.82152e+07 282.152 5.74818e+06
100000 2.83237e+07 283.237 5.70382e+06
100000 2.84327e+07 284.327 5.65978e+06
100000 2.8542e+07 285.42 5.61611e+06
100000 2.86518e+07 286.518 5.57276e+06
100000 2.8762e+07 287.62 5.52974e+06
100000 2.88727e+07 288.727 5.48703e+06
100000 2.89837e+07 289.837 5.44469e+06
100000 2.90952e+07 290.952 5.40265e+06
100000 2.92071e+07 292.071 5.36094e+06
100000 2.93194e+07 293.194 5.31957e+06
100000 2.94322e+07 294.322 5.27849e+06
100000 2.95454e+07 295.454 5.23773e+06
100000 2.96591e+07 296.591 5.19727e+06
100000 2.97731e+07 297.731 5.15717e+06
100000 2.98877e+07 298.877 5.11732e+06
100000 3.00026e+07 300.026 5.07782e+06
100000 3.0118e+07 301.18 5.03861e+06
100000 3.02339e+07 302.339 4.99968e+06
100000 3.03501e+07 303.501 4.96109e+06
100000 3.04669e+07 304.669 4.92276e+06
100000 3.05841e+07 305.841 4.88473e+06
100000 3.07017e+07 307.017 4.84701e+06
100000 3.08198e+07 308.198 4.80957e+06
100000 3.09383e+07 309.383 4.77243e+06
100000 3.10573e+07 310.573 4.73557e+06
100000 3.11768e+07 311.768 4.69897e+06
100000 3.12967e+07 312.967 4.66268e+06
100000 3.14171e+07 314.171 4.62665e+06
100000 3.15379e+07 315.379 4.59091e+06
100000 3.16592e+07 316.592 4.55545e+06
100000 3.1781e+07 317.81 4.52024e+06
100000 3.19032e+07 319.032 4.48533e+06
100000 3.20259e+07 320.259 4.45067e+06
100000 3.21491e+07 321.491 4.41627e+06
100000 3.22728e+07 322.728 4.38213e+06
100000 3.23969e+07 323.969 4.34828e+06
100000 3.25215e+07 325.215 4.31468e+06
100000 3.26466e+07 326.466 4.28133e+06
100000 3.27722e+07 327.722 4.24823e+06
100000 3.28982e+07 328.982 4.21541e+06
100000 3.30248e+07 330.248 4.18281e+06
100000 3.31518e+07 331.518 4.15048e+06
100000 3.32793e+07 332.793 4.1184e+06
100000 3.34073e+07 334.073 4.08657e+06
100000 3.35358e+07 335.358 4.05498e+06
100000 3.36648e+07 336.648 4.02362e+06
100000 3.37943e+07 337.943 3.99251e+06
100000 3.39242e+07 339.242 3.96166e+06
100000 3.40547e+07 340.547 3.93103e+06
100000 3.41857e+07 341.857 3.90063e+06
100000 3.43172e+07 343.172 3.87047e+06
100000 3.44492e+07 344.492 3.84054e+06
100000 3.45817e+07 345.817 3.81084e+06
100000 3.47147e+07 347.147 3.78137e+06
100000 3.48482e+07 348.482 3.75213e+06
100000 3.49823e+07 349.823 3.7231e+06
100000 3.51168e+07 351.168 3.69431e+06
100000 3.52519e+07 352.519 3.66573e+06
100000 3.53875e+07 353.875 3.63738e+06
100000 3.55236e+07 355.236 3.60924e+06
100000 3.56602e+07 356.602 3.58133e+06
100000 3.57974e+07 357.974 3.55362e+06
100000 3.59351e+07 359.351 3.52612e+06
100000 3.60733e+07 360.733 3.49885e+06
100000 3.6212e+07 362.12 3.47179e+06
100000 3.63513e+07 363.513 3.44492e+06
100000 3.64911e+07 364.911 3.41827e+06
100000 3.66315e+07 366.315 3.39181e+06
100000 3.67724e+07 367.724 3.36556e+06
100000 3.69138e+07 369.138 3.33952e+06
100000 3.70558e+07 370.558 3.31368e+06
100000 3.71983e+07 371.983 3.28804e+06
100000 3.73414e+07 373.414 3.26258e+06
100000 3.7485e+07 374.85 3.23734e+06
100000 3.76292e+07 376.292 3.21227e+06
100000 3.77739e+07 377.739 3.18741e+06
100000 3.79192e+07 379.192 3.16274e+06
100000 3.80651e+07 380.651 3.13825e+06
100000 3.82115e+07 382.115 3.11395e+06
100000 3.83585e+07 383.585 3.08984e+06
100000 3.8506e+07 385.06 3.06592e+06
100000 3.86541e+07 386.541 3.04219e+06
100000 3.88028e+07 388.028 3.01863e+06
100000 3.8952e+07 389.52 2.99526e+06
100000 3.91019e+07 391.019 2.97205e+06
100000 3.92523e+07 392.523 2.94904e+06
100000 3.94032e+07 394.032 2.92621e+06
100000 3.95548e+07 395.548 2.90354e+06
100000 3.97069e+07 397.069 2.88106e+06
100000 3.98597e+07 398.597 2.85873e+06
100000 4.0013e+07 400.13 2.83659e+06
100000 4.01669e+07 401.669 2.81462e+06
100000 4.03214e+07 403.214 2.79281e+06
100000 4.04764e+07 404.764 2.77119e+06
100000 4.06321e+07 406.321 2.74971e+06
100000 4.07884e+07 407.884 2.72841e+06
100000 4.09453e+07 409.453 2.70727e+06
100000 4.11028e+07 411.028 2.68629e+06
100000 4.12609e+07 412.609 2.66547e+06
100000 4.14196e+07 414.196 2.64482e+06
100000 4.15789e+07 415.789 2.62432e+06
100000 4.17388e+07 417.388 2.60398e+06
100000 4.18994e+07 418.994 2.5838e+06
100000 4.20605e+07 420.605 2.56378e+06
100000 4.22223e+07 422.223 2.5439e+06
100000 4.23847e+07 423.847 2.52418e+06
100000 4.25477e+07 425.477 2.50462e+06
100000 4.27114e+07 427.114 2.48519e+06
100000 4.28757e+07 428.757 2.46593e+06
100000 4.30406e+07 430.406 2.44681e+06
100000 4.32061e+07 432.061 2.42784e+06
100000 4.33723e+07 433.723 2.40901e+06
100000 4.35391e+07 435.391 2.39034e+06
100000 4.37066e+07 437.066 2.3718e+06
100000 4.38747e+07 438.747 2.3534e+06
100000 4.40434e+07 440.434 2.33516e+06
100000 4.42129e+07 442.129 2.31704e+06
100000 4.43829e+07 443.829 2.29907e+06
100000 4.45536e+07 445.536 2.28124e+06
100000 4.4725e+07 447.25 2.26354e+06
100000 4.4897e+07 448.97 2.24598e+06
100000 4.50697e+07 450.697 2.22856e+06
100000 4.5243e+07 452.43 2.21127e+06
100000 4.54171e+07 454.171 2.19411e+06
100000 4.55918e+07 455.918 2.17708e+06
100000 4.57671e+07 457.671 2.1602e+06
100000 4.59431e+07 459.431 2.14344e+06
100000 4.61199e+07 461.199 2.12679e+06
100000 4.62972e+07 462.972 2.1103e+06
100000 4.64753e+07 464.753 2.09392e+06
100000 4.66541e+07 466.541 2.07766e+06
100000 4.68335e+07 468.335 2.06154e+06
100000 4.70137e+07 470.137 2.04553e+06
100000 4.71945e+07 471.945 2.02965e+06
100000 4.7376e+07 473.76 2.0139e+06
100000 4.75582e+07 475.582 1.99826e+06
100000 4.77412e+07 477.412 1.98274e+06
100000 4.79248e+07 479.248 1.96735e+06
100000 4.81091e+07 481.091 1.95207e+06
100000 4.82942e+07 482.942 1.93691e+06
100000 4.84799e+07 484.799 1.92187e+06
100000 4.86664e+07 486.664 1.90695e+06
100000 4.88536e+07 488.536 1.89213e+06
100000 4.90415e+07 490.415 1.87744e+06
100000 4.92301e+07 492.301 1.86286e+06
100000 4.94195e+07 494.195 1.84838e+06
100000 4.96095e+07 496.095 1.83403e+06
100000 4.98004e+07 498.004 1.81977e+06
100000 4.99919e+07 499.919 1.80564e+06
100000 5.01842e+07 501.842 1.79161e+06
100000 5.03772e+07 503.772 1.77769e+06
100000 5.0571e+07 505.71 1.76387e+06
100000 5.07655e+07 507.655 1.75016e+06
100000 5.09607e+07 509.607 1.73657e+06
100000 5.11568e+07 511.568 1.72306e+06
100000 5.13535e+07 513.535 1.70967e+06
100000 5.1551e+07 515.51 1.69639e+06
100000 5.17493e+07 517.493 1.6832e+06
100000 5.19484e+07 519.484 1.67011e+06
100000 5.21482e+07 521.482 1.65713e+06
100000 5.23487e+07 523.487 1.64425e+06
100000 5.25501e+07 525.501 1.63146e+06
100000 5.27522e+07 527.522 1.61877e+06
100000 5.29551e+07 529.551 1.60619e+06
100000 5.31588e+07 531.588 1.59369e+06
100000 5.33633e+07 533.633 1.5813e+06
100000 5.35685e+07 535.685 1.569e+06
100000 5.37746e+07 537.746 1.55679e+06
100000 5.39814e+07 539.814 1.54468e+06
100000 5.4189e+07 541.89 1.53267e+06
100000 5.43974e+07 543.974 1.52075e+06
100000 5.46067e+07 546.067 1.50891e+06
100000 5.48167e+07 548.167 1.49717e+06
100000 5.50276e+07 550.276 1.48552e+06
100000 5.52392e+07 552.392 1.47396e+06
100000 5.54517e+07 554.517 1.46249e+06
100000 5.5665e+07 556.65 1.45111e+06
100000 5.58791e+07 558.791 1.43981e+06
100000 5.6094e+07 560.94 1.42861e+06
100000 5.63097e+07 563.097 1.41749e+06
100000 5.65263e+07 565.263 1.40645e+06
100000 5.67437e+07 567.437 1.39551e+06
100000 5.6962e+07 569.62 1.38464e+06
100000 5.71811e+07 571.811 1.37386e+06
100000 5.7401e+07 574.01 1.36316e+06
100000 5.76218e+07 576.218 1.35254e+06
100000 5.78434e+07 578.434 1.34201e+06
100000 5.80659e+07 580.659 1.33156e+06
100000 5.82893e+07 582.893 1.32119e+06
100000 5.85135e+07 585.135 1.31089e+06
100000 5.87385e+07 587.385 1.30069e+06
100000 5.89644e+07 589.644 1.29055e+06
100000 5.91912e+07 591.912 1.2805e+06
100000 5.94189e+07 594.189 1.27052e+06
100000 5.96474e+07 596.474 1.26062e+06
100000 5.98769e+07 598.769 1.2508e+06
100000 6.01072e+07 601.072 1.24105e+06
100000 6.03384e+07 603.384 1.23138e+06
100000 6.05704e+07 605.704 1.22178e+06
100000 6.08034e+07 608.034 1.21226e+06
100000 6.10373e+07 610.373 1.20281e+06
100000 6.12721e+07 612.721 1.19343e+06
100000 6.15077e+07 615.077 1.18413e+06
100000 6.17443e+07 617.443 1.17489e+06
100000 6.19818e+07 619.818 1.16573e+06
100000 6.22202e+07 622.202 1.15664e+06
100000 6.24595e+07 624.595 1.14762e+06
100000 6.26997e+07 626.997 1.13867e+06
100000 6.29409e+07 629.409 1.12979e+06
100000 6.3183e+07 631.83 1.12098e+06
100000 6.3426e+07 634.26 1.11223e+06
100000 6.367e+07 636.7 1.10355e+06
100000 6.39149e+07 639.149 1.09494e+06
100000 6.41607e+07 641.607 1.0864e+06
100000 6.44075e+07 644.075 1.07792e+06
100000 6.46552e+07 646.552 1.06951e+06
100000 6.49039e+07 649.039 1.06117e+06
100000 6.51535e+07 651.535 1.05289e+06
100000 6.54041e+07 654.041 1.04467e+06
100000 6.56557e+07 656.557 1.03651e+06
100000 6.59082e+07 659.082 1.02842e+06
100000 6.61617e+07 661.617 1.02039e+06
100000 6.64162e+07 664.162 1.01243e+06
100000 6.66717e+07 666.717 1.00452e+06
100000 6.69281e+07 669.281 996676
100000 6.71855e+07 671.855 988893
100000 6.74439e+07 674.439 981170
100000 6.77034e+07 677.034 973504
100000 6.79638e+07 679.638 965900
100000 6.82252e+07 682.252 958355
100000 6.84876e+07 684.876 950868
100000 6.8751e+07 687.51 943440
100000 6.90154e+07 690.154 936069
100000 6.92809e+07 692.809 928753
100000 6.95474e+07 695.474 921494
100000 6.98149e+07 698.149 914292
100000 7.00834e+07 700.834 907147
100000 7.0353e+07 703.53 900055
100000 7.06236e+07 706.236 893019
100000 7.08952e+07 708.952 886038
100000 7.11679e+07 711.679 879110
100000 7.14416e+07 714.416 872237
100000 7.17164e+07 717.164 865416
100000 7.19923e+07 719.923 858647
100000 7.22692e+07 722.692 851931
100000 7.25471e+07 725.471 845269
100000 7.28262e+07 728.262 838656
100000 7.31063e+07 731.063 832095
100000 7.33875e+07 733.875 825585
100000 7.36697e+07 736.697 819127
100000 7.39531e+07 739.531 812716
100000 7.42375e+07 742.375 806357
100000 7.45231e+07 745.231 800045
100000 7.48097e+07 748.097 793784
100000 7.50975e+07 750.975 787569
100000 7.53863e+07 753.863 781405
100000 7.56763e+07 756.763 775287
100000 7.59673e+07 759.673 769218
100000 7.62595e+07 762.595 763195
100000 7.65528e+07 765.528 757218
100000 7.68473e+07 768.473 751287
100000 7.71429e+07 771.429 745402
100000 7.74396e+07 774.396 739564
100000 7.77374e+07 777.374 733771
100000 7.80364e+07 780.364 728023
100000 7.83366e+07 783.366 722318
100000 7.86379e+07 786.379 716658
100000 7.89404e+07 789.404 711041
100000 7.9244e+07 792.44 705469
100000 7.95488e+07 795.488 699940
100000 7.98548e+07 798.548 694453
100000 8.01619e+07 801.619 689010
100000 8.04702e+07 804.702 683609
100000 8.07797e+07 807.797 678249
100000 8.10904e+07 810.904 672931
100000 8.14023e+07 814.023 667654
100000 8.17154e+07 817.154 662417
100000 8.20297e+07 820.297 657222
100000 8.23452e+07 823.452 652067
100000 8.2662e+07 826.62 646950
100000 8.29799e+07 829.799 641875
100000 8.32991e+07 832.991 636838
100000 8.36195e+07 836.195 631841
100000 8.39411e+07 839.411 626882
100000 8.4264e+07 842.64 621962
100000 8.45881e+07 845.881 617080
100000 8.49134e+07 849.134 612237
100000 8.524e+07 852.4 607430
100000 8.55679e+07 855.679 602660
100000 8.5897e+07 858.97 597928
100000 8.62274e+07 862.274 593233
100000 8.6559e+07 865.59 588574
100000 8.6892e+07 868.92 583951
100000 8.72262e+07 872.262 579364
100000 8.75617e+07 875.617 574812
100000 8.78985e+07 878.985 570296
100000 8.82366e+07 882.366 565814
100000 8.85759e+07 885.759 561369
100000 8.89166e+07 889.166 556957
100000 8.92586e+07 892.586 552580
100000 8.96019e+07 896.019 548236
100000 8.99466e+07 899.466 543926
100000 9.02925e+07 902.925 539650
100000 9.06398e+07 906.398 535407
100000 9.09885e+07 909.885 531195
100000 9.13384e+07 913.384 527019
100000 9.16897e+07 916.897 522874
100000 9.20424e+07 920.424 518760
100000 9.23964e+07 923.964 514679
100000 9.27518e+07 927.518 510630
100000 9.31086e+07 931.086 506611
100000 9.34667e+07 934.667 502625
100000 9.38262e+07 938.262 498669
100000 9.41871e+07 941.871 494744
100000 9.45494e+07 945.494 490849
100000 9.4913e+07 949.13 486986
100000 9.52781e+07 952.781 483151
100000 9.56445e+07 956.445 479347
100000 9.60124e+07 960.124 475572
100000 9.63817e+07 963.817 471827
100000 9.67524e+07 967.524 468110
100000 9.71246e+07 971.246 464422
100000 9.74981e+07 974.981 460764
100000 9.78731e+07 978.731 457134
100000 9.82496e+07 982.496 453531
100000 9.86275e+07 986.275 449956
100000 9.90068e+07 990.068 446410
100000 9.93877e+07 993.877 442891
100000 9.97699e+07 997.699 439400
100000 1.00154e+08 1001.54 435932
100000 1.00539e+08 1005.39 432497
100000 1.00926e+08 1009.26 429083
100000 1.01314e+08 1013.14 425701
100000 1.01703e+08 1017.03 422349
100000 1.02095e+08 1020.95 419010
100000 1.02487e+08 1024.87 415710
100000 1.02882e+08 1028.82 412423
100000 1.03277e+08 1032.77 409175
100000 1.03674e+08 1036.74 405947
100000 1.04073e+08 1040.73 402741
100000 1.04474e+08 1044.74 399556
100000 1.04875e+08 1048.75 396408
100000 1.05279e+08 1052.79 393274
100000 1.05684e+08 1056.84 390167
100000 1.0609e+08 1060.9 387090
100000 1.06498e+08 1064.98 384033
100000 1.06908e+08 1069.08 380996
100000 1.07319e+08 1073.19 377988
100000 1.07732e+08 1077.32 374999
100000 1.08146e+08 1081.46 372039
100000 1.08562e+08 1085.62 369098
100000 1.0898e+08 1089.8 366178
100000 1.09399e+08 1093.99 363284
100000 1.0982e+08 1098.2 360411
100000 1.10242e+08 1102.42 357564
100000 1.10666e+08 1106.66 354736
100000 1.11092e+08 1110.92 351928
100000 1.11519e+08 1115.19 349147
100000 1.11948e+08 1119.48 346384
100000 1.12379e+08 1123.79 343641
100000 1.12811e+08 1128.11 340923
100000 1.13245e+08 1132.45 338225
100000 1.1368e+08 1136.8 335551
100000 1.14118e+08 1141.18 332891
100000 1.14556e+08 1145.56 330261
100000 1.14997e+08 1149.97 327644
100000 1.15439e+08 1154.39 325051
100000 1.15883e+08 1158.83 322477
100000 1.16329e+08 1163.29 319921
100000 1.16777e+08 1167.77 317384
100000 1.17226e+08 1172.26 314870
100000 1.17677e+08 1176.77 312375
100000 1.18129e+08 1181.29 309903
100000 1.18584e+08 1185.84 307443
100000 1.1904e+08 1190.4 305007
100000 1.19498e+08 1194.98 302588
100000 1.19957e+08 1199.57 300192
100000 1.20419e+08 1204.19 297809
100000 1.20882e+08 1208.82 295448
100000 1.21347e+08 1213.47 293104
100000 1.21813e+08 1218.13 290783
100000 1.22282e+08 1222.82 288474
100000 1.22752e+08 1227.52 286186
100000 1.23224e+08 1232.24 283916
100000 1.23698e+08 1236.98 281662
100000 1.24174e+08 1241.74 279425
100000 1.24652e+08 1246.52 277205
100000 1.25131e+08 1251.31 275006
100000 1.25613e+08 1256.13 272819
100000 1.26096e+08 1260.96 270653
100000 1.26581e+08 1265.81 268503
100000 1.27068e+08 1270.68 266370
100000 1.27556e+08 1275.56 264257
100000 1.28047e+08 1280.47 262155
100000 1.28539e+08 1285.39 260074
100000 1.29034e+08 1290.34 258004
100000 1.2953e+08 1295.3 255954
100000 1.30028e+08 1300.28 253920
100000 1.30528e+08 1305.28 251901
100000 1.31031e+08 1310.31 249894
100000 1.31535e+08 1315.35 247907
100000 1.3204e+08 1320.4 245938
100000 1.32548e+08 1325.48 243981
100000 1.33058e+08 1330.58 242039
100000 1.3357e+08 1335.7 240112
100000 1.34084e+08 1340.84 238199
100000 1.34599e+08 1345.99 236306
100000 1.35117e+08 1351.17 234423
100000 1.35637e+08 1356.37 232556
100000 1.36158e+08 1361.58 230706
100000 1.36682e+08 1366.82 228867
100000 1.37208e+08 1372.08 227043
100000 1.37736e+08 1377.36 225233
100000 1.38265e+08 1382.65 223441
100000 1.38797e+08 1387.97 221659
100000 1.39331e+08 1393.31 219892
100000 1.39867e+08 1398.67 218139
100000 1.40405e+08 1404.05 216399
100000 1.40945e+08 1409.45 214674
100000 1.41487e+08 1414.87 212962
100000 1.42031e+08 1420.31 211264
100000 1.42578e+08 1425.78 209576
100000 1.43126e+08 1431.26 207905
100000 1.43677e+08 1436.77 206244
100000 1.44229e+08 1442.29 204600
100000 1.44784e+08 1447.84 202966
100000 1.45341e+08 1453.41 201345
100000 1.459e+08 1459 199737
100000 1.46461e+08 1464.61 198142
100000 1.47024e+08 1470.24 196561
100000 1.4759e+08 1475.9 194989
100000 1.48157e+08 1481.57 193433
100000 1.48727e+08 1487.27 191887
100000 1.49299e+08 1492.99 190353
100000 1.49874e+08 1498.74 188829
100000 1.5045e+08 1504.5 187321
100000 1.51029e+08 1510.29 185822
100000 1.5161e+08 1516.1 184336
100000 1.52193e+08 1521.93 182861
100000 1.52778e+08 1527.78 181399
100000 1.53366e+08 1533.66 179947
100000 1.53956e+08 1539.56 178507
100000 1.54548e+08 1545.48 177078
100000 1.55142e+08 1551.42 175662
100000 1.55739e+08 1557.39 174254
100000 1.56338e+08 1563.38 172859
100000 1.56939e+08 1569.39 171475
100000 1.57543e+08 1575.43 170101
100000 1.58149e+08 1581.49 168738
100000 1.58757e+08 1587.57 167386
100000 1.59368e+08 1593.68 166044
100000 1.59981e+08 1599.81 164713
100000 1.60596e+08 1605.96 163393
100000 1.61214e+08 1612.14 162082
100000 1.61834e+08 1618.34 160783
100000 1.62456e+08 1624.56 159494
100000 1.63081e+08 1630.81 158214
100000 1.63709e+08 1637.09 156943
100000 1.64338e+08 1643.38 155685
100000 1.6497e+08 1649.7 154435
100000 1.65605e+08 1656.05 153195
100000 1.66242e+08 1662.42 151964
100000 1.66881e+08 1668.81 150745
100000 1.67523e+08 1675.23 149534
100000 1.68167e+08 1681.67 148333
100000 1.68814e+08 1688.14 147141
100000 1.69464e+08 1694.64 145957
100000 1.70115e+08 1701.15 144785
100000 1.7077e+08 1707.7 143620
100000 1.71427e+08 1714.27 142465
100000 1.72086e+08 1720.86 141320
100000 1.72748e+08 1727.48 140183
100000 1.73412e+08 1734.12 139056
100000 1.74079e+08 1740.79 137937
100000 1.74749e+08 1747.49 136826
100000 1.75421e+08 1754.21 135725
100000 1.76096e+08 1760.96 134632
100000 1.76773e+08 1767.73 133549
100000 1.77453e+08 1774.53 132473
100000 1.78135e+08 1781.35 131407
100000 1.78821e+08 1788.21 130347
100000 1.79508e+08 1795.08 129298
100000 1.80199e+08 1801.99 128255
100000 1.80892e+08 1808.92 127221
100000 1.81588e+08 1815.88 126195
100000 1.82286e+08 1822.86 125178
100000 1.82987e+08 1829.87 124169
100000 1.83691e+08 1836.91 123167
100000 1.84398e+08 1843.98 122172
100000 1.85107e+08 1851.07 121187
100000 1.85819e+08 1858.19 120209
100000 1.86534e+08 1865.34 119238
100000 1.87251e+08 1872.51 118276
100000 1.87971e+08 1879.71 117321
100000 1.88694e+08 1886.94 116373
100000 1.8942e+08 1894.2 115433
100000 1.90149e+08 1901.49 114499
100000 1.9088e+08 1908.8 113574
100000 1.91614e+08 1916.14 112656
100000 1.92351e+08 1923.51 111746
100000 1.93091e+08 1930.91 110842
100000 1.93834e+08 1938.34 109945
100000 1.94579e+08 1945.79 109056
100000 1.95328e+08 1953.28 108173
100000 1.96079e+08 1960.79 107298
100000 1.96833e+08 1968.33 106429
100000 1.9759e+08 1975.9 105568
100000 1.9835e+08 1983.5 104713
100000 1.99113e+08 1991.13 103865
100000 1.99879e+08 1998.79 103023
100000 2.00648e+08 2006.48 102188
100000 2.01419e+08 2014.19 101361
100000 2.02194e+08 2021.94 100539
100000 2.02972e+08 2029.72 99723.2
100000 2.03753e+08 2037.53 98914.2
100000 2.04536e+08 2045.36 98112.6
100000 2.05323e+08 2053.23 97316.4
100000 2.06113e+08 2061.13 96526.4
100000 2.06905e+08 2069.05 95743.8
100000 2.07701e+08 2077.01 94966.4
100000 2.085e+08 2085 94195.2
100000 2.09302e+08 2093.02 93430.2
100000 2.10107e+08 2101.07 92671.3
100000 2.10915e+08 2109.15 91918.5
100000 2.11727e+08 2117.27 91170.9
100000 2.12541e+08 2125.41 90430.2
100000 2.13358e+08 2133.58 89695.5
100000 2.14179e+08 2141.79 88965.8
100000 2.15003e+08 2150.03 88242
100000 2.1583e+08 2158.3 87524.2
100000 2.1666e+08 2166.6 86812.2
100000 2.17493e+08 2174.93 86105.9
100000 2.1833e+08 2183.3 85404.6
100000 2.1917e+08 2191.7 84709.1
100000 2.20013e+08 2200.13 84019.3
100000 2.20859e+08 2208.59 83335.1
100000 2.21708e+08 2217.08 82656.5
100000 2.22561e+08 2225.61 81982.8
100000 2.23417e+08 2234.17 81314.6
100000 2.24276e+08 2242.76 80651.9
100000 2.25139e+08 2251.39 79994
100000 2.26005e+08 2260.05 79341.5
100000 2.26874e+08 2268.74 78694.4
100000 2.27747e+08 2277.47 78052
100000 2.28623e+08 2286.23 77415
100000 2.29502e+08 2295.02 76783.3
100000 2.30385e+08 2303.85 76156.1
100000 2.31271e+08 2312.71 75534.2
100000 2.32161e+08 2321.61 74916.9
100000 2.33054e+08 2330.54 74304.7
100000 2.3395e+08 2339.5 73697.7
100000 2.3485e+08 2348.5 73095.2
100000 2.35753e+08 2357.53 72497.7
100000 2.3666e+08 2366.6 71904.7
100000 2.3757e+08 2375.7 71316.6
100000 2.38484e+08 2384.84 70733
100000 2.39401e+08 2394.01 70154.3
100000 2.40322e+08 2403.22 69579.9
100000 2.41246e+08 2412.46 69010.4
100000 2.42174e+08 2421.74 68445.1
100000 2.43106e+08 2431.06 67884.1
100000 2.44041e+08 2440.41 67327.9
100000 2.44979e+08 2449.79 66776.5
100000 2.45922e+08 2459.22 66228.7
100000 2.46868e+08 2468.68 65685.6
100000 2.47817e+08 2478.17 65147.2
100000 2.4877e+08 2487.7 64612.9
100000 2.49727e+08 2497.27 64082.6
100000 2.50688e+08 2506.88 63556.4
100000 2.51652e+08 2516.52 63034.7
100000 2.5262e+08 2526.2 62517.1
100000 2.53592e+08 2535.92 62003.4
100000 2.54567e+08 2545.67 61494.3
100000 2.55546e+08 2555.46 60989
100000 2.56529e+08 2565.29 60487.7
100000 2.57516e+08 2575.16 59990.2
100000 2.58506e+08 2585.06 59497.1
100000 2.595e+08 2595 59007.9
100000 2.60499e+08 2604.99 58521.9
100000 2.615e+08 2615 58040.8
100000 2.62506e+08 2625.06 57562.9
100000 2.63516e+08 2635.16 57088.8
100000 2.6453e+08 2645.3 56618.4
100000 2.65547e+08 2655.47 56152.2
100000 2.66568e+08 2665.68 55689.7
100000 2.67594e+08 2675.94 55230.3
100000 2.68623e+08 2686.23 54775.1
100000 2.69656e+08 2696.56 54323.5
100000 2.70693e+08 2706.93 53875.5
100000 2.71734e+08 2717.34 53431.1
100000 2.7278e+08 2727.8 52989.8
100000 2.73829e+08 2738.29 52552.4
100000 2.74882e+08 2748.82 52118.6
100000 2.75939e+08 2759.39 51688.2
100000 2.77001e+08 2770.01 51260.9
100000 2.78066e+08 2780.66 50837.5
100000 2.79136e+08 2791.36 50417.1
100000 2.80209e+08 2802.09 50000.5
100000 2.81287e+08 2812.87 49586.9
100000 2.82369e+08 2823.69 49176.7
100000 2.83455e+08 2834.55 48769.8
100000 2.84545e+08 2845.45 48366.2
100000 2.8564e+08 2856.4 47965.6
100000 2.86738e+08 2867.38 47568.6
100000 2.87841e+08 2878.41 47174.5
100000 2.88948e+08 2889.48 46783.7
100000 2.9006e+08 2900.6 46395.7
100000 2.91175e+08 2911.75 46011.3
100000 2.92295e+08 2922.95 45629.7
100000 2.9342e+08 2934.2 45251
100000 2.94548e+08 2945.48 44875.7
100000 2.95681e+08 2956.81 44503.2
100000 2.96818e+08 2968.18 44133.9
100000 2.9796e+08 2979.6 43767.3
100000 2.99106e+08 2991.06 43403.7
100000 3.00257e+08 3002.57 43042.9
100000 3.01411e+08 3014.11 42685.5
100000 3.02571e+08 3025.71 42330.4
100000 3.03735e+08 3037.35 41978.3
100000 3.04903e+08 3049.03 41629.2
100000 3.06076e+08 3060.76 41282.8
100000 3.07253e+08 3072.53 40939.2
100000 3.08435e+08 3084.35 40598.3
100000 3.09621e+08 3096.21 40260.3
100000 3.10812e+08 3108.12 39924.9
100000 3.12007e+08 3120.07 39592.4
100000 3.13207e+08 3132.07 39262.4
100000 3.14412e+08 3144.12 38935
100000 3.15621e+08 3156.21 38610.4
100000 3.16835e+08 3168.35 38288.3
100000 3.18054e+08 3180.54 37968.7
100000 3.19277e+08 3192.77 37651.8
100000 3.20505e+08 3205.05 37337.4
100000 3.21738e+08 3217.38 37025.5
100000 3.22976e+08 3229.76 36716.1
100000 3.24218e+08 3242.18 36409.3
100000 3.25465e+08 3254.65 36104.9
100000 3.26717e+08 3267.17 35803
100000 3.27973e+08 3279.73 35503.7
100000 3.29235e+08 3292.35 35206.5
100000 3.30501e+08 3305.01 34911.9
100000 3.31772e+08 3317.72 34619.7
100000 3.33049e+08 3330.49 34329.5
100000 3.3433e+08 3343.3 34041.9
100000 3.35615e+08 3356.15 33756.9
100000 3.36906e+08 3369.06 33473.9
100000 3.38202e+08 3382.02 33193.2
100000 3.39503e+08 3395.03 32914.7
100000 3.40809e+08 3408.09 32638.5
100000 3.4212e+08 3421.2 32364.5
100000 3.43436e+08 3434.36 32092.8
100000 3.44757e+08 3447.57 31823.3
100000 3.46083e+08 3460.83 31555.9
100000 3.47414e+08 3474.14 31290.8
100000 3.4875e+08 3487.5 31027.8
100000 3.50091e+08 3500.91 30767
100000 3.51438e+08 3514.38 30508.1
100000 3.5279e+08 3527.9 30251.3
100000 3.54147e+08 3541.47 29996.7
100000 3.55509e+08 3555.09 29744.2
100000 3.56876e+08 3568.76 29493.7
100000 3.58249e+08 3582.49 29245.2
100000 3.59627e+08 3596.27 28998.7
100000 3.6101e+08 3610.1 28754.3
100000 3.62399e+08 3623.99 28511.7
100000 3.63792e+08 3637.92 28271.3
100000 3.65192e+08 3651.92 28032.6
100000 3.66596e+08 3665.96 27796.1
100000 3.68006e+08 3680.06 27561.4
100000 3.69422e+08 3694.22 27328.5
100000 3.70843e+08 3708.43 27097.5
100000 3.72269e+08 3722.69 26868.5
100000 3.73701e+08 3737.01 26641.3
100000 3.75138e+08 3751.38 26416
100000 3.76581e+08 3765.81 26192.5
100000 3.7803e+08 3780.3 25970.7
100000 3.79484e+08 3794.84 25750.8
100000 3.80943e+08 3809.43 25532.8
100000 3.82408e+08 3824.08 25316.5
100000 3.83879e+08 3838.79 25101.9
100000 3.85356e+08 3853.56 24889
100000 3.86838e+08 3868.38 24677.9
100000 3.88326e+08 3883.26 24468.5
100000 3.8982e+08 3898.2 24260.8
100000 3.91319e+08 3913.19 24054.9
100000 3.92824e+08 3928.24 23850.6
100000 3.94335e+08 3943.35 23648
100000 3.95852e+08 3958.52 23446.9
100000 3.97374e+08 3973.74 23247.6
100000 3.98903e+08 3989.03 23049.8
100000 4.00437e+08 4004.37 22853.8
100000 4.01977e+08 4019.77 22659.3
100000 4.03523e+08 4035.23 22466.4
100000 4.05075e+08 4050.75 22275
100000 4.06633e+08 4066.33 22085.2
100000 4.08197e+08 4081.97 21897
100000 4.09768e+08 4097.68 21710.2
100000 4.11344e+08 4113.44 21525
100000 4.12926e+08 4129.26 21341.4
100000 4.14514e+08 4145.14 21159.2
100000 4.16108e+08 4161.08 20978.6
100000 4.17709e+08 4177.09 20799.4
100000 4.19315e+08 4193.15 20621.7
100000 4.20928e+08 4209.28 20445.4
100000 4.22547e+08 4225.47 20270.6
100000 4.24173e+08 4241.73 20097.1
100000 4.25804e+08 4258.04 19925.1
100000 4.27442e+08 4274.42 19754.5
100000 4.29086e+08 4290.86 19585.4
100000 4.30736e+08 4307.36 19417.6
100000 4.32393e+08 4323.93 19251.2
100000 4.34056e+08 4340.56 19086.1
100000 4.35726e+08 4357.26 18922.4
100000 4.37402e+08 4374.02 18760
100000 4.39084e+08 4390.84 18599
100000 4.40773e+08 4407.73 18439.3
100000 4.42468e+08 4424.68 18280.9
100000 4.4417e+08 4441.7 18123.8
100000 4.45878e+08 4458.78 17968.1
100000 4.47593e+08 4475.93 17813.5
100000 4.49315e+08 4493.15 17660.3
100000 4.51043e+08 4510.43 17508.3
100000 4.52778e+08 4527.78 17357.5
100000 4.54519e+08 4545.19 17208.1
100000 4.56268e+08 4562.68 17059.7
100000 4.58023e+08 4580.23 16912.7
100000 4.59784e+08 4597.84 16766.9
100000 4.61553e+08 4615.53 16622.2
100000 4.63328e+08 4633.28 16478.8
100000 4.6511e+08 4651.1 16336.5
100000 4.66899e+08 4668.99 16195.4
100000 4.68695e+08 4686.95 16055.4
100000 4.70498e+08 4704.98 15916.6
100000 4.72307e+08 4723.07 15779
100000 4.74124e+08 4741.24 15642.5
100000 4.75948e+08 4759.48 15507.1
100000 4.77778e+08 4777.78 15372.9
100000 4.79616e+08 4796.16 15239.7
100000 4.81461e+08 4814.61 15107.7
100000 4.83313e+08 4833.13 14976.7
100000 4.85172e+08 4851.72 14846.8
100000 4.87038e+08 4870.38 14718
100000 4.88911e+08 4889.11 14590.3
100000 4.90791e+08 4907.91 14463.6
100000 4.92679e+08 4926.79 14338
100000 4.94574e+08 4945.74 14213.4
100000 4.96476e+08 4964.76 14089.8
100000 4.98386e+08 4983.86 13967.3
100000 5.00303e+08 5003.03 13845.7
100000 5.02227e+08 5022.27 13725.2
100000 5.04159e+08 5041.59 13605.7
100000 5.06098e+08 5060.98 13487.2
100000 5.08045e+08 5080.45 13369.6
100000 5.09999e+08 5099.99 13253
100000 5.1196e+08 5119.6 13137.4
100000 5.1393e+08 5139.3 13022.7
100000 5.15906e+08 5159.06 12909.1
100000 5.17891e+08 5178.91 12796.3
100000 5.19883e+08 5198.83 12684.5
100000 5.21882e+08 5218.82 12573.6
100000 5.2389e+08 5238.9 12463.6
100000 5.25905e+08 5259.05 12354.6
100000 5.27927e+08 5279.27 12246.5
100000 5.29958e+08 5299.58 12139.2
100000 5.31996e+08 5319.96 12032.9
100000 5.34043e+08 5340.43 11927.4
100000 5.36097e+08 5360.97 11822.8
100000 5.38159e+08 5381.59 11719.1
100000 5.40229e+08 5402.29 11616.2
100000 5.42306e+08 5423.06 11514.2
100000 5.44392e+08 5443.92 11413.1
100000 5.46486e+08 5464.86 11312.8
100000 5.48588e+08 5485.88 11213.3
100000 5.50698e+08 5506.98 11114.7
100000 5.52816e+08 5528.16 11016.9
100000 5.54943e+08 5549.43 10919.8
100000 5.57077e+08 5570.77 10823.7
100000 5.5922e+08 5592.2 10728.3
100000 5.61371e+08 5613.71 10633.7
100000 5.6353e+08 5635.3 10539.9
100000 5.65697e+08 5656.97 10446.9
100000 5.67873e+08 5678.73 10354.7
100000 5.70057e+08 5700.57 10263.2
100000 5.7225e+08 5722.5 10172.5
100000 5.74451e+08 5744.51 10082.6
100000 5.76661e+08 5766.61 9993.39
100000 5.78879e+08 5788.79 9904.96
100000 5.81105e+08 5811.05 9817.28
100000 5.8334e+08 5833.4 9730.33
100000 5.85584e+08 5855.84 9644.09
100000 5.87836e+08 5878.36 9558.6
100000 5.90097e+08 5900.97 9473.82
100000 5.92367e+08 5923.67 9389.73
100000 5.94645e+08 5946.45 9306.38
100000 5.96933e+08 5969.33 9223.68
100000 5.99229e+08 5992.29 9141.71
100000 6.01533e+08 6015.33 9060.45
100000 6.03847e+08 6038.47 8979.84
100000 6.0617e+08 6061.7 8899.91
100000 6.08501e+08 6085.01 8820.68
100000 6.10842e+08 6108.42 8742.08
100000 6.13191e+08 6131.91 8664.18
100000 6.1555e+08 6155.5 8586.9
100000 6.17917e+08 6179.17 8510.31
100000 6.20294e+08 6202.94 8434.33
100000 6.2268e+08 6226.8 8359
100000 6.25075e+08 6250.75 8284.31
100000 6.27479e+08 6274.79 8210.26
100000 6.29892e+08 6298.92 8136.84
100000 6.32315e+08 6323.15 8064.03
100000 6.34747e+08 6347.47 7991.83
100000 6.37189e+08 6371.89 7920.23
100000 6.3964e+08 6396.4 7849.24
100000 6.421e+08 6421 7778.87
100000 6.4457e+08 6445.7 7709.07
100000 6.47049e+08 6470.49 7639.89
100000 6.49537e+08 6495.37 7571.3
100000 6.52036e+08 6520.36 7503.25
100000 6.54544e+08 6545.44 7435.8
100000 6.57061e+08 6570.61 7368.94
100000 6.59589e+08 6595.89 7302.61
100000 6.62125e+08 6621.25 7236.88
100000 6.64672e+08 6646.72 7171.69
100000 6.67229e+08 6672.29 7107.04
100000 6.69795e+08 6697.95 7042.96
100000 6.72371e+08 6723.71 6979.42
100000 6.74957e+08 6749.57 6916.43
100000 6.77554e+08 6775.54 6853.94
100000 6.8016e+08 6801.6 6792
100000 6.82776e+08 6827.76 6730.6
100000 6.85402e+08 6854.02 6669.72
100000 6.88038e+08 6880.38 6609.36
100000 6.90685e+08 6906.85 6549.49
100000 6.93341e+08 6933.41 6490.16
100000 6.96008e+08 6960.08 6431.32
100000 6.98685e+08 6986.85 6372.99
100000 7.01372e+08 7013.72 6315.16
100000 7.0407e+08 7040.7 6257.81
100000 7.06778e+08 7067.78 6200.96
100000 7.09497e+08 7094.97 6144.58
100000 7.12226e+08 7122.26 6088.7
100000 7.14965e+08 7149.65 6033.3
100000 7.17715e+08 7177.15 5978.37
100000 7.20475e+08 7204.75 5923.92
100000 7.23247e+08 7232.47 5869.9
100000 7.26028e+08 7260.28 5816.39
100000 7.28821e+08 7288.21 5763.3
100000 7.31624e+08 7316.24 5710.69
100000 7.34438e+08 7344.38 5658.52
100000 7.37263e+08 7372.63 5606.8
100000 7.40099e+08 7400.99 5555.52
100000 7.42946e+08 7429.46 5504.67
100000 7.45803e+08 7458.03 5454.29
100000 7.48672e+08 7486.72 5404.31
100000 7.51551e+08 7515.51 5354.79
100000 7.54442e+08 7544.42 5305.67
100000 7.57344e+08 7573.44 5256.98
100000 7.60257e+08 7602.57 5208.71
100000 7.63181e+08 7631.81 5160.86
100000 7.66116e+08 7661.16 5113.43
100000 7.69063e+08 7690.63 5066.39
100000 7.72021e+08 7720.21 5019.77
100000 7.74991e+08 7749.91 4973.53
100000 7.77971e+08 7779.71 4927.72
100000 7.80964e+08 7809.64 4882.28
100000 7.83968e+08 7839.68 4837.24
100000 7.86983e+08 7869.83 4792.6
100000 7.9001e+08 7900.1 4748.34
100000 7.93049e+08 7930.49 4704.46
100000 7.96099e+08 7960.99 4660.96
100000 7.99161e+08 7991.61 4617.84
100000 8.02235e+08 8022.35 4575.09
100000 8.0532e+08 8053.2 4532.72
100000 8.08418e+08 8084.18 4490.7
100000 8.11527e+08 8115.27 4449.06
100000 8.14649e+08 8146.49 4407.77
100000 8.17782e+08 8177.82 4366.85
100000 8.20927e+08 8209.27 4326.29
100000 8.24085e+08 8240.85 4286.06
100000 8.27255e+08 8272.55 4246.19
100000 8.30437e+08 8304.37 4206.67
100000 8.33631e+08 8336.31 4167.49
100000 8.36837e+08 8368.37 4128.66
100000 8.40056e+08 8400.56 4090.16
100000 8.43287e+08 8432.87 4052
100000 8.4653e+08 8465.3 4014.17
100000 8.49786e+08 8497.86 3976.67
100000 8.53055e+08 8530.55 3939.49
100000 8.56336e+08 8563.36 3902.65
100000 8.5963e+08 8596.3 3866.12
100000 8.62936e+08 8629.36 3829.92
100000 8.66255e+08 8662.55 3794.03
100000 8.69587e+08 8695.87 3758.45
100000 8.72932e+08 8729.32 3723.18
100000 8.76289e+08 8762.89 3688.23
100000 8.7966e+08 8796.6 3653.57
100000 8.83043e+08 8830.43 3619.23
100000 8.8644e+08 8864.4 3585.18
100000 8.89849e+08 8898.49 3551.44
100000 8.93272e+08 8932.72 3517.99
100000 8.96708e+08 8967.08 3484.83
100000 9.00157e+08 9001.57 3451.96
100000 9.03619e+08 9036.19 3419.39
100000 9.07095e+08 9070.95 3387.1
100000 9.10583e+08 9105.83 3355.1
100000 9.14086e+08 9140.86 3323.37
100000 9.17602e+08 9176.02 3291.92
100000 9.21131e+08 9211.31 3260.76
100000 9.24674e+08 9246.74 3229.87
100000 9.28231e+08 9282.31 3199.24
100000 9.31801e+08 9318.01 3168.9
100000 9.35385e+08 9353.85 3138.81
100000 9.38983e+08 9389.83 3109
100000 9.42594e+08 9425.94 3079.45
100000 9.4622e+08 9462.2 3050.15
100000 9.49859e+08 9498.59 3021.13
100000 9.53513e+08 9535.13 2992.35
100000 9.5718e+08 9571.8 2963.83
100000 9.60862e+08 9608.62 2935.56
100000 9.64557e+08 9645.57 2907.55
100000 9.68267e+08 9682.67 2879.78
100000 9.71992e+08 9719.92 2852.26
100000 9.7573e+08 9757.3 2824.98
100000 9.79483e+08 9794.83 2797.95
100000 9.83251e+08 9832.51 2771.15
100000 9.87032e+08 9870.32 2744.6
100000 9.90829e+08 9908.29 2718.28
100000 9.9464e+08 9946.4 2692.19
100000 9.98466e+08 9984.66 2666.34
100000 1.00231e+09 10023.1 2640.69
100000 1.00616e+09 10061.6 2615.33
100000 1.01003e+09 10100.3 2590.17
100000 1.01392e+09 10139.2 2565.19
100000 1.01782e+09 10178.2 2540.47
100000 1.02173e+09 10217.3 2516
100000 1.02566e+09 10256.6 2491.72
100000 1.02961e+09 10296.1 2467.63
100000 1.03357e+09 10335.7 2443.78
100000 1.03754e+09 10375.4 2420.18
100000 1.04153e+09 10415.3 2396.77
100000 1.04554e+09 10455.4 2373.53
100000 1.04956e+09 10495.6 2350.54
100000 1.0536e+09 10536 2327.73
100000 1.05765e+09 10576.5 2305.15
100000 1.06172e+09 10617.2 2282.75
100000 1.0658e+09 10658 2260.58
100000 1.0699e+09 10699 2238.59
100000 1.07401e+09 10740.1 2216.83
100000 1.07815e+09 10781.5 2195.19
100000 1.08229e+09 10822.9 2173.83
100000 1.08646e+09 10864.6 2152.59
100000 1.09063e+09 10906.3 2131.62
100000 1.09483e+09 10948.3 2110.77
100000 1.09904e+09 10990.4 2090.14
100000 1.10327e+09 11032.7 2069.68
100000 1.10751e+09 11075.1 2049.43
100000 1.11177e+09 11117.7 2029.35
100000 1.11605e+09 11160.5 2009.44
100000 1.12034e+09 11203.4 1989.73
100000 1.12465e+09 11246.5 1970.19
100000 1.12897e+09 11289.7 1950.85
100000 1.13332e+09 11333.2 1931.63
100000 1.13768e+09 11376.8 1912.62
100000 1.14205e+09 11420.5 1893.8
100000 1.14644e+09 11464.4 1875.15
100000 1.15085e+09 11508.5 1856.65
100000 1.15528e+09 11552.8 1838.31
100000 1.15972e+09 11597.2 1820.16
100000 1.16419e+09 11641.9 1802.12
100000 1.16866e+09 11686.6 1784.32
100000 1.17316e+09 11731.6 1766.64
100000 1.17767e+09 11776.7 1749.14
100000 1.1822e+09 11822 1731.79
100000 1.18675e+09 11867.5 1714.59
100000 1.19131e+09 11913.1 1697.57
100000 1.19589e+09 11958.9 1680.71
100000 1.20049e+09 12004.9 1663.98
100000 1.20511e+09 12051.1 1647.41
100000 1.20975e+09 12097.5 1630.98
100000 1.2144e+09 12144 1614.72
100000 1.21907e+09 12190.7 1598.61
100000 1.22376e+09 12237.6 1582.64
100000 1.22847e+09 12284.7 1566.81
100000 1.23319e+09 12331.9 1551.15
100000 1.23793e+09 12379.3 1535.63
100000 1.2427e+09 12427 1520.22
100000 1.24748e+09 12474.8 1504.97
100000 1.25227e+09 12522.7 1489.89
100000 1.25709e+09 12570.9 1474.92
100000 1.26193e+09 12619.3 1460.08
100000 1.26678e+09 12667.8 1445.4
100000 1.27165e+09 12716.5 1430.85
100000 1.27654e+09 12765.4 1416.44
100000 1.28145e+09 12814.5 1402.15
100000 1.28638e+09 12863.8 1388
100000 1.29133e+09 12913.3 1373.97
100000 1.2963e+09 12963 1360.07
100000 1.30128e+09 13012.8 1346.32
100000 1.30629e+09 13062.9 1332.68
100000 1.31131e+09 13113.1 1319.18
100000 1.31636e+09 13163.6 1305.78
100000 1.32142e+09 13214.2 1292.54
100000 1.3265e+09 13265 1279.41
100000 1.3316e+09 13316 1266.4
100000 1.33672e+09 13367.2 1253.52
100000 1.34187e+09 13418.7 1240.73
100000 1.34703e+09 13470.3 1228.08
100000 1.35221e+09 13522.1 1215.56
100000 1.35741e+09 13574.1 1203.15
100000 1.36263e+09 13626.3 1190.85
100000 1.36787e+09 13678.7 1178.67
100000 1.37313e+09 13731.3 1166.61
100000 1.37841e+09 13784.1 1154.66
100000 1.38372e+09 13837.2 1142.8
100000 1.38904e+09 13890.4 1131.07
100000 1.39438e+09 13943.8 1119.46
100000 1.39974e+09 13997.4 1107.95
100000 1.40513e+09 14051.3 1096.54
100000 1.41053e+09 14105.3 1085.25
100000 1.41596e+09 14159.6 1074.06
100000 1.4214e+09 14214 1062.99
100000 1.42687e+09 14268.7 1052
100000 1.43236e+09 14323.6 1041.13
100000 1.43787e+09 14378.7 1030.36
100000 1.4434e+09 14434 1019.69
100000 1.44895e+09 14489.5 1009.12
100000 1.45452e+09 14545.2 998.662
100000 1.46012e+09 14601.2 988.284
100000 1.46573e+09 14657.3 978.026
100000 1.47137e+09 14713.7 967.85
100000 1.47703e+09 14770.3 957.774
100000 1.48271e+09 14827.1 947.797
100000 1.48842e+09 14884.2 937.9
100000 1.49414e+09 14941.4 928.119
100000 1.49989e+09 14998.9 918.418
100000 1.50566e+09 15056.6 908.813
100000 1.51145e+09 15114.5 899.303
100000 1.51726e+09 15172.6 889.888
100000 1.5231e+09 15231 880.55
100000 1.52896e+09 15289.6 871.306
100000 1.53484e+09 15348.4 862.155
100000 1.54074e+09 15407.4 853.095
100000 1.54667e+09 15466.7 844.112
100000 1.55261e+09 15526.1 835.234
100000 1.55859e+09 15585.9 826.416
100000 1.56458e+09 15645.8 817.702
100000 1.5706e+09 15706 809.061
100000 1.57664e+09 15766.4 800.509
100000 1.5827e+09 15827 792.043
100000 1.58879e+09 15887.9 783.65
100000 1.5949e+09 15949 775.343
100000 1.60104e+09 16010.4 767.108
100000 1.6072e+09 16072 758.957
100000 1.61338e+09 16133.8 750.889
100000 1.61958e+09 16195.8 742.905
100000 1.62581e+09 16258.1 734.99
100000 1.63207e+09 16320.7 727.145
100000 1.63834e+09 16383.4 719.394
100000 1.64464e+09 16446.4 711.71
100000 1.65097e+09 16509.7 704.095
100000 1.65732e+09 16573.2 696.559
100000 1.66369e+09 16636.9 689.101
100000 1.67009e+09 16700.9 681.71
100000 1.67652e+09 16765.2 674.385
100000 1.68297e+09 16829.7 667.137
100000 1.68944e+09 16894.4 659.965
100000 1.69594e+09 16959.4 652.858
100000 1.70246e+09 17024.6 645.825
100000 1.70901e+09 17090.1 638.857
100000 1.71558e+09 17155.8 631.962
100000 1.72218e+09 17221.8 625.131
100000 1.7288e+09 17288 618.371
100000 1.73545e+09 17354.5 611.674
100000 1.74213e+09 17421.3 605.039
100000 1.74883e+09 17488.3 598.474
100000 1.75556e+09 17555.6 591.97
100000 1.76231e+09 17623.1 585.536
100000 1.76909e+09 17690.9 579.162
100000 1.77589e+09 17758.9 572.856
100000 1.78272e+09 17827.2 566.61
100000 1.78958e+09 17895.8 560.422
100000 1.79646e+09 17964.6 554.301
100000 1.80337e+09 18033.7 548.237
100000 1.81031e+09 18103.1 542.231
100000 1.81727e+09 18172.7 536.29
100000 1.82426e+09 18242.6 530.406
100000 1.83128e+09 18312.8 524.578
100000 1.83832e+09 18383.2 518.814
100000 1.84539e+09 18453.9 513.104
100000 1.85249e+09 18524.9 507.45
100000 1.85962e+09 18596.2 501.85
100000 1.86677e+09 18667.7 496.312
100000 1.87395e+09 18739.5 490.827
100000 1.88116e+09 18811.6 485.396
100000 1.88839e+09 18883.9 480.024
100000 1.89565e+09 18956.5 474.705
100000 1.90295e+09 19029.5 469.431
100000 1.91027e+09 19102.7 464.216
100000 1.91761e+09 19176.1 459.059
100000 1.92499e+09 19249.9 453.946
100000 1.93239e+09 19323.9 448.89
100000 1.93983e+09 19398.3 443.877
100000 1.94729e+09 19472.9 438.921
100000 1.95478e+09 19547.8 434.014
100000 1.96229e+09 19622.9 429.163
100000 1.96984e+09 19698.4 424.353
100000 1.97742e+09 19774.2 419.592
100000 1.98502e+09 19850.2 414.885
100000 1.99266e+09 19926.6 410.219
100000 2.00032e+09 20003.2 405.606
100000 2.00802e+09 20080.2 401.034
100000 2.01574e+09 20157.4 396.514
100000 2.02349e+09 20234.9 392.04
100000 2.03128e+09 20312.8 387.606
100000 2.03909e+09 20390.9 383.223
100000 2.04693e+09 20469.3 378.885
100000 2.05481e+09 20548.1 374.586
100000 2.06271e+09 20627.1 370.336
100000 2.07064e+09 20706.4 366.131
100000 2.07861e+09 20786.1 361.963
100000 2.0866e+09 20866 357.844
100000 2.09463e+09 20946.3 353.763
100000 2.10269e+09 21026.9 349.724
100000 2.11077e+09 21107.7 345.732
100000 2.11889e+09 21188.9 341.777
100000 2.12704e+09 21270.4 337.864
100000 2.13522e+09 21352.2 333.991
100000 2.14344e+09 21434.4 330.155
100000 2.15168e+09 21516.8 326.364
100000 2.15996e+09 21599.6 322.609
100000 2.16826e+09 21682.6 318.897
100000 2.1766e+09 21766 315.221
100000 2.18498e+09 21849.8 311.58
100000 2.19338e+09 21933.8 307.982
100000 2.20182e+09 22018.2 304.418
100000 2.21028e+09 22102.8 300.896
100000 2.21879e+09 22187.9 297.404
100000 2.22732e+09 22273.2 293.954
100000 2.23589e+09 22358.9 290.537
100000 2.24449e+09 22444.9 287.157
100000 2.25312e+09 22531.2 283.814
100000 2.26179e+09 22617.9 280.503
100000 2.27049e+09 22704.9 277.229
100000 2.27922e+09 22792.2 273.99
100000 2.28798e+09 22879.8 270.786
100000 2.29679e+09 22967.9 267.611
100000 2.30562e+09 23056.2 264.474
100000 2.31449e+09 23144.9 261.368
100000 2.32339e+09 23233.9 258.296
100000 2.33233e+09 23323.3 255.255
100000 2.3413e+09 23413 252.247
100000 2.3503e+09 23503 249.273
100000 2.35934e+09 23593.4 246.329
100000 2.36842e+09 23684.2 243.415
100000 2.37753e+09 23775.3 240.533
100000 2.38667e+09 23866.7 237.683
100000 2.39585e+09 23958.5 234.862
100000 2.40507e+09 24050.7 232.071
100000 2.41432e+09 24143.2 229.31
100000 2.4236e+09 24236 226.581
100000 2.43292e+09 24329.2 223.88
100000 2.44228e+09 24422.8 221.206
100000 2.45168e+09 24516.8 218.56
100000 2.46111e+09 24611.1 215.945
100000 2.47057e+09 24705.7 213.359
100000 2.48008e+09 24800.8 210.797
100000 2.48961e+09 24896.1 208.268
100000 2.49919e+09 24991.9 205.762
100000 2.5088e+09 25088 203.285
100000 2.51845e+09 25184.5 200.834
100000 2.52814e+09 25281.4 198.41
100000 2.53786e+09 25378.6 196.013
100000 2.54762e+09 25476.2 193.641
100000 2.55742e+09 25574.2 191.295
100000 2.56726e+09 25672.6 188.974
100000 2.57713e+09 25771.3 186.68
100000 2.58705e+09 25870.5 184.408
100000 2.597e+09 25970 182.163
100000 2.60699e+09 26069.9 179.942
100000 2.61701e+09 26170.1 177.747
100000 2.62708e+09 26270.8 175.574
100000 2.63718e+09 26371.8 173.427
100000 2.64733e+09 26473.3 171.301
100000 2.65751e+09 26575.1 169.2
100000 2.66773e+09 26677.3 167.122
100000 2.67799e+09 26779.9 165.067
100000 2.68829e+09 26882.9 163.034
100000 2.69863e+09 26986.3 161.024
100000 2.70901e+09 27090.1 159.036
100000 2.71943e+09 27194.3 157.07
100000 2.72989e+09 27298.9 155.126
100000 2.74039e+09 27403.9 153.203
100000 2.75093e+09 27509.3 151.302
100000 2.76151e+09 27615.1 149.423
100000 2.77213e+09 27721.3 147.564
100000 2.7828e+09 27828 145.724
100000 2.7935e+09 27935 143.907
100000 2.80424e+09 28042.4 142.111
100000 2.81503e+09 28150.3 140.333
100000 2.82586e+09 28258.6 138.575
100000 2.83673e+09 28367.3 136.838
100000 2.84764e+09 28476.4 135.12
100000 2.85859e+09 28585.9 133.422
100000 2.86959e+09 28695.9 131.741
100000 2.88062e+09 28806.2 130.082
100000 2.8917e+09 28917 128.44
100000 2.90283e+09 29028.3 126.816
100000 2.91399e+09 29139.9 125.212
100000 2.9252e+09 29252 123.625
100000 2.93645e+09 29364.5 122.056
100000 2.94774e+09 29477.4 120.506
100000 2.95908e+09 29590.8 118.973
100000 2.97046e+09 29704.6 117.457
100000 2.98189e+09 29818.9 115.958
100000 2.99336e+09 29933.6 114.477
100000 3.00487e+09 30048.7 113.013
100000 3.01643e+09 30164.3 111.565
100000 3.02803e+09 30280.3 110.135
100000 3.03968e+09 30396.8 108.72
100000 3.05137e+09 30513.7 107.322
100000 3.06311e+09 30631.1 105.939
100000 3.07489e+09 30748.9 104.574
100000 3.08671e+09 30867.1 103.224
100000 3.09859e+09 30985.9 101.888
100000 3.11051e+09 31105.1 100.569
100000 3.12247e+09 31224.7 99.2652
100000 3.13448e+09 31344.8 97.9763
100000 3.14654e+09 31465.4 96.702
100000 3.15864e+09 31586.4 95.4432
100000 3.17079e+09 31707.9 94.1987
100000 3.18298e+09 31829.8 92.9694
100000 3.19523e+09 31952.3 91.7531
100000 3.20752e+09 32075.2 90.5518
100000 3.21985e+09 32198.5 89.3652
100000 3.23224e+09 32322.4 88.1914
100000 3.24467e+09 32446.7 87.0321
100000 3.25715e+09 32571.5 85.8862
100000 3.26968e+09 32696.8 84.7536
100000 3.28225e+09 32822.5 83.6351
100000 3.29488e+09 32948.8 82.5287
100000 3.30755e+09 33075.5 81.4363
100000 3.32027e+09 33202.7 80.3566
100000 3.33304e+09 33330.4 79.2896
100000 3.34586e+09 33458.6 78.2353
100000 3.35873e+09 33587.3 77.1934
100000 3.37165e+09 33716.5 76.1639
100000 3.38462e+09 33846.2 75.1466
100000 3.39764e+09 33976.4 74.1414
100000 3.41071e+09 34107.1 73.1483
100000 3.42382e+09 34238.2 72.1679
100000 3.43699e+09 34369.9 71.1984
100000 3.45021e+09 34502.1 70.2407
100000 3.46348e+09 34634.8 69.2946
100000 3.47681e+09 34768.1 68.3592
100000 3.49018e+09 34901.8 67.4358
100000 3.5036e+09 35036 66.5237
100000 3.51708e+09 35170.8 65.6221
100000 3.53061e+09 35306.1 64.7315
100000 3.54419e+09 35441.9 63.8518
100000 3.55782e+09 35578.2 62.9829
100000 3.5715e+09 35715 62.1248
100000 3.58524e+09 35852.4 61.2766
100000 3.59903e+09 35990.3 60.439
100000 3.61287e+09 36128.7 59.6118
100000 3.62677e+09 36267.7 58.7943
100000 3.64072e+09 36407.2 57.987
100000 3.65472e+09 36547.2 57.1898
100000 3.66878e+09 36687.8 56.402
100000 3.68289e+09 36828.9 55.6242
100000 3.69706e+09 36970.6 54.8556
100000 3.71128e+09 37112.8 54.0967
100000 3.72555e+09 37255.5 53.3475
100000 3.73988e+09 37398.8 52.6072
100000 3.75426e+09 37542.6 51.8764
100000 3.7687e+09 37687 51.1545
100000 3.7832e+09 37832 50.4412
100000 3.79775e+09 37977.5 49.7372
100000 3.81236e+09 38123.6 49.0417
100000 3.82702e+09 38270.2 48.3551
100000 3.84174e+09 38417.4 47.677
100000 3.85652e+09 38565.2 47.0072
100000 3.87135e+09 38713.5 46.3462
100000 3.88624e+09 38862.4 45.6932
100000 3.90119e+09 39011.9 45.0484
100000 3.91619e+09 39161.9 44.412
100000 3.93126e+09 39312.6 43.7832
100000 3.94638e+09 39463.8 43.1625
100000 3.96156e+09 39615.6 42.5497
100000 3.97679e+09 39767.9 41.945
100000 3.99209e+09 39920.9 41.3475
100000 4.00745e+09 40074.5 40.7575
100000 4.02286e+09 40228.6 40.1754
100000 4.03833e+09 40383.3 39.6007
100000 4.05387e+09 40538.7 39.0329
100000 4.06946e+09 40694.6 38.4727
100000 4.08511e+09 40851.1 37.9197
100000 4.10082e+09 41008.2 37.3738
100000 4.1166e+09 41166 36.8346
100000 4.13243e+09 41324.3 36.3027
100000 4.14832e+09 41483.2 35.7777
100000 4.16428e+09 41642.8 35.2591
100000 4.1803e+09 41803 34.7473
100000 4.19638e+09 41963.8 34.2422
100000 4.21252e+09 42125.2 33.7437
100000 4.22872e+09 42287.2 33.2517
100000 4.24498e+09 42449.8 32.7661
100000 4.26131e+09 42613.1 32.2867
100000 4.2777e+09 42777 31.8136
100000 4.29415e+09 42941.5 31.3468
100000 4.31067e+09 43106.7 30.8859
100000 4.32725e+09 43272.5 30.4312
100000 4.34389e+09 43438.9 29.9825
100000 4.3606e+09 43606 29.5395
100000 4.37737e+09 43773.7 29.1025
100000 4.39421e+09 43942.1 28.6712
100000 4.41111e+09 44111.1 28.2456
100000 4.42808e+09 44280.8 27.8256
100000 4.44511e+09 44451.1 27.4112
100000 4.46221e+09 44622.1 27.0022
100000 4.47937e+09 44793.7 26.5989
100000 4.4966e+09 44966 26.2008
100000 4.5139e+09 45139 25.8079
100000 4.53126e+09 45312.6 25.4204
100000 4.54869e+09 45486.9 25.038
100000 4.56618e+09 45661.8 24.661
100000 4.58374e+09 45837.4 24.2889
100000 4.60138e+09 46013.8 23.9215
100000 4.61907e+09 46190.7 23.5595
100000 4.63684e+09 46368.4 23.2022
100000 4.65467e+09 46546.7 22.8498
100000 4.67258e+09 46725.8 22.502
100000 4.69055e+09 46905.5 22.159
100000 4.70859e+09 47085.9 21.8207
100000 4.7267e+09 47267 21.487
100000 4.74488e+09 47448.8 21.1579
100000 4.76313e+09 47631.3 20.8332
100000 4.78145e+09 47814.5 20.513
100000 4.79984e+09 47998.4 20.1971
100000 4.81831e+09 48183.1 19.8855
100000 4.83684e+09 48368.4 19.5783
100000 4.85544e+09 48554.4 19.2754
100000 4.87412e+09 48741.2 18.9765
100000 4.89286e+09 48928.6 18.6819
100000 4.91168e+09 49116.8 18.3913
100000 4.93058e+09 49305.8 18.1046
100000 4.94954e+09 49495.4 17.8221
100000 4.96858e+09 49685.8 17.5434
100000 4.98769e+09 49876.9 17.2686
100000 5.00687e+09 50068.7 16.9977
100000 5.02613e+09 50261.3 16.7305
100000 5.04546e+09 50454.6 16.4672
100000 5.06487e+09 50648.7 16.2074
100000 5.08435e+09 50843.5 15.9513
100000 5.10391e+09 51039.1 15.6988
100000 5.12354e+09 51235.4 15.45
100000 5.14324e+09 51432.4 15.2047
100000 5.16303e+09 51630.3 14.9627
100000 5.18288e+09 51828.8 14.7243
100000 5.20282e+09 52028.2 14.4891
100000 5.22283e+09 52228.3 14.2574
100000 5.24292e+09 52429.2 14.029
100000 5.26309e+09 52630.9 13.8038
100000 5.28333e+09 52833.3 13.5819
100000 5.30365e+09 53036.5 13.3631
100000 5.32405e+09 53240.5 13.1475
100000 5.34453e+09 53445.3 12.9349
100000 5.36508e+09 53650.8 12.7255
100000 5.38572e+09 53857.2 12.519
100000 5.40643e+09 54064.3 12.3156
100000 5.42723e+09 54272.3 12.1151
100000 5.4481e+09 54481 11.9175
100000 5.46906e+09 54690.6 11.7228
100000 5.4901e+09 54901 11.5309
100000 5.51121e+09 55112.1 11.3418
100000 5.53241e+09 55324.1 11.1555
100000 5.55369e+09 55536.9 10.9719
100000 5.57505e+09 55750.5 10.791
100000 5.59649e+09 55964.9 10.6128
100000 5.61802e+09 56180.2 10.4372
100000 5.63963e+09 56396.3 10.2642
100000 5.66132e+09 56613.2 10.0937
100000 5.68309e+09 56830.9 9.92581
100000 5.70495e+09 57049.5 9.76036
100000 5.7269e+09 57269 9.59733
100000 5.74892e+09 57489.2 9.43683
100000 5.77104e+09 57710.4 9.27861
100000 5.79323e+09 57932.3 9.12287
100000 5.81552e+09 58155.2 8.96935
100000 5.83788e+09 58378.8 8.81825
100000 5.86034e+09 58603.4 8.66933
100000 5.88288e+09 58828.8 8.52269
100000 5.90551e+09 59055.1 8.37824
100000 5.92822e+09 59282.2 8.23602
100000 5.95102e+09 59510.2 8.09594
100000 5.97391e+09 59739.1 7.95797
100000 5.99689e+09 59968.9 7.82209
100000 6.01995e+09 60199.5 7.68832
100000 6.04311e+09 60431.1 7.55653
100000 6.06635e+09 60663.5 7.42681
100000 6.08969e+09 60896.9 7.29902
100000 6.11311e+09 61131.1 7.17324
100000 6.13662e+09 61366.2 7.0494
100000 6.16022e+09 61602.2 6.92747
100000 6.18392e+09 61839.2 6.80737
100000 6.2077e+09 62077 6.68919
100000 6.23158e+09 62315.8 6.5728
100000 6.25555e+09 62555.5 6.45822
100000 6.27961e+09 62796.1 6.34544
100000 6.30376e+09 63037.6 6.23443
100000 6.32801e+09 63280.1 6.12512
100000 6.35235e+09 63523.5 6.01753
100000 6.37678e+09 63767.8 5.91165
100000 6.40131e+09 64013.1 5.80741
100000 6.42593e+09 64259.3 5.70482
100000 6.45065e+09 64506.5 5.60383
100000 6.47546e+09 64754.6 5.50446
100000 6.50036e+09 65003.6 5.40668
100000 6.52537e+09 65253.7 5.3104
100000 6.55046e+09 65504.6 5.21572
100000 6.57566e+09 65756.6 5.12249
100000 6.60095e+09 66009.5 5.03077
100000 6.62634e+09 66263.4 4.94051
100000 6.65183e+09 66518.3 4.85169
100000 6.67741e+09 66774.1 4.76433
100000 6.7031e+09 67031 4.67833
100000 6.72888e+09 67288.8 4.59374
100000 6.75476e+09 67547.6 4.51052
100000 6.78074e+09 67807.4 4.42865
100000 6.80682e+09 68068.2 4.3481
100000 6.833e+09 68330 4.26887
100000 6.85928e+09 68592.8 4.19092
100000 6.88567e+09 68856.7 4.11423
100000 6.91215e+09 69121.5 4.03882
100000 6.93874e+09 69387.4 3.96462
100000 6.96543e+09 69654.3 3.89165
100000 6.99222e+09 69922.2 3.81988
100000 7.01911e+09 70191.1 3.74931
100000 7.04611e+09 70461.1 3.67988
100000 7.07321e+09 70732.1 3.61162
100000 7.10042e+09 71004.2 3.54447
100000 7.12773e+09 71277.3 3.47845
100000 7.15514e+09 71551.4 3.41354
100000 7.18266e+09 71826.6 3.34971
100000 7.21029e+09 72102.9 3.28693
100000 7.23802e+09 72380.2 3.22522
100000 7.26586e+09 72658.6 3.16454
100000 7.29381e+09 72938.1 3.10487
100000 7.32186e+09 73218.6 3.04623
100000 7.35002e+09 73500.2 2.98857
100000 7.37829e+09 73782.9 2.93189
100000 7.40667e+09 74066.7 2.87616
100000 7.43516e+09 74351.6 2.82139
100000 7.46376e+09 74637.6 2.76754
100000 7.49247e+09 74924.7 2.71462
100000 7.52129e+09 75212.9 2.6626
100000 7.55022e+09 75502.2 2.61147
100000 7.57926e+09 75792.6 2.56123
100000 7.60841e+09 76084.1 2.51185
100000 7.63767e+09 76376.7 2.46333
100000 7.66705e+09 76670.5 2.41564
100000 7.69654e+09 76965.4 2.36878
100000 7.72614e+09 77261.4 2.32274
100000 7.75586e+09 77558.6 2.27749
100000 7.78569e+09 77856.9 2.23304
100000 7.81564e+09 78156.4 2.18935
100000 7.8457e+09 78457 2.14644
100000 7.87587e+09 78758.7 2.10429
100000 7.90617e+09 79061.7 2.06287
100000 7.93658e+09 79365.8 2.02218
100000 7.9671e+09 79671 1.98222
100000 7.99775e+09 79977.5 1.94296
100000 8.02851e+09 80285.1 1.9044
100000 8.05939e+09 80593.9 1.86652
100000 8.09039e+09 80903.9 1.82932
100000 8.12151e+09 81215.1 1.79278
100000 8.15274e+09 81527.4 1.75691
100000 8.1841e+09 81841 1.72167
100000 8.21558e+09 82155.8 1.68706
100000 8.24718e+09 82471.8 1.65308
100000 8.2789e+09 82789 1.61971
100000 8.31074e+09 83107.4 1.58696
100000 8.34271e+09 83427.1 1.55478
100000 8.3748e+09 83748 1.5232
100000 8.40701e+09 84070.1 1.49219
100000 8.43935e+09 84393.5 1.46175
100000 8.47181e+09 84718.1 1.43187
100000 8.50439e+09 85043.9 1.40254
100000 8.5371e+09 85371 1.37374
100000 8.56994e+09 85699.4 1.34547
100000 8.6029e+09 86029 1.31773
100000 8.63599e+09 86359.9 1.2905
100000 8.66921e+09 86692.1 1.26377
100000 8.70255e+09 87025.5 1.23755
100000 8.73602e+09 87360.2 1.21181
100000 8.76962e+09 87696.2 1.18656
100000 8.80336e+09 88033.6 1.16177
100000 8.83722e+09 88372.2 1.13745
100000 8.87121e+09 88712.1 1.11359
100000 8.90533e+09 89053.3 1.09017
100000 8.93958e+09 89395.8 1.06721
100000 8.97396e+09 89739.6 1.04467
100000 9.00848e+09 90084.8 1.02256
100000 9.04313e+09 90431.3 1.00088
100000 9.07791e+09 90779.1 0.979605
100000 9.11283e+09 91128.3 0.958736
100000 9.14788e+09 91478.8 0.938269
100000 9.18307e+09 91830.7 0.918192
100000 9.21839e+09 92183.9 0.898505
100000 9.25384e+09 92538.4 0.8792
100000 9.28944e+09 92894.4 0.860261
100000 9.32517e+09 93251.7 0.841693
100000 9.36103e+09 93610.3 0.823489
100000 9.39704e+09 93970.4 0.805633
100000 9.43318e+09 94331.8 0.78813
100000 9.46946e+09 94694.6 0.770969
100000 9.50589e+09 95058.9 0.754139
100000 9.54245e+09 95424.5 0.737645
100000 9.57915e+09 95791.5 0.721475
100000 9.616e+09 96160 0.705621
100000 9.65298e+09 96529.8 0.690085
100000 9.69011e+09 96901.1 0.674855
100000 9.72738e+09 97273.8 0.659928
100000 9.7648e+09 97648 0.645296
100000 9.80236e+09 98023.6 0.630958
100000 9.84006e+09 98400.6 0.616908
100000 9.87791e+09 98779.1 0.603139
100000 9.9159e+09 99159 0.589648
100000 9.95404e+09 99540.4 0.576428
100000 9.99233e+09 99923.3 0.563474
100000 1.00308e+10 100308 0.550772
100000 1.00693e+10 100693 0.538365
100000 1.01081e+10 101081 0.526164
100000 1.01469e+10 101469 0.514257
100000 1.0186e+10 101860 0.502548
100000 1.02252e+10 102252 0.491094
100000 1.02645e+10 102645 0.47989
100000 1.0304e+10 103040 0.468904
100000 1.03436e+10 103436 0.458158
100000 1.03834e+10 103834 0.447622
100000 1.04233e+10 104233 0.437318
100000 1.04634e+10 104634 0.427217
100000 1.05037e+10 105037 0.417315
100000 1.05441e+10 105441 0.407633
100000 1.05846e+10 105846 0.398167
100000 1.06253e+10 106253 0.388889
100000 1.06662e+10 106662 0.379798
100000 1.07072e+10 107072 0.37091
100000 1.07484e+10 107484 0.362202
100000 1.07897e+10 107897 0.35369
100000 1.08312e+10 108312 0.345351
100000 1.08729e+10 108729 0.337182
100000 1.09147e+10 109147 0.329198
100000 1.09567e+10 109567 0.321379
100000 1.09988e+10 109988 0.313738
100000 1.10412e+10 110412 0.306237
100000 1.10836e+10 110836 0.298927
100000 1.11262e+10 111262 0.291768
100000 1.1169e+10 111690 0.284758
100000 1.1212e+10 112120 0.277895
100000 1.12551e+10 112551 0.271192
100000 1.12984e+10 112984 0.26463
100000 1.13419e+10 113419 0.258207
100000 1.13855e+10 113855 0.251934
100000 1.14293e+10 114293 0.245795
100000 1.14733e+10 114733 0.239787
100000 1.15174e+10 115174 0.233921
100000 1.15617e+10 115617 0.228181
100000 1.16062e+10 116062 0.222564
100000 1.16508e+10 116508 0.217082
100000 1.16956e+10 116956 0.211719
100000 1.17406e+10 117406 0.206472
100000 1.17857e+10 117857 0.201352
100000 1.18311e+10 118311 0.196333
100000 1.18766e+10 118766 0.191435
100000 1.19223e+10 119223 0.186645
100000 1.19681e+10 119681 0.181972
100000 1.20142e+10 120142 0.177393
100000 1.20604e+10 120604 0.172925
100000 1.21068e+10 121068 0.168557
100000 1.21533e+10 121533 0.164297
100000 1.22001e+10 122001 0.160123
100000 1.2247e+10 122470 0.156053
100000 1.22941e+10 122941 0.152075
100000 1.23414e+10 123414 0.148187
100000 1.23889e+10 123889 0.144388
100000 1.24365e+10 124365 0.140684
100000 1.24843e+10 124843 0.137065
100000 1.25324e+10 125324 0.133522
100000 1.25806e+10 125806 0.130068
100000 1.26289e+10 126289 0.126702
100000 1.26775e+10 126775 0.123407
100000 1.27263e+10 127263 0.120188
100000 1.27752e+10 127752 0.117052
100000 1.28244e+10 128244 0.113983
100000 1.28737e+10 128737 0.110993
100000 1.29232e+10 129232 0.108073
100000 1.29729e+10 129729 0.105222
100000 1.30228e+10 130228 0.10244
100000 1.30729e+10 130729 0.0997237
100000 1.31232e+10 131232 0.0970727
100000 1.31737e+10 131737 0.0944855
100000 1.32243e+10 132243 0.0919657
100000 1.32752e+10 132752 0.089502
100000 1.33263e+10 133263 0.0870981
100000 1.33775e+10 133775 0.0847574
100000 1.3429e+10 134290 0.0824694
100000 1.34806e+10 134806 0.0802418
100000 1.35325e+10 135325 0.0780648
100000 1.35845e+10 135845 0.0759456
100000 1.36368e+10 136368 0.0738749
100000 1.36892e+10 136892 0.0718595
100000 1.37419e+10 137419 0.0698905
100000 1.37947e+10 137947 0.0679744
100000 1.38478e+10 138478 0.0661028
100000 1.39011e+10 139011 0.0642782
100000 1.39545e+10 139545 0.0625031
100000 1.40082e+10 140082 0.0607696
100000 1.40621e+10 140621 0.0590802
100000 1.41162e+10 141162 0.0574338
100000 1.41705e+10 141705 0.0558294
100000 1.4225e+10 142250 0.0542662
100000 1.42797e+10 142797 0.0527433
100000 1.43346e+10 143346 0.0512596
100000 1.43897e+10 143897 0.0498143
100000 1.44451e+10 144451 0.048404
100000 1.45006e+10 145006 0.0470329
100000 1.45564e+10 145564 0.0456952
100000 1.46124e+10 146124 0.0443926
100000 1.46686e+10 146686 0.0431242
100000 1.4725e+10 147250 0.0418894
100000 1.47817e+10 147817 0.040685
100000 1.48385e+10 148385 0.0395147
100000 1.48956e+10 148956 0.0383736
100000 1.49529e+10 149529 0.0372629
100000 1.50104e+10 150104 0.0361821
100000 1.50681e+10 150681 0.0351302
100000 1.51261e+10 151261 0.034105
100000 1.51843e+10 151843 0.0331075
100000 1.52427e+10 152427 0.0321371
100000 1.53013e+10 153013 0.0311931
100000 1.53602e+10 153602 0.0302734
100000 1.54192e+10 154192 0.0293803
100000 1.54785e+10 154785 0.0285103
100000 1.55381e+10 155381 0.0276629
100000 1.55978e+10 155978 0.0268403
100000 1.56578e+10 156578 0.0260392
100000 1.57181e+10 157181 0.025259
100000 1.57785e+10 157785 0.024502
100000 1.58392e+10 158392 0.0237649
100000 1.59001e+10 159001 0.0230485
100000 1.59613e+10 159613 0.0223511
100000 1.60227e+10 160227 0.0216735
100000 1.60843e+10 160843 0.0210151
100000 1.61462e+10 161462 0.0203743
100000 1.62083e+10 162083 0.0197519
100000 1.62706e+10 162706 0.0191473
100000 1.63332e+10 163332 0.0185591
100000 1.6396e+10 163960 0.0179878
100000 1.64591e+10 164591 0.0174322
100000 1.65224e+10 165224 0.0168927
100000 1.65859e+10 165859 0.0163688
100000 1.66497e+10 166497 0.0158595
100000 1.67138e+10 167138 0.0153642
100000 1.67781e+10 167781 0.0148835
100000 1.68426e+10 168426 0.014417
100000 1.69074e+10 169074 0.0139635
100000 1.69724e+10 169724 0.0135235
100000 1.70377e+10 170377 0.0130958
100000 1.71032e+10 171032 0.012681
100000 1.7169e+10 171690 0.0122779
100000 1.7235e+10 172350 0.0118869
100000 1.73013e+10 173013 0.0115071
100000 1.73679e+10 173679 0.0111382
100000 1.74347e+10 174347 0.0107805
100000 1.75017e+10 175017 0.0104336
100000 1.7569e+10 175690 0.0100968
100000 1.76366e+10 176366 0.00976979
100000 1.77045e+10 177045 0.00945235
100000 1.77726e+10 177726 0.00914467
100000 1.78409e+10 178409 0.00884648
100000 1.79095e+10 179095 0.0085571
100000 1.79784e+10 179784 0.00827628
100000 1.80476e+10 180476 0.00800381
100000 1.8117e+10 181170 0.00773985
100000 1.81867e+10 181867 0.00748379
100000 1.82566e+10 182566 0.00723578
100000 1.83268e+10 183268 0.00699524
100000 1.83973e+10 183973 0.00676197
100000 1.84681e+10 184681 0.00653578
100000 1.85391e+10 185391 0.00631679
100000 1.86104e+10 186104 0.00610448
100000 1.8682e+10 186820 0.00589868
100000 1.87539e+10 187539 0.00569921
100000 1.8826e+10 188260 0.00550617
100000 1.88984e+10 188984 0.0053191
100000 1.89711e+10 189711 0.00513785
100000 1.90441e+10 190441 0.00496225
100000 1.91173e+10 191173 0.00479237
100000 1.91909e+10 191909 0.0046276
100000 1.92647e+10 192647 0.00446824
100000 1.93388e+10 193388 0.00431391
100000 1.94132e+10 194132 0.00416448
100000 1.94878e+10 194878 0.00401999
100000 1.95628e+10 195628 0.00387993
100000 1.9638e+10 196380 0.00374454
100000 1.97136e+10 197136 0.00361332
100000 1.97894e+10 197894 0.00348651
100000 1.98655e+10 198655 0.00336379
100000 1.99419e+10 199419 0.00324506
100000 2.00186e+10 200186 0.0031302
100000 2.00956e+10 200956 0.00301909
100000 2.01729e+10 201729 0.00291163
100000 2.02505e+10 202505 0.0028077
100000 2.03284e+10 203284 0.0027072
100000 2.04066e+10 204066 0.00261003
100000 2.04851e+10 204851 0.00251609
100000 2.05638e+10 205638 0.0024254
100000 2.06429e+10 206429 0.00233763
100000 2.07223e+10 207223 0.00225281
100000 2.0802e+10 208020 0.00217084
100000 2.08821e+10 208821 0.00209154
100000 2.09624e+10 209624 0.00201503
100000 2.1043e+10 210430 0.00194113
100000 2.11239e+10 211239 0.00186974
100000 2.12052e+10 212052 0.00180072
100000 2.12868e+10 212868 0.00173406
100000 2.13686e+10 213686 0.00166979
100000 2.14508e+10 214508 0.00160766
100000 2.15333e+10 215333 0.00154768
100000 2.16161e+10 216161 0.0014898
100000 2.16993e+10 216993 0.00143387
100000 2.17827e+10 217827 0.00137996
100000 2.18665e+10 218665 0.00132789
100000 2.19506e+10 219506 0.00127766
100000 2.20351e+10 220351 0.00122915
100000 2.21198e+10 221198 0.00118241
100000 2.22049e+10 222049 0.00113729
100000 2.22903e+10 222903 0.00109378
100000 2.2376e+10 223760 0.00105183
100000 2.24621e+10 224621 0.00101135
100000 2.25485e+10 225485 0.000972325
100000 2.26352e+10 226352 0.000934716
100000 2.27223e+10 227223 0.000898432
100000 2.28097e+10 228097 0.000863471
100000 2.28974e+10 228974 0.00082979
100000 2.29855e+10 229855 0.000797308
100000 2.30739e+10 230739 0.000766023
100000 2.31627e+10 231627 0.00073586
100000 2.32517e+10 232517 0.000706848
100000 2.33412e+10 233412 0.000678852
100000 2.3431e+10 234310 0.000651902
100000 2.35211e+10 235211 0.00062596
100000 2.36115e+10 236115 0.000600993
100000 2.37024e+10 237024 0.000576914
100000 2.37935e+10 237935 0.000553771
100000 2.3885e+10 238850 0.000531482
100000 2.39769e+10 239769 0.000510018
100000 2.40691e+10 240691 0.000489373
100000 2.41617e+10 241617 0.000469498
100000 2.42546e+10 242546 0.000450387
100000 2.43479e+10 243479 0.000431993
100000 2.44416e+10 244416 0.000414292
100000 2.45356e+10 245356 0.000397278
100000 2.463e+10 246300 0.00038091
100000 2.47247e+10 247247 0.000365181
100000 2.48198e+10 248198 0.000350053
100000 2.49153e+10 249153 0.000335505
100000 2.50111e+10 250111 0.00032153
100000 2.51073e+10 251073 0.000308095
100000 2.52039e+10 252039 0.000295181
100000 2.53008e+10 253008 0.000282781
100000 2.53981e+10 253981 0.000270864
100000 2.54958e+10 254958 0.000259414
100000 2.55939e+10 255939 0.000248413
100000 2.56923e+10 256923 0.000237856
100000 2.57911e+10 257911 0.000227717
100000 2.58903e+10 258903 0.00021798
100000 2.59899e+10 259899 0.000208631
100000 2.60899e+10 260899 0.000199655
100000 2.61902e+10 261902 0.000191047
100000 2.6291e+10 262910 0.000182778
100000 2.63921e+10 263921 0.00017485
100000 2.64936e+10 264936 0.000167243
100000 2.65955e+10 265955 0.000159945
100000 2.66978e+10 266978 0.000152945
100000 2.68005e+10 268005 0.000146231
100000 2.69036e+10 269036 0.000139793
100000 2.70071e+10 270071 0.00013362
100000 2.71109e+10 271109 0.000127708
100000 2.72152e+10 272152 0.000122035
100000 2.73199e+10 273199 0.000116599
100000 2.7425e+10 274250 0.00011139
100000 2.75304e+10 275304 0.000106404
100000 2.76363e+10 276363 0.000101623
100000 2.77426e+10 277426 9.70438e-05
100000 2.78493e+10 278493 9.26584e-05
100000 2.79565e+10 279565 8.84554e-05
100000 2.8064e+10 280640 8.44353e-05
100000 2.81719e+10 281719 8.05872e-05
100000 2.82803e+10 282803 7.69008e-05
100000 2.83891e+10 283891 7.33731e-05
100000 2.84983e+10 284983 6.99979e-05
100000 2.86079e+10 286079 6.67691e-05
100000 2.87179e+10 287179 6.36807e-05
100000 2.88284e+10 288284 6.07245e-05
100000 2.89392e+10 289392 5.79002e-05
100000 2.90506e+10 290506 5.51953e-05
100000 2.91623e+10 291623 5.2612e-05
100000 2.92745e+10 292745 5.01407e-05
100000 2.93871e+10 293871 4.77792e-05
100000 2.95001e+10 295001 4.55229e-05
100000 2.96136e+10 296136 4.33656e-05
100000 2.97275e+10 297275 4.1305e-05
100000 2.98418e+10 298418 3.93372e-05
100000 2.99566e+10 299566 3.74566e-05
100000 3.00718e+10 300718 3.56612e-05
100000 3.01875e+10 301875 3.39459e-05
100000 3.03036e+10 303036 3.23089e-05
100000 3.04201e+10 304201 3.07469e-05
100000 3.05371e+10 305371 2.92553e-05
100000 3.06546e+10 306546 2.78312e-05
100000 3.07725e+10 307725 2.6473e-05
100000 3.08909e+10 308909 2.51766e-05
100000 3.10097e+10 310097 2.39407e-05
100000 3.11289e+10 311289 2.27624e-05
100000 3.12487e+10 312487 2.16376e-05
100000 3.13689e+10 313689 2.05656e-05
100000 3.14895e+10 314895 1.95441e-05
100000 3.16106e+10 316106 1.85703e-05
100000 3.17322e+10 317322 1.76419e-05
100000 3.18543e+10 318543 1.67571e-05
100000 3.19768e+10 319768 1.59146e-05
100000 3.20998e+10 320998 1.51118e-05
100000 3.22233e+10 322233 1.43471e-05
100000 3.23472e+10 323472 1.36193e-05
100000 3.24716e+10 324716 1.29263e-05
100000 3.25965e+10 325965 1.22664e-05
100000 3.27219e+10 327219 1.16382e-05
100000 3.28477e+10 328477 1.10408e-05
100000 3.29741e+10 329741 1.04718e-05
100000 3.31009e+10 331009 9.93088e-06
100000 3.32282e+10 332282 9.4163e-06
100000 3.3356e+10 333560 8.92688e-06
100000 3.34843e+10 334843 8.46146e-06
100000 3.36131e+10 336131 8.01895e-06
100000 3.37424e+10 337424 7.59829e-06
100000 3.38722e+10 338722 7.19849e-06
100000 3.40025e+10 340025 6.81856e-06
100000 3.41333e+10 341333 6.4576e-06
100000 3.42645e+10 342645 6.11498e-06
100000 3.43963e+10 343963 5.78933e-06
100000 3.45286e+10 345286 5.4801e-06
100000 3.46614e+10 346614 5.18651e-06
100000 3.47948e+10 347948 4.90763e-06
100000 3.49286e+10 349286 4.64315e-06
100000 3.50629e+10 350629 4.3922e-06
100000 3.51978e+10 351978 4.15394e-06
100000 3.53332e+10 353332 3.92795e-06
100000 3.54691e+10 354691 3.71363e-06
100000 3.56055e+10 356055 3.51042e-06
100000 3.57425e+10 357425 3.31765e-06
100000 3.58799e+10 358799 3.13507e-06
100000 3.60179e+10 360179 2.96192e-06
100000 3.61565e+10 361565 2.79776e-06
100000 3.62955e+10 362955 2.64236e-06
100000 3.64351e+10 364351 2.49509e-06
100000 3.65753e+10 365753 2.35553e-06
100000 3.6716e+10 367160 2.22341e-06
100000 3.68572e+10 368572 2.09836e-06
100000 3.69989e+10 369989 1.98001e-06
100000 3.71413e+10 371413 1.86788e-06
100000 3.72841e+10 372841 1.76188e-06
100000 3.74275e+10 374275 1.66155e-06
100000 3.75715e+10 375715 1.56662e-06
100000 3.7716e+10 377160 1.47687e-06
100000 3.78611e+10 378611 1.39197e-06
100000 3.80067e+10 380067 1.31174e-06
100000 3.81529e+10 381529 1.23589e-06
100000 3.82996e+10 382996 1.16423e-06
100000 3.84469e+10 384469 1.0965e-06
100000 3.85948e+10 385948 1.0325e-06
100000 3.87433e+10 387433 9.72039e-07
100000 3.88923e+10 388923 9.1497e-07
100000 3.90419e+10 390419 8.61076e-07
100000 3.9192e+10 391920 8.10227e-07
100000 3.93428e+10 393428 7.62196e-07
100000 3.94941e+10 394941 7.16896e-07
100000 3.9646e+10 396460 6.74153e-07
100000 3.97985e+10 397985 6.3383e-07
100000 3.99516e+10 399516 5.958e-07
100000 4.01052e+10 401052 5.59962e-07
100000 4.02595e+10 402595 5.26153e-07
100000 4.04143e+10 404143 4.94306e-07
100000 4.05698e+10 405698 4.64276e-07
100000 4.07258e+10 407258 4.36e-07
100000 4.08825e+10 408825 4.09349e-07
100000 4.10397e+10 410397 3.84266e-07
100000 4.11976e+10 411976 3.60633e-07
100000 4.1356e+10 413560 3.38401e-07
100000 4.15151e+10 415151 3.17464e-07
100000 4.16748e+10 416748 2.97763e-07
100000 4.18351e+10 418351 2.7923e-07
100000 4.1996e+10 419960 2.618e-07
100000 4.21575e+10 421575 2.45409e-07
100000 4.23197e+10 423197 2.2999e-07
100000 4.24824e+10 424824 2.15507e-07
100000 4.26458e+10 426458 2.01889e-07
100000 4.28099e+10 428099 1.89087e-07
100000 4.29745e+10 429745 1.7707e-07
100000 4.31398e+10 431398 1.65778e-07
100000 4.33057e+10 433057 1.55177e-07
100000 4.34723e+10 434723 1.4522e-07
100000 4.36395e+10 436395 1.35876e-07
100000 4.38074e+10 438074 1.27104e-07
100000 4.39759e+10 439759 1.18876e-07
100000 4.4145e+10 441450 1.1116e-07
100000 4.43148e+10 443148 1.03922e-07
100000 4.44853e+10 444853 9.71325e-08
100000 4.46564e+10 446564 9.07701e-08
100000 4.48281e+10 448281 8.48091e-08
100000 4.50005e+10 450005 7.92221e-08
100000 4.51736e+10 451736 7.3987e-08
100000 4.53474e+10 453474 6.90827e-08
100000 4.55218e+10 455218 6.44921e-08
100000 4.56969e+10 456969 6.01937e-08
100000 4.58727e+10 458727 5.61698e-08
100000 4.60491e+10 460491 5.24059e-08
100000 4.62262e+10 462262 4.88841e-08
100000 4.6404e+10 464040 4.55896e-08
100000 4.65825e+10 465825 4.25085e-08
100000 4.67617e+10 467617 3.96277e-08
100000 4.69415e+10 469415 3.69363e-08
100000 4.71221e+10 471221 3.44196e-08
100000 4.73033e+10 473033 3.20696e-08
100000 4.74853e+10 474853 2.98732e-08
100000 4.76679e+10 476679 2.78233e-08
100000 4.78513e+10 478513 2.59084e-08
100000 4.80353e+10 480353 2.4122e-08
100000 4.82201e+10 482201 2.24542e-08
100000 4.84055e+10 484055 2.0899e-08
100000 4.85917e+10 485917 1.94478e-08
100000 4.87786e+10 487786 1.80945e-08
100000 4.89662e+10 489662 1.68331e-08
100000 4.91546e+10 491546 1.56568e-08
100000 4.93436e+10 493436 1.45613e-08
100000 4.95334e+10 495334 1.35404e-08
100000 4.97239e+10 497239 1.25897e-08
100000 4.99152e+10 499152 1.1704e-08
100000 5.01072e+10 501072 1.08797e-08
100000 5.02999e+10 502999 1.01126e-08
100000 5.04934e+10 504934 9.39866e-09
100000 5.06876e+10 506876 8.73463e-09
100000 5.08825e+10 508825 8.11722e-09
100000 5.10783e+10 510783 7.5427e-09
100000 5.12747e+10 512747 7.00906e-09
100000 5.14719e+10 514719 6.51302e-09
100000 5.16699e+10 516699 6.05205e-09
100000 5.18687e+10 518687 5.62379e-09
100000 5.20682e+10 520682 5.22623e-09
100000 5.22684e+10 522684 4.85726e-09
100000 5.24695e+10 524695 4.51457e-09
100000 5.26713e+10 526713 4.19671e-09
100000 5.28739e+10 528739 3.90179e-09
100000 5.30772e+10 530772 3.62839e-09
100000 5.32814e+10 532814 3.37474e-09
100000 5.34863e+10 534863 3.13973e-09
100000 5.3692e+10 536920 2.92192e-09
100000 5.38986e+10 538986 2.72002e-09
100000 5.41059e+10 541059 2.53311e-09
100000 5.4314e+10 543140 2.36002e-09
100000 5.45229e+10 545229 2.1998e-09
100000 5.47326e+10 547326 2.05152e-09
100000 5.49431e+10 549431 1.91432e-09
100000 5.51544e+10 551544 1.78743e-09
100000 5.53666e+10 553666 1.67004e-09
100000 5.55795e+10 555795 1.56157e-09
100000 5.57933e+10 557933 1.46128e-09
100000 5.60079e+10 560079 1.36863e-09
100000 5.62233e+10 562233 1.28305e-09
100000 5.64396e+10 564396 1.204e-09
100000 5.66567e+10 566567 1.13103e-09
100000 5.68746e+10 568746 1.06369e-09
100000 5.70934e+10 570934 1.00154e-09
100000 5.73129e+10 573129 9.44242e-10
100000 5.75334e+10 575334 8.91369e-10
100000 5.77547e+10 577547 8.42634e-10
100000 5.79768e+10 579768 7.97728e-10
100000 5.81998e+10 581998 7.56343e-10
100000 5.84237e+10 584237 7.18215e-10
100000 5.86484e+10 586484 6.83113e-10
100000 5.8874e+10 588740 6.50793e-10
100000 5.91004e+10 591004 6.21056e-10
100000 5.93277e+10 593277 5.93692e-10
100000 5.95559e+10 595559 5.6852e-10
100000 5.9785e+10 597850 5.45371e-10
100000 6.00149e+10 600149 5.24098e-10
100000 6.02458e+10 602458 5.04539e-10
100000 6.04775e+10 604775 4.86576e-10
100000 6.07101e+10 607101 4.70077e-10
100000 6.09436e+10 609436 4.54928e-10
100000 6.1178e+10 611780 4.41022e-10
100000 6.14133e+10 614133 4.28262e-10
100000 6.16496e+10 616496 4.16551e-10
100000 6.18867e+10 618867 4.05817e-10
100000 6.21247e+10 621247 3.95976e-10
100000 6.23637e+10 623637 3.86953e-10
100000 6.26035e+10 626035 3.7869e-10
100000 6.28443e+10 628443 3.7112e-10
100000 6.3086e+10 630860 3.64188e-10
100000 6.33287e+10 633287 3.57841e-10
100000 6.35723e+10 635723 3.52033e-10
100000 6.38168e+10 638168 3.46721e-10
100000 6.40623e+10 640623 3.41862e-10
100000 6.43087e+10 643087 3.3742e-10
100000 6.4556e+10 645560 3.33361e-10
100000 6.48043e+10 648043 3.29652e-10
100000 6.50536e+10 650536 3.26263e-10
100000 6.53038e+10 653038 3.2317e-10
100000 6.5555e+10 655550 3.20346e-10
100000 6.58071e+10 658071 3.1777e-10
100000 6.60602e+10 660602 3.15362e-10
100000 6.63143e+10 663143 3.13001e-10
100000 6.65694e+10 665694 3.10631e-10
100000 6.68254e+10 668254 3.08252e-10
100000 6.70824e+10 670824 3.05864e-10
100000 6.73405e+10 673405 3.03466e-10
100000 6.75995e+10 675995 3.01059e-10
100000 6.78595e+10 678595 2.98643e-10
100000 6.81205e+10 681205 2.96218e-10
100000 6.83825e+10 683825 2.93784e-10
100000 6.86455e+10 686455 2.9134e-10
100000 6.89096e+10 689096 2.88886e-10
100000 6.91746e+10 691746 2.86424e-10
100000 6.94407e+10 694407 2.83951e-10
100000 6.97078e+10 697078 2.81469e-10
100000 6.99759e+10 699759 2.78978e-10
100000 7.0245e+10 702450 2.76478e-10
100000 7.05152e+10 705152 2.73967e-10
100000 7.07864e+10 707864 2.71447e-10
100000 7.10587e+10 710587 2.68917e-10
100000 7.1332e+10 713320 2.66378e-10
100000 7.16064e+10 716064 2.63828e-10
100000 7.18818e+10 718818 2.61269e-10
100000 7.21583e+10 721583 2.587e-10
100000 7.24358e+10 724358 2.56121e-10
100000 7.27144e+10 727144 2.53533e-10
100000 7.29941e+10 729941 2.50934e-10
100000 7.32749e+10 732749 2.48325e-10
100000 7.35567e+10 735567 2.45706e-10
100000 7.38396e+10 738396 2.43078e-10
100000 7.41236e+10 741236 2.40439e-10
100000 7.44087e+10 744087 2.3779e-10
100000 7.46949e+10 746949 2.3513e-10
100000 7.49822e+10 749822 2.32461e-10
100000 7.52706e+10 752706 2.29781e-10
100000 7.55601e+10 755601 2.27091e-10
100000 7.58508e+10 758508 2.2439e-10
100000 7.61425e+10 761425 2.21679e-10
100000 7.64354e+10 764354 2.18958e-10
100000 7.67294e+10 767294 2.16226e-10
100000 7.70245e+10 770245 2.13484e-10
100000 7.73208e+10 773208 2.10731e-10
100000 7.76182e+10 776182 2.07967e-10
100000 7.79167e+10 779167 2.05194e-10
100000 7.82164e+10 782164 2.02409e-10
100000 7.85172e+10 785172 1.99614e-10
100000 7.88192e+10 788192 1.96808e-10
100000 7.91224e+10 791224 1.93991e-10
100000 7.94267e+10 794267 1.91163e-10
100000 7.97322e+10 797322 1.88325e-10
100000 8.00389e+10 800389 1.85475e-10
100000 8.03468e+10 803468 1.82614e-10
100000 8.06558e+10 806558 1.79743e-10
100000 8.0966e+10 809660 1.7686e-10
100000 8.12774e+10 812774 1.73967e-10
100000 8.15901e+10 815901 1.71061e-10
100000 8.19039e+10 819039 1.68146e-10
100000 8.22189e+10 822189 1.65219e-10
100000 8.25351e+10 825351 1.62281e-10
100000 8.28526e+10 828526 1.5933e-10
100000 8.31713e+10 831713 1.56369e-10
100000 8.34912e+10 834912 1.53397e-10
100000 8.38123e+10 838123 1.50413e-10
100000 8.41347e+10 841347 1.47417e-10
100000 8.44583e+10 844583 1.44411e-10
100000 8.47831e+10 847831 1.41393e-10
100000 8.51092e+10 851092 1.38363e-10
100000 8.54366e+10 854366 1.3532e-10
100000 8.57652e+10 857652 1.32267e-10
100000 8.60951e+10 860951 1.29202e-10
100000 8.64262e+10 864262 1.26125e-10
100000 8.67586e+10 867586 1.23037e-10
100000 8.70923e+10 870923 1.19936e-10
100000 8.74273e+10 874273 1.16823e-10
100000 8.77636e+10 877636 1.13698e-10
100000 8.81012e+10 881012 1.10561e-10
100000 8.844e+10 884400 1.07413e-10
100000 8.87802e+10 887802 1.04252e-10
100000 8.91217e+10 891217 1.01079e-10
100000 8.94645e+10 894645 9.78939e-11
100000 8.98086e+10 898086 9.46966e-11
100000 9.0154e+10 901540 9.14872e-11
100000 9.05008e+10 905008 8.82648e-11
100000 9.08489e+10 908489 8.50303e-11
100000 9.11983e+10 911983 8.17837e-11
100000 9.15491e+10 915491 7.85242e-11
100000 9.19012e+10 919012 7.52525e-11
100000 9.22547e+10 922547 7.19679e-11
100000 9.26095e+10 926095 6.86711e-11
100000 9.29657e+10 929657 6.53614e-11
100000 9.33233e+10 933233 6.20386e-11
100000 9.36822e+10 936822 5.87038e-11
100000 9.40426e+10 940426 5.5355e-11
100000 9.44043e+10 944043 5.19942e-11
100000 9.47674e+10 947674 4.86203e-11
100000 9.51319e+10 951319 4.52335e-11
100000 9.54978e+10 954978 4.18336e-11
100000 9.58651e+10 958651 3.84207e-11
100000 9.62338e+10 962338 3.49948e-11
100000 9.6604e+10 966040 3.1555e-11
100000 9.69755e+10 969755 2.81031e-11
100000 9.73485e+10 973485 2.46372e-11
100000 9.7723e+10 977230 2.11575e-11
100000 9.80988e+10 980988 1.76656e-11
100000 9.84762e+10 984762 1.41589e-11
100000 9.88549e+10 988549 1.06401e-11
100000 9.92352e+10 992352 7.10638e-12
100000 9.96168e+10 996168 3.56062e-12
100000 1e+11 1e+06 0

1e+06 1e+06 10 2.20678e+10
1e+06 1.00385e+06 10.0385 2.18988e+10
1e+06 1.00771e+06 10.0771 2.17313e+10
1e+06 1.01158e+06 10.1158 2.15653e+10
1e+06 1.01547e+06 10.1547 2.14003e+10
1e+06 1.01938e+06 10.1938 2.12364e+10
1e+06 1.0233e+06 10.233 2.10739e+10
1e+06 1.02724e+06 10.2724 2.09125e+10
1e+06 1.03119e+06 10.3119 2.07526e+10
1e+06 1.03515e+06 10.3515 2.0594e+10
1e+06 1.03914e+06 10.3914 2.04361e+10
1e+06 1.04313e+06 10.4313 2.02801e+10
1e+06 1.04714e+06 10.4714 2.0125e+10
1e+06 1.05117e+06 10.5117 1.99709e+10
1e+06 1.05522e+06 10.5522 1.98178e+10
1e+06 1.05927e+06 10.5927 1.96665e+10
1e+06 1.06335e+06 10.6335 1.95159e+10
1e+06 1.06744e+06 10.6744 1.93665e+10
1e+06 1.07154e+06 10.7154 1.92186e+10
1e+06 1.07567e+06 10.7567 1.90712e+10
1e+06 1.0798e+06 10.798 1.89256e+10
1e+06 1.08396e+06 10.8396 1.87805e+10
1e+06 1.08813e+06 10.8813 1.86368e+10
1e+06 1.09231e+06 10.9231 1.84944e+10
1e+06 1.09651e+06 10.9651 1.83529e+10
1e+06 1.10073e+06 11.0073 1.82124e+10
1e+06 1.10496e+06 11.0496 1.80732e+10
1e+06 1.10921e+06 11.0921 1.79349e+10
1e+06 1.11348e+06 11.1348 1.77976e+10
1e+06 1.11776e+06 11.1776 1.76615e+10
1e+06 1.12206e+06 11.2206 1.75263e+10
1e+06 1.12638e+06 11.2638 1.73921e+10
1e+06 1.13071e+06 11.3071 1.72591e+10
1e+06 1.13506e+06 11.3506 1.7127e+10
1e+06 1.13942e+06 11.3942 1.69962e+10
1e+06 1.14381e+06 11.4381 1.68659e+10
1e+06 1.14821e+06 11.4821 1.67368e+10
1e+06 1.15262e+06 11.5262 1.66089e+10
1e+06 1.15706e+06 11.5706 1.64817e+10
1e+06 1.16151e+06 11.6151 1.63556e+10
1e+06 1.16597e+06 11.6597 1.62306e+10
1e+06 1.17046e+06 11.7046 1.61063e+10
1e+06 1.17496e+06 11.7496 1.59831e+10
1e+06 1.17948e+06 11.7948 1.58608e+10
1e+06 1.18402e+06 11.8402 1.57394e+10
1e+06 1.18857e+06 11.8857 1.5619e+10
1e+06 1.19314e+06 11.9314 1.54996e+10
1e+06 1.19773e+06 11.9773 1.5381e+10
1e+06 1.20234e+06 12.0234 1.52632e+10
1e+06 1.20696e+06 12.0696 1.51465e+10
1e+06 1.21161e+06 12.1161 1.50304e+10
1e+06 1.21627e+06 12.1627 1.49154e+10
1e+06 1.22094e+06 12.2094 1.48015e+10
1e+06 1.22564e+06 12.2564 1.46882e+10
1e+06 1.23035e+06 12.3035 1.45759e+10
1e+06 1.23509e+06 12.3509 1.44642e+10
1e+06 1.23984e+06 12.3984 1.43535e+10
1e+06 1.24461e+06 12.4461 1.42436e+10
1e+06 1.24939e+06 12.4939 1.41348e+10
1e+06 1.2542e+06 12.542 1.40266e+10
1e+06 1.25902e+06 12.5902 1.39193e+10
1e+06 1.26386e+06 12.6386 1.38129e+10
1e+06 1.26873e+06 12.6873 1.3707e+10
1e+06 1.27361e+06 12.7361 1.36021e+10
1e+06 1.2785e+06 12.785 1.34982e+10
1e+06 1.28342e+06 12.8342 1.33949e+10
1e+06 1.28836e+06 12.8836 1.32923e+10
1e+06 1.29331e+06 12.9331 1.31907e+10
1e+06 1.29829e+06 12.9829 1.30897e+10
1e+06 1.30328e+06 13.0328 1.29896e+10
1e+06 1.30829e+06 13.0829 1.28902e+10
1e+06 1.31333e+06 13.1333 1.27915e+10
1e+06 1.31838e+06 13.1838 1.26936e+10
1e+06 1.32345e+06 13.2345 1.25965e+10
1e+06 1.32854e+06 13.2854 1.25001e+10
1e+06 1.33365e+06 13.3365 1.24045e+10
1e+06 1.33878e+06 13.3878 1.23095e+10
1e+06 1.34393e+06 13.4393 1.22153e+10
1e+06 1.3491e+06 13.491 1.21219e+10
1e+06 1.35429e+06 13.5429 1.20291e+10
1e+06 1.3595e+06 13.595 1.1937e+10
1e+06 1.36472e+06 13.6472 1.18458e+10
1e+06 1.36997e+06 13.6997 1.17552e+10
1e+06 1.37524e+06 13.7524 1.16652e+10
1e+06 1.38053e+06 13.8053 1.1576e+10
1e+06 1.38584e+06 13.8584 1.14874e+10
1e+06 1.39117e+06 13.9117 1.13995e+10
1e+06 1.39652e+06 13.9652 1.13123e+10
1e+06 1.4019e+06 14.019 1.12256e+10
1e+06 1.40729e+06 14.0729 1.11397e+10
1e+06 1.4127e+06 14.127 1.10545e+10
1e+06 1.41813e+06 14.1813 1.097e+10
1e+06 1.42359e+06 14.2359 1.08859e+10
1e+06 1.42906e+06 14.2906 1.08027e+10
1e+06 1.43456e+06 14.3456 1.072e+10
1e+06 1.44008e+06 14.4008 1.0638e+10
1e+06 1.44562e+06 14.4562 1.05565e+10
1e+06 1.45118e+06 14.5118 1.04758e+10
1e+06 1.45676e+06 14.5676 1.03956e+10
1e+06 1.46236e+06 14.6236 1.03161e+10
1e+06 1.46799e+06 14.6799 1.02371e+10
1e+06 1.47363e+06 14.7363 1.01589e+10
1e+06 1.4793e+06 14.793 1.00811e+10
1e+06 1.48499e+06 14.8499 1.00039e+10
1e+06 1.4907e+06 14.907 9.92742e+09
1e+06 1.49644e+06 14.9644 9.85137e+09
1e+06 1.50219e+06 15.0219 9.77606e+09
1e+06 1.50797e+06 15.0797 9.70122e+09
1e+06 1.51377e+06 15.1377 9.62698e+09
1e+06 1.51959e+06 15.1959 9.55335e+09
1e+06 1.52544e+06 15.2544 9.48018e+09
1e+06 1.5313e+06 15.313 9.40772e+09
1e+06 1.53719e+06 15.3719 9.33573e+09
1e+06 1.54311e+06 15.4311 9.2642e+09
1e+06 1.54904e+06 15.4904 9.19337e+09
1e+06 1.555e+06 15.55 9.12299e+09
1e+06 1.56098e+06 15.6098 9.05319e+09
1e+06 1.56699e+06 15.6699 8.98385e+09
1e+06 1.57301e+06 15.7301 8.91518e+09
1e+06 1.57906e+06 15.7906 8.84696e+09
1e+06 1.58514e+06 15.8514 8.77919e+09
1e+06 1.59123e+06 15.9123 8.71208e+09
1e+06 1.59735e+06 15.9735 8.64542e+09
1e+06 1.6035e+06 16.035 8.57919e+09
1e+06 1.60967e+06 16.0967 8.51351e+09
1e+06 1.61586e+06 16.1586 8.44837e+09
1e+06 1.62207e+06 16.2207 8.38378e+09
1e+06 1.62831e+06 16.2831 8.31961e+09
1e+06 1.63457e+06 16.3457 8.25597e+09
1e+06 1.64086e+06 16.4086 8.19276e+09
1e+06 1.64717e+06 16.4717 8.13008e+09
1e+06 1.65351e+06 16.5351 8.06782e+09
1e+06 1.65987e+06 16.5987 8.00608e+09
1e+06 1.66625e+06 16.6625 7.94485e+09
1e+06 1.67266e+06 16.7266 7.88404e+09
1e+06 1.67909e+06 16.7909 7.82374e+09
1e+06 1.68555e+06 16.8555 7.76385e+09
1e+06 1.69204e+06 16.9204 7.70438e+09
1e+06 1.69854e+06 16.9854 7.64549e+09
1e+06 1.70508e+06 17.0508 7.58692e+09
1e+06 1.71163e+06 17.1163 7.52893e+09
1e+06 1.71822e+06 17.1822 7.47126e+09
1e+06 1.72483e+06 17.2483 7.41407e+09
1e+06 1.73146e+06 17.3146 7.35737e+09
1e+06 1.73812e+06 17.3812 7.30106e+09
1e+06 1.74481e+06 17.4481 7.24515e+09
1e+06 1.75152e+06 17.5152 7.18971e+09
1e+06 1.75825e+06 17.5825 7.13474e+09
1e+06 1.76502e+06 17.6502 7.08008e+09
1e+06 1.77181e+06 17.7181 7.02589e+09
1e+06 1.77862e+06 17.7862 6.97216e+09
1e+06 1.78546e+06 17.8546 6.91881e+09
1e+06 1.79233e+06 17.9233 6.86584e+09
1e+06 1.79922e+06 17.9922 6.81333e+09
1e+06 1.80614e+06 18.0614 6.76119e+09
1e+06 1.81309e+06 18.1309 6.70942e+09
1e+06 1.82006e+06 18.2006 6.6581e+09
1e+06 1.82706e+06 18.2706 6.60715e+09
1e+06 1.83409e+06 18.3409 6.55657e+09
1e+06 1.84115e+06 18.4115 6.50635e+09
1e+06 1.84823e+06 18.4823 6.45657e+09
1e+06 1.85534e+06 18.5534 6.40715e+09
1e+06 1.86247e+06 18.6247 6.35815e+09
1e+06 1.86964e+06 18.6964 6.30945e+09
1e+06 1.87683e+06 18.7683 6.26117e+09
1e+06 1.88405e+06 18.8405 6.21324e+09
1e+06 1.89129e+06 18.9129 6.16574e+09
1e+06 1.89857e+06 18.9857 6.11851e+09
1e+06 1.90587e+06 19.0587 6.0717e+09
1e+06 1.9132e+06 19.132 6.02524e+09
1e+06 1.92056e+06 19.2056 5.97912e+09
1e+06 1.92795e+06 19.2795 5.93334e+09
1e+06 1.93536e+06 19.3536 5.88796e+09
1e+06 1.94281e+06 19.4281 5.84286e+09
1e+06 1.95028e+06 19.5028 5.79816e+09
1e+06 1.95778e+06 19.5778 5.75379e+09
1e+06 1.96531e+06 19.6531 5.70976e+09
1e+06 1.97287e+06 19.7287 5.66605e+09
1e+06 1.98046e+06 19.8046 5.62268e+09
1e+06 1.98808e+06 19.8808 5.57963e+09
1e+06 1.99572e+06 19.9572 5.53697e+09
1e+06 2.0034e+06 20.034 5.49457e+09
1e+06 2.0111e+06 20.111 5.45255e+09
1e+06 2.01884e+06 20.1884 5.41079e+09
1e+06 2.0266e+06 20.266 5.3694e+09
1e+06 2.0344e+06 20.344 5.32828e+09
1e+06 2.04222e+06 20.4222 5.28753e+09
1e+06 2.05008e+06 20.5008 5.24703e+09
1e+06 2.05796e+06 20.5796 5.2069e+09
1e+06 2.06588e+06 20.6588 5.16703e+09
1e+06 2.07383e+06 20.7383 5.12746e+09
1e+06 2.0818e+06 20.818 5.08825e+09
1e+06 2.08981e+06 20.8981 5.04929e+09
1e+06 2.09785e+06 20.9785 5.01063e+09
1e+06 2.10592e+06 21.0592 4.97228e+09
1e+06 2.11402e+06 21.1402 4.93422e+09
1e+06 2.12215e+06 21.2215 4.89646e+09
1e+06 2.13031e+06 21.3031 4.859e+09
1e+06 2.1385e+06 21.385 4.82182e+09
1e+06 2.14673e+06 21.4673 4.7849e+09
1e+06 2.15499e+06 21.5499 4.74826e+09
1e+06 2.16327e+06 21.6327 4.71196e+09
1e+06 2.1716e+06 21.716 4.67585e+09
1e+06 2.17995e+06 21.7995 4.64007e+09
1e+06 2.18833e+06 21.8833 4.60458e+09
1e+06 2.19675e+06 21.9675 4.56932e+09
1e+06 2.2052e+06 22.052 4.53435e+09
1e+06 2.21368e+06 22.1368 4.49965e+09
1e+06 2.2222e+06 22.222 4.46518e+09
1e+06 2.23074e+06 22.3074 4.43104e+09
1e+06 2.23932e+06 22.3932 4.39712e+09
1e+06 2.24794e+06 22.4794 4.36344e+09
1e+06 2.25658e+06 22.5658 4.33006e+09
1e+06 2.26526e+06 22.6526 4.29692e+09
1e+06 2.27397e+06 22.7397 4.26404e+09
1e+06 2.28272e+06 22.8272 4.23139e+09
1e+06 2.2915e+06 22.915 4.199e+09
1e+06 2.30031e+06 23.0031 4.16687e+09
1e+06 2.30916e+06 23.0916 4.13497e+09
1e+06 2.31804e+06 23.1804 4.10333e+09
1e+06 2.32696e+06 23.2696 4.07191e+09
1e+06 2.33591e+06 23.3591 4.04074e+09
1e+06 2.34489e+06 23.4489 4.00983e+09
1e+06 2.35391e+06 23.5391 3.97913e+09
1e+06 2.36297e+06 23.6297 3.94865e+09
1e+06 2.37206e+06 23.7206 3.91842e+09
1e+06 2.38118e+06 23.8118 3.88844e+09
1e+06 2.39034e+06 23.9034 3.85867e+09
1e+06 2.39953e+06 23.9953 3.82915e+09
1e+06 2.40876e+06 24.0876 3.79984e+09
1e+06 2.41803e+06 24.1803 3.77073e+09
1e+06 2.42733e+06 24.2733 3.74187e+09
1e+06 2.43666e+06 24.3666 3.71325e+09
1e+06 2.44604e+06 24.4604 3.6848e+09
1e+06 2.45544e+06 24.5544 3.65662e+09
1e+06 2.46489e+06 24.6489 3.62861e+09
1e+06 2.47437e+06 24.7437 3.60084e+09
1e+06 2.48389e+06 24.8389 3.57327e+09
1e+06 2.49344e+06 24.9344 3.54593e+09
1e+06 2.50303e+06 25.0303 3.51878e+09
1e+06 2.51266e+06 25.1266 3.49184e+09
1e+06 2.52232e+06 25.2232 3.46512e+09
1e+06 2.53202e+06 25.3202 3.4386e+09
1e+06 2.54176e+06 25.4176 3.41228e+09
1e+06 2.55154e+06 25.5154 3.38615e+09
1e+06 2.56135e+06 25.6135 3.36024e+09
1e+06 2.57121e+06 25.7121 3.3345e+09
1e+06 2.58109e+06 25.8109 3.30899e+09
1e+06 2.59102e+06 25.9102 3.28366e+09
1e+06 2.60099e+06 26.0099 3.25851e+09
1e+06 2.61099e+06 26.1099 3.23358e+09
1e+06 2.62104e+06 26.2104 3.20881e+09
1e+06 2.63112e+06 26.3112 3.18425e+09
1e+06 2.64124e+06 26.4124 3.15987e+09
1e+06 2.6514e+06 26.514 3.13568e+09
1e+06 2.66159e+06 26.6159 3.11169e+09
1e+06 2.67183e+06 26.7183 3.08787e+09
1e+06 2.68211e+06 26.8211 3.06422e+09
1e+06 2.69242e+06 26.9242 3.04078e+09
1e+06 2.70278e+06 27.0278 3.01749e+09
1e+06 2.71318e+06 27.1318 2.99438e+09
1e+06 2.72361e+06 27.2361 2.97147e+09
1e+06 2.73409e+06 27.3409 2.94871e+09
1e+06 2.7446e+06 27.446 2.92615e+09
1e+06 2.75516e+06 27.5516 2.90375e+09
1e+06 2.76576e+06 27.6576 2.88151e+09
1e+06 2.77639e+06 27.7639 2.85947e+09
1e+06 2.78707e+06 27.8707 2.83757e+09
1e+06 2.79779e+06 27.9779 2.81585e+09
1e+06 2.80855e+06 28.0855 2.7943e+09
1e+06 2.81936e+06 28.1936 2.77289e+09
1e+06 2.8302e+06 28.302 2.75167e+09
1e+06 2.84109e+06 28.4109 2.7306e+09
1e+06 2.85201e+06 28.5201 2.70971e+09
1e+06 2.86298e+06 28.6298 2.68896e+09
1e+06 2.874e+06 28.74 2.66836e+09
1e+06 2.88505e+06 28.8505 2.64794e+09
1e+06 2.89615e+06 28.9615 2.62766e+09
1e+06 2.90729e+06 29.0729 2.60754e+09
1e+06 2.91847e+06 29.1847 2.58759e+09
1e+06 2.92969e+06 29.2969 2.56778e+09
1e+06 2.94096e+06 29.4096 2.54812e+09
1e+06 2.95227e+06 29.5227 2.52862e+09
1e+06 2.96363e+06 29.6363 2.50925e+09
1e+06 2.97503e+06 29.7503 2.49004e+09
1e+06 2.98647e+06 29.8647 2.47098e+09
1e+06 2.99796e+06 29.9796 2.45206e+09
1e+06 3.00949e+06 30.0949 2.43329e+09
1e+06 3.02106e+06 30.2106 2.41467e+09
1e+06 3.03268e+06 30.3268 2.39618e+09
1e+06 3.04435e+06 30.4435 2.37782e+09
1e+06 3.05606e+06 30.5606 2.35962e+09
1e+06 3.06781e+06 30.6781 2.34156e+09
1e+06 3.07961e+06 30.7961 2.32363e+09
1e+06 3.09146e+06 30.9146 2.30583e+09
1e+06 3.10335e+06 31.0335 2.28818e+09
1e+06 3.11529e+06 31.1529 2.27066e+09
1e+06 3.12727e+06 31.2727 2.25328e+09
1e+06 3.1393e+06 31.393 2.23602e+09
1e+06 3.15137e+06 31.5137 2.21891e+09
1e+06 3.16349e+06 31.6349 2.20192e+09
1e+06 3.17566e+06 31.7566 2.18506e+09
1e+06 3.18787e+06 31.8787 2.16834e+09
1e+06 3.20014e+06 32.0014 2.15172e+09
1e+06 3.21244e+06 32.1244 2.13526e+09
1e+06 3.2248e+06 32.248 2.1189e+09
1e+06 3.2372e+06 32.372 2.10269e+09
1e+06 3.24966e+06 32.4966 2.08657e+09
1e+06 3.26215e+06 32.6215 2.07061e+09
1e+06 3.2747e+06 32.747 2.05475e+09
1e+06 3.2873e+06 32.873 2.03901e+09
1e+06 3.29994e+06 32.9994 2.02341e+09
1e+06 3.31263e+06 33.1263 2.00792e+09
1e+06 3.32537e+06 33.2537 1.99254e+09
1e+06 3.33817e+06 33.3817 1.97728e+09
1e+06 3.351e+06 33.51 1.96215e+09
1e+06 3.36389e+06 33.6389 1.94712e+09
1e+06 3.37683e+06 33.7683 1.93221e+09
1e+06 3.38982e+06 33.8982 1.91742e+09
1e+06 3.40286e+06 34.0286 1.90273e+09
1e+06 3.41595e+06 34.1595 1.88816e+09
1e+06 3.42909e+06 34.2909 1.8737e+09
1e+06 3.44228e+06 34.4228 1.85935e+09
1e+06 3.45552e+06 34.5552 1.84512e+09
1e+06 3.46881e+06 34.6881 1.83099e+09
1e+06 3.48215e+06 34.8215 1.81697e+09
1e+06 3.49554e+06 34.9554 1.80306e+09
1e+06 3.50899e+06 35.0899 1.78925e+09
1e+06 3.52248e+06 35.2248 1.77556e+09
1e+06 3.53603e+06 35.3603 1.76196e+09
1e+06 3.54963e+06 35.4963 1.74847e+09
1e+06 3.56329e+06 35.6329 1.73507e+09
1e+06 3.57699e+06 35.7699 1.72179e+09
1e+06 3.59075e+06 35.9075 1.7086e+09
1e+06 3.60456e+06 36.0456 1.69552e+09
1e+06 3.61842e+06 36.1842 1.68254e+09
1e+06 3.63234e+06 36.3234 1.66965e+09
1e+06 3.64631e+06 36.4631 1.65687e+09
1e+06 3.66034e+06 36.6034 1.64418e+09
1e+06 3.67442e+06 36.7442 1.63159e+09
1e+06 3.68855e+06 36.8855 1.61909e+09
1e+06 3.70274e+06 37.0274 1.60669e+09
1e+06 3.71698e+06 37.1698 1.59439e+09
1e+06 3.73128e+06 37.3128 1.58218e+09
1e+06 3.74563e+06 37.4563 1.57006e+09
1e+06 3.76003e+06 37.6003 1.55805e+09
1e+06 3.7745e+06 37.745 1.54611e+09
1e+06 3.78901e+06 37.8901 1.53427e+09
1e+06 3.80359e+06 38.0359 1.52252e+09
1e+06 3.81822e+06 38.1822 1.51086e+09
1e+06 3.8329e+06 38.329 1.49929e+09
1e+06 3.84765e+06 38.4765 1.48781e+09
1e+06 3.86244e+06 38.6244 1.47642e+09
1e+06 3.8773e+06 38.773 1.46511e+09
1e+06 3.89221e+06 38.9221 1.45389e+09
1e+06 3.90718e+06 39.0718 1.44276e+09
1e+06 3.92221e+06 39.2221 1.43171e+09
1e+06 3.9373e+06 39.373 1.42074e+09
1e+06 3.95244e+06 39.5244 1.40986e+09
1e+06 3.96765e+06 39.6765 1.39906e+09
1e+06 3.98291e+06 39.8291 1.38835e+09
1e+06 3.99823e+06 39.9823 1.37771e+09
1e+06 4.0136e+06 40.136 1.36717e+09
1e+06 4.02904e+06 40.2904 1.3567e+09
1e+06 4.04454e+06 40.4454 1.3463e+09
1e+06 4.06009e+06 40.6009 1.336e+09
1e+06 4.07571e+06 40.7571 1.32576e+09
1e+06 4.09139e+06 40.9139 1.31561e+09
1e+06 4.10712e+06 41.0712 1.30553e+09
1e+06 4.12292e+06 41.2292 1.29553e+09
1e+06 4.13878e+06 41.3878 1.28561e+09
1e+06 4.1547e+06 41.547 1.27576e+09
1e+06 4.17068e+06 41.7068 1.26599e+09
1e+06 4.18672e+06 41.8672 1.2563e+09
1e+06 4.20282e+06 42.0282 1.24668e+09
1e+06 4.21899e+06 42.1899 1.23713e+09
1e+06 4.23522e+06 42.3522 1.22765e+09
1e+06 4.25151e+06 42.5151 1.21825e+09
1e+06 4.26786e+06 42.6786 1.20892e+09
1e+06 4.28427e+06 42.8427 1.19966e+09
1e+06 4.30075e+06 43.0075 1.19047e+09
1e+06 4.3173e+06 43.173 1.18135e+09
1e+06 4.3339e+06 43.339 1.1723e+09
1e+06 4.35057e+06 43.5057 1.16332e+09
1e+06 4.3673e+06 43.673 1.15442e+09
1e+06 4.3841e+06 43.841 1.14557e+09
1e+06 4.40096e+06 44.0096 1.1368e+09
1e+06 4.41789e+06 44.1789 1.12809e+09
1e+06 4.43488e+06 44.3488 1.11945e+09
1e+06 4.45194e+06 44.5194 1.11088e+09
1e+06 4.46907e+06 44.6907 1.10236e+09
1e+06 4.48626e+06 44.8626 1.09392e+09
1e+06 4.50351e+06 45.0351 1.08554e+09
1e+06 4.52083e+06 45.2083 1.07723e+09
1e+06 4.53822e+06 45.3822 1.06898e+09
1e+06 4.55568e+06 45.5568 1.06079e+09
1e+06 4.5732e+06 45.732 1.05266e+09
1e+06 4.59079e+06 45.9079 1.0446e+09
1e+06 4.60845e+06 46.0845 1.0366e+09
1e+06 4.62617e+06 46.2617 1.02866e+09
1e+06 4.64397e+06 46.4397 1.02077e+09
1e+06 4.66183e+06 46.6183 1.01296e+09
1e+06 4.67976e+06 46.7976 1.0052e+09
1e+06 4.69776e+06 46.9776 9.97497e+08
1e+06 4.71583e+06 47.1583 9.89856e+08
1e+06 4.73397e+06 47.3397 9.82272e+08
1e+06 4.75217e+06 47.5217 9.74751e+08
1e+06 4.77045e+06 47.7045 9.67283e+08
1e+06 4.7888e+06 47.888 9.59873e+08
1e+06 4.80722e+06 48.0722 9.5252e+08
1e+06 4.82571e+06 48.2571 9.45223e+08
1e+06 4.84427e+06 48.4427 9.37982e+08
1e+06 4.8629e+06 48.629 9.30798e+08
1e+06 4.88161e+06 48.8161 9.23665e+08
1e+06 4.90038e+06 49.0038 9.16591e+08
1e+06 4.91923e+06 49.1923 9.09569e+08
1e+06 4.93815e+06 49.3815 9.02601e+08
1e+06 4.95715e+06 49.5715 8.95684e+08
1e+06 4.97621e+06 49.7621 8.88824e+08
1e+06 4.99535e+06 49.9535 8.82015e+08
1e+06 5.01457e+06 50.1457 8.75256e+08
1e+06 5.03385e+06 50.3385 8.68553e+08
1e+06 5.05322e+06 50.5322 8.61896e+08
1e+06 5.07265e+06 50.7265 8.55295e+08
1e+06 5.09216e+06 50.9216 8.48743e+08
1e+06 5.11175e+06 51.1175 8.42239e+08
1e+06 5.13141e+06 51.3141 8.35787e+08
1e+06 5.15115e+06 51.5115 8.29382e+08
1e+06 5.17096e+06 51.7096 8.23029e+08
1e+06 5.19085e+06 51.9085 8.16723e+08
1e+06 5.21081e+06 52.1081 8.10467e+08
1e+06 5.23086e+06 52.3086 8.04256e+08
1e+06 5.25098e+06 52.5098 7.98093e+08
1e+06 5.27117e+06 52.7117 7.91981e+08
1e+06 5.29145e+06 52.9145 7.85911e+08
1e+06 5.3118e+06 53.118 7.7989e+08
1e+06 5.33223e+06 53.3223 7.73915e+08
1e+06 5.35274e+06 53.5274 7.67985e+08
1e+06 5.37333e+06 53.7333 7.62101e+08
1e+06 5.394e+06 53.94 7.56261e+08
1e+06 5.41474e+06 54.1474 7.50468e+08
1e+06 5.43557e+06 54.3557 7.44717e+08
1e+06 5.45648e+06 54.5648 7.3901e+08
1e+06 5.47746e+06 54.7746 7.33349e+08
1e+06 5.49853e+06 54.9853 7.2773e+08
1e+06 5.51968e+06 55.1968 7.22153e+08
1e+06 5.54091e+06 55.4091 7.1662e+08
1e+06 5.56222e+06 55.6222 7.1113e+08
1e+06 5.58362e+06 55.8362 7.05679e+08
1e+06 5.60509e+06 56.0509 7.00273e+08
1e+06 5.62665e+06 56.2665 6.94907e+08
1e+06 5.64829e+06 56.4829 6.89583e+08
1e+06 5.67002e+06 56.7002 6.84298e+08
1e+06 5.69183e+06 56.9183 6.79054e+08
1e+06 5.71372e+06 57.1372 6.73851e+08
1e+06 5.7357e+06 57.357 6.68686e+08
1e+06 5.75776e+06 57.5776 6.63563e+08
1e+06 5.7799e+06 57.799 6.58479e+08
1e+06 5.80214e+06 58.0214 6.53431e+08
1e+06 5.82445e+06 58.2445 6.48425e+08
1e+06 5.84685e+06 58.4685 6.43457e+08
1e+06 5.86934e+06 58.6934 6.38526e+08
1e+06 5.89192e+06 58.9192 6.33632e+08
1e+06 5.91458e+06 59.1458 6.28776e+08
1e+06 5.93733e+06 59.3733 6.23958e+08
1e+06 5.96017e+06 59.6017 6.19175e+08
1e+06 5.98309e+06 59.8309 6.14431e+08
1e+06 6.0061e+06 60.061 6.09723e+08
1e+06 6.02921e+06 60.2921 6.05049e+08
1e+06 6.0524e+06 60.524 6.00412e+08
1e+06 6.07567e+06 60.7567 5.95812e+08
1e+06 6.09904e+06 60.9904 5.91246e+08
1e+06 6.1225e+06 61.225 5.86714e+08
1e+06 6.14605e+06 61.4605 5.82218e+08
1e+06 6.16969e+06 61.6969 5.77756e+08
1e+06 6.19342e+06 61.9342 5.73328e+08
1e+06 6.21724e+06 62.1724 5.68934e+08
1e+06 6.24116e+06 62.4116 5.64573e+08
1e+06 6.26516e+06 62.6516 5.60247e+08
1e+06 6.28926e+06 62.8926 5.55952e+08
1e+06 6.31345e+06 63.1345 5.51691e+08
1e+06 6.33773e+06 63.3773 5.47464e+08
1e+06 6.36211e+06 63.6211 5.43267e+08
1e+06 6.38658e+06 63.8658 5.39103e+08
1e+06 6.41115e+06 64.1115 5.3497e+08
1e+06 6.4358e+06 64.358 5.30872e+08
1e+06 6.46056e+06 64.6056 5.26802e+08
1e+06 6.48541e+06 64.8541 5.22764e+08
1e+06 6.51035e+06 65.1035 5.18758e+08
1e+06 6.53539e+06 65.3539 5.14782e+08
1e+06 6.56053e+06 65.6053 5.10835e+08
1e+06 6.58576e+06 65.8576 5.0692e+08
1e+06 6.6111e+06 66.111 5.03033e+08
1e+06 6.63652e+06 66.3652 4.99179e+08
1e+06 6.66205e+06 66.6205 4.95352e+08
1e+06 6.68767e+06 66.8767 4.91556e+08
1e+06 6.7134e+06 67.134 4.87787e+08
1e+06 6.73922e+06 67.3922 4.84048e+08
1e+06 6.76514e+06 67.6514 4.80338e+08
1e+06 6.79116e+06 67.9116 4.76656e+08
1e+06 6.81728e+06 68.1728 4.73002e+08
1e+06 6.8435e+06 68.435 4.69376e+08
1e+06 6.86982e+06 68.6982 4.65779e+08
1e+06 6.89625e+06 68.9625 4.62207e+08
1e+06 6.92277e+06 69.2277 4.58665e+08
1e+06 6.9494e+06 69.494 4.55148e+08
1e+06 6.97613e+06 69.7613 4.51659e+08
1e+06 7.00296e+06 70.0296 4.48197e+08
1e+06 7.0299e+06 70.299 4.4476e+08
1e+06 7.05694e+06 70.5694 4.41351e+08
1e+06 7.08408e+06 70.8408 4.37968e+08
1e+06 7.11133e+06 71.1133 4.3461e+08
1e+06 7.13868e+06 71.3868 4.31278e+08
1e+06 7.16614e+06 71.6614 4.27971e+08
1e+06 7.1937e+06 71.937 4.24691e+08
1e+06 7.22137e+06 72.2137 4.21435e+08
1e+06 7.24914e+06 72.4914 4.18204e+08
1e+06 7.27703e+06 72.7703 4.14997e+08
1e+06 7.30502e+06 73.0502 4.11816e+08
1e+06 7.33311e+06 73.3311 4.08659e+08
1e+06 7.36132e+06 73.6132 4.05525e+08
1e+06 7.38963e+06 73.8963 4.02417e+08
1e+06 7.41806e+06 74.1806 3.99331e+08
1e+06 7.44659e+06 74.4659 3.96269e+08
1e+06 7.47523e+06 74.7523 3.93231e+08
1e+06 7.50398e+06 75.0398 3.90216e+08
1e+06 7.53284e+06 75.3284 3.87225e+08
1e+06 7.56182e+06 75.6182 3.84255e+08
1e+06 7.5909e+06 75.909 3.81309e+08
1e+06 7.6201e+06 76.201 3.78385e+08
1e+06 7.64941e+06 76.4941 3.75484e+08
1e+06 7.67883e+06 76.7883 3.72605e+08
1e+06 7.70837e+06 77.0837 3.69747e+08
1e+06 7.73801e+06 77.3801 3.66913e+08
1e+06 7.76778e+06 77.6778 3.64099e+08
1e+06 7.79765e+06 77.9765 3.61308e+08
1e+06 7.82765e+06 78.2765 3.58536e+08
1e+06 7.85775e+06 78.5775 3.55788e+08
1e+06 7.88798e+06 78.8798 3.53059e+08
1e+06 7.91832e+06 79.1832 3.50351e+08
1e+06 7.94877e+06 79.4877 3.47665e+08
1e+06 7.97935e+06 79.7935 3.44999e+08
1e+06 8.01004e+06 80.1004 3.42353e+08
1e+06 8.04085e+06 80.4085 3.39728e+08
1e+06 8.07177e+06 80.7177 3.37123e+08
1e+06 8.10282e+06 81.0282 3.34538e+08
1e+06 8.13399e+06 81.3399 3.31972e+08
1e+06 8.16527e+06 81.6527 3.29426e+08
1e+06 8.19668e+06 81.9668 3.269e+08
1e+06 8.2282e+06 82.282 3.24393e+08
1e+06 8.25985e+06 82.5985 3.21905e+08
1e+06 8.29162e+06 82.9162 3.19436e+08
1e+06 8.32352e+06 83.2352 3.16986e+08
1e+06 8.35553e+06 83.5553 3.14555e+08
1e+06 8.38767e+06 83.8767 3.12143e+08
1e+06 8.41993e+06 84.1993 3.09749e+08
1e+06 8.45231e+06 84.5231 3.07374e+08
1e+06 8.48482e+06 84.8482 3.05016e+08
1e+06 8.51746e+06 85.1746 3.02676e+08
1e+06 8.55022e+06 85.5022 3.00355e+08
1e+06 8.58311e+06 85.8311 2.98051e+08
1e+06 8.61612e+06 86.1612 2.95765e+08
1e+06 8.64926e+06 86.4926 2.93497e+08
1e+06 8.68253e+06 86.8253 2.91245e+08
1e+06 8.71592e+06 87.1592 2.89012e+08
1e+06 8.74945e+06 87.4945 2.86795e+08
1e+06 8.7831e+06 87.831 2.84595e+08
1e+06 8.81688e+06 88.1688 2.82412e+08
1e+06 8.8508e+06 88.508 2.80245e+08
1e+06 8.88484e+06 88.8484 2.78096e+08
1e+06 8.91901e+06 89.1901 2.75963e+08
1e+06 8.95332e+06 89.5332 2.73846e+08
1e+06 8.98775e+06 89.8775 2.71745e+08
1e+06 9.02232e+06 90.2232 2.69661e+08
1e+06 9.05703e+06 90.5703 2.67592e+08
1e+06 9.09186e+06 90.9186 2.65539e+08
1e+06 9.12683e+06 91.2683 2.63502e+08
1e+06 9.16194e+06 91.6194 2.61481e+08
1e+06 9.19718e+06 91.9718 2.59475e+08
1e+06 9.23255e+06 92.3255 2.57484e+08
1e+06 9.26806e+06 92.6806 2.55509e+08
1e+06 9.30371e+06 93.0371 2.53549e+08
1e+06 9.3395e+06 93.395 2.51603e+08
1e+06 9.37542e+06 93.7542 2.49673e+08
1e+06 9.41148e+06 94.1148 2.47758e+08
1e+06 9.44768e+06 94.4768 2.45857e+08
1e+06 9.48402e+06 94.8402 2.43971e+08
1e+06 9.5205e+06 95.205 2.42099e+08
1e+06 9.55711e+06 95.5711 2.40242e+08
1e+06 9.59387e+06 95.9387 2.38398e+08
1e+06 9.63077e+06 96.3077 2.36569e+08
1e+06 9.66782e+06 96.6782 2.34754e+08
1e+06 9.705e+06 97.05 2.32953e+08
1e+06 9.74233e+06 97.4233 2.31166e+08
1e+06 9.7798e+06 97.798 2.29392e+08
1e+06 9.81742e+06 98.1742 2.27632e+08
1e+06 9.85518e+06 98.5518 2.25885e+08
1e+06 9.89309e+06 98.9309 2.24152e+08
1e+06 9.93114e+06 99.3114 2.22432e+08
1e+06 9.96934e+06 99.6934 2.20725e+08
1e+06 1.00077e+07 100.077 2.1903e+08
1e+06 1.00462e+07 100.462 2.17349e+08
1e+06 1.00848e+07 100.848 2.15683e+08
1e+06 1.01236e+07 101.236 2.14028e+08
1e+06 1.01625e+07 101.625 2.12387e+08
1e+06 1.02016e+07 102.016 2.10757e+08
1e+06 1.02409e+07 102.409 2.09137e+08
1e+06 1.02803e+07 102.803 2.07531e+08
1e+06 1.03198e+07 103.198 2.0594e+08
1e+06 1.03595e+07 103.595 2.0436e+08
1e+06 1.03993e+07 103.993 2.02793e+08
1e+06 1.04393e+07 104.393 2.01237e+08
1e+06 1.04795e+07 104.795 1.9969e+08
1e+06 1.05198e+07 105.198 1.98158e+08
1e+06 1.05603e+07 105.603 1.96636e+08
1e+06 1.06009e+07 106.009 1.95127e+08
1e+06 1.06417e+07 106.417 1.93629e+08
1e+06 1.06826e+07 106.826 1.92144e+08
1e+06 1.07237e+07 107.237 1.90669e+08
1e+06 1.07649e+07 107.649 1.89207e+08
1e+06 1.08063e+07 108.063 1.87755e+08
1e+06 1.08479e+07 108.479 1.86312e+08
1e+06 1.08896e+07 108.896 1.84883e+08
1e+06 1.09315e+07 109.315 1.83464e+08
1e+06 1.09735e+07 109.735 1.82057e+08
1e+06 1.10157e+07 110.157 1.8066e+08
1e+06 1.10581e+07 110.581 1.79272e+08
1e+06 1.11007e+07 111.007 1.77894e+08
1e+06 1.11433e+07 111.433 1.76531e+08
1e+06 1.11862e+07 111.862 1.75175e+08
1e+06 1.12292e+07 112.292 1.73831e+08
1e+06 1.12724e+07 112.724 1.72496e+08
1e+06 1.13158e+07 113.158 1.71171e+08
1e+06 1.13593e+07 113.593 1.69857e+08
1e+06 1.1403e+07 114.03 1.68553e+08
1e+06 1.14469e+07 114.469 1.67258e+08
1e+06 1.14909e+07 114.909 1.65975e+08
1e+06 1.15351e+07 115.351 1.647e+08
1e+06 1.15794e+07 115.794 1.63438e+08
1e+06 1.1624e+07 116.24 1.62181e+08
1e+06 1.16687e+07 116.687 1.60936e+08
1e+06 1.17136e+07 117.136 1.597e+08
1e+06 1.17586e+07 117.586 1.58476e+08
1e+06 1.18039e+07 118.039 1.57257e+08
1e+06 1.18493e+07 118.493 1.56049e+08
1e+06 1.18948e+07 118.948 1.54853e+08
1e+06 1.19406e+07 119.406 1.53663e+08
1e+06 1.19865e+07 119.865 1.52484e+08
1e+06 1.20326e+07 120.326 1.51313e+08
1e+06 1.20789e+07 120.789 1.50151e+08
1e+06 1.21254e+07 121.254 1.48997e+08
1e+06 1.2172e+07 121.72 1.47854e+08
1e+06 1.22188e+07 122.188 1.46719e+08
1e+06 1.22658e+07 122.658 1.45592e+08
1e+06 1.2313e+07 123.13 1.44473e+08
1e+06 1.23603e+07 123.603 1.43365e+08
1e+06 1.24079e+07 124.079 1.42263e+08
1e+06 1.24556e+07 124.556 1.41171e+08
1e+06 1.25035e+07 125.035 1.40087e+08
1e+06 1.25516e+07 125.516 1.39011e+08
1e+06 1.25999e+07 125.999 1.37943e+08
1e+06 1.26484e+07 126.484 1.36883e+08
1e+06 1.2697e+07 126.97 1.35833e+08
1e+06 1.27458e+07 127.458 1.3479e+08
1e+06 1.27949e+07 127.949 1.33753e+08
1e+06 1.28441e+07 128.441 1.32726e+08
1e+06 1.28935e+07 128.935 1.31707e+08
1e+06 1.29431e+07 129.431 1.30695e+08
1e+06 1.29929e+07 129.929 1.29691e+08
1e+06 1.30428e+07 130.428 1.28696e+08
1e+06 1.3093e+07 130.93 1.27707e+08
1e+06 1.31434e+07 131.434 1.26725e+08
1e+06 1.31939e+07 131.939 1.25753e+08
1e+06 1.32447e+07 132.447 1.24786e+08
1e+06 1.32956e+07 132.956 1.23828e+08
1e+06 1.33467e+07 133.467 1.22878e+08
1e+06 1.33981e+07 133.981 1.21933e+08
1e+06 1.34496e+07 134.496 1.20997e+08
1e+06 1.35013e+07 135.013 1.20068e+08
1e+06 1.35533e+07 135.533 1.19144e+08
1e+06 1.36054e+07 136.054 1.18229e+08
1e+06 1.36577e+07 136.577 1.17322e+08
1e+06 1.37103e+07 137.103 1.16419e+08
1e+06 1.3763e+07 137.63 1.15525e+08
1e+06 1.38159e+07 138.159 1.14638e+08
1e+06 1.38691e+07 138.691 1.13756e+08
1e+06 1.39224e+07 139.224 1.12883e+08
1e+06 1.3976e+07 139.76 1.12015e+08
1e+06 1.40297e+07 140.297 1.11155e+08
1e+06 1.40837e+07 140.837 1.10301e+08
1e+06 1.41379e+07 141.379 1.09453e+08
1e+06 1.41922e+07 141.922 1.08613e+08
1e+06 1.42468e+07 142.468 1.07778e+08
1e+06 1.43016e+07 143.016 1.0695e+08
1e+06 1.43566e+07 143.566 1.06128e+08
1e+06 1.44118e+07 144.118 1.05313e+08
1e+06 1.44673e+07 144.673 1.04503e+08
1e+06 1.45229e+07 145.229 1.037e+08
1e+06 1.45788e+07 145.788 1.02903e+08
1e+06 1.46349e+07 146.349 1.02112e+08
1e+06 1.46911e+07 146.911 1.01328e+08
1e+06 1.47477e+07 147.477 1.00548e+08
1e+06 1.48044e+07 148.044 9.97758e+07
1e+06 1.48613e+07 148.613 9.90096e+07
1e+06 1.49185e+07 149.185 9.82481e+07
1e+06 1.49759e+07 149.759 9.74927e+07
1e+06 1.50335e+07 150.335 9.67434e+07
1e+06 1.50913e+07 150.913 9.60002e+07
1e+06 1.51493e+07 151.493 9.52629e+07
1e+06 1.52076e+07 152.076 9.45303e+07
1e+06 1.52661e+07 152.661 9.38036e+07
1e+06 1.53248e+07 153.248 9.30828e+07
1e+06 1.53838e+07 153.838 9.23666e+07
1e+06 1.54429e+07 154.429 9.16574e+07
1e+06 1.55023e+07 155.023 9.09529e+07
1e+06 1.5562e+07 155.62 9.02528e+07
1e+06 1.56218e+07 156.218 8.95597e+07
1e+06 1.56819e+07 156.819 8.8871e+07
1e+06 1.57422e+07 157.422 8.8188e+07
1e+06 1.58028e+07 158.028 8.75095e+07
1e+06 1.58635e+07 158.635 8.68376e+07
1e+06 1.59246e+07 159.246 8.61691e+07
1e+06 1.59858e+07 159.858 8.55072e+07
1e+06 1.60473e+07 160.473 8.48496e+07
1e+06 1.6109e+07 161.09 8.41975e+07
1e+06 1.6171e+07 161.71 8.35497e+07
1e+06 1.62332e+07 162.332 8.29073e+07
1e+06 1.62956e+07 162.956 8.22702e+07
1e+06 1.63583e+07 163.583 8.16374e+07
1e+06 1.64212e+07 164.212 8.10099e+07
1e+06 1.64844e+07 164.844 8.03866e+07
1e+06 1.65478e+07 165.478 7.97685e+07
1e+06 1.66114e+07 166.114 7.91555e+07
1e+06 1.66753e+07 166.753 7.85468e+07
1e+06 1.67395e+07 167.395 7.79422e+07
1e+06 1.68038e+07 168.038 7.73436e+07
1e+06 1.68685e+07 168.685 7.67482e+07
1e+06 1.69334e+07 169.334 7.61578e+07
1e+06 1.69985e+07 169.985 7.55723e+07
1e+06 1.70639e+07 170.639 7.4991e+07
1e+06 1.71295e+07 171.295 7.44145e+07
1e+06 1.71954e+07 171.954 7.3842e+07
1e+06 1.72615e+07 172.615 7.32744e+07
1e+06 1.73279e+07 173.279 7.27108e+07
1e+06 1.73946e+07 173.946 7.21511e+07
1e+06 1.74615e+07 174.615 7.15961e+07
1e+06 1.75286e+07 175.286 7.10459e+07
1e+06 1.7596e+07 175.96 7.04996e+07
1e+06 1.76637e+07 176.637 6.99571e+07
1e+06 1.77317e+07 177.317 6.94185e+07
1e+06 1.77999e+07 177.999 6.88845e+07
1e+06 1.78683e+07 178.683 6.83551e+07
1e+06 1.79371e+07 179.371 6.78287e+07
1e+06 1.80061e+07 180.061 6.73068e+07
1e+06 1.80753e+07 180.753 6.67894e+07
1e+06 1.81448e+07 181.448 6.62758e+07
1e+06 1.82146e+07 182.146 6.57658e+07
1e+06 1.82847e+07 182.847 6.52595e+07
1e+06 1.8355e+07 183.55 6.47576e+07
1e+06 1.84256e+07 184.256 6.42594e+07
1e+06 1.84965e+07 184.965 6.37647e+07
1e+06 1.85676e+07 185.676 6.32744e+07
1e+06 1.8639e+07 186.39 6.27876e+07
1e+06 1.87107e+07 187.107 6.23044e+07
1e+06 1.87827e+07 187.827 6.18248e+07
1e+06 1.88549e+07 188.549 6.13493e+07
1e+06 1.89275e+07 189.275 6.08767e+07
1e+06 1.90003e+07 190.003 6.04082e+07
1e+06 1.90733e+07 190.733 5.99439e+07
1e+06 1.91467e+07 191.467 5.94823e+07
1e+06 1.92203e+07 192.203 5.90248e+07
1e+06 1.92943e+07 192.943 5.85701e+07
1e+06 1.93685e+07 193.685 5.81194e+07
1e+06 1.9443e+07 194.43 5.7672e+07
1e+06 1.95178e+07 195.178 5.7228e+07
1e+06 1.95928e+07 195.928 5.6788e+07
1e+06 1.96682e+07 196.682 5.63506e+07
1e+06 1.97438e+07 197.438 5.59172e+07
1e+06 1.98198e+07 198.198 5.54864e+07
1e+06 1.9896e+07 198.96 5.50595e+07
1e+06 1.99725e+07 199.725 5.46358e+07
1e+06 2.00494e+07 200.494 5.42148e+07
1e+06 2.01265e+07 201.265 5.37975e+07
1e+06 2.02039e+07 202.039 5.33834e+07
1e+06 2.02816e+07 202.816 5.29725e+07
1e+06 2.03596e+07 203.596 5.25647e+07
1e+06 2.04379e+07 204.379 5.216e+07
1e+06 2.05165e+07 205.165 5.17585e+07
1e+06 2.05954e+07 205.954 5.13601e+07
1e+06 2.06747e+07 206.747 5.09642e+07
1e+06 2.07542e+07 207.542 5.05719e+07
1e+06 2.0834e+07 208.34 5.01826e+07
1e+06 2.09141e+07 209.141 4.97964e+07
1e+06 2.09946e+07 209.946 4.94126e+07
1e+06 2.10753e+07 210.753 4.90324e+07
1e+06 2.11564e+07 211.564 4.86546e+07
1e+06 2.12378e+07 212.378 4.82798e+07
1e+06 2.13195e+07 213.195 4.79079e+07
1e+06 2.14015e+07 214.015 4.7539e+07
1e+06 2.14838e+07 214.838 4.71729e+07
1e+06 2.15664e+07 215.664 4.68098e+07
1e+06 2.16494e+07 216.494 4.6449e+07
1e+06 2.17326e+07 217.326 4.60916e+07
1e+06 2.18162e+07 218.162 4.57365e+07
1e+06 2.19001e+07 219.001 4.53843e+07
1e+06 2.19844e+07 219.844 4.50344e+07
1e+06 2.20689e+07 220.689 4.46878e+07
1e+06 2.21538e+07 221.538 4.43434e+07
1e+06 2.2239e+07 222.39 4.40019e+07
1e+06 2.23246e+07 223.246 4.36627e+07
1e+06 2.24104e+07 224.104 4.33266e+07
1e+06 2.24966e+07 224.966 4.29928e+07
1e+06 2.25832e+07 225.832 4.26613e+07
1e+06 2.267e+07 226.7 4.23328e+07
1e+06 2.27572e+07 227.572 4.20066e+07
1e+06 2.28447e+07 228.447 4.16831e+07
1e+06 2.29326e+07 229.326 4.13618e+07
1e+06 2.30208e+07 230.208 4.10431e+07
1e+06 2.31094e+07 231.094 4.07267e+07
1e+06 2.31982e+07 231.982 4.04132e+07
1e+06 2.32875e+07 232.875 4.01015e+07
1e+06 2.3377e+07 233.77 3.97927e+07
1e+06 2.3467e+07 234.67 3.94858e+07
1e+06 2.35572e+07 235.572 3.91817e+07
1e+06 2.36478e+07 236.478 3.88797e+07
1e+06 2.37388e+07 237.388 3.85799e+07
1e+06 2.38301e+07 238.301 3.82826e+07
1e+06 2.39217e+07 239.217 3.79877e+07
1e+06 2.40138e+07 240.138 3.76947e+07
1e+06 2.41061e+07 241.061 3.74043e+07
1e+06 2.41988e+07 241.988 3.7116e+07
1e+06 2.42919e+07 242.919 3.68299e+07
1e+06 2.43854e+07 243.854 3.65458e+07
1e+06 2.44791e+07 244.791 3.62643e+07
1e+06 2.45733e+07 245.733 3.59846e+07
1e+06 2.46678e+07 246.678 3.57073e+07
1e+06 2.47627e+07 247.627 3.54319e+07
1e+06 2.48579e+07 248.579 3.51589e+07
1e+06 2.49536e+07 249.536 3.48875e+07
1e+06 2.50495e+07 250.495 3.46188e+07
1e+06 2.51459e+07 251.459 3.43517e+07
1e+06 2.52426e+07 252.426 3.40869e+07
1e+06 2.53397e+07 253.397 3.3824e+07
1e+06 2.54372e+07 254.372 3.35631e+07
1e+06 2.5535e+07 255.35 3.33044e+07
1e+06 2.56332e+07 256.332 3.30476e+07
1e+06 2.57318e+07 257.318 3.27927e+07
1e+06 2.58308e+07 258.308 3.25398e+07
1e+06 2.59301e+07 259.301 3.22889e+07
1e+06 2.60299e+07 260.299 3.20397e+07
1e+06 2.613e+07 261.3 3.17927e+07
1e+06 2.62305e+07 262.305 3.15475e+07
1e+06 2.63314e+07 263.314 3.13041e+07
1e+06 2.64327e+07 264.327 3.10626e+07
1e+06 2.65343e+07 265.343 3.08231e+07
1e+06 2.66364e+07 266.364 3.05853e+07
1e+06 2.67388e+07 267.388 3.03494e+07
1e+06 2.68417e+07 268.417 3.01152e+07
1e+06 2.69449e+07 269.449 2.98829e+07
1e+06 2.70486e+07 270.486 2.96523e+07
1e+06 2.71526e+07 271.526 2.94236e+07
1e+06 2.7257e+07 272.57 2.91966e+07
1e+06 2.73619e+07 273.619 2.89712e+07
1e+06 2.74671e+07 274.671 2.87478e+07
1e+06 2.75728e+07 275.728 2.85258e+07
1e+06 2.76788e+07 276.788 2.83058e+07
1e+06 2.77853e+07 277.853 2.80873e+07
1e+06 2.78921e+07 278.921 2.78707e+07
1e+06 2.79994e+07 279.994 2.76556e+07
1e+06 2.81071e+07 281.071 2.74421e+07
1e+06 2.82152e+07 282.152 2.72304e+07
1e+06 2.83237e+07 283.237 2.70202e+07
1e+06 2.84327e+07 284.327 2.68116e+07
1e+06 2.8542e+07 285.42 2.66047e+07
1e+06 2.86518e+07 286.518 2.63994e+07
1e+06 2.8762e+07 287.62 2.61956e+07
1e+06 2.88727e+07 288.727 2.59932e+07
1e+06 2.89837e+07 289.837 2.57927e+07
1e+06 2.90952e+07 290.952 2.55935e+07
1e+06 2.92071e+07 292.071 2.5396e+07
1e+06 2.93194e+07 293.194 2.52e+07
1e+06 2.94322e+07 294.322 2.50053e+07
1e+06 2.95454e+07 295.454 2.48123e+07
1e+06 2.96591e+07 296.591 2.46206e+07
1e+06 2.97731e+07 297.731 2.44306e+07
1e+06 2.98877e+07 298.877 2.42418e+07
1e+06 3.00026e+07 300.026 2.40547e+07
1e+06 3.0118e+07 301.18 2.3869e+07
1e+06 3.02339e+07 302.339 2.36845e+07
1e+06 3.03501e+07 303.501 2.35018e+07
1e+06 3.04669e+07 304.669 2.33202e+07
1e+06 3.05841e+07 305.841 2.314e+07
1e+06 3.07017e+07 307.017 2.29613e+07
1e+06 3.08198e+07 308.198 2.2784e+07
1e+06 3.09383e+07 309.383 2.2608e+07
1e+06 3.10573e+07 310.573 2.24334e+07
1e+06 3.11768e+07 311.768 2.226e+07
1e+06 3.12967e+07 312.967 2.20881e+07
1e+06 3.14171e+07 314.171 2.19174e+07
1e+06 3.15379e+07 315.379 2.17482e+07
1e+06 3.16592e+07 316.592 2.15801e+07
1e+06 3.1781e+07 317.81 2.14134e+07
1e+06 3.19032e+07 319.032 2.1248e+07
1e+06 3.20259e+07 320.259 2.10838e+07
1e+06 3.21491e+07 321.491 2.09208e+07
1e+06 3.22728e+07 322.728 2.07591e+07
1e+06 3.23969e+07 323.969 2.05987e+07
1e+06 3.25215e+07 325.215 2.04396e+07
1e+06 3.26466e+07 326.466 2.02816e+07
1e+06 3.27722e+07 327.722 2.01248e+07
1e+06 3.28982e+07 328.982 1.99693e+07
1e+06 3.30248e+07 330.248 1.98149e+07
1e+06 3.31518e+07 331.518 1.96617e+07
1e+06 3.32793e+07 332.793 1.95098e+07
1e+06 3.34073e+07 334.073 1.9359e+07
1e+06 3.35358e+07 335.358 1.92093e+07
1e+06 3.36648e+07 336.648 1.90608e+07
1e+06 3.37943e+07 337.943 1.89134e+07
1e+06 3.39242e+07 339.242 1.87673e+07
1e+06 3.40547e+07 340.547 1.86221e+07
1e+06 3.41857e+07 341.857 1.84781e+07
1e+06 3.43172e+07 343.172 1.83352e+07
1e+06 3.44492e+07 344.492 1.81935e+07
1e+06 3.45817e+07 345.817 1.80528e+07
1e+06 3.47147e+07 347.147 1.79132e+07
1e+06 3.48482e+07 348.482 1.77747e+07
1e+06 3.49823e+07 349.823 1.76371e+07
1e+06 3.51168e+07 351.168 1.75008e+07
1e+06 3.52519e+07 352.519 1.73654e+07
1e+06 3.53875e+07 353.875 1.7231e+07
1e+06 3.55236e+07 355.236 1.70978e+07
1e+06 3.56602e+07 356.602 1.69655e+07
1e+06 3.57974e+07 357.974 1.68343e+07
1e+06 3.59351e+07 359.351 1.6704e+07
1e+06 3.60733e+07 360.733 1.65748e+07
1e+06 3.6212e+07 362.12 1.64466e+07
1e+06 3.63513e+07 363.513 1.63193e+07
1e+06 3.64911e+07 364.911 1.61931e+07
1e+06 3.66315e+07 366.315 1.60677e+07
1e+06 3.67724e+07 367.724 1.59434e+07
1e+06 3.69138e+07 369.138 1.582e+07
1e+06 3.70558e+07 370.558 1.56976e+07
1e+06 3.71983e+07 371.983 1.55761e+07
1e+06 3.73414e+07 373.414 1.54556e+07
1e+06 3.7485e+07 374.85 1.5336e+07
1e+06 3.76292e+07 376.292 1.52172e+07
1e+06 3.77739e+07 377.739 1.50995e+07
1e+06 3.79192e+07 379.192 1.49826e+07
1e+06 3.80651e+07 380.651 1.48666e+07
1e+06 3.82115e+07 382.115 1.47515e+07
1e+06 3.83585e+07 383.585 1.46372e+07
1e+06 3.8506e+07 385.06 1.45239e+07
1e+06 3.86541e+07 386.541 1.44115e+07
1e+06 3.88028e+07 388.028 1.42999e+07
1e+06 3.8952e+07 389.52 1.41892e+07
1e+06 3.91019e+07 391.019 1.40793e+07
1e+06 3.92523e+07 392.523 1.39702e+07
1e+06 3.94032e+07 394.032 1.38621e+07
1e+06 3.95548e+07 395.548 1.37547e+07
1e+06 3.97069e+07 397.069 1.36482e+07
1e+06 3.98597e+07 398.597 1.35424e+07
1e+06 4.0013e+07 400.13 1.34375e+07
1e+06 4.01669e+07 401.669 1.33334e+07
1e+06 4.03214e+07 403.214 1.32301e+07
1e+06 4.04764e+07 404.764 1.31277e+07
1e+06 4.06321e+07 406.321 1.3026e+07
1e+06 4.07884e+07 407.884 1.29251e+07
1e+06 4.09453e+07 409.453 1.28249e+07
1e+06 4.11028e+07 411.028 1.27255e+07
1e+06 4.12609e+07 412.609 1.26269e+07
1e+06 4.14196e+07 414.196 1.25291e+07
1e+06 4.15789e+07 415.789 1.2432e+07
1e+06 4.17388e+07 417.388 1.23356e+07
1e+06 4.18994e+07 418.994 1.224e+07
1e+06 4.20605e+07 420.605 1.21452e+07
1e+06 4.22223e+07 422.223 1.2051e+07
1e+06 4.23847e+07 423.847 1.19576e+07
1e+06 4.25477e+07 425.477 1.18649e+07
1e+06 4.27114e+07 427.114 1.17729e+07
1e+06 4.28757e+07 428.757 1.16816e+07
1e+06 4.30406e+07 430.406 1.15911e+07
1e+06 4.32061e+07 432.061 1.15012e+07
1e+06 4.33723e+07 433.723 1.1412e+07
1e+06 4.35391e+07 435.391 1.13235e+07
1e+06 4.37066e+07 437.066 1.12357e+07
1e+06 4.38747e+07 438.747 1.11486e+07
1e+06 4.40434e+07 440.434 1.10622e+07
1e+06 4.42129e+07 442.129 1.09763e+07
1e+06 4.43829e+07 443.829 1.08912e+07
1e+06 4.45536e+07 445.536 1.08067e+07
1e+06 4.4725e+07 447.25 1.07229e+07
1e+06 4.4897e+07 448.97 1.06397e+07
1e+06 4.50697e+07 450.697 1.05572e+07
1e+06 4.5243e+07 452.43 1.04753e+07
1e+06 4.54171e+07 454.171 1.0394e+07
1e+06 4.55918e+07 455.918 1.03133e+07
1e+06 4.57671e+07 457.671 1.02333e+07
1e+06 4.59431e+07 459.431 1.01539e+07
1e+06 4.61199e+07 461.199 1.00751e+07
1e+06 4.62972e+07 462.972 9.99693e+06
1e+06 4.64753e+07 464.753 9.91933e+06
1e+06 4.66541e+07 466.541 9.84232e+06
1e+06 4.68335e+07 468.335 9.76594e+06
1e+06 4.70137e+07 470.137 9.69011e+06
1e+06 4.71945e+07 471.945 9.6149e+06
1e+06 4.7376e+07 473.76 9.54026e+06
1e+06 4.75582e+07 475.582 9.4662e+06
1e+06 4.77412e+07 477.412 9.39268e+06
1e+06 4.79248e+07 479.248 9.31976e+06
1e+06 4.81091e+07 481.091 9.2474e+06
1e+06 4.82942e+07 482.942 9.17557e+06
1e+06 4.84799e+07 484.799 9.10433e+06
1e+06 4.86664e+07 486.664 9.03361e+06
1e+06 4.88536e+07 488.536 8.96344e+06
1e+06 4.90415e+07 490.415 8.89383e+06
1e+06 4.92301e+07 492.301 8.82475e+06
1e+06 4.94195e+07 494.195 8.75618e+06
1e+06 4.96095e+07 496.095 8.68819e+06
1e+06 4.98004e+07 498.004 8.62066e+06
1e+06 4.99919e+07 499.919 8.5537e+06
1e+06 5.01842e+07 501.842 8.48723e+06
1e+06 5.03772e+07 503.772 8.42129e+06
1e+06 5.0571e+07 505.71 8.35584e+06
1e+06 5.07655e+07 507.655 8.29091e+06
1e+06 5.09607e+07 509.607 8.22649e+06
1e+06 5.11568e+07 511.568 8.16252e+06
1e+06 5.13535e+07 513.535 8.0991e+06
1e+06 5.1551e+07 515.51 8.03615e+06
1e+06 5.17493e+07 517.493 7.97367e+06
1e+06 5.19484e+07 519.484 7.91167e+06
1e+06 5.21482e+07 521.482 7.85016e+06
1e+06 5.23487e+07 523.487 7.78915e+06
1e+06 5.25501e+07 525.501 7.72857e+06
1e+06 5.27522e+07 527.522 7.66848e+06
1e+06 5.29551e+07 529.551 7.60885e+06
1e+06 5.31588e+07 531.588 7.54967e+06
1e+06 5.33633e+07 533.633 7.49094e+06
1e+06 5.35685e+07 535.685 7.4327e+06
1e+06 5.37746e+07 537.746 7.37486e+06
1e+06 5.39814e+07 539.814 7.31751e+06
1e+06 5.4189e+07 541.89 7.26059e+06
1e+06 5.43974e+07 543.974 7.20411e+06
1e+06 5.46067e+07 546.067 7.14804e+06
1e+06 5.48167e+07 548.167 7.09243e+06
1e+06 5.50276e+07 550.276 7.03723e+06
1e+06 5.52392e+07 552.392 6.98248e+06
1e+06 5.54517e+07 554.517 6.92813e+06
1e+06 5.5665e+07 556.65 6.87421e+06
1e+06 5.58791e+07 558.791 6.82071e+06
1e+06 5.6094e+07 560.94 6.76762e+06
1e+06 5.63097e+07 563.097 6.71496e+06
1e+06 5.65263e+07 565.263 6.66268e+06
1e+06 5.67437e+07 567.437 6.61081e+06
1e+06 5.6962e+07 569.62 6.55933e+06
1e+06 5.71811e+07 571.811 6.50826e+06
1e+06 5.7401e+07 574.01 6.45759e+06
1e+06 5.76218e+07 576.218 6.4073e+06
1e+06 5.78434e+07 578.434 6.3574e+06
1e+06 5.80659e+07 580.659 6.30789e+06
1e+06 5.82893e+07 582.893 6.25874e+06
1e+06 5.85135e+07 585.135 6.20999e+06
1e+06 5.87385e+07 587.385 6.16163e+06
1e+06 5.89644e+07 589.644 6.11363e+06
1e+06 5.91912e+07 591.912 6.066e+06
1e+06 5.94189e+07 594.189 6.01873e+06
1e+06 5.96474e+07 596.474 5.97184e+06
1e+06 5.98769e+07 598.769 5.92529e+06
1e+06 6.01072e+07 601.072 5.87911e+06
1e+06 6.03384e+07 603.384 5.83329e+06
1e+06 6.05704e+07 605.704 5.78784e+06
1e+06 6.08034e+07 608.034 5.74272e+06
1e+06 6.10373e+07 610.373 5.69795e+06
1e+06 6.12721e+07 612.721 5.65352e+06
1e+06 6.15077e+07 615.077 5.60946e+06
1e+06 6.17443e+07 617.443 5.56572e+06
1e+06 6.19818e+07 619.818 5.52232e+06
1e+06 6.22202e+07 622.202 5.47926e+06
1e+06 6.24595e+07 624.595 5.43653e+06
1e+06 6.26997e+07 626.997 5.39414e+06
1e+06 6.29409e+07 629.409 5.35206e+06
1e+06 6.3183e+07 631.83 5.31031e+06
1e+06 6.3426e+07 634.26 5.26889e+06
1e+06 6.367e+07 636.7 5.22778e+06
1e+06 6.39149e+07 639.149 5.18699e+06
1e+06 6.41607e+07 641.607 5.14652e+06
1e+06 6.44075e+07 644.075 5.10636e+06
1e+06 6.46552e+07 646.552 5.06652e+06
1e+06 6.49039e+07 649.039 5.02698e+06
1e+06 6.51535e+07 651.535 4.98775e+06
1e+06 6.54041e+07 654.041 4.94882e+06
1e+06 6.56557e+07 656.557 4.91018e+06
1e+06 6.59082e+07 659.082 4.87186e+06
1e+06 6.61617e+07 661.617 4.83382e+06
1e+06 6.64162e+07 664.162 4.79608e+06
1e+06 6.66717e+07 666.717 4.75862e+06
1e+06 6.69281e+07 669.281 4.72147e+06
1e+06 6.71855e+07 671.855 4.6846e+06
1e+06 6.74439e+07 674.439 4.64802e+06
1e+06 6.77034e+07 677.034 4.6117e+06
1e+06 6.79638e+07 679.638 4.57568e+06
1e+06 6.82252e+07 682.252 4.53993e+06
1e+06 6.84876e+07 684.876 4.50447e+06
1e+06 6.8751e+07 687.51 4.46928e+06
1e+06 6.90154e+07 690.154 4.43436e+06
1e+06 6.92809e+07 692.809 4.3997e+06
1e+06 6.95474e+07 695.474 4.36532e+06
1e+06 6.98149e+07 698.149 4.3312e+06
1e+06 7.00834e+07 700.834 4.29735e+06
1e+06 7.0353e+07 703.53 4.26376e+06
1e+06 7.06236e+07 706.236 4.23042e+06
1e+06 7.08952e+07 708.952 4.19736e+06
1e+06 7.11679e+07 711.679 4.16454e+06
1e+06 7.14416e+07 714.416 4.13198e+06
1e+06 7.17164e+07 717.164 4.09966e+06
1e+06 7.19923e+07 719.923 4.0676e+06
1e+06 7.22692e+07 722.692 4.03578e+06
1e+06 7.25471e+07 725.471 4.00422e+06
1e+06 7.28262e+07 728.262 3.97289e+06
1e+06 7.31063e+07 731.063 3.94181e+06
1e+06 7.33875e+07 733.875 3.91097e+06
1e+06 7.36697e+07 736.697 3.88038e+06
1e+06 7.39531e+07 739.531 3.85001e+06
1e+06 7.42375e+07 742.375 3.81989e+06
1e+06 7.45231e+07 745.231 3.78999e+06
1e+06 7.48097e+07 748.097 3.76033e+06
1e+06 7.50975e+07 750.975 3.73089e+06
1e+06 7.53863e+07 753.863 3.70168e+06
1e+06 7.56763e+07 756.763 3.6727e+06
1e+06 7.59673e+07 759.673 3.64395e+06
1e+06 7.62595e+07 762.595 3.61542e+06
1e+06 7.65528e+07 765.528 3.58711e+06
1e+06 7.68473e+07 768.473 3.55901e+06
1e+06 7.71429e+07 771.429 3.53113e+06
1e+06 7.74396e+07 774.396 3.50347e+06
1e+06 7.77374e+07 777.374 3.47603e+06
1e+06 7.80364e+07 780.364 3.4488e+06
1e+06 7.83366e+07 783.366 3.42178e+06
1e+06 7.86379e+07 786.379 3.39496e+06
1e+06 7.89404e+07 789.404 3.36836e+06
1e+06 7.9244e+07 792.44 3.34196e+06
1e+06 7.95488e+07 795.488 3.31577e+06
1e+06 7.98548e+07 798.548 3.28977e+06
1e+06 8.01619e+07 801.619 3.26399e+06
1e+06 8.04702e+07 804.702 3.2384e+06
1e+06 8.07797e+07 807.797 3.21301e+06
1e+06 8.10904e+07 810.904 3.18782e+06
1e+06 8.14023e+07 814.023 3.16282e+06
1e+06 8.17154e+07 817.154 3.13801e+06
1e+06 8.20297e+07 820.297 3.1134e+06
1e+06 8.23452e+07 823.452 3.08898e+06
1e+06 8.2662e+07 826.62 3.06474e+06
1e+06 8.29799e+07 829.799 3.0407e+06
1e+06 8.32991e+07 832.991 3.01684e+06
1e+06 8.36195e+07 836.195 2.99317e+06
1e+06 8.39411e+07 839.411 2.96968e+06
1e+06 8.4264e+07 842.64 2.94637e+06
1e+06 8.45881e+07 845.881 2.92324e+06
1e+06 8.49134e+07 849.134 2.9003e+06
1e+06 8.524e+07 852.4 2.87753e+06
1e+06 8.55679e+07 855.679 2.85493e+06
1e+06 8.5897e+07 858.97 2.83252e+06
1e+06 8.62274e+07 862.274 2.81027e+06
1e+06 8.6559e+07 865.59 2.7882e+06
1e+06 8.6892e+07 868.92 2.7663e+06
1e+06 8.72262e+07 872.262 2.74457e+06
1e+06 8.75617e+07 875.617 2.72301e+06
1e+06 8.78985e+07 878.985 2.70161e+06
1e+06 8.82366e+07 882.366 2.68039e+06
1e+06 8.85759e+07 885.759 2.65933e+06
1e+06 8.89166e+07 889.166 2.63843e+06
1e+06 8.92586e+07 892.586 2.61769e+06
1e+06 8.96019e+07 896.019 2.59711e+06
1e+06 8.99466e+07 899.466 2.57669e+06
1e+06 9.02925e+07 902.925 2.55644e+06
1e+06 9.06398e+07 906.398 2.53634e+06
1e+06 9.09885e+07 909.885 2.51639e+06
1e+06 9.13384e+07 913.384 2.4966e+06
1e+06 9.16897e+07 916.897 2.47697e+06
1e+06 9.20424e+07 920.424 2.45748e+06
1e+06 9.23964e+07 923.964 2.43815e+06
1e+06 9.27518e+07 927.518 2.41896e+06
1e+06 9.31086e+07 931.086 2.39993e+06
1e+06 9.34667e+07 934.667 2.38104e+06
1e+06 9.38262e+07 938.262 2.3623e+06
1e+06 9.41871e+07 941.871 2.34371e+06
1e+06 9.45494e+07 945.494 2.32526e+06
1e+06 9.4913e+07 949.13 2.30696e+06
1e+06 9.52781e+07 952.781 2.28879e+06
1e+06 9.56445e+07 956.445 2.27077e+06
1e+06 9.60124e+07 960.124 2.25289e+06
1e+06 9.63817e+07 963.817 2.23514e+06
1e+06 9.67524e+07 967.524 2.21754e+06
1e+06 9.71246e+07 971.246 2.20007e+06
1e+06 9.74981e+07 974.981 2.18274e+06
1e+06 9.78731e+07 978.731 2.16554e+06
1e+06 9.82496e+07 982.496 2.14847e+06
1e+06 9.86275e+07 986.275 2.13154e+06
1e+06 9.90068e+07 990.068 2.11474e+06
1e+06 9.93877e+07 993.877 2.09807e+06
1e+06 9.97699e+07 997.699 2.08153e+06
1e+06 1.00154e+08 1001.54 2.06511e+06
1e+06 1.00539e+08 1005.39 2.04883e+06
1e+06 1.00926e+08 1009.26 2.03266e+06
1e+06 1.01314e+08 1013.14 2.01664e+06
1e+06 1.01703e+08 1017.03 2.00076e+06
1e+06 1.02095e+08 1020.95 1.98494e+06
1e+06 1.02487e+08 1024.87 1.96931e+06
1e+06 1.02882e+08 1028.82 1.95374e+06
1e+06 1.03277e+08 1032.77 1.93835e+06
1e+06 1.03674e+08 1036.74 1.92306e+06
1e+06 1.04073e+08 1040.73 1.90787e+06
1e+06 1.04474e+08 1044.74 1.89278e+06
1e+06 1.04875e+08 1048.75 1.87787e+06
1e+06 1.05279e+08 1052.79 1.86302e+06
1e+06 1.05684e+08 1056.84 1.84831e+06
1e+06 1.0609e+08 1060.9 1.83373e+06
1e+06 1.06498e+08 1064.98 1.81925e+06
1e+06 1.06908e+08 1069.08 1.80486e+06
1e+06 1.07319e+08 1073.19 1.79061e+06
1e+06 1.07732e+08 1077.32 1.77645e+06
1e+06 1.08146e+08 1081.46 1.76243e+06
1e+06 1.08562e+08 1085.62 1.7485e+06
1e+06 1.0898e+08 1089.8 1.73466e+06
1e+06 1.09399e+08 1093.99 1.72096e+06
1e+06 1.0982e+08 1098.2 1.70734e+06
1e+06 1.10242e+08 1102.42 1.69386e+06
1e+06 1.10666e+08 1106.66 1.68046e+06
1e+06 1.11092e+08 1110.92 1.66716e+06
1e+06 1.11519e+08 1115.19 1.65398e+06
1e+06 1.11948e+08 1119.48 1.6409e+06
1e+06 1.12379e+08 1123.79 1.6279e+06
1e+06 1.12811e+08 1128.11 1.61503e+06
1e+06 1.13245e+08 1132.45 1.60224e+06
1e+06 1.1368e+08 1136.8 1.58958e+06
1e+06 1.14118e+08 1141.18 1.57698e+06
1e+06 1.14556e+08 1145.56 1.56452e+06
1e+06 1.14997e+08 1149.97 1.55212e+06
1e+06 1.15439e+08 1154.39 1.53984e+06
1e+06 1.15883e+08 1158.83 1.52764e+06
1e+06 1.16329e+08 1163.29 1.51554e+06
1e+06 1.16777e+08 1167.77 1.50352e+06
1e+06 1.17226e+08 1172.26 1.49161e+06
1e+06 1.17677e+08 1176.77 1.47979e+06
1e+06 1.18129e+08 1181.29 1.46808e+06
1e+06 1.18584e+08 1185.84 1.45643e+06
1e+06 1.1904e+08 1190.4 1.44488e+06
1e+06 1.19498e+08 1194.98 1.43343e+06
1e+06 1.19957e+08 1199.57 1.42208e+06
1e+06 1.20419e+08 1204.19 1.41079e+06
1e+06 1.20882e+08 1208.82 1.3996e+06
1e+06 1.21347e+08 1213.47 1.3885e+06
1e+06 1.21813e+08 1218.13 1.3775e+06
1e+06 1.22282e+08 1222.82 1.36656e+06
1e+06 1.22752e+08 1227.52 1.35573e+06
1e+06 1.23224e+08 1232.24 1.34497e+06
1e+06 1.23698e+08 1236.98 1.3343e+06
1e+06 1.24174e+08 1241.74 1.3237e+06
1e+06 1.24652e+08 1246.52 1.31318e+06
1e+06 1.25131e+08 1251.31 1.30276e+06
1e+06 1.25613e+08 1256.13 1.2924e+06
1e+06 1.26096e+08 1260.96 1.28214e+06
1e+06 1.26581e+08 1265.81 1.27196e+06
1e+06 1.27068e+08 1270.68 1.26185e+06
1e+06 1.27556e+08 1275.56 1.25184e+06
1e+06 1.28047e+08 1280.47 1.24189e+06
1e+06 1.28539e+08 1285.39 1.23203e+06
1e+06 1.29034e+08 1290.34 1.22222e+06
1e+06 1.2953e+08 1295.3 1.21251e+06
1e+06 1.30028e+08 1300.28 1.20287e+06
1e+06 1.30528e+08 1305.28 1.19331e+06
1e+06 1.31031e+08 1310.31 1.1838e+06
1e+06 1.31535e+08 1315.35 1.17439e+06
1e+06 1.3204e+08 1320.4 1.16506e+06
1e+06 1.32548e+08 1325.48 1.15579e+06
1e+06 1.33058e+08 1330.58 1.14659e+06
1e+06 1.3357e+08 1335.7 1.13746e+06
1e+06 1.34084e+08 1340.84 1.1284e+06
1e+06 1.34599e+08 1345.99 1.11943e+06
1e+06 1.35117e+08 1351.17 1.11051e+06
1e+06 1.35637e+08 1356.37 1.10167e+06
1e+06 1.36158e+08 1361.58 1.0929e+06
1e+06 1.36682e+08 1366.82 1.08419e+06
1e+06 1.37208e+08 1372.08 1.07555e+06
1e+06 1.37736e+08 1377.36 1.06698e+06
1e+06 1.38265e+08 1382.65 1.05849e+06
1e+06 1.38797e+08 1387.97 1.05005e+06
1e+06 1.39331e+08 1393.31 1.04168e+06
1e+06 1.39867e+08 1398.67 1.03337e+06
1e+06 1.40405e+08 1404.05 1.02513e+06
1e+06 1.40945e+08 1409.45 1.01696e+06
1e+06 1.41487e+08 1414.87 1.00885e+06
1e+06 1.42031e+08 1420.31 1.0008e+06
1e+06 1.42578e+08 1425.78 992807
1e+06 1.43126e+08 1431.26 984891
1e+06 1.43677e+08 1436.77 977024
1e+06 1.44229e+08 1442.29 969234
1e+06 1.44784e+08 1447.84 961493
1e+06 1.45341e+08 1453.41 953815
1e+06 1.459e+08 1459 946199
1e+06 1.46461e+08 1464.61 938644
1e+06 1.47024e+08 1470.24 931151
1e+06 1.4759e+08 1475.9 923705
1e+06 1.48157e+08 1481.57 916333
1e+06 1.48727e+08 1487.27 909008
1e+06 1.49299e+08 1492.99 901743
1e+06 1.49874e+08 1498.74 894525
1e+06 1.5045e+08 1504.5 887379
1e+06 1.51029e+08 1510.29 880279
1e+06 1.5161e+08 1516.1 873237
1e+06 1.52193e+08 1521.93 866254
1e+06 1.52778e+08 1527.78 859328
1e+06 1.53366e+08 1533.66 852447
1e+06 1.53956e+08 1539.56 845624
1e+06 1.54548e+08 1545.48 838857
1e+06 1.55142e+08 1551.42 832147
1e+06 1.55739e+08 1557.39 825481
1e+06 1.56338e+08 1563.38 818871
1e+06 1.56939e+08 1569.39 812315
1e+06 1.57543e+08 1575.43 805804
1e+06 1.58149e+08 1581.49 799348
1e+06 1.58757e+08 1587.57 792945
1e+06 1.59368e+08 1593.68 786586
1e+06 1.59981e+08 1599.81 780281
1e+06 1.60596e+08 1605.96 774028
1e+06 1.61214e+08 1612.14 767819
1e+06 1.61834e+08 1618.34 761662
1e+06 1.62456e+08 1624.56 755557
1e+06 1.63081e+08 1630.81 749494
1e+06 1.63709e+08 1637.09 743473
1e+06 1.64338e+08 1643.38 737512
1e+06 1.6497e+08 1649.7 731593
1e+06 1.65605e+08 1656.05 725716
1e+06 1.66242e+08 1662.42 719888
1e+06 1.66881e+08 1668.81 714111
1e+06 1.67523e+08 1675.23 708374
1e+06 1.68167e+08 1681.67 702686
1e+06 1.68814e+08 1688.14 697038
1e+06 1.69464e+08 1694.64 691431
1e+06 1.70115e+08 1701.15 685880
1e+06 1.7077e+08 1707.7 680360
1e+06 1.71427e+08 1714.27 674888
1e+06 1.72086e+08 1720.86 669464
1e+06 1.72748e+08 1727.48 664078
1e+06 1.73412e+08 1734.12 658739
1e+06 1.74079e+08 1740.79 653439
1e+06 1.74749e+08 1747.49 648176
1e+06 1.75421e+08 1754.21 642960
1e+06 1.76096e+08 1760.96 637782
1e+06 1.76773e+08 1767.73 632649
1e+06 1.77453e+08 1774.53 627553
1e+06 1.78135e+08 1781.35 622502
1e+06 1.78821e+08 1788.21 617481
1e+06 1.79508e+08 1795.08 612511
1e+06 1.80199e+08 1801.99 607570
1e+06 1.80892e+08 1808.92 602674
1e+06 1.81588e+08 1815.88 597813
1e+06 1.82286e+08 1822.86 592995
1e+06 1.82987e+08 1829.87 588213
1e+06 1.83691e+08 1836.91 583467
1e+06 1.84398e+08 1843.98 578757
1e+06 1.85107e+08 1851.07 574088
1e+06 1.85819e+08 1858.19 569454
1e+06 1.86534e+08 1865.34 564855
1e+06 1.87251e+08 1872.51 560297
1e+06 1.87971e+08 1879.71 555773
1e+06 1.88694e+08 1886.94 551284
1e+06 1.8942e+08 1894.2 546829
1e+06 1.90149e+08 1901.49 542407
1e+06 1.9088e+08 1908.8 538026
1e+06 1.91614e+08 1916.14 533678
1e+06 1.92351e+08 1923.51 529363
1e+06 1.93091e+08 1930.91 525081
1e+06 1.93834e+08 1938.34 520832
1e+06 1.94579e+08 1945.79 516622
1e+06 1.95328e+08 1953.28 512438
1e+06 1.96079e+08 1960.79 508292
1e+06 1.96833e+08 1968.33 504179
1e+06 1.9759e+08 1975.9 500097
1e+06 1.9835e+08 1983.5 496047
1e+06 1.99113e+08 1991.13 492029
1e+06 1.99879e+08 1998.79 488042
1e+06 2.00648e+08 2006.48 484087
1e+06 2.01419e+08 2014.19 480167
1e+06 2.02194e+08 2021.94 476273
1e+06 2.02972e+08 2029.72 472411
1e+06 2.03753e+08 2037.53 468578
1e+06 2.04536e+08 2045.36 464781
1e+06 2.05323e+08 2053.23 461009
1e+06 2.06113e+08 2061.13 457267
1e+06 2.06905e+08 2069.05 453559
1e+06 2.07701e+08 2077.01 449876
1e+06 2.085e+08 2085 446223
1e+06 2.09302e+08 2093.02 442599
1e+06 2.10107e+08 2101.07 439004
1e+06 2.10915e+08 2109.15 435438
1e+06 2.11727e+08 2117.27 431896
1e+06 2.12541e+08 2125.41 428387
1e+06 2.13358e+08 2133.58 424907
1e+06 2.14179e+08 2141.79 421450
1e+06 2.15003e+08 2150.03 418022
1e+06 2.1583e+08 2158.3 414621
1e+06 2.1666e+08 2166.6 411248
1e+06 2.17493e+08 2174.93 407902
1e+06 2.1833e+08 2183.3 404580
1e+06 2.1917e+08 2191.7 401285
1e+06 2.20013e+08 2200.13 398017
1e+06 2.20859e+08 2208.59 394776
1e+06 2.21708e+08 2217.08 391562
1e+06 2.22561e+08 2225.61 388370
1e+06 2.23417e+08 2234.17 385205
1e+06 2.24276e+08 2242.76 382066
1e+06 2.25139e+08 2251.39 378949
1e+06 2.26005e+08 2260.05 375858
1e+06 2.26874e+08 2268.74 372793
1e+06 2.27747e+08 2277.47 369749
1e+06 2.28623e+08 2286.23 366732
1e+06 2.29502e+08 2295.02 363739
1e+06 2.30385e+08 2303.85 360768
1e+06 2.31271e+08 2312.71 357822
1e+06 2.32161e+08 2321.61 354898
1e+06 2.33054e+08 2330.54 351998
1e+06 2.3395e+08 2339.5 349122
1e+06 2.3485e+08 2348.5 346268
1e+06 2.35753e+08 2357.53 343437
1e+06 2.3666e+08 2366.6 340628
1e+06 2.3757e+08 2375.7 337842
1e+06 2.38484e+08 2384.84 335077
1e+06 2.39401e+08 2394.01 332336
1e+06 2.40322e+08 2403.22 329615
1e+06 2.41246e+08 2412.46 326917
1e+06 2.42174e+08 2421.74 324239
1e+06 2.43106e+08 2431.06 321582
1e+06 2.44041e+08 2440.41 318947
1e+06 2.44979e+08 2449.79 316335
1e+06 2.45922e+08 2459.22 313740
1e+06 2.46868e+08 2468.68 311167
1e+06 2.47817e+08 2478.17 308616
1e+06 2.4877e+08 2487.7 306085
1e+06 2.49727e+08 2497.27 303573
1e+06 2.50688e+08 2506.88 301080
1e+06 2.51652e+08 2516.52 298609
1e+06 2.5262e+08 2526.2 296157
1e+06 2.53592e+08 2535.92 293724
1e+06 2.54567e+08 2545.67 291312
1e+06 2.55546e+08 2555.46 288918
1e+06 2.56529e+08 2565.29 286543
1e+06 2.57516e+08 2575.16 284187
1e+06 2.58506e+08 2585.06 281851
1e+06 2.595e+08 2595 279533
1e+06 2.60499e+08 2604.99 277231
1e+06 2.615e+08 2615 274952
1e+06 2.62506e+08 2625.06 272688
1e+06 2.63516e+08 2635.16 270442
1e+06 2.6453e+08 2645.3 268214
1e+06 2.65547e+08 2655.47 266005
1e+06 2.66568e+08 2665.68 263814
1e+06 2.67594e+08 2675.94 261638
1e+06 2.68623e+08 2686.23 259482
1e+06 2.69656e+08 2696.56 257342
1e+06 2.70693e+08 2706.93 255220
1e+06 2.71734e+08 2717.34 253114
1e+06 2.7278e+08 2727.8 251024
1e+06 2.73829e+08 2738.29 248952
1e+06 2.74882e+08 2748.82 246897
1e+06 2.75939e+08 2759.39 244858
1e+06 2.77001e+08 2770.01 242834
1e+06 2.78066e+08 2780.66 240828
1e+06 2.79136e+08 2791.36 238837
1e+06 2.80209e+08 2802.09 236863
1e+06 2.81287e+08 2812.87 234904
1e+06 2.82369e+08 2823.69 232960
1e+06 2.83455e+08 2834.55 231033
1e+06 2.84545e+08 2845.45 229121
1e+06 2.8564e+08 2856.4 227223
1e+06 2.86738e+08 2867.38 225343
1e+06 2.87841e+08 2878.41 223476
1e+06 2.88948e+08 2889.48 221624
1e+06 2.9006e+08 2900.6 219787
1e+06 2.91175e+08 2911.75 217965
1e+06 2.92295e+08 2922.95 216158
1e+06 2.9342e+08 2934.2 214364
1e+06 2.94548e+08 2945.48 212586
1e+06 2.95681e+08 2956.81 210822
1e+06 2.96818e+08 2968.18 209072
1e+06 2.9796e+08 2979.6 207335
1e+06 2.99106e+08 2991.06 205613
1e+06 3.00257e+08 3002.57 203904
1e+06 3.01411e+08 3014.11 202210
1e+06 3.02571e+08 3025.71 200528
1e+06 3.03735e+08 3037.35 198860
1e+06 3.04903e+08 3049.03 197207
1e+06 3.06076e+08 3060.76 195565
1e+06 3.07253e+08 3072.53 193938
1e+06 3.08435e+08 3084.35 192323
1e+06 3.09621e+08 3096.21 190722
1e+06 3.10812e+08 3108.12 189133
1e+06 3.12007e+08 3120.07 187558
1e+06 3.13207e+08 3132.07 185995
1e+06 3.14412e+08 3144.12 184443
1e+06 3.15621e+08 3156.21 182906
1e+06 3.16835e+08 3168.35 181380
1e+06 3.18054e+08 3180.54 179866
1e+06 3.19277e+08 3192.77 178365
1e+06 3.20505e+08 3205.05 176876
1e+06 3.21738e+08 3217.38 175398
1e+06 3.22976e+08 3229.76 173932
1e+06 3.24218e+08 3242.18 172479
1e+06 3.25465e+08 3254.65 171037
1e+06 3.26717e+08 3267.17 169607
1e+06 3.27973e+08 3279.73 168189
1e+06 3.29235e+08 3292.35 166781
1e+06 3.30501e+08 3305.01 165385
1e+06 3.31772e+08 3317.72 164001
1e+06 3.33049e+08 3330.49 162626
1e+06 3.3433e+08 3343.3 161264
1e+06 3.35615e+08 3356.15 159914
1e+06 3.36906e+08 3369.06 158573
1e+06 3.38202e+08 3382.02 157243
1e+06 3.39503e+08 3395.03 155924
1e+06 3.40809e+08 3408.09 154616
1e+06 3.4212e+08 3421.2 153318
1e+06 3.43436e+08 3434.36 152031
1e+06 3.44757e+08 3447.57 150754
1e+06 3.46083e+08 3460.83 149487
1e+06 3.47414e+08 3474.14 148231
1e+06 3.4875e+08 3487.5 146985
1e+06 3.50091e+08 3500.91 145750
1e+06 3.51438e+08 3514.38 144523
1e+06 3.5279e+08 3527.9 143307
1e+06 3.54147e+08 3541.47 142101
1e+06 3.55509e+08 3555.09 140905
1e+06 3.56876e+08 3568.76 139718
1e+06 3.58249e+08 3582.49 138541
1e+06 3.59627e+08 3596.27 137373
1e+06 3.6101e+08 3610.1 136215
1e+06 3.62399e+08 3623.99 135066
1e+06 3.63792e+08 3637.92 133927
1e+06 3.65192e+08 3651.92 132797
1e+06 3.66596e+08 3665.96 131676
1e+06 3.68006e+08 3680.06 130564
1e+06 3.69422e+08 3694.22 129461
1e+06 3.70843e+08 3708.43 128367
1e+06 3.72269e+08 3722.69 127282
1e+06 3.73701e+08 3737.01 126206
1e+06 3.75138e+08 3751.38 125138
1e+06 3.76581e+08 3765.81 124080
1e+06 3.7803e+08 3780.3 123029
1e+06 3.79484e+08 3794.84 121987
1e+06 3.80943e+08 3809.43 120954
1e+06 3.82408e+08 3824.08 119930
1e+06 3.83879e+08 3838.79 118913
1e+06 3.85356e+08 3853.56 117905
1e+06 3.86838e+08 3868.38 116905
1e+06 3.88326e+08 3883.26 115913
1e+06 3.8982e+08 3898.2 114929
1e+06 3.91319e+08 3913.19 113953
1e+06 3.92824e+08 3928.24 112985
1e+06 3.94335e+08 3943.35 112025
1e+06 3.95852e+08 3958.52 111073
1e+06 3.97374e+08 3973.74 110129
1e+06 3.98903e+08 3989.03 109192
1e+06 4.00437e+08 4004.37 108263
1e+06 4.01977e+08 4019.77 107342
1e+06 4.03523e+08 4035.23 106428
1e+06 4.05075e+08 4050.75 105522
1e+06 4.06633e+08 4066.33 104623
1e+06 4.08197e+08 4081.97 103731
1e+06 4.09768e+08 4097.68 102846
1e+06 4.11344e+08 4113.44 101969
1e+06 4.12926e+08 4129.26 101099
1e+06 4.14514e+08 4145.14 100236
1e+06 4.16108e+08 4161.08 99380.2
1e+06 4.17709e+08 4177.09 98531
1e+06 4.19315e+08 4193.15 97689.4
1e+06 4.20928e+08 4209.28 96854.2
1e+06 4.22547e+08 4225.47 96026
1e+06 4.24173e+08 4241.73 95204.2
1e+06 4.25804e+08 4258.04 94389.7
1e+06 4.27442e+08 4274.42 93581.5
1e+06 4.29086e+08 4290.86 92780.1
1e+06 4.30736e+08 4307.36 91985.4
1e+06 4.32393e+08 4323.93 91196.9
1e+06 4.34056e+08 4340.56 90415.1
1e+06 4.35726e+08 4357.26 89639.4
1e+06 4.37402e+08 4374.02 88870.2
1e+06 4.39084e+08 4390.84 88107.6
1e+06 4.40773e+08 4407.73 87351
1e+06 4.42468e+08 4424.68 86600.8
1e+06 4.4417e+08 4441.7 85856.5
1e+06 4.45878e+08 4458.78 85118.6
1e+06 4.47593e+08 4475.93 84386.6
1e+06 4.49315e+08 4493.15 83660.5
1e+06 4.51043e+08 4510.43 82940.5
1e+06 4.52778e+08 4527.78 82226.3
1e+06 4.54519e+08 4545.19 81518.3
1e+06 4.56268e+08 4562.68 80815.6
1e+06 4.58023e+08 4580.23 80118.9
1e+06 4.59784e+08 4597.84 79428.3
1e+06 4.61553e+08 4615.53 78742.9
1e+06 4.63328e+08 4633.28 78063.4
1e+06 4.6511e+08 4651.1 77389.5
1e+06 4.66899e+08 4668.99 76721.1
1e+06 4.68695e+08 4686.95 76058.1
1e+06 4.70498e+08 4704.98 75400.5
1e+06 4.72307e+08 4723.07 74748.8
1e+06 4.74124e+08 4741.24 74102
1e+06 4.75948e+08 4759.48 73460.5
1e+06 4.77778e+08 4777.78 72824.7
1e+06 4.79616e+08 4796.16 72193.9
1e+06 4.81461e+08 4814.61 71568.2
1e+06 4.83313e+08 4833.13 70947.8
1e+06 4.85172e+08 4851.72 70332.5
1e+06 4.87038e+08 4870.38 69722.3
1e+06 4.88911e+08 4889.11 69117.3
1e+06 4.90791e+08 4907.91 68517.3
1e+06 4.92679e+08 4926.79 67922.1
1e+06 4.94574e+08 4945.74 67331.8
1e+06 4.96476e+08 4964.76 66746.5
1e+06 4.98386e+08 4983.86 66165.9
1e+06 5.00303e+08 5003.03 65590.2
1e+06 5.02227e+08 5022.27 65019.3
1e+06 5.04159e+08 5041.59 64453
1e+06 5.06098e+08 5060.98 63891.6
1e+06 5.08045e+08 5080.45 63334.6
1e+06 5.09999e+08 5099.99 62782.4
1e+06 5.1196e+08 5119.6 62234.9
1e+06 5.1393e+08 5139.3 61691.5
1e+06 5.15906e+08 5159.06 61153.1
1e+06 5.17891e+08 5178.91 60618.8
1e+06 5.19883e+08 5198.83 60089.1
1e+06 5.21882e+08 5218.82 59564
1e+06 5.2389e+08 5238.9 59042.9
1e+06 5.25905e+08 5259.05 58526.3
1e+06 5.27927e+08 5279.27 58014.2
1e+06 5.29958e+08 5299.58 57506
1e+06 5.31996e+08 5319.96 57002.3
1e+06 5.34043e+08 5340.43 56502.5
1e+06 5.36097e+08 5360.97 56007
1e+06 5.38159e+08 5381.59 55515.7
1e+06 5.40229e+08 5402.29 55028.4
1e+06 5.42306e+08 5423.06 54545.5
1e+06 5.44392e+08 5443.92 54066.3
1e+06 5.46486e+08 5464.86 53591.1
1e+06 5.48588e+08 5485.88 53119.9
1e+06 5.50698e+08 5506.98 52652.6
1e+06 5.52816e+08 5528.16 52189.3
1e+06 5.54943e+08 5549.43 51729.7
1e+06 5.57077e+08 5570.77 51274.1
1e+06 5.5922e+08 5592.2 50822.2
1e+06 5.61371e+08 5613.71 50374.1
1e+06 5.6353e+08 5635.3 49929.8
1e+06 5.65697e+08 5656.97 49489.3
1e+06 5.67873e+08 5678.73 49052.4
1e+06 5.70057e+08 5700.57 48619.2
1e+06 5.7225e+08 5722.5 48189.4
1e+06 5.74451e+08 5744.51 47763.4
1e+06 5.76661e+08 5766.61 47340.8
1e+06 5.78879e+08 5788.79 46921.9
1e+06 5.81105e+08 5811.05 46506.6
1e+06 5.8334e+08 5833.4 46094.7
1e+06 5.85584e+08 5855.84 45686.2
1e+06 5.87836e+08 5878.36 45281.2
1e+06 5.90097e+08 5900.97 44879.5
1e+06 5.92367e+08 5923.67 44481.2
1e+06 5.94645e+08 5946.45 44086.3
1e+06 5.96933e+08 5969.33 43694.6
1e+06 5.99229e+08 5992.29 43306.3
1e+06 6.01533e+08 6015.33 42921.3
1e+06 6.03847e+08 6038.47 42539.5
1e+06 6.0617e+08 6061.7 42160.8
1e+06 6.08501e+08 6085.01 41785.5
1e+06 6.10842e+08 6108.42 41413.1
1e+06 6.13191e+08 6131.91 41044.1
1e+06 6.1555e+08 6155.5 40678
1e+06 6.17917e+08 6179.17 40315.2
1e+06 6.20294e+08 6202.94 39955.3
1e+06 6.2268e+08 6226.8 39598.4
1e+06 6.25075e+08 6250.75 39244.6
1e+06 6.27479e+08 6274.79 38893.8
1e+06 6.29892e+08 6298.92 38546
1e+06 6.32315e+08 6323.15 38201
1e+06 6.34747e+08 6347.47 37859
1e+06 6.37189e+08 6371.89 37519.8
1e+06 6.3964e+08 6396.4 37183.6
1e+06 6.421e+08 6421 36850.2
1e+06 6.4457e+08 6445.7 36519.6
1e+06 6.47049e+08 6470.49 36191.8
1e+06 6.49537e+08 6495.37 35866.9
1e+06 6.52036e+08 6520.36 35544.5
1e+06 6.54544e+08 6545.44 35225
1e+06 6.57061e+08 6570.61 34908.3
1e+06 6.59589e+08 6595.89 34594
1e+06 6.62125e+08 6621.25 34282.7
1e+06 6.64672e+08 6646.72 33973.8
1e+06 6.67229e+08 6672.29 33667.6
1e+06 6.69795e+08 6697.95 33364
1e+06 6.72371e+08 6723.71 33063
1e+06 6.74957e+08 6749.57 32764.6
1e+06 6.77554e+08 6775.54 32468.6
1e+06 6.8016e+08 6801.6 32175.2
1e+06 6.82776e+08 6827.76 31884.3
1e+06 6.85402e+08 6854.02 31595.9
1e+06 6.88038e+08 6880.38 31310
1e+06 6.90685e+08 6906.85 31026.4
1e+06 6.93341e+08 6933.41 30745.3
1e+06 6.96008e+08 6960.08 30466.6
1e+06 6.98685e+08 6986.85 30190.2
1e+06 7.01372e+08 7013.72 29916.3
1e+06 7.0407e+08 7040.7 29644.6
1e+06 7.06778e+08 7067.78 29375.3
1e+06 7.09497e+08 7094.97 29108.2
1e+06 7.12226e+08 7122.26 28843.5
1e+06 7.14965e+08 7149.65 28581.1
1e+06 7.17715e+08 7177.15 28320.8
1e+06 7.20475e+08 7204.75 28062.9
1e+06 7.23247e+08 7232.47 27807
1e+06 7.26028e+08 7260.28 27553.5
1e+06 7.28821e+08 7288.21 27302
1e+06 7.31624e+08 7316.24 27052.8
1e+06 7.34438e+08 7344.38 26805.6
1e+06 7.37263e+08 7372.63 26560.6
1e+06 7.40099e+08 7400.99 26317.7
1e+06 7.42946e+08 7429.46 26076.8
1e+06 7.45803e+08 7458.03 25838.1
1e+06 7.48672e+08 7486.72 25601.4
1e+06 7.51551e+08 7515.51 25366.8
1e+06 7.54442e+08 7544.42 25134.1
1e+06 7.57344e+08 7573.44 24903.5
1e+06 7.60257e+08 7602.57 24674.8
1e+06 7.63181e+08 7631.81 24448.1
1e+06 7.66116e+08 7661.16 24223.4
1e+06 7.69063e+08 7690.63 24000.6
1e+06 7.72021e+08 7720.21 23779.7
1e+06 7.74991e+08 7749.91 23560.7
1e+06 7.77971e+08 7779.71 23343.7
1e+06 7.80964e+08 7809.64 23128.4
1e+06 7.83968e+08 7839.68 22915.1
1e+06 7.86983e+08 7869.83 22703.6
1e+06 7.9001e+08 7900.1 22493.9
1e+06 7.93049e+08 7930.49 22286
1e+06 7.96099e+08 7960.99 22080
1e+06 7.99161e+08 7991.61 21875.7
1e+06 8.02235e+08 8022.35 21673.2
1e+06 8.0532e+08 8053.2 21472.5
1e+06 8.08418e+08 8084.18 21273.4
1e+06 8.11527e+08 8115.27 21076.2
1e+06 8.14649e+08 8146.49 20880.6
1e+06 8.17782e+08 8177.82 20686.7
1e+06 8.20927e+08 8209.27 20494.6
1e+06 8.24085e+08 8240.85 20304
1e+06 8.27255e+08 8272.55 20115.1
1e+06 8.30437e+08 8304.37 19927.9
1e+06 8.33631e+08 8336.31 19742.3
1e+06 8.36837e+08 8368.37 19558.3
1e+06 8.40056e+08 8400.56 19376
1e+06 8.43287e+08 8432.87 19195.2
1e+06 8.4653e+08 8465.3 19016
1e+06 8.49786e+08 8497.86 18838.4
1e+06 8.53055e+08 8530.55 18662.2
1e+06 8.56336e+08 8563.36 18487.7
1e+06 8.5963e+08 8596.3 18314.6
1e+06 8.62936e+08 8629.36 18143.1
1e+06 8.66255e+08 8662.55 17973.1
1e+06 8.69587e+08 8695.87 17804.6
1e+06 8.72932e+08 8729.32 17637.5
1e+06 8.76289e+08 8762.89 17471.9
1e+06 8.7966e+08 8796.6 17307.8
1e+06 8.83043e+08 8830.43 17145.1
1e+06 8.8644e+08 8864.4 16983.8
1e+06 8.89849e+08 8898.49 16823.9
1e+06 8.93272e+08 8932.72 16665.5
1e+06 8.96708e+08 8967.08 16508.4
1e+06 9.00157e+08 9001.57 16352.7
1e+06 9.03619e+08 9036.19 16198.4
1e+06 9.07095e+08 9070.95 16045.4
1e+06 9.10583e+08 9105.83 15893.8
1e+06 9.14086e+08 9140.86 15743.5
1e+06 9.17602e+08 9176.02 15594.6
1e+06 9.21131e+08 9211.31 15446.9
1e+06 9.24674e+08 9246.74 15300.6
1e+06 9.28231e+08 9282.31 15155.5
1e+06 9.31801e+08 9318.01 15011.7
1e+06 9.35385e+08 9353.85 14869.2
1e+06 9.38983e+08 9389.83 14728
1e+06 9.42594e+08 9425.94 14588
1e+06 9.4622e+08 9462.2 14449.2
1e+06 9.49859e+08 9498.59 14311.7
1e+06 9.53513e+08 9535.13 14175.4
1e+06 9.5718e+08 9571.8 14040.3
1e+06 9.60862e+08 9608.62 13906.4
1e+06 9.64557e+08 9645.57 13773.7
1e+06 9.68267e+08 9682.67 13642.2
1e+06 9.71992e+08 9719.92 13511.7
1e+06 9.7573e+08 9757.3 13382.6
1e+06 9.79483e+08 9794.83 13254.5
1e+06 9.83251e+08 9832.51 13127.5
1e+06 9.87032e+08 9870.32 13001.8
1e+06 9.90829e+08 9908.29 12877.1
1e+06 9.9464e+08 9946.4 12753.5
1e+06 9.98466e+08 9984.66 12631
1e+06 1.00231e+09 10023.1 12509.5
1e+06 1.00616e+09 10061.6 12389.4
1e+06 1.01003e+09 10100.3 12270.2
1e+06 1.01392e+09 10139.2 12151.9
1e+06 1.01782e+09 10178.2 12034.8
1e+06 1.02173e+09 10217.3 11918.8
1e+06 1.02566e+09 10256.6 11803.8
1e+06 1.02961e+09 10296.1 11689.7
1e+06 1.03357e+09 10335.7 11576.7
1e+06 1.03754e+09 10375.4 11464.9
1e+06 1.04153e+09 10415.3 11354
1e+06 1.04554e+09 10455.4 11243.9
1e+06 1.04956e+09 10495.6 11135
1e+06 1.0536e+09 10536 11026.9
1e+06 1.05765e+09 10576.5 10920
1e+06 1.06172e+09 10617.2 10813.9
1e+06 1.0658e+09 10658 10708.9
1e+06 1.0699e+09 10699 10604.7
1e+06 1.07401e+09 10740.1 10501.6
1e+06 1.07815e+09 10781.5 10399.1
1e+06 1.08229e+09 10822.9 10297.9
1e+06 1.08646e+09 10864.6 10197.3
1e+06 1.09063e+09 10906.3 10098
1e+06 1.09483e+09 10948.3 9999.19
1e+06 1.09904e+09 10990.4 9901.46
1e+06 1.10327e+09 11032.7 9804.53
1e+06 1.10751e+09 11075.1 9708.61
1e+06 1.11177e+09 11117.7 9613.48
1e+06 1.11605e+09 11160.5 9519.14
1e+06 1.12034e+09 11203.4 9425.79
1e+06 1.12465e+09 11246.5 9333.21
1e+06 1.12897e+09 11289.7 9241.61
1e+06 1.13332e+09 11333.2 9150.56
1e+06 1.13768e+09 11376.8 9060.48
1e+06 1.14205e+09 11420.5 8971.36
1e+06 1.14644e+09 11464.4 8882.98
1e+06 1.15085e+09 11508.5 8795.35
1e+06 1.15528e+09 11552.8 8708.45
1e+06 1.15972e+09 11597.2 8622.49
1e+06 1.16419e+09 11641.9 8537.05
1e+06 1.16866e+09 11686.6 8452.73
1e+06 1.17316e+09 11731.6 8368.93
1e+06 1.17767e+09 11776.7 8286.04
1e+06 1.1822e+09 11822 8203.85
1e+06 1.18675e+09 11867.5 8122.37
1e+06 1.19131e+09 11913.1 8041.77
1e+06 1.19589e+09 11958.9 7961.87
1e+06 1.20049e+09 12004.9 7882.65
1e+06 1.20511e+09 12051.1 7804.13
1e+06 1.20975e+09 12097.5 7726.28
1e+06 1.2144e+09 12144 7649.28
1e+06 1.21907e+09 12190.7 7572.96
1e+06 1.22376e+09 12237.6 7497.3
1e+06 1.22847e+09 12284.7 7422.31
1e+06 1.23319e+09 12331.9 7348.13
1e+06 1.23793e+09 12379.3 7274.61
1e+06 1.2427e+09 12427 7201.59
1e+06 1.24748e+09 12474.8 7129.37
1e+06 1.25227e+09 12522.7 7057.94
1e+06 1.25709e+09 12570.9 6987
1e+06 1.26193e+09 12619.3 6916.69
1e+06 1.26678e+09 12667.8 6847.16
1e+06 1.27165e+09 12716.5 6778.25
1e+06 1.27654e+09 12765.4 6709.97
1e+06 1.28145e+09 12814.5 6642.3
1e+06 1.28638e+09 12863.8 6575.24
1e+06 1.29133e+09 12913.3 6508.79
1e+06 1.2963e+09 12963 6442.94
1e+06 1.30128e+09 13012.8 6377.83
1e+06 1.30629e+09 13062.9 6313.18
1e+06 1.31131e+09 13113.1 6249.25
1e+06 1.31636e+09 13163.6 6185.78
1e+06 1.32142e+09 13214.2 6123.02
1e+06 1.3265e+09 13265 6060.84
1e+06 1.3316e+09 13316 5999.23
1e+06 1.33672e+09 13367.2 5938.2
1e+06 1.34187e+09 13418.7 5877.61
1e+06 1.34703e+09 13470.3 5817.7
1e+06 1.35221e+09 13522.1 5758.36
1e+06 1.35741e+09 13574.1 5699.56
1e+06 1.36263e+09 13626.3 5641.32
1e+06 1.36787e+09 13678.7 5583.63
1e+06 1.37313e+09 13731.3 5526.48
1e+06 1.37841e+09 13784.1 5469.86
1e+06 1.38372e+09 13837.2 5413.68
1e+06 1.38904e+09 13890.4 5358.13
1e+06 1.39438e+09 13943.8 5303.12
1e+06 1.39974e+09 13997.4 5248.62
1e+06 1.40513e+09 14051.3 5194.55
1e+06 1.41053e+09 14105.3 5141.09
1e+06 1.41596e+09 14159.6 5088.04
1e+06 1.4214e+09 14214 5035.6
1e+06 1.42687e+09 14268.7 4983.57
1e+06 1.43236e+09 14323.6 4932.05
1e+06 1.43787e+09 14378.7 4881.02
1e+06 1.4434e+09 14434 4830.48
1e+06 1.44895e+09 14489.5 4780.44
1e+06 1.45452e+09 14545.2 4730.88
1e+06 1.46012e+09 14601.2 4681.72
1e+06 1.46573e+09 14657.3 4633.12
1e+06 1.47137e+09 14713.7 4584.91
1e+06 1.47703e+09 14770.3 4537.18
1e+06 1.48271e+09 14827.1 4489.92
1e+06 1.48842e+09 14884.2 4443.04
1e+06 1.49414e+09 14941.4 4396.7
1e+06 1.49989e+09 14998.9 4350.74
1e+06 1.50566e+09 15056.6 4305.24
1e+06 1.51145e+09 15114.5 4260.19
1e+06 1.51726e+09 15172.6 4215.59
1e+06 1.5231e+09 15231 4171.36
1e+06 1.52896e+09 15289.6 4127.57
1e+06 1.53484e+09 15348.4 4084.21
1e+06 1.54074e+09 15407.4 4041.3
1e+06 1.54667e+09 15466.7 3998.74
1e+06 1.55261e+09 15526.1 3956.68
1e+06 1.55859e+09 15585.9 3914.91
1e+06 1.56458e+09 15645.8 3873.63
1e+06 1.5706e+09 15706 3832.7
1e+06 1.57664e+09 15766.4 3792.18
1e+06 1.5827e+09 15827 3752.08
1e+06 1.58879e+09 15887.9 3712.32
1e+06 1.5949e+09 15949 3672.97
1e+06 1.60104e+09 16010.4 3633.95
1e+06 1.6072e+09 16072 3595.34
1e+06 1.61338e+09 16133.8 3557.13
1e+06 1.61958e+09 16195.8 3519.3
1e+06 1.62581e+09 16258.1 3481.81
1e+06 1.63207e+09 16320.7 3444.64
1e+06 1.63834e+09 16383.4 3407.92
1e+06 1.64464e+09 16446.4 3371.53
1e+06 1.65097e+09 16509.7 3335.45
1e+06 1.65732e+09 16573.2 3299.75
1e+06 1.66369e+09 16636.9 3264.42
1e+06 1.67009e+09 16700.9 3229.41
1e+06 1.67652e+09 16765.2 3194.71
1e+06 1.68297e+09 16829.7 3160.37
1e+06 1.68944e+09 16894.4 3126.4
1e+06 1.69594e+09 16959.4 3092.73
1e+06 1.70246e+09 17024.6 3059.42
1e+06 1.70901e+09 17090.1 3026.4
1e+06 1.71558e+09 17155.8 2993.74
1e+06 1.72218e+09 17221.8 2961.38
1e+06 1.7288e+09 17288 2929.36
1e+06 1.73545e+09 17354.5 2897.63
1e+06 1.74213e+09 17421.3 2866.2
1e+06 1.74883e+09 17488.3 2835.1
1e+06 1.75556e+09 17555.6 2804.29
1e+06 1.76231e+09 17623.1 2773.81
1e+06 1.76909e+09 17690.9 2743.62
1e+06 1.77589e+09 17758.9 2713.75
1e+06 1.78272e+09 17827.2 2684.15
1e+06 1.78958e+09 17895.8 2654.84
1e+06 1.79646e+09 17964.6 2625.84
1e+06 1.80337e+09 18033.7 2597.12
1e+06 1.81031e+09 18103.1 2568.67
1e+06 1.81727e+09 18172.7 2540.52
1e+06 1.82426e+09 18242.6 2512.65
1e+06 1.83128e+09 18312.8 2485.04
1e+06 1.83832e+09 18383.2 2457.73
1e+06 1.84539e+09 18453.9 2430.69
1e+06 1.85249e+09 18524.9 2403.9
1e+06 1.85962e+09 18596.2 2377.37
1e+06 1.86677e+09 18667.7 2351.14
1e+06 1.87395e+09 18739.5 2325.15
1e+06 1.88116e+09 18811.6 2299.42
1e+06 1.88839e+09 18883.9 2273.98
1e+06 1.89565e+09 18956.5 2248.78
1e+06 1.90295e+09 19029.5 2223.8
1e+06 1.91027e+09 19102.7 2199.09
1e+06 1.91761e+09 19176.1 2174.66
1e+06 1.92499e+09 19249.9 2150.44
1e+06 1.93239e+09 19323.9 2126.49
1e+06 1.93983e+09 19398.3 2102.74
1e+06 1.94729e+09 19472.9 2079.26
1e+06 1.95478e+09 19547.8 2056.02
1e+06 1.96229e+09 19622.9 2033.04
1e+06 1.96984e+09 19698.4 2010.25
1e+06 1.97742e+09 19774.2 1987.7
1e+06 1.98502e+09 19850.2 1965.4
1e+06 1.99266e+09 19926.6 1943.29
1e+06 2.00032e+09 20003.2 1921.44
1e+06 2.00802e+09 20080.2 1899.78
1e+06 2.01574e+09 20157.4 1878.37
1e+06 2.02349e+09 20234.9 1857.18
1e+06 2.03128e+09 20312.8 1836.17
1e+06 2.03909e+09 20390.9 1815.41
1e+06 2.04693e+09 20469.3 1794.86
1e+06 2.05481e+09 20548.1 1774.49
1e+06 2.06271e+09 20627.1 1754.36
1e+06 2.07064e+09 20706.4 1734.44
1e+06 2.07861e+09 20786.1 1714.7
1e+06 2.0866e+09 20866 1695.18
1e+06 2.09463e+09 20946.3 1675.85
1e+06 2.10269e+09 21026.9 1656.72
1e+06 2.11077e+09 21107.7 1637.81
1e+06 2.11889e+09 21188.9 1619.07
1e+06 2.12704e+09 21270.4 1600.53
1e+06 2.13522e+09 21352.2 1582.19
1e+06 2.14344e+09 21434.4 1564.02
1e+06 2.15168e+09 21516.8 1546.06
1e+06 2.15996e+09 21599.6 1528.27
1e+06 2.16826e+09 21682.6 1510.69
1e+06 2.1766e+09 21766 1493.27
1e+06 2.18498e+09 21849.8 1476.02
1e+06 2.19338e+09 21933.8 1458.98
1e+06 2.20182e+09 22018.2 1442.09
1e+06 2.21028e+09 22102.8 1425.41
1e+06 2.21879e+09 22187.9 1408.87
1e+06 2.22732e+09 22273.2 1392.52
1e+06 2.23589e+09 22358.9 1376.34
1e+06 2.24449e+09 22444.9 1360.33
1e+06 2.25312e+09 22531.2 1344.49
1e+06 2.26179e+09 22617.9 1328.81
1e+06 2.27049e+09 22704.9 1313.29
1e+06 2.27922e+09 22792.2 1297.95
1e+06 2.28798e+09 22879.8 1282.77
1e+06 2.29679e+09 22967.9 1267.73
1e+06 2.30562e+09 23056.2 1252.87
1e+06 2.31449e+09 23144.9 1238.16
1e+06 2.32339e+09 23233.9 1223.6
1e+06 2.33233e+09 23323.3 1209.2
1e+06 2.3413e+09 23413 1194.95
1e+06 2.3503e+09 23503 1180.86
1e+06 2.35934e+09 23593.4 1166.91
1e+06 2.36842e+09 23684.2 1153.11
1e+06 2.37753e+09 23775.3 1139.46
1e+06 2.38667e+09 23866.7 1125.96
1e+06 2.39585e+09 23958.5 1112.59
1e+06 2.40507e+09 24050.7 1099.37
1e+06 2.41432e+09 24143.2 1086.29
1e+06 2.4236e+09 24236 1073.36
1e+06 2.43292e+09 24329.2 1060.57
1e+06 2.44228e+09 24422.8 1047.9
1e+06 2.45168e+09 24516.8 1035.37
1e+06 2.46111e+09 24611.1 1022.98
1e+06 2.47057e+09 24705.7 1010.73
1e+06 2.48008e+09 24800.8 998.592
1e+06 2.48961e+09 24896.1 986.609
1e+06 2.49919e+09 24991.9 974.739
1e+06 2.5088e+09 25088 963.006
1e+06 2.51845e+09 25184.5 951.396
1e+06 2.52814e+09 25281.4 939.909
1e+06 2.53786e+09 25378.6 928.555
1e+06 2.54762e+09 25476.2 917.321
1e+06 2.55742e+09 25574.2 906.207
1e+06 2.56726e+09 25672.6 895.211
1e+06 2.57713e+09 25771.3 884.343
1e+06 2.58705e+09 25870.5 873.581
1e+06 2.597e+09 25970 862.946
1e+06 2.60699e+09 26069.9 852.425
1e+06 2.61701e+09 26170.1 842.028
1e+06 2.62708e+09 26270.8 831.733
1e+06 2.63718e+09 26371.8 821.56
1e+06 2.64733e+09 26473.3 811.488
1e+06 2.65751e+09 26575.1 801.536
1e+06 2.66773e+09 26677.3 791.692
1e+06 2.67799e+09 26779.9 781.956
1e+06 2.68829e+09 26882.9 772.328
1e+06 2.69863e+09 26986.3 762.805
1e+06 2.70901e+09 27090.1 753.388
1e+06 2.71943e+09 27194.3 744.075
1e+06 2.72989e+09 27298.9 734.865
1e+06 2.74039e+09 27403.9 725.758
1e+06 2.75093e+09 27509.3 716.752
1e+06 2.76151e+09 27615.1 707.847
1e+06 2.77213e+09 27721.3 699.042
1e+06 2.7828e+09 27828 690.328
1e+06 2.7935e+09 27935 681.72
1e+06 2.80424e+09 28042.4 673.21
1e+06 2.81503e+09 28150.3 664.788
1e+06 2.82586e+09 28258.6 656.461
1e+06 2.83673e+09 28367.3 648.229
1e+06 2.84764e+09 28476.4 640.092
1e+06 2.85859e+09 28585.9 632.047
1e+06 2.86959e+09 28695.9 624.087
1e+06 2.88062e+09 28806.2 616.226
1e+06 2.8917e+09 28917 608.448
1e+06 2.90283e+09 29028.3 600.754
1e+06 2.91399e+09 29139.9 593.155
1e+06 2.9252e+09 29252 585.637
1e+06 2.93645e+09 29364.5 578.207
1e+06 2.94774e+09 29477.4 570.864
1e+06 2.95908e+09 29590.8 563.6
1e+06 2.97046e+09 29704.6 556.421
1e+06 2.98189e+09 29818.9 549.32
1e+06 2.99336e+09 29933.6 542.303
1e+06 3.00487e+09 30048.7 535.368
1e+06 3.01643e+09 30164.3 528.51
1e+06 3.02803e+09 30280.3 521.733
1e+06 3.03968e+09 30396.8 515.03
1e+06 3.05137e+09 30513.7 508.407
1e+06 3.06311e+09 30631.1 501.858
1e+06 3.07489e+09 30748.9 495.387
1e+06 3.08671e+09 30867.1 488.994
1e+06 3.09859e+09 30985.9 482.667
1e+06 3.11051e+09 31105.1 476.416
1e+06 3.12247e+09 31224.7 470.241
1e+06 3.13448e+09 31344.8 464.135
1e+06 3.14654e+09 31465.4 458.098
1e+06 3.15864e+09 31586.4 452.135
1e+06 3.17079e+09 31707.9 446.24
1e+06 3.18298e+09 31829.8 440.416
1e+06 3.19523e+09 31952.3 434.654
1e+06 3.20752e+09 32075.2 428.963
1e+06 3.21985e+09 32198.5 423.342
1e+06 3.23224e+09 32322.4 417.782
1e+06 3.24467e+09 32446.7 412.29
1e+06 3.25715e+09 32571.5 406.861
1e+06 3.26968e+09 32696.8 401.496
1e+06 3.28225e+09 32822.5 396.197
1e+06 3.29488e+09 32948.8 390.957
1e+06 3.30755e+09 33075.5 385.781
1e+06 3.32027e+09 33202.7 380.667
1e+06 3.33304e+09 33330.4 375.612
1e+06 3.34586e+09 33458.6 370.617
1e+06 3.35873e+09 33587.3 365.682
1e+06 3.37165e+09 33716.5 360.805
1e+06 3.38462e+09 33846.2 355.986
1e+06 3.39764e+09 33976.4 351.224
1e+06 3.41071e+09 34107.1 346.519
1e+06 3.42382e+09 34238.2 341.875
1e+06 3.43699e+09 34369.9 337.282
1e+06 3.45021e+09 34502.1 332.745
1e+06 3.46348e+09 34634.8 328.263
1e+06 3.47681e+09 34768.1 323.832
1e+06 3.49018e+09 34901.8 319.458
1e+06 3.5036e+09 35036 315.137
1e+06 3.51708e+09 35170.8 310.866
1e+06 3.53061e+09 35306.1 306.647
1e+06 3.54419e+09 35441.9 302.48
1e+06 3.55782e+09 35578.2 298.364
1e+06 3.5715e+09 35715 294.299
1e+06 3.58524e+09 35852.4 290.281
1e+06 3.59903e+09 35990.3 286.313
1e+06 3.61287e+09 36128.7 282.394
1e+06 3.62677e+09 36267.7 278.521
1e+06 3.64072e+09 36407.2 274.697
1e+06 3.65472e+09 36547.2 270.92
1e+06 3.66878e+09 36687.8 267.188
1e+06 3.68289e+09 36828.9 263.504
1e+06 3.69706e+09 36970.6 259.863
1e+06 3.71128e+09 37112.8 256.268
1e+06 3.72555e+09 37255.5 252.719
1e+06 3.73988e+09 37398.8 249.212
1e+06 3.75426e+09 37542.6 245.75
1e+06 3.7687e+09 37687 242.33
1e+06 3.7832e+09 37832 238.951
1e+06 3.79775e+09 37977.5 235.616
1e+06 3.81236e+09 38123.6 232.321
1e+06 3.82702e+09 38270.2 229.069
1e+06 3.84174e+09 38417.4 225.856
1e+06 3.85652e+09 38565.2 222.683
1e+06 3.87135e+09 38713.5 219.552
1e+06 3.88624e+09 38862.4 216.459
1e+06 3.90119e+09 39011.9 213.404
1e+06 3.91619e+09 39161.9 210.389
1e+06 3.93126e+09 39312.6 207.41
1e+06 3.94638e+09 39463.8 204.47
1e+06 3.96156e+09 39615.6 201.567
1e+06 3.97679e+09 39767.9 198.702
1e+06 3.99209e+09 39920.9 195.872
1e+06 4.00745e+09 40074.5 193.077
1e+06 4.02286e+09 40228.6 190.319
1e+06 4.03833e+09 40383.3 187.597
1e+06 4.05387e+09 40538.7 184.907
1e+06 4.06946e+09 40694.6 182.254
1e+06 4.08511e+09 40851.1 179.634
1e+06 4.10082e+09 41008.2 177.048
1e+06 4.1166e+09 41166 174.494
1e+06 4.13243e+09 41324.3 171.974
1e+06 4.14832e+09 41483.2 169.487
1e+06 4.16428e+09 41642.8 167.03
1e+06 4.1803e+09 41803 164.606
1e+06 4.19638e+09 41963.8 162.213
1e+06 4.21252e+09 42125.2 159.851
1e+06 4.22872e+09 42287.2 157.52
1e+06 4.24498e+09 42449.8 155.22
1e+06 4.26131e+09 42613.1 152.949
1e+06 4.2777e+09 42777 150.708
1e+06 4.29415e+09 42941.5 148.497
1e+06 4.31067e+09 43106.7 146.313
1e+06 4.32725e+09 43272.5 144.159
1e+06 4.34389e+09 43438.9 142.034
1e+06 4.3606e+09 43606 139.935
1e+06 4.37737e+09 43773.7 137.865
1e+06 4.39421e+09 43942.1 135.822
1e+06 4.41111e+09 44111.1 133.806
1e+06 4.42808e+09 44280.8 131.816
1e+06 4.44511e+09 44451.1 129.853
1e+06 4.46221e+09 44622.1 127.916
1e+06 4.47937e+09 44793.7 126.005
1e+06 4.4966e+09 44966 124.119
1e+06 4.5139e+09 45139 122.258
1e+06 4.53126e+09 45312.6 120.422
1e+06 4.54869e+09 45486.9 118.611
1e+06 4.56618e+09 45661.8 116.824
1e+06 4.58374e+09 45837.4 115.062
1e+06 4.60138e+09 46013.8 113.322
1e+06 4.61907e+09 46190.7 111.607
1e+06 4.63684e+09 46368.4 109.914
1e+06 4.65467e+09 46546.7 108.244
1e+06 4.67258e+09 46725.8 106.597
1e+06 4.69055e+09 46905.5 104.972
1e+06 4.70859e+09 47085.9 103.369
1e+06 4.7267e+09 47267 101.789
1e+06 4.74488e+09 47448.8 100.229
1e+06 4.76313e+09 47631.3 98.6913
1e+06 4.78145e+09 47814.5 97.1744
1e+06 4.79984e+09 47998.4 95.6782
1e+06 4.81831e+09 48183.1 94.2019
1e+06 4.83684e+09 48368.4 92.7467
1e+06 4.85544e+09 48554.4 91.3117
1e+06 4.87412e+09 48741.2 89.8958
1e+06 4.89286e+09 48928.6 88.5003
1e+06 4.91168e+09 49116.8 87.1236
1e+06 4.93058e+09 49305.8 85.7655
1e+06 4.94954e+09 49495.4 84.4271
1e+06 4.96858e+09 49685.8 83.1068
1e+06 4.98769e+09 49876.9 81.8051
1e+06 5.00687e+09 50068.7 80.5219
1e+06 5.02613e+09 50261.3 79.2562
1e+06 5.04546e+09 50454.6 78.0085
1e+06 5.06487e+09 50648.7 76.7779
1e+06 5.08435e+09 50843.5 75.565
1e+06 5.10391e+09 51039.1 74.3688
1e+06 5.12354e+09 51235.4 73.1898
1e+06 5.14324e+09 51432.4 72.0278
1e+06 5.16303e+09 51630.3 70.8814
1e+06 5.18288e+09 51828.8 69.7522
1e+06 5.20282e+09 52028.2 68.6382
1e+06 5.22283e+09 52228.3 67.5405
1e+06 5.24292e+09 52429.2 66.4583
1e+06 5.26309e+09 52630.9 65.3914
1e+06 5.28333e+09 52833.3 64.3402
1e+06 5.30365e+09 53036.5 63.3039
1e+06 5.32405e+09 53240.5 62.2824
1e+06 5.34453e+09 53445.3 61.2755
1e+06 5.36508e+09 53650.8 60.2836
1e+06 5.38572e+09 53857.2 59.3054
1e+06 5.40643e+09 54064.3 58.3419
1e+06 5.42723e+09 54272.3 57.3918
1e+06 5.4481e+09 54481 56.456
1e+06 5.46906e+09 54690.6 55.5334
1e+06 5.4901e+09 54901 54.6242
1e+06 5.51121e+09 55112.1 53.7287
1e+06 5.53241e+09 55324.1 52.846
1e+06 5.55369e+09 55536.9 51.9763
1e+06 5.57505e+09 55750.5 51.1194
1e+06 5.59649e+09 55964.9 50.2752
1e+06 5.61802e+09 56180.2 49.4432
1e+06 5.63963e+09 56396.3 48.6235
1e+06 5.66132e+09 56613.2 47.8161
1e+06 5.68309e+09 56830.9 47.0207
1e+06 5.70495e+09 57049.5 46.2369
1e+06 5.7269e+09 57269 45.4646
1e+06 5.74892e+09 57489.2 44.7043
1e+06 5.77104e+09 57710.4 43.9548
1e+06 5.79323e+09 57932.3 43.217
1e+06 5.81552e+09 58155.2 42.4898
1e+06 5.83788e+09 58378.8 41.774
1e+06 5.86034e+09 58603.4 41.0685
1e+06 5.88288e+09 58828.8 40.3738
1e+06 5.90551e+09 59055.1 39.6895
1e+06 5.92822e+09 59282.2 39.0158
1e+06 5.95102e+09 59510.2 38.3522
1e+06 5.97391e+09 59739.1 37.6986
1e+06 5.99689e+09 59968.9 37.0549
1e+06 6.01995e+09 60199.5 36.4212
1e+06 6.04311e+09 60431.1 35.7969
1e+06 6.06635e+09 60663.5 35.1824
1e+06 6.08969e+09 60896.9 34.577
1e+06 6.11311e+09 61131.1 33.9812
1e+06 6.13662e+09 61366.2 33.3945
1e+06 6.16022e+09 61602.2 32.8169
1e+06 6.18392e+09 61839.2 32.248
1e+06 6.2077e+09 62077 31.6882
1e+06 6.23158e+09 62315.8 31.1368
1e+06 6.25555e+09 62555.5 30.594
1e+06 6.27961e+09 62796.1 30.0597
1e+06 6.30376e+09 63037.6 29.5338
1e+06 6.32801e+09 63280.1 29.016
1e+06 6.35235e+09 63523.5 28.5064
1e+06 6.37678e+09 63767.8 28.0048
1e+06 6.40131e+09 64013.1 27.5109
1e+06 6.42593e+09 64259.3 27.025
1e+06 6.45065e+09 64506.5 26.5466
1e+06 6.47546e+09 64754.6 26.0758
1e+06 6.50036e+09 65003.6 25.6126
1e+06 6.52537e+09 65253.7 25.1565
1e+06 6.55046e+09 65504.6 24.708
1e+06 6.57566e+09 65756.6 24.2663
1e+06 6.60095e+09 66009.5 23.8319
1e+06 6.62634e+09 66263.4 23.4043
1e+06 6.65183e+09 66518.3 22.9835
1e+06 6.67741e+09 66774.1 22.5696
1e+06 6.7031e+09 67031 22.1622
1e+06 6.72888e+09 67288.8 21.7616
1e+06 6.75476e+09 67547.6 21.3673
1e+06 6.78074e+09 67807.4 20.9795
1e+06 6.80682e+09 68068.2 20.5979
1e+06 6.833e+09 68330 20.2225
1e+06 6.85928e+09 68592.8 19.8533
1e+06 6.88567e+09 68856.7 19.49
1e+06 6.91215e+09 69121.5 19.1327
1e+06 6.93874e+09 69387.4 18.7813
1e+06 6.96543e+09 69654.3 18.4356
1e+06 6.99222e+09 69922.2 18.0956
1e+06 7.01911e+09 70191.1 17.7613
1e+06 7.04611e+09 70461.1 17.4324
1e+06 7.07321e+09 70732.1 17.109
1e+06 7.10042e+09 71004.2 16.7909
1e+06 7.12773e+09 71277.3 16.4782
1e+06 7.15514e+09 71551.4 16.1707
1e+06 7.18266e+09 71826.6 15.8683
1e+06 7.21029e+09 72102.9 15.5709
1e+06 7.23802e+09 72380.2 15.2786
1e+06 7.26586e+09 72658.6 14.9911
1e+06 7.29381e+09 72938.1 14.7085
1e+06 7.32186e+09 73218.6 14.4306
1e+06 7.35002e+09 73500.2 14.1575
1e+06 7.37829e+09 73782.9 13.889
1e+06 7.40667e+09 74066.7 13.625
1e+06 7.43516e+09 74351.6 13.3655
1e+06 7.46376e+09 74637.6 13.1104
1e+06 7.49247e+09 74924.7 12.8597
1e+06 7.52129e+09 75212.9 12.6133
1e+06 7.55022e+09 75502.2 12.3711
1e+06 7.57926e+09 75792.6 12.1331
1e+06 7.60841e+09 76084.1 11.8992
1e+06 7.63767e+09 76376.7 11.6693
1e+06 7.66705e+09 76670.5 11.4434
1e+06 7.69654e+09 76965.4 11.2214
1e+06 7.72614e+09 77261.4 11.0033
1e+06 7.75586e+09 77558.6 10.789
1e+06 7.78569e+09 77856.9 10.5784
1e+06 7.81564e+09 78156.4 10.3714
1e+06 7.8457e+09 78457 10.1682
1e+06 7.87587e+09 78758.7 9.9685
1e+06 7.90617e+09 79061.7 9.77225
1e+06 7.93658e+09 79365.8 9.57951
1e+06 7.9671e+09 79671 9.39022
1e+06 7.99775e+09 79977.5 9.2042
1e+06 8.02851e+09 80285.1 9.02153
1e+06 8.05939e+09 80593.9 8.84211
1e+06 8.09039e+09 80903.9 8.66587
1e+06 8.12151e+09 81215.1 8.49278
1e+06 8.15274e+09 81527.4 8.32284
1e+06 8.1841e+09 81841 8.1559
1e+06 8.21558e+09 82155.8 7.99197
1e+06 8.24718e+09 82471.8 7.831
1e+06 8.2789e+09 82789 7.67294
1e+06 8.31074e+09 83107.4 7.51775
1e+06 8.34271e+09 83427.1 7.36534
1e+06 8.3748e+09 83748 7.21572
1e+06 8.40701e+09 84070.1 7.06885
1e+06 8.43935e+09 84393.5 6.92462
1e+06 8.47181e+09 84718.1 6.78306
1e+06 8.50439e+09 85043.9 6.64411
1e+06 8.5371e+09 85371 6.50771
1e+06 8.56994e+09 85699.4 6.37379
1e+06 8.6029e+09 86029 6.24238
1e+06 8.63599e+09 86359.9 6.11339
1e+06 8.66921e+09 86692.1 5.98678
1e+06 8.70255e+09 87025.5 5.86255
1e+06 8.73602e+09 87360.2 5.74063
1e+06 8.76962e+09 87696.2 5.62098
1e+06 8.80336e+09 88033.6 5.50354
1e+06 8.83722e+09 88372.2 5.38834
1e+06 8.87121e+09 88712.1 5.2753
1e+06 8.90533e+09 89053.3 5.16439
1e+06 8.93958e+09 89395.8 5.05559
1e+06 8.97396e+09 89739.6 4.94885
1e+06 9.00848e+09 90084.8 4.84411
1e+06 9.04313e+09 90431.3 4.74137
1e+06 9.07791e+09 90779.1 4.6406
1e+06 9.11283e+09 91128.3 4.54174
1e+06 9.14788e+09 91478.8 4.44478
1e+06 9.18307e+09 91830.7 4.34968
1e+06 9.21839e+09 92183.9 4.25641
1e+06 9.25384e+09 92538.4 4.16496
1e+06 9.28944e+09 92894.4 4.07524
1e+06 9.32517e+09 93251.7 3.98728
1e+06 9.36103e+09 93610.3 3.90105
1e+06 9.39704e+09 93970.4 3.81646
1e+06 9.43318e+09 94331.8 3.73354
1e+06 9.46946e+09 94694.6 3.65225
1e+06 9.50589e+09 95058.9 3.57252
1e+06 9.54245e+09 95424.5 3.49438
1e+06 9.57915e+09 95791.5 3.41778
1e+06 9.616e+09 96160 3.34268
1e+06 9.65298e+09 96529.8 3.26908
1e+06 9.69011e+09 96901.1 3.19693
1e+06 9.72738e+09 97273.8 3.12622
1e+06 9.7648e+09 97648 3.05691
1e+06 9.80236e+09 98023.6 2.98898
1e+06 9.84006e+09 98400.6 2.92243
1e+06 9.87791e+09 98779.1 2.8572
1e+06 9.9159e+09 99159 2.79329
1e+06 9.95404e+09 99540.4 2.73066
1e+06 9.99233e+09 99923.3 2.6693
1e+06 1.00308e+10 100308 2.60913
1e+06 1.00693e+10 100693 2.55035
1e+06 1.01081e+10 101081 2.49255
1e+06 1.01469e+10 101469 2.43615
1e+06 1.0186e+10 101860 2.38068
1e+06 1.02252e+10 102252 2.32642
1e+06 1.02645e+10 102645 2.27335
1e+06 1.0304e+10 103040 2.2213
1e+06 1.03436e+10 103436 2.17039
1e+06 1.03834e+10 103834 2.12048
1e+06 1.04233e+10 104233 2.07167
1e+06 1.04634e+10 104634 2.02382
1e+06 1.05037e+10 105037 1.97691
1e+06 1.05441e+10 105441 1.93105
1e+06 1.05846e+10 105846 1.8862
1e+06 1.06253e+10 106253 1.84225
1e+06 1.06662e+10 106662 1.79918
1e+06 1.07072e+10 107072 1.75708
1e+06 1.07484e+10 107484 1.71583
1e+06 1.07897e+10 107897 1.67551
1e+06 1.08312e+10 108312 1.636
1e+06 1.08729e+10 108729 1.5973
1e+06 1.09147e+10 109147 1.55948
1e+06 1.09567e+10 109567 1.52244
1e+06 1.09988e+10 109988 1.48625
1e+06 1.10412e+10 110412 1.45071
1e+06 1.10836e+10 110836 1.41608
1e+06 1.11262e+10 111262 1.38217
1e+06 1.1169e+10 111690 1.34896
1e+06 1.1212e+10 112120 1.31645
1e+06 1.12551e+10 112551 1.2847
1e+06 1.12984e+10 112984 1.25361
1e+06 1.13419e+10 113419 1.22318
1e+06 1.13855e+10 113855 1.19347
1e+06 1.14293e+10 114293 1.16438
1e+06 1.14733e+10 114733 1.13592
1e+06 1.15174e+10 115174 1.10813
1e+06 1.15617e+10 115617 1.08094
1e+06 1.16062e+10 116062 1.05434
1e+06 1.16508e+10 116508 1.02837
1e+06 1.16956e+10 116956 1.00296
1e+06 1.17406e+10 117406 0.978105
1e+06 1.17857e+10 117857 0.953849
1e+06 1.18311e+10 118311 0.930072
1e+06 1.18766e+10 118766 0.90687
1e+06 1.19223e+10 119223 0.88418
1e+06 1.19681e+10 119681 0.862041
1e+06 1.20142e+10 120142 0.840347
1e+06 1.20604e+10 120604 0.819183
1e+06 1.21068e+10 121068 0.798493
1e+06 1.21533e+10 121533 0.77831
1e+06 1.22001e+10 122001 0.75854
1e+06 1.2247e+10 122470 0.739257
1e+06 1.22941e+10 122941 0.720412
1e+06 1.23414e+10 123414 0.701996
1e+06 1.23889e+10 123889 0.683999
1e+06 1.24365e+10 124365 0.666452
1e+06 1.24843e+10 124843 0.649308
1e+06 1.25324e+10 125324 0.632524
1e+06 1.25806e+10 125806 0.616163
1e+06 1.26289e+10 126289 0.600214
1e+06 1.26775e+10 126775 0.584604
1e+06 1.27263e+10 127263 0.569358
1e+06 1.27752e+10 127752 0.5545
1e+06 1.28244e+10 128244 0.539962
1e+06 1.28737e+10 128737 0.525796
1e+06 1.29232e+10 129232 0.511964
1e+06 1.29729e+10 129729 0.498461
1e+06 1.30228e+10 130228 0.485279
1e+06 1.30729e+10 130729 0.472413
1e+06 1.31232e+10 131232 0.459855
1e+06 1.31737e+10 131737 0.447598
1e+06 1.32243e+10 132243 0.435661
1e+06 1.32752e+10 132752 0.42399
1e+06 1.33263e+10 133263 0.412603
1e+06 1.33775e+10 133775 0.401514
1e+06 1.3429e+10 134290 0.390675
1e+06 1.34806e+10 134806 0.380123
1e+06 1.35325e+10 135325 0.36981
1e+06 1.35845e+10 135845 0.359771
1e+06 1.36368e+10 136368 0.349961
1e+06 1.36892e+10 136892 0.340414
1e+06 1.37419e+10 137419 0.331086
1e+06 1.37947e+10 137947 0.322009
1e+06 1.38478e+10 138478 0.313143
1e+06 1.39011e+10 139011 0.3045
1e+06 1.39545e+10 139545 0.296091
1e+06 1.40082e+10 140082 0.287879
1e+06 1.40621e+10 140621 0.279875
1e+06 1.41162e+10 141162 0.272076
1e+06 1.41705e+10 141705 0.264476
1e+06 1.4225e+10 142250 0.257071
1e+06 1.42797e+10 142797 0.249856
1e+06 1.43346e+10 143346 0.242828
1e+06 1.43897e+10 143897 0.235981
1e+06 1.44451e+10 144451 0.2293
1e+06 1.45006e+10 145006 0.222805
1e+06 1.45564e+10 145564 0.216468
1e+06 1.46124e+10 146124 0.210297
1e+06 1.46686e+10 146686 0.204289
1e+06 1.4725e+10 147250 0.198439
1e+06 1.47817e+10 147817 0.192734
1e+06 1.48385e+10 148385 0.18719
1e+06 1.48956e+10 148956 0.181784
1e+06 1.49529e+10 149529 0.176523
1e+06 1.50104e+10 150104 0.171402
1e+06 1.50681e+10 150681 0.16642
1e+06 1.51261e+10 151261 0.161563
1e+06 1.51843e+10 151843 0.156838
1e+06 1.52427e+10 152427 0.152241
1e+06 1.53013e+10 153013 0.147769
1e+06 1.53602e+10 153602 0.143411
1e+06 1.54192e+10 154192 0.139181
1e+06 1.54785e+10 154785 0.13506
1e+06 1.55381e+10 155381 0.131045
1e+06 1.55978e+10 155978 0.127148
1e+06 1.56578e+10 156578 0.123353
1e+06 1.57181e+10 157181 0.119658
1e+06 1.57785e+10 157785 0.116071
1e+06 1.58392e+10 158392 0.112579
1e+06 1.59001e+10 159001 0.109186
1e+06 1.59613e+10 159613 0.105882
1e+06 1.60227e+10 160227 0.102672
1e+06 1.60843e+10 160843 0.0995529
1e+06 1.61462e+10 161462 0.0965177
1e+06 1.62083e+10 162083 0.0935691
1e+06 1.62706e+10 162706 0.0907049
1e+06 1.63332e+10 163332 0.0879184
1e+06 1.6396e+10 163960 0.0852123
1e+06 1.64591e+10 164591 0.0825801
1e+06 1.65224e+10 165224 0.0800242
1e+06 1.65859e+10 165859 0.0775427
1e+06 1.66497e+10 166497 0.0751297
1e+06 1.67138e+10 167138 0.0727837
1e+06 1.67781e+10 167781 0.0705065
1e+06 1.68426e+10 168426 0.0682963
1e+06 1.69074e+10 169074 0.0661481
1e+06 1.69724e+10 169724 0.0640636
1e+06 1.70377e+10 170377 0.0620378
1e+06 1.71032e+10 171032 0.0600725
1e+06 1.7169e+10 171690 0.058163
1e+06 1.7235e+10 172350 0.0563107
1e+06 1.73013e+10 173013 0.0545115
1e+06 1.73679e+10 173679 0.052764
1e+06 1.74347e+10 174347 0.0510693
1e+06 1.75017e+10 175017 0.0494262
1e+06 1.7569e+10 175690 0.0478307
1e+06 1.76366e+10 176366 0.0462816
1e+06 1.77045e+10 177045 0.0447778
1e+06 1.77726e+10 177726 0.0433203
1e+06 1.78409e+10 178409 0.0419077
1e+06 1.79095e+10 179095 0.0405368
1e+06 1.79784e+10 179784 0.0392065
1e+06 1.80476e+10 180476 0.0379158
1e+06 1.8117e+10 181170 0.0366654
1e+06 1.81867e+10 181867 0.0354524
1e+06 1.82566e+10 182566 0.0342775
1e+06 1.83268e+10 183268 0.033138
1e+06 1.83973e+10 183973 0.0320329
1e+06 1.84681e+10 184681 0.0309614
1e+06 1.85391e+10 185391 0.029924
1e+06 1.86104e+10 186104 0.0289182
1e+06 1.8682e+10 186820 0.0279433
1e+06 1.87539e+10 187539 0.0269984
1e+06 1.8826e+10 188260 0.0260839
1e+06 1.88984e+10 188984 0.0251978
1e+06 1.89711e+10 189711 0.0243391
1e+06 1.90441e+10 190441 0.0235072
1e+06 1.91173e+10 191173 0.0227025
1e+06 1.91909e+10 191909 0.021922
1e+06 1.92647e+10 192647 0.021167
1e+06 1.93388e+10 193388 0.0204359
1e+06 1.94132e+10 194132 0.019728
1e+06 1.94878e+10 194878 0.0190436
1e+06 1.95628e+10 195628 0.0183801
1e+06 1.9638e+10 196380 0.0177387
1e+06 1.97136e+10 197136 0.0171171
1e+06 1.97894e+10 197894 0.0165163
1e+06 1.98655e+10 198655 0.015935
1e+06 1.99419e+10 199419 0.0153726
1e+06 2.00186e+10 200186 0.0148284
1e+06 2.00956e+10 200956 0.0143021
1e+06 2.01729e+10 201729 0.013793
1e+06 2.02505e+10 202505 0.0133007
1e+06 2.03284e+10 203284 0.0128246
1e+06 2.04066e+10 204066 0.0123643
1e+06 2.04851e+10 204851 0.0119193
1e+06 2.05638e+10 205638 0.0114896
1e+06 2.06429e+10 206429 0.0110739
1e+06 2.07223e+10 207223 0.010672
1e+06 2.0802e+10 208020 0.0102837
1e+06 2.08821e+10 208821 0.0099081
1e+06 2.09624e+10 209624 0.00954565
1e+06 2.1043e+10 210430 0.00919554
1e+06 2.11239e+10 211239 0.00885737
1e+06 2.12052e+10 212052 0.00853038
1e+06 2.12868e+10 212868 0.00821463
1e+06 2.13686e+10 213686 0.00791013
1e+06 2.14508e+10 214508 0.00761581
1e+06 2.15333e+10 215333 0.00733171
1e+06 2.16161e+10 216161 0.00705749
1e+06 2.16993e+10 216993 0.00679254
1e+06 2.17827e+10 217827 0.00653719
1e+06 2.18665e+10 218665 0.00629051
1e+06 2.19506e+10 219506 0.00605254
1e+06 2.20351e+10 220351 0.00582273
1e+06 2.21198e+10 221198 0.00560134
1e+06 2.22049e+10 222049 0.00538759
1e+06 2.22903e+10 222903 0.00518148
1e+06 2.2376e+10 223760 0.00498276
1e+06 2.24621e+10 224621 0.00479097
1e+06 2.25485e+10 225485 0.00460611
1e+06 2.26352e+10 226352 0.00442795
1e+06 2.27223e+10 227223 0.00425607
1e+06 2.28097e+10 228097 0.00409045
1e+06 2.28974e+10 228974 0.00393089
1e+06 2.29855e+10 229855 0.00377702
1e+06 2.30739e+10 230739 0.00362882
1e+06 2.31627e+10 231627 0.00348593
1e+06 2.32517e+10 232517 0.00334849
1e+06 2.33412e+10 233412 0.00321587
1e+06 2.3431e+10 234310 0.0030882
1e+06 2.35211e+10 235211 0.00296531
1e+06 2.36115e+10 236115 0.00284704
1e+06 2.37024e+10 237024 0.00273297
1e+06 2.37935e+10 237935 0.00262333
1e+06 2.3885e+10 238850 0.00251774
1e+06 2.39769e+10 239769 0.00241606
1e+06 2.40691e+10 240691 0.00231827
1e+06 2.41617e+10 241617 0.00222411
1e+06 2.42546e+10 242546 0.00213358
1e+06 2.43479e+10 243479 0.00204644
1e+06 2.44416e+10 244416 0.00196259
1e+06 2.45356e+10 245356 0.00188199
1e+06 2.463e+10 246300 0.00180445
1e+06 2.47247e+10 247247 0.00172994
1e+06 2.48198e+10 248198 0.00165828
1e+06 2.49153e+10 249153 0.00158936
1e+06 2.50111e+10 250111 0.00152316
1e+06 2.51073e+10 251073 0.00145951
1e+06 2.52039e+10 252039 0.00139834
1e+06 2.53008e+10 253008 0.00133959
1e+06 2.53981e+10 253981 0.00128314
1e+06 2.54958e+10 254958 0.0012289
1e+06 2.55939e+10 255939 0.00117679
1e+06 2.56923e+10 256923 0.00112678
1e+06 2.57911e+10 257911 0.00107875
1e+06 2.58903e+10 258903 0.00103262
1e+06 2.59899e+10 259899 0.000988329
1e+06 2.60899e+10 260899 0.000945808
1e+06 2.61902e+10 261902 0.000905032
1e+06 2.6291e+10 262910 0.000865858
1e+06 2.63921e+10 263921 0.000828301
1e+06 2.64936e+10 264936 0.000792265
1e+06 2.65955e+10 265955 0.000757694
1e+06 2.66978e+10 266978 0.000724532
1e+06 2.68005e+10 268005 0.000692728
1e+06 2.69036e+10 269036 0.000662229
1e+06 2.70071e+10 270071 0.000632986
1e+06 2.71109e+10 271109 0.000604979
1e+06 2.72152e+10 272152 0.000578109
1e+06 2.73199e+10 273199 0.000552356
1e+06 2.7425e+10 274250 0.000527679
1e+06 2.75304e+10 275304 0.000504059
1e+06 2.76363e+10 276363 0.00048141
1e+06 2.77426e+10 277426 0.000459717
1e+06 2.78493e+10 278493 0.000438943
1e+06 2.79565e+10 279565 0.000419032
1e+06 2.8064e+10 280640 0.000399988
1e+06 2.81719e+10 281719 0.000381759
1e+06 2.82803e+10 282803 0.000364296
1e+06 2.83891e+10 283891 0.000347584
1e+06 2.84983e+10 284983 0.000331595
1e+06 2.86079e+10 286079 0.0003163
1e+06 2.87179e+10 287179 0.000301669
1e+06 2.88284e+10 288284 0.000287665
1e+06 2.89392e+10 289392 0.000274286
1e+06 2.90506e+10 290506 0.000261472
1e+06 2.91623e+10 291623 0.000249234
1e+06 2.92745e+10 292745 0.000237528
1e+06 2.93871e+10 293871 0.000226341
1e+06 2.95001e+10 295001 0.000215652
1e+06 2.96136e+10 296136 0.000205432
1e+06 2.97275e+10 297275 0.000195671
1e+06 2.98418e+10 298418 0.000186349
1e+06 2.99566e+10 299566 0.00017744
1e+06 3.00718e+10 300718 0.000168935
1e+06 3.01875e+10 301875 0.000160809
1e+06 3.03036e+10 303036 0.000153054
1e+06 3.04201e+10 304201 0.000145655
1e+06 3.05371e+10 305371 0.000138589
1e+06 3.06546e+10 306546 0.000131842
1e+06 3.07725e+10 307725 0.000125408
1e+06 3.08909e+10 308909 0.000119267
1e+06 3.10097e+10 310097 0.000113412
1e+06 3.11289e+10 311289 0.000107831
1e+06 3.12487e+10 312487 0.000102502
1e+06 3.13689e+10 313689 9.74235e-05
1e+06 3.14895e+10 314895 9.25848e-05
1e+06 3.16106e+10 316106 8.79714e-05
1e+06 3.17322e+10 317322 8.35736e-05
1e+06 3.18543e+10 318543 7.93819e-05
1e+06 3.19768e+10 319768 7.53907e-05
1e+06 3.20998e+10 320998 7.15879e-05
1e+06 3.22233e+10 322233 6.79653e-05
1e+06 3.23472e+10 323472 6.45176e-05
1e+06 3.24716e+10 324716 6.12345e-05
1e+06 3.25965e+10 325965 5.81085e-05
1e+06 3.27219e+10 327219 5.51327e-05
1e+06 3.28477e+10 328477 5.23026e-05
1e+06 3.29741e+10 329741 4.96072e-05
1e+06 3.31009e+10 331009 4.70447e-05
1e+06 3.32282e+10 332282 4.46071e-05
1e+06 3.3356e+10 333560 4.22885e-05
1e+06 3.34843e+10 334843 4.00838e-05
1e+06 3.36131e+10 336131 3.79875e-05
1e+06 3.37424e+10 337424 3.59948e-05
1e+06 3.38722e+10 338722 3.41008e-05
1e+06 3.40025e+10 340025 3.2301e-05
1e+06 3.41333e+10 341333 3.05911e-05
1e+06 3.42645e+10 342645 2.8968e-05
1e+06 3.43963e+10 343963 2.74253e-05
1e+06 3.45286e+10 345286 2.59604e-05
1e+06 3.46614e+10 346614 2.45696e-05
1e+06 3.47948e+10 347948 2.32485e-05
1e+06 3.49286e+10 349286 2.19956e-05
1e+06 3.50629e+10 350629 2.08068e-05
1e+06 3.51978e+10 351978 1.96781e-05
1e+06 3.53332e+10 353332 1.86075e-05
1e+06 3.54691e+10 354691 1.75923e-05
1e+06 3.56055e+10 356055 1.66296e-05
1e+06 3.57425e+10 357425 1.57164e-05
1e+06 3.58799e+10 358799 1.48515e-05
1e+06 3.60179e+10 360179 1.40313e-05
1e+06 3.61565e+10 361565 1.32536e-05
1e+06 3.62955e+10 362955 1.25174e-05
1e+06 3.64351e+10 364351 1.18198e-05
1e+06 3.65753e+10 365753 1.11587e-05
1e+06 3.6716e+10 367160 1.05328e-05
1e+06 3.68572e+10 368572 9.94037e-06
1e+06 3.69989e+10 369989 9.37974e-06
1e+06 3.71413e+10 371413 8.84855e-06
1e+06 3.72841e+10 372841 8.3464e-06
1e+06 3.74275e+10 374275 7.87114e-06
1e+06 3.75715e+10 375715 7.42142e-06
1e+06 3.7716e+10 377160 6.99625e-06
1e+06 3.78611e+10 378611 6.59408e-06
1e+06 3.80067e+10 380067 6.21401e-06
1e+06 3.81529e+10 381529 5.85466e-06
1e+06 3.82996e+10 382996 5.51519e-06
1e+06 3.84469e+10 384469 5.19435e-06
1e+06 3.85948e+10 385948 4.89117e-06
1e+06 3.87433e+10 387433 4.60476e-06
1e+06 3.88923e+10 388923 4.33441e-06
1e+06 3.90419e+10 390419 4.07911e-06
1e+06 3.9192e+10 391920 3.83822e-06
1e+06 3.93428e+10 393428 3.61069e-06
1e+06 3.94941e+10 394941 3.39609e-06
1e+06 3.9646e+10 396460 3.19361e-06
1e+06 3.97985e+10 397985 3.00259e-06
1e+06 3.99516e+10 399516 2.82243e-06
1e+06 4.01052e+10 401052 2.65266e-06
1e+06 4.02595e+10 402595 2.4925e-06
1e+06 4.04143e+10 404143 2.34163e-06
1e+06 4.05698e+10 405698 2.19937e-06
1e+06 4.07258e+10 407258 2.06543e-06
1e+06 4.08825e+10 408825 1.93917e-06
1e+06 4.10397e+10 410397 1.82035e-06
1e+06 4.11976e+10 411976 1.7084e-06
1e+06 4.1356e+10 413560 1.60308e-06
1e+06 4.15151e+10 415151 1.5039e-06
1e+06 4.16748e+10 416748 1.41057e-06
1e+06 4.18351e+10 418351 1.32278e-06
1e+06 4.1996e+10 419960 1.2402e-06
1e+06 4.21575e+10 421575 1.16256e-06
1e+06 4.23197e+10 423197 1.08951e-06
1e+06 4.24824e+10 424824 1.0209e-06
1e+06 4.26458e+10 426458 9.56393e-07
1e+06 4.28099e+10 428099 8.95747e-07
1e+06 4.29745e+10 429745 8.38819e-07
1e+06 4.31398e+10 431398 7.85328e-07
1e+06 4.33057e+10 433057 7.35107e-07
1e+06 4.34723e+10 434723 6.87938e-07
1e+06 4.36395e+10 436395 6.43675e-07
1e+06 4.38074e+10 438074 6.02121e-07
1e+06 4.39759e+10 439759 5.63143e-07
1e+06 4.4145e+10 441450 5.2659e-07
1e+06 4.43148e+10 443148 4.92299e-07
1e+06 4.44853e+10 444853 4.60138e-07
1e+06 4.46564e+10 446564 4.29998e-07
1e+06 4.48281e+10 448281 4.01759e-07
1e+06 4.50005e+10 450005 3.75292e-07
1e+06 4.51736e+10 451736 3.50492e-07
1e+06 4.53474e+10 453474 3.2726e-07
1e+06 4.55218e+10 455218 3.05513e-07
1e+06 4.56969e+10 456969 2.8515e-07
1e+06 4.58727e+10 458727 2.66088e-07
1e+06 4.60491e+10 460491 2.48258e-07
1e+06 4.62262e+10 462262 2.31575e-07
1e+06 4.6404e+10 464040 2.15968e-07
1e+06 4.65825e+10 465825 2.01372e-07
1e+06 4.67617e+10 467617 1.87725e-07
1e+06 4.69415e+10 469415 1.74975e-07
1e+06 4.71221e+10 471221 1.63053e-07
1e+06 4.73033e+10 473033 1.51921e-07
1e+06 4.74853e+10 474853 1.41516e-07
1e+06 4.76679e+10 476679 1.31805e-07
1e+06 4.78513e+10 478513 1.22734e-07
1e+06 4.80353e+10 480353 1.14271e-07
1e+06 4.82201e+10 482201 1.0637e-07
1e+06 4.84055e+10 484055 9.90031e-08
1e+06 4.85917e+10 485917 9.21282e-08
1e+06 4.87786e+10 487786 8.57178e-08
1e+06 4.89662e+10 489662 7.97418e-08
1e+06 4.91546e+10 491546 7.41694e-08
1e+06 4.93436e+10 493436 6.89802e-08
1e+06 4.95334e+10 495334 6.41438e-08
1e+06 4.97239e+10 497239 5.96399e-08
1e+06 4.99152e+10 499152 5.54445e-08
1e+06 5.01072e+10 501072 5.15395e-08
1e+06 5.02999e+10 502999 4.79057e-08
1e+06 5.04934e+10 504934 4.45235e-08
1e+06 5.06876e+10 506876 4.13779e-08
1e+06 5.08825e+10 508825 3.8453e-08
1e+06 5.10783e+10 510783 3.57314e-08
1e+06 5.12747e+10 512747 3.32034e-08
1e+06 5.14719e+10 514719 3.08536e-08
1e+06 5.16699e+10 516699 2.86699e-08
1e+06 5.18687e+10 518687 2.66411e-08
1e+06 5.20682e+10 520682 2.47578e-08
1e+06 5.22684e+10 522684 2.30099e-08
1e+06 5.24695e+10 524695 2.13865e-08
1e+06 5.26713e+10 526713 1.98807e-08
1e+06 5.28739e+10 528739 1.84836e-08
1e+06 5.30772e+10 530772 1.71885e-08
1e+06 5.32814e+10 532814 1.59869e-08
1e+06 5.34863e+10 534863 1.48736e-08
1e+06 5.3692e+10 536920 1.38418e-08
1e+06 5.38986e+10 538986 1.28853e-08
1e+06 5.41059e+10 541059 1.19999e-08
1e+06 5.4314e+10 543140 1.11799e-08
1e+06 5.45229e+10 545229 1.04209e-08
1e+06 5.47326e+10 547326 9.71847e-09
1e+06 5.49431e+10 549431 9.06856e-09
1e+06 5.51544e+10 551544 8.46743e-09
1e+06 5.53666e+10 553666 7.91132e-09
1e+06 5.55795e+10 555795 7.39749e-09
1e+06 5.57933e+10 557933 6.92241e-09
1e+06 5.60079e+10 560079 6.48349e-09
1e+06 5.62233e+10 562233 6.07809e-09
1e+06 5.64396e+10 564396 5.7036e-09
1e+06 5.66567e+10 566567 5.35792e-09
1e+06 5.68746e+10 568746 5.03892e-09
1e+06 5.70934e+10 570934 4.74449e-09
1e+06 5.73129e+10 573129 4.47308e-09
1e+06 5.75334e+10 575334 4.22261e-09
1e+06 5.77547e+10 577547 3.99174e-09
1e+06 5.79768e+10 579768 3.77901e-09
1e+06 5.81998e+10 581998 3.58296e-09
1e+06 5.84237e+10 584237 3.40234e-09
1e+06 5.86484e+10 586484 3.23605e-09
1e+06 5.8874e+10 588740 3.08295e-09
1e+06 5.91004e+10 591004 2.94208e-09
1e+06 5.93277e+10 593277 2.81245e-09
1e+06 5.95559e+10 595559 2.6932e-09
1e+06 5.9785e+10 597850 2.58354e-09
1e+06 6.00149e+10 600149 2.48277e-09
1e+06 6.02458e+10 602458 2.39011e-09
1e+06 6.04775e+10 604775 2.30502e-09
1e+06 6.07101e+10 607101 2.22686e-09
1e+06 6.09436e+10 609436 2.15509e-09
1e+06 6.1178e+10 611780 2.08922e-09
1e+06 6.14133e+10 614133 2.02877e-09
1e+06 6.16496e+10 616496 1.97329e-09
1e+06 6.18867e+10 618867 1.92244e-09
1e+06 6.21247e+10 621247 1.87582e-09
1e+06 6.23637e+10 623637 1.83308e-09
1e+06 6.26035e+10 626035 1.79394e-09
1e+06 6.28443e+10 628443 1.75807e-09
1e+06 6.3086e+10 630860 1.72524e-09
1e+06 6.33287e+10 633287 1.69517e-09
1e+06 6.35723e+10 635723 1.66766e-09
1e+06 6.38168e+10 638168 1.64249e-09
1e+06 6.40623e+10 640623 1.61947e-09
1e+06 6.43087e+10 643087 1.59843e-09
1e+06 6.4556e+10 645560 1.5792e-09
1e+06 6.48043e+10 648043 1.56163e-09
1e+06 6.50536e+10 650536 1.54558e-09
1e+06 6.53038e+10 653038 1.53093e-09
1e+06 6.5555e+10 655550 1.51755e-09
1e+06 6.58071e+10 658071 1.50534e-09
1e+06 6.60602e+10 660602 1.49394e-09
1e+06 6.63143e+10 663143 1.48275e-09
1e+06 6.65694e+10 665694 1.47153e-09
1e+06 6.68254e+10 668254 1.46026e-09
1e+06 6.70824e+10 670824 1.44894e-09
1e+06 6.73405e+10 673405 1.43758e-09
1e+06 6.75995e+10 675995 1.42618e-09
1e+06 6.78595e+10 678595 1.41474e-09
1e+06 6.81205e+10 681205 1.40325e-09
1e+06 6.83825e+10 683825 1.39172e-09
1e+06 6.86455e+10 686455 1.38014e-09
1e+06 6.89096e+10 689096 1.36852e-09
1e+06 6.91746e+10 691746 1.35685e-09
1e+06 6.94407e+10 694407 1.34514e-09
1e+06 6.97078e+10 697078 1.33338e-09
1e+06 6.99759e+10 699759 1.32158e-09
1e+06 7.0245e+10 702450 1.30974e-09
1e+06 7.05152e+10 705152 1.29784e-09
1e+06 7.07864e+10 707864 1.2859e-09
1e+06 7.10587e+10 710587 1.27392e-09
1e+06 7.1332e+10 713320 1.26189e-09
1e+06 7.16064e+10 716064 1.24981e-09
1e+06 7.18818e+10 718818 1.23769e-09
1e+06 7.21583e+10 721583 1.22552e-09
1e+06 7.24358e+10 724358 1.2133e-09
1e+06 7.27144e+10 727144 1.20104e-09
1e+06 7.29941e+10 729941 1.18873e-09
1e+06 7.32749e+10 732749 1.17637e-09
1e+06 7.35567e+10 735567 1.16396e-09
1e+06 7.38396e+10 738396 1.15151e-09
1e+06 7.41236e+10 741236 1.13901e-09
1e+06 7.44087e+10 744087 1.12646e-09
1e+06 7.46949e+10 746949 1.11386e-09
1e+06 7.49822e+10 749822 1.10122e-09
1e+06 7.52706e+10 752706 1.08852e-09
1e+06 7.55601e+10 755601 1.07578e-09
1e+06 7.58508e+10 758508 1.06298e-09
1e+06 7.61425e+10 761425 1.05014e-09
1e+06 7.64354e+10 764354 1.03725e-09
1e+06 7.67294e+10 767294 1.02431e-09
1e+06 7.70245e+10 770245 1.01132e-09
1e+06 7.73208e+10 773208 9.98278e-10
1e+06 7.76182e+10 776182 9.85187e-10
1e+06 7.79167e+10 779167 9.72048e-10
1e+06 7.82164e+10 782164 9.58856e-10
1e+06 7.85172e+10 785172 9.45615e-10
1e+06 7.88192e+10 788192 9.32322e-10
1e+06 7.91224e+10 791224 9.18976e-10
1e+06 7.94267e+10 794267 9.05582e-10
1e+06 7.97322e+10 797322 8.92134e-10
1e+06 8.00389e+10 800389 8.78634e-10
1e+06 8.03468e+10 803468 8.65081e-10
1e+06 8.06558e+10 806558 8.5148e-10
1e+06 8.0966e+10 809660 8.37826e-10
1e+06 8.12774e+10 812774 8.24119e-10
1e+06 8.15901e+10 815901 8.10355e-10
1e+06 8.19039e+10 819039 7.96542e-10
1e+06 8.22189e+10 822189 7.82677e-10
1e+06 8.25351e+10 825351 7.68758e-10
1e+06 8.28526e+10 828526 7.54783e-10
1e+06 8.31713e+10 831713 7.40754e-10
1e+06 8.34912e+10 834912 7.26673e-10
1e+06 8.38123e+10 838123 7.12539e-10
1e+06 8.41347e+10 841347 6.98348e-10
1e+06 8.44583e+10 844583 6.84104e-10
1e+06 8.47831e+10 847831 6.69807e-10
1e+06 8.51092e+10 851092 6.55453e-10
1e+06 8.54366e+10 854366 6.41042e-10
1e+06 8.57652e+10 857652 6.26578e-10
1e+06 8.60951e+10 860951 6.12057e-10
1e+06 8.64262e+10 864262 5.97482e-10
1e+06 8.67586e+10 867586 5.82851e-10
1e+06 8.70923e+10 870923 5.68162e-10
1e+06 8.74273e+10 874273 5.53417e-10
1e+06 8.77636e+10 877636 5.38614e-10
1e+06 8.81012e+10 881012 5.23753e-10
1e+06 8.844e+10 884400 5.0884e-10
1e+06 8.87802e+10 887802 4.93866e-10
1e+06 8.91217e+10 891217 4.78834e-10
1e+06 8.94645e+10 894645 4.63745e-10
1e+06 8.98086e+10 898086 4.48598e-10
1e+06 9.0154e+10 901540 4.33395e-10
1e+06 9.05008e+10 905008 4.18129e-10
1e+06 9.08489e+10 908489 4.02807e-10
1e+06 9.11983e+10 911983 3.87427e-10
1e+06 9.15491e+10 915491 3.71986e-10
1e+06 9.19012e+10 919012 3.56488e-10
1e+06 9.22547e+10 922547 3.40927e-10
1e+06 9.26095e+10 926095 3.2531e-10
1e+06 9.29657e+10 929657 3.09631e-10
1e+06 9.33233e+10 933233 2.9389e-10
1e+06 9.36822e+10 936822 2.78093e-10
1e+06 9.40426e+10 940426 2.62229e-10
1e+06 9.44043e+10 944043 2.46308e-10
1e+06 9.47674e+10 947674 2.30325e-10
1e+06 9.51319e+10 951319 2.14281e-10
1e+06 9.54978e+10 954978 1.98175e-10
1e+06 9.58651e+10 958651 1.82007e-10
1e+06 9.62338e+10 962338 1.65778e-10
1e+06 9.6604e+10 966040 1.49483e-10
1e+06 9.69755e+10 969755 1.3313e-10
1e+06 9.73485e+10 973485 1.16712e-10
1e+06 9.7723e+10 977230 1.00227e-10
1e+06 9.80988e+10 980988 8.36857e-11
1e+06 9.84762e+10 984762 6.70736e-11
1e+06 9.88549e+10 988549 5.04042e-11
1e+06 9.92352e+10 992352 3.36645e-11
1e+06 9.96168e+10 996168 1.68674e-11
1e+06 1e+11 1e+06 0

1e+07 1e+06 10 5.86764e+10
1e+07 1.00385e+06 10.0385 5.82271e+10
1e+07 1.00771e+06 10.0771 5.77817e+10
1e+07 1.01158e+06 10.1158 5.73403e+10
1e+07 1.01547e+06 10.1547 5.69017e+10
1e+07 1.01938e+06 10.1938 5.64659e+10
1e+07 1.0233e+06 10.233 5.60339e+10
1e+07 1.02724e+06 10.2724 5.56048e+10
1e+07 1.03119e+06 10.3119 5.51795e+10
1e+07 1.03515e+06 10.3515 5.47579e+10
1e+07 1.03914e+06 10.3914 5.43381e+10
1e+07 1.04313e+06 10.4313 5.3923e+10
1e+07 1.04714e+06 10.4714 5.35107e+10
1e+07 1.05117e+06 10.5117 5.31011e+10
1e+07 1.05522e+06 10.5522 5.26941e+10
1e+07 1.05927e+06 10.5927 5.22918e+10
1e+07 1.06335e+06 10.6335 5.18911e+10
1e+07 1.06744e+06 10.6744 5.14941e+10
1e+07 1.07154e+06 10.7154 5.11006e+10
1e+07 1.07567e+06 10.7567 5.07089e+10
1e+07 1.0798e+06 10.798 5.03216e+10
1e+07 1.08396e+06 10.8396 4.99359e+10
1e+07 1.08813e+06 10.8813 4.95538e+10
1e+07 1.09231e+06 10.9231 4.91751e+10
1e+07 1.09651e+06 10.9651 4.8799e+10
1e+07 1.10073e+06 11.0073 4.84254e+10
1e+07 1.10496e+06 11.0496 4.80552e+10
1e+07 1.10921e+06 11.0921 4.76875e+10
1e+07 1.11348e+06 11.1348 4.73223e+10
1e+07 1.11776e+06 11.1776 4.69605e+10
1e+07 1.12206e+06 11.2206 4.66011e+10
1e+07 1.12638e+06 11.2638 4.62442e+10
1e+07 1.13071e+06 11.3071 4.58906e+10
1e+07 1.13506e+06 11.3506 4.55394e+10
1e+07 1.13942e+06 11.3942 4.51914e+10
1e+07 1.14381e+06 11.4381 4.48451e+10
1e+07 1.14821e+06 11.4821 4.45019e+10
1e+07 1.15262e+06 11.5262 4.41619e+10
1e+07 1.15706e+06 11.5706 4.38235e+10
1e+07 1.16151e+06 11.6151 4.34882e+10
1e+07 1.16597e+06 11.6597 4.3156e+10
1e+07 1.17046e+06 11.7046 4.28254e+10
1e+07 1.17496e+06 11.7496 4.24979e+10
1e+07 1.17948e+06 11.7948 4.21726e+10
1e+07 1.18402e+06 11.8402 4.18497e+10
1e+07 1.18857e+06 11.8857 4.15298e+10
1e+07 1.19314e+06 11.9314 4.12121e+10
1e+07 1.19773e+06 11.9773 4.08968e+10
1e+07 1.20234e+06 12.0234 4.05836e+10
1e+07 1.20696e+06 12.0696 4.02734e+10
1e+07 1.21161e+06 12.1161 3.99647e+10
1e+07 1.21627e+06 12.1627 3.9659e+10
1e+07 1.22094e+06 12.2094 3.9356e+10
1e+07 1.22564e+06 12.2564 3.90546e+10
1e+07 1.23035e+06 12.3035 3.87561e+10
1e+07 1.23509e+06 12.3509 3.84591e+10
1e+07 1.23984e+06 12.3984 3.81648e+10
1e+07 1.24461e+06 12.4461 3.78727e+10
1e+07 1.24939e+06 12.4939 3.75834e+10
1e+07 1.2542e+06 12.542 3.72955e+10
1e+07 1.25902e+06 12.5902 3.70104e+10
1e+07 1.26386e+06 12.6386 3.67273e+10
1e+07 1.26873e+06 12.6873 3.64458e+10
1e+07 1.27361e+06 12.7361 3.61669e+10
1e+07 1.2785e+06 12.785 3.58907e+10
1e+07 1.28342e+06 12.8342 3.56159e+10
1e+07 1.28836e+06 12.8836 3.53432e+10
1e+07 1.29331e+06 12.9331 3.50731e+10
1e+07 1.29829e+06 12.9829 3.48044e+10
1e+07 1.30328e+06 13.0328 3.45383e+10
1e+07 1.30829e+06 13.0829 3.42741e+10
1e+07 1.31333e+06 13.1333 3.40115e+10
1e+07 1.31838e+06 13.1838 3.37513e+10
1e+07 1.32345e+06 13.2345 3.34931e+10
1e+07 1.32854e+06 13.2854 3.32368e+10
1e+07 1.33365e+06 13.3365 3.29825e+10
1e+07 1.33878e+06 13.3878 3.27301e+10
1e+07 1.34393e+06 13.4393 3.24796e+10
1e+07 1.3491e+06 13.491 3.22311e+10
1e+07 1.35429e+06 13.5429 3.19844e+10
1e+07 1.3595e+06 13.595 3.17396e+10
1e+07 1.36472e+06 13.6472 3.14971e+10
1e+07 1.36997e+06 13.6997 3.12561e+10
1e+07 1.37524e+06 13.7524 3.10169e+10
1e+07 1.38053e+06 13.8053 3.07795e+10
1e+07 1.38584e+06 13.8584 3.0544e+10
1e+07 1.39117e+06 13.9117 3.03103e+10
1e+07 1.39652e+06 13.9652 3.00784e+10
1e+07 1.4019e+06 14.019 2.98479e+10
1e+07 1.40729e+06 14.0729 2.96196e+10
1e+07 1.4127e+06 14.127 2.9393e+10
1e+07 1.41813e+06 14.1813 2.91683e+10
1e+07 1.42359e+06 14.2359 2.89449e+10
1e+07 1.42906e+06 14.2906 2.87236e+10
1e+07 1.43456e+06 14.3456 2.85037e+10
1e+07 1.44008e+06 14.4008 2.82855e+10
1e+07 1.44562e+06 14.4562 2.8069e+10
1e+07 1.45118e+06 14.5118 2.78542e+10
1e+07 1.45676e+06 14.5676 2.76411e+10
1e+07 1.46236e+06 14.6236 2.74297e+10
1e+07 1.46799e+06 14.6799 2.72196e+10
1e+07 1.47363e+06 14.7363 2.70116e+10
1e+07 1.4793e+06 14.793 2.68048e+10
1e+07 1.48499e+06 14.8499 2.65997e+10
1e+07 1.4907e+06 14.907 2.63962e+10
1e+07 1.49644e+06 14.9644 2.6194e+10
1e+07 1.50219e+06 15.0219 2.59938e+10
1e+07 1.50797e+06 15.0797 2.57948e+10
1e+07 1.51377e+06 15.1377 2.55974e+10
1e+07 1.51959e+06 15.1959 2.54016e+10
1e+07 1.52544e+06 15.2544 2.5207e+10
1e+07 1.5313e+06 15.313 2.50144e+10
1e+07 1.53719e+06 15.3719 2.4823e+10
1e+07 1.54311e+06 15.4311 2.46328e+10
1e+07 1.54904e+06 15.4904 2.44444e+10
1e+07 1.555e+06 15.55 2.42573e+10
1e+07 1.56098e+06 15.6098 2.40717e+10
1e+07 1.56699e+06 15.6699 2.38873e+10
1e+07 1.57301e+06 15.7301 2.37047e+10
1e+07 1.57906e+06 15.7906 2.35234e+10
1e+07 1.58514e+06 15.8514 2.33432e+10
1e+07 1.59123e+06 15.9123 2.31647e+10
1e+07 1.59735e+06 15.9735 2.29875e+10
1e+07 1.6035e+06 16.035 2.28114e+10
1e+07 1.60967e+06 16.0967 2.26367e+10
1e+07 1.61586e+06 16.1586 2.24636e+10
1e+07 1.62207e+06 16.2207 2.22918e+10
1e+07 1.62831e+06 16.2831 2.21212e+10
1e+07 1.63457e+06 16.3457 2.1952e+10
1e+07 1.64086e+06 16.4086 2.17839e+10
1e+07 1.64717e+06 16.4717 2.16172e+10
1e+07 1.65351e+06 16.5351 2.14517e+10
1e+07 1.65987e+06 16.5987 2.12875e+10
1e+07 1.66625e+06 16.6625 2.11247e+10
1e+07 1.67266e+06 16.7266 2.0963e+10
1e+07 1.67909e+06 16.7909 2.08027e+10
1e+07 1.68555e+06 16.8555 2.06435e+10
1e+07 1.69204e+06 16.9204 2.04853e+10
1e+07 1.69854e+06 16.9854 2.03287e+10
1e+07 1.70508e+06 17.0508 2.0173e+10
1e+07 1.71163e+06 17.1163 2.00188e+10
1e+07 1.71822e+06 17.1822 1.98655e+10
1e+07 1.72483e+06 17.2483 1.97134e+10
1e+07 1.73146e+06 17.3146 1.95626e+10
1e+07 1.73812e+06 17.3812 1.94129e+10
1e+07 1.74481e+06 17.4481 1.92643e+10
1e+07 1.75152e+06 17.5152 1.91169e+10
1e+07 1.75825e+06 17.5825 1.89707e+10
1e+07 1.76502e+06 17.6502 1.88254e+10
1e+07 1.77181e+06 17.7181 1.86813e+10
1e+07 1.77862e+06 17.7862 1.85384e+10
1e+07 1.78546e+06 17.8546 1.83966e+10
1e+07 1.79233e+06 17.9233 1.82557e+10
1e+07 1.79922e+06 17.9922 1.81161e+10
1e+07 1.80614e+06 18.0614 1.79775e+10
1e+07 1.81309e+06 18.1309 1.78398e+10
1e+07 1.82006e+06 18.2006 1.77034e+10
1e+07 1.82706e+06 18.2706 1.75679e+10
1e+07 1.83409e+06 18.3409 1.74334e+10
1e+07 1.84115e+06 18.4115 1.72999e+10
1e+07 1.84823e+06 18.4823 1.71675e+10
1e+07 1.85534e+06 18.5534 1.70361e+10
1e+07 1.86247e+06 18.6247 1.69058e+10
1e+07 1.86964e+06 18.6964 1.67763e+10
1e+07 1.87683e+06 18.7683 1.6648e+10
1e+07 1.88405e+06 18.8405 1.65205e+10
1e+07 1.89129e+06 18.9129 1.63942e+10
1e+07 1.89857e+06 18.9857 1.62686e+10
1e+07 1.90587e+06 19.0587 1.61442e+10
1e+07 1.9132e+06 19.132 1.60206e+10
1e+07 1.92056e+06 19.2056 1.5898e+10
1e+07 1.92795e+06 19.2795 1.57763e+10
1e+07 1.93536e+06 19.3536 1.56556e+10
1e+07 1.94281e+06 19.4281 1.55357e+10
1e+07 1.95028e+06 19.5028 1.54168e+10
1e+07 1.95778e+06 19.5778 1.52989e+10
1e+07 1.96531e+06 19.6531 1.51818e+10
1e+07 1.97287e+06 19.7287 1.50656e+10
1e+07 1.98046e+06 19.8046 1.49503e+10
1e+07 1.98808e+06 19.8808 1.48358e+10
1e+07 1.99572e+06 19.9572 1.47223e+10
1e+07 2.0034e+06 20.034 1.46096e+10
1e+07 2.0111e+06 20.111 1.44979e+10
1e+07 2.01884e+06 20.1884 1.43869e+10
1e+07 2.0266e+06 20.266 1.42768e+10
1e+07 2.0344e+06 20.344 1.41675e+10
1e+07 2.04222e+06 20.4222 1.40591e+10
1e+07 2.05008e+06 20.5008 1.39514e+10
1e+07 2.05796e+06 20.5796 1.38447e+10
1e+07 2.06588e+06 20.6588 1.37387e+10
1e+07 2.07383e+06 20.7383 1.36335e+10
1e+07 2.0818e+06 20.818 1.35292e+10
1e+07 2.08981e+06 20.8981 1.34257e+10
1e+07 2.09785e+06 20.9785 1.33229e+10
1e+07 2.10592e+06 21.0592 1.32209e+10
1e+07 2.11402e+06 21.1402 1.31197e+10
1e+07 2.12215e+06 21.2215 1.30193e+10
1e+07 2.13031e+06 21.3031 1.29197e+10
1e+07 2.1385e+06 21.385 1.28208e+10
1e+07 2.14673e+06 21.4673 1.27227e+10
1e+07 2.15499e+06 21.5499 1.26252e+10
1e+07 2.16327e+06 21.6327 1.25287e+10
1e+07 2.1716e+06 21.716 1.24327e+10
1e+07 2.17995e+06 21.7995 1.23376e+10
1e+07 2.18833e+06 21.8833 1.22432e+10
1e+07 2.19675e+06 21.9675 1.21495e+10
1e+07 2.2052e+06 22.052 1.20565e+10
1e+07 2.21368e+06 22.1368 1.19642e+10
1e+07 2.2222e+06 22.222 1.18726e+10
1e+07 2.23074e+06 22.3074 1.17818e+10
1e+07 2.23932e+06 22.3932 1.16916e+10
1e+07 2.24794e+06 22.4794 1.1602e+10
1e+07 2.25658e+06 22.5658 1.15133e+10
1e+07 2.26526e+06 22.6526 1.14252e+10
1e+07 2.27397e+06 22.7397 1.13377e+10
1e+07 2.28272e+06 22.8272 1.12509e+10
1e+07 2.2915e+06 22.915 1.11648e+10
1e+07 2.30031e+06 23.0031 1.10794e+10
1e+07 2.30916e+06 23.0916 1.09946e+10
1e+07 2.31804e+06 23.1804 1.09104e+10
1e+07 2.32696e+06 23.2696 1.08269e+10
1e+07 2.33591e+06 23.3591 1.0744e+10
1e+07 2.34489e+06 23.4489 1.06618e+10
1e+07 2.35391e+06 23.5391 1.05802e+10
1e+07 2.36297e+06 23.6297 1.04991e+10
1e+07 2.37206e+06 23.7206 1.04188e+10
1e+07 2.38118e+06 23.8118 1.03391e+10
1e+07 2.39034e+06 23.9034 1.02599e+10
1e+07 2.39953e+06 23.9953 1.01814e+10
1e+07 2.40876e+06 24.0876 1.01035e+10
1e+07 2.41803e+06 24.1803 1.00261e+10
1e+07 2.42733e+06 24.2733 9.94934e+09
1e+07 2.43666e+06 24.3666 9.87323e+09
1e+07 2.44604e+06 24.4604 9.79759e+09
1e+07 2.45544e+06 24.5544 9.72266e+09
1e+07 2.46489e+06 24.6489 9.64819e+09
1e+07 2.47437e+06 24.7437 9.57435e+09
1e+07 2.48389e+06 24.8389 9.50104e+09
1e+07 2.49344e+06 24.9344 9.42834e+09
1e+07 2.50303e+06 25.0303 9.35617e+09
1e+07 2.51266e+06 25.1266 9.28453e+09
1e+07 2.52232e+06 25.2232 9.21349e+09
1e+07 2.53202e+06 25.3202 9.14297e+09
1e+07 2.54176e+06 25.4176 9.07298e+09
1e+07 2.55154e+06 25.5154 9.0035e+09
1e+07 2.56135e+06 25.6135 8.93461e+09
1e+07 2.57121e+06 25.7121 8.86616e+09
1e+07 2.58109e+06 25.8109 8.79835e+09
1e+07 2.59102e+06 25.9102 8.73099e+09
1e+07 2.60099e+06 26.0099 8.66412e+09
1e+07 2.61099e+06 26.1099 8.59783e+09
1e+07 2.62104e+06 26.2104 8.53196e+09
1e+07 2.63112e+06 26.3112 8.46666e+09
1e+07 2.64124e+06 26.4124 8.40184e+09
1e+07 2.6514e+06 26.514 8.33752e+09
1e+07 2.66159e+06 26.6159 8.27374e+09
1e+07 2.67183e+06 26.7183 8.21039e+09
1e+07 2.68211e+06 26.8211 8.14752e+09
1e+07 2.69242e+06 26.9242 8.08518e+09
1e+07 2.70278e+06 27.0278 8.02327e+09
1e+07 2.71318e+06 27.1318 7.96182e+09
1e+07 2.72361e+06 27.2361 7.9009e+09
1e+07 2.73409e+06 27.3409 7.84039e+09
1e+07 2.7446e+06 27.446 7.78041e+09
1e+07 2.75516e+06 27.5516 7.72083e+09
1e+07 2.76576e+06 27.6576 7.6617e+09
1e+07 2.77639e+06 27.7639 7.60309e+09
1e+07 2.78707e+06 27.8707 7.54488e+09
1e+07 2.79779e+06 27.9779 7.48712e+09
1e+07 2.80855e+06 28.0855 7.42981e+09
1e+07 2.81936e+06 28.1936 7.37289e+09
1e+07 2.8302e+06 28.302 7.31647e+09
1e+07 2.84109e+06 28.4109 7.26044e+09
1e+07 2.85201e+06 28.5201 7.20489e+09
1e+07 2.86298e+06 28.6298 7.14973e+09
1e+07 2.874e+06 28.74 7.09496e+09
1e+07 2.88505e+06 28.8505 7.04066e+09
1e+07 2.89615e+06 28.9615 6.98674e+09
1e+07 2.90729e+06 29.0729 6.93325e+09
1e+07 2.91847e+06 29.1847 6.88018e+09
1e+07 2.92969e+06 29.2969 6.82753e+09
1e+07 2.94096e+06 29.4096 6.77526e+09
1e+07 2.95227e+06 29.5227 6.72339e+09
1e+07 2.96363e+06 29.6363 6.6719e+09
1e+07 2.97503e+06 29.7503 6.62082e+09
1e+07 2.98647e+06 29.8647 6.57014e+09
1e+07 2.99796e+06 29.9796 6.51982e+09
1e+07 3.00949e+06 30.0949 6.46991e+09
1e+07 3.02106e+06 30.2106 6.4204e+09
1e+07 3.03268e+06 30.3268 6.37125e+09
1e+07 3.04435e+06 30.4435 6.32245e+09
1e+07 3.05606e+06 30.5606 6.27404e+09
1e+07 3.06781e+06 30.6781 6.22602e+09
1e+07 3.07961e+06 30.7961 6.17835e+09
1e+07 3.09146e+06 30.9146 6.13103e+09
1e+07 3.10335e+06 31.0335 6.08409e+09
1e+07 3.11529e+06 31.1529 6.0375e+09
1e+07 3.12727e+06 31.2727 5.99128e+09
1e+07 3.1393e+06 31.393 5.9454e+09
1e+07 3.15137e+06 31.5137 5.8999e+09
1e+07 3.16349e+06 31.6349 5.85473e+09
1e+07 3.17566e+06 31.7566 5.8099e+09
1e+07 3.18787e+06 31.8787 5.76543e+09
1e+07 3.20014e+06 32.0014 5.72126e+09
1e+07 3.21244e+06 32.1244 5.67748e+09
1e+07 3.2248e+06 32.248 5.634e+09
1e+07 3.2372e+06 32.372 5.59087e+09
1e+07 3.24966e+06 32.4966 5.54804e+09
1e+07 3.26215e+06 32.6215 5.50559e+09
1e+07 3.2747e+06 32.747 5.46342e+09
1e+07 3.2873e+06 32.873 5.42158e+09
1e+07 3.29994e+06 32.9994 5.38008e+09
1e+07 3.31263e+06 33.1263 5.33889e+09
1e+07 3.32537e+06 33.2537 5.29802e+09
1e+07 3.33817e+06 33.3817 5.25742e+09
1e+07 3.351e+06 33.51 5.2172e+09
1e+07 3.36389e+06 33.6389 5.17724e+09
1e+07 3.37683e+06 33.7683 5.1376e+09
1e+07 3.38982e+06 33.8982 5.09825e+09
1e+07 3.40286e+06 34.0286 5.05921e+09
1e+07 3.41595e+06 34.1595 5.02047e+09
1e+07 3.42909e+06 34.2909 4.98202e+09
1e+07 3.44228e+06 34.4228 4.94387e+09
1e+07 3.45552e+06 34.5552 4.90602e+09
1e+07 3.46881e+06 34.6881 4.86845e+09
1e+07 3.48215e+06 34.8215 4.83118e+09
1e+07 3.49554e+06 34.9554 4.7942e+09
1e+07 3.50899e+06 35.0899 4.75747e+09
1e+07 3.52248e+06 35.2248 4.72106e+09
1e+07 3.53603e+06 35.3603 4.68491e+09
1e+07 3.54963e+06 35.4963 4.64903e+09
1e+07 3.56329e+06 35.6329 4.61342e+09
1e+07 3.57699e+06 35.7699 4.5781e+09
1e+07 3.59075e+06 35.9075 4.54304e+09
1e+07 3.60456e+06 36.0456 4.50825e+09
1e+07 3.61842e+06 36.1842 4.47374e+09
1e+07 3.63234e+06 36.3234 4.43948e+09
1e+07 3.64631e+06 36.4631 4.40549e+09
1e+07 3.66034e+06 36.6034 4.37174e+09
1e+07 3.67442e+06 36.7442 4.33826e+09
1e+07 3.68855e+06 36.8855 4.30504e+09
1e+07 3.70274e+06 37.0274 4.27207e+09
1e+07 3.71698e+06 37.1698 4.23936e+09
1e+07 3.73128e+06 37.3128 4.20689e+09
1e+07 3.74563e+06 37.4563 4.17467e+09
1e+07 3.76003e+06 37.6003 4.14272e+09
1e+07 3.7745e+06 37.745 4.11098e+09
1e+07 3.78901e+06 37.8901 4.07951e+09
1e+07 3.80359e+06 38.0359 4.04826e+09
1e+07 3.81822e+06 38.1822 4.01726e+09
1e+07 3.8329e+06 38.329 3.9865e+09
1e+07 3.84765e+06 38.4765 3.95596e+09
1e+07 3.86244e+06 38.6244 3.92568e+09
1e+07 3.8773e+06 38.773 3.89561e+09
1e+07 3.89221e+06 38.9221 3.86578e+09
1e+07 3.90718e+06 39.0718 3.83618e+09
1e+07 3.92221e+06 39.2221 3.8068e+09
1e+07 3.9373e+06 39.373 3.77764e+09
1e+07 3.95244e+06 39.5244 3.74871e+09
1e+07 3.96765e+06 39.6765 3.71999e+09
1e+07 3.98291e+06 39.8291 3.6915e+09
1e+07 3.99823e+06 39.9823 3.66323e+09
1e+07 4.0136e+06 40.136 3.63519e+09
1e+07 4.02904e+06 40.2904 3.60734e+09
1e+07 4.04454e+06 40.4454 3.57971e+09
1e+07 4.06009e+06 40.6009 3.55231e+09
1e+07 4.07571e+06 40.7571 3.5251e+09
1e+07 4.09139e+06 40.9139 3.49809e+09
1e+07 4.10712e+06 41.0712 3.47131e+09
1e+07 4.12292e+06 41.2292 3.44472e+09
1e+07 4.13878e+06 41.3878 3.41833e+09
1e+07 4.1547e+06 41.547 3.39215e+09
1e+07 4.17068e+06 41.7068 3.36617e+09
1e+07 4.18672e+06 41.8672 3.34039e+09
1e+07 4.20282e+06 42.0282 3.31482e+09
1e+07 4.21899e+06 42.1899 3.28942e+09
1e+07 4.23522e+06 42.3522 3.26422e+09
1e+07 4.25151e+06 42.5151 3.23922e+09
1e+07 4.26786e+06 42.6786 3.21441e+09
1e+07 4.28427e+06 42.8427 3.1898e+09
1e+07 4.30075e+06 43.0075 3.16537e+09
1e+07 4.3173e+06 43.173 3.14111e+09
1e+07 4.3339e+06 43.339 3.11706e+09
1e+07 4.35057e+06 43.5057 3.09319e+09
1e+07 4.3673e+06 43.673 3.0695e+09
1e+07 4.3841e+06 43.841 3.04599e+09
1e+07 4.40096e+06 44.0096 3.02266e+09
1e+07 4.41789e+06 44.1789 2.9995e+09
1e+07 4.43488e+06 44.3488 2.97653e+09
1e+07 4.45194e+06 44.5194 2.95373e+09
1e+07 4.46907e+06 44.6907 2.9311e+09
1e+07 4.48626e+06 44.8626 2.90864e+09
1e+07 4.50351e+06 45.0351 2.88637e+09
1e+07 4.52083e+06 45.2083 2.86426e+09
1e+07 4.53822e+06 45.3822 2.84232e+09
1e+07 4.55568e+06 45.5568 2.82055e+09
1e+07 4.5732e+06 45.732 2.79894e+09
1e+07 4.59079e+06 45.9079 2.7775e+09
1e+07 4.60845e+06 46.0845 2.75622e+09
1e+07 4.62617e+06 46.2617 2.73512e+09
1e+07 4.64397e+06 46.4397 2.71416e+09
1e+07 4.66183e+06 46.6183 2.69337e+09
1e+07 4.67976e+06 46.7976 2.67274e+09
1e+07 4.69776e+06 46.9776 2.65227e+09
1e+07 4.71583e+06 47.1583 2.63195e+09
1e+07 4.73397e+06 47.3397 2.61178e+09
1e+07 4.75217e+06 47.5217 2.59179e+09
1e+07 4.77045e+06 47.7045 2.57193e+09
1e+07 4.7888e+06 47.888 2.55223e+09
1e+07 4.80722e+06 48.0722 2.53267e+09
1e+07 4.82571e+06 48.2571 2.51327e+09
1e+07 4.84427e+06 48.4427 2.49402e+09
1e+07 4.8629e+06 48.629 2.47492e+09
1e+07 4.88161e+06 48.8161 2.45595e+09
1e+07 4.90038e+06 49.0038 2.43714e+09
1e+07 4.91923e+06 49.1923 2.41847e+09
1e+07 4.93815e+06 49.3815 2.39994e+09
1e+07 4.95715e+06 49.5715 2.38155e+09
1e+07 4.97621e+06 49.7621 2.36331e+09
1e+07 4.99535e+06 49.9535 2.34521e+09
1e+07 5.01457e+06 50.1457 2.32724e+09
1e+07 5.03385e+06 50.3385 2.30941e+09
1e+07 5.05322e+06 50.5322 2.29171e+09
1e+07 5.07265e+06 50.7265 2.27416e+09
1e+07 5.09216e+06 50.9216 2.25674e+09
1e+07 5.11175e+06 51.1175 2.23945e+09
1e+07 5.13141e+06 51.3141 2.22229e+09
1e+07 5.15115e+06 51.5115 2.20526e+09
1e+07 5.17096e+06 51.7096 2.18837e+09
1e+07 5.19085e+06 51.9085 2.1716e+09
1e+07 5.21081e+06 52.1081 2.15497e+09
1e+07 5.23086e+06 52.3086 2.13845e+09
1e+07 5.25098e+06 52.5098 2.12207e+09
1e+07 5.27117e+06 52.7117 2.10581e+09
1e+07 5.29145e+06 52.9145 2.08967e+09
1e+07 5.3118e+06 53.118 2.07367e+09
1e+07 5.33223e+06 53.3223 2.05778e+09
1e+07 5.35274e+06 53.5274 2.04201e+09
1e+07 5.37333e+06 53.7333 2.02636e+09
1e+07 5.394e+06 53.94 2.01084e+09
1e+07 5.41474e+06 54.1474 1.99543e+09
1e+07 5.43557e+06 54.3557 1.98014e+09
1e+07 5.45648e+06 54.5648 1.96497e+09
1e+07 5.47746e+06 54.7746 1.94992e+09
1e+07 5.49853e+06 54.9853 1.93498e+09
1e+07 5.51968e+06 55.1968 1.92015e+09
1e+07 5.54091e+06 55.4091 1.90544e+09
1e+07 5.56222e+06 55.6222 1.89084e+09
1e+07 5.58362e+06 55.8362 1.87634e+09
1e+07 5.60509e+06 56.0509 1.86197e+09
1e+07 5.62665e+06 56.2665 1.8477e+09
1e+07 5.64829e+06 56.4829 1.83355e+09
1e+07 5.67002e+06 56.7002 1.81949e+09
1e+07 5.69183e+06 56.9183 1.80555e+09
1e+07 5.71372e+06 57.1372 1.79172e+09
1e+07 5.7357e+06 57.357 1.77798e+09
1e+07 5.75776e+06 57.5776 1.76436e+09
1e+07 5.7799e+06 57.799 1.75084e+09
1e+07 5.80214e+06 58.0214 1.73742e+09
1e+07 5.82445e+06 58.2445 1.72411e+09
1e+07 5.84685e+06 58.4685 1.7109e+09
1e+07 5.86934e+06 58.6934 1.69779e+09
1e+07 5.89192e+06 58.9192 1.68478e+09
1e+07 5.91458e+06 59.1458 1.67187e+09
1e+07 5.93733e+06 59.3733 1.65905e+09
1e+07 5.96017e+06 59.6017 1.64634e+09
1e+07 5.98309e+06 59.8309 1.63372e+09
1e+07 6.0061e+06 60.061 1.62121e+09
1e+07 6.02921e+06 60.2921 1.60878e+09
1e+07 6.0524e+06 60.524 1.59645e+09
1e+07 6.07567e+06 60.7567 1.58422e+09
1e+07 6.09904e+06 60.9904 1.57208e+09
1e+07 6.1225e+06 61.225 1.56003e+09
1e+07 6.14605e+06 61.4605 1.54807e+09
1e+07 6.16969e+06 61.6969 1.53621e+09
1e+07 6.19342e+06 61.9342 1.52443e+09
1e+07 6.21724e+06 62.1724 1.51275e+09
1e+07 6.24116e+06 62.4116 1.50115e+09
1e+07 6.26516e+06 62.6516 1.48965e+09
1e+07 6.28926e+06 62.8926 1.47823e+09
1e+07 6.31345e+06 63.1345 1.4669e+09
1e+07 6.33773e+06 63.3773 1.45566e+09
1e+07 6.36211e+06 63.6211 1.4445e+09
1e+07 6.38658e+06 63.8658 1.43343e+09
1e+07 6.41115e+06 64.1115 1.42244e+09
1e+07 6.4358e+06 64.358 1.41155e+09
1e+07 6.46056e+06 64.6056 1.40072e+09
1e+07 6.48541e+06 64.8541 1.38999e+09
1e+07 6.51035e+06 65.1035 1.37934e+09
1e+07 6.53539e+06 65.3539 1.36876e+09
1e+07 6.56053e+06 65.6053 1.35827e+09
1e+07 6.58576e+06 65.8576 1.34786e+09
1e+07 6.6111e+06 66.111 1.33753e+09
1e+07 6.63652e+06 66.3652 1.32728e+09
1e+07 6.66205e+06 66.6205 1.3171e+09
1e+07 6.68767e+06 66.8767 1.30701e+09
1e+07 6.7134e+06 67.134 1.29699e+09
1e+07 6.73922e+06 67.3922 1.28704e+09
1e+07 6.76514e+06 67.6514 1.27718e+09
1e+07 6.79116e+06 67.9116 1.26739e+09
1e+07 6.81728e+06 68.1728 1.25767e+09
1e+07 6.8435e+06 68.435 1.24803e+09
1e+07 6.86982e+06 68.6982 1.23847e+09
1e+07 6.89625e+06 68.9625 1.22897e+09
1e+07 6.92277e+06 69.2277 1.21955e+09
1e+07 6.9494e+06 69.494 1.2102e+09
1e+07 6.97613e+06 69.7613 1.20093e+09
1e+07 7.00296e+06 70.0296 1.19172e+09
1e+07 7.0299e+06 70.299 1.18258e+09
1e+07 7.05694e+06 70.5694 1.17352e+09
1e+07 7.08408e+06 70.8408 1.16452e+09
1e+07 7.11133e+06 71.1133 1.15559e+09
1e+07 7.13868e+06 71.3868 1.14673e+09
1e+07 7.16614e+06 71.6614 1.13794e+09
1e+07 7.1937e+06 71.937 1.12922e+09
1e+07 7.22137e+06 72.2137 1.12056e+09
1e+07 7.24914e+06 72.4914 1.11197e+09
1e+07 7.27703e+06 72.7703 1.10344e+09
1e+07 7.30502e+06 73.0502 1.09498e+09
1e+07 7.33311e+06 73.3311 1.08659e+09
1e+07 7.36132e+06 73.6132 1.07826e+09
1e+07 7.38963e+06 73.8963 1.06999e+09
1e+07 7.41806e+06 74.1806 1.06179e+09
1e+07 7.44659e+06 74.4659 1.05365e+09
1e+07 7.47523e+06 74.7523 1.04557e+09
1e+07 7.50398e+06 75.0398 1.03755e+09
1e+07 7.53284e+06 75.3284 1.0296e+09
1e+07 7.56182e+06 75.6182 1.0217e+09
1e+07 7.5909e+06 75.909 1.01387e+09
1e+07 7.6201e+06 76.201 1.0061e+09
1e+07 7.64941e+06 76.4941 9.98381e+08
1e+07 7.67883e+06 76.7883 9.90727e+08
1e+07 7.70837e+06 77.0837 9.83129e+08
1e+07 7.73801e+06 77.3801 9.75592e+08
1e+07 7.76778e+06 77.6778 9.6811e+08
1e+07 7.79765e+06 77.9765 9.60688e+08
1e+07 7.82765e+06 78.2765 9.5332e+08
1e+07 7.85775e+06 78.5775 9.46011e+08
1e+07 7.88798e+06 78.8798 9.38755e+08
1e+07 7.91832e+06 79.1832 9.31557e+08
1e+07 7.94877e+06 79.4877 9.24415e+08
1e+07 7.97935e+06 79.7935 9.17324e+08
1e+07 8.01004e+06 80.1004 9.1029e+08
1e+07 8.04085e+06 80.4085 9.03309e+08
1e+07 8.07177e+06 80.7177 8.96384e+08
1e+07 8.10282e+06 81.0282 8.89509e+08
1e+07 8.13399e+06 81.3399 8.82686e+08
1e+07 8.16527e+06 81.6527 8.75918e+08
1e+07 8.19668e+06 81.9668 8.692e+08
1e+07 8.2282e+06 82.282 8.62536e+08
1e+07 8.25985e+06 82.5985 8.5592e+08
1e+07 8.29162e+06 82.9162 8.49356e+08
1e+07 8.32352e+06 83.2352 8.4284e+08
1e+07 8.35553e+06 83.5553 8.36377e+08
1e+07 8.38767e+06 83.8767 8.29962e+08
1e+07 8.41993e+06 84.1993 8.23597e+08
1e+07 8.45231e+06 84.5231 8.17282e+08
1e+07 8.48482e+06 84.8482 8.11013e+08
1e+07 8.51746e+06 85.1746 8.04792e+08
1e+07 8.55022e+06 85.5022 7.9862e+08
1e+07 8.58311e+06 85.8311 7.92494e+08
1e+07 8.61612e+06 86.1612 7.86416e+08
1e+07 8.64926e+06 86.4926 7.80384e+08
1e+07 8.68253e+06 86.8253 7.74398e+08
1e+07 8.71592e+06 87.1592 7.68459e+08
1e+07 8.74945e+06 87.4945 7.62564e+08
1e+07 8.7831e+06 87.831 7.56715e+08
1e+07 8.81688e+06 88.1688 7.50911e+08
1e+07 8.8508e+06 88.508 7.4515e+08
1e+07 8.88484e+06 88.8484 7.39435e+08
1e+07 8.91901e+06 89.1901 7.33763e+08
1e+07 8.95332e+06 89.5332 7.28134e+08
1e+07 8.98775e+06 89.8775 7.22549e+08
1e+07 9.02232e+06 90.2232 7.17007e+08
1e+07 9.05703e+06 90.5703 7.11505e+08
1e+07 9.09186e+06 90.9186 7.06048e+08
1e+07 9.12683e+06 91.2683 7.00632e+08
1e+07 9.16194e+06 91.6194 6.95256e+08
1e+07 9.19718e+06 91.9718 6.89923e+08
1e+07 9.23255e+06 92.3255 6.84631e+08
1e+07 9.26806e+06 92.6806 6.79378e+08
1e+07 9.30371e+06 93.0371 6.74166e+08
1e+07 9.3395e+06 93.395 6.68993e+08
1e+07 9.37542e+06 93.7542 6.63861e+08
1e+07 9.41148e+06 94.1148 6.58768e+08
1e+07 9.44768e+06 94.4768 6.53714e+08
1e+07 9.48402e+06 94.8402 6.48698e+08
1e+07 9.5205e+06 95.205 6.43721e+08
1e+07 9.55711e+06 95.5711 6.38784e+08
1e+07 9.59387e+06 95.9387 6.33883e+08
1e+07 9.63077e+06 96.3077 6.29019e+08
1e+07 9.66782e+06 96.6782 6.24192e+08
1e+07 9.705e+06 97.05 6.19403e+08
1e+07 9.74233e+06 97.4233 6.14651e+08
1e+07 9.7798e+06 97.798 6.09935e+08
1e+07 9.81742e+06 98.1742 6.05254e+08
1e+07 9.85518e+06 98.5518 6.0061e+08
1e+07 9.89309e+06 98.9309 5.96001e+08
1e+07 9.93114e+06 99.3114 5.91428e+08
1e+07 9.96934e+06 99.6934 5.8689e+08
1e+07 1.00077e+07 100.077 5.82384e+08
1e+07 1.00462e+07 100.462 5.77914e+08
1e+07 1.00848e+07 100.848 5.73484e+08
1e+07 1.01236e+07 101.236 5.69082e+08
1e+07 1.01625e+07 101.625 5.6472e+08
1e+07 1.02016e+07 102.016 5.60385e+08
1e+07 1.02409e+07 102.409 5.56078e+08
1e+07 1.02803e+07 102.803 5.51809e+08
1e+07 1.03198e+07 103.198 5.47579e+08
1e+07 1.03595e+07 103.595 5.43376e+08
1e+07 1.03993e+07 103.993 5.3921e+08
1e+07 1.04393e+07 104.393 5.35072e+08
1e+07 1.04795e+07 104.795 5.30961e+08
1e+07 1.05198e+07 105.198 5.26887e+08
1e+07 1.05603e+07 105.603 5.22839e+08
1e+07 1.06009e+07 106.009 5.18828e+08
1e+07 1.06417e+07 106.417 5.14843e+08
1e+07 1.06826e+07 106.826 5.10895e+08
1e+07 1.07237e+07 107.237 5.06973e+08
1e+07 1.07649e+07 107.649 5.03086e+08
1e+07 1.08063e+07 108.063 4.99225e+08
1e+07 1.08479e+07 108.479 4.9539e+08
1e+07 1.08896e+07 108.896 4.9159e+08
1e+07 1.09315e+07 109.315 4.87815e+08
1e+07 1.09735e+07 109.735 4.84075e+08
1e+07 1.10157e+07 110.157 4.80359e+08
1e+07 1.10581e+07 110.581 4.7667e+08
1e+07 1.11007e+07 111.007 4.73005e+08
1e+07 1.11433e+07 111.433 4.69382e+08
1e+07 1.11862e+07 111.862 4.65776e+08
1e+07 1.12292e+07 112.292 4.62202e+08
1e+07 1.12724e+07 112.724 4.58653e+08
1e+07 1.13158e+07 113.158 4.55129e+08
1e+07 1.13593e+07 113.593 4.51637e+08
1e+07 1.1403e+07 114.03 4.48169e+08
1e+07 1.14469e+07 114.469 4.44725e+08
1e+07 1.14909e+07 114.909 4.41313e+08
1e+07 1.15351e+07 115.351 4.37925e+08
1e+07 1.15794e+07 115.794 4.34568e+08
1e+07 1.1624e+07 116.24 4.31227e+08
1e+07 1.16687e+07 116.687 4.27917e+08
1e+07 1.17136e+07 117.136 4.2463e+08
1e+07 1.17586e+07 117.586 4.21374e+08
1e+07 1.18039e+07 118.039 4.18133e+08
1e+07 1.18493e+07 118.493 4.14923e+08
1e+07 1.18948e+07 118.948 4.11743e+08
1e+07 1.19406e+07 119.406 4.08578e+08
1e+07 1.19865e+07 119.865 4.05442e+08
1e+07 1.20326e+07 120.326 4.02329e+08
1e+07 1.20789e+07 120.789 3.99239e+08
1e+07 1.21254e+07 121.254 3.96171e+08
1e+07 1.2172e+07 121.72 3.93131e+08
1e+07 1.22188e+07 122.188 3.90113e+08
1e+07 1.22658e+07 122.658 3.87117e+08
1e+07 1.2313e+07 123.13 3.84143e+08
1e+07 1.23603e+07 123.603 3.81197e+08
1e+07 1.24079e+07 124.079 3.78266e+08
1e+07 1.24556e+07 124.556 3.75363e+08
1e+07 1.25035e+07 125.035 3.7248e+08
1e+07 1.25516e+07 125.516 3.69619e+08
1e+07 1.25999e+07 125.999 3.6678e+08
1e+07 1.26484e+07 126.484 3.6396e+08
1e+07 1.2697e+07 126.97 3.61168e+08
1e+07 1.27458e+07 127.458 3.58396e+08
1e+07 1.27949e+07 127.949 3.55639e+08
1e+07 1.28441e+07 128.441 3.52909e+08
1e+07 1.28935e+07 128.935 3.50198e+08
1e+07 1.29431e+07 129.431 3.47508e+08
1e+07 1.29929e+07 129.929 3.44838e+08
1e+07 1.30428e+07 130.428 3.42193e+08
1e+07 1.3093e+07 130.93 3.39563e+08
1e+07 1.31434e+07 131.434 3.36953e+08
1e+07 1.31939e+07 131.939 3.34367e+08
1e+07 1.32447e+07 132.447 3.31796e+08
1e+07 1.32956e+07 132.956 3.2925e+08
1e+07 1.33467e+07 133.467 3.26722e+08
1e+07 1.33981e+07 133.981 3.24209e+08
1e+07 1.34496e+07 134.496 3.2172e+08
1e+07 1.35013e+07 135.013 3.1925e+08
1e+07 1.35533e+07 135.533 3.16795e+08
1e+07 1.36054e+07 136.054 3.14362e+08
1e+07 1.36577e+07 136.577 3.11949e+08
1e+07 1.37103e+07 137.103 3.09549e+08
1e+07 1.3763e+07 137.63 3.07172e+08
1e+07 1.38159e+07 138.159 3.04814e+08
1e+07 1.38691e+07 138.691 3.02469e+08
1e+07 1.39224e+07 139.224 3.00147e+08
1e+07 1.3976e+07 139.76 2.97839e+08
1e+07 1.40297e+07 140.297 2.95553e+08
1e+07 1.40837e+07 140.837 2.93281e+08
1e+07 1.41379e+07 141.379 2.91026e+08
1e+07 1.41922e+07 141.922 2.88793e+08
1e+07 1.42468e+07 142.468 2.86573e+08
1e+07 1.43016e+07 143.016 2.84371e+08
1e+07 1.43566e+07 143.566 2.82187e+08
1e+07 1.44118e+07 144.118 2.80019e+08
1e+07 1.44673e+07 144.673 2.77864e+08
1e+07 1.45229e+07 145.229 2.75731e+08
1e+07 1.45788e+07 145.788 2.73611e+08
1e+07 1.46349e+07 146.349 2.71507e+08
1e+07 1.46911e+07 146.911 2.69424e+08
1e+07 1.47477e+07 147.477 2.6735e+08
1e+07 1.48044e+07 148.044 2.65296e+08
1e+07 1.48613e+07 148.613 2.63259e+08
1e+07 1.49185e+07 149.185 2.61234e+08
1e+07 1.49759e+07 149.759 2.59225e+08
1e+07 1.50335e+07 150.335 2.57233e+08
1e+07 1.50913e+07 150.913 2.55257e+08
1e+07 1.51493e+07 151.493 2.53296e+08
1e+07 1.52076e+07 152.076 2.51348e+08
1e+07 1.52661e+07 152.661 2.49416e+08
1e+07 1.53248e+07 153.248 2.475e+08
1e+07 1.53838e+07 153.838 2.45595e+08
1e+07 1.54429e+07 154.429 2.4371e+08
1e+07 1.55023e+07 155.023 2.41836e+08
1e+07 1.5562e+07 155.62 2.39975e+08
1e+07 1.56218e+07 156.218 2.38132e+08
1e+07 1.56819e+07 156.819 2.36301e+08
1e+07 1.57422e+07 157.422 2.34485e+08
1e+07 1.58028e+07 158.028 2.32681e+08
1e+07 1.58635e+07 158.635 2.30894e+08
1e+07 1.59246e+07 159.246 2.29117e+08
1e+07 1.59858e+07 159.858 2.27357e+08
1e+07 1.60473e+07 160.473 2.25608e+08
1e+07 1.6109e+07 161.09 2.23874e+08
1e+07 1.6171e+07 161.71 2.22152e+08
1e+07 1.62332e+07 162.332 2.20444e+08
1e+07 1.62956e+07 162.956 2.1875e+08
1e+07 1.63583e+07 163.583 2.17067e+08
1e+07 1.64212e+07 164.212 2.15399e+08
1e+07 1.64844e+07 164.844 2.13742e+08
1e+07 1.65478e+07 165.478 2.12098e+08
1e+07 1.66114e+07 166.114 2.10468e+08
1e+07 1.66753e+07 166.753 2.0885e+08
1e+07 1.67395e+07 167.395 2.07242e+08
1e+07 1.68038e+07 168.038 2.0565e+08
1e+07 1.68685e+07 168.685 2.04067e+08
1e+07 1.69334e+07 169.334 2.02497e+08
1e+07 1.69985e+07 169.985 2.00941e+08
1e+07 1.70639e+07 170.639 1.99395e+08
1e+07 1.71295e+07 171.295 1.97862e+08
1e+07 1.71954e+07 171.954 1.9634e+08
1e+07 1.72615e+07 172.615 1.94831e+08
1e+07 1.73279e+07 173.279 1.93332e+08
1e+07 1.73946e+07 173.946 1.91844e+08
1e+07 1.74615e+07 174.615 1.90368e+08
1e+07 1.75286e+07 175.286 1.88905e+08
1e+07 1.7596e+07 175.96 1.87453e+08
1e+07 1.76637e+07 176.637 1.8601e+08
1e+07 1.77317e+07 177.317 1.84578e+08
1e+07 1.77999e+07 177.999 1.83158e+08
1e+07 1.78683e+07 178.683 1.81751e+08
1e+07 1.79371e+07 179.371 1.80351e+08
1e+07 1.80061e+07 180.061 1.78963e+08
1e+07 1.80753e+07 180.753 1.77588e+08
1e+07 1.81448e+07 181.448 1.76222e+08
1e+07 1.82146e+07 182.146 1.74866e+08
1e+07 1.82847e+07 182.847 1.7352e+08
1e+07 1.8355e+07 183.55 1.72185e+08
1e+07 1.84256e+07 184.256 1.70861e+08
1e+07 1.84965e+07 184.965 1.69545e+08
1e+07 1.85676e+07 185.676 1.68242e+08
1e+07 1.8639e+07 186.39 1.66947e+08
1e+07 1.87107e+07 187.107 1.65662e+08
1e+07 1.87827e+07 187.827 1.64387e+08
1e+07 1.88549e+07 188.549 1.63123e+08
1e+07 1.89275e+07 189.275 1.61866e+08
1e+07 1.90003e+07 190.003 1.60621e+08
1e+07 1.90733e+07 190.733 1.59386e+08
1e+07 1.91467e+07 191.467 1.58159e+08
1e+07 1.92203e+07 192.203 1.56942e+08
1e+07 1.92943e+07 192.943 1.55733e+08
1e+07 1.93685e+07 193.685 1.54535e+08
1e+07 1.9443e+07 194.43 1.53345e+08
1e+07 1.95178e+07 195.178 1.52165e+08
1e+07 1.95928e+07 195.928 1.50995e+08
1e+07 1.96682e+07 196.682 1.49832e+08
1e+07 1.97438e+07 197.438 1.48679e+08
1e+07 1.98198e+07 198.198 1.47534e+08
1e+07 1.9896e+07 198.96 1.46399e+08
1e+07 1.99725e+07 199.725 1.45272e+08
1e+07 2.00494e+07 200.494 1.44153e+08
1e+07 2.01265e+07 201.265 1.43043e+08
1e+07 2.02039e+07 202.039 1.41942e+08
1e+07 2.02816e+07 202.816 1.4085e+08
1e+07 2.03596e+07 203.596 1.39765e+08
1e+07 2.04379e+07 204.379 1.38689e+08
1e+07 2.05165e+07 205.165 1.37622e+08
1e+07 2.05954e+07 205.954 1.36562e+08
1e+07 2.06747e+07 206.747 1.3551e+08
1e+07 2.07542e+07 207.542 1.34467e+08
1e+07 2.0834e+07 208.34 1.33432e+08
1e+07 2.09141e+07 209.141 1.32405e+08
1e+07 2.09946e+07 209.946 1.31384e+08
1e+07 2.10753e+07 210.753 1.30373e+08
1e+07 2.11564e+07 211.564 1.29369e+08
1e+07 2.12378e+07 212.378 1.28372e+08
1e+07 2.13195e+07 213.195 1.27383e+08
1e+07 2.14015e+07 214.015 1.26402e+08
1e+07 2.14838e+07 214.838 1.25429e+08
1e+07 2.15664e+07 215.664 1.24463e+08
1e+07 2.16494e+07 216.494 1.23504e+08
1e+07 2.17326e+07 217.326 1.22554e+08
1e+07 2.18162e+07 218.162 1.2161e+08
1e+07 2.19001e+07 219.001 1.20673e+08
1e+07 2.19844e+07 219.844 1.19743e+08
1e+07 2.20689e+07 220.689 1.18821e+08
1e+07 2.21538e+07 221.538 1.17906e+08
1e+07 2.2239e+07 222.39 1.16998e+08
1e+07 2.23246e+07 223.246 1.16096e+08
1e+07 2.24104e+07 224.104 1.15202e+08
1e+07 2.24966e+07 224.966 1.14314e+08
1e+07 2.25832e+07 225.832 1.13433e+08
1e+07 2.267e+07 226.7 1.1256e+08
1e+07 2.27572e+07 227.572 1.11692e+08
1e+07 2.28447e+07 228.447 1.10832e+08
1e+07 2.29326e+07 229.326 1.09978e+08
1e+07 2.30208e+07 230.208 1.0913e+08
1e+07 2.31094e+07 231.094 1.08289e+08
1e+07 2.31982e+07 231.982 1.07455e+08
1e+07 2.32875e+07 232.875 1.06627e+08
1e+07 2.3377e+07 233.77 1.05806e+08
1e+07 2.3467e+07 234.67 1.04989e+08
1e+07 2.35572e+07 235.572 1.04181e+08
1e+07 2.36478e+07 236.478 1.03378e+08
1e+07 2.37388e+07 237.388 1.02581e+08
1e+07 2.38301e+07 238.301 1.0179e+08
1e+07 2.39217e+07 239.217 1.01006e+08
1e+07 2.40138e+07 240.138 1.00227e+08
1e+07 2.41061e+07 241.061 9.94551e+07
1e+07 2.41988e+07 241.988 9.86886e+07
1e+07 2.42919e+07 242.919 9.79277e+07
1e+07 2.43854e+07 243.854 9.71723e+07
1e+07 2.44791e+07 244.791 9.64239e+07
1e+07 2.45733e+07 245.733 9.56802e+07
1e+07 2.46678e+07 246.678 9.49427e+07
1e+07 2.47627e+07 247.627 9.42106e+07
1e+07 2.48579e+07 248.579 9.34846e+07
1e+07 2.49536e+07 249.536 9.27632e+07
1e+07 2.50495e+07 250.495 9.20486e+07
1e+07 2.51459e+07 251.459 9.13385e+07
1e+07 2.52426e+07 252.426 9.06343e+07
1e+07 2.53397e+07 253.397 8.99354e+07
1e+07 2.54372e+07 254.372 8.92416e+07
1e+07 2.5535e+07 255.35 8.85537e+07
1e+07 2.56332e+07 256.332 8.78709e+07
1e+07 2.57318e+07 257.318 8.71932e+07
1e+07 2.58308e+07 258.308 8.65206e+07
1e+07 2.59301e+07 259.301 8.58537e+07
1e+07 2.60299e+07 260.299 8.51911e+07
1e+07 2.613e+07 261.3 8.45342e+07
1e+07 2.62305e+07 262.305 8.38822e+07
1e+07 2.63314e+07 263.314 8.32351e+07
1e+07 2.64327e+07 264.327 8.25929e+07
1e+07 2.65343e+07 265.343 8.19562e+07
1e+07 2.66364e+07 266.364 8.13238e+07
1e+07 2.67388e+07 267.388 8.06967e+07
1e+07 2.68417e+07 268.417 8.00739e+07
1e+07 2.69449e+07 269.449 7.94564e+07
1e+07 2.70486e+07 270.486 7.8843e+07
1e+07 2.71526e+07 271.526 7.82349e+07
1e+07 2.7257e+07 272.57 7.76315e+07
1e+07 2.73619e+07 273.619 7.70322e+07
1e+07 2.74671e+07 274.671 7.6438e+07
1e+07 2.75728e+07 275.728 7.58479e+07
1e+07 2.76788e+07 276.788 7.52629e+07
1e+07 2.77853e+07 277.853 7.46819e+07
1e+07 2.78921e+07 278.921 7.4106e+07
1e+07 2.79994e+07 279.994 7.3534e+07
1e+07 2.81071e+07 281.071 7.29665e+07
1e+07 2.82152e+07 282.152 7.24034e+07
1e+07 2.83237e+07 283.237 7.18447e+07
1e+07 2.84327e+07 284.327 7.12899e+07
1e+07 2.8542e+07 285.42 7.07399e+07
1e+07 2.86518e+07 286.518 7.01938e+07
1e+07 2.8762e+07 287.62 6.9652e+07
1e+07 2.88727e+07 288.727 6.91139e+07
1e+07 2.89837e+07 289.837 6.85807e+07
1e+07 2.90952e+07 290.952 6.80511e+07
1e+07 2.92071e+07 292.071 6.75258e+07
1e+07 2.93194e+07 293.194 6.70047e+07
1e+07 2.94322e+07 294.322 6.64872e+07
1e+07 2.95454e+07 295.454 6.59739e+07
1e+07 2.96591e+07 296.591 6.54642e+07
1e+07 2.97731e+07 297.731 6.49591e+07
1e+07 2.98877e+07 298.877 6.44571e+07
1e+07 3.00026e+07 300.026 6.39596e+07
1e+07 3.0118e+07 301.18 6.34657e+07
1e+07 3.02339e+07 302.339 6.29753e+07
1e+07 3.03501e+07 303.501 6.24893e+07
1e+07 3.04669e+07 304.669 6.20064e+07
1e+07 3.05841e+07 305.841 6.15275e+07
1e+07 3.07017e+07 307.017 6.10524e+07
1e+07 3.08198e+07 308.198 6.05808e+07
1e+07 3.09383e+07 309.383 6.0113e+07
1e+07 3.10573e+07 310.573 5.96486e+07
1e+07 3.11768e+07 311.768 5.91877e+07
1e+07 3.12967e+07 312.967 5.87305e+07
1e+07 3.14171e+07 314.171 5.82767e+07
1e+07 3.15379e+07 315.379 5.78266e+07
1e+07 3.16592e+07 316.592 5.73798e+07
1e+07 3.1781e+07 317.81 5.69364e+07
1e+07 3.19032e+07 319.032 5.64966e+07
1e+07 3.20259e+07 320.259 5.60601e+07
1e+07 3.21491e+07 321.491 5.56269e+07
1e+07 3.22728e+07 322.728 5.51968e+07
1e+07 3.23969e+07 323.969 5.47704e+07
1e+07 3.25215e+07 325.215 5.43471e+07
1e+07 3.26466e+07 326.466 5.39271e+07
1e+07 3.27722e+07 327.722 5.35102e+07
1e+07 3.28982e+07 328.982 5.30968e+07
1e+07 3.30248e+07 330.248 5.26862e+07
1e+07 3.31518e+07 331.518 5.2279e+07
1e+07 3.32793e+07 332.793 5.18749e+07
1e+07 3.34073e+07 334.073 5.14739e+07
1e+07 3.35358e+07 335.358 5.1076e+07
1e+07 3.36648e+07 336.648 5.06811e+07
1e+07 3.37943e+07 337.943 5.02892e+07
1e+07 3.39242e+07 339.242 4.99007e+07
1e+07 3.40547e+07 340.547 4.95148e+07
1e+07 3.41857e+07 341.857 4.91319e+07
1e+07 3.43172e+07 343.172 4.87519e+07
1e+07 3.44492e+07 344.492 4.83749e+07
1e+07 3.45817e+07 345.817 4.80009e+07
1e+07 3.47147e+07 347.147 4.76297e+07
1e+07 3.48482e+07 348.482 4.72614e+07
1e+07 3.49823e+07 349.823 4.68957e+07
1e+07 3.51168e+07 351.168 4.65331e+07
1e+07 3.52519e+07 352.519 4.61731e+07
1e+07 3.53875e+07 353.875 4.5816e+07
1e+07 3.55236e+07 355.236 4.54616e+07
1e+07 3.56602e+07 356.602 4.511e+07
1e+07 3.57974e+07 357.974 4.47609e+07
1e+07 3.59351e+07 359.351 4.44146e+07
1e+07 3.60733e+07 360.733 4.4071e+07
1e+07 3.6212e+07 362.12 4.37302e+07
1e+07 3.63513e+07 363.513 4.33918e+07
1e+07 3.64911e+07 364.911 4.30561e+07
1e+07 3.66315e+07 366.315 4.27228e+07
1e+07 3.67724e+07 367.724 4.23922e+07
1e+07 3.69138e+07 369.138 4.20642e+07
1e+07 3.70558e+07 370.558 4.17387e+07
1e+07 3.71983e+07 371.983 4.14157e+07
1e+07 3.73414e+07 373.414 4.10951e+07
1e+07 3.7485e+07 374.85 4.07771e+07
1e+07 3.76292e+07 376.292 4.04614e+07
1e+07 3.77739e+07 377.739 4.01483e+07
1e+07 3.79192e+07 379.192 3.98375e+07
1e+07 3.80651e+07 380.651 3.9529e+07
1e+07 3.82115e+07 382.115 3.9223e+07
1e+07 3.83585e+07 383.585 3.89193e+07
1e+07 3.8506e+07 385.06 3.8618e+07
1e+07 3.86541e+07 386.541 3.8319e+07
1e+07 3.88028e+07 388.028 3.80223e+07
1e+07 3.8952e+07 389.52 3.77279e+07
1e+07 3.91019e+07 391.019 3.74356e+07
1e+07 3.92523e+07 392.523 3.71457e+07
1e+07 3.94032e+07 394.032 3.68582e+07
1e+07 3.95548e+07 395.548 3.65726e+07
1e+07 3.97069e+07 397.069 3.62894e+07
1e+07 3.98597e+07 398.597 3.60082e+07
1e+07 4.0013e+07 400.13 3.57293e+07
1e+07 4.01669e+07 401.669 3.54526e+07
1e+07 4.03214e+07 403.214 3.51779e+07
1e+07 4.04764e+07 404.764 3.49055e+07
1e+07 4.06321e+07 406.321 3.46351e+07
1e+07 4.07884e+07 407.884 3.43667e+07
1e+07 4.09453e+07 409.453 3.41004e+07
1e+07 4.11028e+07 411.028 3.38362e+07
1e+07 4.12609e+07 412.609 3.35739e+07
1e+07 4.14196e+07 414.196 3.33138e+07
1e+07 4.15789e+07 415.789 3.30556e+07
1e+07 4.17388e+07 417.388 3.27995e+07
1e+07 4.18994e+07 418.994 3.25452e+07
1e+07 4.20605e+07 420.605 3.2293e+07
1e+07 4.22223e+07 422.223 3.20427e+07
1e+07 4.23847e+07 423.847 3.17943e+07
1e+07 4.25477e+07 425.477 3.15479e+07
1e+07 4.27114e+07 427.114 3.13032e+07
1e+07 4.28757e+07 428.757 3.10605e+07
1e+07 4.30406e+07 430.406 3.08197e+07
1e+07 4.32061e+07 432.061 3.05808e+07
1e+07 4.33723e+07 433.723 3.03437e+07
1e+07 4.35391e+07 435.391 3.01084e+07
1e+07 4.37066e+07 437.066 2.98749e+07
1e+07 4.38747e+07 438.747 2.96432e+07
1e+07 4.40434e+07 440.434 2.94134e+07
1e+07 4.42129e+07 442.129 2.91851e+07
1e+07 4.43829e+07 443.829 2.89588e+07
1e+07 4.45536e+07 445.536 2.87342e+07
1e+07 4.4725e+07 447.25 2.85113e+07
1e+07 4.4897e+07 448.97 2.82901e+07
1e+07 4.50697e+07 450.697 2.80706e+07
1e+07 4.5243e+07 452.43 2.78529e+07
1e+07 4.54171e+07 454.171 2.76367e+07
1e+07 4.55918e+07 455.918 2.74223e+07
1e+07 4.57671e+07 457.671 2.72096e+07
1e+07 4.59431e+07 459.431 2.69985e+07
1e+07 4.61199e+07 461.199 2.67888e+07
1e+07 4.62972e+07 462.972 2.6581e+07
1e+07 4.64753e+07 464.753 2.63747e+07
1e+07 4.66541e+07 466.541 2.61699e+07
1e+07 4.68335e+07 468.335 2.59669e+07
1e+07 4.70137e+07 470.137 2.57652e+07
1e+07 4.71945e+07 471.945 2.55652e+07
1e+07 4.7376e+07 473.76 2.53668e+07
1e+07 4.75582e+07 475.582 2.51699e+07
1e+07 4.77412e+07 477.412 2.49744e+07
1e+07 4.79248e+07 479.248 2.47805e+07
1e+07 4.81091e+07 481.091 2.45881e+07
1e+07 4.82942e+07 482.942 2.43971e+07
1e+07 4.84799e+07 484.799 2.42077e+07
1e+07 4.86664e+07 486.664 2.40197e+07
1e+07 4.88536e+07 488.536 2.38331e+07
1e+07 4.90415e+07 490.415 2.3648e+07
1e+07 4.92301e+07 492.301 2.34643e+07
1e+07 4.94195e+07 494.195 2.3282e+07
1e+07 4.96095e+07 496.095 2.31012e+07
1e+07 4.98004e+07 498.004 2.29216e+07
1e+07 4.99919e+07 499.919 2.27436e+07
1e+07 5.01842e+07 501.842 2.25669e+07
1e+07 5.03772e+07 503.772 2.23915e+07
1e+07 5.0571e+07 505.71 2.22175e+07
1e+07 5.07655e+07 507.655 2.20449e+07
1e+07 5.09607e+07 509.607 2.18736e+07
1e+07 5.11568e+07 511.568 2.17035e+07
1e+07 5.13535e+07 513.535 2.15349e+07
1e+07 5.1551e+07 515.51 2.13675e+07
1e+07 5.17493e+07 517.493 2.12014e+07
1e+07 5.19484e+07 519.484 2.10365e+07
1e+07 5.21482e+07 521.482 2.0873e+07
1e+07 5.23487e+07 523.487 2.07107e+07
1e+07 5.25501e+07 525.501 2.05497e+07
1e+07 5.27522e+07 527.522 2.03899e+07
1e+07 5.29551e+07 529.551 2.02313e+07
1e+07 5.31588e+07 531.588 2.0074e+07
1e+07 5.33633e+07 533.633 1.99178e+07
1e+07 5.35685e+07 535.685 1.97629e+07
1e+07 5.37746e+07 537.746 1.96092e+07
1e+07 5.39814e+07 539.814 1.94567e+07
1e+07 5.4189e+07 541.89 1.93053e+07
1e+07 5.43974e+07 543.974 1.91552e+07
1e+07 5.46067e+07 546.067 1.90061e+07
1e+07 5.48167e+07 548.167 1.88582e+07
1e+07 5.50276e+07 550.276 1.87114e+07
1e+07 5.52392e+07 552.392 1.85659e+07
1e+07 5.54517e+07 554.517 1.84214e+07
1e+07 5.5665e+07 556.65 1.8278e+07
1e+07 5.58791e+07 558.791 1.81357e+07
1e+07 5.6094e+07 560.94 1.79946e+07
1e+07 5.63097e+07 563.097 1.78545e+07
1e+07 5.65263e+07 565.263 1.77155e+07
1e+07 5.67437e+07 567.437 1.75776e+07
1e+07 5.6962e+07 569.62 1.74407e+07
1e+07 5.71811e+07 571.811 1.73049e+07
1e+07 5.7401e+07 574.01 1.71702e+07
1e+07 5.76218e+07 576.218 1.70365e+07
1e+07 5.78434e+07 578.434 1.69038e+07
1e+07 5.80659e+07 580.659 1.67722e+07
1e+07 5.82893e+07 582.893 1.66415e+07
1e+07 5.85135e+07 585.135 1.65119e+07
1e+07 5.87385e+07 587.385 1.63833e+07
1e+07 5.89644e+07 589.644 1.62557e+07
1e+07 5.91912e+07 591.912 1.6129e+07
1e+07 5.94189e+07 594.189 1.60033e+07
1e+07 5.96474e+07 596.474 1.58786e+07
1e+07 5.98769e+07 598.769 1.57549e+07
1e+07 6.01072e+07 601.072 1.56321e+07
1e+07 6.03384e+07 603.384 1.55103e+07
1e+07 6.05704e+07 605.704 1.53894e+07
1e+07 6.08034e+07 608.034 1.52694e+07
1e+07 6.10373e+07 610.373 1.51504e+07
1e+07 6.12721e+07 612.721 1.50323e+07
1e+07 6.15077e+07 615.077 1.49151e+07
1e+07 6.17443e+07 617.443 1.47988e+07
1e+07 6.19818e+07 619.818 1.46834e+07
1e+07 6.22202e+07 622.202 1.45689e+07
1e+07 6.24595e+07 624.595 1.44553e+07
1e+07 6.26997e+07 626.997 1.43426e+07
1e+07 6.29409e+07 629.409 1.42307e+07
1e+07 6.3183e+07 631.83 1.41197e+07
1e+07 6.3426e+07 634.26 1.40096e+07
1e+07 6.367e+07 636.7 1.39002e+07
1e+07 6.39149e+07 639.149 1.37918e+07
1e+07 6.41607e+07 641.607 1.36842e+07
1e+07 6.44075e+07 644.075 1.35774e+07
1e+07 6.46552e+07 646.552 1.34715e+07
1e+07 6.49039e+07 649.039 1.33663e+07
1e+07 6.51535e+07 651.535 1.3262e+07
1e+07 6.54041e+07 654.041 1.31585e+07
1e+07 6.56557e+07 656.557 1.30558e+07
1e+07 6.59082e+07 659.082 1.29539e+07
1e+07 6.61617e+07 661.617 1.28527e+07
1e+07 6.64162e+07 664.162 1.27524e+07
1e+07 6.66717e+07 666.717 1.26528e+07
1e+07 6.69281e+07 669.281 1.2554e+07
1e+07 6.71855e+07 671.855 1.2456e+07
1e+07 6.74439e+07 674.439 1.23587e+07
1e+07 6.77034e+07 677.034 1.22621e+07
1e+07 6.79638e+07 679.638 1.21664e+07
1e+07 6.82252e+07 682.252 1.20713e+07
1e+07 6.84876e+07 684.876 1.1977e+07
1e+07 6.8751e+07 687.51 1.18835e+07
1e+07 6.90154e+07 690.154 1.17906e+07
1e+07 6.92809e+07 692.809 1.16985e+07
1e+07 6.95474e+07 695.474 1.1607e+07
1e+07 6.98149e+07 698.149 1.15163e+07
1e+07 7.00834e+07 700.834 1.14263e+07
1e+07 7.0353e+07 703.53 1.1337e+07
1e+07 7.06236e+07 706.236 1.12484e+07
1e+07 7.08952e+07 708.952 1.11604e+07
1e+07 7.11679e+07 711.679 1.10732e+07
1e+07 7.14416e+07 714.416 1.09866e+07
1e+07 7.17164e+07 717.164 1.09007e+07
1e+07 7.19923e+07 719.923 1.08154e+07
1e+07 7.22692e+07 722.692 1.07308e+07
1e+07 7.25471e+07 725.471 1.06469e+07
1e+07 7.28262e+07 728.262 1.05636e+07
1e+07 7.31063e+07 731.063 1.0481e+07
1e+07 7.33875e+07 733.875 1.0399e+07
1e+07 7.36697e+07 736.697 1.03176e+07
1e+07 7.39531e+07 739.531 1.02369e+07
1e+07 7.42375e+07 742.375 1.01568e+07
1e+07 7.45231e+07 745.231 1.00773e+07
1e+07 7.48097e+07 748.097 9.99841e+06
1e+07 7.50975e+07 750.975 9.92013e+06
1e+07 7.53863e+07 753.863 9.84248e+06
1e+07 7.56763e+07 756.763 9.76542e+06
1e+07 7.59673e+07 759.673 9.68898e+06
1e+07 7.62595e+07 762.595 9.61311e+06
1e+07 7.65528e+07 765.528 9.53783e+06
1e+07 7.68473e+07 768.473 9.46312e+06
1e+07 7.71429e+07 771.429 9.389e+06
1e+07 7.74396e+07 774.396 9.31546e+06
1e+07 7.77374e+07 777.374 9.2425e+06
1e+07 7.80364e+07 780.364 9.17009e+06
1e+07 7.83366e+07 783.366 9.09823e+06
1e+07 7.86379e+07 786.379 9.02694e+06
1e+07 7.89404e+07 789.404 8.95619e+06
1e+07 7.9244e+07 792.44 8.88601e+06
1e+07 7.95488e+07 795.488 8.81636e+06
1e+07 7.98548e+07 798.548 8.74725e+06
1e+07 8.01619e+07 801.619 8.67869e+06
1e+07 8.04702e+07 804.702 8.61065e+06
1e+07 8.07797e+07 807.797 8.54314e+06
1e+07 8.10904e+07 810.904 8.47615e+06
1e+07 8.14023e+07 814.023 8.40968e+06
1e+07 8.17154e+07 817.154 8.34373e+06
1e+07 8.20297e+07 820.297 8.27829e+06
1e+07 8.23452e+07 823.452 8.21335e+06
1e+07 8.2662e+07 826.62 8.1489e+06
1e+07 8.29799e+07 829.799 8.08498e+06
1e+07 8.32991e+07 832.991 8.02154e+06
1e+07 8.36195e+07 836.195 7.95859e+06
1e+07 8.39411e+07 839.411 7.89614e+06
1e+07 8.4264e+07 842.64 7.83416e+06
1e+07 8.45881e+07 845.881 7.77267e+06
1e+07 8.49134e+07 849.134 7.71166e+06
1e+07 8.524e+07 852.4 7.65112e+06
1e+07 8.55679e+07 855.679 7.59104e+06
1e+07 8.5897e+07 858.97 7.53144e+06
1e+07 8.62274e+07 862.274 7.47229e+06
1e+07 8.6559e+07 865.59 7.41361e+06
1e+07 8.6892e+07 868.92 7.35537e+06
1e+07 8.72262e+07 872.262 7.2976e+06
1e+07 8.75617e+07 875.617 7.24027e+06
1e+07 8.78985e+07 878.985 7.18338e+06
1e+07 8.82366e+07 882.366 7.12693e+06
1e+07 8.85759e+07 885.759 7.07094e+06
1e+07 8.89166e+07 889.166 7.01537e+06
1e+07 8.92586e+07 892.586 6.96023e+06
1e+07 8.96019e+07 896.019 6.90552e+06
1e+07 8.99466e+07 899.466 6.85122e+06
1e+07 9.02925e+07 902.925 6.79737e+06
1e+07 9.06398e+07 906.398 6.74392e+06
1e+07 9.09885e+07 909.885 6.69087e+06
1e+07 9.13384e+07 913.384 6.63826e+06
1e+07 9.16897e+07 916.897 6.58605e+06
1e+07 9.20424e+07 920.424 6.53424e+06
1e+07 9.23964e+07 923.964 6.48284e+06
1e+07 9.27518e+07 927.518 6.43183e+06
1e+07 9.31086e+07 931.086 6.38122e+06
1e+07 9.34667e+07 934.667 6.331e+06
1e+07 9.38262e+07 938.262 6.28118e+06
1e+07 9.41871e+07 941.871 6.23174e+06
1e+07 9.45494e+07 945.494 6.18268e+06
1e+07 9.4913e+07 949.13 6.13401e+06
1e+07 9.52781e+07 952.781 6.08571e+06
1e+07 9.56445e+07 956.445 6.0378e+06
1e+07 9.60124e+07 960.124 5.99025e+06
1e+07 9.63817e+07 963.817 5.94307e+06
1e+07 9.67524e+07 967.524 5.89626e+06
1e+07 9.71246e+07 971.246 5.84981e+06
1e+07 9.74981e+07 974.981 5.80373e+06
1e+07 9.78731e+07 978.731 5.758e+06
1e+07 9.82496e+07 982.496 5.71262e+06
1e+07 9.86275e+07 986.275 5.6676e+06
1e+07 9.90068e+07 990.068 5.62293e+06
1e+07 9.93877e+07 993.877 5.5786e+06
1e+07 9.97699e+07 997.699 5.53463e+06
1e+07 1.00154e+08 1001.54 5.49095e+06
1e+07 1.00539e+08 1005.39 5.44768e+06
1e+07 1.00926e+08 1009.26 5.40468e+06
1e+07 1.01314e+08 1013.14 5.36208e+06
1e+07 1.01703e+08 1017.03 5.31986e+06
1e+07 1.02095e+08 1020.95 5.2778e+06
1e+07 1.02487e+08 1024.87 5.23624e+06
1e+07 1.02882e+08 1028.82 5.19483e+06
1e+07 1.03277e+08 1032.77 5.15391e+06
1e+07 1.03674e+08 1036.74 5.11326e+06
1e+07 1.04073e+08 1040.73 5.07288e+06
1e+07 1.04474e+08 1044.74 5.03276e+06
1e+07 1.04875e+08 1048.75 4.99311e+06
1e+07 1.05279e+08 1052.79 4.95363e+06
1e+07 1.05684e+08 1056.84 4.9145e+06
1e+07 1.0609e+08 1060.9 4.87574e+06
1e+07 1.06498e+08 1064.98 4.83723e+06
1e+07 1.06908e+08 1069.08 4.79898e+06
1e+07 1.07319e+08 1073.19 4.76109e+06
1e+07 1.07732e+08 1077.32 4.72345e+06
1e+07 1.08146e+08 1081.46 4.68616e+06
1e+07 1.08562e+08 1085.62 4.64912e+06
1e+07 1.0898e+08 1089.8 4.61233e+06
1e+07 1.09399e+08 1093.99 4.57589e+06
1e+07 1.0982e+08 1098.2 4.53969e+06
1e+07 1.10242e+08 1102.42 4.50383e+06
1e+07 1.10666e+08 1106.66 4.46821e+06
1e+07 1.11092e+08 1110.92 4.43285e+06
1e+07 1.11519e+08 1115.19 4.39781e+06
1e+07 1.11948e+08 1119.48 4.36301e+06
1e+07 1.12379e+08 1123.79 4.32846e+06
1e+07 1.12811e+08 1128.11 4.29423e+06
1e+07 1.13245e+08 1132.45 4.26024e+06
1e+07 1.1368e+08 1136.8 4.22657e+06
1e+07 1.14118e+08 1141.18 4.19305e+06
1e+07 1.14556e+08 1145.56 4.15993e+06
1e+07 1.14997e+08 1149.97 4.12696e+06
1e+07 1.15439e+08 1154.39 4.09431e+06
1e+07 1.15883e+08 1158.83 4.06188e+06
1e+07 1.16329e+08 1163.29 4.02969e+06
1e+07 1.16777e+08 1167.77 3.99773e+06
1e+07 1.17226e+08 1172.26 3.96607e+06
1e+07 1.17677e+08 1176.77 3.93464e+06
1e+07 1.18129e+08 1181.29 3.9035e+06
1e+07 1.18584e+08 1185.84 3.87252e+06
1e+07 1.1904e+08 1190.4 3.84183e+06
1e+07 1.19498e+08 1194.98 3.81137e+06
1e+07 1.19957e+08 1199.57 3.78119e+06
1e+07 1.20419e+08 1204.19 3.75117e+06
1e+07 1.20882e+08 1208.82 3.72143e+06
1e+07 1.21347e+08 1213.47 3.69191e+06
1e+07 1.21813e+08 1218.13 3.66267e+06
1e+07 1.22282e+08 1222.82 3.63358e+06
1e+07 1.22752e+08 1227.52 3.60477e+06
1e+07 1.23224e+08 1232.24 3.57617e+06
1e+07 1.23698e+08 1236.98 3.54778e+06
1e+07 1.24174e+08 1241.74 3.51961e+06
1e+07 1.24652e+08 1246.52 3.49165e+06
1e+07 1.25131e+08 1251.31 3.46395e+06
1e+07 1.25613e+08 1256.13 3.4364e+06
1e+07 1.26096e+08 1260.96 3.40912e+06
1e+07 1.26581e+08 1265.81 3.38204e+06
1e+07 1.27068e+08 1270.68 3.35516e+06
1e+07 1.27556e+08 1275.56 3.32854e+06
1e+07 1.28047e+08 1280.47 3.30207e+06
1e+07 1.28539e+08 1285.39 3.27586e+06
1e+07 1.29034e+08 1290.34 3.24979e+06
1e+07 1.2953e+08 1295.3 3.22397e+06
1e+07 1.30028e+08 1300.28 3.19835e+06
1e+07 1.30528e+08 1305.28 3.17292e+06
1e+07 1.31031e+08 1310.31 3.14764e+06
1e+07 1.31535e+08 1315.35 3.1226e+06
1e+07 1.3204e+08 1320.4 3.09781e+06
1e+07 1.32548e+08 1325.48 3.07315e+06
1e+07 1.33058e+08 1330.58 3.04869e+06
1e+07 1.3357e+08 1335.7 3.02442e+06
1e+07 1.34084e+08 1340.84 3.00033e+06
1e+07 1.34599e+08 1345.99 2.97648e+06
1e+07 1.35117e+08 1351.17 2.95277e+06
1e+07 1.35637e+08 1356.37 2.92924e+06
1e+07 1.36158e+08 1361.58 2.90594e+06
1e+07 1.36682e+08 1366.82 2.88278e+06
1e+07 1.37208e+08 1372.08 2.85981e+06
1e+07 1.37736e+08 1377.36 2.83701e+06
1e+07 1.38265e+08 1382.65 2.81444e+06
1e+07 1.38797e+08 1387.97 2.792e+06
1e+07 1.39331e+08 1393.31 2.76974e+06
1e+07 1.39867e+08 1398.67 2.74765e+06
1e+07 1.40405e+08 1404.05 2.72574e+06
1e+07 1.40945e+08 1409.45 2.70401e+06
1e+07 1.41487e+08 1414.87 2.68244e+06
1e+07 1.42031e+08 1420.31 2.66105e+06
1e+07 1.42578e+08 1425.78 2.6398e+06
1e+07 1.43126e+08 1431.26 2.61875e+06
1e+07 1.43677e+08 1436.77 2.59783e+06
1e+07 1.44229e+08 1442.29 2.57712e+06
1e+07 1.44784e+08 1447.84 2.55653e+06
1e+07 1.45341e+08 1453.41 2.53612e+06
1e+07 1.459e+08 1459 2.51587e+06
1e+07 1.46461e+08 1464.61 2.49578e+06
1e+07 1.47024e+08 1470.24 2.47585e+06
1e+07 1.4759e+08 1475.9 2.45606e+06
1e+07 1.48157e+08 1481.57 2.43646e+06
1e+07 1.48727e+08 1487.27 2.41698e+06
1e+07 1.49299e+08 1492.99 2.39766e+06
1e+07 1.49874e+08 1498.74 2.37847e+06
1e+07 1.5045e+08 1504.5 2.35947e+06
1e+07 1.51029e+08 1510.29 2.34059e+06
1e+07 1.5161e+08 1516.1 2.32187e+06
1e+07 1.52193e+08 1521.93 2.3033e+06
1e+07 1.52778e+08 1527.78 2.28488e+06
1e+07 1.53366e+08 1533.66 2.26659e+06
1e+07 1.53956e+08 1539.56 2.24845e+06
1e+07 1.54548e+08 1545.48 2.23045e+06
1e+07 1.55142e+08 1551.42 2.21261e+06
1e+07 1.55739e+08 1557.39 2.19489e+06
1e+07 1.56338e+08 1563.38 2.17731e+06
1e+07 1.56939e+08 1569.39 2.15988e+06
1e+07 1.57543e+08 1575.43 2.14257e+06
1e+07 1.58149e+08 1581.49 2.1254e+06
1e+07 1.58757e+08 1587.57 2.10838e+06
1e+07 1.59368e+08 1593.68 2.09147e+06
1e+07 1.59981e+08 1599.81 2.0747e+06
1e+07 1.60596e+08 1605.96 2.05808e+06
1e+07 1.61214e+08 1612.14 2.04157e+06
1e+07 1.61834e+08 1618.34 2.0252e+06
1e+07 1.62456e+08 1624.56 2.00896e+06
1e+07 1.63081e+08 1630.81 1.99284e+06
1e+07 1.63709e+08 1637.09 1.97683e+06
1e+07 1.64338e+08 1643.38 1.96099e+06
1e+07 1.6497e+08 1649.7 1.94525e+06
1e+07 1.65605e+08 1656.05 1.92962e+06
1e+07 1.66242e+08 1662.42 1.91413e+06
1e+07 1.66881e+08 1668.81 1.89876e+06
1e+07 1.67523e+08 1675.23 1.88351e+06
1e+07 1.68167e+08 1681.67 1.86839e+06
1e+07 1.68814e+08 1688.14 1.85337e+06
1e+07 1.69464e+08 1694.64 1.83846e+06
1e+07 1.70115e+08 1701.15 1.8237e+06
1e+07 1.7077e+08 1707.7 1.80902e+06
1e+07 1.71427e+08 1714.27 1.79447e+06
1e+07 1.72086e+08 1720.86 1.78005e+06
1e+07 1.72748e+08 1727.48 1.76573e+06
1e+07 1.73412e+08 1734.12 1.75153e+06
1e+07 1.74079e+08 1740.79 1.73744e+06
1e+07 1.74749e+08 1747.49 1.72345e+06
1e+07 1.75421e+08 1754.21 1.70958e+06
1e+07 1.76096e+08 1760.96 1.69581e+06
1e+07 1.76773e+08 1767.73 1.68216e+06
1e+07 1.77453e+08 1774.53 1.66861e+06
1e+07 1.78135e+08 1781.35 1.65518e+06
1e+07 1.78821e+08 1788.21 1.64183e+06
1e+07 1.79508e+08 1795.08 1.62862e+06
1e+07 1.80199e+08 1801.99 1.61548e+06
1e+07 1.80892e+08 1808.92 1.60246e+06
1e+07 1.81588e+08 1815.88 1.58954e+06
1e+07 1.82286e+08 1822.86 1.57673e+06
1e+07 1.82987e+08 1829.87 1.56401e+06
1e+07 1.83691e+08 1836.91 1.55139e+06
1e+07 1.84398e+08 1843.98 1.53887e+06
1e+07 1.85107e+08 1851.07 1.52645e+06
1e+07 1.85819e+08 1858.19 1.51413e+06
1e+07 1.86534e+08 1865.34 1.5019e+06
1e+07 1.87251e+08 1872.51 1.48978e+06
1e+07 1.87971e+08 1879.71 1.47776e+06
1e+07 1.88694e+08 1886.94 1.46582e+06
1e+07 1.8942e+08 1894.2 1.45397e+06
1e+07 1.90149e+08 1901.49 1.44222e+06
1e+07 1.9088e+08 1908.8 1.43057e+06
1e+07 1.91614e+08 1916.14 1.41901e+06
1e+07 1.92351e+08 1923.51 1.40753e+06
1e+07 1.93091e+08 1930.91 1.39615e+06
1e+07 1.93834e+08 1938.34 1.38485e+06
1e+07 1.94579e+08 1945.79 1.37366e+06
1e+07 1.95328e+08 1953.28 1.36253e+06
1e+07 1.96079e+08 1960.79 1.35151e+06
1e+07 1.96833e+08 1968.33 1.34057e+06
1e+07 1.9759e+08 1975.9 1.32972e+06
1e+07 1.9835e+08 1983.5 1.31895e+06
1e+07 1.99113e+08 1991.13 1.30827e+06
1e+07 1.99879e+08 1998.79 1.29767e+06
1e+07 2.00648e+08 2006.48 1.28715e+06
1e+07 2.01419e+08 2014.19 1.27673e+06
1e+07 2.02194e+08 2021.94 1.26637e+06
1e+07 2.02972e+08 2029.72 1.2561e+06
1e+07 2.03753e+08 2037.53 1.24591e+06
1e+07 2.04536e+08 2045.36 1.23581e+06
1e+07 2.05323e+08 2053.23 1.22579e+06
1e+07 2.06113e+08 2061.13 1.21584e+06
1e+07 2.06905e+08 2069.05 1.20598e+06
1e+07 2.07701e+08 2077.01 1.19619e+06
1e+07 2.085e+08 2085 1.18647e+06
1e+07 2.09302e+08 2093.02 1.17684e+06
1e+07 2.10107e+08 2101.07 1.16728e+06
1e+07 2.10915e+08 2109.15 1.15779e+06
1e+07 2.11727e+08 2117.27 1.14838e+06
1e+07 2.12541e+08 2125.41 1.13905e+06
1e+07 2.13358e+08 2133.58 1.12979e+06
1e+07 2.14179e+08 2141.79 1.1206e+06
1e+07 2.15003e+08 2150.03 1.11149e+06
1e+07 2.1583e+08 2158.3 1.10244e+06
1e+07 2.1666e+08 2166.6 1.09348e+06
1e+07 2.17493e+08 2174.93 1.08458e+06
1e+07 2.1833e+08 2183.3 1.07575e+06
1e+07 2.1917e+08 2191.7 1.06699e+06
1e+07 2.20013e+08 2200.13 1.0583e+06
1e+07 2.20859e+08 2208.59 1.04968e+06
1e+07 2.21708e+08 2217.08 1.04113e+06
1e+07 2.22561e+08 2225.61 1.03265e+06
1e+07 2.23417e+08 2234.17 1.02423e+06
1e+07 2.24276e+08 2242.76 1.01588e+06
1e+07 2.25139e+08 2251.39 1.00759e+06
1e+07 2.26005e+08 2260.05 999376
1e+07 2.26874e+08 2268.74 991226
1e+07 2.27747e+08 2277.47 983134
1e+07 2.28623e+08 2286.23 975110
1e+07 2.29502e+08 2295.02 967153
1e+07 2.30385e+08 2303.85 959254
1e+07 2.31271e+08 2312.71 951420
1e+07 2.32161e+08 2321.61 943644
1e+07 2.33054e+08 2330.54 935934
1e+07 2.3395e+08 2339.5 928288
1e+07 2.3485e+08 2348.5 920698
1e+07 2.35753e+08 2357.53 913173
1e+07 2.3666e+08 2366.6 905702
1e+07 2.3757e+08 2375.7 898296
1e+07 2.38484e+08 2384.84 890944
1e+07 2.39401e+08 2394.01 883655
1e+07 2.40322e+08 2403.22 876420
1e+07 2.41246e+08 2412.46 869246
1e+07 2.42174e+08 2421.74 862127
1e+07 2.43106e+08 2431.06 855060
1e+07 2.44041e+08 2440.41 848055
1e+07 2.44979e+08 2449.79 841109
1e+07 2.45922e+08 2459.22 834209
1e+07 2.46868e+08 2468.68 827368
1e+07 2.47817e+08 2478.17 820586
1e+07 2.4877e+08 2487.7 813856
1e+07 2.49727e+08 2497.27 807177
1e+07 2.50688e+08 2506.88 800549
1e+07 2.51652e+08 2516.52 793978
1e+07 2.5262e+08 2526.2 787458
1e+07 2.53592e+08 2535.92 780988
1e+07 2.54567e+08 2545.67 774574
1e+07 2.55546e+08 2555.46 768210
1e+07 2.56529e+08 2565.29 761895
1e+07 2.57516e+08 2575.16 755629
1e+07 2.58506e+08 2585.06 749418
1e+07 2.595e+08 2595 743256
1e+07 2.60499e+08 2604.99 737135
1e+07 2.615e+08 2615 731075
1e+07 2.62506e+08 2625.06 725055
1e+07 2.63516e+08 2635.16 719084
1e+07 2.6453e+08 2645.3 713159
1e+07 2.65547e+08 2655.47 707286
1e+07 2.66568e+08 2665.68 701460
1e+07 2.67594e+08 2675.94 695675
1e+07 2.68623e+08 2686.23 689941
1e+07 2.69656e+08 2696.56 684252
1e+07 2.70693e+08 2706.93 678609
1e+07 2.71734e+08 2717.34 673011
1e+07 2.7278e+08 2727.8 667453
1e+07 2.73829e+08 2738.29 661944
1e+07 2.74882e+08 2748.82 656479
1e+07 2.75939e+08 2759.39 651059
1e+07 2.77001e+08 2770.01 645677
1e+07 2.78066e+08 2780.66 640343
1e+07 2.79136e+08 2791.36 635048
1e+07 2.80209e+08 2802.09 629800
1e+07 2.81287e+08 2812.87 624591
1e+07 2.82369e+08 2823.69 619423
1e+07 2.83455e+08 2834.55 614298
1e+07 2.84545e+08 2845.45 609215
1e+07 2.8564e+08 2856.4 604169
1e+07 2.86738e+08 2867.38 599168
1e+07 2.87841e+08 2878.41 594204
1e+07 2.88948e+08 2889.48 589282
1e+07 2.9006e+08 2900.6 584395
1e+07 2.91175e+08 2911.75 579553
1e+07 2.92295e+08 2922.95 574747
1e+07 2.9342e+08 2934.2 569976
1e+07 2.94548e+08 2945.48 565249
1e+07 2.95681e+08 2956.81 560558
1e+07 2.96818e+08 2968.18 555905
1e+07 2.9796e+08 2979.6 551287
1e+07 2.99106e+08 2991.06 546708
1e+07 3.00257e+08 3002.57 542164
1e+07 3.01411e+08 3014.11 537661
1e+07 3.02571e+08 3025.71 533189
1e+07 3.03735e+08 3037.35 528754
1e+07 3.04903e+08 3049.03 524357
1e+07 3.06076e+08 3060.76 519993
1e+07 3.07253e+08 3072.53 515666
1e+07 3.08435e+08 3084.35 511372
1e+07 3.09621e+08 3096.21 507114
1e+07 3.10812e+08 3108.12 502890
1e+07 3.12007e+08 3120.07 498701
1e+07 3.13207e+08 3132.07 494545
1e+07 3.14412e+08 3144.12 490420
1e+07 3.15621e+08 3156.21 486332
1e+07 3.16835e+08 3168.35 482274
1e+07 3.18054e+08 3180.54 478249
1e+07 3.19277e+08 3192.77 474258
1e+07 3.20505e+08 3205.05 470298
1e+07 3.21738e+08 3217.38 466369
1e+07 3.22976e+08 3229.76 462471
1e+07 3.24218e+08 3242.18 458607
1e+07 3.25465e+08 3254.65 454774
1e+07 3.26717e+08 3267.17 450970
1e+07 3.27973e+08 3279.73 447200
1e+07 3.29235e+08 3292.35 443457
1e+07 3.30501e+08 3305.01 439746
1e+07 3.31772e+08 3317.72 436065
1e+07 3.33049e+08 3330.49 432410
1e+07 3.3433e+08 3343.3 428788
1e+07 3.35615e+08 3356.15 425197
1e+07 3.36906e+08 3369.06 421633
1e+07 3.38202e+08 3382.02 418097
1e+07 3.39503e+08 3395.03 414590
1e+07 3.40809e+08 3408.09 411111
1e+07 3.4212e+08 3421.2 407660
1e+07 3.43436e+08 3434.36 404237
1e+07 3.44757e+08 3447.57 400842
1e+07 3.46083e+08 3460.83 397475
1e+07 3.47414e+08 3474.14 394135
1e+07 3.4875e+08 3487.5 390822
1e+07 3.50091e+08 3500.91 387537
1e+07 3.51438e+08 3514.38 384276
1e+07 3.5279e+08 3527.9 381042
1e+07 3.54147e+08 3541.47 377835
1e+07 3.55509e+08 3555.09 374654
1e+07 3.56876e+08 3568.76 371499
1e+07 3.58249e+08 3582.49 368369
1e+07 3.59627e+08 3596.27 365264
1e+07 3.6101e+08 3610.1 362185
1e+07 3.62399e+08 3623.99 359130
1e+07 3.63792e+08 3637.92 356102
1e+07 3.65192e+08 3651.92 353095
1e+07 3.66596e+08 3665.96 350116
1e+07 3.68006e+08 3680.06 347160
1e+07 3.69422e+08 3694.22 344226
1e+07 3.70843e+08 3708.43 341317
1e+07 3.72269e+08 3722.69 338433
1e+07 3.73701e+08 3737.01 335571
1e+07 3.75138e+08 3751.38 332733
1e+07 3.76581e+08 3765.81 329918
1e+07 3.7803e+08 3780.3 327124
1e+07 3.79484e+08 3794.84 324354
1e+07 3.80943e+08 3809.43 321608
1e+07 3.82408e+08 3824.08 318884
1e+07 3.83879e+08 3838.79 316181
1e+07 3.85356e+08 3853.56 313499
1e+07 3.86838e+08 3868.38 310840
1e+07 3.88326e+08 3883.26 308203
1e+07 3.8982e+08 3898.2 305586
1e+07 3.91319e+08 3913.19 302993
1e+07 3.92824e+08 3928.24 300419
1e+07 3.94335e+08 3943.35 297867
1e+07 3.95852e+08 3958.52 295335
1e+07 3.97374e+08 3973.74 292825
1e+07 3.98903e+08 3989.03 290333
1e+07 4.00437e+08 4004.37 287863
1e+07 4.01977e+08 4019.77 285414
1e+07 4.03523e+08 4035.23 282984
1e+07 4.05075e+08 4050.75 280574
1e+07 4.06633e+08 4066.33 278183
1e+07 4.08197e+08 4081.97 275812
1e+07 4.09768e+08 4097.68 273459
1e+07 4.11344e+08 4113.44 271127
1e+07 4.12926e+08 4129.26 268813
1e+07 4.14514e+08 4145.14 266519
1e+07 4.16108e+08 4161.08 264244
1e+07 4.17709e+08 4177.09 261986
1e+07 4.19315e+08 4193.15 259748
1e+07 4.20928e+08 4209.28 257528
1e+07 4.22547e+08 4225.47 255326
1e+07 4.24173e+08 4241.73 253140
1e+07 4.25804e+08 4258.04 250975
1e+07 4.27442e+08 4274.42 248826
1e+07 4.29086e+08 4290.86 246695
1e+07 4.30736e+08 4307.36 244582
1e+07 4.32393e+08 4323.93 242485
1e+07 4.34056e+08 4340.56 240407
1e+07 4.35726e+08 4357.26 238344
1e+07 4.37402e+08 4374.02 236299
1e+07 4.39084e+08 4390.84 234271
1e+07 4.40773e+08 4407.73 232259
1e+07 4.42468e+08 4424.68 230265
1e+07 4.4417e+08 4441.7 228286
1e+07 4.45878e+08 4458.78 226324
1e+07 4.47593e+08 4475.93 224377
1e+07 4.49315e+08 4493.15 222446
1e+07 4.51043e+08 4510.43 220532
1e+07 4.52778e+08 4527.78 218633
1e+07 4.54519e+08 4545.19 216751
1e+07 4.56268e+08 4562.68 214882
1e+07 4.58023e+08 4580.23 213030
1e+07 4.59784e+08 4597.84 211194
1e+07 4.61553e+08 4615.53 209371
1e+07 4.63328e+08 4633.28 207564
1e+07 4.6511e+08 4651.1 205772
1e+07 4.66899e+08 4668.99 203995
1e+07 4.68695e+08 4686.95 202232
1e+07 4.70498e+08 4704.98 200484
1e+07 4.72307e+08 4723.07 198751
1e+07 4.74124e+08 4741.24 197031
1e+07 4.75948e+08 4759.48 195326
1e+07 4.77778e+08 4777.78 193635
1e+07 4.79616e+08 4796.16 191958
1e+07 4.81461e+08 4814.61 190294
1e+07 4.83313e+08 4833.13 188644
1e+07 4.85172e+08 4851.72 187008
1e+07 4.87038e+08 4870.38 185386
1e+07 4.88911e+08 4889.11 183777
1e+07 4.90791e+08 4907.91 182182
1e+07 4.92679e+08 4926.79 180599
1e+07 4.94574e+08 4945.74 179030
1e+07 4.96476e+08 4964.76 177474
1e+07 4.98386e+08 4983.86 175930
1e+07 5.00303e+08 5003.03 174399
1e+07 5.02227e+08 5022.27 172881
1e+07 5.04159e+08 5041.59 171375
1e+07 5.06098e+08 5060.98 169883
1e+07 5.08045e+08 5080.45 168402
1e+07 5.09999e+08 5099.99 166933
1e+07 5.1196e+08 5119.6 165478
1e+07 5.1393e+08 5139.3 164033
1e+07 5.15906e+08 5159.06 162601
1e+07 5.17891e+08 5178.91 161181
1e+07 5.19883e+08 5198.83 159772
1e+07 5.21882e+08 5218.82 158376
1e+07 5.2389e+08 5238.9 156990
1e+07 5.25905e+08 5259.05 155617
1e+07 5.27927e+08 5279.27 154255
1e+07 5.29958e+08 5299.58 152904
1e+07 5.31996e+08 5319.96 151565
1e+07 5.34043e+08 5340.43 150236
1e+07 5.36097e+08 5360.97 148918
1e+07 5.38159e+08 5381.59 147612
1e+07 5.40229e+08 5402.29 146316
1e+07 5.42306e+08 5423.06 145032
1e+07 5.44392e+08 5443.92 143758
1e+07 5.46486e+08 5464.86 142494
1e+07 5.48588e+08 5485.88 141242
1e+07 5.50698e+08 5506.98 139999
1e+07 5.52816e+08 5528.16 138767
1e+07 5.54943e+08 5549.43 137545
1e+07 5.57077e+08 5570.77 136334
1e+07 5.5922e+08 5592.2 135132
1e+07 5.61371e+08 5613.71 133941
1e+07 5.6353e+08 5635.3 132759
1e+07 5.65697e+08 5656.97 131588
1e+07 5.67873e+08 5678.73 130426
1e+07 5.70057e+08 5700.57 129274
1e+07 5.7225e+08 5722.5 128132
1e+07 5.74451e+08 5744.51 126999
1e+07 5.76661e+08 5766.61 125876
1e+07 5.78879e+08 5788.79 124762
1e+07 5.81105e+08 5811.05 123657
1e+07 5.8334e+08 5833.4 122562
1e+07 5.85584e+08 5855.84 121476
1e+07 5.87836e+08 5878.36 120399
1e+07 5.90097e+08 5900.97 119331
1e+07 5.92367e+08 5923.67 118272
1e+07 5.94645e+08 5946.45 117222
1e+07 5.96933e+08 5969.33 116180
1e+07 5.99229e+08 5992.29 115148
1e+07 6.01533e+08 6015.33 114124
1e+07 6.03847e+08 6038.47 113109
1e+07 6.0617e+08 6061.7 112102
1e+07 6.08501e+08 6085.01 111104
1e+07 6.10842e+08 6108.42 110114
1e+07 6.13191e+08 6131.91 109133
1e+07 6.1555e+08 6155.5 108160
1e+07 6.17917e+08 6179.17 107195
1e+07 6.20294e+08 6202.94 106238
1e+07 6.2268e+08 6226.8 105289
1e+07 6.25075e+08 6250.75 104348
1e+07 6.27479e+08 6274.79 103415
1e+07 6.29892e+08 6298.92 102491
1e+07 6.32315e+08 6323.15 101573
1e+07 6.34747e+08 6347.47 100664
1e+07 6.37189e+08 6371.89 99762.2
1e+07 6.3964e+08 6396.4 98868.1
1e+07 6.421e+08 6421 97981.7
1e+07 6.4457e+08 6445.7 97102.6
1e+07 6.47049e+08 6470.49 96231.1
1e+07 6.49537e+08 6495.37 95367.2
1e+07 6.52036e+08 6520.36 94510.1
1e+07 6.54544e+08 6545.44 93660.5
1e+07 6.57061e+08 6570.61 92818.3
1e+07 6.59589e+08 6595.89 91982.8
1e+07 6.62125e+08 6621.25 91154.9
1e+07 6.64672e+08 6646.72 90333.7
1e+07 6.67229e+08 6672.29 89519.4
1e+07 6.69795e+08 6697.95 88712.3
1e+07 6.72371e+08 6723.71 87912
1e+07 6.74957e+08 6749.57 87118.5
1e+07 6.77554e+08 6775.54 86331.4
1e+07 6.8016e+08 6801.6 85551.3
1e+07 6.82776e+08 6827.76 84777.8
1e+07 6.85402e+08 6854.02 84011
1e+07 6.88038e+08 6880.38 83250.7
1e+07 6.90685e+08 6906.85 82496.6
1e+07 6.93341e+08 6933.41 81749.3
1e+07 6.96008e+08 6960.08 81008.2
1e+07 6.98685e+08 6986.85 80273.4
1e+07 7.01372e+08 7013.72 79545
1e+07 7.0407e+08 7040.7 78822.7
1e+07 7.06778e+08 7067.78 78106.6
1e+07 7.09497e+08 7094.97 77396.5
1e+07 7.12226e+08 7122.26 76692.5
1e+07 7.14965e+08 7149.65 75994.7
1e+07 7.17715e+08 7177.15 75302.8
1e+07 7.20475e+08 7204.75 74616.9
1e+07 7.23247e+08 7232.47 73936.6
1e+07 7.26028e+08 7260.28 73262.5
1e+07 7.28821e+08 7288.21 72593.9
1e+07 7.31624e+08 7316.24 71931.2
1e+07 7.34438e+08 7344.38 71274.1
1e+07 7.37263e+08 7372.63 70622.6
1e+07 7.40099e+08 7400.99 69976.6
1e+07 7.42946e+08 7429.46 69336.2
1e+07 7.45803e+08 7458.03 68701.5
1e+07 7.48672e+08 7486.72 68072.1
1e+07 7.51551e+08 7515.51 67448.3
1e+07 7.54442e+08 7544.42 66829.6
1e+07 7.57344e+08 7573.44 66216.3
1e+07 7.60257e+08 7602.57 65608.3
1e+07 7.63181e+08 7631.81 65005.6
1e+07 7.66116e+08 7661.16 64408.1
1e+07 7.69063e+08 7690.63 63815.7
1e+07 7.72021e+08 7720.21 63228.4
1e+07 7.74991e+08 7749.91 62646
1e+07 7.77971e+08 7779.71 62069
1e+07 7.80964e+08 7809.64 61496.6
1e+07 7.83968e+08 7839.68 60929.3
1e+07 7.86983e+08 7869.83 60367
1e+07 7.9001e+08 7900.1 59809.5
1e+07 7.93049e+08 7930.49 59256.8
1e+07 7.96099e+08 7960.99 58708.9
1e+07 7.99161e+08 7991.61 58165.8
1e+07 8.02235e+08 8022.35 57627.3
1e+07 8.0532e+08 8053.2 57093.6
1e+07 8.08418e+08 8084.18 56564.4
1e+07 8.11527e+08 8115.27 56039.9
1e+07 8.14649e+08 8146.49 55519.8
1e+07 8.17782e+08 8177.82 55004.3
1e+07 8.20927e+08 8209.27 54493.4
1e+07 8.24085e+08 8240.85 53986.7
1e+07 8.27255e+08 8272.55 53484.5
1e+07 8.30437e+08 8304.37 52986.7
1e+07 8.33631e+08 8336.31 52493.2
1e+07 8.36837e+08 8368.37 52004.1
1e+07 8.40056e+08 8400.56 51519.1
1e+07 8.43287e+08 8432.87 51038.5
1e+07 8.4653e+08 8465.3 50562
1e+07 8.49786e+08 8497.86 50089.7
1e+07 8.53055e+08 8530.55 49621.4
1e+07 8.56336e+08 8563.36 49157.3
1e+07 8.5963e+08 8596.3 48697.2
1e+07 8.62936e+08 8629.36 48241.2
1e+07 8.66255e+08 8662.55 47789.1
1e+07 8.69587e+08 8695.87 47341
1e+07 8.72932e+08 8729.32 46896.7
1e+07 8.76289e+08 8762.89 46456.5
1e+07 8.7966e+08 8796.6 46020
1e+07 8.83043e+08 8830.43 45587.4
1e+07 8.8644e+08 8864.4 45158.5
1e+07 8.89849e+08 8898.49 44733.5
1e+07 8.93272e+08 8932.72 44312.1
1e+07 8.96708e+08 8967.08 43894.5
1e+07 9.00157e+08 9001.57 43480.5
1e+07 9.03619e+08 9036.19 43070.2
1e+07 9.07095e+08 9070.95 42663.4
1e+07 9.10583e+08 9105.83 42260.4
1e+07 9.14086e+08 9140.86 41860.8
1e+07 9.17602e+08 9176.02 41464.7
1e+07 9.21131e+08 9211.31 41072.1
1e+07 9.24674e+08 9246.74 40683
1e+07 9.28231e+08 9282.31 40297.3
1e+07 9.31801e+08 9318.01 39915
1e+07 9.35385e+08 9353.85 39536.1
1e+07 9.38983e+08 9389.83 39160.5
1e+07 9.42594e+08 9425.94 38788.4
1e+07 9.4622e+08 9462.2 38419.4
1e+07 9.49859e+08 9498.59 38053.7
1e+07 9.53513e+08 9535.13 37691.2
1e+07 9.5718e+08 9571.8 37332.1
1e+07 9.60862e+08 9608.62 36976
1e+07 9.64557e+08 9645.57 36623.2
1e+07 9.68267e+08 9682.67 36273.4
1e+07 9.71992e+08 9719.92 35926.7
1e+07 9.7573e+08 9757.3 35583.1
1e+07 9.79483e+08 9794.83 35242.6
1e+07 9.83251e+08 9832.51 34905.1
1e+07 9.87032e+08 9870.32 34570.7
1e+07 9.90829e+08 9908.29 34239.1
1e+07 9.9464e+08 9946.4 33910.5
1e+07 9.98466e+08 9984.66 33584.9
1e+07 1.00231e+09 10023.1 33261.8
1e+07 1.00616e+09 10061.6 32942.4
1e+07 1.01003e+09 10100.3 32625.4
1e+07 1.01392e+09 10139.2 32310.8
1e+07 1.01782e+09 10178.2 31999.5
1e+07 1.02173e+09 10217.3 31691.3
1e+07 1.02566e+09 10256.6 31385.4
1e+07 1.02961e+09 10296.1 31082
1e+07 1.03357e+09 10335.7 30781.6
1e+07 1.03754e+09 10375.4 30484.4
1e+07 1.04153e+09 10415.3 30189.4
1e+07 1.04554e+09 10455.4 29896.8
1e+07 1.04956e+09 10495.6 29607.1
1e+07 1.0536e+09 10536 29319.8
1e+07 1.05765e+09 10576.5 29035.4
1e+07 1.06172e+09 10617.2 28753.3
1e+07 1.0658e+09 10658 28474.1
1e+07 1.0699e+09 10699 28197.1
1e+07 1.07401e+09 10740.1 27923
1e+07 1.07815e+09 10781.5 27650.4
1e+07 1.08229e+09 10822.9 27381.3
1e+07 1.08646e+09 10864.6 27113.8
1e+07 1.09063e+09 10906.3 26849.7
1e+07 1.09483e+09 10948.3 26587
1e+07 1.09904e+09 10990.4 26327.2
1e+07 1.10327e+09 11032.7 26069.5
1e+07 1.10751e+09 11075.1 25814.4
1e+07 1.11177e+09 11117.7 25561.5
1e+07 1.11605e+09 11160.5 25310.6
1e+07 1.12034e+09 11203.4 25062.4
1e+07 1.12465e+09 11246.5 24816.3
1e+07 1.12897e+09 11289.7 24572.7
1e+07 1.13332e+09 11333.2 24330.6
1e+07 1.13768e+09 11376.8 24091.1
1e+07 1.14205e+09 11420.5 23854.1
1e+07 1.14644e+09 11464.4 23619.1
1e+07 1.15085e+09 11508.5 23386.1
1e+07 1.15528e+09 11552.8 23155.1
1e+07 1.15972e+09 11597.2 22926.5
1e+07 1.16419e+09 11641.9 22699.3
1e+07 1.16866e+09 11686.6 22475.1
1e+07 1.17316e+09 11731.6 22252.3
1e+07 1.17767e+09 11776.7 22031.9
1e+07 1.1822e+09 11822 21813.4
1e+07 1.18675e+09 11867.5 21596.7
1e+07 1.19131e+09 11913.1 21382.4
1e+07 1.19589e+09 11958.9 21170
1e+07 1.20049e+09 12004.9 20959.3
1e+07 1.20511e+09 12051.1 20750.5
1e+07 1.20975e+09 12097.5 20543.6
1e+07 1.2144e+09 12144 20338.8
1e+07 1.21907e+09 12190.7 20135.9
1e+07 1.22376e+09 12237.6 19934.7
1e+07 1.22847e+09 12284.7 19735.3
1e+07 1.23319e+09 12331.9 19538.1
1e+07 1.23793e+09 12379.3 19342.6
1e+07 1.2427e+09 12427 19148.5
1e+07 1.24748e+09 12474.8 18956.4
1e+07 1.25227e+09 12522.7 18766.5
1e+07 1.25709e+09 12570.9 18577.9
1e+07 1.26193e+09 12619.3 18390.9
1e+07 1.26678e+09 12667.8 18206.1
1e+07 1.27165e+09 12716.5 18022.8
1e+07 1.27654e+09 12765.4 17841.3
1e+07 1.28145e+09 12814.5 17661.3
1e+07 1.28638e+09 12863.8 17483
1e+07 1.29133e+09 12913.3 17306.3
1e+07 1.2963e+09 12963 17131.3
1e+07 1.30128e+09 13012.8 16958.1
1e+07 1.30629e+09 13062.9 16786.2
1e+07 1.31131e+09 13113.1 16616.3
1e+07 1.31636e+09 13163.6 16447.5
1e+07 1.32142e+09 13214.2 16280.6
1e+07 1.3265e+09 13265 16115.3
1e+07 1.3316e+09 13316 15951.5
1e+07 1.33672e+09 13367.2 15789.2
1e+07 1.34187e+09 13418.7 15628.1
1e+07 1.34703e+09 13470.3 15468.8
1e+07 1.35221e+09 13522.1 15311
1e+07 1.35741e+09 13574.1 15154.7
1e+07 1.36263e+09 13626.3 14999.8
1e+07 1.36787e+09 13678.7 14846.4
1e+07 1.37313e+09 13731.3 14694.5
1e+07 1.37841e+09 13784.1 14543.9
1e+07 1.38372e+09 13837.2 14394.5
1e+07 1.38904e+09 13890.4 14246.9
1e+07 1.39438e+09 13943.8 14100.6
1e+07 1.39974e+09 13997.4 13955.7
1e+07 1.40513e+09 14051.3 13811.9
1e+07 1.41053e+09 14105.3 13669.7
1e+07 1.41596e+09 14159.6 13528.7
1e+07 1.4214e+09 14214 13389.3
1e+07 1.42687e+09 14268.7 13250.9
1e+07 1.43236e+09 14323.6 13113.9
1e+07 1.43787e+09 14378.7 12978.2
1e+07 1.4434e+09 14434 12843.9
1e+07 1.44895e+09 14489.5 12710.8
1e+07 1.45452e+09 14545.2 12579
1e+07 1.46012e+09 14601.2 12448.3
1e+07 1.46573e+09 14657.3 12319.1
1e+07 1.47137e+09 14713.7 12190.9
1e+07 1.47703e+09 14770.3 12064
1e+07 1.48271e+09 14827.1 11938.3
1e+07 1.48842e+09 14884.2 11813.7
1e+07 1.49414e+09 14941.4 11690.5
1e+07 1.49989e+09 14998.9 11568.3
1e+07 1.50566e+09 15056.6 11447.3
1e+07 1.51145e+09 15114.5 11327.5
1e+07 1.51726e+09 15172.6 11208.9
1e+07 1.5231e+09 15231 11091.3
1e+07 1.52896e+09 15289.6 10974.9
1e+07 1.53484e+09 15348.4 10859.6
1e+07 1.54074e+09 15407.4 10745.5
1e+07 1.54667e+09 15466.7 10632.3
1e+07 1.55261e+09 15526.1 10520.5
1e+07 1.55859e+09 15585.9 10409.4
1e+07 1.56458e+09 15645.8 10299.7
1e+07 1.5706e+09 15706 10190.8
1e+07 1.57664e+09 15766.4 10083.1
1e+07 1.5827e+09 15827 9976.48
1e+07 1.58879e+09 15887.9 9870.77
1e+07 1.5949e+09 15949 9766.13
1e+07 1.60104e+09 16010.4 9662.4
1e+07 1.6072e+09 16072 9559.73
1e+07 1.61338e+09 16133.8 9458.11
1e+07 1.61958e+09 16195.8 9357.54
1e+07 1.62581e+09 16258.1 9257.85
1e+07 1.63207e+09 16320.7 9159.03
1e+07 1.63834e+09 16383.4 9061.4
1e+07 1.64464e+09 16446.4 8964.62
1e+07 1.65097e+09 16509.7 8868.69
1e+07 1.65732e+09 16573.2 8773.77
1e+07 1.66369e+09 16636.9 8679.83
1e+07 1.67009e+09 16700.9 8586.74
1e+07 1.67652e+09 16765.2 8494.47
1e+07 1.68297e+09 16829.7 8403.18
1e+07 1.68944e+09 16894.4 8312.84
1e+07 1.69594e+09 16959.4 8223.32
1e+07 1.70246e+09 17024.6 8134.74
1e+07 1.70901e+09 17090.1 8046.97
1e+07 1.71558e+09 17155.8 7960.12
1e+07 1.72218e+09 17221.8 7874.07
1e+07 1.7288e+09 17288 7788.93
1e+07 1.73545e+09 17354.5 7704.58
1e+07 1.74213e+09 17421.3 7621
1e+07 1.74883e+09 17488.3 7538.31
1e+07 1.75556e+09 17555.6 7456.39
1e+07 1.76231e+09 17623.1 7375.35
1e+07 1.76909e+09 17690.9 7295.06
1e+07 1.77589e+09 17758.9 7215.63
1e+07 1.78272e+09 17827.2 7136.95
1e+07 1.78958e+09 17895.8 7059
1e+07 1.79646e+09 17964.6 6981.9
1e+07 1.80337e+09 18033.7 6905.53
1e+07 1.81031e+09 18103.1 6829.88
1e+07 1.81727e+09 18172.7 6755.05
1e+07 1.82426e+09 18242.6 6680.93
1e+07 1.83128e+09 18312.8 6607.52
1e+07 1.83832e+09 18383.2 6534.91
1e+07 1.84539e+09 18453.9 6463
1e+07 1.85249e+09 18524.9 6391.78
1e+07 1.85962e+09 18596.2 6321.24
1e+07 1.86677e+09 18667.7 6251.48
1e+07 1.87395e+09 18739.5 6182.4
1e+07 1.88116e+09 18811.6 6113.98
1e+07 1.88839e+09 18883.9 6046.33
1e+07 1.89565e+09 18956.5 5979.33
1e+07 1.90295e+09 19029.5 5912.9
1e+07 1.91027e+09 19102.7 5847.21
1e+07 1.91761e+09 19176.1 5782.25
1e+07 1.92499e+09 19249.9 5717.85
1e+07 1.93239e+09 19323.9 5654.16
1e+07 1.93983e+09 19398.3 5591.02
1e+07 1.94729e+09 19472.9 5528.6
1e+07 1.95478e+09 19547.8 5466.79
1e+07 1.96229e+09 19622.9 5405.68
1e+07 1.96984e+09 19698.4 5345.1
1e+07 1.97742e+09 19774.2 5285.13
1e+07 1.98502e+09 19850.2 5225.84
1e+07 1.99266e+09 19926.6 5167.07
1e+07 2.00032e+09 20003.2 5108.96
1e+07 2.00802e+09 20080.2 5051.37
1e+07 2.01574e+09 20157.4 4994.44
1e+07 2.02349e+09 20234.9 4938.09
1e+07 2.03128e+09 20312.8 4882.24
1e+07 2.03909e+09 20390.9 4827.03
1e+07 2.04693e+09 20469.3 4772.39
1e+07 2.05481e+09 20548.1 4718.24
1e+07 2.06271e+09 20627.1 4664.71
1e+07 2.07064e+09 20706.4 4611.74
1e+07 2.07861e+09 20786.1 4559.24
1e+07 2.0866e+09 20866 4507.36
1e+07 2.09463e+09 20946.3 4455.95
1e+07 2.10269e+09 21026.9 4405.08
1e+07 2.11077e+09 21107.7 4354.8
1e+07 2.11889e+09 21188.9 4304.98
1e+07 2.12704e+09 21270.4 4255.69
1e+07 2.13522e+09 21352.2 4206.91
1e+07 2.14344e+09 21434.4 4158.59
1e+07 2.15168e+09 21516.8 4110.84
1e+07 2.15996e+09 21599.6 4063.54
1e+07 2.16826e+09 21682.6 4016.79
1e+07 2.1766e+09 21766 3970.49
1e+07 2.18498e+09 21849.8 3924.62
1e+07 2.19338e+09 21933.8 3879.3
1e+07 2.20182e+09 22018.2 3834.41
1e+07 2.21028e+09 22102.8 3790.05
1e+07 2.21879e+09 22187.9 3746.07
1e+07 2.22732e+09 22273.2 3702.61
1e+07 2.23589e+09 22358.9 3659.57
1e+07 2.24449e+09 22444.9 3617
1e+07 2.25312e+09 22531.2 3574.89
1e+07 2.26179e+09 22617.9 3533.19
1e+07 2.27049e+09 22704.9 3491.94
1e+07 2.27922e+09 22792.2 3451.14
1e+07 2.28798e+09 22879.8 3410.79
1e+07 2.29679e+09 22967.9 3370.79
1e+07 2.30562e+09 23056.2 3331.28
1e+07 2.31449e+09 23144.9 3292.16
1e+07 2.32339e+09 23233.9 3253.46
1e+07 2.33233e+09 23323.3 3215.16
1e+07 2.3413e+09 23413 3177.28
1e+07 2.3503e+09 23503 3139.82
1e+07 2.35934e+09 23593.4 3102.73
1e+07 2.36842e+09 23684.2 3066.02
1e+07 2.37753e+09 23775.3 3029.72
1e+07 2.38667e+09 23866.7 2993.83
1e+07 2.39585e+09 23958.5 2958.3
1e+07 2.40507e+09 24050.7 2923.13
1e+07 2.41432e+09 24143.2 2888.36
1e+07 2.4236e+09 24236 2853.98
1e+07 2.43292e+09 24329.2 2819.96
1e+07 2.44228e+09 24422.8 2786.29
1e+07 2.45168e+09 24516.8 2752.96
1e+07 2.46111e+09 24611.1 2720.01
1e+07 2.47057e+09 24705.7 2687.44
1e+07 2.48008e+09 24800.8 2655.18
1e+07 2.48961e+09 24896.1 2623.32
1e+07 2.49919e+09 24991.9 2591.75
1e+07 2.5088e+09 25088 2560.56
1e+07 2.51845e+09 25184.5 2529.69
1e+07 2.52814e+09 25281.4 2499.14
1e+07 2.53786e+09 25378.6 2468.95
1e+07 2.54762e+09 25476.2 2439.08
1e+07 2.55742e+09 25574.2 2409.53
1e+07 2.56726e+09 25672.6 2380.29
1e+07 2.57713e+09 25771.3 2351.4
1e+07 2.58705e+09 25870.5 2322.78
1e+07 2.597e+09 25970 2294.5
1e+07 2.60699e+09 26069.9 2266.53
1e+07 2.61701e+09 26170.1 2238.88
1e+07 2.62708e+09 26270.8 2211.51
1e+07 2.63718e+09 26371.8 2184.46
1e+07 2.64733e+09 26473.3 2157.68
1e+07 2.65751e+09 26575.1 2131.22
1e+07 2.66773e+09 26677.3 2105.05
1e+07 2.67799e+09 26779.9 2079.16
1e+07 2.68829e+09 26882.9 2053.56
1e+07 2.69863e+09 26986.3 2028.24
1e+07 2.70901e+09 27090.1 2003.2
1e+07 2.71943e+09 27194.3 1978.43
1e+07 2.72989e+09 27298.9 1953.95
1e+07 2.74039e+09 27403.9 1929.73
1e+07 2.75093e+09 27509.3 1905.79
1e+07 2.76151e+09 27615.1 1882.11
1e+07 2.77213e+09 27721.3 1858.7
1e+07 2.7828e+09 27828 1835.53
1e+07 2.7935e+09 27935 1812.64
1e+07 2.80424e+09 28042.4 1790.01
1e+07 2.81503e+09 28150.3 1767.62
1e+07 2.82586e+09 28258.6 1745.48
1e+07 2.83673e+09 28367.3 1723.59
1e+07 2.84764e+09 28476.4 1701.95
1e+07 2.85859e+09 28585.9 1680.56
1e+07 2.86959e+09 28695.9 1659.4
1e+07 2.88062e+09 28806.2 1638.5
1e+07 2.8917e+09 28917 1617.82
1e+07 2.90283e+09 29028.3 1597.36
1e+07 2.91399e+09 29139.9 1577.15
1e+07 2.9252e+09 29252 1557.16
1e+07 2.93645e+09 29364.5 1537.41
1e+07 2.94774e+09 29477.4 1517.88
1e+07 2.95908e+09 29590.8 1498.57
1e+07 2.97046e+09 29704.6 1479.48
1e+07 2.98189e+09 29818.9 1460.6
1e+07 2.99336e+09 29933.6 1441.94
1e+07 3.00487e+09 30048.7 1423.5
1e+07 3.01643e+09 30164.3 1405.27
1e+07 3.02803e+09 30280.3 1387.25
1e+07 3.03968e+09 30396.8 1369.42
1e+07 3.05137e+09 30513.7 1351.81
1e+07 3.06311e+09 30631.1 1334.4
1e+07 3.07489e+09 30748.9 1317.2
1e+07 3.08671e+09 30867.1 1300.2
1e+07 3.09859e+09 30985.9 1283.37
1e+07 3.11051e+09 31105.1 1266.75
1e+07 3.12247e+09 31224.7 1250.33
1e+07 3.13448e+09 31344.8 1234.1
1e+07 3.14654e+09 31465.4 1218.05
1e+07 3.15864e+09 31586.4 1202.19
1e+07 3.17079e+09 31707.9 1186.52
1e+07 3.18298e+09 31829.8 1171.03
1e+07 3.19523e+09 31952.3 1155.71
1e+07 3.20752e+09 32075.2 1140.58
1e+07 3.21985e+09 32198.5 1125.63
1e+07 3.23224e+09 32322.4 1110.85
1e+07 3.24467e+09 32446.7 1096.25
1e+07 3.25715e+09 32571.5 1081.81
1e+07 3.26968e+09 32696.8 1067.55
1e+07 3.28225e+09 32822.5 1053.46
1e+07 3.29488e+09 32948.8 1039.52
1e+07 3.30755e+09 33075.5 1025.76
1e+07 3.32027e+09 33202.7 1012.16
1e+07 3.33304e+09 33330.4 998.723
1e+07 3.34586e+09 33458.6 985.442
1e+07 3.35873e+09 33587.3 972.319
1e+07 3.37165e+09 33716.5 959.351
1e+07 3.38462e+09 33846.2 946.537
1e+07 3.39764e+09 33976.4 933.877
1e+07 3.41071e+09 34107.1 921.368
1e+07 3.42382e+09 34238.2 909.018
1e+07 3.43699e+09 34369.9 896.807
1e+07 3.45021e+09 34502.1 884.744
1e+07 3.46348e+09 34634.8 872.826
1e+07 3.47681e+09 34768.1 861.044
1e+07 3.49018e+09 34901.8 849.413
1e+07 3.5036e+09 35036 837.925
1e+07 3.51708e+09 35170.8 826.568
1e+07 3.53061e+09 35306.1 815.35
1e+07 3.54419e+09 35441.9 804.27
1e+07 3.55782e+09 35578.2 793.326
1e+07 3.5715e+09 35715 782.517
1e+07 3.58524e+09 35852.4 771.833
1e+07 3.59903e+09 35990.3 761.283
1e+07 3.61287e+09 36128.7 750.863
1e+07 3.62677e+09 36267.7 740.566
1e+07 3.64072e+09 36407.2 730.397
1e+07 3.65472e+09 36547.2 720.355
1e+07 3.66878e+09 36687.8 710.433
1e+07 3.68289e+09 36828.9 700.635
1e+07 3.69706e+09 36970.6 690.954
1e+07 3.71128e+09 37112.8 681.396
1e+07 3.72555e+09 37255.5 671.959
1e+07 3.73988e+09 37398.8 662.635
1e+07 3.75426e+09 37542.6 653.429
1e+07 3.7687e+09 37687 644.335
1e+07 3.7832e+09 37832 635.352
1e+07 3.79775e+09 37977.5 626.483
1e+07 3.81236e+09 38123.6 617.723
1e+07 3.82702e+09 38270.2 609.075
1e+07 3.84174e+09 38417.4 600.534
1e+07 3.85652e+09 38565.2 592.098
1e+07 3.87135e+09 38713.5 583.771
1e+07 3.88624e+09 38862.4 575.547
1e+07 3.90119e+09 39011.9 567.424
1e+07 3.91619e+09 39161.9 559.409
1e+07 3.93126e+09 39312.6 551.487
1e+07 3.94638e+09 39463.8 543.67
1e+07 3.96156e+09 39615.6 535.951
1e+07 3.97679e+09 39767.9 528.334
1e+07 3.99209e+09 39920.9 520.808
1e+07 4.00745e+09 40074.5 513.377
1e+07 4.02286e+09 40228.6 506.044
1e+07 4.03833e+09 40383.3 498.805
1e+07 4.05387e+09 40538.7 491.654
1e+07 4.06946e+09 40694.6 484.598
1e+07 4.08511e+09 40851.1 477.632
1e+07 4.10082e+09 41008.2 470.756
1e+07 4.1166e+09 41166 463.965
1e+07 4.13243e+09 41324.3 457.265
1e+07 4.14832e+09 41483.2 450.651
1e+07 4.16428e+09 41642.8 444.12
1e+07 4.1803e+09 41803 437.673
1e+07 4.19638e+09 41963.8 431.31
1e+07 4.21252e+09 42125.2 425.031
1e+07 4.22872e+09 42287.2 418.834
1e+07 4.24498e+09 42449.8 412.718
1e+07 4.26131e+09 42613.1 406.68
1e+07 4.2777e+09 42777 400.721
1e+07 4.29415e+09 42941.5 394.841
1e+07 4.31067e+09 43106.7 389.035
1e+07 4.32725e+09 43272.5 383.307
1e+07 4.34389e+09 43438.9 377.656
1e+07 4.3606e+09 43606 372.077
1e+07 4.37737e+09 43773.7 366.572
1e+07 4.39421e+09 43942.1 361.139
1e+07 4.41111e+09 44111.1 355.778
1e+07 4.42808e+09 44280.8 350.487
1e+07 4.44511e+09 44451.1 345.268
1e+07 4.46221e+09 44622.1 340.117
1e+07 4.47937e+09 44793.7 335.036
1e+07 4.4966e+09 44966 330.022
1e+07 4.5139e+09 45139 325.073
1e+07 4.53126e+09 45312.6 320.192
1e+07 4.54869e+09 45486.9 315.376
1e+07 4.56618e+09 45661.8 310.627
1e+07 4.58374e+09 45837.4 305.94
1e+07 4.60138e+09 46013.8 301.313
1e+07 4.61907e+09 46190.7 296.753
1e+07 4.63684e+09 46368.4 292.252
1e+07 4.65467e+09 46546.7 287.813
1e+07 4.67258e+09 46725.8 283.432
1e+07 4.69055e+09 46905.5 279.112
1e+07 4.70859e+09 47085.9 274.851
1e+07 4.7267e+09 47267 270.648
1e+07 4.74488e+09 47448.8 266.502
1e+07 4.76313e+09 47631.3 262.412
1e+07 4.78145e+09 47814.5 258.379
1e+07 4.79984e+09 47998.4 254.401
1e+07 4.81831e+09 48183.1 250.475
1e+07 4.83684e+09 48368.4 246.606
1e+07 4.85544e+09 48554.4 242.79
1e+07 4.87412e+09 48741.2 239.026
1e+07 4.89286e+09 48928.6 235.315
1e+07 4.91168e+09 49116.8 231.655
1e+07 4.93058e+09 49305.8 228.043
1e+07 4.94954e+09 49495.4 224.485
1e+07 4.96858e+09 49685.8 220.974
1e+07 4.98769e+09 49876.9 217.513
1e+07 5.00687e+09 50068.7 214.101
1e+07 5.02613e+09 50261.3 210.736
1e+07 5.04546e+09 50454.6 207.418
1e+07 5.06487e+09 50648.7 204.146
1e+07 5.08435e+09 50843.5 200.921
1e+07 5.10391e+09 51039.1 197.741
1e+07 5.12354e+09 51235.4 194.606
1e+07 5.14324e+09 51432.4 191.516
1e+07 5.16303e+09 51630.3 188.468
1e+07 5.18288e+09 51828.8 185.465
1e+07 5.20282e+09 52028.2 182.504
1e+07 5.22283e+09 52228.3 179.585
1e+07 5.24292e+09 52429.2 176.707
1e+07 5.26309e+09 52630.9 173.871
1e+07 5.28333e+09 52833.3 171.075
1e+07 5.30365e+09 53036.5 168.32
1e+07 5.32405e+09 53240.5 165.604
1e+07 5.34453e+09 53445.3 162.927
1e+07 5.36508e+09 53650.8 160.289
1e+07 5.38572e+09 53857.2 157.688
1e+07 5.40643e+09 54064.3 155.126
1e+07 5.42723e+09 54272.3 152.6
1e+07 5.4481e+09 54481 150.112
1e+07 5.46906e+09 54690.6 147.659
1e+07 5.4901e+09 54901 145.241
1e+07 5.51121e+09 55112.1 142.86
1e+07 5.53241e+09 55324.1 140.513
1e+07 5.55369e+09 55536.9 138.201
1e+07 5.57505e+09 55750.5 135.922
1e+07 5.59649e+09 55964.9 133.678
1e+07 5.61802e+09 56180.2 131.465
1e+07 5.63963e+09 56396.3 129.286
1e+07 5.66132e+09 56613.2 127.139
1e+07 5.68309e+09 56830.9 125.024
1e+07 5.70495e+09 57049.5 122.94
1e+07 5.7269e+09 57269 120.887
1e+07 5.74892e+09 57489.2 118.865
1e+07 5.77104e+09 57710.4 116.872
1e+07 5.79323e+09 57932.3 114.911
1e+07 5.81552e+09 58155.2 112.977
1e+07 5.83788e+09 58378.8 111.074
1e+07 5.86034e+09 58603.4 109.198
1e+07 5.88288e+09 58828.8 107.351
1e+07 5.90551e+09 59055.1 105.531
1e+07 5.92822e+09 59282.2 103.74
1e+07 5.95102e+09 59510.2 101.975
1e+07 5.97391e+09 59739.1 100.238
1e+07 5.99689e+09 59968.9 98.5261
1e+07 6.01995e+09 60199.5 96.8412
1e+07 6.04311e+09 60431.1 95.1812
1e+07 6.06635e+09 60663.5 93.5472
1e+07 6.08969e+09 60896.9 91.9376
1e+07 6.11311e+09 61131.1 90.3533
1e+07 6.13662e+09 61366.2 88.7934
1e+07 6.16022e+09 61602.2 87.2576
1e+07 6.18392e+09 61839.2 85.7449
1e+07 6.2077e+09 62077 84.2563
1e+07 6.23158e+09 62315.8 82.7902
1e+07 6.25555e+09 62555.5 81.347
1e+07 6.27961e+09 62796.1 79.9264
1e+07 6.30376e+09 63037.6 78.5281
1e+07 6.32801e+09 63280.1 77.1513
1e+07 6.35235e+09 63523.5 75.7961
1e+07 6.37678e+09 63767.8 74.4624
1e+07 6.40131e+09 64013.1 73.1494
1e+07 6.42593e+09 64259.3 71.8572
1e+07 6.45065e+09 64506.5 70.5852
1e+07 6.47546e+09 64754.6 69.3335
1e+07 6.50036e+09 65003.6 68.102
1e+07 6.52537e+09 65253.7 66.8892
1e+07 6.55046e+09 65504.6 65.6965
1e+07 6.57566e+09 65756.6 64.5222
1e+07 6.60095e+09 66009.5 63.367
1e+07 6.62634e+09 66263.4 62.2301
1e+07 6.65183e+09 66518.3 61.1113
1e+07 6.67741e+09 66774.1 60.0109
1e+07 6.7031e+09 67031 58.9276
1e+07 6.72888e+09 67288.8 57.8622
1e+07 6.75476e+09 67547.6 56.814
1e+07 6.78074e+09 67807.4 55.7827
1e+07 6.80682e+09 68068.2 54.7682
1e+07 6.833e+09 68330 53.7701
1e+07 6.85928e+09 68592.8 52.7884
1e+07 6.88567e+09 68856.7 51.8223
1e+07 6.91215e+09 69121.5 50.8724
1e+07 6.93874e+09 69387.4 49.9379
1e+07 6.96543e+09 69654.3 49.0187
1e+07 6.99222e+09 69922.2 48.1148
1e+07 7.01911e+09 70191.1 47.2258
1e+07 7.04611e+09 70461.1 46.3514
1e+07 7.07321e+09 70732.1 45.4915
1e+07 7.10042e+09 71004.2 44.6457
1e+07 7.12773e+09 71277.3 43.8141
1e+07 7.15514e+09 71551.4 42.9966
1e+07 7.18266e+09 71826.6 42.1925
1e+07 7.21029e+09 72102.9 41.4018
1e+07 7.23802e+09 72380.2 40.6245
1e+07 7.26586e+09 72658.6 39.8602
1e+07 7.29381e+09 72938.1 39.1086
1e+07 7.32186e+09 73218.6 38.3699
1e+07 7.35002e+09 73500.2 37.6437
1e+07 7.37829e+09 73782.9 36.9297
1e+07 7.40667e+09 74066.7 36.2278
1e+07 7.43516e+09 74351.6 35.5378
1e+07 7.46376e+09 74637.6 34.8596
1e+07 7.49247e+09 74924.7 34.193
1e+07 7.52129e+09 75212.9 33.5378
1e+07 7.55022e+09 75502.2 32.8938
1e+07 7.57926e+09 75792.6 32.2609
1e+07 7.60841e+09 76084.1 31.639
1e+07 7.63767e+09 76376.7 31.0279
1e+07 7.66705e+09 76670.5 30.4271
1e+07 7.69654e+09 76965.4 29.8369
1e+07 7.72614e+09 77261.4 29.2569
1e+07 7.75586e+09 77558.6 28.687
1e+07 7.78569e+09 77856.9 28.1271
1e+07 7.81564e+09 78156.4 27.5768
1e+07 7.8457e+09 78457 27.0363
1e+07 7.87587e+09 78758.7 26.5054
1e+07 7.90617e+09 79061.7 25.9836
1e+07 7.93658e+09 79365.8 25.4712
1e+07 7.9671e+09 79671 24.9678
1e+07 7.99775e+09 79977.5 24.4732
1e+07 8.02851e+09 80285.1 23.9875
1e+07 8.05939e+09 80593.9 23.5105
1e+07 8.09039e+09 80903.9 23.0419
1e+07 8.12151e+09 81215.1 22.5816
1e+07 8.15274e+09 81527.4 22.1298
1e+07 8.1841e+09 81841 21.6859
1e+07 8.21558e+09 82155.8 21.25
1e+07 8.24718e+09 82471.8 20.822
1e+07 8.2789e+09 82789 20.4017
1e+07 8.31074e+09 83107.4 19.9891
1e+07 8.34271e+09 83427.1 19.5839
1e+07 8.3748e+09 83748 19.186
1e+07 8.40701e+09 84070.1 18.7955
1e+07 8.43935e+09 84393.5 18.412
1e+07 8.47181e+09 84718.1 18.0356
1e+07 8.50439e+09 85043.9 17.6662
1e+07 8.5371e+09 85371 17.3035
1e+07 8.56994e+09 85699.4 16.9474
1e+07 8.6029e+09 86029 16.598
1e+07 8.63599e+09 86359.9 16.255
1e+07 8.66921e+09 86692.1 15.9184
1e+07 8.70255e+09 87025.5 15.588
1e+07 8.73602e+09 87360.2 15.2639
1e+07 8.76962e+09 87696.2 14.9457
1e+07 8.80336e+09 88033.6 14.6335
1e+07 8.83722e+09 88372.2 14.3272
1e+07 8.87121e+09 88712.1 14.0266
1e+07 8.90533e+09 89053.3 13.7317
1e+07 8.93958e+09 89395.8 13.4424
1e+07 8.97396e+09 89739.6 13.1586
1e+07 9.00848e+09 90084.8 12.8801
1e+07 9.04313e+09 90431.3 12.6069
1e+07 9.07791e+09 90779.1 12.339
1e+07 9.11283e+09 91128.3 12.0761
1e+07 9.14788e+09 91478.8 11.8183
1e+07 9.18307e+09 91830.7 11.5654
1e+07 9.21839e+09 92183.9 11.3175
1e+07 9.25384e+09 92538.4 11.0743
1e+07 9.28944e+09 92894.4 10.8357
1e+07 9.32517e+09 93251.7 10.6019
1e+07 9.36103e+09 93610.3 10.3726
1e+07 9.39704e+09 93970.4 10.1477
1e+07 9.43318e+09 94331.8 9.92719
1e+07 9.46946e+09 94694.6 9.71103
1e+07 9.50589e+09 95058.9 9.49905
1e+07 9.54245e+09 95424.5 9.29128
1e+07 9.57915e+09 95791.5 9.08761
1e+07 9.616e+09 96160 8.88792
1e+07 9.65298e+09 96529.8 8.69223
1e+07 9.69011e+09 96901.1 8.50039
1e+07 9.72738e+09 97273.8 8.31237
1e+07 9.7648e+09 97648 8.12807
1e+07 9.80236e+09 98023.6 7.94747
1e+07 9.84006e+09 98400.6 7.7705
1e+07 9.87791e+09 98779.1 7.59706
1e+07 9.9159e+09 99159 7.42714
1e+07 9.95404e+09 99540.4 7.26062
1e+07 9.99233e+09 99923.3 7.09745
1e+07 1.00308e+10 100308 6.93746
1e+07 1.00693e+10 100693 6.78119
1e+07 1.01081e+10 101081 6.6275
1e+07 1.01469e+10 101469 6.47752
1e+07 1.0186e+10 101860 6.33004
1e+07 1.02252e+10 102252 6.18577
1e+07 1.02645e+10 102645 6.04464
1e+07 1.0304e+10 103040 5.90625
1e+07 1.03436e+10 103436 5.7709
1e+07 1.03834e+10 103834 5.63819
1e+07 1.04233e+10 104233 5.5084
1e+07 1.04634e+10 104634 5.38117
1e+07 1.05037e+10 105037 5.25645
1e+07 1.05441e+10 105441 5.13449
1e+07 1.05846e+10 105846 5.01526
1e+07 1.06253e+10 106253 4.8984
1e+07 1.06662e+10 106662 4.78389
1e+07 1.07072e+10 107072 4.67194
1e+07 1.07484e+10 107484 4.56225
1e+07 1.07897e+10 107897 4.45504
1e+07 1.08312e+10 108312 4.35
1e+07 1.08729e+10 108729 4.2471
1e+07 1.09147e+10 109147 4.14654
1e+07 1.09567e+10 109567 4.04805
1e+07 1.09988e+10 109988 3.95181
1e+07 1.10412e+10 110412 3.85733
1e+07 1.10836e+10 110836 3.76524
1e+07 1.11262e+10 111262 3.67507
1e+07 1.1169e+10 111690 3.58678
1e+07 1.1212e+10 112120 3.50034
1e+07 1.12551e+10 112551 3.4159
1e+07 1.12984e+10 112984 3.33325
1e+07 1.13419e+10 113419 3.25234
1e+07 1.13855e+10 113855 3.17333
1e+07 1.14293e+10 114293 3.096
1e+07 1.14733e+10 114733 3.02032
1e+07 1.15174e+10 115174 2.94644
1e+07 1.15617e+10 115617 2.87414
1e+07 1.16062e+10 116062 2.80339
1e+07 1.16508e+10 116508 2.73434
1e+07 1.16956e+10 116956 2.66679
1e+07 1.17406e+10 117406 2.6007
1e+07 1.17857e+10 117857 2.53621
1e+07 1.18311e+10 118311 2.47299
1e+07 1.18766e+10 118766 2.41129
1e+07 1.19223e+10 119223 2.35096
1e+07 1.19681e+10 119681 2.2921
1e+07 1.20142e+10 120142 2.23442
1e+07 1.20604e+10 120604 2.17814
1e+07 1.21068e+10 121068 2.12313
1e+07 1.21533e+10 121533 2.06946
1e+07 1.22001e+10 122001 2.0169
1e+07 1.2247e+10 122470 1.96563
1e+07 1.22941e+10 122941 1.91552
1e+07 1.23414e+10 123414 1.86655
1e+07 1.23889e+10 123889 1.8187
1e+07 1.24365e+10 124365 1.77204
1e+07 1.24843e+10 124843 1.72646
1e+07 1.25324e+10 125324 1.68183
1e+07 1.25806e+10 125806 1.63833
1e+07 1.26289e+10 126289 1.59592
1e+07 1.26775e+10 126775 1.55441
1e+07 1.27263e+10 127263 1.51388
1e+07 1.27752e+10 127752 1.47437
1e+07 1.28244e+10 128244 1.43572
1e+07 1.28737e+10 128737 1.39805
1e+07 1.29232e+10 129232 1.36127
1e+07 1.29729e+10 129729 1.32537
1e+07 1.30228e+10 130228 1.29032
1e+07 1.30729e+10 130729 1.25611
1e+07 1.31232e+10 131232 1.22272
1e+07 1.31737e+10 131737 1.19013
1e+07 1.32243e+10 132243 1.15839
1e+07 1.32752e+10 132752 1.12736
1e+07 1.33263e+10 133263 1.09708
1e+07 1.33775e+10 133775 1.06759
1e+07 1.3429e+10 134290 1.03877
1e+07 1.34806e+10 134806 1.01072
1e+07 1.35325e+10 135325 0.983295
1e+07 1.35845e+10 135845 0.956602
1e+07 1.36368e+10 136368 0.930519
1e+07 1.36892e+10 136892 0.905133
1e+07 1.37419e+10 137419 0.880332
1e+07 1.37947e+10 137947 0.856197
1e+07 1.38478e+10 138478 0.832622
1e+07 1.39011e+10 139011 0.809641
1e+07 1.39545e+10 139545 0.787281
1e+07 1.40082e+10 140082 0.765447
1e+07 1.40621e+10 140621 0.744167
1e+07 1.41162e+10 141162 0.723429
1e+07 1.41705e+10 141705 0.703221
1e+07 1.4225e+10 142250 0.683531
1e+07 1.42797e+10 142797 0.664348
1e+07 1.43346e+10 143346 0.645659
1e+07 1.43897e+10 143897 0.627455
1e+07 1.44451e+10 144451 0.609691
1e+07 1.45006e+10 145006 0.59242
1e+07 1.45564e+10 145564 0.575571
1e+07 1.46124e+10 146124 0.559164
1e+07 1.46686e+10 146686 0.543188
1e+07 1.4725e+10 147250 0.527633
1e+07 1.47817e+10 147817 0.512464
1e+07 1.48385e+10 148385 0.497723
1e+07 1.48956e+10 148956 0.483349
1e+07 1.49529e+10 149529 0.46936
1e+07 1.50104e+10 150104 0.455745
1e+07 1.50681e+10 150681 0.442496
1e+07 1.51261e+10 151261 0.429583
1e+07 1.51843e+10 151843 0.417019
1e+07 1.52427e+10 152427 0.404795
1e+07 1.53013e+10 153013 0.392905
1e+07 1.53602e+10 153602 0.38132
1e+07 1.54192e+10 154192 0.370071
1e+07 1.54785e+10 154785 0.359112
1e+07 1.55381e+10 155381 0.348438
1e+07 1.55978e+10 155978 0.338077
1e+07 1.56578e+10 156578 0.327986
1e+07 1.57181e+10 157181 0.31816
1e+07 1.57785e+10 157785 0.308624
1e+07 1.58392e+10 158392 0.299339
1e+07 1.59001e+10 159001 0.290316
1e+07 1.59613e+10 159613 0.281532
1e+07 1.60227e+10 160227 0.272997
1e+07 1.60843e+10 160843 0.264703
1e+07 1.61462e+10 161462 0.256633
1e+07 1.62083e+10 162083 0.248793
1e+07 1.62706e+10 162706 0.241177
1e+07 1.63332e+10 163332 0.233768
1e+07 1.6396e+10 163960 0.226573
1e+07 1.64591e+10 164591 0.219574
1e+07 1.65224e+10 165224 0.212778
1e+07 1.65859e+10 165859 0.20618
1e+07 1.66497e+10 166497 0.199764
1e+07 1.67138e+10 167138 0.193526
1e+07 1.67781e+10 167781 0.187471
1e+07 1.68426e+10 168426 0.181594
1e+07 1.69074e+10 169074 0.175883
1e+07 1.69724e+10 169724 0.17034
1e+07 1.70377e+10 170377 0.164954
1e+07 1.71032e+10 171032 0.159728
1e+07 1.7169e+10 171690 0.154651
1e+07 1.7235e+10 172350 0.149726
1e+07 1.73013e+10 173013 0.144942
1e+07 1.73679e+10 173679 0.140295
1e+07 1.74347e+10 174347 0.135789
1e+07 1.75017e+10 175017 0.13142
1e+07 1.7569e+10 175690 0.127178
1e+07 1.76366e+10 176366 0.123059
1e+07 1.77045e+10 177045 0.119061
1e+07 1.77726e+10 177726 0.115185
1e+07 1.78409e+10 178409 0.111429
1e+07 1.79095e+10 179095 0.107784
1e+07 1.79784e+10 179784 0.104247
1e+07 1.80476e+10 180476 0.100815
1e+07 1.8117e+10 181170 0.0974903
1e+07 1.81867e+10 181867 0.094265
1e+07 1.82566e+10 182566 0.091141
1e+07 1.83268e+10 183268 0.0881112
1e+07 1.83973e+10 183973 0.085173
1e+07 1.84681e+10 184681 0.0823239
1e+07 1.85391e+10 185391 0.0795655
1e+07 1.86104e+10 186104 0.0768913
1e+07 1.8682e+10 186820 0.0742991
1e+07 1.87539e+10 187539 0.0717866
1e+07 1.8826e+10 188260 0.0693551
1e+07 1.88984e+10 188984 0.0669988
1e+07 1.89711e+10 189711 0.0647158
1e+07 1.90441e+10 190441 0.0625039
1e+07 1.91173e+10 191173 0.0603641
1e+07 1.91909e+10 191909 0.0582887
1e+07 1.92647e+10 192647 0.0562814
1e+07 1.93388e+10 193388 0.0543375
1e+07 1.94132e+10 194132 0.0524553
1e+07 1.94878e+10 194878 0.0506354
1e+07 1.95628e+10 195628 0.0488712
1e+07 1.9638e+10 196380 0.0471658
1e+07 1.97136e+10 197136 0.045513
1e+07 1.97894e+10 197894 0.0439156
1e+07 1.98655e+10 198655 0.0423699
1e+07 1.99419e+10 199419 0.0408744
1e+07 2.00186e+10 200186 0.0394276
1e+07 2.00956e+10 200956 0.0380281
1e+07 2.01729e+10 201729 0.0366745
1e+07 2.02505e+10 202505 0.0353654
1e+07 2.03284e+10 203284 0.0340995
1e+07 2.04066e+10 204066 0.0328756
1e+07 2.04851e+10 204851 0.0316924
1e+07 2.05638e+10 205638 0.03055
1e+07 2.06429e+10 206429 0.0294445
1e+07 2.07223e+10 207223 0.0283761
1e+07 2.0802e+10 208020 0.0273436
1e+07 2.08821e+10 208821 0.0263448
1e+07 2.09624e+10 209624 0.0253811
1e+07 2.1043e+10 210430 0.0244502
1e+07 2.11239e+10 211239 0.023551
1e+07 2.12052e+10 212052 0.0226816
1e+07 2.12868e+10 212868 0.021842
1e+07 2.13686e+10 213686 0.0210324
1e+07 2.14508e+10 214508 0.0202498
1e+07 2.15333e+10 215333 0.0194944
1e+07 2.16161e+10 216161 0.0187653
1e+07 2.16993e+10 216993 0.0180608
1e+07 2.17827e+10 217827 0.0173819
1e+07 2.18665e+10 218665 0.016726
1e+07 2.19506e+10 219506 0.0160932
1e+07 2.20351e+10 220351 0.0154822
1e+07 2.21198e+10 221198 0.0148935
1e+07 2.22049e+10 222049 0.0143252
1e+07 2.22903e+10 222903 0.0137771
1e+07 2.2376e+10 223760 0.0132488
1e+07 2.24621e+10 224621 0.0127388
1e+07 2.25485e+10 225485 0.0122473
1e+07 2.26352e+10 226352 0.0117736
1e+07 2.27223e+10 227223 0.0113165
1e+07 2.28097e+10 228097 0.0108762
1e+07 2.28974e+10 228974 0.0104519
1e+07 2.29855e+10 229855 0.0100428
1e+07 2.30739e+10 230739 0.00964874
1e+07 2.31627e+10 231627 0.00926881
1e+07 2.32517e+10 232517 0.00890337
1e+07 2.33412e+10 233412 0.00855074
1e+07 2.3431e+10 234310 0.00821128
1e+07 2.35211e+10 235211 0.00788452
1e+07 2.36115e+10 236115 0.00757004
1e+07 2.37024e+10 237024 0.00726674
1e+07 2.37935e+10 237935 0.00697524
1e+07 2.3885e+10 238850 0.00669448
1e+07 2.39769e+10 239769 0.00642412
1e+07 2.40691e+10 240691 0.00616408
1e+07 2.41617e+10 241617 0.00591374
1e+07 2.42546e+10 242546 0.00567302
1e+07 2.43479e+10 243479 0.00544133
1e+07 2.44416e+10 244416 0.00521838
1e+07 2.45356e+10 245356 0.00500407
1e+07 2.463e+10 246300 0.0047979
1e+07 2.47247e+10 247247 0.00459978
1e+07 2.48198e+10 248198 0.00440923
1e+07 2.49153e+10 249153 0.00422598
1e+07 2.50111e+10 250111 0.00404996
1e+07 2.51073e+10 251073 0.00388073
1e+07 2.52039e+10 252039 0.00371806
1e+07 2.53008e+10 253008 0.00356187
1e+07 2.53981e+10 253981 0.00341177
1e+07 2.54958e+10 254958 0.00326755
1e+07 2.55939e+10 255939 0.00312898
1e+07 2.56923e+10 256923 0.00299601
1e+07 2.57911e+10 257911 0.0028683
1e+07 2.58903e+10 258903 0.00274565
1e+07 2.59899e+10 259899 0.00262789
1e+07 2.60899e+10 260899 0.00251483
1e+07 2.61902e+10 261902 0.00240641
1e+07 2.6291e+10 262910 0.00230225
1e+07 2.63921e+10 263921 0.00220239
1e+07 2.64936e+10 264936 0.00210657
1e+07 2.65955e+10 265955 0.00201465
1e+07 2.66978e+10 266978 0.00192647
1e+07 2.68005e+10 268005 0.00184191
1e+07 2.69036e+10 269036 0.00176081
1e+07 2.70071e+10 270071 0.00168306
1e+07 2.71109e+10 271109 0.00160859
1e+07 2.72152e+10 272152 0.00153714
1e+07 2.73199e+10 273199 0.00146867
1e+07 2.7425e+10 274250 0.00140306
1e+07 2.75304e+10 275304 0.00134025
1e+07 2.76363e+10 276363 0.00128003
1e+07 2.77426e+10 277426 0.00122235
1e+07 2.78493e+10 278493 0.00116711
1e+07 2.79565e+10 279565 0.00111417
1e+07 2.8064e+10 280640 0.00106354
1e+07 2.81719e+10 281719 0.00101507
1e+07 2.82803e+10 282803 0.000968633
1e+07 2.83891e+10 283891 0.000924199
1e+07 2.84983e+10 284983 0.000881686
1e+07 2.86079e+10 286079 0.000841015
1e+07 2.87179e+10 287179 0.000802114
1e+07 2.88284e+10 288284 0.000764878
1e+07 2.89392e+10 289392 0.000729305
1e+07 2.90506e+10 290506 0.000695234
1e+07 2.91623e+10 291623 0.000662694
1e+07 2.92745e+10 292745 0.000631567
1e+07 2.93871e+10 293871 0.000601822
1e+07 2.95001e+10 295001 0.000573402
1e+07 2.96136e+10 296136 0.000546228
1e+07 2.97275e+10 297275 0.000520273
1e+07 2.98418e+10 298418 0.000495487
1e+07 2.99566e+10 299566 0.000471799
1e+07 3.00718e+10 300718 0.000449184
1e+07 3.01875e+10 301875 0.000427579
1e+07 3.03036e+10 303036 0.00040696
1e+07 3.04201e+10 304201 0.000387284
1e+07 3.05371e+10 305371 0.000368496
1e+07 3.06546e+10 306546 0.000350558
1e+07 3.07725e+10 307725 0.00033345
1e+07 3.08909e+10 308909 0.000317122
1e+07 3.10097e+10 310097 0.000301554
1e+07 3.11289e+10 311289 0.000286713
1e+07 3.12487e+10 312487 0.000272544
1e+07 3.13689e+10 313689 0.000259041
1e+07 3.14895e+10 314895 0.000246176
1e+07 3.16106e+10 316106 0.000233909
1e+07 3.17322e+10 317322 0.000222215
1e+07 3.18543e+10 318543 0.00021107
1e+07 3.19768e+10 319768 0.000200458
1e+07 3.20998e+10 320998 0.000190346
1e+07 3.22233e+10 322233 0.000180714
1e+07 3.23472e+10 323472 0.000171547
1e+07 3.24716e+10 324716 0.000162818
1e+07 3.25965e+10 325965 0.000154506
1e+07 3.27219e+10 327219 0.000146593
1e+07 3.28477e+10 328477 0.000139068
1e+07 3.29741e+10 329741 0.000131902
1e+07 3.31009e+10 331009 0.000125088
1e+07 3.32282e+10 332282 0.000118607
1e+07 3.3356e+10 333560 0.000112442
1e+07 3.34843e+10 334843 0.00010658
1e+07 3.36131e+10 336131 0.000101006
1e+07 3.37424e+10 337424 9.57072e-05
1e+07 3.38722e+10 338722 9.06713e-05
1e+07 3.40025e+10 340025 8.58858e-05
1e+07 3.41333e+10 341333 8.13392e-05
1e+07 3.42645e+10 342645 7.70236e-05
1e+07 3.43963e+10 343963 7.29217e-05
1e+07 3.45286e+10 345286 6.90266e-05
1e+07 3.46614e+10 346614 6.53287e-05
1e+07 3.47948e+10 347948 6.18159e-05
1e+07 3.49286e+10 349286 5.84846e-05
1e+07 3.50629e+10 350629 5.53236e-05
1e+07 3.51978e+10 351978 5.23225e-05
1e+07 3.53332e+10 353332 4.9476e-05
1e+07 3.54691e+10 354691 4.67765e-05
1e+07 3.56055e+10 356055 4.42169e-05
1e+07 3.57425e+10 357425 4.17887e-05
1e+07 3.58799e+10 358799 3.94889e-05
1e+07 3.60179e+10 360179 3.7308e-05
1e+07 3.61565e+10 361565 3.52402e-05
1e+07 3.62955e+10 362955 3.32829e-05
1e+07 3.64351e+10 364351 3.14278e-05
1e+07 3.65753e+10 365753 2.967e-05
1e+07 3.6716e+10 367160 2.80058e-05
1e+07 3.68572e+10 368572 2.64307e-05
1e+07 3.69989e+10 369989 2.494e-05
1e+07 3.71413e+10 371413 2.35276e-05
1e+07 3.72841e+10 372841 2.21924e-05
1e+07 3.74275e+10 374275 2.09287e-05
1e+07 3.75715e+10 375715 1.9733e-05
1e+07 3.7716e+10 377160 1.86025e-05
1e+07 3.78611e+10 378611 1.75331e-05
1e+07 3.80067e+10 380067 1.65226e-05
1e+07 3.81529e+10 381529 1.55671e-05
1e+07 3.82996e+10 382996 1.46644e-05
1e+07 3.84469e+10 384469 1.38114e-05
1e+07 3.85948e+10 385948 1.30052e-05
1e+07 3.87433e+10 387433 1.22437e-05
1e+07 3.88923e+10 388923 1.15248e-05
1e+07 3.90419e+10 390419 1.0846e-05
1e+07 3.9192e+10 391920 1.02055e-05
1e+07 3.93428e+10 393428 9.60053e-06
1e+07 3.94941e+10 394941 9.02994e-06
1e+07 3.9646e+10 396460 8.49155e-06
1e+07 3.97985e+10 397985 7.98365e-06
1e+07 3.99516e+10 399516 7.50462e-06
1e+07 4.01052e+10 401052 7.05321e-06
1e+07 4.02595e+10 402595 6.62736e-06
1e+07 4.04143e+10 404143 6.22622e-06
1e+07 4.05698e+10 405698 5.84796e-06
1e+07 4.07258e+10 407258 5.49181e-06
1e+07 4.08825e+10 408825 5.15611e-06
1e+07 4.10397e+10 410397 4.84016e-06
1e+07 4.11976e+10 411976 4.54249e-06
1e+07 4.1356e+10 413560 4.26246e-06
1e+07 4.15151e+10 415151 3.99874e-06
1e+07 4.16748e+10 416748 3.75059e-06
1e+07 4.18351e+10 418351 3.51715e-06
1e+07 4.1996e+10 419960 3.2976e-06
1e+07 4.21575e+10 421575 3.09114e-06
1e+07 4.23197e+10 423197 2.89693e-06
1e+07 4.24824e+10 424824 2.7145e-06
1e+07 4.26458e+10 426458 2.54297e-06
1e+07 4.28099e+10 428099 2.38172e-06
1e+07 4.29745e+10 429745 2.23035e-06
1e+07 4.31398e+10 431398 2.08812e-06
1e+07 4.33057e+10 433057 1.95459e-06
1e+07 4.34723e+10 434723 1.82917e-06
1e+07 4.36395e+10 436395 1.71148e-06
1e+07 4.38074e+10 438074 1.60099e-06
1e+07 4.39759e+10 439759 1.49735e-06
1e+07 4.4145e+10 441450 1.40016e-06
1e+07 4.43148e+10 443148 1.30898e-06
1e+07 4.44853e+10 444853 1.22347e-06
1e+07 4.46564e+10 446564 1.14333e-06
1e+07 4.48281e+10 448281 1.06825e-06
1e+07 4.50005e+10 450005 9.97872e-07
1e+07 4.51736e+10 451736 9.31931e-07
1e+07 4.53474e+10 453474 8.70158e-07
1e+07 4.55218e+10 455218 8.12335e-07
1e+07 4.56969e+10 456969 7.58192e-07
1e+07 4.58727e+10 458727 7.07508e-07
1e+07 4.60491e+10 460491 6.60098e-07
1e+07 4.62262e+10 462262 6.15738e-07
1e+07 4.6404e+10 464040 5.74241e-07
1e+07 4.65825e+10 465825 5.35432e-07
1e+07 4.67617e+10 467617 4.99146e-07
1e+07 4.69415e+10 469415 4.65245e-07
1e+07 4.71221e+10 471221 4.33545e-07
1e+07 4.73033e+10 473033 4.03945e-07
1e+07 4.74853e+10 474853 3.7628e-07
1e+07 4.76679e+10 476679 3.50459e-07
1e+07 4.78513e+10 478513 3.26339e-07
1e+07 4.80353e+10 480353 3.03838e-07
1e+07 4.82201e+10 482201 2.8283e-07
1e+07 4.84055e+10 484055 2.63241e-07
1e+07 4.85917e+10 485917 2.44962e-07
1e+07 4.87786e+10 487786 2.27917e-07
1e+07 4.89662e+10 489662 2.12027e-07
1e+07 4.91546e+10 491546 1.97211e-07
1e+07 4.93436e+10 493436 1.83413e-07
1e+07 4.95334e+10 495334 1.70553e-07
1e+07 4.97239e+10 497239 1.58578e-07
1e+07 4.99152e+10 499152 1.47422e-07
1e+07 5.01072e+10 501072 1.37039e-07
1e+07 5.02999e+10 502999 1.27377e-07
1e+07 5.04934e+10 504934 1.18384e-07
1e+07 5.06876e+10 506876 1.1002e-07
1e+07 5.08825e+10 508825 1.02243e-07
1e+07 5.10783e+10 510783 9.50069e-08
1e+07 5.12747e+10 512747 8.82853e-08
1e+07 5.14719e+10 514719 8.20372e-08
1e+07 5.16699e+10 516699 7.62309e-08
1e+07 5.18687e+10 518687 7.08366e-08
1e+07 5.20682e+10 520682 6.58289e-08
1e+07 5.22684e+10 522684 6.11814e-08
1e+07 5.24695e+10 524695 5.6865e-08
1e+07 5.26713e+10 526713 5.28612e-08
1e+07 5.28739e+10 528739 4.91465e-08
1e+07 5.30772e+10 530772 4.57028e-08
1e+07 5.32814e+10 532814 4.25079e-08
1e+07 5.34863e+10 534863 3.95476e-08
1e+07 5.3692e+10 536920 3.68041e-08
1e+07 5.38986e+10 538986 3.42611e-08
1e+07 5.41059e+10 541059 3.19067e-08
1e+07 5.4314e+10 543140 2.97266e-08
1e+07 5.45229e+10 545229 2.77084e-08
1e+07 5.47326e+10 547326 2.58406e-08
1e+07 5.49431e+10 549431 2.41126e-08
1e+07 5.51544e+10 551544 2.25142e-08
1e+07 5.53666e+10 553666 2.10356e-08
1e+07 5.55795e+10 555795 1.96693e-08
1e+07 5.57933e+10 557933 1.84061e-08
1e+07 5.60079e+10 560079 1.72391e-08
1e+07 5.62233e+10 562233 1.61612e-08
1e+07 5.64396e+10 564396 1.51654e-08
1e+07 5.66567e+10 566567 1.42463e-08
1e+07 5.68746e+10 568746 1.33981e-08
1e+07 5.70934e+10 570934 1.26152e-08
1e+07 5.73129e+10 573129 1.18936e-08
1e+07 5.75334e+10 575334 1.12276e-08
1e+07 5.77547e+10 577547 1.06137e-08
1e+07 5.79768e+10 579768 1.00481e-08
1e+07 5.81998e+10 581998 9.52681e-09
1e+07 5.84237e+10 584237 9.04655e-09
1e+07 5.86484e+10 586484 8.60441e-09
1e+07 5.8874e+10 588740 8.19731e-09
1e+07 5.91004e+10 591004 7.82275e-09
1e+07 5.93277e+10 593277 7.47808e-09
1e+07 5.95559e+10 595559 7.16101e-09
1e+07 5.9785e+10 597850 6.86943e-09
1e+07 6.00149e+10 600149 6.60148e-09
1e+07 6.02458e+10 602458 6.35511e-09
1e+07 6.04775e+10 604775 6.12885e-09
1e+07 6.07101e+10 607101 5.92104e-09
1e+07 6.09436e+10 609436 5.73022e-09
1e+07 6.1178e+10 611780 5.55506e-09
1e+07 6.14133e+10 614133 5.39434e-09
1e+07 6.16496e+10 616496 5.24683e-09
1e+07 6.18867e+10 618867 5.11162e-09
1e+07 6.21247e+10 621247 4.98767e-09
1e+07 6.23637e+10 623637 4.87402e-09
1e+07 6.26035e+10 626035 4.76994e-09
1e+07 6.28443e+10 628443 4.67458e-09
1e+07 6.3086e+10 630860 4.58727e-09
1e+07 6.33287e+10 633287 4.50732e-09
1e+07 6.35723e+10 635723 4.43417e-09
1e+07 6.38168e+10 638168 4.36726e-09
1e+07 6.40623e+10 640623 4.30605e-09
1e+07 6.43087e+10 643087 4.2501e-09
1e+07 6.4556e+10 645560 4.19898e-09
1e+07 6.48043e+10 648043 4.15226e-09
1e+07 6.50536e+10 650536 4.10957e-09
1e+07 6.53038e+10 653038 4.07061e-09
1e+07 6.5555e+10 655550 4.03504e-09
1e+07 6.58071e+10 658071 4.00259e-09
1e+07 6.60602e+10 660602 3.97227e-09
1e+07 6.63143e+10 663143 3.94253e-09
1e+07 6.65694e+10 665694 3.91267e-09
1e+07 6.68254e+10 668254 3.88271e-09
1e+07 6.70824e+10 670824 3.85263e-09
1e+07 6.73405e+10 673405 3.82242e-09
1e+07 6.75995e+10 675995 3.79211e-09
1e+07 6.78595e+10 678595 3.76168e-09
1e+07 6.81205e+10 681205 3.73113e-09
1e+07 6.83825e+10 683825 3.70047e-09
1e+07 6.86455e+10 686455 3.66969e-09
1e+07 6.89096e+10 689096 3.63878e-09
1e+07 6.91746e+10 691746 3.60776e-09
1e+07 6.94407e+10 694407 3.57662e-09
1e+07 6.97078e+10 697078 3.54536e-09
1e+07 6.99759e+10 699759 3.51398e-09
1e+07 7.0245e+10 702450 3.48248e-09
1e+07 7.05152e+10 705152 3.45086e-09
1e+07 7.07864e+10 707864 3.41912e-09
1e+07 7.10587e+10 710587 3.38725e-09
1e+07 7.1332e+10 713320 3.35526e-09
1e+07 7.16064e+10 716064 3.32315e-09
1e+07 7.18818e+10 718818 3.29091e-09
1e+07 7.21583e+10 721583 3.25855e-09
1e+07 7.24358e+10 724358 3.22607e-09
1e+07 7.27144e+10 727144 3.19347e-09
1e+07 7.29941e+10 729941 3.16073e-09
1e+07 7.32749e+10 732749 3.12787e-09
1e+07 7.35567e+10 735567 3.09489e-09
1e+07 7.38396e+10 738396 3.06178e-09
1e+07 7.41236e+10 741236 3.02854e-09
1e+07 7.44087e+10 744087 2.99517e-09
1e+07 7.46949e+10 746949 2.96167e-09
1e+07 7.49822e+10 749822 2.92805e-09
1e+07 7.52706e+10 752706 2.89429e-09
1e+07 7.55601e+10 755601 2.86041e-09
1e+07 7.58508e+10 758508 2.82639e-09
1e+07 7.61425e+10 761425 2.79225e-09
1e+07 7.64354e+10 764354 2.75797e-09
1e+07 7.67294e+10 767294 2.72356e-09
1e+07 7.70245e+10 770245 2.68902e-09
1e+07 7.73208e+10 773208 2.65434e-09
1e+07 7.76182e+10 776182 2.61953e-09
1e+07 7.79167e+10 779167 2.5846e-09
1e+07 7.82164e+10 782164 2.54952e-09
1e+07 7.85172e+10 785172 2.51432e-09
1e+07 7.88192e+10 788192 2.47897e-09
1e+07 7.91224e+10 791224 2.44348e-09
1e+07 7.94267e+10 794267 2.40787e-09
1e+07 7.97322e+10 797322 2.37211e-09
1e+07 8.00389e+10 800389 2.33622e-09
1e+07 8.03468e+10 803468 2.30018e-09
1e+07 8.06558e+10 806558 2.26402e-09
1e+07 8.0966e+10 809660 2.22771e-09
1e+07 8.12774e+10 812774 2.19127e-09
1e+07 8.15901e+10 815901 2.15467e-09
1e+07 8.19039e+10 819039 2.11794e-09
1e+07 8.22189e+10 822189 2.08107e-09
1e+07 8.25351e+10 825351 2.04407e-09
1e+07 8.28526e+10 828526 2.00691e-09
1e+07 8.31713e+10 831713 1.96961e-09
1e+07 8.34912e+10 834912 1.93217e-09
1e+07 8.38123e+10 838123 1.89459e-09
1e+07 8.41347e+10 841347 1.85685e-09
1e+07 8.44583e+10 844583 1.81898e-09
1e+07 8.47831e+10 847831 1.78096e-09
1e+07 8.51092e+10 851092 1.7428e-09
1e+07 8.54366e+10 854366 1.70448e-09
1e+07 8.57652e+10 857652 1.66602e-09
1e+07 8.60951e+10 860951 1.62741e-09
1e+07 8.64262e+10 864262 1.58866e-09
1e+07 8.67586e+10 867586 1.54975e-09
1e+07 8.70923e+10 870923 1.5107e-09
1e+07 8.74273e+10 874273 1.47149e-09
1e+07 8.77636e+10 877636 1.43213e-09
1e+07 8.81012e+10 881012 1.39262e-09
1e+07 8.844e+10 884400 1.35297e-09
1e+07 8.87802e+10 887802 1.31315e-09
1e+07 8.91217e+10 891217 1.27318e-09
1e+07 8.94645e+10 894645 1.23306e-09
1e+07 8.98086e+10 898086 1.19279e-09
1e+07 9.0154e+10 901540 1.15236e-09
1e+07 9.05008e+10 905008 1.11177e-09
1e+07 9.08489e+10 908489 1.07103e-09
1e+07 9.11983e+10 911983 1.03014e-09
1e+07 9.15491e+10 915491 9.89081e-10
1e+07 9.19012e+10 919012 9.47872e-10
1e+07 9.22547e+10 922547 9.06499e-10
1e+07 9.26095e+10 926095 8.64973e-10
1e+07 9.29657e+10 929657 8.23284e-10
1e+07 9.33233e+10 933233 7.81431e-10
1e+07 9.36822e+10 936822 7.39426e-10
1e+07 9.40426e+10 940426 6.97246e-10
1e+07 9.44043e+10 944043 6.54913e-10
1e+07 9.47674e+10 947674 6.12416e-10
1e+07 9.51319e+10 951319 5.69755e-10
1e+07 9.54978e+10 954978 5.26931e-10
1e+07 9.58651e+10 958651 4.83943e-10
1e+07 9.62338e+10 962338 4.40791e-10
1e+07 9.6604e+10 966040 3.97463e-10
1e+07 9.69755e+10 969755 3.53983e-10
1e+07 9.73485e+10 973485 3.10328e-10
1e+07 9.7723e+10 977230 2.66497e-10
1e+07 9.80988e+10 980988 2.22514e-10
1e+07 9.84762e+10 984762 1.78343e-10
1e+07 9.88549e+10 988549 1.34021e-10
1e+07 9.92352e+10 992352 8.95111e-11
1e+07 9.96168e+10 996168 4.48492e-11
1e+07 1e+11 1e+06 0

1e+08 1e+06 10 1.09829e+11
1e+08 1.00385e+06 10.0385 1.08988e+11
1e+08 1.00771e+06 10.0771 1.08155e+11
1e+08 1.01158e+06 10.1158 1.07328e+11
1e+08 1.01547e+06 10.1547 1.06507e+11
1e+08 1.01938e+06 10.1938 1.05692e+11
1e+08 1.0233e+06 10.233 1.04883e+11
1e+08 1.02724e+06 10.2724 1.0408e+11
1e+08 1.03119e+06 10.3119 1.03284e+11
1e+08 1.03515e+06 10.3515 1.02495e+11
1e+08 1.03914e+06 10.3914 1.01709e+11
1e+08 1.04313e+06 10.4313 1.00932e+11
1e+08 1.04714e+06 10.4714 1.0016e+11
1e+08 1.05117e+06 10.5117 9.93934e+10
1e+08 1.05522e+06 10.5522 9.86316e+10
1e+08 1.05927e+06 10.5927 9.78786e+10
1e+08 1.06335e+06 10.6335 9.71287e+10
1e+08 1.06744e+06 10.6744 9.63855e+10
1e+08 1.07154e+06 10.7154 9.56491e+10
1e+08 1.07567e+06 10.7567 9.49157e+10
1e+08 1.0798e+06 10.798 9.41908e+10
1e+08 1.08396e+06 10.8396 9.3469e+10
1e+08 1.08813e+06 10.8813 9.27537e+10
1e+08 1.09231e+06 10.9231 9.20449e+10
1e+08 1.09651e+06 10.9651 9.13408e+10
1e+08 1.10073e+06 11.0073 9.06416e+10
1e+08 1.10496e+06 11.0496 8.99487e+10
1e+08 1.10921e+06 11.0921 8.92604e+10
1e+08 1.11348e+06 11.1348 8.85769e+10
1e+08 1.11776e+06 11.1776 8.78996e+10
1e+08 1.12206e+06 11.2206 8.7227e+10
1e+08 1.12638e+06 11.2638 8.65589e+10
1e+08 1.13071e+06 11.3071 8.5897e+10
1e+08 1.13506e+06 11.3506 8.52396e+10
1e+08 1.13942e+06 11.3942 8.45883e+10
1e+08 1.14381e+06 11.4381 8.394e+10
1e+08 1.14821e+06 11.4821 8.32976e+10
1e+08 1.15262e+06 11.5262 8.26612e+10
1e+08 1.15706e+06 11.5706 8.20278e+10
1e+08 1.16151e+06 11.6151 8.14002e+10
1e+08 1.16597e+06 11.6597 8.07784e+10
1e+08 1.17046e+06 11.7046 8.01596e+10
1e+08 1.17496e+06 11.7496 7.95466e+10
1e+08 1.17948e+06 11.7948 7.89378e+10
1e+08 1.18402e+06 11.8402 7.83334e+10
1e+08 1.18857e+06 11.8857 7.77346e+10
1e+08 1.19314e+06 11.9314 7.714e+10
1e+08 1.19773e+06 11.9773 7.65496e+10
1e+08 1.20234e+06 12.0234 7.59635e+10
1e+08 1.20696e+06 12.0696 7.53829e+10
1e+08 1.21161e+06 12.1161 7.48051e+10
1e+08 1.21627e+06 12.1627 7.42328e+10
1e+08 1.22094e+06 12.2094 7.36658e+10
1e+08 1.22564e+06 12.2564 7.31016e+10
1e+08 1.23035e+06 12.3035 7.25428e+10
1e+08 1.23509e+06 12.3509 7.19868e+10
1e+08 1.23984e+06 12.3984 7.14361e+10
1e+08 1.24461e+06 12.4461 7.08893e+10
1e+08 1.24939e+06 12.4939 7.03477e+10
1e+08 1.2542e+06 12.542 6.98089e+10
1e+08 1.25902e+06 12.5902 6.92752e+10
1e+08 1.26386e+06 12.6386 6.87454e+10
1e+08 1.26873e+06 12.6873 6.82185e+10
1e+08 1.27361e+06 12.7361 6.76965e+10
1e+08 1.2785e+06 12.785 6.71794e+10
1e+08 1.28342e+06 12.8342 6.66651e+10
1e+08 1.28836e+06 12.8836 6.61546e+10
1e+08 1.29331e+06 12.9331 6.5649e+10
1e+08 1.29829e+06 12.9829 6.51461e+10
1e+08 1.30328e+06 13.0328 6.4648e+10
1e+08 1.30829e+06 13.0829 6.41536e+10
1e+08 1.31333e+06 13.1333 6.36619e+10
1e+08 1.31838e+06 13.1838 6.31749e+10
1e+08 1.32345e+06 13.2345 6.26916e+10
1e+08 1.32854e+06 13.2854 6.2212e+10
1e+08 1.33365e+06 13.3365 6.17359e+10
1e+08 1.33878e+06 13.3878 6.12635e+10
1e+08 1.34393e+06 13.4393 6.07947e+10
1e+08 1.3491e+06 13.491 6.03294e+10
1e+08 1.35429e+06 13.5429 5.98677e+10
1e+08 1.3595e+06 13.595 5.94095e+10
1e+08 1.36472e+06 13.6472 5.89557e+10
1e+08 1.36997e+06 13.6997 5.85045e+10
1e+08 1.37524e+06 13.7524 5.80567e+10
1e+08 1.38053e+06 13.8053 5.76125e+10
1e+08 1.38584e+06 13.8584 5.71716e+10
1e+08 1.39117e+06 13.9117 5.67342e+10
1e+08 1.39652e+06 13.9652 5.63001e+10
1e+08 1.4019e+06 14.019 5.58686e+10
1e+08 1.40729e+06 14.0729 5.54413e+10
1e+08 1.4127e+06 14.127 5.50173e+10
1e+08 1.41813e+06 14.1813 5.45966e+10
1e+08 1.42359e+06 14.2359 5.41784e+10
1e+08 1.42906e+06 14.2906 5.37642e+10
1e+08 1.43456e+06 14.3456 5.33525e+10
1e+08 1.44008e+06 14.4008 5.29441e+10
1e+08 1.44562e+06 14.4562 5.25389e+10
1e+08 1.45118e+06 14.5118 5.21369e+10
1e+08 1.45676e+06 14.5676 5.17381e+10
1e+08 1.46236e+06 14.6236 5.13424e+10
1e+08 1.46799e+06 14.6799 5.09491e+10
1e+08 1.47363e+06 14.7363 5.05597e+10
1e+08 1.4793e+06 14.793 5.01727e+10
1e+08 1.48499e+06 14.8499 4.97887e+10
1e+08 1.4907e+06 14.907 4.94078e+10
1e+08 1.49644e+06 14.9644 4.90293e+10
1e+08 1.50219e+06 15.0219 4.86545e+10
1e+08 1.50797e+06 15.0797 4.82821e+10
1e+08 1.51377e+06 15.1377 4.79126e+10
1e+08 1.51959e+06 15.1959 4.75461e+10
1e+08 1.52544e+06 15.2544 4.7182e+10
1e+08 1.5313e+06 15.313 4.68214e+10
1e+08 1.53719e+06 15.3719 4.64631e+10
1e+08 1.54311e+06 15.4311 4.61071e+10
1e+08 1.54904e+06 15.4904 4.57546e+10
1e+08 1.555e+06 15.55 4.54043e+10
1e+08 1.56098e+06 15.6098 4.50569e+10
1e+08 1.56699e+06 15.6699 4.47118e+10
1e+08 1.57301e+06 15.7301 4.437e+10
1e+08 1.57906e+06 15.7906 4.40305e+10
1e+08 1.58514e+06 15.8514 4.36932e+10
1e+08 1.59123e+06 15.9123 4.33592e+10
1e+08 1.59735e+06 15.9735 4.30274e+10
1e+08 1.6035e+06 16.035 4.26978e+10
1e+08 1.60967e+06 16.0967 4.2371e+10
1e+08 1.61586e+06 16.1586 4.20468e+10
1e+08 1.62207e+06 16.2207 4.17253e+10
1e+08 1.62831e+06 16.2831 4.14059e+10
1e+08 1.63457e+06 16.3457 4.10892e+10
1e+08 1.64086e+06 16.4086 4.07746e+10
1e+08 1.64717e+06 16.4717 4.04627e+10
1e+08 1.65351e+06 16.5351 4.01528e+10
1e+08 1.65987e+06 16.5987 3.98455e+10
1e+08 1.66625e+06 16.6625 3.95408e+10
1e+08 1.67266e+06 16.7266 3.92382e+10
1e+08 1.67909e+06 16.7909 3.8938e+10
1e+08 1.68555e+06 16.8555 3.864e+10
1e+08 1.69204e+06 16.9204 3.8344e+10
1e+08 1.69854e+06 16.9854 3.80509e+10
1e+08 1.70508e+06 17.0508 3.77594e+10
1e+08 1.71163e+06 17.1163 3.74708e+10
1e+08 1.71822e+06 17.1822 3.71838e+10
1e+08 1.72483e+06 17.2483 3.68991e+10
1e+08 1.73146e+06 17.3146 3.66169e+10
1e+08 1.73812e+06 17.3812 3.63367e+10
1e+08 1.74481e+06 17.4481 3.60584e+10
1e+08 1.75152e+06 17.5152 3.57825e+10
1e+08 1.75825e+06 17.5825 3.5509e+10
1e+08 1.76502e+06 17.6502 3.52369e+10
1e+08 1.77181e+06 17.7181 3.49672e+10
1e+08 1.77862e+06 17.7862 3.46998e+10
1e+08 1.78546e+06 17.8546 3.44343e+10
1e+08 1.79233e+06 17.9233 3.41707e+10
1e+08 1.79922e+06 17.9922 3.39093e+10
1e+08 1.80614e+06 18.0614 3.36498e+10
1e+08 1.81309e+06 18.1309 3.33922e+10
1e+08 1.82006e+06 18.2006 3.31368e+10
1e+08 1.82706e+06 18.2706 3.28832e+10
1e+08 1.83409e+06 18.3409 3.26314e+10
1e+08 1.84115e+06 18.4115 3.23815e+10
1e+08 1.84823e+06 18.4823 3.21337e+10
1e+08 1.85534e+06 18.5534 3.18878e+10
1e+08 1.86247e+06 18.6247 3.16439e+10
1e+08 1.86964e+06 18.6964 3.14016e+10
1e+08 1.87683e+06 18.7683 3.11613e+10
1e+08 1.88405e+06 18.8405 3.09228e+10
1e+08 1.89129e+06 18.9129 3.06863e+10
1e+08 1.89857e+06 18.9857 3.04513e+10
1e+08 1.90587e+06 19.0587 3.02183e+10
1e+08 1.9132e+06 19.132 2.99871e+10
1e+08 1.92056e+06 19.2056 2.97575e+10
1e+08 1.92795e+06 19.2795 2.95297e+10
1e+08 1.93536e+06 19.3536 2.93038e+10
1e+08 1.94281e+06 19.4281 2.90794e+10
1e+08 1.95028e+06 19.5028 2.88569e+10
1e+08 1.95778e+06 19.5778 2.86361e+10
1e+08 1.96531e+06 19.6531 2.84169e+10
1e+08 1.97287e+06 19.7287 2.81994e+10
1e+08 1.98046e+06 19.8046 2.79836e+10
1e+08 1.98808e+06 19.8808 2.77693e+10
1e+08 1.99572e+06 19.9572 2.7557e+10
1e+08 2.0034e+06 20.034 2.7346e+10
1e+08 2.0111e+06 20.111 2.71368e+10
1e+08 2.01884e+06 20.1884 2.6929e+10
1e+08 2.0266e+06 20.266 2.6723e+10
1e+08 2.0344e+06 20.344 2.65184e+10
1e+08 2.04222e+06 20.4222 2.63155e+10
1e+08 2.05008e+06 20.5008 2.6114e+10
1e+08 2.05796e+06 20.5796 2.59143e+10
1e+08 2.06588e+06 20.6588 2.57158e+10
1e+08 2.07383e+06 20.7383 2.55189e+10
1e+08 2.0818e+06 20.818 2.53237e+10
1e+08 2.08981e+06 20.8981 2.51299e+10
1e+08 2.09785e+06 20.9785 2.49375e+10
1e+08 2.10592e+06 21.0592 2.47466e+10
1e+08 2.11402e+06 21.1402 2.45572e+10
1e+08 2.12215e+06 21.2215 2.43692e+10
1e+08 2.13031e+06 21.3031 2.41828e+10
1e+08 2.1385e+06 21.385 2.39978e+10
1e+08 2.14673e+06 21.4673 2.3814e+10
1e+08 2.15499e+06 21.5499 2.36317e+10
1e+08 2.16327e+06 21.6327 2.3451e+10
1e+08 2.1716e+06 21.716 2.32713e+10
1e+08 2.17995e+06 21.7995 2.30932e+10
1e+08 2.18833e+06 21.8833 2.29166e+10
1e+08 2.19675e+06 21.9675 2.27411e+10
1e+08 2.2052e+06 22.052 2.2567e+10
1e+08 2.21368e+06 22.1368 2.23943e+10
1e+08 2.2222e+06 22.222 2.22228e+10
1e+08 2.23074e+06 22.3074 2.20529e+10
1e+08 2.23932e+06 22.3932 2.18841e+10
1e+08 2.24794e+06 22.4794 2.17164e+10
1e+08 2.25658e+06 22.5658 2.15503e+10
1e+08 2.26526e+06 22.6526 2.13854e+10
1e+08 2.27397e+06 22.7397 2.12217e+10
1e+08 2.28272e+06 22.8272 2.10592e+10
1e+08 2.2915e+06 22.915 2.0898e+10
1e+08 2.30031e+06 23.0031 2.07382e+10
1e+08 2.30916e+06 23.0916 2.05794e+10
1e+08 2.31804e+06 23.1804 2.04219e+10
1e+08 2.32696e+06 23.2696 2.02655e+10
1e+08 2.33591e+06 23.3591 2.01104e+10
1e+08 2.34489e+06 23.4489 1.99565e+10
1e+08 2.35391e+06 23.5391 1.98038e+10
1e+08 2.36297e+06 23.6297 1.96521e+10
1e+08 2.37206e+06 23.7206 1.95016e+10
1e+08 2.38118e+06 23.8118 1.93524e+10
1e+08 2.39034e+06 23.9034 1.92043e+10
1e+08 2.39953e+06 23.9953 1.90573e+10
1e+08 2.40876e+06 24.0876 1.89114e+10
1e+08 2.41803e+06 24.1803 1.87666e+10
1e+08 2.42733e+06 24.2733 1.8623e+10
1e+08 2.43666e+06 24.3666 1.84805e+10
1e+08 2.44604e+06 24.4604 1.83389e+10
1e+08 2.45544e+06 24.5544 1.81987e+10
1e+08 2.46489e+06 24.6489 1.80593e+10
1e+08 2.47437e+06 24.7437 1.79211e+10
1e+08 2.48389e+06 24.8389 1.77838e+10
1e+08 2.49344e+06 24.9344 1.76478e+10
1e+08 2.50303e+06 25.0303 1.75127e+10
1e+08 2.51266e+06 25.1266 1.73786e+10
1e+08 2.52232e+06 25.2232 1.72456e+10
1e+08 2.53202e+06 25.3202 1.71136e+10
1e+08 2.54176e+06 25.4176 1.69826e+10
1e+08 2.55154e+06 25.5154 1.68526e+10
1e+08 2.56135e+06 25.6135 1.67236e+10
1e+08 2.57121e+06 25.7121 1.65955e+10
1e+08 2.58109e+06 25.8109 1.64686e+10
1e+08 2.59102e+06 25.9102 1.63425e+10
1e+08 2.60099e+06 26.0099 1.62173e+10
1e+08 2.61099e+06 26.1099 1.60932e+10
1e+08 2.62104e+06 26.2104 1.59699e+10
1e+08 2.63112e+06 26.3112 1.58477e+10
1e+08 2.64124e+06 26.4124 1.57264e+10
1e+08 2.6514e+06 26.514 1.5606e+10
1e+08 2.66159e+06 26.6159 1.54866e+10
1e+08 2.67183e+06 26.7183 1.5368e+10
1e+08 2.68211e+06 26.8211 1.52503e+10
1e+08 2.69242e+06 26.9242 1.51337e+10
1e+08 2.70278e+06 27.0278 1.50178e+10
1e+08 2.71318e+06 27.1318 1.49028e+10
1e+08 2.72361e+06 27.2361 1.47887e+10
1e+08 2.73409e+06 27.3409 1.46755e+10
1e+08 2.7446e+06 27.446 1.45632e+10
1e+08 2.75516e+06 27.5516 1.44517e+10
1e+08 2.76576e+06 27.6576 1.4341e+10
1e+08 2.77639e+06 27.7639 1.42313e+10
1e+08 2.78707e+06 27.8707 1.41223e+10
1e+08 2.79779e+06 27.9779 1.40142e+10
1e+08 2.80855e+06 28.0855 1.3907e+10
1e+08 2.81936e+06 28.1936 1.38004e+10
1e+08 2.8302e+06 28.302 1.36948e+10
1e+08 2.84109e+06 28.4109 1.35899e+10
1e+08 2.85201e+06 28.5201 1.3486e+10
1e+08 2.86298e+06 28.6298 1.33827e+10
1e+08 2.874e+06 28.74 1.32802e+10
1e+08 2.88505e+06 28.8505 1.31786e+10
1e+08 2.89615e+06 28.9615 1.30776e+10
1e+08 2.90729e+06 29.0729 1.29775e+10
1e+08 2.91847e+06 29.1847 1.28782e+10
1e+08 2.92969e+06 29.2969 1.27796e+10
1e+08 2.94096e+06 29.4096 1.26818e+10
1e+08 2.95227e+06 29.5227 1.25847e+10
1e+08 2.96363e+06 29.6363 1.24883e+10
1e+08 2.97503e+06 29.7503 1.23927e+10
1e+08 2.98647e+06 29.8647 1.22978e+10
1e+08 2.99796e+06 29.9796 1.22037e+10
1e+08 3.00949e+06 30.0949 1.21102e+10
1e+08 3.02106e+06 30.2106 1.20176e+10
1e+08 3.03268e+06 30.3268 1.19256e+10
1e+08 3.04435e+06 30.4435 1.18342e+10
1e+08 3.05606e+06 30.5606 1.17436e+10
1e+08 3.06781e+06 30.6781 1.16537e+10
1e+08 3.07961e+06 30.7961 1.15645e+10
1e+08 3.09146e+06 30.9146 1.14759e+10
1e+08 3.10335e+06 31.0335 1.13881e+10
1e+08 3.11529e+06 31.1529 1.13009e+10
1e+08 3.12727e+06 31.2727 1.12143e+10
1e+08 3.1393e+06 31.393 1.11285e+10
1e+08 3.15137e+06 31.5137 1.10433e+10
1e+08 3.16349e+06 31.6349 1.09588e+10
1e+08 3.17566e+06 31.7566 1.08748e+10
1e+08 3.18787e+06 31.8787 1.07916e+10
1e+08 3.20014e+06 32.0014 1.07089e+10
1e+08 3.21244e+06 32.1244 1.0627e+10
1e+08 3.2248e+06 32.248 1.05456e+10
1e+08 3.2372e+06 32.372 1.04649e+10
1e+08 3.24966e+06 32.4966 1.03847e+10
1e+08 3.26215e+06 32.6215 1.03052e+10
1e+08 3.2747e+06 32.747 1.02263e+10
1e+08 3.2873e+06 32.873 1.0148e+10
1e+08 3.29994e+06 32.9994 1.00703e+10
1e+08 3.31263e+06 33.1263 9.99322e+09
1e+08 3.32537e+06 33.2537 9.91671e+09
1e+08 3.33817e+06 33.3817 9.84073e+09
1e+08 3.351e+06 33.51 9.76543e+09
1e+08 3.36389e+06 33.6389 9.69065e+09
1e+08 3.37683e+06 33.7683 9.61644e+09
1e+08 3.38982e+06 33.8982 9.5428e+09
1e+08 3.40286e+06 34.0286 9.46972e+09
1e+08 3.41595e+06 34.1595 9.3972e+09
1e+08 3.42909e+06 34.2909 9.32524e+09
1e+08 3.44228e+06 34.4228 9.25383e+09
1e+08 3.45552e+06 34.5552 9.18298e+09
1e+08 3.46881e+06 34.6881 9.11266e+09
1e+08 3.48215e+06 34.8215 9.0429e+09
1e+08 3.49554e+06 34.9554 8.97367e+09
1e+08 3.50899e+06 35.0899 8.90493e+09
1e+08 3.52248e+06 35.2248 8.83678e+09
1e+08 3.53603e+06 35.3603 8.7691e+09
1e+08 3.54963e+06 35.4963 8.70196e+09
1e+08 3.56329e+06 35.6329 8.63529e+09
1e+08 3.57699e+06 35.7699 8.56919e+09
1e+08 3.59075e+06 35.9075 8.50356e+09
1e+08 3.60456e+06 36.0456 8.43845e+09
1e+08 3.61842e+06 36.1842 8.37385e+09
1e+08 3.63234e+06 36.3234 8.30972e+09
1e+08 3.64631e+06 36.4631 8.24609e+09
1e+08 3.66034e+06 36.6034 8.18292e+09
1e+08 3.67442e+06 36.7442 8.12025e+09
1e+08 3.68855e+06 36.8855 8.05808e+09
1e+08 3.70274e+06 37.0274 7.99637e+09
1e+08 3.71698e+06 37.1698 7.93514e+09
1e+08 3.73128e+06 37.3128 7.87436e+09
1e+08 3.74563e+06 37.4563 7.81406e+09
1e+08 3.76003e+06 37.6003 7.75425e+09
1e+08 3.7745e+06 37.745 7.69484e+09
1e+08 3.78901e+06 37.8901 7.63594e+09
1e+08 3.80359e+06 38.0359 7.57744e+09
1e+08 3.81822e+06 38.1822 7.51941e+09
1e+08 3.8329e+06 38.329 7.46185e+09
1e+08 3.84765e+06 38.4765 7.40468e+09
1e+08 3.86244e+06 38.6244 7.34801e+09
1e+08 3.8773e+06 38.773 7.29172e+09
1e+08 3.89221e+06 38.9221 7.23589e+09
1e+08 3.90718e+06 39.0718 7.18048e+09
1e+08 3.92221e+06 39.2221 7.12548e+09
1e+08 3.9373e+06 39.373 7.0709e+09
1e+08 3.95244e+06 39.5244 7.01676e+09
1e+08 3.96765e+06 39.6765 6.963e+09
1e+08 3.98291e+06 39.8291 6.90967e+09
1e+08 3.99823e+06 39.9823 6.85675e+09
1e+08 4.0136e+06 40.136 6.80427e+09
1e+08 4.02904e+06 40.2904 6.75215e+09
1e+08 4.04454e+06 40.4454 6.70043e+09
1e+08 4.06009e+06 40.6009 6.64913e+09
1e+08 4.07571e+06 40.7571 6.5982e+09
1e+08 4.09139e+06 40.9139 6.54765e+09
1e+08 4.10712e+06 41.0712 6.49753e+09
1e+08 4.12292e+06 41.2292 6.44775e+09
1e+08 4.13878e+06 41.3878 6.39836e+09
1e+08 4.1547e+06 41.547 6.34936e+09
1e+08 4.17068e+06 41.7068 6.30073e+09
1e+08 4.18672e+06 41.8672 6.25248e+09
1e+08 4.20282e+06 42.0282 6.2046e+09
1e+08 4.21899e+06 42.1899 6.15706e+09
1e+08 4.23522e+06 42.3522 6.1099e+09
1e+08 4.25151e+06 42.5151 6.0631e+09
1e+08 4.26786e+06 42.6786 6.01667e+09
1e+08 4.28427e+06 42.8427 5.9706e+09
1e+08 4.30075e+06 43.0075 5.92487e+09
1e+08 4.3173e+06 43.173 5.87947e+09
1e+08 4.3339e+06 43.339 5.83445e+09
1e+08 4.35057e+06 43.5057 5.78976e+09
1e+08 4.3673e+06 43.673 5.74542e+09
1e+08 4.3841e+06 43.841 5.70141e+09
1e+08 4.40096e+06 44.0096 5.65775e+09
1e+08 4.41789e+06 44.1789 5.6144e+09
1e+08 4.43488e+06 44.3488 5.57141e+09
1e+08 4.45194e+06 44.5194 5.52873e+09
1e+08 4.46907e+06 44.6907 5.48636e+09
1e+08 4.48626e+06 44.8626 5.44434e+09
1e+08 4.50351e+06 45.0351 5.40265e+09
1e+08 4.52083e+06 45.2083 5.36127e+09
1e+08 4.53822e+06 45.3822 5.3202e+09
1e+08 4.55568e+06 45.5568 5.27943e+09
1e+08 4.5732e+06 45.732 5.239e+09
1e+08 4.59079e+06 45.9079 5.19887e+09
1e+08 4.60845e+06 46.0845 5.15904e+09
1e+08 4.62617e+06 46.2617 5.11953e+09
1e+08 4.64397e+06 46.4397 5.0803e+09
1e+08 4.66183e+06 46.6183 5.04139e+09
1e+08 4.67976e+06 46.7976 5.00278e+09
1e+08 4.69776e+06 46.9776 4.96445e+09
1e+08 4.71583e+06 47.1583 4.92642e+09
1e+08 4.73397e+06 47.3397 4.88868e+09
1e+08 4.75217e+06 47.5217 4.85125e+09
1e+08 4.77045e+06 47.7045 4.81408e+09
1e+08 4.7888e+06 47.888 4.7772e+09
1e+08 4.80722e+06 48.0722 4.7406e+09
1e+08 4.82571e+06 48.2571 4.70429e+09
1e+08 4.84427e+06 48.4427 4.66825e+09
1e+08 4.8629e+06 48.629 4.63249e+09
1e+08 4.88161e+06 48.8161 4.59699e+09
1e+08 4.90038e+06 49.0038 4.56179e+09
1e+08 4.91923e+06 49.1923 4.52684e+09
1e+08 4.93815e+06 49.3815 4.49216e+09
1e+08 4.95715e+06 49.5715 4.45774e+09
1e+08 4.97621e+06 49.7621 4.4236e+09
1e+08 4.99535e+06 49.9535 4.38971e+09
1e+08 5.01457e+06 50.1457 4.35607e+09
1e+08 5.03385e+06 50.3385 4.32271e+09
1e+08 5.05322e+06 50.5322 4.28958e+09
1e+08 5.07265e+06 50.7265 4.25672e+09
1e+08 5.09216e+06 50.9216 4.22411e+09
1e+08 5.11175e+06 51.1175 4.19175e+09
1e+08 5.13141e+06 51.3141 4.15963e+09
1e+08 5.15115e+06 51.5115 4.12776e+09
1e+08 5.17096e+06 51.7096 4.09614e+09
1e+08 5.19085e+06 51.9085 4.06476e+09
1e+08 5.21081e+06 52.1081 4.03362e+09
1e+08 5.23086e+06 52.3086 4.00271e+09
1e+08 5.25098e+06 52.5098 3.97204e+09
1e+08 5.27117e+06 52.7117 3.94162e+09
1e+08 5.29145e+06 52.9145 3.91141e+09
1e+08 5.3118e+06 53.118 3.88144e+09
1e+08 5.33223e+06 53.3223 3.85171e+09
1e+08 5.35274e+06 53.5274 3.82219e+09
1e+08 5.37333e+06 53.7333 3.7929e+09
1e+08 5.394e+06 53.94 3.76384e+09
1e+08 5.41474e+06 54.1474 3.73501e+09
1e+08 5.43557e+06 54.3557 3.70639e+09
1e+08 5.45648e+06 54.5648 3.67799e+09
1e+08 5.47746e+06 54.7746 3.64981e+09
1e+08 5.49853e+06 54.9853 3.62184e+09
1e+08 5.51968e+06 55.1968 3.59409e+09
1e+08 5.54091e+06 55.4091 3.56655e+09
1e+08 5.56222e+06 55.6222 3.53923e+09
1e+08 5.58362e+06 55.8362 3.5121e+09
1e+08 5.60509e+06 56.0509 3.4852e+09
1e+08 5.62665e+06 56.2665 3.45849e+09
1e+08 5.64829e+06 56.4829 3.43199e+09
1e+08 5.67002e+06 56.7002 3.40569e+09
1e+08 5.69183e+06 56.9183 3.37959e+09
1e+08 5.71372e+06 57.1372 3.35369e+09
1e+08 5.7357e+06 57.357 3.32799e+09
1e+08 5.75776e+06 57.5776 3.30249e+09
1e+08 5.7799e+06 57.799 3.27719e+09
1e+08 5.80214e+06 58.0214 3.25207e+09
1e+08 5.82445e+06 58.2445 3.22715e+09
1e+08 5.84685e+06 58.4685 3.20243e+09
1e+08 5.86934e+06 58.6934 3.17788e+09
1e+08 5.89192e+06 58.9192 3.15353e+09
1e+08 5.91458e+06 59.1458 3.12936e+09
1e+08 5.93733e+06 59.3733 3.10538e+09
1e+08 5.96017e+06 59.6017 3.08158e+09
1e+08 5.98309e+06 59.8309 3.05797e+09
1e+08 6.0061e+06 60.061 3.03454e+09
1e+08 6.02921e+06 60.2921 3.01127e+09
1e+08 6.0524e+06 60.524 2.98819e+09
1e+08 6.07567e+06 60.7567 2.9653e+09
1e+08 6.09904e+06 60.9904 2.94258e+09
1e+08 6.1225e+06 61.225 2.92002e+09
1e+08 6.14605e+06 61.4605 2.89764e+09
1e+08 6.16969e+06 61.6969 2.87544e+09
1e+08 6.19342e+06 61.9342 2.8534e+09
1e+08 6.21724e+06 62.1724 2.83153e+09
1e+08 6.24116e+06 62.4116 2.80983e+09
1e+08 6.26516e+06 62.6516 2.7883e+09
1e+08 6.28926e+06 62.8926 2.76692e+09
1e+08 6.31345e+06 63.1345 2.74572e+09
1e+08 6.33773e+06 63.3773 2.72468e+09
1e+08 6.36211e+06 63.6211 2.70379e+09
1e+08 6.38658e+06 63.8658 2.68307e+09
1e+08 6.41115e+06 64.1115 2.6625e+09
1e+08 6.4358e+06 64.358 2.6421e+09
1e+08 6.46056e+06 64.6056 2.62184e+09
1e+08 6.48541e+06 64.8541 2.60175e+09
1e+08 6.51035e+06 65.1035 2.58181e+09
1e+08 6.53539e+06 65.3539 2.56202e+09
1e+08 6.56053e+06 65.6053 2.54238e+09
1e+08 6.58576e+06 65.8576 2.5229e+09
1e+08 6.6111e+06 66.111 2.50355e+09
1e+08 6.63652e+06 66.3652 2.48437e+09
1e+08 6.66205e+06 66.6205 2.46532e+09
1e+08 6.68767e+06 66.8767 2.44643e+09
1e+08 6.7134e+06 67.134 2.42767e+09
1e+08 6.73922e+06 67.3922 2.40906e+09
1e+08 6.76514e+06 67.6514 2.3906e+09
1e+08 6.79116e+06 67.9116 2.37227e+09
1e+08 6.81728e+06 68.1728 2.35409e+09
1e+08 6.8435e+06 68.435 2.33604e+09
1e+08 6.86982e+06 68.6982 2.31814e+09
1e+08 6.89625e+06 68.9625 2.30036e+09
1e+08 6.92277e+06 69.2277 2.28273e+09
1e+08 6.9494e+06 69.494 2.26523e+09
1e+08 6.97613e+06 69.7613 2.24787e+09
1e+08 7.00296e+06 70.0296 2.23063e+09
1e+08 7.0299e+06 70.299 2.21353e+09
1e+08 7.05694e+06 70.5694 2.19656e+09
1e+08 7.08408e+06 70.8408 2.17972e+09
1e+08 7.11133e+06 71.1133 2.16301e+09
1e+08 7.13868e+06 71.3868 2.14643e+09
1e+08 7.16614e+06 71.6614 2.12997e+09
1e+08 7.1937e+06 71.937 2.11365e+09
1e+08 7.22137e+06 72.2137 2.09744e+09
1e+08 7.24914e+06 72.4914 2.08137e+09
1e+08 7.27703e+06 72.7703 2.0654e+09
1e+08 7.30502e+06 73.0502 2.04957e+09
1e+08 7.33311e+06 73.3311 2.03386e+09
1e+08 7.36132e+06 73.6132 2.01826e+09
1e+08 7.38963e+06 73.8963 2.00279e+09
1e+08 7.41806e+06 74.1806 1.98743e+09
1e+08 7.44659e+06 74.4659 1.97219e+09
1e+08 7.47523e+06 74.7523 1.95707e+09
1e+08 7.50398e+06 75.0398 1.94207e+09
1e+08 7.53284e+06 75.3284 1.92718e+09
1e+08 7.56182e+06 75.6182 1.9124e+09
1e+08 7.5909e+06 75.909 1.89774e+09
1e+08 7.6201e+06 76.201 1.88319e+09
1e+08 7.64941e+06 76.4941 1.86875e+09
1e+08 7.67883e+06 76.7883 1.85442e+09
1e+08 7.70837e+06 77.0837 1.8402e+09
1e+08 7.73801e+06 77.3801 1.82609e+09
1e+08 7.76778e+06 77.6778 1.81209e+09
1e+08 7.79765e+06 77.9765 1.79819e+09
1e+08 7.82765e+06 78.2765 1.7844e+09
1e+08 7.85775e+06 78.5775 1.77072e+09
1e+08 7.88798e+06 78.8798 1.75714e+09
1e+08 7.91832e+06 79.1832 1.74367e+09
1e+08 7.94877e+06 79.4877 1.7303e+09
1e+08 7.97935e+06 79.7935 1.71703e+09
1e+08 8.01004e+06 80.1004 1.70386e+09
1e+08 8.04085e+06 80.4085 1.69079e+09
1e+08 8.07177e+06 80.7177 1.67783e+09
1e+08 8.10282e+06 81.0282 1.66496e+09
1e+08 8.13399e+06 81.3399 1.65219e+09
1e+08 8.16527e+06 81.6527 1.63952e+09
1e+08 8.19668e+06 81.9668 1.62695e+09
1e+08 8.2282e+06 82.282 1.61448e+09
1e+08 8.25985e+06 82.5985 1.60209e+09
1e+08 8.29162e+06 82.9162 1.58981e+09
1e+08 8.32352e+06 83.2352 1.57761e+09
1e+08 8.35553e+06 83.5553 1.56551e+09
1e+08 8.38767e+06 83.8767 1.55351e+09
1e+08 8.41993e+06 84.1993 1.54159e+09
1e+08 8.45231e+06 84.5231 1.52977e+09
1e+08 8.48482e+06 84.8482 1.51804e+09
1e+08 8.51746e+06 85.1746 1.50639e+09
1e+08 8.55022e+06 85.5022 1.49484e+09
1e+08 8.58311e+06 85.8311 1.48337e+09
1e+08 8.61612e+06 86.1612 1.472e+09
1e+08 8.64926e+06 86.4926 1.46071e+09
1e+08 8.68253e+06 86.8253 1.4495e+09
1e+08 8.71592e+06 87.1592 1.43839e+09
1e+08 8.74945e+06 87.4945 1.42735e+09
1e+08 8.7831e+06 87.831 1.4164e+09
1e+08 8.81688e+06 88.1688 1.40554e+09
1e+08 8.8508e+06 88.508 1.39476e+09
1e+08 8.88484e+06 88.8484 1.38406e+09
1e+08 8.91901e+06 89.1901 1.37344e+09
1e+08 8.95332e+06 89.5332 1.3629e+09
1e+08 8.98775e+06 89.8775 1.35245e+09
1e+08 9.02232e+06 90.2232 1.34208e+09
1e+08 9.05703e+06 90.5703 1.33178e+09
1e+08 9.09186e+06 90.9186 1.32157e+09
1e+08 9.12683e+06 91.2683 1.31143e+09
1e+08 9.16194e+06 91.6194 1.30137e+09
1e+08 9.19718e+06 91.9718 1.29138e+09
1e+08 9.23255e+06 92.3255 1.28148e+09
1e+08 9.26806e+06 92.6806 1.27165e+09
1e+08 9.30371e+06 93.0371 1.26189e+09
1e+08 9.3395e+06 93.395 1.25221e+09
1e+08 9.37542e+06 93.7542 1.2426e+09
1e+08 9.41148e+06 94.1148 1.23307e+09
1e+08 9.44768e+06 94.4768 1.22361e+09
1e+08 9.48402e+06 94.8402 1.21422e+09
1e+08 9.5205e+06 95.205 1.2049e+09
1e+08 9.55711e+06 95.5711 1.19566e+09
1e+08 9.59387e+06 95.9387 1.18649e+09
1e+08 9.63077e+06 96.3077 1.17738e+09
1e+08 9.66782e+06 96.6782 1.16835e+09
1e+08 9.705e+06 97.05 1.15939e+09
1e+08 9.74233e+06 97.4233 1.15049e+09
1e+08 9.7798e+06 97.798 1.14166e+09
1e+08 9.81742e+06 98.1742 1.1329e+09
1e+08 9.85518e+06 98.5518 1.12421e+09
1e+08 9.89309e+06 98.9309 1.11558e+09
1e+08 9.93114e+06 99.3114 1.10702e+09
1e+08 9.96934e+06 99.6934 1.09853e+09
1e+08 1.00077e+07 100.077 1.09009e+09
1e+08 1.00462e+07 100.462 1.08173e+09
1e+08 1.00848e+07 100.848 1.07344e+09
1e+08 1.01236e+07 101.236 1.0652e+09
1e+08 1.01625e+07 101.625 1.05703e+09
1e+08 1.02016e+07 102.016 1.04892e+09
1e+08 1.02409e+07 102.409 1.04085e+09
1e+08 1.02803e+07 102.803 1.03286e+09
1e+08 1.03198e+07 103.198 1.02495e+09
1e+08 1.03595e+07 103.595 1.01708e+09
1e+08 1.03993e+07 103.993 1.00928e+09
1e+08 1.04393e+07 104.393 1.00154e+09
1e+08 1.04795e+07 104.795 9.93841e+08
1e+08 1.05198e+07 105.198 9.86215e+08
1e+08 1.05603e+07 105.603 9.78639e+08
1e+08 1.06009e+07 106.009 9.71131e+08
1e+08 1.06417e+07 106.417 9.63673e+08
1e+08 1.06826e+07 106.826 9.56282e+08
1e+08 1.07237e+07 107.237 9.4894e+08
1e+08 1.07649e+07 107.649 9.41665e+08
1e+08 1.08063e+07 108.063 9.34438e+08
1e+08 1.08479e+07 108.479 9.2726e+08
1e+08 1.08896e+07 108.896 9.20146e+08
1e+08 1.09315e+07 109.315 9.13081e+08
1e+08 1.09735e+07 109.735 9.0608e+08
1e+08 1.10157e+07 110.157 8.99126e+08
1e+08 1.10581e+07 110.581 8.9222e+08
1e+08 1.11007e+07 111.007 8.8536e+08
1e+08 1.11433e+07 111.433 8.78579e+08
1e+08 1.11862e+07 111.862 8.71829e+08
1e+08 1.12292e+07 112.292 8.6514e+08
1e+08 1.12724e+07 112.724 8.58498e+08
1e+08 1.13158e+07 113.158 8.51901e+08
1e+08 1.13593e+07 113.593 8.45364e+08
1e+08 1.1403e+07 114.03 8.38873e+08
1e+08 1.14469e+07 114.469 8.32427e+08
1e+08 1.14909e+07 114.909 8.26041e+08
1e+08 1.15351e+07 115.351 8.19699e+08
1e+08 1.15794e+07 115.794 8.13415e+08
1e+08 1.1624e+07 116.24 8.07161e+08
1e+08 1.16687e+07 116.687 8.00966e+08
1e+08 1.17136e+07 117.136 7.94814e+08
1e+08 1.17586e+07 117.586 7.88718e+08
1e+08 1.18039e+07 118.039 7.82653e+08
1e+08 1.18493e+07 118.493 7.76644e+08
1e+08 1.18948e+07 118.948 7.70691e+08
1e+08 1.19406e+07 119.406 7.64767e+08
1e+08 1.19865e+07 119.865 7.58898e+08
1e+08 1.20326e+07 120.326 7.53071e+08
1e+08 1.20789e+07 120.789 7.47287e+08
1e+08 1.21254e+07 121.254 7.41543e+08
1e+08 1.2172e+07 121.72 7.35854e+08
1e+08 1.22188e+07 122.188 7.30205e+08
1e+08 1.22658e+07 122.658 7.24598e+08
1e+08 1.2313e+07 123.13 7.19031e+08
1e+08 1.23603e+07 123.603 7.13516e+08
1e+08 1.24079e+07 124.079 7.0803e+08
1e+08 1.24556e+07 124.556 7.02596e+08
1e+08 1.25035e+07 125.035 6.97201e+08
1e+08 1.25516e+07 125.516 6.91846e+08
1e+08 1.25999e+07 125.999 6.8653e+08
1e+08 1.26484e+07 126.484 6.81253e+08
1e+08 1.2697e+07 126.97 6.76026e+08
1e+08 1.27458e+07 127.458 6.70838e+08
1e+08 1.27949e+07 127.949 6.65678e+08
1e+08 1.28441e+07 128.441 6.60567e+08
1e+08 1.28935e+07 128.935 6.55493e+08
1e+08 1.29431e+07 129.431 6.50458e+08
1e+08 1.29929e+07 129.929 6.4546e+08
1e+08 1.30428e+07 130.428 6.4051e+08
1e+08 1.3093e+07 130.93 6.35587e+08
1e+08 1.31434e+07 131.434 6.30701e+08
1e+08 1.31939e+07 131.939 6.25861e+08
1e+08 1.32447e+07 132.447 6.21049e+08
1e+08 1.32956e+07 132.956 6.16282e+08
1e+08 1.33467e+07 133.467 6.11552e+08
1e+08 1.33981e+07 133.981 6.06848e+08
1e+08 1.34496e+07 134.496 6.02189e+08
1e+08 1.35013e+07 135.013 5.97566e+08
1e+08 1.35533e+07 135.533 5.92969e+08
1e+08 1.36054e+07 136.054 5.88416e+08
1e+08 1.36577e+07 136.577 5.83899e+08
1e+08 1.37103e+07 137.103 5.79407e+08
1e+08 1.3763e+07 137.63 5.74958e+08
1e+08 1.38159e+07 138.159 5.70544e+08
1e+08 1.38691e+07 138.691 5.66156e+08
1e+08 1.39224e+07 139.224 5.61809e+08
1e+08 1.3976e+07 139.76 5.57489e+08
1e+08 1.40297e+07 140.297 5.5321e+08
1e+08 1.40837e+07 140.837 5.48956e+08
1e+08 1.41379e+07 141.379 5.44736e+08
1e+08 1.41922e+07 141.922 5.40556e+08
1e+08 1.42468e+07 142.468 5.36402e+08
1e+08 1.43016e+07 143.016 5.3228e+08
1e+08 1.43566e+07 143.566 5.28191e+08
1e+08 1.44118e+07 144.118 5.24133e+08
1e+08 1.44673e+07 144.673 5.20101e+08
1e+08 1.45229e+07 145.229 5.16107e+08
1e+08 1.45788e+07 145.788 5.12138e+08
1e+08 1.46349e+07 146.349 5.08201e+08
1e+08 1.46911e+07 146.911 5.04301e+08
1e+08 1.47477e+07 147.477 5.00419e+08
1e+08 1.48044e+07 148.044 4.96575e+08
1e+08 1.48613e+07 148.613 4.92762e+08
1e+08 1.49185e+07 149.185 4.88972e+08
1e+08 1.49759e+07 149.759 4.85212e+08
1e+08 1.50335e+07 150.335 4.81483e+08
1e+08 1.50913e+07 150.913 4.77784e+08
1e+08 1.51493e+07 151.493 4.74115e+08
1e+08 1.52076e+07 152.076 4.70469e+08
1e+08 1.52661e+07 152.661 4.66852e+08
1e+08 1.53248e+07 153.248 4.63265e+08
1e+08 1.53838e+07 153.838 4.597e+08
1e+08 1.54429e+07 154.429 4.56171e+08
1e+08 1.55023e+07 155.023 4.52664e+08
1e+08 1.5562e+07 155.62 4.4918e+08
1e+08 1.56218e+07 156.218 4.4573e+08
1e+08 1.56819e+07 156.819 4.42303e+08
1e+08 1.57422e+07 157.422 4.38904e+08
1e+08 1.58028e+07 158.028 4.35527e+08
1e+08 1.58635e+07 158.635 4.32183e+08
1e+08 1.59246e+07 159.246 4.28856e+08
1e+08 1.59858e+07 159.858 4.25561e+08
1e+08 1.60473e+07 160.473 4.22289e+08
1e+08 1.6109e+07 161.09 4.19043e+08
1e+08 1.6171e+07 161.71 4.15819e+08
1e+08 1.62332e+07 162.332 4.12622e+08
1e+08 1.62956e+07 162.956 4.09451e+08
1e+08 1.63583e+07 163.583 4.06302e+08
1e+08 1.64212e+07 164.212 4.03179e+08
1e+08 1.64844e+07 164.844 4.00077e+08
1e+08 1.65478e+07 165.478 3.97e+08
1e+08 1.66114e+07 166.114 3.9395e+08
1e+08 1.66753e+07 166.753 3.9092e+08
1e+08 1.67395e+07 167.395 3.87911e+08
1e+08 1.68038e+07 168.038 3.84932e+08
1e+08 1.68685e+07 168.685 3.81969e+08
1e+08 1.69334e+07 169.334 3.7903e+08
1e+08 1.69985e+07 169.985 3.76117e+08
1e+08 1.70639e+07 170.639 3.73223e+08
1e+08 1.71295e+07 171.295 3.70354e+08
1e+08 1.71954e+07 171.954 3.67505e+08
1e+08 1.72615e+07 172.615 3.6468e+08
1e+08 1.73279e+07 173.279 3.61875e+08
1e+08 1.73946e+07 173.946 3.59089e+08
1e+08 1.74615e+07 174.615 3.56327e+08
1e+08 1.75286e+07 175.286 3.53589e+08
1e+08 1.7596e+07 175.96 3.5087e+08
1e+08 1.76637e+07 176.637 3.4817e+08
1e+08 1.77317e+07 177.317 3.4549e+08
1e+08 1.77999e+07 177.999 3.42832e+08
1e+08 1.78683e+07 178.683 3.40197e+08
1e+08 1.79371e+07 179.371 3.37577e+08
1e+08 1.80061e+07 180.061 3.3498e+08
1e+08 1.80753e+07 180.753 3.32405e+08
1e+08 1.81448e+07 181.448 3.29848e+08
1e+08 1.82146e+07 182.146 3.2731e+08
1e+08 1.82847e+07 182.847 3.24791e+08
1e+08 1.8355e+07 183.55 3.22293e+08
1e+08 1.84256e+07 184.256 3.19813e+08
1e+08 1.84965e+07 184.965 3.17351e+08
1e+08 1.85676e+07 185.676 3.14911e+08
1e+08 1.8639e+07 186.39 3.12488e+08
1e+08 1.87107e+07 187.107 3.10083e+08
1e+08 1.87827e+07 187.827 3.07696e+08
1e+08 1.88549e+07 188.549 3.0533e+08
1e+08 1.89275e+07 189.275 3.02978e+08
1e+08 1.90003e+07 190.003 3.00646e+08
1e+08 1.90733e+07 190.733 2.98335e+08
1e+08 1.91467e+07 191.467 2.96038e+08
1e+08 1.92203e+07 192.203 2.93761e+08
1e+08 1.92943e+07 192.943 2.91498e+08
1e+08 1.93685e+07 193.685 2.89255e+08
1e+08 1.9443e+07 194.43 2.87028e+08
1e+08 1.95178e+07 195.178 2.84819e+08
1e+08 1.95928e+07 195.928 2.82629e+08
1e+08 1.96682e+07 196.682 2.80452e+08
1e+08 1.97438e+07 197.438 2.78295e+08
1e+08 1.98198e+07 198.198 2.76151e+08
1e+08 1.9896e+07 198.96 2.74026e+08
1e+08 1.99725e+07 199.725 2.71917e+08
1e+08 2.00494e+07 200.494 2.69822e+08
1e+08 2.01265e+07 201.265 2.67745e+08
1e+08 2.02039e+07 202.039 2.65684e+08
1e+08 2.02816e+07 202.816 2.63639e+08
1e+08 2.03596e+07 203.596 2.6161e+08
1e+08 2.04379e+07 204.379 2.59596e+08
1e+08 2.05165e+07 205.165 2.57597e+08
1e+08 2.05954e+07 205.954 2.55614e+08
1e+08 2.06747e+07 206.747 2.53644e+08
1e+08 2.07542e+07 207.542 2.51692e+08
1e+08 2.0834e+07 208.34 2.49754e+08
1e+08 2.09141e+07 209.141 2.47832e+08
1e+08 2.09946e+07 209.946 2.45922e+08
1e+08 2.10753e+07 210.753 2.4403e+08
1e+08 2.11564e+07 211.564 2.4215e+08
1e+08 2.12378e+07 212.378 2.40284e+08
1e+08 2.13195e+07 213.195 2.38433e+08
1e+08 2.14015e+07 214.015 2.36597e+08
1e+08 2.14838e+07 214.838 2.34775e+08
1e+08 2.15664e+07 215.664 2.32968e+08
1e+08 2.16494e+07 216.494 2.31173e+08
1e+08 2.17326e+07 217.326 2.29393e+08
1e+08 2.18162e+07 218.162 2.27626e+08
1e+08 2.19001e+07 219.001 2.25873e+08
1e+08 2.19844e+07 219.844 2.24132e+08
1e+08 2.20689e+07 220.689 2.22407e+08
1e+08 2.21538e+07 221.538 2.20693e+08
1e+08 2.2239e+07 222.39 2.18993e+08
1e+08 2.23246e+07 223.246 2.17305e+08
1e+08 2.24104e+07 224.104 2.15632e+08
1e+08 2.24966e+07 224.966 2.13971e+08
1e+08 2.25832e+07 225.832 2.12321e+08
1e+08 2.267e+07 226.7 2.10687e+08
1e+08 2.27572e+07 227.572 2.09063e+08
1e+08 2.28447e+07 228.447 2.07453e+08
1e+08 2.29326e+07 229.326 2.05854e+08
1e+08 2.30208e+07 230.208 2.04268e+08
1e+08 2.31094e+07 231.094 2.02693e+08
1e+08 2.31982e+07 231.982 2.01133e+08
1e+08 2.32875e+07 232.875 1.99581e+08
1e+08 2.3377e+07 233.77 1.98045e+08
1e+08 2.3467e+07 234.67 1.96517e+08
1e+08 2.35572e+07 235.572 1.95004e+08
1e+08 2.36478e+07 236.478 1.93501e+08
1e+08 2.37388e+07 237.388 1.92009e+08
1e+08 2.38301e+07 238.301 1.90529e+08
1e+08 2.39217e+07 239.217 1.89061e+08
1e+08 2.40138e+07 240.138 1.87603e+08
1e+08 2.41061e+07 241.061 1.86158e+08
1e+08 2.41988e+07 241.988 1.84723e+08
1e+08 2.42919e+07 242.919 1.83299e+08
1e+08 2.43854e+07 243.854 1.81885e+08
1e+08 2.44791e+07 244.791 1.80484e+08
1e+08 2.45733e+07 245.733 1.79092e+08
1e+08 2.46678e+07 246.678 1.77712e+08
1e+08 2.47627e+07 247.627 1.76341e+08
1e+08 2.48579e+07 248.579 1.74982e+08
1e+08 2.49536e+07 249.536 1.73632e+08
1e+08 2.50495e+07 250.495 1.72294e+08
1e+08 2.51459e+07 251.459 1.70965e+08
1e+08 2.52426e+07 252.426 1.69647e+08
1e+08 2.53397e+07 253.397 1.68339e+08
1e+08 2.54372e+07 254.372 1.6704e+08
1e+08 2.5535e+07 255.35 1.65753e+08
1e+08 2.56332e+07 256.332 1.64475e+08
1e+08 2.57318e+07 257.318 1.63206e+08
1e+08 2.58308e+07 258.308 1.61947e+08
1e+08 2.59301e+07 259.301 1.60699e+08
1e+08 2.60299e+07 260.299 1.59459e+08
1e+08 2.613e+07 261.3 1.58229e+08
1e+08 2.62305e+07 262.305 1.57009e+08
1e+08 2.63314e+07 263.314 1.55798e+08
1e+08 2.64327e+07 264.327 1.54596e+08
1e+08 2.65343e+07 265.343 1.53404e+08
1e+08 2.66364e+07 266.364 1.5222e+08
1e+08 2.67388e+07 267.388 1.51046e+08
1e+08 2.68417e+07 268.417 1.49881e+08
1e+08 2.69449e+07 269.449 1.48725e+08
1e+08 2.70486e+07 270.486 1.47577e+08
1e+08 2.71526e+07 271.526 1.46438e+08
1e+08 2.7257e+07 272.57 1.45309e+08
1e+08 2.73619e+07 273.619 1.44187e+08
1e+08 2.74671e+07 274.671 1.43075e+08
1e+08 2.75728e+07 275.728 1.4197e+08
1e+08 2.76788e+07 276.788 1.40876e+08
1e+08 2.77853e+07 277.853 1.39788e+08
1e+08 2.78921e+07 278.921 1.3871e+08
1e+08 2.79994e+07 279.994 1.37639e+08
1e+08 2.81071e+07 281.071 1.36577e+08
1e+08 2.82152e+07 282.152 1.35523e+08
1e+08 2.83237e+07 283.237 1.34477e+08
1e+08 2.84327e+07 284.327 1.33439e+08
1e+08 2.8542e+07 285.42 1.32409e+08
1e+08 2.86518e+07 286.518 1.31387e+08
1e+08 2.8762e+07 287.62 1.30373e+08
1e+08 2.88727e+07 288.727 1.29366e+08
1e+08 2.89837e+07 289.837 1.28368e+08
1e+08 2.90952e+07 290.952 1.27377e+08
1e+08 2.92071e+07 292.071 1.26393e+08
1e+08 2.93194e+07 293.194 1.25418e+08
1e+08 2.94322e+07 294.322 1.24449e+08
1e+08 2.95454e+07 295.454 1.23488e+08
1e+08 2.96591e+07 296.591 1.22534e+08
1e+08 2.97731e+07 297.731 1.21589e+08
1e+08 2.98877e+07 298.877 1.20649e+08
1e+08 3.00026e+07 300.026 1.19718e+08
1e+08 3.0118e+07 301.18 1.18794e+08
1e+08 3.02339e+07 302.339 1.17876e+08
1e+08 3.03501e+07 303.501 1.16966e+08
1e+08 3.04669e+07 304.669 1.16062e+08
1e+08 3.05841e+07 305.841 1.15166e+08
1e+08 3.07017e+07 307.017 1.14277e+08
1e+08 3.08198e+07 308.198 1.13394e+08
1e+08 3.09383e+07 309.383 1.12518e+08
1e+08 3.10573e+07 310.573 1.11649e+08
1e+08 3.11768e+07 311.768 1.10786e+08
1e+08 3.12967e+07 312.967 1.0993e+08
1e+08 3.14171e+07 314.171 1.09081e+08
1e+08 3.15379e+07 315.379 1.08239e+08
1e+08 3.16592e+07 316.592 1.07402e+08
1e+08 3.1781e+07 317.81 1.06572e+08
1e+08 3.19032e+07 319.032 1.05749e+08
1e+08 3.20259e+07 320.259 1.04932e+08
1e+08 3.21491e+07 321.491 1.04121e+08
1e+08 3.22728e+07 322.728 1.03316e+08
1e+08 3.23969e+07 323.969 1.02518e+08
1e+08 3.25215e+07 325.215 1.01726e+08
1e+08 3.26466e+07 326.466 1.0094e+08
1e+08 3.27722e+07 327.722 1.00159e+08
1e+08 3.28982e+07 328.982 9.93854e+07
1e+08 3.30248e+07 330.248 9.86168e+07
1e+08 3.31518e+07 331.518 9.78547e+07
1e+08 3.32793e+07 332.793 9.70983e+07
1e+08 3.34073e+07 334.073 9.63478e+07
1e+08 3.35358e+07 335.358 9.56029e+07
1e+08 3.36648e+07 336.648 9.48638e+07
1e+08 3.37943e+07 337.943 9.41303e+07
1e+08 3.39242e+07 339.242 9.3403e+07
1e+08 3.40547e+07 340.547 9.26807e+07
1e+08 3.41857e+07 341.857 9.1964e+07
1e+08 3.43172e+07 343.172 9.12528e+07
1e+08 3.44492e+07 344.492 9.05472e+07
1e+08 3.45817e+07 345.817 8.9847e+07
1e+08 3.47147e+07 347.147 8.91522e+07
1e+08 3.48482e+07 348.482 8.84629e+07
1e+08 3.49823e+07 349.823 8.77784e+07
1e+08 3.51168e+07 351.168 8.70997e+07
1e+08 3.52519e+07 352.519 8.64259e+07
1e+08 3.53875e+07 353.875 8.57573e+07
1e+08 3.55236e+07 355.236 8.5094e+07
1e+08 3.56602e+07 356.602 8.44359e+07
1e+08 3.57974e+07 357.974 8.37825e+07
1e+08 3.59351e+07 359.351 8.31343e+07
1e+08 3.60733e+07 360.733 8.24912e+07
1e+08 3.6212e+07 362.12 8.18532e+07
1e+08 3.63513e+07 363.513 8.12198e+07
1e+08 3.64911e+07 364.911 8.05915e+07
1e+08 3.66315e+07 366.315 7.99676e+07
1e+08 3.67724e+07 367.724 7.93488e+07
1e+08 3.69138e+07 369.138 7.87349e+07
1e+08 3.70558e+07 370.558 7.81255e+07
1e+08 3.71983e+07 371.983 7.7521e+07
1e+08 3.73414e+07 373.414 7.69209e+07
1e+08 3.7485e+07 374.85 7.63257e+07
1e+08 3.76292e+07 376.292 7.57348e+07
1e+08 3.77739e+07 377.739 7.51487e+07
1e+08 3.79192e+07 379.192 7.45669e+07
1e+08 3.80651e+07 380.651 7.39895e+07
1e+08 3.82115e+07 382.115 7.34167e+07
1e+08 3.83585e+07 383.585 7.28482e+07
1e+08 3.8506e+07 385.06 7.22843e+07
1e+08 3.86541e+07 386.541 7.17247e+07
1e+08 3.88028e+07 388.028 7.11692e+07
1e+08 3.8952e+07 389.52 7.06183e+07
1e+08 3.91019e+07 391.019 7.00712e+07
1e+08 3.92523e+07 392.523 6.95285e+07
1e+08 3.94032e+07 394.032 6.89903e+07
1e+08 3.95548e+07 395.548 6.84558e+07
1e+08 3.97069e+07 397.069 6.79258e+07
1e+08 3.98597e+07 398.597 6.73994e+07
1e+08 4.0013e+07 400.13 6.68774e+07
1e+08 4.01669e+07 401.669 6.63593e+07
1e+08 4.03214e+07 403.214 6.58452e+07
1e+08 4.04764e+07 404.764 6.53354e+07
1e+08 4.06321e+07 406.321 6.48292e+07
1e+08 4.07884e+07 407.884 6.43268e+07
1e+08 4.09453e+07 409.453 6.38284e+07
1e+08 4.11028e+07 411.028 6.33338e+07
1e+08 4.12609e+07 412.609 6.2843e+07
1e+08 4.14196e+07 414.196 6.2356e+07
1e+08 4.15789e+07 415.789 6.18728e+07
1e+08 4.17388e+07 417.388 6.13933e+07
1e+08 4.18994e+07 418.994 6.09173e+07
1e+08 4.20605e+07 420.605 6.04454e+07
1e+08 4.22223e+07 422.223 5.99768e+07
1e+08 4.23847e+07 423.847 5.95118e+07
1e+08 4.25477e+07 425.477 5.90506e+07
1e+08 4.27114e+07 427.114 5.85927e+07
1e+08 4.28757e+07 428.757 5.81384e+07
1e+08 4.30406e+07 430.406 5.76876e+07
1e+08 4.32061e+07 432.061 5.72405e+07
1e+08 4.33723e+07 433.723 5.67966e+07
1e+08 4.35391e+07 435.391 5.63562e+07
1e+08 4.37066e+07 437.066 5.59191e+07
1e+08 4.38747e+07 438.747 5.54855e+07
1e+08 4.40434e+07 440.434 5.50553e+07
1e+08 4.42129e+07 442.129 5.46281e+07
1e+08 4.43829e+07 443.829 5.42045e+07
1e+08 4.45536e+07 445.536 5.37841e+07
1e+08 4.4725e+07 447.25 5.33668e+07
1e+08 4.4897e+07 448.97 5.29529e+07
1e+08 4.50697e+07 450.697 5.2542e+07
1e+08 4.5243e+07 452.43 5.21345e+07
1e+08 4.54171e+07 454.171 5.17298e+07
1e+08 4.55918e+07 455.918 5.13284e+07
1e+08 4.57671e+07 457.671 5.09303e+07
1e+08 4.59431e+07 459.431 5.05351e+07
1e+08 4.61199e+07 461.199 5.01428e+07
1e+08 4.62972e+07 462.972 4.97538e+07
1e+08 4.64753e+07 464.753 4.93676e+07
1e+08 4.66541e+07 466.541 4.89843e+07
1e+08 4.68335e+07 468.335 4.86042e+07
1e+08 4.70137e+07 470.137 4.82268e+07
1e+08 4.71945e+07 471.945 4.78525e+07
1e+08 4.7376e+07 473.76 4.7481e+07
1e+08 4.75582e+07 475.582 4.71124e+07
1e+08 4.77412e+07 477.412 4.67465e+07
1e+08 4.79248e+07 479.248 4.63836e+07
1e+08 4.81091e+07 481.091 4.60235e+07
1e+08 4.82942e+07 482.942 4.5666e+07
1e+08 4.84799e+07 484.799 4.53114e+07
1e+08 4.86664e+07 486.664 4.49595e+07
1e+08 4.88536e+07 488.536 4.46102e+07
1e+08 4.90415e+07 490.415 4.42638e+07
1e+08 4.92301e+07 492.301 4.392e+07
1e+08 4.94195e+07 494.195 4.35787e+07
1e+08 4.96095e+07 496.095 4.32403e+07
1e+08 4.98004e+07 498.004 4.29042e+07
1e+08 4.99919e+07 499.919 4.2571e+07
1e+08 5.01842e+07 501.842 4.22402e+07
1e+08 5.03772e+07 503.772 4.1912e+07
1e+08 5.0571e+07 505.71 4.15862e+07
1e+08 5.07655e+07 507.655 4.12631e+07
1e+08 5.09607e+07 509.607 4.09425e+07
1e+08 5.11568e+07 511.568 4.06241e+07
1e+08 5.13535e+07 513.535 4.03085e+07
1e+08 5.1551e+07 515.51 3.99952e+07
1e+08 5.17493e+07 517.493 3.96843e+07
1e+08 5.19484e+07 519.484 3.93757e+07
1e+08 5.21482e+07 521.482 3.90695e+07
1e+08 5.23487e+07 523.487 3.87659e+07
1e+08 5.25501e+07 525.501 3.84644e+07
1e+08 5.27522e+07 527.522 3.81653e+07
1e+08 5.29551e+07 529.551 3.78685e+07
1e+08 5.31588e+07 531.588 3.7574e+07
1e+08 5.33633e+07 533.633 3.72817e+07
1e+08 5.35685e+07 535.685 3.69918e+07
1e+08 5.37746e+07 537.746 3.6704e+07
1e+08 5.39814e+07 539.814 3.64186e+07
1e+08 5.4189e+07 541.89 3.61353e+07
1e+08 5.43974e+07 543.974 3.58542e+07
1e+08 5.46067e+07 546.067 3.55752e+07
1e+08 5.48167e+07 548.167 3.52984e+07
1e+08 5.50276e+07 550.276 3.50237e+07
1e+08 5.52392e+07 552.392 3.47512e+07
1e+08 5.54517e+07 554.517 3.44807e+07
1e+08 5.5665e+07 556.65 3.42123e+07
1e+08 5.58791e+07 558.791 3.3946e+07
1e+08 5.6094e+07 560.94 3.36818e+07
1e+08 5.63097e+07 563.097 3.34197e+07
1e+08 5.65263e+07 565.263 3.31595e+07
1e+08 5.67437e+07 567.437 3.29014e+07
1e+08 5.6962e+07 569.62 3.26452e+07
1e+08 5.71811e+07 571.811 3.2391e+07
1e+08 5.7401e+07 574.01 3.21388e+07
1e+08 5.76218e+07 576.218 3.18885e+07
1e+08 5.78434e+07 578.434 3.16402e+07
1e+08 5.80659e+07 580.659 3.13938e+07
1e+08 5.82893e+07 582.893 3.11492e+07
1e+08 5.85135e+07 585.135 3.09066e+07
1e+08 5.87385e+07 587.385 3.06659e+07
1e+08 5.89644e+07 589.644 3.0427e+07
1e+08 5.91912e+07 591.912 3.01899e+07
1e+08 5.94189e+07 594.189 2.99547e+07
1e+08 5.96474e+07 596.474 2.97213e+07
1e+08 5.98769e+07 598.769 2.94896e+07
1e+08 6.01072e+07 601.072 2.92598e+07
1e+08 6.03384e+07 603.384 2.90318e+07
1e+08 6.05704e+07 605.704 2.88056e+07
1e+08 6.08034e+07 608.034 2.8581e+07
1e+08 6.10373e+07 610.373 2.83582e+07
1e+08 6.12721e+07 612.721 2.81371e+07
1e+08 6.15077e+07 615.077 2.79178e+07
1e+08 6.17443e+07 617.443 2.77001e+07
1e+08 6.19818e+07 619.818 2.74841e+07
1e+08 6.22202e+07 622.202 2.72698e+07
1e+08 6.24595e+07 624.595 2.70571e+07
1e+08 6.26997e+07 626.997 2.68461e+07
1e+08 6.29409e+07 629.409 2.66367e+07
1e+08 6.3183e+07 631.83 2.64289e+07
1e+08 6.3426e+07 634.26 2.62228e+07
1e+08 6.367e+07 636.7 2.60182e+07
1e+08 6.39149e+07 639.149 2.58152e+07
1e+08 6.41607e+07 641.607 2.56138e+07
1e+08 6.44075e+07 644.075 2.54139e+07
1e+08 6.46552e+07 646.552 2.52156e+07
1e+08 6.49039e+07 649.039 2.50188e+07
1e+08 6.51535e+07 651.535 2.48236e+07
1e+08 6.54041e+07 654.041 2.46298e+07
1e+08 6.56557e+07 656.557 2.44375e+07
1e+08 6.59082e+07 659.082 2.42468e+07
1e+08 6.61617e+07 661.617 2.40575e+07
1e+08 6.64162e+07 664.162 2.38696e+07
1e+08 6.66717e+07 666.717 2.36832e+07
1e+08 6.69281e+07 669.281 2.34983e+07
1e+08 6.71855e+07 671.855 2.33148e+07
1e+08 6.74439e+07 674.439 2.31327e+07
1e+08 6.77034e+07 677.034 2.2952e+07
1e+08 6.79638e+07 679.638 2.27727e+07
1e+08 6.82252e+07 682.252 2.25948e+07
1e+08 6.84876e+07 684.876 2.24183e+07
1e+08 6.8751e+07 687.51 2.22432e+07
1e+08 6.90154e+07 690.154 2.20694e+07
1e+08 6.92809e+07 692.809 2.18969e+07
1e+08 6.95474e+07 695.474 2.17258e+07
1e+08 6.98149e+07 698.149 2.1556e+07
1e+08 7.00834e+07 700.834 2.13875e+07
1e+08 7.0353e+07 703.53 2.12203e+07
1e+08 7.06236e+07 706.236 2.10544e+07
1e+08 7.08952e+07 708.952 2.08899e+07
1e+08 7.11679e+07 711.679 2.07265e+07
1e+08 7.14416e+07 714.416 2.05645e+07
1e+08 7.17164e+07 717.164 2.04037e+07
1e+08 7.19923e+07 719.923 2.02441e+07
1e+08 7.22692e+07 722.692 2.00857e+07
1e+08 7.25471e+07 725.471 1.99287e+07
1e+08 7.28262e+07 728.262 1.97727e+07
1e+08 7.31063e+07 731.063 1.96181e+07
1e+08 7.33875e+07 733.875 1.94646e+07
1e+08 7.36697e+07 736.697 1.93123e+07
1e+08 7.39531e+07 739.531 1.91612e+07
1e+08 7.42375e+07 742.375 1.90112e+07
1e+08 7.45231e+07 745.231 1.88624e+07
1e+08 7.48097e+07 748.097 1.87148e+07
1e+08 7.50975e+07 750.975 1.85683e+07
1e+08 7.53863e+07 753.863 1.84229e+07
1e+08 7.56763e+07 756.763 1.82787e+07
1e+08 7.59673e+07 759.673 1.81356e+07
1e+08 7.62595e+07 762.595 1.79936e+07
1e+08 7.65528e+07 765.528 1.78527e+07
1e+08 7.68473e+07 768.473 1.77129e+07
1e+08 7.71429e+07 771.429 1.75741e+07
1e+08 7.74396e+07 774.396 1.74365e+07
1e+08 7.77374e+07 777.374 1.72999e+07
1e+08 7.80364e+07 780.364 1.71644e+07
1e+08 7.83366e+07 783.366 1.70299e+07
1e+08 7.86379e+07 786.379 1.68964e+07
1e+08 7.89404e+07 789.404 1.6764e+07
1e+08 7.9244e+07 792.44 1.66326e+07
1e+08 7.95488e+07 795.488 1.65023e+07
1e+08 7.98548e+07 798.548 1.63729e+07
1e+08 8.01619e+07 801.619 1.62446e+07
1e+08 8.04702e+07 804.702 1.61172e+07
1e+08 8.07797e+07 807.797 1.59909e+07
1e+08 8.10904e+07 810.904 1.58655e+07
1e+08 8.14023e+07 814.023 1.57411e+07
1e+08 8.17154e+07 817.154 1.56176e+07
1e+08 8.20297e+07 820.297 1.54951e+07
1e+08 8.23452e+07 823.452 1.53736e+07
1e+08 8.2662e+07 826.62 1.52529e+07
1e+08 8.29799e+07 829.799 1.51333e+07
1e+08 8.32991e+07 832.991 1.50145e+07
1e+08 8.36195e+07 836.195 1.48967e+07
1e+08 8.39411e+07 839.411 1.47798e+07
1e+08 8.4264e+07 842.64 1.46638e+07
1e+08 8.45881e+07 845.881 1.45487e+07
1e+08 8.49134e+07 849.134 1.44345e+07
1e+08 8.524e+07 852.4 1.43212e+07
1e+08 8.55679e+07 855.679 1.42087e+07
1e+08 8.5897e+07 858.97 1.40972e+07
1e+08 8.62274e+07 862.274 1.39865e+07
1e+08 8.6559e+07 865.59 1.38766e+07
1e+08 8.6892e+07 868.92 1.37676e+07
1e+08 8.72262e+07 872.262 1.36595e+07
1e+08 8.75617e+07 875.617 1.35522e+07
1e+08 8.78985e+07 878.985 1.34457e+07
1e+08 8.82366e+07 882.366 1.334e+07
1e+08 8.85759e+07 885.759 1.32352e+07
1e+08 8.89166e+07 889.166 1.31312e+07
1e+08 8.92586e+07 892.586 1.3028e+07
1e+08 8.96019e+07 896.019 1.29256e+07
1e+08 8.99466e+07 899.466 1.2824e+07
1e+08 9.02925e+07 902.925 1.27232e+07
1e+08 9.06398e+07 906.398 1.26231e+07
1e+08 9.09885e+07 909.885 1.25238e+07
1e+08 9.13384e+07 913.384 1.24254e+07
1e+08 9.16897e+07 916.897 1.23276e+07
1e+08 9.20424e+07 920.424 1.22307e+07
1e+08 9.23964e+07 923.964 1.21344e+07
1e+08 9.27518e+07 927.518 1.2039e+07
1e+08 9.31086e+07 931.086 1.19442e+07
1e+08 9.34667e+07 934.667 1.18502e+07
1e+08 9.38262e+07 938.262 1.1757e+07
1e+08 9.41871e+07 941.871 1.16644e+07
1e+08 9.45494e+07 945.494 1.15726e+07
1e+08 9.4913e+07 949.13 1.14815e+07
1e+08 9.52781e+07 952.781 1.13911e+07
1e+08 9.56445e+07 956.445 1.13014e+07
1e+08 9.60124e+07 960.124 1.12124e+07
1e+08 9.63817e+07 963.817 1.11241e+07
1e+08 9.67524e+07 967.524 1.10365e+07
1e+08 9.71246e+07 971.246 1.09495e+07
1e+08 9.74981e+07 974.981 1.08633e+07
1e+08 9.78731e+07 978.731 1.07777e+07
1e+08 9.82496e+07 982.496 1.06928e+07
1e+08 9.86275e+07 986.275 1.06085e+07
1e+08 9.90068e+07 990.068 1.05249e+07
1e+08 9.93877e+07 993.877 1.04419e+07
1e+08 9.97699e+07 997.699 1.03596e+07
1e+08 1.00154e+08 1001.54 1.02778e+07
1e+08 1.00539e+08 1005.39 1.01968e+07
1e+08 1.00926e+08 1009.26 1.01164e+07
1e+08 1.01314e+08 1013.14 1.00366e+07
1e+08 1.01703e+08 1017.03 9.95759e+06
1e+08 1.02095e+08 1020.95 9.87887e+06
1e+08 1.02487e+08 1024.87 9.80107e+06
1e+08 1.02882e+08 1028.82 9.72358e+06
1e+08 1.03277e+08 1032.77 9.64698e+06
1e+08 1.03674e+08 1036.74 9.57089e+06
1e+08 1.04073e+08 1040.73 9.4953e+06
1e+08 1.04474e+08 1044.74 9.42021e+06
1e+08 1.04875e+08 1048.75 9.346e+06
1e+08 1.05279e+08 1052.79 9.27209e+06
1e+08 1.05684e+08 1056.84 9.19886e+06
1e+08 1.0609e+08 1060.9 9.1263e+06
1e+08 1.06498e+08 1064.98 9.05422e+06
1e+08 1.06908e+08 1069.08 8.98263e+06
1e+08 1.07319e+08 1073.19 8.9117e+06
1e+08 1.07732e+08 1077.32 8.84125e+06
1e+08 1.08146e+08 1081.46 8.77144e+06
1e+08 1.08562e+08 1085.62 8.70212e+06
1e+08 1.0898e+08 1089.8 8.63326e+06
1e+08 1.09399e+08 1093.99 8.56504e+06
1e+08 1.0982e+08 1098.2 8.49729e+06
1e+08 1.10242e+08 1102.42 8.43017e+06
1e+08 1.10666e+08 1106.66 8.36351e+06
1e+08 1.11092e+08 1110.92 8.29731e+06
1e+08 1.11519e+08 1115.19 8.23172e+06
1e+08 1.11948e+08 1119.48 8.16659e+06
1e+08 1.12379e+08 1123.79 8.10192e+06
1e+08 1.12811e+08 1128.11 8.03785e+06
1e+08 1.13245e+08 1132.45 7.97422e+06
1e+08 1.1368e+08 1136.8 7.91119e+06
1e+08 1.14118e+08 1141.18 7.84846e+06
1e+08 1.14556e+08 1145.56 7.78646e+06
1e+08 1.14997e+08 1149.97 7.72476e+06
1e+08 1.15439e+08 1154.39 7.66364e+06
1e+08 1.15883e+08 1158.83 7.60295e+06
1e+08 1.16329e+08 1163.29 7.54269e+06
1e+08 1.16777e+08 1167.77 7.48287e+06
1e+08 1.17226e+08 1172.26 7.4236e+06
1e+08 1.17677e+08 1176.77 7.36477e+06
1e+08 1.18129e+08 1181.29 7.30649e+06
1e+08 1.18584e+08 1185.84 7.2485e+06
1e+08 1.1904e+08 1190.4 7.19105e+06
1e+08 1.19498e+08 1194.98 7.13403e+06
1e+08 1.19957e+08 1199.57 7.07754e+06
1e+08 1.20419e+08 1204.19 7.02135e+06
1e+08 1.20882e+08 1208.82 6.96568e+06
1e+08 1.21347e+08 1213.47 6.91043e+06
1e+08 1.21813e+08 1218.13 6.8557e+06
1e+08 1.22282e+08 1222.82 6.80125e+06
1e+08 1.22752e+08 1227.52 6.74733e+06
1e+08 1.23224e+08 1232.24 6.6938e+06
1e+08 1.23698e+08 1236.98 6.64067e+06
1e+08 1.24174e+08 1241.74 6.58793e+06
1e+08 1.24652e+08 1246.52 6.53559e+06
1e+08 1.25131e+08 1251.31 6.48374e+06
1e+08 1.25613e+08 1256.13 6.43218e+06
1e+08 1.26096e+08 1260.96 6.38111e+06
1e+08 1.26581e+08 1265.81 6.33042e+06
1e+08 1.27068e+08 1270.68 6.28012e+06
1e+08 1.27556e+08 1275.56 6.2303e+06
1e+08 1.28047e+08 1280.47 6.18075e+06
1e+08 1.28539e+08 1285.39 6.13168e+06
1e+08 1.29034e+08 1290.34 6.08288e+06
1e+08 1.2953e+08 1295.3 6.03455e+06
1e+08 1.30028e+08 1300.28 5.9866e+06
1e+08 1.30528e+08 1305.28 5.939e+06
1e+08 1.31031e+08 1310.31 5.89168e+06
1e+08 1.31535e+08 1315.35 5.84482e+06
1e+08 1.3204e+08 1320.4 5.79841e+06
1e+08 1.32548e+08 1325.48 5.75226e+06
1e+08 1.33058e+08 1330.58 5.70647e+06
1e+08 1.3357e+08 1335.7 5.66104e+06
1e+08 1.34084e+08 1340.84 5.61596e+06
1e+08 1.34599e+08 1345.99 5.57131e+06
1e+08 1.35117e+08 1351.17 5.52693e+06
1e+08 1.35637e+08 1356.37 5.48289e+06
1e+08 1.36158e+08 1361.58 5.43928e+06
1e+08 1.36682e+08 1366.82 5.39593e+06
1e+08 1.37208e+08 1372.08 5.35292e+06
1e+08 1.37736e+08 1377.36 5.31025e+06
1e+08 1.38265e+08 1382.65 5.268e+06
1e+08 1.38797e+08 1387.97 5.226e+06
1e+08 1.39331e+08 1393.31 5.18433e+06
1e+08 1.39867e+08 1398.67 5.14299e+06
1e+08 1.40405e+08 1404.05 5.10198e+06
1e+08 1.40945e+08 1409.45 5.0613e+06
1e+08 1.41487e+08 1414.87 5.02094e+06
1e+08 1.42031e+08 1420.31 4.9809e+06
1e+08 1.42578e+08 1425.78 4.94111e+06
1e+08 1.43126e+08 1431.26 4.90171e+06
1e+08 1.43677e+08 1436.77 4.86256e+06
1e+08 1.44229e+08 1442.29 4.82379e+06
1e+08 1.44784e+08 1447.84 4.78526e+06
1e+08 1.45341e+08 1453.41 4.74705e+06
1e+08 1.459e+08 1459 4.70914e+06
1e+08 1.46461e+08 1464.61 4.67154e+06
1e+08 1.47024e+08 1470.24 4.63425e+06
1e+08 1.4759e+08 1475.9 4.59719e+06
1e+08 1.48157e+08 1481.57 4.56051e+06
1e+08 1.48727e+08 1487.27 4.52405e+06
1e+08 1.49299e+08 1492.99 4.48789e+06
1e+08 1.49874e+08 1498.74 4.45197e+06
1e+08 1.5045e+08 1504.5 4.4164e+06
1e+08 1.51029e+08 1510.29 4.38107e+06
1e+08 1.5161e+08 1516.1 4.34602e+06
1e+08 1.52193e+08 1521.93 4.31127e+06
1e+08 1.52778e+08 1527.78 4.2768e+06
1e+08 1.53366e+08 1533.66 4.24255e+06
1e+08 1.53956e+08 1539.56 4.20859e+06
1e+08 1.54548e+08 1545.48 4.17492e+06
1e+08 1.55142e+08 1551.42 4.14152e+06
1e+08 1.55739e+08 1557.39 4.10834e+06
1e+08 1.56338e+08 1563.38 4.07544e+06
1e+08 1.56939e+08 1569.39 4.04282e+06
1e+08 1.57543e+08 1575.43 4.01041e+06
1e+08 1.58149e+08 1581.49 3.97828e+06
1e+08 1.58757e+08 1587.57 3.94642e+06
1e+08 1.59368e+08 1593.68 3.91477e+06
1e+08 1.59981e+08 1599.81 3.88339e+06
1e+08 1.60596e+08 1605.96 3.85227e+06
1e+08 1.61214e+08 1612.14 3.82136e+06
1e+08 1.61834e+08 1618.34 3.79072e+06
1e+08 1.62456e+08 1624.56 3.76034e+06
1e+08 1.63081e+08 1630.81 3.73016e+06
1e+08 1.63709e+08 1637.09 3.70019e+06
1e+08 1.64338e+08 1643.38 3.67053e+06
1e+08 1.6497e+08 1649.7 3.64107e+06
1e+08 1.65605e+08 1656.05 3.61182e+06
1e+08 1.66242e+08 1662.42 3.58282e+06
1e+08 1.66881e+08 1668.81 3.55406e+06
1e+08 1.67523e+08 1675.23 3.52551e+06
1e+08 1.68167e+08 1681.67 3.4972e+06
1e+08 1.68814e+08 1688.14 3.4691e+06
1e+08 1.69464e+08 1694.64 3.44119e+06
1e+08 1.70115e+08 1701.15 3.41356e+06
1e+08 1.7077e+08 1707.7 3.38609e+06
1e+08 1.71427e+08 1714.27 3.35886e+06
1e+08 1.72086e+08 1720.86 3.33186e+06
1e+08 1.72748e+08 1727.48 3.30506e+06
1e+08 1.73412e+08 1734.12 3.27848e+06
1e+08 1.74079e+08 1740.79 3.2521e+06
1e+08 1.74749e+08 1747.49 3.22591e+06
1e+08 1.75421e+08 1754.21 3.19995e+06
1e+08 1.76096e+08 1760.96 3.17418e+06
1e+08 1.76773e+08 1767.73 3.14863e+06
1e+08 1.77453e+08 1774.53 3.12327e+06
1e+08 1.78135e+08 1781.35 3.09814e+06
1e+08 1.78821e+08 1788.21 3.07315e+06
1e+08 1.79508e+08 1795.08 3.04841e+06
1e+08 1.80199e+08 1801.99 3.02382e+06
1e+08 1.80892e+08 1808.92 2.99945e+06
1e+08 1.81588e+08 1815.88 2.97526e+06
1e+08 1.82286e+08 1822.86 2.95128e+06
1e+08 1.82987e+08 1829.87 2.92748e+06
1e+08 1.83691e+08 1836.91 2.90386e+06
1e+08 1.84398e+08 1843.98 2.88042e+06
1e+08 1.85107e+08 1851.07 2.85718e+06
1e+08 1.85819e+08 1858.19 2.83412e+06
1e+08 1.86534e+08 1865.34 2.81123e+06
1e+08 1.87251e+08 1872.51 2.78855e+06
1e+08 1.87971e+08 1879.71 2.76603e+06
1e+08 1.88694e+08 1886.94 2.74369e+06
1e+08 1.8942e+08 1894.2 2.72152e+06
1e+08 1.90149e+08 1901.49 2.69951e+06
1e+08 1.9088e+08 1908.8 2.67771e+06
1e+08 1.91614e+08 1916.14 2.65606e+06
1e+08 1.92351e+08 1923.51 2.63459e+06
1e+08 1.93091e+08 1930.91 2.61328e+06
1e+08 1.93834e+08 1938.34 2.59213e+06
1e+08 1.94579e+08 1945.79 2.57118e+06
1e+08 1.95328e+08 1953.28 2.55036e+06
1e+08 1.96079e+08 1960.79 2.52972e+06
1e+08 1.96833e+08 1968.33 2.50925e+06
1e+08 1.9759e+08 1975.9 2.48894e+06
1e+08 1.9835e+08 1983.5 2.46878e+06
1e+08 1.99113e+08 1991.13 2.44878e+06
1e+08 1.99879e+08 1998.79 2.42894e+06
1e+08 2.00648e+08 2006.48 2.40925e+06
1e+08 2.01419e+08 2014.19 2.38975e+06
1e+08 2.02194e+08 2021.94 2.37037e+06
1e+08 2.02972e+08 2029.72 2.35114e+06
1e+08 2.03753e+08 2037.53 2.33207e+06
1e+08 2.04536e+08 2045.36 2.31317e+06
1e+08 2.05323e+08 2053.23 2.2944e+06
1e+08 2.06113e+08 2061.13 2.27577e+06
1e+08 2.06905e+08 2069.05 2.25732e+06
1e+08 2.07701e+08 2077.01 2.23899e+06
1e+08 2.085e+08 2085 2.22081e+06
1e+08 2.09302e+08 2093.02 2.20277e+06
1e+08 2.10107e+08 2101.07 2.18488e+06
1e+08 2.10915e+08 2109.15 2.16713e+06
1e+08 2.11727e+08 2117.27 2.14951e+06
1e+08 2.12541e+08 2125.41 2.13204e+06
1e+08 2.13358e+08 2133.58 2.11472e+06
1e+08 2.14179e+08 2141.79 2.09752e+06
1e+08 2.15003e+08 2150.03 2.08046e+06
1e+08 2.1583e+08 2158.3 2.06353e+06
1e+08 2.1666e+08 2166.6 2.04674e+06
1e+08 2.17493e+08 2174.93 2.03009e+06
1e+08 2.1833e+08 2183.3 2.01356e+06
1e+08 2.1917e+08 2191.7 1.99716e+06
1e+08 2.20013e+08 2200.13 1.9809e+06
1e+08 2.20859e+08 2208.59 1.96477e+06
1e+08 2.21708e+08 2217.08 1.94877e+06
1e+08 2.22561e+08 2225.61 1.93288e+06
1e+08 2.23417e+08 2234.17 1.91713e+06
1e+08 2.24276e+08 2242.76 1.90151e+06
1e+08 2.25139e+08 2251.39 1.88599e+06
1e+08 2.26005e+08 2260.05 1.87061e+06
1e+08 2.26874e+08 2268.74 1.85535e+06
1e+08 2.27747e+08 2277.47 1.84021e+06
1e+08 2.28623e+08 2286.23 1.82519e+06
1e+08 2.29502e+08 2295.02 1.8103e+06
1e+08 2.30385e+08 2303.85 1.79551e+06
1e+08 2.31271e+08 2312.71 1.78085e+06
1e+08 2.32161e+08 2321.61 1.76629e+06
1e+08 2.33054e+08 2330.54 1.75186e+06
1e+08 2.3395e+08 2339.5 1.73755e+06
1e+08 2.3485e+08 2348.5 1.72334e+06
1e+08 2.35753e+08 2357.53 1.70926e+06
1e+08 2.3666e+08 2366.6 1.69527e+06
1e+08 2.3757e+08 2375.7 1.68141e+06
1e+08 2.38484e+08 2384.84 1.66765e+06
1e+08 2.39401e+08 2394.01 1.65401e+06
1e+08 2.40322e+08 2403.22 1.64046e+06
1e+08 2.41246e+08 2412.46 1.62704e+06
1e+08 2.42174e+08 2421.74 1.61371e+06
1e+08 2.43106e+08 2431.06 1.60048e+06
1e+08 2.44041e+08 2440.41 1.58737e+06
1e+08 2.44979e+08 2449.79 1.57437e+06
1e+08 2.45922e+08 2459.22 1.56145e+06
1e+08 2.46868e+08 2468.68 1.54865e+06
1e+08 2.47817e+08 2478.17 1.53596e+06
1e+08 2.4877e+08 2487.7 1.52336e+06
1e+08 2.49727e+08 2497.27 1.51086e+06
1e+08 2.50688e+08 2506.88 1.49845e+06
1e+08 2.51652e+08 2516.52 1.48615e+06
1e+08 2.5262e+08 2526.2 1.47395e+06
1e+08 2.53592e+08 2535.92 1.46184e+06
1e+08 2.54567e+08 2545.67 1.44983e+06
1e+08 2.55546e+08 2555.46 1.43792e+06
1e+08 2.56529e+08 2565.29 1.4261e+06
1e+08 2.57516e+08 2575.16 1.41437e+06
1e+08 2.58506e+08 2585.06 1.40275e+06
1e+08 2.595e+08 2595 1.39121e+06
1e+08 2.60499e+08 2604.99 1.37975e+06
1e+08 2.615e+08 2615 1.36841e+06
1e+08 2.62506e+08 2625.06 1.35714e+06
1e+08 2.63516e+08 2635.16 1.34596e+06
1e+08 2.6453e+08 2645.3 1.33487e+06
1e+08 2.65547e+08 2655.47 1.32388e+06
1e+08 2.66568e+08 2665.68 1.31298e+06
1e+08 2.67594e+08 2675.94 1.30215e+06
1e+08 2.68623e+08 2686.23 1.29142e+06
1e+08 2.69656e+08 2696.56 1.28077e+06
1e+08 2.70693e+08 2706.93 1.27021e+06
1e+08 2.71734e+08 2717.34 1.25973e+06
1e+08 2.7278e+08 2727.8 1.24932e+06
1e+08 2.73829e+08 2738.29 1.23901e+06
1e+08 2.74882e+08 2748.82 1.22878e+06
1e+08 2.75939e+08 2759.39 1.21864e+06
1e+08 2.77001e+08 2770.01 1.20856e+06
1e+08 2.78066e+08 2780.66 1.19858e+06
1e+08 2.79136e+08 2791.36 1.18867e+06
1e+08 2.80209e+08 2802.09 1.17885e+06
1e+08 2.81287e+08 2812.87 1.16909e+06
1e+08 2.82369e+08 2823.69 1.15942e+06
1e+08 2.83455e+08 2834.55 1.14983e+06
1e+08 2.84545e+08 2845.45 1.14032e+06
1e+08 2.8564e+08 2856.4 1.13087e+06
1e+08 2.86738e+08 2867.38 1.12151e+06
1e+08 2.87841e+08 2878.41 1.11222e+06
1e+08 2.88948e+08 2889.48 1.103e+06
1e+08 2.9006e+08 2900.6 1.09386e+06
1e+08 2.91175e+08 2911.75 1.08479e+06
1e+08 2.92295e+08 2922.95 1.0758e+06
1e+08 2.9342e+08 2934.2 1.06687e+06
1e+08 2.94548e+08 2945.48 1.05802e+06
1e+08 2.95681e+08 2956.81 1.04924e+06
1e+08 2.96818e+08 2968.18 1.04053e+06
1e+08 2.9796e+08 2979.6 1.03189e+06
1e+08 2.99106e+08 2991.06 1.02332e+06
1e+08 3.00257e+08 3002.57 1.01481e+06
1e+08 3.01411e+08 3014.11 1.00638e+06
1e+08 3.02571e+08 3025.71 998011
1e+08 3.03735e+08 3037.35 989710
1e+08 3.04903e+08 3049.03 981479
1e+08 3.06076e+08 3060.76 973311
1e+08 3.07253e+08 3072.53 965212
1e+08 3.08435e+08 3084.35 957175
1e+08 3.09621e+08 3096.21 949206
1e+08 3.10812e+08 3108.12 941298
1e+08 3.12007e+08 3120.07 933458
1e+08 3.13207e+08 3132.07 925678
1e+08 3.14412e+08 3144.12 917958
1e+08 3.15621e+08 3156.21 910305
1e+08 3.16835e+08 3168.35 902711
1e+08 3.18054e+08 3180.54 895176
1e+08 3.19277e+08 3192.77 887705
1e+08 3.20505e+08 3205.05 880294
1e+08 3.21738e+08 3217.38 872940
1e+08 3.22976e+08 3229.76 865644
1e+08 3.24218e+08 3242.18 858411
1e+08 3.25465e+08 3254.65 851235
1e+08 3.26717e+08 3267.17 844116
1e+08 3.27973e+08 3279.73 837059
1e+08 3.29235e+08 3292.35 830053
1e+08 3.30501e+08 3305.01 823107
1e+08 3.31772e+08 3317.72 816217
1e+08 3.33049e+08 3330.49 809376
1e+08 3.3433e+08 3343.3 802596
1e+08 3.35615e+08 3356.15 795875
1e+08 3.36906e+08 3369.06 789203
1e+08 3.38202e+08 3382.02 782585
1e+08 3.39503e+08 3395.03 776020
1e+08 3.40809e+08 3408.09 769508
1e+08 3.4212e+08 3421.2 763049
1e+08 3.43436e+08 3434.36 756642
1e+08 3.44757e+08 3447.57 750287
1e+08 3.46083e+08 3460.83 743984
1e+08 3.47414e+08 3474.14 737733
1e+08 3.4875e+08 3487.5 731533
1e+08 3.50091e+08 3500.91 725383
1e+08 3.51438e+08 3514.38 719280
1e+08 3.5279e+08 3527.9 713226
1e+08 3.54147e+08 3541.47 707223
1e+08 3.55509e+08 3555.09 701269
1e+08 3.56876e+08 3568.76 695364
1e+08 3.58249e+08 3582.49 689504
1e+08 3.59627e+08 3596.27 683693
1e+08 3.6101e+08 3610.1 677930
1e+08 3.62399e+08 3623.99 672211
1e+08 3.63792e+08 3637.92 666544
1e+08 3.65192e+08 3651.92 660916
1e+08 3.66596e+08 3665.96 655340
1e+08 3.68006e+08 3680.06 649806
1e+08 3.69422e+08 3694.22 644315
1e+08 3.70843e+08 3708.43 638870
1e+08 3.72269e+08 3722.69 633471
1e+08 3.73701e+08 3737.01 628114
1e+08 3.75138e+08 3751.38 622803
1e+08 3.76581e+08 3765.81 617533
1e+08 3.7803e+08 3780.3 612304
1e+08 3.79484e+08 3794.84 607119
1e+08 3.80943e+08 3809.43 601979
1e+08 3.82408e+08 3824.08 596879
1e+08 3.83879e+08 3838.79 591820
1e+08 3.85356e+08 3853.56 586801
1e+08 3.86838e+08 3868.38 581824
1e+08 3.88326e+08 3883.26 576887
1e+08 3.8982e+08 3898.2 571990
1e+08 3.91319e+08 3913.19 567135
1e+08 3.92824e+08 3928.24 562318
1e+08 3.94335e+08 3943.35 557541
1e+08 3.95852e+08 3958.52 552801
1e+08 3.97374e+08 3973.74 548103
1e+08 3.98903e+08 3989.03 543439
1e+08 4.00437e+08 4004.37 538816
1e+08 4.01977e+08 4019.77 534231
1e+08 4.03523e+08 4035.23 529683
1e+08 4.05075e+08 4050.75 525172
1e+08 4.06633e+08 4066.33 520697
1e+08 4.08197e+08 4081.97 516259
1e+08 4.09768e+08 4097.68 511855
1e+08 4.11344e+08 4113.44 507489
1e+08 4.12926e+08 4129.26 503159
1e+08 4.14514e+08 4145.14 498865
1e+08 4.16108e+08 4161.08 494606
1e+08 4.17709e+08 4177.09 490380
1e+08 4.19315e+08 4193.15 486191
1e+08 4.20928e+08 4209.28 482035
1e+08 4.22547e+08 4225.47 477913
1e+08 4.24173e+08 4241.73 473822
1e+08 4.25804e+08 4258.04 469769
1e+08 4.27442e+08 4274.42 465747
1e+08 4.29086e+08 4290.86 461758
1e+08 4.30736e+08 4307.36 457803
1e+08 4.32393e+08 4323.93 453879
1e+08 4.34056e+08 4340.56 449988
1e+08 4.35726e+08 4357.26 446127
1e+08 4.37402e+08 4374.02 442299
1e+08 4.39084e+08 4390.84 438503
1e+08 4.40773e+08 4407.73 434738
1e+08 4.42468e+08 4424.68 431004
1e+08 4.4417e+08 4441.7 427300
1e+08 4.45878e+08 4458.78 423628
1e+08 4.47593e+08 4475.93 419985
1e+08 4.49315e+08 4493.15 416370
1e+08 4.51043e+08 4510.43 412787
1e+08 4.52778e+08 4527.78 409233
1e+08 4.54519e+08 4545.19 405709
1e+08 4.56268e+08 4562.68 402212
1e+08 4.58023e+08 4580.23 398745
1e+08 4.59784e+08 4597.84 395307
1e+08 4.61553e+08 4615.53 391896
1e+08 4.63328e+08 4633.28 388515
1e+08 4.6511e+08 4651.1 385160
1e+08 4.66899e+08 4668.99 381834
1e+08 4.68695e+08 4686.95 378534
1e+08 4.70498e+08 4704.98 375262
1e+08 4.72307e+08 4723.07 372018
1e+08 4.74124e+08 4741.24 368799
1e+08 4.75948e+08 4759.48 365606
1e+08 4.77778e+08 4777.78 362442
1e+08 4.79616e+08 4796.16 359302
1e+08 4.81461e+08 4814.61 356188
1e+08 4.83313e+08 4833.13 353101
1e+08 4.85172e+08 4851.72 350038
1e+08 4.87038e+08 4870.38 347002
1e+08 4.88911e+08 4889.11 343990
1e+08 4.90791e+08 4907.91 341004
1e+08 4.92679e+08 4926.79 338042
1e+08 4.94574e+08 4945.74 335104
1e+08 4.96476e+08 4964.76 332191
1e+08 4.98386e+08 4983.86 329302
1e+08 5.00303e+08 5003.03 326436
1e+08 5.02227e+08 5022.27 323595
1e+08 5.04159e+08 5041.59 320777
1e+08 5.06098e+08 5060.98 317982
1e+08 5.08045e+08 5080.45 315210
1e+08 5.09999e+08 5099.99 312462
1e+08 5.1196e+08 5119.6 309737
1e+08 5.1393e+08 5139.3 307033
1e+08 5.15906e+08 5159.06 304354
1e+08 5.17891e+08 5178.91 301694
1e+08 5.19883e+08 5198.83 299058
1e+08 5.21882e+08 5218.82 296444
1e+08 5.2389e+08 5238.9 293851
1e+08 5.25905e+08 5259.05 291280
1e+08 5.27927e+08 5279.27 288731
1e+08 5.29958e+08 5299.58 286202
1e+08 5.31996e+08 5319.96 283695
1e+08 5.34043e+08 5340.43 281208
1e+08 5.36097e+08 5360.97 278742
1e+08 5.38159e+08 5381.59 276297
1e+08 5.40229e+08 5402.29 273871
1e+08 5.42306e+08 5423.06 271468
1e+08 5.44392e+08 5443.92 269083
1e+08 5.46486e+08 5464.86 266718
1e+08 5.48588e+08 5485.88 264373
1e+08 5.50698e+08 5506.98 262047
1e+08 5.52816e+08 5528.16 259741
1e+08 5.54943e+08 5549.43 257454
1e+08 5.57077e+08 5570.77 255187
1e+08 5.5922e+08 5592.2 252937
1e+08 5.61371e+08 5613.71 250707
1e+08 5.6353e+08 5635.3 248496
1e+08 5.65697e+08 5656.97 246304
1e+08 5.67873e+08 5678.73 244129
1e+08 5.70057e+08 5700.57 241973
1e+08 5.7225e+08 5722.5 239834
1e+08 5.74451e+08 5744.51 237714
1e+08 5.76661e+08 5766.61 235611
1e+08 5.78879e+08 5788.79 233526
1e+08 5.81105e+08 5811.05 231459
1e+08 5.8334e+08 5833.4 229409
1e+08 5.85584e+08 5855.84 227376
1e+08 5.87836e+08 5878.36 225360
1e+08 5.90097e+08 5900.97 223361
1e+08 5.92367e+08 5923.67 221379
1e+08 5.94645e+08 5946.45 219414
1e+08 5.96933e+08 5969.33 217464
1e+08 5.99229e+08 5992.29 215531
1e+08 6.01533e+08 6015.33 213616
1e+08 6.03847e+08 6038.47 211715
1e+08 6.0617e+08 6061.7 209830
1e+08 6.08501e+08 6085.01 207962
1e+08 6.10842e+08 6108.42 206109
1e+08 6.13191e+08 6131.91 204273
1e+08 6.1555e+08 6155.5 202451
1e+08 6.17917e+08 6179.17 200645
1e+08 6.20294e+08 6202.94 198854
1e+08 6.2268e+08 6226.8 197078
1e+08 6.25075e+08 6250.75 195317
1e+08 6.27479e+08 6274.79 193571
1e+08 6.29892e+08 6298.92 191840
1e+08 6.32315e+08 6323.15 190123
1e+08 6.34747e+08 6347.47 188421
1e+08 6.37189e+08 6371.89 186733
1e+08 6.3964e+08 6396.4 185059
1e+08 6.421e+08 6421 183400
1e+08 6.4457e+08 6445.7 181754
1e+08 6.47049e+08 6470.49 180123
1e+08 6.49537e+08 6495.37 178506
1e+08 6.52036e+08 6520.36 176902
1e+08 6.54544e+08 6545.44 175312
1e+08 6.57061e+08 6570.61 173735
1e+08 6.59589e+08 6595.89 172171
1e+08 6.62125e+08 6621.25 170622
1e+08 6.64672e+08 6646.72 169085
1e+08 6.67229e+08 6672.29 167560
1e+08 6.69795e+08 6697.95 166050
1e+08 6.72371e+08 6723.71 164552
1e+08 6.74957e+08 6749.57 163066
1e+08 6.77554e+08 6775.54 161593
1e+08 6.8016e+08 6801.6 160133
1e+08 6.82776e+08 6827.76 158685
1e+08 6.85402e+08 6854.02 157250
1e+08 6.88038e+08 6880.38 155827
1e+08 6.90685e+08 6906.85 154415
1e+08 6.93341e+08 6933.41 153017
1e+08 6.96008e+08 6960.08 151629
1e+08 6.98685e+08 6986.85 150254
1e+08 7.01372e+08 7013.72 148891
1e+08 7.0407e+08 7040.7 147539
1e+08 7.06778e+08 7067.78 146198
1e+08 7.09497e+08 7094.97 144869
1e+08 7.12226e+08 7122.26 143551
1e+08 7.14965e+08 7149.65 142245
1e+08 7.17715e+08 7177.15 140950
1e+08 7.20475e+08 7204.75 139666
1e+08 7.23247e+08 7232.47 138393
1e+08 7.26028e+08 7260.28 137131
1e+08 7.28821e+08 7288.21 135880
1e+08 7.31624e+08 7316.24 134639
1e+08 7.34438e+08 7344.38 133409
1e+08 7.37263e+08 7372.63 132190
1e+08 7.40099e+08 7400.99 130981
1e+08 7.42946e+08 7429.46 129782
1e+08 7.45803e+08 7458.03 128594
1e+08 7.48672e+08 7486.72 127416
1e+08 7.51551e+08 7515.51 126248
1e+08 7.54442e+08 7544.42 125090
1e+08 7.57344e+08 7573.44 123942
1e+08 7.60257e+08 7602.57 122804
1e+08 7.63181e+08 7631.81 121676
1e+08 7.66116e+08 7661.16 120558
1e+08 7.69063e+08 7690.63 119449
1e+08 7.72021e+08 7720.21 118349
1e+08 7.74991e+08 7749.91 117259
1e+08 7.77971e+08 7779.71 116179
1e+08 7.80964e+08 7809.64 115108
1e+08 7.83968e+08 7839.68 114046
1e+08 7.86983e+08 7869.83 112994
1e+08 7.9001e+08 7900.1 111950
1e+08 7.93049e+08 7930.49 110916
1e+08 7.96099e+08 7960.99 109890
1e+08 7.99161e+08 7991.61 108873
1e+08 8.02235e+08 8022.35 107866
1e+08 8.0532e+08 8053.2 106867
1e+08 8.08418e+08 8084.18 105876
1e+08 8.11527e+08 8115.27 104894
1e+08 8.14649e+08 8146.49 103921
1e+08 8.17782e+08 8177.82 102956
1e+08 8.20927e+08 8209.27 102000
1e+08 8.24085e+08 8240.85 101051
1e+08 8.27255e+08 8272.55 100111
1e+08 8.30437e+08 8304.37 99179.3
1e+08 8.33631e+08 8336.31 98255.6
1e+08 8.36837e+08 8368.37 97340.1
1e+08 8.40056e+08 8400.56 96432.4
1e+08 8.43287e+08 8432.87 95532.7
1e+08 8.4653e+08 8465.3 94640.9
1e+08 8.49786e+08 8497.86 93756.8
1e+08 8.53055e+08 8530.55 92880.3
1e+08 8.56336e+08 8563.36 92011.5
1e+08 8.5963e+08 8596.3 91150.3
1e+08 8.62936e+08 8629.36 90296.8
1e+08 8.66255e+08 8662.55 89450.6
1e+08 8.69587e+08 8695.87 88611.8
1e+08 8.72932e+08 8729.32 87780.3
1e+08 8.76289e+08 8762.89 86956.3
1e+08 8.7966e+08 8796.6 86139.2
1e+08 8.83043e+08 8830.43 85329.5
1e+08 8.8644e+08 8864.4 84526.7
1e+08 8.89849e+08 8898.49 83731.2
1e+08 8.93272e+08 8932.72 82942.5
1e+08 8.96708e+08 8967.08 82160.7
1e+08 9.00157e+08 9001.57 81385.9
1e+08 9.03619e+08 9036.19 80617.9
1e+08 9.07095e+08 9070.95 79856.5
1e+08 9.10583e+08 9105.83 79102.1
1e+08 9.14086e+08 9140.86 78354.1
1e+08 9.17602e+08 9176.02 77612.7
1e+08 9.21131e+08 9211.31 76877.9
1e+08 9.24674e+08 9246.74 76149.6
1e+08 9.28231e+08 9282.31 75427.6
1e+08 9.31801e+08 9318.01 74712.1
1e+08 9.35385e+08 9353.85 74002.8
1e+08 9.38983e+08 9389.83 73299.8
1e+08 9.42594e+08 9425.94 72603.2
1e+08 9.4622e+08 9462.2 71912.5
1e+08 9.49859e+08 9498.59 71228.1
1e+08 9.53513e+08 9535.13 70549.6
1e+08 9.5718e+08 9571.8 69877.3
1e+08 9.60862e+08 9608.62 69210.8
1e+08 9.64557e+08 9645.57 68550.4
1e+08 9.68267e+08 9682.67 67895.7
1e+08 9.71992e+08 9719.92 67246.7
1e+08 9.7573e+08 9757.3 66603.7
1e+08 9.79483e+08 9794.83 65966.4
1e+08 9.83251e+08 9832.51 65334.5
1e+08 9.87032e+08 9870.32 64708.6
1e+08 9.90829e+08 9908.29 64088
1e+08 9.9464e+08 9946.4 63473
1e+08 9.98466e+08 9984.66 62863.4
1e+08 1.00231e+09 10023.1 62258.8
1e+08 1.00616e+09 10061.6 61660.9
1e+08 1.01003e+09 10100.3 61067.5
1e+08 1.01392e+09 10139.2 60478.7
1e+08 1.01782e+09 10178.2 59895.9
1e+08 1.02173e+09 10217.3 59319
1e+08 1.02566e+09 10256.6 58746.6
1e+08 1.02961e+09 10296.1 58178.6
1e+08 1.03357e+09 10335.7 57616.4
1e+08 1.03754e+09 10375.4 57059.9
1e+08 1.04153e+09 10415.3 56507.9
1e+08 1.04554e+09 10455.4 55960.1
1e+08 1.04956e+09 10495.6 55418
1e+08 1.0536e+09 10536 54880.1
1e+08 1.05765e+09 10576.5 54347.8
1e+08 1.06172e+09 10617.2 53819.7
1e+08 1.0658e+09 10658 53297.1
1e+08 1.0699e+09 10699 52778.7
1e+08 1.07401e+09 10740.1 52265.6
1e+08 1.07815e+09 10781.5 51755.4
1e+08 1.08229e+09 10822.9 51251.8
1e+08 1.08646e+09 10864.6 50751
1e+08 1.09063e+09 10906.3 50256.6
1e+08 1.09483e+09 10948.3 49765
1e+08 1.09904e+09 10990.4 49278.7
1e+08 1.10327e+09 11032.7 48796.2
1e+08 1.10751e+09 11075.1 48318.9
1e+08 1.11177e+09 11117.7 47845.4
1e+08 1.11605e+09 11160.5 47375.9
1e+08 1.12034e+09 11203.4 46911.3
1e+08 1.12465e+09 11246.5 46450.5
1e+08 1.12897e+09 11289.7 45994.7
1e+08 1.13332e+09 11333.2 45541.5
1e+08 1.13768e+09 11376.8 45093.2
1e+08 1.14205e+09 11420.5 44649.6
1e+08 1.14644e+09 11464.4 44209.8
1e+08 1.15085e+09 11508.5 43773.6
1e+08 1.15528e+09 11552.8 43341.2
1e+08 1.15972e+09 11597.2 42913.3
1e+08 1.16419e+09 11641.9 42488.1
1e+08 1.16866e+09 11686.6 42068.5
1e+08 1.17316e+09 11731.6 41651.4
1e+08 1.17767e+09 11776.7 41238.9
1e+08 1.1822e+09 11822 40829.8
1e+08 1.18675e+09 11867.5 40424.3
1e+08 1.19131e+09 11913.1 40023.2
1e+08 1.19589e+09 11958.9 39625.5
1e+08 1.20049e+09 12004.9 39231.2
1e+08 1.20511e+09 12051.1 38840.4
1e+08 1.20975e+09 12097.5 38453
1e+08 1.2144e+09 12144 38069.8
1e+08 1.21907e+09 12190.7 37689.9
1e+08 1.22376e+09 12237.6 37313.4
1e+08 1.22847e+09 12284.7 36940.1
1e+08 1.23319e+09 12331.9 36571
1e+08 1.23793e+09 12379.3 36205.1
1e+08 1.2427e+09 12427 35841.7
1e+08 1.24748e+09 12474.8 35482.2
1e+08 1.25227e+09 12522.7 35126.7
1e+08 1.25709e+09 12570.9 34773.7
1e+08 1.26193e+09 12619.3 34423.8
1e+08 1.26678e+09 12667.8 34077.7
1e+08 1.27165e+09 12716.5 33734.8
1e+08 1.27654e+09 12765.4 33394.9
1e+08 1.28145e+09 12814.5 33058.1
1e+08 1.28638e+09 12863.8 32724.4
1e+08 1.29133e+09 12913.3 32393.6
1e+08 1.2963e+09 12963 32065.9
1e+08 1.30128e+09 13012.8 31741.9
1e+08 1.30629e+09 13062.9 31420.1
1e+08 1.31131e+09 13113.1 31101.9
1e+08 1.31636e+09 13163.6 30786.1
1e+08 1.32142e+09 13214.2 30473.7
1e+08 1.3265e+09 13265 30164.2
1e+08 1.3316e+09 13316 29857.6
1e+08 1.33672e+09 13367.2 29553.9
1e+08 1.34187e+09 13418.7 29252.3
1e+08 1.34703e+09 13470.3 28954.2
1e+08 1.35221e+09 13522.1 28658.8
1e+08 1.35741e+09 13574.1 28366.2
1e+08 1.36263e+09 13626.3 28076.3
1e+08 1.36787e+09 13678.7 27789.2
1e+08 1.37313e+09 13731.3 27504.8
1e+08 1.37841e+09 13784.1 27223
1e+08 1.38372e+09 13837.2 26943.4
1e+08 1.38904e+09 13890.4 26666.9
1e+08 1.39438e+09 13943.8 26393.1
1e+08 1.39974e+09 13997.4 26121.9
1e+08 1.40513e+09 14051.3 25852.8
1e+08 1.41053e+09 14105.3 25586.7
1e+08 1.41596e+09 14159.6 25322.7
1e+08 1.4214e+09 14214 25061.7
1e+08 1.42687e+09 14268.7 24802.8
1e+08 1.43236e+09 14323.6 24546.3
1e+08 1.43787e+09 14378.7 24292.4
1e+08 1.4434e+09 14434 24040.9
1e+08 1.44895e+09 14489.5 23791.8
1e+08 1.45452e+09 14545.2 23545.1
1e+08 1.46012e+09 14601.2 23300.5
1e+08 1.46573e+09 14657.3 23058.6
1e+08 1.47137e+09 14713.7 22818.7
1e+08 1.47703e+09 14770.3 22581.1
1e+08 1.48271e+09 14827.1 22345.9
1e+08 1.48842e+09 14884.2 22112.6
1e+08 1.49414e+09 14941.4 21882
1e+08 1.49989e+09 14998.9 21653.3
1e+08 1.50566e+09 15056.6 21426.8
1e+08 1.51145e+09 15114.5 21202.6
1e+08 1.51726e+09 15172.6 20980.6
1e+08 1.5231e+09 15231 20760.5
1e+08 1.52896e+09 15289.6 20542.5
1e+08 1.53484e+09 15348.4 20326.8
1e+08 1.54074e+09 15407.4 20113.2
1e+08 1.54667e+09 15466.7 19901.4
1e+08 1.55261e+09 15526.1 19692
1e+08 1.55859e+09 15585.9 19484.2
1e+08 1.56458e+09 15645.8 19278.7
1e+08 1.5706e+09 15706 19075
1e+08 1.57664e+09 15766.4 18873.3
1e+08 1.5827e+09 15827 18673.8
1e+08 1.58879e+09 15887.9 18475.9
1e+08 1.5949e+09 15949 18280
1e+08 1.60104e+09 16010.4 18085.9
1e+08 1.6072e+09 16072 17893.7
1e+08 1.61338e+09 16133.8 17703.5
1e+08 1.61958e+09 16195.8 17515.2
1e+08 1.62581e+09 16258.1 17328.6
1e+08 1.63207e+09 16320.7 17143.7
1e+08 1.63834e+09 16383.4 16960.9
1e+08 1.64464e+09 16446.4 16779.8
1e+08 1.65097e+09 16509.7 16600.2
1e+08 1.65732e+09 16573.2 16422.5
1e+08 1.66369e+09 16636.9 16246.7
1e+08 1.67009e+09 16700.9 16072.5
1e+08 1.67652e+09 16765.2 15899.8
1e+08 1.68297e+09 16829.7 15728.9
1e+08 1.68944e+09 16894.4 15559.8
1e+08 1.69594e+09 16959.4 15392.2
1e+08 1.70246e+09 17024.6 15226.4
1e+08 1.70901e+09 17090.1 15062.1
1e+08 1.71558e+09 17155.8 14899.6
1e+08 1.72218e+09 17221.8 14738.5
1e+08 1.7288e+09 17288 14579.2
1e+08 1.73545e+09 17354.5 14421.3
1e+08 1.74213e+09 17421.3 14264.8
1e+08 1.74883e+09 17488.3 14110
1e+08 1.75556e+09 17555.6 13956.7
1e+08 1.76231e+09 17623.1 13805
1e+08 1.76909e+09 17690.9 13654.7
1e+08 1.77589e+09 17758.9 13506.1
1e+08 1.78272e+09 17827.2 13358.8
1e+08 1.78958e+09 17895.8 13212.9
1e+08 1.79646e+09 17964.6 13068.6
1e+08 1.80337e+09 18033.7 12925.6
1e+08 1.81031e+09 18103.1 12784
1e+08 1.81727e+09 18172.7 12644
1e+08 1.82426e+09 18242.6 12505.2
1e+08 1.83128e+09 18312.8 12367.8
1e+08 1.83832e+09 18383.2 12231.9
1e+08 1.84539e+09 18453.9 12097.3
1e+08 1.85249e+09 18524.9 11964
1e+08 1.85962e+09 18596.2 11832
1e+08 1.86677e+09 18667.7 11701.4
1e+08 1.87395e+09 18739.5 11572.1
1e+08 1.88116e+09 18811.6 11444
1e+08 1.88839e+09 18883.9 11317.4
1e+08 1.89565e+09 18956.5 11192
1e+08 1.90295e+09 19029.5 11067.6
1e+08 1.91027e+09 19102.7 10944.7
1e+08 1.91761e+09 19176.1 10823.1
1e+08 1.92499e+09 19249.9 10702.5
1e+08 1.93239e+09 19323.9 10583.3
1e+08 1.93983e+09 19398.3 10465.2
1e+08 1.94729e+09 19472.9 10348.3
1e+08 1.95478e+09 19547.8 10232.6
1e+08 1.96229e+09 19622.9 10118.2
1e+08 1.96984e+09 19698.4 10004.8
1e+08 1.97742e+09 19774.2 9892.59
1e+08 1.98502e+09 19850.2 9781.61
1e+08 1.99266e+09 19926.6 9671.6
1e+08 2.00032e+09 20003.2 9562.85
1e+08 2.00802e+09 20080.2 9455.05
1e+08 2.01574e+09 20157.4 9348.49
1e+08 2.02349e+09 20234.9 9243.01
1e+08 2.03128e+09 20312.8 9138.47
1e+08 2.03909e+09 20390.9 9035.13
1e+08 2.04693e+09 20469.3 8932.85
1e+08 2.05481e+09 20548.1 8831.49
1e+08 2.06271e+09 20627.1 8731.3
1e+08 2.07064e+09 20706.4 8632.15
1e+08 2.07861e+09 20786.1 8533.89
1e+08 2.0866e+09 20866 8436.78
1e+08 2.09463e+09 20946.3 8340.55
1e+08 2.10269e+09 21026.9 8245.33
1e+08 2.11077e+09 21107.7 8151.22
1e+08 2.11889e+09 21188.9 8057.97
1e+08 2.12704e+09 21270.4 7965.71
1e+08 2.13522e+09 21352.2 7874.41
1e+08 2.14344e+09 21434.4 7783.97
1e+08 2.15168e+09 21516.8 7694.58
1e+08 2.15996e+09 21599.6 7606.04
1e+08 2.16826e+09 21682.6 7518.54
1e+08 2.1766e+09 21766 7431.87
1e+08 2.18498e+09 21849.8 7346.02
1e+08 2.19338e+09 21933.8 7261.19
1e+08 2.20182e+09 22018.2 7177.16
1e+08 2.21028e+09 22102.8 7094.14
1e+08 2.21879e+09 22187.9 7011.81
1e+08 2.22732e+09 22273.2 6930.47
1e+08 2.23589e+09 22358.9 6849.91
1e+08 2.24449e+09 22444.9 6770.22
1e+08 2.25312e+09 22531.2 6691.4
1e+08 2.26179e+09 22617.9 6613.34
1e+08 2.27049e+09 22704.9 6536.14
1e+08 2.27922e+09 22792.2 6459.77
1e+08 2.28798e+09 22879.8 6384.25
1e+08 2.29679e+09 22967.9 6309.38
1e+08 2.30562e+09 23056.2 6235.41
1e+08 2.31449e+09 23144.9 6162.18
1e+08 2.32339e+09 23233.9 6089.76
1e+08 2.33233e+09 23323.3 6018.06
1e+08 2.3413e+09 23413 5947.16
1e+08 2.3503e+09 23503 5877.04
1e+08 2.35934e+09 23593.4 5807.63
1e+08 2.36842e+09 23684.2 5738.91
1e+08 2.37753e+09 23775.3 5670.97
1e+08 2.38667e+09 23866.7 5603.78
1e+08 2.39585e+09 23958.5 5537.28
1e+08 2.40507e+09 24050.7 5471.46
1e+08 2.41432e+09 24143.2 5406.37
1e+08 2.4236e+09 24236 5342.03
1e+08 2.43292e+09 24329.2 5278.34
1e+08 2.44228e+09 24422.8 5215.31
1e+08 2.45168e+09 24516.8 5152.93
1e+08 2.46111e+09 24611.1 5091.26
1e+08 2.47057e+09 24705.7 5030.3
1e+08 2.48008e+09 24800.8 4969.9
1e+08 2.48961e+09 24896.1 4910.26
1e+08 2.49919e+09 24991.9 4851.19
1e+08 2.5088e+09 25088 4792.79
1e+08 2.51845e+09 25184.5 4735.01
1e+08 2.52814e+09 25281.4 4677.84
1e+08 2.53786e+09 25378.6 4621.33
1e+08 2.54762e+09 25476.2 4565.42
1e+08 2.55742e+09 25574.2 4510.11
1e+08 2.56726e+09 25672.6 4455.38
1e+08 2.57713e+09 25771.3 4401.3
1e+08 2.58705e+09 25870.5 4347.73
1e+08 2.597e+09 25970 4294.8
1e+08 2.60699e+09 26069.9 4242.44
1e+08 2.61701e+09 26170.1 4190.7
1e+08 2.62708e+09 26270.8 4139.46
1e+08 2.63718e+09 26371.8 4088.83
1e+08 2.64733e+09 26473.3 4038.7
1e+08 2.65751e+09 26575.1 3989.17
1e+08 2.66773e+09 26677.3 3940.18
1e+08 2.67799e+09 26779.9 3891.72
1e+08 2.68829e+09 26882.9 3843.8
1e+08 2.69863e+09 26986.3 3796.41
1e+08 2.70901e+09 27090.1 3749.54
1e+08 2.71943e+09 27194.3 3703.19
1e+08 2.72989e+09 27298.9 3657.35
1e+08 2.74039e+09 27403.9 3612.03
1e+08 2.75093e+09 27509.3 3567.21
1e+08 2.76151e+09 27615.1 3522.89
1e+08 2.77213e+09 27721.3 3479.07
1e+08 2.7828e+09 27828 3435.7
1e+08 2.7935e+09 27935 3392.86
1e+08 2.80424e+09 28042.4 3350.5
1e+08 2.81503e+09 28150.3 3308.59
1e+08 2.82586e+09 28258.6 3267.15
1e+08 2.83673e+09 28367.3 3226.18
1e+08 2.84764e+09 28476.4 3185.68
1e+08 2.85859e+09 28585.9 3145.64
1e+08 2.86959e+09 28695.9 3106.02
1e+08 2.88062e+09 28806.2 3066.9
1e+08 2.8917e+09 28917 3028.19
1e+08 2.90283e+09 29028.3 2989.9
1e+08 2.91399e+09 29139.9 2952.08
1e+08 2.9252e+09 29252 2914.66
1e+08 2.93645e+09 29364.5 2877.68
1e+08 2.94774e+09 29477.4 2841.14
1e+08 2.95908e+09 29590.8 2804.98
1e+08 2.97046e+09 29704.6 2769.26
1e+08 2.98189e+09 29818.9 2733.92
1e+08 2.99336e+09 29933.6 2698.99
1e+08 3.00487e+09 30048.7 2664.48
1e+08 3.01643e+09 30164.3 2630.34
1e+08 3.02803e+09 30280.3 2596.61
1e+08 3.03968e+09 30396.8 2563.26
1e+08 3.05137e+09 30513.7 2530.3
1e+08 3.06311e+09 30631.1 2497.7
1e+08 3.07489e+09 30748.9 2465.5
1e+08 3.08671e+09 30867.1 2433.68
1e+08 3.09859e+09 30985.9 2402.19
1e+08 3.11051e+09 31105.1 2371.08
1e+08 3.12247e+09 31224.7 2340.35
1e+08 3.13448e+09 31344.8 2309.96
1e+08 3.14654e+09 31465.4 2279.91
1e+08 3.15864e+09 31586.4 2250.23
1e+08 3.17079e+09 31707.9 2220.89
1e+08 3.18298e+09 31829.8 2191.91
1e+08 3.19523e+09 31952.3 2163.24
1e+08 3.20752e+09 32075.2 2134.91
1e+08 3.21985e+09 32198.5 2106.94
1e+08 3.23224e+09 32322.4 2079.26
1e+08 3.24467e+09 32446.7 2051.93
1e+08 3.25715e+09 32571.5 2024.91
1e+08 3.26968e+09 32696.8 1998.21
1e+08 3.28225e+09 32822.5 1971.84
1e+08 3.29488e+09 32948.8 1945.76
1e+08 3.30755e+09 33075.5 1920
1e+08 3.32027e+09 33202.7 1894.54
1e+08 3.33304e+09 33330.4 1869.39
1e+08 3.34586e+09 33458.6 1844.53
1e+08 3.35873e+09 33587.3 1819.96
1e+08 3.37165e+09 33716.5 1795.69
1e+08 3.38462e+09 33846.2 1771.71
1e+08 3.39764e+09 33976.4 1748.01
1e+08 3.41071e+09 34107.1 1724.6
1e+08 3.42382e+09 34238.2 1701.48
1e+08 3.43699e+09 34369.9 1678.62
1e+08 3.45021e+09 34502.1 1656.04
1e+08 3.46348e+09 34634.8 1633.74
1e+08 3.47681e+09 34768.1 1611.68
1e+08 3.49018e+09 34901.8 1589.91
1e+08 3.5036e+09 35036 1568.41
1e+08 3.51708e+09 35170.8 1547.15
1e+08 3.53061e+09 35306.1 1526.15
1e+08 3.54419e+09 35441.9 1505.41
1e+08 3.55782e+09 35578.2 1484.93
1e+08 3.5715e+09 35715 1464.7
1e+08 3.58524e+09 35852.4 1444.7
1e+08 3.59903e+09 35990.3 1424.95
1e+08 3.61287e+09 36128.7 1405.45
1e+08 3.62677e+09 36267.7 1386.17
1e+08 3.64072e+09 36407.2 1367.14
1e+08 3.65472e+09 36547.2 1348.35
1e+08 3.66878e+09 36687.8 1329.77
1e+08 3.68289e+09 36828.9 1311.43
1e+08 3.69706e+09 36970.6 1293.31
1e+08 3.71128e+09 37112.8 1275.42
1e+08 3.72555e+09 37255.5 1257.76
1e+08 3.73988e+09 37398.8 1240.3
1e+08 3.75426e+09 37542.6 1223.07
1e+08 3.7687e+09 37687 1206.05
1e+08 3.7832e+09 37832 1189.24
1e+08 3.79775e+09 37977.5 1172.64
1e+08 3.81236e+09 38123.6 1156.24
1e+08 3.82702e+09 38270.2 1140.05
1e+08 3.84174e+09 38417.4 1124.07
1e+08 3.85652e+09 38565.2 1108.28
1e+08 3.87135e+09 38713.5 1092.69
1e+08 3.88624e+09 38862.4 1077.3
1e+08 3.90119e+09 39011.9 1062.09
1e+08 3.91619e+09 39161.9 1047.09
1e+08 3.93126e+09 39312.6 1032.26
1e+08 3.94638e+09 39463.8 1017.63
1e+08 3.96156e+09 39615.6 1003.18
1e+08 3.97679e+09 39767.9 988.924
1e+08 3.99209e+09 39920.9 974.837
1e+08 4.00745e+09 40074.5 960.927
1e+08 4.02286e+09 40228.6 947.203
1e+08 4.03833e+09 40383.3 933.653
1e+08 4.05387e+09 40538.7 920.266
1e+08 4.06946e+09 40694.6 907.06
1e+08 4.08511e+09 40851.1 894.022
1e+08 4.10082e+09 41008.2 881.151
1e+08 4.1166e+09 41166 868.439
1e+08 4.13243e+09 41324.3 855.898
1e+08 4.14832e+09 41483.2 843.519
1e+08 4.16428e+09 41642.8 831.293
1e+08 4.1803e+09 41803 819.227
1e+08 4.19638e+09 41963.8 807.317
1e+08 4.21252e+09 42125.2 795.564
1e+08 4.22872e+09 42287.2 783.964
1e+08 4.24498e+09 42449.8 772.517
1e+08 4.26131e+09 42613.1 761.214
1e+08 4.2777e+09 42777 750.06
1e+08 4.29415e+09 42941.5 739.054
1e+08 4.31067e+09 43106.7 728.188
1e+08 4.32725e+09 43272.5 717.466
1e+08 4.34389e+09 43438.9 706.888
1e+08 4.3606e+09 43606 696.445
1e+08 4.37737e+09 43773.7 686.142
1e+08 4.39421e+09 43942.1 675.971
1e+08 4.41111e+09 44111.1 665.938
1e+08 4.42808e+09 44280.8 656.035
1e+08 4.44511e+09 44451.1 646.266
1e+08 4.46221e+09 44622.1 636.624
1e+08 4.47937e+09 44793.7 627.113
1e+08 4.4966e+09 44966 617.727
1e+08 4.5139e+09 45139 608.465
1e+08 4.53126e+09 45312.6 599.329
1e+08 4.54869e+09 45486.9 590.314
1e+08 4.56618e+09 45661.8 581.424
1e+08 4.58374e+09 45837.4 572.652
1e+08 4.60138e+09 46013.8 563.991
1e+08 4.61907e+09 46190.7 555.456
1e+08 4.63684e+09 46368.4 547.03
1e+08 4.65467e+09 46546.7 538.722
1e+08 4.67258e+09 46725.8 530.522
1e+08 4.69055e+09 46905.5 522.436
1e+08 4.70859e+09 47085.9 514.46
1e+08 4.7267e+09 47267 506.593
1e+08 4.74488e+09 47448.8 498.832
1e+08 4.76313e+09 47631.3 491.178
1e+08 4.78145e+09 47814.5 483.628
1e+08 4.79984e+09 47998.4 476.182
1e+08 4.81831e+09 48183.1 468.834
1e+08 4.83684e+09 48368.4 461.592
1e+08 4.85544e+09 48554.4 454.45
1e+08 4.87412e+09 48741.2 447.403
1e+08 4.89286e+09 48928.6 440.458
1e+08 4.91168e+09 49116.8 433.606
1e+08 4.93058e+09 49305.8 426.847
1e+08 4.94954e+09 49495.4 420.186
1e+08 4.96858e+09 49685.8 413.615
1e+08 4.98769e+09 49876.9 407.137
1e+08 5.00687e+09 50068.7 400.75
1e+08 5.02613e+09 50261.3 394.451
1e+08 5.04546e+09 50454.6 388.241
1e+08 5.06487e+09 50648.7 382.117
1e+08 5.08435e+09 50843.5 376.08
1e+08 5.10391e+09 51039.1 370.127
1e+08 5.12354e+09 51235.4 364.259
1e+08 5.14324e+09 51432.4 358.476
1e+08 5.16303e+09 51630.3 352.77
1e+08 5.18288e+09 51828.8 347.15
1e+08 5.20282e+09 52028.2 341.606
1e+08 5.22283e+09 52228.3 336.143
1e+08 5.24292e+09 52429.2 330.757
1e+08 5.26309e+09 52630.9 325.447
1e+08 5.28333e+09 52833.3 320.215
1e+08 5.30365e+09 53036.5 315.058
1e+08 5.32405e+09 53240.5 309.974
1e+08 5.34453e+09 53445.3 304.963
1e+08 5.36508e+09 53650.8 300.026
1e+08 5.38572e+09 53857.2 295.158
1e+08 5.40643e+09 54064.3 290.362
1e+08 5.42723e+09 54272.3 285.634
1e+08 5.4481e+09 54481 280.976
1e+08 5.46906e+09 54690.6 276.384
1e+08 5.4901e+09 54901 271.86
1e+08 5.51121e+09 55112.1 267.403
1e+08 5.53241e+09 55324.1 263.01
1e+08 5.55369e+09 55536.9 258.681
1e+08 5.57505e+09 55750.5 254.417
1e+08 5.59649e+09 55964.9 250.215
1e+08 5.61802e+09 56180.2 246.074
1e+08 5.63963e+09 56396.3 241.995
1e+08 5.66132e+09 56613.2 237.976
1e+08 5.68309e+09 56830.9 234.018
1e+08 5.70495e+09 57049.5 230.117
1e+08 5.7269e+09 57269 226.273
1e+08 5.74892e+09 57489.2 222.489
1e+08 5.77104e+09 57710.4 218.759
1e+08 5.79323e+09 57932.3 215.087
1e+08 5.81552e+09 58155.2 211.468
1e+08 5.83788e+09 58378.8 207.905
1e+08 5.86034e+09 58603.4 204.394
1e+08 5.88288e+09 58828.8 200.937
1e+08 5.90551e+09 59055.1 197.531
1e+08 5.92822e+09 59282.2 194.178
1e+08 5.95102e+09 59510.2 190.875
1e+08 5.97391e+09 59739.1 187.623
1e+08 5.99689e+09 59968.9 184.419
1e+08 6.01995e+09 60199.5 181.265
1e+08 6.04311e+09 60431.1 178.158
1e+08 6.06635e+09 60663.5 175.1
1e+08 6.08969e+09 60896.9 172.087
1e+08 6.11311e+09 61131.1 169.121
1e+08 6.13662e+09 61366.2 166.202
1e+08 6.16022e+09 61602.2 163.327
1e+08 6.18392e+09 61839.2 160.495
1e+08 6.2077e+09 62077 157.709
1e+08 6.23158e+09 62315.8 154.965
1e+08 6.25555e+09 62555.5 152.264
1e+08 6.27961e+09 62796.1 149.605
1e+08 6.30376e+09 63037.6 146.987
1e+08 6.32801e+09 63280.1 144.41
1e+08 6.35235e+09 63523.5 141.874
1e+08 6.37678e+09 63767.8 139.377
1e+08 6.40131e+09 64013.1 136.919
1e+08 6.42593e+09 64259.3 134.501
1e+08 6.45065e+09 64506.5 132.12
1e+08 6.47546e+09 64754.6 129.777
1e+08 6.50036e+09 65003.6 127.472
1e+08 6.52537e+09 65253.7 125.202
1e+08 6.55046e+09 65504.6 122.969
1e+08 6.57566e+09 65756.6 120.771
1e+08 6.60095e+09 66009.5 118.609
1e+08 6.62634e+09 66263.4 116.481
1e+08 6.65183e+09 66518.3 114.387
1e+08 6.67741e+09 66774.1 112.327
1e+08 6.7031e+09 67031 110.299
1e+08 6.72888e+09 67288.8 108.305
1e+08 6.75476e+09 67547.6 106.343
1e+08 6.78074e+09 67807.4 104.413
1e+08 6.80682e+09 68068.2 102.514
1e+08 6.833e+09 68330 100.646
1e+08 6.85928e+09 68592.8 98.8081
1e+08 6.88567e+09 68856.7 96.9999
1e+08 6.91215e+09 69121.5 95.2219
1e+08 6.93874e+09 69387.4 93.4726
1e+08 6.96543e+09 69654.3 91.7521
1e+08 6.99222e+09 69922.2 90.0602
1e+08 7.01911e+09 70191.1 88.3963
1e+08 7.04611e+09 70461.1 86.7595
1e+08 7.07321e+09 70732.1 85.15
1e+08 7.10042e+09 71004.2 83.5669
1e+08 7.12773e+09 71277.3 82.0104
1e+08 7.15514e+09 71551.4 80.48
1e+08 7.18266e+09 71826.6 78.975
1e+08 7.21029e+09 72102.9 77.495
1e+08 7.23802e+09 72380.2 76.04
1e+08 7.26586e+09 72658.6 74.6094
1e+08 7.29381e+09 72938.1 73.2026
1e+08 7.32186e+09 73218.6 71.82
1e+08 7.35002e+09 73500.2 70.4606
1e+08 7.37829e+09 73782.9 69.1242
1e+08 7.40667e+09 74066.7 67.8104
1e+08 7.43516e+09 74351.6 66.5189
1e+08 7.46376e+09 74637.6 65.2495
1e+08 7.49247e+09 74924.7 64.0017
1e+08 7.52129e+09 75212.9 62.7752
1e+08 7.55022e+09 75502.2 61.5699
1e+08 7.57926e+09 75792.6 60.3853
1e+08 7.60841e+09 76084.1 59.2212
1e+08 7.63767e+09 76376.7 58.0773
1e+08 7.66705e+09 76670.5 56.9528
1e+08 7.69654e+09 76965.4 55.848
1e+08 7.72614e+09 77261.4 54.7625
1e+08 7.75586e+09 77558.6 53.6957
1e+08 7.78569e+09 77856.9 52.6476
1e+08 7.81564e+09 78156.4 51.6177
1e+08 7.8457e+09 78457 50.606
1e+08 7.87587e+09 78758.7 49.6123
1e+08 7.90617e+09 79061.7 48.6356
1e+08 7.93658e+09 79365.8 47.6763
1e+08 7.9671e+09 79671 46.7342
1e+08 7.99775e+09 79977.5 45.8085
1e+08 8.02851e+09 80285.1 44.8993
1e+08 8.05939e+09 80593.9 44.0064
1e+08 8.09039e+09 80903.9 43.1292
1e+08 8.12151e+09 81215.1 42.2678
1e+08 8.15274e+09 81527.4 41.422
1e+08 8.1841e+09 81841 40.5912
1e+08 8.21558e+09 82155.8 39.7753
1e+08 8.24718e+09 82471.8 38.9741
1e+08 8.2789e+09 82789 38.1875
1e+08 8.31074e+09 83107.4 37.4152
1e+08 8.34271e+09 83427.1 36.6566
1e+08 8.3748e+09 83748 35.912
1e+08 8.40701e+09 84070.1 35.181
1e+08 8.43935e+09 84393.5 34.4632
1e+08 8.47181e+09 84718.1 33.7587
1e+08 8.50439e+09 85043.9 33.0672
1e+08 8.5371e+09 85371 32.3883
1e+08 8.56994e+09 85699.4 31.7218
1e+08 8.6029e+09 86029 31.0677
1e+08 8.63599e+09 86359.9 30.4258
1e+08 8.66921e+09 86692.1 29.7956
1e+08 8.70255e+09 87025.5 29.1774
1e+08 8.73602e+09 87360.2 28.5706
1e+08 8.76962e+09 87696.2 27.9751
1e+08 8.80336e+09 88033.6 27.3906
1e+08 8.83722e+09 88372.2 26.8173
1e+08 8.87121e+09 88712.1 26.2547
1e+08 8.90533e+09 89053.3 25.7027
1e+08 8.93958e+09 89395.8 25.1612
1e+08 8.97396e+09 89739.6 24.63
1e+08 9.00848e+09 90084.8 24.1087
1e+08 9.04313e+09 90431.3 23.5974
1e+08 9.07791e+09 90779.1 23.0959
1e+08 9.11283e+09 91128.3 22.6038
1e+08 9.14788e+09 91478.8 22.1213
1e+08 9.18307e+09 91830.7 21.6479
1e+08 9.21839e+09 92183.9 21.1838
1e+08 9.25384e+09 92538.4 20.7286
1e+08 9.28944e+09 92894.4 20.2821
1e+08 9.32517e+09 93251.7 19.8443
1e+08 9.36103e+09 93610.3 19.4151
1e+08 9.39704e+09 93970.4 18.9942
1e+08 9.43318e+09 94331.8 18.5815
1e+08 9.46946e+09 94694.6 18.1769
1e+08 9.50589e+09 95058.9 17.7801
1e+08 9.54245e+09 95424.5 17.3912
1e+08 9.57915e+09 95791.5 17.01
1e+08 9.616e+09 96160 16.6362
1e+08 9.65298e+09 96529.8 16.2699
1e+08 9.69011e+09 96901.1 15.9108
1e+08 9.72738e+09 97273.8 15.5589
1e+08 9.7648e+09 97648 15.2139
1e+08 9.80236e+09 98023.6 14.8759
1e+08 9.84006e+09 98400.6 14.5447
1e+08 9.87791e+09 98779.1 14.22
1e+08 9.9159e+09 99159 13.902
1e+08 9.95404e+09 99540.4 13.5903
1e+08 9.99233e+09 99923.3 13.2849
1e+08 1.00308e+10 100308 12.9854
1e+08 1.00693e+10 100693 12.6929
1e+08 1.01081e+10 101081 12.4052
1e+08 1.01469e+10 101469 12.1245
1e+08 1.0186e+10 101860 11.8484
1e+08 1.02252e+10 102252 11.5784
1e+08 1.02645e+10 102645 11.3142
1e+08 1.0304e+10 103040 11.0552
1e+08 1.03436e+10 103436 10.8018
1e+08 1.03834e+10 103834 10.5534
1e+08 1.04233e+10 104233 10.3105
1e+08 1.04634e+10 104634 10.0724
1e+08 1.05037e+10 105037 9.8389
1e+08 1.05441e+10 105441 9.61063
1e+08 1.05846e+10 105846 9.38746
1e+08 1.06253e+10 106253 9.16873
1e+08 1.06662e+10 106662 8.95437
1e+08 1.07072e+10 107072 8.74484
1e+08 1.07484e+10 107484 8.53952
1e+08 1.07897e+10 107897 8.33884
1e+08 1.08312e+10 108312 8.14223
1e+08 1.08729e+10 108729 7.94963
1e+08 1.09147e+10 109147 7.76141
1e+08 1.09567e+10 109567 7.57705
1e+08 1.09988e+10 109988 7.39691
1e+08 1.10412e+10 110412 7.22006
1e+08 1.10836e+10 110836 7.0477
1e+08 1.11262e+10 111262 6.87892
1e+08 1.1169e+10 111690 6.71366
1e+08 1.1212e+10 112120 6.55185
1e+08 1.12551e+10 112551 6.39381
1e+08 1.12984e+10 112984 6.2391
1e+08 1.13419e+10 113419 6.08766
1e+08 1.13855e+10 113855 5.93977
1e+08 1.14293e+10 114293 5.79503
1e+08 1.14733e+10 114733 5.65337
1e+08 1.15174e+10 115174 5.51507
1e+08 1.15617e+10 115617 5.37974
1e+08 1.16062e+10 116062 5.24733
1e+08 1.16508e+10 116508 5.11808
1e+08 1.16956e+10 116956 4.99163
1e+08 1.17406e+10 117406 4.86794
1e+08 1.17857e+10 117857 4.74722
1e+08 1.18311e+10 118311 4.62888
1e+08 1.18766e+10 118766 4.51341
1e+08 1.19223e+10 119223 4.40048
1e+08 1.19681e+10 119681 4.2903
1e+08 1.20142e+10 120142 4.18233
1e+08 1.20604e+10 120604 4.077
1e+08 1.21068e+10 121068 3.97402
1e+08 1.21533e+10 121533 3.87358
1e+08 1.22001e+10 122001 3.77518
1e+08 1.2247e+10 122470 3.67922
1e+08 1.22941e+10 122941 3.58542
1e+08 1.23414e+10 123414 3.49377
1e+08 1.23889e+10 123889 3.4042
1e+08 1.24365e+10 124365 3.31687
1e+08 1.24843e+10 124843 3.23155
1e+08 1.25324e+10 125324 3.14802
1e+08 1.25806e+10 125806 3.06659
1e+08 1.26289e+10 126289 2.98721
1e+08 1.26775e+10 126775 2.90952
1e+08 1.27263e+10 127263 2.83364
1e+08 1.27752e+10 127752 2.7597
1e+08 1.28244e+10 128244 2.68734
1e+08 1.28737e+10 128737 2.61684
1e+08 1.29232e+10 129232 2.548
1e+08 1.29729e+10 129729 2.48079
1e+08 1.30228e+10 130228 2.41519
1e+08 1.30729e+10 130729 2.35116
1e+08 1.31232e+10 131232 2.28865
1e+08 1.31737e+10 131737 2.22766
1e+08 1.32243e+10 132243 2.16825
1e+08 1.32752e+10 132752 2.11016
1e+08 1.33263e+10 133263 2.05349
1e+08 1.33775e+10 133775 1.9983
1e+08 1.3429e+10 134290 1.94435
1e+08 1.34806e+10 134806 1.89184
1e+08 1.35325e+10 135325 1.84051
1e+08 1.35845e+10 135845 1.79055
1e+08 1.36368e+10 136368 1.74173
1e+08 1.36892e+10 136892 1.69421
1e+08 1.37419e+10 137419 1.64779
1e+08 1.37947e+10 137947 1.60261
1e+08 1.38478e+10 138478 1.55848
1e+08 1.39011e+10 139011 1.51547
1e+08 1.39545e+10 139545 1.47362
1e+08 1.40082e+10 140082 1.43275
1e+08 1.40621e+10 140621 1.39291
1e+08 1.41162e+10 141162 1.3541
1e+08 1.41705e+10 141705 1.31627
1e+08 1.4225e+10 142250 1.27942
1e+08 1.42797e+10 142797 1.24351
1e+08 1.43346e+10 143346 1.20853
1e+08 1.43897e+10 143897 1.17446
1e+08 1.44451e+10 144451 1.14121
1e+08 1.45006e+10 145006 1.10888
1e+08 1.45564e+10 145564 1.07734
1e+08 1.46124e+10 146124 1.04663
1e+08 1.46686e+10 146686 1.01673
1e+08 1.4725e+10 147250 0.987612
1e+08 1.47817e+10 147817 0.959218
1e+08 1.48385e+10 148385 0.931626
1e+08 1.48956e+10 148956 0.904722
1e+08 1.49529e+10 149529 0.878537
1e+08 1.50104e+10 150104 0.853053
1e+08 1.50681e+10 150681 0.828255
1e+08 1.51261e+10 151261 0.804084
1e+08 1.51843e+10 151843 0.780566
1e+08 1.52427e+10 152427 0.757687
1e+08 1.53013e+10 153013 0.735431
1e+08 1.53602e+10 153602 0.713746
1e+08 1.54192e+10 154192 0.69269
1e+08 1.54785e+10 154785 0.672179
1e+08 1.55381e+10 155381 0.652199
1e+08 1.55978e+10 155978 0.632805
1e+08 1.56578e+10 156578 0.613917
1e+08 1.57181e+10 157181 0.595525
1e+08 1.57785e+10 157785 0.577675
1e+08 1.58392e+10 158392 0.560297
1e+08 1.59001e+10 159001 0.543406
1e+08 1.59613e+10 159613 0.526965
1e+08 1.60227e+10 160227 0.510989
1e+08 1.60843e+10 160843 0.495466
1e+08 1.61462e+10 161462 0.48036
1e+08 1.62083e+10 162083 0.465685
1e+08 1.62706e+10 162706 0.45143
1e+08 1.63332e+10 163332 0.437562
1e+08 1.6396e+10 163960 0.424094
1e+08 1.64591e+10 164591 0.410994
1e+08 1.65224e+10 165224 0.398273
1e+08 1.65859e+10 165859 0.385923
1e+08 1.66497e+10 166497 0.373914
1e+08 1.67138e+10 167138 0.362238
1e+08 1.67781e+10 167781 0.350904
1e+08 1.68426e+10 168426 0.339905
1e+08 1.69074e+10 169074 0.329213
1e+08 1.69724e+10 169724 0.318838
1e+08 1.70377e+10 170377 0.308757
1e+08 1.71032e+10 171032 0.298975
1e+08 1.7169e+10 171690 0.289472
1e+08 1.7235e+10 172350 0.280253
1e+08 1.73013e+10 173013 0.271299
1e+08 1.73679e+10 173679 0.262602
1e+08 1.74347e+10 174347 0.254167
1e+08 1.75017e+10 175017 0.24599
1e+08 1.7569e+10 175690 0.238049
1e+08 1.76366e+10 176366 0.230339
1e+08 1.77045e+10 177045 0.222855
1e+08 1.77726e+10 177726 0.215601
1e+08 1.78409e+10 178409 0.208571
1e+08 1.79095e+10 179095 0.201748
1e+08 1.79784e+10 179784 0.195127
1e+08 1.80476e+10 180476 0.188703
1e+08 1.8117e+10 181170 0.18248
1e+08 1.81867e+10 181867 0.176443
1e+08 1.82566e+10 182566 0.170596
1e+08 1.83268e+10 183268 0.164925
1e+08 1.83973e+10 183973 0.159425
1e+08 1.84681e+10 184681 0.154092
1e+08 1.85391e+10 185391 0.148929
1e+08 1.86104e+10 186104 0.143923
1e+08 1.8682e+10 186820 0.139071
1e+08 1.87539e+10 187539 0.134369
1e+08 1.8826e+10 188260 0.129817
1e+08 1.88984e+10 188984 0.125407
1e+08 1.89711e+10 189711 0.121134
1e+08 1.90441e+10 190441 0.116993
1e+08 1.91173e+10 191173 0.112988
1e+08 1.91909e+10 191909 0.109104
1e+08 1.92647e+10 192647 0.105346
1e+08 1.93388e+10 193388 0.101708
1e+08 1.94132e+10 194132 0.0981846
1e+08 1.94878e+10 194878 0.0947782
1e+08 1.95628e+10 195628 0.091476
1e+08 1.9638e+10 196380 0.0882839
1e+08 1.97136e+10 197136 0.0851902
1e+08 1.97894e+10 197894 0.0822003
1e+08 1.98655e+10 198655 0.0793071
1e+08 1.99419e+10 199419 0.0765078
1e+08 2.00186e+10 200186 0.0737998
1e+08 2.00956e+10 200956 0.0711802
1e+08 2.01729e+10 201729 0.0686465
1e+08 2.02505e+10 202505 0.0661962
1e+08 2.03284e+10 203284 0.0638268
1e+08 2.04066e+10 204066 0.0615359
1e+08 2.04851e+10 204851 0.0593211
1e+08 2.05638e+10 205638 0.0571829
1e+08 2.06429e+10 206429 0.0551136
1e+08 2.07223e+10 207223 0.0531137
1e+08 2.0802e+10 208020 0.0511812
1e+08 2.08821e+10 208821 0.0493117
1e+08 2.09624e+10 209624 0.0475078
1e+08 2.1043e+10 210430 0.0457653
1e+08 2.11239e+10 211239 0.0440823
1e+08 2.12052e+10 212052 0.0424549
1e+08 2.12868e+10 212868 0.0408835
1e+08 2.13686e+10 213686 0.039368
1e+08 2.14508e+10 214508 0.0379032
1e+08 2.15333e+10 215333 0.0364892
1e+08 2.16161e+10 216161 0.0351245
1e+08 2.16993e+10 216993 0.0338059
1e+08 2.17827e+10 217827 0.032535
1e+08 2.18665e+10 218665 0.0313073
1e+08 2.19506e+10 219506 0.030123
1e+08 2.20351e+10 220351 0.0289792
1e+08 2.21198e+10 221198 0.0278773
1e+08 2.22049e+10 222049 0.0268135
1e+08 2.22903e+10 222903 0.0257877
1e+08 2.2376e+10 223760 0.0247987
1e+08 2.24621e+10 224621 0.0238442
1e+08 2.25485e+10 225485 0.0229242
1e+08 2.26352e+10 226352 0.0220375
1e+08 2.27223e+10 227223 0.021182
1e+08 2.28097e+10 228097 0.0203578
1e+08 2.28974e+10 228974 0.0195637
1e+08 2.29855e+10 229855 0.0187979
1e+08 2.30739e+10 230739 0.0180603
1e+08 2.31627e+10 231627 0.0173491
1e+08 2.32517e+10 232517 0.0166651
1e+08 2.33412e+10 233412 0.0160051
1e+08 2.3431e+10 234310 0.0153697
1e+08 2.35211e+10 235211 0.0147581
1e+08 2.36115e+10 236115 0.0141694
1e+08 2.37024e+10 237024 0.0136017
1e+08 2.37935e+10 237935 0.0130561
1e+08 2.3885e+10 238850 0.0125306
1e+08 2.39769e+10 239769 0.0120245
1e+08 2.40691e+10 240691 0.0115378
1e+08 2.41617e+10 241617 0.0110692
1e+08 2.42546e+10 242546 0.0106186
1e+08 2.43479e+10 243479 0.010185
1e+08 2.44416e+10 244416 0.00976764
1e+08 2.45356e+10 245356 0.00936651
1e+08 2.463e+10 246300 0.0089806
1e+08 2.47247e+10 247247 0.00860977
1e+08 2.48198e+10 248198 0.00825309
1e+08 2.49153e+10 249153 0.00791009
1e+08 2.50111e+10 250111 0.00758063
1e+08 2.51073e+10 251073 0.00726387
1e+08 2.52039e+10 252039 0.00695939
1e+08 2.53008e+10 253008 0.00666703
1e+08 2.53981e+10 253981 0.00638608
1e+08 2.54958e+10 254958 0.00611612
1e+08 2.55939e+10 255939 0.00585676
1e+08 2.56923e+10 256923 0.00560787
1e+08 2.57911e+10 257911 0.00536882
1e+08 2.58903e+10 258903 0.00513925
1e+08 2.59899e+10 259899 0.00491882
1e+08 2.60899e+10 260899 0.0047072
1e+08 2.61902e+10 261902 0.00450426
1e+08 2.6291e+10 262910 0.00430929
1e+08 2.63921e+10 263921 0.00412238
1e+08 2.64936e+10 264936 0.00394303
1e+08 2.65955e+10 265955 0.00377097
1e+08 2.66978e+10 266978 0.00360593
1e+08 2.68005e+10 268005 0.00344764
1e+08 2.69036e+10 269036 0.00329585
1e+08 2.70071e+10 270071 0.00315031
1e+08 2.71109e+10 271109 0.00301093
1e+08 2.72152e+10 272152 0.00287719
1e+08 2.73199e+10 273199 0.00274903
1e+08 2.7425e+10 274250 0.00262621
1e+08 2.75304e+10 275304 0.00250866
1e+08 2.76363e+10 276363 0.00239594
1e+08 2.77426e+10 277426 0.00228797
1e+08 2.78493e+10 278493 0.00218458
1e+08 2.79565e+10 279565 0.00208549
1e+08 2.8064e+10 280640 0.00199071
1e+08 2.81719e+10 281719 0.00189998
1e+08 2.82803e+10 282803 0.00181307
1e+08 2.83891e+10 283891 0.0017299
1e+08 2.84983e+10 284983 0.00165032
1e+08 2.86079e+10 286079 0.00157419
1e+08 2.87179e+10 287179 0.00150138
1e+08 2.88284e+10 288284 0.00143168
1e+08 2.89392e+10 289392 0.0013651
1e+08 2.90506e+10 290506 0.00130132
1e+08 2.91623e+10 291623 0.00124042
1e+08 2.92745e+10 292745 0.00118215
1e+08 2.93871e+10 293871 0.00112648
1e+08 2.95001e+10 295001 0.00107328
1e+08 2.96136e+10 296136 0.00102242
1e+08 2.97275e+10 297275 0.000973836
1e+08 2.98418e+10 298418 0.000927441
1e+08 2.99566e+10 299566 0.000883103
1e+08 3.00718e+10 300718 0.000840773
1e+08 3.01875e+10 301875 0.000800333
1e+08 3.03036e+10 303036 0.000761738
1e+08 3.04201e+10 304201 0.00072491
1e+08 3.05371e+10 305371 0.000689743
1e+08 3.06546e+10 306546 0.000656167
1e+08 3.07725e+10 307725 0.000624145
1e+08 3.08909e+10 308909 0.000593582
1e+08 3.10097e+10 310097 0.000564442
1e+08 3.11289e+10 311289 0.000536663
1e+08 3.12487e+10 312487 0.000510142
1e+08 3.13689e+10 313689 0.000484868
1e+08 3.14895e+10 314895 0.000460786
1e+08 3.16106e+10 316106 0.000437826
1e+08 3.17322e+10 317322 0.000415938
1e+08 3.18543e+10 318543 0.000395076
1e+08 3.19768e+10 319768 0.000375213
1e+08 3.20998e+10 320998 0.000356286
1e+08 3.22233e+10 322233 0.000338257
1e+08 3.23472e+10 323472 0.000321098
1e+08 3.24716e+10 324716 0.000304758
1e+08 3.25965e+10 325965 0.000289201
1e+08 3.27219e+10 327219 0.00027439
1e+08 3.28477e+10 328477 0.000260305
1e+08 3.29741e+10 329741 0.000246891
1e+08 3.31009e+10 331009 0.000234137
1e+08 3.32282e+10 332282 0.000222005
1e+08 3.3356e+10 333560 0.000210466
1e+08 3.34843e+10 334843 0.000199493
1e+08 3.36131e+10 336131 0.00018906
1e+08 3.37424e+10 337424 0.000179143
1e+08 3.38722e+10 338722 0.000169716
1e+08 3.40025e+10 340025 0.000160759
1e+08 3.41333e+10 341333 0.000152249
1e+08 3.42645e+10 342645 0.000144171
1e+08 3.43963e+10 343963 0.000136493
1e+08 3.45286e+10 345286 0.000129203
1e+08 3.46614e+10 346614 0.000122281
1e+08 3.47948e+10 347948 0.000115706
1e+08 3.49286e+10 349286 0.00010947
1e+08 3.50629e+10 350629 0.000103553
1e+08 3.51978e+10 351978 9.79361e-05
1e+08 3.53332e+10 353332 9.2608e-05
1e+08 3.54691e+10 354691 8.75552e-05
1e+08 3.56055e+10 356055 8.27642e-05
1e+08 3.57425e+10 357425 7.82192e-05
1e+08 3.58799e+10 358799 7.39145e-05
1e+08 3.60179e+10 360179 6.98323e-05
1e+08 3.61565e+10 361565 6.59619e-05
1e+08 3.62955e+10 362955 6.22982e-05
1e+08 3.64351e+10 364351 5.88259e-05
1e+08 3.65753e+10 365753 5.55356e-05
1e+08 3.6716e+10 367160 5.24207e-05
1e+08 3.68572e+10 368572 4.94723e-05
1e+08 3.69989e+10 369989 4.66821e-05
1e+08 3.71413e+10 371413 4.40384e-05
1e+08 3.72841e+10 372841 4.15393e-05
1e+08 3.74275e+10 374275 3.9174e-05
1e+08 3.75715e+10 375715 3.69357e-05
1e+08 3.7716e+10 377160 3.48197e-05
1e+08 3.78611e+10 378611 3.28181e-05
1e+08 3.80067e+10 380067 3.09266e-05
1e+08 3.81529e+10 381529 2.91381e-05
1e+08 3.82996e+10 382996 2.74486e-05
1e+08 3.84469e+10 384469 2.58518e-05
1e+08 3.85948e+10 385948 2.43429e-05
1e+08 3.87433e+10 387433 2.29175e-05
1e+08 3.88923e+10 388923 2.1572e-05
1e+08 3.90419e+10 390419 2.03013e-05
1e+08 3.9192e+10 391920 1.91025e-05
1e+08 3.93428e+10 393428 1.79701e-05
1e+08 3.94941e+10 394941 1.6902e-05
1e+08 3.9646e+10 396460 1.58943e-05
1e+08 3.97985e+10 397985 1.49436e-05
1e+08 3.99516e+10 399516 1.4047e-05
1e+08 4.01052e+10 401052 1.3202e-05
1e+08 4.02595e+10 402595 1.24049e-05
1e+08 4.04143e+10 404143 1.16541e-05
1e+08 4.05698e+10 405698 1.09461e-05
1e+08 4.07258e+10 407258 1.02794e-05
1e+08 4.08825e+10 408825 9.65109e-06
1e+08 4.10397e+10 410397 9.05971e-06
1e+08 4.11976e+10 411976 8.50254e-06
1e+08 4.1356e+10 413560 7.97838e-06
1e+08 4.15151e+10 415151 7.48475e-06
1e+08 4.16748e+10 416748 7.02028e-06
1e+08 4.18351e+10 418351 6.58333e-06
1e+08 4.1996e+10 419960 6.17237e-06
1e+08 4.21575e+10 421575 5.78593e-06
1e+08 4.23197e+10 423197 5.42241e-06
1e+08 4.24824e+10 424824 5.08095e-06
1e+08 4.26458e+10 426458 4.75988e-06
1e+08 4.28099e+10 428099 4.45805e-06
1e+08 4.29745e+10 429745 4.17473e-06
1e+08 4.31398e+10 431398 3.9085e-06
1e+08 4.33057e+10 433057 3.65856e-06
1e+08 4.34723e+10 434723 3.42381e-06
1e+08 4.36395e+10 436395 3.20351e-06
1e+08 4.38074e+10 438074 2.9967e-06
1e+08 4.39759e+10 439759 2.80271e-06
1e+08 4.4145e+10 441450 2.62079e-06
1e+08 4.43148e+10 443148 2.45013e-06
1e+08 4.44853e+10 444853 2.29006e-06
1e+08 4.46564e+10 446564 2.14006e-06
1e+08 4.48281e+10 448281 1.99952e-06
1e+08 4.50005e+10 450005 1.8678e-06
1e+08 4.51736e+10 451736 1.74437e-06
1e+08 4.53474e+10 453474 1.62874e-06
1e+08 4.55218e+10 455218 1.52051e-06
1e+08 4.56969e+10 456969 1.41917e-06
1e+08 4.58727e+10 458727 1.3243e-06
1e+08 4.60491e+10 460491 1.23556e-06
1e+08 4.62262e+10 462262 1.15253e-06
1e+08 4.6404e+10 464040 1.07485e-06
1e+08 4.65825e+10 465825 1.00221e-06
1e+08 4.67617e+10 467617 9.3429e-07
1e+08 4.69415e+10 469415 8.70835e-07
1e+08 4.71221e+10 471221 8.11501e-07
1e+08 4.73033e+10 473033 7.56095e-07
1e+08 4.74853e+10 474853 7.04312e-07
1e+08 4.76679e+10 476679 6.55981e-07
1e+08 4.78513e+10 478513 6.10834e-07
1e+08 4.80353e+10 480353 5.68718e-07
1e+08 4.82201e+10 482201 5.29395e-07
1e+08 4.84055e+10 484055 4.92729e-07
1e+08 4.85917e+10 485917 4.58514e-07
1e+08 4.87786e+10 487786 4.26609e-07
1e+08 4.89662e+10 489662 3.96868e-07
1e+08 4.91546e+10 491546 3.69134e-07
1e+08 4.93436e+10 493436 3.43308e-07
1e+08 4.95334e+10 495334 3.19238e-07
1e+08 4.97239e+10 497239 2.96822e-07
1e+08 4.99152e+10 499152 2.75942e-07
1e+08 5.01072e+10 501072 2.56507e-07
1e+08 5.02999e+10 502999 2.38422e-07
1e+08 5.04934e+10 504934 2.21589e-07
1e+08 5.06876e+10 506876 2.05934e-07
1e+08 5.08825e+10 508825 1.91377e-07
1e+08 5.10783e+10 510783 1.77832e-07
1e+08 5.12747e+10 512747 1.6525e-07
1e+08 5.14719e+10 514719 1.53555e-07
1e+08 5.16699e+10 516699 1.42687e-07
1e+08 5.18687e+10 518687 1.3259e-07
1e+08 5.20682e+10 520682 1.23217e-07
1e+08 5.22684e+10 522684 1.14518e-07
1e+08 5.24695e+10 524695 1.06439e-07
1e+08 5.26713e+10 526713 9.89444e-08
1e+08 5.28739e+10 528739 9.19914e-08
1e+08 5.30772e+10 530772 8.55454e-08
1e+08 5.32814e+10 532814 7.95653e-08
1e+08 5.34863e+10 534863 7.40243e-08
1e+08 5.3692e+10 536920 6.88892e-08
1e+08 5.38986e+10 538986 6.41291e-08
1e+08 5.41059e+10 541059 5.97223e-08
1e+08 5.4314e+10 543140 5.56416e-08
1e+08 5.45229e+10 545229 5.1864e-08
1e+08 5.47326e+10 547326 4.8368e-08
1e+08 5.49431e+10 549431 4.51334e-08
1e+08 5.51544e+10 551544 4.21416e-08
1e+08 5.53666e+10 553666 3.93739e-08
1e+08 5.55795e+10 555795 3.68166e-08
1e+08 5.57933e+10 557933 3.44522e-08
1e+08 5.60079e+10 560079 3.22677e-08
1e+08 5.62233e+10 562233 3.02501e-08
1e+08 5.64396e+10 564396 2.83863e-08
1e+08 5.66567e+10 566567 2.66659e-08
1e+08 5.68746e+10 568746 2.50782e-08
1e+08 5.70934e+10 570934 2.36129e-08
1e+08 5.73129e+10 573129 2.22621e-08
1e+08 5.75334e+10 575334 2.10155e-08
1e+08 5.77547e+10 577547 1.98665e-08
1e+08 5.79768e+10 579768 1.88078e-08
1e+08 5.81998e+10 581998 1.78321e-08
1e+08 5.84237e+10 584237 1.69331e-08
1e+08 5.86484e+10 586484 1.61055e-08
1e+08 5.8874e+10 588740 1.53435e-08
1e+08 5.91004e+10 591004 1.46424e-08
1e+08 5.93277e+10 593277 1.39973e-08
1e+08 5.95559e+10 595559 1.34038e-08
1e+08 5.9785e+10 597850 1.2858e-08
1e+08 6.00149e+10 600149 1.23565e-08
1e+08 6.02458e+10 602458 1.18954e-08
1e+08 6.04775e+10 604775 1.14719e-08
1e+08 6.07101e+10 607101 1.10829e-08
1e+08 6.09436e+10 609436 1.07257e-08
1e+08 6.1178e+10 611780 1.03978e-08
1e+08 6.14133e+10 614133 1.0097e-08
1e+08 6.16496e+10 616496 9.8209e-09
1e+08 6.18867e+10 618867 9.56782e-09
1e+08 6.21247e+10 621247 9.3358e-09
1e+08 6.23637e+10 623637 9.12308e-09
1e+08 6.26035e+10 626035 8.92827e-09
1e+08 6.28443e+10 628443 8.74977e-09
1e+08 6.3086e+10 630860 8.58635e-09
1e+08 6.33287e+10 633287 8.4367e-09
1e+08 6.35723e+10 635723 8.29978e-09
1e+08 6.38168e+10 638168 8.17454e-09
1e+08 6.40623e+10 640623 8.05997e-09
1e+08 6.43087e+10 643087 7.95525e-09
1e+08 6.4556e+10 645560 7.85955e-09
1e+08 6.48043e+10 648043 7.7721e-09
1e+08 6.50536e+10 650536 7.69221e-09
1e+08 6.53038e+10 653038 7.61928e-09
1e+08 6.5555e+10 655550 7.5527e-09
1e+08 6.58071e+10 658071 7.49196e-09
1e+08 6.60602e+10 660602 7.4352e-09
1e+08 6.63143e+10 663143 7.37953e-09
1e+08 6.65694e+10 665694 7.32365e-09
1e+08 6.68254e+10 668254 7.26757e-09
1e+08 6.70824e+10 670824 7.21127e-09
1e+08 6.73405e+10 673405 7.15472e-09
1e+08 6.75995e+10 675995 7.09798e-09
1e+08 6.78595e+10 678595 7.04103e-09
1e+08 6.81205e+10 681205 6.98385e-09
1e+08 6.83825e+10 683825 6.92645e-09
1e+08 6.86455e+10 686455 6.86884e-09
1e+08 6.89096e+10 689096 6.81098e-09
1e+08 6.91746e+10 691746 6.75293e-09
1e+08 6.94407e+10 694407 6.69463e-09
1e+08 6.97078e+10 697078 6.63612e-09
1e+08 6.99759e+10 699759 6.57739e-09
1e+08 7.0245e+10 702450 6.51843e-09
1e+08 7.05152e+10 705152 6.45924e-09
1e+08 7.07864e+10 707864 6.39983e-09
1e+08 7.10587e+10 710587 6.34018e-09
1e+08 7.1332e+10 713320 6.2803e-09
1e+08 7.16064e+10 716064 6.22019e-09
1e+08 7.18818e+10 718818 6.15986e-09
1e+08 7.21583e+10 721583 6.09929e-09
1e+08 7.24358e+10 724358 6.0385e-09
1e+08 7.27144e+10 727144 5.97746e-09
1e+08 7.29941e+10 729941 5.91619e-09
1e+08 7.32749e+10 732749 5.85467e-09
1e+08 7.35567e+10 735567 5.79294e-09
1e+08 7.38396e+10 738396 5.73096e-09
1e+08 7.41236e+10 741236 5.66875e-09
1e+08 7.44087e+10 744087 5.60629e-09
1e+08 7.46949e+10 746949 5.54359e-09
1e+08 7.49822e+10 749822 5.48065e-09
1e+08 7.52706e+10 752706 5.41748e-09
1e+08 7.55601e+10 755601 5.35405e-09
1e+08 7.58508e+10 758508 5.29037e-09
1e+08 7.61425e+10 761425 5.22647e-09
1e+08 7.64354e+10 764354 5.1623e-09
1e+08 7.67294e+10 767294 5.0979e-09
1e+08 7.70245e+10 770245 5.03325e-09
1e+08 7.73208e+10 773208 4.96834e-09
1e+08 7.76182e+10 776182 4.90319e-09
1e+08 7.79167e+10 779167 4.83779e-09
1e+08 7.82164e+10 782164 4.77214e-09
1e+08 7.85172e+10 785172 4.70624e-09
1e+08 7.88192e+10 788192 4.64008e-09
1e+08 7.91224e+10 791224 4.57366e-09
1e+08 7.94267e+10 794267 4.507e-09
1e+08 7.97322e+10 797322 4.44007e-09
1e+08 8.00389e+10 800389 4.37288e-09
1e+08 8.03468e+10 803468 4.30543e-09
1e+08 8.06558e+10 806558 4.23774e-09
1e+08 8.0966e+10 809660 4.16978e-09
1e+08 8.12774e+10 812774 4.10156e-09
1e+08 8.15901e+10 815901 4.03306e-09
1e+08 8.19039e+10 819039 3.96432e-09
1e+08 8.22189e+10 822189 3.89531e-09
1e+08 8.25351e+10 825351 3.82604e-09
1e+08 8.28526e+10 828526 3.75648e-09
1e+08 8.31713e+10 831713 3.68667e-09
1e+08 8.34912e+10 834912 3.61659e-09
1e+08 8.38123e+10 838123 3.54624e-09
1e+08 8.41347e+10 841347 3.47561e-09
1e+08 8.44583e+10 844583 3.40472e-09
1e+08 8.47831e+10 847831 3.33357e-09
1e+08 8.51092e+10 851092 3.26213e-09
1e+08 8.54366e+10 854366 3.19041e-09
1e+08 8.57652e+10 857652 3.11842e-09
1e+08 8.60951e+10 860951 3.04615e-09
1e+08 8.64262e+10 864262 2.97362e-09
1e+08 8.67586e+10 867586 2.9008e-09
1e+08 8.70923e+10 870923 2.82769e-09
1e+08 8.74273e+10 874273 2.7543e-09
1e+08 8.77636e+10 877636 2.68063e-09
1e+08 8.81012e+10 881012 2.60667e-09
1e+08 8.844e+10 884400 2.53245e-09
1e+08 8.87802e+10 887802 2.45792e-09
1e+08 8.91217e+10 891217 2.38311e-09
1e+08 8.94645e+10 894645 2.30801e-09
1e+08 8.98086e+10 898086 2.23263e-09
1e+08 9.0154e+10 901540 2.15697e-09
1e+08 9.05008e+10 905008 2.08099e-09
1e+08 9.08489e+10 908489 2.00473e-09
1e+08 9.11983e+10 911983 1.92819e-09
1e+08 9.15491e+10 915491 1.85134e-09
1e+08 9.19012e+10 919012 1.77421e-09
1e+08 9.22547e+10 922547 1.69676e-09
1e+08 9.26095e+10 926095 1.61904e-09
1e+08 9.29657e+10 929657 1.54101e-09
1e+08 9.33233e+10 933233 1.46267e-09
1e+08 9.36822e+10 936822 1.38404e-09
1e+08 9.40426e+10 940426 1.30509e-09
1e+08 9.44043e+10 944043 1.22585e-09
1e+08 9.47674e+10 947674 1.14631e-09
1e+08 9.51319e+10 951319 1.06646e-09
1e+08 9.54978e+10 954978 9.86298e-10
1e+08 9.58651e+10 958651 9.05833e-10
1e+08 9.62338e+10 962338 8.25062e-10
1e+08 9.6604e+10 966040 7.43962e-10
1e+08 9.69755e+10 969755 6.62578e-10
1e+08 9.73485e+10 973485 5.80865e-10
1e+08 9.7723e+10 977230 4.98823e-10
1e+08 9.80988e+10 980988 4.16496e-10
1e+08 9.84762e+10 984762 3.33819e-10
1e+08 9.88549e+10 988549 2.50857e-10
1e+08 9.92352e+10 992352 1.67545e-10
1e+08 9.96168e+10 996168 8.39477e-11
1e+08 1e+11 1e+06 0

1e+09 1e+06 10 1.83192e+11
1e+09 1.00385e+06 10.0385 1.81789e+11
1e+09 1.00771e+06 10.0771 1.80399e+11
1e+09 1.01158e+06 10.1158 1.79021e+11
1e+09 1.01547e+06 10.1547 1.77651e+11
1e+09 1.01938e+06 10.1938 1.76291e+11
1e+09 1.0233e+06 10.233 1.74942e+11
1e+09 1.02724e+06 10.2724 1.73602e+11
1e+09 1.03119e+06 10.3119 1.72274e+11
1e+09 1.03515e+06 10.3515 1.70958e+11
1e+09 1.03914e+06 10.3914 1.69648e+11
1e+09 1.04313e+06 10.4313 1.68352e+11
1e+09 1.04714e+06 10.4714 1.67064e+11
1e+09 1.05117e+06 10.5117 1.65785e+11
1e+09 1.05522e+06 10.5522 1.64515e+11
1e+09 1.05927e+06 10.5927 1.63259e+11
1e+09 1.06335e+06 10.6335 1.62008e+11
1e+09 1.06744e+06 10.6744 1.60768e+11
1e+09 1.07154e+06 10.7154 1.5954e+11
1e+09 1.07567e+06 10.7567 1.58317e+11
1e+09 1.0798e+06 10.798 1.57108e+11
1e+09 1.08396e+06 10.8396 1.55904e+11
1e+09 1.08813e+06 10.8813 1.54711e+11
1e+09 1.09231e+06 10.9231 1.53528e+11
1e+09 1.09651e+06 10.9651 1.52354e+11
1e+09 1.10073e+06 11.0073 1.51188e+11
1e+09 1.10496e+06 11.0496 1.50032e+11
1e+09 1.10921e+06 11.0921 1.48884e+11
1e+09 1.11348e+06 11.1348 1.47744e+11
1e+09 1.11776e+06 11.1776 1.46614e+11
1e+09 1.12206e+06 11.2206 1.45492e+11
1e+09 1.12638e+06 11.2638 1.44378e+11
1e+09 1.13071e+06 11.3071 1.43274e+11
1e+09 1.13506e+06 11.3506 1.42177e+11
1e+09 1.13942e+06 11.3942 1.41091e+11
1e+09 1.14381e+06 11.4381 1.4001e+11
1e+09 1.14821e+06 11.4821 1.38938e+11
1e+09 1.15262e+06 11.5262 1.37877e+11
1e+09 1.15706e+06 11.5706 1.3682e+11
1e+09 1.16151e+06 11.6151 1.35773e+11
1e+09 1.16597e+06 11.6597 1.34736e+11
1e+09 1.17046e+06 11.7046 1.33704e+11
1e+09 1.17496e+06 11.7496 1.32682e+11
1e+09 1.17948e+06 11.7948 1.31666e+11
1e+09 1.18402e+06 11.8402 1.30658e+11
1e+09 1.18857e+06 11.8857 1.29659e+11
1e+09 1.19314e+06 11.9314 1.28667e+11
1e+09 1.19773e+06 11.9773 1.27683e+11
1e+09 1.20234e+06 12.0234 1.26705e+11
1e+09 1.20696e+06 12.0696 1.25737e+11
1e+09 1.21161e+06 12.1161 1.24773e+11
1e+09 1.21627e+06 12.1627 1.23818e+11
1e+09 1.22094e+06 12.2094 1.22872e+11
1e+09 1.22564e+06 12.2564 1.21932e+11
1e+09 1.23035e+06 12.3035 1.20999e+11
1e+09 1.23509e+06 12.3509 1.20072e+11
1e+09 1.23984e+06 12.3984 1.19153e+11
1e+09 1.24461e+06 12.4461 1.18241e+11
1e+09 1.24939e+06 12.4939 1.17338e+11
1e+09 1.2542e+06 12.542 1.16439e+11
1e+09 1.25902e+06 12.5902 1.15549e+11
1e+09 1.26386e+06 12.6386 1.14666e+11
1e+09 1.26873e+06 12.6873 1.13787e+11
1e+09 1.27361e+06 12.7361 1.12916e+11
1e+09 1.2785e+06 12.785 1.12053e+11
1e+09 1.28342e+06 12.8342 1.11196e+11
1e+09 1.28836e+06 12.8836 1.10344e+11
1e+09 1.29331e+06 12.9331 1.09501e+11
1e+09 1.29829e+06 12.9829 1.08662e+11
1e+09 1.30328e+06 13.0328 1.07831e+11
1e+09 1.30829e+06 13.0829 1.07006e+11
1e+09 1.31333e+06 13.1333 1.06186e+11
1e+09 1.31838e+06 13.1838 1.05374e+11
1e+09 1.32345e+06 13.2345 1.04568e+11
1e+09 1.32854e+06 13.2854 1.03768e+11
1e+09 1.33365e+06 13.3365 1.02974e+11
1e+09 1.33878e+06 13.3878 1.02186e+11
1e+09 1.34393e+06 13.4393 1.01404e+11
1e+09 1.3491e+06 13.491 1.00628e+11
1e+09 1.35429e+06 13.5429 9.98577e+10
1e+09 1.3595e+06 13.595 9.90934e+10
1e+09 1.36472e+06 13.6472 9.83365e+10
1e+09 1.36997e+06 13.6997 9.75839e+10
1e+09 1.37524e+06 13.7524 9.68371e+10
1e+09 1.38053e+06 13.8053 9.6096e+10
1e+09 1.38584e+06 13.8584 9.53607e+10
1e+09 1.39117e+06 13.9117 9.46311e+10
1e+09 1.39652e+06 13.9652 9.39071e+10
1e+09 1.4019e+06 14.019 9.31874e+10
1e+09 1.40729e+06 14.0729 9.24746e+10
1e+09 1.4127e+06 14.127 9.17673e+10
1e+09 1.41813e+06 14.1813 9.10656e+10
1e+09 1.42359e+06 14.2359 9.0368e+10
1e+09 1.42906e+06 14.2906 8.96772e+10
1e+09 1.43456e+06 14.3456 8.89906e+10
1e+09 1.44008e+06 14.4008 8.83094e+10
1e+09 1.44562e+06 14.4562 8.76335e+10
1e+09 1.45118e+06 14.5118 8.69629e+10
1e+09 1.45676e+06 14.5676 8.62977e+10
1e+09 1.46236e+06 14.6236 8.56377e+10
1e+09 1.46799e+06 14.6799 8.49818e+10
1e+09 1.47363e+06 14.7363 8.43322e+10
1e+09 1.4793e+06 14.793 8.36866e+10
1e+09 1.48499e+06 14.8499 8.30462e+10
1e+09 1.4907e+06 14.907 8.24109e+10
1e+09 1.49644e+06 14.9644 8.17796e+10
1e+09 1.50219e+06 15.0219 8.11545e+10
1e+09 1.50797e+06 15.0797 8.05332e+10
1e+09 1.51377e+06 15.1377 7.9917e+10
1e+09 1.51959e+06 15.1959 7.93057e+10
1e+09 1.52544e+06 15.2544 7.86983e+10
1e+09 1.5313e+06 15.313 7.80968e+10
1e+09 1.53719e+06 15.3719 7.74992e+10
1e+09 1.54311e+06 15.4311 7.69054e+10
1e+09 1.54904e+06 15.4904 7.63174e+10
1e+09 1.555e+06 15.55 7.57332e+10
1e+09 1.56098e+06 15.6098 7.51537e+10
1e+09 1.56699e+06 15.6699 7.4578e+10
1e+09 1.57301e+06 15.7301 7.4008e+10
1e+09 1.57906e+06 15.7906 7.34417e+10
1e+09 1.58514e+06 15.8514 7.28791e+10
1e+09 1.59123e+06 15.9123 7.2322e+10
1e+09 1.59735e+06 15.9735 7.17686e+10
1e+09 1.6035e+06 16.035 7.12189e+10
1e+09 1.60967e+06 16.0967 7.06736e+10
1e+09 1.61586e+06 16.1586 7.01329e+10
1e+09 1.62207e+06 16.2207 6.95967e+10
1e+09 1.62831e+06 16.2831 6.9064e+10
1e+09 1.63457e+06 16.3457 6.85357e+10
1e+09 1.64086e+06 16.4086 6.8011e+10
1e+09 1.64717e+06 16.4717 6.74906e+10
1e+09 1.65351e+06 16.5351 6.69738e+10
1e+09 1.65987e+06 16.5987 6.64612e+10
1e+09 1.66625e+06 16.6625 6.5953e+10
1e+09 1.67266e+06 16.7266 6.54482e+10
1e+09 1.67909e+06 16.7909 6.49476e+10
1e+09 1.68555e+06 16.8555 6.44505e+10
1e+09 1.69204e+06 16.9204 6.39567e+10
1e+09 1.69854e+06 16.9854 6.34679e+10
1e+09 1.70508e+06 17.0508 6.29817e+10
1e+09 1.71163e+06 17.1163 6.25003e+10
1e+09 1.71822e+06 17.1822 6.20215e+10
1e+09 1.72483e+06 17.2483 6.15468e+10
1e+09 1.73146e+06 17.3146 6.10761e+10
1e+09 1.73812e+06 17.3812 6.06086e+10
1e+09 1.74481e+06 17.4481 6.01445e+10
1e+09 1.75152e+06 17.5152 5.96843e+10
1e+09 1.75825e+06 17.5825 5.9228e+10
1e+09 1.76502e+06 17.6502 5.87742e+10
1e+09 1.77181e+06 17.7181 5.83244e+10
1e+09 1.77862e+06 17.7862 5.78783e+10
1e+09 1.78546e+06 17.8546 5.74355e+10
1e+09 1.79233e+06 17.9233 5.69957e+10
1e+09 1.79922e+06 17.9922 5.65598e+10
1e+09 1.80614e+06 18.0614 5.6127e+10
1e+09 1.81309e+06 18.1309 5.56972e+10
1e+09 1.82006e+06 18.2006 5.52712e+10
1e+09 1.82706e+06 18.2706 5.48483e+10
1e+09 1.83409e+06 18.3409 5.44284e+10
1e+09 1.84115e+06 18.4115 5.40115e+10
1e+09 1.84823e+06 18.4823 5.35982e+10
1e+09 1.85534e+06 18.5534 5.3188e+10
1e+09 1.86247e+06 18.6247 5.27813e+10
1e+09 1.86964e+06 18.6964 5.2377e+10
1e+09 1.87683e+06 18.7683 5.19762e+10
1e+09 1.88405e+06 18.8405 5.15783e+10
1e+09 1.89129e+06 18.9129 5.11839e+10
1e+09 1.89857e+06 18.9857 5.07919e+10
1e+09 1.90587e+06 19.0587 5.04033e+10
1e+09 1.9132e+06 19.132 5.00176e+10
1e+09 1.92056e+06 19.2056 4.96347e+10
1e+09 1.92795e+06 19.2795 4.92547e+10
1e+09 1.93536e+06 19.3536 4.8878e+10
1e+09 1.94281e+06 19.4281 4.85036e+10
1e+09 1.95028e+06 19.5028 4.81326e+10
1e+09 1.95778e+06 19.5778 4.77643e+10
1e+09 1.96531e+06 19.6531 4.73987e+10
1e+09 1.97287e+06 19.7287 4.70359e+10
1e+09 1.98046e+06 19.8046 4.66758e+10
1e+09 1.98808e+06 19.8808 4.63185e+10
1e+09 1.99572e+06 19.9572 4.59643e+10
1e+09 2.0034e+06 20.034 4.56123e+10
1e+09 2.0111e+06 20.111 4.52635e+10
1e+09 2.01884e+06 20.1884 4.49168e+10
1e+09 2.0266e+06 20.266 4.45733e+10
1e+09 2.0344e+06 20.344 4.42319e+10
1e+09 2.04222e+06 20.4222 4.38936e+10
1e+09 2.05008e+06 20.5008 4.35575e+10
1e+09 2.05796e+06 20.5796 4.32243e+10
1e+09 2.06588e+06 20.6588 4.28933e+10
1e+09 2.07383e+06 20.7383 4.25648e+10
1e+09 2.0818e+06 20.818 4.22393e+10
1e+09 2.08981e+06 20.8981 4.19159e+10
1e+09 2.09785e+06 20.9785 4.1595e+10
1e+09 2.10592e+06 21.0592 4.12766e+10
1e+09 2.11402e+06 21.1402 4.09607e+10
1e+09 2.12215e+06 21.2215 4.06472e+10
1e+09 2.13031e+06 21.3031 4.03362e+10
1e+09 2.1385e+06 21.385 4.00276e+10
1e+09 2.14673e+06 21.4673 3.97211e+10
1e+09 2.15499e+06 21.5499 3.9417e+10
1e+09 2.16327e+06 21.6327 3.91156e+10
1e+09 2.1716e+06 21.716 3.88159e+10
1e+09 2.17995e+06 21.7995 3.85189e+10
1e+09 2.18833e+06 21.8833 3.82242e+10
1e+09 2.19675e+06 21.9675 3.79315e+10
1e+09 2.2052e+06 22.052 3.76412e+10
1e+09 2.21368e+06 22.1368 3.73531e+10
1e+09 2.2222e+06 22.222 3.70671e+10
1e+09 2.23074e+06 22.3074 3.67836e+10
1e+09 2.23932e+06 22.3932 3.6502e+10
1e+09 2.24794e+06 22.4794 3.62224e+10
1e+09 2.25658e+06 22.5658 3.59454e+10
1e+09 2.26526e+06 22.6526 3.56702e+10
1e+09 2.27397e+06 22.7397 3.53973e+10
1e+09 2.28272e+06 22.8272 3.51262e+10
1e+09 2.2915e+06 22.915 3.48574e+10
1e+09 2.30031e+06 23.0031 3.45907e+10
1e+09 2.30916e+06 23.0916 3.43259e+10
1e+09 2.31804e+06 23.1804 3.40632e+10
1e+09 2.32696e+06 23.2696 3.38023e+10
1e+09 2.33591e+06 23.3591 3.35436e+10
1e+09 2.34489e+06 23.4489 3.3287e+10
1e+09 2.35391e+06 23.5391 3.30321e+10
1e+09 2.36297e+06 23.6297 3.27791e+10
1e+09 2.37206e+06 23.7206 3.25282e+10
1e+09 2.38118e+06 23.8118 3.22793e+10
1e+09 2.39034e+06 23.9034 3.20322e+10
1e+09 2.39953e+06 23.9953 3.17871e+10
1e+09 2.40876e+06 24.0876 3.15438e+10
1e+09 2.41803e+06 24.1803 3.13022e+10
1e+09 2.42733e+06 24.2733 3.10626e+10
1e+09 2.43666e+06 24.3666 3.0825e+10
1e+09 2.44604e+06 24.4604 3.05888e+10
1e+09 2.45544e+06 24.5544 3.03549e+10
1e+09 2.46489e+06 24.6489 3.01224e+10
1e+09 2.47437e+06 24.7437 2.98918e+10
1e+09 2.48389e+06 24.8389 2.96629e+10
1e+09 2.49344e+06 24.9344 2.9436e+10
1e+09 2.50303e+06 25.0303 2.92107e+10
1e+09 2.51266e+06 25.1266 2.8987e+10
1e+09 2.52232e+06 25.2232 2.87652e+10
1e+09 2.53202e+06 25.3202 2.85451e+10
1e+09 2.54176e+06 25.4176 2.83265e+10
1e+09 2.55154e+06 25.5154 2.81096e+10
1e+09 2.56135e+06 25.6135 2.78945e+10
1e+09 2.57121e+06 25.7121 2.76808e+10
1e+09 2.58109e+06 25.8109 2.74691e+10
1e+09 2.59102e+06 25.9102 2.72588e+10
1e+09 2.60099e+06 26.0099 2.705e+10
1e+09 2.61099e+06 26.1099 2.68431e+10
1e+09 2.62104e+06 26.2104 2.66374e+10
1e+09 2.63112e+06 26.3112 2.64335e+10
1e+09 2.64124e+06 26.4124 2.62312e+10
1e+09 2.6514e+06 26.514 2.60304e+10
1e+09 2.66159e+06 26.6159 2.58313e+10
1e+09 2.67183e+06 26.7183 2.56335e+10
1e+09 2.68211e+06 26.8211 2.54372e+10
1e+09 2.69242e+06 26.9242 2.52426e+10
1e+09 2.70278e+06 27.0278 2.50492e+10
1e+09 2.71318e+06 27.1318 2.48574e+10
1e+09 2.72361e+06 27.2361 2.46672e+10
1e+09 2.73409e+06 27.3409 2.44783e+10
1e+09 2.7446e+06 27.446 2.4291e+10
1e+09 2.75516e+06 27.5516 2.4105e+10
1e+09 2.76576e+06 27.6576 2.39204e+10
1e+09 2.77639e+06 27.7639 2.37374e+10
1e+09 2.78707e+06 27.8707 2.35557e+10
1e+09 2.79779e+06 27.9779 2.33754e+10
1e+09 2.80855e+06 28.0855 2.31964e+10
1e+09 2.81936e+06 28.1936 2.30187e+10
1e+09 2.8302e+06 28.302 2.28426e+10
1e+09 2.84109e+06 28.4109 2.26676e+10
1e+09 2.85201e+06 28.5201 2.24942e+10
1e+09 2.86298e+06 28.6298 2.2322e+10
1e+09 2.874e+06 28.74 2.2151e+10
1e+09 2.88505e+06 28.8505 2.19815e+10
1e+09 2.89615e+06 28.9615 2.18131e+10
1e+09 2.90729e+06 29.0729 2.16461e+10
1e+09 2.91847e+06 29.1847 2.14804e+10
1e+09 2.92969e+06 29.2969 2.13161e+10
1e+09 2.94096e+06 29.4096 2.11529e+10
1e+09 2.95227e+06 29.5227 2.09909e+10
1e+09 2.96363e+06 29.6363 2.08302e+10
1e+09 2.97503e+06 29.7503 2.06707e+10
1e+09 2.98647e+06 29.8647 2.05125e+10
1e+09 2.99796e+06 29.9796 2.03554e+10
1e+09 3.00949e+06 30.0949 2.01996e+10
1e+09 3.02106e+06 30.2106 2.0045e+10
1e+09 3.03268e+06 30.3268 1.98915e+10
1e+09 3.04435e+06 30.4435 1.97392e+10
1e+09 3.05606e+06 30.5606 1.9588e+10
1e+09 3.06781e+06 30.6781 1.94381e+10
1e+09 3.07961e+06 30.7961 1.92893e+10
1e+09 3.09146e+06 30.9146 1.91415e+10
1e+09 3.10335e+06 31.0335 1.8995e+10
1e+09 3.11529e+06 31.1529 1.88495e+10
1e+09 3.12727e+06 31.2727 1.87052e+10
1e+09 3.1393e+06 31.393 1.8562e+10
1e+09 3.15137e+06 31.5137 1.84199e+10
1e+09 3.16349e+06 31.6349 1.82789e+10
1e+09 3.17566e+06 31.7566 1.81389e+10
1e+09 3.18787e+06 31.8787 1.80001e+10
1e+09 3.20014e+06 32.0014 1.78622e+10
1e+09 3.21244e+06 32.1244 1.77255e+10
1e+09 3.2248e+06 32.248 1.75898e+10
1e+09 3.2372e+06 32.372 1.74551e+10
1e+09 3.24966e+06 32.4966 1.73214e+10
1e+09 3.26215e+06 32.6215 1.71889e+10
1e+09 3.2747e+06 32.747 1.70572e+10
1e+09 3.2873e+06 32.873 1.69266e+10
1e+09 3.29994e+06 32.9994 1.6797e+10
1e+09 3.31263e+06 33.1263 1.66684e+10
1e+09 3.32537e+06 33.2537 1.65408e+10
1e+09 3.33817e+06 33.3817 1.64141e+10
1e+09 3.351e+06 33.51 1.62885e+10
1e+09 3.36389e+06 33.6389 1.61637e+10
1e+09 3.37683e+06 33.7683 1.604e+10
1e+09 3.38982e+06 33.8982 1.59171e+10
1e+09 3.40286e+06 34.0286 1.57952e+10
1e+09 3.41595e+06 34.1595 1.56743e+10
1e+09 3.42909e+06 34.2909 1.55543e+10
1e+09 3.44228e+06 34.4228 1.54351e+10
1e+09 3.45552e+06 34.5552 1.5317e+10
1e+09 3.46881e+06 34.6881 1.51997e+10
1e+09 3.48215e+06 34.8215 1.50833e+10
1e+09 3.49554e+06 34.9554 1.49678e+10
1e+09 3.50899e+06 35.0899 1.48532e+10
1e+09 3.52248e+06 35.2248 1.47395e+10
1e+09 3.53603e+06 35.3603 1.46266e+10
1e+09 3.54963e+06 35.4963 1.45146e+10
1e+09 3.56329e+06 35.6329 1.44034e+10
1e+09 3.57699e+06 35.7699 1.42932e+10
1e+09 3.59075e+06 35.9075 1.41837e+10
1e+09 3.60456e+06 36.0456 1.40751e+10
1e+09 3.61842e+06 36.1842 1.39674e+10
1e+09 3.63234e+06 36.3234 1.38604e+10
1e+09 3.64631e+06 36.4631 1.37543e+10
1e+09 3.66034e+06 36.6034 1.36489e+10
1e+09 3.67442e+06 36.7442 1.35444e+10
1e+09 3.68855e+06 36.8855 1.34407e+10
1e+09 3.70274e+06 37.0274 1.33377e+10
1e+09 3.71698e+06 37.1698 1.32356e+10
1e+09 3.73128e+06 37.3128 1.31342e+10
1e+09 3.74563e+06 37.4563 1.30336e+10
1e+09 3.76003e+06 37.6003 1.29339e+10
1e+09 3.7745e+06 37.745 1.28348e+10
1e+09 3.78901e+06 37.8901 1.27365e+10
1e+09 3.80359e+06 38.0359 1.2639e+10
1e+09 3.81822e+06 38.1822 1.25422e+10
1e+09 3.8329e+06 38.329 1.24462e+10
1e+09 3.84765e+06 38.4765 1.23508e+10
1e+09 3.86244e+06 38.6244 1.22563e+10
1e+09 3.8773e+06 38.773 1.21624e+10
1e+09 3.89221e+06 38.9221 1.20693e+10
1e+09 3.90718e+06 39.0718 1.19768e+10
1e+09 3.92221e+06 39.2221 1.18851e+10
1e+09 3.9373e+06 39.373 1.17941e+10
1e+09 3.95244e+06 39.5244 1.17038e+10
1e+09 3.96765e+06 39.6765 1.16141e+10
1e+09 3.98291e+06 39.8291 1.15251e+10
1e+09 3.99823e+06 39.9823 1.14369e+10
1e+09 4.0136e+06 40.136 1.13493e+10
1e+09 4.02904e+06 40.2904 1.12624e+10
1e+09 4.04454e+06 40.4454 1.11761e+10
1e+09 4.06009e+06 40.6009 1.10906e+10
1e+09 4.07571e+06 40.7571 1.10056e+10
1e+09 4.09139e+06 40.9139 1.09213e+10
1e+09 4.10712e+06 41.0712 1.08377e+10
1e+09 4.12292e+06 41.2292 1.07547e+10
1e+09 4.13878e+06 41.3878 1.06723e+10
1e+09 4.1547e+06 41.547 1.05906e+10
1e+09 4.17068e+06 41.7068 1.05094e+10
1e+09 4.18672e+06 41.8672 1.0429e+10
1e+09 4.20282e+06 42.0282 1.03491e+10
1e+09 4.21899e+06 42.1899 1.02698e+10
1e+09 4.23522e+06 42.3522 1.01911e+10
1e+09 4.25151e+06 42.5151 1.01131e+10
1e+09 4.26786e+06 42.6786 1.00356e+10
1e+09 4.28427e+06 42.8427 9.9588e+09
1e+09 4.30075e+06 43.0075 9.88252e+09
1e+09 4.3173e+06 43.173 9.80679e+09
1e+09 4.3339e+06 43.339 9.7317e+09
1e+09 4.35057e+06 43.5057 9.65716e+09
1e+09 4.3673e+06 43.673 9.58321e+09
1e+09 4.3841e+06 43.841 9.5098e+09
1e+09 4.40096e+06 44.0096 9.43697e+09
1e+09 4.41789e+06 44.1789 9.36467e+09
1e+09 4.43488e+06 44.3488 9.29296e+09
1e+09 4.45194e+06 44.5194 9.22177e+09
1e+09 4.46907e+06 44.6907 9.1511e+09
1e+09 4.48626e+06 44.8626 9.08101e+09
1e+09 4.50351e+06 45.0351 9.01147e+09
1e+09 4.52083e+06 45.2083 8.94245e+09
1e+09 4.53822e+06 45.3822 8.87395e+09
1e+09 4.55568e+06 45.5568 8.80596e+09
1e+09 4.5732e+06 45.732 8.73851e+09
1e+09 4.59079e+06 45.9079 8.67157e+09
1e+09 4.60845e+06 46.0845 8.60514e+09
1e+09 4.62617e+06 46.2617 8.53924e+09
1e+09 4.64397e+06 46.4397 8.47381e+09
1e+09 4.66183e+06 46.6183 8.40891e+09
1e+09 4.67976e+06 46.7976 8.34449e+09
1e+09 4.69776e+06 46.9776 8.28057e+09
1e+09 4.71583e+06 47.1583 8.21714e+09
1e+09 4.73397e+06 47.3397 8.15419e+09
1e+09 4.75217e+06 47.5217 8.09175e+09
1e+09 4.77045e+06 47.7045 8.02976e+09
1e+09 4.7888e+06 47.888 7.96824e+09
1e+09 4.80722e+06 48.0722 7.9072e+09
1e+09 4.82571e+06 48.2571 7.84662e+09
1e+09 4.84427e+06 48.4427 7.78652e+09
1e+09 4.8629e+06 48.629 7.72688e+09
1e+09 4.88161e+06 48.8161 7.66766e+09
1e+09 4.90038e+06 49.0038 7.60894e+09
1e+09 4.91923e+06 49.1923 7.55065e+09
1e+09 4.93815e+06 49.3815 7.49281e+09
1e+09 4.95715e+06 49.5715 7.43538e+09
1e+09 4.97621e+06 49.7621 7.37844e+09
1e+09 4.99535e+06 49.9535 7.32192e+09
1e+09 5.01457e+06 50.1457 7.2658e+09
1e+09 5.03385e+06 50.3385 7.21016e+09
1e+09 5.05322e+06 50.5322 7.1549e+09
1e+09 5.07265e+06 50.7265 7.1001e+09
1e+09 5.09216e+06 50.9216 7.04571e+09
1e+09 5.11175e+06 51.1175 6.99172e+09
1e+09 5.13141e+06 51.3141 6.93816e+09
1e+09 5.15115e+06 51.5115 6.88499e+09
1e+09 5.17096e+06 51.7096 6.83225e+09
1e+09 5.19085e+06 51.9085 6.7799e+09
1e+09 5.21081e+06 52.1081 6.72797e+09
1e+09 5.23086e+06 52.3086 6.67641e+09
1e+09 5.25098e+06 52.5098 6.62525e+09
1e+09 5.27117e+06 52.7117 6.57451e+09
1e+09 5.29145e+06 52.9145 6.52412e+09
1e+09 5.3118e+06 53.118 6.47414e+09
1e+09 5.33223e+06 53.3223 6.42454e+09
1e+09 5.35274e+06 53.5274 6.37531e+09
1e+09 5.37333e+06 53.7333 6.32646e+09
1e+09 5.394e+06 53.94 6.27798e+09
1e+09 5.41474e+06 54.1474 6.2299e+09
1e+09 5.43557e+06 54.3557 6.18216e+09
1e+09 5.45648e+06 54.5648 6.13478e+09
1e+09 5.47746e+06 54.7746 6.08779e+09
1e+09 5.49853e+06 54.9853 6.04114e+09
1e+09 5.51968e+06 55.1968 5.99485e+09
1e+09 5.54091e+06 55.4091 5.94891e+09
1e+09 5.56222e+06 55.6222 5.90334e+09
1e+09 5.58362e+06 55.8362 5.85809e+09
1e+09 5.60509e+06 56.0509 5.81321e+09
1e+09 5.62665e+06 56.2665 5.76867e+09
1e+09 5.64829e+06 56.4829 5.72447e+09
1e+09 5.67002e+06 56.7002 5.68059e+09
1e+09 5.69183e+06 56.9183 5.63706e+09
1e+09 5.71372e+06 57.1372 5.59387e+09
1e+09 5.7357e+06 57.357 5.551e+09
1e+09 5.75776e+06 57.5776 5.50846e+09
1e+09 5.7799e+06 57.799 5.46627e+09
1e+09 5.80214e+06 58.0214 5.42436e+09
1e+09 5.82445e+06 58.2445 5.38281e+09
1e+09 5.84685e+06 58.4685 5.34156e+09
1e+09 5.86934e+06 58.6934 5.30063e+09
1e+09 5.89192e+06 58.9192 5.26e+09
1e+09 5.91458e+06 59.1458 5.21969e+09
1e+09 5.93733e+06 59.3733 5.17969e+09
1e+09 5.96017e+06 59.6017 5.13999e+09
1e+09 5.98309e+06 59.8309 5.10061e+09
1e+09 6.0061e+06 60.061 5.06152e+09
1e+09 6.02921e+06 60.2921 5.02272e+09
1e+09 6.0524e+06 60.524 4.98423e+09
1e+09 6.07567e+06 60.7567 4.94605e+09
1e+09 6.09904e+06 60.9904 4.90814e+09
1e+09 6.1225e+06 61.225 4.87052e+09
1e+09 6.14605e+06 61.4605 4.83319e+09
1e+09 6.16969e+06 61.6969 4.79615e+09
1e+09 6.19342e+06 61.9342 4.75939e+09
1e+09 6.21724e+06 62.1724 4.72292e+09
1e+09 6.24116e+06 62.4116 4.68671e+09
1e+09 6.26516e+06 62.6516 4.6508e+09
1e+09 6.28926e+06 62.8926 4.61515e+09
1e+09 6.31345e+06 63.1345 4.57978e+09
1e+09 6.33773e+06 63.3773 4.54469e+09
1e+09 6.36211e+06 63.6211 4.50985e+09
1e+09 6.38658e+06 63.8658 4.47528e+09
1e+09 6.41115e+06 64.1115 4.44098e+09
1e+09 6.4358e+06 64.358 4.40695e+09
1e+09 6.46056e+06 64.6056 4.37317e+09
1e+09 6.48541e+06 64.8541 4.33964e+09
1e+09 6.51035e+06 65.1035 4.30639e+09
1e+09 6.53539e+06 65.3539 4.27338e+09
1e+09 6.56053e+06 65.6053 4.24062e+09
1e+09 6.58576e+06 65.8576 4.20812e+09
1e+09 6.6111e+06 66.111 4.17586e+09
1e+09 6.63652e+06 66.3652 4.14386e+09
1e+09 6.66205e+06 66.6205 4.11209e+09
1e+09 6.68767e+06 66.8767 4.08058e+09
1e+09 6.7134e+06 67.134 4.04929e+09
1e+09 6.73922e+06 67.3922 4.01825e+09
1e+09 6.76514e+06 67.6514 3.98745e+09
1e+09 6.79116e+06 67.9116 3.95689e+09
1e+09 6.81728e+06 68.1728 3.92656e+09
1e+09 6.8435e+06 68.435 3.89646e+09
1e+09 6.86982e+06 68.6982 3.86659e+09
1e+09 6.89625e+06 68.9625 3.83694e+09
1e+09 6.92277e+06 69.2277 3.80754e+09
1e+09 6.9494e+06 69.494 3.77834e+09
1e+09 6.97613e+06 69.7613 3.74938e+09
1e+09 7.00296e+06 70.0296 3.72064e+09
1e+09 7.0299e+06 70.299 3.69211e+09
1e+09 7.05694e+06 70.5694 3.66381e+09
1e+09 7.08408e+06 70.8408 3.63572e+09
1e+09 7.11133e+06 71.1133 3.60785e+09
1e+09 7.13868e+06 71.3868 3.58019e+09
1e+09 7.16614e+06 71.6614 3.55274e+09
1e+09 7.1937e+06 71.937 3.52551e+09
1e+09 7.22137e+06 72.2137 3.49848e+09
1e+09 7.24914e+06 72.4914 3.47166e+09
1e+09 7.27703e+06 72.7703 3.44504e+09
1e+09 7.30502e+06 73.0502 3.41863e+09
1e+09 7.33311e+06 73.3311 3.39242e+09
1e+09 7.36132e+06 73.6132 3.36641e+09
1e+09 7.38963e+06 73.8963 3.3406e+09
1e+09 7.41806e+06 74.1806 3.31498e+09
1e+09 7.44659e+06 74.4659 3.28957e+09
1e+09 7.47523e+06 74.7523 3.26435e+09
1e+09 7.50398e+06 75.0398 3.23932e+09
1e+09 7.53284e+06 75.3284 3.21449e+09
1e+09 7.56182e+06 75.6182 3.18983e+09
1e+09 7.5909e+06 75.909 3.16538e+09
1e+09 7.6201e+06 76.201 3.14111e+09
1e+09 7.64941e+06 76.4941 3.11702e+09
1e+09 7.67883e+06 76.7883 3.09312e+09
1e+09 7.70837e+06 77.0837 3.0694e+09
1e+09 7.73801e+06 77.3801 3.04587e+09
1e+09 7.76778e+06 77.6778 3.02251e+09
1e+09 7.79765e+06 77.9765 2.99934e+09
1e+09 7.82765e+06 78.2765 2.97634e+09
1e+09 7.85775e+06 78.5775 2.95352e+09
1e+09 7.88798e+06 78.8798 2.93087e+09
1e+09 7.91832e+06 79.1832 2.90839e+09
1e+09 7.94877e+06 79.4877 2.88609e+09
1e+09 7.97935e+06 79.7935 2.86396e+09
1e+09 8.01004e+06 80.1004 2.84199e+09
1e+09 8.04085e+06 80.4085 2.8202e+09
1e+09 8.07177e+06 80.7177 2.79858e+09
1e+09 8.10282e+06 81.0282 2.77711e+09
1e+09 8.13399e+06 81.3399 2.75581e+09
1e+09 8.16527e+06 81.6527 2.73468e+09
1e+09 8.19668e+06 81.9668 2.71371e+09
1e+09 8.2282e+06 82.282 2.6929e+09
1e+09 8.25985e+06 82.5985 2.67225e+09
1e+09 8.29162e+06 82.9162 2.65175e+09
1e+09 8.32352e+06 83.2352 2.63141e+09
1e+09 8.35553e+06 83.5553 2.61123e+09
1e+09 8.38767e+06 83.8767 2.59121e+09
1e+09 8.41993e+06 84.1993 2.57133e+09
1e+09 8.45231e+06 84.5231 2.55162e+09
1e+09 8.48482e+06 84.8482 2.53205e+09
1e+09 8.51746e+06 85.1746 2.51262e+09
1e+09 8.55022e+06 85.5022 2.49335e+09
1e+09 8.58311e+06 85.8311 2.47423e+09
1e+09 8.61612e+06 86.1612 2.45525e+09
1e+09 8.64926e+06 86.4926 2.43642e+09
1e+09 8.68253e+06 86.8253 2.41773e+09
1e+09 8.71592e+06 87.1592 2.39919e+09
1e+09 8.74945e+06 87.4945 2.38078e+09
1e+09 8.7831e+06 87.831 2.36252e+09
1e+09 8.81688e+06 88.1688 2.3444e+09
1e+09 8.8508e+06 88.508 2.32641e+09
1e+09 8.88484e+06 88.8484 2.30857e+09
1e+09 8.91901e+06 89.1901 2.29086e+09
1e+09 8.95332e+06 89.5332 2.27329e+09
1e+09 8.98775e+06 89.8775 2.25585e+09
1e+09 9.02232e+06 90.2232 2.23855e+09
1e+09 9.05703e+06 90.5703 2.22137e+09
1e+09 9.09186e+06 90.9186 2.20434e+09
1e+09 9.12683e+06 91.2683 2.18743e+09
1e+09 9.16194e+06 91.6194 2.17064e+09
1e+09 9.19718e+06 91.9718 2.15399e+09
1e+09 9.23255e+06 92.3255 2.13747e+09
1e+09 9.26806e+06 92.6806 2.12107e+09
1e+09 9.30371e+06 93.0371 2.1048e+09
1e+09 9.3395e+06 93.395 2.08865e+09
1e+09 9.37542e+06 93.7542 2.07263e+09
1e+09 9.41148e+06 94.1148 2.05672e+09
1e+09 9.44768e+06 94.4768 2.04094e+09
1e+09 9.48402e+06 94.8402 2.02529e+09
1e+09 9.5205e+06 95.205 2.00975e+09
1e+09 9.55711e+06 95.5711 1.99433e+09
1e+09 9.59387e+06 95.9387 1.97903e+09
1e+09 9.63077e+06 96.3077 1.96385e+09
1e+09 9.66782e+06 96.6782 1.94877e+09
1e+09 9.705e+06 97.05 1.93382e+09
1e+09 9.74233e+06 97.4233 1.91899e+09
1e+09 9.7798e+06 97.798 1.90426e+09
1e+09 9.81742e+06 98.1742 1.88965e+09
1e+09 9.85518e+06 98.5518 1.87515e+09
1e+09 9.89309e+06 98.9309 1.86076e+09
1e+09 9.93114e+06 99.3114 1.84648e+09
1e+09 9.96934e+06 99.6934 1.83231e+09
1e+09 1.00077e+07 100.077 1.81825e+09
1e+09 1.00462e+07 100.462 1.80429e+09
1e+09 1.00848e+07 100.848 1.79046e+09
1e+09 1.01236e+07 101.236 1.77672e+09
1e+09 1.01625e+07 101.625 1.7631e+09
1e+09 1.02016e+07 102.016 1.74956e+09
1e+09 1.02409e+07 102.409 1.73612e+09
1e+09 1.02803e+07 102.803 1.72279e+09
1e+09 1.03198e+07 103.198 1.70958e+09
1e+09 1.03595e+07 103.595 1.69646e+09
1e+09 1.03993e+07 103.993 1.68346e+09
1e+09 1.04393e+07 104.393 1.67054e+09
1e+09 1.04795e+07 104.795 1.6577e+09
1e+09 1.05198e+07 105.198 1.64498e+09
1e+09 1.05603e+07 105.603 1.63234e+09
1e+09 1.06009e+07 106.009 1.61982e+09
1e+09 1.06417e+07 106.417 1.60738e+09
1e+09 1.06826e+07 106.826 1.59505e+09
1e+09 1.07237e+07 107.237 1.58281e+09
1e+09 1.07649e+07 107.649 1.57067e+09
1e+09 1.08063e+07 108.063 1.55862e+09
1e+09 1.08479e+07 108.479 1.54664e+09
1e+09 1.08896e+07 108.896 1.53478e+09
1e+09 1.09315e+07 109.315 1.52299e+09
1e+09 1.09735e+07 109.735 1.51132e+09
1e+09 1.10157e+07 110.157 1.49972e+09
1e+09 1.10581e+07 110.581 1.4882e+09
1e+09 1.11007e+07 111.007 1.47676e+09
1e+09 1.11433e+07 111.433 1.46545e+09
1e+09 1.11862e+07 111.862 1.45419e+09
1e+09 1.12292e+07 112.292 1.44303e+09
1e+09 1.12724e+07 112.724 1.43195e+09
1e+09 1.13158e+07 113.158 1.42095e+09
1e+09 1.13593e+07 113.593 1.41004e+09
1e+09 1.1403e+07 114.03 1.39922e+09
1e+09 1.14469e+07 114.469 1.38847e+09
1e+09 1.14909e+07 114.909 1.37781e+09
1e+09 1.15351e+07 115.351 1.36724e+09
1e+09 1.15794e+07 115.794 1.35675e+09
1e+09 1.1624e+07 116.24 1.34632e+09
1e+09 1.16687e+07 116.687 1.33599e+09
1e+09 1.17136e+07 117.136 1.32573e+09
1e+09 1.17586e+07 117.586 1.31556e+09
1e+09 1.18039e+07 118.039 1.30544e+09
1e+09 1.18493e+07 118.493 1.29542e+09
1e+09 1.18948e+07 118.948 1.28549e+09
1e+09 1.19406e+07 119.406 1.27561e+09
1e+09 1.19865e+07 119.865 1.26582e+09
1e+09 1.20326e+07 120.326 1.2561e+09
1e+09 1.20789e+07 120.789 1.24645e+09
1e+09 1.21254e+07 121.254 1.23687e+09
1e+09 1.2172e+07 121.72 1.22738e+09
1e+09 1.22188e+07 122.188 1.21796e+09
1e+09 1.22658e+07 122.658 1.20861e+09
1e+09 1.2313e+07 123.13 1.19932e+09
1e+09 1.23603e+07 123.603 1.19013e+09
1e+09 1.24079e+07 124.079 1.18098e+09
1e+09 1.24556e+07 124.556 1.17191e+09
1e+09 1.25035e+07 125.035 1.16291e+09
1e+09 1.25516e+07 125.516 1.15398e+09
1e+09 1.25999e+07 125.999 1.14511e+09
1e+09 1.26484e+07 126.484 1.13631e+09
1e+09 1.2697e+07 126.97 1.12759e+09
1e+09 1.27458e+07 127.458 1.11894e+09
1e+09 1.27949e+07 127.949 1.11033e+09
1e+09 1.28441e+07 128.441 1.10181e+09
1e+09 1.28935e+07 128.935 1.09335e+09
1e+09 1.29431e+07 129.431 1.08495e+09
1e+09 1.29929e+07 129.929 1.07661e+09
1e+09 1.30428e+07 130.428 1.06835e+09
1e+09 1.3093e+07 130.93 1.06014e+09
1e+09 1.31434e+07 131.434 1.05199e+09
1e+09 1.31939e+07 131.939 1.04392e+09
1e+09 1.32447e+07 132.447 1.03589e+09
1e+09 1.32956e+07 132.956 1.02794e+09
1e+09 1.33467e+07 133.467 1.02005e+09
1e+09 1.33981e+07 133.981 1.01221e+09
1e+09 1.34496e+07 134.496 1.00444e+09
1e+09 1.35013e+07 135.013 9.96724e+08
1e+09 1.35533e+07 135.533 9.89057e+08
1e+09 1.36054e+07 136.054 9.81463e+08
1e+09 1.36577e+07 136.577 9.73927e+08
1e+09 1.37103e+07 137.103 9.66435e+08
1e+09 1.3763e+07 137.63 9.59015e+08
1e+09 1.38159e+07 138.159 9.51652e+08
1e+09 1.38691e+07 138.691 9.44332e+08
1e+09 1.39224e+07 139.224 9.37083e+08
1e+09 1.3976e+07 139.76 9.29876e+08
1e+09 1.40297e+07 140.297 9.22739e+08
1e+09 1.40837e+07 140.837 9.15644e+08
1e+09 1.41379e+07 141.379 9.08605e+08
1e+09 1.41922e+07 141.922 9.01634e+08
1e+09 1.42468e+07 142.468 8.94704e+08
1e+09 1.43016e+07 143.016 8.87829e+08
1e+09 1.43566e+07 143.566 8.81008e+08
1e+09 1.44118e+07 144.118 8.7424e+08
1e+09 1.44673e+07 144.673 8.67514e+08
1e+09 1.45229e+07 145.229 8.60853e+08
1e+09 1.45788e+07 145.788 8.54233e+08
1e+09 1.46349e+07 146.349 8.47665e+08
1e+09 1.46911e+07 146.911 8.41161e+08
1e+09 1.47477e+07 147.477 8.34686e+08
1e+09 1.48044e+07 148.044 8.28274e+08
1e+09 1.48613e+07 148.613 8.21913e+08
1e+09 1.49185e+07 149.185 8.15592e+08
1e+09 1.49759e+07 149.759 8.09321e+08
1e+09 1.50335e+07 150.335 8.03101e+08
1e+09 1.50913e+07 150.913 7.96931e+08
1e+09 1.51493e+07 151.493 7.90811e+08
1e+09 1.52076e+07 152.076 7.84729e+08
1e+09 1.52661e+07 152.661 7.78696e+08
1e+09 1.53248e+07 153.248 7.72713e+08
1e+09 1.53838e+07 153.838 7.66768e+08
1e+09 1.54429e+07 154.429 7.60881e+08
1e+09 1.55023e+07 155.023 7.55031e+08
1e+09 1.5562e+07 155.62 7.4922e+08
1e+09 1.56218e+07 156.218 7.43466e+08
1e+09 1.56819e+07 156.819 7.3775e+08
1e+09 1.57422e+07 157.422 7.3208e+08
1e+09 1.58028e+07 158.028 7.26447e+08
1e+09 1.58635e+07 158.635 7.2087e+08
1e+09 1.59246e+07 159.246 7.1532e+08
1e+09 1.59858e+07 159.858 7.09825e+08
1e+09 1.60473e+07 160.473 7.04366e+08
1e+09 1.6109e+07 161.09 6.98953e+08
1e+09 1.6171e+07 161.71 6.93576e+08
1e+09 1.62332e+07 162.332 6.88243e+08
1e+09 1.62956e+07 162.956 6.82954e+08
1e+09 1.63583e+07 163.583 6.77701e+08
1e+09 1.64212e+07 164.212 6.72491e+08
1e+09 1.64844e+07 164.844 6.67317e+08
1e+09 1.65478e+07 165.478 6.62186e+08
1e+09 1.66114e+07 166.114 6.57098e+08
1e+09 1.66753e+07 166.753 6.52044e+08
1e+09 1.67395e+07 167.395 6.47025e+08
1e+09 1.68038e+07 168.038 6.42056e+08
1e+09 1.68685e+07 168.685 6.37113e+08
1e+09 1.69334e+07 169.334 6.32212e+08
1e+09 1.69985e+07 169.985 6.27352e+08
1e+09 1.70639e+07 170.639 6.22526e+08
1e+09 1.71295e+07 171.295 6.17741e+08
1e+09 1.71954e+07 171.954 6.12988e+08
1e+09 1.72615e+07 172.615 6.08277e+08
1e+09 1.73279e+07 173.279 6.03598e+08
1e+09 1.73946e+07 173.946 5.98951e+08
1e+09 1.74615e+07 174.615 5.94345e+08
1e+09 1.75286e+07 175.286 5.89777e+08
1e+09 1.7596e+07 175.96 5.85242e+08
1e+09 1.76637e+07 176.637 5.80739e+08
1e+09 1.77317e+07 177.317 5.76268e+08
1e+09 1.77999e+07 177.999 5.71835e+08
1e+09 1.78683e+07 178.683 5.6744e+08
1e+09 1.79371e+07 179.371 5.6307e+08
1e+09 1.80061e+07 180.061 5.58738e+08
1e+09 1.80753e+07 180.753 5.54442e+08
1e+09 1.81448e+07 181.448 5.50178e+08
1e+09 1.82146e+07 182.146 5.45945e+08
1e+09 1.82847e+07 182.847 5.41742e+08
1e+09 1.8355e+07 183.55 5.37576e+08
1e+09 1.84256e+07 184.256 5.33439e+08
1e+09 1.84965e+07 184.965 5.29333e+08
1e+09 1.85676e+07 185.676 5.25263e+08
1e+09 1.8639e+07 186.39 5.21222e+08
1e+09 1.87107e+07 187.107 5.17211e+08
1e+09 1.87827e+07 187.827 5.13229e+08
1e+09 1.88549e+07 188.549 5.09282e+08
1e+09 1.89275e+07 189.275 5.05359e+08
1e+09 1.90003e+07 190.003 5.0147e+08
1e+09 1.90733e+07 190.733 4.97615e+08
1e+09 1.91467e+07 191.467 4.93783e+08
1e+09 1.92203e+07 192.203 4.89985e+08
1e+09 1.92943e+07 192.943 4.86211e+08
1e+09 1.93685e+07 193.685 4.82469e+08
1e+09 1.9443e+07 194.43 4.78756e+08
1e+09 1.95178e+07 195.178 4.7507e+08
1e+09 1.95928e+07 195.928 4.71417e+08
1e+09 1.96682e+07 196.682 4.67786e+08
1e+09 1.97438e+07 197.438 4.64188e+08
1e+09 1.98198e+07 198.198 4.60612e+08
1e+09 1.9896e+07 198.96 4.57068e+08
1e+09 1.99725e+07 199.725 4.53551e+08
1e+09 2.00494e+07 200.494 4.50056e+08
1e+09 2.01265e+07 201.265 4.46592e+08
1e+09 2.02039e+07 202.039 4.43154e+08
1e+09 2.02816e+07 202.816 4.39743e+08
1e+09 2.03596e+07 203.596 4.36358e+08
1e+09 2.04379e+07 204.379 4.32999e+08
1e+09 2.05165e+07 205.165 4.29665e+08
1e+09 2.05954e+07 205.954 4.26358e+08
1e+09 2.06747e+07 206.747 4.23072e+08
1e+09 2.07542e+07 207.542 4.19815e+08
1e+09 2.0834e+07 208.34 4.16583e+08
1e+09 2.09141e+07 209.141 4.13377e+08
1e+09 2.09946e+07 209.946 4.10192e+08
1e+09 2.10753e+07 210.753 4.07035e+08
1e+09 2.11564e+07 211.564 4.03899e+08
1e+09 2.12378e+07 212.378 4.00788e+08
1e+09 2.13195e+07 213.195 3.977e+08
1e+09 2.14015e+07 214.015 3.94638e+08
1e+09 2.14838e+07 214.838 3.91599e+08
1e+09 2.15664e+07 215.664 3.88584e+08
1e+09 2.16494e+07 216.494 3.8559e+08
1e+09 2.17326e+07 217.326 3.82622e+08
1e+09 2.18162e+07 218.162 3.79675e+08
1e+09 2.19001e+07 219.001 3.76751e+08
1e+09 2.19844e+07 219.844 3.73846e+08
1e+09 2.20689e+07 220.689 3.70969e+08
1e+09 2.21538e+07 221.538 3.6811e+08
1e+09 2.2239e+07 222.39 3.65275e+08
1e+09 2.23246e+07 223.246 3.62459e+08
1e+09 2.24104e+07 224.104 3.59669e+08
1e+09 2.24966e+07 224.966 3.56898e+08
1e+09 2.25832e+07 225.832 3.54146e+08
1e+09 2.267e+07 226.7 3.5142e+08
1e+09 2.27572e+07 227.572 3.48712e+08
1e+09 2.28447e+07 228.447 3.46026e+08
1e+09 2.29326e+07 229.326 3.43359e+08
1e+09 2.30208e+07 230.208 3.40713e+08
1e+09 2.31094e+07 231.094 3.38086e+08
1e+09 2.31982e+07 231.982 3.35484e+08
1e+09 2.32875e+07 232.875 3.32896e+08
1e+09 2.3377e+07 233.77 3.30333e+08
1e+09 2.3467e+07 234.67 3.27785e+08
1e+09 2.35572e+07 235.572 3.25261e+08
1e+09 2.36478e+07 236.478 3.22754e+08
1e+09 2.37388e+07 237.388 3.20266e+08
1e+09 2.38301e+07 238.301 3.17797e+08
1e+09 2.39217e+07 239.217 3.15349e+08
1e+09 2.40138e+07 240.138 3.12916e+08
1e+09 2.41061e+07 241.061 3.10506e+08
1e+09 2.41988e+07 241.988 3.08113e+08
1e+09 2.42919e+07 242.919 3.05738e+08
1e+09 2.43854e+07 243.854 3.03379e+08
1e+09 2.44791e+07 244.791 3.01043e+08
1e+09 2.45733e+07 245.733 2.98721e+08
1e+09 2.46678e+07 246.678 2.96418e+08
1e+09 2.47627e+07 247.627 2.94133e+08
1e+09 2.48579e+07 248.579 2.91866e+08
1e+09 2.49536e+07 249.536 2.89614e+08
1e+09 2.50495e+07 250.495 2.87383e+08
1e+09 2.51459e+07 251.459 2.85166e+08
1e+09 2.52426e+07 252.426 2.82967e+08
1e+09 2.53397e+07 253.397 2.80785e+08
1e+09 2.54372e+07 254.372 2.78619e+08
1e+09 2.5535e+07 255.35 2.76471e+08
1e+09 2.56332e+07 256.332 2.7434e+08
1e+09 2.57318e+07 257.318 2.72224e+08
1e+09 2.58308e+07 258.308 2.70124e+08
1e+09 2.59301e+07 259.301 2.68042e+08
1e+09 2.60299e+07 260.299 2.65973e+08
1e+09 2.613e+07 261.3 2.63922e+08
1e+09 2.62305e+07 262.305 2.61886e+08
1e+09 2.63314e+07 263.314 2.59866e+08
1e+09 2.64327e+07 264.327 2.57861e+08
1e+09 2.65343e+07 265.343 2.55874e+08
1e+09 2.66364e+07 266.364 2.53899e+08
1e+09 2.67388e+07 267.388 2.51941e+08
1e+09 2.68417e+07 268.417 2.49997e+08
1e+09 2.69449e+07 269.449 2.48069e+08
1e+09 2.70486e+07 270.486 2.46154e+08
1e+09 2.71526e+07 271.526 2.44255e+08
1e+09 2.7257e+07 272.57 2.42371e+08
1e+09 2.73619e+07 273.619 2.405e+08
1e+09 2.74671e+07 274.671 2.38645e+08
1e+09 2.75728e+07 275.728 2.36803e+08
1e+09 2.76788e+07 276.788 2.34977e+08
1e+09 2.77853e+07 277.853 2.33163e+08
1e+09 2.78921e+07 278.921 2.31364e+08
1e+09 2.79994e+07 279.994 2.29579e+08
1e+09 2.81071e+07 281.071 2.27807e+08
1e+09 2.82152e+07 282.152 2.26049e+08
1e+09 2.83237e+07 283.237 2.24304e+08
1e+09 2.84327e+07 284.327 2.22572e+08
1e+09 2.8542e+07 285.42 2.20855e+08
1e+09 2.86518e+07 286.518 2.1915e+08
1e+09 2.8762e+07 287.62 2.17459e+08
1e+09 2.88727e+07 288.727 2.15779e+08
1e+09 2.89837e+07 289.837 2.14114e+08
1e+09 2.90952e+07 290.952 2.12461e+08
1e+09 2.92071e+07 292.071 2.10821e+08
1e+09 2.93194e+07 293.194 2.09194e+08
1e+09 2.94322e+07 294.322 2.07578e+08
1e+09 2.95454e+07 295.454 2.05975e+08
1e+09 2.96591e+07 296.591 2.04384e+08
1e+09 2.97731e+07 297.731 2.02807e+08
1e+09 2.98877e+07 298.877 2.0124e+08
1e+09 3.00026e+07 300.026 1.99687e+08
1e+09 3.0118e+07 301.18 1.98145e+08
1e+09 3.02339e+07 302.339 1.96614e+08
1e+09 3.03501e+07 303.501 1.95096e+08
1e+09 3.04669e+07 304.669 1.93589e+08
1e+09 3.05841e+07 305.841 1.92093e+08
1e+09 3.07017e+07 307.017 1.9061e+08
1e+09 3.08198e+07 308.198 1.89138e+08
1e+09 3.09383e+07 309.383 1.87677e+08
1e+09 3.10573e+07 310.573 1.86228e+08
1e+09 3.11768e+07 311.768 1.84788e+08
1e+09 3.12967e+07 312.967 1.83361e+08
1e+09 3.14171e+07 314.171 1.81944e+08
1e+09 3.15379e+07 315.379 1.80539e+08
1e+09 3.16592e+07 316.592 1.79144e+08
1e+09 3.1781e+07 317.81 1.7776e+08
1e+09 3.19032e+07 319.032 1.76387e+08
1e+09 3.20259e+07 320.259 1.75024e+08
1e+09 3.21491e+07 321.491 1.73671e+08
1e+09 3.22728e+07 322.728 1.72329e+08
1e+09 3.23969e+07 323.969 1.70997e+08
1e+09 3.25215e+07 325.215 1.69676e+08
1e+09 3.26466e+07 326.466 1.68364e+08
1e+09 3.27722e+07 327.722 1.67063e+08
1e+09 3.28982e+07 328.982 1.65772e+08
1e+09 3.30248e+07 330.248 1.6449e+08
1e+09 3.31518e+07 331.518 1.63219e+08
1e+09 3.32793e+07 332.793 1.61957e+08
1e+09 3.34073e+07 334.073 1.60705e+08
1e+09 3.35358e+07 335.358 1.59463e+08
1e+09 3.36648e+07 336.648 1.5823e+08
1e+09 3.37943e+07 337.943 1.57007e+08
1e+09 3.39242e+07 339.242 1.55794e+08
1e+09 3.40547e+07 340.547 1.54589e+08
1e+09 3.41857e+07 341.857 1.53393e+08
1e+09 3.43172e+07 343.172 1.52207e+08
1e+09 3.44492e+07 344.492 1.5103e+08
1e+09 3.45817e+07 345.817 1.49862e+08
1e+09 3.47147e+07 347.147 1.48703e+08
1e+09 3.48482e+07 348.482 1.47554e+08
1e+09 3.49823e+07 349.823 1.46412e+08
1e+09 3.51168e+07 351.168 1.4528e+08
1e+09 3.52519e+07 352.519 1.44156e+08
1e+09 3.53875e+07 353.875 1.43041e+08
1e+09 3.55236e+07 355.236 1.41935e+08
1e+09 3.56602e+07 356.602 1.40837e+08
1e+09 3.57974e+07 357.974 1.39747e+08
1e+09 3.59351e+07 359.351 1.38666e+08
1e+09 3.60733e+07 360.733 1.37593e+08
1e+09 3.6212e+07 362.12 1.36529e+08
1e+09 3.63513e+07 363.513 1.35472e+08
1e+09 3.64911e+07 364.911 1.34424e+08
1e+09 3.66315e+07 366.315 1.33384e+08
1e+09 3.67724e+07 367.724 1.32352e+08
1e+09 3.69138e+07 369.138 1.31328e+08
1e+09 3.70558e+07 370.558 1.30311e+08
1e+09 3.71983e+07 371.983 1.29303e+08
1e+09 3.73414e+07 373.414 1.28302e+08
1e+09 3.7485e+07 374.85 1.27309e+08
1e+09 3.76292e+07 376.292 1.26324e+08
1e+09 3.77739e+07 377.739 1.25346e+08
1e+09 3.79192e+07 379.192 1.24376e+08
1e+09 3.80651e+07 380.651 1.23412e+08
1e+09 3.82115e+07 382.115 1.22457e+08
1e+09 3.83585e+07 383.585 1.21509e+08
1e+09 3.8506e+07 385.06 1.20568e+08
1e+09 3.86541e+07 386.541 1.19635e+08
1e+09 3.88028e+07 388.028 1.18708e+08
1e+09 3.8952e+07 389.52 1.17789e+08
1e+09 3.91019e+07 391.019 1.16877e+08
1e+09 3.92523e+07 392.523 1.15972e+08
1e+09 3.94032e+07 394.032 1.15074e+08
1e+09 3.95548e+07 395.548 1.14183e+08
1e+09 3.97069e+07 397.069 1.13298e+08
1e+09 3.98597e+07 398.597 1.1242e+08
1e+09 4.0013e+07 400.13 1.1155e+08
1e+09 4.01669e+07 401.669 1.10686e+08
1e+09 4.03214e+07 403.214 1.09828e+08
1e+09 4.04764e+07 404.764 1.08978e+08
1e+09 4.06321e+07 406.321 1.08133e+08
1e+09 4.07884e+07 407.884 1.07295e+08
1e+09 4.09453e+07 409.453 1.06464e+08
1e+09 4.11028e+07 411.028 1.05639e+08
1e+09 4.12609e+07 412.609 1.0482e+08
1e+09 4.14196e+07 414.196 1.04008e+08
1e+09 4.15789e+07 415.789 1.03202e+08
1e+09 4.17388e+07 417.388 1.02402e+08
1e+09 4.18994e+07 418.994 1.01608e+08
1e+09 4.20605e+07 420.605 1.00821e+08
1e+09 4.22223e+07 422.223 1.0004e+08
1e+09 4.23847e+07 423.847 9.92642e+07
1e+09 4.25477e+07 425.477 9.84948e+07
1e+09 4.27114e+07 427.114 9.7731e+07
1e+09 4.28757e+07 428.757 9.69732e+07
1e+09 4.30406e+07 430.406 9.62214e+07
1e+09 4.32061e+07 432.061 9.54756e+07
1e+09 4.33723e+07 433.723 9.47352e+07
1e+09 4.35391e+07 435.391 9.40007e+07
1e+09 4.37066e+07 437.066 9.32716e+07
1e+09 4.38747e+07 438.747 9.25483e+07
1e+09 4.40434e+07 440.434 9.18308e+07
1e+09 4.42129e+07 442.129 9.11182e+07
1e+09 4.43829e+07 443.829 9.04116e+07
1e+09 4.45536e+07 445.536 8.97104e+07
1e+09 4.4725e+07 447.25 8.90144e+07
1e+09 4.4897e+07 448.97 8.83239e+07
1e+09 4.50697e+07 450.697 8.76387e+07
1e+09 4.5243e+07 452.43 8.6959e+07
1e+09 4.54171e+07 454.171 8.6284e+07
1e+09 4.55918e+07 455.918 8.56144e+07
1e+09 4.57671e+07 457.671 8.49503e+07
1e+09 4.59431e+07 459.431 8.42912e+07
1e+09 4.61199e+07 461.199 8.36368e+07
1e+09 4.62972e+07 462.972 8.2988e+07
1e+09 4.64753e+07 464.753 8.23438e+07
1e+09 4.66541e+07 466.541 8.17046e+07
1e+09 4.68335e+07 468.335 8.10705e+07
1e+09 4.70137e+07 470.137 8.0441e+07
1e+09 4.71945e+07 471.945 7.98166e+07
1e+09 4.7376e+07 473.76 7.91971e+07
1e+09 4.75582e+07 475.582 7.85823e+07
1e+09 4.77412e+07 477.412 7.79719e+07
1e+09 4.79248e+07 479.248 7.73666e+07
1e+09 4.81091e+07 481.091 7.67659e+07
1e+09 4.82942e+07 482.942 7.61696e+07
1e+09 4.84799e+07 484.799 7.55782e+07
1e+09 4.86664e+07 486.664 7.49912e+07
1e+09 4.88536e+07 488.536 7.44087e+07
1e+09 4.90415e+07 490.415 7.38308e+07
1e+09 4.92301e+07 492.301 7.32573e+07
1e+09 4.94195e+07 494.195 7.26881e+07
1e+09 4.96095e+07 496.095 7.21237e+07
1e+09 4.98004e+07 498.004 7.15631e+07
1e+09 4.99919e+07 499.919 7.10072e+07
1e+09 5.01842e+07 501.842 7.04555e+07
1e+09 5.03772e+07 503.772 6.99081e+07
1e+09 5.0571e+07 505.71 6.93647e+07
1e+09 5.07655e+07 507.655 6.88257e+07
1e+09 5.09607e+07 509.607 6.8291e+07
1e+09 5.11568e+07 511.568 6.776e+07
1e+09 5.13535e+07 513.535 6.72335e+07
1e+09 5.1551e+07 515.51 6.67109e+07
1e+09 5.17493e+07 517.493 6.61923e+07
1e+09 5.19484e+07 519.484 6.56775e+07
1e+09 5.21482e+07 521.482 6.51669e+07
1e+09 5.23487e+07 523.487 6.46605e+07
1e+09 5.25501e+07 525.501 6.41576e+07
1e+09 5.27522e+07 527.522 6.36588e+07
1e+09 5.29551e+07 529.551 6.31637e+07
1e+09 5.31588e+07 531.588 6.26725e+07
1e+09 5.33633e+07 533.633 6.21849e+07
1e+09 5.35685e+07 535.685 6.17014e+07
1e+09 5.37746e+07 537.746 6.12213e+07
1e+09 5.39814e+07 539.814 6.07452e+07
1e+09 5.4189e+07 541.89 6.02727e+07
1e+09 5.43974e+07 543.974 5.98038e+07
1e+09 5.46067e+07 546.067 5.93384e+07
1e+09 5.48167e+07 548.167 5.88768e+07
1e+09 5.50276e+07 550.276 5.84185e+07
1e+09 5.52392e+07 552.392 5.7964e+07
1e+09 5.54517e+07 554.517 5.75129e+07
1e+09 5.5665e+07 556.65 5.70652e+07
1e+09 5.58791e+07 558.791 5.66211e+07
1e+09 5.6094e+07 560.94 5.61804e+07
1e+09 5.63097e+07 563.097 5.57432e+07
1e+09 5.65263e+07 565.263 5.53092e+07
1e+09 5.67437e+07 567.437 5.48787e+07
1e+09 5.6962e+07 569.62 5.44513e+07
1e+09 5.71811e+07 571.811 5.40273e+07
1e+09 5.7401e+07 574.01 5.36067e+07
1e+09 5.76218e+07 576.218 5.31892e+07
1e+09 5.78434e+07 578.434 5.2775e+07
1e+09 5.80659e+07 580.659 5.2364e+07
1e+09 5.82893e+07 582.893 5.1956e+07
1e+09 5.85135e+07 585.135 5.15513e+07
1e+09 5.87385e+07 587.385 5.11498e+07
1e+09 5.89644e+07 589.644 5.07514e+07
1e+09 5.91912e+07 591.912 5.0356e+07
1e+09 5.94189e+07 594.189 4.99636e+07
1e+09 5.96474e+07 596.474 4.95743e+07
1e+09 5.98769e+07 598.769 4.91879e+07
1e+09 6.01072e+07 601.072 4.88046e+07
1e+09 6.03384e+07 603.384 4.84242e+07
1e+09 6.05704e+07 605.704 4.80469e+07
1e+09 6.08034e+07 608.034 4.76724e+07
1e+09 6.10373e+07 610.373 4.73007e+07
1e+09 6.12721e+07 612.721 4.69319e+07
1e+09 6.15077e+07 615.077 4.65661e+07
1e+09 6.17443e+07 617.443 4.6203e+07
1e+09 6.19818e+07 619.818 4.58427e+07
1e+09 6.22202e+07 622.202 4.54852e+07
1e+09 6.24595e+07 624.595 4.51305e+07
1e+09 6.26997e+07 626.997 4.47786e+07
1e+09 6.29409e+07 629.409 4.44293e+07
1e+09 6.3183e+07 631.83 4.40827e+07
1e+09 6.3426e+07 634.26 4.37389e+07
1e+09 6.367e+07 636.7 4.33976e+07
1e+09 6.39149e+07 639.149 4.3059e+07
1e+09 6.41607e+07 641.607 4.27231e+07
1e+09 6.44075e+07 644.075 4.23897e+07
1e+09 6.46552e+07 646.552 4.2059e+07
1e+09 6.49039e+07 649.039 4.17307e+07
1e+09 6.51535e+07 651.535 4.1405e+07
1e+09 6.54041e+07 654.041 4.10819e+07
1e+09 6.56557e+07 656.557 4.07611e+07
1e+09 6.59082e+07 659.082 4.0443e+07
1e+09 6.61617e+07 661.617 4.01272e+07
1e+09 6.64162e+07 664.162 3.98139e+07
1e+09 6.66717e+07 666.717 3.9503e+07
1e+09 6.69281e+07 669.281 3.91946e+07
1e+09 6.71855e+07 671.855 3.88885e+07
1e+09 6.74439e+07 674.439 3.85848e+07
1e+09 6.77034e+07 677.034 3.82833e+07
1e+09 6.79638e+07 679.638 3.79843e+07
1e+09 6.82252e+07 682.252 3.76876e+07
1e+09 6.84876e+07 684.876 3.73932e+07
1e+09 6.8751e+07 687.51 3.7101e+07
1e+09 6.90154e+07 690.154 3.68112e+07
1e+09 6.92809e+07 692.809 3.65235e+07
1e+09 6.95474e+07 695.474 3.6238e+07
1e+09 6.98149e+07 698.149 3.59548e+07
1e+09 7.00834e+07 700.834 3.56738e+07
1e+09 7.0353e+07 703.53 3.53949e+07
1e+09 7.06236e+07 706.236 3.51182e+07
1e+09 7.08952e+07 708.952 3.48437e+07
1e+09 7.11679e+07 711.679 3.45713e+07
1e+09 7.14416e+07 714.416 3.4301e+07
1e+09 7.17164e+07 717.164 3.40327e+07
1e+09 7.19923e+07 719.923 3.37665e+07
1e+09 7.22692e+07 722.692 3.35024e+07
1e+09 7.25471e+07 725.471 3.32405e+07
1e+09 7.28262e+07 728.262 3.29804e+07
1e+09 7.31063e+07 731.063 3.27224e+07
1e+09 7.33875e+07 733.875 3.24664e+07
1e+09 7.36697e+07 736.697 3.22124e+07
1e+09 7.39531e+07 739.531 3.19603e+07
1e+09 7.42375e+07 742.375 3.17102e+07
1e+09 7.45231e+07 745.231 3.1462e+07
1e+09 7.48097e+07 748.097 3.12158e+07
1e+09 7.50975e+07 750.975 3.09714e+07
1e+09 7.53863e+07 753.863 3.0729e+07
1e+09 7.56763e+07 756.763 3.04884e+07
1e+09 7.59673e+07 759.673 3.02497e+07
1e+09 7.62595e+07 762.595 3.00128e+07
1e+09 7.65528e+07 765.528 2.97778e+07
1e+09 7.68473e+07 768.473 2.95446e+07
1e+09 7.71429e+07 771.429 2.93132e+07
1e+09 7.74396e+07 774.396 2.90836e+07
1e+09 7.77374e+07 777.374 2.88558e+07
1e+09 7.80364e+07 780.364 2.86297e+07
1e+09 7.83366e+07 783.366 2.84054e+07
1e+09 7.86379e+07 786.379 2.81828e+07
1e+09 7.89404e+07 789.404 2.79619e+07
1e+09 7.9244e+07 792.44 2.77428e+07
1e+09 7.95488e+07 795.488 2.75253e+07
1e+09 7.98548e+07 798.548 2.73096e+07
1e+09 8.01619e+07 801.619 2.70955e+07
1e+09 8.04702e+07 804.702 2.68831e+07
1e+09 8.07797e+07 807.797 2.66723e+07
1e+09 8.10904e+07 810.904 2.64632e+07
1e+09 8.14023e+07 814.023 2.62557e+07
1e+09 8.17154e+07 817.154 2.60498e+07
1e+09 8.20297e+07 820.297 2.58454e+07
1e+09 8.23452e+07 823.452 2.56427e+07
1e+09 8.2662e+07 826.62 2.54415e+07
1e+09 8.29799e+07 829.799 2.52419e+07
1e+09 8.32991e+07 832.991 2.50438e+07
1e+09 8.36195e+07 836.195 2.48473e+07
1e+09 8.39411e+07 839.411 2.46523e+07
1e+09 8.4264e+07 842.64 2.44588e+07
1e+09 8.45881e+07 845.881 2.42668e+07
1e+09 8.49134e+07 849.134 2.40764e+07
1e+09 8.524e+07 852.4 2.38874e+07
1e+09 8.55679e+07 855.679 2.36998e+07
1e+09 8.5897e+07 858.97 2.35137e+07
1e+09 8.62274e+07 862.274 2.3329e+07
1e+09 8.6559e+07 865.59 2.31459e+07
1e+09 8.6892e+07 868.92 2.2964e+07
1e+09 8.72262e+07 872.262 2.27836e+07
1e+09 8.75617e+07 875.617 2.26047e+07
1e+09 8.78985e+07 878.985 2.2427e+07
1e+09 8.82366e+07 882.366 2.22508e+07
1e+09 8.85759e+07 885.759 2.2076e+07
1e+09 8.89166e+07 889.166 2.19025e+07
1e+09 8.92586e+07 892.586 2.17304e+07
1e+09 8.96019e+07 896.019 2.15596e+07
1e+09 8.99466e+07 899.466 2.139e+07
1e+09 9.02925e+07 902.925 2.12219e+07
1e+09 9.06398e+07 906.398 2.1055e+07
1e+09 9.09885e+07 909.885 2.08894e+07
1e+09 9.13384e+07 913.384 2.07252e+07
1e+09 9.16897e+07 916.897 2.05622e+07
1e+09 9.20424e+07 920.424 2.04004e+07
1e+09 9.23964e+07 923.964 2.02399e+07
1e+09 9.27518e+07 927.518 2.00807e+07
1e+09 9.31086e+07 931.086 1.99226e+07
1e+09 9.34667e+07 934.667 1.97659e+07
1e+09 9.38262e+07 938.262 1.96103e+07
1e+09 9.41871e+07 941.871 1.9456e+07
1e+09 9.45494e+07 945.494 1.93028e+07
1e+09 9.4913e+07 949.13 1.91509e+07
1e+09 9.52781e+07 952.781 1.90001e+07
1e+09 9.56445e+07 956.445 1.88505e+07
1e+09 9.60124e+07 960.124 1.8702e+07
1e+09 9.63817e+07 963.817 1.85547e+07
1e+09 9.67524e+07 967.524 1.84086e+07
1e+09 9.71246e+07 971.246 1.82635e+07
1e+09 9.74981e+07 974.981 1.81197e+07
1e+09 9.78731e+07 978.731 1.79769e+07
1e+09 9.82496e+07 982.496 1.78352e+07
1e+09 9.86275e+07 986.275 1.76947e+07
1e+09 9.90068e+07 990.068 1.75552e+07
1e+09 9.93877e+07 993.877 1.74168e+07
1e+09 9.97699e+07 997.699 1.72795e+07
1e+09 1.00154e+08 1001.54 1.71432e+07
1e+09 1.00539e+08 1005.39 1.70081e+07
1e+09 1.00926e+08 1009.26 1.68738e+07
1e+09 1.01314e+08 1013.14 1.67408e+07
1e+09 1.01703e+08 1017.03 1.6609e+07
1e+09 1.02095e+08 1020.95 1.64777e+07
1e+09 1.02487e+08 1024.87 1.63479e+07
1e+09 1.02882e+08 1028.82 1.62187e+07
1e+09 1.03277e+08 1032.77 1.60909e+07
1e+09 1.03674e+08 1036.74 1.5964e+07
1e+09 1.04073e+08 1040.73 1.58379e+07
1e+09 1.04474e+08 1044.74 1.57127e+07
1e+09 1.04875e+08 1048.75 1.55889e+07
1e+09 1.05279e+08 1052.79 1.54656e+07
1e+09 1.05684e+08 1056.84 1.53434e+07
1e+09 1.0609e+08 1060.9 1.52224e+07
1e+09 1.06498e+08 1064.98 1.51022e+07
1e+09 1.06908e+08 1069.08 1.49828e+07
1e+09 1.07319e+08 1073.19 1.48645e+07
1e+09 1.07732e+08 1077.32 1.4747e+07
1e+09 1.08146e+08 1081.46 1.46305e+07
1e+09 1.08562e+08 1085.62 1.45149e+07
1e+09 1.0898e+08 1089.8 1.44e+07
1e+09 1.09399e+08 1093.99 1.42863e+07
1e+09 1.0982e+08 1098.2 1.41733e+07
1e+09 1.10242e+08 1102.42 1.40613e+07
1e+09 1.10666e+08 1106.66 1.39501e+07
1e+09 1.11092e+08 1110.92 1.38397e+07
1e+09 1.11519e+08 1115.19 1.37303e+07
1e+09 1.11948e+08 1119.48 1.36217e+07
1e+09 1.12379e+08 1123.79 1.35138e+07
1e+09 1.12811e+08 1128.11 1.34069e+07
1e+09 1.13245e+08 1132.45 1.33008e+07
1e+09 1.1368e+08 1136.8 1.31957e+07
1e+09 1.14118e+08 1141.18 1.3091e+07
1e+09 1.14556e+08 1145.56 1.29876e+07
1e+09 1.14997e+08 1149.97 1.28847e+07
1e+09 1.15439e+08 1154.39 1.27827e+07
1e+09 1.15883e+08 1158.83 1.26815e+07
1e+09 1.16329e+08 1163.29 1.2581e+07
1e+09 1.16777e+08 1167.77 1.24812e+07
1e+09 1.17226e+08 1172.26 1.23824e+07
1e+09 1.17677e+08 1176.77 1.22842e+07
1e+09 1.18129e+08 1181.29 1.2187e+07
1e+09 1.18584e+08 1185.84 1.20903e+07
1e+09 1.1904e+08 1190.4 1.19945e+07
1e+09 1.19498e+08 1194.98 1.18994e+07
1e+09 1.19957e+08 1199.57 1.18052e+07
1e+09 1.20419e+08 1204.19 1.17114e+07
1e+09 1.20882e+08 1208.82 1.16186e+07
1e+09 1.21347e+08 1213.47 1.15264e+07
1e+09 1.21813e+08 1218.13 1.14351e+07
1e+09 1.22282e+08 1222.82 1.13443e+07
1e+09 1.22752e+08 1227.52 1.12544e+07
1e+09 1.23224e+08 1232.24 1.11651e+07
1e+09 1.23698e+08 1236.98 1.10765e+07
1e+09 1.24174e+08 1241.74 1.09885e+07
1e+09 1.24652e+08 1246.52 1.09012e+07
1e+09 1.25131e+08 1251.31 1.08147e+07
1e+09 1.25613e+08 1256.13 1.07287e+07
1e+09 1.26096e+08 1260.96 1.06435e+07
1e+09 1.26581e+08 1265.81 1.0559e+07
1e+09 1.27068e+08 1270.68 1.04751e+07
1e+09 1.27556e+08 1275.56 1.0392e+07
1e+09 1.28047e+08 1280.47 1.03093e+07
1e+09 1.28539e+08 1285.39 1.02275e+07
1e+09 1.29034e+08 1290.34 1.01461e+07
1e+09 1.2953e+08 1295.3 1.00655e+07
1e+09 1.30028e+08 1300.28 9.98548e+06
1e+09 1.30528e+08 1305.28 9.9061e+06
1e+09 1.31031e+08 1310.31 9.82717e+06
1e+09 1.31535e+08 1315.35 9.749e+06
1e+09 1.3204e+08 1320.4 9.67158e+06
1e+09 1.32548e+08 1325.48 9.59462e+06
1e+09 1.33058e+08 1330.58 9.51824e+06
1e+09 1.3357e+08 1335.7 9.44246e+06
1e+09 1.34084e+08 1340.84 9.36726e+06
1e+09 1.34599e+08 1345.99 9.2928e+06
1e+09 1.35117e+08 1351.17 9.21877e+06
1e+09 1.35637e+08 1356.37 9.14532e+06
1e+09 1.36158e+08 1361.58 9.07258e+06
1e+09 1.36682e+08 1366.82 9.00027e+06
1e+09 1.37208e+08 1372.08 8.92853e+06
1e+09 1.37736e+08 1377.36 8.85736e+06
1e+09 1.38265e+08 1382.65 8.78688e+06
1e+09 1.38797e+08 1387.97 8.71682e+06
1e+09 1.39331e+08 1393.31 8.64732e+06
1e+09 1.39867e+08 1398.67 8.57837e+06
1e+09 1.40405e+08 1404.05 8.50997e+06
1e+09 1.40945e+08 1409.45 8.44211e+06
1e+09 1.41487e+08 1414.87 8.37479e+06
1e+09 1.42031e+08 1420.31 8.30801e+06
1e+09 1.42578e+08 1425.78 8.24164e+06
1e+09 1.43126e+08 1431.26 8.17592e+06
1e+09 1.43677e+08 1436.77 8.11062e+06
1e+09 1.44229e+08 1442.29 8.04595e+06
1e+09 1.44784e+08 1447.84 7.98169e+06
1e+09 1.45341e+08 1453.41 7.91795e+06
1e+09 1.459e+08 1459 7.85473e+06
1e+09 1.46461e+08 1464.61 7.79201e+06
1e+09 1.47024e+08 1470.24 7.72981e+06
1e+09 1.4759e+08 1475.9 7.668e+06
1e+09 1.48157e+08 1481.57 7.6068e+06
1e+09 1.48727e+08 1487.27 7.54599e+06
1e+09 1.49299e+08 1492.99 7.48569e+06
1e+09 1.49874e+08 1498.74 7.42577e+06
1e+09 1.5045e+08 1504.5 7.36644e+06
1e+09 1.51029e+08 1510.29 7.3075e+06
1e+09 1.5161e+08 1516.1 7.24905e+06
1e+09 1.52193e+08 1521.93 7.19108e+06
1e+09 1.52778e+08 1527.78 7.13358e+06
1e+09 1.53366e+08 1533.66 7.07646e+06
1e+09 1.53956e+08 1539.56 7.01982e+06
1e+09 1.54548e+08 1545.48 6.96365e+06
1e+09 1.55142e+08 1551.42 6.90794e+06
1e+09 1.55739e+08 1557.39 6.85261e+06
1e+09 1.56338e+08 1563.38 6.79773e+06
1e+09 1.56939e+08 1569.39 6.74331e+06
1e+09 1.57543e+08 1575.43 6.68926e+06
1e+09 1.58149e+08 1581.49 6.63566e+06
1e+09 1.58757e+08 1587.57 6.58252e+06
1e+09 1.59368e+08 1593.68 6.52973e+06
1e+09 1.59981e+08 1599.81 6.47738e+06
1e+09 1.60596e+08 1605.96 6.42548e+06
1e+09 1.61214e+08 1612.14 6.37393e+06
1e+09 1.61834e+08 1618.34 6.32282e+06
1e+09 1.62456e+08 1624.56 6.27214e+06
1e+09 1.63081e+08 1630.81 6.22181e+06
1e+09 1.63709e+08 1637.09 6.17183e+06
1e+09 1.64338e+08 1643.38 6.12235e+06
1e+09 1.6497e+08 1649.7 6.07321e+06
1e+09 1.65605e+08 1656.05 6.02442e+06
1e+09 1.66242e+08 1662.42 5.97604e+06
1e+09 1.66881e+08 1668.81 5.92808e+06
1e+09 1.67523e+08 1675.23 5.88046e+06
1e+09 1.68167e+08 1681.67 5.83324e+06
1e+09 1.68814e+08 1688.14 5.78636e+06
1e+09 1.69464e+08 1694.64 5.73981e+06
1e+09 1.70115e+08 1701.15 5.69373e+06
1e+09 1.7077e+08 1707.7 5.64791e+06
1e+09 1.71427e+08 1714.27 5.60248e+06
1e+09 1.72086e+08 1720.86 5.55745e+06
1e+09 1.72748e+08 1727.48 5.51274e+06
1e+09 1.73412e+08 1734.12 5.46842e+06
1e+09 1.74079e+08 1740.79 5.42442e+06
1e+09 1.74749e+08 1747.49 5.38074e+06
1e+09 1.75421e+08 1754.21 5.33744e+06
1e+09 1.76096e+08 1760.96 5.29445e+06
1e+09 1.76773e+08 1767.73 5.25184e+06
1e+09 1.77453e+08 1774.53 5.20954e+06
1e+09 1.78135e+08 1781.35 5.16761e+06
1e+09 1.78821e+08 1788.21 5.12592e+06
1e+09 1.79508e+08 1795.08 5.08467e+06
1e+09 1.80199e+08 1801.99 5.04366e+06
1e+09 1.80892e+08 1808.92 5.003e+06
1e+09 1.81588e+08 1815.88 4.96265e+06
1e+09 1.82286e+08 1822.86 4.92266e+06
1e+09 1.82987e+08 1829.87 4.88297e+06
1e+09 1.83691e+08 1836.91 4.84357e+06
1e+09 1.84398e+08 1843.98 4.80446e+06
1e+09 1.85107e+08 1851.07 4.7657e+06
1e+09 1.85819e+08 1858.19 4.72723e+06
1e+09 1.86534e+08 1865.34 4.68906e+06
1e+09 1.87251e+08 1872.51 4.65122e+06
1e+09 1.87971e+08 1879.71 4.61367e+06
1e+09 1.88694e+08 1886.94 4.5764e+06
1e+09 1.8942e+08 1894.2 4.53942e+06
1e+09 1.90149e+08 1901.49 4.50271e+06
1e+09 1.9088e+08 1908.8 4.46634e+06
1e+09 1.91614e+08 1916.14 4.43024e+06
1e+09 1.92351e+08 1923.51 4.39442e+06
1e+09 1.93091e+08 1930.91 4.35888e+06
1e+09 1.93834e+08 1938.34 4.32361e+06
1e+09 1.94579e+08 1945.79 4.28866e+06
1e+09 1.95328e+08 1953.28 4.25393e+06
1e+09 1.96079e+08 1960.79 4.21951e+06
1e+09 1.96833e+08 1968.33 4.18536e+06
1e+09 1.9759e+08 1975.9 4.15148e+06
1e+09 1.9835e+08 1983.5 4.11786e+06
1e+09 1.99113e+08 1991.13 4.08451e+06
1e+09 1.99879e+08 1998.79 4.05141e+06
1e+09 2.00648e+08 2006.48 4.01857e+06
1e+09 2.01419e+08 2014.19 3.98604e+06
1e+09 2.02194e+08 2021.94 3.95371e+06
1e+09 2.02972e+08 2029.72 3.92164e+06
1e+09 2.03753e+08 2037.53 3.88983e+06
1e+09 2.04536e+08 2045.36 3.85831e+06
1e+09 2.05323e+08 2053.23 3.82699e+06
1e+09 2.06113e+08 2061.13 3.79593e+06
1e+09 2.06905e+08 2069.05 3.76515e+06
1e+09 2.07701e+08 2077.01 3.73458e+06
1e+09 2.085e+08 2085 3.70425e+06
1e+09 2.09302e+08 2093.02 3.67417e+06
1e+09 2.10107e+08 2101.07 3.64433e+06
1e+09 2.10915e+08 2109.15 3.61472e+06
1e+09 2.11727e+08 2117.27 3.58532e+06
1e+09 2.12541e+08 2125.41 3.55619e+06
1e+09 2.13358e+08 2133.58 3.5273e+06
1e+09 2.14179e+08 2141.79 3.49861e+06
1e+09 2.15003e+08 2150.03 3.47014e+06
1e+09 2.1583e+08 2158.3 3.44191e+06
1e+09 2.1666e+08 2166.6 3.41391e+06
1e+09 2.17493e+08 2174.93 3.38614e+06
1e+09 2.1833e+08 2183.3 3.35856e+06
1e+09 2.1917e+08 2191.7 3.33121e+06
1e+09 2.20013e+08 2200.13 3.30408e+06
1e+09 2.20859e+08 2208.59 3.27718e+06
1e+09 2.21708e+08 2217.08 3.25049e+06
1e+09 2.22561e+08 2225.61 3.224e+06
1e+09 2.23417e+08 2234.17 3.19772e+06
1e+09 2.24276e+08 2242.76 3.17166e+06
1e+09 2.25139e+08 2251.39 3.14579e+06
1e+09 2.26005e+08 2260.05 3.12013e+06
1e+09 2.26874e+08 2268.74 3.09468e+06
1e+09 2.27747e+08 2277.47 3.06942e+06
1e+09 2.28623e+08 2286.23 3.04437e+06
1e+09 2.29502e+08 2295.02 3.01952e+06
1e+09 2.30385e+08 2303.85 2.99486e+06
1e+09 2.31271e+08 2312.71 2.97041e+06
1e+09 2.32161e+08 2321.61 2.94613e+06
1e+09 2.33054e+08 2330.54 2.92206e+06
1e+09 2.3395e+08 2339.5 2.89818e+06
1e+09 2.3485e+08 2348.5 2.87449e+06
1e+09 2.35753e+08 2357.53 2.85099e+06
1e+09 2.3666e+08 2366.6 2.82767e+06
1e+09 2.3757e+08 2375.7 2.80455e+06
1e+09 2.38484e+08 2384.84 2.78159e+06
1e+09 2.39401e+08 2394.01 2.75884e+06
1e+09 2.40322e+08 2403.22 2.73625e+06
1e+09 2.41246e+08 2412.46 2.71385e+06
1e+09 2.42174e+08 2421.74 2.69162e+06
1e+09 2.43106e+08 2431.06 2.66956e+06
1e+09 2.44041e+08 2440.41 2.64769e+06
1e+09 2.44979e+08 2449.79 2.62601e+06
1e+09 2.45922e+08 2459.22 2.60446e+06
1e+09 2.46868e+08 2468.68 2.58311e+06
1e+09 2.47817e+08 2478.17 2.56193e+06
1e+09 2.4877e+08 2487.7 2.54092e+06
1e+09 2.49727e+08 2497.27 2.52007e+06
1e+09 2.50688e+08 2506.88 2.49937e+06
1e+09 2.51652e+08 2516.52 2.47886e+06
1e+09 2.5262e+08 2526.2 2.4585e+06
1e+09 2.53592e+08 2535.92 2.4383e+06
1e+09 2.54567e+08 2545.67 2.41828e+06
1e+09 2.55546e+08 2555.46 2.39841e+06
1e+09 2.56529e+08 2565.29 2.37869e+06
1e+09 2.57516e+08 2575.16 2.35913e+06
1e+09 2.58506e+08 2585.06 2.33974e+06
1e+09 2.595e+08 2595 2.3205e+06
1e+09 2.60499e+08 2604.99 2.30139e+06
1e+09 2.615e+08 2615 2.28247e+06
1e+09 2.62506e+08 2625.06 2.26368e+06
1e+09 2.63516e+08 2635.16 2.24503e+06
1e+09 2.6453e+08 2645.3 2.22654e+06
1e+09 2.65547e+08 2655.47 2.2082e+06
1e+09 2.66568e+08 2665.68 2.19001e+06
1e+09 2.67594e+08 2675.94 2.17195e+06
1e+09 2.68623e+08 2686.23 2.15405e+06
1e+09 2.69656e+08 2696.56 2.13629e+06
1e+09 2.70693e+08 2706.93 2.11867e+06
1e+09 2.71734e+08 2717.34 2.10119e+06
1e+09 2.7278e+08 2727.8 2.08384e+06
1e+09 2.73829e+08 2738.29 2.06664e+06
1e+09 2.74882e+08 2748.82 2.04958e+06
1e+09 2.75939e+08 2759.39 2.03265e+06
1e+09 2.77001e+08 2770.01 2.01585e+06
1e+09 2.78066e+08 2780.66 1.9992e+06
1e+09 2.79136e+08 2791.36 1.98267e+06
1e+09 2.80209e+08 2802.09 1.96628e+06
1e+09 2.81287e+08 2812.87 1.95002e+06
1e+09 2.82369e+08 2823.69 1.93389e+06
1e+09 2.83455e+08 2834.55 1.91789e+06
1e+09 2.84545e+08 2845.45 1.90201e+06
1e+09 2.8564e+08 2856.4 1.88626e+06
1e+09 2.86738e+08 2867.38 1.87065e+06
1e+09 2.87841e+08 2878.41 1.85515e+06
1e+09 2.88948e+08 2889.48 1.83978e+06
1e+09 2.9006e+08 2900.6 1.82452e+06
1e+09 2.91175e+08 2911.75 1.80941e+06
1e+09 2.92295e+08 2922.95 1.7944e+06
1e+09 2.9342e+08 2934.2 1.77951e+06
1e+09 2.94548e+08 2945.48 1.76475e+06
1e+09 2.95681e+08 2956.81 1.7501e+06
1e+09 2.96818e+08 2968.18 1.73558e+06
1e+09 2.9796e+08 2979.6 1.72116e+06
1e+09 2.99106e+08 2991.06 1.70686e+06
1e+09 3.00257e+08 3002.57 1.69268e+06
1e+09 3.01411e+08 3014.11 1.67862e+06
1e+09 3.02571e+08 3025.71 1.66466e+06
1e+09 3.03735e+08 3037.35 1.65081e+06
1e+09 3.04903e+08 3049.03 1.63708e+06
1e+09 3.06076e+08 3060.76 1.62346e+06
1e+09 3.07253e+08 3072.53 1.60995e+06
1e+09 3.08435e+08 3084.35 1.59654e+06
1e+09 3.09621e+08 3096.21 1.58325e+06
1e+09 3.10812e+08 3108.12 1.57006e+06
1e+09 3.12007e+08 3120.07 1.55698e+06
1e+09 3.13207e+08 3132.07 1.54401e+06
1e+09 3.14412e+08 3144.12 1.53113e+06
1e+09 3.15621e+08 3156.21 1.51836e+06
1e+09 3.16835e+08 3168.35 1.5057e+06
1e+09 3.18054e+08 3180.54 1.49313e+06
1e+09 3.19277e+08 3192.77 1.48067e+06
1e+09 3.20505e+08 3205.05 1.46831e+06
1e+09 3.21738e+08 3217.38 1.45604e+06
1e+09 3.22976e+08 3229.76 1.44387e+06
1e+09 3.24218e+08 3242.18 1.43181e+06
1e+09 3.25465e+08 3254.65 1.41984e+06
1e+09 3.26717e+08 3267.17 1.40796e+06
1e+09 3.27973e+08 3279.73 1.39619e+06
1e+09 3.29235e+08 3292.35 1.38451e+06
1e+09 3.30501e+08 3305.01 1.37292e+06
1e+09 3.31772e+08 3317.72 1.36143e+06
1e+09 3.33049e+08 3330.49 1.35002e+06
1e+09 3.3433e+08 3343.3 1.33871e+06
1e+09 3.35615e+08 3356.15 1.3275e+06
1e+09 3.36906e+08 3369.06 1.31637e+06
1e+09 3.38202e+08 3382.02 1.30533e+06
1e+09 3.39503e+08 3395.03 1.29438e+06
1e+09 3.40809e+08 3408.09 1.28352e+06
1e+09 3.4212e+08 3421.2 1.27274e+06
1e+09 3.43436e+08 3434.36 1.26206e+06
1e+09 3.44757e+08 3447.57 1.25146e+06
1e+09 3.46083e+08 3460.83 1.24095e+06
1e+09 3.47414e+08 3474.14 1.23052e+06
1e+09 3.4875e+08 3487.5 1.22018e+06
1e+09 3.50091e+08 3500.91 1.20992e+06
1e+09 3.51438e+08 3514.38 1.19974e+06
1e+09 3.5279e+08 3527.9 1.18964e+06
1e+09 3.54147e+08 3541.47 1.17963e+06
1e+09 3.55509e+08 3555.09 1.1697e+06
1e+09 3.56876e+08 3568.76 1.15985e+06
1e+09 3.58249e+08 3582.49 1.15007e+06
1e+09 3.59627e+08 3596.27 1.14038e+06
1e+09 3.6101e+08 3610.1 1.13077e+06
1e+09 3.62399e+08 3623.99 1.12123e+06
1e+09 3.63792e+08 3637.92 1.11178e+06
1e+09 3.65192e+08 3651.92 1.10239e+06
1e+09 3.66596e+08 3665.96 1.09309e+06
1e+09 3.68006e+08 3680.06 1.08386e+06
1e+09 3.69422e+08 3694.22 1.0747e+06
1e+09 3.70843e+08 3708.43 1.06562e+06
1e+09 3.72269e+08 3722.69 1.05661e+06
1e+09 3.73701e+08 3737.01 1.04768e+06
1e+09 3.75138e+08 3751.38 1.03882e+06
1e+09 3.76581e+08 3765.81 1.03003e+06
1e+09 3.7803e+08 3780.3 1.02131e+06
1e+09 3.79484e+08 3794.84 1.01266e+06
1e+09 3.80943e+08 3809.43 1.00409e+06
1e+09 3.82408e+08 3824.08 995579
1e+09 3.83879e+08 3838.79 987140
1e+09 3.85356e+08 3853.56 978768
1e+09 3.86838e+08 3868.38 970467
1e+09 3.88326e+08 3883.26 962233
1e+09 3.8982e+08 3898.2 954064
1e+09 3.91319e+08 3913.19 945966
1e+09 3.92824e+08 3928.24 937932
1e+09 3.94335e+08 3943.35 929963
1e+09 3.95852e+08 3958.52 922057
1e+09 3.97374e+08 3973.74 914221
1e+09 3.98903e+08 3989.03 906442
1e+09 4.00437e+08 4004.37 898731
1e+09 4.01977e+08 4019.77 891083
1e+09 4.03523e+08 4035.23 883497
1e+09 4.05075e+08 4050.75 875972
1e+09 4.06633e+08 4066.33 868509
1e+09 4.08197e+08 4081.97 861106
1e+09 4.09768e+08 4097.68 853760
1e+09 4.11344e+08 4113.44 846478
1e+09 4.12926e+08 4129.26 839256
1e+09 4.14514e+08 4145.14 832093
1e+09 4.16108e+08 4161.08 824990
1e+09 4.17709e+08 4177.09 817941
1e+09 4.19315e+08 4193.15 810954
1e+09 4.20928e+08 4209.28 804021
1e+09 4.22547e+08 4225.47 797146
1e+09 4.24173e+08 4241.73 790323
1e+09 4.25804e+08 4258.04 783562
1e+09 4.27442e+08 4274.42 776853
1e+09 4.29086e+08 4290.86 770200
1e+09 4.30736e+08 4307.36 763603
1e+09 4.32393e+08 4323.93 757058
1e+09 4.34056e+08 4340.56 750567
1e+09 4.35726e+08 4357.26 744128
1e+09 4.37402e+08 4374.02 737743
1e+09 4.39084e+08 4390.84 731412
1e+09 4.40773e+08 4407.73 725131
1e+09 4.42468e+08 4424.68 718903
1e+09 4.4417e+08 4441.7 712725
1e+09 4.45878e+08 4458.78 706600
1e+09 4.47593e+08 4475.93 700523
1e+09 4.49315e+08 4493.15 694495
1e+09 4.51043e+08 4510.43 688518
1e+09 4.52778e+08 4527.78 682590
1e+09 4.54519e+08 4545.19 676712
1e+09 4.56268e+08 4562.68 670878
1e+09 4.58023e+08 4580.23 665095
1e+09 4.59784e+08 4597.84 659362
1e+09 4.61553e+08 4615.53 653672
1e+09 4.63328e+08 4633.28 648032
1e+09 4.6511e+08 4651.1 642437
1e+09 4.66899e+08 4668.99 636888
1e+09 4.68695e+08 4686.95 631385
1e+09 4.70498e+08 4704.98 625926
1e+09 4.72307e+08 4723.07 620516
1e+09 4.74124e+08 4741.24 615146
1e+09 4.75948e+08 4759.48 609822
1e+09 4.77778e+08 4777.78 604544
1e+09 4.79616e+08 4796.16 599306
1e+09 4.81461e+08 4814.61 594113
1e+09 4.83313e+08 4833.13 588962
1e+09 4.85172e+08 4851.72 583855
1e+09 4.87038e+08 4870.38 578790
1e+09 4.88911e+08 4889.11 573767
1e+09 4.90791e+08 4907.91 568786
1e+09 4.92679e+08 4926.79 563845
1e+09 4.94574e+08 4945.74 558945
1e+09 4.96476e+08 4964.76 554086
1e+09 4.98386e+08 4983.86 549266
1e+09 5.00303e+08 5003.03 544487
1e+09 5.02227e+08 5022.27 539748
1e+09 5.04159e+08 5041.59 535047
1e+09 5.06098e+08 5060.98 530386
1e+09 5.08045e+08 5080.45 525763
1e+09 5.09999e+08 5099.99 521178
1e+09 5.1196e+08 5119.6 516634
1e+09 5.1393e+08 5139.3 512123
1e+09 5.15906e+08 5159.06 507654
1e+09 5.17891e+08 5178.91 503218
1e+09 5.19883e+08 5198.83 498821
1e+09 5.21882e+08 5218.82 494461
1e+09 5.2389e+08 5238.9 490135
1e+09 5.25905e+08 5259.05 485847
1e+09 5.27927e+08 5279.27 481596
1e+09 5.29958e+08 5299.58 477378
1e+09 5.31996e+08 5319.96 473196
1e+09 5.34043e+08 5340.43 469047
1e+09 5.36097e+08 5360.97 464934
1e+09 5.38159e+08 5381.59 460855
1e+09 5.40229e+08 5402.29 456810
1e+09 5.42306e+08 5423.06 452801
1e+09 5.44392e+08 5443.92 448823
1e+09 5.46486e+08 5464.86 444878
1e+09 5.48588e+08 5485.88 440967
1e+09 5.50698e+08 5506.98 437088
1e+09 5.52816e+08 5528.16 433242
1e+09 5.54943e+08 5549.43 429426
1e+09 5.57077e+08 5570.77 425644
1e+09 5.5922e+08 5592.2 421893
1e+09 5.61371e+08 5613.71 418173
1e+09 5.6353e+08 5635.3 414485
1e+09 5.65697e+08 5656.97 410828
1e+09 5.67873e+08 5678.73 407201
1e+09 5.70057e+08 5700.57 403605
1e+09 5.7225e+08 5722.5 400037
1e+09 5.74451e+08 5744.51 396501
1e+09 5.76661e+08 5766.61 392993
1e+09 5.78879e+08 5788.79 389515
1e+09 5.81105e+08 5811.05 386068
1e+09 5.8334e+08 5833.4 382648
1e+09 5.85584e+08 5855.84 379257
1e+09 5.87836e+08 5878.36 375895
1e+09 5.90097e+08 5900.97 372561
1e+09 5.92367e+08 5923.67 369254
1e+09 5.94645e+08 5946.45 365976
1e+09 5.96933e+08 5969.33 362724
1e+09 5.99229e+08 5992.29 359500
1e+09 6.01533e+08 6015.33 356305
1e+09 6.03847e+08 6038.47 353135
1e+09 6.0617e+08 6061.7 349991
1e+09 6.08501e+08 6085.01 346876
1e+09 6.10842e+08 6108.42 343785
1e+09 6.13191e+08 6131.91 340721
1e+09 6.1555e+08 6155.5 337682
1e+09 6.17917e+08 6179.17 334670
1e+09 6.20294e+08 6202.94 331683
1e+09 6.2268e+08 6226.8 328720
1e+09 6.25075e+08 6250.75 325783
1e+09 6.27479e+08 6274.79 322871
1e+09 6.29892e+08 6298.92 319984
1e+09 6.32315e+08 6323.15 317120
1e+09 6.34747e+08 6347.47 314281
1e+09 6.37189e+08 6371.89 311465
1e+09 6.3964e+08 6396.4 308674
1e+09 6.421e+08 6421 305906
1e+09 6.4457e+08 6445.7 303162
1e+09 6.47049e+08 6470.49 300441
1e+09 6.49537e+08 6495.37 297744
1e+09 6.52036e+08 6520.36 295068
1e+09 6.54544e+08 6545.44 292415
1e+09 6.57061e+08 6570.61 289786
1e+09 6.59589e+08 6595.89 287177
1e+09 6.62125e+08 6621.25 284593
1e+09 6.64672e+08 6646.72 282029
1e+09 6.67229e+08 6672.29 279486
1e+09 6.69795e+08 6697.95 276966
1e+09 6.72371e+08 6723.71 274468
1e+09 6.74957e+08 6749.57 271990
1e+09 6.77554e+08 6775.54 269533
1e+09 6.8016e+08 6801.6 267098
1e+09 6.82776e+08 6827.76 264683
1e+09 6.85402e+08 6854.02 262289
1e+09 6.88038e+08 6880.38 259915
1e+09 6.90685e+08 6906.85 257561
1e+09 6.93341e+08 6933.41 255227
1e+09 6.96008e+08 6960.08 252914
1e+09 6.98685e+08 6986.85 250620
1e+09 7.01372e+08 7013.72 248346
1e+09 7.0407e+08 7040.7 246090
1e+09 7.06778e+08 7067.78 243855
1e+09 7.09497e+08 7094.97 241638
1e+09 7.12226e+08 7122.26 239440
1e+09 7.14965e+08 7149.65 237261
1e+09 7.17715e+08 7177.15 235101
1e+09 7.20475e+08 7204.75 232960
1e+09 7.23247e+08 7232.47 230836
1e+09 7.26028e+08 7260.28 228731
1e+09 7.28821e+08 7288.21 226644
1e+09 7.31624e+08 7316.24 224575
1e+09 7.34438e+08 7344.38 222523
1e+09 7.37263e+08 7372.63 220489
1e+09 7.40099e+08 7400.99 218472
1e+09 7.42946e+08 7429.46 216473
1e+09 7.45803e+08 7458.03 214491
1e+09 7.48672e+08 7486.72 212526
1e+09 7.51551e+08 7515.51 210579
1e+09 7.54442e+08 7544.42 208647
1e+09 7.57344e+08 7573.44 206732
1e+09 7.60257e+08 7602.57 204834
1e+09 7.63181e+08 7631.81 202952
1e+09 7.66116e+08 7661.16 201087
1e+09 7.69063e+08 7690.63 199237
1e+09 7.72021e+08 7720.21 197404
1e+09 7.74991e+08 7749.91 195586
1e+09 7.77971e+08 7779.71 193784
1e+09 7.80964e+08 7809.64 191997
1e+09 7.83968e+08 7839.68 190226
1e+09 7.86983e+08 7869.83 188470
1e+09 7.9001e+08 7900.1 186730
1e+09 7.93049e+08 7930.49 185004
1e+09 7.96099e+08 7960.99 183294
1e+09 7.99161e+08 7991.61 181598
1e+09 8.02235e+08 8022.35 179917
1e+09 8.0532e+08 8053.2 178251
1e+09 8.08418e+08 8084.18 176598
1e+09 8.11527e+08 8115.27 174961
1e+09 8.14649e+08 8146.49 173337
1e+09 8.17782e+08 8177.82 171728
1e+09 8.20927e+08 8209.27 170132
1e+09 8.24085e+08 8240.85 168551
1e+09 8.27255e+08 8272.55 166983
1e+09 8.30437e+08 8304.37 165428
1e+09 8.33631e+08 8336.31 163888
1e+09 8.36837e+08 8368.37 162361
1e+09 8.40056e+08 8400.56 160847
1e+09 8.43287e+08 8432.87 159346
1e+09 8.4653e+08 8465.3 157858
1e+09 8.49786e+08 8497.86 156384
1e+09 8.53055e+08 8530.55 154922
1e+09 8.56336e+08 8563.36 153473
1e+09 8.5963e+08 8596.3 152036
1e+09 8.62936e+08 8629.36 150613
1e+09 8.66255e+08 8662.55 149201
1e+09 8.69587e+08 8695.87 147802
1e+09 8.72932e+08 8729.32 146415
1e+09 8.76289e+08 8762.89 145041
1e+09 8.7966e+08 8796.6 143678
1e+09 8.83043e+08 8830.43 142327
1e+09 8.8644e+08 8864.4 140988
1e+09 8.89849e+08 8898.49 139661
1e+09 8.93272e+08 8932.72 138346
1e+09 8.96708e+08 8967.08 137042
1e+09 9.00157e+08 9001.57 135749
1e+09 9.03619e+08 9036.19 134468
1e+09 9.07095e+08 9070.95 133199
1e+09 9.10583e+08 9105.83 131940
1e+09 9.14086e+08 9140.86 130692
1e+09 9.17602e+08 9176.02 129456
1e+09 9.21131e+08 9211.31 128230
1e+09 9.24674e+08 9246.74 127015
1e+09 9.28231e+08 9282.31 125811
1e+09 9.31801e+08 9318.01 124618
1e+09 9.35385e+08 9353.85 123435
1e+09 9.38983e+08 9389.83 122262
1e+09 9.42594e+08 9425.94 121100
1e+09 9.4622e+08 9462.2 119948
1e+09 9.49859e+08 9498.59 118807
1e+09 9.53513e+08 9535.13 117675
1e+09 9.5718e+08 9571.8 116553
1e+09 9.60862e+08 9608.62 115442
1e+09 9.64557e+08 9645.57 114340
1e+09 9.68267e+08 9682.67 113248
1e+09 9.71992e+08 9719.92 112166
1e+09 9.7573e+08 9757.3 111093
1e+09 9.79483e+08 9794.83 110030
1e+09 9.83251e+08 9832.51 108976
1e+09 9.87032e+08 9870.32 107932
1e+09 9.90829e+08 9908.29 106897
1e+09 9.9464e+08 9946.4 105871
1e+09 9.98466e+08 9984.66 104854
1e+09 1.00231e+09 10023.1 103846
1e+09 1.00616e+09 10061.6 102849
1e+09 1.01003e+09 10100.3 101859
1e+09 1.01392e+09 10139.2 100877
1e+09 1.01782e+09 10178.2 99904.7
1e+09 1.02173e+09 10217.3 98942.5
1e+09 1.02566e+09 10256.6 97987.7
1e+09 1.02961e+09 10296.1 97040.3
1e+09 1.03357e+09 10335.7 96102.5
1e+09 1.03754e+09 10375.4 95174.5
1e+09 1.04153e+09 10415.3 94253.6
1e+09 1.04554e+09 10455.4 93339.9
1e+09 1.04956e+09 10495.6 92435.7
1e+09 1.0536e+09 10536 91538.5
1e+09 1.05765e+09 10576.5 90650.7
1e+09 1.06172e+09 10617.2 89769.8
1e+09 1.0658e+09 10658 88898.1
1e+09 1.0699e+09 10699 88033.4
1e+09 1.07401e+09 10740.1 87177.6
1e+09 1.07815e+09 10781.5 86326.6
1e+09 1.08229e+09 10822.9 85486.6
1e+09 1.08646e+09 10864.6 84651.2
1e+09 1.09063e+09 10906.3 83826.6
1e+09 1.09483e+09 10948.3 83006.8
1e+09 1.09904e+09 10990.4 82195.5
1e+09 1.10327e+09 11032.7 81390.8
1e+09 1.10751e+09 11075.1 80594.6
1e+09 1.11177e+09 11117.7 79804.9
1e+09 1.11605e+09 11160.5 79021.7
1e+09 1.12034e+09 11203.4 78246.8
1e+09 1.12465e+09 11246.5 77478.2
1e+09 1.12897e+09 11289.7 76717.8
1e+09 1.13332e+09 11333.2 75962
1e+09 1.13768e+09 11376.8 75214.2
1e+09 1.14205e+09 11420.5 74474.4
1e+09 1.14644e+09 11464.4 73740.7
1e+09 1.15085e+09 11508.5 73013.3
1e+09 1.15528e+09 11552.8 72291.9
1e+09 1.15972e+09 11597.2 71578.3
1e+09 1.16419e+09 11641.9 70869.1
1e+09 1.16866e+09 11686.6 70169.1
1e+09 1.17316e+09 11731.6 69473.4
1e+09 1.17767e+09 11776.7 68785.3
1e+09 1.1822e+09 11822 68103.1
1e+09 1.18675e+09 11867.5 67426.7
1e+09 1.19131e+09 11913.1 66757.6
1e+09 1.19589e+09 11958.9 66094.2
1e+09 1.20049e+09 12004.9 65436.7
1e+09 1.20511e+09 12051.1 64784.8
1e+09 1.20975e+09 12097.5 64138.6
1e+09 1.2144e+09 12144 63499.4
1e+09 1.21907e+09 12190.7 62865.8
1e+09 1.22376e+09 12237.6 62237.7
1e+09 1.22847e+09 12284.7 61615.2
1e+09 1.23319e+09 12331.9 60999.4
1e+09 1.23793e+09 12379.3 60389.1
1e+09 1.2427e+09 12427 59782.9
1e+09 1.24748e+09 12474.8 59183.4
1e+09 1.25227e+09 12522.7 58590.4
1e+09 1.25709e+09 12570.9 58001.5
1e+09 1.26193e+09 12619.3 57417.9
1e+09 1.26678e+09 12667.8 56840.7
1e+09 1.27165e+09 12716.5 56268.7
1e+09 1.27654e+09 12765.4 55701.8
1e+09 1.28145e+09 12814.5 55140
1e+09 1.28638e+09 12863.8 54583.3
1e+09 1.29133e+09 12913.3 54031.7
1e+09 1.2963e+09 12963 53485.1
1e+09 1.30128e+09 13012.8 52944.6
1e+09 1.30629e+09 13062.9 52407.9
1e+09 1.31131e+09 13113.1 51877.2
1e+09 1.31636e+09 13163.6 51350.3
1e+09 1.32142e+09 13214.2 50829.3
1e+09 1.3265e+09 13265 50313.1
1e+09 1.3316e+09 13316 49801.7
1e+09 1.33672e+09 13367.2 49295
1e+09 1.34187e+09 13418.7 48792.1
1e+09 1.34703e+09 13470.3 48294.8
1e+09 1.35221e+09 13522.1 47802.1
1e+09 1.35741e+09 13574.1 47314.1
1e+09 1.36263e+09 13626.3 46830.6
1e+09 1.36787e+09 13678.7 46351.6
1e+09 1.37313e+09 13731.3 45877.2
1e+09 1.37841e+09 13784.1 45407.2
1e+09 1.38372e+09 13837.2 44940.8
1e+09 1.38904e+09 13890.4 44479.7
1e+09 1.39438e+09 13943.8 44023
1e+09 1.39974e+09 13997.4 43570.6
1e+09 1.40513e+09 14051.3 43121.7
1e+09 1.41053e+09 14105.3 42678
1e+09 1.41596e+09 14159.6 42237.6
1e+09 1.4214e+09 14214 41802.3
1e+09 1.42687e+09 14268.7 41370.4
1e+09 1.43236e+09 14323.6 40942.6
1e+09 1.43787e+09 14378.7 40519
1e+09 1.4434e+09 14434 40099.5
1e+09 1.44895e+09 14489.5 39684.1
1e+09 1.45452e+09 14545.2 39272.7
1e+09 1.46012e+09 14601.2 38864.6
1e+09 1.46573e+09 14657.3 38461.1
1e+09 1.47137e+09 14713.7 38061
1e+09 1.47703e+09 14770.3 37664.7
1e+09 1.48271e+09 14827.1 37272.4
1e+09 1.48842e+09 14884.2 36883.2
1e+09 1.49414e+09 14941.4 36498.6
1e+09 1.49989e+09 14998.9 36117
1e+09 1.50566e+09 15056.6 35739.3
1e+09 1.51145e+09 15114.5 35365.3
1e+09 1.51726e+09 15172.6 34995.1
1e+09 1.5231e+09 15231 34627.9
1e+09 1.52896e+09 15289.6 34264.4
1e+09 1.53484e+09 15348.4 33904.5
1e+09 1.54074e+09 15407.4 33548.2
1e+09 1.54667e+09 15466.7 33194.9
1e+09 1.55261e+09 15526.1 32845.8
1e+09 1.55859e+09 15585.9 32499
1e+09 1.56458e+09 15645.8 32156.4
1e+09 1.5706e+09 15706 31816.6
1e+09 1.57664e+09 15766.4 31480.2
1e+09 1.5827e+09 15827 31147.3
1e+09 1.58879e+09 15887.9 30817.3
1e+09 1.5949e+09 15949 30490.6
1e+09 1.60104e+09 16010.4 30166.7
1e+09 1.6072e+09 16072 29846.2
1e+09 1.61338e+09 16133.8 29528.9
1e+09 1.61958e+09 16195.8 29215
1e+09 1.62581e+09 16258.1 28903.7
1e+09 1.63207e+09 16320.7 28595.2
1e+09 1.63834e+09 16383.4 28290.4
1e+09 1.64464e+09 16446.4 27988.2
1e+09 1.65097e+09 16509.7 27688.7
1e+09 1.65732e+09 16573.2 27392.4
1e+09 1.66369e+09 16636.9 27099.1
1e+09 1.67009e+09 16700.9 26808.4
1e+09 1.67652e+09 16765.2 26520.4
1e+09 1.68297e+09 16829.7 26235.3
1e+09 1.68944e+09 16894.4 25953.3
1e+09 1.69594e+09 16959.4 25673.8
1e+09 1.70246e+09 17024.6 25397.3
1e+09 1.70901e+09 17090.1 25123.2
1e+09 1.71558e+09 17155.8 24852.1
1e+09 1.72218e+09 17221.8 24583.4
1e+09 1.7288e+09 17288 24317.6
1e+09 1.73545e+09 17354.5 24054.3
1e+09 1.74213e+09 17421.3 23793.3
1e+09 1.74883e+09 17488.3 23535.2
1e+09 1.75556e+09 17555.6 23279.4
1e+09 1.76231e+09 17623.1 23026.4
1e+09 1.76909e+09 17690.9 22775.7
1e+09 1.77589e+09 17758.9 22527.7
1e+09 1.78272e+09 17827.2 22282.1
1e+09 1.78958e+09 17895.8 22038.7
1e+09 1.79646e+09 17964.6 21798
1e+09 1.80337e+09 18033.7 21559.6
1e+09 1.81031e+09 18103.1 21323.4
1e+09 1.81727e+09 18172.7 21089.8
1e+09 1.82426e+09 18242.6 20858.4
1e+09 1.83128e+09 18312.8 20629.2
1e+09 1.83832e+09 18383.2 20402.5
1e+09 1.84539e+09 18453.9 20178
1e+09 1.85249e+09 18524.9 19955.6
1e+09 1.85962e+09 18596.2 19735.4
1e+09 1.86677e+09 18667.7 19517.6
1e+09 1.87395e+09 18739.5 19301.9
1e+09 1.88116e+09 18811.6 19088.3
1e+09 1.88839e+09 18883.9 18877.1
1e+09 1.89565e+09 18956.5 18667.9
1e+09 1.90295e+09 19029.5 18460.5
1e+09 1.91027e+09 19102.7 18255.4
1e+09 1.91761e+09 19176.1 18052.6
1e+09 1.92499e+09 19249.9 17851.5
1e+09 1.93239e+09 19323.9 17652.7
1e+09 1.93983e+09 19398.3 17455.6
1e+09 1.94729e+09 19472.9 17260.7
1e+09 1.95478e+09 19547.8 17067.7
1e+09 1.96229e+09 19622.9 16876.9
1e+09 1.96984e+09 19698.4 16687.8
1e+09 1.97742e+09 19774.2 16500.6
1e+09 1.98502e+09 19850.2 16315.5
1e+09 1.99266e+09 19926.6 16132
1e+09 2.00032e+09 20003.2 15950.6
1e+09 2.00802e+09 20080.2 15770.8
1e+09 2.01574e+09 20157.4 15593
1e+09 2.02349e+09 20234.9 15417.1
1e+09 2.03128e+09 20312.8 15242.7
1e+09 2.03909e+09 20390.9 15070.4
1e+09 2.04693e+09 20469.3 14899.8
1e+09 2.05481e+09 20548.1 14730.7
1e+09 2.06271e+09 20627.1 14563.6
1e+09 2.07064e+09 20706.4 14398.2
1e+09 2.07861e+09 20786.1 14234.3
1e+09 2.0866e+09 20866 14072.3
1e+09 2.09463e+09 20946.3 13911.8
1e+09 2.10269e+09 21026.9 13753
1e+09 2.11077e+09 21107.7 13596
1e+09 2.11889e+09 21188.9 13440.5
1e+09 2.12704e+09 21270.4 13286.6
1e+09 2.13522e+09 21352.2 13134.3
1e+09 2.14344e+09 21434.4 12983.4
1e+09 2.15168e+09 21516.8 12834.4
1e+09 2.15996e+09 21599.6 12686.7
1e+09 2.16826e+09 21682.6 12540.7
1e+09 2.1766e+09 21766 12396.2
1e+09 2.18498e+09 21849.8 12253
1e+09 2.19338e+09 21933.8 12111.5
1e+09 2.20182e+09 22018.2 11971.3
1e+09 2.21028e+09 22102.8 11832.8
1e+09 2.21879e+09 22187.9 11695.5
1e+09 2.22732e+09 22273.2 11559.8
1e+09 2.23589e+09 22358.9 11425.5
1e+09 2.24449e+09 22444.9 11292.5
1e+09 2.25312e+09 22531.2 11161.1
1e+09 2.26179e+09 22617.9 11030.9
1e+09 2.27049e+09 22704.9 10902.1
1e+09 2.27922e+09 22792.2 10774.7
1e+09 2.28798e+09 22879.8 10648.7
1e+09 2.29679e+09 22967.9 10523.9
1e+09 2.30562e+09 23056.2 10400.5
1e+09 2.31449e+09 23144.9 10278.4
1e+09 2.32339e+09 23233.9 10157.6
1e+09 2.33233e+09 23323.3 10038
1e+09 2.3413e+09 23413 9919.7
1e+09 2.3503e+09 23503 9802.75
1e+09 2.35934e+09 23593.4 9686.97
1e+09 2.36842e+09 23684.2 9572.35
1e+09 2.37753e+09 23775.3 9459.02
1e+09 2.38667e+09 23866.7 9346.96
1e+09 2.39585e+09 23958.5 9236.03
1e+09 2.40507e+09 24050.7 9126.24
1e+09 2.41432e+09 24143.2 9017.68
1e+09 2.4236e+09 24236 8910.36
1e+09 2.43292e+09 24329.2 8804.13
1e+09 2.44228e+09 24422.8 8699
1e+09 2.45168e+09 24516.8 8594.95
1e+09 2.46111e+09 24611.1 8492.09
1e+09 2.47057e+09 24705.7 8390.4
1e+09 2.48008e+09 24800.8 8289.66
1e+09 2.48961e+09 24896.1 8190.19
1e+09 2.49919e+09 24991.9 8091.65
1e+09 2.5088e+09 25088 7994.25
1e+09 2.51845e+09 25184.5 7897.87
1e+09 2.52814e+09 25281.4 7802.51
1e+09 2.53786e+09 25378.6 7708.26
1e+09 2.54762e+09 25476.2 7615
1e+09 2.55742e+09 25574.2 7522.74
1e+09 2.56726e+09 25672.6 7431.46
1e+09 2.57713e+09 25771.3 7341.24
1e+09 2.58705e+09 25870.5 7251.9
1e+09 2.597e+09 25970 7163.62
1e+09 2.60699e+09 26069.9 7076.28
1e+09 2.61701e+09 26170.1 6989.97
1e+09 2.62708e+09 26270.8 6904.51
1e+09 2.63718e+09 26371.8 6820.06
1e+09 2.64733e+09 26473.3 6736.45
1e+09 2.65751e+09 26575.1 6653.83
1e+09 2.66773e+09 26677.3 6572.11
1e+09 2.67799e+09 26779.9 6491.29
1e+09 2.68829e+09 26882.9 6411.36
1e+09 2.69863e+09 26986.3 6332.31
1e+09 2.70901e+09 27090.1 6254.13
1e+09 2.71943e+09 27194.3 6176.82
1e+09 2.72989e+09 27298.9 6100.37
1e+09 2.74039e+09 27403.9 6024.77
1e+09 2.75093e+09 27509.3 5950.01
1e+09 2.76151e+09 27615.1 5876.09
1e+09 2.77213e+09 27721.3 5802.99
1e+09 2.7828e+09 27828 5730.66
1e+09 2.7935e+09 27935 5659.2
1e+09 2.80424e+09 28042.4 5588.55
1e+09 2.81503e+09 28150.3 5518.63
1e+09 2.82586e+09 28258.6 5449.51
1e+09 2.83673e+09 28367.3 5381.18
1e+09 2.84764e+09 28476.4 5313.62
1e+09 2.85859e+09 28585.9 5246.84
1e+09 2.86959e+09 28695.9 5180.76
1e+09 2.88062e+09 28806.2 5115.51
1e+09 2.8917e+09 28917 5050.94
1e+09 2.90283e+09 29028.3 4987.07
1e+09 2.91399e+09 29139.9 4923.98
1e+09 2.9252e+09 29252 4861.58
1e+09 2.93645e+09 29364.5 4799.9
1e+09 2.94774e+09 29477.4 4738.94
1e+09 2.95908e+09 29590.8 4678.64
1e+09 2.97046e+09 29704.6 4619.04
1e+09 2.98189e+09 29818.9 4560.1
1e+09 2.99336e+09 29933.6 4501.84
1e+09 3.00487e+09 30048.7 4444.28
1e+09 3.01643e+09 30164.3 4387.34
1e+09 3.02803e+09 30280.3 4331.08
1e+09 3.03968e+09 30396.8 4275.44
1e+09 3.05137e+09 30513.7 4220.47
1e+09 3.06311e+09 30631.1 4166.1
1e+09 3.07489e+09 30748.9 4112.38
1e+09 3.08671e+09 30867.1 4059.31
1e+09 3.09859e+09 30985.9 4006.79
1e+09 3.11051e+09 31105.1 3954.9
1e+09 3.12247e+09 31224.7 3903.63
1e+09 3.13448e+09 31344.8 3852.95
1e+09 3.14654e+09 31465.4 3802.83
1e+09 3.15864e+09 31586.4 3753.33
1e+09 3.17079e+09 31707.9 3704.39
1e+09 3.18298e+09 31829.8 3656.05
1e+09 3.19523e+09 31952.3 3608.22
1e+09 3.20752e+09 32075.2 3560.98
1e+09 3.21985e+09 32198.5 3514.31
1e+09 3.23224e+09 32322.4 3468.15
1e+09 3.24467e+09 32446.7 3422.56
1e+09 3.25715e+09 32571.5 3377.5
1e+09 3.26968e+09 32696.8 3332.96
1e+09 3.28225e+09 32822.5 3288.97
1e+09 3.29488e+09 32948.8 3245.47
1e+09 3.30755e+09 33075.5 3202.5
1e+09 3.32027e+09 33202.7 3160.05
1e+09 3.33304e+09 33330.4 3118.09
1e+09 3.34586e+09 33458.6 3076.62
1e+09 3.35873e+09 33587.3 3035.65
1e+09 3.37165e+09 33716.5 2995.17
1e+09 3.38462e+09 33846.2 2955.16
1e+09 3.39764e+09 33976.4 2915.63
1e+09 3.41071e+09 34107.1 2876.58
1e+09 3.42382e+09 34238.2 2838.02
1e+09 3.43699e+09 34369.9 2799.9
1e+09 3.45021e+09 34502.1 2762.24
1e+09 3.46348e+09 34634.8 2725.03
1e+09 3.47681e+09 34768.1 2688.24
1e+09 3.49018e+09 34901.8 2651.93
1e+09 3.5036e+09 35036 2616.06
1e+09 3.51708e+09 35170.8 2580.61
1e+09 3.53061e+09 35306.1 2545.58
1e+09 3.54419e+09 35441.9 2510.99
1e+09 3.55782e+09 35578.2 2476.82
1e+09 3.5715e+09 35715 2443.08
1e+09 3.58524e+09 35852.4 2409.72
1e+09 3.59903e+09 35990.3 2376.78
1e+09 3.61287e+09 36128.7 2344.25
1e+09 3.62677e+09 36267.7 2312.1
1e+09 3.64072e+09 36407.2 2280.35
1e+09 3.65472e+09 36547.2 2249
1e+09 3.66878e+09 36687.8 2218.03
1e+09 3.68289e+09 36828.9 2187.44
1e+09 3.69706e+09 36970.6 2157.21
1e+09 3.71128e+09 37112.8 2127.37
1e+09 3.72555e+09 37255.5 2097.91
1e+09 3.73988e+09 37398.8 2068.8
1e+09 3.75426e+09 37542.6 2040.06
1e+09 3.7687e+09 37687 2011.66
1e+09 3.7832e+09 37832 1983.62
1e+09 3.79775e+09 37977.5 1955.93
1e+09 3.81236e+09 38123.6 1928.58
1e+09 3.82702e+09 38270.2 1901.58
1e+09 3.84174e+09 38417.4 1874.91
1e+09 3.85652e+09 38565.2 1848.57
1e+09 3.87135e+09 38713.5 1822.58
1e+09 3.88624e+09 38862.4 1796.9
1e+09 3.90119e+09 39011.9 1771.54
1e+09 3.91619e+09 39161.9 1746.52
1e+09 3.93126e+09 39312.6 1721.79
1e+09 3.94638e+09 39463.8 1697.38
1e+09 3.96156e+09 39615.6 1673.28
1e+09 3.97679e+09 39767.9 1649.5
1e+09 3.99209e+09 39920.9 1626
1e+09 4.00745e+09 40074.5 1602.8
1e+09 4.02286e+09 40228.6 1579.91
1e+09 4.03833e+09 40383.3 1557.31
1e+09 4.05387e+09 40538.7 1534.98
1e+09 4.06946e+09 40694.6 1512.95
1e+09 4.08511e+09 40851.1 1491.2
1e+09 4.10082e+09 41008.2 1469.74
1e+09 4.1166e+09 41166 1448.53
1e+09 4.13243e+09 41324.3 1427.61
1e+09 4.14832e+09 41483.2 1406.97
1e+09 4.16428e+09 41642.8 1386.58
1e+09 4.1803e+09 41803 1366.45
1e+09 4.19638e+09 41963.8 1346.58
1e+09 4.21252e+09 42125.2 1326.98
1e+09 4.22872e+09 42287.2 1307.63
1e+09 4.24498e+09 42449.8 1288.54
1e+09 4.26131e+09 42613.1 1269.68
1e+09 4.2777e+09 42777 1251.08
1e+09 4.29415e+09 42941.5 1232.72
1e+09 4.31067e+09 43106.7 1214.6
1e+09 4.32725e+09 43272.5 1196.71
1e+09 4.34389e+09 43438.9 1179.07
1e+09 4.3606e+09 43606 1161.65
1e+09 4.37737e+09 43773.7 1144.47
1e+09 4.39421e+09 43942.1 1127.5
1e+09 4.41111e+09 44111.1 1110.77
1e+09 4.42808e+09 44280.8 1094.25
1e+09 4.44511e+09 44451.1 1077.95
1e+09 4.46221e+09 44622.1 1061.87
1e+09 4.47937e+09 44793.7 1046.01
1e+09 4.4966e+09 44966 1030.35
1e+09 4.5139e+09 45139 1014.9
1e+09 4.53126e+09 45312.6 999.665
1e+09 4.54869e+09 45486.9 984.628
1e+09 4.56618e+09 45661.8 969.799
1e+09 4.58374e+09 45837.4 955.167
1e+09 4.60138e+09 46013.8 940.722
1e+09 4.61907e+09 46190.7 926.485
1e+09 4.63684e+09 46368.4 912.432
1e+09 4.65467e+09 46546.7 898.574
1e+09 4.67258e+09 46725.8 884.896
1e+09 4.69055e+09 46905.5 871.41
1e+09 4.70859e+09 47085.9 858.106
1e+09 4.7267e+09 47267 844.983
1e+09 4.74488e+09 47448.8 832.039
1e+09 4.76313e+09 47631.3 819.271
1e+09 4.78145e+09 47814.5 806.678
1e+09 4.79984e+09 47998.4 794.258
1e+09 4.81831e+09 48183.1 782.003
1e+09 4.83684e+09 48368.4 769.923
1e+09 4.85544e+09 48554.4 758.01
1e+09 4.87412e+09 48741.2 746.256
1e+09 4.89286e+09 48928.6 734.672
1e+09 4.91168e+09 49116.8 723.244
1e+09 4.93058e+09 49305.8 711.969
1e+09 4.94954e+09 49495.4 700.858
1e+09 4.96858e+09 49685.8 689.898
1e+09 4.98769e+09 49876.9 679.093
1e+09 5.00687e+09 50068.7 668.44
1e+09 5.02613e+09 50261.3 657.933
1e+09 5.04546e+09 50454.6 647.576
1e+09 5.06487e+09 50648.7 637.36
1e+09 5.08435e+09 50843.5 627.291
1e+09 5.10391e+09 51039.1 617.361
1e+09 5.12354e+09 51235.4 607.574
1e+09 5.14324e+09 51432.4 597.928
1e+09 5.16303e+09 51630.3 588.411
1e+09 5.18288e+09 51828.8 579.037
1e+09 5.20282e+09 52028.2 569.79
1e+09 5.22283e+09 52228.3 560.678
1e+09 5.24292e+09 52429.2 551.694
1e+09 5.26309e+09 52630.9 542.837
1e+09 5.28333e+09 52833.3 534.11
1e+09 5.30365e+09 53036.5 525.508
1e+09 5.32405e+09 53240.5 517.028
1e+09 5.34453e+09 53445.3 508.67
1e+09 5.36508e+09 53650.8 500.435
1e+09 5.38572e+09 53857.2 492.315
1e+09 5.40643e+09 54064.3 484.316
1e+09 5.42723e+09 54272.3 476.43
1e+09 5.4481e+09 54481 468.661
1e+09 5.46906e+09 54690.6 461.002
1e+09 5.4901e+09 54901 453.454
1e+09 5.51121e+09 55112.1 446.021
1e+09 5.53241e+09 55324.1 438.693
1e+09 5.55369e+09 55536.9 431.474
1e+09 5.57505e+09 55750.5 424.36
1e+09 5.59649e+09 55964.9 417.352
1e+09 5.61802e+09 56180.2 410.445
1e+09 5.63963e+09 56396.3 403.641
1e+09 5.66132e+09 56613.2 396.938
1e+09 5.68309e+09 56830.9 390.335
1e+09 5.70495e+09 57049.5 383.829
1e+09 5.7269e+09 57269 377.418
1e+09 5.74892e+09 57489.2 371.106
1e+09 5.77104e+09 57710.4 364.884
1e+09 5.79323e+09 57932.3 358.759
1e+09 5.81552e+09 58155.2 352.722
1e+09 5.83788e+09 58378.8 346.78
1e+09 5.86034e+09 58603.4 340.924
1e+09 5.88288e+09 58828.8 335.157
1e+09 5.90551e+09 59055.1 329.477
1e+09 5.92822e+09 59282.2 323.884
1e+09 5.95102e+09 59510.2 318.375
1e+09 5.97391e+09 59739.1 312.949
1e+09 5.99689e+09 59968.9 307.606
1e+09 6.01995e+09 60199.5 302.345
1e+09 6.04311e+09 60431.1 297.163
1e+09 6.06635e+09 60663.5 292.062
1e+09 6.08969e+09 60896.9 287.036
1e+09 6.11311e+09 61131.1 282.09
1e+09 6.13662e+09 61366.2 277.22
1e+09 6.16022e+09 61602.2 272.425
1e+09 6.18392e+09 61839.2 267.702
1e+09 6.2077e+09 62077 263.054
1e+09 6.23158e+09 62315.8 258.477
1e+09 6.25555e+09 62555.5 253.972
1e+09 6.27961e+09 62796.1 249.536
1e+09 6.30376e+09 63037.6 245.171
1e+09 6.32801e+09 63280.1 240.872
1e+09 6.35235e+09 63523.5 236.641
1e+09 6.37678e+09 63767.8 232.477
1e+09 6.40131e+09 64013.1 228.378
1e+09 6.42593e+09 64259.3 224.344
1e+09 6.45065e+09 64506.5 220.372
1e+09 6.47546e+09 64754.6 216.465
1e+09 6.50036e+09 65003.6 212.619
1e+09 6.52537e+09 65253.7 208.833
1e+09 6.55046e+09 65504.6 205.11
1e+09 6.57566e+09 65756.6 201.443
1e+09 6.60095e+09 66009.5 197.837
1e+09 6.62634e+09 66263.4 194.287
1e+09 6.65183e+09 66518.3 190.794
1e+09 6.67741e+09 66774.1 187.359
1e+09 6.7031e+09 67031 183.977
1e+09 6.72888e+09 67288.8 180.65
1e+09 6.75476e+09 67547.6 177.378
1e+09 6.78074e+09 67807.4 174.158
1e+09 6.80682e+09 68068.2 170.99
1e+09 6.833e+09 68330 167.874
1e+09 6.85928e+09 68592.8 164.809
1e+09 6.88567e+09 68856.7 161.793
1e+09 6.91215e+09 69121.5 158.828
1e+09 6.93874e+09 69387.4 155.91
1e+09 6.96543e+09 69654.3 153.04
1e+09 6.99222e+09 69922.2 150.218
1e+09 7.01911e+09 70191.1 147.443
1e+09 7.04611e+09 70461.1 144.712
1e+09 7.07321e+09 70732.1 142.028
1e+09 7.10042e+09 71004.2 139.387
1e+09 7.12773e+09 71277.3 136.791
1e+09 7.15514e+09 71551.4 134.239
1e+09 7.18266e+09 71826.6 131.728
1e+09 7.21029e+09 72102.9 129.26
1e+09 7.23802e+09 72380.2 126.833
1e+09 7.26586e+09 72658.6 124.446
1e+09 7.29381e+09 72938.1 122.1
1e+09 7.32186e+09 73218.6 119.794
1e+09 7.35002e+09 73500.2 117.526
1e+09 7.37829e+09 73782.9 115.297
1e+09 7.40667e+09 74066.7 113.106
1e+09 7.43516e+09 74351.6 110.952
1e+09 7.46376e+09 74637.6 108.834
1e+09 7.49247e+09 74924.7 106.753
1e+09 7.52129e+09 75212.9 104.707
1e+09 7.55022e+09 75502.2 102.697
1e+09 7.57926e+09 75792.6 100.721
1e+09 7.60841e+09 76084.1 98.7793
1e+09 7.63767e+09 76376.7 96.8713
1e+09 7.66705e+09 76670.5 94.9958
1e+09 7.69654e+09 76965.4 93.153
1e+09 7.72614e+09 77261.4 91.3424
1e+09 7.75586e+09 77558.6 89.563
1e+09 7.78569e+09 77856.9 87.8148
1e+09 7.81564e+09 78156.4 86.097
1e+09 7.8457e+09 78457 84.4095
1e+09 7.87587e+09 78758.7 82.752
1e+09 7.90617e+09 79061.7 81.1229
1e+09 7.93658e+09 79365.8 79.5229
1e+09 7.9671e+09 79671 77.9515
1e+09 7.99775e+09 79977.5 76.4073
1e+09 8.02851e+09 80285.1 74.8909
1e+09 8.05939e+09 80593.9 73.4014
1e+09 8.09039e+09 80903.9 71.9384
1e+09 8.12151e+09 81215.1 70.5015
1e+09 8.15274e+09 81527.4 69.0908
1e+09 8.1841e+09 81841 67.705
1e+09 8.21558e+09 82155.8 66.3441
1e+09 8.24718e+09 82471.8 65.0078
1e+09 8.2789e+09 82789 63.6957
1e+09 8.31074e+09 83107.4 62.4075
1e+09 8.34271e+09 83427.1 61.1423
1e+09 8.3748e+09 83748 59.9002
1e+09 8.40701e+09 84070.1 58.681
1e+09 8.43935e+09 84393.5 57.4837
1e+09 8.47181e+09 84718.1 56.3085
1e+09 8.50439e+09 85043.9 55.1551
1e+09 8.5371e+09 85371 54.0227
1e+09 8.56994e+09 85699.4 52.9111
1e+09 8.6029e+09 86029 51.8202
1e+09 8.63599e+09 86359.9 50.7494
1e+09 8.66921e+09 86692.1 49.6983
1e+09 8.70255e+09 87025.5 48.6671
1e+09 8.73602e+09 87360.2 47.655
1e+09 8.76962e+09 87696.2 46.6618
1e+09 8.80336e+09 88033.6 45.6868
1e+09 8.83722e+09 88372.2 44.7305
1e+09 8.87121e+09 88712.1 43.7921
1e+09 8.90533e+09 89053.3 42.8714
1e+09 8.93958e+09 89395.8 41.9682
1e+09 8.97396e+09 89739.6 41.0821
1e+09 9.00848e+09 90084.8 40.2126
1e+09 9.04313e+09 90431.3 39.3598
1e+09 9.07791e+09 90779.1 38.5233
1e+09 9.11283e+09 91128.3 37.7026
1e+09 9.14788e+09 91478.8 36.8977
1e+09 9.18307e+09 91830.7 36.1082
1e+09 9.21839e+09 92183.9 35.334
1e+09 9.25384e+09 92538.4 34.5748
1e+09 9.28944e+09 92894.4 33.83
1e+09 9.32517e+09 93251.7 33.0998
1e+09 9.36103e+09 93610.3 32.3839
1e+09 9.39704e+09 93970.4 31.6818
1e+09 9.43318e+09 94331.8 30.9935
1e+09 9.46946e+09 94694.6 30.3186
1e+09 9.50589e+09 95058.9 29.6567
1e+09 9.54245e+09 95424.5 29.0081
1e+09 9.57915e+09 95791.5 28.3722
1e+09 9.616e+09 96160 27.7487
1e+09 9.65298e+09 96529.8 27.1378
1e+09 9.69011e+09 96901.1 26.5389
1e+09 9.72738e+09 97273.8 25.9519
1e+09 9.7648e+09 97648 25.3765
1e+09 9.80236e+09 98023.6 24.8126
1e+09 9.84006e+09 98400.6 24.2601
1e+09 9.87791e+09 98779.1 23.7186
1e+09 9.9159e+09 99159 23.1881
1e+09 9.95404e+09 99540.4 22.6682
1e+09 9.99233e+09 99923.3 22.1588
1e+09 1.00308e+10 100308 21.6593
1e+09 1.00693e+10 100693 21.1714
1e+09 1.01081e+10 101081 20.6915
1e+09 1.01469e+10 101469 20.2233
1e+09 1.0186e+10 101860 19.7629
1e+09 1.02252e+10 102252 19.3124
1e+09 1.02645e+10 102645 18.8718
1e+09 1.0304e+10 103040 18.4398
1e+09 1.03436e+10 103436 18.0172
1e+09 1.03834e+10 103834 17.6029
1e+09 1.04233e+10 104233 17.1977
1e+09 1.04634e+10 104634 16.8004
1e+09 1.05037e+10 105037 16.411
1e+09 1.05441e+10 105441 16.0303
1e+09 1.05846e+10 105846 15.658
1e+09 1.06253e+10 106253 15.2932
1e+09 1.06662e+10 106662 14.9357
1e+09 1.07072e+10 107072 14.5862
1e+09 1.07484e+10 107484 14.2437
1e+09 1.07897e+10 107897 13.909
1e+09 1.08312e+10 108312 13.581
1e+09 1.08729e+10 108729 13.2598
1e+09 1.09147e+10 109147 12.9458
1e+09 1.09567e+10 109567 12.6383
1e+09 1.09988e+10 109988 12.3378
1e+09 1.10412e+10 110412 12.0429
1e+09 1.10836e+10 110836 11.7554
1e+09 1.11262e+10 111262 11.4739
1e+09 1.1169e+10 111690 11.1982
1e+09 1.1212e+10 112120 10.9283
1e+09 1.12551e+10 112551 10.6647
1e+09 1.12984e+10 112984 10.4066
1e+09 1.13419e+10 113419 10.154
1e+09 1.13855e+10 113855 9.90737
1e+09 1.14293e+10 114293 9.66595
1e+09 1.14733e+10 114733 9.42968
1e+09 1.15174e+10 115174 9.19899
1e+09 1.15617e+10 115617 8.97327
1e+09 1.16062e+10 116062 8.75241
1e+09 1.16508e+10 116508 8.53682
1e+09 1.16956e+10 116956 8.32591
1e+09 1.17406e+10 117406 8.11959
1e+09 1.17857e+10 117857 7.91823
1e+09 1.18311e+10 118311 7.72085
1e+09 1.18766e+10 118766 7.52824
1e+09 1.19223e+10 119223 7.33989
1e+09 1.19681e+10 119681 7.1561
1e+09 1.20142e+10 120142 6.97602
1e+09 1.20604e+10 120604 6.80033
1e+09 1.21068e+10 121068 6.62857
1e+09 1.21533e+10 121533 6.46102
1e+09 1.22001e+10 122001 6.2969
1e+09 1.2247e+10 122470 6.13683
1e+09 1.22941e+10 122941 5.98039
1e+09 1.23414e+10 123414 5.82751
1e+09 1.23889e+10 123889 5.67812
1e+09 1.24365e+10 124365 5.53245
1e+09 1.24843e+10 124843 5.39013
1e+09 1.25324e+10 125324 5.25081
1e+09 1.25806e+10 125806 5.11498
1e+09 1.26289e+10 126289 4.98258
1e+09 1.26775e+10 126775 4.853
1e+09 1.27263e+10 127263 4.72644
1e+09 1.27752e+10 127752 4.6031
1e+09 1.28244e+10 128244 4.48241
1e+09 1.28737e+10 128737 4.36481
1e+09 1.29232e+10 129232 4.24999
1e+09 1.29729e+10 129729 4.1379
1e+09 1.30228e+10 130228 4.02847
1e+09 1.30729e+10 130729 3.92166
1e+09 1.31232e+10 131232 3.81741
1e+09 1.31737e+10 131737 3.71567
1e+09 1.32243e+10 132243 3.61658
1e+09 1.32752e+10 132752 3.51969
1e+09 1.33263e+10 133263 3.42516
1e+09 1.33775e+10 133775 3.33311
1e+09 1.3429e+10 134290 3.24313
1e+09 1.34806e+10 134806 3.15553
1e+09 1.35325e+10 135325 3.06992
1e+09 1.35845e+10 135845 2.98658
1e+09 1.36368e+10 136368 2.90515
1e+09 1.36892e+10 136892 2.82589
1e+09 1.37419e+10 137419 2.74846
1e+09 1.37947e+10 137947 2.67311
1e+09 1.38478e+10 138478 2.59951
1e+09 1.39011e+10 139011 2.52776
1e+09 1.39545e+10 139545 2.45795
1e+09 1.40082e+10 140082 2.38978
1e+09 1.40621e+10 140621 2.32334
1e+09 1.41162e+10 141162 2.2586
1e+09 1.41705e+10 141705 2.19551
1e+09 1.4225e+10 142250 2.13404
1e+09 1.42797e+10 142797 2.07414
1e+09 1.43346e+10 143346 2.0158
1e+09 1.43897e+10 143897 1.95896
1e+09 1.44451e+10 144451 1.9035
1e+09 1.45006e+10 145006 1.84958
1e+09 1.45564e+10 145564 1.79698
1e+09 1.46124e+10 146124 1.74575
1e+09 1.46686e+10 146686 1.69587
1e+09 1.4725e+10 147250 1.64731
1e+09 1.47817e+10 147817 1.59995
1e+09 1.48385e+10 148385 1.55393
1e+09 1.48956e+10 148956 1.50905
1e+09 1.49529e+10 149529 1.46538
1e+09 1.50104e+10 150104 1.42287
1e+09 1.50681e+10 150681 1.38151
1e+09 1.51261e+10 151261 1.34119
1e+09 1.51843e+10 151843 1.30196
1e+09 1.52427e+10 152427 1.2638
1e+09 1.53013e+10 153013 1.22668
1e+09 1.53602e+10 153602 1.19051
1e+09 1.54192e+10 154192 1.15539
1e+09 1.54785e+10 154785 1.12118
1e+09 1.55381e+10 155381 1.08785
1e+09 1.55978e+10 155978 1.0555
1e+09 1.56578e+10 156578 1.024
1e+09 1.57181e+10 157181 0.993319
1e+09 1.57785e+10 157785 0.963546
1e+09 1.58392e+10 158392 0.93456
1e+09 1.59001e+10 159001 0.906387
1e+09 1.59613e+10 159613 0.878964
1e+09 1.60227e+10 160227 0.852316
1e+09 1.60843e+10 160843 0.826424
1e+09 1.61462e+10 161462 0.801227
1e+09 1.62083e+10 162083 0.77675
1e+09 1.62706e+10 162706 0.752973
1e+09 1.63332e+10 163332 0.729842
1e+09 1.6396e+10 163960 0.707377
1e+09 1.64591e+10 164591 0.685526
1e+09 1.65224e+10 165224 0.664309
1e+09 1.65859e+10 165859 0.643709
1e+09 1.66497e+10 166497 0.623678
1e+09 1.67138e+10 167138 0.604203
1e+09 1.67781e+10 167781 0.585299
1e+09 1.68426e+10 168426 0.566952
1e+09 1.69074e+10 169074 0.549119
1e+09 1.69724e+10 169724 0.531814
1e+09 1.70377e+10 170377 0.514998
1e+09 1.71032e+10 171032 0.498683
1e+09 1.7169e+10 171690 0.482831
1e+09 1.7235e+10 172350 0.467455
1e+09 1.73013e+10 173013 0.452519
1e+09 1.73679e+10 173679 0.438012
1e+09 1.74347e+10 174347 0.423945
1e+09 1.75017e+10 175017 0.410304
1e+09 1.7569e+10 175690 0.397059
1e+09 1.76366e+10 176366 0.3842
1e+09 1.77045e+10 177045 0.371717
1e+09 1.77726e+10 177726 0.359617
1e+09 1.78409e+10 178409 0.347891
1e+09 1.79095e+10 179095 0.33651
1e+09 1.79784e+10 179784 0.325467
1e+09 1.80476e+10 180476 0.314752
1e+09 1.8117e+10 181170 0.304372
1e+09 1.81867e+10 181867 0.294302
1e+09 1.82566e+10 182566 0.284549
1e+09 1.83268e+10 183268 0.27509
1e+09 1.83973e+10 183973 0.265916
1e+09 1.84681e+10 184681 0.257021
1e+09 1.85391e+10 185391 0.248409
1e+09 1.86104e+10 186104 0.24006
1e+09 1.8682e+10 186820 0.231967
1e+09 1.87539e+10 187539 0.224123
1e+09 1.8826e+10 188260 0.216532
1e+09 1.88984e+10 188984 0.209175
1e+09 1.89711e+10 189711 0.202047
1e+09 1.90441e+10 190441 0.195142
1e+09 1.91173e+10 191173 0.188461
1e+09 1.91909e+10 191909 0.181982
1e+09 1.92647e+10 192647 0.175715
1e+09 1.93388e+10 193388 0.169646
1e+09 1.94132e+10 194132 0.163769
1e+09 1.94878e+10 194878 0.158087
1e+09 1.95628e+10 195628 0.15258
1e+09 1.9638e+10 196380 0.147255
1e+09 1.97136e+10 197136 0.142095
1e+09 1.97894e+10 197894 0.137108
1e+09 1.98655e+10 198655 0.132282
1e+09 1.99419e+10 199419 0.127613
1e+09 2.00186e+10 200186 0.123096
1e+09 2.00956e+10 200956 0.118727
1e+09 2.01729e+10 201729 0.114501
1e+09 2.02505e+10 202505 0.110413
1e+09 2.03284e+10 203284 0.106461
1e+09 2.04066e+10 204066 0.10264
1e+09 2.04851e+10 204851 0.098946
1e+09 2.05638e+10 205638 0.0953795
1e+09 2.06429e+10 206429 0.0919279
1e+09 2.07223e+10 207223 0.0885922
1e+09 2.0802e+10 208020 0.0853689
1e+09 2.08821e+10 208821 0.0822506
1e+09 2.09624e+10 209624 0.0792418
1e+09 2.1043e+10 210430 0.0763354
1e+09 2.11239e+10 211239 0.0735281
1e+09 2.12052e+10 212052 0.0708137
1e+09 2.12868e+10 212868 0.0681925
1e+09 2.13686e+10 213686 0.0656648
1e+09 2.14508e+10 214508 0.0632215
1e+09 2.15333e+10 215333 0.0608631
1e+09 2.16161e+10 216161 0.0585867
1e+09 2.16993e+10 216993 0.0563873
1e+09 2.17827e+10 217827 0.0542675
1e+09 2.18665e+10 218665 0.0522197
1e+09 2.19506e+10 219506 0.0502443
1e+09 2.20351e+10 220351 0.0483365
1e+09 2.21198e+10 221198 0.0464987
1e+09 2.22049e+10 222049 0.0447242
1e+09 2.22903e+10 222903 0.0430132
1e+09 2.2376e+10 223760 0.0413636
1e+09 2.24621e+10 224621 0.0397715
1e+09 2.25485e+10 225485 0.038237
1e+09 2.26352e+10 226352 0.036758
1e+09 2.27223e+10 227223 0.0353311
1e+09 2.28097e+10 228097 0.0339563
1e+09 2.28974e+10 228974 0.0326317
1e+09 2.29855e+10 229855 0.0313544
1e+09 2.30739e+10 230739 0.0301241
1e+09 2.31627e+10 231627 0.0289379
1e+09 2.32517e+10 232517 0.027797
1e+09 2.33412e+10 233412 0.0266961
1e+09 2.3431e+10 234310 0.0256362
1e+09 2.35211e+10 235211 0.0246161
1e+09 2.36115e+10 236115 0.0236342
1e+09 2.37024e+10 237024 0.0226873
1e+09 2.37935e+10 237935 0.0217772
1e+09 2.3885e+10 238850 0.0209007
1e+09 2.39769e+10 239769 0.0200566
1e+09 2.40691e+10 240691 0.0192447
1e+09 2.41617e+10 241617 0.0184631
1e+09 2.42546e+10 242546 0.0177116
1e+09 2.43479e+10 243479 0.0169883
1e+09 2.44416e+10 244416 0.0162922
1e+09 2.45356e+10 245356 0.0156231
1e+09 2.463e+10 246300 0.0149794
1e+09 2.47247e+10 247247 0.0143609
1e+09 2.48198e+10 248198 0.0137659
1e+09 2.49153e+10 249153 0.0131938
1e+09 2.50111e+10 250111 0.0126443
1e+09 2.51073e+10 251073 0.0121159
1e+09 2.52039e+10 252039 0.0116081
1e+09 2.53008e+10 253008 0.0111204
1e+09 2.53981e+10 253981 0.0106518
1e+09 2.54958e+10 254958 0.0102015
1e+09 2.55939e+10 255939 0.00976892
1e+09 2.56923e+10 256923 0.00935378
1e+09 2.57911e+10 257911 0.00895505
1e+09 2.58903e+10 258903 0.00857214
1e+09 2.59899e+10 259899 0.00820447
1e+09 2.60899e+10 260899 0.00785149
1e+09 2.61902e+10 261902 0.00751299
1e+09 2.6291e+10 262910 0.00718779
1e+09 2.63921e+10 263921 0.00687602
1e+09 2.64936e+10 264936 0.00657687
1e+09 2.65955e+10 265955 0.00628988
1e+09 2.66978e+10 266978 0.0060146
1e+09 2.68005e+10 268005 0.00575057
1e+09 2.69036e+10 269036 0.00549739
1e+09 2.70071e+10 270071 0.00525464
1e+09 2.71109e+10 271109 0.00502215
1e+09 2.72152e+10 272152 0.00479908
1e+09 2.73199e+10 273199 0.0045853
1e+09 2.7425e+10 274250 0.00438045
1e+09 2.75304e+10 275304 0.00418437
1e+09 2.76363e+10 276363 0.00399636
1e+09 2.77426e+10 277426 0.00381628
1e+09 2.78493e+10 278493 0.00364382
1e+09 2.79565e+10 279565 0.00347853
1e+09 2.8064e+10 280640 0.00332044
1e+09 2.81719e+10 281719 0.00316911
1e+09 2.82803e+10 282803 0.00302415
1e+09 2.83891e+10 283891 0.00288542
1e+09 2.84983e+10 284983 0.00275269
1e+09 2.86079e+10 286079 0.00262571
1e+09 2.87179e+10 287179 0.00250426
1e+09 2.88284e+10 288284 0.00238801
1e+09 2.89392e+10 289392 0.00227694
1e+09 2.90506e+10 290506 0.00217057
1e+09 2.91623e+10 291623 0.00206898
1e+09 2.92745e+10 292745 0.0019718
1e+09 2.93871e+10 293871 0.00187893
1e+09 2.95001e+10 295001 0.0017902
1e+09 2.96136e+10 296136 0.00170537
1e+09 2.97275e+10 297275 0.00162433
1e+09 2.98418e+10 298418 0.00154695
1e+09 2.99566e+10 299566 0.00147299
1e+09 3.00718e+10 300718 0.00140239
1e+09 3.01875e+10 301875 0.00133493
1e+09 3.03036e+10 303036 0.00127056
1e+09 3.04201e+10 304201 0.00120913
1e+09 3.05371e+10 305371 0.00115047
1e+09 3.06546e+10 306546 0.00109447
1e+09 3.07725e+10 307725 0.00104106
1e+09 3.08909e+10 308909 0.000990079
1e+09 3.10097e+10 310097 0.000941474
1e+09 3.11289e+10 311289 0.00089514
1e+09 3.12487e+10 312487 0.000850903
1e+09 3.13689e+10 313689 0.000808747
1e+09 3.14895e+10 314895 0.000768579
1e+09 3.16106e+10 316106 0.000730282
1e+09 3.17322e+10 317322 0.000693774
1e+09 3.18543e+10 318543 0.000658977
1e+09 3.19768e+10 319768 0.000625844
1e+09 3.20998e+10 320998 0.000594276
1e+09 3.22233e+10 322233 0.000564203
1e+09 3.23472e+10 323472 0.000535583
1e+09 3.24716e+10 324716 0.000508329
1e+09 3.25965e+10 325965 0.000482379
1e+09 3.27219e+10 327219 0.000457676
1e+09 3.28477e+10 328477 0.000434182
1e+09 3.29741e+10 329741 0.000411807
1e+09 3.31009e+10 331009 0.000390535
1e+09 3.32282e+10 332282 0.000370299
1e+09 3.3356e+10 333560 0.000351052
1e+09 3.34843e+10 334843 0.000332749
1e+09 3.36131e+10 336131 0.000315347
1e+09 3.37424e+10 337424 0.000298805
1e+09 3.38722e+10 338722 0.000283083
1e+09 3.40025e+10 340025 0.000268142
1e+09 3.41333e+10 341333 0.000253947
1e+09 3.42645e+10 342645 0.000240473
1e+09 3.43963e+10 343963 0.000227667
1e+09 3.45286e+10 345286 0.000215506
1e+09 3.46614e+10 346614 0.000203961
1e+09 3.47948e+10 347948 0.000192994
1e+09 3.49286e+10 349286 0.000182593
1e+09 3.50629e+10 350629 0.000172724
1e+09 3.51978e+10 351978 0.000163355
1e+09 3.53332e+10 353332 0.000154468
1e+09 3.54691e+10 354691 0.00014604
1e+09 3.56055e+10 356055 0.000138048
1e+09 3.57425e+10 357425 0.000130467
1e+09 3.58799e+10 358799 0.000123287
1e+09 3.60179e+10 360179 0.000116478
1e+09 3.61565e+10 361565 0.000110023
1e+09 3.62955e+10 362955 0.000103912
1e+09 3.64351e+10 364351 9.812e-05
1e+09 3.65753e+10 365753 9.2632e-05
1e+09 3.6716e+10 367160 8.74363e-05
1e+09 3.68572e+10 368572 8.25185e-05
1e+09 3.69989e+10 369989 7.78645e-05
1e+09 3.71413e+10 371413 7.34549e-05
1e+09 3.72841e+10 372841 6.92864e-05
1e+09 3.74275e+10 374275 6.53411e-05
1e+09 3.75715e+10 375715 6.16078e-05
1e+09 3.7716e+10 377160 5.80783e-05
1e+09 3.78611e+10 378611 5.47398e-05
1e+09 3.80067e+10 380067 5.15847e-05
1e+09 3.81529e+10 381529 4.86016e-05
1e+09 3.82996e+10 382996 4.57835e-05
1e+09 3.84469e+10 384469 4.31201e-05
1e+09 3.85948e+10 385948 4.06034e-05
1e+09 3.87433e+10 387433 3.82257e-05
1e+09 3.88923e+10 388923 3.59814e-05
1e+09 3.90419e+10 390419 3.38621e-05
1e+09 3.9192e+10 391920 3.18624e-05
1e+09 3.93428e+10 393428 2.99736e-05
1e+09 3.94941e+10 394941 2.81921e-05
1e+09 3.9646e+10 396460 2.65113e-05
1e+09 3.97985e+10 397985 2.49256e-05
1e+09 3.99516e+10 399516 2.343e-05
1e+09 4.01052e+10 401052 2.20207e-05
1e+09 4.02595e+10 402595 2.06911e-05
1e+09 4.04143e+10 404143 1.94387e-05
1e+09 4.05698e+10 405698 1.82578e-05
1e+09 4.07258e+10 407258 1.71458e-05
1e+09 4.08825e+10 408825 1.60978e-05
1e+09 4.10397e+10 410397 1.51114e-05
1e+09 4.11976e+10 411976 1.4182e-05
1e+09 4.1356e+10 413560 1.33077e-05
1e+09 4.15151e+10 415151 1.24844e-05
1e+09 4.16748e+10 416748 1.17096e-05
1e+09 4.18351e+10 418351 1.09808e-05
1e+09 4.1996e+10 419960 1.02953e-05
1e+09 4.21575e+10 421575 9.65078e-06
1e+09 4.23197e+10 423197 9.04444e-06
1e+09 4.24824e+10 424824 8.47489e-06
1e+09 4.26458e+10 426458 7.93935e-06
1e+09 4.28099e+10 428099 7.43591e-06
1e+09 4.29745e+10 429745 6.96333e-06
1e+09 4.31398e+10 431398 6.51928e-06
1e+09 4.33057e+10 433057 6.10238e-06
1e+09 4.34723e+10 434723 5.71082e-06
1e+09 4.36395e+10 436395 5.34337e-06
1e+09 4.38074e+10 438074 4.99841e-06
1e+09 4.39759e+10 439759 4.67485e-06
1e+09 4.4145e+10 441450 4.37141e-06
1e+09 4.43148e+10 443148 4.08675e-06
1e+09 4.44853e+10 444853 3.81976e-06
1e+09 4.46564e+10 446564 3.56956e-06
1e+09 4.48281e+10 448281 3.33514e-06
1e+09 4.50005e+10 450005 3.11543e-06
1e+09 4.51736e+10 451736 2.90956e-06
1e+09 4.53474e+10 453474 2.7167e-06
1e+09 4.55218e+10 455218 2.53617e-06
1e+09 4.56969e+10 456969 2.36713e-06
1e+09 4.58727e+10 458727 2.20889e-06
1e+09 4.60491e+10 460491 2.06088e-06
1e+09 4.62262e+10 462262 1.92238e-06
1e+09 4.6404e+10 464040 1.79282e-06
1e+09 4.65825e+10 465825 1.67166e-06
1e+09 4.67617e+10 467617 1.55837e-06
1e+09 4.69415e+10 469415 1.45253e-06
1e+09 4.71221e+10 471221 1.35356e-06
1e+09 4.73033e+10 473033 1.26115e-06
1e+09 4.74853e+10 474853 1.17477e-06
1e+09 4.76679e+10 476679 1.09416e-06
1e+09 4.78513e+10 478513 1.01886e-06
1e+09 4.80353e+10 480353 9.48606e-07
1e+09 4.82201e+10 482201 8.83016e-07
1e+09 4.84055e+10 484055 8.21859e-07
1e+09 4.85917e+10 485917 7.64789e-07
1e+09 4.87786e+10 487786 7.11573e-07
1e+09 4.89662e+10 489662 6.61965e-07
1e+09 4.91546e+10 491546 6.15706e-07
1e+09 4.93436e+10 493436 5.72628e-07
1e+09 4.95334e+10 495334 5.3248e-07
1e+09 4.97239e+10 497239 4.95092e-07
1e+09 4.99152e+10 499152 4.60264e-07
1e+09 5.01072e+10 501072 4.27847e-07
1e+09 5.02999e+10 502999 3.97682e-07
1e+09 5.04934e+10 504934 3.69605e-07
1e+09 5.06876e+10 506876 3.43492e-07
1e+09 5.08825e+10 508825 3.19212e-07
1e+09 5.10783e+10 510783 2.96619e-07
1e+09 5.12747e+10 512747 2.75633e-07
1e+09 5.14719e+10 514719 2.56126e-07
1e+09 5.16699e+10 516699 2.37999e-07
1e+09 5.18687e+10 518687 2.21157e-07
1e+09 5.20682e+10 520682 2.05523e-07
1e+09 5.22684e+10 522684 1.91013e-07
1e+09 5.24695e+10 524695 1.77537e-07
1e+09 5.26713e+10 526713 1.65037e-07
1e+09 5.28739e+10 528739 1.53439e-07
1e+09 5.30772e+10 530772 1.42687e-07
1e+09 5.32814e+10 532814 1.32713e-07
1e+09 5.34863e+10 534863 1.23471e-07
1e+09 5.3692e+10 536920 1.14905e-07
1e+09 5.38986e+10 538986 1.06966e-07
1e+09 5.41059e+10 541059 9.96151e-08
1e+09 5.4314e+10 543140 9.28087e-08
1e+09 5.45229e+10 545229 8.65077e-08
1e+09 5.47326e+10 547326 8.06764e-08
1e+09 5.49431e+10 549431 7.52813e-08
1e+09 5.51544e+10 551544 7.02911e-08
1e+09 5.53666e+10 553666 6.56747e-08
1e+09 5.55795e+10 555795 6.14091e-08
1e+09 5.57933e+10 557933 5.74653e-08
1e+09 5.60079e+10 560079 5.38217e-08
1e+09 5.62233e+10 562233 5.04564e-08
1e+09 5.64396e+10 564396 4.73476e-08
1e+09 5.66567e+10 566567 4.4478e-08
1e+09 5.68746e+10 568746 4.18298e-08
1e+09 5.70934e+10 570934 3.93857e-08
1e+09 5.73129e+10 573129 3.71326e-08
1e+09 5.75334e+10 575334 3.50533e-08
1e+09 5.77547e+10 577547 3.31368e-08
1e+09 5.79768e+10 579768 3.13709e-08
1e+09 5.81998e+10 581998 2.97434e-08
1e+09 5.84237e+10 584237 2.8244e-08
1e+09 5.86484e+10 586484 2.68636e-08
1e+09 5.8874e+10 588740 2.55926e-08
1e+09 5.91004e+10 591004 2.44232e-08
1e+09 5.93277e+10 593277 2.33471e-08
1e+09 5.95559e+10 595559 2.23572e-08
1e+09 5.9785e+10 597850 2.14469e-08
1e+09 6.00149e+10 600149 2.06103e-08
1e+09 6.02458e+10 602458 1.98411e-08
1e+09 6.04775e+10 604775 1.91347e-08
1e+09 6.07101e+10 607101 1.84859e-08
1e+09 6.09436e+10 609436 1.78902e-08
1e+09 6.1178e+10 611780 1.73433e-08
1e+09 6.14133e+10 614133 1.68415e-08
1e+09 6.16496e+10 616496 1.6381e-08
1e+09 6.18867e+10 618867 1.59589e-08
1e+09 6.21247e+10 621247 1.55719e-08
1e+09 6.23637e+10 623637 1.5217e-08
1e+09 6.26035e+10 626035 1.48921e-08
1e+09 6.28443e+10 628443 1.45944e-08
1e+09 6.3086e+10 630860 1.43218e-08
1e+09 6.33287e+10 633287 1.40722e-08
1e+09 6.35723e+10 635723 1.38438e-08
1e+09 6.38168e+10 638168 1.36349e-08
1e+09 6.40623e+10 640623 1.34438e-08
1e+09 6.43087e+10 643087 1.32691e-08
1e+09 6.4556e+10 645560 1.31095e-08
1e+09 6.48043e+10 648043 1.29637e-08
1e+09 6.50536e+10 650536 1.28304e-08
1e+09 6.53038e+10 653038 1.27088e-08
1e+09 6.5555e+10 655550 1.25977e-08
1e+09 6.58071e+10 658071 1.24964e-08
1e+09 6.60602e+10 660602 1.24017e-08
1e+09 6.63143e+10 663143 1.23089e-08
1e+09 6.65694e+10 665694 1.22156e-08
1e+09 6.68254e+10 668254 1.21221e-08
1e+09 6.70824e+10 670824 1.20282e-08
1e+09 6.73405e+10 673405 1.19339e-08
1e+09 6.75995e+10 675995 1.18392e-08
1e+09 6.78595e+10 678595 1.17442e-08
1e+09 6.81205e+10 681205 1.16489e-08
1e+09 6.83825e+10 683825 1.15531e-08
1e+09 6.86455e+10 686455 1.1457e-08
1e+09 6.89096e+10 689096 1.13605e-08
1e+09 6.91746e+10 691746 1.12637e-08
1e+09 6.94407e+10 694407 1.11665e-08
1e+09 6.97078e+10 697078 1.10689e-08
1e+09 6.99759e+10 699759 1.09709e-08
1e+09 7.0245e+10 702450 1.08726e-08
1e+09 7.05152e+10 705152 1.07738e-08
1e+09 7.07864e+10 707864 1.06747e-08
1e+09 7.10587e+10 710587 1.05752e-08
1e+09 7.1332e+10 713320 1.04754e-08
1e+09 7.16064e+10 716064 1.03751e-08
1e+09 7.18818e+10 718818 1.02745e-08
1e+09 7.21583e+10 721583 1.01734e-08
1e+09 7.24358e+10 724358 1.0072e-08
1e+09 7.27144e+10 727144 9.97025e-09
1e+09 7.29941e+10 729941 9.86804e-09
1e+09 7.32749e+10 732749 9.76544e-09
1e+09 7.35567e+10 735567 9.66247e-09
1e+09 7.38396e+10 738396 9.55909e-09
1e+09 7.41236e+10 741236 9.45532e-09
1e+09 7.44087e+10 744087 9.35114e-09
1e+09 7.46949e+10 746949 9.24657e-09
1e+09 7.49822e+10 749822 9.14158e-09
1e+09 7.52706e+10 752706 9.0362e-09
1e+09 7.55601e+10 755601 8.93042e-09
1e+09 7.58508e+10 758508 8.8242e-09
1e+09 7.61425e+10 761425 8.71761e-09
1e+09 7.64354e+10 764354 8.61058e-09
1e+09 7.67294e+10 767294 8.50315e-09
1e+09 7.70245e+10 770245 8.39532e-09
1e+09 7.73208e+10 773208 8.28705e-09
1e+09 7.76182e+10 776182 8.17838e-09
1e+09 7.79167e+10 779167 8.06931e-09
1e+09 7.82164e+10 782164 7.9598e-09
1e+09 7.85172e+10 785172 7.84988e-09
1e+09 7.88192e+10 788192 7.73953e-09
1e+09 7.91224e+10 791224 7.62874e-09
1e+09 7.94267e+10 794267 7.51755e-09
1e+09 7.97322e+10 797322 7.40592e-09
1e+09 8.00389e+10 800389 7.29385e-09
1e+09 8.03468e+10 803468 7.18134e-09
1e+09 8.06558e+10 806558 7.06843e-09
1e+09 8.0966e+10 809660 6.95509e-09
1e+09 8.12774e+10 812774 6.8413e-09
1e+09 8.15901e+10 815901 6.72704e-09
1e+09 8.19039e+10 819039 6.61237e-09
1e+09 8.22189e+10 822189 6.49727e-09
1e+09 8.25351e+10 825351 6.38173e-09
1e+09 8.28526e+10 828526 6.26572e-09
1e+09 8.31713e+10 831713 6.14926e-09
1e+09 8.34912e+10 834912 6.03237e-09
1e+09 8.38123e+10 838123 5.91504e-09
1e+09 8.41347e+10 841347 5.79723e-09
1e+09 8.44583e+10 844583 5.67899e-09
1e+09 8.47831e+10 847831 5.5603e-09
1e+09 8.51092e+10 851092 5.44115e-09
1e+09 8.54366e+10 854366 5.32151e-09
1e+09 8.57652e+10 857652 5.20144e-09
1e+09 8.60951e+10 860951 5.0809e-09
1e+09 8.64262e+10 864262 4.95991e-09
1e+09 8.67586e+10 867586 4.83845e-09
1e+09 8.70923e+10 870923 4.71652e-09
1e+09 8.74273e+10 874273 4.59411e-09
1e+09 8.77636e+10 877636 4.47122e-09
1e+09 8.81012e+10 881012 4.34786e-09
1e+09 8.844e+10 884400 4.22406e-09
1e+09 8.87802e+10 887802 4.09975e-09
1e+09 8.91217e+10 891217 3.97497e-09
1e+09 8.94645e+10 894645 3.84971e-09
1e+09 8.98086e+10 898086 3.72397e-09
1e+09 9.0154e+10 901540 3.59776e-09
1e+09 9.05008e+10 905008 3.47104e-09
1e+09 9.08489e+10 908489 3.34384e-09
1e+09 9.11983e+10 911983 3.21617e-09
1e+09 9.15491e+10 915491 3.08799e-09
1e+09 9.19012e+10 919012 2.95933e-09
1e+09 9.22547e+10 922547 2.83016e-09
1e+09 9.26095e+10 926095 2.70051e-09
1e+09 9.29657e+10 929657 2.57036e-09
1e+09 9.33233e+10 933233 2.43969e-09
1e+09 9.36822e+10 936822 2.30854e-09
1e+09 9.40426e+10 940426 2.17685e-09
1e+09 9.44043e+10 944043 2.04469e-09
1e+09 9.47674e+10 947674 1.91201e-09
1e+09 9.51319e+10 951319 1.77882e-09
1e+09 9.54978e+10 954978 1.64512e-09
1e+09 9.58651e+10 958651 1.51091e-09
1e+09 9.62338e+10 962338 1.37618e-09
1e+09 9.6604e+10 966040 1.24091e-09
1e+09 9.69755e+10 969755 1.10516e-09
1e+09 9.73485e+10 973485 9.68867e-10
1e+09 9.7723e+10 977230 8.32023e-10
1e+09 9.80988e+10 980988 6.94705e-10
1e+09 9.84762e+10 984762 5.56801e-10
1e+09 9.88549e+10 988549 4.18423e-10
1e+09 9.92352e+10 992352 2.7946e-10
1e+09 9.96168e+10 996168 1.40023e-10
1e+09 1e+11 1e+06 0

1e+10 1e+06 10 2.72926e+11
1e+10 1.00385e+06 10.0385 2.70836e+11
1e+10 1.00771e+06 10.0771 2.68764e+11
1e+10 1.01158e+06 10.1158 2.66711e+11
1e+10 1.01547e+06 10.1547 2.64671e+11
1e+10 1.01938e+06 10.1938 2.62644e+11
1e+10 1.0233e+06 10.233 2.60635e+11
1e+10 1.02724e+06 10.2724 2.58639e+11
1e+10 1.03119e+06 10.3119 2.5666e+11
1e+10 1.03515e+06 10.3515 2.547e+11
1e+10 1.03914e+06 10.3914 2.52747e+11
1e+10 1.04313e+06 10.4313 2.50816e+11
1e+10 1.04714e+06 10.4714 2.48898e+11
1e+10 1.05117e+06 10.5117 2.46993e+11
1e+10 1.05522e+06 10.5522 2.451e+11
1e+10 1.05927e+06 10.5927 2.43229e+11
1e+10 1.06335e+06 10.6335 2.41365e+11
1e+10 1.06744e+06 10.6744 2.39518e+11
1e+10 1.07154e+06 10.7154 2.37688e+11
1e+10 1.07567e+06 10.7567 2.35866e+11
1e+10 1.0798e+06 10.798 2.34064e+11
1e+10 1.08396e+06 10.8396 2.32271e+11
1e+10 1.08813e+06 10.8813 2.30493e+11
1e+10 1.09231e+06 10.9231 2.28732e+11
1e+10 1.09651e+06 10.9651 2.26982e+11
1e+10 1.10073e+06 11.0073 2.25245e+11
1e+10 1.10496e+06 11.0496 2.23523e+11
1e+10 1.10921e+06 11.0921 2.21812e+11
1e+10 1.11348e+06 11.1348 2.20114e+11
1e+10 1.11776e+06 11.1776 2.18431e+11
1e+10 1.12206e+06 11.2206 2.16759e+11
1e+10 1.12638e+06 11.2638 2.15099e+11
1e+10 1.13071e+06 11.3071 2.13454e+11
1e+10 1.13506e+06 11.3506 2.11821e+11
1e+10 1.13942e+06 11.3942 2.10202e+11
1e+10 1.14381e+06 11.4381 2.08591e+11
1e+10 1.14821e+06 11.4821 2.06995e+11
1e+10 1.15262e+06 11.5262 2.05413e+11
1e+10 1.15706e+06 11.5706 2.03839e+11
1e+10 1.16151e+06 11.6151 2.0228e+11
1e+10 1.16597e+06 11.6597 2.00735e+11
1e+10 1.17046e+06 11.7046 1.99197e+11
1e+10 1.17496e+06 11.7496 1.97673e+11
1e+10 1.17948e+06 11.7948 1.96161e+11
1e+10 1.18402e+06 11.8402 1.94659e+11
1e+10 1.18857e+06 11.8857 1.93171e+11
1e+10 1.19314e+06 11.9314 1.91693e+11
1e+10 1.19773e+06 11.9773 1.90226e+11
1e+10 1.20234e+06 12.0234 1.8877e+11
1e+10 1.20696e+06 12.0696 1.87327e+11
1e+10 1.21161e+06 12.1161 1.85891e+11
1e+10 1.21627e+06 12.1627 1.84469e+11
1e+10 1.22094e+06 12.2094 1.8306e+11
1e+10 1.22564e+06 12.2564 1.81658e+11
1e+10 1.23035e+06 12.3035 1.80269e+11
1e+10 1.23509e+06 12.3509 1.78887e+11
1e+10 1.23984e+06 12.3984 1.77519e+11
1e+10 1.24461e+06 12.4461 1.7616e+11
1e+10 1.24939e+06 12.4939 1.74814e+11
1e+10 1.2542e+06 12.542 1.73475e+11
1e+10 1.25902e+06 12.5902 1.72149e+11
1e+10 1.26386e+06 12.6386 1.70833e+11
1e+10 1.26873e+06 12.6873 1.69523e+11
1e+10 1.27361e+06 12.7361 1.68226e+11
1e+10 1.2785e+06 12.785 1.66941e+11
1e+10 1.28342e+06 12.8342 1.65663e+11
1e+10 1.28836e+06 12.8836 1.64394e+11
1e+10 1.29331e+06 12.9331 1.63138e+11
1e+10 1.29829e+06 12.9829 1.61888e+11
1e+10 1.30328e+06 13.0328 1.6065e+11
1e+10 1.30829e+06 13.0829 1.59422e+11
1e+10 1.31333e+06 13.1333 1.582e+11
1e+10 1.31838e+06 13.1838 1.5699e+11
1e+10 1.32345e+06 13.2345 1.55789e+11
1e+10 1.32854e+06 13.2854 1.54597e+11
1e+10 1.33365e+06 13.3365 1.53414e+11
1e+10 1.33878e+06 13.3878 1.5224e+11
1e+10 1.34393e+06 13.4393 1.51075e+11
1e+10 1.3491e+06 13.491 1.49919e+11
1e+10 1.35429e+06 13.5429 1.48771e+11
1e+10 1.3595e+06 13.595 1.47633e+11
1e+10 1.36472e+06 13.6472 1.46505e+11
1e+10 1.36997e+06 13.6997 1.45384e+11
1e+10 1.37524e+06 13.7524 1.44271e+11
1e+10 1.38053e+06 13.8053 1.43167e+11
1e+10 1.38584e+06 13.8584 1.42072e+11
1e+10 1.39117e+06 13.9117 1.40985e+11
1e+10 1.39652e+06 13.9652 1.39906e+11
1e+10 1.4019e+06 14.019 1.38834e+11
1e+10 1.40729e+06 14.0729 1.37772e+11
1e+10 1.4127e+06 14.127 1.36718e+11
1e+10 1.41813e+06 14.1813 1.35673e+11
1e+10 1.42359e+06 14.2359 1.34633e+11
1e+10 1.42906e+06 14.2906 1.33604e+11
1e+10 1.43456e+06 14.3456 1.32581e+11
1e+10 1.44008e+06 14.4008 1.31566e+11
1e+10 1.44562e+06 14.4562 1.30559e+11
1e+10 1.45118e+06 14.5118 1.2956e+11
1e+10 1.45676e+06 14.5676 1.28569e+11
1e+10 1.46236e+06 14.6236 1.27586e+11
1e+10 1.46799e+06 14.6799 1.26609e+11
1e+10 1.47363e+06 14.7363 1.25641e+11
1e+10 1.4793e+06 14.793 1.24679e+11
1e+10 1.48499e+06 14.8499 1.23725e+11
1e+10 1.4907e+06 14.907 1.22779e+11
1e+10 1.49644e+06 14.9644 1.21838e+11
1e+10 1.50219e+06 15.0219 1.20907e+11
1e+10 1.50797e+06 15.0797 1.19981e+11
1e+10 1.51377e+06 15.1377 1.19063e+11
1e+10 1.51959e+06 15.1959 1.18152e+11
1e+10 1.52544e+06 15.2544 1.17247e+11
1e+10 1.5313e+06 15.313 1.16351e+11
1e+10 1.53719e+06 15.3719 1.15461e+11
1e+10 1.54311e+06 15.4311 1.14576e+11
1e+10 1.54904e+06 15.4904 1.137e+11
1e+10 1.555e+06 15.55 1.1283e+11
1e+10 1.56098e+06 15.6098 1.11967e+11
1e+10 1.56699e+06 15.6699 1.11109e+11
1e+10 1.57301e+06 15.7301 1.1026e+11
1e+10 1.57906e+06 15.7906 1.09416e+11
1e+10 1.58514e+06 15.8514 1.08578e+11
1e+10 1.59123e+06 15.9123 1.07748e+11
1e+10 1.59735e+06 15.9735 1.06923e+11
1e+10 1.6035e+06 16.035 1.06104e+11
1e+10 1.60967e+06 16.0967 1.05292e+11
1e+10 1.61586e+06 16.1586 1.04486e+11
1e+10 1.62207e+06 16.2207 1.03687e+11
1e+10 1.62831e+06 16.2831 1.02894e+11
1e+10 1.63457e+06 16.3457 1.02107e+11
1e+10 1.64086e+06 16.4086 1.01325e+11
1e+10 1.64717e+06 16.4717 1.0055e+11
1e+10 1.65351e+06 16.5351 9.97798e+10
1e+10 1.65987e+06 16.5987 9.90162e+10
1e+10 1.66625e+06 16.6625 9.8259e+10
1e+10 1.67266e+06 16.7266 9.75069e+10
1e+10 1.67909e+06 16.7909 9.67612e+10
1e+10 1.68555e+06 16.8555 9.60205e+10
1e+10 1.69204e+06 16.9204 9.52849e+10
1e+10 1.69854e+06 16.9854 9.45566e+10
1e+10 1.70508e+06 17.0508 9.38322e+10
1e+10 1.71163e+06 17.1163 9.3115e+10
1e+10 1.71822e+06 17.1822 9.24017e+10
1e+10 1.72483e+06 17.2483 9.16945e+10
1e+10 1.73146e+06 17.3146 9.09932e+10
1e+10 1.73812e+06 17.3812 9.02968e+10
1e+10 1.74481e+06 17.4481 8.96053e+10
1e+10 1.75152e+06 17.5152 8.89197e+10
1e+10 1.75825e+06 17.5825 8.82399e+10
1e+10 1.76502e+06 17.6502 8.75639e+10
1e+10 1.77181e+06 17.7181 8.68936e+10
1e+10 1.77862e+06 17.7862 8.62291e+10
1e+10 1.78546e+06 17.8546 8.55693e+10
1e+10 1.79233e+06 17.9233 8.49142e+10
1e+10 1.79922e+06 17.9922 8.42647e+10
1e+10 1.80614e+06 18.0614 8.36199e+10
1e+10 1.81309e+06 18.1309 8.29796e+10
1e+10 1.82006e+06 18.2006 8.23449e+10
1e+10 1.82706e+06 18.2706 8.17148e+10
1e+10 1.83409e+06 18.3409 8.10892e+10
1e+10 1.84115e+06 18.4115 8.04681e+10
1e+10 1.84823e+06 18.4823 7.98524e+10
1e+10 1.85534e+06 18.5534 7.92412e+10
1e+10 1.86247e+06 18.6247 7.86353e+10
1e+10 1.86964e+06 18.6964 7.8033e+10
1e+10 1.87683e+06 18.7683 7.74359e+10
1e+10 1.88405e+06 18.8405 7.68431e+10
1e+10 1.89129e+06 18.9129 7.62556e+10
1e+10 1.89857e+06 18.9857 7.56715e+10
1e+10 1.90587e+06 19.0587 7.50926e+10
1e+10 1.9132e+06 19.132 7.45179e+10
1e+10 1.92056e+06 19.2056 7.39475e+10
1e+10 1.92795e+06 19.2795 7.33813e+10
1e+10 1.93536e+06 19.3536 7.28201e+10
1e+10 1.94281e+06 19.4281 7.22624e+10
1e+10 1.95028e+06 19.5028 7.17095e+10
1e+10 1.95778e+06 19.5778 7.11608e+10
1e+10 1.96531e+06 19.6531 7.06162e+10
1e+10 1.97287e+06 19.7287 7.00757e+10
1e+10 1.98046e+06 19.8046 6.95392e+10
1e+10 1.98808e+06 19.8808 6.90068e+10
1e+10 1.99572e+06 19.9572 6.84792e+10
1e+10 2.0034e+06 20.034 6.79548e+10
1e+10 2.0111e+06 20.111 6.74351e+10
1e+10 2.01884e+06 20.1884 6.69186e+10
1e+10 2.0266e+06 20.266 6.64068e+10
1e+10 2.0344e+06 20.344 6.58982e+10
1e+10 2.04222e+06 20.4222 6.53942e+10
1e+10 2.05008e+06 20.5008 6.48934e+10
1e+10 2.05796e+06 20.5796 6.4397e+10
1e+10 2.06588e+06 20.6588 6.39039e+10
1e+10 2.07383e+06 20.7383 6.34145e+10
1e+10 2.0818e+06 20.818 6.29296e+10
1e+10 2.08981e+06 20.8981 6.24478e+10
1e+10 2.09785e+06 20.9785 6.19697e+10
1e+10 2.10592e+06 21.0592 6.14953e+10
1e+10 2.11402e+06 21.1402 6.10247e+10
1e+10 2.12215e+06 21.2215 6.05576e+10
1e+10 2.13031e+06 21.3031 6.00943e+10
1e+10 2.1385e+06 21.385 5.96345e+10
1e+10 2.14673e+06 21.4673 5.91779e+10
1e+10 2.15499e+06 21.5499 5.87247e+10
1e+10 2.16327e+06 21.6327 5.82757e+10
1e+10 2.1716e+06 21.716 5.78292e+10
1e+10 2.17995e+06 21.7995 5.73867e+10
1e+10 2.18833e+06 21.8833 5.69477e+10
1e+10 2.19675e+06 21.9675 5.65117e+10
1e+10 2.2052e+06 22.052 5.60791e+10
1e+10 2.21368e+06 22.1368 5.565e+10
1e+10 2.2222e+06 22.222 5.52238e+10
1e+10 2.23074e+06 22.3074 5.48014e+10
1e+10 2.23932e+06 22.3932 5.4382e+10
1e+10 2.24794e+06 22.4794 5.39654e+10
1e+10 2.25658e+06 22.5658 5.35526e+10
1e+10 2.26526e+06 22.6526 5.31427e+10
1e+10 2.27397e+06 22.7397 5.27361e+10
1e+10 2.28272e+06 22.8272 5.23323e+10
1e+10 2.2915e+06 22.915 5.19317e+10
1e+10 2.30031e+06 23.0031 5.15344e+10
1e+10 2.30916e+06 23.0916 5.11398e+10
1e+10 2.31804e+06 23.1804 5.07485e+10
1e+10 2.32696e+06 23.2696 5.03598e+10
1e+10 2.33591e+06 23.3591 4.99744e+10
1e+10 2.34489e+06 23.4489 4.9592e+10
1e+10 2.35391e+06 23.5391 4.92124e+10
1e+10 2.36297e+06 23.6297 4.88355e+10
1e+10 2.37206e+06 23.7206 4.84616e+10
1e+10 2.38118e+06 23.8118 4.80908e+10
1e+10 2.39034e+06 23.9034 4.77226e+10
1e+10 2.39953e+06 23.9953 4.73575e+10
1e+10 2.40876e+06 24.0876 4.6995e+10
1e+10 2.41803e+06 24.1803 4.66351e+10
1e+10 2.42733e+06 24.2733 4.62781e+10
1e+10 2.43666e+06 24.3666 4.59241e+10
1e+10 2.44604e+06 24.4604 4.55723e+10
1e+10 2.45544e+06 24.5544 4.52237e+10
1e+10 2.46489e+06 24.6489 4.48774e+10
1e+10 2.47437e+06 24.7437 4.45339e+10
1e+10 2.48389e+06 24.8389 4.41929e+10
1e+10 2.49344e+06 24.9344 4.38547e+10
1e+10 2.50303e+06 25.0303 4.3519e+10
1e+10 2.51266e+06 25.1266 4.31858e+10
1e+10 2.52232e+06 25.2232 4.28554e+10
1e+10 2.53202e+06 25.3202 4.25274e+10
1e+10 2.54176e+06 25.4176 4.22018e+10
1e+10 2.55154e+06 25.5154 4.18786e+10
1e+10 2.56135e+06 25.6135 4.15582e+10
1e+10 2.57121e+06 25.7121 4.12398e+10
1e+10 2.58109e+06 25.8109 4.09244e+10
1e+10 2.59102e+06 25.9102 4.06111e+10
1e+10 2.60099e+06 26.0099 4.03001e+10
1e+10 2.61099e+06 26.1099 3.99917e+10
1e+10 2.62104e+06 26.2104 3.96853e+10
1e+10 2.63112e+06 26.3112 3.93816e+10
1e+10 2.64124e+06 26.4124 3.90801e+10
1e+10 2.6514e+06 26.514 3.87809e+10
1e+10 2.66159e+06 26.6159 3.84843e+10
1e+10 2.67183e+06 26.7183 3.81896e+10
1e+10 2.68211e+06 26.8211 3.78972e+10
1e+10 2.69242e+06 26.9242 3.76072e+10
1e+10 2.70278e+06 27.0278 3.73192e+10
1e+10 2.71318e+06 27.1318 3.70334e+10
1e+10 2.72361e+06 27.2361 3.67501e+10
1e+10 2.73409e+06 27.3409 3.64686e+10
1e+10 2.7446e+06 27.446 3.61896e+10
1e+10 2.75516e+06 27.5516 3.59125e+10
1e+10 2.76576e+06 27.6576 3.56375e+10
1e+10 2.77639e+06 27.7639 3.53648e+10
1e+10 2.78707e+06 27.8707 3.50941e+10
1e+10 2.79779e+06 27.9779 3.48254e+10
1e+10 2.80855e+06 28.0855 3.45588e+10
1e+10 2.81936e+06 28.1936 3.42941e+10
1e+10 2.8302e+06 28.302 3.40316e+10
1e+10 2.84109e+06 28.4109 3.3771e+10
1e+10 2.85201e+06 28.5201 3.35126e+10
1e+10 2.86298e+06 28.6298 3.32561e+10
1e+10 2.874e+06 28.74 3.30013e+10
1e+10 2.88505e+06 28.8505 3.27487e+10
1e+10 2.89615e+06 28.9615 3.2498e+10
1e+10 2.90729e+06 29.0729 3.22491e+10
1e+10 2.91847e+06 29.1847 3.20023e+10
1e+10 2.92969e+06 29.2969 3.17574e+10
1e+10 2.94096e+06 29.4096 3.15143e+10
1e+10 2.95227e+06 29.5227 3.1273e+10
1e+10 2.96363e+06 29.6363 3.10335e+10
1e+10 2.97503e+06 29.7503 3.07959e+10
1e+10 2.98647e+06 29.8647 3.05602e+10
1e+10 2.99796e+06 29.9796 3.03261e+10
1e+10 3.00949e+06 30.0949 3.0094e+10
1e+10 3.02106e+06 30.2106 2.98637e+10
1e+10 3.03268e+06 30.3268 2.9635e+10
1e+10 3.04435e+06 30.4435 2.94081e+10
1e+10 3.05606e+06 30.5606 2.91829e+10
1e+10 3.06781e+06 30.6781 2.89596e+10
1e+10 3.07961e+06 30.7961 2.87378e+10
1e+10 3.09146e+06 30.9146 2.85177e+10
1e+10 3.10335e+06 31.0335 2.82994e+10
1e+10 3.11529e+06 31.1529 2.80827e+10
1e+10 3.12727e+06 31.2727 2.78677e+10
1e+10 3.1393e+06 31.393 2.76543e+10
1e+10 3.15137e+06 31.5137 2.74426e+10
1e+10 3.16349e+06 31.6349 2.72325e+10
1e+10 3.17566e+06 31.7566 2.7024e+10
1e+10 3.18787e+06 31.8787 2.68172e+10
1e+10 3.20014e+06 32.0014 2.66117e+10
1e+10 3.21244e+06 32.1244 2.64081e+10
1e+10 3.2248e+06 32.248 2.62058e+10
1e+10 3.2372e+06 32.372 2.60052e+10
1e+10 3.24966e+06 32.4966 2.5806e+10
1e+10 3.26215e+06 32.6215 2.56085e+10
1e+10 3.2747e+06 32.747 2.54124e+10
1e+10 3.2873e+06 32.873 2.52178e+10
1e+10 3.29994e+06 32.9994 2.50248e+10
1e+10 3.31263e+06 33.1263 2.48332e+10
1e+10 3.32537e+06 33.2537 2.46431e+10
1e+10 3.33817e+06 33.3817 2.44542e+10
1e+10 3.351e+06 33.51 2.42671e+10
1e+10 3.36389e+06 33.6389 2.40813e+10
1e+10 3.37683e+06 33.7683 2.38969e+10
1e+10 3.38982e+06 33.8982 2.37139e+10
1e+10 3.40286e+06 34.0286 2.35323e+10
1e+10 3.41595e+06 34.1595 2.33521e+10
1e+10 3.42909e+06 34.2909 2.31733e+10
1e+10 3.44228e+06 34.4228 2.29958e+10
1e+10 3.45552e+06 34.5552 2.28197e+10
1e+10 3.46881e+06 34.6881 2.2645e+10
1e+10 3.48215e+06 34.8215 2.24716e+10
1e+10 3.49554e+06 34.9554 2.22996e+10
1e+10 3.50899e+06 35.0899 2.21288e+10
1e+10 3.52248e+06 35.2248 2.19594e+10
1e+10 3.53603e+06 35.3603 2.17912e+10
1e+10 3.54963e+06 35.4963 2.16244e+10
1e+10 3.56329e+06 35.6329 2.14587e+10
1e+10 3.57699e+06 35.7699 2.12945e+10
1e+10 3.59075e+06 35.9075 2.11314e+10
1e+10 3.60456e+06 36.0456 2.09696e+10
1e+10 3.61842e+06 36.1842 2.08091e+10
1e+10 3.63234e+06 36.3234 2.06497e+10
1e+10 3.64631e+06 36.4631 2.04916e+10
1e+10 3.66034e+06 36.6034 2.03346e+10
1e+10 3.67442e+06 36.7442 2.01789e+10
1e+10 3.68855e+06 36.8855 2.00244e+10
1e+10 3.70274e+06 37.0274 1.9871e+10
1e+10 3.71698e+06 37.1698 1.97188e+10
1e+10 3.73128e+06 37.3128 1.95678e+10
1e+10 3.74563e+06 37.4563 1.9418e+10
1e+10 3.76003e+06 37.6003 1.92693e+10
1e+10 3.7745e+06 37.745 1.91217e+10
1e+10 3.78901e+06 37.8901 1.89753e+10
1e+10 3.80359e+06 38.0359 1.883e+10
1e+10 3.81822e+06 38.1822 1.86858e+10
1e+10 3.8329e+06 38.329 1.85427e+10
1e+10 3.84765e+06 38.4765 1.84006e+10
1e+10 3.86244e+06 38.6244 1.82598e+10
1e+10 3.8773e+06 38.773 1.81199e+10
1e+10 3.89221e+06 38.9221 1.79812e+10
1e+10 3.90718e+06 39.0718 1.78435e+10
1e+10 3.92221e+06 39.2221 1.77068e+10
1e+10 3.9373e+06 39.373 1.75712e+10
1e+10 3.95244e+06 39.5244 1.74367e+10
1e+10 3.96765e+06 39.6765 1.73031e+10
1e+10 3.98291e+06 39.8291 1.71706e+10
1e+10 3.99823e+06 39.9823 1.70391e+10
1e+10 4.0136e+06 40.136 1.69086e+10
1e+10 4.02904e+06 40.2904 1.67791e+10
1e+10 4.04454e+06 40.4454 1.66506e+10
1e+10 4.06009e+06 40.6009 1.65231e+10
1e+10 4.07571e+06 40.7571 1.63965e+10
1e+10 4.09139e+06 40.9139 1.62709e+10
1e+10 4.10712e+06 41.0712 1.61464e+10
1e+10 4.12292e+06 41.2292 1.60227e+10
1e+10 4.13878e+06 41.3878 1.59e+10
1e+10 4.1547e+06 41.547 1.57782e+10
1e+10 4.17068e+06 41.7068 1.56573e+10
1e+10 4.18672e+06 41.8672 1.55374e+10
1e+10 4.20282e+06 42.0282 1.54184e+10
1e+10 4.21899e+06 42.1899 1.53003e+10
1e+10 4.23522e+06 42.3522 1.51831e+10
1e+10 4.25151e+06 42.5151 1.50668e+10
1e+10 4.26786e+06 42.6786 1.49514e+10
1e+10 4.28427e+06 42.8427 1.4837e+10
1e+10 4.30075e+06 43.0075 1.47233e+10
1e+10 4.3173e+06 43.173 1.46105e+10
1e+10 4.3339e+06 43.339 1.44986e+10
1e+10 4.35057e+06 43.5057 1.43876e+10
1e+10 4.3673e+06 43.673 1.42774e+10
1e+10 4.3841e+06 43.841 1.4168e+10
1e+10 4.40096e+06 44.0096 1.40595e+10
1e+10 4.41789e+06 44.1789 1.39518e+10
1e+10 4.43488e+06 44.3488 1.3845e+10
1e+10 4.45194e+06 44.5194 1.37389e+10
1e+10 4.46907e+06 44.6907 1.36336e+10
1e+10 4.48626e+06 44.8626 1.35292e+10
1e+10 4.50351e+06 45.0351 1.34256e+10
1e+10 4.52083e+06 45.2083 1.33228e+10
1e+10 4.53822e+06 45.3822 1.32207e+10
1e+10 4.55568e+06 45.5568 1.31194e+10
1e+10 4.5732e+06 45.732 1.30189e+10
1e+10 4.59079e+06 45.9079 1.29192e+10
1e+10 4.60845e+06 46.0845 1.28202e+10
1e+10 4.62617e+06 46.2617 1.27221e+10
1e+10 4.64397e+06 46.4397 1.26246e+10
1e+10 4.66183e+06 46.6183 1.25279e+10
1e+10 4.67976e+06 46.7976 1.24319e+10
1e+10 4.69776e+06 46.9776 1.23367e+10
1e+10 4.71583e+06 47.1583 1.22422e+10
1e+10 4.73397e+06 47.3397 1.21484e+10
1e+10 4.75217e+06 47.5217 1.20554e+10
1e+10 4.77045e+06 47.7045 1.1963e+10
1e+10 4.7888e+06 47.888 1.18714e+10
1e+10 4.80722e+06 48.0722 1.17804e+10
1e+10 4.82571e+06 48.2571 1.16902e+10
1e+10 4.84427e+06 48.4427 1.16006e+10
1e+10 4.8629e+06 48.629 1.15118e+10
1e+10 4.88161e+06 48.8161 1.14235e+10
1e+10 4.90038e+06 49.0038 1.13361e+10
1e+10 4.91923e+06 49.1923 1.12492e+10
1e+10 4.93815e+06 49.3815 1.1163e+10
1e+10 4.95715e+06 49.5715 1.10775e+10
1e+10 4.97621e+06 49.7621 1.09927e+10
1e+10 4.99535e+06 49.9535 1.09084e+10
1e+10 5.01457e+06 50.1457 1.08248e+10
1e+10 5.03385e+06 50.3385 1.07419e+10
1e+10 5.05322e+06 50.5322 1.06596e+10
1e+10 5.07265e+06 50.7265 1.0578e+10
1e+10 5.09216e+06 50.9216 1.04969e+10
1e+10 5.11175e+06 51.1175 1.04165e+10
1e+10 5.13141e+06 51.3141 1.03367e+10
1e+10 5.15115e+06 51.5115 1.02575e+10
1e+10 5.17096e+06 51.7096 1.01789e+10
1e+10 5.19085e+06 51.9085 1.01009e+10
1e+10 5.21081e+06 52.1081 1.00236e+10
1e+10 5.23086e+06 52.3086 9.94674e+09
1e+10 5.25098e+06 52.5098 9.87053e+09
1e+10 5.27117e+06 52.7117 9.79493e+09
1e+10 5.29145e+06 52.9145 9.71986e+09
1e+10 5.3118e+06 53.118 9.6454e+09
1e+10 5.33223e+06 53.3223 9.5715e+09
1e+10 5.35274e+06 53.5274 9.49816e+09
1e+10 5.37333e+06 53.7333 9.42538e+09
1e+10 5.394e+06 53.94 9.35315e+09
1e+10 5.41474e+06 54.1474 9.28151e+09
1e+10 5.43557e+06 54.3557 9.21039e+09
1e+10 5.45648e+06 54.5648 9.1398e+09
1e+10 5.47746e+06 54.7746 9.0698e+09
1e+10 5.49853e+06 54.9853 9.00029e+09
1e+10 5.51968e+06 55.1968 8.93133e+09
1e+10 5.54091e+06 55.4091 8.86289e+09
1e+10 5.56222e+06 55.6222 8.79499e+09
1e+10 5.58362e+06 55.8362 8.72758e+09
1e+10 5.60509e+06 56.0509 8.66072e+09
1e+10 5.62665e+06 56.2665 8.59436e+09
1e+10 5.64829e+06 56.4829 8.52851e+09
1e+10 5.67002e+06 56.7002 8.46314e+09
1e+10 5.69183e+06 56.9183 8.39829e+09
1e+10 5.71372e+06 57.1372 8.33394e+09
1e+10 5.7357e+06 57.357 8.27007e+09
1e+10 5.75776e+06 57.5776 8.2067e+09
1e+10 5.7799e+06 57.799 8.14383e+09
1e+10 5.80214e+06 58.0214 8.0814e+09
1e+10 5.82445e+06 58.2445 8.01949e+09
1e+10 5.84685e+06 58.4685 7.95804e+09
1e+10 5.86934e+06 58.6934 7.89705e+09
1e+10 5.89192e+06 58.9192 7.83652e+09
1e+10 5.91458e+06 59.1458 7.77647e+09
1e+10 5.93733e+06 59.3733 7.71688e+09
1e+10 5.96017e+06 59.6017 7.65773e+09
1e+10 5.98309e+06 59.8309 7.59906e+09
1e+10 6.0061e+06 60.061 7.54083e+09
1e+10 6.02921e+06 60.2921 7.48302e+09
1e+10 6.0524e+06 60.524 7.42567e+09
1e+10 6.07567e+06 60.7567 7.36879e+09
1e+10 6.09904e+06 60.9904 7.31231e+09
1e+10 6.1225e+06 61.225 7.25627e+09
1e+10 6.14605e+06 61.4605 7.20066e+09
1e+10 6.16969e+06 61.6969 7.14547e+09
1e+10 6.19342e+06 61.9342 7.09071e+09
1e+10 6.21724e+06 62.1724 7.03637e+09
1e+10 6.24116e+06 62.4116 6.98243e+09
1e+10 6.26516e+06 62.6516 6.92892e+09
1e+10 6.28926e+06 62.8926 6.87581e+09
1e+10 6.31345e+06 63.1345 6.82312e+09
1e+10 6.33773e+06 63.3773 6.77083e+09
1e+10 6.36211e+06 63.6211 6.71893e+09
1e+10 6.38658e+06 63.8658 6.66743e+09
1e+10 6.41115e+06 64.1115 6.61632e+09
1e+10 6.4358e+06 64.358 6.56562e+09
1e+10 6.46056e+06 64.6056 6.51529e+09
1e+10 6.48541e+06 64.8541 6.46535e+09
1e+10 6.51035e+06 65.1035 6.4158e+09
1e+10 6.53539e+06 65.3539 6.36663e+09
1e+10 6.56053e+06 65.6053 6.31782e+09
1e+10 6.58576e+06 65.8576 6.26941e+09
1e+10 6.6111e+06 66.111 6.22133e+09
1e+10 6.63652e+06 66.3652 6.17366e+09
1e+10 6.66205e+06 66.6205 6.12633e+09
1e+10 6.68767e+06 66.8767 6.07938e+09
1e+10 6.7134e+06 67.134 6.03277e+09
1e+10 6.73922e+06 67.3922 5.98653e+09
1e+10 6.76514e+06 67.6514 5.94064e+09
1e+10 6.79116e+06 67.9116 5.8951e+09
1e+10 6.81728e+06 68.1728 5.84992e+09
1e+10 6.8435e+06 68.435 5.80507e+09
1e+10 6.86982e+06 68.6982 5.76058e+09
1e+10 6.89625e+06 68.9625 5.71641e+09
1e+10 6.92277e+06 69.2277 5.6726e+09
1e+10 6.9494e+06 69.494 5.62911e+09
1e+10 6.97613e+06 69.7613 5.58595e+09
1e+10 7.00296e+06 70.0296 5.54313e+09
1e+10 7.0299e+06 70.299 5.50063e+09
1e+10 7.05694e+06 70.5694 5.45846e+09
1e+10 7.08408e+06 70.8408 5.41662e+09
1e+10 7.11133e+06 71.1133 5.37509e+09
1e+10 7.13868e+06 71.3868 5.33389e+09
1e+10 7.16614e+06 71.6614 5.29299e+09
1e+10 7.1937e+06 71.937 5.25242e+09
1e+10 7.22137e+06 72.2137 5.21215e+09
1e+10 7.24914e+06 72.4914 5.1722e+09
1e+10 7.27703e+06 72.7703 5.13253e+09
1e+10 7.30502e+06 73.0502 5.09318e+09
1e+10 7.33311e+06 73.3311 5.05415e+09
1e+10 7.36132e+06 73.6132 5.01539e+09
1e+10 7.38963e+06 73.8963 4.97694e+09
1e+10 7.41806e+06 74.1806 4.93877e+09
1e+10 7.44659e+06 74.4659 4.90091e+09
1e+10 7.47523e+06 74.7523 4.86334e+09
1e+10 7.50398e+06 75.0398 4.82605e+09
1e+10 7.53284e+06 75.3284 4.78905e+09
1e+10 7.56182e+06 75.6182 4.75232e+09
1e+10 7.5909e+06 75.909 4.71589e+09
1e+10 7.6201e+06 76.201 4.67973e+09
1e+10 7.64941e+06 76.4941 4.64384e+09
1e+10 7.67883e+06 76.7883 4.60824e+09
1e+10 7.70837e+06 77.0837 4.5729e+09
1e+10 7.73801e+06 77.3801 4.53784e+09
1e+10 7.76778e+06 77.6778 4.50304e+09
1e+10 7.79765e+06 77.9765 4.46852e+09
1e+10 7.82765e+06 78.2765 4.43425e+09
1e+10 7.85775e+06 78.5775 4.40025e+09
1e+10 7.88798e+06 78.8798 4.3665e+09
1e+10 7.91832e+06 79.1832 4.33302e+09
1e+10 7.94877e+06 79.4877 4.2998e+09
1e+10 7.97935e+06 79.7935 4.26682e+09
1e+10 8.01004e+06 80.1004 4.2341e+09
1e+10 8.04085e+06 80.4085 4.20163e+09
1e+10 8.07177e+06 80.7177 4.16942e+09
1e+10 8.10282e+06 81.0282 4.13744e+09
1e+10 8.13399e+06 81.3399 4.1057e+09
1e+10 8.16527e+06 81.6527 4.07422e+09
1e+10 8.19668e+06 81.9668 4.04297e+09
1e+10 8.2282e+06 82.282 4.01198e+09
1e+10 8.25985e+06 82.5985 3.98121e+09
1e+10 8.29162e+06 82.9162 3.95067e+09
1e+10 8.32352e+06 83.2352 3.92037e+09
1e+10 8.35553e+06 83.5553 3.8903e+09
1e+10 8.38767e+06 83.8767 3.86047e+09
1e+10 8.41993e+06 84.1993 3.83086e+09
1e+10 8.45231e+06 84.5231 3.80148e+09
1e+10 8.48482e+06 84.8482 3.77233e+09
1e+10 8.51746e+06 85.1746 3.74339e+09
1e+10 8.55022e+06 85.5022 3.71468e+09
1e+10 8.58311e+06 85.8311 3.68618e+09
1e+10 8.61612e+06 86.1612 3.65791e+09
1e+10 8.64926e+06 86.4926 3.62986e+09
1e+10 8.68253e+06 86.8253 3.60201e+09
1e+10 8.71592e+06 87.1592 3.57439e+09
1e+10 8.74945e+06 87.4945 3.54697e+09
1e+10 8.7831e+06 87.831 3.51976e+09
1e+10 8.81688e+06 88.1688 3.49277e+09
1e+10 8.8508e+06 88.508 3.46597e+09
1e+10 8.88484e+06 88.8484 3.43939e+09
1e+10 8.91901e+06 89.1901 3.41301e+09
1e+10 8.95332e+06 89.5332 3.38682e+09
1e+10 8.98775e+06 89.8775 3.36085e+09
1e+10 9.02232e+06 90.2232 3.33507e+09
1e+10 9.05703e+06 90.5703 3.30948e+09
1e+10 9.09186e+06 90.9186 3.28409e+09
1e+10 9.12683e+06 91.2683 3.2589e+09
1e+10 9.16194e+06 91.6194 3.2339e+09
1e+10 9.19718e+06 91.9718 3.20909e+09
1e+10 9.23255e+06 92.3255 3.18447e+09
1e+10 9.26806e+06 92.6806 3.16004e+09
1e+10 9.30371e+06 93.0371 3.1358e+09
1e+10 9.3395e+06 93.395 3.11174e+09
1e+10 9.37542e+06 93.7542 3.08787e+09
1e+10 9.41148e+06 94.1148 3.06418e+09
1e+10 9.44768e+06 94.4768 3.04067e+09
1e+10 9.48402e+06 94.8402 3.01734e+09
1e+10 9.5205e+06 95.205 2.99419e+09
1e+10 9.55711e+06 95.5711 2.97122e+09
1e+10 9.59387e+06 95.9387 2.94842e+09
1e+10 9.63077e+06 96.3077 2.9258e+09
1e+10 9.66782e+06 96.6782 2.90335e+09
1e+10 9.705e+06 97.05 2.88108e+09
1e+10 9.74233e+06 97.4233 2.85897e+09
1e+10 9.7798e+06 97.798 2.83703e+09
1e+10 9.81742e+06 98.1742 2.81526e+09
1e+10 9.85518e+06 98.5518 2.79366e+09
1e+10 9.89309e+06 98.9309 2.77222e+09
1e+10 9.93114e+06 99.3114 2.75095e+09
1e+10 9.96934e+06 99.6934 2.72984e+09
1e+10 1.00077e+07 100.077 2.70889e+09
1e+10 1.00462e+07 100.462 2.6881e+09
1e+10 1.00848e+07 100.848 2.66749e+09
1e+10 1.01236e+07 101.236 2.64701e+09
1e+10 1.01625e+07 101.625 2.62672e+09
1e+10 1.02016e+07 102.016 2.60656e+09
1e+10 1.02409e+07 102.409 2.58653e+09
1e+10 1.02803e+07 102.803 2.56667e+09
1e+10 1.03198e+07 103.198 2.54699e+09
1e+10 1.03595e+07 103.595 2.52744e+09
1e+10 1.03993e+07 103.993 2.50807e+09
1e+10 1.04393e+07 104.393 2.48882e+09
1e+10 1.04795e+07 104.795 2.4697e+09
1e+10 1.05198e+07 105.198 2.45075e+09
1e+10 1.05603e+07 105.603 2.43192e+09
1e+10 1.06009e+07 106.009 2.41326e+09
1e+10 1.06417e+07 106.417 2.39473e+09
1e+10 1.06826e+07 106.826 2.37636e+09
1e+10 1.07237e+07 107.237 2.35812e+09
1e+10 1.07649e+07 107.649 2.34004e+09
1e+10 1.08063e+07 108.063 2.32208e+09
1e+10 1.08479e+07 108.479 2.30424e+09
1e+10 1.08896e+07 108.896 2.28657e+09
1e+10 1.09315e+07 109.315 2.26901e+09
1e+10 1.09735e+07 109.735 2.25161e+09
1e+10 1.10157e+07 110.157 2.23433e+09
1e+10 1.10581e+07 110.581 2.21717e+09
1e+10 1.11007e+07 111.007 2.20012e+09
1e+10 1.11433e+07 111.433 2.18327e+09
1e+10 1.11862e+07 111.862 2.1665e+09
1e+10 1.12292e+07 112.292 2.14988e+09
1e+10 1.12724e+07 112.724 2.13337e+09
1e+10 1.13158e+07 113.158 2.11698e+09
1e+10 1.13593e+07 113.593 2.10073e+09
1e+10 1.1403e+07 114.03 2.0846e+09
1e+10 1.14469e+07 114.469 2.06858e+09
1e+10 1.14909e+07 114.909 2.05271e+09
1e+10 1.15351e+07 115.351 2.03695e+09
1e+10 1.15794e+07 115.794 2.02134e+09
1e+10 1.1624e+07 116.24 2.0058e+09
1e+10 1.16687e+07 116.687 1.9904e+09
1e+10 1.17136e+07 117.136 1.97511e+09
1e+10 1.17586e+07 117.586 1.95997e+09
1e+10 1.18039e+07 118.039 1.94489e+09
1e+10 1.18493e+07 118.493 1.92996e+09
1e+10 1.18948e+07 118.948 1.91517e+09
1e+10 1.19406e+07 119.406 1.90045e+09
1e+10 1.19865e+07 119.865 1.88586e+09
1e+10 1.20326e+07 120.326 1.87138e+09
1e+10 1.20789e+07 120.789 1.85701e+09
1e+10 1.21254e+07 121.254 1.84274e+09
1e+10 1.2172e+07 121.72 1.8286e+09
1e+10 1.22188e+07 122.188 1.81456e+09
1e+10 1.22658e+07 122.658 1.80063e+09
1e+10 1.2313e+07 123.13 1.78679e+09
1e+10 1.23603e+07 123.603 1.77309e+09
1e+10 1.24079e+07 124.079 1.75946e+09
1e+10 1.24556e+07 124.556 1.74595e+09
1e+10 1.25035e+07 125.035 1.73255e+09
1e+10 1.25516e+07 125.516 1.71924e+09
1e+10 1.25999e+07 125.999 1.70603e+09
1e+10 1.26484e+07 126.484 1.69292e+09
1e+10 1.2697e+07 126.97 1.67993e+09
1e+10 1.27458e+07 127.458 1.66704e+09
1e+10 1.27949e+07 127.949 1.65421e+09
1e+10 1.28441e+07 128.441 1.64151e+09
1e+10 1.28935e+07 128.935 1.6289e+09
1e+10 1.29431e+07 129.431 1.61639e+09
1e+10 1.29929e+07 129.929 1.60397e+09
1e+10 1.30428e+07 130.428 1.59167e+09
1e+10 1.3093e+07 130.93 1.57943e+09
1e+10 1.31434e+07 131.434 1.56729e+09
1e+10 1.31939e+07 131.939 1.55527e+09
1e+10 1.32447e+07 132.447 1.54331e+09
1e+10 1.32956e+07 132.956 1.53146e+09
1e+10 1.33467e+07 133.467 1.51971e+09
1e+10 1.33981e+07 133.981 1.50802e+09
1e+10 1.34496e+07 134.496 1.49644e+09
1e+10 1.35013e+07 135.013 1.48495e+09
1e+10 1.35533e+07 135.533 1.47353e+09
1e+10 1.36054e+07 136.054 1.46222e+09
1e+10 1.36577e+07 136.577 1.45099e+09
1e+10 1.37103e+07 137.103 1.43983e+09
1e+10 1.3763e+07 137.63 1.42877e+09
1e+10 1.38159e+07 138.159 1.4178e+09
1e+10 1.38691e+07 138.691 1.4069e+09
1e+10 1.39224e+07 139.224 1.3961e+09
1e+10 1.3976e+07 139.76 1.38536e+09
1e+10 1.40297e+07 140.297 1.37473e+09
1e+10 1.40837e+07 140.837 1.36416e+09
1e+10 1.41379e+07 141.379 1.35367e+09
1e+10 1.41922e+07 141.922 1.34328e+09
1e+10 1.42468e+07 142.468 1.33296e+09
1e+10 1.43016e+07 143.016 1.32272e+09
1e+10 1.43566e+07 143.566 1.31255e+09
1e+10 1.44118e+07 144.118 1.30247e+09
1e+10 1.44673e+07 144.673 1.29245e+09
1e+10 1.45229e+07 145.229 1.28253e+09
1e+10 1.45788e+07 145.788 1.27266e+09
1e+10 1.46349e+07 146.349 1.26288e+09
1e+10 1.46911e+07 146.911 1.25319e+09
1e+10 1.47477e+07 147.477 1.24354e+09
1e+10 1.48044e+07 148.044 1.23399e+09
1e+10 1.48613e+07 148.613 1.22451e+09
1e+10 1.49185e+07 149.185 1.2151e+09
1e+10 1.49759e+07 149.759 1.20575e+09
1e+10 1.50335e+07 150.335 1.19649e+09
1e+10 1.50913e+07 150.913 1.18729e+09
1e+10 1.51493e+07 151.493 1.17818e+09
1e+10 1.52076e+07 152.076 1.16912e+09
1e+10 1.52661e+07 152.661 1.16013e+09
1e+10 1.53248e+07 153.248 1.15121e+09
1e+10 1.53838e+07 153.838 1.14236e+09
1e+10 1.54429e+07 154.429 1.13359e+09
1e+10 1.55023e+07 155.023 1.12487e+09
1e+10 1.5562e+07 155.62 1.11621e+09
1e+10 1.56218e+07 156.218 1.10764e+09
1e+10 1.56819e+07 156.819 1.09912e+09
1e+10 1.57422e+07 157.422 1.09068e+09
1e+10 1.58028e+07 158.028 1.08229e+09
1e+10 1.58635e+07 158.635 1.07398e+09
1e+10 1.59246e+07 159.246 1.06571e+09
1e+10 1.59858e+07 159.858 1.05752e+09
1e+10 1.60473e+07 160.473 1.04939e+09
1e+10 1.6109e+07 161.09 1.04132e+09
1e+10 1.6171e+07 161.71 1.03331e+09
1e+10 1.62332e+07 162.332 1.02537e+09
1e+10 1.62956e+07 162.956 1.01749e+09
1e+10 1.63583e+07 163.583 1.00966e+09
1e+10 1.64212e+07 164.212 1.0019e+09
1e+10 1.64844e+07 164.844 9.94192e+08
1e+10 1.65478e+07 165.478 9.86547e+08
1e+10 1.66114e+07 166.114 9.78967e+08
1e+10 1.66753e+07 166.753 9.71438e+08
1e+10 1.67395e+07 167.395 9.6396e+08
1e+10 1.68038e+07 168.038 9.56557e+08
1e+10 1.68685e+07 168.685 9.49193e+08
1e+10 1.69334e+07 169.334 9.41891e+08
1e+10 1.69985e+07 169.985 9.34651e+08
1e+10 1.70639e+07 170.639 9.2746e+08
1e+10 1.71295e+07 171.295 9.20331e+08
1e+10 1.71954e+07 171.954 9.13251e+08
1e+10 1.72615e+07 172.615 9.06231e+08
1e+10 1.73279e+07 173.279 8.9926e+08
1e+10 1.73946e+07 173.946 8.92338e+08
1e+10 1.74615e+07 174.615 8.85475e+08
1e+10 1.75286e+07 175.286 8.7867e+08
1e+10 1.7596e+07 175.96 8.71913e+08
1e+10 1.76637e+07 176.637 8.65204e+08
1e+10 1.77317e+07 177.317 8.58543e+08
1e+10 1.77999e+07 177.999 8.51939e+08
1e+10 1.78683e+07 178.683 8.45391e+08
1e+10 1.79371e+07 179.371 8.3888e+08
1e+10 1.80061e+07 180.061 8.32426e+08
1e+10 1.80753e+07 180.753 8.26027e+08
1e+10 1.81448e+07 181.448 8.19674e+08
1e+10 1.82146e+07 182.146 8.13367e+08
1e+10 1.82847e+07 182.847 8.07106e+08
1e+10 1.8355e+07 183.55 8.00898e+08
1e+10 1.84256e+07 184.256 7.94736e+08
1e+10 1.84965e+07 184.965 7.88619e+08
1e+10 1.85676e+07 185.676 7.82554e+08
1e+10 1.8639e+07 186.39 7.76534e+08
1e+10 1.87107e+07 187.107 7.70558e+08
1e+10 1.87827e+07 187.827 7.64626e+08
1e+10 1.88549e+07 188.549 7.58746e+08
1e+10 1.89275e+07 189.275 7.52901e+08
1e+10 1.90003e+07 190.003 7.47107e+08
1e+10 1.90733e+07 190.733 7.41364e+08
1e+10 1.91467e+07 191.467 7.35655e+08
1e+10 1.92203e+07 192.203 7.29997e+08
1e+10 1.92943e+07 192.943 7.24373e+08
1e+10 1.93685e+07 193.685 7.18799e+08
1e+10 1.9443e+07 194.43 7.13266e+08
1e+10 1.95178e+07 195.178 7.07775e+08
1e+10 1.95928e+07 195.928 7.02333e+08
1e+10 1.96682e+07 196.682 6.96924e+08
1e+10 1.97438e+07 197.438 6.91563e+08
1e+10 1.98198e+07 198.198 6.86236e+08
1e+10 1.9896e+07 198.96 6.80955e+08
1e+10 1.99725e+07 199.725 6.75715e+08
1e+10 2.00494e+07 200.494 6.70508e+08
1e+10 2.01265e+07 201.265 6.65348e+08
1e+10 2.02039e+07 202.039 6.60226e+08
1e+10 2.02816e+07 202.816 6.55144e+08
1e+10 2.03596e+07 203.596 6.50101e+08
1e+10 2.04379e+07 204.379 6.45096e+08
1e+10 2.05165e+07 205.165 6.4013e+08
1e+10 2.05954e+07 205.954 6.35202e+08
1e+10 2.06747e+07 206.747 6.30306e+08
1e+10 2.07542e+07 207.542 6.25454e+08
1e+10 2.0834e+07 208.34 6.2064e+08
1e+10 2.09141e+07 209.141 6.15863e+08
1e+10 2.09946e+07 209.946 6.11117e+08
1e+10 2.10753e+07 210.753 6.06414e+08
1e+10 2.11564e+07 211.564 6.01742e+08
1e+10 2.12378e+07 212.378 5.97107e+08
1e+10 2.13195e+07 213.195 5.92508e+08
1e+10 2.14015e+07 214.015 5.87945e+08
1e+10 2.14838e+07 214.838 5.83417e+08
1e+10 2.15664e+07 215.664 5.78926e+08
1e+10 2.16494e+07 216.494 5.74464e+08
1e+10 2.17326e+07 217.326 5.70043e+08
1e+10 2.18162e+07 218.162 5.65652e+08
1e+10 2.19001e+07 219.001 5.61296e+08
1e+10 2.19844e+07 219.844 5.56969e+08
1e+10 2.20689e+07 220.689 5.52682e+08
1e+10 2.21538e+07 221.538 5.48423e+08
1e+10 2.2239e+07 222.39 5.44199e+08
1e+10 2.23246e+07 223.246 5.40004e+08
1e+10 2.24104e+07 224.104 5.35847e+08
1e+10 2.24966e+07 224.966 5.31719e+08
1e+10 2.25832e+07 225.832 5.27619e+08
1e+10 2.267e+07 226.7 5.23557e+08
1e+10 2.27572e+07 227.572 5.19523e+08
1e+10 2.28447e+07 228.447 5.15521e+08
1e+10 2.29326e+07 229.326 5.11548e+08
1e+10 2.30208e+07 230.208 5.07606e+08
1e+10 2.31094e+07 231.094 5.03693e+08
1e+10 2.31982e+07 231.982 4.99815e+08
1e+10 2.32875e+07 232.875 4.9596e+08
1e+10 2.3377e+07 233.77 4.92141e+08
1e+10 2.3467e+07 234.67 4.88345e+08
1e+10 2.35572e+07 235.572 4.84584e+08
1e+10 2.36478e+07 236.478 4.8085e+08
1e+10 2.37388e+07 237.388 4.77142e+08
1e+10 2.38301e+07 238.301 4.73465e+08
1e+10 2.39217e+07 239.217 4.69818e+08
1e+10 2.40138e+07 240.138 4.66194e+08
1e+10 2.41061e+07 241.061 4.62603e+08
1e+10 2.41988e+07 241.988 4.59038e+08
1e+10 2.42919e+07 242.919 4.55498e+08
1e+10 2.43854e+07 243.854 4.51985e+08
1e+10 2.44791e+07 244.791 4.48504e+08
1e+10 2.45733e+07 245.733 4.45045e+08
1e+10 2.46678e+07 246.678 4.41614e+08
1e+10 2.47627e+07 247.627 4.38209e+08
1e+10 2.48579e+07 248.579 4.34832e+08
1e+10 2.49536e+07 249.536 4.31476e+08
1e+10 2.50495e+07 250.495 4.28152e+08
1e+10 2.51459e+07 251.459 4.24849e+08
1e+10 2.52426e+07 252.426 4.21574e+08
1e+10 2.53397e+07 253.397 4.18323e+08
1e+10 2.54372e+07 254.372 4.15096e+08
1e+10 2.5535e+07 255.35 4.11896e+08
1e+10 2.56332e+07 256.332 4.08721e+08
1e+10 2.57318e+07 257.318 4.05568e+08
1e+10 2.58308e+07 258.308 4.0244e+08
1e+10 2.59301e+07 259.301 3.99338e+08
1e+10 2.60299e+07 260.299 3.96256e+08
1e+10 2.613e+07 261.3 3.932e+08
1e+10 2.62305e+07 262.305 3.90167e+08
1e+10 2.63314e+07 263.314 3.87158e+08
1e+10 2.64327e+07 264.327 3.84171e+08
1e+10 2.65343e+07 265.343 3.81209e+08
1e+10 2.66364e+07 266.364 3.78267e+08
1e+10 2.67388e+07 267.388 3.75351e+08
1e+10 2.68417e+07 268.417 3.72454e+08
1e+10 2.69449e+07 269.449 3.69581e+08
1e+10 2.70486e+07 270.486 3.66728e+08
1e+10 2.71526e+07 271.526 3.639e+08
1e+10 2.7257e+07 272.57 3.61093e+08
1e+10 2.73619e+07 273.619 3.58305e+08
1e+10 2.74671e+07 274.671 3.55542e+08
1e+10 2.75728e+07 275.728 3.52797e+08
1e+10 2.76788e+07 276.788 3.50076e+08
1e+10 2.77853e+07 277.853 3.47374e+08
1e+10 2.78921e+07 278.921 3.44695e+08
1e+10 2.79994e+07 279.994 3.42034e+08
1e+10 2.81071e+07 281.071 3.39394e+08
1e+10 2.82152e+07 282.152 3.36775e+08
1e+10 2.83237e+07 283.237 3.34176e+08
1e+10 2.84327e+07 284.327 3.31596e+08
1e+10 2.8542e+07 285.42 3.29038e+08
1e+10 2.86518e+07 286.518 3.26498e+08
1e+10 2.8762e+07 287.62 3.23977e+08
1e+10 2.88727e+07 288.727 3.21475e+08
1e+10 2.89837e+07 289.837 3.18994e+08
1e+10 2.90952e+07 290.952 3.16531e+08
1e+10 2.92071e+07 292.071 3.14088e+08
1e+10 2.93194e+07 293.194 3.11664e+08
1e+10 2.94322e+07 294.322 3.09257e+08
1e+10 2.95454e+07 295.454 3.06869e+08
1e+10 2.96591e+07 296.591 3.04499e+08
1e+10 2.97731e+07 297.731 3.02149e+08
1e+10 2.98877e+07 298.877 2.99814e+08
1e+10 3.00026e+07 300.026 2.975e+08
1e+10 3.0118e+07 301.18 2.95203e+08
1e+10 3.02339e+07 302.339 2.92922e+08
1e+10 3.03501e+07 303.501 2.90661e+08
1e+10 3.04669e+07 304.669 2.88415e+08
1e+10 3.05841e+07 305.841 2.86187e+08
1e+10 3.07017e+07 307.017 2.83978e+08
1e+10 3.08198e+07 308.198 2.81784e+08
1e+10 3.09383e+07 309.383 2.79608e+08
1e+10 3.10573e+07 310.573 2.77448e+08
1e+10 3.11768e+07 311.768 2.75304e+08
1e+10 3.12967e+07 312.967 2.73178e+08
1e+10 3.14171e+07 314.171 2.71067e+08
1e+10 3.15379e+07 315.379 2.68973e+08
1e+10 3.16592e+07 316.592 2.66895e+08
1e+10 3.1781e+07 317.81 2.64833e+08
1e+10 3.19032e+07 319.032 2.62787e+08
1e+10 3.20259e+07 320.259 2.60757e+08
1e+10 3.21491e+07 321.491 2.58741e+08
1e+10 3.22728e+07 322.728 2.56741e+08
1e+10 3.23969e+07 323.969 2.54758e+08
1e+10 3.25215e+07 325.215 2.52789e+08
1e+10 3.26466e+07 326.466 2.50835e+08
1e+10 3.27722e+07 327.722 2.48896e+08
1e+10 3.28982e+07 328.982 2.46973e+08
1e+10 3.30248e+07 330.248 2.45063e+08
1e+10 3.31518e+07 331.518 2.43169e+08
1e+10 3.32793e+07 332.793 2.4129e+08
1e+10 3.34073e+07 334.073 2.39424e+08
1e+10 3.35358e+07 335.358 2.37574e+08
1e+10 3.36648e+07 336.648 2.35737e+08
1e+10 3.37943e+07 337.943 2.33914e+08
1e+10 3.39242e+07 339.242 2.32107e+08
1e+10 3.40547e+07 340.547 2.30312e+08
1e+10 3.41857e+07 341.857 2.28531e+08
1e+10 3.43172e+07 343.172 2.26764e+08
1e+10 3.44492e+07 344.492 2.2501e+08
1e+10 3.45817e+07 345.817 2.2327e+08
1e+10 3.47147e+07 347.147 2.21543e+08
1e+10 3.48482e+07 348.482 2.1983e+08
1e+10 3.49823e+07 349.823 2.18129e+08
1e+10 3.51168e+07 351.168 2.16443e+08
1e+10 3.52519e+07 352.519 2.14769e+08
1e+10 3.53875e+07 353.875 2.13107e+08
1e+10 3.55236e+07 355.236 2.11459e+08
1e+10 3.56602e+07 356.602 2.09824e+08
1e+10 3.57974e+07 357.974 2.082e+08
1e+10 3.59351e+07 359.351 2.06589e+08
1e+10 3.60733e+07 360.733 2.04991e+08
1e+10 3.6212e+07 362.12 2.03405e+08
1e+10 3.63513e+07 363.513 2.01831e+08
1e+10 3.64911e+07 364.911 2.0027e+08
1e+10 3.66315e+07 366.315 1.9872e+08
1e+10 3.67724e+07 367.724 1.97182e+08
1e+10 3.69138e+07 369.138 1.95657e+08
1e+10 3.70558e+07 370.558 1.94142e+08
1e+10 3.71983e+07 371.983 1.9264e+08
1e+10 3.73414e+07 373.414 1.91149e+08
1e+10 3.7485e+07 374.85 1.8967e+08
1e+10 3.76292e+07 376.292 1.88201e+08
1e+10 3.77739e+07 377.739 1.86745e+08
1e+10 3.79192e+07 379.192 1.85299e+08
1e+10 3.80651e+07 380.651 1.83864e+08
1e+10 3.82115e+07 382.115 1.82441e+08
1e+10 3.83585e+07 383.585 1.81028e+08
1e+10 3.8506e+07 385.06 1.79627e+08
1e+10 3.86541e+07 386.541 1.78236e+08
1e+10 3.88028e+07 388.028 1.76856e+08
1e+10 3.8952e+07 389.52 1.75487e+08
1e+10 3.91019e+07 391.019 1.74127e+08
1e+10 3.92523e+07 392.523 1.72779e+08
1e+10 3.94032e+07 394.032 1.71441e+08
1e+10 3.95548e+07 395.548 1.70113e+08
1e+10 3.97069e+07 397.069 1.68796e+08
1e+10 3.98597e+07 398.597 1.67488e+08
1e+10 4.0013e+07 400.13 1.6619e+08
1e+10 4.01669e+07 401.669 1.64903e+08
1e+10 4.03214e+07 403.214 1.63626e+08
1e+10 4.04764e+07 404.764 1.62359e+08
1e+10 4.06321e+07 406.321 1.61101e+08
1e+10 4.07884e+07 407.884 1.59852e+08
1e+10 4.09453e+07 409.453 1.58614e+08
1e+10 4.11028e+07 411.028 1.57385e+08
1e+10 4.12609e+07 412.609 1.56165e+08
1e+10 4.14196e+07 414.196 1.54955e+08
1e+10 4.15789e+07 415.789 1.53754e+08
1e+10 4.17388e+07 417.388 1.52563e+08
1e+10 4.18994e+07 418.994 1.5138e+08
1e+10 4.20605e+07 420.605 1.50207e+08
1e+10 4.22223e+07 422.223 1.49042e+08
1e+10 4.23847e+07 423.847 1.47887e+08
1e+10 4.25477e+07 425.477 1.46741e+08
1e+10 4.27114e+07 427.114 1.45603e+08
1e+10 4.28757e+07 428.757 1.44474e+08
1e+10 4.30406e+07 430.406 1.43354e+08
1e+10 4.32061e+07 432.061 1.42243e+08
1e+10 4.33723e+07 433.723 1.4114e+08
1e+10 4.35391e+07 435.391 1.40045e+08
1e+10 4.37066e+07 437.066 1.38959e+08
1e+10 4.38747e+07 438.747 1.37882e+08
1e+10 4.40434e+07 440.434 1.36813e+08
1e+10 4.42129e+07 442.129 1.35751e+08
1e+10 4.43829e+07 443.829 1.34698e+08
1e+10 4.45536e+07 445.536 1.33654e+08
1e+10 4.4725e+07 447.25 1.32617e+08
1e+10 4.4897e+07 448.97 1.31588e+08
1e+10 4.50697e+07 450.697 1.30567e+08
1e+10 4.5243e+07 452.43 1.29554e+08
1e+10 4.54171e+07 454.171 1.28549e+08
1e+10 4.55918e+07 455.918 1.27551e+08
1e+10 4.57671e+07 457.671 1.26562e+08
1e+10 4.59431e+07 459.431 1.2558e+08
1e+10 4.61199e+07 461.199 1.24605e+08
1e+10 4.62972e+07 462.972 1.23638e+08
1e+10 4.64753e+07 464.753 1.22679e+08
1e+10 4.66541e+07 466.541 1.21726e+08
1e+10 4.68335e+07 468.335 1.20782e+08
1e+10 4.70137e+07 470.137 1.19844e+08
1e+10 4.71945e+07 471.945 1.18914e+08
1e+10 4.7376e+07 473.76 1.1799e+08
1e+10 4.75582e+07 475.582 1.17075e+08
1e+10 4.77412e+07 477.412 1.16165e+08
1e+10 4.79248e+07 479.248 1.15263e+08
1e+10 4.81091e+07 481.091 1.14368e+08
1e+10 4.82942e+07 482.942 1.1348e+08
1e+10 4.84799e+07 484.799 1.12599e+08
1e+10 4.86664e+07 486.664 1.11724e+08
1e+10 4.88536e+07 488.536 1.10857e+08
1e+10 4.90415e+07 490.415 1.09996e+08
1e+10 4.92301e+07 492.301 1.09141e+08
1e+10 4.94195e+07 494.195 1.08293e+08
1e+10 4.96095e+07 496.095 1.07452e+08
1e+10 4.98004e+07 498.004 1.06617e+08
1e+10 4.99919e+07 499.919 1.05789e+08
1e+10 5.01842e+07 501.842 1.04967e+08
1e+10 5.03772e+07 503.772 1.04151e+08
1e+10 5.0571e+07 505.71 1.03342e+08
1e+10 5.07655e+07 507.655 1.02539e+08
1e+10 5.09607e+07 509.607 1.01742e+08
1e+10 5.11568e+07 511.568 1.00951e+08
1e+10 5.13535e+07 513.535 1.00167e+08
1e+10 5.1551e+07 515.51 9.93882e+07
1e+10 5.17493e+07 517.493 9.86155e+07
1e+10 5.19484e+07 519.484 9.78486e+07
1e+10 5.21482e+07 521.482 9.70879e+07
1e+10 5.23487e+07 523.487 9.63334e+07
1e+10 5.25501e+07 525.501 9.55841e+07
1e+10 5.27522e+07 527.522 9.4841e+07
1e+10 5.29551e+07 529.551 9.41034e+07
1e+10 5.31588e+07 531.588 9.33715e+07
1e+10 5.33633e+07 533.633 9.26452e+07
1e+10 5.35685e+07 535.685 9.19248e+07
1e+10 5.37746e+07 537.746 9.12096e+07
1e+10 5.39814e+07 539.814 9.05002e+07
1e+10 5.4189e+07 541.89 8.97963e+07
1e+10 5.43974e+07 543.974 8.90978e+07
1e+10 5.46067e+07 546.067 8.84044e+07
1e+10 5.48167e+07 548.167 8.77166e+07
1e+10 5.50276e+07 550.276 8.70339e+07
1e+10 5.52392e+07 552.392 8.63568e+07
1e+10 5.54517e+07 554.517 8.56846e+07
1e+10 5.5665e+07 556.65 8.50177e+07
1e+10 5.58791e+07 558.791 8.4356e+07
1e+10 5.6094e+07 560.94 8.36995e+07
1e+10 5.63097e+07 563.097 8.30481e+07
1e+10 5.65263e+07 565.263 8.24016e+07
1e+10 5.67437e+07 567.437 8.17601e+07
1e+10 5.6962e+07 569.62 8.11234e+07
1e+10 5.71811e+07 571.811 8.04917e+07
1e+10 5.7401e+07 574.01 7.98651e+07
1e+10 5.76218e+07 576.218 7.92431e+07
1e+10 5.78434e+07 578.434 7.8626e+07
1e+10 5.80659e+07 580.659 7.80136e+07
1e+10 5.82893e+07 582.893 7.74058e+07
1e+10 5.85135e+07 585.135 7.68029e+07
1e+10 5.87385e+07 587.385 7.62047e+07
1e+10 5.89644e+07 589.644 7.56111e+07
1e+10 5.91912e+07 591.912 7.5022e+07
1e+10 5.94189e+07 594.189 7.44374e+07
1e+10 5.96474e+07 596.474 7.38575e+07
1e+10 5.98769e+07 598.769 7.32818e+07
1e+10 6.01072e+07 601.072 7.27107e+07
1e+10 6.03384e+07 603.384 7.2144e+07
1e+10 6.05704e+07 605.704 7.15819e+07
1e+10 6.08034e+07 608.034 7.10239e+07
1e+10 6.10373e+07 610.373 7.04702e+07
1e+10 6.12721e+07 612.721 6.99207e+07
1e+10 6.15077e+07 615.077 6.93758e+07
1e+10 6.17443e+07 617.443 6.88348e+07
1e+10 6.19818e+07 619.818 6.8298e+07
1e+10 6.22202e+07 622.202 6.77654e+07
1e+10 6.24595e+07 624.595 6.7237e+07
1e+10 6.26997e+07 626.997 6.67127e+07
1e+10 6.29409e+07 629.409 6.61923e+07
1e+10 6.3183e+07 631.83 6.5676e+07
1e+10 6.3426e+07 634.26 6.51637e+07
1e+10 6.367e+07 636.7 6.46552e+07
1e+10 6.39149e+07 639.149 6.41508e+07
1e+10 6.41607e+07 641.607 6.36503e+07
1e+10 6.44075e+07 644.075 6.31536e+07
1e+10 6.46552e+07 646.552 6.26609e+07
1e+10 6.49039e+07 649.039 6.21718e+07
1e+10 6.51535e+07 651.535 6.16866e+07
1e+10 6.54041e+07 654.041 6.12052e+07
1e+10 6.56557e+07 656.557 6.07273e+07
1e+10 6.59082e+07 659.082 6.02533e+07
1e+10 6.61617e+07 661.617 5.97829e+07
1e+10 6.64162e+07 664.162 5.93161e+07
1e+10 6.66717e+07 666.717 5.88529e+07
1e+10 6.69281e+07 669.281 5.83934e+07
1e+10 6.71855e+07 671.855 5.79374e+07
1e+10 6.74439e+07 674.439 5.74849e+07
1e+10 6.77034e+07 677.034 5.70358e+07
1e+10 6.79638e+07 679.638 5.65903e+07
1e+10 6.82252e+07 682.252 5.61482e+07
1e+10 6.84876e+07 684.876 5.57096e+07
1e+10 6.8751e+07 687.51 5.52744e+07
1e+10 6.90154e+07 690.154 5.48425e+07
1e+10 6.92809e+07 692.809 5.44139e+07
1e+10 6.95474e+07 695.474 5.39886e+07
1e+10 6.98149e+07 698.149 5.35667e+07
1e+10 7.00834e+07 700.834 5.31481e+07
1e+10 7.0353e+07 703.53 5.27326e+07
1e+10 7.06236e+07 706.236 5.23203e+07
1e+10 7.08952e+07 708.952 5.19113e+07
1e+10 7.11679e+07 711.679 5.15054e+07
1e+10 7.14416e+07 714.416 5.11028e+07
1e+10 7.17164e+07 717.164 5.07031e+07
1e+10 7.19923e+07 719.923 5.03065e+07
1e+10 7.22692e+07 722.692 4.99131e+07
1e+10 7.25471e+07 725.471 4.95228e+07
1e+10 7.28262e+07 728.262 4.91353e+07
1e+10 7.31063e+07 731.063 4.87509e+07
1e+10 7.33875e+07 733.875 4.83695e+07
1e+10 7.36697e+07 736.697 4.79911e+07
1e+10 7.39531e+07 739.531 4.76155e+07
1e+10 7.42375e+07 742.375 4.7243e+07
1e+10 7.45231e+07 745.231 4.68732e+07
1e+10 7.48097e+07 748.097 4.65063e+07
1e+10 7.50975e+07 750.975 4.61422e+07
1e+10 7.53863e+07 753.863 4.57811e+07
1e+10 7.56763e+07 756.763 4.54226e+07
1e+10 7.59673e+07 759.673 4.50671e+07
1e+10 7.62595e+07 762.595 4.47142e+07
1e+10 7.65528e+07 765.528 4.4364e+07
1e+10 7.68473e+07 768.473 4.40165e+07
1e+10 7.71429e+07 771.429 4.36717e+07
1e+10 7.74396e+07 774.396 4.33297e+07
1e+10 7.77374e+07 777.374 4.29903e+07
1e+10 7.80364e+07 780.364 4.26535e+07
1e+10 7.83366e+07 783.366 4.23193e+07
1e+10 7.86379e+07 786.379 4.19877e+07
1e+10 7.89404e+07 789.404 4.16586e+07
1e+10 7.9244e+07 792.44 4.13322e+07
1e+10 7.95488e+07 795.488 4.10082e+07
1e+10 7.98548e+07 798.548 4.06867e+07
1e+10 8.01619e+07 801.619 4.03678e+07
1e+10 8.04702e+07 804.702 4.00514e+07
1e+10 8.07797e+07 807.797 3.97374e+07
1e+10 8.10904e+07 810.904 3.94258e+07
1e+10 8.14023e+07 814.023 3.91166e+07
1e+10 8.17154e+07 817.154 3.88098e+07
1e+10 8.20297e+07 820.297 3.85054e+07
1e+10 8.23452e+07 823.452 3.82034e+07
1e+10 8.2662e+07 826.62 3.79036e+07
1e+10 8.29799e+07 829.799 3.76063e+07
1e+10 8.32991e+07 832.991 3.73112e+07
1e+10 8.36195e+07 836.195 3.70184e+07
1e+10 8.39411e+07 839.411 3.67279e+07
1e+10 8.4264e+07 842.64 3.64396e+07
1e+10 8.45881e+07 845.881 3.61536e+07
1e+10 8.49134e+07 849.134 3.58698e+07
1e+10 8.524e+07 852.4 3.55882e+07
1e+10 8.55679e+07 855.679 3.53088e+07
1e+10 8.5897e+07 858.97 3.50315e+07
1e+10 8.62274e+07 862.274 3.47564e+07
1e+10 8.6559e+07 865.59 3.44835e+07
1e+10 8.6892e+07 868.92 3.42126e+07
1e+10 8.72262e+07 872.262 3.39438e+07
1e+10 8.75617e+07 875.617 3.36772e+07
1e+10 8.78985e+07 878.985 3.34126e+07
1e+10 8.82366e+07 882.366 3.315e+07
1e+10 8.85759e+07 885.759 3.28896e+07
1e+10 8.89166e+07 889.166 3.26311e+07
1e+10 8.92586e+07 892.586 3.23746e+07
1e+10 8.96019e+07 896.019 3.21202e+07
1e+10 8.99466e+07 899.466 3.18676e+07
1e+10 9.02925e+07 902.925 3.16171e+07
1e+10 9.06398e+07 906.398 3.13685e+07
1e+10 9.09885e+07 909.885 3.11218e+07
1e+10 9.13384e+07 913.384 3.0877e+07
1e+10 9.16897e+07 916.897 3.06342e+07
1e+10 9.20424e+07 920.424 3.03932e+07
1e+10 9.23964e+07 923.964 3.01541e+07
1e+10 9.27518e+07 927.518 2.99169e+07
1e+10 9.31086e+07 931.086 2.96814e+07
1e+10 9.34667e+07 934.667 2.94479e+07
1e+10 9.38262e+07 938.262 2.92161e+07
1e+10 9.41871e+07 941.871 2.89861e+07
1e+10 9.45494e+07 945.494 2.8758e+07
1e+10 9.4913e+07 949.13 2.85316e+07
1e+10 9.52781e+07 952.781 2.83069e+07
1e+10 9.56445e+07 956.445 2.80841e+07
1e+10 9.60124e+07 960.124 2.78629e+07
1e+10 9.63817e+07 963.817 2.76434e+07
1e+10 9.67524e+07 967.524 2.74257e+07
1e+10 9.71246e+07 971.246 2.72096e+07
1e+10 9.74981e+07 974.981 2.69953e+07
1e+10 9.78731e+07 978.731 2.67826e+07
1e+10 9.82496e+07 982.496 2.65715e+07
1e+10 9.86275e+07 986.275 2.63621e+07
1e+10 9.90068e+07 990.068 2.61544e+07
1e+10 9.93877e+07 993.877 2.59482e+07
1e+10 9.97699e+07 997.699 2.57436e+07
1e+10 1.00154e+08 1001.54 2.55405e+07
1e+10 1.00539e+08 1005.39 2.53392e+07
1e+10 1.00926e+08 1009.26 2.51392e+07
1e+10 1.01314e+08 1013.14 2.4941e+07
1e+10 1.01703e+08 1017.03 2.47446e+07
1e+10 1.02095e+08 1020.95 2.4549e+07
1e+10 1.02487e+08 1024.87 2.43557e+07
1e+10 1.02882e+08 1028.82 2.41631e+07
1e+10 1.03277e+08 1032.77 2.39728e+07
1e+10 1.03674e+08 1036.74 2.37837e+07
1e+10 1.04073e+08 1040.73 2.35959e+07
1e+10 1.04474e+08 1044.74 2.34093e+07
1e+10 1.04875e+08 1048.75 2.32248e+07
1e+10 1.05279e+08 1052.79 2.30412e+07
1e+10 1.05684e+08 1056.84 2.28592e+07
1e+10 1.0609e+08 1060.9 2.26789e+07
1e+10 1.06498e+08 1064.98 2.24998e+07
1e+10 1.06908e+08 1069.08 2.23219e+07
1e+10 1.07319e+08 1073.19 2.21456e+07
1e+10 1.07732e+08 1077.32 2.19705e+07
1e+10 1.08146e+08 1081.46 2.17971e+07
1e+10 1.08562e+08 1085.62 2.16248e+07
1e+10 1.0898e+08 1089.8 2.14537e+07
1e+10 1.09399e+08 1093.99 2.12842e+07
1e+10 1.0982e+08 1098.2 2.11158e+07
1e+10 1.10242e+08 1102.42 2.0949e+07
1e+10 1.10666e+08 1106.66 2.07833e+07
1e+10 1.11092e+08 1110.92 2.06188e+07
1e+10 1.11519e+08 1115.19 2.04559e+07
1e+10 1.11948e+08 1119.48 2.0294e+07
1e+10 1.12379e+08 1123.79 2.01333e+07
1e+10 1.12811e+08 1128.11 1.99741e+07
1e+10 1.13245e+08 1132.45 1.9816e+07
1e+10 1.1368e+08 1136.8 1.96593e+07
1e+10 1.14118e+08 1141.18 1.95035e+07
1e+10 1.14556e+08 1145.56 1.93494e+07
1e+10 1.14997e+08 1149.97 1.91961e+07
1e+10 1.15439e+08 1154.39 1.90442e+07
1e+10 1.15883e+08 1158.83 1.88933e+07
1e+10 1.16329e+08 1163.29 1.87436e+07
1e+10 1.16777e+08 1167.77 1.85949e+07
1e+10 1.17226e+08 1172.26 1.84477e+07
1e+10 1.17677e+08 1176.77 1.83015e+07
1e+10 1.18129e+08 1181.29 1.81566e+07
1e+10 1.18584e+08 1185.84 1.80125e+07
1e+10 1.1904e+08 1190.4 1.78698e+07
1e+10 1.19498e+08 1194.98 1.77281e+07
1e+10 1.19957e+08 1199.57 1.75877e+07
1e+10 1.20419e+08 1204.19 1.74481e+07
1e+10 1.20882e+08 1208.82 1.73097e+07
1e+10 1.21347e+08 1213.47 1.71724e+07
1e+10 1.21813e+08 1218.13 1.70364e+07
1e+10 1.22282e+08 1222.82 1.69011e+07
1e+10 1.22752e+08 1227.52 1.67671e+07
1e+10 1.23224e+08 1232.24 1.66341e+07
1e+10 1.23698e+08 1236.98 1.65021e+07
1e+10 1.24174e+08 1241.74 1.6371e+07
1e+10 1.24652e+08 1246.52 1.62409e+07
1e+10 1.25131e+08 1251.31 1.61121e+07
1e+10 1.25613e+08 1256.13 1.5984e+07
1e+10 1.26096e+08 1260.96 1.58571e+07
1e+10 1.26581e+08 1265.81 1.57311e+07
1e+10 1.27068e+08 1270.68 1.56061e+07
1e+10 1.27556e+08 1275.56 1.54823e+07
1e+10 1.28047e+08 1280.47 1.53592e+07
1e+10 1.28539e+08 1285.39 1.52372e+07
1e+10 1.29034e+08 1290.34 1.5116e+07
1e+10 1.2953e+08 1295.3 1.49959e+07
1e+10 1.30028e+08 1300.28 1.48767e+07
1e+10 1.30528e+08 1305.28 1.47584e+07
1e+10 1.31031e+08 1310.31 1.46408e+07
1e+10 1.31535e+08 1315.35 1.45244e+07
1e+10 1.3204e+08 1320.4 1.44091e+07
1e+10 1.32548e+08 1325.48 1.42944e+07
1e+10 1.33058e+08 1330.58 1.41806e+07
1e+10 1.3357e+08 1335.7 1.40677e+07
1e+10 1.34084e+08 1340.84 1.39557e+07
1e+10 1.34599e+08 1345.99 1.38447e+07
1e+10 1.35117e+08 1351.17 1.37344e+07
1e+10 1.35637e+08 1356.37 1.3625e+07
1e+10 1.36158e+08 1361.58 1.35166e+07
1e+10 1.36682e+08 1366.82 1.34089e+07
1e+10 1.37208e+08 1372.08 1.3302e+07
1e+10 1.37736e+08 1377.36 1.3196e+07
1e+10 1.38265e+08 1382.65 1.3091e+07
1e+10 1.38797e+08 1387.97 1.29866e+07
1e+10 1.39331e+08 1393.31 1.28831e+07
1e+10 1.39867e+08 1398.67 1.27803e+07
1e+10 1.40405e+08 1404.05 1.26784e+07
1e+10 1.40945e+08 1409.45 1.25773e+07
1e+10 1.41487e+08 1414.87 1.2477e+07
1e+10 1.42031e+08 1420.31 1.23776e+07
1e+10 1.42578e+08 1425.78 1.22787e+07
1e+10 1.43126e+08 1431.26 1.21808e+07
1e+10 1.43677e+08 1436.77 1.20835e+07
1e+10 1.44229e+08 1442.29 1.19871e+07
1e+10 1.44784e+08 1447.84 1.18914e+07
1e+10 1.45341e+08 1453.41 1.17964e+07
1e+10 1.459e+08 1459 1.17022e+07
1e+10 1.46461e+08 1464.61 1.16088e+07
1e+10 1.47024e+08 1470.24 1.15161e+07
1e+10 1.4759e+08 1475.9 1.1424e+07
1e+10 1.48157e+08 1481.57 1.13329e+07
1e+10 1.48727e+08 1487.27 1.12423e+07
1e+10 1.49299e+08 1492.99 1.11524e+07
1e+10 1.49874e+08 1498.74 1.10632e+07
1e+10 1.5045e+08 1504.5 1.09748e+07
1e+10 1.51029e+08 1510.29 1.0887e+07
1e+10 1.5161e+08 1516.1 1.07999e+07
1e+10 1.52193e+08 1521.93 1.07135e+07
1e+10 1.52778e+08 1527.78 1.06279e+07
1e+10 1.53366e+08 1533.66 1.05428e+07
1e+10 1.53956e+08 1539.56 1.04584e+07
1e+10 1.54548e+08 1545.48 1.03747e+07
1e+10 1.55142e+08 1551.42 1.02917e+07
1e+10 1.55739e+08 1557.39 1.02092e+07
1e+10 1.56338e+08 1563.38 1.01275e+07
1e+10 1.56939e+08 1569.39 1.00464e+07
1e+10 1.57543e+08 1575.43 9.96589e+06
1e+10 1.58149e+08 1581.49 9.88604e+06
1e+10 1.58757e+08 1587.57 9.80686e+06
1e+10 1.59368e+08 1593.68 9.72821e+06
1e+10 1.59981e+08 1599.81 9.65022e+06
1e+10 1.60596e+08 1605.96 9.5729e+06
1e+10 1.61214e+08 1612.14 9.4961e+06
1e+10 1.61834e+08 1618.34 9.41995e+06
1e+10 1.62456e+08 1624.56 9.34445e+06
1e+10 1.63081e+08 1630.81 9.26946e+06
1e+10 1.63709e+08 1637.09 9.19499e+06
1e+10 1.64338e+08 1643.38 9.12128e+06
1e+10 1.6497e+08 1649.7 9.04808e+06
1e+10 1.65605e+08 1656.05 8.97538e+06
1e+10 1.66242e+08 1662.42 8.90331e+06
1e+10 1.66881e+08 1668.81 8.83186e+06
1e+10 1.67523e+08 1675.23 8.7609e+06
1e+10 1.68167e+08 1681.67 8.69056e+06
1e+10 1.68814e+08 1688.14 8.62071e+06
1e+10 1.69464e+08 1694.64 8.55136e+06
1e+10 1.70115e+08 1701.15 8.48271e+06
1e+10 1.7077e+08 1707.7 8.41444e+06
1e+10 1.71427e+08 1714.27 8.34677e+06
1e+10 1.72086e+08 1720.86 8.27968e+06
1e+10 1.72748e+08 1727.48 8.21307e+06
1e+10 1.73412e+08 1734.12 8.14704e+06
1e+10 1.74079e+08 1740.79 8.08149e+06
1e+10 1.74749e+08 1747.49 8.01641e+06
1e+10 1.75421e+08 1754.21 7.9519e+06
1e+10 1.76096e+08 1760.96 7.88785e+06
1e+10 1.76773e+08 1767.73 7.82437e+06
1e+10 1.77453e+08 1774.53 7.76135e+06
1e+10 1.78135e+08 1781.35 7.69888e+06
1e+10 1.78821e+08 1788.21 7.63678e+06
1e+10 1.79508e+08 1795.08 7.57531e+06
1e+10 1.80199e+08 1801.99 7.51421e+06
1e+10 1.80892e+08 1808.92 7.45365e+06
1e+10 1.81588e+08 1815.88 7.39353e+06
1e+10 1.82286e+08 1822.86 7.33395e+06
1e+10 1.82987e+08 1829.87 7.27481e+06
1e+10 1.83691e+08 1836.91 7.21611e+06
1e+10 1.84398e+08 1843.98 7.15785e+06
1e+10 1.85107e+08 1851.07 7.1001e+06
1e+10 1.85819e+08 1858.19 7.04279e+06
1e+10 1.86534e+08 1865.34 6.98592e+06
1e+10 1.87251e+08 1872.51 6.92954e+06
1e+10 1.87971e+08 1879.71 6.8736e+06
1e+10 1.88694e+08 1886.94 6.81808e+06
1e+10 1.8942e+08 1894.2 6.76298e+06
1e+10 1.90149e+08 1901.49 6.7083e+06
1e+10 1.9088e+08 1908.8 6.65411e+06
1e+10 1.91614e+08 1916.14 6.60033e+06
1e+10 1.92351e+08 1923.51 6.54696e+06
1e+10 1.93091e+08 1930.91 6.49401e+06
1e+10 1.93834e+08 1938.34 6.44146e+06
1e+10 1.94579e+08 1945.79 6.38939e+06
1e+10 1.95328e+08 1953.28 6.33764e+06
1e+10 1.96079e+08 1960.79 6.28637e+06
1e+10 1.96833e+08 1968.33 6.2355e+06
1e+10 1.9759e+08 1975.9 6.18502e+06
1e+10 1.9835e+08 1983.5 6.13493e+06
1e+10 1.99113e+08 1991.13 6.08523e+06
1e+10 1.99879e+08 1998.79 6.03593e+06
1e+10 2.00648e+08 2006.48 5.98701e+06
1e+10 2.01419e+08 2014.19 5.93853e+06
1e+10 2.02194e+08 2021.94 5.89038e+06
1e+10 2.02972e+08 2029.72 5.8426e+06
1e+10 2.03753e+08 2037.53 5.7952e+06
1e+10 2.04536e+08 2045.36 5.74824e+06
1e+10 2.05323e+08 2053.23 5.70159e+06
1e+10 2.06113e+08 2061.13 5.6553e+06
1e+10 2.06905e+08 2069.05 5.60945e+06
1e+10 2.07701e+08 2077.01 5.5639e+06
1e+10 2.085e+08 2085 5.51872e+06
1e+10 2.09302e+08 2093.02 5.4739e+06
1e+10 2.10107e+08 2101.07 5.42944e+06
1e+10 2.10915e+08 2109.15 5.38534e+06
1e+10 2.11727e+08 2117.27 5.34153e+06
1e+10 2.12541e+08 2125.41 5.29814e+06
1e+10 2.13358e+08 2133.58 5.25509e+06
1e+10 2.14179e+08 2141.79 5.21234e+06
1e+10 2.15003e+08 2150.03 5.16994e+06
1e+10 2.1583e+08 2158.3 5.12788e+06
1e+10 2.1666e+08 2166.6 5.08616e+06
1e+10 2.17493e+08 2174.93 5.04479e+06
1e+10 2.1833e+08 2183.3 5.0037e+06
1e+10 2.1917e+08 2191.7 4.96295e+06
1e+10 2.20013e+08 2200.13 4.92253e+06
1e+10 2.20859e+08 2208.59 4.88245e+06
1e+10 2.21708e+08 2217.08 4.84269e+06
1e+10 2.22561e+08 2225.61 4.80322e+06
1e+10 2.23417e+08 2234.17 4.76407e+06
1e+10 2.24276e+08 2242.76 4.72525e+06
1e+10 2.25139e+08 2251.39 4.6867e+06
1e+10 2.26005e+08 2260.05 4.64847e+06
1e+10 2.26874e+08 2268.74 4.61056e+06
1e+10 2.27747e+08 2277.47 4.57292e+06
1e+10 2.28623e+08 2286.23 4.5356e+06
1e+10 2.29502e+08 2295.02 4.49859e+06
1e+10 2.30385e+08 2303.85 4.46185e+06
1e+10 2.31271e+08 2312.71 4.42541e+06
1e+10 2.32161e+08 2321.61 4.38924e+06
1e+10 2.33054e+08 2330.54 4.35338e+06
1e+10 2.3395e+08 2339.5 4.31781e+06
1e+10 2.3485e+08 2348.5 4.28251e+06
1e+10 2.35753e+08 2357.53 4.24751e+06
1e+10 2.3666e+08 2366.6 4.21276e+06
1e+10 2.3757e+08 2375.7 4.17831e+06
1e+10 2.38484e+08 2384.84 4.14411e+06
1e+10 2.39401e+08 2394.01 4.11021e+06
1e+10 2.40322e+08 2403.22 4.07656e+06
1e+10 2.41246e+08 2412.46 4.04319e+06
1e+10 2.42174e+08 2421.74 4.01007e+06
1e+10 2.43106e+08 2431.06 3.97721e+06
1e+10 2.44041e+08 2440.41 3.94462e+06
1e+10 2.44979e+08 2449.79 3.91231e+06
1e+10 2.45922e+08 2459.22 3.88022e+06
1e+10 2.46868e+08 2468.68 3.8484e+06
1e+10 2.47817e+08 2478.17 3.81685e+06
1e+10 2.4877e+08 2487.7 3.78555e+06
1e+10 2.49727e+08 2497.27 3.75448e+06
1e+10 2.50688e+08 2506.88 3.72365e+06
1e+10 2.51652e+08 2516.52 3.69309e+06
1e+10 2.5262e+08 2526.2 3.66276e+06
1e+10 2.53592e+08 2535.92 3.63267e+06
1e+10 2.54567e+08 2545.67 3.60283e+06
1e+10 2.55546e+08 2555.46 3.57323e+06
1e+10 2.56529e+08 2565.29 3.54386e+06
1e+10 2.57516e+08 2575.16 3.51471e+06
1e+10 2.58506e+08 2585.06 3.48583e+06
1e+10 2.595e+08 2595 3.45716e+06
1e+10 2.60499e+08 2604.99 3.42869e+06
1e+10 2.615e+08 2615 3.4005e+06
1e+10 2.62506e+08 2625.06 3.3725e+06
1e+10 2.63516e+08 2635.16 3.34473e+06
1e+10 2.6453e+08 2645.3 3.31717e+06
1e+10 2.65547e+08 2655.47 3.28985e+06
1e+10 2.66568e+08 2665.68 3.26275e+06
1e+10 2.67594e+08 2675.94 3.23584e+06
1e+10 2.68623e+08 2686.23 3.20917e+06
1e+10 2.69656e+08 2696.56 3.18271e+06
1e+10 2.70693e+08 2706.93 3.15647e+06
1e+10 2.71734e+08 2717.34 3.13043e+06
1e+10 2.7278e+08 2727.8 3.10457e+06
1e+10 2.73829e+08 2738.29 3.07895e+06
1e+10 2.74882e+08 2748.82 3.05353e+06
1e+10 2.75939e+08 2759.39 3.02832e+06
1e+10 2.77001e+08 2770.01 3.00328e+06
1e+10 2.78066e+08 2780.66 2.97848e+06
1e+10 2.79136e+08 2791.36 2.95384e+06
1e+10 2.80209e+08 2802.09 2.92944e+06
1e+10 2.81287e+08 2812.87 2.9052e+06
1e+10 2.82369e+08 2823.69 2.88117e+06
1e+10 2.83455e+08 2834.55 2.85733e+06
1e+10 2.84545e+08 2845.45 2.83369e+06
1e+10 2.8564e+08 2856.4 2.81021e+06
1e+10 2.86738e+08 2867.38 2.78696e+06
1e+10 2.87841e+08 2878.41 2.76387e+06
1e+10 2.88948e+08 2889.48 2.74097e+06
1e+10 2.9006e+08 2900.6 2.71824e+06
1e+10 2.91175e+08 2911.75 2.69572e+06
1e+10 2.92295e+08 2922.95 2.67336e+06
1e+10 2.9342e+08 2934.2 2.65117e+06
1e+10 2.94548e+08 2945.48 2.62919e+06
1e+10 2.95681e+08 2956.81 2.60736e+06
1e+10 2.96818e+08 2968.18 2.58572e+06
1e+10 2.9796e+08 2979.6 2.56424e+06
1e+10 2.99106e+08 2991.06 2.54294e+06
1e+10 3.00257e+08 3002.57 2.52181e+06
1e+10 3.01411e+08 3014.11 2.50086e+06
1e+10 3.02571e+08 3025.71 2.48006e+06
1e+10 3.03735e+08 3037.35 2.45943e+06
1e+10 3.04903e+08 3049.03 2.43898e+06
1e+10 3.06076e+08 3060.76 2.41868e+06
1e+10 3.07253e+08 3072.53 2.39855e+06
1e+10 3.08435e+08 3084.35 2.37858e+06
1e+10 3.09621e+08 3096.21 2.35878e+06
1e+10 3.10812e+08 3108.12 2.33913e+06
1e+10 3.12007e+08 3120.07 2.31965e+06
1e+10 3.13207e+08 3132.07 2.30031e+06
1e+10 3.14412e+08 3144.12 2.28113e+06
1e+10 3.15621e+08 3156.21 2.26211e+06
1e+10 3.16835e+08 3168.35 2.24324e+06
1e+10 3.18054e+08 3180.54 2.22451e+06
1e+10 3.19277e+08 3192.77 2.20595e+06
1e+10 3.20505e+08 3205.05 2.18753e+06
1e+10 3.21738e+08 3217.38 2.16926e+06
1e+10 3.22976e+08 3229.76 2.15113e+06
1e+10 3.24218e+08 3242.18 2.13315e+06
1e+10 3.25465e+08 3254.65 2.11532e+06
1e+10 3.26717e+08 3267.17 2.09763e+06
1e+10 3.27973e+08 3279.73 2.08009e+06
1e+10 3.29235e+08 3292.35 2.06268e+06
1e+10 3.30501e+08 3305.01 2.04542e+06
1e+10 3.31772e+08 3317.72 2.0283e+06
1e+10 3.33049e+08 3330.49 2.0113e+06
1e+10 3.3433e+08 3343.3 1.99445e+06
1e+10 3.35615e+08 3356.15 1.97775e+06
1e+10 3.36906e+08 3369.06 1.96117e+06
1e+10 3.38202e+08 3382.02 1.94473e+06
1e+10 3.39503e+08 3395.03 1.92841e+06
1e+10 3.40809e+08 3408.09 1.91223e+06
1e+10 3.4212e+08 3421.2 1.89618e+06
1e+10 3.43436e+08 3434.36 1.88026e+06
1e+10 3.44757e+08 3447.57 1.86447e+06
1e+10 3.46083e+08 3460.83 1.8488e+06
1e+10 3.47414e+08 3474.14 1.83327e+06
1e+10 3.4875e+08 3487.5 1.81786e+06
1e+10 3.50091e+08 3500.91 1.80258e+06
1e+10 3.51438e+08 3514.38 1.78741e+06
1e+10 3.5279e+08 3527.9 1.77237e+06
1e+10 3.54147e+08 3541.47 1.75745e+06
1e+10 3.55509e+08 3555.09 1.74266e+06
1e+10 3.56876e+08 3568.76 1.72798e+06
1e+10 3.58249e+08 3582.49 1.71342e+06
1e+10 3.59627e+08 3596.27 1.69898e+06
1e+10 3.6101e+08 3610.1 1.68466e+06
1e+10 3.62399e+08 3623.99 1.67045e+06
1e+10 3.63792e+08 3637.92 1.65636e+06
1e+10 3.65192e+08 3651.92 1.64238e+06
1e+10 3.66596e+08 3665.96 1.62852e+06
1e+10 3.68006e+08 3680.06 1.61477e+06
1e+10 3.69422e+08 3694.22 1.60112e+06
1e+10 3.70843e+08 3708.43 1.58759e+06
1e+10 3.72269e+08 3722.69 1.57418e+06
1e+10 3.73701e+08 3737.01 1.56087e+06
1e+10 3.75138e+08 3751.38 1.54767e+06
1e+10 3.76581e+08 3765.81 1.53457e+06
1e+10 3.7803e+08 3780.3 1.52158e+06
1e+10 3.79484e+08 3794.84 1.50869e+06
1e+10 3.80943e+08 3809.43 1.49592e+06
1e+10 3.82408e+08 3824.08 1.48325e+06
1e+10 3.83879e+08 3838.79 1.47067e+06
1e+10 3.85356e+08 3853.56 1.4582e+06
1e+10 3.86838e+08 3868.38 1.44584e+06
1e+10 3.88326e+08 3883.26 1.43357e+06
1e+10 3.8982e+08 3898.2 1.4214e+06
1e+10 3.91319e+08 3913.19 1.40933e+06
1e+10 3.92824e+08 3928.24 1.39736e+06
1e+10 3.94335e+08 3943.35 1.38549e+06
1e+10 3.95852e+08 3958.52 1.37371e+06
1e+10 3.97374e+08 3973.74 1.36204e+06
1e+10 3.98903e+08 3989.03 1.35045e+06
1e+10 4.00437e+08 4004.37 1.33896e+06
1e+10 4.01977e+08 4019.77 1.32757e+06
1e+10 4.03523e+08 4035.23 1.31626e+06
1e+10 4.05075e+08 4050.75 1.30505e+06
1e+10 4.06633e+08 4066.33 1.29393e+06
1e+10 4.08197e+08 4081.97 1.28291e+06
1e+10 4.09768e+08 4097.68 1.27196e+06
1e+10 4.11344e+08 4113.44 1.26111e+06
1e+10 4.12926e+08 4129.26 1.25035e+06
1e+10 4.14514e+08 4145.14 1.23968e+06
1e+10 4.16108e+08 4161.08 1.2291e+06
1e+10 4.17709e+08 4177.09 1.2186e+06
1e+10 4.19315e+08 4193.15 1.20819e+06
1e+10 4.20928e+08 4209.28 1.19786e+06
1e+10 4.22547e+08 4225.47 1.18761e+06
1e+10 4.24173e+08 4241.73 1.17745e+06
1e+10 4.25804e+08 4258.04 1.16738e+06
1e+10 4.27442e+08 4274.42 1.15738e+06
1e+10 4.29086e+08 4290.86 1.14747e+06
1e+10 4.30736e+08 4307.36 1.13764e+06
1e+10 4.32393e+08 4323.93 1.12789e+06
1e+10 4.34056e+08 4340.56 1.11822e+06
1e+10 4.35726e+08 4357.26 1.10863e+06
1e+10 4.37402e+08 4374.02 1.09911e+06
1e+10 4.39084e+08 4390.84 1.08968e+06
1e+10 4.40773e+08 4407.73 1.08032e+06
1e+10 4.42468e+08 4424.68 1.07105e+06
1e+10 4.4417e+08 4441.7 1.06184e+06
1e+10 4.45878e+08 4458.78 1.05272e+06
1e+10 4.47593e+08 4475.93 1.04366e+06
1e+10 4.49315e+08 4493.15 1.03468e+06
1e+10 4.51043e+08 4510.43 1.02578e+06
1e+10 4.52778e+08 4527.78 1.01695e+06
1e+10 4.54519e+08 4545.19 1.00819e+06
1e+10 4.56268e+08 4562.68 999497
1e+10 4.58023e+08 4580.23 990881
1e+10 4.59784e+08 4597.84 982340
1e+10 4.61553e+08 4615.53 973863
1e+10 4.63328e+08 4633.28 965460
1e+10 4.6511e+08 4651.1 957125
1e+10 4.66899e+08 4668.99 948858
1e+10 4.68695e+08 4686.95 940658
1e+10 4.70498e+08 4704.98 932526
1e+10 4.72307e+08 4723.07 924465
1e+10 4.74124e+08 4741.24 916466
1e+10 4.75948e+08 4759.48 908533
1e+10 4.77778e+08 4777.78 900670
1e+10 4.79616e+08 4796.16 892867
1e+10 4.81461e+08 4814.61 885129
1e+10 4.83313e+08 4833.13 877456
1e+10 4.85172e+08 4851.72 869846
1e+10 4.87038e+08 4870.38 862300
1e+10 4.88911e+08 4889.11 854817
1e+10 4.90791e+08 4907.91 847397
1e+10 4.92679e+08 4926.79 840035
1e+10 4.94574e+08 4945.74 832735
1e+10 4.96476e+08 4964.76 825497
1e+10 4.98386e+08 4983.86 818316
1e+10 5.00303e+08 5003.03 811195
1e+10 5.02227e+08 5022.27 804135
1e+10 5.04159e+08 5041.59 797132
1e+10 5.06098e+08 5060.98 790187
1e+10 5.08045e+08 5080.45 783299
1e+10 5.09999e+08 5099.99 776469
1e+10 5.1196e+08 5119.6 769698
1e+10 5.1393e+08 5139.3 762978
1e+10 5.15906e+08 5159.06 756319
1e+10 5.17891e+08 5178.91 749711
1e+10 5.19883e+08 5198.83 743160
1e+10 5.21882e+08 5218.82 736665
1e+10 5.2389e+08 5238.9 730220
1e+10 5.25905e+08 5259.05 723831
1e+10 5.27927e+08 5279.27 717498
1e+10 5.29958e+08 5299.58 711213
1e+10 5.31996e+08 5319.96 704983
1e+10 5.34043e+08 5340.43 698802
1e+10 5.36097e+08 5360.97 692674
1e+10 5.38159e+08 5381.59 686598
1e+10 5.40229e+08 5402.29 680571
1e+10 5.42306e+08 5423.06 674598
1e+10 5.44392e+08 5443.92 668672
1e+10 5.46486e+08 5464.86 662795
1e+10 5.48588e+08 5485.88 656967
1e+10 5.50698e+08 5506.98 651188
1e+10 5.52816e+08 5528.16 645458
1e+10 5.54943e+08 5549.43 639773
1e+10 5.57077e+08 5570.77 634139
1e+10 5.5922e+08 5592.2 628550
1e+10 5.61371e+08 5613.71 623009
1e+10 5.6353e+08 5635.3 617514
1e+10 5.65697e+08 5656.97 612066
1e+10 5.67873e+08 5678.73 606662
1e+10 5.70057e+08 5700.57 601304
1e+10 5.7225e+08 5722.5 595989
1e+10 5.74451e+08 5744.51 590720
1e+10 5.76661e+08 5766.61 585494
1e+10 5.78879e+08 5788.79 580313
1e+10 5.81105e+08 5811.05 575177
1e+10 5.8334e+08 5833.4 570082
1e+10 5.85584e+08 5855.84 565030
1e+10 5.87836e+08 5878.36 560021
1e+10 5.90097e+08 5900.97 555053
1e+10 5.92367e+08 5923.67 550127
1e+10 5.94645e+08 5946.45 545243
1e+10 5.96933e+08 5969.33 540398
1e+10 5.99229e+08 5992.29 535596
1e+10 6.01533e+08 6015.33 530835
1e+10 6.03847e+08 6038.47 526112
1e+10 6.0617e+08 6061.7 521429
1e+10 6.08501e+08 6085.01 516787
1e+10 6.10842e+08 6108.42 512182
1e+10 6.13191e+08 6131.91 507618
1e+10 6.1555e+08 6155.5 503090
1e+10 6.17917e+08 6179.17 498603
1e+10 6.20294e+08 6202.94 494152
1e+10 6.2268e+08 6226.8 489738
1e+10 6.25075e+08 6250.75 485363
1e+10 6.27479e+08 6274.79 481024
1e+10 6.29892e+08 6298.92 476723
1e+10 6.32315e+08 6323.15 472456
1e+10 6.34747e+08 6347.47 468227
1e+10 6.37189e+08 6371.89 464031
1e+10 6.3964e+08 6396.4 459873
1e+10 6.421e+08 6421 455749
1e+10 6.4457e+08 6445.7 451660
1e+10 6.47049e+08 6470.49 447607
1e+10 6.49537e+08 6495.37 443588
1e+10 6.52036e+08 6520.36 439602
1e+10 6.54544e+08 6545.44 435650
1e+10 6.57061e+08 6570.61 431732
1e+10 6.59589e+08 6595.89 427846
1e+10 6.62125e+08 6621.25 423996
1e+10 6.64672e+08 6646.72 420176
1e+10 6.67229e+08 6672.29 416388
1e+10 6.69795e+08 6697.95 412634
1e+10 6.72371e+08 6723.71 408912
1e+10 6.74957e+08 6749.57 405221
1e+10 6.77554e+08 6775.54 401559
1e+10 6.8016e+08 6801.6 397931
1e+10 6.82776e+08 6827.76 394333
1e+10 6.85402e+08 6854.02 390766
1e+10 6.88038e+08 6880.38 387230
1e+10 6.90685e+08 6906.85 383723
1e+10 6.93341e+08 6933.41 380247
1e+10 6.96008e+08 6960.08 376799
1e+10 6.98685e+08 6986.85 373382
1e+10 7.01372e+08 7013.72 369994
1e+10 7.0407e+08 7040.7 366634
1e+10 7.06778e+08 7067.78 363303
1e+10 7.09497e+08 7094.97 360000
1e+10 7.12226e+08 7122.26 356726
1e+10 7.14965e+08 7149.65 353480
1e+10 7.17715e+08 7177.15 350262
1e+10 7.20475e+08 7204.75 347071
1e+10 7.23247e+08 7232.47 343907
1e+10 7.26028e+08 7260.28 340771
1e+10 7.28821e+08 7288.21 337661
1e+10 7.31624e+08 7316.24 334579
1e+10 7.34438e+08 7344.38 331522
1e+10 7.37263e+08 7372.63 328492
1e+10 7.40099e+08 7400.99 325487
1e+10 7.42946e+08 7429.46 322509
1e+10 7.45803e+08 7458.03 319557
1e+10 7.48672e+08 7486.72 316629
1e+10 7.51551e+08 7515.51 313727
1e+10 7.54442e+08 7544.42 310849
1e+10 7.57344e+08 7573.44 307997
1e+10 7.60257e+08 7602.57 305169
1e+10 7.63181e+08 7631.81 302365
1e+10 7.66116e+08 7661.16 299586
1e+10 7.69063e+08 7690.63 296830
1e+10 7.72021e+08 7720.21 294099
1e+10 7.74991e+08 7749.91 291390
1e+10 7.77971e+08 7779.71 288706
1e+10 7.80964e+08 7809.64 286044
1e+10 7.83968e+08 7839.68 283405
1e+10 7.86983e+08 7869.83 280790
1e+10 7.9001e+08 7900.1 278196
1e+10 7.93049e+08 7930.49 275625
1e+10 7.96099e+08 7960.99 273077
1e+10 7.99161e+08 7991.61 270551
1e+10 8.02235e+08 8022.35 268046
1e+10 8.0532e+08 8053.2 265564
1e+10 8.08418e+08 8084.18 263102
1e+10 8.11527e+08 8115.27 260662
1e+10 8.14649e+08 8146.49 258243
1e+10 8.17782e+08 8177.82 255846
1e+10 8.20927e+08 8209.27 253469
1e+10 8.24085e+08 8240.85 251112
1e+10 8.27255e+08 8272.55 248776
1e+10 8.30437e+08 8304.37 246461
1e+10 8.33631e+08 8336.31 244166
1e+10 8.36837e+08 8368.37 241890
1e+10 8.40056e+08 8400.56 239635
1e+10 8.43287e+08 8432.87 237399
1e+10 8.4653e+08 8465.3 235183
1e+10 8.49786e+08 8497.86 232986
1e+10 8.53055e+08 8530.55 230808
1e+10 8.56336e+08 8563.36 228649
1e+10 8.5963e+08 8596.3 226509
1e+10 8.62936e+08 8629.36 224388
1e+10 8.66255e+08 8662.55 222285
1e+10 8.69587e+08 8695.87 220201
1e+10 8.72932e+08 8729.32 218134
1e+10 8.76289e+08 8762.89 216087
1e+10 8.7966e+08 8796.6 214056
1e+10 8.83043e+08 8830.43 212044
1e+10 8.8644e+08 8864.4 210049
1e+10 8.89849e+08 8898.49 208072
1e+10 8.93272e+08 8932.72 206112
1e+10 8.96708e+08 8967.08 204170
1e+10 9.00157e+08 9001.57 202244
1e+10 9.03619e+08 9036.19 200336
1e+10 9.07095e+08 9070.95 198444
1e+10 9.10583e+08 9105.83 196569
1e+10 9.14086e+08 9140.86 194710
1e+10 9.17602e+08 9176.02 192868
1e+10 9.21131e+08 9211.31 191042
1e+10 9.24674e+08 9246.74 189232
1e+10 9.28231e+08 9282.31 187438
1e+10 9.31801e+08 9318.01 185660
1e+10 9.35385e+08 9353.85 183897
1e+10 9.38983e+08 9389.83 182150
1e+10 9.42594e+08 9425.94 180419
1e+10 9.4622e+08 9462.2 178703
1e+10 9.49859e+08 9498.59 177002
1e+10 9.53513e+08 9535.13 175316
1e+10 9.5718e+08 9571.8 173645
1e+10 9.60862e+08 9608.62 171989
1e+10 9.64557e+08 9645.57 170348
1e+10 9.68267e+08 9682.67 168721
1e+10 9.71992e+08 9719.92 167108
1e+10 9.7573e+08 9757.3 165510
1e+10 9.79483e+08 9794.83 163927
1e+10 9.83251e+08 9832.51 162357
1e+10 9.87032e+08 9870.32 160801
1e+10 9.90829e+08 9908.29 159259
1e+10 9.9464e+08 9946.4 157731
1e+10 9.98466e+08 9984.66 156216
1e+10 1.00231e+09 10023.1 154713
1e+10 1.00616e+09 10061.6 153227
1e+10 1.01003e+09 10100.3 151753
1e+10 1.01392e+09 10139.2 150290
1e+10 1.01782e+09 10178.2 148841
1e+10 1.02173e+09 10217.3 147408
1e+10 1.02566e+09 10256.6 145985
1e+10 1.02961e+09 10296.1 144574
1e+10 1.03357e+09 10335.7 143177
1e+10 1.03754e+09 10375.4 141794
1e+10 1.04153e+09 10415.3 140422
1e+10 1.04554e+09 10455.4 139061
1e+10 1.04956e+09 10495.6 137714
1e+10 1.0536e+09 10536 136377
1e+10 1.05765e+09 10576.5 135054
1e+10 1.06172e+09 10617.2 133742
1e+10 1.0658e+09 10658 132443
1e+10 1.0699e+09 10699 131155
1e+10 1.07401e+09 10740.1 129880
1e+10 1.07815e+09 10781.5 128612
1e+10 1.08229e+09 10822.9 127361
1e+10 1.08646e+09 10864.6 126116
1e+10 1.09063e+09 10906.3 124888
1e+10 1.09483e+09 10948.3 123666
1e+10 1.09904e+09 10990.4 122458
1e+10 1.10327e+09 11032.7 121259
1e+10 1.10751e+09 11075.1 120073
1e+10 1.11177e+09 11117.7 118896
1e+10 1.11605e+09 11160.5 117729
1e+10 1.12034e+09 11203.4 116575
1e+10 1.12465e+09 11246.5 115430
1e+10 1.12897e+09 11289.7 114297
1e+10 1.13332e+09 11333.2 113171
1e+10 1.13768e+09 11376.8 112057
1e+10 1.14205e+09 11420.5 110954
1e+10 1.14644e+09 11464.4 109861
1e+10 1.15085e+09 11508.5 108778
1e+10 1.15528e+09 11552.8 107703
1e+10 1.15972e+09 11597.2 106640
1e+10 1.16419e+09 11641.9 105583
1e+10 1.16866e+09 11686.6 104540
1e+10 1.17316e+09 11731.6 103504
1e+10 1.17767e+09 11776.7 102479
1e+10 1.1822e+09 11822 101462
1e+10 1.18675e+09 11867.5 100455
1e+10 1.19131e+09 11913.1 99457.7
1e+10 1.19589e+09 11958.9 98469.4
1e+10 1.20049e+09 12004.9 97489.7
1e+10 1.20511e+09 12051.1 96518.6
1e+10 1.20975e+09 12097.5 95555.8
1e+10 1.2144e+09 12144 94603.5
1e+10 1.21907e+09 12190.7 93659.5
1e+10 1.22376e+09 12237.6 92723.9
1e+10 1.22847e+09 12284.7 91796.4
1e+10 1.23319e+09 12331.9 90879
1e+10 1.23793e+09 12379.3 89969.8
1e+10 1.2427e+09 12427 89066.7
1e+10 1.24748e+09 12474.8 88173.4
1e+10 1.25227e+09 12522.7 87290
1e+10 1.25709e+09 12570.9 86412.7
1e+10 1.26193e+09 12619.3 85543.1
1e+10 1.26678e+09 12667.8 84683.2
1e+10 1.27165e+09 12716.5 83831
1e+10 1.27654e+09 12765.4 82986.4
1e+10 1.28145e+09 12814.5 82149.5
1e+10 1.28638e+09 12863.8 81320.1
1e+10 1.29133e+09 12913.3 80498.3
1e+10 1.2963e+09 12963 79683.9
1e+10 1.30128e+09 13012.8 78878.6
1e+10 1.30629e+09 13062.9 78079.1
1e+10 1.31131e+09 13113.1 77288.4
1e+10 1.31636e+09 13163.6 76503.5
1e+10 1.32142e+09 13214.2 75727.3
1e+10 1.3265e+09 13265 74958.2
1e+10 1.3316e+09 13316 74196.3
1e+10 1.33672e+09 13367.2 73441.4
1e+10 1.34187e+09 13418.7 72692.1
1e+10 1.34703e+09 13470.3 71951.2
1e+10 1.35221e+09 13522.1 71217.2
1e+10 1.35741e+09 13574.1 70490.1
1e+10 1.36263e+09 13626.3 69769.8
1e+10 1.36787e+09 13678.7 69056.2
1e+10 1.37313e+09 13731.3 68349.4
1e+10 1.37841e+09 13784.1 67649.2
1e+10 1.38372e+09 13837.2 66954.4
1e+10 1.38904e+09 13890.4 66267.4
1e+10 1.39438e+09 13943.8 65587
1e+10 1.39974e+09 13997.4 64913
1e+10 1.40513e+09 14051.3 64244.2
1e+10 1.41053e+09 14105.3 63583.1
1e+10 1.41596e+09 14159.6 62927
1e+10 1.4214e+09 14214 62278.5
1e+10 1.42687e+09 14268.7 61635
1e+10 1.43236e+09 14323.6 60997.7
1e+10 1.43787e+09 14378.7 60366.6
1e+10 1.4434e+09 14434 59741.6
1e+10 1.44895e+09 14489.5 59122.7
1e+10 1.45452e+09 14545.2 58509.8
1e+10 1.46012e+09 14601.2 57901.7
1e+10 1.46573e+09 14657.3 57300.7
1e+10 1.47137e+09 14713.7 56704.5
1e+10 1.47703e+09 14770.3 56114.2
1e+10 1.48271e+09 14827.1 55529.6
1e+10 1.48842e+09 14884.2 54949.9
1e+10 1.49414e+09 14941.4 54376.8
1e+10 1.49989e+09 14998.9 53808.4
1e+10 1.50566e+09 15056.6 53245.6
1e+10 1.51145e+09 15114.5 52688.5
1e+10 1.51726e+09 15172.6 52136.9
1e+10 1.5231e+09 15231 51589.8
1e+10 1.52896e+09 15289.6 51048.2
1e+10 1.53484e+09 15348.4 50512.1
1e+10 1.54074e+09 15407.4 49981.3
1e+10 1.54667e+09 15466.7 49455
1e+10 1.55261e+09 15526.1 48934.8
1e+10 1.55859e+09 15585.9 48418.2
1e+10 1.56458e+09 15645.8 47907.6
1e+10 1.5706e+09 15706 47401.4
1e+10 1.57664e+09 15766.4 46900.3
1e+10 1.5827e+09 15827 46404.4
1e+10 1.58879e+09 15887.9 45912.6
1e+10 1.5949e+09 15949 45425.9
1e+10 1.60104e+09 16010.4 44943.4
1e+10 1.6072e+09 16072 44465.9
1e+10 1.61338e+09 16133.8 43993.2
1e+10 1.61958e+09 16195.8 43525.4
1e+10 1.62581e+09 16258.1 43061.7
1e+10 1.63207e+09 16320.7 42602.1
1e+10 1.63834e+09 16383.4 42147.9
1e+10 1.64464e+09 16446.4 41697.8
1e+10 1.65097e+09 16509.7 41251.6
1e+10 1.65732e+09 16573.2 40810.1
1e+10 1.66369e+09 16636.9 40373.2
1e+10 1.67009e+09 16700.9 39940.1
1e+10 1.67652e+09 16765.2 39511
1e+10 1.68297e+09 16829.7 39086.3
1e+10 1.68944e+09 16894.4 38666.1
1e+10 1.69594e+09 16959.4 38249.7
1e+10 1.70246e+09 17024.6 37837.7
1e+10 1.70901e+09 17090.1 37429.4
1e+10 1.71558e+09 17155.8 37025.5
1e+10 1.72218e+09 17221.8 36625.2
1e+10 1.7288e+09 17288 36229.2
1e+10 1.73545e+09 17354.5 35836.9
1e+10 1.74213e+09 17421.3 35448.1
1e+10 1.74883e+09 17488.3 35063.5
1e+10 1.75556e+09 17555.6 34682.4
1e+10 1.76231e+09 17623.1 34305.5
1e+10 1.76909e+09 17690.9 33932
1e+10 1.77589e+09 17758.9 33562.6
1e+10 1.78272e+09 17827.2 33196.6
1e+10 1.78958e+09 17895.8 32834.1
1e+10 1.79646e+09 17964.6 32475.4
1e+10 1.80337e+09 18033.7 32120.2
1e+10 1.81031e+09 18103.1 31768.3
1e+10 1.81727e+09 18172.7 31420.3
1e+10 1.82426e+09 18242.6 31075.5
1e+10 1.83128e+09 18312.8 30734
1e+10 1.83832e+09 18383.2 30396.3
1e+10 1.84539e+09 18453.9 30061.8
1e+10 1.85249e+09 18524.9 29730.6
1e+10 1.85962e+09 18596.2 29402.5
1e+10 1.86677e+09 18667.7 29078
1e+10 1.87395e+09 18739.5 28756.6
1e+10 1.88116e+09 18811.6 28438.4
1e+10 1.88839e+09 18883.9 28123.7
1e+10 1.89565e+09 18956.5 27812.1
1e+10 1.90295e+09 19029.5 27503.1
1e+10 1.91027e+09 19102.7 27197.6
1e+10 1.91761e+09 19176.1 26895.4
1e+10 1.92499e+09 19249.9 26595.8
1e+10 1.93239e+09 19323.9 26299.6
1e+10 1.93983e+09 19398.3 26005.9
1e+10 1.94729e+09 19472.9 25715.6
1e+10 1.95478e+09 19547.8 25428.1
1e+10 1.96229e+09 19622.9 25143.8
1e+10 1.96984e+09 19698.4 24862.1
1e+10 1.97742e+09 19774.2 24583.1
1e+10 1.98502e+09 19850.2 24307.3
1e+10 1.99266e+09 19926.6 24034
1e+10 2.00032e+09 20003.2 23763.7
1e+10 2.00802e+09 20080.2 23495.8
1e+10 2.01574e+09 20157.4 23231
1e+10 2.02349e+09 20234.9 22968.9
1e+10 2.03128e+09 20312.8 22709.1
1e+10 2.03909e+09 20390.9 22452.3
1e+10 2.04693e+09 20469.3 22198.2
1e+10 2.05481e+09 20548.1 21946.3
1e+10 2.06271e+09 20627.1 21697.3
1e+10 2.07064e+09 20706.4 21450.9
1e+10 2.07861e+09 20786.1 21206.7
1e+10 2.0866e+09 20866 20965.4
1e+10 2.09463e+09 20946.3 20726.3
1e+10 2.10269e+09 21026.9 20489.7
1e+10 2.11077e+09 21107.7 20255.8
1e+10 2.11889e+09 21188.9 20024.1
1e+10 2.12704e+09 21270.4 19794.8
1e+10 2.13522e+09 21352.2 19567.9
1e+10 2.14344e+09 21434.4 19343.2
1e+10 2.15168e+09 21516.8 19121.1
1e+10 2.15996e+09 21599.6 18901
1e+10 2.16826e+09 21682.6 18683.6
1e+10 2.1766e+09 21766 18468.2
1e+10 2.18498e+09 21849.8 18254.9
1e+10 2.19338e+09 21933.8 18044.1
1e+10 2.20182e+09 22018.2 17835.3
1e+10 2.21028e+09 22102.8 17629
1e+10 2.21879e+09 22187.9 17424.4
1e+10 2.22732e+09 22273.2 17222.2
1e+10 2.23589e+09 22358.9 17022
1e+10 2.24449e+09 22444.9 16824
1e+10 2.25312e+09 22531.2 16628.1
1e+10 2.26179e+09 22617.9 16434.2
1e+10 2.27049e+09 22704.9 16242.3
1e+10 2.27922e+09 22792.2 16052.6
1e+10 2.28798e+09 22879.8 15864.9
1e+10 2.29679e+09 22967.9 15678.8
1e+10 2.30562e+09 23056.2 15495
1e+10 2.31449e+09 23144.9 15313
1e+10 2.32339e+09 23233.9 15133.1
1e+10 2.33233e+09 23323.3 14954.9
1e+10 2.3413e+09 23413 14778.7
1e+10 2.3503e+09 23503 14604.5
1e+10 2.35934e+09 23593.4 14432
1e+10 2.36842e+09 23684.2 14261.2
1e+10 2.37753e+09 23775.3 14092.4
1e+10 2.38667e+09 23866.7 13925.4
1e+10 2.39585e+09 23958.5 13760.2
1e+10 2.40507e+09 24050.7 13596.6
1e+10 2.41432e+09 24143.2 13434.9
1e+10 2.4236e+09 24236 13275
1e+10 2.43292e+09 24329.2 13116.7
1e+10 2.44228e+09 24422.8 12960.1
1e+10 2.45168e+09 24516.8 12805
1e+10 2.46111e+09 24611.1 12651.8
1e+10 2.47057e+09 24705.7 12500.3
1e+10 2.48008e+09 24800.8 12350.2
1e+10 2.48961e+09 24896.1 12202
1e+10 2.49919e+09 24991.9 12055.2
1e+10 2.5088e+09 25088 11910.1
1e+10 2.51845e+09 25184.5 11766.5
1e+10 2.52814e+09 25281.4 11624.4
1e+10 2.53786e+09 25378.6 11484
1e+10 2.54762e+09 25476.2 11345.1
1e+10 2.55742e+09 25574.2 11207.6
1e+10 2.56726e+09 25672.6 11071.6
1e+10 2.57713e+09 25771.3 10937.2
1e+10 2.58705e+09 25870.5 10804.1
1e+10 2.597e+09 25970 10672.6
1e+10 2.60699e+09 26069.9 10542.5
1e+10 2.61701e+09 26170.1 10413.9
1e+10 2.62708e+09 26270.8 10286.6
1e+10 2.63718e+09 26371.8 10160.8
1e+10 2.64733e+09 26473.3 10036.2
1e+10 2.65751e+09 26575.1 9913.1
1e+10 2.66773e+09 26677.3 9791.36
1e+10 2.67799e+09 26779.9 9670.95
1e+10 2.68829e+09 26882.9 9551.86
1e+10 2.69863e+09 26986.3 9434.09
1e+10 2.70901e+09 27090.1 9317.62
1e+10 2.71943e+09 27194.3 9202.44
1e+10 2.72989e+09 27298.9 9088.54
1e+10 2.74039e+09 27403.9 8975.9
1e+10 2.75093e+09 27509.3 8864.53
1e+10 2.76151e+09 27615.1 8754.39
1e+10 2.77213e+09 27721.3 8645.5
1e+10 2.7828e+09 27828 8537.72
1e+10 2.7935e+09 27935 8431.27
1e+10 2.80424e+09 28042.4 8326.01
1e+10 2.81503e+09 28150.3 8221.85
1e+10 2.82586e+09 28258.6 8118.87
1e+10 2.83673e+09 28367.3 8017.06
1e+10 2.84764e+09 28476.4 7916.42
1e+10 2.85859e+09 28585.9 7816.92
1e+10 2.86959e+09 28695.9 7718.48
1e+10 2.88062e+09 28806.2 7621.26
1e+10 2.8917e+09 28917 7525.06
1e+10 2.90283e+09 29028.3 7429.9
1e+10 2.91399e+09 29139.9 7335.92
1e+10 2.9252e+09 29252 7242.95
1e+10 2.93645e+09 29364.5 7151.05
1e+10 2.94774e+09 29477.4 7060.23
1e+10 2.95908e+09 29590.8 6970.39
1e+10 2.97046e+09 29704.6 6881.61
1e+10 2.98189e+09 29818.9 6793.79
1e+10 2.99336e+09 29933.6 6707
1e+10 3.00487e+09 30048.7 6621.24
1e+10 3.01643e+09 30164.3 6536.41
1e+10 3.02803e+09 30280.3 6452.6
1e+10 3.03968e+09 30396.8 6369.7
1e+10 3.05137e+09 30513.7 6287.8
1e+10 3.06311e+09 30631.1 6206.8
1e+10 3.07489e+09 30748.9 6126.77
1e+10 3.08671e+09 30867.1 6047.7
1e+10 3.09859e+09 30985.9 5969.45
1e+10 3.11051e+09 31105.1 5892.14
1e+10 3.12247e+09 31224.7 5815.77
1e+10 3.13448e+09 31344.8 5740.25
1e+10 3.14654e+09 31465.4 5665.59
1e+10 3.15864e+09 31586.4 5591.84
1e+10 3.17079e+09 31707.9 5518.93
1e+10 3.18298e+09 31829.8 5446.9
1e+10 3.19523e+09 31952.3 5375.65
1e+10 3.20752e+09 32075.2 5305.26
1e+10 3.21985e+09 32198.5 5235.74
1e+10 3.23224e+09 32322.4 5166.97
1e+10 3.24467e+09 32446.7 5099.05
1e+10 3.25715e+09 32571.5 5031.91
1e+10 3.26968e+09 32696.8 4965.55
1e+10 3.28225e+09 32822.5 4900.02
1e+10 3.29488e+09 32948.8 4835.21
1e+10 3.30755e+09 33075.5 4771.2
1e+10 3.32027e+09 33202.7 4707.94
1e+10 3.33304e+09 33330.4 4645.43
1e+10 3.34586e+09 33458.6 4583.66
1e+10 3.35873e+09 33587.3 4522.62
1e+10 3.37165e+09 33716.5 4462.3
1e+10 3.38462e+09 33846.2 4402.7
1e+10 3.39764e+09 33976.4 4343.81
1e+10 3.41071e+09 34107.1 4285.63
1e+10 3.42382e+09 34238.2 4228.18
1e+10 3.43699e+09 34369.9 4171.39
1e+10 3.45021e+09 34502.1 4115.27
1e+10 3.46348e+09 34634.8 4059.84
1e+10 3.47681e+09 34768.1 4005.04
1e+10 3.49018e+09 34901.8 3950.94
1e+10 3.5036e+09 35036 3897.5
1e+10 3.51708e+09 35170.8 3844.68
1e+10 3.53061e+09 35306.1 3792.5
1e+10 3.54419e+09 35441.9 3740.96
1e+10 3.55782e+09 35578.2 3690.05
1e+10 3.5715e+09 35715 3639.78
1e+10 3.58524e+09 35852.4 3590.09
1e+10 3.59903e+09 35990.3 3541.01
1e+10 3.61287e+09 36128.7 3492.54
1e+10 3.62677e+09 36267.7 3444.65
1e+10 3.64072e+09 36407.2 3397.35
1e+10 3.65472e+09 36547.2 3350.64
1e+10 3.66878e+09 36687.8 3304.49
1e+10 3.68289e+09 36828.9 3258.92
1e+10 3.69706e+09 36970.6 3213.89
1e+10 3.71128e+09 37112.8 3169.43
1e+10 3.72555e+09 37255.5 3125.53
1e+10 3.73988e+09 37398.8 3082.16
1e+10 3.75426e+09 37542.6 3039.34
1e+10 3.7687e+09 37687 2997.05
1e+10 3.7832e+09 37832 2955.26
1e+10 3.79775e+09 37977.5 2914.01
1e+10 3.81236e+09 38123.6 2873.26
1e+10 3.82702e+09 38270.2 2833.04
1e+10 3.84174e+09 38417.4 2793.31
1e+10 3.85652e+09 38565.2 2754.07
1e+10 3.87135e+09 38713.5 2715.34
1e+10 3.88624e+09 38862.4 2677.08
1e+10 3.90119e+09 39011.9 2639.3
1e+10 3.91619e+09 39161.9 2602.02
1e+10 3.93126e+09 39312.6 2565.17
1e+10 3.94638e+09 39463.8 2528.81
1e+10 3.96156e+09 39615.6 2492.91
1e+10 3.97679e+09 39767.9 2457.48
1e+10 3.99209e+09 39920.9 2422.47
1e+10 4.00745e+09 40074.5 2387.91
1e+10 4.02286e+09 40228.6 2353.8
1e+10 4.03833e+09 40383.3 2320.13
1e+10 4.05387e+09 40538.7 2286.86
1e+10 4.06946e+09 40694.6 2254.05
1e+10 4.08511e+09 40851.1 2221.65
1e+10 4.10082e+09 41008.2 2189.66
1e+10 4.1166e+09 41166 2158.07
1e+10 4.13243e+09 41324.3 2126.91
1e+10 4.14832e+09 41483.2 2096.15
1e+10 4.16428e+09 41642.8 2065.77
1e+10 4.1803e+09 41803 2035.78
1e+10 4.19638e+09 41963.8 2006.19
1e+10 4.21252e+09 42125.2 1976.98
1e+10 4.22872e+09 42287.2 1948.15
1e+10 4.24498e+09 42449.8 1919.71
1e+10 4.26131e+09 42613.1 1891.62
1e+10 4.2777e+09 42777 1863.9
1e+10 4.29415e+09 42941.5 1836.55
1e+10 4.31067e+09 43106.7 1809.55
1e+10 4.32725e+09 43272.5 1782.91
1e+10 4.34389e+09 43438.9 1756.62
1e+10 4.3606e+09 43606 1730.67
1e+10 4.37737e+09 43773.7 1705.06
1e+10 4.39421e+09 43942.1 1679.79
1e+10 4.41111e+09 44111.1 1654.86
1e+10 4.42808e+09 44280.8 1630.25
1e+10 4.44511e+09 44451.1 1605.97
1e+10 4.46221e+09 44622.1 1582.01
1e+10 4.47937e+09 44793.7 1558.38
1e+10 4.4966e+09 44966 1535.05
1e+10 4.5139e+09 45139 1512.04
1e+10 4.53126e+09 45312.6 1489.33
1e+10 4.54869e+09 45486.9 1466.93
1e+10 4.56618e+09 45661.8 1444.84
1e+10 4.58374e+09 45837.4 1423.04
1e+10 4.60138e+09 46013.8 1401.52
1e+10 4.61907e+09 46190.7 1380.31
1e+10 4.63684e+09 46368.4 1359.37
1e+10 4.65467e+09 46546.7 1338.73
1e+10 4.67258e+09 46725.8 1318.35
1e+10 4.69055e+09 46905.5 1298.26
1e+10 4.70859e+09 47085.9 1278.44
1e+10 4.7267e+09 47267 1258.88
1e+10 4.74488e+09 47448.8 1239.6
1e+10 4.76313e+09 47631.3 1220.58
1e+10 4.78145e+09 47814.5 1201.82
1e+10 4.79984e+09 47998.4 1183.31
1e+10 4.81831e+09 48183.1 1165.05
1e+10 4.83684e+09 48368.4 1147.06
1e+10 4.85544e+09 48554.4 1129.31
1e+10 4.87412e+09 48741.2 1111.8
1e+10 4.89286e+09 48928.6 1094.54
1e+10 4.91168e+09 49116.8 1077.51
1e+10 4.93058e+09 49305.8 1060.72
1e+10 4.94954e+09 49495.4 1044.16
1e+10 4.96858e+09 49685.8 1027.83
1e+10 4.98769e+09 49876.9 1011.74
1e+10 5.00687e+09 50068.7 995.865
1e+10 5.02613e+09 50261.3 980.211
1e+10 5.04546e+09 50454.6 964.78
1e+10 5.06487e+09 50648.7 949.561
1e+10 5.08435e+09 50843.5 934.56
1e+10 5.10391e+09 51039.1 919.766
1e+10 5.12354e+09 51235.4 905.184
1e+10 5.14324e+09 51432.4 890.813
1e+10 5.16303e+09 51630.3 876.635
1e+10 5.18288e+09 51828.8 862.669
1e+10 5.20282e+09 52028.2 848.892
1e+10 5.22283e+09 52228.3 835.317
1e+10 5.24292e+09 52429.2 821.932
1e+10 5.26309e+09 52630.9 808.737
1e+10 5.28333e+09 52833.3 795.736
1e+10 5.30365e+09 53036.5 782.919
1e+10 5.32405e+09 53240.5 770.286
1e+10 5.34453e+09 53445.3 757.833
1e+10 5.36508e+09 53650.8 745.565
1e+10 5.38572e+09 53857.2 733.468
1e+10 5.40643e+09 54064.3 721.551
1e+10 5.42723e+09 54272.3 709.801
1e+10 5.4481e+09 54481 698.227
1e+10 5.46906e+09 54690.6 686.816
1e+10 5.4901e+09 54901 675.572
1e+10 5.51121e+09 55112.1 664.497
1e+10 5.53241e+09 55324.1 653.58
1e+10 5.55369e+09 55536.9 642.824
1e+10 5.57505e+09 55750.5 632.226
1e+10 5.59649e+09 55964.9 621.786
1e+10 5.61802e+09 56180.2 611.495
1e+10 5.63963e+09 56396.3 601.358
1e+10 5.66132e+09 56613.2 591.372
1e+10 5.68309e+09 56830.9 581.535
1e+10 5.70495e+09 57049.5 571.842
1e+10 5.7269e+09 57269 562.29
1e+10 5.74892e+09 57489.2 552.886
1e+10 5.77104e+09 57710.4 543.617
1e+10 5.79323e+09 57932.3 534.492
1e+10 5.81552e+09 58155.2 525.498
1e+10 5.83788e+09 58378.8 516.645
1e+10 5.86034e+09 58603.4 507.92
1e+10 5.88288e+09 58828.8 499.328
1e+10 5.90551e+09 59055.1 490.866
1e+10 5.92822e+09 59282.2 482.533
1e+10 5.95102e+09 59510.2 474.326
1e+10 5.97391e+09 59739.1 466.243
1e+10 5.99689e+09 59968.9 458.282
1e+10 6.01995e+09 60199.5 450.444
1e+10 6.04311e+09 60431.1 442.723
1e+10 6.06635e+09 60663.5 435.123
1e+10 6.08969e+09 60896.9 427.636
1e+10 6.11311e+09 61131.1 420.267
1e+10 6.13662e+09 61366.2 413.011
1e+10 6.16022e+09 61602.2 405.868
1e+10 6.18392e+09 61839.2 398.831
1e+10 6.2077e+09 62077 391.907
1e+10 6.23158e+09 62315.8 385.088
1e+10 6.25555e+09 62555.5 378.375
1e+10 6.27961e+09 62796.1 371.768
1e+10 6.30376e+09 63037.6 365.264
1e+10 6.32801e+09 63280.1 358.859
1e+10 6.35235e+09 63523.5 352.556
1e+10 6.37678e+09 63767.8 346.353
1e+10 6.40131e+09 64013.1 340.245
1e+10 6.42593e+09 64259.3 334.235
1e+10 6.45065e+09 64506.5 328.318
1e+10 6.47546e+09 64754.6 322.496
1e+10 6.50036e+09 65003.6 316.768
1e+10 6.52537e+09 65253.7 311.127
1e+10 6.55046e+09 65504.6 305.579
1e+10 6.57566e+09 65756.6 300.117
1e+10 6.60095e+09 66009.5 294.744
1e+10 6.62634e+09 66263.4 289.456
1e+10 6.65183e+09 66518.3 284.252
1e+10 6.67741e+09 66774.1 279.133
1e+10 6.7031e+09 67031 274.095
1e+10 6.72888e+09 67288.8 269.139
1e+10 6.75476e+09 67547.6 264.263
1e+10 6.78074e+09 67807.4 259.466
1e+10 6.80682e+09 68068.2 254.747
1e+10 6.833e+09 68330 250.105
1e+10 6.85928e+09 68592.8 245.538
1e+10 6.88567e+09 68856.7 241.045
1e+10 6.91215e+09 69121.5 236.627
1e+10 6.93874e+09 69387.4 232.28
1e+10 6.96543e+09 69654.3 228.004
1e+10 6.99222e+09 69922.2 223.8
1e+10 7.01911e+09 70191.1 219.665
1e+10 7.04611e+09 70461.1 215.598
1e+10 7.07321e+09 70732.1 211.598
1e+10 7.10042e+09 71004.2 207.664
1e+10 7.12773e+09 71277.3 203.796
1e+10 7.15514e+09 71551.4 199.993
1e+10 7.18266e+09 71826.6 196.253
1e+10 7.21029e+09 72102.9 192.575
1e+10 7.23802e+09 72380.2 188.96
1e+10 7.26586e+09 72658.6 185.404
1e+10 7.29381e+09 72938.1 181.909
1e+10 7.32186e+09 73218.6 178.473
1e+10 7.35002e+09 73500.2 175.095
1e+10 7.37829e+09 73782.9 171.774
1e+10 7.40667e+09 74066.7 168.509
1e+10 7.43516e+09 74351.6 165.3
1e+10 7.46376e+09 74637.6 162.145
1e+10 7.49247e+09 74924.7 159.044
1e+10 7.52129e+09 75212.9 155.997
1e+10 7.55022e+09 75502.2 153.001
1e+10 7.57926e+09 75792.6 150.058
1e+10 7.60841e+09 76084.1 147.165
1e+10 7.63767e+09 76376.7 144.322
1e+10 7.66705e+09 76670.5 141.528
1e+10 7.69654e+09 76965.4 138.782
1e+10 7.72614e+09 77261.4 136.085
1e+10 7.75586e+09 77558.6 133.434
1e+10 7.78569e+09 77856.9 130.83
1e+10 7.81564e+09 78156.4 128.27
1e+10 7.8457e+09 78457 125.756
1e+10 7.87587e+09 78758.7 123.287
1e+10 7.90617e+09 79061.7 120.86
1e+10 7.93658e+09 79365.8 118.476
1e+10 7.9671e+09 79671 116.135
1e+10 7.99775e+09 79977.5 113.834
1e+10 8.02851e+09 80285.1 111.575
1e+10 8.05939e+09 80593.9 109.356
1e+10 8.09039e+09 80903.9 107.176
1e+10 8.12151e+09 81215.1 105.036
1e+10 8.15274e+09 81527.4 102.934
1e+10 8.1841e+09 81841 100.869
1e+10 8.21558e+09 82155.8 98.8417
1e+10 8.24718e+09 82471.8 96.8509
1e+10 8.2789e+09 82789 94.8961
1e+10 8.31074e+09 83107.4 92.9768
1e+10 8.34271e+09 83427.1 91.0919
1e+10 8.3748e+09 83748 89.2414
1e+10 8.40701e+09 84070.1 87.4249
1e+10 8.43935e+09 84393.5 85.6412
1e+10 8.47181e+09 84718.1 83.8904
1e+10 8.50439e+09 85043.9 82.172
1e+10 8.5371e+09 85371 80.4849
1e+10 8.56994e+09 85699.4 78.8287
1e+10 8.6029e+09 86029 77.2034
1e+10 8.63599e+09 86359.9 75.6081
1e+10 8.66921e+09 86692.1 74.0422
1e+10 8.70255e+09 87025.5 72.5058
1e+10 8.73602e+09 87360.2 70.998
1e+10 8.76962e+09 87696.2 69.5183
1e+10 8.80336e+09 88033.6 68.0658
1e+10 8.83722e+09 88372.2 66.641
1e+10 8.87121e+09 88712.1 65.2429
1e+10 8.90533e+09 89053.3 63.8713
1e+10 8.93958e+09 89395.8 62.5256
1e+10 8.97396e+09 89739.6 61.2055
1e+10 9.00848e+09 90084.8 59.9102
1e+10 9.04313e+09 90431.3 58.6395
1e+10 9.07791e+09 90779.1 57.3933
1e+10 9.11283e+09 91128.3 56.1706
1e+10 9.14788e+09 91478.8 54.9715
1e+10 9.18307e+09 91830.7 53.7952
1e+10 9.21839e+09 92183.9 52.6417
1e+10 9.25384e+09 92538.4 51.5107
1e+10 9.28944e+09 92894.4 50.4011
1e+10 9.32517e+09 93251.7 49.3132
1e+10 9.36103e+09 93610.3 48.2467
1e+10 9.39704e+09 93970.4 47.2006
1e+10 9.43318e+09 94331.8 46.1751
1e+10 9.46946e+09 94694.6 45.1696
1e+10 9.50589e+09 95058.9 44.1836
1e+10 9.54245e+09 95424.5 43.2172
1e+10 9.57915e+09 95791.5 42.2699
1e+10 9.616e+09 96160 41.341
1e+10 9.65298e+09 96529.8 40.4308
1e+10 9.69011e+09 96901.1 39.5385
1e+10 9.72738e+09 97273.8 38.664
1e+10 9.7648e+09 97648 37.8067
1e+10 9.80236e+09 98023.6 36.9666
1e+10 9.84006e+09 98400.6 36.1435
1e+10 9.87791e+09 98779.1 35.3368
1e+10 9.9159e+09 99159 34.5464
1e+10 9.95404e+09 99540.4 33.7719
1e+10 9.99233e+09 99923.3 33.0129
1e+10 1.00308e+10 100308 32.2687
1e+10 1.00693e+10 100693 31.5418
1e+10 1.01081e+10 101081 30.827
1e+10 1.01469e+10 101469 30.1294
1e+10 1.0186e+10 101860 29.4434
1e+10 1.02252e+10 102252 28.7723
1e+10 1.02645e+10 102645 28.1159
1e+10 1.0304e+10 103040 27.4722
1e+10 1.03436e+10 103436 26.8426
1e+10 1.03834e+10 103834 26.2253
1e+10 1.04233e+10 104233 25.6216
1e+10 1.04634e+10 104634 25.0298
1e+10 1.05037e+10 105037 24.4497
1e+10 1.05441e+10 105441 23.8825
1e+10 1.05846e+10 105846 23.3279
1e+10 1.06253e+10 106253 22.7843
1e+10 1.06662e+10 106662 22.2516
1e+10 1.07072e+10 107072 21.7309
1e+10 1.07484e+10 107484 21.2207
1e+10 1.07897e+10 107897 20.722
1e+10 1.08312e+10 108312 20.2335
1e+10 1.08729e+10 108729 19.7548
1e+10 1.09147e+10 109147 19.2871
1e+10 1.09567e+10 109567 18.829
1e+10 1.09988e+10 109988 18.3813
1e+10 1.10412e+10 110412 17.9419
1e+10 1.10836e+10 110836 17.5136
1e+10 1.11262e+10 111262 17.0941
1e+10 1.1169e+10 111690 16.6835
1e+10 1.1212e+10 112120 16.2814
1e+10 1.12551e+10 112551 15.8886
1e+10 1.12984e+10 112984 15.5042
1e+10 1.13419e+10 113419 15.1278
1e+10 1.13855e+10 113855 14.7603
1e+10 1.14293e+10 114293 14.4007
1e+10 1.14733e+10 114733 14.0487
1e+10 1.15174e+10 115174 13.705
1e+10 1.15617e+10 115617 13.3687
1e+10 1.16062e+10 116062 13.0396
1e+10 1.16508e+10 116508 12.7184
1e+10 1.16956e+10 116956 12.4042
1e+10 1.17406e+10 117406 12.0968
1e+10 1.17857e+10 117857 11.7968
1e+10 1.18311e+10 118311 11.5028
1e+10 1.18766e+10 118766 11.2158
1e+10 1.19223e+10 119223 10.9352
1e+10 1.19681e+10 119681 10.6614
1e+10 1.20142e+10 120142 10.3931
1e+10 1.20604e+10 120604 10.1314
1e+10 1.21068e+10 121068 9.87546
1e+10 1.21533e+10 121533 9.62585
1e+10 1.22001e+10 122001 9.38134
1e+10 1.2247e+10 122470 9.14286
1e+10 1.22941e+10 122941 8.90979
1e+10 1.23414e+10 123414 8.68202
1e+10 1.23889e+10 123889 8.45945
1e+10 1.24365e+10 124365 8.24244
1e+10 1.24843e+10 124843 8.0304
1e+10 1.25324e+10 125324 7.82283
1e+10 1.25806e+10 125806 7.62047
1e+10 1.26289e+10 126289 7.42322
1e+10 1.26775e+10 126775 7.23016
1e+10 1.27263e+10 127263 7.04161
1e+10 1.27752e+10 127752 6.85786
1e+10 1.28244e+10 128244 6.67805
1e+10 1.28737e+10 128737 6.50285
1e+10 1.29232e+10 129232 6.33178
1e+10 1.29729e+10 129729 6.16478
1e+10 1.30228e+10 130228 6.00176
1e+10 1.30729e+10 130729 5.84263
1e+10 1.31232e+10 131232 5.68731
1e+10 1.31737e+10 131737 5.53573
1e+10 1.32243e+10 132243 5.3881
1e+10 1.32752e+10 132752 5.24375
1e+10 1.33263e+10 133263 5.10292
1e+10 1.33775e+10 133775 4.96578
1e+10 1.3429e+10 134290 4.83173
1e+10 1.34806e+10 134806 4.70122
1e+10 1.35325e+10 135325 4.57367
1e+10 1.35845e+10 135845 4.44951
1e+10 1.36368e+10 136368 4.32819
1e+10 1.36892e+10 136892 4.21011
1e+10 1.37419e+10 137419 4.09475
1e+10 1.37947e+10 137947 3.98249
1e+10 1.38478e+10 138478 3.87284
1e+10 1.39011e+10 139011 3.76594
1e+10 1.39545e+10 139545 3.66194
1e+10 1.40082e+10 140082 3.56038
1e+10 1.40621e+10 140621 3.4614
1e+10 1.41162e+10 141162 3.36494
1e+10 1.41705e+10 141705 3.27094
1e+10 1.4225e+10 142250 3.17936
1e+10 1.42797e+10 142797 3.09013
1e+10 1.43346e+10 143346 3.0032
1e+10 1.43897e+10 143897 2.91853
1e+10 1.44451e+10 144451 2.8359
1e+10 1.45006e+10 145006 2.75557
1e+10 1.45564e+10 145564 2.6772
1e+10 1.46124e+10 146124 2.60088
1e+10 1.46686e+10 146686 2.52657
1e+10 1.4725e+10 147250 2.45422
1e+10 1.47817e+10 147817 2.38366
1e+10 1.48385e+10 148385 2.31509
1e+10 1.48956e+10 148956 2.24824
1e+10 1.49529e+10 149529 2.18317
1e+10 1.50104e+10 150104 2.11984
1e+10 1.50681e+10 150681 2.05822
1e+10 1.51261e+10 151261 1.99815
1e+10 1.51843e+10 151843 1.93971
1e+10 1.52427e+10 152427 1.88285
1e+10 1.53013e+10 153013 1.82755
1e+10 1.53602e+10 153602 1.77366
1e+10 1.54192e+10 154192 1.72134
1e+10 1.54785e+10 154785 1.67037
1e+10 1.55381e+10 155381 1.62072
1e+10 1.55978e+10 155978 1.57252
1e+10 1.56578e+10 156578 1.52559
1e+10 1.57181e+10 157181 1.47988
1e+10 1.57785e+10 157785 1.43552
1e+10 1.58392e+10 158392 1.39234
1e+10 1.59001e+10 159001 1.35037
1e+10 1.59613e+10 159613 1.30951
1e+10 1.60227e+10 160227 1.26981
1e+10 1.60843e+10 160843 1.23123
1e+10 1.61462e+10 161462 1.1937
1e+10 1.62083e+10 162083 1.15723
1e+10 1.62706e+10 162706 1.1218
1e+10 1.63332e+10 163332 1.08734
1e+10 1.6396e+10 163960 1.05387
1e+10 1.64591e+10 164591 1.02132
1e+10 1.65224e+10 165224 0.98971
1e+10 1.65859e+10 165859 0.959019
1e+10 1.66497e+10 166497 0.929177
1e+10 1.67138e+10 167138 0.900162
1e+10 1.67781e+10 167781 0.871998
1e+10 1.68426e+10 168426 0.844664
1e+10 1.69074e+10 169074 0.818096
1e+10 1.69724e+10 169724 0.792315
1e+10 1.70377e+10 170377 0.767261
1e+10 1.71032e+10 171032 0.742954
1e+10 1.7169e+10 171690 0.719338
1e+10 1.7235e+10 172350 0.696431
1e+10 1.73013e+10 173013 0.674179
1e+10 1.73679e+10 173679 0.652566
1e+10 1.74347e+10 174347 0.631607
1e+10 1.75017e+10 175017 0.611285
1e+10 1.7569e+10 175690 0.591552
1e+10 1.76366e+10 176366 0.572394
1e+10 1.77045e+10 177045 0.553796
1e+10 1.77726e+10 177726 0.53577
1e+10 1.78409e+10 178409 0.518299
1e+10 1.79095e+10 179095 0.501344
1e+10 1.79784e+10 179784 0.484892
1e+10 1.80476e+10 180476 0.468929
1e+10 1.8117e+10 181170 0.453464
1e+10 1.81867e+10 181867 0.438462
1e+10 1.82566e+10 182566 0.423931
1e+10 1.83268e+10 183268 0.409838
1e+10 1.83973e+10 183973 0.396171
1e+10 1.84681e+10 184681 0.382919
1e+10 1.85391e+10 185391 0.370089
1e+10 1.86104e+10 186104 0.35765
1e+10 1.8682e+10 186820 0.345593
1e+10 1.87539e+10 187539 0.333906
1e+10 1.8826e+10 188260 0.322596
1e+10 1.88984e+10 188984 0.311637
1e+10 1.89711e+10 189711 0.301017
1e+10 1.90441e+10 190441 0.290729
1e+10 1.91173e+10 191173 0.280776
1e+10 1.91909e+10 191909 0.271123
1e+10 1.92647e+10 192647 0.261786
1e+10 1.93388e+10 193388 0.252744
1e+10 1.94132e+10 194132 0.243989
1e+10 1.94878e+10 194878 0.235524
1e+10 1.95628e+10 195628 0.227318
1e+10 1.9638e+10 196380 0.219386
1e+10 1.97136e+10 197136 0.211698
1e+10 1.97894e+10 197894 0.204268
1e+10 1.98655e+10 198655 0.197078
1e+10 1.99419e+10 199419 0.190122
1e+10 2.00186e+10 200186 0.183393
1e+10 2.00956e+10 200956 0.176883
1e+10 2.01729e+10 201729 0.170587
1e+10 2.02505e+10 202505 0.164498
1e+10 2.03284e+10 203284 0.15861
1e+10 2.04066e+10 204066 0.152917
1e+10 2.04851e+10 204851 0.147413
1e+10 2.05638e+10 205638 0.1421
1e+10 2.06429e+10 206429 0.136957
1e+10 2.07223e+10 207223 0.131988
1e+10 2.0802e+10 208020 0.127185
1e+10 2.08821e+10 208821 0.12254
1e+10 2.09624e+10 209624 0.118057
1e+10 2.1043e+10 210430 0.113727
1e+10 2.11239e+10 211239 0.109545
1e+10 2.12052e+10 212052 0.105501
1e+10 2.12868e+10 212868 0.101595
1e+10 2.13686e+10 213686 0.0978296
1e+10 2.14508e+10 214508 0.0941896
1e+10 2.15333e+10 215333 0.0906759
1e+10 2.16161e+10 216161 0.0872845
1e+10 2.16993e+10 216993 0.0840077
1e+10 2.17827e+10 217827 0.0808495
1e+10 2.18665e+10 218665 0.0777987
1e+10 2.19506e+10 219506 0.0748556
1e+10 2.20351e+10 220351 0.0720134
1e+10 2.21198e+10 221198 0.0692753
1e+10 2.22049e+10 222049 0.0666317
1e+10 2.22903e+10 222903 0.0640826
1e+10 2.2376e+10 223760 0.0616249
1e+10 2.24621e+10 224621 0.059253
1e+10 2.25485e+10 225485 0.0569667
1e+10 2.26352e+10 226352 0.0547633
1e+10 2.27223e+10 227223 0.0526375
1e+10 2.28097e+10 228097 0.0505892
1e+10 2.28974e+10 228974 0.0486159
1e+10 2.29855e+10 229855 0.0467128
1e+10 2.30739e+10 230739 0.0448799
1e+10 2.31627e+10 231627 0.0431127
1e+10 2.32517e+10 232517 0.0414129
1e+10 2.33412e+10 233412 0.0397727
1e+10 2.3431e+10 234310 0.0381937
1e+10 2.35211e+10 235211 0.0366739
1e+10 2.36115e+10 236115 0.0352111
1e+10 2.37024e+10 237024 0.0338003
1e+10 2.37935e+10 237935 0.0324444
1e+10 2.3885e+10 238850 0.0311385
1e+10 2.39769e+10 239769 0.029881
1e+10 2.40691e+10 240691 0.0286715
1e+10 2.41617e+10 241617 0.027507
1e+10 2.42546e+10 242546 0.0263873
1e+10 2.43479e+10 243479 0.0253097
1e+10 2.44416e+10 244416 0.0242726
1e+10 2.45356e+10 245356 0.0232758
1e+10 2.463e+10 246300 0.0223168
1e+10 2.47247e+10 247247 0.0213953
1e+10 2.48198e+10 248198 0.020509
1e+10 2.49153e+10 249153 0.0196566
1e+10 2.50111e+10 250111 0.0188379
1e+10 2.51073e+10 251073 0.0180507
1e+10 2.52039e+10 252039 0.0172941
1e+10 2.53008e+10 253008 0.0165676
1e+10 2.53981e+10 253981 0.0158694
1e+10 2.54958e+10 254958 0.0151986
1e+10 2.55939e+10 255939 0.0145541
1e+10 2.56923e+10 256923 0.0139356
1e+10 2.57911e+10 257911 0.0133415
1e+10 2.58903e+10 258903 0.0127711
1e+10 2.59899e+10 259899 0.0122233
1e+10 2.60899e+10 260899 0.0116974
1e+10 2.61902e+10 261902 0.0111931
1e+10 2.6291e+10 262910 0.0107086
1e+10 2.63921e+10 263921 0.0102441
1e+10 2.64936e+10 264936 0.00979845
1e+10 2.65955e+10 265955 0.00937088
1e+10 2.66978e+10 266978 0.00896075
1e+10 2.68005e+10 268005 0.0085674
1e+10 2.69036e+10 269036 0.0081902
1e+10 2.70071e+10 270071 0.00782854
1e+10 2.71109e+10 271109 0.00748216
1e+10 2.72152e+10 272152 0.00714983
1e+10 2.73199e+10 273199 0.00683134
1e+10 2.7425e+10 274250 0.00652614
1e+10 2.75304e+10 275304 0.00623402
1e+10 2.76363e+10 276363 0.00595391
1e+10 2.77426e+10 277426 0.00568562
1e+10 2.78493e+10 278493 0.00542869
1e+10 2.79565e+10 279565 0.00518244
1e+10 2.8064e+10 280640 0.00494691
1e+10 2.81719e+10 281719 0.00472145
1e+10 2.82803e+10 282803 0.00450548
1e+10 2.83891e+10 283891 0.0042988
1e+10 2.84983e+10 284983 0.00410105
1e+10 2.86079e+10 286079 0.00391188
1e+10 2.87179e+10 287179 0.00373093
1e+10 2.88284e+10 288284 0.00355773
1e+10 2.89392e+10 289392 0.00339227
1e+10 2.90506e+10 290506 0.00323379
1e+10 2.91623e+10 291623 0.00308244
1e+10 2.92745e+10 292745 0.00293765
1e+10 2.93871e+10 293871 0.0027993
1e+10 2.95001e+10 295001 0.00266711
1e+10 2.96136e+10 296136 0.00254071
1e+10 2.97275e+10 297275 0.00241999
1e+10 2.98418e+10 298418 0.00230469
1e+10 2.99566e+10 299566 0.00219451
1e+10 3.00718e+10 300718 0.00208932
1e+10 3.01875e+10 301875 0.00198883
1e+10 3.03036e+10 303036 0.00189292
1e+10 3.04201e+10 304201 0.0018014
1e+10 3.05371e+10 305371 0.00171401
1e+10 3.06546e+10 306546 0.00163058
1e+10 3.07725e+10 307725 0.001551
1e+10 3.08909e+10 308909 0.00147505
1e+10 3.10097e+10 310097 0.00140264
1e+10 3.11289e+10 311289 0.00133361
1e+10 3.12487e+10 312487 0.0012677
1e+10 3.13689e+10 313689 0.0012049
1e+10 3.14895e+10 314895 0.00114506
1e+10 3.16106e+10 316106 0.001088
1e+10 3.17322e+10 317322 0.00103361
1e+10 3.18543e+10 318543 0.000981766
1e+10 3.19768e+10 319768 0.000932404
1e+10 3.20998e+10 320998 0.000885373
1e+10 3.22233e+10 322233 0.000840569
1e+10 3.23472e+10 323472 0.00079793
1e+10 3.24716e+10 324716 0.000757325
1e+10 3.25965e+10 325965 0.000718664
1e+10 3.27219e+10 327219 0.000681861
1e+10 3.28477e+10 328477 0.000646859
1e+10 3.29741e+10 329741 0.000613524
1e+10 3.31009e+10 331009 0.000581832
1e+10 3.32282e+10 332282 0.000551684
1e+10 3.3356e+10 333560 0.000523009
1e+10 3.34843e+10 334843 0.000495741
1e+10 3.36131e+10 336131 0.000469815
1e+10 3.37424e+10 337424 0.00044517
1e+10 3.38722e+10 338722 0.000421746
1e+10 3.40025e+10 340025 0.000399487
1e+10 3.41333e+10 341333 0.000378339
1e+10 3.42645e+10 342645 0.000358265
1e+10 3.43963e+10 343963 0.000339186
1e+10 3.45286e+10 345286 0.000321069
1e+10 3.46614e+10 346614 0.000303868
1e+10 3.47948e+10 347948 0.000287529
1e+10 3.49286e+10 349286 0.000272034
1e+10 3.50629e+10 350629 0.000257331
1e+10 3.51978e+10 351978 0.000243372
1e+10 3.53332e+10 353332 0.000230131
1e+10 3.54691e+10 354691 0.000217575
1e+10 3.56055e+10 356055 0.000205669
1e+10 3.57425e+10 357425 0.000194375
1e+10 3.58799e+10 358799 0.000183678
1e+10 3.60179e+10 360179 0.000173533
1e+10 3.61565e+10 361565 0.000163915
1e+10 3.62955e+10 362955 0.000154811
1e+10 3.64351e+10 364351 0.000146183
1e+10 3.65753e+10 365753 0.000138006
1e+10 3.6716e+10 367160 0.000130266
1e+10 3.68572e+10 368572 0.000122939
1e+10 3.69989e+10 369989 0.000116005
1e+10 3.71413e+10 371413 0.000109436
1e+10 3.72841e+10 372841 0.000103225
1e+10 3.74275e+10 374275 9.73474e-05
1e+10 3.75715e+10 375715 9.17854e-05
1e+10 3.7716e+10 377160 8.6527e-05
1e+10 3.78611e+10 378611 8.15531e-05
1e+10 3.80067e+10 380067 7.68526e-05
1e+10 3.81529e+10 381529 7.24083e-05
1e+10 3.82996e+10 382996 6.82098e-05
1e+10 3.84469e+10 384469 6.42418e-05
1e+10 3.85948e+10 385948 6.04923e-05
1e+10 3.87433e+10 387433 5.695e-05
1e+10 3.88923e+10 388923 5.36064e-05
1e+10 3.90419e+10 390419 5.04489e-05
1e+10 3.9192e+10 391920 4.74697e-05
1e+10 3.93428e+10 393428 4.46556e-05
1e+10 3.94941e+10 394941 4.20016e-05
1e+10 3.9646e+10 396460 3.94974e-05
1e+10 3.97985e+10 397985 3.7135e-05
1e+10 3.99516e+10 399516 3.49068e-05
1e+10 4.01052e+10 401052 3.28071e-05
1e+10 4.02595e+10 402595 3.08263e-05
1e+10 4.04143e+10 404143 2.89605e-05
1e+10 4.05698e+10 405698 2.7201e-05
1e+10 4.07258e+10 407258 2.55444e-05
1e+10 4.08825e+10 408825 2.3983e-05
1e+10 4.10397e+10 410397 2.25134e-05
1e+10 4.11976e+10 411976 2.11288e-05
1e+10 4.1356e+10 413560 1.98263e-05
1e+10 4.15151e+10 415151 1.85996e-05
1e+10 4.16748e+10 416748 1.74454e-05
1e+10 4.18351e+10 418351 1.63596e-05
1e+10 4.1996e+10 419960 1.53384e-05
1e+10 4.21575e+10 421575 1.43781e-05
1e+10 4.23197e+10 423197 1.34747e-05
1e+10 4.24824e+10 424824 1.26262e-05
1e+10 4.26458e+10 426458 1.18283e-05
1e+10 4.28099e+10 428099 1.10783e-05
1e+10 4.29745e+10 429745 1.03742e-05
1e+10 4.31398e+10 431398 9.71264e-06
1e+10 4.33057e+10 433057 9.09153e-06
1e+10 4.34723e+10 434723 8.50817e-06
1e+10 4.36395e+10 436395 7.96073e-06
1e+10 4.38074e+10 438074 7.44681e-06
1e+10 4.39759e+10 439759 6.96475e-06
1e+10 4.4145e+10 441450 6.51268e-06
1e+10 4.43148e+10 443148 6.08858e-06
1e+10 4.44853e+10 444853 5.69081e-06
1e+10 4.46564e+10 446564 5.31805e-06
1e+10 4.48281e+10 448281 4.96881e-06
1e+10 4.50005e+10 450005 4.64148e-06
1e+10 4.51736e+10 451736 4.33476e-06
1e+10 4.53474e+10 453474 4.04743e-06
1e+10 4.55218e+10 455218 3.77847e-06
1e+10 4.56969e+10 456969 3.52664e-06
1e+10 4.58727e+10 458727 3.29088e-06
1e+10 4.60491e+10 460491 3.07036e-06
1e+10 4.62262e+10 462262 2.86403e-06
1e+10 4.6404e+10 464040 2.67101e-06
1e+10 4.65825e+10 465825 2.4905e-06
1e+10 4.67617e+10 467617 2.32171e-06
1e+10 4.69415e+10 469415 2.16403e-06
1e+10 4.71221e+10 471221 2.01658e-06
1e+10 4.73033e+10 473033 1.8789e-06
1e+10 4.74853e+10 474853 1.75022e-06
1e+10 4.76679e+10 476679 1.63012e-06
1e+10 4.78513e+10 478513 1.51793e-06
1e+10 4.80353e+10 480353 1.41326e-06
1e+10 4.82201e+10 482201 1.31555e-06
1e+10 4.84055e+10 484055 1.22443e-06
1e+10 4.85917e+10 485917 1.13941e-06
1e+10 4.87786e+10 487786 1.06013e-06
1e+10 4.89662e+10 489662 9.86217e-07
1e+10 4.91546e+10 491546 9.173e-07
1e+10 4.93436e+10 493436 8.53121e-07
1e+10 4.95334e+10 495334 7.93307e-07
1e+10 4.97239e+10 497239 7.37604e-07
1e+10 4.99152e+10 499152 6.85717e-07
1e+10 5.01072e+10 501072 6.37421e-07
1e+10 5.02999e+10 502999 5.9248e-07
1e+10 5.04934e+10 504934 5.5065e-07
1e+10 5.06876e+10 506876 5.11746e-07
1e+10 5.08825e+10 508825 4.75573e-07
1e+10 5.10783e+10 510783 4.41913e-07
1e+10 5.12747e+10 512747 4.10648e-07
1e+10 5.14719e+10 514719 3.81586e-07
1e+10 5.16699e+10 516699 3.54579e-07
1e+10 5.18687e+10 518687 3.29488e-07
1e+10 5.20682e+10 520682 3.06195e-07
1e+10 5.22684e+10 522684 2.84578e-07
1e+10 5.24695e+10 524695 2.645e-07
1e+10 5.26713e+10 526713 2.45877e-07
1e+10 5.28739e+10 528739 2.28599e-07
1e+10 5.30772e+10 530772 2.12581e-07
1e+10 5.32814e+10 532814 1.9772e-07
1e+10 5.34863e+10 534863 1.83951e-07
1e+10 5.3692e+10 536920 1.7119e-07
1e+10 5.38986e+10 538986 1.59361e-07
1e+10 5.41059e+10 541059 1.4841e-07
1e+10 5.4314e+10 543140 1.38269e-07
1e+10 5.45229e+10 545229 1.28882e-07
1e+10 5.47326e+10 547326 1.20195e-07
1e+10 5.49431e+10 549431 1.12157e-07
1e+10 5.51544e+10 551544 1.04722e-07
1e+10 5.53666e+10 553666 9.78443e-08
1e+10 5.55795e+10 555795 9.14894e-08
1e+10 5.57933e+10 557933 8.56138e-08
1e+10 5.60079e+10 560079 8.01854e-08
1e+10 5.62233e+10 562233 7.51716e-08
1e+10 5.64396e+10 564396 7.05401e-08
1e+10 5.66567e+10 566567 6.62648e-08
1e+10 5.68746e+10 568746 6.23195e-08
1e+10 5.70934e+10 570934 5.86781e-08
1e+10 5.73129e+10 573129 5.53214e-08
1e+10 5.75334e+10 575334 5.22236e-08
1e+10 5.77547e+10 577547 4.93684e-08
1e+10 5.79768e+10 579768 4.67374e-08
1e+10 5.81998e+10 581998 4.43128e-08
1e+10 5.84237e+10 584237 4.20789e-08
1e+10 5.86484e+10 586484 4.00223e-08
1e+10 5.8874e+10 588740 3.81287e-08
1e+10 5.91004e+10 591004 3.63865e-08
1e+10 5.93277e+10 593277 3.47833e-08
1e+10 5.95559e+10 595559 3.33085e-08
1e+10 5.9785e+10 597850 3.19523e-08
1e+10 6.00149e+10 600149 3.0706e-08
1e+10 6.02458e+10 602458 2.956e-08
1e+10 6.04775e+10 604775 2.85076e-08
1e+10 6.07101e+10 607101 2.7541e-08
1e+10 6.09436e+10 609436 2.66534e-08
1e+10 6.1178e+10 611780 2.58387e-08
1e+10 6.14133e+10 614133 2.50911e-08
1e+10 6.16496e+10 616496 2.4405e-08
1e+10 6.18867e+10 618867 2.37761e-08
1e+10 6.21247e+10 621247 2.31995e-08
1e+10 6.23637e+10 623637 2.26709e-08
1e+10 6.26035e+10 626035 2.21868e-08
1e+10 6.28443e+10 628443 2.17432e-08
1e+10 6.3086e+10 630860 2.13371e-08
1e+10 6.33287e+10 633287 2.09652e-08
1e+10 6.35723e+10 635723 2.0625e-08
1e+10 6.38168e+10 638168 2.03138e-08
1e+10 6.40623e+10 640623 2.00291e-08
1e+10 6.43087e+10 643087 1.97688e-08
1e+10 6.4556e+10 645560 1.9531e-08
1e+10 6.48043e+10 648043 1.93137e-08
1e+10 6.50536e+10 650536 1.91152e-08
1e+10 6.53038e+10 653038 1.89339e-08
1e+10 6.5555e+10 655550 1.87685e-08
1e+10 6.58071e+10 658071 1.86175e-08
1e+10 6.60602e+10 660602 1.84765e-08
1e+10 6.63143e+10 663143 1.83382e-08
1e+10 6.65694e+10 665694 1.81993e-08
1e+10 6.68254e+10 668254 1.80599e-08
1e+10 6.70824e+10 670824 1.792e-08
1e+10 6.73405e+10 673405 1.77795e-08
1e+10 6.75995e+10 675995 1.76385e-08
1e+10 6.78595e+10 678595 1.7497e-08
1e+10 6.81205e+10 681205 1.73549e-08
1e+10 6.83825e+10 683825 1.72123e-08
1e+10 6.86455e+10 686455 1.70691e-08
1e+10 6.89096e+10 689096 1.69253e-08
1e+10 6.91746e+10 691746 1.6781e-08
1e+10 6.94407e+10 694407 1.66362e-08
1e+10 6.97078e+10 697078 1.64908e-08
1e+10 6.99759e+10 699759 1.63448e-08
1e+10 7.0245e+10 702450 1.61983e-08
1e+10 7.05152e+10 705152 1.60512e-08
1e+10 7.07864e+10 707864 1.59036e-08
1e+10 7.10587e+10 710587 1.57554e-08
1e+10 7.1332e+10 713320 1.56066e-08
1e+10 7.16064e+10 716064 1.54572e-08
1e+10 7.18818e+10 718818 1.53073e-08
1e+10 7.21583e+10 721583 1.51567e-08
1e+10 7.24358e+10 724358 1.50057e-08
1e+10 7.27144e+10 727144 1.4854e-08
1e+10 7.29941e+10 729941 1.47017e-08
1e+10 7.32749e+10 732749 1.45489e-08
1e+10 7.35567e+10 735567 1.43955e-08
1e+10 7.38396e+10 738396 1.42415e-08
1e+10 7.41236e+10 741236 1.40869e-08
1e+10 7.44087e+10 744087 1.39317e-08
1e+10 7.46949e+10 746949 1.37758e-08
1e+10 7.49822e+10 749822 1.36194e-08
1e+10 7.52706e+10 752706 1.34624e-08
1e+10 7.55601e+10 755601 1.33048e-08
1e+10 7.58508e+10 758508 1.31466e-08
1e+10 7.61425e+10 761425 1.29878e-08
1e+10 7.64354e+10 764354 1.28283e-08
1e+10 7.67294e+10 767294 1.26683e-08
1e+10 7.70245e+10 770245 1.25076e-08
1e+10 7.73208e+10 773208 1.23463e-08
1e+10 7.76182e+10 776182 1.21844e-08
1e+10 7.79167e+10 779167 1.20219e-08
1e+10 7.82164e+10 782164 1.18588e-08
1e+10 7.85172e+10 785172 1.1695e-08
1e+10 7.88192e+10 788192 1.15306e-08
1e+10 7.91224e+10 791224 1.13656e-08
1e+10 7.94267e+10 794267 1.11999e-08
1e+10 7.97322e+10 797322 1.10336e-08
1e+10 8.00389e+10 800389 1.08666e-08
1e+10 8.03468e+10 803468 1.0699e-08
1e+10 8.06558e+10 806558 1.05308e-08
1e+10 8.0966e+10 809660 1.03619e-08
1e+10 8.12774e+10 812774 1.01924e-08
1e+10 8.15901e+10 815901 1.00222e-08
1e+10 8.19039e+10 819039 9.85134e-09
1e+10 8.22189e+10 822189 9.67986e-09
1e+10 8.25351e+10 825351 9.50772e-09
1e+10 8.28526e+10 828526 9.33488e-09
1e+10 8.31713e+10 831713 9.16138e-09
1e+10 8.34912e+10 834912 8.98723e-09
1e+10 8.38123e+10 838123 8.81242e-09
1e+10 8.41347e+10 841347 8.63691e-09
1e+10 8.44583e+10 844583 8.46075e-09
1e+10 8.47831e+10 847831 8.28393e-09
1e+10 8.51092e+10 851092 8.1064e-09
1e+10 8.54366e+10 854366 7.92817e-09
1e+10 8.57652e+10 857652 7.74928e-09
1e+10 8.60951e+10 860951 7.56969e-09
1e+10 8.64262e+10 864262 7.38944e-09
1e+10 8.67586e+10 867586 7.20849e-09
1e+10 8.70923e+10 870923 7.02682e-09
1e+10 8.74273e+10 874273 6.84445e-09
1e+10 8.77636e+10 877636 6.66138e-09
1e+10 8.81012e+10 881012 6.47759e-09
1e+10 8.844e+10 884400 6.29315e-09
1e+10 8.87802e+10 887802 6.10795e-09
1e+10 8.91217e+10 891217 5.92204e-09
1e+10 8.94645e+10 894645 5.73542e-09
1e+10 8.98086e+10 898086 5.5481e-09
1e+10 9.0154e+10 901540 5.36007e-09
1e+10 9.05008e+10 905008 5.17127e-09
1e+10 9.08489e+10 908489 4.98177e-09
1e+10 9.11983e+10 911983 4.79156e-09
1e+10 9.15491e+10 915491 4.60059e-09
1e+10 9.19012e+10 919012 4.40891e-09
1e+10 9.22547e+10 922547 4.21646e-09
1e+10 9.26095e+10 926095 4.02332e-09
1e+10 9.29657e+10 929657 3.8294e-09
1e+10 9.33233e+10 933233 3.63473e-09
1e+10 9.36822e+10 936822 3.43935e-09
1e+10 9.40426e+10 940426 3.24315e-09
1e+10 9.44043e+10 944043 3.04624e-09
1e+10 9.47674e+10 947674 2.84858e-09
1e+10 9.51319e+10 951319 2.65015e-09
1e+10 9.54978e+10 954978 2.45095e-09
1e+10 9.58651e+10 958651 2.251e-09
1e+10 9.62338e+10 962338 2.05028e-09
1e+10 9.6604e+10 966040 1.84875e-09
1e+10 9.69755e+10 969755 1.64651e-09
1e+10 9.73485e+10 973485 1.44345e-09
1e+10 9.7723e+10 977230 1.23958e-09
1e+10 9.80988e+10 980988 1.03499e-09
1e+10 9.84762e+10 984762 8.29542e-10
1e+10 9.88549e+10 988549 6.23381e-10
1e+10 9.92352e+10 992352 4.1635e-10
1e+10 9.96168e+10 996168 2.0861e-10
1e+10 1e+11 1e+06 0

1e+11 1e+06 10 3.75842e+11
1e+11 1.00385e+06 10.0385 3.72963e+11
1e+11 1.00771e+06 10.0771 3.70111e+11
1e+11 1.01158e+06 10.1158 3.67283e+11
1e+11 1.01547e+06 10.1547 3.64474e+11
1e+11 1.01938e+06 10.1938 3.61682e+11
1e+11 1.0233e+06 10.233 3.58915e+11
1e+11 1.02724e+06 10.2724 3.56167e+11
1e+11 1.03119e+06 10.3119 3.53442e+11
1e+11 1.03515e+06 10.3515 3.50742e+11
1e+11 1.03914e+06 10.3914 3.48053e+11
1e+11 1.04313e+06 10.4313 3.45395e+11
1e+11 1.04714e+06 10.4714 3.42753e+11
1e+11 1.05117e+06 10.5117 3.40129e+11
1e+11 1.05522e+06 10.5522 3.37523e+11
1e+11 1.05927e+06 10.5927 3.34946e+11
1e+11 1.06335e+06 10.6335 3.32379e+11
1e+11 1.06744e+06 10.6744 3.29836e+11
1e+11 1.07154e+06 10.7154 3.27316e+11
1e+11 1.07567e+06 10.7567 3.24807e+11
1e+11 1.0798e+06 10.798 3.22326e+11
1e+11 1.08396e+06 10.8396 3.19856e+11
1e+11 1.08813e+06 10.8813 3.17408e+11
1e+11 1.09231e+06 10.9231 3.14982e+11
1e+11 1.09651e+06 10.9651 3.12573e+11
1e+11 1.10073e+06 11.0073 3.1018e+11
1e+11 1.10496e+06 11.0496 3.07809e+11
1e+11 1.10921e+06 11.0921 3.05454e+11
1e+11 1.11348e+06 11.1348 3.03115e+11
1e+11 1.11776e+06 11.1776 3.00797e+11
1e+11 1.12206e+06 11.2206 2.98495e+11
1e+11 1.12638e+06 11.2638 2.96209e+11
1e+11 1.13071e+06 11.3071 2.93944e+11
1e+11 1.13506e+06 11.3506 2.91694e+11
1e+11 1.13942e+06 11.3942 2.89466e+11
1e+11 1.14381e+06 11.4381 2.87247e+11
1e+11 1.14821e+06 11.4821 2.85049e+11
1e+11 1.15262e+06 11.5262 2.82871e+11
1e+11 1.15706e+06 11.5706 2.80703e+11
1e+11 1.16151e+06 11.6151 2.78556e+11
1e+11 1.16597e+06 11.6597 2.76428e+11
1e+11 1.17046e+06 11.7046 2.74311e+11
1e+11 1.17496e+06 11.7496 2.72213e+11
1e+11 1.17948e+06 11.7948 2.70129e+11
1e+11 1.18402e+06 11.8402 2.68061e+11
1e+11 1.18857e+06 11.8857 2.66012e+11
1e+11 1.19314e+06 11.9314 2.63977e+11
1e+11 1.19773e+06 11.9773 2.61957e+11
1e+11 1.20234e+06 12.0234 2.59951e+11
1e+11 1.20696e+06 12.0696 2.57964e+11
1e+11 1.21161e+06 12.1161 2.55987e+11
1e+11 1.21627e+06 12.1627 2.54028e+11
1e+11 1.22094e+06 12.2094 2.52088e+11
1e+11 1.22564e+06 12.2564 2.50158e+11
1e+11 1.23035e+06 12.3035 2.48245e+11
1e+11 1.23509e+06 12.3509 2.46343e+11
1e+11 1.23984e+06 12.3984 2.44458e+11
1e+11 1.24461e+06 12.4461 2.42587e+11
1e+11 1.24939e+06 12.4939 2.40734e+11
1e+11 1.2542e+06 12.542 2.3889e+11
1e+11 1.25902e+06 12.5902 2.37063e+11
1e+11 1.26386e+06 12.6386 2.35251e+11
1e+11 1.26873e+06 12.6873 2.33447e+11
1e+11 1.27361e+06 12.7361 2.31661e+11
1e+11 1.2785e+06 12.785 2.29891e+11
1e+11 1.28342e+06 12.8342 2.28132e+11
1e+11 1.28836e+06 12.8836 2.26385e+11
1e+11 1.29331e+06 12.9331 2.24654e+11
1e+11 1.29829e+06 12.9829 2.22933e+11
1e+11 1.30328e+06 13.0328 2.21229e+11
1e+11 1.30829e+06 13.0829 2.19537e+11
1e+11 1.31333e+06 13.1333 2.17855e+11
1e+11 1.31838e+06 13.1838 2.16188e+11
1e+11 1.32345e+06 13.2345 2.14534e+11
1e+11 1.32854e+06 13.2854 2.12893e+11
1e+11 1.33365e+06 13.3365 2.11264e+11
1e+11 1.33878e+06 13.3878 2.09647e+11
1e+11 1.34393e+06 13.4393 2.08043e+11
1e+11 1.3491e+06 13.491 2.0645e+11
1e+11 1.35429e+06 13.5429 2.0487e+11
1e+11 1.3595e+06 13.595 2.03302e+11
1e+11 1.36472e+06 13.6472 2.01749e+11
1e+11 1.36997e+06 13.6997 2.00205e+11
1e+11 1.37524e+06 13.7524 1.98673e+11
1e+11 1.38053e+06 13.8053 1.97153e+11
1e+11 1.38584e+06 13.8584 1.95644e+11
1e+11 1.39117e+06 13.9117 1.94147e+11
1e+11 1.39652e+06 13.9652 1.92662e+11
1e+11 1.4019e+06 14.019 1.91185e+11
1e+11 1.40729e+06 14.0729 1.89723e+11
1e+11 1.4127e+06 14.127 1.88272e+11
1e+11 1.41813e+06 14.1813 1.86832e+11
1e+11 1.42359e+06 14.2359 1.85401e+11
1e+11 1.42906e+06 14.2906 1.83984e+11
1e+11 1.43456e+06 14.3456 1.82575e+11
1e+11 1.44008e+06 14.4008 1.81178e+11
1e+11 1.44562e+06 14.4562 1.79791e+11
1e+11 1.45118e+06 14.5118 1.78415e+11
1e+11 1.45676e+06 14.5676 1.7705e+11
1e+11 1.46236e+06 14.6236 1.75696e+11
1e+11 1.46799e+06 14.6799 1.74351e+11
1e+11 1.47363e+06 14.7363 1.73018e+11
1e+11 1.4793e+06 14.793 1.71693e+11
1e+11 1.48499e+06 14.8499 1.7038e+11
1e+11 1.4907e+06 14.907 1.69076e+11
1e+11 1.49644e+06 14.9644 1.67781e+11
1e+11 1.50219e+06 15.0219 1.66498e+11
1e+11 1.50797e+06 15.0797 1.65224e+11
1e+11 1.51377e+06 15.1377 1.6396e+11
1e+11 1.51959e+06 15.1959 1.62705e+11
1e+11 1.52544e+06 15.2544 1.61459e+11
1e+11 1.5313e+06 15.313 1.60225e+11
1e+11 1.53719e+06 15.3719 1.58999e+11
1e+11 1.54311e+06 15.4311 1.57781e+11
1e+11 1.54904e+06 15.4904 1.56575e+11
1e+11 1.555e+06 15.55 1.55376e+11
1e+11 1.56098e+06 15.6098 1.54187e+11
1e+11 1.56699e+06 15.6699 1.53006e+11
1e+11 1.57301e+06 15.7301 1.51837e+11
1e+11 1.57906e+06 15.7906 1.50675e+11
1e+11 1.58514e+06 15.8514 1.4952e+11
1e+11 1.59123e+06 15.9123 1.48378e+11
1e+11 1.59735e+06 15.9735 1.47242e+11
1e+11 1.6035e+06 16.035 1.46114e+11
1e+11 1.60967e+06 16.0967 1.44996e+11
1e+11 1.61586e+06 16.1586 1.43886e+11
1e+11 1.62207e+06 16.2207 1.42786e+11
1e+11 1.62831e+06 16.2831 1.41693e+11
1e+11 1.63457e+06 16.3457 1.40609e+11
1e+11 1.64086e+06 16.4086 1.39533e+11
1e+11 1.64717e+06 16.4717 1.38465e+11
1e+11 1.65351e+06 16.5351 1.37405e+11
1e+11 1.65987e+06 16.5987 1.36353e+11
1e+11 1.66625e+06 16.6625 1.35311e+11
1e+11 1.67266e+06 16.7266 1.34275e+11
1e+11 1.67909e+06 16.7909 1.33248e+11
1e+11 1.68555e+06 16.8555 1.32228e+11
1e+11 1.69204e+06 16.9204 1.31215e+11
1e+11 1.69854e+06 16.9854 1.30212e+11
1e+11 1.70508e+06 17.0508 1.29215e+11
1e+11 1.71163e+06 17.1163 1.28227e+11
1e+11 1.71822e+06 17.1822 1.27245e+11
1e+11 1.72483e+06 17.2483 1.26271e+11
1e+11 1.73146e+06 17.3146 1.25305e+11
1e+11 1.73812e+06 17.3812 1.24346e+11
1e+11 1.74481e+06 17.4481 1.23394e+11
1e+11 1.75152e+06 17.5152 1.2245e+11
1e+11 1.75825e+06 17.5825 1.21514e+11
1e+11 1.76502e+06 17.6502 1.20583e+11
1e+11 1.77181e+06 17.7181 1.1966e+11
1e+11 1.77862e+06 17.7862 1.18745e+11
1e+11 1.78546e+06 17.8546 1.17836e+11
1e+11 1.79233e+06 17.9233 1.16934e+11
1e+11 1.79922e+06 17.9922 1.16039e+11
1e+11 1.80614e+06 18.0614 1.15151e+11
1e+11 1.81309e+06 18.1309 1.1427e+11
1e+11 1.82006e+06 18.2006 1.13396e+11
1e+11 1.82706e+06 18.2706 1.12528e+11
1e+11 1.83409e+06 18.3409 1.11666e+11
1e+11 1.84115e+06 18.4115 1.10811e+11
1e+11 1.84823e+06 18.4823 1.09963e+11
1e+11 1.85534e+06 18.5534 1.09122e+11
1e+11 1.86247e+06 18.6247 1.08287e+11
1e+11 1.86964e+06 18.6964 1.07458e+11
1e+11 1.87683e+06 18.7683 1.06636e+11
1e+11 1.88405e+06 18.8405 1.05819e+11
1e+11 1.89129e+06 18.9129 1.0501e+11
1e+11 1.89857e+06 18.9857 1.04206e+11
1e+11 1.90587e+06 19.0587 1.03409e+11
1e+11 1.9132e+06 19.132 1.02617e+11
1e+11 1.92056e+06 19.2056 1.01832e+11
1e+11 1.92795e+06 19.2795 1.01052e+11
1e+11 1.93536e+06 19.3536 1.00279e+11
1e+11 1.94281e+06 19.4281 9.95112e+10
1e+11 1.95028e+06 19.5028 9.87499e+10
1e+11 1.95778e+06 19.5778 9.79943e+10
1e+11 1.96531e+06 19.6531 9.72443e+10
1e+11 1.97287e+06 19.7287 9.65e+10
1e+11 1.98046e+06 19.8046 9.57612e+10
1e+11 1.98808e+06 19.8808 9.50281e+10
1e+11 1.99572e+06 19.9572 9.43014e+10
1e+11 2.0034e+06 20.034 9.35793e+10
1e+11 2.0111e+06 20.111 9.28636e+10
1e+11 2.01884e+06 20.1884 9.21525e+10
1e+11 2.0266e+06 20.266 9.14476e+10
1e+11 2.0344e+06 20.344 9.07473e+10
1e+11 2.04222e+06 20.4222 9.00532e+10
1e+11 2.05008e+06 20.5008 8.93635e+10
1e+11 2.05796e+06 20.5796 8.868e+10
1e+11 2.06588e+06 20.6588 8.80009e+10
1e+11 2.07383e+06 20.7383 8.7327e+10
1e+11 2.0818e+06 20.818 8.66592e+10
1e+11 2.08981e+06 20.8981 8.59957e+10
1e+11 2.09785e+06 20.9785 8.53373e+10
1e+11 2.10592e+06 21.0592 8.46841e+10
1e+11 2.11402e+06 21.1402 8.4036e+10
1e+11 2.12215e+06 21.2215 8.33928e+10
1e+11 2.13031e+06 21.3031 8.27548e+10
1e+11 2.1385e+06 21.385 8.21217e+10
1e+11 2.14673e+06 21.4673 8.14928e+10
1e+11 2.15499e+06 21.5499 8.08688e+10
1e+11 2.16327e+06 21.6327 8.02505e+10
1e+11 2.1716e+06 21.716 7.96356e+10
1e+11 2.17995e+06 21.7995 7.90262e+10
1e+11 2.18833e+06 21.8833 7.84217e+10
1e+11 2.19675e+06 21.9675 7.78212e+10
1e+11 2.2052e+06 22.052 7.72255e+10
1e+11 2.21368e+06 22.1368 7.66346e+10
1e+11 2.2222e+06 22.222 7.60476e+10
1e+11 2.23074e+06 22.3074 7.54661e+10
1e+11 2.23932e+06 22.3932 7.48884e+10
1e+11 2.24794e+06 22.4794 7.43148e+10
1e+11 2.25658e+06 22.5658 7.37464e+10
1e+11 2.26526e+06 22.6526 7.31819e+10
1e+11 2.27397e+06 22.7397 7.26219e+10
1e+11 2.28272e+06 22.8272 7.20658e+10
1e+11 2.2915e+06 22.915 7.15142e+10
1e+11 2.30031e+06 23.0031 7.09671e+10
1e+11 2.30916e+06 23.0916 7.04237e+10
1e+11 2.31804e+06 23.1804 6.98848e+10
1e+11 2.32696e+06 23.2696 6.93496e+10
1e+11 2.33591e+06 23.3591 6.88188e+10
1e+11 2.34489e+06 23.4489 6.82923e+10
1e+11 2.35391e+06 23.5391 6.77695e+10
1e+11 2.36297e+06 23.6297 6.72504e+10
1e+11 2.37206e+06 23.7206 6.67356e+10
1e+11 2.38118e+06 23.8118 6.6225e+10
1e+11 2.39034e+06 23.9034 6.5718e+10
1e+11 2.39953e+06 23.9953 6.52152e+10
1e+11 2.40876e+06 24.0876 6.4716e+10
1e+11 2.41803e+06 24.1803 6.42203e+10
1e+11 2.42733e+06 24.2733 6.37287e+10
1e+11 2.43666e+06 24.3666 6.32413e+10
1e+11 2.44604e+06 24.4604 6.27568e+10
1e+11 2.45544e+06 24.5544 6.22768e+10
1e+11 2.46489e+06 24.6489 6.17998e+10
1e+11 2.47437e+06 24.7437 6.13268e+10
1e+11 2.48389e+06 24.8389 6.08572e+10
1e+11 2.49344e+06 24.9344 6.03915e+10
1e+11 2.50303e+06 25.0303 5.99293e+10
1e+11 2.51266e+06 25.1266 5.94704e+10
1e+11 2.52232e+06 25.2232 5.90154e+10
1e+11 2.53202e+06 25.3202 5.85637e+10
1e+11 2.54176e+06 25.4176 5.81154e+10
1e+11 2.55154e+06 25.5154 5.76703e+10
1e+11 2.56135e+06 25.6135 5.72291e+10
1e+11 2.57121e+06 25.7121 5.67906e+10
1e+11 2.58109e+06 25.8109 5.63563e+10
1e+11 2.59102e+06 25.9102 5.59248e+10
1e+11 2.60099e+06 26.0099 5.54965e+10
1e+11 2.61099e+06 26.1099 5.50719e+10
1e+11 2.62104e+06 26.2104 5.465e+10
1e+11 2.63112e+06 26.3112 5.42317e+10
1e+11 2.64124e+06 26.4124 5.38165e+10
1e+11 2.6514e+06 26.514 5.34045e+10
1e+11 2.66159e+06 26.6159 5.2996e+10
1e+11 2.67183e+06 26.7183 5.25902e+10
1e+11 2.68211e+06 26.8211 5.21875e+10
1e+11 2.69242e+06 26.9242 5.17882e+10
1e+11 2.70278e+06 27.0278 5.13916e+10
1e+11 2.71318e+06 27.1318 5.0998e+10
1e+11 2.72361e+06 27.2361 5.06078e+10
1e+11 2.73409e+06 27.3409 5.02203e+10
1e+11 2.7446e+06 27.446 4.9836e+10
1e+11 2.75516e+06 27.5516 4.94544e+10
1e+11 2.76576e+06 27.6576 4.90757e+10
1e+11 2.77639e+06 27.7639 4.87003e+10
1e+11 2.78707e+06 27.8707 4.83274e+10
1e+11 2.79779e+06 27.9779 4.79574e+10
1e+11 2.80855e+06 28.0855 4.75903e+10
1e+11 2.81936e+06 28.1936 4.72258e+10
1e+11 2.8302e+06 28.302 4.68644e+10
1e+11 2.84109e+06 28.4109 4.65054e+10
1e+11 2.85201e+06 28.5201 4.61497e+10
1e+11 2.86298e+06 28.6298 4.57964e+10
1e+11 2.874e+06 28.74 4.54455e+10
1e+11 2.88505e+06 28.8505 4.50977e+10
1e+11 2.89615e+06 28.9615 4.47524e+10
1e+11 2.90729e+06 29.0729 4.44097e+10
1e+11 2.91847e+06 29.1847 4.40698e+10
1e+11 2.92969e+06 29.2969 4.37326e+10
1e+11 2.94096e+06 29.4096 4.33977e+10
1e+11 2.95227e+06 29.5227 4.30655e+10
1e+11 2.96363e+06 29.6363 4.27357e+10
1e+11 2.97503e+06 29.7503 4.24085e+10
1e+11 2.98647e+06 29.8647 4.20839e+10
1e+11 2.99796e+06 29.9796 4.17616e+10
1e+11 3.00949e+06 30.0949 4.14419e+10
1e+11 3.02106e+06 30.2106 4.11248e+10
1e+11 3.03268e+06 30.3268 4.08099e+10
1e+11 3.04435e+06 30.4435 4.04973e+10
1e+11 3.05606e+06 30.5606 4.01872e+10
1e+11 3.06781e+06 30.6781 3.98797e+10
1e+11 3.07961e+06 30.7961 3.95743e+10
1e+11 3.09146e+06 30.9146 3.92712e+10
1e+11 3.10335e+06 31.0335 3.89706e+10
1e+11 3.11529e+06 31.1529 3.86721e+10
1e+11 3.12727e+06 31.2727 3.83761e+10
1e+11 3.1393e+06 31.393 3.80822e+10
1e+11 3.15137e+06 31.5137 3.77908e+10
1e+11 3.16349e+06 31.6349 3.75014e+10
1e+11 3.17566e+06 31.7566 3.72143e+10
1e+11 3.18787e+06 31.8787 3.69294e+10
1e+11 3.20014e+06 32.0014 3.66465e+10
1e+11 3.21244e+06 32.1244 3.63661e+10
1e+11 3.2248e+06 32.248 3.60876e+10
1e+11 3.2372e+06 32.372 3.58114e+10
1e+11 3.24966e+06 32.4966 3.5537e+10
1e+11 3.26215e+06 32.6215 3.52651e+10
1e+11 3.2747e+06 32.747 3.4995e+10
1e+11 3.2873e+06 32.873 3.4727e+10
1e+11 3.29994e+06 32.9994 3.44611e+10
1e+11 3.31263e+06 33.1263 3.41973e+10
1e+11 3.32537e+06 33.2537 3.39355e+10
1e+11 3.33817e+06 33.3817 3.36755e+10
1e+11 3.351e+06 33.51 3.34178e+10
1e+11 3.36389e+06 33.6389 3.31619e+10
1e+11 3.37683e+06 33.7683 3.2908e+10
1e+11 3.38982e+06 33.8982 3.2656e+10
1e+11 3.40286e+06 34.0286 3.24059e+10
1e+11 3.41595e+06 34.1595 3.21577e+10
1e+11 3.42909e+06 34.2909 3.19115e+10
1e+11 3.44228e+06 34.4228 3.16671e+10
1e+11 3.45552e+06 34.5552 3.14246e+10
1e+11 3.46881e+06 34.6881 3.1184e+10
1e+11 3.48215e+06 34.8215 3.09453e+10
1e+11 3.49554e+06 34.9554 3.07084e+10
1e+11 3.50899e+06 35.0899 3.04731e+10
1e+11 3.52248e+06 35.2248 3.02399e+10
1e+11 3.53603e+06 35.3603 3.00083e+10
1e+11 3.54963e+06 35.4963 2.97786e+10
1e+11 3.56329e+06 35.6329 2.95504e+10
1e+11 3.57699e+06 35.7699 2.93242e+10
1e+11 3.59075e+06 35.9075 2.90996e+10
1e+11 3.60456e+06 36.0456 2.88768e+10
1e+11 3.61842e+06 36.1842 2.86558e+10
1e+11 3.63234e+06 36.3234 2.84363e+10
1e+11 3.64631e+06 36.4631 2.82186e+10
1e+11 3.66034e+06 36.6034 2.80024e+10
1e+11 3.67442e+06 36.7442 2.77879e+10
1e+11 3.68855e+06 36.8855 2.75752e+10
1e+11 3.70274e+06 37.0274 2.7364e+10
1e+11 3.71698e+06 37.1698 2.71545e+10
1e+11 3.73128e+06 37.3128 2.69465e+10
1e+11 3.74563e+06 37.4563 2.67401e+10
1e+11 3.76003e+06 37.6003 2.65355e+10
1e+11 3.7745e+06 37.745 2.63321e+10
1e+11 3.78901e+06 37.8901 2.61306e+10
1e+11 3.80359e+06 38.0359 2.59304e+10
1e+11 3.81822e+06 38.1822 2.57318e+10
1e+11 3.8329e+06 38.329 2.55349e+10
1e+11 3.84765e+06 38.4765 2.53392e+10
1e+11 3.86244e+06 38.6244 2.51453e+10
1e+11 3.8773e+06 38.773 2.49527e+10
1e+11 3.89221e+06 38.9221 2.47616e+10
1e+11 3.90718e+06 39.0718 2.4572e+10
1e+11 3.92221e+06 39.2221 2.43838e+10
1e+11 3.9373e+06 39.373 2.4197e+10
1e+11 3.95244e+06 39.5244 2.40117e+10
1e+11 3.96765e+06 39.6765 2.38277e+10
1e+11 3.98291e+06 39.8291 2.36453e+10
1e+11 3.99823e+06 39.9823 2.34642e+10
1e+11 4.0136e+06 40.136 2.32846e+10
1e+11 4.02904e+06 40.2904 2.31062e+10
1e+11 4.04454e+06 40.4454 2.29292e+10
1e+11 4.06009e+06 40.6009 2.27537e+10
1e+11 4.07571e+06 40.7571 2.25794e+10
1e+11 4.09139e+06 40.9139 2.24064e+10
1e+11 4.10712e+06 41.0712 2.22349e+10
1e+11 4.12292e+06 41.2292 2.20646e+10
1e+11 4.13878e+06 41.3878 2.18955e+10
1e+11 4.1547e+06 41.547 2.17278e+10
1e+11 4.17068e+06 41.7068 2.15614e+10
1e+11 4.18672e+06 41.8672 2.13963e+10
1e+11 4.20282e+06 42.0282 2.12325e+10
1e+11 4.21899e+06 42.1899 2.10698e+10
1e+11 4.23522e+06 42.3522 2.09084e+10
1e+11 4.25151e+06 42.5151 2.07483e+10
1e+11 4.26786e+06 42.6786 2.05894e+10
1e+11 4.28427e+06 42.8427 2.04317e+10
1e+11 4.30075e+06 43.0075 2.02752e+10
1e+11 4.3173e+06 43.173 2.01198e+10
1e+11 4.3339e+06 43.339 1.99658e+10
1e+11 4.35057e+06 43.5057 1.98129e+10
1e+11 4.3673e+06 43.673 1.96611e+10
1e+11 4.3841e+06 43.841 1.95105e+10
1e+11 4.40096e+06 44.0096 1.93611e+10
1e+11 4.41789e+06 44.1789 1.92128e+10
1e+11 4.43488e+06 44.3488 1.90656e+10
1e+11 4.45194e+06 44.5194 1.89196e+10
1e+11 4.46907e+06 44.6907 1.87746e+10
1e+11 4.48626e+06 44.8626 1.86308e+10
1e+11 4.50351e+06 45.0351 1.84881e+10
1e+11 4.52083e+06 45.2083 1.83465e+10
1e+11 4.53822e+06 45.3822 1.8206e+10
1e+11 4.55568e+06 45.5568 1.80665e+10
1e+11 4.5732e+06 45.732 1.79281e+10
1e+11 4.59079e+06 45.9079 1.77908e+10
1e+11 4.60845e+06 46.0845 1.76545e+10
1e+11 4.62617e+06 46.2617 1.75193e+10
1e+11 4.64397e+06 46.4397 1.73851e+10
1e+11 4.66183e+06 46.6183 1.72519e+10
1e+11 4.67976e+06 46.7976 1.71198e+10
1e+11 4.69776e+06 46.9776 1.69886e+10
1e+11 4.71583e+06 47.1583 1.68585e+10
1e+11 4.73397e+06 47.3397 1.67293e+10
1e+11 4.75217e+06 47.5217 1.66012e+10
1e+11 4.77045e+06 47.7045 1.6474e+10
1e+11 4.7888e+06 47.888 1.63478e+10
1e+11 4.80722e+06 48.0722 1.62226e+10
1e+11 4.82571e+06 48.2571 1.60983e+10
1e+11 4.84427e+06 48.4427 1.5975e+10
1e+11 4.8629e+06 48.629 1.58526e+10
1e+11 4.88161e+06 48.8161 1.57312e+10
1e+11 4.90038e+06 49.0038 1.56107e+10
1e+11 4.91923e+06 49.1923 1.54911e+10
1e+11 4.93815e+06 49.3815 1.53724e+10
1e+11 4.95715e+06 49.5715 1.52546e+10
1e+11 4.97621e+06 49.7621 1.51378e+10
1e+11 4.99535e+06 49.9535 1.50218e+10
1e+11 5.01457e+06 50.1457 1.49067e+10
1e+11 5.03385e+06 50.3385 1.47925e+10
1e+11 5.05322e+06 50.5322 1.46792e+10
1e+11 5.07265e+06 50.7265 1.45667e+10
1e+11 5.09216e+06 50.9216 1.44551e+10
1e+11 5.11175e+06 51.1175 1.43444e+10
1e+11 5.13141e+06 51.3141 1.42345e+10
1e+11 5.15115e+06 51.5115 1.41254e+10
1e+11 5.17096e+06 51.7096 1.40172e+10
1e+11 5.19085e+06 51.9085 1.39098e+10
1e+11 5.21081e+06 52.1081 1.38033e+10
1e+11 5.23086e+06 52.3086 1.36975e+10
1e+11 5.25098e+06 52.5098 1.35925e+10
1e+11 5.27117e+06 52.7117 1.34884e+10
1e+11 5.29145e+06 52.9145 1.3385e+10
1e+11 5.3118e+06 53.118 1.32825e+10
1e+11 5.33223e+06 53.3223 1.31807e+10
1e+11 5.35274e+06 53.5274 1.30797e+10
1e+11 5.37333e+06 53.7333 1.29795e+10
1e+11 5.394e+06 53.94 1.28801e+10
1e+11 5.41474e+06 54.1474 1.27814e+10
1e+11 5.43557e+06 54.3557 1.26835e+10
1e+11 5.45648e+06 54.5648 1.25863e+10
1e+11 5.47746e+06 54.7746 1.24899e+10
1e+11 5.49853e+06 54.9853 1.23941e+10
1e+11 5.51968e+06 55.1968 1.22992e+10
1e+11 5.54091e+06 55.4091 1.22049e+10
1e+11 5.56222e+06 55.6222 1.21114e+10
1e+11 5.58362e+06 55.8362 1.20186e+10
1e+11 5.60509e+06 56.0509 1.19265e+10
1e+11 5.62665e+06 56.2665 1.18351e+10
1e+11 5.64829e+06 56.4829 1.17445e+10
1e+11 5.67002e+06 56.7002 1.16544e+10
1e+11 5.69183e+06 56.9183 1.15651e+10
1e+11 5.71372e+06 57.1372 1.14765e+10
1e+11 5.7357e+06 57.357 1.13886e+10
1e+11 5.75776e+06 57.5776 1.13013e+10
1e+11 5.7799e+06 57.799 1.12147e+10
1e+11 5.80214e+06 58.0214 1.11287e+10
1e+11 5.82445e+06 58.2445 1.10435e+10
1e+11 5.84685e+06 58.4685 1.09589e+10
1e+11 5.86934e+06 58.6934 1.08749e+10
1e+11 5.89192e+06 58.9192 1.07915e+10
1e+11 5.91458e+06 59.1458 1.07088e+10
1e+11 5.93733e+06 59.3733 1.06268e+10
1e+11 5.96017e+06 59.6017 1.05453e+10
1e+11 5.98309e+06 59.8309 1.04645e+10
1e+11 6.0061e+06 60.061 1.03843e+10
1e+11 6.02921e+06 60.2921 1.03047e+10
1e+11 6.0524e+06 60.524 1.02258e+10
1e+11 6.07567e+06 60.7567 1.01474e+10
1e+11 6.09904e+06 60.9904 1.00697e+10
1e+11 6.1225e+06 61.225 9.99248e+09
1e+11 6.14605e+06 61.4605 9.91589e+09
1e+11 6.16969e+06 61.6969 9.8399e+09
1e+11 6.19342e+06 61.9342 9.76449e+09
1e+11 6.21724e+06 62.1724 9.68966e+09
1e+11 6.24116e+06 62.4116 9.61537e+09
1e+11 6.26516e+06 62.6516 9.5417e+09
1e+11 6.28926e+06 62.8926 9.46856e+09
1e+11 6.31345e+06 63.1345 9.39599e+09
1e+11 6.33773e+06 63.3773 9.32399e+09
1e+11 6.36211e+06 63.6211 9.25251e+09
1e+11 6.38658e+06 63.8658 9.1816e+09
1e+11 6.41115e+06 64.1115 9.11121e+09
1e+11 6.4358e+06 64.358 9.0414e+09
1e+11 6.46056e+06 64.6056 8.97209e+09
1e+11 6.48541e+06 64.8541 8.90332e+09
1e+11 6.51035e+06 65.1035 8.83509e+09
1e+11 6.53539e+06 65.3539 8.76737e+09
1e+11 6.56053e+06 65.6053 8.70016e+09
1e+11 6.58576e+06 65.8576 8.63349e+09
1e+11 6.6111e+06 66.111 8.56729e+09
1e+11 6.63652e+06 66.3652 8.50164e+09
1e+11 6.66205e+06 66.6205 8.43646e+09
1e+11 6.68767e+06 66.8767 8.37181e+09
1e+11 6.7134e+06 67.134 8.30762e+09
1e+11 6.73922e+06 67.3922 8.24394e+09
1e+11 6.76514e+06 67.6514 8.18075e+09
1e+11 6.79116e+06 67.9116 8.11804e+09
1e+11 6.81728e+06 68.1728 8.05581e+09
1e+11 6.8435e+06 68.435 7.99406e+09
1e+11 6.86982e+06 68.6982 7.93279e+09
1e+11 6.89625e+06 68.9625 7.87196e+09
1e+11 6.92277e+06 69.2277 7.81163e+09
1e+11 6.9494e+06 69.494 7.75174e+09
1e+11 6.97613e+06 69.7613 7.69231e+09
1e+11 7.00296e+06 70.0296 7.63335e+09
1e+11 7.0299e+06 70.299 7.57482e+09
1e+11 7.05694e+06 70.5694 7.51675e+09
1e+11 7.08408e+06 70.8408 7.45913e+09
1e+11 7.11133e+06 71.1133 7.40194e+09
1e+11 7.13868e+06 71.3868 7.3452e+09
1e+11 7.16614e+06 71.6614 7.28889e+09
1e+11 7.1937e+06 71.937 7.23301e+09
1e+11 7.22137e+06 72.2137 7.17756e+09
1e+11 7.24914e+06 72.4914 7.12254e+09
1e+11 7.27703e+06 72.7703 7.06792e+09
1e+11 7.30502e+06 73.0502 7.01373e+09
1e+11 7.33311e+06 73.3311 6.95997e+09
1e+11 7.36132e+06 73.6132 6.9066e+09
1e+11 7.38963e+06 73.8963 6.85366e+09
1e+11 7.41806e+06 74.1806 6.8011e+09
1e+11 7.44659e+06 74.4659 6.74896e+09
1e+11 7.47523e+06 74.7523 6.69721e+09
1e+11 7.50398e+06 75.0398 6.64587e+09
1e+11 7.53284e+06 75.3284 6.59492e+09
1e+11 7.56182e+06 75.6182 6.54434e+09
1e+11 7.5909e+06 75.909 6.49417e+09
1e+11 7.6201e+06 76.201 6.44437e+09
1e+11 7.64941e+06 76.4941 6.39496e+09
1e+11 7.67883e+06 76.7883 6.34592e+09
1e+11 7.70837e+06 77.0837 6.29726e+09
1e+11 7.73801e+06 77.3801 6.24898e+09
1e+11 7.76778e+06 77.6778 6.20106e+09
1e+11 7.79765e+06 77.9765 6.15352e+09
1e+11 7.82765e+06 78.2765 6.10632e+09
1e+11 7.85775e+06 78.5775 6.05951e+09
1e+11 7.88798e+06 78.8798 6.01303e+09
1e+11 7.91832e+06 79.1832 5.96692e+09
1e+11 7.94877e+06 79.4877 5.92117e+09
1e+11 7.97935e+06 79.7935 5.87576e+09
1e+11 8.01004e+06 80.1004 5.8307e+09
1e+11 8.04085e+06 80.4085 5.78599e+09
1e+11 8.07177e+06 80.7177 5.74163e+09
1e+11 8.10282e+06 81.0282 5.69759e+09
1e+11 8.13399e+06 81.3399 5.65389e+09
1e+11 8.16527e+06 81.6527 5.61054e+09
1e+11 8.19668e+06 81.9668 5.56751e+09
1e+11 8.2282e+06 82.282 5.52482e+09
1e+11 8.25985e+06 82.5985 5.48245e+09
1e+11 8.29162e+06 82.9162 5.4404e+09
1e+11 8.32352e+06 83.2352 5.39867e+09
1e+11 8.35553e+06 83.5553 5.35727e+09
1e+11 8.38767e+06 83.8767 5.31618e+09
1e+11 8.41993e+06 84.1993 5.27541e+09
1e+11 8.45231e+06 84.5231 5.23495e+09
1e+11 8.48482e+06 84.8482 5.1948e+09
1e+11 8.51746e+06 85.1746 5.15495e+09
1e+11 8.55022e+06 85.5022 5.11542e+09
1e+11 8.58311e+06 85.8311 5.07618e+09
1e+11 8.61612e+06 86.1612 5.03725e+09
1e+11 8.64926e+06 86.4926 4.99861e+09
1e+11 8.68253e+06 86.8253 4.96027e+09
1e+11 8.71592e+06 87.1592 4.92223e+09
1e+11 8.74945e+06 87.4945 4.88447e+09
1e+11 8.7831e+06 87.831 4.84701e+09
1e+11 8.81688e+06 88.1688 4.80983e+09
1e+11 8.8508e+06 88.508 4.77293e+09
1e+11 8.88484e+06 88.8484 4.73632e+09
1e+11 8.91901e+06 89.1901 4.69999e+09
1e+11 8.95332e+06 89.5332 4.66393e+09
1e+11 8.98775e+06 89.8775 4.62816e+09
1e+11 9.02232e+06 90.2232 4.59266e+09
1e+11 9.05703e+06 90.5703 4.55742e+09
1e+11 9.09186e+06 90.9186 4.52247e+09
1e+11 9.12683e+06 91.2683 4.48777e+09
1e+11 9.16194e+06 91.6194 4.45334e+09
1e+11 9.19718e+06 91.9718 4.41918e+09
1e+11 9.23255e+06 92.3255 4.38528e+09
1e+11 9.26806e+06 92.6806 4.35164e+09
1e+11 9.30371e+06 93.0371 4.31825e+09
1e+11 9.3395e+06 93.395 4.28512e+09
1e+11 9.37542e+06 93.7542 4.25225e+09
1e+11 9.41148e+06 94.1148 4.21962e+09
1e+11 9.44768e+06 94.4768 4.18725e+09
1e+11 9.48402e+06 94.8402 4.15512e+09
1e+11 9.5205e+06 95.205 4.12324e+09
1e+11 9.55711e+06 95.5711 4.09162e+09
1e+11 9.59387e+06 95.9387 4.06022e+09
1e+11 9.63077e+06 96.3077 4.02907e+09
1e+11 9.66782e+06 96.6782 3.99815e+09
1e+11 9.705e+06 97.05 3.96748e+09
1e+11 9.74233e+06 97.4233 3.93704e+09
1e+11 9.7798e+06 97.798 3.90683e+09
1e+11 9.81742e+06 98.1742 3.87685e+09
1e+11 9.85518e+06 98.5518 3.8471e+09
1e+11 9.89309e+06 98.9309 3.81758e+09
1e+11 9.93114e+06 99.3114 3.78829e+09
1e+11 9.96934e+06 99.6934 3.75922e+09
1e+11 1.00077e+07 100.077 3.73036e+09
1e+11 1.00462e+07 100.462 3.70173e+09
1e+11 1.00848e+07 100.848 3.67335e+09
1e+11 1.01236e+07 101.236 3.64516e+09
1e+11 1.01625e+07 101.625 3.61721e+09
1e+11 1.02016e+07 102.016 3.58945e+09
1e+11 1.02409e+07 102.409 3.56186e+09
1e+11 1.02803e+07 102.803 3.53452e+09
1e+11 1.03198e+07 103.198 3.50742e+09
1e+11 1.03595e+07 103.595 3.4805e+09
1e+11 1.03993e+07 103.993 3.45382e+09
1e+11 1.04393e+07 104.393 3.42731e+09
1e+11 1.04795e+07 104.795 3.40098e+09
1e+11 1.05198e+07 105.198 3.37488e+09
1e+11 1.05603e+07 105.603 3.34895e+09
1e+11 1.06009e+07 106.009 3.32326e+09
1e+11 1.06417e+07 106.417 3.29774e+09
1e+11 1.06826e+07 106.826 3.27245e+09
1e+11 1.07237e+07 107.237 3.24732e+09
1e+11 1.07649e+07 107.649 3.22243e+09
1e+11 1.08063e+07 108.063 3.1977e+09
1e+11 1.08479e+07 108.479 3.17313e+09
1e+11 1.08896e+07 108.896 3.14879e+09
1e+11 1.09315e+07 109.315 3.12461e+09
1e+11 1.09735e+07 109.735 3.10065e+09
1e+11 1.10157e+07 110.157 3.07686e+09
1e+11 1.10581e+07 110.581 3.05322e+09
1e+11 1.11007e+07 111.007 3.02975e+09
1e+11 1.11433e+07 111.433 3.00654e+09
1e+11 1.11862e+07 111.862 2.98344e+09
1e+11 1.12292e+07 112.292 2.96056e+09
1e+11 1.12724e+07 112.724 2.93782e+09
1e+11 1.13158e+07 113.158 2.91525e+09
1e+11 1.13593e+07 113.593 2.89288e+09
1e+11 1.1403e+07 114.03 2.87067e+09
1e+11 1.14469e+07 114.469 2.84861e+09
1e+11 1.14909e+07 114.909 2.82675e+09
1e+11 1.15351e+07 115.351 2.80505e+09
1e+11 1.15794e+07 115.794 2.78355e+09
1e+11 1.1624e+07 116.24 2.76215e+09
1e+11 1.16687e+07 116.687 2.74095e+09
1e+11 1.17136e+07 117.136 2.71989e+09
1e+11 1.17586e+07 117.586 2.69904e+09
1e+11 1.18039e+07 118.039 2.67828e+09
1e+11 1.18493e+07 118.493 2.65772e+09
1e+11 1.18948e+07 118.948 2.63734e+09
1e+11 1.19406e+07 119.406 2.61707e+09
1e+11 1.19865e+07 119.865 2.59699e+09
1e+11 1.20326e+07 120.326 2.57705e+09
1e+11 1.20789e+07 120.789 2.55725e+09
1e+11 1.21254e+07 121.254 2.5376e+09
1e+11 1.2172e+07 121.72 2.51813e+09
1e+11 1.22188e+07 122.188 2.4988e+09
1e+11 1.22658e+07 122.658 2.47961e+09
1e+11 1.2313e+07 123.13 2.46056e+09
1e+11 1.23603e+07 123.603 2.44169e+09
1e+11 1.24079e+07 124.079 2.42292e+09
1e+11 1.24556e+07 124.556 2.40432e+09
1e+11 1.25035e+07 125.035 2.38586e+09
1e+11 1.25516e+07 125.516 2.36753e+09
1e+11 1.25999e+07 125.999 2.34934e+09
1e+11 1.26484e+07 126.484 2.33128e+09
1e+11 1.2697e+07 126.97 2.3134e+09
1e+11 1.27458e+07 127.458 2.29564e+09
1e+11 1.27949e+07 127.949 2.27799e+09
1e+11 1.28441e+07 128.441 2.26049e+09
1e+11 1.28935e+07 128.935 2.24313e+09
1e+11 1.29431e+07 129.431 2.2259e+09
1e+11 1.29929e+07 129.929 2.2088e+09
1e+11 1.30428e+07 130.428 2.19186e+09
1e+11 1.3093e+07 130.93 2.17501e+09
1e+11 1.31434e+07 131.434 2.15829e+09
1e+11 1.31939e+07 131.939 2.14173e+09
1e+11 1.32447e+07 132.447 2.12526e+09
1e+11 1.32956e+07 132.956 2.10895e+09
1e+11 1.33467e+07 133.467 2.09276e+09
1e+11 1.33981e+07 133.981 2.07667e+09
1e+11 1.34496e+07 134.496 2.06072e+09
1e+11 1.35013e+07 135.013 2.0449e+09
1e+11 1.35533e+07 135.533 2.02917e+09
1e+11 1.36054e+07 136.054 2.01359e+09
1e+11 1.36577e+07 136.577 1.99813e+09
1e+11 1.37103e+07 137.103 1.98276e+09
1e+11 1.3763e+07 137.63 1.96754e+09
1e+11 1.38159e+07 138.159 1.95243e+09
1e+11 1.38691e+07 138.691 1.93741e+09
1e+11 1.39224e+07 139.224 1.92254e+09
1e+11 1.3976e+07 139.76 1.90776e+09
1e+11 1.40297e+07 140.297 1.89311e+09
1e+11 1.40837e+07 140.837 1.87856e+09
1e+11 1.41379e+07 141.379 1.86412e+09
1e+11 1.41922e+07 141.922 1.84981e+09
1e+11 1.42468e+07 142.468 1.8356e+09
1e+11 1.43016e+07 143.016 1.82149e+09
1e+11 1.43566e+07 143.566 1.8075e+09
1e+11 1.44118e+07 144.118 1.79361e+09
1e+11 1.44673e+07 144.673 1.77981e+09
1e+11 1.45229e+07 145.229 1.76615e+09
1e+11 1.45788e+07 145.788 1.75256e+09
1e+11 1.46349e+07 146.349 1.73909e+09
1e+11 1.46911e+07 146.911 1.72575e+09
1e+11 1.47477e+07 147.477 1.71246e+09
1e+11 1.48044e+07 148.044 1.69931e+09
1e+11 1.48613e+07 148.613 1.68626e+09
1e+11 1.49185e+07 149.185 1.67329e+09
1e+11 1.49759e+07 149.759 1.66042e+09
1e+11 1.50335e+07 150.335 1.64766e+09
1e+11 1.50913e+07 150.913 1.635e+09
1e+11 1.51493e+07 151.493 1.62245e+09
1e+11 1.52076e+07 152.076 1.60997e+09
1e+11 1.52661e+07 152.661 1.59759e+09
1e+11 1.53248e+07 153.248 1.58532e+09
1e+11 1.53838e+07 153.838 1.57312e+09
1e+11 1.54429e+07 154.429 1.56104e+09
1e+11 1.55023e+07 155.023 1.54904e+09
1e+11 1.5562e+07 155.62 1.53712e+09
1e+11 1.56218e+07 156.218 1.52531e+09
1e+11 1.56819e+07 156.819 1.51358e+09
1e+11 1.57422e+07 157.422 1.50195e+09
1e+11 1.58028e+07 158.028 1.4904e+09
1e+11 1.58635e+07 158.635 1.47895e+09
1e+11 1.59246e+07 159.246 1.46757e+09
1e+11 1.59858e+07 159.858 1.45629e+09
1e+11 1.60473e+07 160.473 1.44509e+09
1e+11 1.6109e+07 161.09 1.43399e+09
1e+11 1.6171e+07 161.71 1.42296e+09
1e+11 1.62332e+07 162.332 1.41201e+09
1e+11 1.62956e+07 162.956 1.40116e+09
1e+11 1.63583e+07 163.583 1.39039e+09
1e+11 1.64212e+07 164.212 1.3797e+09
1e+11 1.64844e+07 164.844 1.36908e+09
1e+11 1.65478e+07 165.478 1.35856e+09
1e+11 1.66114e+07 166.114 1.34812e+09
1e+11 1.66753e+07 166.753 1.33775e+09
1e+11 1.67395e+07 167.395 1.32745e+09
1e+11 1.68038e+07 168.038 1.31726e+09
1e+11 1.68685e+07 168.685 1.30712e+09
1e+11 1.69334e+07 169.334 1.29706e+09
1e+11 1.69985e+07 169.985 1.28709e+09
1e+11 1.70639e+07 170.639 1.27719e+09
1e+11 1.71295e+07 171.295 1.26737e+09
1e+11 1.71954e+07 171.954 1.25762e+09
1e+11 1.72615e+07 172.615 1.24795e+09
1e+11 1.73279e+07 173.279 1.23835e+09
1e+11 1.73946e+07 173.946 1.22882e+09
1e+11 1.74615e+07 174.615 1.21937e+09
1e+11 1.75286e+07 175.286 1.21e+09
1e+11 1.7596e+07 175.96 1.2007e+09
1e+11 1.76637e+07 176.637 1.19146e+09
1e+11 1.77317e+07 177.317 1.18228e+09
1e+11 1.77999e+07 177.999 1.17319e+09
1e+11 1.78683e+07 178.683 1.16417e+09
1e+11 1.79371e+07 179.371 1.15521e+09
1e+11 1.80061e+07 180.061 1.14632e+09
1e+11 1.80753e+07 180.753 1.13751e+09
1e+11 1.81448e+07 181.448 1.12876e+09
1e+11 1.82146e+07 182.146 1.12007e+09
1e+11 1.82847e+07 182.847 1.11145e+09
1e+11 1.8355e+07 183.55 1.1029e+09
1e+11 1.84256e+07 184.256 1.09442e+09
1e+11 1.84965e+07 184.965 1.08599e+09
1e+11 1.85676e+07 185.676 1.07764e+09
1e+11 1.8639e+07 186.39 1.06935e+09
1e+11 1.87107e+07 187.107 1.06112e+09
1e+11 1.87827e+07 187.827 1.05295e+09
1e+11 1.88549e+07 188.549 1.04486e+09
1e+11 1.89275e+07 189.275 1.03681e+09
1e+11 1.90003e+07 190.003 1.02883e+09
1e+11 1.90733e+07 190.733 1.02092e+09
1e+11 1.91467e+07 191.467 1.01306e+09
1e+11 1.92203e+07 192.203 1.00527e+09
1e+11 1.92943e+07 192.943 9.97521e+08
1e+11 1.93685e+07 193.685 9.89845e+08
1e+11 1.9443e+07 194.43 9.82226e+08
1e+11 1.95178e+07 195.178 9.74665e+08
1e+11 1.95928e+07 195.928 9.6717e+08
1e+11 1.96682e+07 196.682 9.59721e+08
1e+11 1.97438e+07 197.438 9.52339e+08
1e+11 1.98198e+07 198.198 9.45003e+08
1e+11 1.9896e+07 198.96 9.37732e+08
1e+11 1.99725e+07 199.725 9.30515e+08
1e+11 2.00494e+07 200.494 9.23345e+08
1e+11 2.01265e+07 201.265 9.16238e+08
1e+11 2.02039e+07 202.039 9.09186e+08
1e+11 2.02816e+07 202.816 9.02187e+08
1e+11 2.03596e+07 203.596 8.95242e+08
1e+11 2.04379e+07 204.379 8.8835e+08
1e+11 2.05165e+07 205.165 8.81512e+08
1e+11 2.05954e+07 205.954 8.74726e+08
1e+11 2.06747e+07 206.747 8.67984e+08
1e+11 2.07542e+07 207.542 8.61302e+08
1e+11 2.0834e+07 208.34 8.54672e+08
1e+11 2.09141e+07 209.141 8.48094e+08
1e+11 2.09946e+07 209.946 8.41559e+08
1e+11 2.10753e+07 210.753 8.35082e+08
1e+11 2.11564e+07 211.564 8.28649e+08
1e+11 2.12378e+07 212.378 8.22265e+08
1e+11 2.13195e+07 213.195 8.15932e+08
1e+11 2.14015e+07 214.015 8.09648e+08
1e+11 2.14838e+07 214.838 8.03414e+08
1e+11 2.15664e+07 215.664 7.97228e+08
1e+11 2.16494e+07 216.494 7.91085e+08
1e+11 2.17326e+07 217.326 7.84997e+08
1e+11 2.18162e+07 218.162 7.7895e+08
1e+11 2.19001e+07 219.001 7.72951e+08
1e+11 2.19844e+07 219.844 7.66992e+08
1e+11 2.20689e+07 220.689 7.61088e+08
1e+11 2.21538e+07 221.538 7.55224e+08
1e+11 2.2239e+07 222.39 7.49407e+08
1e+11 2.23246e+07 223.246 7.4363e+08
1e+11 2.24104e+07 224.104 7.37905e+08
1e+11 2.24966e+07 224.966 7.3222e+08
1e+11 2.25832e+07 225.832 7.26575e+08
1e+11 2.267e+07 226.7 7.20981e+08
1e+11 2.27572e+07 227.572 7.15426e+08
1e+11 2.28447e+07 228.447 7.09915e+08
1e+11 2.29326e+07 229.326 7.04443e+08
1e+11 2.30208e+07 230.208 6.99016e+08
1e+11 2.31094e+07 231.094 6.93626e+08
1e+11 2.31982e+07 231.982 6.88286e+08
1e+11 2.32875e+07 232.875 6.82978e+08
1e+11 2.3377e+07 233.77 6.77719e+08
1e+11 2.3467e+07 234.67 6.72492e+08
1e+11 2.35572e+07 235.572 6.67312e+08
1e+11 2.36478e+07 236.478 6.6217e+08
1e+11 2.37388e+07 237.388 6.57064e+08
1e+11 2.38301e+07 238.301 6.52e+08
1e+11 2.39217e+07 239.217 6.46978e+08
1e+11 2.40138e+07 240.138 6.41987e+08
1e+11 2.41061e+07 241.061 6.37042e+08
1e+11 2.41988e+07 241.988 6.32132e+08
1e+11 2.42919e+07 242.919 6.27259e+08
1e+11 2.43854e+07 243.854 6.2242e+08
1e+11 2.44791e+07 244.791 6.17627e+08
1e+11 2.45733e+07 245.733 6.12863e+08
1e+11 2.46678e+07 246.678 6.08139e+08
1e+11 2.47627e+07 247.627 6.0345e+08
1e+11 2.48579e+07 248.579 5.98799e+08
1e+11 2.49536e+07 249.536 5.94178e+08
1e+11 2.50495e+07 250.495 5.89601e+08
1e+11 2.51459e+07 251.459 5.85052e+08
1e+11 2.52426e+07 252.426 5.80542e+08
1e+11 2.53397e+07 253.397 5.76065e+08
1e+11 2.54372e+07 254.372 5.71621e+08
1e+11 2.5535e+07 255.35 5.67215e+08
1e+11 2.56332e+07 256.332 5.62842e+08
1e+11 2.57318e+07 257.318 5.58501e+08
1e+11 2.58308e+07 258.308 5.54192e+08
1e+11 2.59301e+07 259.301 5.49921e+08
1e+11 2.60299e+07 260.299 5.45677e+08
1e+11 2.613e+07 261.3 5.41469e+08
1e+11 2.62305e+07 262.305 5.37292e+08
1e+11 2.63314e+07 263.314 5.33148e+08
1e+11 2.64327e+07 264.327 5.29034e+08
1e+11 2.65343e+07 265.343 5.24956e+08
1e+11 2.66364e+07 266.364 5.20905e+08
1e+11 2.67388e+07 267.388 5.16889e+08
1e+11 2.68417e+07 268.417 5.12899e+08
1e+11 2.69449e+07 269.449 5.08944e+08
1e+11 2.70486e+07 270.486 5.05015e+08
1e+11 2.71526e+07 271.526 5.0112e+08
1e+11 2.7257e+07 272.57 4.97255e+08
1e+11 2.73619e+07 273.619 4.93416e+08
1e+11 2.74671e+07 274.671 4.8961e+08
1e+11 2.75728e+07 275.728 4.8583e+08
1e+11 2.76788e+07 276.788 4.82083e+08
1e+11 2.77853e+07 277.853 4.78362e+08
1e+11 2.78921e+07 278.921 4.74673e+08
1e+11 2.79994e+07 279.994 4.71009e+08
1e+11 2.81071e+07 281.071 4.67374e+08
1e+11 2.82152e+07 282.152 4.63767e+08
1e+11 2.83237e+07 283.237 4.60188e+08
1e+11 2.84327e+07 284.327 4.56635e+08
1e+11 2.8542e+07 285.42 4.53112e+08
1e+11 2.86518e+07 286.518 4.49614e+08
1e+11 2.8762e+07 287.62 4.46143e+08
1e+11 2.88727e+07 288.727 4.42697e+08
1e+11 2.89837e+07 289.837 4.39281e+08
1e+11 2.90952e+07 290.952 4.3589e+08
1e+11 2.92071e+07 292.071 4.32525e+08
1e+11 2.93194e+07 293.194 4.29187e+08
1e+11 2.94322e+07 294.322 4.25872e+08
1e+11 2.95454e+07 295.454 4.22584e+08
1e+11 2.96591e+07 296.591 4.19319e+08
1e+11 2.97731e+07 297.731 4.16084e+08
1e+11 2.98877e+07 298.877 4.12869e+08
1e+11 3.00026e+07 300.026 4.09682e+08
1e+11 3.0118e+07 301.18 4.06518e+08
1e+11 3.02339e+07 302.339 4.03377e+08
1e+11 3.03501e+07 303.501 4.00264e+08
1e+11 3.04669e+07 304.669 3.97171e+08
1e+11 3.05841e+07 305.841 3.94103e+08
1e+11 3.07017e+07 307.017 3.9106e+08
1e+11 3.08198e+07 308.198 3.88039e+08
1e+11 3.09383e+07 309.383 3.85043e+08
1e+11 3.10573e+07 310.573 3.82069e+08
1e+11 3.11768e+07 311.768 3.79116e+08
1e+11 3.12967e+07 312.967 3.76188e+08
1e+11 3.14171e+07 314.171 3.73281e+08
1e+11 3.15379e+07 315.379 3.70398e+08
1e+11 3.16592e+07 316.592 3.67537e+08
1e+11 3.1781e+07 317.81 3.64696e+08
1e+11 3.19032e+07 319.032 3.61879e+08
1e+11 3.20259e+07 320.259 3.59083e+08
1e+11 3.21491e+07 321.491 3.56308e+08
1e+11 3.22728e+07 322.728 3.53554e+08
1e+11 3.23969e+07 323.969 3.50822e+08
1e+11 3.25215e+07 325.215 3.48111e+08
1e+11 3.26466e+07 326.466 3.4542e+08
1e+11 3.27722e+07 327.722 3.4275e+08
1e+11 3.28982e+07 328.982 3.40102e+08
1e+11 3.30248e+07 330.248 3.37472e+08
1e+11 3.31518e+07 331.518 3.34864e+08
1e+11 3.32793e+07 332.793 3.32276e+08
1e+11 3.34073e+07 334.073 3.29707e+08
1e+11 3.35358e+07 335.358 3.27158e+08
1e+11 3.36648e+07 336.648 3.24629e+08
1e+11 3.37943e+07 337.943 3.22119e+08
1e+11 3.39242e+07 339.242 3.1963e+08
1e+11 3.40547e+07 340.547 3.17158e+08
1e+11 3.41857e+07 341.857 3.14706e+08
1e+11 3.43172e+07 343.172 3.12272e+08
1e+11 3.44492e+07 344.492 3.09857e+08
1e+11 3.45817e+07 345.817 3.07461e+08
1e+11 3.47147e+07 347.147 3.05084e+08
1e+11 3.48482e+07 348.482 3.02725e+08
1e+11 3.49823e+07 349.823 3.00382e+08
1e+11 3.51168e+07 351.168 2.9806e+08
1e+11 3.52519e+07 352.519 2.95754e+08
1e+11 3.53875e+07 353.875 2.93466e+08
1e+11 3.55236e+07 355.236 2.91196e+08
1e+11 3.56602e+07 356.602 2.88944e+08
1e+11 3.57974e+07 357.974 2.86708e+08
1e+11 3.59351e+07 359.351 2.8449e+08
1e+11 3.60733e+07 360.733 2.82289e+08
1e+11 3.6212e+07 362.12 2.80106e+08
1e+11 3.63513e+07 363.513 2.77939e+08
1e+11 3.64911e+07 364.911 2.75788e+08
1e+11 3.66315e+07 366.315 2.73654e+08
1e+11 3.67724e+07 367.724 2.71536e+08
1e+11 3.69138e+07 369.138 2.69435e+08
1e+11 3.70558e+07 370.558 2.6735e+08
1e+11 3.71983e+07 371.983 2.65281e+08
1e+11 3.73414e+07 373.414 2.63227e+08
1e+11 3.7485e+07 374.85 2.6119e+08
1e+11 3.76292e+07 376.292 2.59168e+08
1e+11 3.77739e+07 377.739 2.57163e+08
1e+11 3.79192e+07 379.192 2.55172e+08
1e+11 3.80651e+07 380.651 2.53196e+08
1e+11 3.82115e+07 382.115 2.51236e+08
1e+11 3.83585e+07 383.585 2.4929e+08
1e+11 3.8506e+07 385.06 2.47361e+08
1e+11 3.86541e+07 386.541 2.45446e+08
1e+11 3.88028e+07 388.028 2.43545e+08
1e+11 3.8952e+07 389.52 2.4166e+08
1e+11 3.91019e+07 391.019 2.39787e+08
1e+11 3.92523e+07 392.523 2.3793e+08
1e+11 3.94032e+07 394.032 2.36089e+08
1e+11 3.95548e+07 395.548 2.3426e+08
1e+11 3.97069e+07 397.069 2.32446e+08
1e+11 3.98597e+07 398.597 2.30644e+08
1e+11 4.0013e+07 400.13 2.28858e+08
1e+11 4.01669e+07 401.669 2.27085e+08
1e+11 4.03214e+07 403.214 2.25326e+08
1e+11 4.04764e+07 404.764 2.23581e+08
1e+11 4.06321e+07 406.321 2.21849e+08
1e+11 4.07884e+07 407.884 2.2013e+08
1e+11 4.09453e+07 409.453 2.18424e+08
1e+11 4.11028e+07 411.028 2.16731e+08
1e+11 4.12609e+07 412.609 2.15052e+08
1e+11 4.14196e+07 414.196 2.13386e+08
1e+11 4.15789e+07 415.789 2.11732e+08
1e+11 4.17388e+07 417.388 2.10091e+08
1e+11 4.18994e+07 418.994 2.08462e+08
1e+11 4.20605e+07 420.605 2.06847e+08
1e+11 4.22223e+07 422.223 2.05244e+08
1e+11 4.23847e+07 423.847 2.03653e+08
1e+11 4.25477e+07 425.477 2.02074e+08
1e+11 4.27114e+07 427.114 2.00507e+08
1e+11 4.28757e+07 428.757 1.98953e+08
1e+11 4.30406e+07 430.406 1.9741e+08
1e+11 4.32061e+07 432.061 1.9588e+08
1e+11 4.33723e+07 433.723 1.94361e+08
1e+11 4.35391e+07 435.391 1.92854e+08
1e+11 4.37066e+07 437.066 1.91358e+08
1e+11 4.38747e+07 438.747 1.89874e+08
1e+11 4.40434e+07 440.434 1.88402e+08
1e+11 4.42129e+07 442.129 1.8694e+08
1e+11 4.43829e+07 443.829 1.85491e+08
1e+11 4.45536e+07 445.536 1.84052e+08
1e+11 4.4725e+07 447.25 1.82624e+08
1e+11 4.4897e+07 448.97 1.81207e+08
1e+11 4.50697e+07 450.697 1.79802e+08
1e+11 4.5243e+07 452.43 1.78407e+08
1e+11 4.54171e+07 454.171 1.77022e+08
1e+11 4.55918e+07 455.918 1.75649e+08
1e+11 4.57671e+07 457.671 1.74286e+08
1e+11 4.59431e+07 459.431 1.72934e+08
1e+11 4.61199e+07 461.199 1.71591e+08
1e+11 4.62972e+07 462.972 1.7026e+08
1e+11 4.64753e+07 464.753 1.68939e+08
1e+11 4.66541e+07 466.541 1.67627e+08
1e+11 4.68335e+07 468.335 1.66326e+08
1e+11 4.70137e+07 470.137 1.65035e+08
1e+11 4.71945e+07 471.945 1.63754e+08
1e+11 4.7376e+07 473.76 1.62483e+08
1e+11 4.75582e+07 475.582 1.61221e+08
1e+11 4.77412e+07 477.412 1.59969e+08
1e+11 4.79248e+07 479.248 1.58727e+08
1e+11 4.81091e+07 481.091 1.57495e+08
1e+11 4.82942e+07 482.942 1.56271e+08
1e+11 4.84799e+07 484.799 1.55058e+08
1e+11 4.86664e+07 486.664 1.53854e+08
1e+11 4.88536e+07 488.536 1.52659e+08
1e+11 4.90415e+07 490.415 1.51473e+08
1e+11 4.92301e+07 492.301 1.50296e+08
1e+11 4.94195e+07 494.195 1.49129e+08
1e+11 4.96095e+07 496.095 1.47971e+08
1e+11 4.98004e+07 498.004 1.46821e+08
1e+11 4.99919e+07 499.919 1.4568e+08
1e+11 5.01842e+07 501.842 1.44548e+08
1e+11 5.03772e+07 503.772 1.43425e+08
1e+11 5.0571e+07 505.71 1.4231e+08
1e+11 5.07655e+07 507.655 1.41204e+08
1e+11 5.09607e+07 509.607 1.40107e+08
1e+11 5.11568e+07 511.568 1.39018e+08
1e+11 5.13535e+07 513.535 1.37938e+08
1e+11 5.1551e+07 515.51 1.36866e+08
1e+11 5.17493e+07 517.493 1.35802e+08
1e+11 5.19484e+07 519.484 1.34746e+08
1e+11 5.21482e+07 521.482 1.33698e+08
1e+11 5.23487e+07 523.487 1.32659e+08
1e+11 5.25501e+07 525.501 1.31627e+08
1e+11 5.27522e+07 527.522 1.30604e+08
1e+11 5.29551e+07 529.551 1.29588e+08
1e+11 5.31588e+07 531.588 1.2858e+08
1e+11 5.33633e+07 533.633 1.2758e+08
1e+11 5.35685e+07 535.685 1.26588e+08
1e+11 5.37746e+07 537.746 1.25603e+08
1e+11 5.39814e+07 539.814 1.24626e+08
1e+11 5.4189e+07 541.89 1.23657e+08
1e+11 5.43974e+07 543.974 1.22695e+08
1e+11 5.46067e+07 546.067 1.2174e+08
1e+11 5.48167e+07 548.167 1.20793e+08
1e+11 5.50276e+07 550.276 1.19853e+08
1e+11 5.52392e+07 552.392 1.1892e+08
1e+11 5.54517e+07 554.517 1.17995e+08
1e+11 5.5665e+07 556.65 1.17076e+08
1e+11 5.58791e+07 558.791 1.16165e+08
1e+11 5.6094e+07 560.94 1.15261e+08
1e+11 5.63097e+07 563.097 1.14364e+08
1e+11 5.65263e+07 565.263 1.13474e+08
1e+11 5.67437e+07 567.437 1.1259e+08
1e+11 5.6962e+07 569.62 1.11714e+08
1e+11 5.71811e+07 571.811 1.10844e+08
1e+11 5.7401e+07 574.01 1.09981e+08
1e+11 5.76218e+07 576.218 1.09124e+08
1e+11 5.78434e+07 578.434 1.08274e+08
1e+11 5.80659e+07 580.659 1.07431e+08
1e+11 5.82893e+07 582.893 1.06594e+08
1e+11 5.85135e+07 585.135 1.05764e+08
1e+11 5.87385e+07 587.385 1.0494e+08
1e+11 5.89644e+07 589.644 1.04123e+08
1e+11 5.91912e+07 591.912 1.03312e+08
1e+11 5.94189e+07 594.189 1.02506e+08
1e+11 5.96474e+07 596.474 1.01708e+08
1e+11 5.98769e+07 598.769 1.00915e+08
1e+11 6.01072e+07 601.072 1.00129e+08
1e+11 6.03384e+07 603.384 9.93482e+07
1e+11 6.05704e+07 605.704 9.85742e+07
1e+11 6.08034e+07 608.034 9.78057e+07
1e+11 6.10373e+07 610.373 9.70432e+07
1e+11 6.12721e+07 612.721 9.62866e+07
1e+11 6.15077e+07 615.077 9.55361e+07
1e+11 6.17443e+07 617.443 9.47912e+07
1e+11 6.19818e+07 619.818 9.4052e+07
1e+11 6.22202e+07 622.202 9.33186e+07
1e+11 6.24595e+07 624.595 9.25909e+07
1e+11 6.26997e+07 626.997 9.18689e+07
1e+11 6.29409e+07 629.409 9.11522e+07
1e+11 6.3183e+07 631.83 9.04412e+07
1e+11 6.3426e+07 634.26 8.97357e+07
1e+11 6.367e+07 636.7 8.90356e+07
1e+11 6.39149e+07 639.149 8.83409e+07
1e+11 6.41607e+07 641.607 8.76517e+07
1e+11 6.44075e+07 644.075 8.69677e+07
1e+11 6.46552e+07 646.552 8.62891e+07
1e+11 6.49039e+07 649.039 8.56157e+07
1e+11 6.51535e+07 651.535 8.49476e+07
1e+11 6.54041e+07 654.041 8.42845e+07
1e+11 6.56557e+07 656.557 8.36265e+07
1e+11 6.59082e+07 659.082 8.29738e+07
1e+11 6.61617e+07 661.617 8.2326e+07
1e+11 6.64162e+07 664.162 8.16832e+07
1e+11 6.66717e+07 666.717 8.10453e+07
1e+11 6.69281e+07 669.281 8.04125e+07
1e+11 6.71855e+07 671.855 7.97846e+07
1e+11 6.74439e+07 674.439 7.91615e+07
1e+11 6.77034e+07 677.034 7.8543e+07
1e+11 6.79638e+07 679.638 7.79295e+07
1e+11 6.82252e+07 682.252 7.73207e+07
1e+11 6.84876e+07 684.876 7.67167e+07
1e+11 6.8751e+07 687.51 7.61174e+07
1e+11 6.90154e+07 690.154 7.55227e+07
1e+11 6.92809e+07 692.809 7.49324e+07
1e+11 6.95474e+07 695.474 7.43468e+07
1e+11 6.98149e+07 698.149 7.37657e+07
1e+11 7.00834e+07 700.834 7.31892e+07
1e+11 7.0353e+07 703.53 7.26171e+07
1e+11 7.06236e+07 706.236 7.20494e+07
1e+11 7.08952e+07 708.952 7.14862e+07
1e+11 7.11679e+07 711.679 7.09272e+07
1e+11 7.14416e+07 714.416 7.03727e+07
1e+11 7.17164e+07 717.164 6.98224e+07
1e+11 7.19923e+07 719.923 6.92762e+07
1e+11 7.22692e+07 722.692 6.87344e+07
1e+11 7.25471e+07 725.471 6.81969e+07
1e+11 7.28262e+07 728.262 6.76633e+07
1e+11 7.31063e+07 731.063 6.7134e+07
1e+11 7.33875e+07 733.875 6.66088e+07
1e+11 7.36697e+07 736.697 6.60877e+07
1e+11 7.39531e+07 739.531 6.55705e+07
1e+11 7.42375e+07 742.375 6.50575e+07
1e+11 7.45231e+07 745.231 6.45482e+07
1e+11 7.48097e+07 748.097 6.4043e+07
1e+11 7.50975e+07 750.975 6.35416e+07
1e+11 7.53863e+07 753.863 6.30443e+07
1e+11 7.56763e+07 756.763 6.25507e+07
1e+11 7.59673e+07 759.673 6.2061e+07
1e+11 7.62595e+07 762.595 6.15751e+07
1e+11 7.65528e+07 765.528 6.10929e+07
1e+11 7.68473e+07 768.473 6.06144e+07
1e+11 7.71429e+07 771.429 6.01396e+07
1e+11 7.74396e+07 774.396 5.96685e+07
1e+11 7.77374e+07 777.374 5.92012e+07
1e+11 7.80364e+07 780.364 5.87374e+07
1e+11 7.83366e+07 783.366 5.82771e+07
1e+11 7.86379e+07 786.379 5.78205e+07
1e+11 7.89404e+07 789.404 5.73673e+07
1e+11 7.9244e+07 792.44 5.69178e+07
1e+11 7.95488e+07 795.488 5.64717e+07
1e+11 7.98548e+07 798.548 5.6029e+07
1e+11 8.01619e+07 801.619 5.55898e+07
1e+11 8.04702e+07 804.702 5.5154e+07
1e+11 8.07797e+07 807.797 5.47216e+07
1e+11 8.10904e+07 810.904 5.42925e+07
1e+11 8.14023e+07 814.023 5.38667e+07
1e+11 8.17154e+07 817.154 5.34443e+07
1e+11 8.20297e+07 820.297 5.30251e+07
1e+11 8.23452e+07 823.452 5.26092e+07
1e+11 8.2662e+07 826.62 5.21964e+07
1e+11 8.29799e+07 829.799 5.17869e+07
1e+11 8.32991e+07 832.991 5.13805e+07
1e+11 8.36195e+07 836.195 5.09773e+07
1e+11 8.39411e+07 839.411 5.05773e+07
1e+11 8.4264e+07 842.64 5.01803e+07
1e+11 8.45881e+07 845.881 4.97864e+07
1e+11 8.49134e+07 849.134 4.93957e+07
1e+11 8.524e+07 852.4 4.90079e+07
1e+11 8.55679e+07 855.679 4.86231e+07
1e+11 8.5897e+07 858.97 4.82413e+07
1e+11 8.62274e+07 862.274 4.78624e+07
1e+11 8.6559e+07 865.59 4.74866e+07
1e+11 8.6892e+07 868.92 4.71135e+07
1e+11 8.72262e+07 872.262 4.67435e+07
1e+11 8.75617e+07 875.617 4.63762e+07
1e+11 8.78985e+07 878.985 4.60119e+07
1e+11 8.82366e+07 882.366 4.56503e+07
1e+11 8.85759e+07 885.759 4.52917e+07
1e+11 8.89166e+07 889.166 4.49357e+07
1e+11 8.92586e+07 892.586 4.45825e+07
1e+11 8.96019e+07 896.019 4.42321e+07
1e+11 8.99466e+07 899.466 4.38843e+07
1e+11 9.02925e+07 902.925 4.35393e+07
1e+11 9.06398e+07 906.398 4.3197e+07
1e+11 9.09885e+07 909.885 4.28572e+07
1e+11 9.13384e+07 913.384 4.25202e+07
1e+11 9.16897e+07 916.897 4.21858e+07
1e+11 9.20424e+07 920.424 4.18539e+07
1e+11 9.23964e+07 923.964 4.15247e+07
1e+11 9.27518e+07 927.518 4.1198e+07
1e+11 9.31086e+07 931.086 4.08738e+07
1e+11 9.34667e+07 934.667 4.05521e+07
1e+11 9.38262e+07 938.262 4.0233e+07
1e+11 9.41871e+07 941.871 3.99163e+07
1e+11 9.45494e+07 945.494 3.96021e+07
1e+11 9.4913e+07 949.13 3.92903e+07
1e+11 9.52781e+07 952.781 3.8981e+07
1e+11 9.56445e+07 956.445 3.86741e+07
1e+11 9.60124e+07 960.124 3.83695e+07
1e+11 9.63817e+07 963.817 3.80673e+07
1e+11 9.67524e+07 967.524 3.77675e+07
1e+11 9.71246e+07 971.246 3.74699e+07
1e+11 9.74981e+07 974.981 3.71748e+07
1e+11 9.78731e+07 978.731 3.68818e+07
1e+11 9.82496e+07 982.496 3.65912e+07
1e+11 9.86275e+07 986.275 3.63028e+07
1e+11 9.90068e+07 990.068 3.60167e+07
1e+11 9.93877e+07 993.877 3.57327e+07
1e+11 9.97699e+07 997.699 3.54511e+07
1e+11 1.00154e+08 1001.54 3.51713e+07
1e+11 1.00539e+08 1005.39 3.48941e+07
1e+11 1.00926e+08 1009.26 3.46188e+07
1e+11 1.01314e+08 1013.14 3.43458e+07
1e+11 1.01703e+08 1017.03 3.40754e+07
1e+11 1.02095e+08 1020.95 3.3806e+07
1e+11 1.02487e+08 1024.87 3.35398e+07
1e+11 1.02882e+08 1028.82 3.32746e+07
1e+11 1.03277e+08 1032.77 3.30125e+07
1e+11 1.03674e+08 1036.74 3.27521e+07
1e+11 1.04073e+08 1040.73 3.24934e+07
1e+11 1.04474e+08 1044.74 3.22365e+07
1e+11 1.04875e+08 1048.75 3.19825e+07
1e+11 1.05279e+08 1052.79 3.17296e+07
1e+11 1.05684e+08 1056.84 3.1479e+07
1e+11 1.0609e+08 1060.9 3.12307e+07
1e+11 1.06498e+08 1064.98 3.0984e+07
1e+11 1.06908e+08 1069.08 3.0739e+07
1e+11 1.07319e+08 1073.19 3.04963e+07
1e+11 1.07732e+08 1077.32 3.02552e+07
1e+11 1.08146e+08 1081.46 3.00163e+07
1e+11 1.08562e+08 1085.62 2.97791e+07
1e+11 1.0898e+08 1089.8 2.95435e+07
1e+11 1.09399e+08 1093.99 2.931e+07
1e+11 1.0982e+08 1098.2 2.90782e+07
1e+11 1.10242e+08 1102.42 2.88485e+07
1e+11 1.10666e+08 1106.66 2.86204e+07
1e+11 1.11092e+08 1110.92 2.83938e+07
1e+11 1.11519e+08 1115.19 2.81694e+07
1e+11 1.11948e+08 1119.48 2.79465e+07
1e+11 1.12379e+08 1123.79 2.77252e+07
1e+11 1.12811e+08 1128.11 2.75059e+07
1e+11 1.13245e+08 1132.45 2.72882e+07
1e+11 1.1368e+08 1136.8 2.70725e+07
1e+11 1.14118e+08 1141.18 2.68579e+07
1e+11 1.14556e+08 1145.56 2.66457e+07
1e+11 1.14997e+08 1149.97 2.64345e+07
1e+11 1.15439e+08 1154.39 2.62254e+07
1e+11 1.15883e+08 1158.83 2.60177e+07
1e+11 1.16329e+08 1163.29 2.58115e+07
1e+11 1.16777e+08 1167.77 2.56068e+07
1e+11 1.17226e+08 1172.26 2.5404e+07
1e+11 1.17677e+08 1176.77 2.52026e+07
1e+11 1.18129e+08 1181.29 2.50032e+07
1e+11 1.18584e+08 1185.84 2.48047e+07
1e+11 1.1904e+08 1190.4 2.46082e+07
1e+11 1.19498e+08 1194.98 2.4413e+07
1e+11 1.19957e+08 1199.57 2.42197e+07
1e+11 1.20419e+08 1204.19 2.40274e+07
1e+11 1.20882e+08 1208.82 2.38369e+07
1e+11 1.21347e+08 1213.47 2.36479e+07
1e+11 1.21813e+08 1218.13 2.34606e+07
1e+11 1.22282e+08 1222.82 2.32742e+07
1e+11 1.22752e+08 1227.52 2.30897e+07
1e+11 1.23224e+08 1232.24 2.29065e+07
1e+11 1.23698e+08 1236.98 2.27247e+07
1e+11 1.24174e+08 1241.74 2.25442e+07
1e+11 1.24652e+08 1246.52 2.23651e+07
1e+11 1.25131e+08 1251.31 2.21877e+07
1e+11 1.25613e+08 1256.13 2.20113e+07
1e+11 1.26096e+08 1260.96 2.18365e+07
1e+11 1.26581e+08 1265.81 2.1663e+07
1e+11 1.27068e+08 1270.68 2.14909e+07
1e+11 1.27556e+08 1275.56 2.13204e+07
1e+11 1.28047e+08 1280.47 2.11509e+07
1e+11 1.28539e+08 1285.39 2.09829e+07
1e+11 1.29034e+08 1290.34 2.08159e+07
1e+11 1.2953e+08 1295.3 2.06506e+07
1e+11 1.30028e+08 1300.28 2.04864e+07
1e+11 1.30528e+08 1305.28 2.03236e+07
1e+11 1.31031e+08 1310.31 2.01616e+07
1e+11 1.31535e+08 1315.35 2.00013e+07
1e+11 1.3204e+08 1320.4 1.98425e+07
1e+11 1.32548e+08 1325.48 1.96845e+07
1e+11 1.33058e+08 1330.58 1.95278e+07
1e+11 1.3357e+08 1335.7 1.93724e+07
1e+11 1.34084e+08 1340.84 1.92181e+07
1e+11 1.34599e+08 1345.99 1.90653e+07
1e+11 1.35117e+08 1351.17 1.89134e+07
1e+11 1.35637e+08 1356.37 1.87627e+07
1e+11 1.36158e+08 1361.58 1.86135e+07
1e+11 1.36682e+08 1366.82 1.84652e+07
1e+11 1.37208e+08 1372.08 1.8318e+07
1e+11 1.37736e+08 1377.36 1.8172e+07
1e+11 1.38265e+08 1382.65 1.80274e+07
1e+11 1.38797e+08 1387.97 1.78836e+07
1e+11 1.39331e+08 1393.31 1.7741e+07
1e+11 1.39867e+08 1398.67 1.75996e+07
1e+11 1.40405e+08 1404.05 1.74593e+07
1e+11 1.40945e+08 1409.45 1.732e+07
1e+11 1.41487e+08 1414.87 1.71819e+07
1e+11 1.42031e+08 1420.31 1.70449e+07
1e+11 1.42578e+08 1425.78 1.69087e+07
1e+11 1.43126e+08 1431.26 1.67739e+07
1e+11 1.43677e+08 1436.77 1.66399e+07
1e+11 1.44229e+08 1442.29 1.65073e+07
1e+11 1.44784e+08 1447.84 1.63754e+07
1e+11 1.45341e+08 1453.41 1.62447e+07
1e+11 1.459e+08 1459 1.61149e+07
1e+11 1.46461e+08 1464.61 1.59863e+07
1e+11 1.47024e+08 1470.24 1.58587e+07
1e+11 1.4759e+08 1475.9 1.57318e+07
1e+11 1.48157e+08 1481.57 1.56063e+07
1e+11 1.48727e+08 1487.27 1.54815e+07
1e+11 1.49299e+08 1492.99 1.53578e+07
1e+11 1.49874e+08 1498.74 1.52349e+07
1e+11 1.5045e+08 1504.5 1.51132e+07
1e+11 1.51029e+08 1510.29 1.49922e+07
1e+11 1.5161e+08 1516.1 1.48723e+07
1e+11 1.52193e+08 1521.93 1.47534e+07
1e+11 1.52778e+08 1527.78 1.46354e+07
1e+11 1.53366e+08 1533.66 1.45182e+07
1e+11 1.53956e+08 1539.56 1.4402e+07
1e+11 1.54548e+08 1545.48 1.42868e+07
1e+11 1.55142e+08 1551.42 1.41725e+07
1e+11 1.55739e+08 1557.39 1.4059e+07
1e+11 1.56338e+08 1563.38 1.39464e+07
1e+11 1.56939e+08 1569.39 1.38347e+07
1e+11 1.57543e+08 1575.43 1.37238e+07
1e+11 1.58149e+08 1581.49 1.36139e+07
1e+11 1.58757e+08 1587.57 1.35048e+07
1e+11 1.59368e+08 1593.68 1.33965e+07
1e+11 1.59981e+08 1599.81 1.32892e+07
1e+11 1.60596e+08 1605.96 1.31827e+07
1e+11 1.61214e+08 1612.14 1.30769e+07
1e+11 1.61834e+08 1618.34 1.2972e+07
1e+11 1.62456e+08 1624.56 1.28681e+07
1e+11 1.63081e+08 1630.81 1.27648e+07
1e+11 1.63709e+08 1637.09 1.26623e+07
1e+11 1.64338e+08 1643.38 1.25608e+07
1e+11 1.6497e+08 1649.7 1.24599e+07
1e+11 1.65605e+08 1656.05 1.23598e+07
1e+11 1.66242e+08 1662.42 1.22606e+07
1e+11 1.66881e+08 1668.81 1.21622e+07
1e+11 1.67523e+08 1675.23 1.20645e+07
1e+11 1.68167e+08 1681.67 1.19676e+07
1e+11 1.68814e+08 1688.14 1.18714e+07
1e+11 1.69464e+08 1694.64 1.17759e+07
1e+11 1.70115e+08 1701.15 1.16814e+07
1e+11 1.7077e+08 1707.7 1.15874e+07
1e+11 1.71427e+08 1714.27 1.14942e+07
1e+11 1.72086e+08 1720.86 1.14018e+07
1e+11 1.72748e+08 1727.48 1.13101e+07
1e+11 1.73412e+08 1734.12 1.12191e+07
1e+11 1.74079e+08 1740.79 1.11289e+07
1e+11 1.74749e+08 1747.49 1.10393e+07
1e+11 1.75421e+08 1754.21 1.09504e+07
1e+11 1.76096e+08 1760.96 1.08622e+07
1e+11 1.76773e+08 1767.73 1.07748e+07
1e+11 1.77453e+08 1774.53 1.0688e+07
1e+11 1.78135e+08 1781.35 1.0602e+07
1e+11 1.78821e+08 1788.21 1.05165e+07
1e+11 1.79508e+08 1795.08 1.04318e+07
1e+11 1.80199e+08 1801.99 1.03477e+07
1e+11 1.80892e+08 1808.92 1.02643e+07
1e+11 1.81588e+08 1815.88 1.01815e+07
1e+11 1.82286e+08 1822.86 1.00994e+07
1e+11 1.82987e+08 1829.87 1.0018e+07
1e+11 1.83691e+08 1836.91 9.93717e+06
1e+11 1.84398e+08 1843.98 9.85694e+06
1e+11 1.85107e+08 1851.07 9.77743e+06
1e+11 1.85819e+08 1858.19 9.69851e+06
1e+11 1.86534e+08 1865.34 9.62018e+06
1e+11 1.87251e+08 1872.51 9.54255e+06
1e+11 1.87971e+08 1879.71 9.46551e+06
1e+11 1.88694e+08 1886.94 9.38905e+06
1e+11 1.8942e+08 1894.2 9.31317e+06
1e+11 1.90149e+08 1901.49 9.23787e+06
1e+11 1.9088e+08 1908.8 9.16325e+06
1e+11 1.91614e+08 1916.14 9.08919e+06
1e+11 1.92351e+08 1923.51 9.01571e+06
1e+11 1.93091e+08 1930.91 8.94278e+06
1e+11 1.93834e+08 1938.34 8.87042e+06
1e+11 1.94579e+08 1945.79 8.79871e+06
1e+11 1.95328e+08 1953.28 8.72746e+06
1e+11 1.96079e+08 1960.79 8.65685e+06
1e+11 1.96833e+08 1968.33 8.58679e+06
1e+11 1.9759e+08 1975.9 8.51728e+06
1e+11 1.9835e+08 1983.5 8.4483e+06
1e+11 1.99113e+08 1991.13 8.37987e+06
1e+11 1.99879e+08 1998.79 8.31197e+06
1e+11 2.00648e+08 2006.48 8.2446e+06
1e+11 2.01419e+08 2014.19 8.17784e+06
1e+11 2.02194e+08 2021.94 8.11153e+06
1e+11 2.02972e+08 2029.72 8.04574e+06
1e+11 2.03753e+08 2037.53 7.98047e+06
1e+11 2.04536e+08 2045.36 7.91579e+06
1e+11 2.05323e+08 2053.23 7.85155e+06
1e+11 2.06113e+08 2061.13 7.78782e+06
1e+11 2.06905e+08 2069.05 7.72467e+06
1e+11 2.07701e+08 2077.01 7.66195e+06
1e+11 2.085e+08 2085 7.59973e+06
1e+11 2.09302e+08 2093.02 7.53801e+06
1e+11 2.10107e+08 2101.07 7.47679e+06
1e+11 2.10915e+08 2109.15 7.41605e+06
1e+11 2.11727e+08 2117.27 7.35573e+06
1e+11 2.12541e+08 2125.41 7.29597e+06
1e+11 2.13358e+08 2133.58 7.23669e+06
1e+11 2.14179e+08 2141.79 7.17782e+06
1e+11 2.15003e+08 2150.03 7.11943e+06
1e+11 2.1583e+08 2158.3 7.06151e+06
1e+11 2.1666e+08 2166.6 7.00406e+06
1e+11 2.17493e+08 2174.93 6.94709e+06
1e+11 2.1833e+08 2183.3 6.89051e+06
1e+11 2.1917e+08 2191.7 6.83439e+06
1e+11 2.20013e+08 2200.13 6.77873e+06
1e+11 2.20859e+08 2208.59 6.72353e+06
1e+11 2.21708e+08 2217.08 6.66879e+06
1e+11 2.22561e+08 2225.61 6.61443e+06
1e+11 2.23417e+08 2234.17 6.56052e+06
1e+11 2.24276e+08 2242.76 6.50705e+06
1e+11 2.25139e+08 2251.39 6.45397e+06
1e+11 2.26005e+08 2260.05 6.40133e+06
1e+11 2.26874e+08 2268.74 6.34912e+06
1e+11 2.27747e+08 2277.47 6.29729e+06
1e+11 2.28623e+08 2286.23 6.2459e+06
1e+11 2.29502e+08 2295.02 6.19493e+06
1e+11 2.30385e+08 2303.85 6.14433e+06
1e+11 2.31271e+08 2312.71 6.09416e+06
1e+11 2.32161e+08 2321.61 6.04435e+06
1e+11 2.33054e+08 2330.54 5.99496e+06
1e+11 2.3395e+08 2339.5 5.94598e+06
1e+11 2.3485e+08 2348.5 5.89737e+06
1e+11 2.35753e+08 2357.53 5.84917e+06
1e+11 2.3666e+08 2366.6 5.80132e+06
1e+11 2.3757e+08 2375.7 5.75388e+06
1e+11 2.38484e+08 2384.84 5.70678e+06
1e+11 2.39401e+08 2394.01 5.66009e+06
1e+11 2.40322e+08 2403.22 5.61375e+06
1e+11 2.41246e+08 2412.46 5.5678e+06
1e+11 2.42174e+08 2421.74 5.5222e+06
1e+11 2.43106e+08 2431.06 5.47694e+06
1e+11 2.44041e+08 2440.41 5.43207e+06
1e+11 2.44979e+08 2449.79 5.38758e+06
1e+11 2.45922e+08 2459.22 5.34338e+06
1e+11 2.46868e+08 2468.68 5.29956e+06
1e+11 2.47817e+08 2478.17 5.25612e+06
1e+11 2.4877e+08 2487.7 5.21301e+06
1e+11 2.49727e+08 2497.27 5.17023e+06
1e+11 2.50688e+08 2506.88 5.12777e+06
1e+11 2.51652e+08 2516.52 5.08569e+06
1e+11 2.5262e+08 2526.2 5.04392e+06
1e+11 2.53592e+08 2535.92 5.00248e+06
1e+11 2.54567e+08 2545.67 4.9614e+06
1e+11 2.55546e+08 2555.46 4.92063e+06
1e+11 2.56529e+08 2565.29 4.88019e+06
1e+11 2.57516e+08 2575.16 4.84005e+06
1e+11 2.58506e+08 2585.06 4.80027e+06
1e+11 2.595e+08 2595 4.76079e+06
1e+11 2.60499e+08 2604.99 4.72159e+06
1e+11 2.615e+08 2615 4.68277e+06
1e+11 2.62506e+08 2625.06 4.64422e+06
1e+11 2.63516e+08 2635.16 4.60596e+06
1e+11 2.6453e+08 2645.3 4.56801e+06
1e+11 2.65547e+08 2655.47 4.5304e+06
1e+11 2.66568e+08 2665.68 4.49308e+06
1e+11 2.67594e+08 2675.94 4.45602e+06
1e+11 2.68623e+08 2686.23 4.41929e+06
1e+11 2.69656e+08 2696.56 4.38286e+06
1e+11 2.70693e+08 2706.93 4.34671e+06
1e+11 2.71734e+08 2717.34 4.31085e+06
1e+11 2.7278e+08 2727.8 4.27525e+06
1e+11 2.73829e+08 2738.29 4.23996e+06
1e+11 2.74882e+08 2748.82 4.20496e+06
1e+11 2.75939e+08 2759.39 4.17024e+06
1e+11 2.77001e+08 2770.01 4.13577e+06
1e+11 2.78066e+08 2780.66 4.1016e+06
1e+11 2.79136e+08 2791.36 4.06769e+06
1e+11 2.80209e+08 2802.09 4.03407e+06
1e+11 2.81287e+08 2812.87 4.0007e+06
1e+11 2.82369e+08 2823.69 3.96761e+06
1e+11 2.83455e+08 2834.55 3.93478e+06
1e+11 2.84545e+08 2845.45 3.90222e+06
1e+11 2.8564e+08 2856.4 3.8699e+06
1e+11 2.86738e+08 2867.38 3.83787e+06
1e+11 2.87841e+08 2878.41 3.80607e+06
1e+11 2.88948e+08 2889.48 3.77454e+06
1e+11 2.9006e+08 2900.6 3.74324e+06
1e+11 2.91175e+08 2911.75 3.71222e+06
1e+11 2.92295e+08 2922.95 3.68144e+06
1e+11 2.9342e+08 2934.2 3.65088e+06
1e+11 2.94548e+08 2945.48 3.6206e+06
1e+11 2.95681e+08 2956.81 3.59055e+06
1e+11 2.96818e+08 2968.18 3.56075e+06
1e+11 2.9796e+08 2979.6 3.53117e+06
1e+11 2.99106e+08 2991.06 3.50184e+06
1e+11 3.00257e+08 3002.57 3.47273e+06
1e+11 3.01411e+08 3014.11 3.44389e+06
1e+11 3.02571e+08 3025.71 3.41525e+06
1e+11 3.03735e+08 3037.35 3.38684e+06
1e+11 3.04903e+08 3049.03 3.35867e+06
1e+11 3.06076e+08 3060.76 3.33072e+06
1e+11 3.07253e+08 3072.53 3.30301e+06
1e+11 3.08435e+08 3084.35 3.2755e+06
1e+11 3.09621e+08 3096.21 3.24823e+06
1e+11 3.10812e+08 3108.12 3.22117e+06
1e+11 3.12007e+08 3120.07 3.19434e+06
1e+11 3.13207e+08 3132.07 3.16772e+06
1e+11 3.14412e+08 3144.12 3.1413e+06
1e+11 3.15621e+08 3156.21 3.11511e+06
1e+11 3.16835e+08 3168.35 3.08912e+06
1e+11 3.18054e+08 3180.54 3.06334e+06
1e+11 3.19277e+08 3192.77 3.03777e+06
1e+11 3.20505e+08 3205.05 3.01241e+06
1e+11 3.21738e+08 3217.38 2.98725e+06
1e+11 3.22976e+08 3229.76 2.96228e+06
1e+11 3.24218e+08 3242.18 2.93753e+06
1e+11 3.25465e+08 3254.65 2.91297e+06
1e+11 3.26717e+08 3267.17 2.88861e+06
1e+11 3.27973e+08 3279.73 2.86446e+06
1e+11 3.29235e+08 3292.35 2.84048e+06
1e+11 3.30501e+08 3305.01 2.81672e+06
1e+11 3.31772e+08 3317.72 2.79314e+06
1e+11 3.33049e+08 3330.49 2.76973e+06
1e+11 3.3433e+08 3343.3 2.74653e+06
1e+11 3.35615e+08 3356.15 2.72353e+06
1e+11 3.36906e+08 3369.06 2.70069e+06
1e+11 3.38202e+08 3382.02 2.67805e+06
1e+11 3.39503e+08 3395.03 2.65558e+06
1e+11 3.40809e+08 3408.09 2.6333e+06
1e+11 3.4212e+08 3421.2 2.61119e+06
1e+11 3.43436e+08 3434.36 2.58927e+06
1e+11 3.44757e+08 3447.57 2.56752e+06
1e+11 3.46083e+08 3460.83 2.54595e+06
1e+11 3.47414e+08 3474.14 2.52456e+06
1e+11 3.4875e+08 3487.5 2.50334e+06
1e+11 3.50091e+08 3500.91 2.4823e+06
1e+11 3.51438e+08 3514.38 2.46141e+06
1e+11 3.5279e+08 3527.9 2.4407e+06
1e+11 3.54147e+08 3541.47 2.42015e+06
1e+11 3.55509e+08 3555.09 2.39978e+06
1e+11 3.56876e+08 3568.76 2.37957e+06
1e+11 3.58249e+08 3582.49 2.35952e+06
1e+11 3.59627e+08 3596.27 2.33963e+06
1e+11 3.6101e+08 3610.1 2.31991e+06
1e+11 3.62399e+08 3623.99 2.30034e+06
1e+11 3.63792e+08 3637.92 2.28095e+06
1e+11 3.65192e+08 3651.92 2.26169e+06
1e+11 3.66596e+08 3665.96 2.24261e+06
1e+11 3.68006e+08 3680.06 2.22367e+06
1e+11 3.69422e+08 3694.22 2.20488e+06
1e+11 3.70843e+08 3708.43 2.18625e+06
1e+11 3.72269e+08 3722.69 2.16777e+06
1e+11 3.73701e+08 3737.01 2.14944e+06
1e+11 3.75138e+08 3751.38 2.13126e+06
1e+11 3.76581e+08 3765.81 2.11323e+06
1e+11 3.7803e+08 3780.3 2.09534e+06
1e+11 3.79484e+08 3794.84 2.07759e+06
1e+11 3.80943e+08 3809.43 2.06e+06
1e+11 3.82408e+08 3824.08 2.04255e+06
1e+11 3.83879e+08 3838.79 2.02524e+06
1e+11 3.85356e+08 3853.56 2.00806e+06
1e+11 3.86838e+08 3868.38 1.99103e+06
1e+11 3.88326e+08 3883.26 1.97414e+06
1e+11 3.8982e+08 3898.2 1.95738e+06
1e+11 3.91319e+08 3913.19 1.94077e+06
1e+11 3.92824e+08 3928.24 1.92428e+06
1e+11 3.94335e+08 3943.35 1.90793e+06
1e+11 3.95852e+08 3958.52 1.89171e+06
1e+11 3.97374e+08 3973.74 1.87564e+06
1e+11 3.98903e+08 3989.03 1.85968e+06
1e+11 4.00437e+08 4004.37 1.84386e+06
1e+11 4.01977e+08 4019.77 1.82817e+06
1e+11 4.03523e+08 4035.23 1.8126e+06
1e+11 4.05075e+08 4050.75 1.79717e+06
1e+11 4.06633e+08 4066.33 1.78185e+06
1e+11 4.08197e+08 4081.97 1.76667e+06
1e+11 4.09768e+08 4097.68 1.75159e+06
1e+11 4.11344e+08 4113.44 1.73665e+06
1e+11 4.12926e+08 4129.26 1.72184e+06
1e+11 4.14514e+08 4145.14 1.70714e+06
1e+11 4.16108e+08 4161.08 1.69257e+06
1e+11 4.17709e+08 4177.09 1.67811e+06
1e+11 4.19315e+08 4193.15 1.66377e+06
1e+11 4.20928e+08 4209.28 1.64955e+06
1e+11 4.22547e+08 4225.47 1.63544e+06
1e+11 4.24173e+08 4241.73 1.62145e+06
1e+11 4.25804e+08 4258.04 1.60757e+06
1e+11 4.27442e+08 4274.42 1.59381e+06
1e+11 4.29086e+08 4290.86 1.58016e+06
1e+11 4.30736e+08 4307.36 1.56663e+06
1e+11 4.32393e+08 4323.93 1.5532e+06
1e+11 4.34056e+08 4340.56 1.53988e+06
1e+11 4.35726e+08 4357.26 1.52667e+06
1e+11 4.37402e+08 4374.02 1.51357e+06
1e+11 4.39084e+08 4390.84 1.50058e+06
1e+11 4.40773e+08 4407.73 1.4877e+06
1e+11 4.42468e+08 4424.68 1.47492e+06
1e+11 4.4417e+08 4441.7 1.46224e+06
1e+11 4.45878e+08 4458.78 1.44968e+06
1e+11 4.47593e+08 4475.93 1.43721e+06
1e+11 4.49315e+08 4493.15 1.42484e+06
1e+11 4.51043e+08 4510.43 1.41258e+06
1e+11 4.52778e+08 4527.78 1.40042e+06
1e+11 4.54519e+08 4545.19 1.38836e+06
1e+11 4.56268e+08 4562.68 1.37639e+06
1e+11 4.58023e+08 4580.23 1.36453e+06
1e+11 4.59784e+08 4597.84 1.35276e+06
1e+11 4.61553e+08 4615.53 1.34109e+06
1e+11 4.63328e+08 4633.28 1.32952e+06
1e+11 4.6511e+08 4651.1 1.31804e+06
1e+11 4.66899e+08 4668.99 1.30665e+06
1e+11 4.68695e+08 4686.95 1.29536e+06
1e+11 4.70498e+08 4704.98 1.28417e+06
1e+11 4.72307e+08 4723.07 1.27306e+06
1e+11 4.74124e+08 4741.24 1.26205e+06
1e+11 4.75948e+08 4759.48 1.25112e+06
1e+11 4.77778e+08 4777.78 1.2403e+06
1e+11 4.79616e+08 4796.16 1.22955e+06
1e+11 4.81461e+08 4814.61 1.2189e+06
1e+11 4.83313e+08 4833.13 1.20833e+06
1e+11 4.85172e+08 4851.72 1.19785e+06
1e+11 4.87038e+08 4870.38 1.18746e+06
1e+11 4.88911e+08 4889.11 1.17715e+06
1e+11 4.90791e+08 4907.91 1.16694e+06
1e+11 4.92679e+08 4926.79 1.1568e+06
1e+11 4.94574e+08 4945.74 1.14674e+06
1e+11 4.96476e+08 4964.76 1.13678e+06
1e+11 4.98386e+08 4983.86 1.12689e+06
1e+11 5.00303e+08 5003.03 1.11708e+06
1e+11 5.02227e+08 5022.27 1.10736e+06
1e+11 5.04159e+08 5041.59 1.09772e+06
1e+11 5.06098e+08 5060.98 1.08815e+06
1e+11 5.08045e+08 5080.45 1.07867e+06
1e+11 5.09999e+08 5099.99 1.06926e+06
1e+11 5.1196e+08 5119.6 1.05994e+06
1e+11 5.1393e+08 5139.3 1.05068e+06
1e+11 5.15906e+08 5159.06 1.04151e+06
1e+11 5.17891e+08 5178.91 1.03241e+06
1e+11 5.19883e+08 5198.83 1.02339e+06
1e+11 5.21882e+08 5218.82 1.01445e+06
1e+11 5.2389e+08 5238.9 1.00557e+06
1e+11 5.25905e+08 5259.05 996775
1e+11 5.27927e+08 5279.27 988053
1e+11 5.29958e+08 5299.58 979399
1e+11 5.31996e+08 5319.96 970820
1e+11 5.34043e+08 5340.43 962307
1e+11 5.36097e+08 5360.97 953869
1e+11 5.38159e+08 5381.59 945501
1e+11 5.40229e+08 5402.29 937203
1e+11 5.42306e+08 5423.06 928977
1e+11 5.44392e+08 5443.92 920816
1e+11 5.46486e+08 5464.86 912723
1e+11 5.48588e+08 5485.88 904698
1e+11 5.50698e+08 5506.98 896740
1e+11 5.52816e+08 5528.16 888849
1e+11 5.54943e+08 5549.43 881021
1e+11 5.57077e+08 5570.77 873262
1e+11 5.5922e+08 5592.2 865565
1e+11 5.61371e+08 5613.71 857934
1e+11 5.6353e+08 5635.3 850367
1e+11 5.65697e+08 5656.97 842865
1e+11 5.67873e+08 5678.73 835423
1e+11 5.70057e+08 5700.57 828045
1e+11 5.7225e+08 5722.5 820726
1e+11 5.74451e+08 5744.51 813470
1e+11 5.76661e+08 5766.61 806274
1e+11 5.78879e+08 5788.79 799139
1e+11 5.81105e+08 5811.05 792065
1e+11 5.8334e+08 5833.4 785050
1e+11 5.85584e+08 5855.84 778092
1e+11 5.87836e+08 5878.36 771195
1e+11 5.90097e+08 5900.97 764354
1e+11 5.92367e+08 5923.67 757570
1e+11 5.94645e+08 5946.45 750845
1e+11 5.96933e+08 5969.33 744173
1e+11 5.99229e+08 5992.29 737559
1e+11 6.01533e+08 6015.33 731004
1e+11 6.03847e+08 6038.47 724500
1e+11 6.0617e+08 6061.7 718051
1e+11 6.08501e+08 6085.01 711658
1e+11 6.10842e+08 6108.42 705317
1e+11 6.13191e+08 6131.91 699032
1e+11 6.1555e+08 6155.5 692797
1e+11 6.17917e+08 6179.17 686617
1e+11 6.20294e+08 6202.94 680488
1e+11 6.2268e+08 6226.8 674410
1e+11 6.25075e+08 6250.75 668384
1e+11 6.27479e+08 6274.79 662410
1e+11 6.29892e+08 6298.92 656486
1e+11 6.32315e+08 6323.15 650611
1e+11 6.34747e+08 6347.47 644786
1e+11 6.37189e+08 6371.89 639009
1e+11 6.3964e+08 6396.4 633282
1e+11 6.421e+08 6421 627604
1e+11 6.4457e+08 6445.7 621973
1e+11 6.47049e+08 6470.49 616391
1e+11 6.49537e+08 6495.37 610858
1e+11 6.52036e+08 6520.36 605368
1e+11 6.54544e+08 6545.44 599926
1e+11 6.57061e+08 6570.61 594531
1e+11 6.59589e+08 6595.89 589179
1e+11 6.62125e+08 6621.25 583877
1e+11 6.64672e+08 6646.72 578617
1e+11 6.67229e+08 6672.29 573401
1e+11 6.69795e+08 6697.95 568231
1e+11 6.72371e+08 6723.71 563105
1e+11 6.74957e+08 6749.57 558022
1e+11 6.77554e+08 6775.54 552980
1e+11 6.8016e+08 6801.6 547984
1e+11 6.82776e+08 6827.76 543029
1e+11 6.85402e+08 6854.02 538117
1e+11 6.88038e+08 6880.38 533247
1e+11 6.90685e+08 6906.85 528417
1e+11 6.93341e+08 6933.41 523631
1e+11 6.96008e+08 6960.08 518883
1e+11 6.98685e+08 6986.85 514177
1e+11 7.01372e+08 7013.72 509512
1e+11 7.0407e+08 7040.7 504885
1e+11 7.06778e+08 7067.78 500298
1e+11 7.09497e+08 7094.97 495749
1e+11 7.12226e+08 7122.26 491240
1e+11 7.14965e+08 7149.65 486771
1e+11 7.17715e+08 7177.15 482339
1e+11 7.20475e+08 7204.75 477946
1e+11 7.23247e+08 7232.47 473588
1e+11 7.26028e+08 7260.28 469270
1e+11 7.28821e+08 7288.21 464987
1e+11 7.31624e+08 7316.24 460742
1e+11 7.34438e+08 7344.38 456533
1e+11 7.37263e+08 7372.63 452360
1e+11 7.40099e+08 7400.99 448223
1e+11 7.42946e+08 7429.46 444121
1e+11 7.45803e+08 7458.03 440056
1e+11 7.48672e+08 7486.72 436024
1e+11 7.51551e+08 7515.51 432028
1e+11 7.54442e+08 7544.42 428065
1e+11 7.57344e+08 7573.44 424137
1e+11 7.60257e+08 7602.57 420242
1e+11 7.63181e+08 7631.81 416382
1e+11 7.66116e+08 7661.16 412555
1e+11 7.69063e+08 7690.63 408760
1e+11 7.72021e+08 7720.21 404998
1e+11 7.74991e+08 7749.91 401268
1e+11 7.77971e+08 7779.71 397572
1e+11 7.80964e+08 7809.64 393906
1e+11 7.83968e+08 7839.68 390272
1e+11 7.86983e+08 7869.83 386670
1e+11 7.9001e+08 7900.1 383099
1e+11 7.93049e+08 7930.49 379559
1e+11 7.96099e+08 7960.99 376050
1e+11 7.99161e+08 7991.61 372571
1e+11 8.02235e+08 8022.35 369121
1e+11 8.0532e+08 8053.2 365703
1e+11 8.08418e+08 8084.18 362313
1e+11 8.11527e+08 8115.27 358954
1e+11 8.14649e+08 8146.49 355622
1e+11 8.17782e+08 8177.82 352321
1e+11 8.20927e+08 8209.27 349048
1e+11 8.24085e+08 8240.85 345802
1e+11 8.27255e+08 8272.55 342586
1e+11 8.30437e+08 8304.37 339397
1e+11 8.33631e+08 8336.31 336236
1e+11 8.36837e+08 8368.37 333103
1e+11 8.40056e+08 8400.56 329997
1e+11 8.43287e+08 8432.87 326918
1e+11 8.4653e+08 8465.3 323866
1e+11 8.49786e+08 8497.86 320841
1e+11 8.53055e+08 8530.55 317841
1e+11 8.56336e+08 8563.36 314868
1e+11 8.5963e+08 8596.3 311921
1e+11 8.62936e+08 8629.36 309000
1e+11 8.66255e+08 8662.55 306105
1e+11 8.69587e+08 8695.87 303234
1e+11 8.72932e+08 8729.32 300389
1e+11 8.76289e+08 8762.89 297569
1e+11 8.7966e+08 8796.6 294773
1e+11 8.83043e+08 8830.43 292002
1e+11 8.8644e+08 8864.4 289255
1e+11 8.89849e+08 8898.49 286533
1e+11 8.93272e+08 8932.72 283834
1e+11 8.96708e+08 8967.08 281158
1e+11 9.00157e+08 9001.57 278507
1e+11 9.03619e+08 9036.19 275879
1e+11 9.07095e+08 9070.95 273273
1e+11 9.10583e+08 9105.83 270692
1e+11 9.14086e+08 9140.86 268132
1e+11 9.17602e+08 9176.02 265595
1e+11 9.21131e+08 9211.31 263080
1e+11 9.24674e+08 9246.74 260588
1e+11 9.28231e+08 9282.31 258117
1e+11 9.31801e+08 9318.01 255669
1e+11 9.35385e+08 9353.85 253242
1e+11 9.38983e+08 9389.83 250836
1e+11 9.42594e+08 9425.94 248452
1e+11 9.4622e+08 9462.2 246088
1e+11 9.49859e+08 9498.59 243746
1e+11 9.53513e+08 9535.13 241425
1e+11 9.5718e+08 9571.8 239124
1e+11 9.60862e+08 9608.62 236843
1e+11 9.64557e+08 9645.57 234583
1e+11 9.68267e+08 9682.67 232343
1e+11 9.71992e+08 9719.92 230122
1e+11 9.7573e+08 9757.3 227922
1e+11 9.79483e+08 9794.83 225740
1e+11 9.83251e+08 9832.51 223578
1e+11 9.87032e+08 9870.32 221436
1e+11 9.90829e+08 9908.29 219312
1e+11 9.9464e+08 9946.4 217208
1e+11 9.98466e+08 9984.66 215122
1e+11 1.00231e+09 10023.1 213053
1e+11 1.00616e+09 10061.6 211007
1e+11 1.01003e+09 10100.3 208976
1e+11 1.01392e+09 10139.2 206961
1e+11 1.01782e+09 10178.2 204967
1e+11 1.02173e+09 10217.3 202993
1e+11 1.02566e+09 10256.6 201034
1e+11 1.02961e+09 10296.1 199090
1e+11 1.03357e+09 10335.7 197166
1e+11 1.03754e+09 10375.4 195262
1e+11 1.04153e+09 10415.3 193373
1e+11 1.04554e+09 10455.4 191498
1e+11 1.04956e+09 10495.6 189643
1e+11 1.0536e+09 10536 187803
1e+11 1.05765e+09 10576.5 185981
1e+11 1.06172e+09 10617.2 184174
1e+11 1.0658e+09 10658 182386
1e+11 1.0699e+09 10699 180611
1e+11 1.07401e+09 10740.1 178856
1e+11 1.07815e+09 10781.5 177110
1e+11 1.08229e+09 10822.9 175386
1e+11 1.08646e+09 10864.6 173672
1e+11 1.09063e+09 10906.3 171981
1e+11 1.09483e+09 10948.3 170299
1e+11 1.09904e+09 10990.4 168634
1e+11 1.10327e+09 11032.7 166983
1e+11 1.10751e+09 11075.1 165350
1e+11 1.11177e+09 11117.7 163730
1e+11 1.11605e+09 11160.5 162123
1e+11 1.12034e+09 11203.4 160533
1e+11 1.12465e+09 11246.5 158956
1e+11 1.12897e+09 11289.7 157396
1e+11 1.13332e+09 11333.2 155846
1e+11 1.13768e+09 11376.8 154311
1e+11 1.14205e+09 11420.5 152793
1e+11 1.14644e+09 11464.4 151288
1e+11 1.15085e+09 11508.5 149796
1e+11 1.15528e+09 11552.8 148316
1e+11 1.15972e+09 11597.2 146852
1e+11 1.16419e+09 11641.9 145397
1e+11 1.16866e+09 11686.6 143960
1e+11 1.17316e+09 11731.6 142533
1e+11 1.17767e+09 11776.7 141122
1e+11 1.1822e+09 11822 139722
1e+11 1.18675e+09 11867.5 138334
1e+11 1.19131e+09 11913.1 136961
1e+11 1.19589e+09 11958.9 135601
1e+11 1.20049e+09 12004.9 134251
1e+11 1.20511e+09 12051.1 132914
1e+11 1.20975e+09 12097.5 131588
1e+11 1.2144e+09 12144 130277
1e+11 1.21907e+09 12190.7 128977
1e+11 1.22376e+09 12237.6 127688
1e+11 1.22847e+09 12284.7 126411
1e+11 1.23319e+09 12331.9 125148
1e+11 1.23793e+09 12379.3 123896
1e+11 1.2427e+09 12427 122652
1e+11 1.24748e+09 12474.8 121422
1e+11 1.25227e+09 12522.7 120206
1e+11 1.25709e+09 12570.9 118997
1e+11 1.26193e+09 12619.3 117800
1e+11 1.26678e+09 12667.8 116616
1e+11 1.27165e+09 12716.5 115442
1e+11 1.27654e+09 12765.4 114279
1e+11 1.28145e+09 12814.5 113127
1e+11 1.28638e+09 12863.8 111984
1e+11 1.29133e+09 12913.3 110853
1e+11 1.2963e+09 12963 109731
1e+11 1.30128e+09 13012.8 108622
1e+11 1.30629e+09 13062.9 107521
1e+11 1.31131e+09 13113.1 106432
1e+11 1.31636e+09 13163.6 105352
1e+11 1.32142e+09 13214.2 104283
1e+11 1.3265e+09 13265 103224
1e+11 1.3316e+09 13316 102174
1e+11 1.33672e+09 13367.2 101135
1e+11 1.34187e+09 13418.7 100103
1e+11 1.34703e+09 13470.3 99082.7
1e+11 1.35221e+09 13522.1 98072
1e+11 1.35741e+09 13574.1 97070.7
1e+11 1.36263e+09 13626.3 96078.7
1e+11 1.36787e+09 13678.7 95096.1
1e+11 1.37313e+09 13731.3 94122.7
1e+11 1.37841e+09 13784.1 93158.6
1e+11 1.38372e+09 13837.2 92201.7
1e+11 1.38904e+09 13890.4 91255.7
1e+11 1.39438e+09 13943.8 90318.7
1e+11 1.39974e+09 13997.4 89390.5
1e+11 1.40513e+09 14051.3 88469.6
1e+11 1.41053e+09 14105.3 87559.1
1e+11 1.41596e+09 14159.6 86655.7
1e+11 1.4214e+09 14214 85762.6
1e+11 1.42687e+09 14268.7 84876.5
1e+11 1.43236e+09 14323.6 83998.9
1e+11 1.43787e+09 14378.7 83129.8
1e+11 1.4434e+09 14434 82269.1
1e+11 1.44895e+09 14489.5 81416.8
1e+11 1.45452e+09 14545.2 80572.7
1e+11 1.46012e+09 14601.2 79735.4
1e+11 1.46573e+09 14657.3 78907.8
1e+11 1.47137e+09 14713.7 78086.8
1e+11 1.47703e+09 14770.3 77273.8
1e+11 1.48271e+09 14827.1 76468.9
1e+11 1.48842e+09 14884.2 75670.5
1e+11 1.49414e+09 14941.4 74881.3
1e+11 1.49989e+09 14998.9 74098.6
1e+11 1.50566e+09 15056.6 73323.6
1e+11 1.51145e+09 15114.5 72556.4
1e+11 1.51726e+09 15172.6 71796.7
1e+11 1.5231e+09 15231 71043.4
1e+11 1.52896e+09 15289.6 70297.6
1e+11 1.53484e+09 15348.4 69559.3
1e+11 1.54074e+09 15407.4 68828.3
1e+11 1.54667e+09 15466.7 68103.5
1e+11 1.55261e+09 15526.1 67387.2
1e+11 1.55859e+09 15585.9 66675.8
1e+11 1.56458e+09 15645.8 65972.7
1e+11 1.5706e+09 15706 65275.6
1e+11 1.57664e+09 15766.4 64585.6
1e+11 1.5827e+09 15827 63902.6
1e+11 1.58879e+09 15887.9 63225.5
1e+11 1.5949e+09 15949 62555.2
1e+11 1.60104e+09 16010.4 61890.8
1e+11 1.6072e+09 16072 61233.1
1e+11 1.61338e+09 16133.8 60582.3
1e+11 1.61958e+09 16195.8 59938.1
1e+11 1.62581e+09 16258.1 59299.5
1e+11 1.63207e+09 16320.7 58666.6
1e+11 1.63834e+09 16383.4 58041.2
1e+11 1.64464e+09 16446.4 57421.3
1e+11 1.65097e+09 16509.7 56806.9
1e+11 1.65732e+09 16573.2 56198.8
1e+11 1.66369e+09 16636.9 55597.1
1e+11 1.67009e+09 16700.9 55000.8
1e+11 1.67652e+09 16765.2 54409.8
1e+11 1.68297e+09 16829.7 53825.1
1e+11 1.68944e+09 16894.4 53246.4
1e+11 1.69594e+09 16959.4 52673
1e+11 1.70246e+09 17024.6 52105.6
1e+11 1.70901e+09 17090.1 51543.4
1e+11 1.71558e+09 17155.8 50987.2
1e+11 1.72218e+09 17221.8 50436
1e+11 1.7288e+09 17288 49890.6
1e+11 1.73545e+09 17354.5 49350.3
1e+11 1.74213e+09 17421.3 48815
1e+11 1.74883e+09 17488.3 48285.3
1e+11 1.75556e+09 17555.6 47760.6
1e+11 1.76231e+09 17623.1 47241.5
1e+11 1.76909e+09 17690.9 46727.2
1e+11 1.77589e+09 17758.9 46218.5
1e+11 1.78272e+09 17827.2 45714.5
1e+11 1.78958e+09 17895.8 45215.2
1e+11 1.79646e+09 17964.6 44721.4
1e+11 1.80337e+09 18033.7 44232.2
1e+11 1.81031e+09 18103.1 43747.6
1e+11 1.81727e+09 18172.7 43268.3
1e+11 1.82426e+09 18242.6 42793.5
1e+11 1.83128e+09 18312.8 42323.3
1e+11 1.83832e+09 18383.2 41858.2
1e+11 1.84539e+09 18453.9 41397.6
1e+11 1.85249e+09 18524.9 40941.4
1e+11 1.85962e+09 18596.2 40489.6
1e+11 1.86677e+09 18667.7 40042.8
1e+11 1.87395e+09 18739.5 39600.3
1e+11 1.88116e+09 18811.6 39162
1e+11 1.88839e+09 18883.9 38728.7
1e+11 1.89565e+09 18956.5 38299.6
1e+11 1.90295e+09 19029.5 37874
1e+11 1.91027e+09 19102.7 37453.3
1e+11 1.91761e+09 19176.1 37037.2
1e+11 1.92499e+09 19249.9 36624.7
1e+11 1.93239e+09 19323.9 36216.7
1e+11 1.93983e+09 19398.3 35812.3
1e+11 1.94729e+09 19472.9 35412.5
1e+11 1.95478e+09 19547.8 35016.6
1e+11 1.96229e+09 19622.9 34625.1
1e+11 1.96984e+09 19698.4 34237.1
1e+11 1.97742e+09 19774.2 33853
1e+11 1.98502e+09 19850.2 33473.2
1e+11 1.99266e+09 19926.6 33096.7
1e+11 2.00032e+09 20003.2 32724.6
1e+11 2.00802e+09 20080.2 32355.7
1e+11 2.01574e+09 20157.4 31991
1e+11 2.02349e+09 20234.9 31630.1
1e+11 2.03128e+09 20312.8 31272.3
1e+11 2.03909e+09 20390.9 30918.7
1e+11 2.04693e+09 20469.3 30568.7
1e+11 2.05481e+09 20548.1 30221.8
1e+11 2.06271e+09 20627.1 29879
1e+11 2.07064e+09 20706.4 29539.7
1e+11 2.07861e+09 20786.1 29203.4
1e+11 2.0866e+09 20866 28871.1
1e+11 2.09463e+09 20946.3 28541.8
1e+11 2.10269e+09 21026.9 28216
1e+11 2.11077e+09 21107.7 27893.9
1e+11 2.11889e+09 21188.9 27574.8
1e+11 2.12704e+09 21270.4 27259.1
1e+11 2.13522e+09 21352.2 26946.7
1e+11 2.14344e+09 21434.4 26637.1
1e+11 2.15168e+09 21516.8 26331.3
1e+11 2.15996e+09 21599.6 26028.3
1e+11 2.16826e+09 21682.6 25728.9
1e+11 2.1766e+09 21766 25432.3
1e+11 2.18498e+09 21849.8 25138.5
1e+11 2.19338e+09 21933.8 24848.2
1e+11 2.20182e+09 22018.2 24560.6
1e+11 2.21028e+09 22102.8 24276.5
1e+11 2.21879e+09 22187.9 23994.8
1e+11 2.22732e+09 22273.2 23716.4
1e+11 2.23589e+09 22358.9 23440.7
1e+11 2.24449e+09 22444.9 23168.1
1e+11 2.25312e+09 22531.2 22898.3
1e+11 2.26179e+09 22617.9 22631.2
1e+11 2.27049e+09 22704.9 22367
1e+11 2.27922e+09 22792.2 22105.7
1e+11 2.28798e+09 22879.8 21847.2
1e+11 2.29679e+09 22967.9 21591
1e+11 2.30562e+09 23056.2 21337.9
1e+11 2.31449e+09 23144.9 21087.3
1e+11 2.32339e+09 23233.9 20839.5
1e+11 2.33233e+09 23323.3 20594.1
1e+11 2.3413e+09 23413 20351.5
1e+11 2.3503e+09 23503 20111.5
1e+11 2.35934e+09 23593.4 19874
1e+11 2.36842e+09 23684.2 19638.9
1e+11 2.37753e+09 23775.3 19406.3
1e+11 2.38667e+09 23866.7 19176.4
1e+11 2.39585e+09 23958.5 18948.9
1e+11 2.40507e+09 24050.7 18723.6
1e+11 2.41432e+09 24143.2 18500.9
1e+11 2.4236e+09 24236 18280.7
1e+11 2.43292e+09 24329.2 18062.8
1e+11 2.44228e+09 24422.8 17847.1
1e+11 2.45168e+09 24516.8 17633.6
1e+11 2.46111e+09 24611.1 17422.6
1e+11 2.47057e+09 24705.7 17213.9
1e+11 2.48008e+09 24800.8 17007.3
1e+11 2.48961e+09 24896.1 16803.2
1e+11 2.49919e+09 24991.9 16601
1e+11 2.5088e+09 25088 16401.2
1e+11 2.51845e+09 25184.5 16203.5
1e+11 2.52814e+09 25281.4 16007.8
1e+11 2.53786e+09 25378.6 15814.4
1e+11 2.54762e+09 25476.2 15623.1
1e+11 2.55742e+09 25574.2 15433.8
1e+11 2.56726e+09 25672.6 15246.6
1e+11 2.57713e+09 25771.3 15061.5
1e+11 2.58705e+09 25870.5 14878.2
1e+11 2.597e+09 25970 14697
1e+11 2.60699e+09 26069.9 14517.9
1e+11 2.61701e+09 26170.1 14340.8
1e+11 2.62708e+09 26270.8 14165.5
1e+11 2.63718e+09 26371.8 13992.2
1e+11 2.64733e+09 26473.3 13820.7
1e+11 2.65751e+09 26575.1 13651.1
1e+11 2.66773e+09 26677.3 13483.5
1e+11 2.67799e+09 26779.9 13317.7
1e+11 2.68829e+09 26882.9 13153.7
1e+11 2.69863e+09 26986.3 12991.5
1e+11 2.70901e+09 27090.1 12831.1
1e+11 2.71943e+09 27194.3 12672.5
1e+11 2.72989e+09 27298.9 12515.7
1e+11 2.74039e+09 27403.9 12360.6
1e+11 2.75093e+09 27509.3 12207.2
1e+11 2.76151e+09 27615.1 12055.5
1e+11 2.77213e+09 27721.3 11905.6
1e+11 2.7828e+09 27828 11757.1
1e+11 2.7935e+09 27935 11610.5
1e+11 2.80424e+09 28042.4 11465.6
1e+11 2.81503e+09 28150.3 11322.2
1e+11 2.82586e+09 28258.6 11180.3
1e+11 2.83673e+09 28367.3 11040.2
1e+11 2.84764e+09 28476.4 10901.6
1e+11 2.85859e+09 28585.9 10764.5
1e+11 2.86959e+09 28695.9 10629
1e+11 2.88062e+09 28806.2 10495.1
1e+11 2.8917e+09 28917 10362.6
1e+11 2.90283e+09 29028.3 10231.6
1e+11 2.91399e+09 29139.9 10102.2
1e+11 2.9252e+09 29252 9974.13
1e+11 2.93645e+09 29364.5 9847.59
1e+11 2.94774e+09 29477.4 9722.52
1e+11 2.95908e+09 29590.8 9598.81
1e+11 2.97046e+09 29704.6 9476.54
1e+11 2.98189e+09 29818.9 9355.6
1e+11 2.99336e+09 29933.6 9236.09
1e+11 3.00487e+09 30048.7 9117.99
1e+11 3.01643e+09 30164.3 9001.18
1e+11 3.02803e+09 30280.3 8885.75
1e+11 3.03968e+09 30396.8 8771.6
1e+11 3.05137e+09 30513.7 8658.81
1e+11 3.06311e+09 30631.1 8547.27
1e+11 3.07489e+09 30748.9 8437.06
1e+11 3.08671e+09 30867.1 8328.18
1e+11 3.09859e+09 30985.9 8220.42
1e+11 3.11051e+09 31105.1 8113.96
1e+11 3.12247e+09 31224.7 8008.79
1e+11 3.13448e+09 31344.8 7904.8
1e+11 3.14654e+09 31465.4 7801.99
1e+11 3.15864e+09 31586.4 7700.42
1e+11 3.17079e+09 31707.9 7600.01
1e+11 3.18298e+09 31829.8 7500.83
1e+11 3.19523e+09 31952.3 7402.7
1e+11 3.20752e+09 32075.2 7305.78
1e+11 3.21985e+09 32198.5 7210.05
1e+11 3.23224e+09 32322.4 7115.34
1e+11 3.24467e+09 32446.7 7021.81
1e+11 3.25715e+09 32571.5 6929.35
1e+11 3.26968e+09 32696.8 6837.98
1e+11 3.28225e+09 32822.5 6747.74
1e+11 3.29488e+09 32948.8 6658.48
1e+11 3.30755e+09 33075.5 6570.33
1e+11 3.32027e+09 33202.7 6483.23
1e+11 3.33304e+09 33330.4 6397.14
1e+11 3.34586e+09 33458.6 6312.08
1e+11 3.35873e+09 33587.3 6228.02
1e+11 3.37165e+09 33716.5 6144.95
1e+11 3.38462e+09 33846.2 6062.88
1e+11 3.39764e+09 33976.4 5981.78
1e+11 3.41071e+09 34107.1 5901.66
1e+11 3.42382e+09 34238.2 5822.55
1e+11 3.43699e+09 34369.9 5744.34
1e+11 3.45021e+09 34502.1 5667.07
1e+11 3.46348e+09 34634.8 5590.73
1e+11 3.47681e+09 34768.1 5515.26
1e+11 3.49018e+09 34901.8 5440.77
1e+11 3.5036e+09 35036 5367.18
1e+11 3.51708e+09 35170.8 5294.43
1e+11 3.53061e+09 35306.1 5222.58
1e+11 3.54419e+09 35441.9 5151.61
1e+11 3.55782e+09 35578.2 5081.51
1e+11 3.5715e+09 35715 5012.27
1e+11 3.58524e+09 35852.4 4943.84
1e+11 3.59903e+09 35990.3 4876.26
1e+11 3.61287e+09 36128.7 4809.52
1e+11 3.62677e+09 36267.7 4743.56
1e+11 3.64072e+09 36407.2 4678.43
1e+11 3.65472e+09 36547.2 4614.11
1e+11 3.66878e+09 36687.8 4550.55
1e+11 3.68289e+09 36828.9 4487.8
1e+11 3.69706e+09 36970.6 4425.79
1e+11 3.71128e+09 37112.8 4364.56
1e+11 3.72555e+09 37255.5 4304.11
1e+11 3.73988e+09 37398.8 4244.39
1e+11 3.75426e+09 37542.6 4185.43
1e+11 3.7687e+09 37687 4127.18
1e+11 3.7832e+09 37832 4069.63
1e+11 3.79775e+09 37977.5 4012.83
1e+11 3.81236e+09 38123.6 3956.72
1e+11 3.82702e+09 38270.2 3901.33
1e+11 3.84174e+09 38417.4 3846.61
1e+11 3.85652e+09 38565.2 3792.58
1e+11 3.87135e+09 38713.5 3739.24
1e+11 3.88624e+09 38862.4 3686.56
1e+11 3.90119e+09 39011.9 3634.54
1e+11 3.91619e+09 39161.9 3583.19
1e+11 3.93126e+09 39312.6 3532.46
1e+11 3.94638e+09 39463.8 3482.38
1e+11 3.96156e+09 39615.6 3432.94
1e+11 3.97679e+09 39767.9 3384.15
1e+11 3.99209e+09 39920.9 3335.94
1e+11 4.00745e+09 40074.5 3288.34
1e+11 4.02286e+09 40228.6 3241.38
1e+11 4.03833e+09 40383.3 3195.01
1e+11 4.05387e+09 40538.7 3149.2
1e+11 4.06946e+09 40694.6 3104.01
1e+11 4.08511e+09 40851.1 3059.39
1e+11 4.10082e+09 41008.2 3015.35
1e+11 4.1166e+09 41166 2971.84
1e+11 4.13243e+09 41324.3 2928.93
1e+11 4.14832e+09 41483.2 2886.57
1e+11 4.16428e+09 41642.8 2844.73
1e+11 4.1803e+09 41803 2803.44
1e+11 4.19638e+09 41963.8 2762.68
1e+11 4.21252e+09 42125.2 2722.46
1e+11 4.22872e+09 42287.2 2682.77
1e+11 4.24498e+09 42449.8 2643.59
1e+11 4.26131e+09 42613.1 2604.92
1e+11 4.2777e+09 42777 2566.75
1e+11 4.29415e+09 42941.5 2529.08
1e+11 4.31067e+09 43106.7 2491.9
1e+11 4.32725e+09 43272.5 2455.21
1e+11 4.34389e+09 43438.9 2419.01
1e+11 4.3606e+09 43606 2383.27
1e+11 4.37737e+09 43773.7 2348.01
1e+11 4.39421e+09 43942.1 2313.21
1e+11 4.41111e+09 44111.1 2278.88
1e+11 4.42808e+09 44280.8 2244.99
1e+11 4.44511e+09 44451.1 2211.56
1e+11 4.46221e+09 44622.1 2178.56
1e+11 4.47937e+09 44793.7 2146.01
1e+11 4.4966e+09 44966 2113.9
1e+11 4.5139e+09 45139 2082.2
1e+11 4.53126e+09 45312.6 2050.94
1e+11 4.54869e+09 45486.9 2020.09
1e+11 4.56618e+09 45661.8 1989.66
1e+11 4.58374e+09 45837.4 1959.64
1e+11 4.60138e+09 46013.8 1930.01
1e+11 4.61907e+09 46190.7 1900.8
1e+11 4.63684e+09 46368.4 1871.97
1e+11 4.65467e+09 46546.7 1843.54
1e+11 4.67258e+09 46725.8 1815.47
1e+11 4.69055e+09 46905.5 1787.8
1e+11 4.70859e+09 47085.9 1760.51
1e+11 4.7267e+09 47267 1733.59
1e+11 4.74488e+09 47448.8 1707.03
1e+11 4.76313e+09 47631.3 1680.84
1e+11 4.78145e+09 47814.5 1655
1e+11 4.79984e+09 47998.4 1629.52
1e+11 4.81831e+09 48183.1 1604.38
1e+11 4.83684e+09 48368.4 1579.59
1e+11 4.85544e+09 48554.4 1555.15
1e+11 4.87412e+09 48741.2 1531.04
1e+11 4.89286e+09 48928.6 1507.27
1e+11 4.91168e+09 49116.8 1483.82
1e+11 4.93058e+09 49305.8 1460.69
1e+11 4.94954e+09 49495.4 1437.9
1e+11 4.96858e+09 49685.8 1415.41
1e+11 4.98769e+09 49876.9 1393.24
1e+11 5.00687e+09 50068.7 1371.39
1e+11 5.02613e+09 50261.3 1349.83
1e+11 5.04546e+09 50454.6 1328.58
1e+11 5.06487e+09 50648.7 1307.62
1e+11 5.08435e+09 50843.5 1286.97
1e+11 5.10391e+09 51039.1 1266.59
1e+11 5.12354e+09 51235.4 1246.51
1e+11 5.14324e+09 51432.4 1226.72
1e+11 5.16303e+09 51630.3 1207.2
1e+11 5.18288e+09 51828.8 1187.97
1e+11 5.20282e+09 52028.2 1168.99
1e+11 5.22283e+09 52228.3 1150.3
1e+11 5.24292e+09 52429.2 1131.87
1e+11 5.26309e+09 52630.9 1113.7
1e+11 5.28333e+09 52833.3 1095.79
1e+11 5.30365e+09 53036.5 1078.14
1e+11 5.32405e+09 53240.5 1060.75
1e+11 5.34453e+09 53445.3 1043.6
1e+11 5.36508e+09 53650.8 1026.7
1e+11 5.38572e+09 53857.2 1010.05
1e+11 5.40643e+09 54064.3 993.635
1e+11 5.42723e+09 54272.3 977.454
1e+11 5.4481e+09 54481 961.516
1e+11 5.46906e+09 54690.6 945.802
1e+11 5.4901e+09 54901 930.318
1e+11 5.51121e+09 55112.1 915.067
1e+11 5.53241e+09 55324.1 900.034
1e+11 5.55369e+09 55536.9 885.221
1e+11 5.57505e+09 55750.5 870.628
1e+11 5.59649e+09 55964.9 856.25
1e+11 5.61802e+09 56180.2 842.079
1e+11 5.63963e+09 56396.3 828.119
1e+11 5.66132e+09 56613.2 814.367
1e+11 5.68309e+09 56830.9 800.821
1e+11 5.70495e+09 57049.5 787.473
1e+11 5.7269e+09 57269 774.319
1e+11 5.74892e+09 57489.2 761.37
1e+11 5.77104e+09 57710.4 748.605
1e+11 5.79323e+09 57932.3 736.039
1e+11 5.81552e+09 58155.2 723.654
1e+11 5.83788e+09 58378.8 711.462
1e+11 5.86034e+09 58603.4 699.447
1e+11 5.88288e+09 58828.8 687.616
1e+11 5.90551e+09 59055.1 675.962
1e+11 5.92822e+09 59282.2 664.488
1e+11 5.95102e+09 59510.2 653.186
1e+11 5.97391e+09 59739.1 642.054
1e+11 5.99689e+09 59968.9 631.091
1e+11 6.01995e+09 60199.5 620.299
1e+11 6.04311e+09 60431.1 609.666
1e+11 6.06635e+09 60663.5 599.2
1e+11 6.08969e+09 60896.9 588.89
1e+11 6.11311e+09 61131.1 578.742
1e+11 6.13662e+09 61366.2 568.751
1e+11 6.16022e+09 61602.2 558.913
1e+11 6.18392e+09 61839.2 549.224
1e+11 6.2077e+09 62077 539.689
1e+11 6.23158e+09 62315.8 530.298
1e+11 6.25555e+09 62555.5 521.054
1e+11 6.27961e+09 62796.1 511.955
1e+11 6.30376e+09 63037.6 502.998
1e+11 6.32801e+09 63280.1 494.179
1e+11 6.35235e+09 63523.5 485.499
1e+11 6.37678e+09 63767.8 476.956
1e+11 6.40131e+09 64013.1 468.546
1e+11 6.42593e+09 64259.3 460.269
1e+11 6.45065e+09 64506.5 452.121
1e+11 6.47546e+09 64754.6 444.104
1e+11 6.50036e+09 65003.6 436.215
1e+11 6.52537e+09 65253.7 428.447
1e+11 6.55046e+09 65504.6 420.808
1e+11 6.57566e+09 65756.6 413.286
1e+11 6.60095e+09 66009.5 405.886
1e+11 6.62634e+09 66263.4 398.604
1e+11 6.65183e+09 66518.3 391.438
1e+11 6.67741e+09 66774.1 384.389
1e+11 6.7031e+09 67031 377.451
1e+11 6.72888e+09 67288.8 370.626
1e+11 6.75476e+09 67547.6 363.912
1e+11 6.78074e+09 67807.4 357.306
1e+11 6.80682e+09 68068.2 350.808
1e+11 6.833e+09 68330 344.415
1e+11 6.85928e+09 68592.8 338.127
1e+11 6.88567e+09 68856.7 331.939
1e+11 6.91215e+09 69121.5 325.854
1e+11 6.93874e+09 69387.4 319.868
1e+11 6.96543e+09 69654.3 313.981
1e+11 6.99222e+09 69922.2 308.191
1e+11 7.01911e+09 70191.1 302.497
1e+11 7.04611e+09 70461.1 296.896
1e+11 7.07321e+09 70732.1 291.388
1e+11 7.10042e+09 71004.2 285.97
1e+11 7.12773e+09 71277.3 280.644
1e+11 7.15514e+09 71551.4 275.407
1e+11 7.18266e+09 71826.6 270.257
1e+11 7.21029e+09 72102.9 265.192
1e+11 7.23802e+09 72380.2 260.213
1e+11 7.26586e+09 72658.6 255.317
1e+11 7.29381e+09 72938.1 250.503
1e+11 7.32186e+09 73218.6 245.772
1e+11 7.35002e+09 73500.2 241.12
1e+11 7.37829e+09 73782.9 236.547
1e+11 7.40667e+09 74066.7 232.051
1e+11 7.43516e+09 74351.6 227.631
1e+11 7.46376e+09 74637.6 223.287
1e+11 7.49247e+09 74924.7 219.017
1e+11 7.52129e+09 75212.9 214.82
1e+11 7.55022e+09 75502.2 210.695
1e+11 7.57926e+09 75792.6 206.642
1e+11 7.60841e+09 76084.1 202.658
1e+11 7.63767e+09 76376.7 198.743
1e+11 7.66705e+09 76670.5 194.896
1e+11 7.69654e+09 76965.4 191.115
1e+11 7.72614e+09 77261.4 187.4
1e+11 7.75586e+09 77558.6 183.75
1e+11 7.78569e+09 77856.9 180.163
1e+11 7.81564e+09 78156.4 176.639
1e+11 7.8457e+09 78457 173.177
1e+11 7.87587e+09 78758.7 169.776
1e+11 7.90617e+09 79061.7 166.434
1e+11 7.93658e+09 79365.8 163.151
1e+11 7.9671e+09 79671 159.927
1e+11 7.99775e+09 79977.5 156.759
1e+11 8.02851e+09 80285.1 153.648
1e+11 8.05939e+09 80593.9 150.592
1e+11 8.09039e+09 80903.9 147.591
1e+11 8.12151e+09 81215.1 144.643
1e+11 8.15274e+09 81527.4 141.748
1e+11 8.1841e+09 81841 138.905
1e+11 8.21558e+09 82155.8 136.113
1e+11 8.24718e+09 82471.8 133.372
1e+11 8.2789e+09 82789 130.68
1e+11 8.31074e+09 83107.4 128.037
1e+11 8.34271e+09 83427.1 125.441
1e+11 8.3748e+09 83748 122.893
1e+11 8.40701e+09 84070.1 120.391
1e+11 8.43935e+09 84393.5 117.935
1e+11 8.47181e+09 84718.1 115.524
1e+11 8.50439e+09 85043.9 113.158
1e+11 8.5371e+09 85371 110.834
1e+11 8.56994e+09 85699.4 108.554
1e+11 8.6029e+09 86029 106.315
1e+11 8.63599e+09 86359.9 104.119
1e+11 8.66921e+09 86692.1 101.962
1e+11 8.70255e+09 87025.5 99.8465
1e+11 8.73602e+09 87360.2 97.7701
1e+11 8.76962e+09 87696.2 95.7324
1e+11 8.80336e+09 88033.6 93.7322
1e+11 8.83722e+09 88372.2 91.7701
1e+11 8.87121e+09 88712.1 89.8449
1e+11 8.90533e+09 89053.3 87.956
1e+11 8.93958e+09 89395.8 86.1029
1e+11 8.97396e+09 89739.6 84.285
1e+11 9.00848e+09 90084.8 82.5012
1e+11 9.04313e+09 90431.3 80.7514
1e+11 9.07791e+09 90779.1 79.0352
1e+11 9.11283e+09 91128.3 77.3515
1e+11 9.14788e+09 91478.8 75.7002
1e+11 9.18307e+09 91830.7 74.0804
1e+11 9.21839e+09 92183.9 72.492
1e+11 9.25384e+09 92538.4 70.9345
1e+11 9.28944e+09 92894.4 69.4065
1e+11 9.32517e+09 93251.7 67.9084
1e+11 9.36103e+09 93610.3 66.4397
1e+11 9.39704e+09 93970.4 64.9991
1e+11 9.43318e+09 94331.8 63.5869
1e+11 9.46946e+09 94694.6 62.2023
1e+11 9.50589e+09 95058.9 60.8445
1e+11 9.54245e+09 95424.5 59.5137
1e+11 9.57915e+09 95791.5 58.2091
1e+11 9.616e+09 96160 56.93
1e+11 9.65298e+09 96529.8 55.6766
1e+11 9.69011e+09 96901.1 54.4477
1e+11 9.72738e+09 97273.8 53.2434
1e+11 9.7648e+09 97648 52.0629
1e+11 9.80236e+09 98023.6 50.9061
1e+11 9.84006e+09 98400.6 49.7726
1e+11 9.87791e+09 98779.1 48.6616
1e+11 9.9159e+09 99159 47.5732
1e+11 9.95404e+09 99540.4 46.5066
1e+11 9.99233e+09 99923.3 45.4615
1e+11 1.00308e+10 100308 44.4367
1e+11 1.00693e+10 100693 43.4357
1e+11 1.01081e+10 101081 42.4513
1e+11 1.01469e+10 101469 41.4906
1e+11 1.0186e+10 101860 40.5459
1e+11 1.02252e+10 102252 39.6218
1e+11 1.02645e+10 102645 38.7179
1e+11 1.0304e+10 103040 37.8315
1e+11 1.03436e+10 103436 36.9645
1e+11 1.03834e+10 103834 36.1144
1e+11 1.04233e+10 104233 35.2831
1e+11 1.04634e+10 104634 34.4681
1e+11 1.05037e+10 105037 33.6692
1e+11 1.05441e+10 105441 32.8881
1e+11 1.05846e+10 105846 32.1244
1e+11 1.06253e+10 106253 31.3759
1e+11 1.06662e+10 106662 30.6423
1e+11 1.07072e+10 107072 29.9253
1e+11 1.07484e+10 107484 29.2227
1e+11 1.07897e+10 107897 28.536
1e+11 1.08312e+10 108312 27.8632
1e+11 1.08729e+10 108729 27.204
1e+11 1.09147e+10 109147 26.56
1e+11 1.09567e+10 109567 25.9291
1e+11 1.09988e+10 109988 25.3126
1e+11 1.10412e+10 110412 24.7074
1e+11 1.10836e+10 110836 24.1176
1e+11 1.11262e+10 111262 23.54
1e+11 1.1169e+10 111690 22.9745
1e+11 1.1212e+10 112120 22.4208
1e+11 1.12551e+10 112551 21.88
1e+11 1.12984e+10 112984 21.3505
1e+11 1.13419e+10 113419 20.8323
1e+11 1.13855e+10 113855 20.3262
1e+11 1.14293e+10 114293 19.8309
1e+11 1.14733e+10 114733 19.3461
1e+11 1.15174e+10 115174 18.8729
1e+11 1.15617e+10 115617 18.4098
1e+11 1.16062e+10 116062 17.9567
1e+11 1.16508e+10 116508 17.5143
1e+11 1.16956e+10 116956 17.0816
1e+11 1.17406e+10 117406 16.6583
1e+11 1.17857e+10 117857 16.2452
1e+11 1.18311e+10 118311 15.8403
1e+11 1.18766e+10 118766 15.4451
1e+11 1.19223e+10 119223 15.0587
1e+11 1.19681e+10 119681 14.6816
1e+11 1.20142e+10 120142 14.3122
1e+11 1.20604e+10 120604 13.9517
1e+11 1.21068e+10 121068 13.5993
1e+11 1.21533e+10 121533 13.2556
1e+11 1.22001e+10 122001 12.9189
1e+11 1.2247e+10 122470 12.5905
1e+11 1.22941e+10 122941 12.2695
1e+11 1.23414e+10 123414 11.9559
1e+11 1.23889e+10 123889 11.6494
1e+11 1.24365e+10 124365 11.3505
1e+11 1.24843e+10 124843 11.0585
1e+11 1.25324e+10 125324 10.7727
1e+11 1.25806e+10 125806 10.494
1e+11 1.26289e+10 126289 10.2224
1e+11 1.26775e+10 126775 9.95653
1e+11 1.27263e+10 127263 9.69688
1e+11 1.27752e+10 127752 9.44383
1e+11 1.28244e+10 128244 9.19623
1e+11 1.28737e+10 128737 8.95495
1e+11 1.29232e+10 129232 8.71939
1e+11 1.29729e+10 129729 8.48941
1e+11 1.30228e+10 130228 8.26491
1e+11 1.30729e+10 130729 8.04578
1e+11 1.31232e+10 131232 7.83189
1e+11 1.31737e+10 131737 7.62316
1e+11 1.32243e+10 132243 7.41985
1e+11 1.32752e+10 132752 7.22108
1e+11 1.33263e+10 133263 7.02713
1e+11 1.33775e+10 133775 6.83828
1e+11 1.3429e+10 134290 6.65369
1e+11 1.34806e+10 134806 6.47396
1e+11 1.35325e+10 135325 6.29832
1e+11 1.35845e+10 135845 6.12734
1e+11 1.36368e+10 136368 5.96028
1e+11 1.36892e+10 136892 5.79767
1e+11 1.37419e+10 137419 5.63881
1e+11 1.37947e+10 137947 5.48422
1e+11 1.38478e+10 138478 5.33322
1e+11 1.39011e+10 139011 5.18601
1e+11 1.39545e+10 139545 5.04279
1e+11 1.40082e+10 140082 4.90293
1e+11 1.40621e+10 140621 4.76663
1e+11 1.41162e+10 141162 4.63379
1e+11 1.41705e+10 141705 4.50436
1e+11 1.4225e+10 142250 4.37824
1e+11 1.42797e+10 142797 4.25536
1e+11 1.43346e+10 143346 4.13566
1e+11 1.43897e+10 143897 4.01905
1e+11 1.44451e+10 144451 3.90527
1e+11 1.45006e+10 145006 3.79464
1e+11 1.45564e+10 145564 3.68672
1e+11 1.46124e+10 146124 3.58163
1e+11 1.46686e+10 146686 3.47929
1e+11 1.4725e+10 147250 3.37966
1e+11 1.47817e+10 147817 3.2825
1e+11 1.48385e+10 148385 3.18808
1e+11 1.48956e+10 148956 3.09601
1e+11 1.49529e+10 149529 3.0064
1e+11 1.50104e+10 150104 2.91919
1e+11 1.50681e+10 150681 2.83433
1e+11 1.51261e+10 151261 2.75162
1e+11 1.51843e+10 151843 2.67114
1e+11 1.52427e+10 152427 2.59285
1e+11 1.53013e+10 153013 2.51668
1e+11 1.53602e+10 153602 2.44248
1e+11 1.54192e+10 154192 2.37042
1e+11 1.54785e+10 154785 2.30023
1e+11 1.55381e+10 155381 2.23186
1e+11 1.55978e+10 155978 2.16549
1e+11 1.56578e+10 156578 2.10086
1e+11 1.57181e+10 157181 2.03792
1e+11 1.57785e+10 157785 1.97683
1e+11 1.58392e+10 158392 1.91736
1e+11 1.59001e+10 159001 1.85957
1e+11 1.59613e+10 159613 1.8033
1e+11 1.60227e+10 160227 1.74863
1e+11 1.60843e+10 160843 1.69551
1e+11 1.61462e+10 161462 1.64382
1e+11 1.62083e+10 162083 1.5936
1e+11 1.62706e+10 162706 1.54482
1e+11 1.63332e+10 163332 1.49736
1e+11 1.6396e+10 163960 1.45127
1e+11 1.64591e+10 164591 1.40644
1e+11 1.65224e+10 165224 1.36291
1e+11 1.65859e+10 165859 1.32065
1e+11 1.66497e+10 166497 1.27955
1e+11 1.67138e+10 167138 1.2396
1e+11 1.67781e+10 167781 1.20081
1e+11 1.68426e+10 168426 1.16317
1e+11 1.69074e+10 169074 1.12658
1e+11 1.69724e+10 169724 1.09108
1e+11 1.70377e+10 170377 1.05658
1e+11 1.71032e+10 171032 1.02311
1e+11 1.7169e+10 171690 0.990588
1e+11 1.7235e+10 172350 0.959042
1e+11 1.73013e+10 173013 0.928399
1e+11 1.73679e+10 173679 0.898636
1e+11 1.74347e+10 174347 0.869775
1e+11 1.75017e+10 175017 0.841789
1e+11 1.7569e+10 175690 0.814616
1e+11 1.76366e+10 176366 0.788234
1e+11 1.77045e+10 177045 0.762622
1e+11 1.77726e+10 177726 0.737799
1e+11 1.78409e+10 178409 0.71374
1e+11 1.79095e+10 179095 0.690392
1e+11 1.79784e+10 179784 0.667736
1e+11 1.80476e+10 180476 0.645753
1e+11 1.8117e+10 181170 0.624457
1e+11 1.81867e+10 181867 0.603798
1e+11 1.82566e+10 182566 0.583788
1e+11 1.83268e+10 183268 0.564381
1e+11 1.83973e+10 183973 0.54556
1e+11 1.84681e+10 184681 0.527311
1e+11 1.85391e+10 185391 0.509643
1e+11 1.86104e+10 186104 0.492514
1e+11 1.8682e+10 186820 0.47591
1e+11 1.87539e+10 187539 0.459817
1e+11 1.8826e+10 188260 0.444242
1e+11 1.88984e+10 188984 0.429149
1e+11 1.89711e+10 189711 0.414525
1e+11 1.90441e+10 190441 0.400358
1e+11 1.91173e+10 191173 0.386652
1e+11 1.91909e+10 191909 0.373358
1e+11 1.92647e+10 192647 0.360501
1e+11 1.93388e+10 193388 0.348049
1e+11 1.94132e+10 194132 0.335993
1e+11 1.94878e+10 194878 0.324336
1e+11 1.95628e+10 195628 0.313036
1e+11 1.9638e+10 196380 0.302112
1e+11 1.97136e+10 197136 0.291525
1e+11 1.97894e+10 197894 0.281294
1e+11 1.98655e+10 198655 0.271393
1e+11 1.99419e+10 199419 0.261814
1e+11 2.00186e+10 200186 0.252547
1e+11 2.00956e+10 200956 0.243582
1e+11 2.01729e+10 201729 0.234912
1e+11 2.02505e+10 202505 0.226527
1e+11 2.03284e+10 203284 0.218419
1e+11 2.04066e+10 204066 0.210579
1e+11 2.04851e+10 204851 0.203
1e+11 2.05638e+10 205638 0.195683
1e+11 2.06429e+10 206429 0.188601
1e+11 2.07223e+10 207223 0.181758
1e+11 2.0802e+10 208020 0.175145
1e+11 2.08821e+10 208821 0.168747
1e+11 2.09624e+10 209624 0.162574
1e+11 2.1043e+10 210430 0.156611
1e+11 2.11239e+10 211239 0.150852
1e+11 2.12052e+10 212052 0.145283
1e+11 2.12868e+10 212868 0.139905
1e+11 2.13686e+10 213686 0.134719
1e+11 2.14508e+10 214508 0.129707
1e+11 2.15333e+10 215333 0.124868
1e+11 2.16161e+10 216161 0.120198
1e+11 2.16993e+10 216993 0.115685
1e+11 2.17827e+10 217827 0.111336
1e+11 2.18665e+10 218665 0.107135
1e+11 2.19506e+10 219506 0.103082
1e+11 2.20351e+10 220351 0.0991683
1e+11 2.21198e+10 221198 0.0953978
1e+11 2.22049e+10 222049 0.0917573
1e+11 2.22903e+10 222903 0.088247
1e+11 2.2376e+10 223760 0.0848626
1e+11 2.24621e+10 224621 0.0815962
1e+11 2.25485e+10 225485 0.0784478
1e+11 2.26352e+10 226352 0.0754135
1e+11 2.27223e+10 227223 0.0724861
1e+11 2.28097e+10 228097 0.0696655
1e+11 2.28974e+10 228974 0.066948
1e+11 2.29855e+10 229855 0.0643274
1e+11 2.30739e+10 230739 0.0618033
1e+11 2.31627e+10 231627 0.0593697
1e+11 2.32517e+10 232517 0.057029
1e+11 2.33412e+10 233412 0.0547703
1e+11 2.3431e+10 234310 0.0525959
1e+11 2.35211e+10 235211 0.0505029
1e+11 2.36115e+10 236115 0.0484886
1e+11 2.37024e+10 237024 0.0465458
1e+11 2.37935e+10 237935 0.0446787
1e+11 2.3885e+10 238850 0.0428803
1e+11 2.39769e+10 239769 0.0411486
1e+11 2.40691e+10 240691 0.039483
1e+11 2.41617e+10 241617 0.0378794
1e+11 2.42546e+10 242546 0.0363375
1e+11 2.43479e+10 243479 0.0348535
1e+11 2.44416e+10 244416 0.0334254
1e+11 2.45356e+10 245356 0.0320527
1e+11 2.463e+10 246300 0.0307321
1e+11 2.47247e+10 247247 0.0294631
1e+11 2.48198e+10 248198 0.0282425
1e+11 2.49153e+10 249153 0.0270688
1e+11 2.50111e+10 250111 0.0259413
1e+11 2.51073e+10 251073 0.0248574
1e+11 2.52039e+10 252039 0.0238154
1e+11 2.53008e+10 253008 0.0228149
1e+11 2.53981e+10 253981 0.0218535
1e+11 2.54958e+10 254958 0.0209297
1e+11 2.55939e+10 255939 0.0200421
1e+11 2.56923e+10 256923 0.0191904
1e+11 2.57911e+10 257911 0.0183724
1e+11 2.58903e+10 258903 0.0175868
1e+11 2.59899e+10 259899 0.0168325
1e+11 2.60899e+10 260899 0.0161083
1e+11 2.61902e+10 261902 0.0154138
1e+11 2.6291e+10 262910 0.0147466
1e+11 2.63921e+10 263921 0.014107
1e+11 2.64936e+10 264936 0.0134933
1e+11 2.65955e+10 265955 0.0129045
1e+11 2.66978e+10 266978 0.0123397
1e+11 2.68005e+10 268005 0.011798
1e+11 2.69036e+10 269036 0.0112786
1e+11 2.70071e+10 270071 0.0107805
1e+11 2.71109e+10 271109 0.0103036
1e+11 2.72152e+10 272152 0.00984591
1e+11 2.73199e+10 273199 0.00940731
1e+11 2.7425e+10 274250 0.00898703
1e+11 2.75304e+10 275304 0.00858475
1e+11 2.76363e+10 276363 0.00819902
1e+11 2.77426e+10 277426 0.00782956
1e+11 2.78493e+10 278493 0.00747575
1e+11 2.79565e+10 279565 0.00713664
1e+11 2.8064e+10 280640 0.0068123
1e+11 2.81719e+10 281719 0.00650183
1e+11 2.82803e+10 282803 0.00620441
1e+11 2.83891e+10 283891 0.0059198
1e+11 2.84983e+10 284983 0.00564748
1e+11 2.86079e+10 286079 0.00538698
1e+11 2.87179e+10 287179 0.0051378
1e+11 2.88284e+10 288284 0.00489929
1e+11 2.89392e+10 289392 0.00467143
1e+11 2.90506e+10 290506 0.0044532
1e+11 2.91623e+10 291623 0.00424477
1e+11 2.92745e+10 292745 0.00404539
1e+11 2.93871e+10 293871 0.00385486
1e+11 2.95001e+10 295001 0.00367282
1e+11 2.96136e+10 296136 0.00349877
1e+11 2.97275e+10 297275 0.00333252
1e+11 2.98418e+10 298418 0.00317375
1e+11 2.99566e+10 299566 0.00302202
1e+11 3.00718e+10 300718 0.00287717
1e+11 3.01875e+10 301875 0.00273878
1e+11 3.03036e+10 303036 0.00260671
1e+11 3.04201e+10 304201 0.00248068
1e+11 3.05371e+10 305371 0.00236034
1e+11 3.06546e+10 306546 0.00224544
1e+11 3.07725e+10 307725 0.00213586
1e+11 3.08909e+10 308909 0.00203127
1e+11 3.10097e+10 310097 0.00193155
1e+11 3.11289e+10 311289 0.00183649
1e+11 3.12487e+10 312487 0.00174573
1e+11 3.13689e+10 313689 0.00165924
1e+11 3.14895e+10 314895 0.00157684
1e+11 3.16106e+10 316106 0.00149826
1e+11 3.17322e+10 317322 0.00142336
1e+11 3.18543e+10 318543 0.00135197
1e+11 3.19768e+10 319768 0.001284
1e+11 3.20998e+10 320998 0.00121923
1e+11 3.22233e+10 322233 0.00115753
1e+11 3.23472e+10 323472 0.00109882
1e+11 3.24716e+10 324716 0.0010429
1e+11 3.25965e+10 325965 0.00098966
1e+11 3.27219e+10 327219 0.000938978
1e+11 3.28477e+10 328477 0.000890778
1e+11 3.29741e+10 329741 0.000844872
1e+11 3.31009e+10 331009 0.00080123
1e+11 3.32282e+10 332282 0.000759714
1e+11 3.3356e+10 333560 0.000720227
1e+11 3.34843e+10 334843 0.000682676
1e+11 3.36131e+10 336131 0.000646974
1e+11 3.37424e+10 337424 0.000613035
1e+11 3.38722e+10 338722 0.000580779
1e+11 3.40025e+10 340025 0.000550126
1e+11 3.41333e+10 341333 0.000521004
1e+11 3.42645e+10 342645 0.000493361
1e+11 3.43963e+10 343963 0.000467087
1e+11 3.45286e+10 345286 0.000442138
1e+11 3.46614e+10 346614 0.000418451
1e+11 3.47948e+10 347948 0.000395951
1e+11 3.49286e+10 349286 0.000374613
1e+11 3.50629e+10 350629 0.000354365
1e+11 3.51978e+10 351978 0.000335143
1e+11 3.53332e+10 353332 0.00031691
1e+11 3.54691e+10 354691 0.000299618
1e+11 3.56055e+10 356055 0.000283224
1e+11 3.57425e+10 357425 0.00026767
1e+11 3.58799e+10 358799 0.000252939
1e+11 3.60179e+10 360179 0.00023897
1e+11 3.61565e+10 361565 0.000225725
1e+11 3.62955e+10 362955 0.000213188
1e+11 3.64351e+10 364351 0.000201305
1e+11 3.65753e+10 365753 0.000190046
1e+11 3.6716e+10 367160 0.000179386
1e+11 3.68572e+10 368572 0.000169297
1e+11 3.69989e+10 369989 0.000159749
1e+11 3.71413e+10 371413 0.000150702
1e+11 3.72841e+10 372841 0.00014215
1e+11 3.74275e+10 374275 0.000134055
1e+11 3.75715e+10 375715 0.000126396
1e+11 3.7716e+10 377160 0.000119155
1e+11 3.78611e+10 378611 0.000112305
1e+11 3.80067e+10 380067 0.000105832
1e+11 3.81529e+10 381529 9.97121e-05
1e+11 3.82996e+10 382996 9.39305e-05
1e+11 3.84469e+10 384469 8.84662e-05
1e+11 3.85948e+10 385948 8.33028e-05
1e+11 3.87433e+10 387433 7.84248e-05
1e+11 3.88923e+10 388923 7.38204e-05
1e+11 3.90419e+10 390419 6.94722e-05
1e+11 3.9192e+10 391920 6.53697e-05
1e+11 3.93428e+10 393428 6.14945e-05
1e+11 3.94941e+10 394941 5.78397e-05
1e+11 3.9646e+10 396460 5.43911e-05
1e+11 3.97985e+10 397985 5.11379e-05
1e+11 3.99516e+10 399516 4.80695e-05
1e+11 4.01052e+10 401052 4.51781e-05
1e+11 4.02595e+10 402595 4.24504e-05
1e+11 4.04143e+10 404143 3.9881e-05
1e+11 4.05698e+10 405698 3.74581e-05
1e+11 4.07258e+10 407258 3.51768e-05
1e+11 4.08825e+10 408825 3.30265e-05
1e+11 4.10397e+10 410397 3.10028e-05
1e+11 4.11976e+10 411976 2.90961e-05
1e+11 4.1356e+10 413560 2.73024e-05
1e+11 4.15151e+10 415151 2.56132e-05
1e+11 4.16748e+10 416748 2.40238e-05
1e+11 4.18351e+10 418351 2.25285e-05
1e+11 4.1996e+10 419960 2.11222e-05
1e+11 4.21575e+10 421575 1.97998e-05
1e+11 4.23197e+10 423197 1.85558e-05
1e+11 4.24824e+10 424824 1.73873e-05
1e+11 4.26458e+10 426458 1.62886e-05
1e+11 4.28099e+10 428099 1.52557e-05
1e+11 4.29745e+10 429745 1.42861e-05
1e+11 4.31398e+10 431398 1.33751e-05
1e+11 4.33057e+10 433057 1.25198e-05
1e+11 4.34723e+10 434723 1.17164e-05
1e+11 4.36395e+10 436395 1.09626e-05
1e+11 4.38074e+10 438074 1.02549e-05
1e+11 4.39759e+10 439759 9.59103e-06
1e+11 4.4145e+10 441450 8.96849e-06
1e+11 4.43148e+10 443148 8.38447e-06
1e+11 4.44853e+10 444853 7.83672e-06
1e+11 4.46564e+10 446564 7.3234e-06
1e+11 4.48281e+10 448281 6.84246e-06
1e+11 4.50005e+10 450005 6.3917e-06
1e+11 4.51736e+10 451736 5.96932e-06
1e+11 4.53474e+10 453474 5.57364e-06
1e+11 4.55218e+10 455218 5.20327e-06
1e+11 4.56969e+10 456969 4.85647e-06
1e+11 4.58727e+10 458727 4.53181e-06
1e+11 4.60491e+10 460491 4.22814e-06
1e+11 4.62262e+10 462262 3.944e-06
1e+11 4.6404e+10 464040 3.6782e-06
1e+11 4.65825e+10 465825 3.42962e-06
1e+11 4.67617e+10 467617 3.19719e-06
1e+11 4.69415e+10 469415 2.98004e-06
1e+11 4.71221e+10 471221 2.777e-06
1e+11 4.73033e+10 473033 2.5874e-06
1e+11 4.74853e+10 474853 2.41019e-06
1e+11 4.76679e+10 476679 2.2448e-06
1e+11 4.78513e+10 478513 2.09031e-06
1e+11 4.80353e+10 480353 1.94618e-06
1e+11 4.82201e+10 482201 1.81162e-06
1e+11 4.84055e+10 484055 1.68615e-06
1e+11 4.85917e+10 485917 1.56906e-06
1e+11 4.87786e+10 487786 1.45988e-06
1e+11 4.89662e+10 489662 1.3581e-06
1e+11 4.91546e+10 491546 1.2632e-06
1e+11 4.93436e+10 493436 1.17482e-06
1e+11 4.95334e+10 495334 1.09245e-06
1e+11 4.97239e+10 497239 1.01574e-06
1e+11 4.99152e+10 499152 9.44289e-07
1e+11 5.01072e+10 501072 8.77782e-07
1e+11 5.02999e+10 502999 8.15894e-07
1e+11 5.04934e+10 504934 7.58291e-07
1e+11 5.06876e+10 506876 7.04716e-07
1e+11 5.08825e+10 508825 6.54903e-07
1e+11 5.10783e+10 510783 6.0855e-07
1e+11 5.12747e+10 512747 5.65496e-07
1e+11 5.14719e+10 514719 5.25475e-07
1e+11 5.16699e+10 516699 4.88284e-07
1e+11 5.18687e+10 518687 4.53731e-07
1e+11 5.20682e+10 520682 4.21656e-07
1e+11 5.22684e+10 522684 3.91887e-07
1e+11 5.24695e+10 524695 3.64239e-07
1e+11 5.26713e+10 526713 3.38593e-07
1e+11 5.28739e+10 528739 3.14799e-07
1e+11 5.30772e+10 530772 2.92741e-07
1e+11 5.32814e+10 532814 2.72277e-07
1e+11 5.34863e+10 534863 2.53315e-07
1e+11 5.3692e+10 536920 2.35742e-07
1e+11 5.38986e+10 538986 2.19453e-07
1e+11 5.41059e+10 541059 2.04373e-07
1e+11 5.4314e+10 543140 1.90408e-07
1e+11 5.45229e+10 545229 1.77481e-07
1e+11 5.47326e+10 547326 1.65518e-07
1e+11 5.49431e+10 549431 1.54449e-07
1e+11 5.51544e+10 551544 1.44211e-07
1e+11 5.53666e+10 553666 1.3474e-07
1e+11 5.55795e+10 555795 1.25988e-07
1e+11 5.57933e+10 557933 1.17897e-07
1e+11 5.60079e+10 560079 1.10422e-07
1e+11 5.62233e+10 562233 1.03518e-07
1e+11 5.64396e+10 564396 9.71395e-08
1e+11 5.66567e+10 566567 9.1252e-08
1e+11 5.68746e+10 568746 8.5819e-08
1e+11 5.70934e+10 570934 8.08046e-08
1e+11 5.73129e+10 573129 7.61821e-08
1e+11 5.75334e+10 575334 7.19162e-08
1e+11 5.77547e+10 577547 6.79843e-08
1e+11 5.79768e+10 579768 6.43613e-08
1e+11 5.81998e+10 581998 6.10223e-08
1e+11 5.84237e+10 584237 5.79461e-08
1e+11 5.86484e+10 586484 5.5114e-08
1e+11 5.8874e+10 588740 5.25064e-08
1e+11 5.91004e+10 591004 5.01072e-08
1e+11 5.93277e+10 593277 4.78995e-08
1e+11 5.95559e+10 595559 4.58686e-08
1e+11 5.9785e+10 597850 4.40009e-08
1e+11 6.00149e+10 600149 4.22846e-08
1e+11 6.02458e+10 602458 4.07066e-08
1e+11 6.04775e+10 604775 3.92573e-08
1e+11 6.07101e+10 607101 3.79262e-08
1e+11 6.09436e+10 609436 3.67039e-08
1e+11 6.1178e+10 611780 3.5582e-08
1e+11 6.14133e+10 614133 3.45525e-08
1e+11 6.16496e+10 616496 3.36077e-08
1e+11 6.18867e+10 618867 3.27416e-08
1e+11 6.21247e+10 621247 3.19476e-08
1e+11 6.23637e+10 623637 3.12197e-08
1e+11 6.26035e+10 626035 3.0553e-08
1e+11 6.28443e+10 628443 2.99422e-08
1e+11 6.3086e+10 630860 2.93829e-08
1e+11 6.33287e+10 633287 2.88708e-08
1e+11 6.35723e+10 635723 2.84023e-08
1e+11 6.38168e+10 638168 2.79737e-08
1e+11 6.40623e+10 640623 2.75817e-08
1e+11 6.43087e+10 643087 2.72233e-08
1e+11 6.4556e+10 645560 2.68958e-08
1e+11 6.48043e+10 648043 2.65965e-08
1e+11 6.50536e+10 650536 2.63232e-08
1e+11 6.53038e+10 653038 2.60736e-08
1e+11 6.5555e+10 655550 2.58457e-08
1e+11 6.58071e+10 658071 2.56379e-08
1e+11 6.60602e+10 660602 2.54436e-08
1e+11 6.63143e+10 663143 2.52532e-08
1e+11 6.65694e+10 665694 2.50619e-08
1e+11 6.68254e+10 668254 2.487e-08
1e+11 6.70824e+10 670824 2.46773e-08
1e+11 6.73405e+10 673405 2.44838e-08
1e+11 6.75995e+10 675995 2.42897e-08
1e+11 6.78595e+10 678595 2.40948e-08
1e+11 6.81205e+10 681205 2.38991e-08
1e+11 6.83825e+10 683825 2.37027e-08
1e+11 6.86455e+10 686455 2.35055e-08
1e+11 6.89096e+10 689096 2.33075e-08
1e+11 6.91746e+10 691746 2.31089e-08
1e+11 6.94407e+10 694407 2.29094e-08
1e+11 6.97078e+10 697078 2.27091e-08
1e+11 6.99759e+10 699759 2.25082e-08
1e+11 7.0245e+10 702450 2.23064e-08
1e+11 7.05152e+10 705152 2.21039e-08
1e+11 7.07864e+10 707864 2.19006e-08
1e+11 7.10587e+10 710587 2.16964e-08
1e+11 7.1332e+10 713320 2.14915e-08
1e+11 7.16064e+10 716064 2.12858e-08
1e+11 7.18818e+10 718818 2.10794e-08
1e+11 7.21583e+10 721583 2.08721e-08
1e+11 7.24358e+10 724358 2.06641e-08
1e+11 7.27144e+10 727144 2.04552e-08
1e+11 7.29941e+10 729941 2.02455e-08
1e+11 7.32749e+10 732749 2.0035e-08
1e+11 7.35567e+10 735567 1.98237e-08
1e+11 7.38396e+10 738396 1.96117e-08
1e+11 7.41236e+10 741236 1.93988e-08
1e+11 7.44087e+10 744087 1.9185e-08
1e+11 7.46949e+10 746949 1.89705e-08
1e+11 7.49822e+10 749822 1.87551e-08
1e+11 7.52706e+10 752706 1.85389e-08
1e+11 7.55601e+10 755601 1.83219e-08
1e+11 7.58508e+10 758508 1.81039e-08
1e+11 7.61425e+10 761425 1.78852e-08
1e+11 7.64354e+10 764354 1.76657e-08
1e+11 7.67294e+10 767294 1.74453e-08
1e+11 7.70245e+10 770245 1.7224e-08
1e+11 7.73208e+10 773208 1.70019e-08
1e+11 7.76182e+10 776182 1.6779e-08
1e+11 7.79167e+10 779167 1.65552e-08
1e+11 7.82164e+10 782164 1.63305e-08
1e+11 7.85172e+10 785172 1.6105e-08
1e+11 7.88192e+10 788192 1.58786e-08
1e+11 7.91224e+10 791224 1.56513e-08
1e+11 7.94267e+10 794267 1.54232e-08
1e+11 7.97322e+10 797322 1.51942e-08
1e+11 8.00389e+10 800389 1.49642e-08
1e+11 8.03468e+10 803468 1.47334e-08
1e+11 8.06558e+10 806558 1.45018e-08
1e+11 8.0966e+10 809660 1.42692e-08
1e+11 8.12774e+10 812774 1.40358e-08
1e+11 8.15901e+10 815901 1.38013e-08
1e+11 8.19039e+10 819039 1.35661e-08
1e+11 8.22189e+10 822189 1.333e-08
1e+11 8.25351e+10 825351 1.30929e-08
1e+11 8.28526e+10 828526 1.28549e-08
1e+11 8.31713e+10 831713 1.2616e-08
1e+11 8.34912e+10 834912 1.23761e-08
1e+11 8.38123e+10 838123 1.21354e-08
1e+11 8.41347e+10 841347 1.18937e-08
1e+11 8.44583e+10 844583 1.16511e-08
1e+11 8.47831e+10 847831 1.14077e-08
1e+11 8.51092e+10 851092 1.11632e-08
1e+11 8.54366e+10 854366 1.09177e-08
1e+11 8.57652e+10 857652 1.06714e-08
1e+11 8.60951e+10 860951 1.04241e-08
1e+11 8.64262e+10 864262 1.01759e-08
1e+11 8.67586e+10 867586 9.92668e-09
1e+11 8.70923e+10 870923 9.67651e-09
1e+11 8.74273e+10 874273 9.42537e-09
1e+11 8.77636e+10 877636 9.17326e-09
1e+11 8.81012e+10 881012 8.92017e-09
1e+11 8.844e+10 884400 8.66618e-09
1e+11 8.87802e+10 887802 8.41115e-09
1e+11 8.91217e+10 891217 8.15513e-09
1e+11 8.94645e+10 894645 7.89815e-09
1e+11 8.98086e+10 898086 7.64019e-09
1e+11 9.0154e+10 901540 7.38125e-09
1e+11 9.05008e+10 905008 7.12126e-09
1e+11 9.08489e+10 908489 6.8603e-09
1e+11 9.11983e+10 911983 6.59837e-09
1e+11 9.15491e+10 915491 6.33539e-09
1e+11 9.19012e+10 919012 6.07143e-09
1e+11 9.22547e+10 922547 5.80642e-09
1e+11 9.26095e+10 926095 5.54044e-09
1e+11 9.29657e+10 929657 5.2734e-09
1e+11 9.33233e+10 933233 5.00532e-09
1e+11 9.36822e+10 936822 4.73626e-09
1e+11 9.40426e+10 940426 4.46608e-09
1e+11 9.44043e+10 944043 4.19493e-09
1e+11 9.47674e+10 947674 3.92272e-09
1e+11 9.51319e+10 951319 3.64947e-09
1e+11 9.54978e+10 954978 3.37516e-09
1e+11 9.58651e+10 958651 3.09981e-09
1e+11 9.62338e+10 962338 2.82341e-09
1e+11 9.6604e+10 966040 2.54588e-09
1e+11 9.69755e+10 969755 2.26738e-09
1e+11 9.73485e+10 973485 1.98775e-09
1e+11 9.7723e+10 977230 1.707e-09
1e+11 9.80988e+10 980988 1.42527e-09
1e+11 9.84762e+10 984762 1.14235e-09
1e+11 9.88549e+10 988549 8.58447e-10
1e+11 9.92352e+10 992352 5.73348e-10
1e+11 9.96168e+10 996168 2.87273e-10
1e+11 1e+11 1e+06 0

1e+12 1e+06 10 4.95413e+11
1e+12 1.00385e+06 10.0385 4.91619e+11
1e+12 1.00771e+06 10.0771 4.87859e+11
1e+12 1.01158e+06 10.1158 4.84132e+11
1e+12 1.01547e+06 10.1547 4.80429e+11
1e+12 1.01938e+06 10.1938 4.76749e+11
1e+12 1.0233e+06 10.233 4.73102e+11
1e+12 1.02724e+06 10.2724 4.69479e+11
1e+12 1.03119e+06 10.3119 4.65888e+11
1e+12 1.03515e+06 10.3515 4.62329e+11
1e+12 1.03914e+06 10.3914 4.58784e+11
1e+12 1.04313e+06 10.4313 4.5528e+11
1e+12 1.04714e+06 10.4714 4.51798e+11
1e+12 1.05117e+06 10.5117 4.48339e+11
1e+12 1.05522e+06 10.5522 4.44903e+11
1e+12 1.05927e+06 10.5927 4.41507e+11
1e+12 1.06335e+06 10.6335 4.38124e+11
1e+12 1.06744e+06 10.6744 4.34772e+11
1e+12 1.07154e+06 10.7154 4.3145e+11
1e+12 1.07567e+06 10.7567 4.28142e+11
1e+12 1.0798e+06 10.798 4.24872e+11
1e+12 1.08396e+06 10.8396 4.21616e+11
1e+12 1.08813e+06 10.8813 4.18389e+11
1e+12 1.09231e+06 10.9231 4.15192e+11
1e+12 1.09651e+06 10.9651 4.12016e+11
1e+12 1.10073e+06 11.0073 4.08862e+11
1e+12 1.10496e+06 11.0496 4.05737e+11
1e+12 1.10921e+06 11.0921 4.02632e+11
1e+12 1.11348e+06 11.1348 3.99549e+11
1e+12 1.11776e+06 11.1776 3.96494e+11
1e+12 1.12206e+06 11.2206 3.9346e+11
1e+12 1.12638e+06 11.2638 3.90446e+11
1e+12 1.13071e+06 11.3071 3.8746e+11
1e+12 1.13506e+06 11.3506 3.84495e+11
1e+12 1.13942e+06 11.3942 3.81557e+11
1e+12 1.14381e+06 11.4381 3.78633e+11
1e+12 1.14821e+06 11.4821 3.75735e+11
1e+12 1.15262e+06 11.5262 3.72865e+11
1e+12 1.15706e+06 11.5706 3.70007e+11
1e+12 1.16151e+06 11.6151 3.67177e+11
1e+12 1.16597e+06 11.6597 3.64372e+11
1e+12 1.17046e+06 11.7046 3.61581e+11
1e+12 1.17496e+06 11.7496 3.58815e+11
1e+12 1.17948e+06 11.7948 3.56069e+11
1e+12 1.18402e+06 11.8402 3.53343e+11
1e+12 1.18857e+06 11.8857 3.50642e+11
1e+12 1.19314e+06 11.9314 3.4796e+11
1e+12 1.19773e+06 11.9773 3.45297e+11
1e+12 1.20234e+06 12.0234 3.42653e+11
1e+12 1.20696e+06 12.0696 3.40034e+11
1e+12 1.21161e+06 12.1161 3.37428e+11
1e+12 1.21627e+06 12.1627 3.34846e+11
1e+12 1.22094e+06 12.2094 3.32288e+11
1e+12 1.22564e+06 12.2564 3.29744e+11
1e+12 1.23035e+06 12.3035 3.27223e+11
1e+12 1.23509e+06 12.3509 3.24715e+11
1e+12 1.23984e+06 12.3984 3.22231e+11
1e+12 1.24461e+06 12.4461 3.19765e+11
1e+12 1.24939e+06 12.4939 3.17321e+11
1e+12 1.2542e+06 12.542 3.14891e+11
1e+12 1.25902e+06 12.5902 3.12484e+11
1e+12 1.26386e+06 12.6386 3.10094e+11
1e+12 1.26873e+06 12.6873 3.07717e+11
1e+12 1.27361e+06 12.7361 3.05362e+11
1e+12 1.2785e+06 12.785 3.0303e+11
1e+12 1.28342e+06 12.8342 3.0071e+11
1e+12 1.28836e+06 12.8836 2.98408e+11
1e+12 1.29331e+06 12.9331 2.96127e+11
1e+12 1.29829e+06 12.9829 2.93858e+11
1e+12 1.30328e+06 13.0328 2.91611e+11
1e+12 1.30829e+06 13.0829 2.89381e+11
1e+12 1.31333e+06 13.1333 2.87164e+11
1e+12 1.31838e+06 13.1838 2.84967e+11
1e+12 1.32345e+06 13.2345 2.82787e+11
1e+12 1.32854e+06 13.2854 2.80623e+11
1e+12 1.33365e+06 13.3365 2.78476e+11
1e+12 1.33878e+06 13.3878 2.76345e+11
1e+12 1.34393e+06 13.4393 2.7423e+11
1e+12 1.3491e+06 13.491 2.72131e+11
1e+12 1.35429e+06 13.5429 2.70048e+11
1e+12 1.3595e+06 13.595 2.67982e+11
1e+12 1.36472e+06 13.6472 2.65935e+11
1e+12 1.36997e+06 13.6997 2.63899e+11
1e+12 1.37524e+06 13.7524 2.6188e+11
1e+12 1.38053e+06 13.8053 2.59876e+11
1e+12 1.38584e+06 13.8584 2.57887e+11
1e+12 1.39117e+06 13.9117 2.55914e+11
1e+12 1.39652e+06 13.9652 2.53956e+11
1e+12 1.4019e+06 14.019 2.5201e+11
1e+12 1.40729e+06 14.0729 2.50082e+11
1e+12 1.4127e+06 14.127 2.4817e+11
1e+12 1.41813e+06 14.1813 2.46272e+11
1e+12 1.42359e+06 14.2359 2.44385e+11
1e+12 1.42906e+06 14.2906 2.42517e+11
1e+12 1.43456e+06 14.3456 2.4066e+11
1e+12 1.44008e+06 14.4008 2.38818e+11
1e+12 1.44562e+06 14.4562 2.3699e+11
1e+12 1.45118e+06 14.5118 2.35177e+11
1e+12 1.45676e+06 14.5676 2.33378e+11
1e+12 1.46236e+06 14.6236 2.31593e+11
1e+12 1.46799e+06 14.6799 2.29819e+11
1e+12 1.47363e+06 14.7363 2.28062e+11
1e+12 1.4793e+06 14.793 2.26317e+11
1e+12 1.48499e+06 14.8499 2.24585e+11
1e+12 1.4907e+06 14.907 2.22867e+11
1e+12 1.49644e+06 14.9644 2.21159e+11
1e+12 1.50219e+06 15.0219 2.19469e+11
1e+12 1.50797e+06 15.0797 2.17789e+11
1e+12 1.51377e+06 15.1377 2.16122e+11
1e+12 1.51959e+06 15.1959 2.14469e+11
1e+12 1.52544e+06 15.2544 2.12826e+11
1e+12 1.5313e+06 15.313 2.112e+11
1e+12 1.53719e+06 15.3719 2.09584e+11
1e+12 1.54311e+06 15.4311 2.07978e+11
1e+12 1.54904e+06 15.4904 2.06388e+11
1e+12 1.555e+06 15.55 2.04808e+11
1e+12 1.56098e+06 15.6098 2.03241e+11
1e+12 1.56699e+06 15.6699 2.01684e+11
1e+12 1.57301e+06 15.7301 2.00142e+11
1e+12 1.57906e+06 15.7906 1.98611e+11
1e+12 1.58514e+06 15.8514 1.97089e+11
1e+12 1.59123e+06 15.9123 1.95583e+11
1e+12 1.59735e+06 15.9735 1.94086e+11
1e+12 1.6035e+06 16.035 1.926e+11
1e+12 1.60967e+06 16.0967 1.91125e+11
1e+12 1.61586e+06 16.1586 1.89663e+11
1e+12 1.62207e+06 16.2207 1.88213e+11
1e+12 1.62831e+06 16.2831 1.86772e+11
1e+12 1.63457e+06 16.3457 1.85343e+11
1e+12 1.64086e+06 16.4086 1.83924e+11
1e+12 1.64717e+06 16.4717 1.82517e+11
1e+12 1.65351e+06 16.5351 1.8112e+11
1e+12 1.65987e+06 16.5987 1.79733e+11
1e+12 1.66625e+06 16.6625 1.78359e+11
1e+12 1.67266e+06 16.7266 1.76994e+11
1e+12 1.67909e+06 16.7909 1.7564e+11
1e+12 1.68555e+06 16.8555 1.74296e+11
1e+12 1.69204e+06 16.9204 1.7296e+11
1e+12 1.69854e+06 16.9854 1.71638e+11
1e+12 1.70508e+06 17.0508 1.70323e+11
1e+12 1.71163e+06 17.1163 1.69022e+11
1e+12 1.71822e+06 17.1822 1.67727e+11
1e+12 1.72483e+06 17.2483 1.66443e+11
1e+12 1.73146e+06 17.3146 1.6517e+11
1e+12 1.73812e+06 17.3812 1.63906e+11
1e+12 1.74481e+06 17.4481 1.62651e+11
1e+12 1.75152e+06 17.5152 1.61406e+11
1e+12 1.75825e+06 17.5825 1.60172e+11
1e+12 1.76502e+06 17.6502 1.58945e+11
1e+12 1.77181e+06 17.7181 1.57729e+11
1e+12 1.77862e+06 17.7862 1.56522e+11
1e+12 1.78546e+06 17.8546 1.55325e+11
1e+12 1.79233e+06 17.9233 1.54136e+11
1e+12 1.79922e+06 17.9922 1.52957e+11
1e+12 1.80614e+06 18.0614 1.51786e+11
1e+12 1.81309e+06 18.1309 1.50624e+11
1e+12 1.82006e+06 18.2006 1.49472e+11
1e+12 1.82706e+06 18.2706 1.48328e+11
1e+12 1.83409e+06 18.3409 1.47192e+11
1e+12 1.84115e+06 18.4115 1.46065e+11
1e+12 1.84823e+06 18.4823 1.44948e+11
1e+12 1.85534e+06 18.5534 1.43838e+11
1e+12 1.86247e+06 18.6247 1.42738e+11
1e+12 1.86964e+06 18.6964 1.41645e+11
1e+12 1.87683e+06 18.7683 1.40561e+11
1e+12 1.88405e+06 18.8405 1.39485e+11
1e+12 1.89129e+06 18.9129 1.38418e+11
1e+12 1.89857e+06 18.9857 1.37358e+11
1e+12 1.90587e+06 19.0587 1.36307e+11
1e+12 1.9132e+06 19.132 1.35264e+11
1e+12 1.92056e+06 19.2056 1.34229e+11
1e+12 1.92795e+06 19.2795 1.33201e+11
1e+12 1.93536e+06 19.3536 1.32183e+11
1e+12 1.94281e+06 19.4281 1.3117e+11
1e+12 1.95028e+06 19.5028 1.30167e+11
1e+12 1.95778e+06 19.5778 1.29171e+11
1e+12 1.96531e+06 19.6531 1.28182e+11
1e+12 1.97287e+06 19.7287 1.27201e+11
1e+12 1.98046e+06 19.8046 1.26227e+11
1e+12 1.98808e+06 19.8808 1.25261e+11
1e+12 1.99572e+06 19.9572 1.24303e+11
1e+12 2.0034e+06 20.034 1.23351e+11
1e+12 2.0111e+06 20.111 1.22408e+11
1e+12 2.01884e+06 20.1884 1.2147e+11
1e+12 2.0266e+06 20.266 1.20541e+11
1e+12 2.0344e+06 20.344 1.19618e+11
1e+12 2.04222e+06 20.4222 1.18703e+11
1e+12 2.05008e+06 20.5008 1.17794e+11
1e+12 2.05796e+06 20.5796 1.16893e+11
1e+12 2.06588e+06 20.6588 1.15998e+11
1e+12 2.07383e+06 20.7383 1.1511e+11
1e+12 2.0818e+06 20.818 1.14229e+11
1e+12 2.08981e+06 20.8981 1.13355e+11
1e+12 2.09785e+06 20.9785 1.12487e+11
1e+12 2.10592e+06 21.0592 1.11626e+11
1e+12 2.11402e+06 21.1402 1.10771e+11
1e+12 2.12215e+06 21.2215 1.09924e+11
1e+12 2.13031e+06 21.3031 1.09083e+11
1e+12 2.1385e+06 21.385 1.08248e+11
1e+12 2.14673e+06 21.4673 1.07419e+11
1e+12 2.15499e+06 21.5499 1.06597e+11
1e+12 2.16327e+06 21.6327 1.05782e+11
1e+12 2.1716e+06 21.716 1.04971e+11
1e+12 2.17995e+06 21.7995 1.04168e+11
1e+12 2.18833e+06 21.8833 1.03371e+11
1e+12 2.19675e+06 21.9675 1.0258e+11
1e+12 2.2052e+06 22.052 1.01794e+11
1e+12 2.21368e+06 22.1368 1.01015e+11
1e+12 2.2222e+06 22.222 1.00242e+11
1e+12 2.23074e+06 22.3074 9.94751e+10
1e+12 2.23932e+06 22.3932 9.87137e+10
1e+12 2.24794e+06 22.4794 9.79576e+10
1e+12 2.25658e+06 22.5658 9.72083e+10
1e+12 2.26526e+06 22.6526 9.64642e+10
1e+12 2.27397e+06 22.7397 9.57261e+10
1e+12 2.28272e+06 22.8272 9.49931e+10
1e+12 2.2915e+06 22.915 9.4266e+10
1e+12 2.30031e+06 23.0031 9.35448e+10
1e+12 2.30916e+06 23.0916 9.28286e+10
1e+12 2.31804e+06 23.1804 9.21182e+10
1e+12 2.32696e+06 23.2696 9.14128e+10
1e+12 2.33591e+06 23.3591 9.07131e+10
1e+12 2.34489e+06 23.4489 9.00191e+10
1e+12 2.35391e+06 23.5391 8.933e+10
1e+12 2.36297e+06 23.6297 8.86458e+10
1e+12 2.37206e+06 23.7206 8.79671e+10
1e+12 2.38118e+06 23.8118 8.7294e+10
1e+12 2.39034e+06 23.9034 8.66258e+10
1e+12 2.39953e+06 23.9953 8.5963e+10
1e+12 2.40876e+06 24.0876 8.53049e+10
1e+12 2.41803e+06 24.1803 8.46516e+10
1e+12 2.42733e+06 24.2733 8.40036e+10
1e+12 2.43666e+06 24.3666 8.33611e+10
1e+12 2.44604e+06 24.4604 8.27224e+10
1e+12 2.45544e+06 24.5544 8.20898e+10
1e+12 2.46489e+06 24.6489 8.1461e+10
1e+12 2.47437e+06 24.7437 8.08375e+10
1e+12 2.48389e+06 24.8389 8.02185e+10
1e+12 2.49344e+06 24.9344 7.96047e+10
1e+12 2.50303e+06 25.0303 7.89954e+10
1e+12 2.51266e+06 25.1266 7.83905e+10
1e+12 2.52232e+06 25.2232 7.77908e+10
1e+12 2.53202e+06 25.3202 7.71954e+10
1e+12 2.54176e+06 25.4176 7.66044e+10
1e+12 2.55154e+06 25.5154 7.60178e+10
1e+12 2.56135e+06 25.6135 7.54361e+10
1e+12 2.57121e+06 25.7121 7.48582e+10
1e+12 2.58109e+06 25.8109 7.42857e+10
1e+12 2.59102e+06 25.9102 7.37169e+10
1e+12 2.60099e+06 26.0099 7.31524e+10
1e+12 2.61099e+06 26.1099 7.25926e+10
1e+12 2.62104e+06 26.2104 7.20365e+10
1e+12 2.63112e+06 26.3112 7.14851e+10
1e+12 2.64124e+06 26.4124 7.09379e+10
1e+12 2.6514e+06 26.514 7.03948e+10
1e+12 2.66159e+06 26.6159 6.98564e+10
1e+12 2.67183e+06 26.7183 6.93215e+10
1e+12 2.68211e+06 26.8211 6.87906e+10
1e+12 2.69242e+06 26.9242 6.82643e+10
1e+12 2.70278e+06 27.0278 6.77415e+10
1e+12 2.71318e+06 27.1318 6.72227e+10
1e+12 2.72361e+06 27.2361 6.67084e+10
1e+12 2.73409e+06 27.3409 6.61975e+10
1e+12 2.7446e+06 27.446 6.5691e+10
1e+12 2.75516e+06 27.5516 6.5188e+10
1e+12 2.76576e+06 27.6576 6.46888e+10
1e+12 2.77639e+06 27.7639 6.4194e+10
1e+12 2.78707e+06 27.8707 6.37025e+10
1e+12 2.79779e+06 27.9779 6.32148e+10
1e+12 2.80855e+06 28.0855 6.27309e+10
1e+12 2.81936e+06 28.1936 6.22503e+10
1e+12 2.8302e+06 28.302 6.1774e+10
1e+12 2.84109e+06 28.4109 6.13009e+10
1e+12 2.85201e+06 28.5201 6.08319e+10
1e+12 2.86298e+06 28.6298 6.03662e+10
1e+12 2.874e+06 28.74 5.99037e+10
1e+12 2.88505e+06 28.8505 5.94453e+10
1e+12 2.89615e+06 28.9615 5.899e+10
1e+12 2.90729e+06 29.0729 5.85384e+10
1e+12 2.91847e+06 29.1847 5.80903e+10
1e+12 2.92969e+06 29.2969 5.76458e+10
1e+12 2.94096e+06 29.4096 5.72044e+10
1e+12 2.95227e+06 29.5227 5.67665e+10
1e+12 2.96363e+06 29.6363 5.63318e+10
1e+12 2.97503e+06 29.7503 5.59004e+10
1e+12 2.98647e+06 29.8647 5.54726e+10
1e+12 2.99796e+06 29.9796 5.50478e+10
1e+12 3.00949e+06 30.0949 5.46264e+10
1e+12 3.02106e+06 30.2106 5.42083e+10
1e+12 3.03268e+06 30.3268 5.37933e+10
1e+12 3.04435e+06 30.4435 5.33813e+10
1e+12 3.05606e+06 30.5606 5.29726e+10
1e+12 3.06781e+06 30.6781 5.25671e+10
1e+12 3.07961e+06 30.7961 5.21647e+10
1e+12 3.09146e+06 30.9146 5.17651e+10
1e+12 3.10335e+06 31.0335 5.13688e+10
1e+12 3.11529e+06 31.1529 5.09754e+10
1e+12 3.12727e+06 31.2727 5.05852e+10
1e+12 3.1393e+06 31.393 5.01978e+10
1e+12 3.15137e+06 31.5137 4.98137e+10
1e+12 3.16349e+06 31.6349 4.94323e+10
1e+12 3.17566e+06 31.7566 4.90538e+10
1e+12 3.18787e+06 31.8787 4.86783e+10
1e+12 3.20014e+06 32.0014 4.83053e+10
1e+12 3.21244e+06 32.1244 4.79358e+10
1e+12 3.2248e+06 32.248 4.75686e+10
1e+12 3.2372e+06 32.372 4.72045e+10
1e+12 3.24966e+06 32.4966 4.68428e+10
1e+12 3.26215e+06 32.6215 4.64844e+10
1e+12 3.2747e+06 32.747 4.61284e+10
1e+12 3.2873e+06 32.873 4.57751e+10
1e+12 3.29994e+06 32.9994 4.54247e+10
1e+12 3.31263e+06 33.1263 4.5077e+10
1e+12 3.32537e+06 33.2537 4.47319e+10
1e+12 3.33817e+06 33.3817 4.43891e+10
1e+12 3.351e+06 33.51 4.40495e+10
1e+12 3.36389e+06 33.6389 4.37122e+10
1e+12 3.37683e+06 33.7683 4.33774e+10
1e+12 3.38982e+06 33.8982 4.30453e+10
1e+12 3.40286e+06 34.0286 4.27156e+10
1e+12 3.41595e+06 34.1595 4.23885e+10
1e+12 3.42909e+06 34.2909 4.20639e+10
1e+12 3.44228e+06 34.4228 4.17418e+10
1e+12 3.45552e+06 34.5552 4.14222e+10
1e+12 3.46881e+06 34.6881 4.1105e+10
1e+12 3.48215e+06 34.8215 4.07903e+10
1e+12 3.49554e+06 34.9554 4.04781e+10
1e+12 3.50899e+06 35.0899 4.0168e+10
1e+12 3.52248e+06 35.2248 3.98606e+10
1e+12 3.53603e+06 35.3603 3.95553e+10
1e+12 3.54963e+06 35.4963 3.92524e+10
1e+12 3.56329e+06 35.6329 3.89517e+10
1e+12 3.57699e+06 35.7699 3.86535e+10
1e+12 3.59075e+06 35.9075 3.83575e+10
1e+12 3.60456e+06 36.0456 3.80638e+10
1e+12 3.61842e+06 36.1842 3.77724e+10
1e+12 3.63234e+06 36.3234 3.74831e+10
1e+12 3.64631e+06 36.4631 3.71961e+10
1e+12 3.66034e+06 36.6034 3.69112e+10
1e+12 3.67442e+06 36.7442 3.66285e+10
1e+12 3.68855e+06 36.8855 3.63481e+10
1e+12 3.70274e+06 37.0274 3.60697e+10
1e+12 3.71698e+06 37.1698 3.57935e+10
1e+12 3.73128e+06 37.3128 3.55193e+10
1e+12 3.74563e+06 37.4563 3.52473e+10
1e+12 3.76003e+06 37.6003 3.49776e+10
1e+12 3.7745e+06 37.745 3.47096e+10
1e+12 3.78901e+06 37.8901 3.44439e+10
1e+12 3.80359e+06 38.0359 3.418e+10
1e+12 3.81822e+06 38.1822 3.39182e+10
1e+12 3.8329e+06 38.329 3.36586e+10
1e+12 3.84765e+06 38.4765 3.34007e+10
1e+12 3.86244e+06 38.6244 3.31451e+10
1e+12 3.8773e+06 38.773 3.28912e+10
1e+12 3.89221e+06 38.9221 3.26393e+10
1e+12 3.90718e+06 39.0718 3.23894e+10
1e+12 3.92221e+06 39.2221 3.21413e+10
1e+12 3.9373e+06 39.373 3.18951e+10
1e+12 3.95244e+06 39.5244 3.16509e+10
1e+12 3.96765e+06 39.6765 3.14084e+10
1e+12 3.98291e+06 39.8291 3.11679e+10
1e+12 3.99823e+06 39.9823 3.09291e+10
1e+12 4.0136e+06 40.136 3.06924e+10
1e+12 4.02904e+06 40.2904 3.04573e+10
1e+12 4.04454e+06 40.4454 3.0224e+10
1e+12 4.06009e+06 40.6009 2.99926e+10
1e+12 4.07571e+06 40.7571 2.97629e+10
1e+12 4.09139e+06 40.9139 2.95349e+10
1e+12 4.10712e+06 41.0712 2.93088e+10
1e+12 4.12292e+06 41.2292 2.90842e+10
1e+12 4.13878e+06 41.3878 2.88615e+10
1e+12 4.1547e+06 41.547 2.86404e+10
1e+12 4.17068e+06 41.7068 2.84211e+10
1e+12 4.18672e+06 41.8672 2.82034e+10
1e+12 4.20282e+06 42.0282 2.79874e+10
1e+12 4.21899e+06 42.1899 2.7773e+10
1e+12 4.23522e+06 42.3522 2.75603e+10
1e+12 4.25151e+06 42.5151 2.73492e+10
1e+12 4.26786e+06 42.6786 2.71397e+10
1e+12 4.28427e+06 42.8427 2.69319e+10
1e+12 4.30075e+06 43.0075 2.67256e+10
1e+12 4.3173e+06 43.173 2.65208e+10
1e+12 4.3339e+06 43.339 2.63178e+10
1e+12 4.35057e+06 43.5057 2.61162e+10
1e+12 4.3673e+06 43.673 2.59162e+10
1e+12 4.3841e+06 43.841 2.57177e+10
1e+12 4.40096e+06 44.0096 2.55207e+10
1e+12 4.41789e+06 44.1789 2.53252e+10
1e+12 4.43488e+06 44.3488 2.51313e+10
1e+12 4.45194e+06 44.5194 2.49387e+10
1e+12 4.46907e+06 44.6907 2.47476e+10
1e+12 4.48626e+06 44.8626 2.45581e+10
1e+12 4.50351e+06 45.0351 2.437e+10
1e+12 4.52083e+06 45.2083 2.41834e+10
1e+12 4.53822e+06 45.3822 2.39981e+10
1e+12 4.55568e+06 45.5568 2.38142e+10
1e+12 4.5732e+06 45.732 2.36319e+10
1e+12 4.59079e+06 45.9079 2.34508e+10
1e+12 4.60845e+06 46.0845 2.32712e+10
1e+12 4.62617e+06 46.2617 2.3093e+10
1e+12 4.64397e+06 46.4397 2.2916e+10
1e+12 4.66183e+06 46.6183 2.27405e+10
1e+12 4.67976e+06 46.7976 2.25663e+10
1e+12 4.69776e+06 46.9776 2.23934e+10
1e+12 4.71583e+06 47.1583 2.22219e+10
1e+12 4.73397e+06 47.3397 2.20516e+10
1e+12 4.75217e+06 47.5217 2.18828e+10
1e+12 4.77045e+06 47.7045 2.17152e+10
1e+12 4.7888e+06 47.888 2.15488e+10
1e+12 4.80722e+06 48.0722 2.13837e+10
1e+12 4.82571e+06 48.2571 2.12199e+10
1e+12 4.84427e+06 48.4427 2.10573e+10
1e+12 4.8629e+06 48.629 2.08961e+10
1e+12 4.88161e+06 48.8161 2.07359e+10
1e+12 4.90038e+06 49.0038 2.05771e+10
1e+12 4.91923e+06 49.1923 2.04195e+10
1e+12 4.93815e+06 49.3815 2.02631e+10
1e+12 4.95715e+06 49.5715 2.01078e+10
1e+12 4.97621e+06 49.7621 1.99538e+10
1e+12 4.99535e+06 49.9535 1.98009e+10
1e+12 5.01457e+06 50.1457 1.96492e+10
1e+12 5.03385e+06 50.3385 1.94987e+10
1e+12 5.05322e+06 50.5322 1.93492e+10
1e+12 5.07265e+06 50.7265 1.92011e+10
1e+12 5.09216e+06 50.9216 1.9054e+10
1e+12 5.11175e+06 51.1175 1.89079e+10
1e+12 5.13141e+06 51.3141 1.87631e+10
1e+12 5.15115e+06 51.5115 1.86193e+10
1e+12 5.17096e+06 51.7096 1.84767e+10
1e+12 5.19085e+06 51.9085 1.83351e+10
1e+12 5.21081e+06 52.1081 1.81947e+10
1e+12 5.23086e+06 52.3086 1.80552e+10
1e+12 5.25098e+06 52.5098 1.79169e+10
1e+12 5.27117e+06 52.7117 1.77797e+10
1e+12 5.29145e+06 52.9145 1.76434e+10
1e+12 5.3118e+06 53.118 1.75082e+10
1e+12 5.33223e+06 53.3223 1.73741e+10
1e+12 5.35274e+06 53.5274 1.7241e+10
1e+12 5.37333e+06 53.7333 1.71089e+10
1e+12 5.394e+06 53.94 1.69778e+10
1e+12 5.41474e+06 54.1474 1.68477e+10
1e+12 5.43557e+06 54.3557 1.67186e+10
1e+12 5.45648e+06 54.5648 1.65905e+10
1e+12 5.47746e+06 54.7746 1.64634e+10
1e+12 5.49853e+06 54.9853 1.63373e+10
1e+12 5.51968e+06 55.1968 1.62121e+10
1e+12 5.54091e+06 55.4091 1.60879e+10
1e+12 5.56222e+06 55.6222 1.59646e+10
1e+12 5.58362e+06 55.8362 1.58422e+10
1e+12 5.60509e+06 56.0509 1.57209e+10
1e+12 5.62665e+06 56.2665 1.56004e+10
1e+12 5.64829e+06 56.4829 1.54809e+10
1e+12 5.67002e+06 56.7002 1.53622e+10
1e+12 5.69183e+06 56.9183 1.52445e+10
1e+12 5.71372e+06 57.1372 1.51277e+10
1e+12 5.7357e+06 57.357 1.50118e+10
1e+12 5.75776e+06 57.5776 1.48967e+10
1e+12 5.7799e+06 57.799 1.47826e+10
1e+12 5.80214e+06 58.0214 1.46693e+10
1e+12 5.82445e+06 58.2445 1.45569e+10
1e+12 5.84685e+06 58.4685 1.44454e+10
1e+12 5.86934e+06 58.6934 1.43347e+10
1e+12 5.89192e+06 58.9192 1.42248e+10
1e+12 5.91458e+06 59.1458 1.41158e+10
1e+12 5.93733e+06 59.3733 1.40076e+10
1e+12 5.96017e+06 59.6017 1.39003e+10
1e+12 5.98309e+06 59.8309 1.37938e+10
1e+12 6.0061e+06 60.061 1.36881e+10
1e+12 6.02921e+06 60.2921 1.35831e+10
1e+12 6.0524e+06 60.524 1.3479e+10
1e+12 6.07567e+06 60.7567 1.33758e+10
1e+12 6.09904e+06 60.9904 1.32733e+10
1e+12 6.1225e+06 61.225 1.31715e+10
1e+12 6.14605e+06 61.4605 1.30706e+10
1e+12 6.16969e+06 61.6969 1.29704e+10
1e+12 6.19342e+06 61.9342 1.2871e+10
1e+12 6.21724e+06 62.1724 1.27724e+10
1e+12 6.24116e+06 62.4116 1.26744e+10
1e+12 6.26516e+06 62.6516 1.25773e+10
1e+12 6.28926e+06 62.8926 1.24809e+10
1e+12 6.31345e+06 63.1345 1.23853e+10
1e+12 6.33773e+06 63.3773 1.22904e+10
1e+12 6.36211e+06 63.6211 1.21961e+10
1e+12 6.38658e+06 63.8658 1.21027e+10
1e+12 6.41115e+06 64.1115 1.20099e+10
1e+12 6.4358e+06 64.358 1.19179e+10
1e+12 6.46056e+06 64.6056 1.18265e+10
1e+12 6.48541e+06 64.8541 1.17359e+10
1e+12 6.51035e+06 65.1035 1.16459e+10
1e+12 6.53539e+06 65.3539 1.15567e+10
1e+12 6.56053e+06 65.6053 1.14681e+10
1e+12 6.58576e+06 65.8576 1.13802e+10
1e+12 6.6111e+06 66.111 1.12929e+10
1e+12 6.63652e+06 66.3652 1.12064e+10
1e+12 6.66205e+06 66.6205 1.11205e+10
1e+12 6.68767e+06 66.8767 1.10352e+10
1e+12 6.7134e+06 67.134 1.09506e+10
1e+12 6.73922e+06 67.3922 1.08667e+10
1e+12 6.76514e+06 67.6514 1.07834e+10
1e+12 6.79116e+06 67.9116 1.07007e+10
1e+12 6.81728e+06 68.1728 1.06187e+10
1e+12 6.8435e+06 68.435 1.05373e+10
1e+12 6.86982e+06 68.6982 1.04566e+10
1e+12 6.89625e+06 68.9625 1.03764e+10
1e+12 6.92277e+06 69.2277 1.02968e+10
1e+12 6.9494e+06 69.494 1.02179e+10
1e+12 6.97613e+06 69.7613 1.01396e+10
1e+12 7.00296e+06 70.0296 1.00619e+10
1e+12 7.0299e+06 70.299 9.9847e+09
1e+12 7.05694e+06 70.5694 9.90816e+09
1e+12 7.08408e+06 70.8408 9.83221e+09
1e+12 7.11133e+06 71.1133 9.75682e+09
1e+12 7.13868e+06 71.3868 9.68203e+09
1e+12 7.16614e+06 71.6614 9.6078e+09
1e+12 7.1937e+06 71.937 9.53415e+09
1e+12 7.22137e+06 72.2137 9.46105e+09
1e+12 7.24914e+06 72.4914 9.38853e+09
1e+12 7.27703e+06 72.7703 9.31653e+09
1e+12 7.30502e+06 73.0502 9.24511e+09
1e+12 7.33311e+06 73.3311 9.17424e+09
1e+12 7.36132e+06 73.6132 9.10389e+09
1e+12 7.38963e+06 73.8963 9.0341e+09
1e+12 7.41806e+06 74.1806 8.96482e+09
1e+12 7.44659e+06 74.4659 8.89609e+09
1e+12 7.47523e+06 74.7523 8.82789e+09
1e+12 7.50398e+06 75.0398 8.76021e+09
1e+12 7.53284e+06 75.3284 8.69305e+09
1e+12 7.56182e+06 75.6182 8.62638e+09
1e+12 7.5909e+06 75.909 8.56025e+09
1e+12 7.6201e+06 76.201 8.4946e+09
1e+12 7.64941e+06 76.4941 8.42947e+09
1e+12 7.67883e+06 76.7883 8.36484e+09
1e+12 7.70837e+06 77.0837 8.30069e+09
1e+12 7.73801e+06 77.3801 8.23706e+09
1e+12 7.76778e+06 77.6778 8.17388e+09
1e+12 7.79765e+06 77.9765 8.11122e+09
1e+12 7.82765e+06 78.2765 8.04901e+09
1e+12 7.85775e+06 78.5775 7.9873e+09
1e+12 7.88798e+06 78.8798 7.92604e+09
1e+12 7.91832e+06 79.1832 7.86526e+09
1e+12 7.94877e+06 79.4877 7.80496e+09
1e+12 7.97935e+06 79.7935 7.74509e+09
1e+12 8.01004e+06 80.1004 7.6857e+09
1e+12 8.04085e+06 80.4085 7.62676e+09
1e+12 8.07177e+06 80.7177 7.56829e+09
1e+12 8.10282e+06 81.0282 7.51024e+09
1e+12 8.13399e+06 81.3399 7.45264e+09
1e+12 8.16527e+06 81.6527 7.3955e+09
1e+12 8.19668e+06 81.9668 7.33878e+09
1e+12 8.2282e+06 82.282 7.28251e+09
1e+12 8.25985e+06 82.5985 7.22665e+09
1e+12 8.29162e+06 82.9162 7.17123e+09
1e+12 8.32352e+06 83.2352 7.11622e+09
1e+12 8.35553e+06 83.5553 7.06165e+09
1e+12 8.38767e+06 83.8767 7.00749e+09
1e+12 8.41993e+06 84.1993 6.95374e+09
1e+12 8.45231e+06 84.5231 6.90042e+09
1e+12 8.48482e+06 84.8482 6.8475e+09
1e+12 8.51746e+06 85.1746 6.79497e+09
1e+12 8.55022e+06 85.5022 6.74286e+09
1e+12 8.58311e+06 85.8311 6.69113e+09
1e+12 8.61612e+06 86.1612 6.63982e+09
1e+12 8.64926e+06 86.4926 6.58889e+09
1e+12 8.68253e+06 86.8253 6.53835e+09
1e+12 8.71592e+06 87.1592 6.48821e+09
1e+12 8.74945e+06 87.4945 6.43843e+09
1e+12 8.7831e+06 87.831 6.38905e+09
1e+12 8.81688e+06 88.1688 6.34005e+09
1e+12 8.8508e+06 88.508 6.2914e+09
1e+12 8.88484e+06 88.8484 6.24315e+09
1e+12 8.91901e+06 89.1901 6.19526e+09
1e+12 8.95332e+06 89.5332 6.14773e+09
1e+12 8.98775e+06 89.8775 6.10058e+09
1e+12 9.02232e+06 90.2232 6.05379e+09
1e+12 9.05703e+06 90.5703 6.00734e+09
1e+12 9.09186e+06 90.9186 5.96126e+09
1e+12 9.12683e+06 91.2683 5.91553e+09
1e+12 9.16194e+06 91.6194 5.87014e+09
1e+12 9.19718e+06 91.9718 5.82511e+09
1e+12 9.23255e+06 92.3255 5.78043e+09
1e+12 9.26806e+06 92.6806 5.73609e+09
1e+12 9.30371e+06 93.0371 5.69208e+09
1e+12 9.3395e+06 93.395 5.6484e+09
1e+12 9.37542e+06 93.7542 5.60507e+09
1e+12 9.41148e+06 94.1148 5.56207e+09
1e+12 9.44768e+06 94.4768 5.5194e+09
1e+12 9.48402e+06 94.8402 5.47705e+09
1e+12 9.5205e+06 95.205 5.43503e+09
1e+12 9.55711e+06 95.5711 5.39334e+09
1e+12 9.59387e+06 95.9387 5.35196e+09
1e+12 9.63077e+06 96.3077 5.31089e+09
1e+12 9.66782e+06 96.6782 5.27014e+09
1e+12 9.705e+06 97.05 5.22971e+09
1e+12 9.74233e+06 97.4233 5.18958e+09
1e+12 9.7798e+06 97.798 5.14976e+09
1e+12 9.81742e+06 98.1742 5.11024e+09
1e+12 9.85518e+06 98.5518 5.07103e+09
1e+12 9.89309e+06 98.9309 5.03212e+09
1e+12 9.93114e+06 99.3114 4.99351e+09
1e+12 9.96934e+06 99.6934 4.95519e+09
1e+12 1.00077e+07 100.077 4.91715e+09
1e+12 1.00462e+07 100.462 4.87941e+09
1e+12 1.00848e+07 100.848 4.84201e+09
1e+12 1.01236e+07 101.236 4.80484e+09
1e+12 1.01625e+07 101.625 4.76801e+09
1e+12 1.02016e+07 102.016 4.73141e+09
1e+12 1.02409e+07 102.409 4.69504e+09
1e+12 1.02803e+07 102.803 4.659e+09
1e+12 1.03198e+07 103.198 4.62328e+09
1e+12 1.03595e+07 103.595 4.5878e+09
1e+12 1.03993e+07 103.993 4.55263e+09
1e+12 1.04393e+07 104.393 4.51769e+09
1e+12 1.04795e+07 104.795 4.48297e+09
1e+12 1.05198e+07 105.198 4.44858e+09
1e+12 1.05603e+07 105.603 4.4144e+09
1e+12 1.06009e+07 106.009 4.38054e+09
1e+12 1.06417e+07 106.417 4.34689e+09
1e+12 1.06826e+07 106.826 4.31356e+09
1e+12 1.07237e+07 107.237 4.28044e+09
1e+12 1.07649e+07 107.649 4.24762e+09
1e+12 1.08063e+07 108.063 4.21502e+09
1e+12 1.08479e+07 108.479 4.18264e+09
1e+12 1.08896e+07 108.896 4.15056e+09
1e+12 1.09315e+07 109.315 4.11869e+09
1e+12 1.09735e+07 109.735 4.08711e+09
1e+12 1.10157e+07 110.157 4.05574e+09
1e+12 1.10581e+07 110.581 4.02459e+09
1e+12 1.11007e+07 111.007 3.99364e+09
1e+12 1.11433e+07 111.433 3.96306e+09
1e+12 1.11862e+07 111.862 3.93261e+09
1e+12 1.12292e+07 112.292 3.90244e+09
1e+12 1.12724e+07 112.724 3.87247e+09
1e+12 1.13158e+07 113.158 3.84272e+09
1e+12 1.13593e+07 113.593 3.81323e+09
1e+12 1.1403e+07 114.03 3.78395e+09
1e+12 1.14469e+07 114.469 3.75488e+09
1e+12 1.14909e+07 114.909 3.72607e+09
1e+12 1.15351e+07 115.351 3.69746e+09
1e+12 1.15794e+07 115.794 3.66912e+09
1e+12 1.1624e+07 116.24 3.64091e+09
1e+12 1.16687e+07 116.687 3.61296e+09
1e+12 1.17136e+07 117.136 3.58521e+09
1e+12 1.17586e+07 117.586 3.55772e+09
1e+12 1.18039e+07 118.039 3.53036e+09
1e+12 1.18493e+07 118.493 3.50325e+09
1e+12 1.18948e+07 118.948 3.4764e+09
1e+12 1.19406e+07 119.406 3.44968e+09
1e+12 1.19865e+07 119.865 3.42321e+09
1e+12 1.20326e+07 120.326 3.39692e+09
1e+12 1.20789e+07 120.789 3.37083e+09
1e+12 1.21254e+07 121.254 3.34492e+09
1e+12 1.2172e+07 121.72 3.31926e+09
1e+12 1.22188e+07 122.188 3.29378e+09
1e+12 1.22658e+07 122.658 3.26848e+09
1e+12 1.2313e+07 123.13 3.24337e+09
1e+12 1.23603e+07 123.603 3.2185e+09
1e+12 1.24079e+07 124.079 3.19375e+09
1e+12 1.24556e+07 124.556 3.16924e+09
1e+12 1.25035e+07 125.035 3.1449e+09
1e+12 1.25516e+07 125.516 3.12075e+09
1e+12 1.25999e+07 125.999 3.09677e+09
1e+12 1.26484e+07 126.484 3.07297e+09
1e+12 1.2697e+07 126.97 3.04939e+09
1e+12 1.27458e+07 127.458 3.02599e+09
1e+12 1.27949e+07 127.949 3.00271e+09
1e+12 1.28441e+07 128.441 2.97966e+09
1e+12 1.28935e+07 128.935 2.95677e+09
1e+12 1.29431e+07 129.431 2.93406e+09
1e+12 1.29929e+07 129.929 2.91151e+09
1e+12 1.30428e+07 130.428 2.88918e+09
1e+12 1.3093e+07 130.93 2.86698e+09
1e+12 1.31434e+07 131.434 2.84494e+09
1e+12 1.31939e+07 131.939 2.82311e+09
1e+12 1.32447e+07 132.447 2.8014e+09
1e+12 1.32956e+07 132.956 2.7799e+09
1e+12 1.33467e+07 133.467 2.75856e+09
1e+12 1.33981e+07 133.981 2.73734e+09
1e+12 1.34496e+07 134.496 2.71633e+09
1e+12 1.35013e+07 135.013 2.69547e+09
1e+12 1.35533e+07 135.533 2.67474e+09
1e+12 1.36054e+07 136.054 2.6542e+09
1e+12 1.36577e+07 136.577 2.63382e+09
1e+12 1.37103e+07 137.103 2.61356e+09
1e+12 1.3763e+07 137.63 2.5935e+09
1e+12 1.38159e+07 138.159 2.57359e+09
1e+12 1.38691e+07 138.691 2.55379e+09
1e+12 1.39224e+07 139.224 2.53419e+09
1e+12 1.3976e+07 139.76 2.5147e+09
1e+12 1.40297e+07 140.297 2.4954e+09
1e+12 1.40837e+07 140.837 2.47621e+09
1e+12 1.41379e+07 141.379 2.45717e+09
1e+12 1.41922e+07 141.922 2.43832e+09
1e+12 1.42468e+07 142.468 2.41958e+09
1e+12 1.43016e+07 143.016 2.40099e+09
1e+12 1.43566e+07 143.566 2.38254e+09
1e+12 1.44118e+07 144.118 2.36424e+09
1e+12 1.44673e+07 144.673 2.34605e+09
1e+12 1.45229e+07 145.229 2.32803e+09
1e+12 1.45788e+07 145.788 2.31013e+09
1e+12 1.46349e+07 146.349 2.29237e+09
1e+12 1.46911e+07 146.911 2.27478e+09
1e+12 1.47477e+07 147.477 2.25727e+09
1e+12 1.48044e+07 148.044 2.23993e+09
1e+12 1.48613e+07 148.613 2.22273e+09
1e+12 1.49185e+07 149.185 2.20563e+09
1e+12 1.49759e+07 149.759 2.18868e+09
1e+12 1.50335e+07 150.335 2.17185e+09
1e+12 1.50913e+07 150.913 2.15517e+09
1e+12 1.51493e+07 151.493 2.13862e+09
1e+12 1.52076e+07 152.076 2.12217e+09
1e+12 1.52661e+07 152.661 2.10586e+09
1e+12 1.53248e+07 153.248 2.08967e+09
1e+12 1.53838e+07 153.838 2.0736e+09
1e+12 1.54429e+07 154.429 2.05768e+09
1e+12 1.55023e+07 155.023 2.04186e+09
1e+12 1.5562e+07 155.62 2.02614e+09
1e+12 1.56218e+07 156.218 2.01058e+09
1e+12 1.56819e+07 156.819 1.99512e+09
1e+12 1.57422e+07 157.422 1.97979e+09
1e+12 1.58028e+07 158.028 1.96456e+09
1e+12 1.58635e+07 158.635 1.94947e+09
1e+12 1.59246e+07 159.246 1.93446e+09
1e+12 1.59858e+07 159.858 1.9196e+09
1e+12 1.60473e+07 160.473 1.90484e+09
1e+12 1.6109e+07 161.09 1.8902e+09
1e+12 1.6171e+07 161.71 1.87566e+09
1e+12 1.62332e+07 162.332 1.86124e+09
1e+12 1.62956e+07 162.956 1.84694e+09
1e+12 1.63583e+07 163.583 1.83273e+09
1e+12 1.64212e+07 164.212 1.81864e+09
1e+12 1.64844e+07 164.844 1.80465e+09
1e+12 1.65478e+07 165.478 1.79077e+09
1e+12 1.66114e+07 166.114 1.77701e+09
1e+12 1.66753e+07 166.753 1.76335e+09
1e+12 1.67395e+07 167.395 1.74977e+09
1e+12 1.68038e+07 168.038 1.73633e+09
1e+12 1.68685e+07 168.685 1.72297e+09
1e+12 1.69334e+07 169.334 1.70971e+09
1e+12 1.69985e+07 169.985 1.69657e+09
1e+12 1.70639e+07 170.639 1.68352e+09
1e+12 1.71295e+07 171.295 1.67058e+09
1e+12 1.71954e+07 171.954 1.65773e+09
1e+12 1.72615e+07 172.615 1.64498e+09
1e+12 1.73279e+07 173.279 1.63233e+09
1e+12 1.73946e+07 173.946 1.61976e+09
1e+12 1.74615e+07 174.615 1.60731e+09
1e+12 1.75286e+07 175.286 1.59495e+09
1e+12 1.7596e+07 175.96 1.58269e+09
1e+12 1.76637e+07 176.637 1.57051e+09
1e+12 1.77317e+07 177.317 1.55842e+09
1e+12 1.77999e+07 177.999 1.54643e+09
1e+12 1.78683e+07 178.683 1.53455e+09
1e+12 1.79371e+07 179.371 1.52273e+09
1e+12 1.80061e+07 180.061 1.51101e+09
1e+12 1.80753e+07 180.753 1.4994e+09
1e+12 1.81448e+07 181.448 1.48787e+09
1e+12 1.82146e+07 182.146 1.47642e+09
1e+12 1.82847e+07 182.847 1.46505e+09
1e+12 1.8355e+07 183.55 1.45378e+09
1e+12 1.84256e+07 184.256 1.4426e+09
1e+12 1.84965e+07 184.965 1.43149e+09
1e+12 1.85676e+07 185.676 1.42049e+09
1e+12 1.8639e+07 186.39 1.40956e+09
1e+12 1.87107e+07 187.107 1.39871e+09
1e+12 1.87827e+07 187.827 1.38794e+09
1e+12 1.88549e+07 188.549 1.37727e+09
1e+12 1.89275e+07 189.275 1.36666e+09
1e+12 1.90003e+07 190.003 1.35614e+09
1e+12 1.90733e+07 190.733 1.34572e+09
1e+12 1.91467e+07 191.467 1.33536e+09
1e+12 1.92203e+07 192.203 1.32508e+09
1e+12 1.92943e+07 192.943 1.31488e+09
1e+12 1.93685e+07 193.685 1.30476e+09
1e+12 1.9443e+07 194.43 1.29472e+09
1e+12 1.95178e+07 195.178 1.28475e+09
1e+12 1.95928e+07 195.928 1.27487e+09
1e+12 1.96682e+07 196.682 1.26505e+09
1e+12 1.97438e+07 197.438 1.25532e+09
1e+12 1.98198e+07 198.198 1.24565e+09
1e+12 1.9896e+07 198.96 1.23606e+09
1e+12 1.99725e+07 199.725 1.22655e+09
1e+12 2.00494e+07 200.494 1.2171e+09
1e+12 2.01265e+07 201.265 1.20773e+09
1e+12 2.02039e+07 202.039 1.19844e+09
1e+12 2.02816e+07 202.816 1.18921e+09
1e+12 2.03596e+07 203.596 1.18006e+09
1e+12 2.04379e+07 204.379 1.17097e+09
1e+12 2.05165e+07 205.165 1.16196e+09
1e+12 2.05954e+07 205.954 1.15301e+09
1e+12 2.06747e+07 206.747 1.14413e+09
1e+12 2.07542e+07 207.542 1.13532e+09
1e+12 2.0834e+07 208.34 1.12658e+09
1e+12 2.09141e+07 209.141 1.11791e+09
1e+12 2.09946e+07 209.946 1.1093e+09
1e+12 2.10753e+07 210.753 1.10076e+09
1e+12 2.11564e+07 211.564 1.09228e+09
1e+12 2.12378e+07 212.378 1.08386e+09
1e+12 2.13195e+07 213.195 1.07552e+09
1e+12 2.14015e+07 214.015 1.06723e+09
1e+12 2.14838e+07 214.838 1.05901e+09
1e+12 2.15664e+07 215.664 1.05086e+09
1e+12 2.16494e+07 216.494 1.04276e+09
1e+12 2.17326e+07 217.326 1.03474e+09
1e+12 2.18162e+07 218.162 1.02677e+09
1e+12 2.19001e+07 219.001 1.01886e+09
1e+12 2.19844e+07 219.844 1.01101e+09
1e+12 2.20689e+07 220.689 1.00322e+09
1e+12 2.21538e+07 221.538 9.95494e+08
1e+12 2.2239e+07 222.39 9.87826e+08
1e+12 2.23246e+07 223.246 9.80211e+08
1e+12 2.24104e+07 224.104 9.72665e+08
1e+12 2.24966e+07 224.966 9.65172e+08
1e+12 2.25832e+07 225.832 9.5773e+08
1e+12 2.267e+07 226.7 9.50356e+08
1e+12 2.27572e+07 227.572 9.43034e+08
1e+12 2.28447e+07 228.447 9.3577e+08
1e+12 2.29326e+07 229.326 9.28557e+08
1e+12 2.30208e+07 230.208 9.21403e+08
1e+12 2.31094e+07 231.094 9.14299e+08
1e+12 2.31982e+07 231.982 9.0726e+08
1e+12 2.32875e+07 232.875 9.00263e+08
1e+12 2.3377e+07 233.77 8.93331e+08
1e+12 2.3467e+07 234.67 8.8644e+08
1e+12 2.35572e+07 235.572 8.79614e+08
1e+12 2.36478e+07 236.478 8.72835e+08
1e+12 2.37388e+07 237.388 8.66105e+08
1e+12 2.38301e+07 238.301 8.5943e+08
1e+12 2.39217e+07 239.217 8.5281e+08
1e+12 2.40138e+07 240.138 8.46231e+08
1e+12 2.41061e+07 241.061 8.39713e+08
1e+12 2.41988e+07 241.988 8.33241e+08
1e+12 2.42919e+07 242.919 8.26817e+08
1e+12 2.43854e+07 243.854 8.20439e+08
1e+12 2.44791e+07 244.791 8.1412e+08
1e+12 2.45733e+07 245.733 8.07841e+08
1e+12 2.46678e+07 246.678 8.01615e+08
1e+12 2.47627e+07 247.627 7.95433e+08
1e+12 2.48579e+07 248.579 7.89304e+08
1e+12 2.49536e+07 249.536 7.83212e+08
1e+12 2.50495e+07 250.495 7.77179e+08
1e+12 2.51459e+07 251.459 7.71183e+08
1e+12 2.52426e+07 252.426 7.65238e+08
1e+12 2.53397e+07 253.397 7.59337e+08
1e+12 2.54372e+07 254.372 7.53479e+08
1e+12 2.5535e+07 255.35 7.47671e+08
1e+12 2.56332e+07 256.332 7.41906e+08
1e+12 2.57318e+07 257.318 7.36184e+08
1e+12 2.58308e+07 258.308 7.30505e+08
1e+12 2.59301e+07 259.301 7.24874e+08
1e+12 2.60299e+07 260.299 7.1928e+08
1e+12 2.613e+07 261.3 7.13733e+08
1e+12 2.62305e+07 262.305 7.08229e+08
1e+12 2.63314e+07 263.314 7.02765e+08
1e+12 2.64327e+07 264.327 6.97343e+08
1e+12 2.65343e+07 265.343 6.91968e+08
1e+12 2.66364e+07 266.364 6.86628e+08
1e+12 2.67388e+07 267.388 6.81334e+08
1e+12 2.68417e+07 268.417 6.76075e+08
1e+12 2.69449e+07 269.449 6.70861e+08
1e+12 2.70486e+07 270.486 6.65682e+08
1e+12 2.71526e+07 271.526 6.60548e+08
1e+12 2.7257e+07 272.57 6.55453e+08
1e+12 2.73619e+07 273.619 6.50393e+08
1e+12 2.74671e+07 274.671 6.45377e+08
1e+12 2.75728e+07 275.728 6.40394e+08
1e+12 2.76788e+07 276.788 6.35455e+08
1e+12 2.77853e+07 277.853 6.3055e+08
1e+12 2.78921e+07 278.921 6.25687e+08
1e+12 2.79994e+07 279.994 6.20858e+08
1e+12 2.81071e+07 281.071 6.16066e+08
1e+12 2.82152e+07 282.152 6.11311e+08
1e+12 2.83237e+07 283.237 6.06594e+08
1e+12 2.84327e+07 284.327 6.0191e+08
1e+12 2.8542e+07 285.42 5.97267e+08
1e+12 2.86518e+07 286.518 5.92656e+08
1e+12 2.8762e+07 287.62 5.88081e+08
1e+12 2.88727e+07 288.727 5.83538e+08
1e+12 2.89837e+07 289.837 5.79036e+08
1e+12 2.90952e+07 290.952 5.74565e+08
1e+12 2.92071e+07 292.071 5.7013e+08
1e+12 2.93194e+07 293.194 5.65729e+08
1e+12 2.94322e+07 294.322 5.61361e+08
1e+12 2.95454e+07 295.454 5.57026e+08
1e+12 2.96591e+07 296.591 5.52723e+08
1e+12 2.97731e+07 297.731 5.48458e+08
1e+12 2.98877e+07 298.877 5.4422e+08
1e+12 3.00026e+07 300.026 5.4002e+08
1e+12 3.0118e+07 301.18 5.35849e+08
1e+12 3.02339e+07 302.339 5.31709e+08
1e+12 3.03501e+07 303.501 5.27606e+08
1e+12 3.04669e+07 304.669 5.23529e+08
1e+12 3.05841e+07 305.841 5.19485e+08
1e+12 3.07017e+07 307.017 5.15474e+08
1e+12 3.08198e+07 308.198 5.11492e+08
1e+12 3.09383e+07 309.383 5.07542e+08
1e+12 3.10573e+07 310.573 5.03622e+08
1e+12 3.11768e+07 311.768 4.9973e+08
1e+12 3.12967e+07 312.967 4.9587e+08
1e+12 3.14171e+07 314.171 4.92038e+08
1e+12 3.15379e+07 315.379 4.88238e+08
1e+12 3.16592e+07 316.592 4.84466e+08
1e+12 3.1781e+07 317.81 4.80722e+08
1e+12 3.19032e+07 319.032 4.77009e+08
1e+12 3.20259e+07 320.259 4.73323e+08
1e+12 3.21491e+07 321.491 4.69665e+08
1e+12 3.22728e+07 322.728 4.66034e+08
1e+12 3.23969e+07 323.969 4.62434e+08
1e+12 3.25215e+07 325.215 4.5886e+08
1e+12 3.26466e+07 326.466 4.55314e+08
1e+12 3.27722e+07 327.722 4.51794e+08
1e+12 3.28982e+07 328.982 4.48303e+08
1e+12 3.30248e+07 330.248 4.44837e+08
1e+12 3.31518e+07 331.518 4.41399e+08
1e+12 3.32793e+07 332.793 4.37987e+08
1e+12 3.34073e+07 334.073 4.34601e+08
1e+12 3.35358e+07 335.358 4.31242e+08
1e+12 3.36648e+07 336.648 4.27907e+08
1e+12 3.37943e+07 337.943 4.24599e+08
1e+12 3.39242e+07 339.242 4.21318e+08
1e+12 3.40547e+07 340.547 4.1806e+08
1e+12 3.41857e+07 341.857 4.14827e+08
1e+12 3.43172e+07 343.172 4.11619e+08
1e+12 3.44492e+07 344.492 4.08436e+08
1e+12 3.45817e+07 345.817 4.05278e+08
1e+12 3.47147e+07 347.147 4.02144e+08
1e+12 3.48482e+07 348.482 3.99034e+08
1e+12 3.49823e+07 349.823 3.95947e+08
1e+12 3.51168e+07 351.168 3.92886e+08
1e+12 3.52519e+07 352.519 3.89846e+08
1e+12 3.53875e+07 353.875 3.8683e+08
1e+12 3.55236e+07 355.236 3.83838e+08
1e+12 3.56602e+07 356.602 3.8087e+08
1e+12 3.57974e+07 357.974 3.77923e+08
1e+12 3.59351e+07 359.351 3.74999e+08
1e+12 3.60733e+07 360.733 3.72098e+08
1e+12 3.6212e+07 362.12 3.6922e+08
1e+12 3.63513e+07 363.513 3.66363e+08
1e+12 3.64911e+07 364.911 3.63528e+08
1e+12 3.66315e+07 366.315 3.60715e+08
1e+12 3.67724e+07 367.724 3.57923e+08
1e+12 3.69138e+07 369.138 3.55154e+08
1e+12 3.70558e+07 370.558 3.52405e+08
1e+12 3.71983e+07 371.983 3.49678e+08
1e+12 3.73414e+07 373.414 3.46972e+08
1e+12 3.7485e+07 374.85 3.44287e+08
1e+12 3.76292e+07 376.292 3.41621e+08
1e+12 3.77739e+07 377.739 3.38978e+08
1e+12 3.79192e+07 379.192 3.36353e+08
1e+12 3.80651e+07 380.651 3.33749e+08
1e+12 3.82115e+07 382.115 3.31165e+08
1e+12 3.83585e+07 383.585 3.28601e+08
1e+12 3.8506e+07 385.06 3.26057e+08
1e+12 3.86541e+07 386.541 3.23533e+08
1e+12 3.88028e+07 388.028 3.21027e+08
1e+12 3.8952e+07 389.52 3.18542e+08
1e+12 3.91019e+07 391.019 3.16074e+08
1e+12 3.92523e+07 392.523 3.13626e+08
1e+12 3.94032e+07 394.032 3.11199e+08
1e+12 3.95548e+07 395.548 3.08788e+08
1e+12 3.97069e+07 397.069 3.06397e+08
1e+12 3.98597e+07 398.597 3.04022e+08
1e+12 4.0013e+07 400.13 3.01668e+08
1e+12 4.01669e+07 401.669 2.99331e+08
1e+12 4.03214e+07 403.214 2.97012e+08
1e+12 4.04764e+07 404.764 2.94712e+08
1e+12 4.06321e+07 406.321 2.92429e+08
1e+12 4.07884e+07 407.884 2.90163e+08
1e+12 4.09453e+07 409.453 2.87914e+08
1e+12 4.11028e+07 411.028 2.85683e+08
1e+12 4.12609e+07 412.609 2.83469e+08
1e+12 4.14196e+07 414.196 2.81273e+08
1e+12 4.15789e+07 415.789 2.79093e+08
1e+12 4.17388e+07 417.388 2.7693e+08
1e+12 4.18994e+07 418.994 2.74783e+08
1e+12 4.20605e+07 420.605 2.72654e+08
1e+12 4.22223e+07 422.223 2.70541e+08
1e+12 4.23847e+07 423.847 2.68444e+08
1e+12 4.25477e+07 425.477 2.66363e+08
1e+12 4.27114e+07 427.114 2.64297e+08
1e+12 4.28757e+07 428.757 2.62248e+08
1e+12 4.30406e+07 430.406 2.60215e+08
1e+12 4.32061e+07 432.061 2.58198e+08
1e+12 4.33723e+07 433.723 2.56196e+08
1e+12 4.35391e+07 435.391 2.54209e+08
1e+12 4.37066e+07 437.066 2.52238e+08
1e+12 4.38747e+07 438.747 2.50282e+08
1e+12 4.40434e+07 440.434 2.48341e+08
1e+12 4.42129e+07 442.129 2.46414e+08
1e+12 4.43829e+07 443.829 2.44503e+08
1e+12 4.45536e+07 445.536 2.42607e+08
1e+12 4.4725e+07 447.25 2.40725e+08
1e+12 4.4897e+07 448.97 2.38857e+08
1e+12 4.50697e+07 450.697 2.37004e+08
1e+12 4.5243e+07 452.43 2.35166e+08
1e+12 4.54171e+07 454.171 2.33341e+08
1e+12 4.55918e+07 455.918 2.3153e+08
1e+12 4.57671e+07 457.671 2.29734e+08
1e+12 4.59431e+07 459.431 2.27952e+08
1e+12 4.61199e+07 461.199 2.26182e+08
1e+12 4.62972e+07 462.972 2.24427e+08
1e+12 4.64753e+07 464.753 2.22685e+08
1e+12 4.66541e+07 466.541 2.20956e+08
1e+12 4.68335e+07 468.335 2.19242e+08
1e+12 4.70137e+07 470.137 2.17539e+08
1e+12 4.71945e+07 471.945 2.15851e+08
1e+12 4.7376e+07 473.76 2.14175e+08
1e+12 4.75582e+07 475.582 2.12513e+08
1e+12 4.77412e+07 477.412 2.10862e+08
1e+12 4.79248e+07 479.248 2.09225e+08
1e+12 4.81091e+07 481.091 2.07601e+08
1e+12 4.82942e+07 482.942 2.05988e+08
1e+12 4.84799e+07 484.799 2.04389e+08
1e+12 4.86664e+07 486.664 2.02801e+08
1e+12 4.88536e+07 488.536 2.01226e+08
1e+12 4.90415e+07 490.415 1.99663e+08
1e+12 4.92301e+07 492.301 1.98112e+08
1e+12 4.94195e+07 494.195 1.96573e+08
1e+12 4.96095e+07 496.095 1.95047e+08
1e+12 4.98004e+07 498.004 1.93531e+08
1e+12 4.99919e+07 499.919 1.92027e+08
1e+12 5.01842e+07 501.842 1.90535e+08
1e+12 5.03772e+07 503.772 1.89055e+08
1e+12 5.0571e+07 505.71 1.87585e+08
1e+12 5.07655e+07 507.655 1.86128e+08
1e+12 5.09607e+07 509.607 1.84682e+08
1e+12 5.11568e+07 511.568 1.83246e+08
1e+12 5.13535e+07 513.535 1.81822e+08
1e+12 5.1551e+07 515.51 1.80409e+08
1e+12 5.17493e+07 517.493 1.79006e+08
1e+12 5.19484e+07 519.484 1.77614e+08
1e+12 5.21482e+07 521.482 1.76233e+08
1e+12 5.23487e+07 523.487 1.74864e+08
1e+12 5.25501e+07 525.501 1.73504e+08
1e+12 5.27522e+07 527.522 1.72155e+08
1e+12 5.29551e+07 529.551 1.70816e+08
1e+12 5.31588e+07 531.588 1.69487e+08
1e+12 5.33633e+07 533.633 1.68169e+08
1e+12 5.35685e+07 535.685 1.66861e+08
1e+12 5.37746e+07 537.746 1.65563e+08
1e+12 5.39814e+07 539.814 1.64275e+08
1e+12 5.4189e+07 541.89 1.62998e+08
1e+12 5.43974e+07 543.974 1.6173e+08
1e+12 5.46067e+07 546.067 1.60471e+08
1e+12 5.48167e+07 548.167 1.59222e+08
1e+12 5.50276e+07 550.276 1.57983e+08
1e+12 5.52392e+07 552.392 1.56754e+08
1e+12 5.54517e+07 554.517 1.55534e+08
1e+12 5.5665e+07 556.65 1.54323e+08
1e+12 5.58791e+07 558.791 1.53122e+08
1e+12 5.6094e+07 560.94 1.51931e+08
1e+12 5.63097e+07 563.097 1.50748e+08
1e+12 5.65263e+07 565.263 1.49575e+08
1e+12 5.67437e+07 567.437 1.4841e+08
1e+12 5.6962e+07 569.62 1.47255e+08
1e+12 5.71811e+07 571.811 1.46108e+08
1e+12 5.7401e+07 574.01 1.4497e+08
1e+12 5.76218e+07 576.218 1.43841e+08
1e+12 5.78434e+07 578.434 1.42721e+08
1e+12 5.80659e+07 580.659 1.4161e+08
1e+12 5.82893e+07 582.893 1.40506e+08
1e+12 5.85135e+07 585.135 1.39412e+08
1e+12 5.87385e+07 587.385 1.38326e+08
1e+12 5.89644e+07 589.644 1.37249e+08
1e+12 5.91912e+07 591.912 1.36179e+08
1e+12 5.94189e+07 594.189 1.35118e+08
1e+12 5.96474e+07 596.474 1.34066e+08
1e+12 5.98769e+07 598.769 1.33021e+08
1e+12 6.01072e+07 601.072 1.31984e+08
1e+12 6.03384e+07 603.384 1.30955e+08
1e+12 6.05704e+07 605.704 1.29935e+08
1e+12 6.08034e+07 608.034 1.28922e+08
1e+12 6.10373e+07 610.373 1.27917e+08
1e+12 6.12721e+07 612.721 1.2692e+08
1e+12 6.15077e+07 615.077 1.2593e+08
1e+12 6.17443e+07 617.443 1.24948e+08
1e+12 6.19818e+07 619.818 1.23974e+08
1e+12 6.22202e+07 622.202 1.23007e+08
1e+12 6.24595e+07 624.595 1.22048e+08
1e+12 6.26997e+07 626.997 1.21096e+08
1e+12 6.29409e+07 629.409 1.20152e+08
1e+12 6.3183e+07 631.83 1.19214e+08
1e+12 6.3426e+07 634.26 1.18285e+08
1e+12 6.367e+07 636.7 1.17362e+08
1e+12 6.39149e+07 639.149 1.16446e+08
1e+12 6.41607e+07 641.607 1.15538e+08
1e+12 6.44075e+07 644.075 1.14636e+08
1e+12 6.46552e+07 646.552 1.13741e+08
1e+12 6.49039e+07 649.039 1.12854e+08
1e+12 6.51535e+07 651.535 1.11973e+08
1e+12 6.54041e+07 654.041 1.11099e+08
1e+12 6.56557e+07 656.557 1.10232e+08
1e+12 6.59082e+07 659.082 1.09371e+08
1e+12 6.61617e+07 661.617 1.08517e+08
1e+12 6.64162e+07 664.162 1.0767e+08
1e+12 6.66717e+07 666.717 1.06829e+08
1e+12 6.69281e+07 669.281 1.05995e+08
1e+12 6.71855e+07 671.855 1.05168e+08
1e+12 6.74439e+07 674.439 1.04346e+08
1e+12 6.77034e+07 677.034 1.03531e+08
1e+12 6.79638e+07 679.638 1.02722e+08
1e+12 6.82252e+07 682.252 1.0192e+08
1e+12 6.84876e+07 684.876 1.01124e+08
1e+12 6.8751e+07 687.51 1.00334e+08
1e+12 6.90154e+07 690.154 9.95498e+07
1e+12 6.92809e+07 692.809 9.87717e+07
1e+12 6.95474e+07 695.474 9.79998e+07
1e+12 6.98149e+07 698.149 9.72338e+07
1e+12 7.00834e+07 700.834 9.64739e+07
1e+12 7.0353e+07 703.53 9.57197e+07
1e+12 7.06236e+07 706.236 9.49714e+07
1e+12 7.08952e+07 708.952 9.42291e+07
1e+12 7.11679e+07 711.679 9.34923e+07
1e+12 7.14416e+07 714.416 9.27613e+07
1e+12 7.17164e+07 717.164 9.20359e+07
1e+12 7.19923e+07 719.923 9.1316e+07
1e+12 7.22692e+07 722.692 9.06018e+07
1e+12 7.25471e+07 725.471 8.98933e+07
1e+12 7.28262e+07 728.262 8.919e+07
1e+12 7.31063e+07 731.063 8.84923e+07
1e+12 7.33875e+07 733.875 8.77999e+07
1e+12 7.36697e+07 736.697 8.71131e+07
1e+12 7.39531e+07 739.531 8.64313e+07
1e+12 7.42375e+07 742.375 8.57551e+07
1e+12 7.45231e+07 745.231 8.50838e+07
1e+12 7.48097e+07 748.097 8.44179e+07
1e+12 7.50975e+07 750.975 8.3757e+07
1e+12 7.53863e+07 753.863 8.31014e+07
1e+12 7.56763e+07 756.763 8.24507e+07
1e+12 7.59673e+07 759.673 8.18054e+07
1e+12 7.62595e+07 762.595 8.11648e+07
1e+12 7.65528e+07 765.528 8.05292e+07
1e+12 7.68473e+07 768.473 7.98984e+07
1e+12 7.71429e+07 771.429 7.92726e+07
1e+12 7.74396e+07 774.396 7.86517e+07
1e+12 7.77374e+07 777.374 7.80357e+07
1e+12 7.80364e+07 780.364 7.74243e+07
1e+12 7.83366e+07 783.366 7.68176e+07
1e+12 7.86379e+07 786.379 7.62157e+07
1e+12 7.89404e+07 789.404 7.56184e+07
1e+12 7.9244e+07 792.44 7.50258e+07
1e+12 7.95488e+07 795.488 7.44378e+07
1e+12 7.98548e+07 798.548 7.38542e+07
1e+12 8.01619e+07 801.619 7.32753e+07
1e+12 8.04702e+07 804.702 7.27009e+07
1e+12 8.07797e+07 807.797 7.21309e+07
1e+12 8.10904e+07 810.904 7.15653e+07
1e+12 8.14023e+07 814.023 7.10041e+07
1e+12 8.17154e+07 817.154 7.04472e+07
1e+12 8.20297e+07 820.297 6.98947e+07
1e+12 8.23452e+07 823.452 6.93465e+07
1e+12 8.2662e+07 826.62 6.88023e+07
1e+12 8.29799e+07 829.799 6.82626e+07
1e+12 8.32991e+07 832.991 6.77269e+07
1e+12 8.36195e+07 836.195 6.71955e+07
1e+12 8.39411e+07 839.411 6.66682e+07
1e+12 8.4264e+07 842.64 6.61449e+07
1e+12 8.45881e+07 845.881 6.56257e+07
1e+12 8.49134e+07 849.134 6.51106e+07
1e+12 8.524e+07 852.4 6.45994e+07
1e+12 8.55679e+07 855.679 6.40922e+07
1e+12 8.5897e+07 858.97 6.35889e+07
1e+12 8.62274e+07 862.274 6.30896e+07
1e+12 8.6559e+07 865.59 6.25942e+07
1e+12 8.6892e+07 868.92 6.21024e+07
1e+12 8.72262e+07 872.262 6.16146e+07
1e+12 8.75617e+07 875.617 6.11305e+07
1e+12 8.78985e+07 878.985 6.06502e+07
1e+12 8.82366e+07 882.366 6.01737e+07
1e+12 8.85759e+07 885.759 5.97009e+07
1e+12 8.89166e+07 889.166 5.92317e+07
1e+12 8.92586e+07 892.586 5.87662e+07
1e+12 8.96019e+07 896.019 5.83042e+07
1e+12 8.99466e+07 899.466 5.78458e+07
1e+12 9.02925e+07 902.925 5.73911e+07
1e+12 9.06398e+07 906.398 5.69398e+07
1e+12 9.09885e+07 909.885 5.6492e+07
1e+12 9.13384e+07 913.384 5.60478e+07
1e+12 9.16897e+07 916.897 5.5607e+07
1e+12 9.20424e+07 920.424 5.51695e+07
1e+12 9.23964e+07 923.964 5.47355e+07
1e+12 9.27518e+07 927.518 5.43049e+07
1e+12 9.31086e+07 931.086 5.38775e+07
1e+12 9.34667e+07 934.667 5.34535e+07
1e+12 9.38262e+07 938.262 5.30329e+07
1e+12 9.41871e+07 941.871 5.26154e+07
1e+12 9.45494e+07 945.494 5.22012e+07
1e+12 9.4913e+07 949.13 5.17903e+07
1e+12 9.52781e+07 952.781 5.13825e+07
1e+12 9.56445e+07 956.445 5.0978e+07
1e+12 9.60124e+07 960.124 5.05765e+07
1e+12 9.63817e+07 963.817 5.01782e+07
1e+12 9.67524e+07 967.524 4.97829e+07
1e+12 9.71246e+07 971.246 4.93907e+07
1e+12 9.74981e+07 974.981 4.90017e+07
1e+12 9.78731e+07 978.731 4.86156e+07
1e+12 9.82496e+07 982.496 4.82324e+07
1e+12 9.86275e+07 986.275 4.78523e+07
1e+12 9.90068e+07 990.068 4.74752e+07
1e+12 9.93877e+07 993.877 4.71009e+07
1e+12 9.97699e+07 997.699 4.67296e+07
1e+12 1.00154e+08 1001.54 4.63609e+07
1e+12 1.00539e+08 1005.39 4.59955e+07
1e+12 1.00926e+08 1009.26 4.56325e+07
1e+12 1.01314e+08 1013.14 4.52728e+07
1e+12 1.01703e+08 1017.03 4.49163e+07
1e+12 1.02095e+08 1020.95 4.45612e+07
1e+12 1.02487e+08 1024.87 4.42102e+07
1e+12 1.02882e+08 1028.82 4.38607e+07
1e+12 1.03277e+08 1032.77 4.35152e+07
1e+12 1.03674e+08 1036.74 4.3172e+07
1e+12 1.04073e+08 1040.73 4.2831e+07
1e+12 1.04474e+08 1044.74 4.24923e+07
1e+12 1.04875e+08 1048.75 4.21575e+07
1e+12 1.05279e+08 1052.79 4.18241e+07
1e+12 1.05684e+08 1056.84 4.14938e+07
1e+12 1.0609e+08 1060.9 4.11665e+07
1e+12 1.06498e+08 1064.98 4.08414e+07
1e+12 1.06908e+08 1069.08 4.05185e+07
1e+12 1.07319e+08 1073.19 4.01985e+07
1e+12 1.07732e+08 1077.32 3.98807e+07
1e+12 1.08146e+08 1081.46 3.95659e+07
1e+12 1.08562e+08 1085.62 3.92531e+07
1e+12 1.0898e+08 1089.8 3.89425e+07
1e+12 1.09399e+08 1093.99 3.86348e+07
1e+12 1.0982e+08 1098.2 3.83292e+07
1e+12 1.10242e+08 1102.42 3.80264e+07
1e+12 1.10666e+08 1106.66 3.77257e+07
1e+12 1.11092e+08 1110.92 3.74271e+07
1e+12 1.11519e+08 1115.19 3.71313e+07
1e+12 1.11948e+08 1119.48 3.68375e+07
1e+12 1.12379e+08 1123.79 3.65458e+07
1e+12 1.12811e+08 1128.11 3.62568e+07
1e+12 1.13245e+08 1132.45 3.59698e+07
1e+12 1.1368e+08 1136.8 3.56855e+07
1e+12 1.14118e+08 1141.18 3.54025e+07
1e+12 1.14556e+08 1145.56 3.51228e+07
1e+12 1.14997e+08 1149.97 3.48445e+07
1e+12 1.15439e+08 1154.39 3.45688e+07
1e+12 1.15883e+08 1158.83 3.4295e+07
1e+12 1.16329e+08 1163.29 3.40232e+07
1e+12 1.16777e+08 1167.77 3.37534e+07
1e+12 1.17226e+08 1172.26 3.34861e+07
1e+12 1.17677e+08 1176.77 3.32207e+07
1e+12 1.18129e+08 1181.29 3.29578e+07
1e+12 1.18584e+08 1185.84 3.26962e+07
1e+12 1.1904e+08 1190.4 3.24371e+07
1e+12 1.19498e+08 1194.98 3.21799e+07
1e+12 1.19957e+08 1199.57 3.19251e+07
1e+12 1.20419e+08 1204.19 3.16716e+07
1e+12 1.20882e+08 1208.82 3.14205e+07
1e+12 1.21347e+08 1213.47 3.11713e+07
1e+12 1.21813e+08 1218.13 3.09244e+07
1e+12 1.22282e+08 1222.82 3.06788e+07
1e+12 1.22752e+08 1227.52 3.04355e+07
1e+12 1.23224e+08 1232.24 3.01941e+07
1e+12 1.23698e+08 1236.98 2.99544e+07
1e+12 1.24174e+08 1241.74 2.97165e+07
1e+12 1.24652e+08 1246.52 2.94804e+07
1e+12 1.25131e+08 1251.31 2.92466e+07
1e+12 1.25613e+08 1256.13 2.9014e+07
1e+12 1.26096e+08 1260.96 2.87836e+07
1e+12 1.26581e+08 1265.81 2.8555e+07
1e+12 1.27068e+08 1270.68 2.83281e+07
1e+12 1.27556e+08 1275.56 2.81034e+07
1e+12 1.28047e+08 1280.47 2.78799e+07
1e+12 1.28539e+08 1285.39 2.76585e+07
1e+12 1.29034e+08 1290.34 2.74384e+07
1e+12 1.2953e+08 1295.3 2.72204e+07
1e+12 1.30028e+08 1300.28 2.70041e+07
1e+12 1.30528e+08 1305.28 2.67894e+07
1e+12 1.31031e+08 1310.31 2.6576e+07
1e+12 1.31535e+08 1315.35 2.63646e+07
1e+12 1.3204e+08 1320.4 2.61552e+07
1e+12 1.32548e+08 1325.48 2.59471e+07
1e+12 1.33058e+08 1330.58 2.57405e+07
1e+12 1.3357e+08 1335.7 2.55356e+07
1e+12 1.34084e+08 1340.84 2.53322e+07
1e+12 1.34599e+08 1345.99 2.51308e+07
1e+12 1.35117e+08 1351.17 2.49306e+07
1e+12 1.35637e+08 1356.37 2.4732e+07
1e+12 1.36158e+08 1361.58 2.45353e+07
1e+12 1.36682e+08 1366.82 2.43397e+07
1e+12 1.37208e+08 1372.08 2.41457e+07
1e+12 1.37736e+08 1377.36 2.39533e+07
1e+12 1.38265e+08 1382.65 2.37627e+07
1e+12 1.38797e+08 1387.97 2.35732e+07
1e+12 1.39331e+08 1393.31 2.33853e+07
1e+12 1.39867e+08 1398.67 2.31988e+07
1e+12 1.40405e+08 1404.05 2.30138e+07
1e+12 1.40945e+08 1409.45 2.28303e+07
1e+12 1.41487e+08 1414.87 2.26482e+07
1e+12 1.42031e+08 1420.31 2.24676e+07
1e+12 1.42578e+08 1425.78 2.22882e+07
1e+12 1.43126e+08 1431.26 2.21104e+07
1e+12 1.43677e+08 1436.77 2.19338e+07
1e+12 1.44229e+08 1442.29 2.17589e+07
1e+12 1.44784e+08 1447.84 2.15852e+07
1e+12 1.45341e+08 1453.41 2.14128e+07
1e+12 1.459e+08 1459 2.12418e+07
1e+12 1.46461e+08 1464.61 2.10722e+07
1e+12 1.47024e+08 1470.24 2.0904e+07
1e+12 1.4759e+08 1475.9 2.07368e+07
1e+12 1.48157e+08 1481.57 2.05713e+07
1e+12 1.48727e+08 1487.27 2.04069e+07
1e+12 1.49299e+08 1492.99 2.02438e+07
1e+12 1.49874e+08 1498.74 2.00818e+07
1e+12 1.5045e+08 1504.5 1.99213e+07
1e+12 1.51029e+08 1510.29 1.97619e+07
1e+12 1.5161e+08 1516.1 1.96039e+07
1e+12 1.52193e+08 1521.93 1.94471e+07
1e+12 1.52778e+08 1527.78 1.92916e+07
1e+12 1.53366e+08 1533.66 1.91371e+07
1e+12 1.53956e+08 1539.56 1.89839e+07
1e+12 1.54548e+08 1545.48 1.8832e+07
1e+12 1.55142e+08 1551.42 1.86814e+07
1e+12 1.55739e+08 1557.39 1.85317e+07
1e+12 1.56338e+08 1563.38 1.83833e+07
1e+12 1.56939e+08 1569.39 1.82362e+07
1e+12 1.57543e+08 1575.43 1.809e+07
1e+12 1.58149e+08 1581.49 1.79451e+07
1e+12 1.58757e+08 1587.57 1.78013e+07
1e+12 1.59368e+08 1593.68 1.76586e+07
1e+12 1.59981e+08 1599.81 1.7517e+07
1e+12 1.60596e+08 1605.96 1.73766e+07
1e+12 1.61214e+08 1612.14 1.72372e+07
1e+12 1.61834e+08 1618.34 1.7099e+07
1e+12 1.62456e+08 1624.56 1.6962e+07
1e+12 1.63081e+08 1630.81 1.68259e+07
1e+12 1.63709e+08 1637.09 1.66907e+07
1e+12 1.64338e+08 1643.38 1.65569e+07
1e+12 1.6497e+08 1649.7 1.6424e+07
1e+12 1.65605e+08 1656.05 1.6292e+07
1e+12 1.66242e+08 1662.42 1.61612e+07
1e+12 1.66881e+08 1668.81 1.60315e+07
1e+12 1.67523e+08 1675.23 1.59027e+07
1e+12 1.68167e+08 1681.67 1.5775e+07
1e+12 1.68814e+08 1688.14 1.56482e+07
1e+12 1.69464e+08 1694.64 1.55224e+07
1e+12 1.70115e+08 1701.15 1.53977e+07
1e+12 1.7077e+08 1707.7 1.52738e+07
1e+12 1.71427e+08 1714.27 1.5151e+07
1e+12 1.72086e+08 1720.86 1.50292e+07
1e+12 1.72748e+08 1727.48 1.49083e+07
1e+12 1.73412e+08 1734.12 1.47884e+07
1e+12 1.74079e+08 1740.79 1.46695e+07
1e+12 1.74749e+08 1747.49 1.45513e+07
1e+12 1.75421e+08 1754.21 1.44342e+07
1e+12 1.76096e+08 1760.96 1.4318e+07
1e+12 1.76773e+08 1767.73 1.42027e+07
1e+12 1.77453e+08 1774.53 1.40883e+07
1e+12 1.78135e+08 1781.35 1.39749e+07
1e+12 1.78821e+08 1788.21 1.38622e+07
1e+12 1.79508e+08 1795.08 1.37506e+07
1e+12 1.80199e+08 1801.99 1.36397e+07
1e+12 1.80892e+08 1808.92 1.35298e+07
1e+12 1.81588e+08 1815.88 1.34207e+07
1e+12 1.82286e+08 1822.86 1.33125e+07
1e+12 1.82987e+08 1829.87 1.32052e+07
1e+12 1.83691e+08 1836.91 1.30986e+07
1e+12 1.84398e+08 1843.98 1.29929e+07
1e+12 1.85107e+08 1851.07 1.28881e+07
1e+12 1.85819e+08 1858.19 1.2784e+07
1e+12 1.86534e+08 1865.34 1.26808e+07
1e+12 1.87251e+08 1872.51 1.25785e+07
1e+12 1.87971e+08 1879.71 1.24769e+07
1e+12 1.88694e+08 1886.94 1.23761e+07
1e+12 1.8942e+08 1894.2 1.22761e+07
1e+12 1.90149e+08 1901.49 1.21768e+07
1e+12 1.9088e+08 1908.8 1.20785e+07
1e+12 1.91614e+08 1916.14 1.19809e+07
1e+12 1.92351e+08 1923.51 1.1884e+07
1e+12 1.93091e+08 1930.91 1.17879e+07
1e+12 1.93834e+08 1938.34 1.16925e+07
1e+12 1.94579e+08 1945.79 1.1598e+07
1e+12 1.95328e+08 1953.28 1.1504e+07
1e+12 1.96079e+08 1960.79 1.1411e+07
1e+12 1.96833e+08 1968.33 1.13186e+07
1e+12 1.9759e+08 1975.9 1.1227e+07
1e+12 1.9835e+08 1983.5 1.11361e+07
1e+12 1.99113e+08 1991.13 1.10459e+07
1e+12 1.99879e+08 1998.79 1.09564e+07
1e+12 2.00648e+08 2006.48 1.08676e+07
1e+12 2.01419e+08 2014.19 1.07796e+07
1e+12 2.02194e+08 2021.94 1.06922e+07
1e+12 2.02972e+08 2029.72 1.06054e+07
1e+12 2.03753e+08 2037.53 1.05194e+07
1e+12 2.04536e+08 2045.36 1.04342e+07
1e+12 2.05323e+08 2053.23 1.03495e+07
1e+12 2.06113e+08 2061.13 1.02655e+07
1e+12 2.06905e+08 2069.05 1.01822e+07
1e+12 2.07701e+08 2077.01 1.00996e+07
1e+12 2.085e+08 2085 1.00175e+07
1e+12 2.09302e+08 2093.02 9.93618e+06
1e+12 2.10107e+08 2101.07 9.85548e+06
1e+12 2.10915e+08 2109.15 9.77542e+06
1e+12 2.11727e+08 2117.27 9.69591e+06
1e+12 2.12541e+08 2125.41 9.61714e+06
1e+12 2.13358e+08 2133.58 9.539e+06
1e+12 2.14179e+08 2141.79 9.4614e+06
1e+12 2.15003e+08 2150.03 9.38443e+06
1e+12 2.1583e+08 2158.3 9.30809e+06
1e+12 2.1666e+08 2166.6 9.23236e+06
1e+12 2.17493e+08 2174.93 9.15726e+06
1e+12 2.1833e+08 2183.3 9.08268e+06
1e+12 2.1917e+08 2191.7 9.00871e+06
1e+12 2.20013e+08 2200.13 8.93534e+06
1e+12 2.20859e+08 2208.59 8.86258e+06
1e+12 2.21708e+08 2217.08 8.79042e+06
1e+12 2.22561e+08 2225.61 8.71876e+06
1e+12 2.23417e+08 2234.17 8.6477e+06
1e+12 2.24276e+08 2242.76 8.57723e+06
1e+12 2.25139e+08 2251.39 8.50726e+06
1e+12 2.26005e+08 2260.05 8.43787e+06
1e+12 2.26874e+08 2268.74 8.36905e+06
1e+12 2.27747e+08 2277.47 8.30074e+06
1e+12 2.28623e+08 2286.23 8.23299e+06
1e+12 2.29502e+08 2295.02 8.16581e+06
1e+12 2.30385e+08 2303.85 8.09911e+06
1e+12 2.31271e+08 2312.71 8.03297e+06
1e+12 2.32161e+08 2321.61 7.96732e+06
1e+12 2.33054e+08 2330.54 7.90221e+06
1e+12 2.3395e+08 2339.5 7.83766e+06
1e+12 2.3485e+08 2348.5 7.77358e+06
1e+12 2.35753e+08 2357.53 7.71004e+06
1e+12 2.3666e+08 2366.6 7.64697e+06
1e+12 2.3757e+08 2375.7 7.58443e+06
1e+12 2.38484e+08 2384.84 7.52236e+06
1e+12 2.39401e+08 2394.01 7.46082e+06
1e+12 2.40322e+08 2403.22 7.39973e+06
1e+12 2.41246e+08 2412.46 7.33917e+06
1e+12 2.42174e+08 2421.74 7.27905e+06
1e+12 2.43106e+08 2431.06 7.21939e+06
1e+12 2.44041e+08 2440.41 7.16024e+06
1e+12 2.44979e+08 2449.79 7.1016e+06
1e+12 2.45922e+08 2459.22 7.04334e+06
1e+12 2.46868e+08 2468.68 6.98558e+06
1e+12 2.47817e+08 2478.17 6.92832e+06
1e+12 2.4877e+08 2487.7 6.8715e+06
1e+12 2.49727e+08 2497.27 6.8151e+06
1e+12 2.50688e+08 2506.88 6.75914e+06
1e+12 2.51652e+08 2516.52 6.70367e+06
1e+12 2.5262e+08 2526.2 6.64862e+06
1e+12 2.53592e+08 2535.92 6.59399e+06
1e+12 2.54567e+08 2545.67 6.53984e+06
1e+12 2.55546e+08 2555.46 6.4861e+06
1e+12 2.56529e+08 2565.29 6.43279e+06
1e+12 2.57516e+08 2575.16 6.37988e+06
1e+12 2.58506e+08 2585.06 6.32744e+06
1e+12 2.595e+08 2595 6.27541e+06
1e+12 2.60499e+08 2604.99 6.22373e+06
1e+12 2.615e+08 2615 6.17256e+06
1e+12 2.62506e+08 2625.06 6.12174e+06
1e+12 2.63516e+08 2635.16 6.07132e+06
1e+12 2.6453e+08 2645.3 6.0213e+06
1e+12 2.65547e+08 2655.47 5.97172e+06
1e+12 2.66568e+08 2665.68 5.92253e+06
1e+12 2.67594e+08 2675.94 5.87368e+06
1e+12 2.68623e+08 2686.23 5.82527e+06
1e+12 2.69656e+08 2696.56 5.77724e+06
1e+12 2.70693e+08 2706.93 5.72959e+06
1e+12 2.71734e+08 2717.34 5.68233e+06
1e+12 2.7278e+08 2727.8 5.63539e+06
1e+12 2.73829e+08 2738.29 5.58888e+06
1e+12 2.74882e+08 2748.82 5.54274e+06
1e+12 2.75939e+08 2759.39 5.49698e+06
1e+12 2.77001e+08 2770.01 5.45154e+06
1e+12 2.78066e+08 2780.66 5.4065e+06
1e+12 2.79136e+08 2791.36 5.36179e+06
1e+12 2.80209e+08 2802.09 5.31749e+06
1e+12 2.81287e+08 2812.87 5.2735e+06
1e+12 2.82369e+08 2823.69 5.22988e+06
1e+12 2.83455e+08 2834.55 5.1866e+06
1e+12 2.84545e+08 2845.45 5.14368e+06
1e+12 2.8564e+08 2856.4 5.10108e+06
1e+12 2.86738e+08 2867.38 5.05886e+06
1e+12 2.87841e+08 2878.41 5.01695e+06
1e+12 2.88948e+08 2889.48 4.97538e+06
1e+12 2.9006e+08 2900.6 4.93413e+06
1e+12 2.91175e+08 2911.75 4.89324e+06
1e+12 2.92295e+08 2922.95 4.85266e+06
1e+12 2.9342e+08 2934.2 4.81238e+06
1e+12 2.94548e+08 2945.48 4.77248e+06
1e+12 2.95681e+08 2956.81 4.73286e+06
1e+12 2.96818e+08 2968.18 4.69358e+06
1e+12 2.9796e+08 2979.6 4.65459e+06
1e+12 2.99106e+08 2991.06 4.61593e+06
1e+12 3.00257e+08 3002.57 4.57756e+06
1e+12 3.01411e+08 3014.11 4.53955e+06
1e+12 3.02571e+08 3025.71 4.50178e+06
1e+12 3.03735e+08 3037.35 4.46434e+06
1e+12 3.04903e+08 3049.03 4.42721e+06
1e+12 3.06076e+08 3060.76 4.39037e+06
1e+12 3.07253e+08 3072.53 4.35384e+06
1e+12 3.08435e+08 3084.35 4.31758e+06
1e+12 3.09621e+08 3096.21 4.28164e+06
1e+12 3.10812e+08 3108.12 4.24597e+06
1e+12 3.12007e+08 3120.07 4.2106e+06
1e+12 3.13207e+08 3132.07 4.17551e+06
1e+12 3.14412e+08 3144.12 4.14069e+06
1e+12 3.15621e+08 3156.21 4.10616e+06
1e+12 3.16835e+08 3168.35 4.07191e+06
1e+12 3.18054e+08 3180.54 4.03792e+06
1e+12 3.19277e+08 3192.77 4.00422e+06
1e+12 3.20505e+08 3205.05 3.97079e+06
1e+12 3.21738e+08 3217.38 3.93762e+06
1e+12 3.22976e+08 3229.76 3.90471e+06
1e+12 3.24218e+08 3242.18 3.87208e+06
1e+12 3.25465e+08 3254.65 3.83972e+06
1e+12 3.26717e+08 3267.17 3.8076e+06
1e+12 3.27973e+08 3279.73 3.77577e+06
1e+12 3.29235e+08 3292.35 3.74417e+06
1e+12 3.30501e+08 3305.01 3.71284e+06
1e+12 3.31772e+08 3317.72 3.68176e+06
1e+12 3.33049e+08 3330.49 3.6509e+06
1e+12 3.3433e+08 3343.3 3.62032e+06
1e+12 3.35615e+08 3356.15 3.59e+06
1e+12 3.36906e+08 3369.06 3.5599e+06
1e+12 3.38202e+08 3382.02 3.53005e+06
1e+12 3.39503e+08 3395.03 3.50044e+06
1e+12 3.40809e+08 3408.09 3.47106e+06
1e+12 3.4212e+08 3421.2 3.44193e+06
1e+12 3.43436e+08 3434.36 3.41303e+06
1e+12 3.44757e+08 3447.57 3.38436e+06
1e+12 3.46083e+08 3460.83 3.35593e+06
1e+12 3.47414e+08 3474.14 3.32773e+06
1e+12 3.4875e+08 3487.5 3.29977e+06
1e+12 3.50091e+08 3500.91 3.27203e+06
1e+12 3.51438e+08 3514.38 3.2445e+06
1e+12 3.5279e+08 3527.9 3.21719e+06
1e+12 3.54147e+08 3541.47 3.19011e+06
1e+12 3.55509e+08 3555.09 3.16325e+06
1e+12 3.56876e+08 3568.76 3.13662e+06
1e+12 3.58249e+08 3582.49 3.11019e+06
1e+12 3.59627e+08 3596.27 3.08397e+06
1e+12 3.6101e+08 3610.1 3.05798e+06
1e+12 3.62399e+08 3623.99 3.03218e+06
1e+12 3.63792e+08 3637.92 3.00662e+06
1e+12 3.65192e+08 3651.92 2.98123e+06
1e+12 3.66596e+08 3665.96 2.95608e+06
1e+12 3.68006e+08 3680.06 2.93112e+06
1e+12 3.69422e+08 3694.22 2.90635e+06
1e+12 3.70843e+08 3708.43 2.88179e+06
1e+12 3.72269e+08 3722.69 2.85743e+06
1e+12 3.73701e+08 3737.01 2.83327e+06
1e+12 3.75138e+08 3751.38 2.80931e+06
1e+12 3.76581e+08 3765.81 2.78554e+06
1e+12 3.7803e+08 3780.3 2.76195e+06
1e+12 3.79484e+08 3794.84 2.73857e+06
1e+12 3.80943e+08 3809.43 2.71538e+06
1e+12 3.82408e+08 3824.08 2.69238e+06
1e+12 3.83879e+08 3838.79 2.66956e+06
1e+12 3.85356e+08 3853.56 2.64692e+06
1e+12 3.86838e+08 3868.38 2.62447e+06
1e+12 3.88326e+08 3883.26 2.6022e+06
1e+12 3.8982e+08 3898.2 2.58011e+06
1e+12 3.91319e+08 3913.19 2.55821e+06
1e+12 3.92824e+08 3928.24 2.53648e+06
1e+12 3.94335e+08 3943.35 2.51493e+06
1e+12 3.95852e+08 3958.52 2.49355e+06
1e+12 3.97374e+08 3973.74 2.47236e+06
1e+12 3.98903e+08 3989.03 2.45132e+06
1e+12 4.00437e+08 4004.37 2.43047e+06
1e+12 4.01977e+08 4019.77 2.40979e+06
1e+12 4.03523e+08 4035.23 2.38927e+06
1e+12 4.05075e+08 4050.75 2.36892e+06
1e+12 4.06633e+08 4066.33 2.34874e+06
1e+12 4.08197e+08 4081.97 2.32872e+06
1e+12 4.09768e+08 4097.68 2.30885e+06
1e+12 4.11344e+08 4113.44 2.28916e+06
1e+12 4.12926e+08 4129.26 2.26963e+06
1e+12 4.14514e+08 4145.14 2.25026e+06
1e+12 4.16108e+08 4161.08 2.23105e+06
1e+12 4.17709e+08 4177.09 2.21198e+06
1e+12 4.19315e+08 4193.15 2.19309e+06
1e+12 4.20928e+08 4209.28 2.17434e+06
1e+12 4.22547e+08 4225.47 2.15575e+06
1e+12 4.24173e+08 4241.73 2.1373e+06
1e+12 4.25804e+08 4258.04 2.11901e+06
1e+12 4.27442e+08 4274.42 2.10087e+06
1e+12 4.29086e+08 4290.86 2.08288e+06
1e+12 4.30736e+08 4307.36 2.06504e+06
1e+12 4.32393e+08 4323.93 2.04734e+06
1e+12 4.34056e+08 4340.56 2.02979e+06
1e+12 4.35726e+08 4357.26 2.01237e+06
1e+12 4.37402e+08 4374.02 1.9951e+06
1e+12 4.39084e+08 4390.84 1.97798e+06
1e+12 4.40773e+08 4407.73 1.961e+06
1e+12 4.42468e+08 4424.68 1.94416e+06
1e+12 4.4417e+08 4441.7 1.92745e+06
1e+12 4.45878e+08 4458.78 1.91088e+06
1e+12 4.47593e+08 4475.93 1.89445e+06
1e+12 4.49315e+08 4493.15 1.87815e+06
1e+12 4.51043e+08 4510.43 1.86198e+06
1e+12 4.52778e+08 4527.78 1.84595e+06
1e+12 4.54519e+08 4545.19 1.83006e+06
1e+12 4.56268e+08 4562.68 1.81428e+06
1e+12 4.58023e+08 4580.23 1.79864e+06
1e+12 4.59784e+08 4597.84 1.78314e+06
1e+12 4.61553e+08 4615.53 1.76775e+06
1e+12 4.63328e+08 4633.28 1.75249e+06
1e+12 4.6511e+08 4651.1 1.73737e+06
1e+12 4.66899e+08 4668.99 1.72236e+06
1e+12 4.68695e+08 4686.95 1.70748e+06
1e+12 4.70498e+08 4704.98 1.69271e+06
1e+12 4.72307e+08 4723.07 1.67808e+06
1e+12 4.74124e+08 4741.24 1.66356e+06
1e+12 4.75948e+08 4759.48 1.64916e+06
1e+12 4.77778e+08 4777.78 1.63489e+06
1e+12 4.79616e+08 4796.16 1.62073e+06
1e+12 4.81461e+08 4814.61 1.60668e+06
1e+12 4.83313e+08 4833.13 1.59275e+06
1e+12 4.85172e+08 4851.72 1.57894e+06
1e+12 4.87038e+08 4870.38 1.56524e+06
1e+12 4.88911e+08 4889.11 1.55166e+06
1e+12 4.90791e+08 4907.91 1.53819e+06
1e+12 4.92679e+08 4926.79 1.52483e+06
1e+12 4.94574e+08 4945.74 1.51157e+06
1e+12 4.96476e+08 4964.76 1.49843e+06
1e+12 4.98386e+08 4983.86 1.4854e+06
1e+12 5.00303e+08 5003.03 1.47248e+06
1e+12 5.02227e+08 5022.27 1.45966e+06
1e+12 5.04159e+08 5041.59 1.44695e+06
1e+12 5.06098e+08 5060.98 1.43434e+06
1e+12 5.08045e+08 5080.45 1.42184e+06
1e+12 5.09999e+08 5099.99 1.40944e+06
1e+12 5.1196e+08 5119.6 1.39715e+06
1e+12 5.1393e+08 5139.3 1.38495e+06
1e+12 5.15906e+08 5159.06 1.37286e+06
1e+12 5.17891e+08 5178.91 1.36087e+06
1e+12 5.19883e+08 5198.83 1.34898e+06
1e+12 5.21882e+08 5218.82 1.33719e+06
1e+12 5.2389e+08 5238.9 1.32549e+06
1e+12 5.25905e+08 5259.05 1.31389e+06
1e+12 5.27927e+08 5279.27 1.3024e+06
1e+12 5.29958e+08 5299.58 1.29099e+06
1e+12 5.31996e+08 5319.96 1.27968e+06
1e+12 5.34043e+08 5340.43 1.26846e+06
1e+12 5.36097e+08 5360.97 1.25734e+06
1e+12 5.38159e+08 5381.59 1.24631e+06
1e+12 5.40229e+08 5402.29 1.23537e+06
1e+12 5.42306e+08 5423.06 1.22453e+06
1e+12 5.44392e+08 5443.92 1.21377e+06
1e+12 5.46486e+08 5464.86 1.2031e+06
1e+12 5.48588e+08 5485.88 1.19252e+06
1e+12 5.50698e+08 5506.98 1.18203e+06
1e+12 5.52816e+08 5528.16 1.17163e+06
1e+12 5.54943e+08 5549.43 1.16131e+06
1e+12 5.57077e+08 5570.77 1.15108e+06
1e+12 5.5922e+08 5592.2 1.14094e+06
1e+12 5.61371e+08 5613.71 1.13088e+06
1e+12 5.6353e+08 5635.3 1.12091e+06
1e+12 5.65697e+08 5656.97 1.11102e+06
1e+12 5.67873e+08 5678.73 1.10121e+06
1e+12 5.70057e+08 5700.57 1.09148e+06
1e+12 5.7225e+08 5722.5 1.08183e+06
1e+12 5.74451e+08 5744.51 1.07227e+06
1e+12 5.76661e+08 5766.61 1.06278e+06
1e+12 5.78879e+08 5788.79 1.05338e+06
1e+12 5.81105e+08 5811.05 1.04406e+06
1e+12 5.8334e+08 5833.4 1.03481e+06
1e+12 5.85584e+08 5855.84 1.02564e+06
1e+12 5.87836e+08 5878.36 1.01655e+06
1e+12 5.90097e+08 5900.97 1.00753e+06
1e+12 5.92367e+08 5923.67 998586
1e+12 5.94645e+08 5946.45 989722
1e+12 5.96933e+08 5969.33 980927
1e+12 5.99229e+08 5992.29 972209
1e+12 6.01533e+08 6015.33 963568
1e+12 6.03847e+08 6038.47 954995
1e+12 6.0617e+08 6061.7 946494
1e+12 6.08501e+08 6085.01 938068
1e+12 6.10842e+08 6108.42 929709
1e+12 6.13191e+08 6131.91 921424
1e+12 6.1555e+08 6155.5 913206
1e+12 6.17917e+08 6179.17 905060
1e+12 6.20294e+08 6202.94 896981
1e+12 6.2268e+08 6226.8 888969
1e+12 6.25075e+08 6250.75 881026
1e+12 6.27479e+08 6274.79 873151
1e+12 6.29892e+08 6298.92 865343
1e+12 6.32315e+08 6323.15 857599
1e+12 6.34747e+08 6347.47 849921
1e+12 6.37189e+08 6371.89 842306
1e+12 6.3964e+08 6396.4 834757
1e+12 6.421e+08 6421 827273
1e+12 6.4457e+08 6445.7 819850
1e+12 6.47049e+08 6470.49 812492
1e+12 6.49537e+08 6495.37 805198
1e+12 6.52036e+08 6520.36 797962
1e+12 6.54544e+08 6545.44 790788
1e+12 6.57061e+08 6570.61 783677
1e+12 6.59589e+08 6595.89 776623
1e+12 6.62125e+08 6621.25 769634
1e+12 6.64672e+08 6646.72 762700
1e+12 6.67229e+08 6672.29 755825
1e+12 6.69795e+08 6697.95 749010
1e+12 6.72371e+08 6723.71 742253
1e+12 6.74957e+08 6749.57 735553
1e+12 6.77554e+08 6775.54 728908
1e+12 6.8016e+08 6801.6 722321
1e+12 6.82776e+08 6827.76 715791
1e+12 6.85402e+08 6854.02 709316
1e+12 6.88038e+08 6880.38 702897
1e+12 6.90685e+08 6906.85 696530
1e+12 6.93341e+08 6933.41 690221
1e+12 6.96008e+08 6960.08 683963
1e+12 6.98685e+08 6986.85 677759
1e+12 7.01372e+08 7013.72 671609
1e+12 7.0407e+08 7040.7 665510
1e+12 7.06778e+08 7067.78 659464
1e+12 7.09497e+08 7094.97 653469
1e+12 7.12226e+08 7122.26 647525
1e+12 7.14965e+08 7149.65 641634
1e+12 7.17715e+08 7177.15 635792
1e+12 7.20475e+08 7204.75 630001
1e+12 7.23247e+08 7232.47 624257
1e+12 7.26028e+08 7260.28 618565
1e+12 7.28821e+08 7288.21 612920
1e+12 7.31624e+08 7316.24 607325
1e+12 7.34438e+08 7344.38 601777
1e+12 7.37263e+08 7372.63 596276
1e+12 7.40099e+08 7400.99 590822
1e+12 7.42946e+08 7429.46 585415
1e+12 7.45803e+08 7458.03 580056
1e+12 7.48672e+08 7486.72 574742
1e+12 7.51551e+08 7515.51 569475
1e+12 7.54442e+08 7544.42 564251
1e+12 7.57344e+08 7573.44 559073
1e+12 7.60257e+08 7602.57 553940
1e+12 7.63181e+08 7631.81 548851
1e+12 7.66116e+08 7661.16 543807
1e+12 7.69063e+08 7690.63 538804
1e+12 7.72021e+08 7720.21 533846
1e+12 7.74991e+08 7749.91 528929
1e+12 7.77971e+08 7779.71 524057
1e+12 7.80964e+08 7809.64 519225
1e+12 7.83968e+08 7839.68 514435
1e+12 7.86983e+08 7869.83 509687
1e+12 7.9001e+08 7900.1 504980
1e+12 7.93049e+08 7930.49 500313
1e+12 7.96099e+08 7960.99 495688
1e+12 7.99161e+08 7991.61 491102
1e+12 8.02235e+08 8022.35 486555
1e+12 8.0532e+08 8053.2 482049
1e+12 8.08418e+08 8084.18 477581
1e+12 8.11527e+08 8115.27 473152
1e+12 8.14649e+08 8146.49 468761
1e+12 8.17782e+08 8177.82 464409
1e+12 8.20927e+08 8209.27 460095
1e+12 8.24085e+08 8240.85 455817
1e+12 8.27255e+08 8272.55 451577
1e+12 8.30437e+08 8304.37 447374
1e+12 8.33631e+08 8336.31 443207
1e+12 8.36837e+08 8368.37 439078
1e+12 8.40056e+08 8400.56 434983
1e+12 8.43287e+08 8432.87 430925
1e+12 8.4653e+08 8465.3 426902
1e+12 8.49786e+08 8497.86 422914
1e+12 8.53055e+08 8530.55 418960
1e+12 8.56336e+08 8563.36 415042
1e+12 8.5963e+08 8596.3 411157
1e+12 8.62936e+08 8629.36 407307
1e+12 8.66255e+08 8662.55 403490
1e+12 8.69587e+08 8695.87 399706
1e+12 8.72932e+08 8729.32 395956
1e+12 8.76289e+08 8762.89 392239
1e+12 8.7966e+08 8796.6 388553
1e+12 8.83043e+08 8830.43 384901
1e+12 8.8644e+08 8864.4 381280
1e+12 8.89849e+08 8898.49 377691
1e+12 8.93272e+08 8932.72 374133
1e+12 8.96708e+08 8967.08 370607
1e+12 9.00157e+08 9001.57 367112
1e+12 9.03619e+08 9036.19 363648
1e+12 9.07095e+08 9070.95 360213
1e+12 9.10583e+08 9105.83 356811
1e+12 9.14086e+08 9140.86 353436
1e+12 9.17602e+08 9176.02 350092
1e+12 9.21131e+08 9211.31 346778
1e+12 9.24674e+08 9246.74 343492
1e+12 9.28231e+08 9282.31 340235
1e+12 9.31801e+08 9318.01 337008
1e+12 9.35385e+08 9353.85 333809
1e+12 9.38983e+08 9389.83 330638
1e+12 9.42594e+08 9425.94 327495
1e+12 9.4622e+08 9462.2 324380
1e+12 9.49859e+08 9498.59 321293
1e+12 9.53513e+08 9535.13 318232
1e+12 9.5718e+08 9571.8 315200
1e+12 9.60862e+08 9608.62 312193
1e+12 9.64557e+08 9645.57 309214
1e+12 9.68267e+08 9682.67 306261
1e+12 9.71992e+08 9719.92 303334
1e+12 9.7573e+08 9757.3 300433
1e+12 9.79483e+08 9794.83 297558
1e+12 9.83251e+08 9832.51 294708
1e+12 9.87032e+08 9870.32 291885
1e+12 9.90829e+08 9908.29 289085
1e+12 9.9464e+08 9946.4 286311
1e+12 9.98466e+08 9984.66 283562
1e+12 1.00231e+09 10023.1 280834
1e+12 1.00616e+09 10061.6 278137
1e+12 1.01003e+09 10100.3 275461
1e+12 1.01392e+09 10139.2 272805
1e+12 1.01782e+09 10178.2 270176
1e+12 1.02173e+09 10217.3 267574
1e+12 1.02566e+09 10256.6 264992
1e+12 1.02961e+09 10296.1 262429
1e+12 1.03357e+09 10335.7 259893
1e+12 1.03754e+09 10375.4 257384
1e+12 1.04153e+09 10415.3 254893
1e+12 1.04554e+09 10455.4 252422
1e+12 1.04956e+09 10495.6 249977
1e+12 1.0536e+09 10536 247551
1e+12 1.05765e+09 10576.5 245150
1e+12 1.06172e+09 10617.2 242768
1e+12 1.0658e+09 10658 240410
1e+12 1.0699e+09 10699 238072
1e+12 1.07401e+09 10740.1 235757
1e+12 1.07815e+09 10781.5 233456
1e+12 1.08229e+09 10822.9 231184
1e+12 1.08646e+09 10864.6 228925
1e+12 1.09063e+09 10906.3 226695
1e+12 1.09483e+09 10948.3 224478
1e+12 1.09904e+09 10990.4 222284
1e+12 1.10327e+09 11032.7 220108
1e+12 1.10751e+09 11075.1 217955
1e+12 1.11177e+09 11117.7 215819
1e+12 1.11605e+09 11160.5 213701
1e+12 1.12034e+09 11203.4 211605
1e+12 1.12465e+09 11246.5 209527
1e+12 1.12897e+09 11289.7 207471
1e+12 1.13332e+09 11333.2 205427
1e+12 1.13768e+09 11376.8 203404
1e+12 1.14205e+09 11420.5 201404
1e+12 1.14644e+09 11464.4 199420
1e+12 1.15085e+09 11508.5 197452
1e+12 1.15528e+09 11552.8 195502
1e+12 1.15972e+09 11597.2 193572
1e+12 1.16419e+09 11641.9 191654
1e+12 1.16866e+09 11686.6 189761
1e+12 1.17316e+09 11731.6 187879
1e+12 1.17767e+09 11776.7 186018
1e+12 1.1822e+09 11822 184173
1e+12 1.18675e+09 11867.5 182344
1e+12 1.19131e+09 11913.1 180535
1e+12 1.19589e+09 11958.9 178741
1e+12 1.20049e+09 12004.9 176963
1e+12 1.20511e+09 12051.1 175200
1e+12 1.20975e+09 12097.5 173452
1e+12 1.2144e+09 12144 171724
1e+12 1.21907e+09 12190.7 170010
1e+12 1.22376e+09 12237.6 168312
1e+12 1.22847e+09 12284.7 166628
1e+12 1.23319e+09 12331.9 164963
1e+12 1.23793e+09 12379.3 163312
1e+12 1.2427e+09 12427 161673
1e+12 1.24748e+09 12474.8 160052
1e+12 1.25227e+09 12522.7 158448
1e+12 1.25709e+09 12570.9 156856
1e+12 1.26193e+09 12619.3 155277
1e+12 1.26678e+09 12667.8 153716
1e+12 1.27165e+09 12716.5 152169
1e+12 1.27654e+09 12765.4 150636
1e+12 1.28145e+09 12814.5 149117
1e+12 1.28638e+09 12863.8 147612
1e+12 1.29133e+09 12913.3 146120
1e+12 1.2963e+09 12963 144642
1e+12 1.30128e+09 13012.8 143180
1e+12 1.30629e+09 13062.9 141729
1e+12 1.31131e+09 13113.1 140293
1e+12 1.31636e+09 13163.6 138868
1e+12 1.32142e+09 13214.2 137460
1e+12 1.3265e+09 13265 136064
1e+12 1.3316e+09 13316 134681
1e+12 1.33672e+09 13367.2 133310
1e+12 1.34187e+09 13418.7 131950
1e+12 1.34703e+09 13470.3 130605
1e+12 1.35221e+09 13522.1 129273
1e+12 1.35741e+09 13574.1 127953
1e+12 1.36263e+09 13626.3 126646
1e+12 1.36787e+09 13678.7 125350
1e+12 1.37313e+09 13731.3 124067
1e+12 1.37841e+09 13784.1 122796
1e+12 1.38372e+09 13837.2 121535
1e+12 1.38904e+09 13890.4 120288
1e+12 1.39438e+09 13943.8 119053
1e+12 1.39974e+09 13997.4 117830
1e+12 1.40513e+09 14051.3 116616
1e+12 1.41053e+09 14105.3 115415
1e+12 1.41596e+09 14159.6 114225
1e+12 1.4214e+09 14214 113047
1e+12 1.42687e+09 14268.7 111879
1e+12 1.43236e+09 14323.6 110723
1e+12 1.43787e+09 14378.7 109577
1e+12 1.4434e+09 14434 108442
1e+12 1.44895e+09 14489.5 107319
1e+12 1.45452e+09 14545.2 106206
1e+12 1.46012e+09 14601.2 105103
1e+12 1.46573e+09 14657.3 104012
1e+12 1.47137e+09 14713.7 102930
1e+12 1.47703e+09 14770.3 101858
1e+12 1.48271e+09 14827.1 100797
1e+12 1.48842e+09 14884.2 99744.5
1e+12 1.49414e+09 14941.4 98704.3
1e+12 1.49989e+09 14998.9 97672.6
1e+12 1.50566e+09 15056.6 96651.1
1e+12 1.51145e+09 15114.5 95639.7
1e+12 1.51726e+09 15172.6 94638.4
1e+12 1.5231e+09 15231 93645.4
1e+12 1.52896e+09 15289.6 92662.3
1e+12 1.53484e+09 15348.4 91689.1
1e+12 1.54074e+09 15407.4 90725.6
1e+12 1.54667e+09 15466.7 89770.2
1e+12 1.55261e+09 15526.1 88826.1
1e+12 1.55859e+09 15585.9 87888.3
1e+12 1.56458e+09 15645.8 86961.5
1e+12 1.5706e+09 15706 86042.6
1e+12 1.57664e+09 15766.4 85133.1
1e+12 1.5827e+09 15827 84232.8
1e+12 1.58879e+09 15887.9 83340.2
1e+12 1.5949e+09 15949 82456.8
1e+12 1.60104e+09 16010.4 81580.9
1e+12 1.6072e+09 16072 80714.1
1e+12 1.61338e+09 16133.8 79856.1
1e+12 1.61958e+09 16195.8 79007
1e+12 1.62581e+09 16258.1 78165.3
1e+12 1.63207e+09 16320.7 77331
1e+12 1.63834e+09 16383.4 76506.6
1e+12 1.64464e+09 16446.4 75689.5
1e+12 1.65097e+09 16509.7 74879.6
1e+12 1.65732e+09 16573.2 74078.1
1e+12 1.66369e+09 16636.9 73285
1e+12 1.67009e+09 16700.9 72499
1e+12 1.67652e+09 16765.2 71720
1e+12 1.68297e+09 16829.7 70949.2
1e+12 1.68944e+09 16894.4 70186.4
1e+12 1.69594e+09 16959.4 69430.6
1e+12 1.70246e+09 17024.6 68682.7
1e+12 1.70901e+09 17090.1 67941.6
1e+12 1.71558e+09 17155.8 67208.4
1e+12 1.72218e+09 17221.8 66481.9
1e+12 1.7288e+09 17288 65763
1e+12 1.73545e+09 17354.5 65050.8
1e+12 1.74213e+09 17421.3 64345.1
1e+12 1.74883e+09 17488.3 63647
1e+12 1.75556e+09 17555.6 62955.3
1e+12 1.76231e+09 17623.1 62271
1e+12 1.76909e+09 17690.9 61593.2
1e+12 1.77589e+09 17758.9 60922.6
1e+12 1.78272e+09 17827.2 60258.2
1e+12 1.78958e+09 17895.8 59600.1
1e+12 1.79646e+09 17964.6 58949.2
1e+12 1.80337e+09 18033.7 58304.3
1e+12 1.81031e+09 18103.1 57665.6
1e+12 1.81727e+09 18172.7 57033.8
1e+12 1.82426e+09 18242.6 56408
1e+12 1.83128e+09 18312.8 55788.2
1e+12 1.83832e+09 18383.2 55175.2
1e+12 1.84539e+09 18453.9 54568
1e+12 1.85249e+09 18524.9 53966.7
1e+12 1.85962e+09 18596.2 53371.1
1e+12 1.86677e+09 18667.7 52782.1
1e+12 1.87395e+09 18739.5 52198.8
1e+12 1.88116e+09 18811.6 51621.2
1e+12 1.88839e+09 18883.9 51050
1e+12 1.89565e+09 18956.5 50484.3
1e+12 1.90295e+09 19029.5 49923.4
1e+12 1.91027e+09 19102.7 49368.8
1e+12 1.91761e+09 19176.1 48820.3
1e+12 1.92499e+09 19249.9 48276.6
1e+12 1.93239e+09 19323.9 47738.9
1e+12 1.93983e+09 19398.3 47205.8
1e+12 1.94729e+09 19472.9 46678.7
1e+12 1.95478e+09 19547.8 46156.9
1e+12 1.96229e+09 19622.9 45640.9
1e+12 1.96984e+09 19698.4 45129.4
1e+12 1.97742e+09 19774.2 44623.1
1e+12 1.98502e+09 19850.2 44122.5
1e+12 1.99266e+09 19926.6 43626.2
1e+12 2.00032e+09 20003.2 43135.7
1e+12 2.00802e+09 20080.2 42649.4
1e+12 2.01574e+09 20157.4 42168.8
1e+12 2.02349e+09 20234.9 41693
1e+12 2.03128e+09 20312.8 41221.4
1e+12 2.03909e+09 20390.9 40755.3
1e+12 2.04693e+09 20469.3 40293.9
1e+12 2.05481e+09 20548.1 39836.7
1e+12 2.06271e+09 20627.1 39384.8
1e+12 2.07064e+09 20706.4 38937.5
1e+12 2.07861e+09 20786.1 38494.3
1e+12 2.0866e+09 20866 38056.3
1e+12 2.09463e+09 20946.3 37622.2
1e+12 2.10269e+09 21026.9 37192.7
1e+12 2.11077e+09 21107.7 36768.2
1e+12 2.11889e+09 21188.9 36347.6
1e+12 2.12704e+09 21270.4 35931.4
1e+12 2.13522e+09 21352.2 35519.6
1e+12 2.14344e+09 21434.4 35111.6
1e+12 2.15168e+09 21516.8 34708.4
1e+12 2.15996e+09 21599.6 34309
1e+12 2.16826e+09 21682.6 33914.3
1e+12 2.1766e+09 21766 33523.4
1e+12 2.18498e+09 21849.8 33136.1
1e+12 2.19338e+09 21933.8 32753.5
1e+12 2.20182e+09 22018.2 32374.4
1e+12 2.21028e+09 22102.8 31999.9
1e+12 2.21879e+09 22187.9 31628.6
1e+12 2.22732e+09 22273.2 31261.7
1e+12 2.23589e+09 22358.9 30898.3
1e+12 2.24449e+09 22444.9 30538.8
1e+12 2.25312e+09 22531.2 30183.3
1e+12 2.26179e+09 22617.9 29831.2
1e+12 2.27049e+09 22704.9 29482.9
1e+12 2.27922e+09 22792.2 29138.5
1e+12 2.28798e+09 22879.8 28797.8
1e+12 2.29679e+09 22967.9 28460.1
1e+12 2.30562e+09 23056.2 28126.4
1e+12 2.31449e+09 23144.9 27796.1
1e+12 2.32339e+09 23233.9 27469.4
1e+12 2.33233e+09 23323.3 27146
1e+12 2.3413e+09 23413 26826.2
1e+12 2.3503e+09 23503 26509.9
1e+12 2.35934e+09 23593.4 26196.8
1e+12 2.36842e+09 23684.2 25886.8
1e+12 2.37753e+09 23775.3 25580.4
1e+12 2.38667e+09 23866.7 25277.3
1e+12 2.39585e+09 23958.5 24977.3
1e+12 2.40507e+09 24050.7 24680.4
1e+12 2.41432e+09 24143.2 24386.8
1e+12 2.4236e+09 24236 24096.6
1e+12 2.43292e+09 24329.2 23809.3
1e+12 2.44228e+09 24422.8 23525
1e+12 2.45168e+09 24516.8 23243.6
1e+12 2.46111e+09 24611.1 22965.4
1e+12 2.47057e+09 24705.7 22690.4
1e+12 2.48008e+09 24800.8 22418
1e+12 2.48961e+09 24896.1 22149
1e+12 2.49919e+09 24991.9 21882.5
1e+12 2.5088e+09 25088 21619.1
1e+12 2.51845e+09 25184.5 21358.5
1e+12 2.52814e+09 25281.4 21100.6
1e+12 2.53786e+09 25378.6 20845.7
1e+12 2.54762e+09 25476.2 20593.5
1e+12 2.55742e+09 25574.2 20344
1e+12 2.56726e+09 25672.6 20097.1
1e+12 2.57713e+09 25771.3 19853.2
1e+12 2.58705e+09 25870.5 19611.6
1e+12 2.597e+09 25970 19372.8
1e+12 2.60699e+09 26069.9 19136.6
1e+12 2.61701e+09 26170.1 18903.2
1e+12 2.62708e+09 26270.8 18672.1
1e+12 2.63718e+09 26371.8 18443.7
1e+12 2.64733e+09 26473.3 18217.6
1e+12 2.65751e+09 26575.1 17994.2
1e+12 2.66773e+09 26677.3 17773.2
1e+12 2.67799e+09 26779.9 17554.6
1e+12 2.68829e+09 26882.9 17338.5
1e+12 2.69863e+09 26986.3 17124.7
1e+12 2.70901e+09 27090.1 16913.3
1e+12 2.71943e+09 27194.3 16704.2
1e+12 2.72989e+09 27298.9 16497.4
1e+12 2.74039e+09 27403.9 16293
1e+12 2.75093e+09 27509.3 16090.8
1e+12 2.76151e+09 27615.1 15890.9
1e+12 2.77213e+09 27721.3 15693.2
1e+12 2.7828e+09 27828 15497.6
1e+12 2.7935e+09 27935 15304.4
1e+12 2.80424e+09 28042.4 15113.3
1e+12 2.81503e+09 28150.3 14924.2
1e+12 2.82586e+09 28258.6 14737.3
1e+12 2.83673e+09 28367.3 14552.5
1e+12 2.84764e+09 28476.4 14369.8
1e+12 2.85859e+09 28585.9 14189.2
1e+12 2.86959e+09 28695.9 14010.5
1e+12 2.88062e+09 28806.2 13834
1e+12 2.8917e+09 28917 13659.4
1e+12 2.90283e+09 29028.3 13486.7
1e+12 2.91399e+09 29139.9 13316.1
1e+12 2.9252e+09 29252 13147.3
1e+12 2.93645e+09 29364.5 12980.5
1e+12 2.94774e+09 29477.4 12815.7
1e+12 2.95908e+09 29590.8 12652.6
1e+12 2.97046e+09 29704.6 12491.4
1e+12 2.98189e+09 29818.9 12332
1e+12 2.99336e+09 29933.6 12174.5
1e+12 3.00487e+09 30048.7 12018.8
1e+12 3.01643e+09 30164.3 11864.8
1e+12 3.02803e+09 30280.3 11712.7
1e+12 3.03968e+09 30396.8 11562.2
1e+12 3.05137e+09 30513.7 11413.6
1e+12 3.06311e+09 30631.1 11266.5
1e+12 3.07489e+09 30748.9 11121.3
1e+12 3.08671e+09 30867.1 10977.7
1e+12 3.09859e+09 30985.9 10835.7
1e+12 3.11051e+09 31105.1 10695.4
1e+12 3.12247e+09 31224.7 10556.7
1e+12 3.13448e+09 31344.8 10419.7
1e+12 3.14654e+09 31465.4 10284.1
1e+12 3.15864e+09 31586.4 10150.3
1e+12 3.17079e+09 31707.9 10017.9
1e+12 3.18298e+09 31829.8 9887.18
1e+12 3.19523e+09 31952.3 9757.83
1e+12 3.20752e+09 32075.2 9630.07
1e+12 3.21985e+09 32198.5 9503.88
1e+12 3.23224e+09 32322.4 9379.04
1e+12 3.24467e+09 32446.7 9255.75
1e+12 3.25715e+09 32571.5 9133.88
1e+12 3.26968e+09 32696.8 9013.44
1e+12 3.28225e+09 32822.5 8894.48
1e+12 3.29488e+09 32948.8 8776.83
1e+12 3.30755e+09 33075.5 8660.64
1e+12 3.32027e+09 33202.7 8545.82
1e+12 3.33304e+09 33330.4 8432.35
1e+12 3.34586e+09 33458.6 8320.22
1e+12 3.35873e+09 33587.3 8209.42
1e+12 3.37165e+09 33716.5 8099.93
1e+12 3.38462e+09 33846.2 7991.74
1e+12 3.39764e+09 33976.4 7884.85
1e+12 3.41071e+09 34107.1 7779.23
1e+12 3.42382e+09 34238.2 7674.96
1e+12 3.43699e+09 34369.9 7571.87
1e+12 3.45021e+09 34502.1 7470.01
1e+12 3.46348e+09 34634.8 7369.39
1e+12 3.47681e+09 34768.1 7269.91
1e+12 3.49018e+09 34901.8 7171.71
1e+12 3.5036e+09 35036 7074.71
1e+12 3.51708e+09 35170.8 6978.82
1e+12 3.53061e+09 35306.1 6884.11
1e+12 3.54419e+09 35441.9 6790.56
1e+12 3.55782e+09 35578.2 6698.16
1e+12 3.5715e+09 35715 6606.89
1e+12 3.58524e+09 35852.4 6516.69
1e+12 3.59903e+09 35990.3 6427.61
1e+12 3.61287e+09 36128.7 6339.64
1e+12 3.62677e+09 36267.7 6252.7
1e+12 3.64072e+09 36407.2 6166.84
1e+12 3.65472e+09 36547.2 6082.06
1e+12 3.66878e+09 36687.8 5998.28
1e+12 3.68289e+09 36828.9 5915.56
1e+12 3.69706e+09 36970.6 5833.82
1e+12 3.71128e+09 37112.8 5753.12
1e+12 3.72555e+09 37255.5 5673.44
1e+12 3.73988e+09 37398.8 5594.71
1e+12 3.75426e+09 37542.6 5516.99
1e+12 3.7687e+09 37687 5440.21
1e+12 3.7832e+09 37832 5364.36
1e+12 3.79775e+09 37977.5 5289.48
1e+12 3.81236e+09 38123.6 5215.52
1e+12 3.82702e+09 38270.2 5142.51
1e+12 3.84174e+09 38417.4 5070.39
1e+12 3.85652e+09 38565.2 4999.16
1e+12 3.87135e+09 38713.5 4928.86
1e+12 3.88624e+09 38862.4 4859.42
1e+12 3.90119e+09 39011.9 4790.84
1e+12 3.91619e+09 39161.9 4723.16
1e+12 3.93126e+09 39312.6 4656.28
1e+12 3.94638e+09 39463.8 4590.28
1e+12 3.96156e+09 39615.6 4525.11
1e+12 3.97679e+09 39767.9 4460.8
1e+12 3.99209e+09 39920.9 4397.25
1e+12 4.00745e+09 40074.5 4334.51
1e+12 4.02286e+09 40228.6 4272.6
1e+12 4.03833e+09 40383.3 4211.48
1e+12 4.05387e+09 40538.7 4151.1
1e+12 4.06946e+09 40694.6 4091.53
1e+12 4.08511e+09 40851.1 4032.72
1e+12 4.10082e+09 41008.2 3974.66
1e+12 4.1166e+09 41166 3917.32
1e+12 4.13243e+09 41324.3 3860.75
1e+12 4.14832e+09 41483.2 3804.91
1e+12 4.16428e+09 41642.8 3749.76
1e+12 4.1803e+09 41803 3695.33
1e+12 4.19638e+09 41963.8 3641.61
1e+12 4.21252e+09 42125.2 3588.6
1e+12 4.22872e+09 42287.2 3536.27
1e+12 4.24498e+09 42449.8 3484.64
1e+12 4.26131e+09 42613.1 3433.65
1e+12 4.2777e+09 42777 3383.34
1e+12 4.29415e+09 42941.5 3333.7
1e+12 4.31067e+09 43106.7 3284.68
1e+12 4.32725e+09 43272.5 3236.32
1e+12 4.34389e+09 43438.9 3188.6
1e+12 4.3606e+09 43606 3141.49
1e+12 4.37737e+09 43773.7 3095.02
1e+12 4.39421e+09 43942.1 3049.14
1e+12 4.41111e+09 44111.1 3003.88
1e+12 4.42808e+09 44280.8 2959.21
1e+12 4.44511e+09 44451.1 2915.15
1e+12 4.46221e+09 44622.1 2871.66
1e+12 4.47937e+09 44793.7 2828.76
1e+12 4.4966e+09 44966 2786.42
1e+12 4.5139e+09 45139 2744.64
1e+12 4.53126e+09 45312.6 2703.43
1e+12 4.54869e+09 45486.9 2662.76
1e+12 4.56618e+09 45661.8 2622.66
1e+12 4.58374e+09 45837.4 2583.09
1e+12 4.60138e+09 46013.8 2544.03
1e+12 4.61907e+09 46190.7 2505.53
1e+12 4.63684e+09 46368.4 2467.52
1e+12 4.65467e+09 46546.7 2430.05
1e+12 4.67258e+09 46725.8 2393.05
1e+12 4.69055e+09 46905.5 2356.58
1e+12 4.70859e+09 47085.9 2320.61
1e+12 4.7267e+09 47267 2285.12
1e+12 4.74488e+09 47448.8 2250.11
1e+12 4.76313e+09 47631.3 2215.58
1e+12 4.78145e+09 47814.5 2181.53
1e+12 4.79984e+09 47998.4 2147.94
1e+12 4.81831e+09 48183.1 2114.8
1e+12 4.83684e+09 48368.4 2082.13
1e+12 4.85544e+09 48554.4 2049.91
1e+12 4.87412e+09 48741.2 2018.13
1e+12 4.89286e+09 48928.6 1986.8
1e+12 4.91168e+09 49116.8 1955.89
1e+12 4.93058e+09 49305.8 1925.4
1e+12 4.94954e+09 49495.4 1895.36
1e+12 4.96858e+09 49685.8 1865.72
1e+12 4.98769e+09 49876.9 1836.49
1e+12 5.00687e+09 50068.7 1807.69
1e+12 5.02613e+09 50261.3 1779.27
1e+12 5.04546e+09 50454.6 1751.26
1e+12 5.06487e+09 50648.7 1723.64
1e+12 5.08435e+09 50843.5 1696.41
1e+12 5.10391e+09 51039.1 1669.55
1e+12 5.12354e+09 51235.4 1643.08
1e+12 5.14324e+09 51432.4 1617
1e+12 5.16303e+09 51630.3 1591.26
1e+12 5.18288e+09 51828.8 1565.91
1e+12 5.20282e+09 52028.2 1540.9
1e+12 5.22283e+09 52228.3 1516.26
1e+12 5.24292e+09 52429.2 1491.96
1e+12 5.26309e+09 52630.9 1468.01
1e+12 5.28333e+09 52833.3 1444.41
1e+12 5.30365e+09 53036.5 1421.15
1e+12 5.32405e+09 53240.5 1398.22
1e+12 5.34453e+09 53445.3 1375.61
1e+12 5.36508e+09 53650.8 1353.34
1e+12 5.38572e+09 53857.2 1331.39
1e+12 5.40643e+09 54064.3 1309.75
1e+12 5.42723e+09 54272.3 1288.42
1e+12 5.4481e+09 54481 1267.42
1e+12 5.46906e+09 54690.6 1246.7
1e+12 5.4901e+09 54901 1226.29
1e+12 5.51121e+09 55112.1 1206.19
1e+12 5.53241e+09 55324.1 1186.37
1e+12 5.55369e+09 55536.9 1166.85
1e+12 5.57505e+09 55750.5 1147.61
1e+12 5.59649e+09 55964.9 1128.66
1e+12 5.61802e+09 56180.2 1109.98
1e+12 5.63963e+09 56396.3 1091.58
1e+12 5.66132e+09 56613.2 1073.45
1e+12 5.68309e+09 56830.9 1055.6
1e+12 5.70495e+09 57049.5 1038
1e+12 5.7269e+09 57269 1020.66
1e+12 5.74892e+09 57489.2 1003.59
1e+12 5.77104e+09 57710.4 986.768
1e+12 5.79323e+09 57932.3 970.205
1e+12 5.81552e+09 58155.2 953.879
1e+12 5.83788e+09 58378.8 937.81
1e+12 5.86034e+09 58603.4 921.972
1e+12 5.88288e+09 58828.8 906.377
1e+12 5.90551e+09 59055.1 891.015
1e+12 5.92822e+09 59282.2 875.89
1e+12 5.95102e+09 59510.2 860.993
1e+12 5.97391e+09 59739.1 846.32
1e+12 5.99689e+09 59968.9 831.869
1e+12 6.01995e+09 60199.5 817.643
1e+12 6.04311e+09 60431.1 803.628
1e+12 6.06635e+09 60663.5 789.832
1e+12 6.08969e+09 60896.9 776.242
1e+12 6.11311e+09 61131.1 762.865
1e+12 6.13662e+09 61366.2 749.695
1e+12 6.16022e+09 61602.2 736.728
1e+12 6.18392e+09 61839.2 723.956
1e+12 6.2077e+09 62077 711.387
1e+12 6.23158e+09 62315.8 699.009
1e+12 6.25555e+09 62555.5 686.824
1e+12 6.27961e+09 62796.1 674.83
1e+12 6.30376e+09 63037.6 663.024
1e+12 6.32801e+09 63280.1 651.399
1e+12 6.35235e+09 63523.5 639.957
1e+12 6.37678e+09 63767.8 628.697
1e+12 6.40131e+09 64013.1 617.61
1e+12 6.42593e+09 64259.3 606.701
1e+12 6.45065e+09 64506.5 595.961
1e+12 6.47546e+09 64754.6 585.393
1e+12 6.50036e+09 65003.6 574.994
1e+12 6.52537e+09 65253.7 564.755
1e+12 6.55046e+09 65504.6 554.685
1e+12 6.57566e+09 65756.6 544.77
1e+12 6.60095e+09 66009.5 535.016
1e+12 6.62634e+09 66263.4 525.417
1e+12 6.65183e+09 66518.3 515.971
1e+12 6.67741e+09 66774.1 506.68
1e+12 6.7031e+09 67031 497.534
1e+12 6.72888e+09 67288.8 488.539
1e+12 6.75476e+09 67547.6 479.688
1e+12 6.78074e+09 67807.4 470.981
1e+12 6.80682e+09 68068.2 462.415
1e+12 6.833e+09 68330 453.989
1e+12 6.85928e+09 68592.8 445.699
1e+12 6.88567e+09 68856.7 437.543
1e+12 6.91215e+09 69121.5 429.523
1e+12 6.93874e+09 69387.4 421.632
1e+12 6.96543e+09 69654.3 413.872
1e+12 6.99222e+09 69922.2 406.24
1e+12 7.01911e+09 70191.1 398.734
1e+12 7.04611e+09 70461.1 391.351
1e+12 7.07321e+09 70732.1 384.091
1e+12 7.10042e+09 71004.2 376.95
1e+12 7.12773e+09 71277.3 369.929
1e+12 7.15514e+09 71551.4 363.026
1e+12 7.18266e+09 71826.6 356.237
1e+12 7.21029e+09 72102.9 349.561
1e+12 7.23802e+09 72380.2 342.998
1e+12 7.26586e+09 72658.6 336.545
1e+12 7.29381e+09 72938.1 330.199
1e+12 7.32186e+09 73218.6 323.963
1e+12 7.35002e+09 73500.2 317.831
1e+12 7.37829e+09 73782.9 311.803
1e+12 7.40667e+09 74066.7 305.876
1e+12 7.43516e+09 74351.6 300.051
1e+12 7.46376e+09 74637.6 294.324
1e+12 7.49247e+09 74924.7 288.696
1e+12 7.52129e+09 75212.9 283.164
1e+12 7.55022e+09 75502.2 277.727
1e+12 7.57926e+09 75792.6 272.383
1e+12 7.60841e+09 76084.1 267.132
1e+12 7.63767e+09 76376.7 261.972
1e+12 7.66705e+09 76670.5 256.9
1e+12 7.69654e+09 76965.4 251.917
1e+12 7.72614e+09 77261.4 247.02
1e+12 7.75586e+09 77558.6 242.208
1e+12 7.78569e+09 77856.9 237.481
1e+12 7.81564e+09 78156.4 232.835
1e+12 7.8457e+09 78457 228.272
1e+12 7.87587e+09 78758.7 223.789
1e+12 7.90617e+09 79061.7 219.383
1e+12 7.93658e+09 79365.8 215.056
1e+12 7.9671e+09 79671 210.807
1e+12 7.99775e+09 79977.5 206.631
1e+12 8.02851e+09 80285.1 202.53
1e+12 8.05939e+09 80593.9 198.502
1e+12 8.09039e+09 80903.9 194.546
1e+12 8.12151e+09 81215.1 190.66
1e+12 8.15274e+09 81527.4 186.845
1e+12 8.1841e+09 81841 183.097
1e+12 8.21558e+09 82155.8 179.417
1e+12 8.24718e+09 82471.8 175.803
1e+12 8.2789e+09 82789 172.255
1e+12 8.31074e+09 83107.4 168.771
1e+12 8.34271e+09 83427.1 165.349
1e+12 8.3748e+09 83748 161.99
1e+12 8.40701e+09 84070.1 158.693
1e+12 8.43935e+09 84393.5 155.455
1e+12 8.47181e+09 84718.1 152.277
1e+12 8.50439e+09 85043.9 149.158
1e+12 8.5371e+09 85371 146.096
1e+12 8.56994e+09 85699.4 143.089
1e+12 8.6029e+09 86029 140.139
1e+12 8.63599e+09 86359.9 137.243
1e+12 8.66921e+09 86692.1 134.401
1e+12 8.70255e+09 87025.5 131.612
1e+12 8.73602e+09 87360.2 128.875
1e+12 8.76962e+09 87696.2 126.189
1e+12 8.80336e+09 88033.6 123.552
1e+12 8.83722e+09 88372.2 120.966
1e+12 8.87121e+09 88712.1 118.428
1e+12 8.90533e+09 89053.3 115.939
1e+12 8.93958e+09 89395.8 113.496
1e+12 8.97396e+09 89739.6 111.1
1e+12 9.00848e+09 90084.8 108.748
1e+12 9.04313e+09 90431.3 106.442
1e+12 9.07791e+09 90779.1 104.18
1e+12 9.11283e+09 91128.3 101.96
1e+12 9.14788e+09 91478.8 99.7838
1e+12 9.18307e+09 91830.7 97.6486
1e+12 9.21839e+09 92183.9 95.5549
1e+12 9.25384e+09 92538.4 93.5018
1e+12 9.28944e+09 92894.4 91.4877
1e+12 9.32517e+09 93251.7 89.513
1e+12 9.36103e+09 93610.3 87.577
1e+12 9.39704e+09 93970.4 85.6781
1e+12 9.43318e+09 94331.8 83.8167
1e+12 9.46946e+09 94694.6 81.9916
1e+12 9.50589e+09 95058.9 80.2018
1e+12 9.54245e+09 95424.5 78.4476
1e+12 9.57915e+09 95791.5 76.728
1e+12 9.616e+09 96160 75.0419
1e+12 9.65298e+09 96529.8 73.3897
1e+12 9.69011e+09 96901.1 71.77
1e+12 9.72738e+09 97273.8 70.1825
1e+12 9.7648e+09 97648 68.6264
1e+12 9.80236e+09 98023.6 67.1016
1e+12 9.84006e+09 98400.6 65.6074
1e+12 9.87791e+09 98779.1 64.143
1e+12 9.9159e+09 99159 62.7083
1e+12 9.95404e+09 99540.4 61.3024
1e+12 9.99233e+09 99923.3 59.9248
1e+12 1.00308e+10 100308 58.5739
1e+12 1.00693e+10 100693 57.2545
1e+12 1.01081e+10 101081 55.9569
1e+12 1.01469e+10 101469 54.6906
1e+12 1.0186e+10 101860 53.4454
1e+12 1.02252e+10 102252 52.2273
1e+12 1.02645e+10 102645 51.0357
1e+12 1.0304e+10 103040 49.8673
1e+12 1.03436e+10 103436 48.7245
1e+12 1.03834e+10 103834 47.604
1e+12 1.04233e+10 104233 46.5082
1e+12 1.04634e+10 104634 45.4339
1e+12 1.05037e+10 105037 44.3809
1e+12 1.05441e+10 105441 43.3512
1e+12 1.05846e+10 105846 42.3445
1e+12 1.06253e+10 106253 41.3579
1e+12 1.06662e+10 106662 40.391
1e+12 1.07072e+10 107072 39.4458
1e+12 1.07484e+10 107484 38.5197
1e+12 1.07897e+10 107897 37.6145
1e+12 1.08312e+10 108312 36.7276
1e+12 1.08729e+10 108729 35.8588
1e+12 1.09147e+10 109147 35.0098
1e+12 1.09567e+10 109567 34.1782
1e+12 1.09988e+10 109988 33.3656
1e+12 1.10412e+10 110412 32.568
1e+12 1.10836e+10 110836 31.7905
1e+12 1.11262e+10 111262 31.0291
1e+12 1.1169e+10 111690 30.2837
1e+12 1.1212e+10 112120 29.5538
1e+12 1.12551e+10 112551 28.8409
1e+12 1.12984e+10 112984 28.1431
1e+12 1.13419e+10 113419 27.4599
1e+12 1.13855e+10 113855 26.7929
1e+12 1.14293e+10 114293 26.14
1e+12 1.14733e+10 114733 25.501
1e+12 1.15174e+10 115174 24.8772
1e+12 1.15617e+10 115617 24.2667
1e+12 1.16062e+10 116062 23.6694
1e+12 1.16508e+10 116508 23.0864
1e+12 1.16956e+10 116956 22.516
1e+12 1.17406e+10 117406 21.9581
1e+12 1.17857e+10 117857 21.4135
1e+12 1.18311e+10 118311 20.8798
1e+12 1.18766e+10 118766 20.3589
1e+12 1.19223e+10 119223 19.8495
1e+12 1.19681e+10 119681 19.3525
1e+12 1.20142e+10 120142 18.8655
1e+12 1.20604e+10 120604 18.3904
1e+12 1.21068e+10 121068 17.9259
1e+12 1.21533e+10 121533 17.4728
1e+12 1.22001e+10 122001 17.0289
1e+12 1.2247e+10 122470 16.596
1e+12 1.22941e+10 122941 16.173
1e+12 1.23414e+10 123414 15.7595
1e+12 1.23889e+10 123889 15.3555
1e+12 1.24365e+10 124365 14.9616
1e+12 1.24843e+10 124843 14.5767
1e+12 1.25324e+10 125324 14.1999
1e+12 1.25806e+10 125806 13.8326
1e+12 1.26289e+10 126289 13.4746
1e+12 1.26775e+10 126775 13.1241
1e+12 1.27263e+10 127263 12.7819
1e+12 1.27752e+10 127752 12.4483
1e+12 1.28244e+10 128244 12.1219
1e+12 1.28737e+10 128737 11.8039
1e+12 1.29232e+10 129232 11.4934
1e+12 1.29729e+10 129729 11.1903
1e+12 1.30228e+10 130228 10.8943
1e+12 1.30729e+10 130729 10.6055
1e+12 1.31232e+10 131232 10.3236
1e+12 1.31737e+10 131737 10.0484
1e+12 1.32243e+10 132243 9.78043
1e+12 1.32752e+10 132752 9.51842
1e+12 1.33263e+10 133263 9.26277
1e+12 1.33775e+10 133775 9.01384
1e+12 1.3429e+10 134290 8.77051
1e+12 1.34806e+10 134806 8.53361
1e+12 1.35325e+10 135325 8.30209
1e+12 1.35845e+10 135845 8.07672
1e+12 1.36368e+10 136368 7.8565
1e+12 1.36892e+10 136892 7.64216
1e+12 1.37419e+10 137419 7.43277
1e+12 1.37947e+10 137947 7.22899
1e+12 1.38478e+10 138478 7.02995
1e+12 1.39011e+10 139011 6.83591
1e+12 1.39545e+10 139545 6.64712
1e+12 1.40082e+10 140082 6.46277
1e+12 1.40621e+10 140621 6.2831
1e+12 1.41162e+10 141162 6.10801
1e+12 1.41705e+10 141705 5.93739
1e+12 1.4225e+10 142250 5.77115
1e+12 1.42797e+10 142797 5.60918
1e+12 1.43346e+10 143346 5.45139
1e+12 1.43897e+10 143897 5.29769
1e+12 1.44451e+10 144451 5.1477
1e+12 1.45006e+10 145006 5.00189
1e+12 1.45564e+10 145564 4.85963
1e+12 1.46124e+10 146124 4.7211
1e+12 1.46686e+10 146686 4.58621
1e+12 1.4725e+10 147250 4.45488
1e+12 1.47817e+10 147817 4.3268
1e+12 1.48385e+10 148385 4.20234
1e+12 1.48956e+10 148956 4.08098
1e+12 1.49529e+10 149529 3.96287
1e+12 1.50104e+10 150104 3.84792
1e+12 1.50681e+10 150681 3.73606
1e+12 1.51261e+10 151261 3.62703
1e+12 1.51843e+10 151843 3.52094
1e+12 1.52427e+10 152427 3.41774
1e+12 1.53013e+10 153013 3.31735
1e+12 1.53602e+10 153602 3.21953
1e+12 1.54192e+10 154192 3.12456
1e+12 1.54785e+10 154785 3.03204
1e+12 1.55381e+10 155381 2.94191
1e+12 1.55978e+10 155978 2.85443
1e+12 1.56578e+10 156578 2.76923
1e+12 1.57181e+10 157181 2.68627
1e+12 1.57785e+10 157785 2.60575
1e+12 1.58392e+10 158392 2.52736
1e+12 1.59001e+10 159001 2.45117
1e+12 1.59613e+10 159613 2.37701
1e+12 1.60227e+10 160227 2.30495
1e+12 1.60843e+10 160843 2.23493
1e+12 1.61462e+10 161462 2.16679
1e+12 1.62083e+10 162083 2.10059
1e+12 1.62706e+10 162706 2.03629
1e+12 1.63332e+10 163332 1.97374
1e+12 1.6396e+10 163960 1.91298
1e+12 1.64591e+10 164591 1.85389
1e+12 1.65224e+10 165224 1.79651
1e+12 1.65859e+10 165859 1.7408
1e+12 1.66497e+10 166497 1.68663
1e+12 1.67138e+10 167138 1.63397
1e+12 1.67781e+10 167781 1.58284
1e+12 1.68426e+10 168426 1.53323
1e+12 1.69074e+10 169074 1.485
1e+12 1.69724e+10 169724 1.4382
1e+12 1.70377e+10 170377 1.39273
1e+12 1.71032e+10 171032 1.3486
1e+12 1.7169e+10 171690 1.30574
1e+12 1.7235e+10 172350 1.26416
1e+12 1.73013e+10 173013 1.22376
1e+12 1.73679e+10 173679 1.18453
1e+12 1.74347e+10 174347 1.14649
1e+12 1.75017e+10 175017 1.1096
1e+12 1.7569e+10 175690 1.07378
1e+12 1.76366e+10 176366 1.03901
1e+12 1.77045e+10 177045 1.00525
1e+12 1.77726e+10 177726 0.972525
1e+12 1.78409e+10 178409 0.940812
1e+12 1.79095e+10 179095 0.910036
1e+12 1.79784e+10 179784 0.880172
1e+12 1.80476e+10 180476 0.851195
1e+12 1.8117e+10 181170 0.823124
1e+12 1.81867e+10 181867 0.795892
1e+12 1.82566e+10 182566 0.769516
1e+12 1.83268e+10 183268 0.743935
1e+12 1.83973e+10 183973 0.719127
1e+12 1.84681e+10 184681 0.695072
1e+12 1.85391e+10 185391 0.671782
1e+12 1.86104e+10 186104 0.649204
1e+12 1.8682e+10 186820 0.627317
1e+12 1.87539e+10 187539 0.606104
1e+12 1.8826e+10 188260 0.585574
1e+12 1.88984e+10 188984 0.56568
1e+12 1.89711e+10 189711 0.546404
1e+12 1.90441e+10 190441 0.527729
1e+12 1.91173e+10 191173 0.509663
1e+12 1.91909e+10 191909 0.49214
1e+12 1.92647e+10 192647 0.475192
1e+12 1.93388e+10 193388 0.458779
1e+12 1.94132e+10 194132 0.442887
1e+12 1.94878e+10 194878 0.427521
1e+12 1.95628e+10 195628 0.412626
1e+12 1.9638e+10 196380 0.398227
1e+12 1.97136e+10 197136 0.384272
1e+12 1.97894e+10 197894 0.370786
1e+12 1.98655e+10 198655 0.357735
1e+12 1.99419e+10 199419 0.345108
1e+12 2.00186e+10 200186 0.332893
1e+12 2.00956e+10 200956 0.321076
1e+12 2.01729e+10 201729 0.309648
1e+12 2.02505e+10 202505 0.298595
1e+12 2.03284e+10 203284 0.287907
1e+12 2.04066e+10 204066 0.277573
1e+12 2.04851e+10 204851 0.267583
1e+12 2.05638e+10 205638 0.257938
1e+12 2.06429e+10 206429 0.248604
1e+12 2.07223e+10 207223 0.239583
1e+12 2.0802e+10 208020 0.230866
1e+12 2.08821e+10 208821 0.222433
1e+12 2.09624e+10 209624 0.214296
1e+12 2.1043e+10 210430 0.206436
1e+12 2.11239e+10 211239 0.198845
1e+12 2.12052e+10 212052 0.191504
1e+12 2.12868e+10 212868 0.184415
1e+12 2.13686e+10 213686 0.17758
1e+12 2.14508e+10 214508 0.170972
1e+12 2.15333e+10 215333 0.164594
1e+12 2.16161e+10 216161 0.158438
1e+12 2.16993e+10 216993 0.15249
1e+12 2.17827e+10 217827 0.146757
1e+12 2.18665e+10 218665 0.14122
1e+12 2.19506e+10 219506 0.135877
1e+12 2.20351e+10 220351 0.130718
1e+12 2.21198e+10 221198 0.125748
1e+12 2.22049e+10 222049 0.120949
1e+12 2.22903e+10 222903 0.116322
1e+12 2.2376e+10 223760 0.111861
1e+12 2.24621e+10 224621 0.107556
1e+12 2.25485e+10 225485 0.103406
1e+12 2.26352e+10 226352 0.0994058
1e+12 2.27223e+10 227223 0.0955471
1e+12 2.28097e+10 228097 0.0918291
1e+12 2.28974e+10 228974 0.0882471
1e+12 2.29855e+10 229855 0.0847927
1e+12 2.30739e+10 230739 0.0814656
1e+12 2.31627e+10 231627 0.0782578
1e+12 2.32517e+10 232517 0.0751724
1e+12 2.33412e+10 233412 0.0721951
1e+12 2.3431e+10 234310 0.0693289
1e+12 2.35211e+10 235211 0.0665701
1e+12 2.36115e+10 236115 0.0639149
1e+12 2.37024e+10 237024 0.0613541
1e+12 2.37935e+10 237935 0.0588929
1e+12 2.3885e+10 238850 0.0565224
1e+12 2.39769e+10 239769 0.0542397
1e+12 2.40691e+10 240691 0.0520442
1e+12 2.41617e+10 241617 0.0499305
1e+12 2.42546e+10 242546 0.0478981
1e+12 2.43479e+10 243479 0.0459419
1e+12 2.44416e+10 244416 0.0440595
1e+12 2.45356e+10 245356 0.0422501
1e+12 2.463e+10 246300 0.0405093
1e+12 2.47247e+10 247247 0.0388366
1e+12 2.48198e+10 248198 0.0372277
1e+12 2.49153e+10 249153 0.0356805
1e+12 2.50111e+10 250111 0.0341944
1e+12 2.51073e+10 251073 0.0327656
1e+12 2.52039e+10 252039 0.0313921
1e+12 2.53008e+10 253008 0.0300734
1e+12 2.53981e+10 253981 0.0288061
1e+12 2.54958e+10 254958 0.0275883
1e+12 2.55939e+10 255939 0.0264184
1e+12 2.56923e+10 256923 0.0252957
1e+12 2.57911e+10 257911 0.0242174
1e+12 2.58903e+10 258903 0.0231819
1e+12 2.59899e+10 259899 0.0221876
1e+12 2.60899e+10 260899 0.021233
1e+12 2.61902e+10 261902 0.0203176
1e+12 2.6291e+10 262910 0.0194382
1e+12 2.63921e+10 263921 0.0185951
1e+12 2.64936e+10 264936 0.0177861
1e+12 2.65955e+10 265955 0.0170099
1e+12 2.66978e+10 266978 0.0162655
1e+12 2.68005e+10 268005 0.0155515
1e+12 2.69036e+10 269036 0.0148668
1e+12 2.70071e+10 270071 0.0142103
1e+12 2.71109e+10 271109 0.0135816
1e+12 2.72152e+10 272152 0.0129783
1e+12 2.73199e+10 273199 0.0124002
1e+12 2.7425e+10 274250 0.0118462
1e+12 2.75304e+10 275304 0.0113159
1e+12 2.76363e+10 276363 0.0108075
1e+12 2.77426e+10 277426 0.0103205
1e+12 2.78493e+10 278493 0.00985411
1e+12 2.79565e+10 279565 0.00940712
1e+12 2.8064e+10 280640 0.00897959
1e+12 2.81719e+10 281719 0.00857035
1e+12 2.82803e+10 282803 0.0081783
1e+12 2.83891e+10 283891 0.00780314
1e+12 2.84983e+10 284983 0.00744419
1e+12 2.86079e+10 286079 0.00710081
1e+12 2.87179e+10 287179 0.00677236
1e+12 2.88284e+10 288284 0.00645797
1e+12 2.89392e+10 289392 0.00615762
1e+12 2.90506e+10 290506 0.00586995
1e+12 2.91623e+10 291623 0.00559522
1e+12 2.92745e+10 292745 0.00533241
1e+12 2.93871e+10 293871 0.00508126
1e+12 2.95001e+10 295001 0.00484131
1e+12 2.96136e+10 296136 0.00461188
1e+12 2.97275e+10 297275 0.00439274
1e+12 2.98418e+10 298418 0.00418346
1e+12 2.99566e+10 299566 0.00398346
1e+12 3.00718e+10 300718 0.00379252
1e+12 3.01875e+10 301875 0.00361011
1e+12 3.03036e+10 303036 0.00343602
1e+12 3.04201e+10 304201 0.00326989
1e+12 3.05371e+10 305371 0.00311126
1e+12 3.06546e+10 306546 0.00295981
1e+12 3.07725e+10 307725 0.00281537
1e+12 3.08909e+10 308909 0.0026775
1e+12 3.10097e+10 310097 0.00254606
1e+12 3.11289e+10 311289 0.00242076
1e+12 3.12487e+10 312487 0.00230113
1e+12 3.13689e+10 313689 0.00218712
1e+12 3.14895e+10 314895 0.0020785
1e+12 3.16106e+10 316106 0.00197493
1e+12 3.17322e+10 317322 0.0018762
1e+12 3.18543e+10 318543 0.00178209
1e+12 3.19768e+10 319768 0.00169249
1e+12 3.20998e+10 320998 0.00160712
1e+12 3.22233e+10 322233 0.00152579
1e+12 3.23472e+10 323472 0.0014484
1e+12 3.24716e+10 324716 0.00137469
1e+12 3.25965e+10 325965 0.00130451
1e+12 3.27219e+10 327219 0.00123771
1e+12 3.28477e+10 328477 0.00117417
1e+12 3.29741e+10 329741 0.00111366
1e+12 3.31009e+10 331009 0.00105614
1e+12 3.32282e+10 332282 0.00100141
1e+12 3.3356e+10 333560 0.000949362
1e+12 3.34843e+10 334843 0.000899865
1e+12 3.36131e+10 336131 0.000852805
1e+12 3.37424e+10 337424 0.000808069
1e+12 3.38722e+10 338722 0.00076555
1e+12 3.40025e+10 340025 0.000725146
1e+12 3.41333e+10 341333 0.000686758
1e+12 3.42645e+10 342645 0.00065032
1e+12 3.43963e+10 343963 0.000615688
1e+12 3.45286e+10 345286 0.000582801
1e+12 3.46614e+10 346614 0.000551579
1e+12 3.47948e+10 347948 0.00052192
1e+12 3.49286e+10 349286 0.000493793
1e+12 3.50629e+10 350629 0.000467104
1e+12 3.51978e+10 351978 0.000441766
1e+12 3.53332e+10 353332 0.000417732
1e+12 3.54691e+10 354691 0.00039494
1e+12 3.56055e+10 356055 0.000373329
1e+12 3.57425e+10 357425 0.000352828
1e+12 3.58799e+10 358799 0.00033341
1e+12 3.60179e+10 360179 0.000314997
1e+12 3.61565e+10 361565 0.000297538
1e+12 3.62955e+10 362955 0.000281012
1e+12 3.64351e+10 364351 0.000265349
1e+12 3.65753e+10 365753 0.000250508
1e+12 3.6716e+10 367160 0.000236457
1e+12 3.68572e+10 368572 0.000223158
1e+12 3.69989e+10 369989 0.000210572
1e+12 3.71413e+10 371413 0.000198647
1e+12 3.72841e+10 372841 0.000187374
1e+12 3.74275e+10 374275 0.000176704
1e+12 3.75715e+10 375715 0.000166608
1e+12 3.7716e+10 377160 0.000157063
1e+12 3.78611e+10 378611 0.000148035
1e+12 3.80067e+10 380067 0.000139502
1e+12 3.81529e+10 381529 0.000131435
1e+12 3.82996e+10 382996 0.000123814
1e+12 3.84469e+10 384469 0.000116611
1e+12 3.85948e+10 385948 0.000109805
1e+12 3.87433e+10 387433 0.000103375
1e+12 3.88923e+10 388923 9.73059e-05
1e+12 3.90419e+10 390419 9.15744e-05
1e+12 3.9192e+10 391920 8.61666e-05
1e+12 3.93428e+10 393428 8.10586e-05
1e+12 3.94941e+10 394941 7.6241e-05
1e+12 3.9646e+10 396460 7.16953e-05
1e+12 3.97985e+10 397985 6.74071e-05
1e+12 3.99516e+10 399516 6.33626e-05
1e+12 4.01052e+10 401052 5.95512e-05
1e+12 4.02595e+10 402595 5.59557e-05
1e+12 4.04143e+10 404143 5.25688e-05
1e+12 4.05698e+10 405698 4.93751e-05
1e+12 4.07258e+10 407258 4.63681e-05
1e+12 4.08825e+10 408825 4.35337e-05
1e+12 4.10397e+10 410397 4.08662e-05
1e+12 4.11976e+10 411976 3.83529e-05
1e+12 4.1356e+10 413560 3.59885e-05
1e+12 4.15151e+10 415151 3.37619e-05
1e+12 4.16748e+10 416748 3.16668e-05
1e+12 4.18351e+10 418351 2.96958e-05
1e+12 4.1996e+10 419960 2.78421e-05
1e+12 4.21575e+10 421575 2.60989e-05
1e+12 4.23197e+10 423197 2.44592e-05
1e+12 4.24824e+10 424824 2.29189e-05
1e+12 4.26458e+10 426458 2.14707e-05
1e+12 4.28099e+10 428099 2.01092e-05
1e+12 4.29745e+10 429745 1.88312e-05
1e+12 4.31398e+10 431398 1.76303e-05
1e+12 4.33057e+10 433057 1.65029e-05
1e+12 4.34723e+10 434723 1.5444e-05
1e+12 4.36395e+10 436395 1.44503e-05
1e+12 4.38074e+10 438074 1.35174e-05
1e+12 4.39759e+10 439759 1.26424e-05
1e+12 4.4145e+10 441450 1.18218e-05
1e+12 4.43148e+10 443148 1.10519e-05
1e+12 4.44853e+10 444853 1.03299e-05
1e+12 4.46564e+10 446564 9.65329e-06
1e+12 4.48281e+10 448281 9.01934e-06
1e+12 4.50005e+10 450005 8.42517e-06
1e+12 4.51736e+10 451736 7.86842e-06
1e+12 4.53474e+10 453474 7.34686e-06
1e+12 4.55218e+10 455218 6.85866e-06
1e+12 4.56969e+10 456969 6.40152e-06
1e+12 4.58727e+10 458727 5.97358e-06
1e+12 4.60491e+10 460491 5.5733e-06
1e+12 4.62262e+10 462262 5.19876e-06
1e+12 4.6404e+10 464040 4.8484e-06
1e+12 4.65825e+10 465825 4.52073e-06
1e+12 4.67617e+10 467617 4.21436e-06
1e+12 4.69415e+10 469415 3.92813e-06
1e+12 4.71221e+10 471221 3.66048e-06
1e+12 4.73033e+10 473033 3.41056e-06
1e+12 4.74853e+10 474853 3.17698e-06
1e+12 4.76679e+10 476679 2.95897e-06
1e+12 4.78513e+10 478513 2.75533e-06
1e+12 4.80353e+10 480353 2.56535e-06
1e+12 4.82201e+10 482201 2.38797e-06
1e+12 4.84055e+10 484055 2.22258e-06
1e+12 4.85917e+10 485917 2.06824e-06
1e+12 4.87786e+10 487786 1.92433e-06
1e+12 4.89662e+10 489662 1.79017e-06
1e+12 4.91546e+10 491546 1.66508e-06
1e+12 4.93436e+10 493436 1.54858e-06
1e+12 4.95334e+10 495334 1.44e-06
1e+12 4.97239e+10 497239 1.33889e-06
1e+12 4.99152e+10 499152 1.24471e-06
1e+12 5.01072e+10 501072 1.15704e-06
1e+12 5.02999e+10 502999 1.07547e-06
1e+12 5.04934e+10 504934 9.99536e-07
1e+12 5.06876e+10 506876 9.28917e-07
1e+12 5.08825e+10 508825 8.63256e-07
1e+12 5.10783e+10 510783 8.02156e-07
1e+12 5.12747e+10 512747 7.45405e-07
1e+12 5.14719e+10 514719 6.92651e-07
1e+12 5.16699e+10 516699 6.43628e-07
1e+12 5.18687e+10 518687 5.98083e-07
1e+12 5.20682e+10 520682 5.55803e-07
1e+12 5.22684e+10 522684 5.16563e-07
1e+12 5.24695e+10 524695 4.80119e-07
1e+12 5.26713e+10 526713 4.46314e-07
1e+12 5.28739e+10 528739 4.14951e-07
1e+12 5.30772e+10 530772 3.85875e-07
1e+12 5.32814e+10 532814 3.589e-07
1e+12 5.34863e+10 534863 3.33906e-07
1e+12 5.3692e+10 536920 3.10742e-07
1e+12 5.38986e+10 538986 2.89271e-07
1e+12 5.41059e+10 541059 2.69393e-07
1e+12 5.4314e+10 543140 2.50986e-07
1e+12 5.45229e+10 545229 2.33946e-07
1e+12 5.47326e+10 547326 2.18176e-07
1e+12 5.49431e+10 549431 2.03586e-07
1e+12 5.51544e+10 551544 1.90091e-07
1e+12 5.53666e+10 553666 1.77606e-07
1e+12 5.55795e+10 555795 1.66071e-07
1e+12 5.57933e+10 557933 1.55405e-07
1e+12 5.60079e+10 560079 1.45552e-07
1e+12 5.62233e+10 562233 1.36451e-07
1e+12 5.64396e+10 564396 1.28044e-07
1e+12 5.66567e+10 566567 1.20283e-07
1e+12 5.68746e+10 568746 1.13122e-07
1e+12 5.70934e+10 570934 1.06512e-07
1e+12 5.73129e+10 573129 1.00419e-07
1e+12 5.75334e+10 575334 9.47959e-08
1e+12 5.77547e+10 577547 8.96131e-08
1e+12 5.79768e+10 579768 8.48374e-08
1e+12 5.81998e+10 581998 8.04362e-08
1e+12 5.84237e+10 584237 7.63813e-08
1e+12 5.86484e+10 586484 7.26482e-08
1e+12 5.8874e+10 588740 6.9211e-08
1e+12 5.91004e+10 591004 6.60485e-08
1e+12 5.93277e+10 593277 6.31384e-08
1e+12 5.95559e+10 595559 6.04614e-08
1e+12 5.9785e+10 597850 5.79995e-08
1e+12 6.00149e+10 600149 5.57372e-08
1e+12 6.02458e+10 602458 5.36571e-08
1e+12 6.04775e+10 604775 5.17468e-08
1e+12 6.07101e+10 607101 4.99921e-08
1e+12 6.09436e+10 609436 4.8381e-08
1e+12 6.1178e+10 611780 4.69022e-08
1e+12 6.14133e+10 614133 4.55451e-08
1e+12 6.16496e+10 616496 4.42997e-08
1e+12 6.18867e+10 618867 4.31581e-08
1e+12 6.21247e+10 621247 4.21115e-08
1e+12 6.23637e+10 623637 4.1152e-08
1e+12 6.26035e+10 626035 4.02733e-08
1e+12 6.28443e+10 628443 3.94681e-08
1e+12 6.3086e+10 630860 3.87309e-08
1e+12 6.33287e+10 633287 3.80559e-08
1e+12 6.35723e+10 635723 3.74383e-08
1e+12 6.38168e+10 638168 3.68734e-08
1e+12 6.40623e+10 640623 3.63566e-08
1e+12 6.43087e+10 643087 3.58842e-08
1e+12 6.4556e+10 645560 3.54525e-08
1e+12 6.48043e+10 648043 3.50581e-08
1e+12 6.50536e+10 650536 3.46977e-08
1e+12 6.53038e+10 653038 3.43687e-08
1e+12 6.5555e+10 655550 3.40684e-08
1e+12 6.58071e+10 658071 3.37944e-08
1e+12 6.60602e+10 660602 3.35384e-08
1e+12 6.63143e+10 663143 3.32873e-08
1e+12 6.65694e+10 665694 3.30352e-08
1e+12 6.68254e+10 668254 3.27822e-08
1e+12 6.70824e+10 670824 3.25283e-08
1e+12 6.73405e+10 673405 3.22732e-08
1e+12 6.75995e+10 675995 3.20173e-08
1e+12 6.78595e+10 678595 3.17604e-08
1e+12 6.81205e+10 681205 3.15024e-08
1e+12 6.83825e+10 683825 3.12435e-08
1e+12 6.86455e+10 686455 3.09837e-08
1e+12 6.89096e+10 689096 3.07227e-08
1e+12 6.91746e+10 691746 3.04608e-08
1e+12 6.94407e+10 694407 3.01979e-08
1e+12 6.97078e+10 697078 2.99339e-08
1e+12 6.99759e+10 699759 2.9669e-08
1e+12 7.0245e+10 702450 2.94031e-08
1e+12 7.05152e+10 705152 2.91361e-08
1e+12 7.07864e+10 707864 2.88681e-08
1e+12 7.10587e+10 710587 2.8599e-08
1e+12 7.1332e+10 713320 2.83289e-08
1e+12 7.16064e+10 716064 2.80578e-08
1e+12 7.18818e+10 718818 2.77856e-08
1e+12 7.21583e+10 721583 2.75124e-08
1e+12 7.24358e+10 724358 2.72382e-08
1e+12 7.27144e+10 727144 2.69629e-08
1e+12 7.29941e+10 729941 2.66865e-08
1e+12 7.32749e+10 732749 2.6409e-08
1e+12 7.35567e+10 735567 2.61305e-08
1e+12 7.38396e+10 738396 2.5851e-08
1e+12 7.41236e+10 741236 2.55703e-08
1e+12 7.44087e+10 744087 2.52886e-08
1e+12 7.46949e+10 746949 2.50058e-08
1e+12 7.49822e+10 749822 2.47219e-08
1e+12 7.52706e+10 752706 2.44369e-08
1e+12 7.55601e+10 755601 2.41508e-08
1e+12 7.58508e+10 758508 2.38636e-08
1e+12 7.61425e+10 761425 2.35753e-08
1e+12 7.64354e+10 764354 2.32859e-08
1e+12 7.67294e+10 767294 2.29954e-08
1e+12 7.70245e+10 770245 2.27038e-08
1e+12 7.73208e+10 773208 2.2411e-08
1e+12 7.76182e+10 776182 2.21171e-08
1e+12 7.79167e+10 779167 2.18221e-08
1e+12 7.82164e+10 782164 2.1526e-08
1e+12 7.85172e+10 785172 2.12287e-08
1e+12 7.88192e+10 788192 2.09303e-08
1e+12 7.91224e+10 791224 2.06307e-08
1e+12 7.94267e+10 794267 2.033e-08
1e+12 7.97322e+10 797322 2.00281e-08
1e+12 8.00389e+10 800389 1.9725e-08
1e+12 8.03468e+10 803468 1.94208e-08
1e+12 8.06558e+10 806558 1.91154e-08
1e+12 8.0966e+10 809660 1.88089e-08
1e+12 8.12774e+10 812774 1.85012e-08
1e+12 8.15901e+10 815901 1.81922e-08
1e+12 8.19039e+10 819039 1.78821e-08
1e+12 8.22189e+10 822189 1.75708e-08
1e+12 8.25351e+10 825351 1.72583e-08
1e+12 8.28526e+10 828526 1.69446e-08
1e+12 8.31713e+10 831713 1.66297e-08
1e+12 8.34912e+10 834912 1.63135e-08
1e+12 8.38123e+10 838123 1.59962e-08
1e+12 8.41347e+10 841347 1.56777e-08
1e+12 8.44583e+10 844583 1.53579e-08
1e+12 8.47831e+10 847831 1.50369e-08
1e+12 8.51092e+10 851092 1.47147e-08
1e+12 8.54366e+10 854366 1.43912e-08
1e+12 8.57652e+10 857652 1.40664e-08
1e+12 8.60951e+10 860951 1.37404e-08
1e+12 8.64262e+10 864262 1.34133e-08
1e+12 8.67586e+10 867586 1.30848e-08
1e+12 8.70923e+10 870923 1.2755e-08
1e+12 8.74273e+10 874273 1.2424e-08
1e+12 8.77636e+10 877636 1.20917e-08
1e+12 8.81012e+10 881012 1.17581e-08
1e+12 8.844e+10 884400 1.14233e-08
1e+12 8.87802e+10 887802 1.10871e-08
1e+12 8.91217e+10 891217 1.07496e-08
1e+12 8.94645e+10 894645 1.04109e-08
1e+12 8.98086e+10 898086 1.00709e-08
1e+12 9.0154e+10 901540 9.72955e-09
1e+12 9.05008e+10 905008 9.38685e-09
1e+12 9.08489e+10 908489 9.04287e-09
1e+12 9.11983e+10 911983 8.6976e-09
1e+12 9.15491e+10 915491 8.35095e-09
1e+12 9.19012e+10 919012 8.00301e-09
1e+12 9.22547e+10 922547 7.65369e-09
1e+12 9.26095e+10 926095 7.30309e-09
1e+12 9.29657e+10 929657 6.9511e-09
1e+12 9.33233e+10 933233 6.59773e-09
1e+12 9.36822e+10 936822 6.24308e-09
1e+12 9.40426e+10 940426 5.88694e-09
1e+12 9.44043e+10 944043 5.52952e-09
1e+12 9.47674e+10 947674 5.17071e-09
1e+12 9.51319e+10 951319 4.81052e-09
1e+12 9.54978e+10 954978 4.44895e-09
1e+12 9.58651e+10 958651 4.08599e-09
1e+12 9.62338e+10 962338 3.72166e-09
1e+12 9.6604e+10 966040 3.35583e-09
1e+12 9.69755e+10 969755 2.98873e-09
1e+12 9.73485e+10 973485 2.62014e-09
1e+12 9.7723e+10 977230 2.25007e-09
1e+12 9.80988e+10 980988 1.87871e-09
1e+12 9.84762e+10 984762 1.50578e-09
1e+12 9.88549e+10 988549 1.13156e-09
1e+12 9.92352e+10 992352 7.55754e-10
1e+12 9.96168e+10 996168 3.78668e-10
1e+12 1e+11 1e+06 0

