# model GBW
# columns: Enu_GeV r_cm r_km tau
100000 1e+06 10 4.40646e+08
100000 1.00385e+06 10.0385 4.38112e+08
100000 1.00771e+06 10.0771 4.35596e+08
100000 1.01158e+06 10.1158 4.33097e+08
100000 1.01547e+06 10.1547 4.30609e+08
100000 1.01938e+06 10.1938 4.28132e+08
100000 1.0233e+06 10.233 4.25673e+08
100000 1.02724e+06 10.2724 4.23224e+08
100000 1.03119e+06 10.3119 4.20793e+08
100000 1.03515e+06 10.3515 4.18379e+08
100000 1.03914e+06 10.3914 4.1597e+08
100000 1.04313e+06 10.4313 4.13584e+08
100000 1.04714e+06 10.4714 4.11209e+08
100000 1.05117e+06 10.5117 4.08845e+08
100000 1.05522e+06 10.5522 4.06492e+08
100000 1.05927e+06 10.5927 4.04162e+08
100000 1.06335e+06 10.6335 4.01836e+08
100000 1.06744e+06 10.6744 3.99527e+08
100000 1.07154e+06 10.7154 3.97235e+08
100000 1.07567e+06 10.7567 3.94948e+08
100000 1.0798e+06 10.798 3.92682e+08
100000 1.08396e+06 10.8396 3.90423e+08
100000 1.08813e+06 10.8813 3.88179e+08
100000 1.09231e+06 10.9231 3.85951e+08
100000 1.09651e+06 10.9651 3.83734e+08
100000 1.10073e+06 11.0073 3.81528e+08
100000 1.10496e+06 11.0496 3.79338e+08
100000 1.10921e+06 11.0921 3.77158e+08
100000 1.11348e+06 11.1348 3.74989e+08
100000 1.11776e+06 11.1776 3.72836e+08
100000 1.12206e+06 11.2206 3.70693e+08
100000 1.12638e+06 11.2638 3.68561e+08
100000 1.13071e+06 11.3071 3.66445e+08
100000 1.13506e+06 11.3506 3.64338e+08
100000 1.13942e+06 11.3942 3.62248e+08
100000 1.14381e+06 11.4381 3.60163e+08
100000 1.14821e+06 11.4821 3.58093e+08
100000 1.15262e+06 11.5262 3.56038e+08
100000 1.15706e+06 11.5706 3.53989e+08
100000 1.16151e+06 11.6151 3.51955e+08
100000 1.16597e+06 11.6597 3.49936e+08
100000 1.17046e+06 11.7046 3.47923e+08
100000 1.17496e+06 11.7496 3.45925e+08
100000 1.17948e+06 11.7948 3.43937e+08
100000 1.18402e+06 11.8402 3.41959e+08
100000 1.18857e+06 11.8857 3.39996e+08
100000 1.19314e+06 11.9314 3.38043e+08
100000 1.19773e+06 11.9773 3.361e+08
100000 1.20234e+06 12.0234 3.34167e+08
100000 1.20696e+06 12.0696 3.32249e+08
100000 1.21161e+06 12.1161 3.30337e+08
100000 1.21627e+06 12.1627 3.28439e+08
100000 1.22094e+06 12.2094 3.26554e+08
100000 1.22564e+06 12.2564 3.24676e+08
100000 1.23035e+06 12.3035 3.22812e+08
100000 1.23509e+06 12.3509 3.20954e+08
100000 1.23984e+06 12.3984 3.1911e+08
100000 1.24461e+06 12.4461 3.17276e+08
100000 1.24939e+06 12.4939 3.15456e+08
100000 1.2542e+06 12.542 3.13641e+08
100000 1.25902e+06 12.5902 3.1184e+08
100000 1.26386e+06 12.6386 3.10049e+08
100000 1.26873e+06 12.6873 3.08264e+08
100000 1.27361e+06 12.7361 3.06493e+08
100000 1.2785e+06 12.785 3.04735e+08
100000 1.28342e+06 12.8342 3.02983e+08
100000 1.28836e+06 12.8836 3.0124e+08
100000 1.29331e+06 12.9331 2.99511e+08
100000 1.29829e+06 12.9829 2.97788e+08
100000 1.30328e+06 13.0328 2.96078e+08
100000 1.30829e+06 13.0829 2.94377e+08
100000 1.31333e+06 13.1333 2.92683e+08
100000 1.31838e+06 13.1838 2.91002e+08
100000 1.32345e+06 13.2345 2.8933e+08
100000 1.32854e+06 13.2854 2.87667e+08
100000 1.33365e+06 13.3365 2.86014e+08
100000 1.33878e+06 13.3878 2.8437e+08
100000 1.34393e+06 13.4393 2.82736e+08
100000 1.3491e+06 13.491 2.81111e+08
100000 1.35429e+06 13.5429 2.79495e+08
100000 1.3595e+06 13.595 2.77888e+08
100000 1.36472e+06 13.6472 2.76294e+08
100000 1.36997e+06 13.6997 2.74706e+08
100000 1.37524e+06 13.7524 2.73127e+08
100000 1.38053e+06 13.8053 2.71557e+08
100000 1.38584e+06 13.8584 2.69997e+08
100000 1.39117e+06 13.9117 2.68445e+08
100000 1.39652e+06 13.9652 2.66903e+08
100000 1.4019e+06 14.019 2.65366e+08
100000 1.40729e+06 14.0729 2.63842e+08
100000 1.4127e+06 14.127 2.62326e+08
100000 1.41813e+06 14.1813 2.6082e+08
100000 1.42359e+06 14.2359 2.59319e+08
100000 1.42906e+06 14.2906 2.57831e+08
100000 1.43456e+06 14.3456 2.56348e+08
100000 1.44008e+06 14.4008 2.54874e+08
100000 1.44562e+06 14.4562 2.53409e+08
100000 1.45118e+06 14.5118 2.51953e+08
100000 1.45676e+06 14.5676 2.50505e+08
100000 1.46236e+06 14.6236 2.49066e+08
100000 1.46799e+06 14.6799 2.47633e+08
100000 1.47363e+06 14.7363 2.46212e+08
100000 1.4793e+06 14.793 2.44796e+08
100000 1.48499e+06 14.8499 2.43389e+08
100000 1.4907e+06 14.907 2.41991e+08
100000 1.49644e+06 14.9644 2.40598e+08
100000 1.50219e+06 15.0219 2.39217e+08
100000 1.50797e+06 15.0797 2.37842e+08
100000 1.51377e+06 15.1377 2.36475e+08
100000 1.51959e+06 15.1959 2.35116e+08
100000 1.52544e+06 15.2544 2.33764e+08
100000 1.5313e+06 15.313 2.32422e+08
100000 1.53719e+06 15.3719 2.31086e+08
100000 1.54311e+06 15.4311 2.29756e+08
100000 1.54904e+06 15.4904 2.28437e+08
100000 1.555e+06 15.55 2.27123e+08
100000 1.56098e+06 15.6098 2.25818e+08
100000 1.56699e+06 15.6699 2.24519e+08
100000 1.57301e+06 15.7301 2.2323e+08
100000 1.57906e+06 15.7906 2.21947e+08
100000 1.58514e+06 15.8514 2.2067e+08
100000 1.59123e+06 15.9123 2.19403e+08
100000 1.59735e+06 15.9735 2.18142e+08
100000 1.6035e+06 16.035 2.16887e+08
100000 1.60967e+06 16.0967 2.1564e+08
100000 1.61586e+06 16.1586 2.14401e+08
100000 1.62207e+06 16.2207 2.13169e+08
100000 1.62831e+06 16.2831 2.11944e+08
100000 1.63457e+06 16.3457 2.10726e+08
100000 1.64086e+06 16.4086 2.09515e+08
100000 1.64717e+06 16.4717 2.08311e+08
100000 1.65351e+06 16.5351 2.07112e+08
100000 1.65987e+06 16.5987 2.05922e+08
100000 1.66625e+06 16.6625 2.04739e+08
100000 1.67266e+06 16.7266 2.03562e+08
100000 1.67909e+06 16.7909 2.02393e+08
100000 1.68555e+06 16.8555 2.01229e+08
100000 1.69204e+06 16.9204 2.00071e+08
100000 1.69854e+06 16.9854 1.98922e+08
100000 1.70508e+06 17.0508 1.97778e+08
100000 1.71163e+06 17.1163 1.96642e+08
100000 1.71822e+06 17.1822 1.95511e+08
100000 1.72483e+06 17.2483 1.94387e+08
100000 1.73146e+06 17.3146 1.9327e+08
100000 1.73812e+06 17.3812 1.92159e+08
100000 1.74481e+06 17.4481 1.91054e+08
100000 1.75152e+06 17.5152 1.89956e+08
100000 1.75825e+06 17.5825 1.88865e+08
100000 1.76502e+06 17.6502 1.87778e+08
100000 1.77181e+06 17.7181 1.86699e+08
100000 1.77862e+06 17.7862 1.85626e+08
100000 1.78546e+06 17.8546 1.84559e+08
100000 1.79233e+06 17.9233 1.83498e+08
100000 1.79922e+06 17.9922 1.82444e+08
100000 1.80614e+06 18.0614 1.81395e+08
100000 1.81309e+06 18.1309 1.80352e+08
100000 1.82006e+06 18.2006 1.79316e+08
100000 1.82706e+06 18.2706 1.78285e+08
100000 1.83409e+06 18.3409 1.7726e+08
100000 1.84115e+06 18.4115 1.7624e+08
100000 1.84823e+06 18.4823 1.75227e+08
100000 1.85534e+06 18.5534 1.7422e+08
100000 1.86247e+06 18.6247 1.73219e+08
100000 1.86964e+06 18.6964 1.72222e+08
100000 1.87683e+06 18.7683 1.71232e+08
100000 1.88405e+06 18.8405 1.70248e+08
100000 1.89129e+06 18.9129 1.6927e+08
100000 1.89857e+06 18.9857 1.68296e+08
100000 1.90587e+06 19.0587 1.67329e+08
100000 1.9132e+06 19.132 1.66367e+08
100000 1.92056e+06 19.2056 1.65411e+08
100000 1.92795e+06 19.2795 1.64459e+08
100000 1.93536e+06 19.3536 1.63514e+08
100000 1.94281e+06 19.4281 1.62574e+08
100000 1.95028e+06 19.5028 1.61639e+08
100000 1.95778e+06 19.5778 1.6071e+08
100000 1.96531e+06 19.6531 1.59786e+08
100000 1.97287e+06 19.7287 1.58868e+08
100000 1.98046e+06 19.8046 1.57954e+08
100000 1.98808e+06 19.8808 1.57046e+08
100000 1.99572e+06 19.9572 1.56144e+08
100000 2.0034e+06 20.034 1.55246e+08
100000 2.0111e+06 20.111 1.54354e+08
100000 2.01884e+06 20.1884 1.53466e+08
100000 2.0266e+06 20.266 1.52584e+08
100000 2.0344e+06 20.344 1.51706e+08
100000 2.04222e+06 20.4222 1.50834e+08
100000 2.05008e+06 20.5008 1.49967e+08
100000 2.05796e+06 20.5796 1.49105e+08
100000 2.06588e+06 20.6588 1.48247e+08
100000 2.07383e+06 20.7383 1.47395e+08
100000 2.0818e+06 20.818 1.46548e+08
100000 2.08981e+06 20.8981 1.45705e+08
100000 2.09785e+06 20.9785 1.44867e+08
100000 2.10592e+06 21.0592 1.44034e+08
100000 2.11402e+06 21.1402 1.43206e+08
100000 2.12215e+06 21.2215 1.42383e+08
100000 2.13031e+06 21.3031 1.41564e+08
100000 2.1385e+06 21.385 1.40751e+08
100000 2.14673e+06 21.4673 1.39941e+08
100000 2.15499e+06 21.5499 1.39136e+08
100000 2.16327e+06 21.6327 1.38337e+08
100000 2.1716e+06 21.716 1.37541e+08
100000 2.17995e+06 21.7995 1.3675e+08
100000 2.18833e+06 21.8833 1.35964e+08
100000 2.19675e+06 21.9675 1.35182e+08
100000 2.2052e+06 22.052 1.34405e+08
100000 2.21368e+06 22.1368 1.33632e+08
100000 2.2222e+06 22.222 1.32863e+08
100000 2.23074e+06 22.3074 1.321e+08
100000 2.23932e+06 22.3932 1.3134e+08
100000 2.24794e+06 22.4794 1.30585e+08
100000 2.25658e+06 22.5658 1.29834e+08
100000 2.26526e+06 22.6526 1.29088e+08
100000 2.27397e+06 22.7397 1.28346e+08
100000 2.28272e+06 22.8272 1.27607e+08
100000 2.2915e+06 22.915 1.26874e+08
100000 2.30031e+06 23.0031 1.26144e+08
100000 2.30916e+06 23.0916 1.25419e+08
100000 2.31804e+06 23.1804 1.24698e+08
100000 2.32696e+06 23.2696 1.2398e+08
100000 2.33591e+06 23.3591 1.23267e+08
100000 2.34489e+06 23.4489 1.22559e+08
100000 2.35391e+06 23.5391 1.21854e+08
100000 2.36297e+06 23.6297 1.21153e+08
100000 2.37206e+06 23.7206 1.20456e+08
100000 2.38118e+06 23.8118 1.19764e+08
100000 2.39034e+06 23.9034 1.19075e+08
100000 2.39953e+06 23.9953 1.18391e+08
100000 2.40876e+06 24.0876 1.1771e+08
100000 2.41803e+06 24.1803 1.17032e+08
100000 2.42733e+06 24.2733 1.16359e+08
100000 2.43666e+06 24.3666 1.15691e+08
100000 2.44604e+06 24.4604 1.15025e+08
100000 2.45544e+06 24.5544 1.14364e+08
100000 2.46489e+06 24.6489 1.13706e+08
100000 2.47437e+06 24.7437 1.13052e+08
100000 2.48389e+06 24.8389 1.12402e+08
100000 2.49344e+06 24.9344 1.11756e+08
100000 2.50303e+06 25.0303 1.11113e+08
100000 2.51266e+06 25.1266 1.10474e+08
100000 2.52232e+06 25.2232 1.09839e+08
100000 2.53202e+06 25.3202 1.09207e+08
100000 2.54176e+06 25.4176 1.08579e+08
100000 2.55154e+06 25.5154 1.07954e+08
100000 2.56135e+06 25.6135 1.07334e+08
100000 2.57121e+06 25.7121 1.06716e+08
100000 2.58109e+06 25.8109 1.06103e+08
100000 2.59102e+06 25.9102 1.05492e+08
100000 2.60099e+06 26.0099 1.04885e+08
100000 2.61099e+06 26.1099 1.04282e+08
100000 2.62104e+06 26.2104 1.03682e+08
100000 2.63112e+06 26.3112 1.03086e+08
100000 2.64124e+06 26.4124 1.02493e+08
100000 2.6514e+06 26.514 1.01904e+08
100000 2.66159e+06 26.6159 1.01318e+08
100000 2.67183e+06 26.7183 1.00735e+08
100000 2.68211e+06 26.8211 1.00155e+08
100000 2.69242e+06 26.9242 9.95798e+07
100000 2.70278e+06 27.0278 9.90068e+07
100000 2.71318e+06 27.1318 9.84371e+07
100000 2.72361e+06 27.2361 9.78712e+07
100000 2.73409e+06 27.3409 9.73081e+07
100000 2.7446e+06 27.446 9.67487e+07
100000 2.75516e+06 27.5516 9.6192e+07
100000 2.76576e+06 27.6576 9.56386e+07
100000 2.77639e+06 27.7639 9.50889e+07
100000 2.78707e+06 27.8707 9.45419e+07
100000 2.79779e+06 27.9779 9.39981e+07
100000 2.80855e+06 28.0855 9.34575e+07
100000 2.81936e+06 28.1936 9.29196e+07
100000 2.8302e+06 28.302 9.23853e+07
100000 2.84109e+06 28.4109 9.18537e+07
100000 2.85201e+06 28.5201 9.13257e+07
100000 2.86298e+06 28.6298 9.08003e+07
100000 2.874e+06 28.74 9.02777e+07
100000 2.88505e+06 28.8505 8.97586e+07
100000 2.89615e+06 28.9615 8.92421e+07
100000 2.90729e+06 29.0729 8.87287e+07
100000 2.91847e+06 29.1847 8.82184e+07
100000 2.92969e+06 29.2969 8.77112e+07
100000 2.94096e+06 29.4096 8.72066e+07
100000 2.95227e+06 29.5227 8.6705e+07
100000 2.96363e+06 29.6363 8.6206e+07
100000 2.97503e+06 29.7503 8.57101e+07
100000 2.98647e+06 29.8647 8.52171e+07
100000 2.99796e+06 29.9796 8.47268e+07
100000 3.00949e+06 30.0949 8.42394e+07
100000 3.02106e+06 30.2106 8.3755e+07
100000 3.03268e+06 30.3268 8.32732e+07
100000 3.04435e+06 30.4435 8.27939e+07
100000 3.05606e+06 30.5606 8.23176e+07
100000 3.06781e+06 30.6781 8.18442e+07
100000 3.07961e+06 30.7961 8.13734e+07
100000 3.09146e+06 30.9146 8.0905e+07
100000 3.10335e+06 31.0335 8.04396e+07
100000 3.11529e+06 31.1529 7.99767e+07
100000 3.12727e+06 31.2727 7.95167e+07
100000 3.1393e+06 31.393 7.90591e+07
100000 3.15137e+06 31.5137 7.86045e+07
100000 3.16349e+06 31.6349 7.81523e+07
100000 3.17566e+06 31.7566 7.77026e+07
100000 3.18787e+06 31.8787 7.72557e+07
100000 3.20014e+06 32.0014 7.68109e+07
100000 3.21244e+06 32.1244 7.63693e+07
100000 3.2248e+06 32.248 7.59297e+07
100000 3.2372e+06 32.372 7.5493e+07
100000 3.24966e+06 32.4966 7.50583e+07
100000 3.26215e+06 32.6215 7.46268e+07
100000 3.2747e+06 32.747 7.41973e+07
100000 3.2873e+06 32.873 7.37703e+07
100000 3.29994e+06 32.9994 7.3346e+07
100000 3.31263e+06 33.1263 7.2924e+07
100000 3.32537e+06 33.2537 7.25045e+07
100000 3.33817e+06 33.3817 7.2087e+07
100000 3.351e+06 33.51 7.16725e+07
100000 3.36389e+06 33.6389 7.12601e+07
100000 3.37683e+06 33.7683 7.085e+07
100000 3.38982e+06 33.8982 7.04423e+07
100000 3.40286e+06 34.0286 7.00369e+07
100000 3.41595e+06 34.1595 6.96338e+07
100000 3.42909e+06 34.2909 6.92331e+07
100000 3.44228e+06 34.4228 6.88347e+07
100000 3.45552e+06 34.5552 6.84386e+07
100000 3.46881e+06 34.6881 6.80448e+07
100000 3.48215e+06 34.8215 6.76533e+07
100000 3.49554e+06 34.9554 6.72641e+07
100000 3.50899e+06 35.0899 6.68769e+07
100000 3.52248e+06 35.2248 6.64923e+07
100000 3.53603e+06 35.3603 6.61096e+07
100000 3.54963e+06 35.4963 6.57292e+07
100000 3.56329e+06 35.6329 6.53507e+07
100000 3.57699e+06 35.7699 6.49748e+07
100000 3.59075e+06 35.9075 6.46008e+07
100000 3.60456e+06 36.0456 6.42291e+07
100000 3.61842e+06 36.1842 6.38596e+07
100000 3.63234e+06 36.3234 6.3492e+07
100000 3.64631e+06 36.4631 6.31267e+07
100000 3.66034e+06 36.6034 6.27632e+07
100000 3.67442e+06 36.7442 6.2402e+07
100000 3.68855e+06 36.8855 6.2043e+07
100000 3.70274e+06 37.0274 6.16858e+07
100000 3.71698e+06 37.1698 6.13308e+07
100000 3.73128e+06 37.3128 6.09778e+07
100000 3.74563e+06 37.4563 6.06269e+07
100000 3.76003e+06 37.6003 6.02781e+07
100000 3.7745e+06 37.745 5.9931e+07
100000 3.78901e+06 37.8901 5.95863e+07
100000 3.80359e+06 38.0359 5.92432e+07
100000 3.81822e+06 38.1822 5.89022e+07
100000 3.8329e+06 38.329 5.85633e+07
100000 3.84765e+06 38.4765 5.82261e+07
100000 3.86244e+06 38.6244 5.78912e+07
100000 3.8773e+06 38.773 5.75579e+07
100000 3.89221e+06 38.9221 5.72266e+07
100000 3.90718e+06 39.0718 5.68973e+07
100000 3.92221e+06 39.2221 5.65697e+07
100000 3.9373e+06 39.373 5.6244e+07
100000 3.95244e+06 39.5244 5.59204e+07
100000 3.96765e+06 39.6765 5.55983e+07
100000 3.98291e+06 39.8291 5.52783e+07
100000 3.99823e+06 39.9823 5.49601e+07
100000 4.0136e+06 40.136 5.46439e+07
100000 4.02904e+06 40.2904 5.43293e+07
100000 4.04454e+06 40.4454 5.40165e+07
100000 4.06009e+06 40.6009 5.37057e+07
100000 4.07571e+06 40.7571 5.33965e+07
100000 4.09139e+06 40.9139 5.30891e+07
100000 4.10712e+06 41.0712 5.27836e+07
100000 4.12292e+06 41.2292 5.24797e+07
100000 4.13878e+06 41.3878 5.21775e+07
100000 4.1547e+06 41.547 5.18771e+07
100000 4.17068e+06 41.7068 5.15785e+07
100000 4.18672e+06 41.8672 5.12816e+07
100000 4.20282e+06 42.0282 5.09864e+07
100000 4.21899e+06 42.1899 5.06928e+07
100000 4.23522e+06 42.3522 5.04009e+07
100000 4.25151e+06 42.5151 5.01108e+07
100000 4.26786e+06 42.6786 4.98223e+07
100000 4.28427e+06 42.8427 4.95356e+07
100000 4.30075e+06 43.0075 4.92504e+07
100000 4.3173e+06 43.173 4.89667e+07
100000 4.3339e+06 43.339 4.86849e+07
100000 4.35057e+06 43.5057 4.84046e+07
100000 4.3673e+06 43.673 4.8126e+07
100000 4.3841e+06 43.841 4.78488e+07
100000 4.40096e+06 44.0096 4.75734e+07
100000 4.41789e+06 44.1789 4.72994e+07
100000 4.43488e+06 44.3488 4.70271e+07
100000 4.45194e+06 44.5194 4.67563e+07
100000 4.46907e+06 44.6907 4.6487e+07
100000 4.48626e+06 44.8626 4.62193e+07
100000 4.50351e+06 45.0351 4.59533e+07
100000 4.52083e+06 45.2083 4.56887e+07
100000 4.53822e+06 45.3822 4.54256e+07
100000 4.55568e+06 45.5568 4.5164e+07
100000 4.5732e+06 45.732 4.4904e+07
100000 4.59079e+06 45.9079 4.46454e+07
100000 4.60845e+06 46.0845 4.43883e+07
100000 4.62617e+06 46.2617 4.41328e+07
100000 4.64397e+06 46.4397 4.38785e+07
100000 4.66183e+06 46.6183 4.36259e+07
100000 4.67976e+06 46.7976 4.33747e+07
100000 4.69776e+06 46.9776 4.31249e+07
100000 4.71583e+06 47.1583 4.28766e+07
100000 4.73397e+06 47.3397 4.26296e+07
100000 4.75217e+06 47.5217 4.23842e+07
100000 4.77045e+06 47.7045 4.21401e+07
100000 4.7888e+06 47.888 4.18974e+07
100000 4.80722e+06 48.0722 4.16561e+07
100000 4.82571e+06 48.2571 4.14162e+07
100000 4.84427e+06 48.4427 4.11777e+07
100000 4.8629e+06 48.629 4.09406e+07
100000 4.88161e+06 48.8161 4.07048e+07
100000 4.90038e+06 49.0038 4.04704e+07
100000 4.91923e+06 49.1923 4.02373e+07
100000 4.93815e+06 49.3815 4.00056e+07
100000 4.95715e+06 49.5715 3.97751e+07
100000 4.97621e+06 49.7621 3.95461e+07
100000 4.99535e+06 49.9535 3.93183e+07
100000 5.01457e+06 50.1457 3.90918e+07
100000 5.03385e+06 50.3385 3.88667e+07
100000 5.05322e+06 50.5322 3.86427e+07
100000 5.07265e+06 50.7265 3.84202e+07
100000 5.09216e+06 50.9216 3.81989e+07
100000 5.11175e+06 51.1175 3.79789e+07
100000 5.13141e+06 51.3141 3.77601e+07
100000 5.15115e+06 51.5115 3.75426e+07
100000 5.17096e+06 51.7096 3.73264e+07
100000 5.19085e+06 51.9085 3.71113e+07
100000 5.21081e+06 52.1081 3.68976e+07
100000 5.23086e+06 52.3086 3.6685e+07
100000 5.25098e+06 52.5098 3.64737e+07
100000 5.27117e+06 52.7117 3.62636e+07
100000 5.29145e+06 52.9145 3.60547e+07
100000 5.3118e+06 53.118 3.5847e+07
100000 5.33223e+06 53.3223 3.56405e+07
100000 5.35274e+06 53.5274 3.54352e+07
100000 5.37333e+06 53.7333 3.5231e+07
100000 5.394e+06 53.94 3.5028e+07
100000 5.41474e+06 54.1474 3.48263e+07
100000 5.43557e+06 54.3557 3.46256e+07
100000 5.45648e+06 54.5648 3.44261e+07
100000 5.47746e+06 54.7746 3.42279e+07
100000 5.49853e+06 54.9853 3.40306e+07
100000 5.51968e+06 55.1968 3.38346e+07
100000 5.54091e+06 55.4091 3.36396e+07
100000 5.56222e+06 55.6222 3.34458e+07
100000 5.58362e+06 55.8362 3.32531e+07
100000 5.60509e+06 56.0509 3.30615e+07
100000 5.62665e+06 56.2665 3.2871e+07
100000 5.64829e+06 56.4829 3.26817e+07
100000 5.67002e+06 56.7002 3.24933e+07
100000 5.69183e+06 56.9183 3.23061e+07
100000 5.71372e+06 57.1372 3.21199e+07
100000 5.7357e+06 57.357 3.19348e+07
100000 5.75776e+06 57.5776 3.17508e+07
100000 5.7799e+06 57.799 3.15679e+07
100000 5.80214e+06 58.0214 3.13859e+07
100000 5.82445e+06 58.2445 3.12051e+07
100000 5.84685e+06 58.4685 3.10253e+07
100000 5.86934e+06 58.6934 3.08465e+07
100000 5.89192e+06 58.9192 3.06687e+07
100000 5.91458e+06 59.1458 3.0492e+07
100000 5.93733e+06 59.3733 3.03163e+07
100000 5.96017e+06 59.6017 3.01416e+07
100000 5.98309e+06 59.8309 2.99679e+07
100000 6.0061e+06 60.061 2.97952e+07
100000 6.02921e+06 60.2921 2.96234e+07
100000 6.0524e+06 60.524 2.94527e+07
100000 6.07567e+06 60.7567 2.9283e+07
100000 6.09904e+06 60.9904 2.91142e+07
100000 6.1225e+06 61.225 2.89464e+07
100000 6.14605e+06 61.4605 2.87796e+07
100000 6.16969e+06 61.6969 2.86137e+07
100000 6.19342e+06 61.9342 2.84488e+07
100000 6.21724e+06 62.1724 2.82848e+07
100000 6.24116e+06 62.4116 2.81218e+07
100000 6.26516e+06 62.6516 2.79597e+07
100000 6.28926e+06 62.8926 2.77985e+07
100000 6.31345e+06 63.1345 2.76383e+07
100000 6.33773e+06 63.3773 2.7479e+07
100000 6.36211e+06 63.6211 2.73206e+07
100000 6.38658e+06 63.8658 2.71631e+07
100000 6.41115e+06 64.1115 2.70065e+07
100000 6.4358e+06 64.358 2.68509e+07
100000 6.46056e+06 64.6056 2.6696e+07
100000 6.48541e+06 64.8541 2.65421e+07
100000 6.51035e+06 65.1035 2.63892e+07
100000 6.53539e+06 65.3539 2.6237e+07
100000 6.56053e+06 65.6053 2.60858e+07
100000 6.58576e+06 65.8576 2.59354e+07
100000 6.6111e+06 66.111 2.57858e+07
100000 6.63652e+06 66.3652 2.56372e+07
100000 6.66205e+06 66.6205 2.54894e+07
100000 6.68767e+06 66.8767 2.53425e+07
100000 6.7134e+06 67.134 2.51963e+07
100000 6.73922e+06 67.3922 2.5051e+07
100000 6.76514e+06 67.6514 2.49066e+07
100000 6.79116e+06 67.9116 2.4763e+07
100000 6.81728e+06 68.1728 2.46202e+07
100000 6.8435e+06 68.435 2.44783e+07
100000 6.86982e+06 68.6982 2.43372e+07
100000 6.89625e+06 68.9625 2.41968e+07
100000 6.92277e+06 69.2277 2.40573e+07
100000 6.9494e+06 69.494 2.39186e+07
100000 6.97613e+06 69.7613 2.37806e+07
100000 7.00296e+06 70.0296 2.36435e+07
100000 7.0299e+06 70.299 2.35072e+07
100000 7.05694e+06 70.5694 2.33716e+07
100000 7.08408e+06 70.8408 2.32368e+07
100000 7.11133e+06 71.1133 2.31028e+07
100000 7.13868e+06 71.3868 2.29696e+07
100000 7.16614e+06 71.6614 2.28371e+07
100000 7.1937e+06 71.937 2.27054e+07
100000 7.22137e+06 72.2137 2.25745e+07
100000 7.24914e+06 72.4914 2.24443e+07
100000 7.27703e+06 72.7703 2.23148e+07
100000 7.30502e+06 73.0502 2.21861e+07
100000 7.33311e+06 73.3311 2.20582e+07
100000 7.36132e+06 73.6132 2.1931e+07
100000 7.38963e+06 73.8963 2.18045e+07
100000 7.41806e+06 74.1806 2.16787e+07
100000 7.44659e+06 74.4659 2.15536e+07
100000 7.47523e+06 74.7523 2.14293e+07
100000 7.50398e+06 75.0398 2.13057e+07
100000 7.53284e+06 75.3284 2.11828e+07
100000 7.56182e+06 75.6182 2.10606e+07
100000 7.5909e+06 75.909 2.09392e+07
100000 7.6201e+06 76.201 2.08184e+07
100000 7.64941e+06 76.4941 2.06983e+07
100000 7.67883e+06 76.7883 2.05789e+07
100000 7.70837e+06 77.0837 2.04601e+07
100000 7.73801e+06 77.3801 2.03421e+07
100000 7.76778e+06 77.6778 2.02248e+07
100000 7.79765e+06 77.9765 2.01081e+07
100000 7.82765e+06 78.2765 1.99921e+07
100000 7.85775e+06 78.5775 1.98768e+07
100000 7.88798e+06 78.8798 1.9762e+07
100000 7.91832e+06 79.1832 1.9648e+07
100000 7.94877e+06 79.4877 1.95347e+07
100000 7.97935e+06 79.7935 1.9422e+07
100000 8.01004e+06 80.1004 1.93099e+07
100000 8.04085e+06 80.4085 1.91985e+07
100000 8.07177e+06 80.7177 1.90877e+07
100000 8.10282e+06 81.0282 1.89776e+07
100000 8.13399e+06 81.3399 1.88681e+07
100000 8.16527e+06 81.6527 1.87592e+07
100000 8.19668e+06 81.9668 1.86509e+07
100000 8.2282e+06 82.282 1.85433e+07
100000 8.25985e+06 82.5985 1.84363e+07
100000 8.29162e+06 82.9162 1.83299e+07
100000 8.32352e+06 83.2352 1.82241e+07
100000 8.35553e+06 83.5553 1.8119e+07
100000 8.38767e+06 83.8767 1.80144e+07
100000 8.41993e+06 84.1993 1.79104e+07
100000 8.45231e+06 84.5231 1.78071e+07
100000 8.48482e+06 84.8482 1.77043e+07
100000 8.51746e+06 85.1746 1.76021e+07
100000 8.55022e+06 85.5022 1.75005e+07
100000 8.58311e+06 85.8311 1.73995e+07
100000 8.61612e+06 86.1612 1.72991e+07
100000 8.64926e+06 86.4926 1.71992e+07
100000 8.68253e+06 86.8253 1.71e+07
100000 8.71592e+06 87.1592 1.70013e+07
100000 8.74945e+06 87.4945 1.69031e+07
100000 8.7831e+06 87.831 1.68055e+07
100000 8.81688e+06 88.1688 1.67085e+07
100000 8.8508e+06 88.508 1.66121e+07
100000 8.88484e+06 88.8484 1.65162e+07
100000 8.91901e+06 89.1901 1.64208e+07
100000 8.95332e+06 89.5332 1.6326e+07
100000 8.98775e+06 89.8775 1.62318e+07
100000 9.02232e+06 90.2232 1.61381e+07
100000 9.05703e+06 90.5703 1.60449e+07
100000 9.09186e+06 90.9186 1.59523e+07
100000 9.12683e+06 91.2683 1.58602e+07
100000 9.16194e+06 91.6194 1.57686e+07
100000 9.19718e+06 91.9718 1.56775e+07
100000 9.23255e+06 92.3255 1.5587e+07
100000 9.26806e+06 92.6806 1.5497e+07
100000 9.30371e+06 93.0371 1.54075e+07
100000 9.3395e+06 93.395 1.53186e+07
100000 9.37542e+06 93.7542 1.52301e+07
100000 9.41148e+06 94.1148 1.51422e+07
100000 9.44768e+06 94.4768 1.50547e+07
100000 9.48402e+06 94.8402 1.49678e+07
100000 9.5205e+06 95.205 1.48814e+07
100000 9.55711e+06 95.5711 1.47954e+07
100000 9.59387e+06 95.9387 1.471e+07
100000 9.63077e+06 96.3077 1.4625e+07
100000 9.66782e+06 96.6782 1.45406e+07
100000 9.705e+06 97.05 1.44566e+07
100000 9.74233e+06 97.4233 1.43731e+07
100000 9.7798e+06 97.798 1.42901e+07
100000 9.81742e+06 98.1742 1.42075e+07
100000 9.85518e+06 98.5518 1.41255e+07
100000 9.89309e+06 98.9309 1.40439e+07
100000 9.93114e+06 99.3114 1.39627e+07
100000 9.96934e+06 99.6934 1.38821e+07
100000 1.00077e+07 100.077 1.38019e+07
100000 1.00462e+07 100.462 1.37221e+07
100000 1.00848e+07 100.848 1.36429e+07
100000 1.01236e+07 101.236 1.35641e+07
100000 1.01625e+07 101.625 1.34858e+07
100000 1.02016e+07 102.016 1.34079e+07
100000 1.02409e+07 102.409 1.33303e+07
100000 1.02803e+07 102.803 1.32533e+07
100000 1.03198e+07 103.198 1.31768e+07
100000 1.03595e+07 103.595 1.31006e+07
100000 1.03993e+07 103.993 1.3025e+07
100000 1.04393e+07 104.393 1.29498e+07
100000 1.04795e+07 104.795 1.28749e+07
100000 1.05198e+07 105.198 1.28005e+07
100000 1.05603e+07 105.603 1.27264e+07
100000 1.06009e+07 106.009 1.26529e+07
100000 1.06417e+07 106.417 1.25798e+07
100000 1.06826e+07 106.826 1.25071e+07
100000 1.07237e+07 107.237 1.24348e+07
100000 1.07649e+07 107.649 1.23631e+07
100000 1.08063e+07 108.063 1.22916e+07
100000 1.08479e+07 108.479 1.22205e+07
100000 1.08896e+07 108.896 1.21499e+07
100000 1.09315e+07 109.315 1.20797e+07
100000 1.09735e+07 109.735 1.20099e+07
100000 1.10157e+07 110.157 1.19405e+07
100000 1.10581e+07 110.581 1.18715e+07
100000 1.11007e+07 111.007 1.18027e+07
100000 1.11433e+07 111.433 1.17347e+07
100000 1.11862e+07 111.862 1.16668e+07
100000 1.12292e+07 112.292 1.15994e+07
100000 1.12724e+07 112.724 1.15323e+07
100000 1.13158e+07 113.158 1.14656e+07
100000 1.13593e+07 113.593 1.13993e+07
100000 1.1403e+07 114.03 1.13334e+07
100000 1.14469e+07 114.469 1.12678e+07
100000 1.14909e+07 114.909 1.12027e+07
100000 1.15351e+07 115.351 1.1138e+07
100000 1.15794e+07 115.794 1.10737e+07
100000 1.1624e+07 116.24 1.10096e+07
100000 1.16687e+07 116.687 1.09459e+07
100000 1.17136e+07 117.136 1.08826e+07
100000 1.17586e+07 117.586 1.08197e+07
100000 1.18039e+07 118.039 1.07571e+07
100000 1.18493e+07 118.493 1.06949e+07
100000 1.18948e+07 118.948 1.06331e+07
100000 1.19406e+07 119.406 1.05716e+07
100000 1.19865e+07 119.865 1.05105e+07
100000 1.20326e+07 120.326 1.04497e+07
100000 1.20789e+07 120.789 1.03892e+07
100000 1.21254e+07 121.254 1.03291e+07
100000 1.2172e+07 121.72 1.02694e+07
100000 1.22188e+07 122.188 1.021e+07
100000 1.22658e+07 122.658 1.0151e+07
100000 1.2313e+07 123.13 1.00922e+07
100000 1.23603e+07 123.603 1.00339e+07
100000 1.24079e+07 124.079 9.97582e+06
100000 1.24556e+07 124.556 9.91815e+06
100000 1.25035e+07 125.035 9.86078e+06
100000 1.25516e+07 125.516 9.80373e+06
100000 1.25999e+07 125.999 9.74699e+06
100000 1.26484e+07 126.484 9.69056e+06
100000 1.2697e+07 126.97 9.63455e+06
100000 1.27458e+07 127.458 9.57885e+06
100000 1.27949e+07 127.949 9.52335e+06
100000 1.28441e+07 128.441 9.46826e+06
100000 1.28935e+07 128.935 9.41348e+06
100000 1.29431e+07 129.431 9.359e+06
100000 1.29929e+07 129.929 9.30483e+06
100000 1.30428e+07 130.428 9.25107e+06
100000 1.3093e+07 130.93 9.1975e+06
100000 1.31434e+07 131.434 9.14423e+06
100000 1.31939e+07 131.939 9.09137e+06
100000 1.32447e+07 132.447 9.0387e+06
100000 1.32956e+07 132.956 8.98644e+06
100000 1.33467e+07 133.467 8.93447e+06
100000 1.33981e+07 133.981 8.8827e+06
100000 1.34496e+07 134.496 8.83132e+06
100000 1.35013e+07 135.013 8.78023e+06
100000 1.35533e+07 135.533 8.72934e+06
100000 1.36054e+07 136.054 8.67884e+06
100000 1.36577e+07 136.577 8.62864e+06
100000 1.37103e+07 137.103 8.57862e+06
100000 1.3763e+07 137.63 8.529e+06
100000 1.38159e+07 138.159 8.47966e+06
100000 1.38691e+07 138.691 8.43051e+06
100000 1.39224e+07 139.224 8.38174e+06
100000 1.3976e+07 139.76 8.33317e+06
100000 1.40297e+07 140.297 8.28498e+06
100000 1.40837e+07 140.837 8.23697e+06
100000 1.41379e+07 141.379 8.18926e+06
100000 1.41922e+07 141.922 8.14191e+06
100000 1.42468e+07 142.468 8.09475e+06
100000 1.43016e+07 143.016 8.04788e+06
100000 1.43566e+07 143.566 8.00128e+06
100000 1.44118e+07 144.118 7.95496e+06
100000 1.44673e+07 144.673 7.90884e+06
100000 1.45229e+07 145.229 7.86307e+06
100000 1.45788e+07 145.788 7.8175e+06
100000 1.46349e+07 146.349 7.7722e+06
100000 1.46911e+07 146.911 7.72726e+06
100000 1.47477e+07 147.477 7.68243e+06
100000 1.48044e+07 148.044 7.63795e+06
100000 1.48613e+07 148.613 7.59374e+06
100000 1.49185e+07 149.185 7.54973e+06
100000 1.49759e+07 149.759 7.50598e+06
100000 1.50335e+07 150.335 7.4625e+06
100000 1.50913e+07 150.913 7.41928e+06
100000 1.51493e+07 151.493 7.37633e+06
100000 1.52076e+07 152.076 7.33358e+06
100000 1.52661e+07 152.661 7.29108e+06
100000 1.53248e+07 153.248 7.24885e+06
100000 1.53838e+07 153.838 7.20681e+06
100000 1.54429e+07 154.429 7.16511e+06
100000 1.55023e+07 155.023 7.12359e+06
100000 1.5562e+07 155.62 7.08226e+06
100000 1.56218e+07 156.218 7.04125e+06
100000 1.56819e+07 156.819 7.00044e+06
100000 1.57422e+07 157.422 6.95988e+06
100000 1.58028e+07 158.028 6.91952e+06
100000 1.58635e+07 158.635 6.87947e+06
100000 1.59246e+07 159.246 6.83954e+06
100000 1.59858e+07 159.858 6.79993e+06
100000 1.60473e+07 160.473 6.76051e+06
100000 1.6109e+07 161.09 6.72134e+06
100000 1.6171e+07 161.71 6.68235e+06
100000 1.62332e+07 162.332 6.64361e+06
100000 1.62956e+07 162.956 6.60512e+06
100000 1.63583e+07 163.583 6.56682e+06
100000 1.64212e+07 164.212 6.52876e+06
100000 1.64844e+07 164.844 6.49089e+06
100000 1.65478e+07 165.478 6.45326e+06
100000 1.66114e+07 166.114 6.41587e+06
100000 1.66753e+07 166.753 6.37866e+06
100000 1.67395e+07 167.395 6.34164e+06
100000 1.68038e+07 168.038 6.30492e+06
100000 1.68685e+07 168.685 6.26832e+06
100000 1.69334e+07 169.334 6.23196e+06
100000 1.69985e+07 169.985 6.19583e+06
100000 1.70639e+07 170.639 6.15989e+06
100000 1.71295e+07 171.295 6.12418e+06
100000 1.71954e+07 171.954 6.08866e+06
100000 1.72615e+07 172.615 6.05336e+06
100000 1.73279e+07 173.279 6.01825e+06
100000 1.73946e+07 173.946 5.98331e+06
100000 1.74615e+07 174.615 5.94861e+06
100000 1.75286e+07 175.286 5.91413e+06
100000 1.7596e+07 175.96 5.87983e+06
100000 1.76637e+07 176.637 5.84571e+06
100000 1.77317e+07 177.317 5.81177e+06
100000 1.77999e+07 177.999 5.77805e+06
100000 1.78683e+07 178.683 5.74456e+06
100000 1.79371e+07 179.371 5.71119e+06
100000 1.80061e+07 180.061 5.67805e+06
100000 1.80753e+07 180.753 5.64513e+06
100000 1.81448e+07 181.448 5.61238e+06
100000 1.82146e+07 182.146 5.57981e+06
100000 1.82847e+07 182.847 5.54741e+06
100000 1.8355e+07 183.55 5.51522e+06
100000 1.84256e+07 184.256 5.48322e+06
100000 1.84965e+07 184.965 5.45138e+06
100000 1.85676e+07 185.676 5.41976e+06
100000 1.8639e+07 186.39 5.3883e+06
100000 1.87107e+07 187.107 5.35702e+06
100000 1.87827e+07 187.827 5.32591e+06
100000 1.88549e+07 188.549 5.29501e+06
100000 1.89275e+07 189.275 5.26424e+06
100000 1.90003e+07 190.003 5.23368e+06
100000 1.90733e+07 190.733 5.20333e+06
100000 1.91467e+07 191.467 5.1731e+06
100000 1.92203e+07 192.203 5.14308e+06
100000 1.92943e+07 192.943 5.11319e+06
100000 1.93685e+07 193.685 5.0835e+06
100000 1.9443e+07 194.43 5.05398e+06
100000 1.95178e+07 195.178 5.02463e+06
100000 1.95928e+07 195.928 4.99547e+06
100000 1.96682e+07 196.682 4.96645e+06
100000 1.97438e+07 197.438 4.93762e+06
100000 1.98198e+07 198.198 4.90892e+06
100000 1.9896e+07 198.96 4.88042e+06
100000 1.99725e+07 199.725 4.85208e+06
100000 2.00494e+07 200.494 4.82387e+06
100000 2.01265e+07 201.265 4.79585e+06
100000 2.02039e+07 202.039 4.76799e+06
100000 2.02816e+07 202.816 4.7403e+06
100000 2.03596e+07 203.596 4.71276e+06
100000 2.04379e+07 204.379 4.68538e+06
100000 2.05165e+07 205.165 4.65816e+06
100000 2.05954e+07 205.954 4.6311e+06
100000 2.06747e+07 206.747 4.60416e+06
100000 2.07542e+07 207.542 4.57741e+06
100000 2.0834e+07 208.34 4.55082e+06
100000 2.09141e+07 209.141 4.52438e+06
100000 2.09946e+07 209.946 4.49807e+06
100000 2.10753e+07 210.753 4.47194e+06
100000 2.11564e+07 211.564 4.44594e+06
100000 2.12378e+07 212.378 4.42009e+06
100000 2.13195e+07 213.195 4.39439e+06
100000 2.14015e+07 214.015 4.36884e+06
100000 2.14838e+07 214.838 4.34345e+06
100000 2.15664e+07 215.664 4.31821e+06
100000 2.16494e+07 216.494 4.29309e+06
100000 2.17326e+07 217.326 4.26815e+06
100000 2.18162e+07 218.162 4.24333e+06
100000 2.19001e+07 219.001 4.21866e+06
100000 2.19844e+07 219.844 4.19411e+06
100000 2.20689e+07 220.689 4.16974e+06
100000 2.21538e+07 221.538 4.14548e+06
100000 2.2239e+07 222.39 4.12138e+06
100000 2.23246e+07 223.246 4.09739e+06
100000 2.24104e+07 224.104 4.07358e+06
100000 2.24966e+07 224.966 4.04988e+06
100000 2.25832e+07 225.832 4.02631e+06
100000 2.267e+07 226.7 4.0029e+06
100000 2.27572e+07 227.572 3.97961e+06
100000 2.28447e+07 228.447 3.95647e+06
100000 2.29326e+07 229.326 3.93344e+06
100000 2.30208e+07 230.208 3.91056e+06
100000 2.31094e+07 231.094 3.88779e+06
100000 2.31982e+07 231.982 3.86519e+06
100000 2.32875e+07 232.875 3.84268e+06
100000 2.3377e+07 233.77 3.82034e+06
100000 2.3467e+07 234.67 3.79808e+06
100000 2.35572e+07 235.572 3.77599e+06
100000 2.36478e+07 236.478 3.75402e+06
100000 2.37388e+07 237.388 3.73216e+06
100000 2.38301e+07 238.301 3.71044e+06
100000 2.39217e+07 239.217 3.68885e+06
100000 2.40138e+07 240.138 3.66736e+06
100000 2.41061e+07 241.061 3.64602e+06
100000 2.41988e+07 241.988 3.6248e+06
100000 2.42919e+07 242.919 3.60369e+06
100000 2.43854e+07 243.854 3.58269e+06
100000 2.44791e+07 244.791 3.56185e+06
100000 2.45733e+07 245.733 3.5411e+06
100000 2.46678e+07 246.678 3.52049e+06
100000 2.47627e+07 247.627 3.49998e+06
100000 2.48579e+07 248.579 3.47961e+06
100000 2.49536e+07 249.536 3.45932e+06
100000 2.50495e+07 250.495 3.43919e+06
100000 2.51459e+07 251.459 3.41915e+06
100000 2.52426e+07 252.426 3.39923e+06
100000 2.53397e+07 253.397 3.37943e+06
100000 2.54372e+07 254.372 3.35973e+06
100000 2.5535e+07 255.35 3.34017e+06
100000 2.56332e+07 256.332 3.32071e+06
100000 2.57318e+07 257.318 3.30136e+06
100000 2.58308e+07 258.308 3.28212e+06
100000 2.59301e+07 259.301 3.263e+06
100000 2.60299e+07 260.299 3.24398e+06
100000 2.613e+07 261.3 3.22507e+06
100000 2.62305e+07 262.305 3.20628e+06
100000 2.63314e+07 263.314 3.18759e+06
100000 2.64327e+07 264.327 3.16901e+06
100000 2.65343e+07 265.343 3.15055e+06
100000 2.66364e+07 266.364 3.13217e+06
100000 2.67388e+07 267.388 3.11392e+06
100000 2.68417e+07 268.417 3.09576e+06
100000 2.69449e+07 269.449 3.07772e+06
100000 2.70486e+07 270.486 3.05976e+06
100000 2.71526e+07 271.526 3.04193e+06
100000 2.7257e+07 272.57 3.02419e+06
100000 2.73619e+07 273.619 3.00655e+06
100000 2.74671e+07 274.671 2.98902e+06
100000 2.75728e+07 275.728 2.97158e+06
100000 2.76788e+07 276.788 2.95426e+06
100000 2.77853e+07 277.853 2.93702e+06
100000 2.78921e+07 278.921 2.9199e+06
100000 2.79994e+07 279.994 2.90286e+06
100000 2.81071e+07 281.071 2.88593e+06
100000 2.82152e+07 282.152 2.86909e+06
100000 2.83237e+07 283.237 2.85235e+06
100000 2.84327e+07 284.327 2.8357e+06
100000 2.8542e+07 285.42 2.81916e+06
100000 2.86518e+07 286.518 2.80271e+06
100000 2.8762e+07 287.62 2.78636e+06
100000 2.88727e+07 288.727 2.77008e+06
100000 2.89837e+07 289.837 2.75392e+06
100000 2.90952e+07 290.952 2.73785e+06
100000 2.92071e+07 292.071 2.72187e+06
100000 2.93194e+07 293.194 2.70598e+06
100000 2.94322e+07 294.322 2.69018e+06
100000 2.95454e+07 295.454 2.67448e+06
100000 2.96591e+07 296.591 2.65885e+06
100000 2.97731e+07 297.731 2.64334e+06
100000 2.98877e+07 298.877 2.62789e+06
100000 3.00026e+07 300.026 2.61255e+06
100000 3.0118e+07 301.18 2.5973e+06
100000 3.02339e+07 302.339 2.58212e+06
100000 3.03501e+07 303.501 2.56705e+06
100000 3.04669e+07 304.669 2.55205e+06
100000 3.05841e+07 305.841 2.53714e+06
100000 3.07017e+07 307.017 2.52232e+06
100000 3.08198e+07 308.198 2.50758e+06
100000 3.09383e+07 309.383 2.49294e+06
100000 3.10573e+07 310.573 2.47837e+06
100000 3.11768e+07 311.768 2.46389e+06
100000 3.12967e+07 312.967 2.44949e+06
100000 3.14171e+07 314.171 2.43517e+06
100000 3.15379e+07 315.379 2.42095e+06
100000 3.16592e+07 316.592 2.4068e+06
100000 3.1781e+07 317.81 2.39273e+06
100000 3.19032e+07 319.032 2.37874e+06
100000 3.20259e+07 320.259 2.36484e+06
100000 3.21491e+07 321.491 2.35101e+06
100000 3.22728e+07 322.728 2.33726e+06
100000 3.23969e+07 323.969 2.3236e+06
100000 3.25215e+07 325.215 2.31001e+06
100000 3.26466e+07 326.466 2.2965e+06
100000 3.27722e+07 327.722 2.28307e+06
100000 3.28982e+07 328.982 2.26972e+06
100000 3.30248e+07 330.248 2.25644e+06
100000 3.31518e+07 331.518 2.24325e+06
100000 3.32793e+07 332.793 2.23013e+06
100000 3.34073e+07 334.073 2.21708e+06
100000 3.35358e+07 335.358 2.20411e+06
100000 3.36648e+07 336.648 2.19121e+06
100000 3.37943e+07 337.943 2.17839e+06
100000 3.39242e+07 339.242 2.16565e+06
100000 3.40547e+07 340.547 2.15298e+06
100000 3.41857e+07 341.857 2.14038e+06
100000 3.43172e+07 343.172 2.12785e+06
100000 3.44492e+07 344.492 2.11539e+06
100000 3.45817e+07 345.817 2.10301e+06
100000 3.47147e+07 347.147 2.0907e+06
100000 3.48482e+07 348.482 2.07846e+06
100000 3.49823e+07 349.823 2.06629e+06
100000 3.51168e+07 351.168 2.0542e+06
100000 3.52519e+07 352.519 2.04216e+06
100000 3.53875e+07 353.875 2.03021e+06
100000 3.55236e+07 355.236 2.01832e+06
100000 3.56602e+07 356.602 2.0065e+06
100000 3.57974e+07 357.974 1.99474e+06
100000 3.59351e+07 359.351 1.98306e+06
100000 3.60733e+07 360.733 1.97144e+06
100000 3.6212e+07 362.12 1.9599e+06
100000 3.63513e+07 363.513 1.94841e+06
100000 3.64911e+07 364.911 1.937e+06
100000 3.66315e+07 366.315 1.92565e+06
100000 3.67724e+07 367.724 1.91436e+06
100000 3.69138e+07 369.138 1.90315e+06
100000 3.70558e+07 370.558 1.89199e+06
100000 3.71983e+07 371.983 1.8809e+06
100000 3.73414e+07 373.414 1.86988e+06
100000 3.7485e+07 374.85 1.85892e+06
100000 3.76292e+07 376.292 1.84802e+06
100000 3.77739e+07 377.739 1.83719e+06
100000 3.79192e+07 379.192 1.82641e+06
100000 3.80651e+07 380.651 1.8157e+06
100000 3.82115e+07 382.115 1.80505e+06
100000 3.83585e+07 383.585 1.79446e+06
100000 3.8506e+07 385.06 1.78394e+06
100000 3.86541e+07 386.541 1.77348e+06
100000 3.88028e+07 388.028 1.76307e+06
100000 3.8952e+07 389.52 1.75273e+06
100000 3.91019e+07 391.019 1.74245e+06
100000 3.92523e+07 392.523 1.73222e+06
100000 3.94032e+07 394.032 1.72206e+06
100000 3.95548e+07 395.548 1.71195e+06
100000 3.97069e+07 397.069 1.70191e+06
100000 3.98597e+07 398.597 1.69192e+06
100000 4.0013e+07 400.13 1.68199e+06
100000 4.01669e+07 401.669 1.67211e+06
100000 4.03214e+07 403.214 1.6623e+06
100000 4.04764e+07 404.764 1.65254e+06
100000 4.06321e+07 406.321 1.64284e+06
100000 4.07884e+07 407.884 1.63319e+06
100000 4.09453e+07 409.453 1.6236e+06
100000 4.11028e+07 411.028 1.61406e+06
100000 4.12609e+07 412.609 1.60458e+06
100000 4.14196e+07 414.196 1.59516e+06
100000 4.15789e+07 415.789 1.58579e+06
100000 4.17388e+07 417.388 1.57648e+06
100000 4.18994e+07 418.994 1.56721e+06
100000 4.20605e+07 420.605 1.55801e+06
100000 4.22223e+07 422.223 1.54885e+06
100000 4.23847e+07 423.847 1.53975e+06
100000 4.25477e+07 425.477 1.5307e+06
100000 4.27114e+07 427.114 1.5217e+06
100000 4.28757e+07 428.757 1.51275e+06
100000 4.30406e+07 430.406 1.50386e+06
100000 4.32061e+07 432.061 1.49502e+06
100000 4.33723e+07 433.723 1.48623e+06
100000 4.35391e+07 435.391 1.4775e+06
100000 4.37066e+07 437.066 1.46881e+06
100000 4.38747e+07 438.747 1.46017e+06
100000 4.40434e+07 440.434 1.45158e+06
100000 4.42129e+07 442.129 1.44304e+06
100000 4.43829e+07 443.829 1.43455e+06
100000 4.45536e+07 445.536 1.42612e+06
100000 4.4725e+07 447.25 1.41772e+06
100000 4.4897e+07 448.97 1.40938e+06
100000 4.50697e+07 450.697 1.40109e+06
100000 4.5243e+07 452.43 1.39285e+06
100000 4.54171e+07 454.171 1.38465e+06
100000 4.55918e+07 455.918 1.3765e+06
100000 4.57671e+07 457.671 1.3684e+06
100000 4.59431e+07 459.431 1.36034e+06
100000 4.61199e+07 461.199 1.35233e+06
100000 4.62972e+07 462.972 1.34437e+06
100000 4.64753e+07 464.753 1.33645e+06
100000 4.66541e+07 466.541 1.32858e+06
100000 4.68335e+07 468.335 1.32076e+06
100000 4.70137e+07 470.137 1.31298e+06
100000 4.71945e+07 471.945 1.30524e+06
100000 4.7376e+07 473.76 1.29755e+06
100000 4.75582e+07 475.582 1.28991e+06
100000 4.77412e+07 477.412 1.28231e+06
100000 4.79248e+07 479.248 1.27475e+06
100000 4.81091e+07 481.091 1.26724e+06
100000 4.82942e+07 482.942 1.25977e+06
100000 4.84799e+07 484.799 1.25235e+06
100000 4.86664e+07 486.664 1.24496e+06
100000 4.88536e+07 488.536 1.23762e+06
100000 4.90415e+07 490.415 1.23033e+06
100000 4.92301e+07 492.301 1.22307e+06
100000 4.94195e+07 494.195 1.21586e+06
100000 4.96095e+07 496.095 1.20869e+06
100000 4.98004e+07 498.004 1.20156e+06
100000 4.99919e+07 499.919 1.19447e+06
100000 5.01842e+07 501.842 1.18743e+06
100000 5.03772e+07 503.772 1.18042e+06
100000 5.0571e+07 505.71 1.17346e+06
100000 5.07655e+07 507.655 1.16653e+06
100000 5.09607e+07 509.607 1.15965e+06
100000 5.11568e+07 511.568 1.1528e+06
100000 5.13535e+07 513.535 1.146e+06
100000 5.1551e+07 515.51 1.13924e+06
100000 5.17493e+07 517.493 1.13251e+06
100000 5.19484e+07 519.484 1.12582e+06
100000 5.21482e+07 521.482 1.11917e+06
100000 5.23487e+07 523.487 1.11257e+06
100000 5.25501e+07 525.501 1.106e+06
100000 5.27522e+07 527.522 1.09946e+06
100000 5.29551e+07 529.551 1.09297e+06
100000 5.31588e+07 531.588 1.08651e+06
100000 5.33633e+07 533.633 1.08009e+06
100000 5.35685e+07 535.685 1.07371e+06
100000 5.37746e+07 537.746 1.06736e+06
100000 5.39814e+07 539.814 1.06106e+06
100000 5.4189e+07 541.89 1.05479e+06
100000 5.43974e+07 543.974 1.04855e+06
100000 5.46067e+07 546.067 1.04235e+06
100000 5.48167e+07 548.167 1.03619e+06
100000 5.50276e+07 550.276 1.03006e+06
100000 5.52392e+07 552.392 1.02397e+06
100000 5.54517e+07 554.517 1.01791e+06
100000 5.5665e+07 556.65 1.01189e+06
100000 5.58791e+07 558.791 1.00591e+06
100000 5.6094e+07 560.94 999957
100000 5.63097e+07 563.097 994042
100000 5.65263e+07 565.263 988160
100000 5.67437e+07 567.437 982312
100000 5.6962e+07 569.62 976497
100000 5.71811e+07 571.811 970717
100000 5.7401e+07 574.01 964972
100000 5.76218e+07 576.218 959258
100000 5.78434e+07 578.434 953579
100000 5.80659e+07 580.659 947932
100000 5.82893e+07 582.893 942317
100000 5.85135e+07 585.135 936736
100000 5.87385e+07 587.385 931188
100000 5.89644e+07 589.644 925672
100000 5.91912e+07 591.912 920188
100000 5.94189e+07 594.189 914735
100000 5.96474e+07 596.474 909315
100000 5.98769e+07 598.769 903924
100000 6.01072e+07 601.072 898566
100000 6.03384e+07 603.384 893239
100000 6.05704e+07 605.704 887945
100000 6.08034e+07 608.034 882680
100000 6.10373e+07 610.373 877445
100000 6.12721e+07 612.721 872240
100000 6.15077e+07 615.077 867068
100000 6.17443e+07 617.443 861924
100000 6.19818e+07 619.818 856811
100000 6.22202e+07 622.202 851727
100000 6.24595e+07 624.595 846673
100000 6.26997e+07 626.997 841649
100000 6.29409e+07 629.409 836653
100000 6.3183e+07 631.83 831686
100000 6.3426e+07 634.26 826749
100000 6.367e+07 636.7 821840
100000 6.39149e+07 639.149 816960
100000 6.41607e+07 641.607 812109
100000 6.44075e+07 644.075 807285
100000 6.46552e+07 646.552 802490
100000 6.49039e+07 649.039 797722
100000 6.51535e+07 651.535 792984
100000 6.54041e+07 654.041 788271
100000 6.56557e+07 656.557 783586
100000 6.59082e+07 659.082 778930
100000 6.61617e+07 661.617 774299
100000 6.64162e+07 664.162 769696
100000 6.66717e+07 666.717 765119
100000 6.69281e+07 669.281 760570
100000 6.71855e+07 671.855 756047
100000 6.74439e+07 674.439 751550
100000 6.77034e+07 677.034 747078
100000 6.79638e+07 679.638 742634
100000 6.82252e+07 682.252 738215
100000 6.84876e+07 684.876 733822
100000 6.8751e+07 687.51 729456
100000 6.90154e+07 690.154 725114
100000 6.92809e+07 692.809 720797
100000 6.95474e+07 695.474 716505
100000 6.98149e+07 698.149 712239
100000 7.00834e+07 700.834 707998
100000 7.0353e+07 703.53 703780
100000 7.06236e+07 706.236 699588
100000 7.08952e+07 708.952 695421
100000 7.11679e+07 711.679 691277
100000 7.14416e+07 714.416 687159
100000 7.17164e+07 717.164 683063
100000 7.19923e+07 719.923 678991
100000 7.22692e+07 722.692 674944
100000 7.25471e+07 725.471 670921
100000 7.28262e+07 728.262 666919
100000 7.31063e+07 731.063 662942
100000 7.33875e+07 733.875 658988
100000 7.36697e+07 736.697 655058
100000 7.39531e+07 739.531 651150
100000 7.42375e+07 742.375 647265
100000 7.45231e+07 745.231 643402
100000 7.48097e+07 748.097 639563
100000 7.50975e+07 750.975 635744
100000 7.53863e+07 753.863 631950
100000 7.56763e+07 756.763 628176
100000 7.59673e+07 759.673 624426
100000 7.62595e+07 762.595 620697
100000 7.65528e+07 765.528 616990
100000 7.68473e+07 768.473 613303
100000 7.71429e+07 771.429 609639
100000 7.74396e+07 774.396 605996
100000 7.77374e+07 777.374 602375
100000 7.80364e+07 780.364 598775
100000 7.83366e+07 783.366 595195
100000 7.86379e+07 786.379 591637
100000 7.89404e+07 789.404 588099
100000 7.9244e+07 792.44 584582
100000 7.95488e+07 795.488 581086
100000 7.98548e+07 798.548 577609
100000 8.01619e+07 801.619 574154
100000 8.04702e+07 804.702 570719
100000 8.07797e+07 807.797 567304
100000 8.10904e+07 810.904 563908
100000 8.14023e+07 814.023 560533
100000 8.17154e+07 817.154 557177
100000 8.20297e+07 820.297 553840
100000 8.23452e+07 823.452 550524
100000 8.2662e+07 826.62 547226
100000 8.29799e+07 829.799 543948
100000 8.32991e+07 832.991 540689
100000 8.36195e+07 836.195 537449
100000 8.39411e+07 839.411 534228
100000 8.4264e+07 842.64 531026
100000 8.45881e+07 845.881 527843
100000 8.49134e+07 849.134 524678
100000 8.524e+07 852.4 521532
100000 8.55679e+07 855.679 518404
100000 8.5897e+07 858.97 515295
100000 8.62274e+07 862.274 512203
100000 8.6559e+07 865.59 509131
100000 8.6892e+07 868.92 506075
100000 8.72262e+07 872.262 503038
100000 8.75617e+07 875.617 500018
100000 8.78985e+07 878.985 497016
100000 8.82366e+07 882.366 494032
100000 8.85759e+07 885.759 491065
100000 8.89166e+07 889.166 488116
100000 8.92586e+07 892.586 485184
100000 8.96019e+07 896.019 482269
100000 8.99466e+07 899.466 479370
100000 9.02925e+07 902.925 476490
100000 9.06398e+07 906.398 473626
100000 9.09885e+07 909.885 470778
100000 9.13384e+07 913.384 467947
100000 9.16897e+07 916.897 465134
100000 9.20424e+07 920.424 462336
100000 9.23964e+07 923.964 459555
100000 9.27518e+07 927.518 456790
100000 9.31086e+07 931.086 454040
100000 9.34667e+07 934.667 451308
100000 9.38262e+07 938.262 448591
100000 9.41871e+07 941.871 445891
100000 9.45494e+07 945.494 443206
100000 9.4913e+07 949.13 440537
100000 9.52781e+07 952.781 437883
100000 9.56445e+07 956.445 435246
100000 9.60124e+07 960.124 432623
100000 9.63817e+07 963.817 430016
100000 9.67524e+07 967.524 427425
100000 9.71246e+07 971.246 424848
100000 9.74981e+07 974.981 422287
100000 9.78731e+07 978.731 419740
100000 9.82496e+07 982.496 417208
100000 9.86275e+07 986.275 414692
100000 9.90068e+07 990.068 412190
100000 9.93877e+07 993.877 409702
100000 9.97699e+07 997.699 407230
100000 1.00154e+08 1001.54 404770
100000 1.00539e+08 1005.39 402328
100000 1.00926e+08 1009.26 399897
100000 1.01314e+08 1013.14 397483
100000 1.01703e+08 1017.03 395086
100000 1.02095e+08 1020.95 392694
100000 1.02487e+08 1024.87 390326
100000 1.02882e+08 1028.82 387962
100000 1.03277e+08 1032.77 385621
100000 1.03674e+08 1036.74 383291
100000 1.04073e+08 1040.73 380973
100000 1.04474e+08 1044.74 378665
100000 1.04875e+08 1048.75 376379
100000 1.05279e+08 1052.79 374099
100000 1.05684e+08 1056.84 371835
100000 1.0609e+08 1060.9 369587
100000 1.06498e+08 1064.98 367351
100000 1.06908e+08 1069.08 365125
100000 1.07319e+08 1073.19 362915
100000 1.07732e+08 1077.32 360716
100000 1.08146e+08 1081.46 358533
100000 1.08562e+08 1085.62 356361
100000 1.0898e+08 1089.8 354199
100000 1.09399e+08 1093.99 352054
100000 1.0982e+08 1098.2 349919
100000 1.10242e+08 1102.42 347799
100000 1.10666e+08 1106.66 345691
100000 1.11092e+08 1110.92 343592
100000 1.11519e+08 1115.19 341510
100000 1.11948e+08 1119.48 339437
100000 1.12379e+08 1123.79 337376
100000 1.12811e+08 1128.11 335329
100000 1.13245e+08 1132.45 333293
100000 1.1368e+08 1136.8 331272
100000 1.14118e+08 1141.18 329257
100000 1.14556e+08 1145.56 327262
100000 1.14997e+08 1149.97 325272
100000 1.15439e+08 1154.39 323297
100000 1.15883e+08 1158.83 321333
100000 1.16329e+08 1163.29 319378
100000 1.16777e+08 1167.77 317434
100000 1.17226e+08 1172.26 315505
100000 1.17677e+08 1176.77 313585
100000 1.18129e+08 1181.29 311681
100000 1.18584e+08 1185.84 309782
100000 1.1904e+08 1190.4 307897
100000 1.19498e+08 1194.98 306022
100000 1.19957e+08 1199.57 304162
100000 1.20419e+08 1204.19 302308
100000 1.20882e+08 1208.82 300467
100000 1.21347e+08 1213.47 298637
100000 1.21813e+08 1218.13 296820
100000 1.22282e+08 1222.82 295010
100000 1.22752e+08 1227.52 293213
100000 1.23224e+08 1232.24 291426
100000 1.23698e+08 1236.98 289649
100000 1.24174e+08 1241.74 287882
100000 1.24652e+08 1246.52 286125
100000 1.25131e+08 1251.31 284381
100000 1.25613e+08 1256.13 282643
100000 1.26096e+08 1260.96 280919
100000 1.26581e+08 1265.81 279204
100000 1.27068e+08 1270.68 277499
100000 1.27556e+08 1275.56 275806
100000 1.28047e+08 1280.47 274120
100000 1.28539e+08 1285.39 272447
100000 1.29034e+08 1290.34 270781
100000 1.2953e+08 1295.3 269127
100000 1.30028e+08 1300.28 267482
100000 1.30528e+08 1305.28 265847
100000 1.31031e+08 1310.31 264218
100000 1.31535e+08 1315.35 262602
100000 1.3204e+08 1320.4 260998
100000 1.32548e+08 1325.48 259400
100000 1.33058e+08 1330.58 257812
100000 1.3357e+08 1335.7 256233
100000 1.34084e+08 1340.84 254663
100000 1.34599e+08 1345.99 253106
100000 1.35117e+08 1351.17 251554
100000 1.35637e+08 1356.37 250012
100000 1.36158e+08 1361.58 248482
100000 1.36682e+08 1366.82 246958
100000 1.37208e+08 1372.08 245443
100000 1.37736e+08 1377.36 243937
100000 1.38265e+08 1382.65 242443
100000 1.38797e+08 1387.97 240955
100000 1.39331e+08 1393.31 239476
100000 1.39867e+08 1398.67 238006
100000 1.40405e+08 1404.05 236545
100000 1.40945e+08 1409.45 235092
100000 1.41487e+08 1414.87 233648
100000 1.42031e+08 1420.31 232214
100000 1.42578e+08 1425.78 230785
100000 1.43126e+08 1431.26 229367
100000 1.43677e+08 1436.77 227956
100000 1.44229e+08 1442.29 226556
100000 1.44784e+08 1447.84 225162
100000 1.45341e+08 1453.41 223777
100000 1.459e+08 1459 222400
100000 1.46461e+08 1464.61 221031
100000 1.47024e+08 1470.24 219672
100000 1.4759e+08 1475.9 218318
100000 1.48157e+08 1481.57 216975
100000 1.48727e+08 1487.27 215638
100000 1.49299e+08 1492.99 214310
100000 1.49874e+08 1498.74 212987
100000 1.5045e+08 1504.5 211675
100000 1.51029e+08 1510.29 210369
100000 1.5161e+08 1516.1 209072
100000 1.52193e+08 1521.93 207782
100000 1.52778e+08 1527.78 206501
100000 1.53366e+08 1533.66 205226
100000 1.53956e+08 1539.56 203959
100000 1.54548e+08 1545.48 202700
100000 1.55142e+08 1551.42 201449
100000 1.55739e+08 1557.39 200204
100000 1.56338e+08 1563.38 198967
100000 1.56939e+08 1569.39 197738
100000 1.57543e+08 1575.43 196515
100000 1.58149e+08 1581.49 195300
100000 1.58757e+08 1587.57 194092
100000 1.59368e+08 1593.68 192891
100000 1.59981e+08 1599.81 191697
100000 1.60596e+08 1605.96 190511
100000 1.61214e+08 1612.14 189331
100000 1.61834e+08 1618.34 188159
100000 1.62456e+08 1624.56 186994
100000 1.63081e+08 1630.81 185836
100000 1.63709e+08 1637.09 184683
100000 1.64338e+08 1643.38 183539
100000 1.6497e+08 1649.7 182401
100000 1.65605e+08 1656.05 181269
100000 1.66242e+08 1662.42 180145
100000 1.66881e+08 1668.81 179028
100000 1.67523e+08 1675.23 177917
100000 1.68167e+08 1681.67 176813
100000 1.68814e+08 1688.14 175714
100000 1.69464e+08 1694.64 174622
100000 1.70115e+08 1701.15 173538
100000 1.7077e+08 1707.7 172459
100000 1.71427e+08 1714.27 171387
100000 1.72086e+08 1720.86 170322
100000 1.72748e+08 1727.48 169262
100000 1.73412e+08 1734.12 168210
100000 1.74079e+08 1740.79 167163
100000 1.74749e+08 1747.49 166122
100000 1.75421e+08 1754.21 165088
100000 1.76096e+08 1760.96 164060
100000 1.76773e+08 1767.73 163039
100000 1.77453e+08 1774.53 162023
100000 1.78135e+08 1781.35 161014
100000 1.78821e+08 1788.21 160009
100000 1.79508e+08 1795.08 159012
100000 1.80199e+08 1801.99 158020
100000 1.80892e+08 1808.92 157034
100000 1.81588e+08 1815.88 156054
100000 1.82286e+08 1822.86 155080
100000 1.82987e+08 1829.87 154112
100000 1.83691e+08 1836.91 153149
100000 1.84398e+08 1843.98 152192
100000 1.85107e+08 1851.07 151241
100000 1.85819e+08 1858.19 150296
100000 1.86534e+08 1865.34 149356
100000 1.87251e+08 1872.51 148422
100000 1.87971e+08 1879.71 147494
100000 1.88694e+08 1886.94 146571
100000 1.8942e+08 1894.2 145654
100000 1.90149e+08 1901.49 144741
100000 1.9088e+08 1908.8 143835
100000 1.91614e+08 1916.14 142934
100000 1.92351e+08 1923.51 142039
100000 1.93091e+08 1930.91 141148
100000 1.93834e+08 1938.34 140263
100000 1.94579e+08 1945.79 139384
100000 1.95328e+08 1953.28 138509
100000 1.96079e+08 1960.79 137640
100000 1.96833e+08 1968.33 136776
100000 1.9759e+08 1975.9 135918
100000 1.9835e+08 1983.5 135064
100000 1.99113e+08 1991.13 134216
100000 1.99879e+08 1998.79 133372
100000 2.00648e+08 2006.48 132533
100000 2.01419e+08 2014.19 131701
100000 2.02194e+08 2021.94 130872
100000 2.02972e+08 2029.72 130049
100000 2.03753e+08 2037.53 129230
100000 2.04536e+08 2045.36 128417
100000 2.05323e+08 2053.23 127608
100000 2.06113e+08 2061.13 126804
100000 2.06905e+08 2069.05 126006
100000 2.07701e+08 2077.01 125212
100000 2.085e+08 2085 124422
100000 2.09302e+08 2093.02 123637
100000 2.10107e+08 2101.07 122858
100000 2.10915e+08 2109.15 122082
100000 2.11727e+08 2117.27 121311
100000 2.12541e+08 2125.41 120546
100000 2.13358e+08 2133.58 119785
100000 2.14179e+08 2141.79 119028
100000 2.15003e+08 2150.03 118275
100000 2.1583e+08 2158.3 117527
100000 2.1666e+08 2166.6 116784
100000 2.17493e+08 2174.93 116046
100000 2.1833e+08 2183.3 115311
100000 2.1917e+08 2191.7 114581
100000 2.20013e+08 2200.13 113856
100000 2.20859e+08 2208.59 113135
100000 2.21708e+08 2217.08 112419
100000 2.22561e+08 2225.61 111706
100000 2.23417e+08 2234.17 110998
100000 2.24276e+08 2242.76 110294
100000 2.25139e+08 2251.39 109594
100000 2.26005e+08 2260.05 108899
100000 2.26874e+08 2268.74 108208
100000 2.27747e+08 2277.47 107521
100000 2.28623e+08 2286.23 106838
100000 2.29502e+08 2295.02 106159
100000 2.30385e+08 2303.85 105484
100000 2.31271e+08 2312.71 104814
100000 2.32161e+08 2321.61 104147
100000 2.33054e+08 2330.54 103484
100000 2.3395e+08 2339.5 102826
100000 2.3485e+08 2348.5 102171
100000 2.35753e+08 2357.53 101521
100000 2.3666e+08 2366.6 100874
100000 2.3757e+08 2375.7 100232
100000 2.38484e+08 2384.84 99592.6
100000 2.39401e+08 2394.01 98957.8
100000 2.40322e+08 2403.22 98326.5
100000 2.41246e+08 2412.46 97699.4
100000 2.42174e+08 2421.74 97075.7
100000 2.43106e+08 2431.06 96455.6
100000 2.44041e+08 2440.41 95839.6
100000 2.44979e+08 2449.79 95227.7
100000 2.45922e+08 2459.22 94618.6
100000 2.46868e+08 2468.68 94013.6
100000 2.47817e+08 2478.17 93412.7
100000 2.4877e+08 2487.7 92815.2
100000 2.49727e+08 2497.27 92221.1
100000 2.50688e+08 2506.88 91630.4
100000 2.51652e+08 2516.52 91043.7
100000 2.5262e+08 2526.2 90460.4
100000 2.53592e+08 2535.92 89880.5
100000 2.54567e+08 2545.67 89304.5
100000 2.55546e+08 2555.46 88731.8
100000 2.56529e+08 2565.29 88162.5
100000 2.57516e+08 2575.16 87596.6
100000 2.58506e+08 2585.06 87034.5
100000 2.595e+08 2595 86475.7
100000 2.60499e+08 2604.99 85919.7
100000 2.615e+08 2615 85368
100000 2.62506e+08 2625.06 84819.1
100000 2.63516e+08 2635.16 84273.5
100000 2.6453e+08 2645.3 83731.1
100000 2.65547e+08 2655.47 83192.4
100000 2.66568e+08 2665.68 82657
100000 2.67594e+08 2675.94 82124.3
100000 2.68623e+08 2686.23 81595.3
100000 2.69656e+08 2696.56 81069.6
100000 2.70693e+08 2706.93 80547
100000 2.71734e+08 2717.34 80027.5
100000 2.7278e+08 2727.8 79510.8
100000 2.73829e+08 2738.29 78997.7
100000 2.74882e+08 2748.82 78487.7
100000 2.75939e+08 2759.39 77980.9
100000 2.77001e+08 2770.01 77476.7
100000 2.78066e+08 2780.66 76976.1
100000 2.79136e+08 2791.36 76478.1
100000 2.80209e+08 2802.09 75983.7
100000 2.81287e+08 2812.87 75491.9
100000 2.82369e+08 2823.69 75003.2
100000 2.83455e+08 2834.55 74517.5
100000 2.84545e+08 2845.45 74034.8
100000 2.8564e+08 2856.4 73554.8
100000 2.86738e+08 2867.38 73078.2
100000 2.87841e+08 2878.41 72604.2
100000 2.88948e+08 2889.48 72133.2
100000 2.9006e+08 2900.6 71664.7
100000 2.91175e+08 2911.75 71199.7
100000 2.92295e+08 2922.95 70737.1
100000 2.9342e+08 2934.2 70277.2
100000 2.94548e+08 2945.48 69820.6
100000 2.95681e+08 2956.81 69366.5
100000 2.96818e+08 2968.18 68915.3
100000 2.9796e+08 2979.6 68466.7
100000 2.99106e+08 2991.06 68020.9
100000 3.00257e+08 3002.57 67577.6
100000 3.01411e+08 3014.11 67137.6
100000 3.02571e+08 3025.71 66699.8
100000 3.03735e+08 3037.35 66264.7
100000 3.04903e+08 3049.03 65832.5
100000 3.06076e+08 3060.76 65402.8
100000 3.07253e+08 3072.53 64975.9
100000 3.08435e+08 3084.35 64551.4
100000 3.09621e+08 3096.21 64129.8
100000 3.10812e+08 3108.12 63710.6
100000 3.12007e+08 3120.07 63294.1
100000 3.13207e+08 3132.07 62880.1
100000 3.14412e+08 3144.12 62468.4
100000 3.15621e+08 3156.21 62059.6
100000 3.16835e+08 3168.35 61653.1
100000 3.18054e+08 3180.54 61249
100000 3.19277e+08 3192.77 60847.6
100000 3.20505e+08 3205.05 60448.6
100000 3.21738e+08 3217.38 60051.9
100000 3.22976e+08 3229.76 59657.6
100000 3.24218e+08 3242.18 59266
100000 3.25465e+08 3254.65 58876.7
100000 3.26717e+08 3267.17 58489.7
100000 3.27973e+08 3279.73 58105.4
100000 3.29235e+08 3292.35 57723.1
100000 3.30501e+08 3305.01 57343.4
100000 3.31772e+08 3317.72 56966
100000 3.33049e+08 3330.49 56590.6
100000 3.3433e+08 3343.3 56217.8
100000 3.35615e+08 3356.15 55847.5
100000 3.36906e+08 3369.06 55479.3
100000 3.38202e+08 3382.02 55113.3
100000 3.39503e+08 3395.03 54749.5
100000 3.40809e+08 3408.09 54388
100000 3.4212e+08 3421.2 54028.7
100000 3.43436e+08 3434.36 53671.7
100000 3.44757e+08 3447.57 53316.9
100000 3.46083e+08 3460.83 52964.3
100000 3.47414e+08 3474.14 52613.9
100000 3.4875e+08 3487.5 52265.7
100000 3.50091e+08 3500.91 51919.7
100000 3.51438e+08 3514.38 51575.6
100000 3.5279e+08 3527.9 51233.7
100000 3.54147e+08 3541.47 50894
100000 3.55509e+08 3555.09 50556.4
100000 3.56876e+08 3568.76 50221
100000 3.58249e+08 3582.49 49887.4
100000 3.59627e+08 3596.27 49556
100000 3.6101e+08 3610.1 49226.8
100000 3.62399e+08 3623.99 48899.4
100000 3.63792e+08 3637.92 48574.3
100000 3.65192e+08 3651.92 48250.9
100000 3.66596e+08 3665.96 47929.8
100000 3.68006e+08 3680.06 47610.6
100000 3.69422e+08 3694.22 47293.2
100000 3.70843e+08 3708.43 46977.9
100000 3.72269e+08 3722.69 46664.7
100000 3.73701e+08 3737.01 46353.3
100000 3.75138e+08 3751.38 46043.9
100000 3.76581e+08 3765.81 45736.4
100000 3.7803e+08 3780.3 45430.7
100000 3.79484e+08 3794.84 45127
100000 3.80943e+08 3809.43 44825.3
100000 3.82408e+08 3824.08 44525.4
100000 3.83879e+08 3838.79 44227.3
100000 3.85356e+08 3853.56 43931
100000 3.86838e+08 3868.38 43636.7
100000 3.88326e+08 3883.26 43344.1
100000 3.8982e+08 3898.2 43053.3
100000 3.91319e+08 3913.19 42764.5
100000 3.92824e+08 3928.24 42477.5
100000 3.94335e+08 3943.35 42192.2
100000 3.95852e+08 3958.52 41908.6
100000 3.97374e+08 3973.74 41627
100000 3.98903e+08 3989.03 41346.9
100000 4.00437e+08 4004.37 41068.7
100000 4.01977e+08 4019.77 40792.2
100000 4.03523e+08 4035.23 40517.5
100000 4.05075e+08 4050.75 40244.5
100000 4.06633e+08 4066.33 39973.1
100000 4.08197e+08 4081.97 39703.5
100000 4.09768e+08 4097.68 39435.4
100000 4.11344e+08 4113.44 39169.1
100000 4.12926e+08 4129.26 38904.5
100000 4.14514e+08 4145.14 38641.6
100000 4.16108e+08 4161.08 38380.4
100000 4.17709e+08 4177.09 38120.7
100000 4.19315e+08 4193.15 37862.7
100000 4.20928e+08 4209.28 37606.3
100000 4.22547e+08 4225.47 37351.5
100000 4.24173e+08 4241.73 37098.2
100000 4.25804e+08 4258.04 36846.6
100000 4.27442e+08 4274.42 36596.6
100000 4.29086e+08 4290.86 36348.1
100000 4.30736e+08 4307.36 36101.3
100000 4.32393e+08 4323.93 35855.9
100000 4.34056e+08 4340.56 35612.1
100000 4.35726e+08 4357.26 35369.8
100000 4.37402e+08 4374.02 35129
100000 4.39084e+08 4390.84 34889.9
100000 4.40773e+08 4407.73 34652.1
100000 4.42468e+08 4424.68 34416
100000 4.4417e+08 4441.7 34181.2
100000 4.45878e+08 4458.78 33948
100000 4.47593e+08 4475.93 33716.2
100000 4.49315e+08 4493.15 33485.9
100000 4.51043e+08 4510.43 33257
100000 4.52778e+08 4527.78 33029.6
100000 4.54519e+08 4545.19 32803.7
100000 4.56268e+08 4562.68 32579
100000 4.58023e+08 4580.23 32355.9
100000 4.59784e+08 4597.84 32134.3
100000 4.61553e+08 4615.53 31913.9
100000 4.63328e+08 4633.28 31695
100000 4.6511e+08 4651.1 31477.5
100000 4.66899e+08 4668.99 31261.3
100000 4.68695e+08 4686.95 31046.5
100000 4.70498e+08 4704.98 30833
100000 4.72307e+08 4723.07 30621
100000 4.74124e+08 4741.24 30410.3
100000 4.75948e+08 4759.48 30200.8
100000 4.77778e+08 4777.78 29992.9
100000 4.79616e+08 4796.16 29786.1
100000 4.81461e+08 4814.61 29580.6
100000 4.83313e+08 4833.13 29376.5
100000 4.85172e+08 4851.72 29173.6
100000 4.87038e+08 4870.38 28972.1
100000 4.88911e+08 4889.11 28771.9
100000 4.90791e+08 4907.91 28573
100000 4.92679e+08 4926.79 28375.2
100000 4.94574e+08 4945.74 28178.8
100000 4.96476e+08 4964.76 27983.6
100000 4.98386e+08 4983.86 27789.6
100000 5.00303e+08 5003.03 27596.9
100000 5.02227e+08 5022.27 27405.4
100000 5.04159e+08 5041.59 27215.1
100000 5.06098e+08 5060.98 27026.1
100000 5.08045e+08 5080.45 26838.2
100000 5.09999e+08 5099.99 26651.5
100000 5.1196e+08 5119.6 26466.2
100000 5.1393e+08 5139.3 26281.8
100000 5.15906e+08 5159.06 26098.8
100000 5.17891e+08 5178.91 25916.8
100000 5.19883e+08 5198.83 25736
100000 5.21882e+08 5218.82 25556.5
100000 5.2389e+08 5238.9 25378
100000 5.25905e+08 5259.05 25200.7
100000 5.27927e+08 5279.27 25024.6
100000 5.29958e+08 5299.58 24849.5
100000 5.31996e+08 5319.96 24675.6
100000 5.34043e+08 5340.43 24502.8
100000 5.36097e+08 5360.97 24331.1
100000 5.38159e+08 5381.59 24160.5
100000 5.40229e+08 5402.29 23991
100000 5.42306e+08 5423.06 23822.7
100000 5.44392e+08 5443.92 23655.3
100000 5.46486e+08 5464.86 23489.1
100000 5.48588e+08 5485.88 23323.9
100000 5.50698e+08 5506.98 23159.8
100000 5.52816e+08 5528.16 22996.8
100000 5.54943e+08 5549.43 22834.7
100000 5.57077e+08 5570.77 22673.8
100000 5.5922e+08 5592.2 22513.9
100000 5.61371e+08 5613.71 22355
100000 5.6353e+08 5635.3 22197.1
100000 5.65697e+08 5656.97 22040.3
100000 5.67873e+08 5678.73 21884.5
100000 5.70057e+08 5700.57 21729.7
100000 5.7225e+08 5722.5 21575.8
100000 5.74451e+08 5744.51 21423
100000 5.76661e+08 5766.61 21271.1
100000 5.78879e+08 5788.79 21120.3
100000 5.81105e+08 5811.05 20970.5
100000 5.8334e+08 5833.4 20821.6
100000 5.85584e+08 5855.84 20673.6
100000 5.87836e+08 5878.36 20526.7
100000 5.90097e+08 5900.97 20380.6
100000 5.92367e+08 5923.67 20235.5
100000 5.94645e+08 5946.45 20091.4
100000 5.96933e+08 5969.33 19948.2
100000 5.99229e+08 5992.29 19805.9
100000 6.01533e+08 6015.33 19664.6
100000 6.03847e+08 6038.47 19524.2
100000 6.0617e+08 6061.7 19384.7
100000 6.08501e+08 6085.01 19246.1
100000 6.10842e+08 6108.42 19108.4
100000 6.13191e+08 6131.91 18971.6
100000 6.1555e+08 6155.5 18835.7
100000 6.17917e+08 6179.17 18700.7
100000 6.20294e+08 6202.94 18566.5
100000 6.2268e+08 6226.8 18433.3
100000 6.25075e+08 6250.75 18300.9
100000 6.27479e+08 6274.79 18169.4
100000 6.29892e+08 6298.92 18038.7
100000 6.32315e+08 6323.15 17908.9
100000 6.34747e+08 6347.47 17779.9
100000 6.37189e+08 6371.89 17651.8
100000 6.3964e+08 6396.4 17524.5
100000 6.421e+08 6421 17398.1
100000 6.4457e+08 6445.7 17272.5
100000 6.47049e+08 6470.49 17147.7
100000 6.49537e+08 6495.37 17023.7
100000 6.52036e+08 6520.36 16900.6
100000 6.54544e+08 6545.44 16778.2
100000 6.57061e+08 6570.61 16656.7
100000 6.59589e+08 6595.89 16535.9
100000 6.62125e+08 6621.25 16416
100000 6.64672e+08 6646.72 16296.8
100000 6.67229e+08 6672.29 16178.5
100000 6.69795e+08 6697.95 16060.9
100000 6.72371e+08 6723.71 15944.1
100000 6.74957e+08 6749.57 15828
100000 6.77554e+08 6775.54 15712.7
100000 6.8016e+08 6801.6 15598.2
100000 6.82776e+08 6827.76 15484.4
100000 6.85402e+08 6854.02 15371.4
100000 6.88038e+08 6880.38 15259.2
100000 6.90685e+08 6906.85 15147.6
100000 6.93341e+08 6933.41 15036.9
100000 6.96008e+08 6960.08 14926.8
100000 6.98685e+08 6986.85 14817.5
100000 7.01372e+08 7013.72 14708.9
100000 7.0407e+08 7040.7 14601
100000 7.06778e+08 7067.78 14493.9
100000 7.09497e+08 7094.97 14387.4
100000 7.12226e+08 7122.26 14281.7
100000 7.14965e+08 7149.65 14176.7
100000 7.17715e+08 7177.15 14072.3
100000 7.20475e+08 7204.75 13968.7
100000 7.23247e+08 7232.47 13865.7
100000 7.26028e+08 7260.28 13763.5
100000 7.28821e+08 7288.21 13661.9
100000 7.31624e+08 7316.24 13561
100000 7.34438e+08 7344.38 13460.7
100000 7.37263e+08 7372.63 13361.2
100000 7.40099e+08 7400.99 13262.3
100000 7.42946e+08 7429.46 13164
100000 7.45803e+08 7458.03 13066.5
100000 7.48672e+08 7486.72 12969.5
100000 7.51551e+08 7515.51 12873.2
100000 7.54442e+08 7544.42 12777.6
100000 7.57344e+08 7573.44 12682.6
100000 7.60257e+08 7602.57 12588.2
100000 7.63181e+08 7631.81 12494.5
100000 7.66116e+08 7661.16 12401.4
100000 7.69063e+08 7690.63 12309
100000 7.72021e+08 7720.21 12217.1
100000 7.74991e+08 7749.91 12125.9
100000 7.77971e+08 7779.71 12035.3
100000 7.80964e+08 7809.64 11945.2
100000 7.83968e+08 7839.68 11855.8
100000 7.86983e+08 7869.83 11767
100000 7.9001e+08 7900.1 11678.8
100000 7.93049e+08 7930.49 11591.2
100000 7.96099e+08 7960.99 11504.2
100000 7.99161e+08 7991.61 11417.8
100000 8.02235e+08 8022.35 11331.9
100000 8.0532e+08 8053.2 11246.7
100000 8.08418e+08 8084.18 11162
100000 8.11527e+08 8115.27 11077.9
100000 8.14649e+08 8146.49 10994.3
100000 8.17782e+08 8177.82 10911.4
100000 8.20927e+08 8209.27 10829
100000 8.24085e+08 8240.85 10747.1
100000 8.27255e+08 8272.55 10665.8
100000 8.30437e+08 8304.37 10585.1
100000 8.33631e+08 8336.31 10504.9
100000 8.36837e+08 8368.37 10425.2
100000 8.40056e+08 8400.56 10346.1
100000 8.43287e+08 8432.87 10267.5
100000 8.4653e+08 8465.3 10189.5
100000 8.49786e+08 8497.86 10112
100000 8.53055e+08 8530.55 10035
100000 8.56336e+08 8563.36 9958.58
100000 8.5963e+08 8596.3 9882.64
100000 8.62936e+08 8629.36 9807.25
100000 8.66255e+08 8662.55 9732.36
100000 8.69587e+08 8695.87 9657.97
100000 8.72932e+08 8729.32 9584.1
100000 8.76289e+08 8762.89 9510.74
100000 8.7966e+08 8796.6 9437.87
100000 8.83043e+08 8830.43 9365.52
100000 8.8644e+08 8864.4 9293.64
100000 8.89849e+08 8898.49 9222.28
100000 8.93272e+08 8932.72 9151.4
100000 8.96708e+08 8967.08 9081
100000 9.00157e+08 9001.57 9011.09
100000 9.03619e+08 9036.19 8941.67
100000 9.07095e+08 9070.95 8872.71
100000 9.10583e+08 9105.83 8804.26
100000 9.14086e+08 9140.86 8736.25
100000 9.17602e+08 9176.02 8668.71
100000 9.21131e+08 9211.31 8601.65
100000 9.24674e+08 9246.74 8535.05
100000 9.28231e+08 9282.31 8468.9
100000 9.31801e+08 9318.01 8403.23
100000 9.35385e+08 9353.85 8338
100000 9.38983e+08 9389.83 8273.22
100000 9.42594e+08 9425.94 8208.9
100000 9.4622e+08 9462.2 8145.01
100000 9.49859e+08 9498.59 8081.59
100000 9.53513e+08 9535.13 8018.58
100000 9.5718e+08 9571.8 7956.03
100000 9.60862e+08 9608.62 7893.9
100000 9.64557e+08 9645.57 7832.23
100000 9.68267e+08 9682.67 7770.97
100000 9.71992e+08 9719.92 7710.12
100000 9.7573e+08 9757.3 7649.72
100000 9.79483e+08 9794.83 7589.74
100000 9.83251e+08 9832.51 7530.16
100000 9.87032e+08 9870.32 7471.02
100000 9.90829e+08 9908.29 7412.28
100000 9.9464e+08 9946.4 7353.95
100000 9.98466e+08 9984.66 7296.03
100000 1.00231e+09 10023.1 7238.47
100000 1.00616e+09 10061.6 7181.44
100000 1.01003e+09 10100.3 7124.73
100000 1.01392e+09 10139.2 7068.35
100000 1.01782e+09 10178.2 7012.44
100000 1.02173e+09 10217.3 6956.99
100000 1.02566e+09 10256.6 6901.86
100000 1.02961e+09 10296.1 6847.05
100000 1.03357e+09 10335.7 6792.7
100000 1.03754e+09 10375.4 6738.8
100000 1.04153e+09 10415.3 6685.22
100000 1.04554e+09 10455.4 6631.96
100000 1.04956e+09 10495.6 6579.15
100000 1.0536e+09 10536 6526.65
100000 1.05765e+09 10576.5 6474.59
100000 1.06172e+09 10617.2 6422.85
100000 1.0658e+09 10658 6371.54
100000 1.0699e+09 10699 6320.54
100000 1.07401e+09 10740.1 6269.98
100000 1.07815e+09 10781.5 6219.61
100000 1.08229e+09 10822.9 6169.78
100000 1.08646e+09 10864.6 6120.14
100000 1.09063e+09 10906.3 6071.05
100000 1.09483e+09 10948.3 6022.14
100000 1.09904e+09 10990.4 5973.65
100000 1.10327e+09 11032.7 5925.46
100000 1.10751e+09 11075.1 5877.69
100000 1.11177e+09 11117.7 5830.22
100000 1.11605e+09 11160.5 5783.05
100000 1.12034e+09 11203.4 5736.29
100000 1.12465e+09 11246.5 5689.82
100000 1.12897e+09 11289.7 5643.76
100000 1.13332e+09 11333.2 5597.89
100000 1.13768e+09 11376.8 5552.41
100000 1.14205e+09 11420.5 5507.34
100000 1.14644e+09 11464.4 5462.55
100000 1.15085e+09 11508.5 5418.06
100000 1.15528e+09 11552.8 5373.86
100000 1.15972e+09 11597.2 5330.04
100000 1.16419e+09 11641.9 5286.42
100000 1.16866e+09 11686.6 5243.27
100000 1.17316e+09 11731.6 5200.32
100000 1.17767e+09 11776.7 5157.74
100000 1.1822e+09 11822 5115.45
100000 1.18675e+09 11867.5 5073.44
100000 1.19131e+09 11913.1 5031.81
100000 1.19589e+09 11958.9 4990.45
100000 1.20049e+09 12004.9 4949.37
100000 1.20511e+09 12051.1 4908.58
100000 1.20975e+09 12097.5 4868.05
100000 1.2144e+09 12144 4827.9
100000 1.21907e+09 12190.7 4788.01
100000 1.22376e+09 12237.6 4748.4
100000 1.22847e+09 12284.7 4709.06
100000 1.23319e+09 12331.9 4670.08
100000 1.23793e+09 12379.3 4631.37
100000 1.2427e+09 12427 4592.84
100000 1.24748e+09 12474.8 4554.67
100000 1.25227e+09 12522.7 4516.84
100000 1.25709e+09 12570.9 4479.19
100000 1.26193e+09 12619.3 4441.81
100000 1.26678e+09 12667.8 4404.78
100000 1.27165e+09 12716.5 4368
100000 1.27654e+09 12765.4 4331.49
100000 1.28145e+09 12814.5 4295.23
100000 1.28638e+09 12863.8 4259.23
100000 1.29133e+09 12913.3 4223.5
100000 1.2963e+09 12963 4188.02
100000 1.30128e+09 13012.8 4152.86
100000 1.30629e+09 13062.9 4117.89
100000 1.31131e+09 13113.1 4083.25
100000 1.31636e+09 13163.6 4048.78
100000 1.32142e+09 13214.2 4014.64
100000 1.3265e+09 13265 3980.75
100000 1.3316e+09 13316 3947.1
100000 1.33672e+09 13367.2 3913.7
100000 1.34187e+09 13418.7 3880.49
100000 1.34703e+09 13470.3 3847.58
100000 1.35221e+09 13522.1 3814.92
100000 1.35741e+09 13574.1 3782.5
100000 1.36263e+09 13626.3 3750.32
100000 1.36787e+09 13678.7 3718.39
100000 1.37313e+09 13731.3 3686.69
100000 1.37841e+09 13784.1 3655.24
100000 1.38372e+09 13837.2 3623.96
100000 1.38904e+09 13890.4 3592.98
100000 1.39438e+09 13943.8 3562.23
100000 1.39974e+09 13997.4 3531.71
100000 1.40513e+09 14051.3 3501.38
100000 1.41053e+09 14105.3 3471.33
100000 1.41596e+09 14159.6 3441.46
100000 1.4214e+09 14214 3411.87
100000 1.42687e+09 14268.7 3382.45
100000 1.43236e+09 14323.6 3353.27
100000 1.43787e+09 14378.7 3324.31
100000 1.4434e+09 14434 3295.57
100000 1.44895e+09 14489.5 3267.06
100000 1.45452e+09 14545.2 3238.78
100000 1.46012e+09 14601.2 3210.66
100000 1.46573e+09 14657.3 3182.82
100000 1.47137e+09 14713.7 3155.14
100000 1.47703e+09 14770.3 3127.69
100000 1.48271e+09 14827.1 3100.45
100000 1.48842e+09 14884.2 3073.38
100000 1.49414e+09 14941.4 3046.58
100000 1.49989e+09 14998.9 3019.94
100000 1.50566e+09 15056.6 2993.52
100000 1.51145e+09 15114.5 2967.3
100000 1.51726e+09 15172.6 2941.3
100000 1.5231e+09 15231 2915.47
100000 1.52896e+09 15289.6 2889.84
100000 1.53484e+09 15348.4 2864.42
100000 1.54074e+09 15407.4 2839.21
100000 1.54667e+09 15466.7 2814.16
100000 1.55261e+09 15526.1 2789.36
100000 1.55859e+09 15585.9 2764.68
100000 1.56458e+09 15645.8 2740.24
100000 1.5706e+09 15706 2715.96
100000 1.57664e+09 15766.4 2691.89
100000 1.5827e+09 15827 2668.01
100000 1.58879e+09 15887.9 2644.29
100000 1.5949e+09 15949 2620.77
100000 1.60104e+09 16010.4 2597.41
100000 1.6072e+09 16072 2574.24
100000 1.61338e+09 16133.8 2551.27
100000 1.61958e+09 16195.8 2528.48
100000 1.62581e+09 16258.1 2505.86
100000 1.63207e+09 16320.7 2483.39
100000 1.63834e+09 16383.4 2461.14
100000 1.64464e+09 16446.4 2439.05
100000 1.65097e+09 16509.7 2417.11
100000 1.65732e+09 16573.2 2395.36
100000 1.66369e+09 16636.9 2373.8
100000 1.67009e+09 16700.9 2352.38
100000 1.67652e+09 16765.2 2331.12
100000 1.68297e+09 16829.7 2310.04
100000 1.68944e+09 16894.4 2289.14
100000 1.69594e+09 16959.4 2268.39
100000 1.70246e+09 17024.6 2247.81
100000 1.70901e+09 17090.1 2227.39
100000 1.71558e+09 17155.8 2207.14
100000 1.72218e+09 17221.8 2187.04
100000 1.7288e+09 17288 2167.12
100000 1.73545e+09 17354.5 2147.34
100000 1.74213e+09 17421.3 2127.7
100000 1.74883e+09 17488.3 2108.24
100000 1.75556e+09 17555.6 2088.92
100000 1.76231e+09 17623.1 2069.77
100000 1.76909e+09 17690.9 2050.76
100000 1.77589e+09 17758.9 2031.92
100000 1.78272e+09 17827.2 2013.22
100000 1.78958e+09 17895.8 1994.66
100000 1.79646e+09 17964.6 1976.27
100000 1.80337e+09 18033.7 1958.01
100000 1.81031e+09 18103.1 1939.9
100000 1.81727e+09 18172.7 1921.94
100000 1.82426e+09 18242.6 1904.12
100000 1.83128e+09 18312.8 1886.44
100000 1.83832e+09 18383.2 1868.92
100000 1.84539e+09 18453.9 1851.53
100000 1.85249e+09 18524.9 1834.27
100000 1.85962e+09 18596.2 1817.15
100000 1.86677e+09 18667.7 1800.19
100000 1.87395e+09 18739.5 1783.36
100000 1.88116e+09 18811.6 1766.65
100000 1.88839e+09 18883.9 1750.11
100000 1.89565e+09 18956.5 1733.69
100000 1.90295e+09 19029.5 1717.38
100000 1.91027e+09 19102.7 1701.21
100000 1.91761e+09 19176.1 1685.2
100000 1.92499e+09 19249.9 1669.3
100000 1.93239e+09 19323.9 1653.54
100000 1.93983e+09 19398.3 1637.89
100000 1.94729e+09 19472.9 1622.38
100000 1.95478e+09 19547.8 1607
100000 1.96229e+09 19622.9 1591.76
100000 1.96984e+09 19698.4 1576.63
100000 1.97742e+09 19774.2 1561.62
100000 1.98502e+09 19850.2 1546.75
100000 1.99266e+09 19926.6 1531.98
100000 2.00032e+09 20003.2 1517.36
100000 2.00802e+09 20080.2 1502.83
100000 2.01574e+09 20157.4 1488.44
100000 2.02349e+09 20234.9 1474.18
100000 2.03128e+09 20312.8 1460.01
100000 2.03909e+09 20390.9 1445.98
100000 2.04693e+09 20469.3 1432.06
100000 2.05481e+09 20548.1 1418.24
100000 2.06271e+09 20627.1 1404.56
100000 2.07064e+09 20706.4 1390.99
100000 2.07861e+09 20786.1 1377.52
100000 2.0866e+09 20866 1364.18
100000 2.09463e+09 20946.3 1350.94
100000 2.10269e+09 21026.9 1337.81
100000 2.11077e+09 21107.7 1324.81
100000 2.11889e+09 21188.9 1311.9
100000 2.12704e+09 21270.4 1299.1
100000 2.13522e+09 21352.2 1286.42
100000 2.14344e+09 21434.4 1273.82
100000 2.15168e+09 21516.8 1261.36
100000 2.15996e+09 21599.6 1248.98
100000 2.16826e+09 21682.6 1236.73
100000 2.1766e+09 21766 1224.57
100000 2.18498e+09 21849.8 1212.5
100000 2.19338e+09 21933.8 1200.56
100000 2.20182e+09 22018.2 1188.7
100000 2.21028e+09 22102.8 1176.96
100000 2.21879e+09 22187.9 1165.3
100000 2.22732e+09 22273.2 1153.76
100000 2.23589e+09 22358.9 1142.3
100000 2.24449e+09 22444.9 1130.95
100000 2.25312e+09 22531.2 1119.7
100000 2.26179e+09 22617.9 1108.53
100000 2.27049e+09 22704.9 1097.47
100000 2.27922e+09 22792.2 1086.51
100000 2.28798e+09 22879.8 1075.64
100000 2.29679e+09 22967.9 1064.86
100000 2.30562e+09 23056.2 1054.18
100000 2.31449e+09 23144.9 1043.58
100000 2.32339e+09 23233.9 1033.08
100000 2.33233e+09 23323.3 1022.67
100000 2.3413e+09 23413 1012.35
100000 2.3503e+09 23503 1002.13
100000 2.35934e+09 23593.4 991.993
100000 2.36842e+09 23684.2 981.937
100000 2.37753e+09 23775.3 971.974
100000 2.38667e+09 23866.7 962.104
100000 2.39585e+09 23958.5 952.316
100000 2.40507e+09 24050.7 942.609
100000 2.41432e+09 24143.2 932.992
100000 2.4236e+09 24236 923.466
100000 2.43292e+09 24329.2 914.02
100000 2.44228e+09 24422.8 904.653
100000 2.45168e+09 24516.8 895.365
100000 2.46111e+09 24611.1 886.165
100000 2.47057e+09 24705.7 877.053
100000 2.48008e+09 24800.8 868.008
100000 2.48961e+09 24896.1 859.06
100000 2.49919e+09 24991.9 850.179
100000 2.5088e+09 25088 841.384
100000 2.51845e+09 25184.5 832.664
100000 2.52814e+09 25281.4 824.02
100000 2.53786e+09 25378.6 815.459
100000 2.54762e+09 25476.2 806.973
100000 2.55742e+09 25574.2 798.561
100000 2.56726e+09 25672.6 790.223
100000 2.57713e+09 25771.3 781.966
100000 2.58705e+09 25870.5 773.774
100000 2.597e+09 25970 765.662
100000 2.60699e+09 26069.9 757.623
100000 2.61701e+09 26170.1 749.662
100000 2.62708e+09 26270.8 741.765
100000 2.63718e+09 26371.8 733.947
100000 2.64733e+09 26473.3 726.191
100000 2.65751e+09 26575.1 718.512
100000 2.66773e+09 26677.3 710.903
100000 2.67799e+09 26779.9 703.363
100000 2.68829e+09 26882.9 695.891
100000 2.69863e+09 26986.3 688.488
100000 2.70901e+09 27090.1 681.152
100000 2.71943e+09 27194.3 673.884
100000 2.72989e+09 27298.9 666.682
100000 2.74039e+09 27403.9 659.547
100000 2.75093e+09 27509.3 652.478
100000 2.76151e+09 27615.1 645.474
100000 2.77213e+09 27721.3 638.536
100000 2.7828e+09 27828 631.656
100000 2.7935e+09 27935 624.847
100000 2.80424e+09 28042.4 618.102
100000 2.81503e+09 28150.3 611.415
100000 2.82586e+09 28258.6 604.79
100000 2.83673e+09 28367.3 598.229
100000 2.84764e+09 28476.4 591.73
100000 2.85859e+09 28585.9 585.292
100000 2.86959e+09 28695.9 578.911
100000 2.88062e+09 28806.2 572.596
100000 2.8917e+09 28917 566.337
100000 2.90283e+09 29028.3 560.132
100000 2.91399e+09 29139.9 553.993
100000 2.9252e+09 29252 547.908
100000 2.93645e+09 29364.5 541.882
100000 2.94774e+09 29477.4 535.916
100000 2.95908e+09 29590.8 530.002
100000 2.97046e+09 29704.6 524.146
100000 2.98189e+09 29818.9 518.343
100000 2.99336e+09 29933.6 512.597
100000 3.00487e+09 30048.7 506.908
100000 3.01643e+09 30164.3 501.27
100000 3.02803e+09 30280.3 495.689
100000 3.03968e+09 30396.8 490.159
100000 3.05137e+09 30513.7 484.684
100000 3.06311e+09 30631.1 479.259
100000 3.07489e+09 30748.9 473.889
100000 3.08671e+09 30867.1 468.573
100000 3.09859e+09 30985.9 463.302
100000 3.11051e+09 31105.1 458.084
100000 3.12247e+09 31224.7 452.92
100000 3.13448e+09 31344.8 447.804
100000 3.14654e+09 31465.4 442.736
100000 3.15864e+09 31586.4 437.72
100000 3.17079e+09 31707.9 432.751
100000 3.18298e+09 31829.8 427.834
100000 3.19523e+09 31952.3 422.96
100000 3.20752e+09 32075.2 418.136
100000 3.21985e+09 32198.5 413.363
100000 3.23224e+09 32322.4 408.631
100000 3.24467e+09 32446.7 403.949
100000 3.25715e+09 32571.5 399.313
100000 3.26968e+09 32696.8 394.721
100000 3.28225e+09 32822.5 390.178
100000 3.29488e+09 32948.8 385.676
100000 3.30755e+09 33075.5 381.221
100000 3.32027e+09 33202.7 376.811
100000 3.33304e+09 33330.4 372.443
100000 3.34586e+09 33458.6 368.119
100000 3.35873e+09 33587.3 363.838
100000 3.37165e+09 33716.5 359.6
100000 3.38462e+09 33846.2 355.404
100000 3.39764e+09 33976.4 351.25
100000 3.41071e+09 34107.1 347.138
100000 3.42382e+09 34238.2 343.071
100000 3.43699e+09 34369.9 339.042
100000 3.45021e+09 34502.1 335.053
100000 3.46348e+09 34634.8 331.105
100000 3.47681e+09 34768.1 327.195
100000 3.49018e+09 34901.8 323.328
100000 3.5036e+09 35036 319.5
100000 3.51708e+09 35170.8 315.709
100000 3.53061e+09 35306.1 311.957
100000 3.54419e+09 35441.9 308.244
100000 3.55782e+09 35578.2 304.57
100000 3.5715e+09 35715 300.934
100000 3.58524e+09 35852.4 297.333
100000 3.59903e+09 35990.3 293.771
100000 3.61287e+09 36128.7 290.245
100000 3.62677e+09 36267.7 286.755
100000 3.64072e+09 36407.2 283.301
100000 3.65472e+09 36547.2 279.885
100000 3.66878e+09 36687.8 276.502
100000 3.68289e+09 36828.9 273.155
100000 3.69706e+09 36970.6 269.842
100000 3.71128e+09 37112.8 266.564
100000 3.72555e+09 37255.5 263.322
100000 3.73988e+09 37398.8 260.112
100000 3.75426e+09 37542.6 256.938
100000 3.7687e+09 37687 253.795
100000 3.7832e+09 37832 250.685
100000 3.79775e+09 37977.5 247.609
100000 3.81236e+09 38123.6 244.564
100000 3.82702e+09 38270.2 241.553
100000 3.84174e+09 38417.4 238.573
100000 3.85652e+09 38565.2 235.624
100000 3.87135e+09 38713.5 232.708
100000 3.88624e+09 38862.4 229.822
100000 3.90119e+09 39011.9 226.967
100000 3.91619e+09 39161.9 224.144
100000 3.93126e+09 39312.6 221.348
100000 3.94638e+09 39463.8 218.584
100000 3.96156e+09 39615.6 215.849
100000 3.97679e+09 39767.9 213.145
100000 3.99209e+09 39920.9 210.469
100000 4.00745e+09 40074.5 207.821
100000 4.02286e+09 40228.6 205.203
100000 4.03833e+09 40383.3 202.614
100000 4.05387e+09 40538.7 200.051
100000 4.06946e+09 40694.6 197.518
100000 4.08511e+09 40851.1 195.012
100000 4.10082e+09 41008.2 192.533
100000 4.1166e+09 41166 190.08
100000 4.13243e+09 41324.3 187.656
100000 4.14832e+09 41483.2 185.259
100000 4.16428e+09 41642.8 182.886
100000 4.1803e+09 41803 180.54
100000 4.19638e+09 41963.8 178.22
100000 4.21252e+09 42125.2 175.926
100000 4.22872e+09 42287.2 173.658
100000 4.24498e+09 42449.8 171.415
100000 4.26131e+09 42613.1 169.196
100000 4.2777e+09 42777 167.003
100000 4.29415e+09 42941.5 164.834
100000 4.31067e+09 43106.7 162.689
100000 4.32725e+09 43272.5 160.568
100000 4.34389e+09 43438.9 158.471
100000 4.3606e+09 43606 156.397
100000 4.37737e+09 43773.7 154.347
100000 4.39421e+09 43942.1 152.32
100000 4.41111e+09 44111.1 150.316
100000 4.42808e+09 44280.8 148.335
100000 4.44511e+09 44451.1 146.376
100000 4.46221e+09 44622.1 144.439
100000 4.47937e+09 44793.7 142.525
100000 4.4966e+09 44966 140.632
100000 4.5139e+09 45139 138.761
100000 4.53126e+09 45312.6 136.912
100000 4.54869e+09 45486.9 135.084
100000 4.56618e+09 45661.8 133.277
100000 4.58374e+09 45837.4 131.491
100000 4.60138e+09 46013.8 129.724
100000 4.61907e+09 46190.7 127.98
100000 4.63684e+09 46368.4 126.255
100000 4.65467e+09 46546.7 124.55
100000 4.67258e+09 46725.8 122.865
100000 4.69055e+09 46905.5 121.199
100000 4.70859e+09 47085.9 119.554
100000 4.7267e+09 47267 117.927
100000 4.74488e+09 47448.8 116.32
100000 4.76313e+09 47631.3 114.731
100000 4.78145e+09 47814.5 113.161
100000 4.79984e+09 47998.4 111.61
100000 4.81831e+09 48183.1 110.076
100000 4.83684e+09 48368.4 108.561
100000 4.85544e+09 48554.4 107.065
100000 4.87412e+09 48741.2 105.585
100000 4.89286e+09 48928.6 104.125
100000 4.91168e+09 49116.8 102.681
100000 4.93058e+09 49305.8 101.253
100000 4.94954e+09 49495.4 99.8441
100000 4.96858e+09 49685.8 98.4513
100000 4.98769e+09 49876.9 97.0755
100000 5.00687e+09 50068.7 95.7165
100000 5.02613e+09 50261.3 94.3736
100000 5.04546e+09 50454.6 93.0472
100000 5.06487e+09 50648.7 91.7365
100000 5.08435e+09 50843.5 90.4421
100000 5.10391e+09 51039.1 89.1631
100000 5.12354e+09 51235.4 87.9001
100000 5.14324e+09 51432.4 86.6529
100000 5.16303e+09 51630.3 85.4201
100000 5.18288e+09 51828.8 84.2034
100000 5.20282e+09 52028.2 83.0009
100000 5.22283e+09 52228.3 81.8137
100000 5.24292e+09 52429.2 80.6409
100000 5.26309e+09 52630.9 79.4825
100000 5.28333e+09 52833.3 78.3389
100000 5.30365e+09 53036.5 77.2095
100000 5.32405e+09 53240.5 76.094
100000 5.34453e+09 53445.3 74.9923
100000 5.36508e+09 53650.8 73.9049
100000 5.38572e+09 53857.2 72.8306
100000 5.40643e+09 54064.3 71.7703
100000 5.42723e+09 54272.3 70.7228
100000 5.4481e+09 54481 69.689
100000 5.46906e+09 54690.6 68.6678
100000 5.4901e+09 54901 67.6596
100000 5.51121e+09 55112.1 66.6648
100000 5.53241e+09 55324.1 65.6821
100000 5.55369e+09 55536.9 64.7121
100000 5.57505e+09 55750.5 63.7546
100000 5.59649e+09 55964.9 62.8094
100000 5.61802e+09 56180.2 61.876
100000 5.63963e+09 56396.3 60.9548
100000 5.66132e+09 56613.2 60.0456
100000 5.68309e+09 56830.9 59.1482
100000 5.70495e+09 57049.5 58.2622
100000 5.7269e+09 57269 57.3875
100000 5.74892e+09 57489.2 56.5247
100000 5.77104e+09 57710.4 55.6726
100000 5.79323e+09 57932.3 54.8321
100000 5.81552e+09 58155.2 54.0021
100000 5.83788e+09 58378.8 53.1836
100000 5.86034e+09 58603.4 52.3753
100000 5.88288e+09 58828.8 51.5779
100000 5.90551e+09 59055.1 50.7909
100000 5.92822e+09 59282.2 50.0146
100000 5.95102e+09 59510.2 49.2484
100000 5.97391e+09 59739.1 48.4924
100000 5.99689e+09 59968.9 47.7464
100000 6.01995e+09 60199.5 47.0105
100000 6.04311e+09 60431.1 46.2842
100000 6.06635e+09 60663.5 45.5679
100000 6.08969e+09 60896.9 44.8609
100000 6.11311e+09 61131.1 44.1637
100000 6.13662e+09 61366.2 43.4758
100000 6.16022e+09 61602.2 42.7973
100000 6.18392e+09 61839.2 42.1278
100000 6.2077e+09 62077 41.4676
100000 6.23158e+09 62315.8 40.8162
100000 6.25555e+09 62555.5 40.1737
100000 6.27961e+09 62796.1 39.5401
100000 6.30376e+09 63037.6 38.9152
100000 6.32801e+09 63280.1 38.2987
100000 6.35235e+09 63523.5 37.6908
100000 6.37678e+09 63767.8 37.0913
100000 6.40131e+09 64013.1 36.5
100000 6.42593e+09 64259.3 35.917
100000 6.45065e+09 64506.5 35.3419
100000 6.47546e+09 64754.6 34.775
100000 6.50036e+09 65003.6 34.2161
100000 6.52537e+09 65253.7 33.6647
100000 6.55046e+09 65504.6 33.1214
100000 6.57566e+09 65756.6 32.5854
100000 6.60095e+09 66009.5 32.0571
100000 6.62634e+09 66263.4 31.5362
100000 6.65183e+09 66518.3 31.0226
100000 6.67741e+09 66774.1 30.5164
100000 6.7031e+09 67031 30.0172
100000 6.72888e+09 67288.8 29.5253
100000 6.75476e+09 67547.6 29.0404
100000 6.78074e+09 67807.4 28.5624
100000 6.80682e+09 68068.2 28.0913
100000 6.833e+09 68330 27.6269
100000 6.85928e+09 68592.8 27.1692
100000 6.88567e+09 68856.7 26.718
100000 6.91215e+09 69121.5 26.2735
100000 6.93874e+09 69387.4 25.8353
100000 6.96543e+09 69654.3 25.4035
100000 6.99222e+09 69922.2 24.9781
100000 7.01911e+09 70191.1 24.5589
100000 7.04611e+09 70461.1 24.1457
100000 7.07321e+09 70732.1 23.7387
100000 7.10042e+09 71004.2 23.3375
100000 7.12773e+09 71277.3 22.9424
100000 7.15514e+09 71551.4 22.5531
100000 7.18266e+09 71826.6 22.1696
100000 7.21029e+09 72102.9 21.7916
100000 7.23802e+09 72380.2 21.4194
100000 7.26586e+09 72658.6 21.0527
100000 7.29381e+09 72938.1 20.6914
100000 7.32186e+09 73218.6 20.3356
100000 7.35002e+09 73500.2 19.9852
100000 7.37829e+09 73782.9 19.64
100000 7.40667e+09 74066.7 19.3
100000 7.43516e+09 74351.6 18.9651
100000 7.46376e+09 74637.6 18.6353
100000 7.49247e+09 74924.7 18.3105
100000 7.52129e+09 75212.9 17.9907
100000 7.55022e+09 75502.2 17.6757
100000 7.57926e+09 75792.6 17.3656
100000 7.60841e+09 76084.1 17.0602
100000 7.63767e+09 76376.7 16.7596
100000 7.66705e+09 76670.5 16.4635
100000 7.69654e+09 76965.4 16.1721
100000 7.72614e+09 77261.4 15.8852
100000 7.75586e+09 77558.6 15.6026
100000 7.78569e+09 77856.9 15.3246
100000 7.81564e+09 78156.4 15.0508
100000 7.8457e+09 78457 14.7813
100000 7.87587e+09 78758.7 14.5161
100000 7.90617e+09 79061.7 14.2549
100000 7.93658e+09 79365.8 13.9979
100000 7.9671e+09 79671 13.7451
100000 7.99775e+09 79977.5 13.4961
100000 8.02851e+09 80285.1 13.2512
100000 8.05939e+09 80593.9 13.0101
100000 8.09039e+09 80903.9 12.7728
100000 8.12151e+09 81215.1 12.5394
100000 8.15274e+09 81527.4 12.3098
100000 8.1841e+09 81841 12.0837
100000 8.21558e+09 82155.8 11.8613
100000 8.24718e+09 82471.8 11.6426
100000 8.2789e+09 82789 11.4273
100000 8.31074e+09 83107.4 11.2156
100000 8.34271e+09 83427.1 11.0073
100000 8.3748e+09 83748 10.8023
100000 8.40701e+09 84070.1 10.6008
100000 8.43935e+09 84393.5 10.4025
100000 8.47181e+09 84718.1 10.2075
100000 8.50439e+09 85043.9 10.0157
100000 8.5371e+09 85371 9.82709
100000 8.56994e+09 85699.4 9.64156
100000 8.6029e+09 86029 9.45914
100000 8.63599e+09 86359.9 9.27974
100000 8.66921e+09 86692.1 9.10331
100000 8.70255e+09 87025.5 8.92987
100000 8.73602e+09 87360.2 8.75933
100000 8.76962e+09 87696.2 8.59164
100000 8.80336e+09 88033.6 8.42673
100000 8.83722e+09 88372.2 8.26464
100000 8.87121e+09 88712.1 8.1053
100000 8.90533e+09 89053.3 7.94867
100000 8.93958e+09 89395.8 7.7947
100000 8.97396e+09 89739.6 7.64337
100000 9.00848e+09 90084.8 7.49459
100000 9.04313e+09 90431.3 7.34838
100000 9.07791e+09 90779.1 7.20469
100000 9.11283e+09 91128.3 7.06344
100000 9.14788e+09 91478.8 6.92466
100000 9.18307e+09 91830.7 6.78826
100000 9.21839e+09 92183.9 6.65424
100000 9.25384e+09 92538.4 6.52258
100000 9.28944e+09 92894.4 6.39317
100000 9.32517e+09 93251.7 6.26604
100000 9.36103e+09 93610.3 6.14117
100000 9.39704e+09 93970.4 6.01845
100000 9.43318e+09 94331.8 5.89793
100000 9.46946e+09 94694.6 5.77953
100000 9.50589e+09 95058.9 5.6632
100000 9.54245e+09 95424.5 5.54896
100000 9.57915e+09 95791.5 5.43676
100000 9.616e+09 96160 5.32654
100000 9.65298e+09 96529.8 5.21832
100000 9.69011e+09 96901.1 5.11203
100000 9.72738e+09 97273.8 5.00765
100000 9.7648e+09 97648 4.90514
100000 9.80236e+09 98023.6 4.8045
100000 9.84006e+09 98400.6 4.70569
100000 9.87791e+09 98779.1 4.60866
100000 9.9159e+09 99159 4.51342
100000 9.95404e+09 99540.4 4.41991
100000 9.99233e+09 99923.3 4.3281
100000 1.00308e+10 100308 4.23791
100000 1.00693e+10 100693 4.14965
100000 1.01081e+10 101081 4.06267
100000 1.01469e+10 101469 3.97764
100000 1.0186e+10 101860 3.89386
100000 1.02252e+10 102252 3.81175
100000 1.02645e+10 102645 3.73127
100000 1.0304e+10 103040 3.6522
100000 1.03436e+10 103436 3.57472
100000 1.03834e+10 103834 3.4986
100000 1.04233e+10 104233 3.42402
100000 1.04634e+10 104634 3.35076
100000 1.05037e+10 105037 3.27881
100000 1.05441e+10 105441 3.20833
100000 1.05846e+10 105846 3.13928
100000 1.06253e+10 106253 3.07148
100000 1.06662e+10 106662 3.00491
100000 1.07072e+10 107072 2.93971
100000 1.07484e+10 107484 2.8757
100000 1.07897e+10 107897 2.81302
100000 1.08312e+10 108312 2.75149
100000 1.08729e+10 108729 2.69109
100000 1.09147e+10 109147 2.63196
100000 1.09567e+10 109567 2.57393
100000 1.09988e+10 109988 2.51712
100000 1.10412e+10 110412 2.46124
100000 1.10836e+10 110836 2.40668
100000 1.11262e+10 111262 2.35314
100000 1.1169e+10 111690 2.30062
100000 1.1212e+10 112120 2.2491
100000 1.12551e+10 112551 2.19868
100000 1.12984e+10 112984 2.14923
100000 1.13419e+10 113419 2.10073
100000 1.13855e+10 113855 2.05327
100000 1.14293e+10 114293 2.00674
100000 1.14733e+10 114733 1.96112
100000 1.15174e+10 115174 1.91648
100000 1.15617e+10 115617 1.87273
100000 1.16062e+10 116062 1.82983
100000 1.16508e+10 116508 1.78788
100000 1.16956e+10 116956 1.74675
100000 1.17406e+10 117406 1.70645
100000 1.17857e+10 117857 1.66704
100000 1.18311e+10 118311 1.62834
100000 1.18766e+10 118766 1.59049
100000 1.19223e+10 119223 1.55341
100000 1.19681e+10 119681 1.51717
100000 1.20142e+10 120142 1.48158
100000 1.20604e+10 120604 1.44679
100000 1.21068e+10 121068 1.41272
100000 1.21533e+10 121533 1.37942
100000 1.22001e+10 122001 1.34674
100000 1.2247e+10 122470 1.31481
100000 1.22941e+10 122941 1.28353
100000 1.23414e+10 123414 1.25291
100000 1.23889e+10 123889 1.22294
100000 1.24365e+10 124365 1.19365
100000 1.24843e+10 124843 1.16498
100000 1.25324e+10 125324 1.13686
100000 1.25806e+10 125806 1.1094
100000 1.26289e+10 126289 1.08257
100000 1.26775e+10 126775 1.05627
100000 1.27263e+10 127263 1.03053
100000 1.27752e+10 127752 1.00539
100000 1.28244e+10 128244 0.980755
100000 1.28737e+10 128737 0.956699
100000 1.29232e+10 129232 0.933167
100000 1.29729e+10 129729 0.91015
100000 1.30228e+10 130228 0.887637
100000 1.30729e+10 130729 0.86562
100000 1.31232e+10 131232 0.844089
100000 1.31737e+10 131737 0.823036
100000 1.32243e+10 132243 0.802492
100000 1.32752e+10 132752 0.782367
100000 1.33263e+10 133263 0.762692
100000 1.33775e+10 133775 0.743498
100000 1.3429e+10 134290 0.7247
100000 1.34806e+10 134806 0.706364
100000 1.35325e+10 135325 0.688409
100000 1.35845e+10 135845 0.670897
100000 1.36368e+10 136368 0.653754
100000 1.36892e+10 136892 0.637036
100000 1.37419e+10 137419 0.620671
100000 1.37947e+10 137947 0.604716
100000 1.38478e+10 138478 0.589101
100000 1.39011e+10 139011 0.57385
100000 1.39545e+10 139545 0.558983
100000 1.40082e+10 140082 0.544437
100000 1.40621e+10 140621 0.530233
100000 1.41162e+10 141162 0.516365
100000 1.41705e+10 141705 0.502825
100000 1.4225e+10 142250 0.489607
100000 1.42797e+10 142797 0.476704
100000 1.43346e+10 143346 0.46411
100000 1.43897e+10 143897 0.451818
100000 1.44451e+10 144451 0.439801
100000 1.45006e+10 145006 0.428095
100000 1.45564e+10 145564 0.416653
100000 1.46124e+10 146124 0.40549
100000 1.46686e+10 146686 0.394599
100000 1.4725e+10 147250 0.383975
100000 1.47817e+10 147817 0.373594
100000 1.48385e+10 148385 0.363487
100000 1.48956e+10 148956 0.353613
100000 1.49529e+10 149529 0.343984
100000 1.50104e+10 150104 0.334595
100000 1.50681e+10 150681 0.325441
100000 1.51261e+10 151261 0.316502
100000 1.51843e+10 151843 0.307788
100000 1.52427e+10 152427 0.299294
100000 1.53013e+10 153013 0.291015
100000 1.53602e+10 153602 0.282933
100000 1.54192e+10 154192 0.275071
100000 1.54785e+10 154785 0.267397
100000 1.55381e+10 155381 0.259908
100000 1.55978e+10 155978 0.252624
100000 1.56578e+10 156578 0.245517
100000 1.57181e+10 157181 0.238583
100000 1.57785e+10 157785 0.231841
100000 1.58392e+10 158392 0.225264
100000 1.59001e+10 159001 0.218859
100000 1.59613e+10 159613 0.212613
100000 1.60227e+10 160227 0.206532
100000 1.60843e+10 160843 0.200612
100000 1.61462e+10 161462 0.19484
100000 1.62083e+10 162083 0.189222
100000 1.62706e+10 162706 0.183754
100000 1.63332e+10 163332 0.178424
100000 1.6396e+10 163960 0.173238
100000 1.64591e+10 164591 0.168184
100000 1.65224e+10 165224 0.163268
100000 1.65859e+10 165859 0.158484
100000 1.66497e+10 166497 0.153825
100000 1.67138e+10 167138 0.149286
100000 1.67781e+10 167781 0.144871
100000 1.68426e+10 168426 0.140578
100000 1.69074e+10 169074 0.136398
100000 1.69724e+10 169724 0.132334
100000 1.70377e+10 170377 0.128376
100000 1.71032e+10 171032 0.12453
100000 1.7169e+10 171690 0.120785
100000 1.7235e+10 172350 0.117146
100000 1.73013e+10 173013 0.113604
100000 1.73679e+10 173679 0.110157
100000 1.74347e+10 174347 0.106808
100000 1.75017e+10 175017 0.103555
100000 1.7569e+10 175690 0.10039
100000 1.76366e+10 176366 0.0973113
100000 1.77045e+10 177045 0.0943167
100000 1.77726e+10 177726 0.0914087
100000 1.78409e+10 178409 0.0885849
100000 1.79095e+10 179095 0.0858392
100000 1.79784e+10 179784 0.0831697
100000 1.80476e+10 180476 0.0805746
100000 1.8117e+10 181170 0.0780557
100000 1.81867e+10 181867 0.0756075
100000 1.82566e+10 182566 0.0732317
100000 1.83268e+10 183268 0.070923
100000 1.83973e+10 183973 0.0686798
100000 1.84681e+10 184681 0.0665005
100000 1.85391e+10 185391 0.0643865
100000 1.86104e+10 186104 0.0623331
100000 1.8682e+10 186820 0.0603389
100000 1.87539e+10 187539 0.0584022
100000 1.8826e+10 188260 0.0565244
100000 1.88984e+10 188984 0.0547012
100000 1.89711e+10 189711 0.0529312
100000 1.90441e+10 190441 0.0512131
100000 1.91173e+10 191173 0.0495479
100000 1.91909e+10 191909 0.0479296
100000 1.92647e+10 192647 0.0463614
100000 1.93388e+10 193388 0.0448399
100000 1.94132e+10 194132 0.0433638
100000 1.94878e+10 194878 0.0419338
100000 1.95628e+10 195628 0.0405449
100000 1.9638e+10 196380 0.0391997
100000 1.97136e+10 197136 0.0378936
100000 1.97894e+10 197894 0.0366288
100000 1.98655e+10 198655 0.0354025
100000 1.99419e+10 199419 0.0342138
100000 2.00186e+10 200186 0.0330616
100000 2.00956e+10 200956 0.031945
100000 2.01729e+10 201729 0.0308628
100000 2.02505e+10 202505 0.0298143
100000 2.03284e+10 203284 0.0287984
100000 2.04066e+10 204066 0.0278143
100000 2.04851e+10 204851 0.0268611
100000 2.05638e+10 205638 0.025939
100000 2.06429e+10 206429 0.025045
100000 2.07223e+10 207223 0.0241793
100000 2.0802e+10 208020 0.0233412
100000 2.08821e+10 208821 0.0225288
100000 2.09624e+10 209624 0.0217434
100000 2.1043e+10 210430 0.0209833
100000 2.11239e+10 211239 0.0202478
100000 2.12052e+10 212052 0.0195351
100000 2.12868e+10 212868 0.0188457
100000 2.13686e+10 213686 0.0181795
100000 2.14508e+10 214508 0.0175344
100000 2.15333e+10 215333 0.0169105
100000 2.16161e+10 216161 0.0163071
100000 2.16993e+10 216993 0.015723
100000 2.17827e+10 217827 0.0151589
100000 2.18665e+10 218665 0.014613
100000 2.19506e+10 219506 0.0140854
100000 2.20351e+10 220351 0.0135748
100000 2.21198e+10 221198 0.013082
100000 2.22049e+10 222049 0.0126054
100000 2.22903e+10 222903 0.0121448
100000 2.2376e+10 223760 0.0117
100000 2.24621e+10 224621 0.0112698
100000 2.25485e+10 225485 0.0108543
100000 2.26352e+10 226352 0.0104532
100000 2.27223e+10 227223 0.0100654
100000 2.28097e+10 228097 0.00969107
100000 2.28974e+10 228974 0.00932974
100000 2.29855e+10 229855 0.0089806
100000 2.30739e+10 230739 0.00864368
100000 2.31627e+10 231627 0.00831822
100000 2.32517e+10 232517 0.00800458
100000 2.33412e+10 233412 0.00770134
100000 2.3431e+10 234310 0.00740886
100000 2.35211e+10 235211 0.0071268
100000 2.36115e+10 236115 0.0068548
100000 2.37024e+10 237024 0.00659198
100000 2.37935e+10 237935 0.00633889
100000 2.3885e+10 238850 0.00609467
100000 2.39769e+10 239769 0.00585903
100000 2.40691e+10 240691 0.00563196
100000 2.41617e+10 241617 0.00541293
100000 2.42546e+10 242546 0.00520191
100000 2.43479e+10 243479 0.00499843
100000 2.44416e+10 244416 0.00480224
100000 2.45356e+10 245356 0.00461329
100000 2.463e+10 246300 0.00443117
100000 2.47247e+10 247247 0.00425583
100000 2.48198e+10 248198 0.00408686
100000 2.49153e+10 249153 0.00392405
100000 2.50111e+10 250111 0.00376736
100000 2.51073e+10 251073 0.00361644
100000 2.52039e+10 252039 0.00347108
100000 2.53008e+10 253008 0.00333124
100000 2.53981e+10 253981 0.0031966
100000 2.54958e+10 254958 0.00306698
100000 2.55939e+10 255939 0.0029422
100000 2.56923e+10 256923 0.00282224
100000 2.57911e+10 257911 0.0027068
100000 2.58903e+10 258903 0.00259572
100000 2.59899e+10 259899 0.00248886
100000 2.60899e+10 260899 0.00238607
100000 2.61902e+10 261902 0.00228731
100000 2.6291e+10 262910 0.00219225
100000 2.63921e+10 263921 0.00210094
100000 2.64936e+10 264936 0.00201315
100000 2.65955e+10 265955 0.00192878
100000 2.66978e+10 266978 0.00184769
100000 2.68005e+10 268005 0.00176976
100000 2.69036e+10 269036 0.00169489
100000 2.70071e+10 270071 0.00162297
100000 2.71109e+10 271109 0.00155396
100000 2.72152e+10 272152 0.00148762
100000 2.73199e+10 273199 0.00142391
100000 2.7425e+10 274250 0.00136275
100000 2.75304e+10 275304 0.0013041
100000 2.76363e+10 276363 0.00124775
100000 2.77426e+10 277426 0.00119367
100000 2.78493e+10 278493 0.00114179
100000 2.79565e+10 279565 0.00109197
100000 2.8064e+10 280640 0.00104422
100000 2.81719e+10 281719 0.000998429
100000 2.82803e+10 282803 0.000954478
100000 2.83891e+10 283891 0.000912339
100000 2.84983e+10 284983 0.000871943
100000 2.86079e+10 286079 0.000833224
100000 2.87179e+10 287179 0.000796119
100000 2.88284e+10 288284 0.000760533
100000 2.89392e+10 289392 0.000726471
100000 2.90506e+10 290506 0.000693785
100000 2.91623e+10 291623 0.000662509
100000 2.92745e+10 292745 0.000632532
100000 2.93871e+10 293871 0.000603831
100000 2.95001e+10 295001 0.000576357
100000 2.96136e+10 296136 0.000550036
100000 2.97275e+10 297275 0.000524848
100000 2.98418e+10 298418 0.000500748
100000 2.99566e+10 299566 0.000477671
100000 3.00718e+10 300718 0.000455598
100000 3.01875e+10 301875 0.000434469
100000 3.03036e+10 303036 0.000414266
100000 3.04201e+10 304201 0.00039495
100000 3.05371e+10 305371 0.000376471
100000 3.06546e+10 306546 0.000358794
100000 3.07725e+10 307725 0.000341902
100000 3.08909e+10 308909 0.000325749
100000 3.10097e+10 310097 0.000310318
100000 3.11289e+10 311289 0.00029558
100000 3.12487e+10 312487 0.000281482
100000 3.13689e+10 313689 0.000268022
100000 3.14895e+10 314895 0.000255171
100000 3.16106e+10 316106 0.000242896
100000 3.17322e+10 317322 0.000231171
100000 3.18543e+10 318543 0.000219975
100000 3.19768e+10 319768 0.000209294
100000 3.20998e+10 320998 0.000199097
100000 3.22233e+10 322233 0.000189365
100000 3.23472e+10 323472 0.000180085
100000 3.24716e+10 324716 0.000171231
100000 3.25965e+10 325965 0.000162784
100000 3.27219e+10 327219 0.000154728
100000 3.28477e+10 328477 0.000147052
100000 3.29741e+10 329741 0.000139727
100000 3.31009e+10 331009 0.000132749
100000 3.32282e+10 332282 0.000126099
100000 3.3356e+10 333560 0.000119762
100000 3.34843e+10 334843 0.000113724
100000 3.36131e+10 336131 0.000107972
100000 3.37424e+10 337424 0.000102494
100000 3.38722e+10 338722 9.72774e-05
100000 3.40025e+10 340025 9.23107e-05
100000 3.41333e+10 341333 8.75827e-05
100000 3.42645e+10 342645 8.30863e-05
100000 3.43963e+10 343963 7.88044e-05
100000 3.45286e+10 345286 7.47306e-05
100000 3.46614e+10 346614 7.08555e-05
100000 3.47948e+10 347948 6.71674e-05
100000 3.49286e+10 349286 6.36631e-05
100000 3.50629e+10 350629 6.03315e-05
100000 3.51978e+10 351978 5.71625e-05
100000 3.53332e+10 353332 5.41508e-05
100000 3.54691e+10 354691 5.12892e-05
100000 3.56055e+10 356055 4.85708e-05
100000 3.57425e+10 357425 4.59869e-05
100000 3.58799e+10 358799 4.35349e-05
100000 3.60179e+10 360179 4.12053e-05
100000 3.61565e+10 361565 3.89922e-05
100000 3.62955e+10 362955 3.68933e-05
100000 3.64351e+10 364351 3.49003e-05
100000 3.65753e+10 365753 3.30081e-05
100000 3.6716e+10 367160 3.12133e-05
100000 3.68572e+10 368572 2.95112e-05
100000 3.69989e+10 369989 2.78973e-05
100000 3.71413e+10 371413 2.63652e-05
100000 3.72841e+10 372841 2.49141e-05
100000 3.74275e+10 374275 2.35381e-05
100000 3.75715e+10 375715 2.22335e-05
100000 3.7716e+10 377160 2.09977e-05
100000 3.78611e+10 378611 1.98266e-05
100000 3.80067e+10 380067 1.87177e-05
100000 3.81529e+10 381529 1.76672e-05
100000 3.82996e+10 382996 1.6673e-05
100000 3.84469e+10 384469 1.57315e-05
100000 3.85948e+10 385948 1.48401e-05
100000 3.87433e+10 387433 1.39964e-05
100000 3.88923e+10 388923 1.31985e-05
100000 3.90419e+10 390419 1.24435e-05
100000 3.9192e+10 391920 1.17298e-05
100000 3.93428e+10 393428 1.10544e-05
100000 3.94941e+10 394941 1.04161e-05
100000 3.9646e+10 396460 9.81277e-06
100000 3.97985e+10 397985 9.24247e-06
100000 3.99516e+10 399516 8.70355e-06
100000 4.01052e+10 401052 8.19472e-06
100000 4.02595e+10 402595 7.71378e-06
100000 4.04143e+10 404143 7.25989e-06
100000 4.05698e+10 405698 6.83105e-06
100000 4.07258e+10 407258 6.42651e-06
100000 4.08825e+10 408825 6.04446e-06
100000 4.10397e+10 410397 5.68421e-06
100000 4.11976e+10 411976 5.34414e-06
100000 4.1356e+10 413560 5.02361e-06
100000 4.15151e+10 415151 4.72116e-06
100000 4.16748e+10 416748 4.43604e-06
100000 4.18351e+10 418351 4.16729e-06
100000 4.1996e+10 419960 3.91404e-06
100000 4.21575e+10 421575 3.67545e-06
100000 4.23197e+10 423197 3.45058e-06
100000 4.24824e+10 424824 3.23894e-06
100000 4.26458e+10 426458 3.03956e-06
100000 4.28099e+10 428099 2.85177e-06
100000 4.29745e+10 429745 2.67516e-06
100000 4.31398e+10 431398 2.50888e-06
100000 4.33057e+10 433057 2.35247e-06
100000 4.34723e+10 434723 2.20529e-06
100000 4.36395e+10 436395 2.06691e-06
100000 4.38074e+10 438074 1.93675e-06
100000 4.39759e+10 439759 1.81442e-06
100000 4.4145e+10 441450 1.69948e-06
100000 4.43148e+10 443148 1.59145e-06
100000 4.44853e+10 444853 1.48993e-06
100000 4.46564e+10 446564 1.39461e-06
100000 4.48281e+10 448281 1.30513e-06
100000 4.50005e+10 450005 1.22111e-06
100000 4.51736e+10 451736 1.14222e-06
100000 4.53474e+10 453474 1.06818e-06
100000 4.55218e+10 455218 9.98742e-07
100000 4.56969e+10 456969 9.33597e-07
100000 4.58727e+10 458727 8.72496e-07
100000 4.60491e+10 460491 8.15234e-07
100000 4.62262e+10 462262 7.61552e-07
100000 4.6404e+10 464040 7.11238e-07
100000 4.65825e+10 465825 6.64093e-07
100000 4.67617e+10 467617 6.19927e-07
100000 4.69415e+10 469415 5.78586e-07
100000 4.71221e+10 471221 5.39855e-07
100000 4.73033e+10 473033 5.03619e-07
100000 4.74853e+10 474853 4.69688e-07
100000 4.76679e+10 476679 4.37957e-07
100000 4.78513e+10 478513 4.0826e-07
100000 4.80353e+10 480353 3.80503e-07
100000 4.82201e+10 482201 3.54537e-07
100000 4.84055e+10 484055 3.3028e-07
100000 4.85917e+10 485917 3.076e-07
100000 4.87786e+10 487786 2.86411e-07
100000 4.89662e+10 489662 2.66621e-07
100000 4.91546e+10 491546 2.48131e-07
100000 4.93436e+10 493436 2.3088e-07
100000 4.95334e+10 495334 2.14771e-07
100000 4.97239e+10 497239 1.99741e-07
100000 4.99152e+10 499152 1.85713e-07
100000 5.01072e+10 501072 1.72631e-07
100000 5.02999e+10 502999 1.60435e-07
100000 5.04934e+10 504934 1.4906e-07
100000 5.06876e+10 506876 1.38462e-07
100000 5.08825e+10 508825 1.28588e-07
100000 5.10783e+10 510783 1.19382e-07
100000 5.12747e+10 512747 1.10816e-07
100000 5.14719e+10 514719 1.02837e-07
100000 5.16699e+10 516699 9.54083e-08
100000 5.18687e+10 518687 8.84935e-08
100000 5.20682e+10 520682 8.2062e-08
100000 5.22684e+10 522684 7.60815e-08
100000 5.24695e+10 524695 7.05165e-08
100000 5.26713e+10 526713 6.53445e-08
100000 5.28739e+10 528739 6.05369e-08
100000 5.30772e+10 530772 5.60713e-08
100000 5.32814e+10 532814 5.19204e-08
100000 5.34863e+10 534863 4.8067e-08
100000 5.3692e+10 536920 4.44889e-08
100000 5.38986e+10 538986 4.11659e-08
100000 5.41059e+10 541059 3.80835e-08
100000 5.4314e+10 543140 3.52237e-08
100000 5.45229e+10 545229 3.25713e-08
100000 5.47326e+10 547326 3.01119e-08
100000 5.49431e+10 549431 2.7832e-08
100000 5.51544e+10 551544 2.57192e-08
100000 5.53666e+10 553666 2.37609e-08
100000 5.55795e+10 555795 2.1948e-08
100000 5.57933e+10 557933 2.02686e-08
100000 5.60079e+10 560079 1.8714e-08
100000 5.62233e+10 562233 1.72755e-08
100000 5.64396e+10 564396 1.5944e-08
100000 5.66567e+10 566567 1.47126e-08
100000 5.68746e+10 568746 1.35741e-08
100000 5.70934e+10 570934 1.25212e-08
100000 5.73129e+10 573129 1.15488e-08
100000 5.75334e+10 575334 1.06497e-08
100000 5.77547e+10 577547 9.81937e-09
100000 5.79768e+10 579768 9.0528e-09
100000 5.81998e+10 581998 8.34498e-09
100000 5.84237e+10 584237 7.6916e-09
100000 5.86484e+10 586484 7.08893e-09
100000 5.8874e+10 588740 6.53296e-09
100000 5.91004e+10 591004 6.02044e-09
100000 5.93277e+10 593277 5.54792e-09
100000 5.95559e+10 595559 5.11241e-09
100000 5.9785e+10 597850 4.71113e-09
100000 6.00149e+10 600149 4.34167e-09
100000 6.02458e+10 602458 4.00131e-09
100000 6.04775e+10 604775 3.68813e-09
100000 6.07101e+10 607101 3.39992e-09
100000 6.09436e+10 609436 3.13478e-09
100000 6.1178e+10 611780 2.89094e-09
100000 6.14133e+10 614133 2.66675e-09
100000 6.16496e+10 616496 2.46061e-09
100000 6.18867e+10 618867 2.27129e-09
100000 6.21247e+10 621247 2.09739e-09
100000 6.23637e+10 623637 1.93765e-09
100000 6.26035e+10 626035 1.79108e-09
100000 6.28443e+10 628443 1.65653e-09
100000 6.3086e+10 630860 1.5331e-09
100000 6.33287e+10 633287 1.41986e-09
100000 6.35723e+10 635723 1.31605e-09
100000 6.38168e+10 638168 1.22091e-09
100000 6.40623e+10 640623 1.13372e-09
100000 6.43087e+10 643087 1.05386e-09
100000 6.4556e+10 645560 9.80747e-10
100000 6.48043e+10 648043 9.13804e-10
100000 6.50536e+10 650536 8.52531e-10
100000 6.53038e+10 653038 7.96488e-10
100000 6.5555e+10 655550 7.45226e-10
100000 6.58071e+10 658071 6.98372e-10
100000 6.60602e+10 660602 6.55544e-10
100000 6.63143e+10 663143 6.16408e-10
100000 6.65694e+10 665694 5.8066e-10
100000 6.68254e+10 668254 5.4803e-10
100000 6.70824e+10 670824 5.18243e-10
100000 6.73405e+10 673405 4.91052e-10
100000 6.75995e+10 675995 4.66258e-10
100000 6.78595e+10 678595 4.43649e-10
100000 6.81205e+10 681205 4.23039e-10
100000 6.83825e+10 683825 4.04258e-10
100000 6.86455e+10 686455 3.8715e-10
100000 6.89096e+10 689096 3.71565e-10
100000 6.91746e+10 691746 3.57383e-10
100000 6.94407e+10 694407 3.44474e-10
100000 6.97078e+10 697078 3.3273e-10
100000 6.99759e+10 699759 3.22052e-10
100000 7.0245e+10 702450 3.12345e-10
100000 7.05152e+10 705152 3.03522e-10
100000 7.07864e+10 707864 2.95507e-10
100000 7.10587e+10 710587 2.88227e-10
100000 7.1332e+10 713320 2.81619e-10
100000 7.16064e+10 716064 2.7562e-10
100000 7.18818e+10 718818 2.7018e-10
100000 7.21583e+10 721583 2.65245e-10
100000 7.24358e+10 724358 2.60773e-10
100000 7.27144e+10 727144 2.56719e-10
100000 7.29941e+10 729941 2.53046e-10
100000 7.32749e+10 732749 2.4972e-10
100000 7.35567e+10 735567 2.46709e-10
100000 7.38396e+10 738396 2.43957e-10
100000 7.41236e+10 741236 2.41309e-10
100000 7.44087e+10 744087 2.3865e-10
100000 7.46949e+10 746949 2.35981e-10
100000 7.49822e+10 749822 2.33302e-10
100000 7.52706e+10 752706 2.30612e-10
100000 7.55601e+10 755601 2.27913e-10
100000 7.58508e+10 758508 2.25202e-10
100000 7.61425e+10 761425 2.22482e-10
100000 7.64354e+10 764354 2.1975e-10
100000 7.67294e+10 767294 2.17009e-10
100000 7.70245e+10 770245 2.14257e-10
100000 7.73208e+10 773208 2.11493e-10
100000 7.76182e+10 776182 2.0872e-10
100000 7.79167e+10 779167 2.05936e-10
100000 7.82164e+10 782164 2.03142e-10
100000 7.85172e+10 785172 2.00337e-10
100000 7.88192e+10 788192 1.9752e-10
100000 7.91224e+10 791224 1.94693e-10
100000 7.94267e+10 794267 1.91855e-10
100000 7.97322e+10 797322 1.89006e-10
100000 8.00389e+10 800389 1.86146e-10
100000 8.03468e+10 803468 1.83275e-10
100000 8.06558e+10 806558 1.80393e-10
100000 8.0966e+10 809660 1.775e-10
100000 8.12774e+10 812774 1.74596e-10
100000 8.15901e+10 815901 1.7168e-10
100000 8.19039e+10 819039 1.68754e-10
100000 8.22189e+10 822189 1.65817e-10
100000 8.25351e+10 825351 1.62868e-10
100000 8.28526e+10 828526 1.59907e-10
100000 8.31713e+10 831713 1.56935e-10
100000 8.34912e+10 834912 1.53952e-10
100000 8.38123e+10 838123 1.50957e-10
100000 8.41347e+10 841347 1.47951e-10
100000 8.44583e+10 844583 1.44933e-10
100000 8.47831e+10 847831 1.41904e-10
100000 8.51092e+10 851092 1.38863e-10
100000 8.54366e+10 854366 1.3581e-10
100000 8.57652e+10 857652 1.32746e-10
100000 8.60951e+10 860951 1.29669e-10
100000 8.64262e+10 864262 1.26582e-10
100000 8.67586e+10 867586 1.23482e-10
100000 8.70923e+10 870923 1.2037e-10
100000 8.74273e+10 874273 1.17246e-10
100000 8.77636e+10 877636 1.1411e-10
100000 8.81012e+10 881012 1.10962e-10
100000 8.844e+10 884400 1.07802e-10
100000 8.87802e+10 887802 1.0463e-10
100000 8.91217e+10 891217 1.01445e-10
100000 8.94645e+10 894645 9.82481e-11
100000 8.98086e+10 898086 9.50393e-11
100000 9.0154e+10 901540 9.18183e-11
100000 9.05008e+10 905008 8.85842e-11
100000 9.08489e+10 908489 8.5338e-11
100000 9.11983e+10 911983 8.20797e-11
100000 9.15491e+10 915491 7.88083e-11
100000 9.19012e+10 919012 7.55249e-11
100000 9.22547e+10 922547 7.22283e-11
100000 9.26095e+10 926095 6.89196e-11
100000 9.29657e+10 929657 6.55979e-11
100000 9.33233e+10 933233 6.22631e-11
100000 9.36822e+10 936822 5.89162e-11
100000 9.40426e+10 940426 5.55554e-11
100000 9.44043e+10 944043 5.21824e-11
100000 9.47674e+10 947674 4.87963e-11
100000 9.51319e+10 951319 4.53972e-11
100000 9.54978e+10 954978 4.1985e-11
100000 9.58651e+10 958651 3.85598e-11
100000 9.62338e+10 962338 3.51215e-11
100000 9.6604e+10 966040 3.16692e-11
100000 9.69755e+10 969755 2.82048e-11
100000 9.73485e+10 973485 2.47264e-11
100000 9.7723e+10 977230 2.1234e-11
100000 9.80988e+10 980988 1.77295e-11
100000 9.84762e+10 984762 1.42101e-11
100000 9.88549e+10 988549 1.06786e-11
100000 9.92352e+10 992352 7.13209e-12
100000 9.96168e+10 996168 3.57351e-12
100000 1e+11 1e+06 0

1e+06 1e+06 10 2.08506e+09
1e+06 1.00385e+06 10.0385 2.07306e+09
1e+06 1.00771e+06 10.0771 2.06116e+09
1e+06 1.01158e+06 10.1158 2.04933e+09
1e+06 1.01547e+06 10.1547 2.03756e+09
1e+06 1.01938e+06 10.1938 2.02584e+09
1e+06 1.0233e+06 10.233 2.0142e+09
1e+06 1.02724e+06 10.2724 2.00262e+09
1e+06 1.03119e+06 10.3119 1.99112e+09
1e+06 1.03515e+06 10.3515 1.97969e+09
1e+06 1.03914e+06 10.3914 1.96829e+09
1e+06 1.04313e+06 10.4313 1.957e+09
1e+06 1.04714e+06 10.4714 1.94577e+09
1e+06 1.05117e+06 10.5117 1.93458e+09
1e+06 1.05522e+06 10.5522 1.92345e+09
1e+06 1.05927e+06 10.5927 1.91242e+09
1e+06 1.06335e+06 10.6335 1.90141e+09
1e+06 1.06744e+06 10.6744 1.89049e+09
1e+06 1.07154e+06 10.7154 1.87964e+09
1e+06 1.07567e+06 10.7567 1.86882e+09
1e+06 1.0798e+06 10.798 1.8581e+09
1e+06 1.08396e+06 10.8396 1.84741e+09
1e+06 1.08813e+06 10.8813 1.83679e+09
1e+06 1.09231e+06 10.9231 1.82625e+09
1e+06 1.09651e+06 10.9651 1.81576e+09
1e+06 1.10073e+06 11.0073 1.80532e+09
1e+06 1.10496e+06 11.0496 1.79496e+09
1e+06 1.10921e+06 11.0921 1.78464e+09
1e+06 1.11348e+06 11.1348 1.77438e+09
1e+06 1.11776e+06 11.1776 1.76419e+09
1e+06 1.12206e+06 11.2206 1.75405e+09
1e+06 1.12638e+06 11.2638 1.74396e+09
1e+06 1.13071e+06 11.3071 1.73395e+09
1e+06 1.13506e+06 11.3506 1.72398e+09
1e+06 1.13942e+06 11.3942 1.71409e+09
1e+06 1.14381e+06 11.4381 1.70422e+09
1e+06 1.14821e+06 11.4821 1.69443e+09
1e+06 1.15262e+06 11.5262 1.68471e+09
1e+06 1.15706e+06 11.5706 1.67501e+09
1e+06 1.16151e+06 11.6151 1.66539e+09
1e+06 1.16597e+06 11.6597 1.65583e+09
1e+06 1.17046e+06 11.7046 1.64631e+09
1e+06 1.17496e+06 11.7496 1.63685e+09
1e+06 1.17948e+06 11.7948 1.62745e+09
1e+06 1.18402e+06 11.8402 1.61809e+09
1e+06 1.18857e+06 11.8857 1.6088e+09
1e+06 1.19314e+06 11.9314 1.59956e+09
1e+06 1.19773e+06 11.9773 1.59036e+09
1e+06 1.20234e+06 12.0234 1.58122e+09
1e+06 1.20696e+06 12.0696 1.57214e+09
1e+06 1.21161e+06 12.1161 1.56309e+09
1e+06 1.21627e+06 12.1627 1.55411e+09
1e+06 1.22094e+06 12.2094 1.5452e+09
1e+06 1.22564e+06 12.2564 1.53631e+09
1e+06 1.23035e+06 12.3035 1.52749e+09
1e+06 1.23509e+06 12.3509 1.5187e+09
1e+06 1.23984e+06 12.3984 1.50997e+09
1e+06 1.24461e+06 12.4461 1.50129e+09
1e+06 1.24939e+06 12.4939 1.49268e+09
1e+06 1.2542e+06 12.542 1.48409e+09
1e+06 1.25902e+06 12.5902 1.47557e+09
1e+06 1.26386e+06 12.6386 1.4671e+09
1e+06 1.26873e+06 12.6873 1.45865e+09
1e+06 1.27361e+06 12.7361 1.45027e+09
1e+06 1.2785e+06 12.785 1.44195e+09
1e+06 1.28342e+06 12.8342 1.43366e+09
1e+06 1.28836e+06 12.8836 1.42541e+09
1e+06 1.29331e+06 12.9331 1.41723e+09
1e+06 1.29829e+06 12.9829 1.40908e+09
1e+06 1.30328e+06 13.0328 1.40099e+09
1e+06 1.30829e+06 13.0829 1.39294e+09
1e+06 1.31333e+06 13.1333 1.38492e+09
1e+06 1.31838e+06 13.1838 1.37697e+09
1e+06 1.32345e+06 13.2345 1.36905e+09
1e+06 1.32854e+06 13.2854 1.36119e+09
1e+06 1.33365e+06 13.3365 1.35336e+09
1e+06 1.33878e+06 13.3878 1.34559e+09
1e+06 1.34393e+06 13.4393 1.33785e+09
1e+06 1.3491e+06 13.491 1.33016e+09
1e+06 1.35429e+06 13.5429 1.32252e+09
1e+06 1.3595e+06 13.595 1.31492e+09
1e+06 1.36472e+06 13.6472 1.30737e+09
1e+06 1.36997e+06 13.6997 1.29986e+09
1e+06 1.37524e+06 13.7524 1.29239e+09
1e+06 1.38053e+06 13.8053 1.28496e+09
1e+06 1.38584e+06 13.8584 1.27757e+09
1e+06 1.39117e+06 13.9117 1.27023e+09
1e+06 1.39652e+06 13.9652 1.26293e+09
1e+06 1.4019e+06 14.019 1.25566e+09
1e+06 1.40729e+06 14.0729 1.24845e+09
1e+06 1.4127e+06 14.127 1.24128e+09
1e+06 1.41813e+06 14.1813 1.23415e+09
1e+06 1.42359e+06 14.2359 1.22705e+09
1e+06 1.42906e+06 14.2906 1.22001e+09
1e+06 1.43456e+06 14.3456 1.21299e+09
1e+06 1.44008e+06 14.4008 1.20602e+09
1e+06 1.44562e+06 14.4562 1.19908e+09
1e+06 1.45118e+06 14.5118 1.19219e+09
1e+06 1.45676e+06 14.5676 1.18534e+09
1e+06 1.46236e+06 14.6236 1.17853e+09
1e+06 1.46799e+06 14.6799 1.17175e+09
1e+06 1.47363e+06 14.7363 1.16503e+09
1e+06 1.4793e+06 14.793 1.15833e+09
1e+06 1.48499e+06 14.8499 1.15167e+09
1e+06 1.4907e+06 14.907 1.14506e+09
1e+06 1.49644e+06 14.9644 1.13847e+09
1e+06 1.50219e+06 15.0219 1.13193e+09
1e+06 1.50797e+06 15.0797 1.12542e+09
1e+06 1.51377e+06 15.1377 1.11895e+09
1e+06 1.51959e+06 15.1959 1.11253e+09
1e+06 1.52544e+06 15.2544 1.10613e+09
1e+06 1.5313e+06 15.313 1.09978e+09
1e+06 1.53719e+06 15.3719 1.09346e+09
1e+06 1.54311e+06 15.4311 1.08716e+09
1e+06 1.54904e+06 15.4904 1.08092e+09
1e+06 1.555e+06 15.55 1.07471e+09
1e+06 1.56098e+06 15.6098 1.06853e+09
1e+06 1.56699e+06 15.6699 1.06238e+09
1e+06 1.57301e+06 15.7301 1.05628e+09
1e+06 1.57906e+06 15.7906 1.05021e+09
1e+06 1.58514e+06 15.8514 1.04417e+09
1e+06 1.59123e+06 15.9123 1.03817e+09
1e+06 1.59735e+06 15.9735 1.03221e+09
1e+06 1.6035e+06 16.035 1.02627e+09
1e+06 1.60967e+06 16.0967 1.02037e+09
1e+06 1.61586e+06 16.1586 1.0145e+09
1e+06 1.62207e+06 16.2207 1.00868e+09
1e+06 1.62831e+06 16.2831 1.00288e+09
1e+06 1.63457e+06 16.3457 9.97118e+08
1e+06 1.64086e+06 16.4086 9.91384e+08
1e+06 1.64717e+06 16.4717 9.85687e+08
1e+06 1.65351e+06 16.5351 9.80017e+08
1e+06 1.65987e+06 16.5987 9.74384e+08
1e+06 1.66625e+06 16.6625 9.68787e+08
1e+06 1.67266e+06 16.7266 9.63218e+08
1e+06 1.67909e+06 16.7909 9.57684e+08
1e+06 1.68555e+06 16.8555 9.52178e+08
1e+06 1.69204e+06 16.9204 9.46699e+08
1e+06 1.69854e+06 16.9854 9.41264e+08
1e+06 1.70508e+06 17.0508 9.35848e+08
1e+06 1.71163e+06 17.1163 9.30475e+08
1e+06 1.71822e+06 17.1822 9.25122e+08
1e+06 1.72483e+06 17.2483 9.19803e+08
1e+06 1.73146e+06 17.3146 9.14519e+08
1e+06 1.73812e+06 17.3812 9.09262e+08
1e+06 1.74481e+06 17.4481 9.04032e+08
1e+06 1.75152e+06 17.5152 8.98836e+08
1e+06 1.75825e+06 17.5825 8.93674e+08
1e+06 1.76502e+06 17.6502 8.88532e+08
1e+06 1.77181e+06 17.7181 8.83423e+08
1e+06 1.77862e+06 17.7862 8.78349e+08
1e+06 1.78546e+06 17.8546 8.73301e+08
1e+06 1.79233e+06 17.9233 8.68279e+08
1e+06 1.79922e+06 17.9922 8.6329e+08
1e+06 1.80614e+06 18.0614 8.58328e+08
1e+06 1.81309e+06 18.1309 8.53392e+08
1e+06 1.82006e+06 18.2006 8.48489e+08
1e+06 1.82706e+06 18.2706 8.43611e+08
1e+06 1.83409e+06 18.3409 8.3876e+08
1e+06 1.84115e+06 18.4115 8.33935e+08
1e+06 1.84823e+06 18.4823 8.29142e+08
1e+06 1.85534e+06 18.5534 8.24375e+08
1e+06 1.86247e+06 18.6247 8.1964e+08
1e+06 1.86964e+06 18.6964 8.14924e+08
1e+06 1.87683e+06 18.7683 8.1024e+08
1e+06 1.88405e+06 18.8405 8.05581e+08
1e+06 1.89129e+06 18.9129 8.00954e+08
1e+06 1.89857e+06 18.9857 7.96346e+08
1e+06 1.90587e+06 19.0587 7.9177e+08
1e+06 1.9132e+06 19.132 7.87218e+08
1e+06 1.92056e+06 19.2056 7.82692e+08
1e+06 1.92795e+06 19.2795 7.78191e+08
1e+06 1.93536e+06 19.3536 7.7372e+08
1e+06 1.94281e+06 19.4281 7.69268e+08
1e+06 1.95028e+06 19.5028 7.64847e+08
1e+06 1.95778e+06 19.5778 7.60451e+08
1e+06 1.96531e+06 19.6531 7.56079e+08
1e+06 1.97287e+06 19.7287 7.51732e+08
1e+06 1.98046e+06 19.8046 7.4741e+08
1e+06 1.98808e+06 19.8808 7.43111e+08
1e+06 1.99572e+06 19.9572 7.38843e+08
1e+06 2.0034e+06 20.034 7.34593e+08
1e+06 2.0111e+06 20.111 7.30373e+08
1e+06 2.01884e+06 20.1884 7.26171e+08
1e+06 2.0266e+06 20.266 7.21999e+08
1e+06 2.0344e+06 20.344 7.17845e+08
1e+06 2.04222e+06 20.4222 7.13721e+08
1e+06 2.05008e+06 20.5008 7.09615e+08
1e+06 2.05796e+06 20.5796 7.05538e+08
1e+06 2.06588e+06 20.6588 7.01479e+08
1e+06 2.07383e+06 20.7383 6.97444e+08
1e+06 2.0818e+06 20.818 6.93437e+08
1e+06 2.08981e+06 20.8981 6.89449e+08
1e+06 2.09785e+06 20.9785 6.85484e+08
1e+06 2.10592e+06 21.0592 6.81542e+08
1e+06 2.11402e+06 21.1402 6.77624e+08
1e+06 2.12215e+06 21.2215 6.73728e+08
1e+06 2.13031e+06 21.3031 6.69856e+08
1e+06 2.1385e+06 21.385 6.66006e+08
1e+06 2.14673e+06 21.4673 6.62175e+08
1e+06 2.15499e+06 21.5499 6.58366e+08
1e+06 2.16327e+06 21.6327 6.54585e+08
1e+06 2.1716e+06 21.716 6.50817e+08
1e+06 2.17995e+06 21.7995 6.47076e+08
1e+06 2.18833e+06 21.8833 6.43357e+08
1e+06 2.19675e+06 21.9675 6.39657e+08
1e+06 2.2052e+06 22.052 6.35979e+08
1e+06 2.21368e+06 22.1368 6.32323e+08
1e+06 2.2222e+06 22.222 6.28684e+08
1e+06 2.23074e+06 22.3074 6.25072e+08
1e+06 2.23932e+06 22.3932 6.21478e+08
1e+06 2.24794e+06 22.4794 6.17902e+08
1e+06 2.25658e+06 22.5658 6.14352e+08
1e+06 2.26526e+06 22.6526 6.10819e+08
1e+06 2.27397e+06 22.7397 6.07308e+08
1e+06 2.28272e+06 22.8272 6.03814e+08
1e+06 2.2915e+06 22.915 6.00342e+08
1e+06 2.30031e+06 23.0031 5.96892e+08
1e+06 2.30916e+06 23.0916 5.93458e+08
1e+06 2.31804e+06 23.1804 5.90047e+08
1e+06 2.32696e+06 23.2696 5.86652e+08
1e+06 2.33591e+06 23.3591 5.83279e+08
1e+06 2.34489e+06 23.4489 5.79926e+08
1e+06 2.35391e+06 23.5391 5.76591e+08
1e+06 2.36297e+06 23.6297 5.73273e+08
1e+06 2.37206e+06 23.7206 5.69976e+08
1e+06 2.38118e+06 23.8118 5.667e+08
1e+06 2.39034e+06 23.9034 5.63441e+08
1e+06 2.39953e+06 23.9953 5.60202e+08
1e+06 2.40876e+06 24.0876 5.5698e+08
1e+06 2.41803e+06 24.1803 5.53776e+08
1e+06 2.42733e+06 24.2733 5.50591e+08
1e+06 2.43666e+06 24.3666 5.47427e+08
1e+06 2.44604e+06 24.4604 5.44276e+08
1e+06 2.45544e+06 24.5544 5.41149e+08
1e+06 2.46489e+06 24.6489 5.38035e+08
1e+06 2.47437e+06 24.7437 5.34941e+08
1e+06 2.48389e+06 24.8389 5.31864e+08
1e+06 2.49344e+06 24.9344 5.28806e+08
1e+06 2.50303e+06 25.0303 5.25765e+08
1e+06 2.51266e+06 25.1266 5.22741e+08
1e+06 2.52232e+06 25.2232 5.19736e+08
1e+06 2.53202e+06 25.3202 5.16748e+08
1e+06 2.54176e+06 25.4176 5.13775e+08
1e+06 2.55154e+06 25.5154 5.1082e+08
1e+06 2.56135e+06 25.6135 5.07883e+08
1e+06 2.57121e+06 25.7121 5.0496e+08
1e+06 2.58109e+06 25.8109 5.02058e+08
1e+06 2.59102e+06 25.9102 4.9917e+08
1e+06 2.60099e+06 26.0099 4.96298e+08
1e+06 2.61099e+06 26.1099 4.93445e+08
1e+06 2.62104e+06 26.2104 4.90605e+08
1e+06 2.63112e+06 26.3112 4.87784e+08
1e+06 2.64124e+06 26.4124 4.84978e+08
1e+06 2.6514e+06 26.514 4.82189e+08
1e+06 2.66159e+06 26.6159 4.79418e+08
1e+06 2.67183e+06 26.7183 4.76659e+08
1e+06 2.68211e+06 26.8211 4.73917e+08
1e+06 2.69242e+06 26.9242 4.71193e+08
1e+06 2.70278e+06 27.0278 4.68482e+08
1e+06 2.71318e+06 27.1318 4.65786e+08
1e+06 2.72361e+06 27.2361 4.63108e+08
1e+06 2.73409e+06 27.3409 4.60444e+08
1e+06 2.7446e+06 27.446 4.57797e+08
1e+06 2.75516e+06 27.5516 4.55163e+08
1e+06 2.76576e+06 27.6576 4.52544e+08
1e+06 2.77639e+06 27.7639 4.49943e+08
1e+06 2.78707e+06 27.8707 4.47355e+08
1e+06 2.79779e+06 27.9779 4.44782e+08
1e+06 2.80855e+06 28.0855 4.42223e+08
1e+06 2.81936e+06 28.1936 4.39678e+08
1e+06 2.8302e+06 28.302 4.3715e+08
1e+06 2.84109e+06 28.4109 4.34634e+08
1e+06 2.85201e+06 28.5201 4.32136e+08
1e+06 2.86298e+06 28.6298 4.2965e+08
1e+06 2.874e+06 28.74 4.27177e+08
1e+06 2.88505e+06 28.8505 4.24721e+08
1e+06 2.89615e+06 28.9615 4.22277e+08
1e+06 2.90729e+06 29.0729 4.19848e+08
1e+06 2.91847e+06 29.1847 4.17433e+08
1e+06 2.92969e+06 29.2969 4.15033e+08
1e+06 2.94096e+06 29.4096 4.12645e+08
1e+06 2.95227e+06 29.5227 4.10272e+08
1e+06 2.96363e+06 29.6363 4.07911e+08
1e+06 2.97503e+06 29.7503 4.05564e+08
1e+06 2.98647e+06 29.8647 4.03232e+08
1e+06 2.99796e+06 29.9796 4.00911e+08
1e+06 3.00949e+06 30.0949 3.98605e+08
1e+06 3.02106e+06 30.2106 3.96313e+08
1e+06 3.03268e+06 30.3268 3.94033e+08
1e+06 3.04435e+06 30.4435 3.91765e+08
1e+06 3.05606e+06 30.5606 3.89512e+08
1e+06 3.06781e+06 30.6781 3.87272e+08
1e+06 3.07961e+06 30.7961 3.85044e+08
1e+06 3.09146e+06 30.9146 3.82827e+08
1e+06 3.10335e+06 31.0335 3.80625e+08
1e+06 3.11529e+06 31.1529 3.78435e+08
1e+06 3.12727e+06 31.2727 3.76258e+08
1e+06 3.1393e+06 31.393 3.74093e+08
1e+06 3.15137e+06 31.5137 3.71942e+08
1e+06 3.16349e+06 31.6349 3.69802e+08
1e+06 3.17566e+06 31.7566 3.67674e+08
1e+06 3.18787e+06 31.8787 3.65559e+08
1e+06 3.20014e+06 32.0014 3.63455e+08
1e+06 3.21244e+06 32.1244 3.61365e+08
1e+06 3.2248e+06 32.248 3.59285e+08
1e+06 3.2372e+06 32.372 3.57219e+08
1e+06 3.24966e+06 32.4966 3.55162e+08
1e+06 3.26215e+06 32.6215 3.5312e+08
1e+06 3.2747e+06 32.747 3.51088e+08
1e+06 3.2873e+06 32.873 3.49067e+08
1e+06 3.29994e+06 32.9994 3.47059e+08
1e+06 3.31263e+06 33.1263 3.45063e+08
1e+06 3.32537e+06 33.2537 3.43078e+08
1e+06 3.33817e+06 33.3817 3.41102e+08
1e+06 3.351e+06 33.51 3.39141e+08
1e+06 3.36389e+06 33.6389 3.37189e+08
1e+06 3.37683e+06 33.7683 3.35249e+08
1e+06 3.38982e+06 33.8982 3.3332e+08
1e+06 3.40286e+06 34.0286 3.31402e+08
1e+06 3.41595e+06 34.1595 3.29494e+08
1e+06 3.42909e+06 34.2909 3.27598e+08
1e+06 3.44228e+06 34.4228 3.25713e+08
1e+06 3.45552e+06 34.5552 3.23839e+08
1e+06 3.46881e+06 34.6881 3.21975e+08
1e+06 3.48215e+06 34.8215 3.20123e+08
1e+06 3.49554e+06 34.9554 3.18281e+08
1e+06 3.50899e+06 35.0899 3.16449e+08
1e+06 3.52248e+06 35.2248 3.14629e+08
1e+06 3.53603e+06 35.3603 3.12818e+08
1e+06 3.54963e+06 35.4963 3.11018e+08
1e+06 3.56329e+06 35.6329 3.09227e+08
1e+06 3.57699e+06 35.7699 3.07449e+08
1e+06 3.59075e+06 35.9075 3.05679e+08
1e+06 3.60456e+06 36.0456 3.0392e+08
1e+06 3.61842e+06 36.1842 3.02172e+08
1e+06 3.63234e+06 36.3234 3.00432e+08
1e+06 3.64631e+06 36.4631 2.98704e+08
1e+06 3.66034e+06 36.6034 2.96984e+08
1e+06 3.67442e+06 36.7442 2.95275e+08
1e+06 3.68855e+06 36.8855 2.93576e+08
1e+06 3.70274e+06 37.0274 2.91886e+08
1e+06 3.71698e+06 37.1698 2.90206e+08
1e+06 3.73128e+06 37.3128 2.88536e+08
1e+06 3.74563e+06 37.4563 2.86875e+08
1e+06 3.76003e+06 37.6003 2.85225e+08
1e+06 3.7745e+06 37.745 2.83582e+08
1e+06 3.78901e+06 37.8901 2.81951e+08
1e+06 3.80359e+06 38.0359 2.80328e+08
1e+06 3.81822e+06 38.1822 2.78714e+08
1e+06 3.8329e+06 38.329 2.77111e+08
1e+06 3.84765e+06 38.4765 2.75515e+08
1e+06 3.86244e+06 38.6244 2.7393e+08
1e+06 3.8773e+06 38.773 2.72353e+08
1e+06 3.89221e+06 38.9221 2.70786e+08
1e+06 3.90718e+06 39.0718 2.69227e+08
1e+06 3.92221e+06 39.2221 2.67677e+08
1e+06 3.9373e+06 39.373 2.66136e+08
1e+06 3.95244e+06 39.5244 2.64605e+08
1e+06 3.96765e+06 39.6765 2.63081e+08
1e+06 3.98291e+06 39.8291 2.61567e+08
1e+06 3.99823e+06 39.9823 2.60061e+08
1e+06 4.0136e+06 40.136 2.58565e+08
1e+06 4.02904e+06 40.2904 2.57076e+08
1e+06 4.04454e+06 40.4454 2.55596e+08
1e+06 4.06009e+06 40.6009 2.54125e+08
1e+06 4.07571e+06 40.7571 2.52662e+08
1e+06 4.09139e+06 40.9139 2.51208e+08
1e+06 4.10712e+06 41.0712 2.49762e+08
1e+06 4.12292e+06 41.2292 2.48324e+08
1e+06 4.13878e+06 41.3878 2.46894e+08
1e+06 4.1547e+06 41.547 2.45473e+08
1e+06 4.17068e+06 41.7068 2.4406e+08
1e+06 4.18672e+06 41.8672 2.42655e+08
1e+06 4.20282e+06 42.0282 2.41258e+08
1e+06 4.21899e+06 42.1899 2.39869e+08
1e+06 4.23522e+06 42.3522 2.38488e+08
1e+06 4.25151e+06 42.5151 2.37115e+08
1e+06 4.26786e+06 42.6786 2.3575e+08
1e+06 4.28427e+06 42.8427 2.34393e+08
1e+06 4.30075e+06 43.0075 2.33044e+08
1e+06 4.3173e+06 43.173 2.31701e+08
1e+06 4.3339e+06 43.339 2.30368e+08
1e+06 4.35057e+06 43.5057 2.29041e+08
1e+06 4.3673e+06 43.673 2.27723e+08
1e+06 4.3841e+06 43.841 2.26412e+08
1e+06 4.40096e+06 44.0096 2.25108e+08
1e+06 4.41789e+06 44.1789 2.23812e+08
1e+06 4.43488e+06 44.3488 2.22524e+08
1e+06 4.45194e+06 44.5194 2.21242e+08
1e+06 4.46907e+06 44.6907 2.19968e+08
1e+06 4.48626e+06 44.8626 2.18701e+08
1e+06 4.50351e+06 45.0351 2.17442e+08
1e+06 4.52083e+06 45.2083 2.16191e+08
1e+06 4.53822e+06 45.3822 2.14946e+08
1e+06 4.55568e+06 45.5568 2.13708e+08
1e+06 4.5732e+06 45.732 2.12477e+08
1e+06 4.59079e+06 45.9079 2.11254e+08
1e+06 4.60845e+06 46.0845 2.10037e+08
1e+06 4.62617e+06 46.2617 2.08828e+08
1e+06 4.64397e+06 46.4397 2.07625e+08
1e+06 4.66183e+06 46.6183 2.0643e+08
1e+06 4.67976e+06 46.7976 2.05241e+08
1e+06 4.69776e+06 46.9776 2.04059e+08
1e+06 4.71583e+06 47.1583 2.02884e+08
1e+06 4.73397e+06 47.3397 2.01715e+08
1e+06 4.75217e+06 47.5217 2.00554e+08
1e+06 4.77045e+06 47.7045 1.99399e+08
1e+06 4.7888e+06 47.888 1.98251e+08
1e+06 4.80722e+06 48.0722 1.97109e+08
1e+06 4.82571e+06 48.2571 1.95974e+08
1e+06 4.84427e+06 48.4427 1.94845e+08
1e+06 4.8629e+06 48.629 1.93723e+08
1e+06 4.88161e+06 48.8161 1.92607e+08
1e+06 4.90038e+06 49.0038 1.91498e+08
1e+06 4.91923e+06 49.1923 1.90395e+08
1e+06 4.93815e+06 49.3815 1.89299e+08
1e+06 4.95715e+06 49.5715 1.88208e+08
1e+06 4.97621e+06 49.7621 1.87125e+08
1e+06 4.99535e+06 49.9535 1.86047e+08
1e+06 5.01457e+06 50.1457 1.84975e+08
1e+06 5.03385e+06 50.3385 1.8391e+08
1e+06 5.05322e+06 50.5322 1.8285e+08
1e+06 5.07265e+06 50.7265 1.81797e+08
1e+06 5.09216e+06 50.9216 1.8075e+08
1e+06 5.11175e+06 51.1175 1.79709e+08
1e+06 5.13141e+06 51.3141 1.78674e+08
1e+06 5.15115e+06 51.5115 1.77645e+08
1e+06 5.17096e+06 51.7096 1.76621e+08
1e+06 5.19085e+06 51.9085 1.75604e+08
1e+06 5.21081e+06 52.1081 1.74593e+08
1e+06 5.23086e+06 52.3086 1.73587e+08
1e+06 5.25098e+06 52.5098 1.72587e+08
1e+06 5.27117e+06 52.7117 1.71593e+08
1e+06 5.29145e+06 52.9145 1.70604e+08
1e+06 5.3118e+06 53.118 1.69621e+08
1e+06 5.33223e+06 53.3223 1.68644e+08
1e+06 5.35274e+06 53.5274 1.67673e+08
1e+06 5.37333e+06 53.7333 1.66707e+08
1e+06 5.394e+06 53.94 1.65746e+08
1e+06 5.41474e+06 54.1474 1.64792e+08
1e+06 5.43557e+06 54.3557 1.63842e+08
1e+06 5.45648e+06 54.5648 1.62898e+08
1e+06 5.47746e+06 54.7746 1.6196e+08
1e+06 5.49853e+06 54.9853 1.61027e+08
1e+06 5.51968e+06 55.1968 1.60099e+08
1e+06 5.54091e+06 55.4091 1.59176e+08
1e+06 5.56222e+06 55.6222 1.58259e+08
1e+06 5.58362e+06 55.8362 1.57347e+08
1e+06 5.60509e+06 56.0509 1.56441e+08
1e+06 5.62665e+06 56.2665 1.5554e+08
1e+06 5.64829e+06 56.4829 1.54643e+08
1e+06 5.67002e+06 56.7002 1.53752e+08
1e+06 5.69183e+06 56.9183 1.52866e+08
1e+06 5.71372e+06 57.1372 1.51986e+08
1e+06 5.7357e+06 57.357 1.5111e+08
1e+06 5.75776e+06 57.5776 1.50239e+08
1e+06 5.7799e+06 57.799 1.49373e+08
1e+06 5.80214e+06 58.0214 1.48512e+08
1e+06 5.82445e+06 58.2445 1.47657e+08
1e+06 5.84685e+06 58.4685 1.46806e+08
1e+06 5.86934e+06 58.6934 1.4596e+08
1e+06 5.89192e+06 58.9192 1.45119e+08
1e+06 5.91458e+06 59.1458 1.44283e+08
1e+06 5.93733e+06 59.3733 1.43451e+08
1e+06 5.96017e+06 59.6017 1.42624e+08
1e+06 5.98309e+06 59.8309 1.41802e+08
1e+06 6.0061e+06 60.061 1.40985e+08
1e+06 6.02921e+06 60.2921 1.40172e+08
1e+06 6.0524e+06 60.524 1.39365e+08
1e+06 6.07567e+06 60.7567 1.38562e+08
1e+06 6.09904e+06 60.9904 1.37763e+08
1e+06 6.1225e+06 61.225 1.36969e+08
1e+06 6.14605e+06 61.4605 1.3618e+08
1e+06 6.16969e+06 61.6969 1.35395e+08
1e+06 6.19342e+06 61.9342 1.34614e+08
1e+06 6.21724e+06 62.1724 1.33839e+08
1e+06 6.24116e+06 62.4116 1.33067e+08
1e+06 6.26516e+06 62.6516 1.323e+08
1e+06 6.28926e+06 62.8926 1.31537e+08
1e+06 6.31345e+06 63.1345 1.30779e+08
1e+06 6.33773e+06 63.3773 1.30026e+08
1e+06 6.36211e+06 63.6211 1.29276e+08
1e+06 6.38658e+06 63.8658 1.28531e+08
1e+06 6.41115e+06 64.1115 1.2779e+08
1e+06 6.4358e+06 64.358 1.27053e+08
1e+06 6.46056e+06 64.6056 1.26321e+08
1e+06 6.48541e+06 64.8541 1.25592e+08
1e+06 6.51035e+06 65.1035 1.24869e+08
1e+06 6.53539e+06 65.3539 1.24149e+08
1e+06 6.56053e+06 65.6053 1.23433e+08
1e+06 6.58576e+06 65.8576 1.22722e+08
1e+06 6.6111e+06 66.111 1.22014e+08
1e+06 6.63652e+06 66.3652 1.21311e+08
1e+06 6.66205e+06 66.6205 1.20611e+08
1e+06 6.68767e+06 66.8767 1.19916e+08
1e+06 6.7134e+06 67.134 1.19224e+08
1e+06 6.73922e+06 67.3922 1.18537e+08
1e+06 6.76514e+06 67.6514 1.17853e+08
1e+06 6.79116e+06 67.9116 1.17174e+08
1e+06 6.81728e+06 68.1728 1.16498e+08
1e+06 6.8435e+06 68.435 1.15827e+08
1e+06 6.86982e+06 68.6982 1.15159e+08
1e+06 6.89625e+06 68.9625 1.14495e+08
1e+06 6.92277e+06 69.2277 1.13835e+08
1e+06 6.9494e+06 69.494 1.13178e+08
1e+06 6.97613e+06 69.7613 1.12526e+08
1e+06 7.00296e+06 70.0296 1.11877e+08
1e+06 7.0299e+06 70.299 1.11231e+08
1e+06 7.05694e+06 70.5694 1.1059e+08
1e+06 7.08408e+06 70.8408 1.09952e+08
1e+06 7.11133e+06 71.1133 1.09318e+08
1e+06 7.13868e+06 71.3868 1.08688e+08
1e+06 7.16614e+06 71.6614 1.08061e+08
1e+06 7.1937e+06 71.937 1.07438e+08
1e+06 7.22137e+06 72.2137 1.06818e+08
1e+06 7.24914e+06 72.4914 1.06202e+08
1e+06 7.27703e+06 72.7703 1.0559e+08
1e+06 7.30502e+06 73.0502 1.04981e+08
1e+06 7.33311e+06 73.3311 1.04375e+08
1e+06 7.36132e+06 73.6132 1.03773e+08
1e+06 7.38963e+06 73.8963 1.03175e+08
1e+06 7.41806e+06 74.1806 1.02579e+08
1e+06 7.44659e+06 74.4659 1.01988e+08
1e+06 7.47523e+06 74.7523 1.014e+08
1e+06 7.50398e+06 75.0398 1.00815e+08
1e+06 7.53284e+06 75.3284 1.00233e+08
1e+06 7.56182e+06 75.6182 9.9655e+07
1e+06 7.5909e+06 75.909 9.90802e+07
1e+06 7.6201e+06 76.201 9.85086e+07
1e+06 7.64941e+06 76.4941 9.79403e+07
1e+06 7.67883e+06 76.7883 9.73754e+07
1e+06 7.70837e+06 77.0837 9.68136e+07
1e+06 7.73801e+06 77.3801 9.62552e+07
1e+06 7.76778e+06 77.6778 9.56998e+07
1e+06 7.79765e+06 77.9765 9.51478e+07
1e+06 7.82765e+06 78.2765 9.45987e+07
1e+06 7.85775e+06 78.5775 9.40531e+07
1e+06 7.88798e+06 78.8798 9.35103e+07
1e+06 7.91832e+06 79.1832 9.29708e+07
1e+06 7.94877e+06 79.4877 9.24345e+07
1e+06 7.97935e+06 79.7935 9.19011e+07
1e+06 8.01004e+06 80.1004 9.13708e+07
1e+06 8.04085e+06 80.4085 9.08436e+07
1e+06 8.07177e+06 80.7177 9.03196e+07
1e+06 8.10282e+06 81.0282 8.97983e+07
1e+06 8.13399e+06 81.3399 8.92801e+07
1e+06 8.16527e+06 81.6527 8.8765e+07
1e+06 8.19668e+06 81.9668 8.82528e+07
1e+06 8.2282e+06 82.282 8.77436e+07
1e+06 8.25985e+06 82.5985 8.72372e+07
1e+06 8.29162e+06 82.9162 8.67338e+07
1e+06 8.32352e+06 83.2352 8.62331e+07
1e+06 8.35553e+06 83.5553 8.57356e+07
1e+06 8.38767e+06 83.8767 8.52407e+07
1e+06 8.41993e+06 84.1993 8.47488e+07
1e+06 8.45231e+06 84.5231 8.42598e+07
1e+06 8.48482e+06 84.8482 8.37735e+07
1e+06 8.51746e+06 85.1746 8.32899e+07
1e+06 8.55022e+06 85.5022 8.28092e+07
1e+06 8.58311e+06 85.8311 8.23312e+07
1e+06 8.61612e+06 86.1612 8.1856e+07
1e+06 8.64926e+06 86.4926 8.13836e+07
1e+06 8.68253e+06 86.8253 8.09138e+07
1e+06 8.71592e+06 87.1592 8.04468e+07
1e+06 8.74945e+06 87.4945 7.99824e+07
1e+06 8.7831e+06 87.831 7.95207e+07
1e+06 8.81688e+06 88.1688 7.90617e+07
1e+06 8.8508e+06 88.508 7.86052e+07
1e+06 8.88484e+06 88.8484 7.81515e+07
1e+06 8.91901e+06 89.1901 7.77004e+07
1e+06 8.95332e+06 89.5332 7.72517e+07
1e+06 8.98775e+06 89.8775 7.68058e+07
1e+06 9.02232e+06 90.2232 7.63624e+07
1e+06 9.05703e+06 90.5703 7.59215e+07
1e+06 9.09186e+06 90.9186 7.54832e+07
1e+06 9.12683e+06 91.2683 7.50474e+07
1e+06 9.16194e+06 91.6194 7.4614e+07
1e+06 9.19718e+06 91.9718 7.41832e+07
1e+06 9.23255e+06 92.3255 7.37549e+07
1e+06 9.26806e+06 92.6806 7.33291e+07
1e+06 9.30371e+06 93.0371 7.29057e+07
1e+06 9.3395e+06 93.395 7.24846e+07
1e+06 9.37542e+06 93.7542 7.20661e+07
1e+06 9.41148e+06 94.1148 7.16499e+07
1e+06 9.44768e+06 94.4768 7.12362e+07
1e+06 9.48402e+06 94.8402 7.08248e+07
1e+06 9.5205e+06 95.205 7.04158e+07
1e+06 9.55711e+06 95.5711 7.00092e+07
1e+06 9.59387e+06 95.9387 6.96049e+07
1e+06 9.63077e+06 96.3077 6.92029e+07
1e+06 9.66782e+06 96.6782 6.88032e+07
1e+06 9.705e+06 97.05 6.84059e+07
1e+06 9.74233e+06 97.4233 6.80108e+07
1e+06 9.7798e+06 97.798 6.7618e+07
1e+06 9.81742e+06 98.1742 6.72274e+07
1e+06 9.85518e+06 98.5518 6.68391e+07
1e+06 9.89309e+06 98.9309 6.6453e+07
1e+06 9.93114e+06 99.3114 6.60691e+07
1e+06 9.96934e+06 99.6934 6.56875e+07
1e+06 1.00077e+07 100.077 6.53079e+07
1e+06 1.00462e+07 100.462 6.49305e+07
1e+06 1.00848e+07 100.848 6.45558e+07
1e+06 1.01236e+07 101.236 6.41828e+07
1e+06 1.01625e+07 101.625 6.38124e+07
1e+06 1.02016e+07 102.016 6.34436e+07
1e+06 1.02409e+07 102.409 6.30765e+07
1e+06 1.02803e+07 102.803 6.2712e+07
1e+06 1.03198e+07 103.198 6.23501e+07
1e+06 1.03595e+07 103.595 6.19898e+07
1e+06 1.03993e+07 103.993 6.1632e+07
1e+06 1.04393e+07 104.393 6.12759e+07
1e+06 1.04795e+07 104.795 6.09214e+07
1e+06 1.05198e+07 105.198 6.05695e+07
1e+06 1.05603e+07 105.603 6.02191e+07
1e+06 1.06009e+07 106.009 5.98713e+07
1e+06 1.06417e+07 106.417 5.95251e+07
1e+06 1.06826e+07 106.826 5.91814e+07
1e+06 1.07237e+07 107.237 5.88393e+07
1e+06 1.07649e+07 107.649 5.84997e+07
1e+06 1.08063e+07 108.063 5.81616e+07
1e+06 1.08479e+07 108.479 5.78252e+07
1e+06 1.08896e+07 108.896 5.74912e+07
1e+06 1.09315e+07 109.315 5.71588e+07
1e+06 1.09735e+07 109.735 5.68288e+07
1e+06 1.10157e+07 110.157 5.65004e+07
1e+06 1.10581e+07 110.581 5.61736e+07
1e+06 1.11007e+07 111.007 5.58484e+07
1e+06 1.11433e+07 111.433 5.55263e+07
1e+06 1.11862e+07 111.862 5.5205e+07
1e+06 1.12292e+07 112.292 5.48861e+07
1e+06 1.12724e+07 112.724 5.45688e+07
1e+06 1.13158e+07 113.158 5.4253e+07
1e+06 1.13593e+07 113.593 5.39396e+07
1e+06 1.1403e+07 114.03 5.36277e+07
1e+06 1.14469e+07 114.469 5.33173e+07
1e+06 1.14909e+07 114.909 5.30093e+07
1e+06 1.15351e+07 115.351 5.27028e+07
1e+06 1.15794e+07 115.794 5.23985e+07
1e+06 1.1624e+07 116.24 5.20952e+07
1e+06 1.16687e+07 116.687 5.1794e+07
1e+06 1.17136e+07 117.136 5.14944e+07
1e+06 1.17586e+07 117.586 5.1197e+07
1e+06 1.18039e+07 118.039 5.09005e+07
1e+06 1.18493e+07 118.493 5.06062e+07
1e+06 1.18948e+07 118.948 5.0314e+07
1e+06 1.19406e+07 119.406 5.00227e+07
1e+06 1.19865e+07 119.865 4.97336e+07
1e+06 1.20326e+07 120.326 4.9446e+07
1e+06 1.20789e+07 120.789 4.91599e+07
1e+06 1.21254e+07 121.254 4.88754e+07
1e+06 1.2172e+07 121.72 4.85929e+07
1e+06 1.22188e+07 122.188 4.8312e+07
1e+06 1.22658e+07 122.658 4.80325e+07
1e+06 1.2313e+07 123.13 4.77546e+07
1e+06 1.23603e+07 123.603 4.74787e+07
1e+06 1.24079e+07 124.079 4.72037e+07
1e+06 1.24556e+07 124.556 4.69308e+07
1e+06 1.25035e+07 125.035 4.66594e+07
1e+06 1.25516e+07 125.516 4.63894e+07
1e+06 1.25999e+07 125.999 4.61209e+07
1e+06 1.26484e+07 126.484 4.58539e+07
1e+06 1.2697e+07 126.97 4.55889e+07
1e+06 1.27458e+07 127.458 4.53253e+07
1e+06 1.27949e+07 127.949 4.50627e+07
1e+06 1.28441e+07 128.441 4.4802e+07
1e+06 1.28935e+07 128.935 4.45428e+07
1e+06 1.29431e+07 129.431 4.42851e+07
1e+06 1.29929e+07 129.929 4.40287e+07
1e+06 1.30428e+07 130.428 4.37743e+07
1e+06 1.3093e+07 130.93 4.35209e+07
1e+06 1.31434e+07 131.434 4.32688e+07
1e+06 1.31939e+07 131.939 4.30187e+07
1e+06 1.32447e+07 132.447 4.27695e+07
1e+06 1.32956e+07 132.956 4.25222e+07
1e+06 1.33467e+07 133.467 4.22762e+07
1e+06 1.33981e+07 133.981 4.20313e+07
1e+06 1.34496e+07 134.496 4.17881e+07
1e+06 1.35013e+07 135.013 4.15464e+07
1e+06 1.35533e+07 135.533 4.13056e+07
1e+06 1.36054e+07 136.054 4.10667e+07
1e+06 1.36577e+07 136.577 4.08291e+07
1e+06 1.37103e+07 137.103 4.05924e+07
1e+06 1.3763e+07 137.63 4.03576e+07
1e+06 1.38159e+07 138.159 4.01241e+07
1e+06 1.38691e+07 138.691 3.98916e+07
1e+06 1.39224e+07 139.224 3.96608e+07
1e+06 1.3976e+07 139.76 3.9431e+07
1e+06 1.40297e+07 140.297 3.9203e+07
1e+06 1.40837e+07 140.837 3.89758e+07
1e+06 1.41379e+07 141.379 3.875e+07
1e+06 1.41922e+07 141.922 3.8526e+07
1e+06 1.42468e+07 142.468 3.83029e+07
1e+06 1.43016e+07 143.016 3.8081e+07
1e+06 1.43566e+07 143.566 3.78606e+07
1e+06 1.44118e+07 144.118 3.76414e+07
1e+06 1.44673e+07 144.673 3.74231e+07
1e+06 1.45229e+07 145.229 3.72066e+07
1e+06 1.45788e+07 145.788 3.6991e+07
1e+06 1.46349e+07 146.349 3.67766e+07
1e+06 1.46911e+07 146.911 3.6564e+07
1e+06 1.47477e+07 147.477 3.63518e+07
1e+06 1.48044e+07 148.044 3.61414e+07
1e+06 1.48613e+07 148.613 3.59322e+07
1e+06 1.49185e+07 149.185 3.57239e+07
1e+06 1.49759e+07 149.759 3.55169e+07
1e+06 1.50335e+07 150.335 3.53111e+07
1e+06 1.50913e+07 150.913 3.51067e+07
1e+06 1.51493e+07 151.493 3.49034e+07
1e+06 1.52076e+07 152.076 3.47011e+07
1e+06 1.52661e+07 152.661 3.45001e+07
1e+06 1.53248e+07 153.248 3.43002e+07
1e+06 1.53838e+07 153.838 3.41013e+07
1e+06 1.54429e+07 154.429 3.39039e+07
1e+06 1.55023e+07 155.023 3.37075e+07
1e+06 1.5562e+07 155.62 3.35119e+07
1e+06 1.56218e+07 156.218 3.33179e+07
1e+06 1.56819e+07 156.819 3.31248e+07
1e+06 1.57422e+07 157.422 3.29329e+07
1e+06 1.58028e+07 158.028 3.27419e+07
1e+06 1.58635e+07 158.635 3.25524e+07
1e+06 1.59246e+07 159.246 3.23634e+07
1e+06 1.59858e+07 159.858 3.2176e+07
1e+06 1.60473e+07 160.473 3.19895e+07
1e+06 1.6109e+07 161.09 3.18041e+07
1e+06 1.6171e+07 161.71 3.16196e+07
1e+06 1.62332e+07 162.332 3.14363e+07
1e+06 1.62956e+07 162.956 3.12542e+07
1e+06 1.63583e+07 163.583 3.1073e+07
1e+06 1.64212e+07 164.212 3.08929e+07
1e+06 1.64844e+07 164.844 3.07137e+07
1e+06 1.65478e+07 165.478 3.05356e+07
1e+06 1.66114e+07 166.114 3.03587e+07
1e+06 1.66753e+07 166.753 3.01826e+07
1e+06 1.67395e+07 167.395 3.00075e+07
1e+06 1.68038e+07 168.038 2.98337e+07
1e+06 1.68685e+07 168.685 2.96605e+07
1e+06 1.69334e+07 169.334 2.94885e+07
1e+06 1.69985e+07 169.985 2.93175e+07
1e+06 1.70639e+07 170.639 2.91475e+07
1e+06 1.71295e+07 171.295 2.89785e+07
1e+06 1.71954e+07 171.954 2.88104e+07
1e+06 1.72615e+07 172.615 2.86434e+07
1e+06 1.73279e+07 173.279 2.84772e+07
1e+06 1.73946e+07 173.946 2.83119e+07
1e+06 1.74615e+07 174.615 2.81477e+07
1e+06 1.75286e+07 175.286 2.79846e+07
1e+06 1.7596e+07 175.96 2.78223e+07
1e+06 1.76637e+07 176.637 2.76608e+07
1e+06 1.77317e+07 177.317 2.75002e+07
1e+06 1.77999e+07 177.999 2.73407e+07
1e+06 1.78683e+07 178.683 2.71822e+07
1e+06 1.79371e+07 179.371 2.70243e+07
1e+06 1.80061e+07 180.061 2.68675e+07
1e+06 1.80753e+07 180.753 2.67117e+07
1e+06 1.81448e+07 181.448 2.65567e+07
1e+06 1.82146e+07 182.146 2.64026e+07
1e+06 1.82847e+07 182.847 2.62493e+07
1e+06 1.8355e+07 183.55 2.6097e+07
1e+06 1.84256e+07 184.256 2.59456e+07
1e+06 1.84965e+07 184.965 2.57949e+07
1e+06 1.85676e+07 185.676 2.56453e+07
1e+06 1.8639e+07 186.39 2.54965e+07
1e+06 1.87107e+07 187.107 2.53484e+07
1e+06 1.87827e+07 187.827 2.52012e+07
1e+06 1.88549e+07 188.549 2.5055e+07
1e+06 1.89275e+07 189.275 2.49094e+07
1e+06 1.90003e+07 190.003 2.47648e+07
1e+06 1.90733e+07 190.733 2.46212e+07
1e+06 1.91467e+07 191.467 2.44781e+07
1e+06 1.92203e+07 192.203 2.43361e+07
1e+06 1.92943e+07 192.943 2.41947e+07
1e+06 1.93685e+07 193.685 2.40542e+07
1e+06 1.9443e+07 194.43 2.39145e+07
1e+06 1.95178e+07 195.178 2.37756e+07
1e+06 1.95928e+07 195.928 2.36377e+07
1e+06 1.96682e+07 196.682 2.35003e+07
1e+06 1.97438e+07 197.438 2.33639e+07
1e+06 1.98198e+07 198.198 2.32281e+07
1e+06 1.9896e+07 198.96 2.30932e+07
1e+06 1.99725e+07 199.725 2.29591e+07
1e+06 2.00494e+07 200.494 2.28256e+07
1e+06 2.01265e+07 201.265 2.26931e+07
1e+06 2.02039e+07 202.039 2.25613e+07
1e+06 2.02816e+07 202.816 2.24302e+07
1e+06 2.03596e+07 203.596 2.22999e+07
1e+06 2.04379e+07 204.379 2.21703e+07
1e+06 2.05165e+07 205.165 2.20415e+07
1e+06 2.05954e+07 205.954 2.19135e+07
1e+06 2.06747e+07 206.747 2.1786e+07
1e+06 2.07542e+07 207.542 2.16595e+07
1e+06 2.0834e+07 208.34 2.15336e+07
1e+06 2.09141e+07 209.141 2.14085e+07
1e+06 2.09946e+07 209.946 2.1284e+07
1e+06 2.10753e+07 210.753 2.11604e+07
1e+06 2.11564e+07 211.564 2.10374e+07
1e+06 2.12378e+07 212.378 2.0915e+07
1e+06 2.13195e+07 213.195 2.07934e+07
1e+06 2.14015e+07 214.015 2.06726e+07
1e+06 2.14838e+07 214.838 2.05524e+07
1e+06 2.15664e+07 215.664 2.0433e+07
1e+06 2.16494e+07 216.494 2.03141e+07
1e+06 2.17326e+07 217.326 2.01961e+07
1e+06 2.18162e+07 218.162 2.00787e+07
1e+06 2.19001e+07 219.001 1.99619e+07
1e+06 2.19844e+07 219.844 1.98457e+07
1e+06 2.20689e+07 220.689 1.97304e+07
1e+06 2.21538e+07 221.538 1.96157e+07
1e+06 2.2239e+07 222.39 1.95016e+07
1e+06 2.23246e+07 223.246 1.93881e+07
1e+06 2.24104e+07 224.104 1.92754e+07
1e+06 2.24966e+07 224.966 1.91633e+07
1e+06 2.25832e+07 225.832 1.90517e+07
1e+06 2.267e+07 226.7 1.8941e+07
1e+06 2.27572e+07 227.572 1.88308e+07
1e+06 2.28447e+07 228.447 1.87213e+07
1e+06 2.29326e+07 229.326 1.86123e+07
1e+06 2.30208e+07 230.208 1.8504e+07
1e+06 2.31094e+07 231.094 1.83963e+07
1e+06 2.31982e+07 231.982 1.82894e+07
1e+06 2.32875e+07 232.875 1.81829e+07
1e+06 2.3377e+07 233.77 1.80771e+07
1e+06 2.3467e+07 234.67 1.79718e+07
1e+06 2.35572e+07 235.572 1.78673e+07
1e+06 2.36478e+07 236.478 1.77633e+07
1e+06 2.37388e+07 237.388 1.76599e+07
1e+06 2.38301e+07 238.301 1.75571e+07
1e+06 2.39217e+07 239.217 1.7455e+07
1e+06 2.40138e+07 240.138 1.73533e+07
1e+06 2.41061e+07 241.061 1.72523e+07
1e+06 2.41988e+07 241.988 1.71519e+07
1e+06 2.42919e+07 242.919 1.7052e+07
1e+06 2.43854e+07 243.854 1.69526e+07
1e+06 2.44791e+07 244.791 1.6854e+07
1e+06 2.45733e+07 245.733 1.67558e+07
1e+06 2.46678e+07 246.678 1.66583e+07
1e+06 2.47627e+07 247.627 1.65613e+07
1e+06 2.48579e+07 248.579 1.64648e+07
1e+06 2.49536e+07 249.536 1.63689e+07
1e+06 2.50495e+07 250.495 1.62736e+07
1e+06 2.51459e+07 251.459 1.61788e+07
1e+06 2.52426e+07 252.426 1.60845e+07
1e+06 2.53397e+07 253.397 1.59908e+07
1e+06 2.54372e+07 254.372 1.58976e+07
1e+06 2.5535e+07 255.35 1.58051e+07
1e+06 2.56332e+07 256.332 1.5713e+07
1e+06 2.57318e+07 257.318 1.56214e+07
1e+06 2.58308e+07 258.308 1.55304e+07
1e+06 2.59301e+07 259.301 1.54399e+07
1e+06 2.60299e+07 260.299 1.53499e+07
1e+06 2.613e+07 261.3 1.52605e+07
1e+06 2.62305e+07 262.305 1.51715e+07
1e+06 2.63314e+07 263.314 1.50831e+07
1e+06 2.64327e+07 264.327 1.49951e+07
1e+06 2.65343e+07 265.343 1.49078e+07
1e+06 2.66364e+07 266.364 1.48209e+07
1e+06 2.67388e+07 267.388 1.47345e+07
1e+06 2.68417e+07 268.417 1.46486e+07
1e+06 2.69449e+07 269.449 1.45632e+07
1e+06 2.70486e+07 270.486 1.44782e+07
1e+06 2.71526e+07 271.526 1.43938e+07
1e+06 2.7257e+07 272.57 1.43099e+07
1e+06 2.73619e+07 273.619 1.42264e+07
1e+06 2.74671e+07 274.671 1.41435e+07
1e+06 2.75728e+07 275.728 1.4061e+07
1e+06 2.76788e+07 276.788 1.3979e+07
1e+06 2.77853e+07 277.853 1.38974e+07
1e+06 2.78921e+07 278.921 1.38164e+07
1e+06 2.79994e+07 279.994 1.37358e+07
1e+06 2.81071e+07 281.071 1.36557e+07
1e+06 2.82152e+07 282.152 1.3576e+07
1e+06 2.83237e+07 283.237 1.34968e+07
1e+06 2.84327e+07 284.327 1.3418e+07
1e+06 2.8542e+07 285.42 1.33398e+07
1e+06 2.86518e+07 286.518 1.32619e+07
1e+06 2.8762e+07 287.62 1.31845e+07
1e+06 2.88727e+07 288.727 1.31075e+07
1e+06 2.89837e+07 289.837 1.3031e+07
1e+06 2.90952e+07 290.952 1.2955e+07
1e+06 2.92071e+07 292.071 1.28794e+07
1e+06 2.93194e+07 293.194 1.28042e+07
1e+06 2.94322e+07 294.322 1.27294e+07
1e+06 2.95454e+07 295.454 1.26551e+07
1e+06 2.96591e+07 296.591 1.25812e+07
1e+06 2.97731e+07 297.731 1.25078e+07
1e+06 2.98877e+07 298.877 1.24347e+07
1e+06 3.00026e+07 300.026 1.23621e+07
1e+06 3.0118e+07 301.18 1.22899e+07
1e+06 3.02339e+07 302.339 1.22181e+07
1e+06 3.03501e+07 303.501 1.21468e+07
1e+06 3.04669e+07 304.669 1.20758e+07
1e+06 3.05841e+07 305.841 1.20053e+07
1e+06 3.07017e+07 307.017 1.19352e+07
1e+06 3.08198e+07 308.198 1.18654e+07
1e+06 3.09383e+07 309.383 1.17961e+07
1e+06 3.10573e+07 310.573 1.17272e+07
1e+06 3.11768e+07 311.768 1.16586e+07
1e+06 3.12967e+07 312.967 1.15905e+07
1e+06 3.14171e+07 314.171 1.15228e+07
1e+06 3.15379e+07 315.379 1.14555e+07
1e+06 3.16592e+07 316.592 1.13885e+07
1e+06 3.1781e+07 317.81 1.13219e+07
1e+06 3.19032e+07 319.032 1.12558e+07
1e+06 3.20259e+07 320.259 1.119e+07
1e+06 3.21491e+07 321.491 1.11245e+07
1e+06 3.22728e+07 322.728 1.10595e+07
1e+06 3.23969e+07 323.969 1.09948e+07
1e+06 3.25215e+07 325.215 1.09306e+07
1e+06 3.26466e+07 326.466 1.08666e+07
1e+06 3.27722e+07 327.722 1.08031e+07
1e+06 3.28982e+07 328.982 1.07399e+07
1e+06 3.30248e+07 330.248 1.06771e+07
1e+06 3.31518e+07 331.518 1.06146e+07
1e+06 3.32793e+07 332.793 1.05525e+07
1e+06 3.34073e+07 334.073 1.04908e+07
1e+06 3.35358e+07 335.358 1.04294e+07
1e+06 3.36648e+07 336.648 1.03684e+07
1e+06 3.37943e+07 337.943 1.03077e+07
1e+06 3.39242e+07 339.242 1.02475e+07
1e+06 3.40547e+07 340.547 1.01875e+07
1e+06 3.41857e+07 341.857 1.01279e+07
1e+06 3.43172e+07 343.172 1.00686e+07
1e+06 3.44492e+07 344.492 1.00096e+07
1e+06 3.45817e+07 345.817 9.95105e+06
1e+06 3.47147e+07 347.147 9.89281e+06
1e+06 3.48482e+07 348.482 9.8349e+06
1e+06 3.49823e+07 349.823 9.77729e+06
1e+06 3.51168e+07 351.168 9.72007e+06
1e+06 3.52519e+07 352.519 9.66314e+06
1e+06 3.53875e+07 353.875 9.60655e+06
1e+06 3.55236e+07 355.236 9.5503e+06
1e+06 3.56602e+07 356.602 9.49438e+06
1e+06 3.57974e+07 357.974 9.43875e+06
1e+06 3.59351e+07 359.351 9.38346e+06
1e+06 3.60733e+07 360.733 9.3285e+06
1e+06 3.6212e+07 362.12 9.27387e+06
1e+06 3.63513e+07 363.513 9.21953e+06
1e+06 3.64911e+07 364.911 9.16552e+06
1e+06 3.66315e+07 366.315 9.1118e+06
1e+06 3.67724e+07 367.724 9.0584e+06
1e+06 3.69138e+07 369.138 9.00533e+06
1e+06 3.70558e+07 370.558 8.95255e+06
1e+06 3.71983e+07 371.983 8.90008e+06
1e+06 3.73414e+07 373.414 8.84791e+06
1e+06 3.7485e+07 374.85 8.79605e+06
1e+06 3.76292e+07 376.292 8.74447e+06
1e+06 3.77739e+07 377.739 8.69322e+06
1e+06 3.79192e+07 379.192 8.64224e+06
1e+06 3.80651e+07 380.651 8.59155e+06
1e+06 3.82115e+07 382.115 8.54117e+06
1e+06 3.83585e+07 383.585 8.49107e+06
1e+06 3.8506e+07 385.06 8.44128e+06
1e+06 3.86541e+07 386.541 8.39177e+06
1e+06 3.88028e+07 388.028 8.34254e+06
1e+06 3.8952e+07 389.52 8.29361e+06
1e+06 3.91019e+07 391.019 8.24493e+06
1e+06 3.92523e+07 392.523 8.19655e+06
1e+06 3.94032e+07 394.032 8.14848e+06
1e+06 3.95548e+07 395.548 8.10065e+06
1e+06 3.97069e+07 397.069 8.05312e+06
1e+06 3.98597e+07 398.597 8.00583e+06
1e+06 4.0013e+07 400.13 7.95885e+06
1e+06 4.01669e+07 401.669 7.91213e+06
1e+06 4.03214e+07 403.214 7.86568e+06
1e+06 4.04764e+07 404.764 7.81953e+06
1e+06 4.06321e+07 406.321 7.77361e+06
1e+06 4.07884e+07 407.884 7.72796e+06
1e+06 4.09453e+07 409.453 7.68258e+06
1e+06 4.11028e+07 411.028 7.63745e+06
1e+06 4.12609e+07 412.609 7.5926e+06
1e+06 4.14196e+07 414.196 7.548e+06
1e+06 4.15789e+07 415.789 7.50366e+06
1e+06 4.17388e+07 417.388 7.45959e+06
1e+06 4.18994e+07 418.994 7.41575e+06
1e+06 4.20605e+07 420.605 7.37219e+06
1e+06 4.22223e+07 422.223 7.32887e+06
1e+06 4.23847e+07 423.847 7.2858e+06
1e+06 4.25477e+07 425.477 7.24299e+06
1e+06 4.27114e+07 427.114 7.2004e+06
1e+06 4.28757e+07 428.757 7.15807e+06
1e+06 4.30406e+07 430.406 7.116e+06
1e+06 4.32061e+07 432.061 7.07418e+06
1e+06 4.33723e+07 433.723 7.03258e+06
1e+06 4.35391e+07 435.391 6.99124e+06
1e+06 4.37066e+07 437.066 6.95012e+06
1e+06 4.38747e+07 438.747 6.90925e+06
1e+06 4.40434e+07 440.434 6.86862e+06
1e+06 4.42129e+07 442.129 6.8282e+06
1e+06 4.43829e+07 443.829 6.78805e+06
1e+06 4.45536e+07 445.536 6.74812e+06
1e+06 4.4725e+07 447.25 6.70841e+06
1e+06 4.4897e+07 448.97 6.66894e+06
1e+06 4.50697e+07 450.697 6.6297e+06
1e+06 4.5243e+07 452.43 6.59069e+06
1e+06 4.54171e+07 454.171 6.55189e+06
1e+06 4.55918e+07 455.918 6.51332e+06
1e+06 4.57671e+07 457.671 6.47499e+06
1e+06 4.59431e+07 459.431 6.43688e+06
1e+06 4.61199e+07 461.199 6.39897e+06
1e+06 4.62972e+07 462.972 6.36131e+06
1e+06 4.64753e+07 464.753 6.32385e+06
1e+06 4.66541e+07 466.541 6.2866e+06
1e+06 4.68335e+07 468.335 6.24958e+06
1e+06 4.70137e+07 470.137 6.21276e+06
1e+06 4.71945e+07 471.945 6.17617e+06
1e+06 4.7376e+07 473.76 6.13979e+06
1e+06 4.75582e+07 475.582 6.10362e+06
1e+06 4.77412e+07 477.412 6.06764e+06
1e+06 4.79248e+07 479.248 6.03189e+06
1e+06 4.81091e+07 481.091 5.99635e+06
1e+06 4.82942e+07 482.942 5.961e+06
1e+06 4.84799e+07 484.799 5.92587e+06
1e+06 4.86664e+07 486.664 5.89094e+06
1e+06 4.88536e+07 488.536 5.85621e+06
1e+06 4.90415e+07 490.415 5.82168e+06
1e+06 4.92301e+07 492.301 5.78736e+06
1e+06 4.94195e+07 494.195 5.75322e+06
1e+06 4.96095e+07 496.095 5.71931e+06
1e+06 4.98004e+07 498.004 5.68556e+06
1e+06 4.99919e+07 499.919 5.65203e+06
1e+06 5.01842e+07 501.842 5.61868e+06
1e+06 5.03772e+07 503.772 5.58554e+06
1e+06 5.0571e+07 505.71 5.55258e+06
1e+06 5.07655e+07 507.655 5.51982e+06
1e+06 5.09607e+07 509.607 5.48725e+06
1e+06 5.11568e+07 511.568 5.45485e+06
1e+06 5.13535e+07 513.535 5.42266e+06
1e+06 5.1551e+07 515.51 5.39066e+06
1e+06 5.17493e+07 517.493 5.35883e+06
1e+06 5.19484e+07 519.484 5.32718e+06
1e+06 5.21482e+07 521.482 5.29573e+06
1e+06 5.23487e+07 523.487 5.26447e+06
1e+06 5.25501e+07 525.501 5.23337e+06
1e+06 5.27522e+07 527.522 5.20246e+06
1e+06 5.29551e+07 529.551 5.17173e+06
1e+06 5.31588e+07 531.588 5.14117e+06
1e+06 5.33633e+07 533.633 5.11079e+06
1e+06 5.35685e+07 535.685 5.0806e+06
1e+06 5.37746e+07 537.746 5.05057e+06
1e+06 5.39814e+07 539.814 5.02072e+06
1e+06 5.4189e+07 541.89 4.99105e+06
1e+06 5.43974e+07 543.974 4.96155e+06
1e+06 5.46067e+07 546.067 4.93221e+06
1e+06 5.48167e+07 548.167 4.90306e+06
1e+06 5.50276e+07 550.276 4.87406e+06
1e+06 5.52392e+07 552.392 4.84524e+06
1e+06 5.54517e+07 554.517 4.81658e+06
1e+06 5.5665e+07 556.65 4.78809e+06
1e+06 5.58791e+07 558.791 4.75977e+06
1e+06 5.6094e+07 560.94 4.73161e+06
1e+06 5.63097e+07 563.097 4.70362e+06
1e+06 5.65263e+07 565.263 4.67579e+06
1e+06 5.67437e+07 567.437 4.64812e+06
1e+06 5.6962e+07 569.62 4.6206e+06
1e+06 5.71811e+07 571.811 4.59325e+06
1e+06 5.7401e+07 574.01 4.56607e+06
1e+06 5.76218e+07 576.218 4.53903e+06
1e+06 5.78434e+07 578.434 4.51216e+06
1e+06 5.80659e+07 580.659 4.48544e+06
1e+06 5.82893e+07 582.893 4.45887e+06
1e+06 5.85135e+07 585.135 4.43246e+06
1e+06 5.87385e+07 587.385 4.40621e+06
1e+06 5.89644e+07 589.644 4.38011e+06
1e+06 5.91912e+07 591.912 4.35416e+06
1e+06 5.94189e+07 594.189 4.32835e+06
1e+06 5.96474e+07 596.474 4.30271e+06
1e+06 5.98769e+07 598.769 4.2772e+06
1e+06 6.01072e+07 601.072 4.25185e+06
1e+06 6.03384e+07 603.384 4.22664e+06
1e+06 6.05704e+07 605.704 4.20159e+06
1e+06 6.08034e+07 608.034 4.17668e+06
1e+06 6.10373e+07 610.373 4.1519e+06
1e+06 6.12721e+07 612.721 4.12728e+06
1e+06 6.15077e+07 615.077 4.10281e+06
1e+06 6.17443e+07 617.443 4.07847e+06
1e+06 6.19818e+07 619.818 4.05427e+06
1e+06 6.22202e+07 622.202 4.03021e+06
1e+06 6.24595e+07 624.595 4.0063e+06
1e+06 6.26997e+07 626.997 3.98253e+06
1e+06 6.29409e+07 629.409 3.95889e+06
1e+06 6.3183e+07 631.83 3.93539e+06
1e+06 6.3426e+07 634.26 3.91202e+06
1e+06 6.367e+07 636.7 3.88879e+06
1e+06 6.39149e+07 639.149 3.8657e+06
1e+06 6.41607e+07 641.607 3.84275e+06
1e+06 6.44075e+07 644.075 3.81992e+06
1e+06 6.46552e+07 646.552 3.79723e+06
1e+06 6.49039e+07 649.039 3.77467e+06
1e+06 6.51535e+07 651.535 3.75225e+06
1e+06 6.54041e+07 654.041 3.72995e+06
1e+06 6.56557e+07 656.557 3.70778e+06
1e+06 6.59082e+07 659.082 3.68575e+06
1e+06 6.61617e+07 661.617 3.66384e+06
1e+06 6.64162e+07 664.162 3.64206e+06
1e+06 6.66717e+07 666.717 3.6204e+06
1e+06 6.69281e+07 669.281 3.59887e+06
1e+06 6.71855e+07 671.855 3.57747e+06
1e+06 6.74439e+07 674.439 3.5562e+06
1e+06 6.77034e+07 677.034 3.53503e+06
1e+06 6.79638e+07 679.638 3.514e+06
1e+06 6.82252e+07 682.252 3.4931e+06
1e+06 6.84876e+07 684.876 3.47231e+06
1e+06 6.8751e+07 687.51 3.45165e+06
1e+06 6.90154e+07 690.154 3.43111e+06
1e+06 6.92809e+07 692.809 3.41068e+06
1e+06 6.95474e+07 695.474 3.39037e+06
1e+06 6.98149e+07 698.149 3.37018e+06
1e+06 7.00834e+07 700.834 3.35011e+06
1e+06 7.0353e+07 703.53 3.33016e+06
1e+06 7.06236e+07 706.236 3.31032e+06
1e+06 7.08952e+07 708.952 3.2906e+06
1e+06 7.11679e+07 711.679 3.271e+06
1e+06 7.14416e+07 714.416 3.25151e+06
1e+06 7.17164e+07 717.164 3.23213e+06
1e+06 7.19923e+07 719.923 3.21286e+06
1e+06 7.22692e+07 722.692 3.19371e+06
1e+06 7.25471e+07 725.471 3.17467e+06
1e+06 7.28262e+07 728.262 3.15574e+06
1e+06 7.31063e+07 731.063 3.13692e+06
1e+06 7.33875e+07 733.875 3.11821e+06
1e+06 7.36697e+07 736.697 3.09961e+06
1e+06 7.39531e+07 739.531 3.08112e+06
1e+06 7.42375e+07 742.375 3.06274e+06
1e+06 7.45231e+07 745.231 3.04446e+06
1e+06 7.48097e+07 748.097 3.02629e+06
1e+06 7.50975e+07 750.975 3.00822e+06
1e+06 7.53863e+07 753.863 2.99027e+06
1e+06 7.56763e+07 756.763 2.97241e+06
1e+06 7.59673e+07 759.673 2.95467e+06
1e+06 7.62595e+07 762.595 2.93702e+06
1e+06 7.65528e+07 765.528 2.91948e+06
1e+06 7.68473e+07 768.473 2.90204e+06
1e+06 7.71429e+07 771.429 2.8847e+06
1e+06 7.74396e+07 774.396 2.86746e+06
1e+06 7.77374e+07 777.374 2.85033e+06
1e+06 7.80364e+07 780.364 2.83329e+06
1e+06 7.83366e+07 783.366 2.81635e+06
1e+06 7.86379e+07 786.379 2.79951e+06
1e+06 7.89404e+07 789.404 2.78277e+06
1e+06 7.9244e+07 792.44 2.76613e+06
1e+06 7.95488e+07 795.488 2.74959e+06
1e+06 7.98548e+07 798.548 2.73314e+06
1e+06 8.01619e+07 801.619 2.71679e+06
1e+06 8.04702e+07 804.702 2.70054e+06
1e+06 8.07797e+07 807.797 2.68437e+06
1e+06 8.10904e+07 810.904 2.66831e+06
1e+06 8.14023e+07 814.023 2.65234e+06
1e+06 8.17154e+07 817.154 2.63646e+06
1e+06 8.20297e+07 820.297 2.62067e+06
1e+06 8.23452e+07 823.452 2.60498e+06
1e+06 8.2662e+07 826.62 2.58937e+06
1e+06 8.29799e+07 829.799 2.57386e+06
1e+06 8.32991e+07 832.991 2.55844e+06
1e+06 8.36195e+07 836.195 2.54311e+06
1e+06 8.39411e+07 839.411 2.52787e+06
1e+06 8.4264e+07 842.64 2.51272e+06
1e+06 8.45881e+07 845.881 2.49765e+06
1e+06 8.49134e+07 849.134 2.48268e+06
1e+06 8.524e+07 852.4 2.46779e+06
1e+06 8.55679e+07 855.679 2.45299e+06
1e+06 8.5897e+07 858.97 2.43828e+06
1e+06 8.62274e+07 862.274 2.42365e+06
1e+06 8.6559e+07 865.59 2.40911e+06
1e+06 8.6892e+07 868.92 2.39465e+06
1e+06 8.72262e+07 872.262 2.38028e+06
1e+06 8.75617e+07 875.617 2.36599e+06
1e+06 8.78985e+07 878.985 2.35179e+06
1e+06 8.82366e+07 882.366 2.33766e+06
1e+06 8.85759e+07 885.759 2.32363e+06
1e+06 8.89166e+07 889.166 2.30967e+06
1e+06 8.92586e+07 892.586 2.2958e+06
1e+06 8.96019e+07 896.019 2.28201e+06
1e+06 8.99466e+07 899.466 2.26829e+06
1e+06 9.02925e+07 902.925 2.25466e+06
1e+06 9.06398e+07 906.398 2.24111e+06
1e+06 9.09885e+07 909.885 2.22763e+06
1e+06 9.13384e+07 913.384 2.21424e+06
1e+06 9.16897e+07 916.897 2.20093e+06
1e+06 9.20424e+07 920.424 2.18769e+06
1e+06 9.23964e+07 923.964 2.17453e+06
1e+06 9.27518e+07 927.518 2.16144e+06
1e+06 9.31086e+07 931.086 2.14843e+06
1e+06 9.34667e+07 934.667 2.13551e+06
1e+06 9.38262e+07 938.262 2.12265e+06
1e+06 9.41871e+07 941.871 2.10987e+06
1e+06 9.45494e+07 945.494 2.09717e+06
1e+06 9.4913e+07 949.13 2.08454e+06
1e+06 9.52781e+07 952.781 2.07198e+06
1e+06 9.56445e+07 956.445 2.0595e+06
1e+06 9.60124e+07 960.124 2.04709e+06
1e+06 9.63817e+07 963.817 2.03476e+06
1e+06 9.67524e+07 967.524 2.02249e+06
1e+06 9.71246e+07 971.246 2.0103e+06
1e+06 9.74981e+07 974.981 1.99818e+06
1e+06 9.78731e+07 978.731 1.98613e+06
1e+06 9.82496e+07 982.496 1.97415e+06
1e+06 9.86275e+07 986.275 1.96224e+06
1e+06 9.90068e+07 990.068 1.95041e+06
1e+06 9.93877e+07 993.877 1.93864e+06
1e+06 9.97699e+07 997.699 1.92694e+06
1e+06 1.00154e+08 1001.54 1.9153e+06
1e+06 1.00539e+08 1005.39 1.90374e+06
1e+06 1.00926e+08 1009.26 1.89224e+06
1e+06 1.01314e+08 1013.14 1.88081e+06
1e+06 1.01703e+08 1017.03 1.86947e+06
1e+06 1.02095e+08 1020.95 1.85816e+06
1e+06 1.02487e+08 1024.87 1.84695e+06
1e+06 1.02882e+08 1028.82 1.83576e+06
1e+06 1.03277e+08 1032.77 1.82469e+06
1e+06 1.03674e+08 1036.74 1.81366e+06
1e+06 1.04073e+08 1040.73 1.80269e+06
1e+06 1.04474e+08 1044.74 1.79177e+06
1e+06 1.04875e+08 1048.75 1.78096e+06
1e+06 1.05279e+08 1052.79 1.77017e+06
1e+06 1.05684e+08 1056.84 1.75945e+06
1e+06 1.0609e+08 1060.9 1.74882e+06
1e+06 1.06498e+08 1064.98 1.73823e+06
1e+06 1.06908e+08 1069.08 1.7277e+06
1e+06 1.07319e+08 1073.19 1.71725e+06
1e+06 1.07732e+08 1077.32 1.70684e+06
1e+06 1.08146e+08 1081.46 1.69651e+06
1e+06 1.08562e+08 1085.62 1.68623e+06
1e+06 1.0898e+08 1089.8 1.67601e+06
1e+06 1.09399e+08 1093.99 1.66585e+06
1e+06 1.0982e+08 1098.2 1.65575e+06
1e+06 1.10242e+08 1102.42 1.64572e+06
1e+06 1.10666e+08 1106.66 1.63574e+06
1e+06 1.11092e+08 1110.92 1.62581e+06
1e+06 1.11519e+08 1115.19 1.61596e+06
1e+06 1.11948e+08 1119.48 1.60615e+06
1e+06 1.12379e+08 1123.79 1.5964e+06
1e+06 1.12811e+08 1128.11 1.58672e+06
1e+06 1.13245e+08 1132.45 1.57708e+06
1e+06 1.1368e+08 1136.8 1.56752e+06
1e+06 1.14118e+08 1141.18 1.55798e+06
1e+06 1.14556e+08 1145.56 1.54854e+06
1e+06 1.14997e+08 1149.97 1.53913e+06
1e+06 1.15439e+08 1154.39 1.52978e+06
1e+06 1.15883e+08 1158.83 1.52049e+06
1e+06 1.16329e+08 1163.29 1.51124e+06
1e+06 1.16777e+08 1167.77 1.50204e+06
1e+06 1.17226e+08 1172.26 1.49291e+06
1e+06 1.17677e+08 1176.77 1.48383e+06
1e+06 1.18129e+08 1181.29 1.47481e+06
1e+06 1.18584e+08 1185.84 1.46583e+06
1e+06 1.1904e+08 1190.4 1.45691e+06
1e+06 1.19498e+08 1194.98 1.44804e+06
1e+06 1.19957e+08 1199.57 1.43924e+06
1e+06 1.20419e+08 1204.19 1.43046e+06
1e+06 1.20882e+08 1208.82 1.42176e+06
1e+06 1.21347e+08 1213.47 1.41309e+06
1e+06 1.21813e+08 1218.13 1.4045e+06
1e+06 1.22282e+08 1222.82 1.39593e+06
1e+06 1.22752e+08 1227.52 1.38743e+06
1e+06 1.23224e+08 1232.24 1.37898e+06
1e+06 1.23698e+08 1236.98 1.37057e+06
1e+06 1.24174e+08 1241.74 1.3622e+06
1e+06 1.24652e+08 1246.52 1.35389e+06
1e+06 1.25131e+08 1251.31 1.34564e+06
1e+06 1.25613e+08 1256.13 1.33741e+06
1e+06 1.26096e+08 1260.96 1.32925e+06
1e+06 1.26581e+08 1265.81 1.32114e+06
1e+06 1.27068e+08 1270.68 1.31307e+06
1e+06 1.27556e+08 1275.56 1.30506e+06
1e+06 1.28047e+08 1280.47 1.29709e+06
1e+06 1.28539e+08 1285.39 1.28917e+06
1e+06 1.29034e+08 1290.34 1.28128e+06
1e+06 1.2953e+08 1295.3 1.27346e+06
1e+06 1.30028e+08 1300.28 1.26568e+06
1e+06 1.30528e+08 1305.28 1.25794e+06
1e+06 1.31031e+08 1310.31 1.25023e+06
1e+06 1.31535e+08 1315.35 1.24258e+06
1e+06 1.3204e+08 1320.4 1.23499e+06
1e+06 1.32548e+08 1325.48 1.22743e+06
1e+06 1.33058e+08 1330.58 1.21992e+06
1e+06 1.3357e+08 1335.7 1.21245e+06
1e+06 1.34084e+08 1340.84 1.20502e+06
1e+06 1.34599e+08 1345.99 1.19765e+06
1e+06 1.35117e+08 1351.17 1.19031e+06
1e+06 1.35637e+08 1356.37 1.18301e+06
1e+06 1.36158e+08 1361.58 1.17577e+06
1e+06 1.36682e+08 1366.82 1.16856e+06
1e+06 1.37208e+08 1372.08 1.16139e+06
1e+06 1.37736e+08 1377.36 1.15426e+06
1e+06 1.38265e+08 1382.65 1.14719e+06
1e+06 1.38797e+08 1387.97 1.14015e+06
1e+06 1.39331e+08 1393.31 1.13316e+06
1e+06 1.39867e+08 1398.67 1.1262e+06
1e+06 1.40405e+08 1404.05 1.11928e+06
1e+06 1.40945e+08 1409.45 1.11241e+06
1e+06 1.41487e+08 1414.87 1.10558e+06
1e+06 1.42031e+08 1420.31 1.09879e+06
1e+06 1.42578e+08 1425.78 1.09203e+06
1e+06 1.43126e+08 1431.26 1.08532e+06
1e+06 1.43677e+08 1436.77 1.07865e+06
1e+06 1.44229e+08 1442.29 1.07202e+06
1e+06 1.44784e+08 1447.84 1.06542e+06
1e+06 1.45341e+08 1453.41 1.05887e+06
1e+06 1.459e+08 1459 1.05235e+06
1e+06 1.46461e+08 1464.61 1.04588e+06
1e+06 1.47024e+08 1470.24 1.03945e+06
1e+06 1.4759e+08 1475.9 1.03304e+06
1e+06 1.48157e+08 1481.57 1.02669e+06
1e+06 1.48727e+08 1487.27 1.02036e+06
1e+06 1.49299e+08 1492.99 1.01407e+06
1e+06 1.49874e+08 1498.74 1.00781e+06
1e+06 1.5045e+08 1504.5 1.00161e+06
1e+06 1.51029e+08 1510.29 995428
1e+06 1.5161e+08 1516.1 989288
1e+06 1.52193e+08 1521.93 983187
1e+06 1.52778e+08 1527.78 977125
1e+06 1.53366e+08 1533.66 971091
1e+06 1.53956e+08 1539.56 965095
1e+06 1.54548e+08 1545.48 959138
1e+06 1.55142e+08 1551.42 953218
1e+06 1.55739e+08 1557.39 947327
1e+06 1.56338e+08 1563.38 941474
1e+06 1.56939e+08 1569.39 935658
1e+06 1.57543e+08 1575.43 929871
1e+06 1.58149e+08 1581.49 924121
1e+06 1.58757e+08 1587.57 918408
1e+06 1.59368e+08 1593.68 912723
1e+06 1.59981e+08 1599.81 907075
1e+06 1.60596e+08 1605.96 901464
1e+06 1.61214e+08 1612.14 895880
1e+06 1.61834e+08 1618.34 890333
1e+06 1.62456e+08 1624.56 884823
1e+06 1.63081e+08 1630.81 879340
1e+06 1.63709e+08 1637.09 873884
1e+06 1.64338e+08 1643.38 868473
1e+06 1.6497e+08 1649.7 863089
1e+06 1.65605e+08 1656.05 857733
1e+06 1.66242e+08 1662.42 852412
1e+06 1.66881e+08 1668.81 847126
1e+06 1.67523e+08 1675.23 841868
1e+06 1.68167e+08 1681.67 836645
1e+06 1.68814e+08 1688.14 831448
1e+06 1.69464e+08 1694.64 826278
1e+06 1.70115e+08 1701.15 821151
1e+06 1.7077e+08 1707.7 816043
1e+06 1.71427e+08 1714.27 810970
1e+06 1.72086e+08 1720.86 805930
1e+06 1.72748e+08 1727.48 800917
1e+06 1.73412e+08 1734.12 795939
1e+06 1.74079e+08 1740.79 790986
1e+06 1.74749e+08 1747.49 786060
1e+06 1.75421e+08 1754.21 781167
1e+06 1.76096e+08 1760.96 776301
1e+06 1.76773e+08 1767.73 771468
1e+06 1.77453e+08 1774.53 766661
1e+06 1.78135e+08 1781.35 761887
1e+06 1.78821e+08 1788.21 757132
1e+06 1.79508e+08 1795.08 752416
1e+06 1.80199e+08 1801.99 747720
1e+06 1.80892e+08 1808.92 743055
1e+06 1.81588e+08 1815.88 738417
1e+06 1.82286e+08 1822.86 733811
1e+06 1.82987e+08 1829.87 729230
1e+06 1.83691e+08 1836.91 724674
1e+06 1.84398e+08 1843.98 720144
1e+06 1.85107e+08 1851.07 715646
1e+06 1.85819e+08 1858.19 711173
1e+06 1.86534e+08 1865.34 706724
1e+06 1.87251e+08 1872.51 702307
1e+06 1.87971e+08 1879.71 697915
1e+06 1.88694e+08 1886.94 693548
1e+06 1.8942e+08 1894.2 689206
1e+06 1.90149e+08 1901.49 684888
1e+06 1.9088e+08 1908.8 680601
1e+06 1.91614e+08 1916.14 676339
1e+06 1.92351e+08 1923.51 672101
1e+06 1.93091e+08 1930.91 667887
1e+06 1.93834e+08 1938.34 663698
1e+06 1.94579e+08 1945.79 659539
1e+06 1.95328e+08 1953.28 655398
1e+06 1.96079e+08 1960.79 651287
1e+06 1.96833e+08 1968.33 647200
1e+06 1.9759e+08 1975.9 643137
1e+06 1.9835e+08 1983.5 639098
1e+06 1.99113e+08 1991.13 635083
1e+06 1.99879e+08 1998.79 631091
1e+06 2.00648e+08 2006.48 627123
1e+06 2.01419e+08 2014.19 623184
1e+06 2.02194e+08 2021.94 619263
1e+06 2.02972e+08 2029.72 615366
1e+06 2.03753e+08 2037.53 611491
1e+06 2.04536e+08 2045.36 607645
1e+06 2.05323e+08 2053.23 603818
1e+06 2.06113e+08 2061.13 600013
1e+06 2.06905e+08 2069.05 596236
1e+06 2.07701e+08 2077.01 592478
1e+06 2.085e+08 2085 588742
1e+06 2.09302e+08 2093.02 585029
1e+06 2.10107e+08 2101.07 581339
1e+06 2.10915e+08 2109.15 577671
1e+06 2.11727e+08 2117.27 574022
1e+06 2.12541e+08 2125.41 570399
1e+06 2.13358e+08 2133.58 566799
1e+06 2.14179e+08 2141.79 563216
1e+06 2.15003e+08 2150.03 559656
1e+06 2.1583e+08 2158.3 556118
1e+06 2.1666e+08 2166.6 552602
1e+06 2.17493e+08 2174.93 549108
1e+06 2.1833e+08 2183.3 545632
1e+06 2.1917e+08 2191.7 542177
1e+06 2.20013e+08 2200.13 538745
1e+06 2.20859e+08 2208.59 535334
1e+06 2.21708e+08 2217.08 531944
1e+06 2.22561e+08 2225.61 528572
1e+06 2.23417e+08 2234.17 525222
1e+06 2.24276e+08 2242.76 521892
1e+06 2.25139e+08 2251.39 518580
1e+06 2.26005e+08 2260.05 515290
1e+06 2.26874e+08 2268.74 512020
1e+06 2.27747e+08 2277.47 508768
1e+06 2.28623e+08 2286.23 505536
1e+06 2.29502e+08 2295.02 502326
1e+06 2.30385e+08 2303.85 499132
1e+06 2.31271e+08 2312.71 495960
1e+06 2.32161e+08 2321.61 492804
1e+06 2.33054e+08 2330.54 489669
1e+06 2.3395e+08 2339.5 486554
1e+06 2.3485e+08 2348.5 483456
1e+06 2.35753e+08 2357.53 480379
1e+06 2.3666e+08 2366.6 477318
1e+06 2.3757e+08 2375.7 474278
1e+06 2.38484e+08 2384.84 471254
1e+06 2.39401e+08 2394.01 468250
1e+06 2.40322e+08 2403.22 465263
1e+06 2.41246e+08 2412.46 462295
1e+06 2.42174e+08 2421.74 459344
1e+06 2.43106e+08 2431.06 456410
1e+06 2.44041e+08 2440.41 453495
1e+06 2.44979e+08 2449.79 450600
1e+06 2.45922e+08 2459.22 447718
1e+06 2.46868e+08 2468.68 444855
1e+06 2.47817e+08 2478.17 442011
1e+06 2.4877e+08 2487.7 439184
1e+06 2.49727e+08 2497.27 436373
1e+06 2.50688e+08 2506.88 433578
1e+06 2.51652e+08 2516.52 430802
1e+06 2.5262e+08 2526.2 428042
1e+06 2.53592e+08 2535.92 425298
1e+06 2.54567e+08 2545.67 422572
1e+06 2.55546e+08 2555.46 419863
1e+06 2.56529e+08 2565.29 417169
1e+06 2.57516e+08 2575.16 414491
1e+06 2.58506e+08 2585.06 411831
1e+06 2.595e+08 2595 409187
1e+06 2.60499e+08 2604.99 406556
1e+06 2.615e+08 2615 403946
1e+06 2.62506e+08 2625.06 401348
1e+06 2.63516e+08 2635.16 398766
1e+06 2.6453e+08 2645.3 396200
1e+06 2.65547e+08 2655.47 393651
1e+06 2.66568e+08 2665.68 391118
1e+06 2.67594e+08 2675.94 388597
1e+06 2.68623e+08 2686.23 386094
1e+06 2.69656e+08 2696.56 383606
1e+06 2.70693e+08 2706.93 381133
1e+06 2.71734e+08 2717.34 378675
1e+06 2.7278e+08 2727.8 376230
1e+06 2.73829e+08 2738.29 373802
1e+06 2.74882e+08 2748.82 371389
1e+06 2.75939e+08 2759.39 368991
1e+06 2.77001e+08 2770.01 366605
1e+06 2.78066e+08 2780.66 364237
1e+06 2.79136e+08 2791.36 361880
1e+06 2.80209e+08 2802.09 359541
1e+06 2.81287e+08 2812.87 357214
1e+06 2.82369e+08 2823.69 354901
1e+06 2.83455e+08 2834.55 352603
1e+06 2.84545e+08 2845.45 350319
1e+06 2.8564e+08 2856.4 348048
1e+06 2.86738e+08 2867.38 345792
1e+06 2.87841e+08 2878.41 343549
1e+06 2.88948e+08 2889.48 341321
1e+06 2.9006e+08 2900.6 339104
1e+06 2.91175e+08 2911.75 336903
1e+06 2.92295e+08 2922.95 334715
1e+06 2.9342e+08 2934.2 332538
1e+06 2.94548e+08 2945.48 330378
1e+06 2.95681e+08 2956.81 328229
1e+06 2.96818e+08 2968.18 326094
1e+06 2.9796e+08 2979.6 323971
1e+06 2.99106e+08 2991.06 321862
1e+06 3.00257e+08 3002.57 319765
1e+06 3.01411e+08 3014.11 317683
1e+06 3.02571e+08 3025.71 315611
1e+06 3.03735e+08 3037.35 313552
1e+06 3.04903e+08 3049.03 311507
1e+06 3.06076e+08 3060.76 309474
1e+06 3.07253e+08 3072.53 307454
1e+06 3.08435e+08 3084.35 305445
1e+06 3.09621e+08 3096.21 303450
1e+06 3.10812e+08 3108.12 301466
1e+06 3.12007e+08 3120.07 299496
1e+06 3.13207e+08 3132.07 297537
1e+06 3.14412e+08 3144.12 295589
1e+06 3.15621e+08 3156.21 293654
1e+06 3.16835e+08 3168.35 291731
1e+06 3.18054e+08 3180.54 289819
1e+06 3.19277e+08 3192.77 287919
1e+06 3.20505e+08 3205.05 286031
1e+06 3.21738e+08 3217.38 284154
1e+06 3.22976e+08 3229.76 282289
1e+06 3.24218e+08 3242.18 280436
1e+06 3.25465e+08 3254.65 278594
1e+06 3.26717e+08 3267.17 276763
1e+06 3.27973e+08 3279.73 274944
1e+06 3.29235e+08 3292.35 273135
1e+06 3.30501e+08 3305.01 271338
1e+06 3.31772e+08 3317.72 269553
1e+06 3.33049e+08 3330.49 267776
1e+06 3.3433e+08 3343.3 266012
1e+06 3.35615e+08 3356.15 264260
1e+06 3.36906e+08 3369.06 262518
1e+06 3.38202e+08 3382.02 260786
1e+06 3.39503e+08 3395.03 259064
1e+06 3.40809e+08 3408.09 257354
1e+06 3.4212e+08 3421.2 255654
1e+06 3.43436e+08 3434.36 253964
1e+06 3.44757e+08 3447.57 252286
1e+06 3.46083e+08 3460.83 250617
1e+06 3.47414e+08 3474.14 248959
1e+06 3.4875e+08 3487.5 247312
1e+06 3.50091e+08 3500.91 245674
1e+06 3.51438e+08 3514.38 244046
1e+06 3.5279e+08 3527.9 242428
1e+06 3.54147e+08 3541.47 240821
1e+06 3.55509e+08 3555.09 239223
1e+06 3.56876e+08 3568.76 237636
1e+06 3.58249e+08 3582.49 236058
1e+06 3.59627e+08 3596.27 234490
1e+06 3.6101e+08 3610.1 232932
1e+06 3.62399e+08 3623.99 231383
1e+06 3.63792e+08 3637.92 229845
1e+06 3.65192e+08 3651.92 228314
1e+06 3.66596e+08 3665.96 226795
1e+06 3.68006e+08 3680.06 225285
1e+06 3.69422e+08 3694.22 223783
1e+06 3.70843e+08 3708.43 222291
1e+06 3.72269e+08 3722.69 220809
1e+06 3.73701e+08 3737.01 219335
1e+06 3.75138e+08 3751.38 217871
1e+06 3.76581e+08 3765.81 216416
1e+06 3.7803e+08 3780.3 214969
1e+06 3.79484e+08 3794.84 213532
1e+06 3.80943e+08 3809.43 212105
1e+06 3.82408e+08 3824.08 210686
1e+06 3.83879e+08 3838.79 209275
1e+06 3.85356e+08 3853.56 207873
1e+06 3.86838e+08 3868.38 206481
1e+06 3.88326e+08 3883.26 205096
1e+06 3.8982e+08 3898.2 203720
1e+06 3.91319e+08 3913.19 202354
1e+06 3.92824e+08 3928.24 200995
1e+06 3.94335e+08 3943.35 199645
1e+06 3.95852e+08 3958.52 198304
1e+06 3.97374e+08 3973.74 196971
1e+06 3.98903e+08 3989.03 195646
1e+06 4.00437e+08 4004.37 194329
1e+06 4.01977e+08 4019.77 193021
1e+06 4.03523e+08 4035.23 191721
1e+06 4.05075e+08 4050.75 190429
1e+06 4.06633e+08 4066.33 189145
1e+06 4.08197e+08 4081.97 187870
1e+06 4.09768e+08 4097.68 186601
1e+06 4.11344e+08 4113.44 185341
1e+06 4.12926e+08 4129.26 184089
1e+06 4.14514e+08 4145.14 182845
1e+06 4.16108e+08 4161.08 181609
1e+06 4.17709e+08 4177.09 180380
1e+06 4.19315e+08 4193.15 179159
1e+06 4.20928e+08 4209.28 177946
1e+06 4.22547e+08 4225.47 176740
1e+06 4.24173e+08 4241.73 175542
1e+06 4.25804e+08 4258.04 174351
1e+06 4.27442e+08 4274.42 173168
1e+06 4.29086e+08 4290.86 171993
1e+06 4.30736e+08 4307.36 170825
1e+06 4.32393e+08 4323.93 169663
1e+06 4.34056e+08 4340.56 168510
1e+06 4.35726e+08 4357.26 167363
1e+06 4.37402e+08 4374.02 166224
1e+06 4.39084e+08 4390.84 165092
1e+06 4.40773e+08 4407.73 163967
1e+06 4.42468e+08 4424.68 162850
1e+06 4.4417e+08 4441.7 161739
1e+06 4.45878e+08 4458.78 160636
1e+06 4.47593e+08 4475.93 159539
1e+06 4.49315e+08 4493.15 158449
1e+06 4.51043e+08 4510.43 157366
1e+06 4.52778e+08 4527.78 156290
1e+06 4.54519e+08 4545.19 155221
1e+06 4.56268e+08 4562.68 154158
1e+06 4.58023e+08 4580.23 153102
1e+06 4.59784e+08 4597.84 152053
1e+06 4.61553e+08 4615.53 151011
1e+06 4.63328e+08 4633.28 149975
1e+06 4.6511e+08 4651.1 148946
1e+06 4.66899e+08 4668.99 147923
1e+06 4.68695e+08 4686.95 146906
1e+06 4.70498e+08 4704.98 145896
1e+06 4.72307e+08 4723.07 144893
1e+06 4.74124e+08 4741.24 143896
1e+06 4.75948e+08 4759.48 142905
1e+06 4.77778e+08 4777.78 141921
1e+06 4.79616e+08 4796.16 140942
1e+06 4.81461e+08 4814.61 139970
1e+06 4.83313e+08 4833.13 139004
1e+06 4.85172e+08 4851.72 138044
1e+06 4.87038e+08 4870.38 137091
1e+06 4.88911e+08 4889.11 136143
1e+06 4.90791e+08 4907.91 135202
1e+06 4.92679e+08 4926.79 134266
1e+06 4.94574e+08 4945.74 133337
1e+06 4.96476e+08 4964.76 132413
1e+06 4.98386e+08 4983.86 131495
1e+06 5.00303e+08 5003.03 130583
1e+06 5.02227e+08 5022.27 129677
1e+06 5.04159e+08 5041.59 128777
1e+06 5.06098e+08 5060.98 127882
1e+06 5.08045e+08 5080.45 126993
1e+06 5.09999e+08 5099.99 126110
1e+06 5.1196e+08 5119.6 125233
1e+06 5.1393e+08 5139.3 124361
1e+06 5.15906e+08 5159.06 123495
1e+06 5.17891e+08 5178.91 122633
1e+06 5.19883e+08 5198.83 121778
1e+06 5.21882e+08 5218.82 120929
1e+06 5.2389e+08 5238.9 120084
1e+06 5.25905e+08 5259.05 119245
1e+06 5.27927e+08 5279.27 118412
1e+06 5.29958e+08 5299.58 117583
1e+06 5.31996e+08 5319.96 116760
1e+06 5.34043e+08 5340.43 115942
1e+06 5.36097e+08 5360.97 115130
1e+06 5.38159e+08 5381.59 114323
1e+06 5.40229e+08 5402.29 113521
1e+06 5.42306e+08 5423.06 112724
1e+06 5.44392e+08 5443.92 111933
1e+06 5.46486e+08 5464.86 111146
1e+06 5.48588e+08 5485.88 110364
1e+06 5.50698e+08 5506.98 109588
1e+06 5.52816e+08 5528.16 108816
1e+06 5.54943e+08 5549.43 108050
1e+06 5.57077e+08 5570.77 107288
1e+06 5.5922e+08 5592.2 106531
1e+06 5.61371e+08 5613.71 105780
1e+06 5.6353e+08 5635.3 105033
1e+06 5.65697e+08 5656.97 104291
1e+06 5.67873e+08 5678.73 103553
1e+06 5.70057e+08 5700.57 102821
1e+06 5.7225e+08 5722.5 102093
1e+06 5.74451e+08 5744.51 101370
1e+06 5.76661e+08 5766.61 100651
1e+06 5.78879e+08 5788.79 99937.3
1e+06 5.81105e+08 5811.05 99228.3
1e+06 5.8334e+08 5833.4 98523.8
1e+06 5.85584e+08 5855.84 97823.7
1e+06 5.87836e+08 5878.36 97128.3
1e+06 5.90097e+08 5900.97 96437.4
1e+06 5.92367e+08 5923.67 95750.8
1e+06 5.94645e+08 5946.45 95068.9
1e+06 5.96933e+08 5969.33 94391.1
1e+06 5.99229e+08 5992.29 93717.9
1e+06 6.01533e+08 6015.33 93049.4
1e+06 6.03847e+08 6038.47 92384.8
1e+06 6.0617e+08 6061.7 91724.6
1e+06 6.08501e+08 6085.01 91068.9
1e+06 6.10842e+08 6108.42 90417.2
1e+06 6.13191e+08 6131.91 89770.1
1e+06 6.1555e+08 6155.5 89126.9
1e+06 6.17917e+08 6179.17 88488.1
1e+06 6.20294e+08 6202.94 87853.3
1e+06 6.2268e+08 6226.8 87222.7
1e+06 6.25075e+08 6250.75 86596.3
1e+06 6.27479e+08 6274.79 85974
1e+06 6.29892e+08 6298.92 85355.9
1e+06 6.32315e+08 6323.15 84741.6
1e+06 6.34747e+08 6347.47 84131.4
1e+06 6.37189e+08 6371.89 83525
1e+06 6.3964e+08 6396.4 82922.7
1e+06 6.421e+08 6421 82324.5
1e+06 6.4457e+08 6445.7 81730
1e+06 6.47049e+08 6470.49 81139.6
1e+06 6.49537e+08 6495.37 80553.2
1e+06 6.52036e+08 6520.36 79970.3
1e+06 6.54544e+08 6545.44 79391.4
1e+06 6.57061e+08 6570.61 78816.4
1e+06 6.59589e+08 6595.89 78244.9
1e+06 6.62125e+08 6621.25 77677.5
1e+06 6.64672e+08 6646.72 77113.7
1e+06 6.67229e+08 6672.29 76553.4
1e+06 6.69795e+08 6697.95 75997.1
1e+06 6.72371e+08 6723.71 75444.4
1e+06 6.74957e+08 6749.57 74895.3
1e+06 6.77554e+08 6775.54 74349.6
1e+06 6.8016e+08 6801.6 73807.8
1e+06 6.82776e+08 6827.76 73269.5
1e+06 6.85402e+08 6854.02 72734.8
1e+06 6.88038e+08 6880.38 72203.6
1e+06 6.90685e+08 6906.85 71675.8
1e+06 6.93341e+08 6933.41 71151.7
1e+06 6.96008e+08 6960.08 70631
1e+06 6.98685e+08 6986.85 70113.7
1e+06 7.01372e+08 7013.72 69599.9
1e+06 7.0407e+08 7040.7 69089.4
1e+06 7.06778e+08 7067.78 68582.4
1e+06 7.09497e+08 7094.97 68078.6
1e+06 7.12226e+08 7122.26 67578.3
1e+06 7.14965e+08 7149.65 67081.3
1e+06 7.17715e+08 7177.15 66587.6
1e+06 7.20475e+08 7204.75 66097.3
1e+06 7.23247e+08 7232.47 65610
1e+06 7.26028e+08 7260.28 65126.2
1e+06 7.28821e+08 7288.21 64645.5
1e+06 7.31624e+08 7316.24 64168
1e+06 7.34438e+08 7344.38 63693.7
1e+06 7.37263e+08 7372.63 63222.6
1e+06 7.40099e+08 7400.99 62754.6
1e+06 7.42946e+08 7429.46 62289.7
1e+06 7.45803e+08 7458.03 61828
1e+06 7.48672e+08 7486.72 61369.3
1e+06 7.51551e+08 7515.51 60913.8
1e+06 7.54442e+08 7544.42 60461.2
1e+06 7.57344e+08 7573.44 60011.7
1e+06 7.60257e+08 7602.57 59565.2
1e+06 7.63181e+08 7631.81 59121.8
1e+06 7.66116e+08 7661.16 58681.3
1e+06 7.69063e+08 7690.63 58243.7
1e+06 7.72021e+08 7720.21 57809.1
1e+06 7.74991e+08 7749.91 57377.3
1e+06 7.77971e+08 7779.71 56948.7
1e+06 7.80964e+08 7809.64 56522.7
1e+06 7.83968e+08 7839.68 56099.6
1e+06 7.86983e+08 7869.83 55679.5
1e+06 7.9001e+08 7900.1 55262.1
1e+06 7.93049e+08 7930.49 54847.5
1e+06 7.96099e+08 7960.99 54435.8
1e+06 7.99161e+08 7991.61 54026.9
1e+06 8.02235e+08 8022.35 53620.7
1e+06 8.0532e+08 8053.2 53217.3
1e+06 8.08418e+08 8084.18 52816.5
1e+06 8.11527e+08 8115.27 52418.6
1e+06 8.14649e+08 8146.49 52023.2
1e+06 8.17782e+08 8177.82 51630.6
1e+06 8.20927e+08 8209.27 51240.7
1e+06 8.24085e+08 8240.85 50853.3
1e+06 8.27255e+08 8272.55 50468.6
1e+06 8.30437e+08 8304.37 50086.5
1e+06 8.33631e+08 8336.31 49707
1e+06 8.36837e+08 8368.37 49330.2
1e+06 8.40056e+08 8400.56 48955.8
1e+06 8.43287e+08 8432.87 48584.1
1e+06 8.4653e+08 8465.3 48214.9
1e+06 8.49786e+08 8497.86 47848.1
1e+06 8.53055e+08 8530.55 47483.9
1e+06 8.56336e+08 8563.36 47122.1
1e+06 8.5963e+08 8596.3 46762.8
1e+06 8.62936e+08 8629.36 46406.1
1e+06 8.66255e+08 8662.55 46051.7
1e+06 8.69587e+08 8695.87 45699.7
1e+06 8.72932e+08 8729.32 45350.2
1e+06 8.76289e+08 8762.89 45003.1
1e+06 8.7966e+08 8796.6 44658.3
1e+06 8.83043e+08 8830.43 44315.9
1e+06 8.8644e+08 8864.4 43975.8
1e+06 8.89849e+08 8898.49 43638.1
1e+06 8.93272e+08 8932.72 43302.7
1e+06 8.96708e+08 8967.08 42969.6
1e+06 9.00157e+08 9001.57 42638.8
1e+06 9.03619e+08 9036.19 42310.3
1e+06 9.07095e+08 9070.95 41984
1e+06 9.10583e+08 9105.83 41660.1
1e+06 9.14086e+08 9140.86 41338.3
1e+06 9.17602e+08 9176.02 41018.7
1e+06 9.21131e+08 9211.31 40701.4
1e+06 9.24674e+08 9246.74 40386.3
1e+06 9.28231e+08 9282.31 40073.3
1e+06 9.31801e+08 9318.01 39762.5
1e+06 9.35385e+08 9353.85 39453.8
1e+06 9.38983e+08 9389.83 39147.3
1e+06 9.42594e+08 9425.94 38843
1e+06 9.4622e+08 9462.2 38540.7
1e+06 9.49859e+08 9498.59 38240.6
1e+06 9.53513e+08 9535.13 37942.4
1e+06 9.5718e+08 9571.8 37646.5
1e+06 9.60862e+08 9608.62 37352.5
1e+06 9.64557e+08 9645.57 37060.6
1e+06 9.68267e+08 9682.67 36770.8
1e+06 9.71992e+08 9719.92 36482.9
1e+06 9.7573e+08 9757.3 36197.1
1e+06 9.79483e+08 9794.83 35913.2
1e+06 9.83251e+08 9832.51 35631.3
1e+06 9.87032e+08 9870.32 35351.5
1e+06 9.90829e+08 9908.29 35073.5
1e+06 9.9464e+08 9946.4 34797.5
1e+06 9.98466e+08 9984.66 34523.5
1e+06 1.00231e+09 10023.1 34251.1
1e+06 1.00616e+09 10061.6 33981.2
1e+06 1.01003e+09 10100.3 33712.9
1e+06 1.01392e+09 10139.2 33446.1
1e+06 1.01782e+09 10178.2 33181.5
1e+06 1.02173e+09 10217.3 32919.2
1e+06 1.02566e+09 10256.6 32658.3
1e+06 1.02961e+09 10296.1 32399
1e+06 1.03357e+09 10335.7 32141.8
1e+06 1.03754e+09 10375.4 31886.7
1e+06 1.04153e+09 10415.3 31633.2
1e+06 1.04554e+09 10455.4 31381.2
1e+06 1.04956e+09 10495.6 31131.3
1e+06 1.0536e+09 10536 30882.9
1e+06 1.05765e+09 10576.5 30636.5
1e+06 1.06172e+09 10617.2 30391.7
1e+06 1.0658e+09 10658 30148.9
1e+06 1.0699e+09 10699 29907.6
1e+06 1.07401e+09 10740.1 29668.4
1e+06 1.07815e+09 10781.5 29430
1e+06 1.08229e+09 10822.9 29194.2
1e+06 1.08646e+09 10864.6 28959.4
1e+06 1.09063e+09 10906.3 28727.1
1e+06 1.09483e+09 10948.3 28495.6
1e+06 1.09904e+09 10990.4 28266.2
1e+06 1.10327e+09 11032.7 28038.2
1e+06 1.10751e+09 11075.1 27812.1
1e+06 1.11177e+09 11117.7 27587.5
1e+06 1.11605e+09 11160.5 27364.3
1e+06 1.12034e+09 11203.4 27143
1e+06 1.12465e+09 11246.5 26923.2
1e+06 1.12897e+09 11289.7 26705.2
1e+06 1.13332e+09 11333.2 26488.2
1e+06 1.13768e+09 11376.8 26273
1e+06 1.14205e+09 11420.5 26059.7
1e+06 1.14644e+09 11464.4 25847.8
1e+06 1.15085e+09 11508.5 25637.2
1e+06 1.15528e+09 11552.8 25428.1
1e+06 1.15972e+09 11597.2 25220.8
1e+06 1.16419e+09 11641.9 25014.3
1e+06 1.16866e+09 11686.6 24810.2
1e+06 1.17316e+09 11731.6 24606.9
1e+06 1.17767e+09 11776.7 24405.5
1e+06 1.1822e+09 11822 24205.4
1e+06 1.18675e+09 11867.5 24006.6
1e+06 1.19131e+09 11913.1 23809.6
1e+06 1.19589e+09 11958.9 23613.9
1e+06 1.20049e+09 12004.9 23419.5
1e+06 1.20511e+09 12051.1 23226.5
1e+06 1.20975e+09 12097.5 23034.7
1e+06 1.2144e+09 12144 22844.7
1e+06 1.21907e+09 12190.7 22656
1e+06 1.22376e+09 12237.6 22468.6
1e+06 1.22847e+09 12284.7 22282.4
1e+06 1.23319e+09 12331.9 22098
1e+06 1.23793e+09 12379.3 21914.8
1e+06 1.2427e+09 12427 21732.5
1e+06 1.24748e+09 12474.8 21551.8
1e+06 1.25227e+09 12522.7 21372.8
1e+06 1.25709e+09 12570.9 21194.7
1e+06 1.26193e+09 12619.3 21017.8
1e+06 1.26678e+09 12667.8 20842.6
1e+06 1.27165e+09 12716.5 20668.6
1e+06 1.27654e+09 12765.4 20495.8
1e+06 1.28145e+09 12814.5 20324.2
1e+06 1.28638e+09 12863.8 20153.9
1e+06 1.29133e+09 12913.3 19984.8
1e+06 1.2963e+09 12963 19816.9
1e+06 1.30128e+09 13012.8 19650.6
1e+06 1.30629e+09 13062.9 19485.1
1e+06 1.31131e+09 13113.1 19321.2
1e+06 1.31636e+09 13163.6 19158.1
1e+06 1.32142e+09 13214.2 18996.5
1e+06 1.3265e+09 13265 18836.1
1e+06 1.3316e+09 13316 18676.9
1e+06 1.33672e+09 13367.2 18518.9
1e+06 1.34187e+09 13418.7 18361.7
1e+06 1.34703e+09 13470.3 18206
1e+06 1.35221e+09 13522.1 18051.5
1e+06 1.35741e+09 13574.1 17898.1
1e+06 1.36263e+09 13626.3 17745.8
1e+06 1.36787e+09 13678.7 17594.7
1e+06 1.37313e+09 13731.3 17444.7
1e+06 1.37841e+09 13784.1 17295.9
1e+06 1.38372e+09 13837.2 17147.9
1e+06 1.38904e+09 13890.4 17001.3
1e+06 1.39438e+09 13943.8 16855.8
1e+06 1.39974e+09 13997.4 16711.4
1e+06 1.40513e+09 14051.3 16567.9
1e+06 1.41053e+09 14105.3 16425.7
1e+06 1.41596e+09 14159.6 16284.3
1e+06 1.4214e+09 14214 16144.3
1e+06 1.42687e+09 14268.7 16005.1
1e+06 1.43236e+09 14323.6 15867
1e+06 1.43787e+09 14378.7 15730
1e+06 1.4434e+09 14434 15594
1e+06 1.44895e+09 14489.5 15459.1
1e+06 1.45452e+09 14545.2 15325.3
1e+06 1.46012e+09 14601.2 15192.3
1e+06 1.46573e+09 14657.3 15060.5
1e+06 1.47137e+09 14713.7 14929.6
1e+06 1.47703e+09 14770.3 14799.6
1e+06 1.48271e+09 14827.1 14670.8
1e+06 1.48842e+09 14884.2 14542.7
1e+06 1.49414e+09 14941.4 14415.8
1e+06 1.49989e+09 14998.9 14289.8
1e+06 1.50566e+09 15056.6 14164.8
1e+06 1.51145e+09 15114.5 14040.7
1e+06 1.51726e+09 15172.6 13917.7
1e+06 1.5231e+09 15231 13795.4
1e+06 1.52896e+09 15289.6 13674.2
1e+06 1.53484e+09 15348.4 13553.9
1e+06 1.54074e+09 15407.4 13434.6
1e+06 1.54667e+09 15466.7 13316.1
1e+06 1.55261e+09 15526.1 13198.7
1e+06 1.55859e+09 15585.9 13081.9
1e+06 1.56458e+09 15645.8 12966.3
1e+06 1.5706e+09 15706 12851.4
1e+06 1.57664e+09 15766.4 12737.5
1e+06 1.5827e+09 15827 12624.5
1e+06 1.58879e+09 15887.9 12512.3
1e+06 1.5949e+09 15949 12401
1e+06 1.60104e+09 16010.4 12290.4
1e+06 1.6072e+09 16072 12180.8
1e+06 1.61338e+09 16133.8 12072.1
1e+06 1.61958e+09 16195.8 11964.3
1e+06 1.62581e+09 16258.1 11857.3
1e+06 1.63207e+09 16320.7 11750.9
1e+06 1.63834e+09 16383.4 11645.7
1e+06 1.64464e+09 16446.4 11541.1
1e+06 1.65097e+09 16509.7 11437.3
1e+06 1.65732e+09 16573.2 11334.4
1e+06 1.66369e+09 16636.9 11232.4
1e+06 1.67009e+09 16700.9 11131
1e+06 1.67652e+09 16765.2 11030.4
1e+06 1.68297e+09 16829.7 10930.7
1e+06 1.68944e+09 16894.4 10831.8
1e+06 1.69594e+09 16959.4 10733.6
1e+06 1.70246e+09 17024.6 10636.2
1e+06 1.70901e+09 17090.1 10539.6
1e+06 1.71558e+09 17155.8 10443.8
1e+06 1.72218e+09 17221.8 10348.7
1e+06 1.7288e+09 17288 10254.4
1e+06 1.73545e+09 17354.5 10160.8
1e+06 1.74213e+09 17421.3 10067.9
1e+06 1.74883e+09 17488.3 9975.79
1e+06 1.75556e+09 17555.6 9884.37
1e+06 1.76231e+09 17623.1 9793.76
1e+06 1.76909e+09 17690.9 9703.82
1e+06 1.77589e+09 17758.9 9614.67
1e+06 1.78272e+09 17827.2 9526.19
1e+06 1.78958e+09 17895.8 9438.37
1e+06 1.79646e+09 17964.6 9351.34
1e+06 1.80337e+09 18033.7 9264.95
1e+06 1.81031e+09 18103.1 9179.22
1e+06 1.81727e+09 18172.7 9094.27
1e+06 1.82426e+09 18242.6 9009.95
1e+06 1.83128e+09 18312.8 8926.28
1e+06 1.83832e+09 18383.2 8843.37
1e+06 1.84539e+09 18453.9 8761.09
1e+06 1.85249e+09 18524.9 8679.44
1e+06 1.85962e+09 18596.2 8598.43
1e+06 1.86677e+09 18667.7 8518.16
1e+06 1.87395e+09 18739.5 8438.51
1e+06 1.88116e+09 18811.6 8359.48
1e+06 1.88839e+09 18883.9 8281.17
1e+06 1.89565e+09 18956.5 8203.48
1e+06 1.90295e+09 19029.5 8126.3
1e+06 1.91027e+09 19102.7 8049.83
1e+06 1.91761e+09 19176.1 7974.07
1e+06 1.92499e+09 19249.9 7898.81
1e+06 1.93239e+09 19323.9 7824.25
1e+06 1.93983e+09 19398.3 7750.18
1e+06 1.94729e+09 19472.9 7676.81
1e+06 1.95478e+09 19547.8 7604.03
1e+06 1.96229e+09 19622.9 7531.93
1e+06 1.96984e+09 19698.4 7460.32
1e+06 1.97742e+09 19774.2 7389.29
1e+06 1.98502e+09 19850.2 7318.94
1e+06 1.99266e+09 19926.6 7249.06
1e+06 2.00032e+09 20003.2 7179.85
1e+06 2.00802e+09 20080.2 7111.12
1e+06 2.01574e+09 20157.4 7043.04
1e+06 2.02349e+09 20234.9 6975.53
1e+06 2.03128e+09 20312.8 6908.49
1e+06 2.03909e+09 20390.9 6842.09
1e+06 2.04693e+09 20469.3 6776.24
1e+06 2.05481e+09 20548.1 6710.87
1e+06 2.06271e+09 20627.1 6646.12
1e+06 2.07064e+09 20706.4 6581.92
1e+06 2.07861e+09 20786.1 6518.18
1e+06 2.0866e+09 20866 6455.05
1e+06 2.09463e+09 20946.3 6392.39
1e+06 2.10269e+09 21026.9 6330.26
1e+06 2.11077e+09 21107.7 6268.73
1e+06 2.11889e+09 21188.9 6207.66
1e+06 2.12704e+09 21270.4 6147.11
1e+06 2.13522e+09 21352.2 6087.08
1e+06 2.14344e+09 21434.4 6027.5
1e+06 2.15168e+09 21516.8 5968.51
1e+06 2.15996e+09 21599.6 5909.95
1e+06 2.16826e+09 21682.6 5851.98
1e+06 2.1766e+09 21766 5794.44
1e+06 2.18498e+09 21849.8 5737.34
1e+06 2.19338e+09 21933.8 5680.81
1e+06 2.20182e+09 22018.2 5624.7
1e+06 2.21028e+09 22102.8 5569.16
1e+06 2.21879e+09 22187.9 5513.98
1e+06 2.22732e+09 22273.2 5459.36
1e+06 2.23589e+09 22358.9 5405.16
1e+06 2.24449e+09 22444.9 5351.44
1e+06 2.25312e+09 22531.2 5298.2
1e+06 2.26179e+09 22617.9 5245.38
1e+06 2.27049e+09 22704.9 5193.03
1e+06 2.27922e+09 22792.2 5141.16
1e+06 2.28798e+09 22879.8 5089.75
1e+06 2.29679e+09 22967.9 5038.7
1e+06 2.30562e+09 23056.2 4988.16
1e+06 2.31449e+09 23144.9 4938.03
1e+06 2.32339e+09 23233.9 4888.36
1e+06 2.33233e+09 23323.3 4839.09
1e+06 2.3413e+09 23413 4790.27
1e+06 2.3503e+09 23503 4741.9
1e+06 2.35934e+09 23593.4 4693.93
1e+06 2.36842e+09 23684.2 4646.34
1e+06 2.37753e+09 23775.3 4599.2
1e+06 2.38667e+09 23866.7 4552.5
1e+06 2.39585e+09 23958.5 4506.18
1e+06 2.40507e+09 24050.7 4460.25
1e+06 2.41432e+09 24143.2 4414.74
1e+06 2.4236e+09 24236 4369.67
1e+06 2.43292e+09 24329.2 4324.97
1e+06 2.44228e+09 24422.8 4280.65
1e+06 2.45168e+09 24516.8 4236.7
1e+06 2.46111e+09 24611.1 4193.17
1e+06 2.47057e+09 24705.7 4150.05
1e+06 2.48008e+09 24800.8 4107.25
1e+06 2.48961e+09 24896.1 4064.91
1e+06 2.49919e+09 24991.9 4022.89
1e+06 2.5088e+09 25088 3981.27
1e+06 2.51845e+09 25184.5 3940.01
1e+06 2.52814e+09 25281.4 3899.11
1e+06 2.53786e+09 25378.6 3858.6
1e+06 2.54762e+09 25476.2 3818.45
1e+06 2.55742e+09 25574.2 3778.64
1e+06 2.56726e+09 25672.6 3739.19
1e+06 2.57713e+09 25771.3 3700.12
1e+06 2.58705e+09 25870.5 3661.35
1e+06 2.597e+09 25970 3622.97
1e+06 2.60699e+09 26069.9 3584.93
1e+06 2.61701e+09 26170.1 3547.26
1e+06 2.62708e+09 26270.8 3509.9
1e+06 2.63718e+09 26371.8 3472.9
1e+06 2.64733e+09 26473.3 3436.2
1e+06 2.65751e+09 26575.1 3399.87
1e+06 2.66773e+09 26677.3 3363.86
1e+06 2.67799e+09 26779.9 3328.18
1e+06 2.68829e+09 26882.9 3292.83
1e+06 2.69863e+09 26986.3 3257.8
1e+06 2.70901e+09 27090.1 3223.08
1e+06 2.71943e+09 27194.3 3188.69
1e+06 2.72989e+09 27298.9 3154.61
1e+06 2.74039e+09 27403.9 3120.85
1e+06 2.75093e+09 27509.3 3087.4
1e+06 2.76151e+09 27615.1 3054.26
1e+06 2.77213e+09 27721.3 3021.43
1e+06 2.7828e+09 27828 2988.88
1e+06 2.7935e+09 27935 2956.66
1e+06 2.80424e+09 28042.4 2924.75
1e+06 2.81503e+09 28150.3 2893.1
1e+06 2.82586e+09 28258.6 2861.76
1e+06 2.83673e+09 28367.3 2830.71
1e+06 2.84764e+09 28476.4 2799.95
1e+06 2.85859e+09 28585.9 2769.49
1e+06 2.86959e+09 28695.9 2739.3
1e+06 2.88062e+09 28806.2 2709.42
1e+06 2.8917e+09 28917 2679.8
1e+06 2.90283e+09 29028.3 2650.44
1e+06 2.91399e+09 29139.9 2621.39
1e+06 2.9252e+09 29252 2592.6
1e+06 2.93645e+09 29364.5 2564.09
1e+06 2.94774e+09 29477.4 2535.85
1e+06 2.95908e+09 29590.8 2507.87
1e+06 2.97046e+09 29704.6 2480.16
1e+06 2.98189e+09 29818.9 2452.7
1e+06 2.99336e+09 29933.6 2425.51
1e+06 3.00487e+09 30048.7 2398.59
1e+06 3.01643e+09 30164.3 2371.92
1e+06 3.02803e+09 30280.3 2345.51
1e+06 3.03968e+09 30396.8 2319.34
1e+06 3.05137e+09 30513.7 2293.43
1e+06 3.06311e+09 30631.1 2267.76
1e+06 3.07489e+09 30748.9 2242.35
1e+06 3.08671e+09 30867.1 2217.2
1e+06 3.09859e+09 30985.9 2192.26
1e+06 3.11051e+09 31105.1 2167.57
1e+06 3.12247e+09 31224.7 2143.13
1e+06 3.13448e+09 31344.8 2118.92
1e+06 3.14654e+09 31465.4 2094.94
1e+06 3.15864e+09 31586.4 2071.21
1e+06 3.17079e+09 31707.9 2047.7
1e+06 3.18298e+09 31829.8 2024.43
1e+06 3.19523e+09 31952.3 2001.37
1e+06 3.20752e+09 32075.2 1978.54
1e+06 3.21985e+09 32198.5 1955.96
1e+06 3.23224e+09 32322.4 1933.57
1e+06 3.24467e+09 32446.7 1911.41
1e+06 3.25715e+09 32571.5 1889.47
1e+06 3.26968e+09 32696.8 1867.75
1e+06 3.28225e+09 32822.5 1846.25
1e+06 3.29488e+09 32948.8 1824.95
1e+06 3.30755e+09 33075.5 1803.87
1e+06 3.32027e+09 33202.7 1783
1e+06 3.33304e+09 33330.4 1762.33
1e+06 3.34586e+09 33458.6 1741.87
1e+06 3.35873e+09 33587.3 1721.62
1e+06 3.37165e+09 33716.5 1701.56
1e+06 3.38462e+09 33846.2 1681.71
1e+06 3.39764e+09 33976.4 1662.05
1e+06 3.41071e+09 34107.1 1642.59
1e+06 3.42382e+09 34238.2 1623.35
1e+06 3.43699e+09 34369.9 1604.28
1e+06 3.45021e+09 34502.1 1585.41
1e+06 3.46348e+09 34634.8 1566.73
1e+06 3.47681e+09 34768.1 1548.23
1e+06 3.49018e+09 34901.8 1529.93
1e+06 3.5036e+09 35036 1511.81
1e+06 3.51708e+09 35170.8 1493.88
1e+06 3.53061e+09 35306.1 1476.12
1e+06 3.54419e+09 35441.9 1458.55
1e+06 3.55782e+09 35578.2 1441.17
1e+06 3.5715e+09 35715 1423.96
1e+06 3.58524e+09 35852.4 1406.93
1e+06 3.59903e+09 35990.3 1390.07
1e+06 3.61287e+09 36128.7 1373.39
1e+06 3.62677e+09 36267.7 1356.87
1e+06 3.64072e+09 36407.2 1340.53
1e+06 3.65472e+09 36547.2 1324.36
1e+06 3.66878e+09 36687.8 1308.35
1e+06 3.68289e+09 36828.9 1292.52
1e+06 3.69706e+09 36970.6 1276.84
1e+06 3.71128e+09 37112.8 1261.33
1e+06 3.72555e+09 37255.5 1245.99
1e+06 3.73988e+09 37398.8 1230.8
1e+06 3.75426e+09 37542.6 1215.78
1e+06 3.7687e+09 37687 1200.91
1e+06 3.7832e+09 37832 1186.2
1e+06 3.79775e+09 37977.5 1171.64
1e+06 3.81236e+09 38123.6 1157.23
1e+06 3.82702e+09 38270.2 1142.98
1e+06 3.84174e+09 38417.4 1128.88
1e+06 3.85652e+09 38565.2 1114.93
1e+06 3.87135e+09 38713.5 1101.13
1e+06 3.88624e+09 38862.4 1087.48
1e+06 3.90119e+09 39011.9 1073.97
1e+06 3.91619e+09 39161.9 1060.61
1e+06 3.93126e+09 39312.6 1047.38
1e+06 3.94638e+09 39463.8 1034.3
1e+06 3.96156e+09 39615.6 1021.36
1e+06 3.97679e+09 39767.9 1008.56
1e+06 3.99209e+09 39920.9 995.9
1e+06 4.00745e+09 40074.5 983.371
1e+06 4.02286e+09 40228.6 970.984
1e+06 4.03833e+09 40383.3 958.732
1e+06 4.05387e+09 40538.7 946.604
1e+06 4.06946e+09 40694.6 934.616
1e+06 4.08511e+09 40851.1 922.759
1e+06 4.10082e+09 41008.2 911.032
1e+06 4.1166e+09 41166 899.425
1e+06 4.13243e+09 41324.3 887.954
1e+06 4.14832e+09 41483.2 876.61
1e+06 4.16428e+09 41642.8 865.384
1e+06 4.1803e+09 41803 854.283
1e+06 4.19638e+09 41963.8 843.305
1e+06 4.21252e+09 42125.2 832.45
1e+06 4.22872e+09 42287.2 821.717
1e+06 4.24498e+09 42449.8 811.105
1e+06 4.26131e+09 42613.1 800.606
1e+06 4.2777e+09 42777 790.226
1e+06 4.29415e+09 42941.5 779.964
1e+06 4.31067e+09 43106.7 769.812
1e+06 4.32725e+09 43272.5 759.776
1e+06 4.34389e+09 43438.9 749.856
1e+06 4.3606e+09 43606 740.043
1e+06 4.37737e+09 43773.7 730.344
1e+06 4.39421e+09 43942.1 720.751
1e+06 4.41111e+09 44111.1 711.269
1e+06 4.42808e+09 44280.8 701.892
1e+06 4.44511e+09 44451.1 692.624
1e+06 4.46221e+09 44622.1 683.459
1e+06 4.47937e+09 44793.7 674.402
1e+06 4.4966e+09 44966 665.447
1e+06 4.5139e+09 45139 656.591
1e+06 4.53126e+09 45312.6 647.841
1e+06 4.54869e+09 45486.9 639.19
1e+06 4.56618e+09 45661.8 630.642
1e+06 4.58374e+09 45837.4 622.191
1e+06 4.60138e+09 46013.8 613.832
1e+06 4.61907e+09 46190.7 605.577
1e+06 4.63684e+09 46368.4 597.414
1e+06 4.65467e+09 46546.7 589.349
1e+06 4.67258e+09 46725.8 581.372
1e+06 4.69055e+09 46905.5 573.493
1e+06 4.70859e+09 47085.9 565.705
1e+06 4.7267e+09 47267 558.009
1e+06 4.74488e+09 47448.8 550.402
1e+06 4.76313e+09 47631.3 542.885
1e+06 4.78145e+09 47814.5 535.457
1e+06 4.79984e+09 47998.4 528.116
1e+06 4.81831e+09 48183.1 520.859
1e+06 4.83684e+09 48368.4 513.692
1e+06 4.85544e+09 48554.4 506.611
1e+06 4.87412e+09 48741.2 499.61
1e+06 4.89286e+09 48928.6 492.698
1e+06 4.91168e+09 49116.8 485.865
1e+06 4.93058e+09 49305.8 479.112
1e+06 4.94954e+09 49495.4 472.444
1e+06 4.96858e+09 49685.8 465.853
1e+06 4.98769e+09 49876.9 459.343
1e+06 5.00687e+09 50068.7 452.913
1e+06 5.02613e+09 50261.3 446.558
1e+06 5.04546e+09 50454.6 440.282
1e+06 5.06487e+09 50648.7 434.08
1e+06 5.08435e+09 50843.5 427.955
1e+06 5.10391e+09 51039.1 421.903
1e+06 5.12354e+09 51235.4 415.927
1e+06 5.14324e+09 51432.4 410.025
1e+06 5.16303e+09 51630.3 404.192
1e+06 5.18288e+09 51828.8 398.435
1e+06 5.20282e+09 52028.2 392.745
1e+06 5.22283e+09 52228.3 387.127
1e+06 5.24292e+09 52429.2 381.578
1e+06 5.26309e+09 52630.9 376.096
1e+06 5.28333e+09 52833.3 370.685
1e+06 5.30365e+09 53036.5 365.341
1e+06 5.32405e+09 53240.5 360.062
1e+06 5.34453e+09 53445.3 354.85
1e+06 5.36508e+09 53650.8 349.704
1e+06 5.38572e+09 53857.2 344.621
1e+06 5.40643e+09 54064.3 339.604
1e+06 5.42723e+09 54272.3 334.647
1e+06 5.4481e+09 54481 329.755
1e+06 5.46906e+09 54690.6 324.923
1e+06 5.4901e+09 54901 320.153
1e+06 5.51121e+09 55112.1 315.445
1e+06 5.53241e+09 55324.1 310.796
1e+06 5.55369e+09 55536.9 306.206
1e+06 5.57505e+09 55750.5 301.675
1e+06 5.59649e+09 55964.9 297.202
1e+06 5.61802e+09 56180.2 292.786
1e+06 5.63963e+09 56396.3 288.427
1e+06 5.66132e+09 56613.2 284.124
1e+06 5.68309e+09 56830.9 279.878
1e+06 5.70495e+09 57049.5 275.686
1e+06 5.7269e+09 57269 271.547
1e+06 5.74892e+09 57489.2 267.464
1e+06 5.77104e+09 57710.4 263.432
1e+06 5.79323e+09 57932.3 259.455
1e+06 5.81552e+09 58155.2 255.528
1e+06 5.83788e+09 58378.8 251.655
1e+06 5.86034e+09 58603.4 247.83
1e+06 5.88288e+09 58828.8 244.057
1e+06 5.90551e+09 59055.1 240.333
1e+06 5.92822e+09 59282.2 236.66
1e+06 5.95102e+09 59510.2 233.034
1e+06 5.97391e+09 59739.1 229.457
1e+06 5.99689e+09 59968.9 225.927
1e+06 6.01995e+09 60199.5 222.445
1e+06 6.04311e+09 60431.1 219.008
1e+06 6.06635e+09 60663.5 215.619
1e+06 6.08969e+09 60896.9 212.273
1e+06 6.11311e+09 61131.1 208.974
1e+06 6.13662e+09 61366.2 205.72
1e+06 6.16022e+09 61602.2 202.509
1e+06 6.18392e+09 61839.2 199.341
1e+06 6.2077e+09 62077 196.217
1e+06 6.23158e+09 62315.8 193.135
1e+06 6.25555e+09 62555.5 190.095
1e+06 6.27961e+09 62796.1 187.096
1e+06 6.30376e+09 63037.6 184.139
1e+06 6.32801e+09 63280.1 181.222
1e+06 6.35235e+09 63523.5 178.346
1e+06 6.37678e+09 63767.8 175.509
1e+06 6.40131e+09 64013.1 172.711
1e+06 6.42593e+09 64259.3 169.952
1e+06 6.45065e+09 64506.5 167.231
1e+06 6.47546e+09 64754.6 164.549
1e+06 6.50036e+09 65003.6 161.904
1e+06 6.52537e+09 65253.7 159.295
1e+06 6.55046e+09 65504.6 156.724
1e+06 6.57566e+09 65756.6 154.188
1e+06 6.60095e+09 66009.5 151.688
1e+06 6.62634e+09 66263.4 149.223
1e+06 6.65183e+09 66518.3 146.793
1e+06 6.67741e+09 66774.1 144.398
1e+06 6.7031e+09 67031 142.036
1e+06 6.72888e+09 67288.8 139.708
1e+06 6.75476e+09 67547.6 137.414
1e+06 6.78074e+09 67807.4 135.152
1e+06 6.80682e+09 68068.2 132.923
1e+06 6.833e+09 68330 130.725
1e+06 6.85928e+09 68592.8 128.56
1e+06 6.88567e+09 68856.7 126.425
1e+06 6.91215e+09 69121.5 124.321
1e+06 6.93874e+09 69387.4 122.248
1e+06 6.96543e+09 69654.3 120.205
1e+06 6.99222e+09 69922.2 118.192
1e+06 7.01911e+09 70191.1 116.208
1e+06 7.04611e+09 70461.1 114.253
1e+06 7.07321e+09 70732.1 112.327
1e+06 7.10042e+09 71004.2 110.429
1e+06 7.12773e+09 71277.3 108.559
1e+06 7.15514e+09 71551.4 106.717
1e+06 7.18266e+09 71826.6 104.902
1e+06 7.21029e+09 72102.9 103.114
1e+06 7.23802e+09 72380.2 101.353
1e+06 7.26586e+09 72658.6 99.6174
1e+06 7.29381e+09 72938.1 97.9079
1e+06 7.32186e+09 73218.6 96.2245
1e+06 7.35002e+09 73500.2 94.5662
1e+06 7.37829e+09 73782.9 92.9328
1e+06 7.40667e+09 74066.7 91.3239
1e+06 7.43516e+09 74351.6 89.7394
1e+06 7.46376e+09 74637.6 88.1788
1e+06 7.49247e+09 74924.7 86.6419
1e+06 7.52129e+09 75212.9 85.1285
1e+06 7.55022e+09 75502.2 83.6382
1e+06 7.57926e+09 75792.6 82.1708
1e+06 7.60841e+09 76084.1 80.7259
1e+06 7.63767e+09 76376.7 79.3034
1e+06 7.66705e+09 76670.5 77.9024
1e+06 7.69654e+09 76965.4 76.5233
1e+06 7.72614e+09 77261.4 75.1656
1e+06 7.75586e+09 77558.6 73.8288
1e+06 7.78569e+09 77856.9 72.5129
1e+06 7.81564e+09 78156.4 71.2174
1e+06 7.8457e+09 78457 69.9423
1e+06 7.87587e+09 78758.7 68.6874
1e+06 7.90617e+09 79061.7 67.4517
1e+06 7.93658e+09 79365.8 66.2357
1e+06 7.9671e+09 79671 65.0392
1e+06 7.99775e+09 79977.5 63.8611
1e+06 8.02851e+09 80285.1 62.702
1e+06 8.05939e+09 80593.9 61.5613
1e+06 8.09039e+09 80903.9 60.4387
1e+06 8.12151e+09 81215.1 59.3341
1e+06 8.15274e+09 81527.4 58.2474
1e+06 8.1841e+09 81841 57.1779
1e+06 8.21558e+09 82155.8 56.1257
1e+06 8.24718e+09 82471.8 55.0904
1e+06 8.2789e+09 82789 54.072
1e+06 8.31074e+09 83107.4 53.0701
1e+06 8.34271e+09 83427.1 52.0843
1e+06 8.3748e+09 83748 51.1146
1e+06 8.40701e+09 84070.1 50.1609
1e+06 8.43935e+09 84393.5 49.2227
1e+06 8.47181e+09 84718.1 48.2999
1e+06 8.50439e+09 85043.9 47.3925
1e+06 8.5371e+09 85371 46.5
1e+06 8.56994e+09 85699.4 45.6221
1e+06 8.6029e+09 86029 44.7589
1e+06 8.63599e+09 86359.9 43.91
1e+06 8.66921e+09 86692.1 43.0752
1e+06 8.70255e+09 87025.5 42.2545
1e+06 8.73602e+09 87360.2 41.4475
1e+06 8.76962e+09 87696.2 40.654
1e+06 8.80336e+09 88033.6 39.8737
1e+06 8.83722e+09 88372.2 39.1067
1e+06 8.87121e+09 88712.1 38.3528
1e+06 8.90533e+09 89053.3 37.6116
1e+06 8.93958e+09 89395.8 36.8831
1e+06 8.97396e+09 89739.6 36.167
1e+06 9.00848e+09 90084.8 35.463
1e+06 9.04313e+09 90431.3 34.7711
1e+06 9.07791e+09 90779.1 34.0912
1e+06 9.11283e+09 91128.3 33.4229
1e+06 9.14788e+09 91478.8 32.7662
1e+06 9.18307e+09 91830.7 32.1208
1e+06 9.21839e+09 92183.9 31.4866
1e+06 9.25384e+09 92538.4 30.8636
1e+06 9.28944e+09 92894.4 30.2513
1e+06 9.32517e+09 93251.7 29.6497
1e+06 9.36103e+09 93610.3 29.0589
1e+06 9.39704e+09 93970.4 28.4782
1e+06 9.43318e+09 94331.8 27.9079
1e+06 9.46946e+09 94694.6 27.3477
1e+06 9.50589e+09 95058.9 26.7972
1e+06 9.54245e+09 95424.5 26.2566
1e+06 9.57915e+09 95791.5 25.7257
1e+06 9.616e+09 96160 25.2042
1e+06 9.65298e+09 96529.8 24.6921
1e+06 9.69011e+09 96901.1 24.1892
1e+06 9.72738e+09 97273.8 23.6953
1e+06 9.7648e+09 97648 23.2102
1e+06 9.80236e+09 98023.6 22.734
1e+06 9.84006e+09 98400.6 22.2664
1e+06 9.87791e+09 98779.1 21.8073
1e+06 9.9159e+09 99159 21.3567
1e+06 9.95404e+09 99540.4 20.9142
1e+06 9.99233e+09 99923.3 20.4798
1e+06 1.00308e+10 100308 20.053
1e+06 1.00693e+10 100693 19.6354
1e+06 1.01081e+10 101081 19.2238
1e+06 1.01469e+10 101469 18.8214
1e+06 1.0186e+10 101860 18.425
1e+06 1.02252e+10 102252 18.0365
1e+06 1.02645e+10 102645 17.6557
1e+06 1.0304e+10 103040 17.2815
1e+06 1.03436e+10 103436 16.9149
1e+06 1.03834e+10 103834 16.5547
1e+06 1.04233e+10 104233 16.2018
1e+06 1.04634e+10 104634 15.8552
1e+06 1.05037e+10 105037 15.5147
1e+06 1.05441e+10 105441 15.1812
1e+06 1.05846e+10 105846 14.8545
1e+06 1.06253e+10 106253 14.5337
1e+06 1.06662e+10 106662 14.2187
1e+06 1.07072e+10 107072 13.9102
1e+06 1.07484e+10 107484 13.6073
1e+06 1.07897e+10 107897 13.3107
1e+06 1.08312e+10 108312 13.0195
1e+06 1.08729e+10 108729 12.7338
1e+06 1.09147e+10 109147 12.454
1e+06 1.09567e+10 109567 12.1794
1e+06 1.09988e+10 109988 11.9105
1e+06 1.10412e+10 110412 11.6461
1e+06 1.10836e+10 110836 11.3879
1e+06 1.11262e+10 111262 11.1346
1e+06 1.1169e+10 111690 10.8861
1e+06 1.1212e+10 112120 10.6423
1e+06 1.12551e+10 112551 10.4037
1e+06 1.12984e+10 112984 10.1697
1e+06 1.13419e+10 113419 9.94025
1e+06 1.13855e+10 113855 9.71571
1e+06 1.14293e+10 114293 9.49553
1e+06 1.14733e+10 114733 9.27963
1e+06 1.15174e+10 115174 9.06844
1e+06 1.15617e+10 115617 8.86139
1e+06 1.16062e+10 116062 8.65841
1e+06 1.16508e+10 116508 8.45989
1e+06 1.16956e+10 116956 8.26531
1e+06 1.17406e+10 117406 8.07461
1e+06 1.17857e+10 117857 7.88813
1e+06 1.18311e+10 118311 7.70498
1e+06 1.18766e+10 118766 7.52591
1e+06 1.19223e+10 119223 7.35047
1e+06 1.19681e+10 119681 7.17895
1e+06 1.20142e+10 120142 7.01056
1e+06 1.20604e+10 120604 6.84596
1e+06 1.21068e+10 121068 6.68474
1e+06 1.21533e+10 121533 6.52718
1e+06 1.22001e+10 122001 6.37253
1e+06 1.2247e+10 122470 6.22142
1e+06 1.22941e+10 122941 6.07344
1e+06 1.23414e+10 123414 5.92856
1e+06 1.23889e+10 123889 5.78671
1e+06 1.24365e+10 124365 5.64813
1e+06 1.24843e+10 124843 5.51248
1e+06 1.25324e+10 125324 5.37942
1e+06 1.25806e+10 125806 5.24946
1e+06 1.26289e+10 126289 5.12253
1e+06 1.26775e+10 126775 4.99806
1e+06 1.27263e+10 127263 4.87627
1e+06 1.27752e+10 127752 4.75734
1e+06 1.28244e+10 128244 4.64075
1e+06 1.28737e+10 128737 4.52692
1e+06 1.29232e+10 129232 4.41557
1e+06 1.29729e+10 129729 4.30666
1e+06 1.30228e+10 130228 4.20013
1e+06 1.30729e+10 130729 4.09595
1e+06 1.31232e+10 131232 3.99407
1e+06 1.31737e+10 131737 3.89445
1e+06 1.32243e+10 132243 3.79724
1e+06 1.32752e+10 132752 3.70201
1e+06 1.33263e+10 133263 3.60892
1e+06 1.33775e+10 133775 3.51809
1e+06 1.3429e+10 134290 3.42915
1e+06 1.34806e+10 134806 3.34238
1e+06 1.35325e+10 135325 3.25742
1e+06 1.35845e+10 135845 3.17456
1e+06 1.36368e+10 136368 3.09344
1e+06 1.36892e+10 136892 3.01433
1e+06 1.37419e+10 137419 2.9369
1e+06 1.37947e+10 137947 2.8614
1e+06 1.38478e+10 138478 2.78752
1e+06 1.39011e+10 139011 2.71535
1e+06 1.39545e+10 139545 2.645
1e+06 1.40082e+10 140082 2.57617
1e+06 1.40621e+10 140621 2.50897
1e+06 1.41162e+10 141162 2.44334
1e+06 1.41705e+10 141705 2.37927
1e+06 1.4225e+10 142250 2.31673
1e+06 1.42797e+10 142797 2.25567
1e+06 1.43346e+10 143346 2.19608
1e+06 1.43897e+10 143897 2.13792
1e+06 1.44451e+10 144451 2.08106
1e+06 1.45006e+10 145006 2.02567
1e+06 1.45564e+10 145564 1.97153
1e+06 1.46124e+10 146124 1.9187
1e+06 1.46686e+10 146686 1.86717
1e+06 1.4725e+10 147250 1.8169
1e+06 1.47817e+10 147817 1.76778
1e+06 1.48385e+10 148385 1.71995
1e+06 1.48956e+10 148956 1.67323
1e+06 1.49529e+10 149529 1.62767
1e+06 1.50104e+10 150104 1.58324
1e+06 1.50681e+10 150681 1.53993
1e+06 1.51261e+10 151261 1.49763
1e+06 1.51843e+10 151843 1.45639
1e+06 1.52427e+10 152427 1.4162
1e+06 1.53013e+10 153013 1.37703
1e+06 1.53602e+10 153602 1.33879
1e+06 1.54192e+10 154192 1.30158
1e+06 1.54785e+10 154785 1.26527
1e+06 1.55381e+10 155381 1.22984
1e+06 1.55978e+10 155978 1.19537
1e+06 1.56578e+10 156578 1.16174
1e+06 1.57181e+10 157181 1.12893
1e+06 1.57785e+10 157785 1.09703
1e+06 1.58392e+10 158392 1.06591
1e+06 1.59001e+10 159001 1.0356
1e+06 1.59613e+10 159613 1.00605
1e+06 1.60227e+10 160227 0.977271
1e+06 1.60843e+10 160843 0.949258
1e+06 1.61462e+10 161462 0.921945
1e+06 1.62083e+10 162083 0.895361
1e+06 1.62706e+10 162706 0.869488
1e+06 1.63332e+10 163332 0.84427
1e+06 1.6396e+10 163960 0.819731
1e+06 1.64591e+10 164591 0.795817
1e+06 1.65224e+10 165224 0.772551
1e+06 1.65859e+10 165859 0.749919
1e+06 1.66497e+10 166497 0.72787
1e+06 1.67138e+10 167138 0.706391
1e+06 1.67781e+10 167781 0.685503
1e+06 1.68426e+10 168426 0.665191
1e+06 1.69074e+10 169074 0.64541
1e+06 1.69724e+10 169724 0.626178
1e+06 1.70377e+10 170377 0.607453
1e+06 1.71032e+10 171032 0.589251
1e+06 1.7169e+10 171690 0.571532
1e+06 1.7235e+10 172350 0.554312
1e+06 1.73013e+10 173013 0.537553
1e+06 1.73679e+10 173679 0.521244
1e+06 1.74347e+10 174347 0.505398
1e+06 1.75017e+10 175017 0.490003
1e+06 1.7569e+10 175690 0.475027
1e+06 1.76366e+10 176366 0.460459
1e+06 1.77045e+10 177045 0.446289
1e+06 1.77726e+10 177726 0.432529
1e+06 1.78409e+10 178409 0.419167
1e+06 1.79095e+10 179095 0.406175
1e+06 1.79784e+10 179784 0.393544
1e+06 1.80476e+10 180476 0.381264
1e+06 1.8117e+10 181170 0.369345
1e+06 1.81867e+10 181867 0.357761
1e+06 1.82566e+10 182566 0.346519
1e+06 1.83268e+10 183268 0.335594
1e+06 1.83973e+10 183973 0.32498
1e+06 1.84681e+10 184681 0.314668
1e+06 1.85391e+10 185391 0.304665
1e+06 1.86104e+10 186104 0.294949
1e+06 1.8682e+10 186820 0.285512
1e+06 1.87539e+10 187539 0.276349
1e+06 1.8826e+10 188260 0.267463
1e+06 1.88984e+10 188984 0.258836
1e+06 1.89711e+10 189711 0.250461
1e+06 1.90441e+10 190441 0.242331
1e+06 1.91173e+10 191173 0.234451
1e+06 1.91909e+10 191909 0.226794
1e+06 1.92647e+10 192647 0.219374
1e+06 1.93388e+10 193388 0.212174
1e+06 1.94132e+10 194132 0.205189
1e+06 1.94878e+10 194878 0.198423
1e+06 1.95628e+10 195628 0.191851
1e+06 1.9638e+10 196380 0.185486
1e+06 1.97136e+10 197136 0.179305
1e+06 1.97894e+10 197894 0.17332
1e+06 1.98655e+10 198655 0.167518
1e+06 1.99419e+10 199419 0.161893
1e+06 2.00186e+10 200186 0.156441
1e+06 2.00956e+10 200956 0.151158
1e+06 2.01729e+10 201729 0.146037
1e+06 2.02505e+10 202505 0.141076
1e+06 2.03284e+10 203284 0.136269
1e+06 2.04066e+10 204066 0.131612
1e+06 2.04851e+10 204851 0.127102
1e+06 2.05638e+10 205638 0.122739
1e+06 2.06429e+10 206429 0.118508
1e+06 2.07223e+10 207223 0.114412
1e+06 2.0802e+10 208020 0.110446
1e+06 2.08821e+10 208821 0.106602
1e+06 2.09624e+10 209624 0.102886
1e+06 2.1043e+10 210430 0.0992892
1e+06 2.11239e+10 211239 0.0958086
1e+06 2.12052e+10 212052 0.0924367
1e+06 2.12868e+10 212868 0.0891743
1e+06 2.13686e+10 213686 0.0860222
1e+06 2.14508e+10 214508 0.0829695
1e+06 2.15333e+10 215333 0.0800172
1e+06 2.16161e+10 216161 0.0771621
1e+06 2.16993e+10 216993 0.0743982
1e+06 2.17827e+10 217827 0.0717293
1e+06 2.18665e+10 218665 0.0691462
1e+06 2.19506e+10 219506 0.0666494
1e+06 2.20351e+10 220351 0.0642336
1e+06 2.21198e+10 221198 0.0619018
1e+06 2.22049e+10 222049 0.0596462
1e+06 2.22903e+10 222903 0.057467
1e+06 2.2376e+10 223760 0.055362
1e+06 2.24621e+10 224621 0.0533265
1e+06 2.25485e+10 225485 0.0513607
1e+06 2.26352e+10 226352 0.0494625
1e+06 2.27223e+10 227223 0.0476276
1e+06 2.28097e+10 228097 0.0458563
1e+06 2.28974e+10 228974 0.0441466
1e+06 2.29855e+10 229855 0.0424945
1e+06 2.30739e+10 230739 0.0409003
1e+06 2.31627e+10 231627 0.0393603
1e+06 2.32517e+10 232517 0.0378762
1e+06 2.33412e+10 233412 0.0364413
1e+06 2.3431e+10 234310 0.0350574
1e+06 2.35211e+10 235211 0.0337227
1e+06 2.36115e+10 236115 0.0324357
1e+06 2.37024e+10 237024 0.031192
1e+06 2.37935e+10 237935 0.0299945
1e+06 2.3885e+10 238850 0.0288388
1e+06 2.39769e+10 239769 0.0277238
1e+06 2.40691e+10 240691 0.0266494
1e+06 2.41617e+10 241617 0.025613
1e+06 2.42546e+10 242546 0.0246145
1e+06 2.43479e+10 243479 0.0236516
1e+06 2.44416e+10 244416 0.0227233
1e+06 2.45356e+10 245356 0.0218292
1e+06 2.463e+10 246300 0.0209675
1e+06 2.47247e+10 247247 0.0201378
1e+06 2.48198e+10 248198 0.0193382
1e+06 2.49153e+10 249153 0.0185679
1e+06 2.50111e+10 250111 0.0178265
1e+06 2.51073e+10 251073 0.0171123
1e+06 2.52039e+10 252039 0.0164245
1e+06 2.53008e+10 253008 0.0157628
1e+06 2.53981e+10 253981 0.0151257
1e+06 2.54958e+10 254958 0.0145124
1e+06 2.55939e+10 255939 0.013922
1e+06 2.56923e+10 256923 0.0133543
1e+06 2.57911e+10 257911 0.0128081
1e+06 2.58903e+10 258903 0.0122825
1e+06 2.59899e+10 259899 0.0117768
1e+06 2.60899e+10 260899 0.0112904
1e+06 2.61902e+10 261902 0.0108231
1e+06 2.6291e+10 262910 0.0103733
1e+06 2.63921e+10 263921 0.00994124
1e+06 2.64936e+10 264936 0.00952587
1e+06 2.65955e+10 265955 0.00912661
1e+06 2.66978e+10 266978 0.0087429
1e+06 2.68005e+10 268005 0.00837418
1e+06 2.69036e+10 269036 0.00801992
1e+06 2.70071e+10 270071 0.0076796
1e+06 2.71109e+10 271109 0.00735304
1e+06 2.72152e+10 272152 0.00703912
1e+06 2.73199e+10 273199 0.00673769
1e+06 2.7425e+10 274250 0.00644829
1e+06 2.75304e+10 275304 0.00617075
1e+06 2.76363e+10 276363 0.00590412
1e+06 2.77426e+10 277426 0.00564825
1e+06 2.78493e+10 278493 0.00540274
1e+06 2.79565e+10 279565 0.00516698
1e+06 2.8064e+10 280640 0.00494106
1e+06 2.81719e+10 281719 0.00472438
1e+06 2.82803e+10 282803 0.00451641
1e+06 2.83891e+10 283891 0.00431702
1e+06 2.84983e+10 284983 0.00412587
1e+06 2.86079e+10 286079 0.00394266
1e+06 2.87179e+10 287179 0.00376709
1e+06 2.88284e+10 288284 0.0035987
1e+06 2.89392e+10 289392 0.00343753
1e+06 2.90506e+10 290506 0.00328286
1e+06 2.91623e+10 291623 0.00313487
1e+06 2.92745e+10 292745 0.00299302
1e+06 2.93871e+10 293871 0.00285722
1e+06 2.95001e+10 295001 0.00272721
1e+06 2.96136e+10 296136 0.00260267
1e+06 2.97275e+10 297275 0.00248348
1e+06 2.98418e+10 298418 0.00236945
1e+06 2.99566e+10 299566 0.00226025
1e+06 3.00718e+10 300718 0.0021558
1e+06 3.01875e+10 301875 0.00205583
1e+06 3.03036e+10 303036 0.00196023
1e+06 3.04201e+10 304201 0.00186883
1e+06 3.05371e+10 305371 0.00178139
1e+06 3.06546e+10 306546 0.00169774
1e+06 3.07725e+10 307725 0.00161782
1e+06 3.08909e+10 308909 0.00154138
1e+06 3.10097e+10 310097 0.00146837
1e+06 3.11289e+10 311289 0.00139863
1e+06 3.12487e+10 312487 0.00133192
1e+06 3.13689e+10 313689 0.00126823
1e+06 3.14895e+10 314895 0.00120742
1e+06 3.16106e+10 316106 0.00114934
1e+06 3.17322e+10 317322 0.00109386
1e+06 3.18543e+10 318543 0.00104088
1e+06 3.19768e+10 319768 0.000990338
1e+06 3.20998e+10 320998 0.00094209
1e+06 3.22233e+10 322233 0.000896039
1e+06 3.23472e+10 323472 0.000852128
1e+06 3.24716e+10 324716 0.000810232
1e+06 3.25965e+10 325965 0.000770265
1e+06 3.27219e+10 327219 0.000732145
1e+06 3.28477e+10 328477 0.000695821
1e+06 3.29741e+10 329741 0.000661161
1e+06 3.31009e+10 331009 0.000628146
1e+06 3.32282e+10 332282 0.000596679
1e+06 3.3356e+10 333560 0.000566692
1e+06 3.34843e+10 334843 0.000538122
1e+06 3.36131e+10 336131 0.000510905
1e+06 3.37424e+10 337424 0.000484983
1e+06 3.38722e+10 338722 0.000460299
1e+06 3.40025e+10 340025 0.000436797
1e+06 3.41333e+10 341333 0.000414425
1e+06 3.42645e+10 342645 0.000393149
1e+06 3.43963e+10 343963 0.000372888
1e+06 3.45286e+10 345286 0.000353611
1e+06 3.46614e+10 346614 0.000335275
1e+06 3.47948e+10 347948 0.000317824
1e+06 3.49286e+10 349286 0.000301242
1e+06 3.50629e+10 350629 0.000285477
1e+06 3.51978e+10 351978 0.000270482
1e+06 3.53332e+10 353332 0.000256231
1e+06 3.54691e+10 354691 0.000242691
1e+06 3.56055e+10 356055 0.000229828
1e+06 3.57425e+10 357425 0.000217601
1e+06 3.58799e+10 358799 0.000205999
1e+06 3.60179e+10 360179 0.000194976
1e+06 3.61565e+10 361565 0.000184504
1e+06 3.62955e+10 362955 0.000174572
1e+06 3.64351e+10 364351 0.000165142
1e+06 3.65753e+10 365753 0.000156188
1e+06 3.6716e+10 367160 0.000147695
1e+06 3.68572e+10 368572 0.000139641
1e+06 3.69989e+10 369989 0.000132005
1e+06 3.71413e+10 371413 0.000124755
1e+06 3.72841e+10 372841 0.000117889
1e+06 3.74275e+10 374275 0.000111378
1e+06 3.75715e+10 375715 0.000105205
1e+06 3.7716e+10 377160 9.93573e-05
1e+06 3.78611e+10 378611 9.38158e-05
1e+06 3.80067e+10 380067 8.85687e-05
1e+06 3.81529e+10 381529 8.3598e-05
1e+06 3.82996e+10 382996 7.88934e-05
1e+06 3.84469e+10 384469 7.44383e-05
1e+06 3.85948e+10 385948 7.02206e-05
1e+06 3.87433e+10 387433 6.62283e-05
1e+06 3.88923e+10 388923 6.24527e-05
1e+06 3.90419e+10 390419 5.88804e-05
1e+06 3.9192e+10 391920 5.55033e-05
1e+06 3.93428e+10 393428 5.23073e-05
1e+06 3.94941e+10 394941 4.92873e-05
1e+06 3.9646e+10 396460 4.64322e-05
1e+06 3.97985e+10 397985 4.37336e-05
1e+06 3.99516e+10 399516 4.11836e-05
1e+06 4.01052e+10 401052 3.87759e-05
1e+06 4.02595e+10 402595 3.65002e-05
1e+06 4.04143e+10 404143 3.43524e-05
1e+06 4.05698e+10 405698 3.23233e-05
1e+06 4.07258e+10 407258 3.0409e-05
1e+06 4.08825e+10 408825 2.86013e-05
1e+06 4.10397e+10 410397 2.68966e-05
1e+06 4.11976e+10 411976 2.52875e-05
1e+06 4.1356e+10 413560 2.37708e-05
1e+06 4.15151e+10 415151 2.23397e-05
1e+06 4.16748e+10 416748 2.09905e-05
1e+06 4.18351e+10 418351 1.97189e-05
1e+06 4.1996e+10 419960 1.85205e-05
1e+06 4.21575e+10 421575 1.73916e-05
1e+06 4.23197e+10 423197 1.63275e-05
1e+06 4.24824e+10 424824 1.53261e-05
1e+06 4.26458e+10 426458 1.43826e-05
1e+06 4.28099e+10 428099 1.34941e-05
1e+06 4.29745e+10 429745 1.26583e-05
1e+06 4.31398e+10 431398 1.18716e-05
1e+06 4.33057e+10 433057 1.11315e-05
1e+06 4.34723e+10 434723 1.0435e-05
1e+06 4.36395e+10 436395 9.78022e-06
1e+06 4.38074e+10 438074 9.16432e-06
1e+06 4.39759e+10 439759 8.58549e-06
1e+06 4.4145e+10 441450 8.04163e-06
1e+06 4.43148e+10 443148 7.53044e-06
1e+06 4.44853e+10 444853 7.05007e-06
1e+06 4.46564e+10 446564 6.59904e-06
1e+06 4.48281e+10 448281 6.17564e-06
1e+06 4.50005e+10 450005 5.77805e-06
1e+06 4.51736e+10 451736 5.40478e-06
1e+06 4.53474e+10 453474 5.05443e-06
1e+06 4.55218e+10 455218 4.72586e-06
1e+06 4.56969e+10 456969 4.41761e-06
1e+06 4.58727e+10 458727 4.12849e-06
1e+06 4.60491e+10 460491 3.85754e-06
1e+06 4.62262e+10 462262 3.60352e-06
1e+06 4.6404e+10 464040 3.36545e-06
1e+06 4.65825e+10 465825 3.14236e-06
1e+06 4.67617e+10 467617 2.93338e-06
1e+06 4.69415e+10 469415 2.73776e-06
1e+06 4.71221e+10 471221 2.55449e-06
1e+06 4.73033e+10 473033 2.38303e-06
1e+06 4.74853e+10 474853 2.22247e-06
1e+06 4.76679e+10 476679 2.07233e-06
1e+06 4.78513e+10 478513 1.93181e-06
1e+06 4.80353e+10 480353 1.80047e-06
1e+06 4.82201e+10 482201 1.6776e-06
1e+06 4.84055e+10 484055 1.56282e-06
1e+06 4.85917e+10 485917 1.4555e-06
1e+06 4.87786e+10 487786 1.35524e-06
1e+06 4.89662e+10 489662 1.2616e-06
1e+06 4.91546e+10 491546 1.17411e-06
1e+06 4.93436e+10 493436 1.09248e-06
1e+06 4.95334e+10 495334 1.01626e-06
1e+06 4.97239e+10 497239 9.45136e-07
1e+06 4.99152e+10 499152 8.78759e-07
1e+06 5.01072e+10 501072 8.16858e-07
1e+06 5.02999e+10 502999 7.59146e-07
1e+06 5.04934e+10 504934 7.05326e-07
1e+06 5.06876e+10 506876 6.55175e-07
1e+06 5.08825e+10 508825 6.08453e-07
1e+06 5.10783e+10 510783 5.64895e-07
1e+06 5.12747e+10 512747 5.24358e-07
1e+06 5.14719e+10 514719 4.86605e-07
1e+06 5.16699e+10 516699 4.51454e-07
1e+06 5.18687e+10 518687 4.18735e-07
1e+06 5.20682e+10 520682 3.88302e-07
1e+06 5.22684e+10 522684 3.60003e-07
1e+06 5.24695e+10 524695 3.33671e-07
1e+06 5.26713e+10 526713 3.09198e-07
1e+06 5.28739e+10 528739 2.86449e-07
1e+06 5.30772e+10 530772 2.65319e-07
1e+06 5.32814e+10 532814 2.45678e-07
1e+06 5.34863e+10 534863 2.27444e-07
1e+06 5.3692e+10 536920 2.10513e-07
1e+06 5.38986e+10 538986 1.94789e-07
1e+06 5.41059e+10 541059 1.80204e-07
1e+06 5.4314e+10 543140 1.66672e-07
1e+06 5.45229e+10 545229 1.54121e-07
1e+06 5.47326e+10 547326 1.42484e-07
1e+06 5.49431e+10 549431 1.31696e-07
1e+06 5.51544e+10 551544 1.21699e-07
1e+06 5.53666e+10 553666 1.12432e-07
1e+06 5.55795e+10 555795 1.03854e-07
1e+06 5.57933e+10 557933 9.59073e-08
1e+06 5.60079e+10 560079 8.85514e-08
1e+06 5.62233e+10 562233 8.17443e-08
1e+06 5.64396e+10 564396 7.54441e-08
1e+06 5.66567e+10 566567 6.96173e-08
1e+06 5.68746e+10 568746 6.423e-08
1e+06 5.70934e+10 570934 5.92481e-08
1e+06 5.73129e+10 573129 5.46468e-08
1e+06 5.75334e+10 575334 5.03923e-08
1e+06 5.77547e+10 577547 4.64634e-08
1e+06 5.79768e+10 579768 4.28361e-08
1e+06 5.81998e+10 581998 3.94869e-08
1e+06 5.84237e+10 584237 3.63952e-08
1e+06 5.86484e+10 586484 3.35435e-08
1e+06 5.8874e+10 588740 3.09127e-08
1e+06 5.91004e+10 591004 2.84876e-08
1e+06 5.93277e+10 593277 2.62517e-08
1e+06 5.95559e+10 595559 2.4191e-08
1e+06 5.9785e+10 597850 2.22922e-08
1e+06 6.00149e+10 600149 2.0544e-08
1e+06 6.02458e+10 602458 1.89334e-08
1e+06 6.04775e+10 604775 1.74515e-08
1e+06 6.07101e+10 607101 1.60878e-08
1e+06 6.09436e+10 609436 1.48332e-08
1e+06 6.1178e+10 611780 1.36794e-08
1e+06 6.14133e+10 614133 1.26186e-08
1e+06 6.16496e+10 616496 1.16431e-08
1e+06 6.18867e+10 618867 1.07473e-08
1e+06 6.21247e+10 621247 9.92448e-09
1e+06 6.23637e+10 623637 9.16861e-09
1e+06 6.26035e+10 626035 8.47507e-09
1e+06 6.28443e+10 628443 7.83839e-09
1e+06 6.3086e+10 630860 7.25433e-09
1e+06 6.33287e+10 633287 6.71851e-09
1e+06 6.35723e+10 635723 6.2273e-09
1e+06 6.38168e+10 638168 5.77713e-09
1e+06 6.40623e+10 640623 5.36454e-09
1e+06 6.43087e+10 643087 4.98667e-09
1e+06 6.4556e+10 645560 4.64071e-09
1e+06 6.48043e+10 648043 4.32395e-09
1e+06 6.50536e+10 650536 4.03402e-09
1e+06 6.53038e+10 653038 3.76883e-09
1e+06 6.5555e+10 655550 3.52627e-09
1e+06 6.58071e+10 658071 3.30457e-09
1e+06 6.60602e+10 660602 3.10191e-09
1e+06 6.63143e+10 663143 2.91673e-09
1e+06 6.65694e+10 665694 2.74757e-09
1e+06 6.68254e+10 668254 2.59317e-09
1e+06 6.70824e+10 670824 2.45223e-09
1e+06 6.73405e+10 673405 2.32357e-09
1e+06 6.75995e+10 675995 2.20625e-09
1e+06 6.78595e+10 678595 2.09926e-09
1e+06 6.81205e+10 681205 2.00174e-09
1e+06 6.83825e+10 683825 1.91287e-09
1e+06 6.86455e+10 686455 1.83192e-09
1e+06 6.89096e+10 689096 1.75817e-09
1e+06 6.91746e+10 691746 1.69107e-09
1e+06 6.94407e+10 694407 1.62998e-09
1e+06 6.97078e+10 697078 1.57442e-09
1e+06 6.99759e+10 699759 1.52389e-09
1e+06 7.0245e+10 702450 1.47796e-09
1e+06 7.05152e+10 705152 1.43621e-09
1e+06 7.07864e+10 707864 1.39828e-09
1e+06 7.10587e+10 710587 1.36384e-09
1e+06 7.1332e+10 713320 1.33257e-09
1e+06 7.16064e+10 716064 1.30418e-09
1e+06 7.18818e+10 718818 1.27844e-09
1e+06 7.21583e+10 721583 1.25509e-09
1e+06 7.24358e+10 724358 1.23393e-09
1e+06 7.27144e+10 727144 1.21475e-09
1e+06 7.29941e+10 729941 1.19737e-09
1e+06 7.32749e+10 732749 1.18163e-09
1e+06 7.35567e+10 735567 1.16738e-09
1e+06 7.38396e+10 738396 1.15436e-09
1e+06 7.41236e+10 741236 1.14183e-09
1e+06 7.44087e+10 744087 1.12925e-09
1e+06 7.46949e+10 746949 1.11662e-09
1e+06 7.49822e+10 749822 1.10394e-09
1e+06 7.52706e+10 752706 1.09122e-09
1e+06 7.55601e+10 755601 1.07844e-09
1e+06 7.58508e+10 758508 1.06561e-09
1e+06 7.61425e+10 761425 1.05274e-09
1e+06 7.64354e+10 764354 1.03982e-09
1e+06 7.67294e+10 767294 1.02684e-09
1e+06 7.70245e+10 770245 1.01382e-09
1e+06 7.73208e+10 773208 1.00075e-09
1e+06 7.76182e+10 776182 9.87624e-10
1e+06 7.79167e+10 779167 9.74453e-10
1e+06 7.82164e+10 782164 9.61228e-10
1e+06 7.85172e+10 785172 9.47955e-10
1e+06 7.88192e+10 788192 9.34629e-10
1e+06 7.91224e+10 791224 9.2125e-10
1e+06 7.94267e+10 794267 9.07822e-10
1e+06 7.97322e+10 797322 8.94342e-10
1e+06 8.00389e+10 800389 8.80808e-10
1e+06 8.03468e+10 803468 8.67222e-10
1e+06 8.06558e+10 806558 8.53587e-10
1e+06 8.0966e+10 809660 8.39899e-10
1e+06 8.12774e+10 812774 8.26158e-10
1e+06 8.15901e+10 815901 8.1236e-10
1e+06 8.19039e+10 819039 7.98513e-10
1e+06 8.22189e+10 822189 7.84613e-10
1e+06 8.25351e+10 825351 7.7066e-10
1e+06 8.28526e+10 828526 7.5665e-10
1e+06 8.31713e+10 831713 7.42587e-10
1e+06 8.34912e+10 834912 7.28471e-10
1e+06 8.38123e+10 838123 7.14302e-10
1e+06 8.41347e+10 841347 7.00076e-10
1e+06 8.44583e+10 844583 6.85797e-10
1e+06 8.47831e+10 847831 6.71464e-10
1e+06 8.51092e+10 851092 6.57075e-10
1e+06 8.54366e+10 854366 6.42628e-10
1e+06 8.57652e+10 857652 6.28128e-10
1e+06 8.60951e+10 860951 6.13571e-10
1e+06 8.64262e+10 864262 5.98961e-10
1e+06 8.67586e+10 867586 5.84293e-10
1e+06 8.70923e+10 870923 5.69568e-10
1e+06 8.74273e+10 874273 5.54786e-10
1e+06 8.77636e+10 877636 5.39946e-10
1e+06 8.81012e+10 881012 5.25049e-10
1e+06 8.844e+10 884400 5.10099e-10
1e+06 8.87802e+10 887802 4.95087e-10
1e+06 8.91217e+10 891217 4.80018e-10
1e+06 8.94645e+10 894645 4.64892e-10
1e+06 8.98086e+10 898086 4.49708e-10
1e+06 9.0154e+10 901540 4.34467e-10
1e+06 9.05008e+10 905008 4.19164e-10
1e+06 9.08489e+10 908489 4.03804e-10
1e+06 9.11983e+10 911983 3.88386e-10
1e+06 9.15491e+10 915491 3.72906e-10
1e+06 9.19012e+10 919012 3.5737e-10
1e+06 9.22547e+10 922547 3.41771e-10
1e+06 9.26095e+10 926095 3.26115e-10
1e+06 9.29657e+10 929657 3.10397e-10
1e+06 9.33233e+10 933233 2.94618e-10
1e+06 9.36822e+10 936822 2.78781e-10
1e+06 9.40426e+10 940426 2.62878e-10
1e+06 9.44043e+10 944043 2.46917e-10
1e+06 9.47674e+10 947674 2.30895e-10
1e+06 9.51319e+10 951319 2.14811e-10
1e+06 9.54978e+10 954978 1.98665e-10
1e+06 9.58651e+10 958651 1.82458e-10
1e+06 9.62338e+10 962338 1.66188e-10
1e+06 9.6604e+10 966040 1.49853e-10
1e+06 9.69755e+10 969755 1.3346e-10
1e+06 9.73485e+10 973485 1.17001e-10
1e+06 9.7723e+10 977230 1.00475e-10
1e+06 9.80988e+10 980988 8.38928e-11
1e+06 9.84762e+10 984762 6.72396e-11
1e+06 9.88549e+10 988549 5.05289e-11
1e+06 9.92352e+10 992352 3.37477e-11
1e+06 9.96168e+10 996168 1.69092e-11
1e+06 1e+11 1e+06 0

1e+07 1e+06 10 5.54136e+09
1e+07 1.00385e+06 10.0385 5.5095e+09
1e+07 1.00771e+06 10.0771 5.47785e+09
1e+07 1.01158e+06 10.1158 5.44642e+09
1e+07 1.01547e+06 10.1547 5.41514e+09
1e+07 1.01938e+06 10.1938 5.38399e+09
1e+07 1.0233e+06 10.233 5.35306e+09
1e+07 1.02724e+06 10.2724 5.32228e+09
1e+07 1.03119e+06 10.3119 5.2917e+09
1e+07 1.03515e+06 10.3515 5.26135e+09
1e+07 1.03914e+06 10.3914 5.23105e+09
1e+07 1.04313e+06 10.4313 5.20105e+09
1e+07 1.04714e+06 10.4714 5.17118e+09
1e+07 1.05117e+06 10.5117 5.14145e+09
1e+07 1.05522e+06 10.5522 5.11186e+09
1e+07 1.05927e+06 10.5927 5.08255e+09
1e+07 1.06335e+06 10.6335 5.05331e+09
1e+07 1.06744e+06 10.6744 5.02427e+09
1e+07 1.07154e+06 10.7154 4.99544e+09
1e+07 1.07567e+06 10.7567 4.96668e+09
1e+07 1.0798e+06 10.798 4.93819e+09
1e+07 1.08396e+06 10.8396 4.90977e+09
1e+07 1.08813e+06 10.8813 4.88156e+09
1e+07 1.09231e+06 10.9231 4.85354e+09
1e+07 1.09651e+06 10.9651 4.82567e+09
1e+07 1.10073e+06 11.0073 4.79792e+09
1e+07 1.10496e+06 11.0496 4.77038e+09
1e+07 1.10921e+06 11.0921 4.74297e+09
1e+07 1.11348e+06 11.1348 4.71569e+09
1e+07 1.11776e+06 11.1776 4.68861e+09
1e+07 1.12206e+06 11.2206 4.66167e+09
1e+07 1.12638e+06 11.2638 4.63486e+09
1e+07 1.13071e+06 11.3071 4.60824e+09
1e+07 1.13506e+06 11.3506 4.58175e+09
1e+07 1.13942e+06 11.3942 4.55546e+09
1e+07 1.14381e+06 11.4381 4.52924e+09
1e+07 1.14821e+06 11.4821 4.50321e+09
1e+07 1.15262e+06 11.5262 4.47737e+09
1e+07 1.15706e+06 11.5706 4.45161e+09
1e+07 1.16151e+06 11.6151 4.42603e+09
1e+07 1.16597e+06 11.6597 4.40064e+09
1e+07 1.17046e+06 11.7046 4.37532e+09
1e+07 1.17496e+06 11.7496 4.35019e+09
1e+07 1.17948e+06 11.7948 4.32519e+09
1e+07 1.18402e+06 11.8402 4.30032e+09
1e+07 1.18857e+06 11.8857 4.27563e+09
1e+07 1.19314e+06 11.9314 4.25107e+09
1e+07 1.19773e+06 11.9773 4.22664e+09
1e+07 1.20234e+06 12.0234 4.20234e+09
1e+07 1.20696e+06 12.0696 4.17821e+09
1e+07 1.21161e+06 12.1161 4.15416e+09
1e+07 1.21627e+06 12.1627 4.13029e+09
1e+07 1.22094e+06 12.2094 4.1066e+09
1e+07 1.22564e+06 12.2564 4.08298e+09
1e+07 1.23035e+06 12.3035 4.05954e+09
1e+07 1.23509e+06 12.3509 4.03618e+09
1e+07 1.23984e+06 12.3984 4.01298e+09
1e+07 1.24461e+06 12.4461 3.98992e+09
1e+07 1.24939e+06 12.4939 3.96702e+09
1e+07 1.2542e+06 12.542 3.94421e+09
1e+07 1.25902e+06 12.5902 3.92156e+09
1e+07 1.26386e+06 12.6386 3.89904e+09
1e+07 1.26873e+06 12.6873 3.87659e+09
1e+07 1.27361e+06 12.7361 3.85431e+09
1e+07 1.2785e+06 12.785 3.8322e+09
1e+07 1.28342e+06 12.8342 3.81017e+09
1e+07 1.28836e+06 12.8836 3.78826e+09
1e+07 1.29331e+06 12.9331 3.76651e+09
1e+07 1.29829e+06 12.9829 3.74485e+09
1e+07 1.30328e+06 13.0328 3.72334e+09
1e+07 1.30829e+06 13.0829 3.70196e+09
1e+07 1.31333e+06 13.1333 3.68065e+09
1e+07 1.31838e+06 13.1838 3.6595e+09
1e+07 1.32345e+06 13.2345 3.63848e+09
1e+07 1.32854e+06 13.2854 3.61757e+09
1e+07 1.33365e+06 13.3365 3.59678e+09
1e+07 1.33878e+06 13.3878 3.57611e+09
1e+07 1.34393e+06 13.4393 3.55555e+09
1e+07 1.3491e+06 13.491 3.53512e+09
1e+07 1.35429e+06 13.5429 3.5148e+09
1e+07 1.3595e+06 13.595 3.4946e+09
1e+07 1.36472e+06 13.6472 3.47455e+09
1e+07 1.36997e+06 13.6997 3.45458e+09
1e+07 1.37524e+06 13.7524 3.43472e+09
1e+07 1.38053e+06 13.8053 3.41498e+09
1e+07 1.38584e+06 13.8584 3.39535e+09
1e+07 1.39117e+06 13.9117 3.37584e+09
1e+07 1.39652e+06 13.9652 3.35645e+09
1e+07 1.4019e+06 14.019 3.33713e+09
1e+07 1.40729e+06 14.0729 3.31795e+09
1e+07 1.4127e+06 14.127 3.2989e+09
1e+07 1.41813e+06 14.1813 3.27995e+09
1e+07 1.42359e+06 14.2359 3.26108e+09
1e+07 1.42906e+06 14.2906 3.24236e+09
1e+07 1.43456e+06 14.3456 3.22371e+09
1e+07 1.44008e+06 14.4008 3.20518e+09
1e+07 1.44562e+06 14.4562 3.18675e+09
1e+07 1.45118e+06 14.5118 3.16844e+09
1e+07 1.45676e+06 14.5676 3.15024e+09
1e+07 1.46236e+06 14.6236 3.13214e+09
1e+07 1.46799e+06 14.6799 3.11412e+09
1e+07 1.47363e+06 14.7363 3.09625e+09
1e+07 1.4793e+06 14.793 3.07844e+09
1e+07 1.48499e+06 14.8499 3.06075e+09
1e+07 1.4907e+06 14.907 3.04317e+09
1e+07 1.49644e+06 14.9644 3.02566e+09
1e+07 1.50219e+06 15.0219 3.00828e+09
1e+07 1.50797e+06 15.0797 2.99099e+09
1e+07 1.51377e+06 15.1377 2.9738e+09
1e+07 1.51959e+06 15.1959 2.95671e+09
1e+07 1.52544e+06 15.2544 2.93971e+09
1e+07 1.5313e+06 15.313 2.92283e+09
1e+07 1.53719e+06 15.3719 2.90603e+09
1e+07 1.54311e+06 15.4311 2.88931e+09
1e+07 1.54904e+06 15.4904 2.87272e+09
1e+07 1.555e+06 15.55 2.8562e+09
1e+07 1.56098e+06 15.6098 2.83979e+09
1e+07 1.56699e+06 15.6699 2.82345e+09
1e+07 1.57301e+06 15.7301 2.80724e+09
1e+07 1.57906e+06 15.7906 2.7911e+09
1e+07 1.58514e+06 15.8514 2.77505e+09
1e+07 1.59123e+06 15.9123 2.75911e+09
1e+07 1.59735e+06 15.9735 2.74326e+09
1e+07 1.6035e+06 16.035 2.72747e+09
1e+07 1.60967e+06 16.0967 2.71179e+09
1e+07 1.61586e+06 16.1586 2.69621e+09
1e+07 1.62207e+06 16.2207 2.68072e+09
1e+07 1.62831e+06 16.2831 2.66531e+09
1e+07 1.63457e+06 16.3457 2.65e+09
1e+07 1.64086e+06 16.4086 2.63476e+09
1e+07 1.64717e+06 16.4717 2.61962e+09
1e+07 1.65351e+06 16.5351 2.60455e+09
1e+07 1.65987e+06 16.5987 2.58958e+09
1e+07 1.66625e+06 16.6625 2.5747e+09
1e+07 1.67266e+06 16.7266 2.5599e+09
1e+07 1.67909e+06 16.7909 2.5452e+09
1e+07 1.68555e+06 16.8555 2.53056e+09
1e+07 1.69204e+06 16.9204 2.516e+09
1e+07 1.69854e+06 16.9854 2.50156e+09
1e+07 1.70508e+06 17.0508 2.48716e+09
1e+07 1.71163e+06 17.1163 2.47289e+09
1e+07 1.71822e+06 17.1822 2.45866e+09
1e+07 1.72483e+06 17.2483 2.44452e+09
1e+07 1.73146e+06 17.3146 2.43048e+09
1e+07 1.73812e+06 17.3812 2.41651e+09
1e+07 1.74481e+06 17.4481 2.40261e+09
1e+07 1.75152e+06 17.5152 2.3888e+09
1e+07 1.75825e+06 17.5825 2.37508e+09
1e+07 1.76502e+06 17.6502 2.36141e+09
1e+07 1.77181e+06 17.7181 2.34784e+09
1e+07 1.77862e+06 17.7862 2.33435e+09
1e+07 1.78546e+06 17.8546 2.32093e+09
1e+07 1.79233e+06 17.9233 2.30759e+09
1e+07 1.79922e+06 17.9922 2.29433e+09
1e+07 1.80614e+06 18.0614 2.28114e+09
1e+07 1.81309e+06 18.1309 2.26802e+09
1e+07 1.82006e+06 18.2006 2.25499e+09
1e+07 1.82706e+06 18.2706 2.24203e+09
1e+07 1.83409e+06 18.3409 2.22914e+09
1e+07 1.84115e+06 18.4115 2.21631e+09
1e+07 1.84823e+06 18.4823 2.20358e+09
1e+07 1.85534e+06 18.5534 2.19091e+09
1e+07 1.86247e+06 18.6247 2.17832e+09
1e+07 1.86964e+06 18.6964 2.16579e+09
1e+07 1.87683e+06 18.7683 2.15334e+09
1e+07 1.88405e+06 18.8405 2.14096e+09
1e+07 1.89129e+06 18.9129 2.12866e+09
1e+07 1.89857e+06 18.9857 2.11642e+09
1e+07 1.90587e+06 19.0587 2.10425e+09
1e+07 1.9132e+06 19.132 2.09216e+09
1e+07 1.92056e+06 19.2056 2.08013e+09
1e+07 1.92795e+06 19.2795 2.06816e+09
1e+07 1.93536e+06 19.3536 2.05628e+09
1e+07 1.94281e+06 19.4281 2.04445e+09
1e+07 1.95028e+06 19.5028 2.0327e+09
1e+07 1.95778e+06 19.5778 2.02102e+09
1e+07 1.96531e+06 19.6531 2.0094e+09
1e+07 1.97287e+06 19.7287 1.99785e+09
1e+07 1.98046e+06 19.8046 1.98636e+09
1e+07 1.98808e+06 19.8808 1.97494e+09
1e+07 1.99572e+06 19.9572 1.96359e+09
1e+07 2.0034e+06 20.034 1.9523e+09
1e+07 2.0111e+06 20.111 1.94108e+09
1e+07 2.01884e+06 20.1884 1.92991e+09
1e+07 2.0266e+06 20.266 1.91883e+09
1e+07 2.0344e+06 20.344 1.90779e+09
1e+07 2.04222e+06 20.4222 1.89683e+09
1e+07 2.05008e+06 20.5008 1.88591e+09
1e+07 2.05796e+06 20.5796 1.87508e+09
1e+07 2.06588e+06 20.6588 1.86429e+09
1e+07 2.07383e+06 20.7383 1.85357e+09
1e+07 2.0818e+06 20.818 1.84292e+09
1e+07 2.08981e+06 20.8981 1.83232e+09
1e+07 2.09785e+06 20.9785 1.82178e+09
1e+07 2.10592e+06 21.0592 1.81131e+09
1e+07 2.11402e+06 21.1402 1.80089e+09
1e+07 2.12215e+06 21.2215 1.79054e+09
1e+07 2.13031e+06 21.3031 1.78025e+09
1e+07 2.1385e+06 21.385 1.77002e+09
1e+07 2.14673e+06 21.4673 1.75983e+09
1e+07 2.15499e+06 21.5499 1.74971e+09
1e+07 2.16327e+06 21.6327 1.73966e+09
1e+07 2.1716e+06 21.716 1.72965e+09
1e+07 2.17995e+06 21.7995 1.71971e+09
1e+07 2.18833e+06 21.8833 1.70982e+09
1e+07 2.19675e+06 21.9675 1.69999e+09
1e+07 2.2052e+06 22.052 1.69021e+09
1e+07 2.21368e+06 22.1368 1.6805e+09
1e+07 2.2222e+06 22.222 1.67083e+09
1e+07 2.23074e+06 22.3074 1.66123e+09
1e+07 2.23932e+06 22.3932 1.65168e+09
1e+07 2.24794e+06 22.4794 1.64217e+09
1e+07 2.25658e+06 22.5658 1.63274e+09
1e+07 2.26526e+06 22.6526 1.62335e+09
1e+07 2.27397e+06 22.7397 1.61402e+09
1e+07 2.28272e+06 22.8272 1.60473e+09
1e+07 2.2915e+06 22.915 1.5955e+09
1e+07 2.30031e+06 23.0031 1.58633e+09
1e+07 2.30916e+06 23.0916 1.57721e+09
1e+07 2.31804e+06 23.1804 1.56814e+09
1e+07 2.32696e+06 23.2696 1.55912e+09
1e+07 2.33591e+06 23.3591 1.55016e+09
1e+07 2.34489e+06 23.4489 1.54125e+09
1e+07 2.35391e+06 23.5391 1.53238e+09
1e+07 2.36297e+06 23.6297 1.52356e+09
1e+07 2.37206e+06 23.7206 1.5148e+09
1e+07 2.38118e+06 23.8118 1.50609e+09
1e+07 2.39034e+06 23.9034 1.49743e+09
1e+07 2.39953e+06 23.9953 1.48883e+09
1e+07 2.40876e+06 24.0876 1.48026e+09
1e+07 2.41803e+06 24.1803 1.47175e+09
1e+07 2.42733e+06 24.2733 1.46328e+09
1e+07 2.43666e+06 24.3666 1.45487e+09
1e+07 2.44604e+06 24.4604 1.4465e+09
1e+07 2.45544e+06 24.5544 1.43819e+09
1e+07 2.46489e+06 24.6489 1.42991e+09
1e+07 2.47437e+06 24.7437 1.42169e+09
1e+07 2.48389e+06 24.8389 1.41351e+09
1e+07 2.49344e+06 24.9344 1.40539e+09
1e+07 2.50303e+06 25.0303 1.3973e+09
1e+07 2.51266e+06 25.1266 1.38927e+09
1e+07 2.52232e+06 25.2232 1.38128e+09
1e+07 2.53202e+06 25.3202 1.37334e+09
1e+07 2.54176e+06 25.4176 1.36544e+09
1e+07 2.55154e+06 25.5154 1.35758e+09
1e+07 2.56135e+06 25.6135 1.34978e+09
1e+07 2.57121e+06 25.7121 1.34201e+09
1e+07 2.58109e+06 25.8109 1.3343e+09
1e+07 2.59102e+06 25.9102 1.32662e+09
1e+07 2.60099e+06 26.0099 1.31899e+09
1e+07 2.61099e+06 26.1099 1.31141e+09
1e+07 2.62104e+06 26.2104 1.30386e+09
1e+07 2.63112e+06 26.3112 1.29636e+09
1e+07 2.64124e+06 26.4124 1.28891e+09
1e+07 2.6514e+06 26.514 1.28149e+09
1e+07 2.66159e+06 26.6159 1.27413e+09
1e+07 2.67183e+06 26.7183 1.2668e+09
1e+07 2.68211e+06 26.8211 1.25951e+09
1e+07 2.69242e+06 26.9242 1.25227e+09
1e+07 2.70278e+06 27.0278 1.24506e+09
1e+07 2.71318e+06 27.1318 1.2379e+09
1e+07 2.72361e+06 27.2361 1.23078e+09
1e+07 2.73409e+06 27.3409 1.2237e+09
1e+07 2.7446e+06 27.446 1.21667e+09
1e+07 2.75516e+06 27.5516 1.20967e+09
1e+07 2.76576e+06 27.6576 1.20271e+09
1e+07 2.77639e+06 27.7639 1.19579e+09
1e+07 2.78707e+06 27.8707 1.18892e+09
1e+07 2.79779e+06 27.9779 1.18208e+09
1e+07 2.80855e+06 28.0855 1.17528e+09
1e+07 2.81936e+06 28.1936 1.16851e+09
1e+07 2.8302e+06 28.302 1.1618e+09
1e+07 2.84109e+06 28.4109 1.15511e+09
1e+07 2.85201e+06 28.5201 1.14847e+09
1e+07 2.86298e+06 28.6298 1.14186e+09
1e+07 2.874e+06 28.74 1.13529e+09
1e+07 2.88505e+06 28.8505 1.12876e+09
1e+07 2.89615e+06 28.9615 1.12227e+09
1e+07 2.90729e+06 29.0729 1.11581e+09
1e+07 2.91847e+06 29.1847 1.10939e+09
1e+07 2.92969e+06 29.2969 1.10302e+09
1e+07 2.94096e+06 29.4096 1.09667e+09
1e+07 2.95227e+06 29.5227 1.09036e+09
1e+07 2.96363e+06 29.6363 1.08409e+09
1e+07 2.97503e+06 29.7503 1.07785e+09
1e+07 2.98647e+06 29.8647 1.07165e+09
1e+07 2.99796e+06 29.9796 1.06549e+09
1e+07 3.00949e+06 30.0949 1.05936e+09
1e+07 3.02106e+06 30.2106 1.05326e+09
1e+07 3.03268e+06 30.3268 1.04721e+09
1e+07 3.04435e+06 30.4435 1.04118e+09
1e+07 3.05606e+06 30.5606 1.03519e+09
1e+07 3.06781e+06 30.6781 1.02924e+09
1e+07 3.07961e+06 30.7961 1.02331e+09
1e+07 3.09146e+06 30.9146 1.01742e+09
1e+07 3.10335e+06 31.0335 1.01157e+09
1e+07 3.11529e+06 31.1529 1.00575e+09
1e+07 3.12727e+06 31.2727 9.99965e+08
1e+07 3.1393e+06 31.393 9.94211e+08
1e+07 3.15137e+06 31.5137 9.88494e+08
1e+07 3.16349e+06 31.6349 9.82807e+08
1e+07 3.17566e+06 31.7566 9.77152e+08
1e+07 3.18787e+06 31.8787 9.71532e+08
1e+07 3.20014e+06 32.0014 9.65939e+08
1e+07 3.21244e+06 32.1244 9.60385e+08
1e+07 3.2248e+06 32.248 9.54858e+08
1e+07 3.2372e+06 32.372 9.49365e+08
1e+07 3.24966e+06 32.4966 9.43899e+08
1e+07 3.26215e+06 32.6215 9.38473e+08
1e+07 3.2747e+06 32.747 9.33072e+08
1e+07 3.2873e+06 32.873 9.27701e+08
1e+07 3.29994e+06 32.9994 9.22365e+08
1e+07 3.31263e+06 33.1263 9.17059e+08
1e+07 3.32537e+06 33.2537 9.11783e+08
1e+07 3.33817e+06 33.3817 9.06533e+08
1e+07 3.351e+06 33.51 9.01321e+08
1e+07 3.36389e+06 33.6389 8.96134e+08
1e+07 3.37683e+06 33.7683 8.90977e+08
1e+07 3.38982e+06 33.8982 8.8585e+08
1e+07 3.40286e+06 34.0286 8.80752e+08
1e+07 3.41595e+06 34.1595 8.75683e+08
1e+07 3.42909e+06 34.2909 8.70644e+08
1e+07 3.44228e+06 34.4228 8.65634e+08
1e+07 3.45552e+06 34.5552 8.60653e+08
1e+07 3.46881e+06 34.6881 8.55701e+08
1e+07 3.48215e+06 34.8215 8.50778e+08
1e+07 3.49554e+06 34.9554 8.45883e+08
1e+07 3.50899e+06 35.0899 8.41014e+08
1e+07 3.52248e+06 35.2248 8.36176e+08
1e+07 3.53603e+06 35.3603 8.31364e+08
1e+07 3.54963e+06 35.4963 8.2658e+08
1e+07 3.56329e+06 35.6329 8.21821e+08
1e+07 3.57699e+06 35.7699 8.17094e+08
1e+07 3.59075e+06 35.9075 8.12391e+08
1e+07 3.60456e+06 36.0456 8.07716e+08
1e+07 3.61842e+06 36.1842 8.03069e+08
1e+07 3.63234e+06 36.3234 7.98447e+08
1e+07 3.64631e+06 36.4631 7.93852e+08
1e+07 3.66034e+06 36.6034 7.89282e+08
1e+07 3.67442e+06 36.7442 7.84739e+08
1e+07 3.68855e+06 36.8855 7.80224e+08
1e+07 3.70274e+06 37.0274 7.75733e+08
1e+07 3.71698e+06 37.1698 7.71269e+08
1e+07 3.73128e+06 37.3128 7.66829e+08
1e+07 3.74563e+06 37.4563 7.62416e+08
1e+07 3.76003e+06 37.6003 7.5803e+08
1e+07 3.7745e+06 37.745 7.53665e+08
1e+07 3.78901e+06 37.8901 7.4933e+08
1e+07 3.80359e+06 38.0359 7.45015e+08
1e+07 3.81822e+06 38.1822 7.40727e+08
1e+07 3.8329e+06 38.329 7.36465e+08
1e+07 3.84765e+06 38.4765 7.32224e+08
1e+07 3.86244e+06 38.6244 7.28013e+08
1e+07 3.8773e+06 38.773 7.23821e+08
1e+07 3.89221e+06 38.9221 7.19656e+08
1e+07 3.90718e+06 39.0718 7.15514e+08
1e+07 3.92221e+06 39.2221 7.11395e+08
1e+07 3.9373e+06 39.373 7.07299e+08
1e+07 3.95244e+06 39.5244 7.03229e+08
1e+07 3.96765e+06 39.6765 6.99179e+08
1e+07 3.98291e+06 39.8291 6.95155e+08
1e+07 3.99823e+06 39.9823 6.91153e+08
1e+07 4.0136e+06 40.136 6.87177e+08
1e+07 4.02904e+06 40.2904 6.83221e+08
1e+07 4.04454e+06 40.4454 6.79287e+08
1e+07 4.06009e+06 40.6009 6.75379e+08
1e+07 4.07571e+06 40.7571 6.7149e+08
1e+07 4.09139e+06 40.9139 6.67624e+08
1e+07 4.10712e+06 41.0712 6.63782e+08
1e+07 4.12292e+06 41.2292 6.5996e+08
1e+07 4.13878e+06 41.3878 6.56161e+08
1e+07 4.1547e+06 41.547 6.52383e+08
1e+07 4.17068e+06 41.7068 6.48628e+08
1e+07 4.18672e+06 41.8672 6.44894e+08
1e+07 4.20282e+06 42.0282 6.41182e+08
1e+07 4.21899e+06 42.1899 6.3749e+08
1e+07 4.23522e+06 42.3522 6.33819e+08
1e+07 4.25151e+06 42.5151 6.3017e+08
1e+07 4.26786e+06 42.6786 6.26543e+08
1e+07 4.28427e+06 42.8427 6.22937e+08
1e+07 4.30075e+06 43.0075 6.1935e+08
1e+07 4.3173e+06 43.173 6.15783e+08
1e+07 4.3339e+06 43.339 6.12239e+08
1e+07 4.35057e+06 43.5057 6.08714e+08
1e+07 4.3673e+06 43.673 6.0521e+08
1e+07 4.3841e+06 43.841 6.01725e+08
1e+07 4.40096e+06 44.0096 5.98261e+08
1e+07 4.41789e+06 44.1789 5.94816e+08
1e+07 4.43488e+06 44.3488 5.91392e+08
1e+07 4.45194e+06 44.5194 5.87986e+08
1e+07 4.46907e+06 44.6907 5.846e+08
1e+07 4.48626e+06 44.8626 5.81233e+08
1e+07 4.50351e+06 45.0351 5.77888e+08
1e+07 4.52083e+06 45.2083 5.74561e+08
1e+07 4.53822e+06 45.3822 5.71252e+08
1e+07 4.55568e+06 45.5568 5.67962e+08
1e+07 4.5732e+06 45.732 5.64692e+08
1e+07 4.59079e+06 45.9079 5.6144e+08
1e+07 4.60845e+06 46.0845 5.58207e+08
1e+07 4.62617e+06 46.2617 5.54993e+08
1e+07 4.64397e+06 46.4397 5.51796e+08
1e+07 4.66183e+06 46.6183 5.48619e+08
1e+07 4.67976e+06 46.7976 5.4546e+08
1e+07 4.69776e+06 46.9776 5.42319e+08
1e+07 4.71583e+06 47.1583 5.39196e+08
1e+07 4.73397e+06 47.3397 5.36091e+08
1e+07 4.75217e+06 47.5217 5.33005e+08
1e+07 4.77045e+06 47.7045 5.29935e+08
1e+07 4.7888e+06 47.888 5.26883e+08
1e+07 4.80722e+06 48.0722 5.23848e+08
1e+07 4.82571e+06 48.2571 5.20832e+08
1e+07 4.84427e+06 48.4427 5.17832e+08
1e+07 4.8629e+06 48.629 5.1485e+08
1e+07 4.88161e+06 48.8161 5.11884e+08
1e+07 4.90038e+06 49.0038 5.08937e+08
1e+07 4.91923e+06 49.1923 5.06006e+08
1e+07 4.93815e+06 49.3815 5.03092e+08
1e+07 4.95715e+06 49.5715 5.00193e+08
1e+07 4.97621e+06 49.7621 4.97313e+08
1e+07 4.99535e+06 49.9535 4.94449e+08
1e+07 5.01457e+06 50.1457 4.916e+08
1e+07 5.03385e+06 50.3385 4.8877e+08
1e+07 5.05322e+06 50.5322 4.85953e+08
1e+07 5.07265e+06 50.7265 4.83155e+08
1e+07 5.09216e+06 50.9216 4.80372e+08
1e+07 5.11175e+06 51.1175 4.77605e+08
1e+07 5.13141e+06 51.3141 4.74854e+08
1e+07 5.15115e+06 51.5115 4.72118e+08
1e+07 5.17096e+06 51.7096 4.69399e+08
1e+07 5.19085e+06 51.9085 4.66695e+08
1e+07 5.21081e+06 52.1081 4.64008e+08
1e+07 5.23086e+06 52.3086 4.61334e+08
1e+07 5.25098e+06 52.5098 4.58676e+08
1e+07 5.27117e+06 52.7117 4.56035e+08
1e+07 5.29145e+06 52.9145 4.53407e+08
1e+07 5.3118e+06 53.118 4.50796e+08
1e+07 5.33223e+06 53.3223 4.48199e+08
1e+07 5.35274e+06 53.5274 4.45617e+08
1e+07 5.37333e+06 53.7333 4.43049e+08
1e+07 5.394e+06 53.94 4.40497e+08
1e+07 5.41474e+06 54.1474 4.3796e+08
1e+07 5.43557e+06 54.3557 4.35436e+08
1e+07 5.45648e+06 54.5648 4.32927e+08
1e+07 5.47746e+06 54.7746 4.30434e+08
1e+07 5.49853e+06 54.9853 4.27954e+08
1e+07 5.51968e+06 55.1968 4.25488e+08
1e+07 5.54091e+06 55.4091 4.23037e+08
1e+07 5.56222e+06 55.6222 4.20599e+08
1e+07 5.58362e+06 55.8362 4.18175e+08
1e+07 5.60509e+06 56.0509 4.15767e+08
1e+07 5.62665e+06 56.2665 4.13371e+08
1e+07 5.64829e+06 56.4829 4.10989e+08
1e+07 5.67002e+06 56.7002 4.08621e+08
1e+07 5.69183e+06 56.9183 4.06266e+08
1e+07 5.71372e+06 57.1372 4.03926e+08
1e+07 5.7357e+06 57.357 4.01598e+08
1e+07 5.75776e+06 57.5776 3.99284e+08
1e+07 5.7799e+06 57.799 3.96984e+08
1e+07 5.80214e+06 58.0214 3.94695e+08
1e+07 5.82445e+06 58.2445 3.92421e+08
1e+07 5.84685e+06 58.4685 3.9016e+08
1e+07 5.86934e+06 58.6934 3.87912e+08
1e+07 5.89192e+06 58.9192 3.85676e+08
1e+07 5.91458e+06 59.1458 3.83454e+08
1e+07 5.93733e+06 59.3733 3.81244e+08
1e+07 5.96017e+06 59.6017 3.79046e+08
1e+07 5.98309e+06 59.8309 3.76862e+08
1e+07 6.0061e+06 60.061 3.74691e+08
1e+07 6.02921e+06 60.2921 3.72531e+08
1e+07 6.0524e+06 60.524 3.70384e+08
1e+07 6.07567e+06 60.7567 3.6825e+08
1e+07 6.09904e+06 60.9904 3.66127e+08
1e+07 6.1225e+06 61.225 3.64017e+08
1e+07 6.14605e+06 61.4605 3.61919e+08
1e+07 6.16969e+06 61.6969 3.59833e+08
1e+07 6.19342e+06 61.9342 3.57759e+08
1e+07 6.21724e+06 62.1724 3.55697e+08
1e+07 6.24116e+06 62.4116 3.53646e+08
1e+07 6.26516e+06 62.6516 3.51608e+08
1e+07 6.28926e+06 62.8926 3.49582e+08
1e+07 6.31345e+06 63.1345 3.47567e+08
1e+07 6.33773e+06 63.3773 3.45563e+08
1e+07 6.36211e+06 63.6211 3.43571e+08
1e+07 6.38658e+06 63.8658 3.41591e+08
1e+07 6.41115e+06 64.1115 3.39621e+08
1e+07 6.4358e+06 64.358 3.37664e+08
1e+07 6.46056e+06 64.6056 3.35717e+08
1e+07 6.48541e+06 64.8541 3.33782e+08
1e+07 6.51035e+06 65.1035 3.31858e+08
1e+07 6.53539e+06 65.3539 3.29945e+08
1e+07 6.56053e+06 65.6053 3.28043e+08
1e+07 6.58576e+06 65.8576 3.26152e+08
1e+07 6.6111e+06 66.111 3.24271e+08
1e+07 6.63652e+06 66.3652 3.22402e+08
1e+07 6.66205e+06 66.6205 3.20543e+08
1e+07 6.68767e+06 66.8767 3.18695e+08
1e+07 6.7134e+06 67.134 3.16857e+08
1e+07 6.73922e+06 67.3922 3.1503e+08
1e+07 6.76514e+06 67.6514 3.13214e+08
1e+07 6.79116e+06 67.9116 3.11408e+08
1e+07 6.81728e+06 68.1728 3.09613e+08
1e+07 6.8435e+06 68.435 3.07828e+08
1e+07 6.86982e+06 68.6982 3.06053e+08
1e+07 6.89625e+06 68.9625 3.04288e+08
1e+07 6.92277e+06 69.2277 3.02534e+08
1e+07 6.9494e+06 69.494 3.00789e+08
1e+07 6.97613e+06 69.7613 2.99054e+08
1e+07 7.00296e+06 70.0296 2.9733e+08
1e+07 7.0299e+06 70.299 2.95615e+08
1e+07 7.05694e+06 70.5694 2.9391e+08
1e+07 7.08408e+06 70.8408 2.92216e+08
1e+07 7.11133e+06 71.1133 2.9053e+08
1e+07 7.13868e+06 71.3868 2.88855e+08
1e+07 7.16614e+06 71.6614 2.87189e+08
1e+07 7.1937e+06 71.937 2.85533e+08
1e+07 7.22137e+06 72.2137 2.83886e+08
1e+07 7.24914e+06 72.4914 2.82249e+08
1e+07 7.27703e+06 72.7703 2.80621e+08
1e+07 7.30502e+06 73.0502 2.79003e+08
1e+07 7.33311e+06 73.3311 2.77394e+08
1e+07 7.36132e+06 73.6132 2.75794e+08
1e+07 7.38963e+06 73.8963 2.74203e+08
1e+07 7.41806e+06 74.1806 2.72621e+08
1e+07 7.44659e+06 74.4659 2.71049e+08
1e+07 7.47523e+06 74.7523 2.69485e+08
1e+07 7.50398e+06 75.0398 2.67931e+08
1e+07 7.53284e+06 75.3284 2.66386e+08
1e+07 7.56182e+06 75.6182 2.64849e+08
1e+07 7.5909e+06 75.909 2.63321e+08
1e+07 7.6201e+06 76.201 2.61802e+08
1e+07 7.64941e+06 76.4941 2.60292e+08
1e+07 7.67883e+06 76.7883 2.5879e+08
1e+07 7.70837e+06 77.0837 2.57297e+08
1e+07 7.73801e+06 77.3801 2.55813e+08
1e+07 7.76778e+06 77.6778 2.54337e+08
1e+07 7.79765e+06 77.9765 2.5287e+08
1e+07 7.82765e+06 78.2765 2.51411e+08
1e+07 7.85775e+06 78.5775 2.49961e+08
1e+07 7.88798e+06 78.8798 2.48518e+08
1e+07 7.91832e+06 79.1832 2.47085e+08
1e+07 7.94877e+06 79.4877 2.45659e+08
1e+07 7.97935e+06 79.7935 2.44242e+08
1e+07 8.01004e+06 80.1004 2.42832e+08
1e+07 8.04085e+06 80.4085 2.41431e+08
1e+07 8.07177e+06 80.7177 2.40039e+08
1e+07 8.10282e+06 81.0282 2.38653e+08
1e+07 8.13399e+06 81.3399 2.37276e+08
1e+07 8.16527e+06 81.6527 2.35907e+08
1e+07 8.19668e+06 81.9668 2.34546e+08
1e+07 8.2282e+06 82.282 2.33192e+08
1e+07 8.25985e+06 82.5985 2.31847e+08
1e+07 8.29162e+06 82.9162 2.30509e+08
1e+07 8.32352e+06 83.2352 2.29178e+08
1e+07 8.35553e+06 83.5553 2.27856e+08
1e+07 8.38767e+06 83.8767 2.26541e+08
1e+07 8.41993e+06 84.1993 2.25233e+08
1e+07 8.45231e+06 84.5231 2.23934e+08
1e+07 8.48482e+06 84.8482 2.22641e+08
1e+07 8.51746e+06 85.1746 2.21356e+08
1e+07 8.55022e+06 85.5022 2.20079e+08
1e+07 8.58311e+06 85.8311 2.18808e+08
1e+07 8.61612e+06 86.1612 2.17545e+08
1e+07 8.64926e+06 86.4926 2.1629e+08
1e+07 8.68253e+06 86.8253 2.15041e+08
1e+07 8.71592e+06 87.1592 2.138e+08
1e+07 8.74945e+06 87.4945 2.12566e+08
1e+07 8.7831e+06 87.831 2.11339e+08
1e+07 8.81688e+06 88.1688 2.10119e+08
1e+07 8.8508e+06 88.508 2.08906e+08
1e+07 8.88484e+06 88.8484 2.077e+08
1e+07 8.91901e+06 89.1901 2.06501e+08
1e+07 8.95332e+06 89.5332 2.05309e+08
1e+07 8.98775e+06 89.8775 2.04124e+08
1e+07 9.02232e+06 90.2232 2.02945e+08
1e+07 9.05703e+06 90.5703 2.01773e+08
1e+07 9.09186e+06 90.9186 2.00609e+08
1e+07 9.12683e+06 91.2683 1.9945e+08
1e+07 9.16194e+06 91.6194 1.98299e+08
1e+07 9.19718e+06 91.9718 1.97154e+08
1e+07 9.23255e+06 92.3255 1.96015e+08
1e+07 9.26806e+06 92.6806 1.94884e+08
1e+07 9.30371e+06 93.0371 1.93758e+08
1e+07 9.3395e+06 93.395 1.92639e+08
1e+07 9.37542e+06 93.7542 1.91527e+08
1e+07 9.41148e+06 94.1148 1.90421e+08
1e+07 9.44768e+06 94.4768 1.89321e+08
1e+07 9.48402e+06 94.8402 1.88228e+08
1e+07 9.5205e+06 95.205 1.87141e+08
1e+07 9.55711e+06 95.5711 1.86061e+08
1e+07 9.59387e+06 95.9387 1.84986e+08
1e+07 9.63077e+06 96.3077 1.83918e+08
1e+07 9.66782e+06 96.6782 1.82855e+08
1e+07 9.705e+06 97.05 1.81799e+08
1e+07 9.74233e+06 97.4233 1.80749e+08
1e+07 9.7798e+06 97.798 1.79705e+08
1e+07 9.81742e+06 98.1742 1.78667e+08
1e+07 9.85518e+06 98.5518 1.77635e+08
1e+07 9.89309e+06 98.9309 1.76609e+08
1e+07 9.93114e+06 99.3114 1.75589e+08
1e+07 9.96934e+06 99.6934 1.74575e+08
1e+07 1.00077e+07 100.077 1.73566e+08
1e+07 1.00462e+07 100.462 1.72563e+08
1e+07 1.00848e+07 100.848 1.71567e+08
1e+07 1.01236e+07 101.236 1.70576e+08
1e+07 1.01625e+07 101.625 1.69592e+08
1e+07 1.02016e+07 102.016 1.68611e+08
1e+07 1.02409e+07 102.409 1.67636e+08
1e+07 1.02803e+07 102.803 1.66667e+08
1e+07 1.03198e+07 103.198 1.65705e+08
1e+07 1.03595e+07 103.595 1.64748e+08
1e+07 1.03993e+07 103.993 1.63797e+08
1e+07 1.04393e+07 104.393 1.6285e+08
1e+07 1.04795e+07 104.795 1.61908e+08
1e+07 1.05198e+07 105.198 1.60973e+08
1e+07 1.05603e+07 105.603 1.60042e+08
1e+07 1.06009e+07 106.009 1.59118e+08
1e+07 1.06417e+07 106.417 1.58197e+08
1e+07 1.06826e+07 106.826 1.57284e+08
1e+07 1.07237e+07 107.237 1.56375e+08
1e+07 1.07649e+07 107.649 1.55472e+08
1e+07 1.08063e+07 108.063 1.54574e+08
1e+07 1.08479e+07 108.479 1.5368e+08
1e+07 1.08896e+07 108.896 1.52792e+08
1e+07 1.09315e+07 109.315 1.51909e+08
1e+07 1.09735e+07 109.735 1.51032e+08
1e+07 1.10157e+07 110.157 1.50159e+08
1e+07 1.10581e+07 110.581 1.4929e+08
1e+07 1.11007e+07 111.007 1.48426e+08
1e+07 1.11433e+07 111.433 1.4757e+08
1e+07 1.11862e+07 111.862 1.46716e+08
1e+07 1.12292e+07 112.292 1.45869e+08
1e+07 1.12724e+07 112.724 1.45025e+08
1e+07 1.13158e+07 113.158 1.44186e+08
1e+07 1.13593e+07 113.593 1.43353e+08
1e+07 1.1403e+07 114.03 1.42524e+08
1e+07 1.14469e+07 114.469 1.41699e+08
1e+07 1.14909e+07 114.909 1.40881e+08
1e+07 1.15351e+07 115.351 1.40066e+08
1e+07 1.15794e+07 115.794 1.39257e+08
1e+07 1.1624e+07 116.24 1.38451e+08
1e+07 1.16687e+07 116.687 1.37651e+08
1e+07 1.17136e+07 117.136 1.36855e+08
1e+07 1.17586e+07 117.586 1.36064e+08
1e+07 1.18039e+07 118.039 1.35276e+08
1e+07 1.18493e+07 118.493 1.34494e+08
1e+07 1.18948e+07 118.948 1.33717e+08
1e+07 1.19406e+07 119.406 1.32943e+08
1e+07 1.19865e+07 119.865 1.32175e+08
1e+07 1.20326e+07 120.326 1.31411e+08
1e+07 1.20789e+07 120.789 1.3065e+08
1e+07 1.21254e+07 121.254 1.29894e+08
1e+07 1.2172e+07 121.72 1.29143e+08
1e+07 1.22188e+07 122.188 1.28397e+08
1e+07 1.22658e+07 122.658 1.27654e+08
1e+07 1.2313e+07 123.13 1.26915e+08
1e+07 1.23603e+07 123.603 1.26182e+08
1e+07 1.24079e+07 124.079 1.25451e+08
1e+07 1.24556e+07 124.556 1.24726e+08
1e+07 1.25035e+07 125.035 1.24005e+08
1e+07 1.25516e+07 125.516 1.23287e+08
1e+07 1.25999e+07 125.999 1.22574e+08
1e+07 1.26484e+07 126.484 1.21864e+08
1e+07 1.2697e+07 126.97 1.2116e+08
1e+07 1.27458e+07 127.458 1.20459e+08
1e+07 1.27949e+07 127.949 1.19761e+08
1e+07 1.28441e+07 128.441 1.19069e+08
1e+07 1.28935e+07 128.935 1.1838e+08
1e+07 1.29431e+07 129.431 1.17695e+08
1e+07 1.29929e+07 129.929 1.17013e+08
1e+07 1.30428e+07 130.428 1.16337e+08
1e+07 1.3093e+07 130.93 1.15664e+08
1e+07 1.31434e+07 131.434 1.14994e+08
1e+07 1.31939e+07 131.939 1.14329e+08
1e+07 1.32447e+07 132.447 1.13667e+08
1e+07 1.32956e+07 132.956 1.13009e+08
1e+07 1.33467e+07 133.467 1.12356e+08
1e+07 1.33981e+07 133.981 1.11705e+08
1e+07 1.34496e+07 134.496 1.11059e+08
1e+07 1.35013e+07 135.013 1.10416e+08
1e+07 1.35533e+07 135.533 1.09776e+08
1e+07 1.36054e+07 136.054 1.09141e+08
1e+07 1.36577e+07 136.577 1.0851e+08
1e+07 1.37103e+07 137.103 1.07881e+08
1e+07 1.3763e+07 137.63 1.07257e+08
1e+07 1.38159e+07 138.159 1.06636e+08
1e+07 1.38691e+07 138.691 1.06018e+08
1e+07 1.39224e+07 139.224 1.05405e+08
1e+07 1.3976e+07 139.76 1.04794e+08
1e+07 1.40297e+07 140.297 1.04188e+08
1e+07 1.40837e+07 140.837 1.03584e+08
1e+07 1.41379e+07 141.379 1.02984e+08
1e+07 1.41922e+07 141.922 1.02389e+08
1e+07 1.42468e+07 142.468 1.01796e+08
1e+07 1.43016e+07 143.016 1.01206e+08
1e+07 1.43566e+07 143.566 1.0062e+08
1e+07 1.44118e+07 144.118 1.00038e+08
1e+07 1.44673e+07 144.673 9.94579e+07
1e+07 1.45229e+07 145.229 9.88824e+07
1e+07 1.45788e+07 145.788 9.83093e+07
1e+07 1.46349e+07 146.349 9.77397e+07
1e+07 1.46911e+07 146.911 9.71745e+07
1e+07 1.47477e+07 147.477 9.66107e+07
1e+07 1.48044e+07 148.044 9.60514e+07
1e+07 1.48613e+07 148.613 9.54954e+07
1e+07 1.49185e+07 149.185 9.49419e+07
1e+07 1.49759e+07 149.759 9.43917e+07
1e+07 1.50335e+07 150.335 9.38449e+07
1e+07 1.50913e+07 150.913 9.33015e+07
1e+07 1.51493e+07 151.493 9.27614e+07
1e+07 1.52076e+07 152.076 9.22237e+07
1e+07 1.52661e+07 152.661 9.16893e+07
1e+07 1.53248e+07 153.248 9.11583e+07
1e+07 1.53838e+07 153.838 9.06296e+07
1e+07 1.54429e+07 154.429 9.01051e+07
1e+07 1.55023e+07 155.023 8.9583e+07
1e+07 1.5562e+07 155.62 8.90632e+07
1e+07 1.56218e+07 156.218 8.85476e+07
1e+07 1.56819e+07 156.819 8.80344e+07
1e+07 1.57422e+07 157.422 8.75243e+07
1e+07 1.58028e+07 158.028 8.70167e+07
1e+07 1.58635e+07 158.635 8.6513e+07
1e+07 1.59246e+07 159.246 8.60109e+07
1e+07 1.59858e+07 159.858 8.55128e+07
1e+07 1.60473e+07 160.473 8.50171e+07
1e+07 1.6109e+07 161.09 8.45245e+07
1e+07 1.6171e+07 161.71 8.40342e+07
1e+07 1.62332e+07 162.332 8.3547e+07
1e+07 1.62956e+07 162.956 8.3063e+07
1e+07 1.63583e+07 163.583 8.25813e+07
1e+07 1.64212e+07 164.212 8.21027e+07
1e+07 1.64844e+07 164.844 8.16264e+07
1e+07 1.65478e+07 165.478 8.11532e+07
1e+07 1.66114e+07 166.114 8.0683e+07
1e+07 1.66753e+07 166.753 8.02151e+07
1e+07 1.67395e+07 167.395 7.97496e+07
1e+07 1.68038e+07 168.038 7.92878e+07
1e+07 1.68685e+07 168.685 7.88275e+07
1e+07 1.69334e+07 169.334 7.83702e+07
1e+07 1.69985e+07 169.985 7.7916e+07
1e+07 1.70639e+07 170.639 7.7464e+07
1e+07 1.71295e+07 171.295 7.70149e+07
1e+07 1.71954e+07 171.954 7.65682e+07
1e+07 1.72615e+07 172.615 7.61243e+07
1e+07 1.73279e+07 173.279 7.56827e+07
1e+07 1.73946e+07 173.946 7.52434e+07
1e+07 1.74615e+07 174.615 7.4807e+07
1e+07 1.75286e+07 175.286 7.43734e+07
1e+07 1.7596e+07 175.96 7.39421e+07
1e+07 1.76637e+07 176.637 7.3513e+07
1e+07 1.77317e+07 177.317 7.30861e+07
1e+07 1.77999e+07 177.999 7.26621e+07
1e+07 1.78683e+07 178.683 7.22409e+07
1e+07 1.79371e+07 179.371 7.18213e+07
1e+07 1.80061e+07 180.061 7.14045e+07
1e+07 1.80753e+07 180.753 7.09905e+07
1e+07 1.81448e+07 181.448 7.05787e+07
1e+07 1.82146e+07 182.146 7.01691e+07
1e+07 1.82847e+07 182.847 6.97616e+07
1e+07 1.8355e+07 183.55 6.93569e+07
1e+07 1.84256e+07 184.256 6.89544e+07
1e+07 1.84965e+07 184.965 6.8554e+07
1e+07 1.85676e+07 185.676 6.81564e+07
1e+07 1.8639e+07 186.39 6.77609e+07
1e+07 1.87107e+07 187.107 6.73675e+07
1e+07 1.87827e+07 187.827 6.69762e+07
1e+07 1.88549e+07 188.549 6.65877e+07
1e+07 1.89275e+07 189.275 6.62007e+07
1e+07 1.90003e+07 190.003 6.58164e+07
1e+07 1.90733e+07 190.733 6.54347e+07
1e+07 1.91467e+07 191.467 6.50546e+07
1e+07 1.92203e+07 192.203 6.46771e+07
1e+07 1.92943e+07 192.943 6.43011e+07
1e+07 1.93685e+07 193.685 6.39278e+07
1e+07 1.9443e+07 194.43 6.35566e+07
1e+07 1.95178e+07 195.178 6.31874e+07
1e+07 1.95928e+07 195.928 6.28208e+07
1e+07 1.96682e+07 196.682 6.24558e+07
1e+07 1.97438e+07 197.438 6.20933e+07
1e+07 1.98198e+07 198.198 6.17323e+07
1e+07 1.9896e+07 198.96 6.13739e+07
1e+07 1.99725e+07 199.725 6.10175e+07
1e+07 2.00494e+07 200.494 6.06627e+07
1e+07 2.01265e+07 201.265 6.03104e+07
1e+07 2.02039e+07 202.039 5.99601e+07
1e+07 2.02816e+07 202.816 5.96118e+07
1e+07 2.03596e+07 203.596 5.92655e+07
1e+07 2.04379e+07 204.379 5.89212e+07
1e+07 2.05165e+07 205.165 5.85789e+07
1e+07 2.05954e+07 205.954 5.82386e+07
1e+07 2.06747e+07 206.747 5.78998e+07
1e+07 2.07542e+07 207.542 5.75634e+07
1e+07 2.0834e+07 208.34 5.7229e+07
1e+07 2.09141e+07 209.141 5.68966e+07
1e+07 2.09946e+07 209.946 5.65657e+07
1e+07 2.10753e+07 210.753 5.62371e+07
1e+07 2.11564e+07 211.564 5.59101e+07
1e+07 2.12378e+07 212.378 5.5585e+07
1e+07 2.13195e+07 213.195 5.52618e+07
1e+07 2.14015e+07 214.015 5.49406e+07
1e+07 2.14838e+07 214.838 5.46213e+07
1e+07 2.15664e+07 215.664 5.43038e+07
1e+07 2.16494e+07 216.494 5.39879e+07
1e+07 2.17326e+07 217.326 5.36743e+07
1e+07 2.18162e+07 218.162 5.33622e+07
1e+07 2.19001e+07 219.001 5.30519e+07
1e+07 2.19844e+07 219.844 5.27432e+07
1e+07 2.20689e+07 220.689 5.24367e+07
1e+07 2.21538e+07 221.538 5.21317e+07
1e+07 2.2239e+07 222.39 5.18286e+07
1e+07 2.23246e+07 223.246 5.15269e+07
1e+07 2.24104e+07 224.104 5.12274e+07
1e+07 2.24966e+07 224.966 5.09295e+07
1e+07 2.25832e+07 225.832 5.0633e+07
1e+07 2.267e+07 226.7 5.03387e+07
1e+07 2.27572e+07 227.572 5.00458e+07
1e+07 2.28447e+07 228.447 4.97548e+07
1e+07 2.29326e+07 229.326 4.94652e+07
1e+07 2.30208e+07 230.208 4.91774e+07
1e+07 2.31094e+07 231.094 4.88911e+07
1e+07 2.31982e+07 231.982 4.86069e+07
1e+07 2.32875e+07 232.875 4.83238e+07
1e+07 2.3377e+07 233.77 4.80428e+07
1e+07 2.3467e+07 234.67 4.7763e+07
1e+07 2.35572e+07 235.572 4.74852e+07
1e+07 2.36478e+07 236.478 4.72088e+07
1e+07 2.37388e+07 237.388 4.69339e+07
1e+07 2.38301e+07 238.301 4.66608e+07
1e+07 2.39217e+07 239.217 4.63893e+07
1e+07 2.40138e+07 240.138 4.6119e+07
1e+07 2.41061e+07 241.061 4.58507e+07
1e+07 2.41988e+07 241.988 4.55838e+07
1e+07 2.42919e+07 242.919 4.53184e+07
1e+07 2.43854e+07 243.854 4.50543e+07
1e+07 2.44791e+07 244.791 4.47922e+07
1e+07 2.45733e+07 245.733 4.45313e+07
1e+07 2.46678e+07 246.678 4.4272e+07
1e+07 2.47627e+07 247.627 4.40141e+07
1e+07 2.48579e+07 248.579 4.37579e+07
1e+07 2.49536e+07 249.536 4.35028e+07
1e+07 2.50495e+07 250.495 4.32497e+07
1e+07 2.51459e+07 251.459 4.29976e+07
1e+07 2.52426e+07 252.426 4.27472e+07
1e+07 2.53397e+07 253.397 4.24982e+07
1e+07 2.54372e+07 254.372 4.22505e+07
1e+07 2.5535e+07 255.35 4.20044e+07
1e+07 2.56332e+07 256.332 4.17597e+07
1e+07 2.57318e+07 257.318 4.15164e+07
1e+07 2.58308e+07 258.308 4.12744e+07
1e+07 2.59301e+07 259.301 4.1034e+07
1e+07 2.60299e+07 260.299 4.07948e+07
1e+07 2.613e+07 261.3 4.05571e+07
1e+07 2.62305e+07 262.305 4.03207e+07
1e+07 2.63314e+07 263.314 4.00857e+07
1e+07 2.64327e+07 264.327 3.9852e+07
1e+07 2.65343e+07 265.343 3.96198e+07
1e+07 2.66364e+07 266.364 3.93888e+07
1e+07 2.67388e+07 267.388 3.91593e+07
1e+07 2.68417e+07 268.417 3.89309e+07
1e+07 2.69449e+07 269.449 3.8704e+07
1e+07 2.70486e+07 270.486 3.84782e+07
1e+07 2.71526e+07 271.526 3.82539e+07
1e+07 2.7257e+07 272.57 3.80309e+07
1e+07 2.73619e+07 273.619 3.7809e+07
1e+07 2.74671e+07 274.671 3.75886e+07
1e+07 2.75728e+07 275.728 3.73692e+07
1e+07 2.76788e+07 276.788 3.71514e+07
1e+07 2.77853e+07 277.853 3.69346e+07
1e+07 2.78921e+07 278.921 3.67193e+07
1e+07 2.79994e+07 279.994 3.65051e+07
1e+07 2.81071e+07 281.071 3.62921e+07
1e+07 2.82152e+07 282.152 3.60804e+07
1e+07 2.83237e+07 283.237 3.58699e+07
1e+07 2.84327e+07 284.327 3.56605e+07
1e+07 2.8542e+07 285.42 3.54525e+07
1e+07 2.86518e+07 286.518 3.52456e+07
1e+07 2.8762e+07 287.62 3.50399e+07
1e+07 2.88727e+07 288.727 3.48353e+07
1e+07 2.89837e+07 289.837 3.46321e+07
1e+07 2.90952e+07 290.952 3.44299e+07
1e+07 2.92071e+07 292.071 3.42289e+07
1e+07 2.93194e+07 293.194 3.40292e+07
1e+07 2.94322e+07 294.322 3.38305e+07
1e+07 2.95454e+07 295.454 3.3633e+07
1e+07 2.96591e+07 296.591 3.34365e+07
1e+07 2.97731e+07 297.731 3.32414e+07
1e+07 2.98877e+07 298.877 3.30472e+07
1e+07 3.00026e+07 300.026 3.28543e+07
1e+07 3.0118e+07 301.18 3.26624e+07
1e+07 3.02339e+07 302.339 3.24716e+07
1e+07 3.03501e+07 303.501 3.2282e+07
1e+07 3.04669e+07 304.669 3.20934e+07
1e+07 3.05841e+07 305.841 3.19059e+07
1e+07 3.07017e+07 307.017 3.17196e+07
1e+07 3.08198e+07 308.198 3.15342e+07
1e+07 3.09383e+07 309.383 3.13501e+07
1e+07 3.10573e+07 310.573 3.11669e+07
1e+07 3.11768e+07 311.768 3.09847e+07
1e+07 3.12967e+07 312.967 3.08037e+07
1e+07 3.14171e+07 314.171 3.06236e+07
1e+07 3.15379e+07 315.379 3.04447e+07
1e+07 3.16592e+07 316.592 3.02668e+07
1e+07 3.1781e+07 317.81 3.00898e+07
1e+07 3.19032e+07 319.032 2.9914e+07
1e+07 3.20259e+07 320.259 2.97391e+07
1e+07 3.21491e+07 321.491 2.95652e+07
1e+07 3.22728e+07 322.728 2.93923e+07
1e+07 3.23969e+07 323.969 2.92205e+07
1e+07 3.25215e+07 325.215 2.90497e+07
1e+07 3.26466e+07 326.466 2.88798e+07
1e+07 3.27722e+07 327.722 2.87109e+07
1e+07 3.28982e+07 328.982 2.8543e+07
1e+07 3.30248e+07 330.248 2.8376e+07
1e+07 3.31518e+07 331.518 2.821e+07
1e+07 3.32793e+07 332.793 2.8045e+07
1e+07 3.34073e+07 334.073 2.7881e+07
1e+07 3.35358e+07 335.358 2.77179e+07
1e+07 3.36648e+07 336.648 2.75557e+07
1e+07 3.37943e+07 337.943 2.73944e+07
1e+07 3.39242e+07 339.242 2.72342e+07
1e+07 3.40547e+07 340.547 2.70748e+07
1e+07 3.41857e+07 341.857 2.69164e+07
1e+07 3.43172e+07 343.172 2.67588e+07
1e+07 3.44492e+07 344.492 2.66022e+07
1e+07 3.45817e+07 345.817 2.64465e+07
1e+07 3.47147e+07 347.147 2.62917e+07
1e+07 3.48482e+07 348.482 2.61378e+07
1e+07 3.49823e+07 349.823 2.59847e+07
1e+07 3.51168e+07 351.168 2.58326e+07
1e+07 3.52519e+07 352.519 2.56813e+07
1e+07 3.53875e+07 353.875 2.55309e+07
1e+07 3.55236e+07 355.236 2.53814e+07
1e+07 3.56602e+07 356.602 2.52328e+07
1e+07 3.57974e+07 357.974 2.5085e+07
1e+07 3.59351e+07 359.351 2.4938e+07
1e+07 3.60733e+07 360.733 2.4792e+07
1e+07 3.6212e+07 362.12 2.46468e+07
1e+07 3.63513e+07 363.513 2.45024e+07
1e+07 3.64911e+07 364.911 2.43588e+07
1e+07 3.66315e+07 366.315 2.4216e+07
1e+07 3.67724e+07 367.724 2.40741e+07
1e+07 3.69138e+07 369.138 2.39331e+07
1e+07 3.70558e+07 370.558 2.37928e+07
1e+07 3.71983e+07 371.983 2.36534e+07
1e+07 3.73414e+07 373.414 2.35147e+07
1e+07 3.7485e+07 374.85 2.33769e+07
1e+07 3.76292e+07 376.292 2.32398e+07
1e+07 3.77739e+07 377.739 2.31036e+07
1e+07 3.79192e+07 379.192 2.29681e+07
1e+07 3.80651e+07 380.651 2.28334e+07
1e+07 3.82115e+07 382.115 2.26995e+07
1e+07 3.83585e+07 383.585 2.25664e+07
1e+07 3.8506e+07 385.06 2.2434e+07
1e+07 3.86541e+07 386.541 2.23025e+07
1e+07 3.88028e+07 388.028 2.21716e+07
1e+07 3.8952e+07 389.52 2.20416e+07
1e+07 3.91019e+07 391.019 2.19122e+07
1e+07 3.92523e+07 392.523 2.17836e+07
1e+07 3.94032e+07 394.032 2.16559e+07
1e+07 3.95548e+07 395.548 2.15288e+07
1e+07 3.97069e+07 397.069 2.14024e+07
1e+07 3.98597e+07 398.597 2.12768e+07
1e+07 4.0013e+07 400.13 2.11519e+07
1e+07 4.01669e+07 401.669 2.10277e+07
1e+07 4.03214e+07 403.214 2.09043e+07
1e+07 4.04764e+07 404.764 2.07816e+07
1e+07 4.06321e+07 406.321 2.06596e+07
1e+07 4.07884e+07 407.884 2.05383e+07
1e+07 4.09453e+07 409.453 2.04177e+07
1e+07 4.11028e+07 411.028 2.02977e+07
1e+07 4.12609e+07 412.609 2.01785e+07
1e+07 4.14196e+07 414.196 2.006e+07
1e+07 4.15789e+07 415.789 1.99422e+07
1e+07 4.17388e+07 417.388 1.9825e+07
1e+07 4.18994e+07 418.994 1.97085e+07
1e+07 4.20605e+07 420.605 1.95928e+07
1e+07 4.22223e+07 422.223 1.94776e+07
1e+07 4.23847e+07 423.847 1.93632e+07
1e+07 4.25477e+07 425.477 1.92494e+07
1e+07 4.27114e+07 427.114 1.91362e+07
1e+07 4.28757e+07 428.757 1.90237e+07
1e+07 4.30406e+07 430.406 1.89119e+07
1e+07 4.32061e+07 432.061 1.88007e+07
1e+07 4.33723e+07 433.723 1.86902e+07
1e+07 4.35391e+07 435.391 1.85803e+07
1e+07 4.37066e+07 437.066 1.8471e+07
1e+07 4.38747e+07 438.747 1.83624e+07
1e+07 4.40434e+07 440.434 1.82545e+07
1e+07 4.42129e+07 442.129 1.8147e+07
1e+07 4.43829e+07 443.829 1.80403e+07
1e+07 4.45536e+07 445.536 1.79342e+07
1e+07 4.4725e+07 447.25 1.78287e+07
1e+07 4.4897e+07 448.97 1.77238e+07
1e+07 4.50697e+07 450.697 1.76195e+07
1e+07 4.5243e+07 452.43 1.75158e+07
1e+07 4.54171e+07 454.171 1.74127e+07
1e+07 4.55918e+07 455.918 1.73102e+07
1e+07 4.57671e+07 457.671 1.72083e+07
1e+07 4.59431e+07 459.431 1.7107e+07
1e+07 4.61199e+07 461.199 1.70063e+07
1e+07 4.62972e+07 462.972 1.69062e+07
1e+07 4.64753e+07 464.753 1.68066e+07
1e+07 4.66541e+07 466.541 1.67076e+07
1e+07 4.68335e+07 468.335 1.66092e+07
1e+07 4.70137e+07 470.137 1.65114e+07
1e+07 4.71945e+07 471.945 1.64141e+07
1e+07 4.7376e+07 473.76 1.63175e+07
1e+07 4.75582e+07 475.582 1.62213e+07
1e+07 4.77412e+07 477.412 1.61257e+07
1e+07 4.79248e+07 479.248 1.60307e+07
1e+07 4.81091e+07 481.091 1.59363e+07
1e+07 4.82942e+07 482.942 1.58423e+07
1e+07 4.84799e+07 484.799 1.57489e+07
1e+07 4.86664e+07 486.664 1.56561e+07
1e+07 4.88536e+07 488.536 1.55638e+07
1e+07 4.90415e+07 490.415 1.5472e+07
1e+07 4.92301e+07 492.301 1.53808e+07
1e+07 4.94195e+07 494.195 1.52901e+07
1e+07 4.96095e+07 496.095 1.52e+07
1e+07 4.98004e+07 498.004 1.51103e+07
1e+07 4.99919e+07 499.919 1.50212e+07
1e+07 5.01842e+07 501.842 1.49325e+07
1e+07 5.03772e+07 503.772 1.48445e+07
1e+07 5.0571e+07 505.71 1.47569e+07
1e+07 5.07655e+07 507.655 1.46698e+07
1e+07 5.09607e+07 509.607 1.45832e+07
1e+07 5.11568e+07 511.568 1.44971e+07
1e+07 5.13535e+07 513.535 1.44116e+07
1e+07 5.1551e+07 515.51 1.43265e+07
1e+07 5.17493e+07 517.493 1.42419e+07
1e+07 5.19484e+07 519.484 1.41578e+07
1e+07 5.21482e+07 521.482 1.40742e+07
1e+07 5.23487e+07 523.487 1.39911e+07
1e+07 5.25501e+07 525.501 1.39085e+07
1e+07 5.27522e+07 527.522 1.38264e+07
1e+07 5.29551e+07 529.551 1.37447e+07
1e+07 5.31588e+07 531.588 1.36635e+07
1e+07 5.33633e+07 533.633 1.35827e+07
1e+07 5.35685e+07 535.685 1.35025e+07
1e+07 5.37746e+07 537.746 1.34227e+07
1e+07 5.39814e+07 539.814 1.33434e+07
1e+07 5.4189e+07 541.89 1.32645e+07
1e+07 5.43974e+07 543.974 1.31861e+07
1e+07 5.46067e+07 546.067 1.31081e+07
1e+07 5.48167e+07 548.167 1.30306e+07
1e+07 5.50276e+07 550.276 1.29536e+07
1e+07 5.52392e+07 552.392 1.2877e+07
1e+07 5.54517e+07 554.517 1.28008e+07
1e+07 5.5665e+07 556.65 1.27251e+07
1e+07 5.58791e+07 558.791 1.26498e+07
1e+07 5.6094e+07 560.94 1.2575e+07
1e+07 5.63097e+07 563.097 1.25006e+07
1e+07 5.65263e+07 565.263 1.24266e+07
1e+07 5.67437e+07 567.437 1.23531e+07
1e+07 5.6962e+07 569.62 1.228e+07
1e+07 5.71811e+07 571.811 1.22073e+07
1e+07 5.7401e+07 574.01 1.2135e+07
1e+07 5.76218e+07 576.218 1.20632e+07
1e+07 5.78434e+07 578.434 1.19918e+07
1e+07 5.80659e+07 580.659 1.19208e+07
1e+07 5.82893e+07 582.893 1.18501e+07
1e+07 5.85135e+07 585.135 1.178e+07
1e+07 5.87385e+07 587.385 1.17102e+07
1e+07 5.89644e+07 589.644 1.16408e+07
1e+07 5.91912e+07 591.912 1.15719e+07
1e+07 5.94189e+07 594.189 1.15033e+07
1e+07 5.96474e+07 596.474 1.14351e+07
1e+07 5.98769e+07 598.769 1.13673e+07
1e+07 6.01072e+07 601.072 1.13e+07
1e+07 6.03384e+07 603.384 1.1233e+07
1e+07 6.05704e+07 605.704 1.11664e+07
1e+07 6.08034e+07 608.034 1.11002e+07
1e+07 6.10373e+07 610.373 1.10343e+07
1e+07 6.12721e+07 612.721 1.09689e+07
1e+07 6.15077e+07 615.077 1.09039e+07
1e+07 6.17443e+07 617.443 1.08392e+07
1e+07 6.19818e+07 619.818 1.07749e+07
1e+07 6.22202e+07 622.202 1.07109e+07
1e+07 6.24595e+07 624.595 1.06474e+07
1e+07 6.26997e+07 626.997 1.05842e+07
1e+07 6.29409e+07 629.409 1.05214e+07
1e+07 6.3183e+07 631.83 1.04589e+07
1e+07 6.3426e+07 634.26 1.03968e+07
1e+07 6.367e+07 636.7 1.03351e+07
1e+07 6.39149e+07 639.149 1.02737e+07
1e+07 6.41607e+07 641.607 1.02127e+07
1e+07 6.44075e+07 644.075 1.0152e+07
1e+07 6.46552e+07 646.552 1.00917e+07
1e+07 6.49039e+07 649.039 1.00318e+07
1e+07 6.51535e+07 651.535 9.9722e+06
1e+07 6.54041e+07 654.041 9.91294e+06
1e+07 6.56557e+07 656.557 9.85402e+06
1e+07 6.59082e+07 659.082 9.79546e+06
1e+07 6.61617e+07 661.617 9.73723e+06
1e+07 6.64162e+07 664.162 9.67934e+06
1e+07 6.66717e+07 666.717 9.62178e+06
1e+07 6.69281e+07 669.281 9.56458e+06
1e+07 6.71855e+07 671.855 9.5077e+06
1e+07 6.74439e+07 674.439 9.45115e+06
1e+07 6.77034e+07 677.034 9.39491e+06
1e+07 6.79638e+07 679.638 9.33902e+06
1e+07 6.82252e+07 682.252 9.28346e+06
1e+07 6.84876e+07 684.876 9.22822e+06
1e+07 6.8751e+07 687.51 9.1733e+06
1e+07 6.90154e+07 690.154 9.11871e+06
1e+07 6.92809e+07 692.809 9.06441e+06
1e+07 6.95474e+07 695.474 9.01044e+06
1e+07 6.98149e+07 698.149 8.95679e+06
1e+07 7.00834e+07 700.834 8.90346e+06
1e+07 7.0353e+07 703.53 8.85042e+06
1e+07 7.06236e+07 706.236 8.7977e+06
1e+07 7.08952e+07 708.952 8.7453e+06
1e+07 7.11679e+07 711.679 8.69319e+06
1e+07 7.14416e+07 714.416 8.64139e+06
1e+07 7.17164e+07 717.164 8.58989e+06
1e+07 7.19923e+07 719.923 8.53868e+06
1e+07 7.22692e+07 722.692 8.48778e+06
1e+07 7.25471e+07 725.471 8.43719e+06
1e+07 7.28262e+07 728.262 8.38687e+06
1e+07 7.31063e+07 731.063 8.33686e+06
1e+07 7.33875e+07 733.875 8.28713e+06
1e+07 7.36697e+07 736.697 8.23771e+06
1e+07 7.39531e+07 739.531 8.18856e+06
1e+07 7.42375e+07 742.375 8.13971e+06
1e+07 7.45231e+07 745.231 8.09113e+06
1e+07 7.48097e+07 748.097 8.04285e+06
1e+07 7.50975e+07 750.975 7.99483e+06
1e+07 7.53863e+07 753.863 7.94711e+06
1e+07 7.56763e+07 756.763 7.89965e+06
1e+07 7.59673e+07 759.673 7.8525e+06
1e+07 7.62595e+07 762.595 7.8056e+06
1e+07 7.65528e+07 765.528 7.75898e+06
1e+07 7.68473e+07 768.473 7.71262e+06
1e+07 7.71429e+07 771.429 7.66654e+06
1e+07 7.74396e+07 774.396 7.62073e+06
1e+07 7.77374e+07 777.374 7.5752e+06
1e+07 7.80364e+07 780.364 7.52992e+06
1e+07 7.83366e+07 783.366 7.4849e+06
1e+07 7.86379e+07 786.379 7.44015e+06
1e+07 7.89404e+07 789.404 7.39566e+06
1e+07 7.9244e+07 792.44 7.35144e+06
1e+07 7.95488e+07 795.488 7.30747e+06
1e+07 7.98548e+07 798.548 7.26375e+06
1e+07 8.01619e+07 801.619 7.2203e+06
1e+07 8.04702e+07 804.702 7.1771e+06
1e+07 8.07797e+07 807.797 7.13415e+06
1e+07 8.10904e+07 810.904 7.09145e+06
1e+07 8.14023e+07 814.023 7.049e+06
1e+07 8.17154e+07 817.154 7.0068e+06
1e+07 8.20297e+07 820.297 6.96484e+06
1e+07 8.23452e+07 823.452 6.92314e+06
1e+07 8.2662e+07 826.62 6.88166e+06
1e+07 8.29799e+07 829.799 6.84044e+06
1e+07 8.32991e+07 832.991 6.79946e+06
1e+07 8.36195e+07 836.195 6.75871e+06
1e+07 8.39411e+07 839.411 6.71821e+06
1e+07 8.4264e+07 842.64 6.67794e+06
1e+07 8.45881e+07 845.881 6.63791e+06
1e+07 8.49134e+07 849.134 6.59812e+06
1e+07 8.524e+07 852.4 6.55855e+06
1e+07 8.55679e+07 855.679 6.51921e+06
1e+07 8.5897e+07 858.97 6.48011e+06
1e+07 8.62274e+07 862.274 6.44123e+06
1e+07 8.6559e+07 865.59 6.40259e+06
1e+07 8.6892e+07 868.92 6.36416e+06
1e+07 8.72262e+07 872.262 6.32597e+06
1e+07 8.75617e+07 875.617 6.288e+06
1e+07 8.78985e+07 878.985 6.25025e+06
1e+07 8.82366e+07 882.366 6.21271e+06
1e+07 8.85759e+07 885.759 6.17541e+06
1e+07 8.89166e+07 889.166 6.13832e+06
1e+07 8.92586e+07 892.586 6.10145e+06
1e+07 8.96019e+07 896.019 6.06479e+06
1e+07 8.99466e+07 899.466 6.02834e+06
1e+07 9.02925e+07 902.925 5.99212e+06
1e+07 9.06398e+07 906.398 5.9561e+06
1e+07 9.09885e+07 909.885 5.92028e+06
1e+07 9.13384e+07 913.384 5.88469e+06
1e+07 9.16897e+07 916.897 5.84931e+06
1e+07 9.20424e+07 920.424 5.81412e+06
1e+07 9.23964e+07 923.964 5.77915e+06
1e+07 9.27518e+07 927.518 5.74438e+06
1e+07 9.31086e+07 931.086 5.70981e+06
1e+07 9.34667e+07 934.667 5.67544e+06
1e+07 9.38262e+07 938.262 5.64128e+06
1e+07 9.41871e+07 941.871 5.60732e+06
1e+07 9.45494e+07 945.494 5.57355e+06
1e+07 9.4913e+07 949.13 5.53999e+06
1e+07 9.52781e+07 952.781 5.50662e+06
1e+07 9.56445e+07 956.445 5.47345e+06
1e+07 9.60124e+07 960.124 5.44047e+06
1e+07 9.63817e+07 963.817 5.40769e+06
1e+07 9.67524e+07 967.524 5.3751e+06
1e+07 9.71246e+07 971.246 5.34269e+06
1e+07 9.74981e+07 974.981 5.31048e+06
1e+07 9.78731e+07 978.731 5.27846e+06
1e+07 9.82496e+07 982.496 5.24662e+06
1e+07 9.86275e+07 986.275 5.21497e+06
1e+07 9.90068e+07 990.068 5.18352e+06
1e+07 9.93877e+07 993.877 5.15223e+06
1e+07 9.97699e+07 997.699 5.12114e+06
1e+07 1.00154e+08 1001.54 5.0902e+06
1e+07 1.00539e+08 1005.39 5.05949e+06
1e+07 1.00926e+08 1009.26 5.02892e+06
1e+07 1.01314e+08 1013.14 4.99856e+06
1e+07 1.01703e+08 1017.03 4.96842e+06
1e+07 1.02095e+08 1020.95 4.93834e+06
1e+07 1.02487e+08 1024.87 4.90856e+06
1e+07 1.02882e+08 1028.82 4.87883e+06
1e+07 1.03277e+08 1032.77 4.8494e+06
1e+07 1.03674e+08 1036.74 4.8201e+06
1e+07 1.04073e+08 1040.73 4.79094e+06
1e+07 1.04474e+08 1044.74 4.76191e+06
1e+07 1.04875e+08 1048.75 4.73317e+06
1e+07 1.05279e+08 1052.79 4.70449e+06
1e+07 1.05684e+08 1056.84 4.67602e+06
1e+07 1.0609e+08 1060.9 4.64776e+06
1e+07 1.06498e+08 1064.98 4.61963e+06
1e+07 1.06908e+08 1069.08 4.59164e+06
1e+07 1.07319e+08 1073.19 4.56385e+06
1e+07 1.07732e+08 1077.32 4.5362e+06
1e+07 1.08146e+08 1081.46 4.50875e+06
1e+07 1.08562e+08 1085.62 4.48143e+06
1e+07 1.0898e+08 1089.8 4.45425e+06
1e+07 1.09399e+08 1093.99 4.42727e+06
1e+07 1.0982e+08 1098.2 4.40042e+06
1e+07 1.10242e+08 1102.42 4.37377e+06
1e+07 1.10666e+08 1106.66 4.34725e+06
1e+07 1.11092e+08 1110.92 4.32086e+06
1e+07 1.11519e+08 1115.19 4.29467e+06
1e+07 1.11948e+08 1119.48 4.26861e+06
1e+07 1.12379e+08 1123.79 4.24268e+06
1e+07 1.12811e+08 1128.11 4.21695e+06
1e+07 1.13245e+08 1132.45 4.19134e+06
1e+07 1.1368e+08 1136.8 4.16593e+06
1e+07 1.14118e+08 1141.18 4.14059e+06
1e+07 1.14556e+08 1145.56 4.11549e+06
1e+07 1.14997e+08 1149.97 4.09047e+06
1e+07 1.15439e+08 1154.39 4.06564e+06
1e+07 1.15883e+08 1158.83 4.04093e+06
1e+07 1.16329e+08 1163.29 4.01635e+06
1e+07 1.16777e+08 1167.77 3.99191e+06
1e+07 1.17226e+08 1172.26 3.96764e+06
1e+07 1.17677e+08 1176.77 3.94351e+06
1e+07 1.18129e+08 1181.29 3.91955e+06
1e+07 1.18584e+08 1185.84 3.89567e+06
1e+07 1.1904e+08 1190.4 3.87197e+06
1e+07 1.19498e+08 1194.98 3.8484e+06
1e+07 1.19957e+08 1199.57 3.825e+06
1e+07 1.20419e+08 1204.19 3.80168e+06
1e+07 1.20882e+08 1208.82 3.77854e+06
1e+07 1.21347e+08 1213.47 3.75552e+06
1e+07 1.21813e+08 1218.13 3.73268e+06
1e+07 1.22282e+08 1222.82 3.70991e+06
1e+07 1.22752e+08 1227.52 3.68732e+06
1e+07 1.23224e+08 1232.24 3.66484e+06
1e+07 1.23698e+08 1236.98 3.6425e+06
1e+07 1.24174e+08 1241.74 3.62027e+06
1e+07 1.24652e+08 1246.52 3.59817e+06
1e+07 1.25131e+08 1251.31 3.57624e+06
1e+07 1.25613e+08 1256.13 3.55439e+06
1e+07 1.26096e+08 1260.96 3.5327e+06
1e+07 1.26581e+08 1265.81 3.51114e+06
1e+07 1.27068e+08 1270.68 3.48969e+06
1e+07 1.27556e+08 1275.56 3.46842e+06
1e+07 1.28047e+08 1280.47 3.44721e+06
1e+07 1.28539e+08 1285.39 3.42617e+06
1e+07 1.29034e+08 1290.34 3.40521e+06
1e+07 1.2953e+08 1295.3 3.38441e+06
1e+07 1.30028e+08 1300.28 3.36373e+06
1e+07 1.30528e+08 1305.28 3.34317e+06
1e+07 1.31031e+08 1310.31 3.32269e+06
1e+07 1.31535e+08 1315.35 3.30236e+06
1e+07 1.3204e+08 1320.4 3.28219e+06
1e+07 1.32548e+08 1325.48 3.2621e+06
1e+07 1.33058e+08 1330.58 3.24213e+06
1e+07 1.3357e+08 1335.7 3.22227e+06
1e+07 1.34084e+08 1340.84 3.20253e+06
1e+07 1.34599e+08 1345.99 3.18294e+06
1e+07 1.35117e+08 1351.17 3.16343e+06
1e+07 1.35637e+08 1356.37 3.14404e+06
1e+07 1.36158e+08 1361.58 3.1248e+06
1e+07 1.36682e+08 1366.82 3.10563e+06
1e+07 1.37208e+08 1372.08 3.08658e+06
1e+07 1.37736e+08 1377.36 3.06764e+06
1e+07 1.38265e+08 1382.65 3.04885e+06
1e+07 1.38797e+08 1387.97 3.03014e+06
1e+07 1.39331e+08 1393.31 3.01154e+06
1e+07 1.39867e+08 1398.67 2.99305e+06
1e+07 1.40405e+08 1404.05 2.97468e+06
1e+07 1.40945e+08 1409.45 2.95641e+06
1e+07 1.41487e+08 1414.87 2.93826e+06
1e+07 1.42031e+08 1420.31 2.92021e+06
1e+07 1.42578e+08 1425.78 2.90224e+06
1e+07 1.43126e+08 1431.26 2.88442e+06
1e+07 1.43677e+08 1436.77 2.86667e+06
1e+07 1.44229e+08 1442.29 2.84907e+06
1e+07 1.44784e+08 1447.84 2.83154e+06
1e+07 1.45341e+08 1453.41 2.81411e+06
1e+07 1.459e+08 1459 2.7968e+06
1e+07 1.46461e+08 1464.61 2.77959e+06
1e+07 1.47024e+08 1470.24 2.76249e+06
1e+07 1.4759e+08 1475.9 2.74547e+06
1e+07 1.48157e+08 1481.57 2.72858e+06
1e+07 1.48727e+08 1487.27 2.71177e+06
1e+07 1.49299e+08 1492.99 2.69506e+06
1e+07 1.49874e+08 1498.74 2.67843e+06
1e+07 1.5045e+08 1504.5 2.66193e+06
1e+07 1.51029e+08 1510.29 2.64551e+06
1e+07 1.5161e+08 1516.1 2.62919e+06
1e+07 1.52193e+08 1521.93 2.61298e+06
1e+07 1.52778e+08 1527.78 2.59686e+06
1e+07 1.53366e+08 1533.66 2.58083e+06
1e+07 1.53956e+08 1539.56 2.56489e+06
1e+07 1.54548e+08 1545.48 2.54906e+06
1e+07 1.55142e+08 1551.42 2.53333e+06
1e+07 1.55739e+08 1557.39 2.51767e+06
1e+07 1.56338e+08 1563.38 2.50212e+06
1e+07 1.56939e+08 1569.39 2.48666e+06
1e+07 1.57543e+08 1575.43 2.47128e+06
1e+07 1.58149e+08 1581.49 2.456e+06
1e+07 1.58757e+08 1587.57 2.44081e+06
1e+07 1.59368e+08 1593.68 2.42571e+06
1e+07 1.59981e+08 1599.81 2.4107e+06
1e+07 1.60596e+08 1605.96 2.39578e+06
1e+07 1.61214e+08 1612.14 2.38094e+06
1e+07 1.61834e+08 1618.34 2.3662e+06
1e+07 1.62456e+08 1624.56 2.35156e+06
1e+07 1.63081e+08 1630.81 2.33698e+06
1e+07 1.63709e+08 1637.09 2.32249e+06
1e+07 1.64338e+08 1643.38 2.3081e+06
1e+07 1.6497e+08 1649.7 2.2938e+06
1e+07 1.65605e+08 1656.05 2.27956e+06
1e+07 1.66242e+08 1662.42 2.26542e+06
1e+07 1.66881e+08 1668.81 2.25137e+06
1e+07 1.67523e+08 1675.23 2.2374e+06
1e+07 1.68167e+08 1681.67 2.22352e+06
1e+07 1.68814e+08 1688.14 2.2097e+06
1e+07 1.69464e+08 1694.64 2.19597e+06
1e+07 1.70115e+08 1701.15 2.18234e+06
1e+07 1.7077e+08 1707.7 2.16876e+06
1e+07 1.71427e+08 1714.27 2.15528e+06
1e+07 1.72086e+08 1720.86 2.14189e+06
1e+07 1.72748e+08 1727.48 2.12856e+06
1e+07 1.73412e+08 1734.12 2.11533e+06
1e+07 1.74079e+08 1740.79 2.10217e+06
1e+07 1.74749e+08 1747.49 2.08908e+06
1e+07 1.75421e+08 1754.21 2.07608e+06
1e+07 1.76096e+08 1760.96 2.06314e+06
1e+07 1.76773e+08 1767.73 2.0503e+06
1e+07 1.77453e+08 1774.53 2.03752e+06
1e+07 1.78135e+08 1781.35 2.02483e+06
1e+07 1.78821e+08 1788.21 2.0122e+06
1e+07 1.79508e+08 1795.08 1.99966e+06
1e+07 1.80199e+08 1801.99 1.98718e+06
1e+07 1.80892e+08 1808.92 1.97479e+06
1e+07 1.81588e+08 1815.88 1.96246e+06
1e+07 1.82286e+08 1822.86 1.95022e+06
1e+07 1.82987e+08 1829.87 1.93804e+06
1e+07 1.83691e+08 1836.91 1.92594e+06
1e+07 1.84398e+08 1843.98 1.9139e+06
1e+07 1.85107e+08 1851.07 1.90194e+06
1e+07 1.85819e+08 1858.19 1.89005e+06
1e+07 1.86534e+08 1865.34 1.87823e+06
1e+07 1.87251e+08 1872.51 1.86649e+06
1e+07 1.87971e+08 1879.71 1.85482e+06
1e+07 1.88694e+08 1886.94 1.84321e+06
1e+07 1.8942e+08 1894.2 1.83167e+06
1e+07 1.90149e+08 1901.49 1.8202e+06
1e+07 1.9088e+08 1908.8 1.80881e+06
1e+07 1.91614e+08 1916.14 1.79748e+06
1e+07 1.92351e+08 1923.51 1.78621e+06
1e+07 1.93091e+08 1930.91 1.77502e+06
1e+07 1.93834e+08 1938.34 1.76388e+06
1e+07 1.94579e+08 1945.79 1.75283e+06
1e+07 1.95328e+08 1953.28 1.74182e+06
1e+07 1.96079e+08 1960.79 1.7309e+06
1e+07 1.96833e+08 1968.33 1.72004e+06
1e+07 1.9759e+08 1975.9 1.70924e+06
1e+07 1.9835e+08 1983.5 1.6985e+06
1e+07 1.99113e+08 1991.13 1.68783e+06
1e+07 1.99879e+08 1998.79 1.67722e+06
1e+07 2.00648e+08 2006.48 1.66668e+06
1e+07 2.01419e+08 2014.19 1.65621e+06
1e+07 2.02194e+08 2021.94 1.64579e+06
1e+07 2.02972e+08 2029.72 1.63543e+06
1e+07 2.03753e+08 2037.53 1.62514e+06
1e+07 2.04536e+08 2045.36 1.61491e+06
1e+07 2.05323e+08 2053.23 1.60474e+06
1e+07 2.06113e+08 2061.13 1.59463e+06
1e+07 2.06905e+08 2069.05 1.58459e+06
1e+07 2.07701e+08 2077.01 1.5746e+06
1e+07 2.085e+08 2085 1.56468e+06
1e+07 2.09302e+08 2093.02 1.55481e+06
1e+07 2.10107e+08 2101.07 1.545e+06
1e+07 2.10915e+08 2109.15 1.53525e+06
1e+07 2.11727e+08 2117.27 1.52555e+06
1e+07 2.12541e+08 2125.41 1.51593e+06
1e+07 2.13358e+08 2133.58 1.50636e+06
1e+07 2.14179e+08 2141.79 1.49684e+06
1e+07 2.15003e+08 2150.03 1.48737e+06
1e+07 2.1583e+08 2158.3 1.47797e+06
1e+07 2.1666e+08 2166.6 1.46863e+06
1e+07 2.17493e+08 2174.93 1.45934e+06
1e+07 2.1833e+08 2183.3 1.4501e+06
1e+07 2.1917e+08 2191.7 1.44092e+06
1e+07 2.20013e+08 2200.13 1.4318e+06
1e+07 2.20859e+08 2208.59 1.42273e+06
1e+07 2.21708e+08 2217.08 1.41373e+06
1e+07 2.22561e+08 2225.61 1.40476e+06
1e+07 2.23417e+08 2234.17 1.39586e+06
1e+07 2.24276e+08 2242.76 1.38701e+06
1e+07 2.25139e+08 2251.39 1.37821e+06
1e+07 2.26005e+08 2260.05 1.36946e+06
1e+07 2.26874e+08 2268.74 1.36077e+06
1e+07 2.27747e+08 2277.47 1.35213e+06
1e+07 2.28623e+08 2286.23 1.34354e+06
1e+07 2.29502e+08 2295.02 1.33501e+06
1e+07 2.30385e+08 2303.85 1.32652e+06
1e+07 2.31271e+08 2312.71 1.31809e+06
1e+07 2.32161e+08 2321.61 1.3097e+06
1e+07 2.33054e+08 2330.54 1.30137e+06
1e+07 2.3395e+08 2339.5 1.29309e+06
1e+07 2.3485e+08 2348.5 1.28486e+06
1e+07 2.35753e+08 2357.53 1.27668e+06
1e+07 2.3666e+08 2366.6 1.26855e+06
1e+07 2.3757e+08 2375.7 1.26047e+06
1e+07 2.38484e+08 2384.84 1.25243e+06
1e+07 2.39401e+08 2394.01 1.24445e+06
1e+07 2.40322e+08 2403.22 1.23651e+06
1e+07 2.41246e+08 2412.46 1.22862e+06
1e+07 2.42174e+08 2421.74 1.22078e+06
1e+07 2.43106e+08 2431.06 1.21298e+06
1e+07 2.44041e+08 2440.41 1.20523e+06
1e+07 2.44979e+08 2449.79 1.19754e+06
1e+07 2.45922e+08 2459.22 1.18988e+06
1e+07 2.46868e+08 2468.68 1.18227e+06
1e+07 2.47817e+08 2478.17 1.17472e+06
1e+07 2.4877e+08 2487.7 1.1672e+06
1e+07 2.49727e+08 2497.27 1.15973e+06
1e+07 2.50688e+08 2506.88 1.1523e+06
1e+07 2.51652e+08 2516.52 1.14492e+06
1e+07 2.5262e+08 2526.2 1.13759e+06
1e+07 2.53592e+08 2535.92 1.1303e+06
1e+07 2.54567e+08 2545.67 1.12305e+06
1e+07 2.55546e+08 2555.46 1.11585e+06
1e+07 2.56529e+08 2565.29 1.10869e+06
1e+07 2.57516e+08 2575.16 1.10157e+06
1e+07 2.58506e+08 2585.06 1.09451e+06
1e+07 2.595e+08 2595 1.08748e+06
1e+07 2.60499e+08 2604.99 1.08049e+06
1e+07 2.615e+08 2615 1.07355e+06
1e+07 2.62506e+08 2625.06 1.06665e+06
1e+07 2.63516e+08 2635.16 1.05978e+06
1e+07 2.6453e+08 2645.3 1.05296e+06
1e+07 2.65547e+08 2655.47 1.04619e+06
1e+07 2.66568e+08 2665.68 1.03946e+06
1e+07 2.67594e+08 2675.94 1.03276e+06
1e+07 2.68623e+08 2686.23 1.02611e+06
1e+07 2.69656e+08 2696.56 1.01949e+06
1e+07 2.70693e+08 2706.93 1.01292e+06
1e+07 2.71734e+08 2717.34 1.00639e+06
1e+07 2.7278e+08 2727.8 999891
1e+07 2.73829e+08 2738.29 993439
1e+07 2.74882e+08 2748.82 987026
1e+07 2.75939e+08 2759.39 980652
1e+07 2.77001e+08 2770.01 974312
1e+07 2.78066e+08 2780.66 968016
1e+07 2.79136e+08 2791.36 961754
1e+07 2.80209e+08 2802.09 955537
1e+07 2.81287e+08 2812.87 949352
1e+07 2.82369e+08 2823.69 943206
1e+07 2.83455e+08 2834.55 937098
1e+07 2.84545e+08 2845.45 931028
1e+07 2.8564e+08 2856.4 924991
1e+07 2.86738e+08 2867.38 918998
1e+07 2.87841e+08 2878.41 913037
1e+07 2.88948e+08 2889.48 907114
1e+07 2.9006e+08 2900.6 901223
1e+07 2.91175e+08 2911.75 895374
1e+07 2.92295e+08 2922.95 889558
1e+07 2.9342e+08 2934.2 883774
1e+07 2.94548e+08 2945.48 878031
1e+07 2.95681e+08 2956.81 872321
1e+07 2.96818e+08 2968.18 866647
1e+07 2.9796e+08 2979.6 861005
1e+07 2.99106e+08 2991.06 855400
1e+07 3.00257e+08 3002.57 849826
1e+07 3.01411e+08 3014.11 844292
1e+07 3.02571e+08 3025.71 838786
1e+07 3.03735e+08 3037.35 833315
1e+07 3.04903e+08 3049.03 827880
1e+07 3.06076e+08 3060.76 822476
1e+07 3.07253e+08 3072.53 817107
1e+07 3.08435e+08 3084.35 811769
1e+07 3.09621e+08 3096.21 806467
1e+07 3.10812e+08 3108.12 801195
1e+07 3.12007e+08 3120.07 795958
1e+07 3.13207e+08 3132.07 790751
1e+07 3.14412e+08 3144.12 785574
1e+07 3.15621e+08 3156.21 780433
1e+07 3.16835e+08 3168.35 775321
1e+07 3.18054e+08 3180.54 770239
1e+07 3.19277e+08 3192.77 765191
1e+07 3.20505e+08 3205.05 760173
1e+07 3.21738e+08 3217.38 755185
1e+07 3.22976e+08 3229.76 750227
1e+07 3.24218e+08 3242.18 745302
1e+07 3.25465e+08 3254.65 740406
1e+07 3.26717e+08 3267.17 735540
1e+07 3.27973e+08 3279.73 730707
1e+07 3.29235e+08 3292.35 725899
1e+07 3.30501e+08 3305.01 721124
1e+07 3.31772e+08 3317.72 716378
1e+07 3.33049e+08 3330.49 711658
1e+07 3.3433e+08 3343.3 706969
1e+07 3.35615e+08 3356.15 702313
1e+07 3.36906e+08 3369.06 697682
1e+07 3.38202e+08 3382.02 693079
1e+07 3.39503e+08 3395.03 688505
1e+07 3.40809e+08 3408.09 683959
1e+07 3.4212e+08 3421.2 679441
1e+07 3.43436e+08 3434.36 674951
1e+07 3.44757e+08 3447.57 670489
1e+07 3.46083e+08 3460.83 666055
1e+07 3.47414e+08 3474.14 661648
1e+07 3.4875e+08 3487.5 657270
1e+07 3.50091e+08 3500.91 652918
1e+07 3.51438e+08 3514.38 648591
1e+07 3.5279e+08 3527.9 644292
1e+07 3.54147e+08 3541.47 640019
1e+07 3.55509e+08 3555.09 635774
1e+07 3.56876e+08 3568.76 631556
1e+07 3.58249e+08 3582.49 627362
1e+07 3.59627e+08 3596.27 623194
1e+07 3.6101e+08 3610.1 619053
1e+07 3.62399e+08 3623.99 614936
1e+07 3.63792e+08 3637.92 610849
1e+07 3.65192e+08 3651.92 606782
1e+07 3.66596e+08 3665.96 602744
1e+07 3.68006e+08 3680.06 598729
1e+07 3.69422e+08 3694.22 594738
1e+07 3.70843e+08 3708.43 590773
1e+07 3.72269e+08 3722.69 586834
1e+07 3.73701e+08 3737.01 582918
1e+07 3.75138e+08 3751.38 579027
1e+07 3.76581e+08 3765.81 575160
1e+07 3.7803e+08 3780.3 571315
1e+07 3.79484e+08 3794.84 567496
1e+07 3.80943e+08 3809.43 563702
1e+07 3.82408e+08 3824.08 559931
1e+07 3.83879e+08 3838.79 556182
1e+07 3.85356e+08 3853.56 552456
1e+07 3.86838e+08 3868.38 548755
1e+07 3.88326e+08 3883.26 545076
1e+07 3.8982e+08 3898.2 541419
1e+07 3.91319e+08 3913.19 537787
1e+07 3.92824e+08 3928.24 534177
1e+07 3.94335e+08 3943.35 530589
1e+07 3.95852e+08 3958.52 527023
1e+07 3.97374e+08 3973.74 523482
1e+07 3.98903e+08 3989.03 519959
1e+07 4.00437e+08 4004.37 516461
1e+07 4.01977e+08 4019.77 512984
1e+07 4.03523e+08 4035.23 509529
1e+07 4.05075e+08 4050.75 506096
1e+07 4.06633e+08 4066.33 502684
1e+07 4.08197e+08 4081.97 499293
1e+07 4.09768e+08 4097.68 495921
1e+07 4.11344e+08 4113.44 492573
1e+07 4.12926e+08 4129.26 489246
1e+07 4.14514e+08 4145.14 485940
1e+07 4.16108e+08 4161.08 482654
1e+07 4.17709e+08 4177.09 479388
1e+07 4.19315e+08 4193.15 476144
1e+07 4.20928e+08 4209.28 472919
1e+07 4.22547e+08 4225.47 469715
1e+07 4.24173e+08 4241.73 466530
1e+07 4.25804e+08 4258.04 463366
1e+07 4.27442e+08 4274.42 460222
1e+07 4.29086e+08 4290.86 457097
1e+07 4.30736e+08 4307.36 453993
1e+07 4.32393e+08 4323.93 450907
1e+07 4.34056e+08 4340.56 447842
1e+07 4.35726e+08 4357.26 444794
1e+07 4.37402e+08 4374.02 441767
1e+07 4.39084e+08 4390.84 438759
1e+07 4.40773e+08 4407.73 435769
1e+07 4.42468e+08 4424.68 432799
1e+07 4.4417e+08 4441.7 429847
1e+07 4.45878e+08 4458.78 426915
1e+07 4.47593e+08 4475.93 424000
1e+07 4.49315e+08 4493.15 421103
1e+07 4.51043e+08 4510.43 418225
1e+07 4.52778e+08 4527.78 415365
1e+07 4.54519e+08 4545.19 412524
1e+07 4.56268e+08 4562.68 409699
1e+07 4.58023e+08 4580.23 406893
1e+07 4.59784e+08 4597.84 404106
1e+07 4.61553e+08 4615.53 401334
1e+07 4.63328e+08 4633.28 398582
1e+07 4.6511e+08 4651.1 395846
1e+07 4.66899e+08 4668.99 393128
1e+07 4.68695e+08 4686.95 390427
1e+07 4.70498e+08 4704.98 387742
1e+07 4.72307e+08 4723.07 385076
1e+07 4.74124e+08 4741.24 382426
1e+07 4.75948e+08 4759.48 379792
1e+07 4.77778e+08 4777.78 377176
1e+07 4.79616e+08 4796.16 374576
1e+07 4.81461e+08 4814.61 371992
1e+07 4.83313e+08 4833.13 369425
1e+07 4.85172e+08 4851.72 366874
1e+07 4.87038e+08 4870.38 364340
1e+07 4.88911e+08 4889.11 361822
1e+07 4.90791e+08 4907.91 359321
1e+07 4.92679e+08 4926.79 356834
1e+07 4.94574e+08 4945.74 354363
1e+07 4.96476e+08 4964.76 351909
1e+07 4.98386e+08 4983.86 349469
1e+07 5.00303e+08 5003.03 347046
1e+07 5.02227e+08 5022.27 344638
1e+07 5.04159e+08 5041.59 342245
1e+07 5.06098e+08 5060.98 339868
1e+07 5.08045e+08 5080.45 337505
1e+07 5.09999e+08 5099.99 335158
1e+07 5.1196e+08 5119.6 332826
1e+07 5.1393e+08 5139.3 330508
1e+07 5.15906e+08 5159.06 328206
1e+07 5.17891e+08 5178.91 325918
1e+07 5.19883e+08 5198.83 323645
1e+07 5.21882e+08 5218.82 321387
1e+07 5.2389e+08 5238.9 319142
1e+07 5.25905e+08 5259.05 316912
1e+07 5.27927e+08 5279.27 314698
1e+07 5.29958e+08 5299.58 312496
1e+07 5.31996e+08 5319.96 310309
1e+07 5.34043e+08 5340.43 308135
1e+07 5.36097e+08 5360.97 305976
1e+07 5.38159e+08 5381.59 303831
1e+07 5.40229e+08 5402.29 301700
1e+07 5.42306e+08 5423.06 299583
1e+07 5.44392e+08 5443.92 297479
1e+07 5.46486e+08 5464.86 295388
1e+07 5.48588e+08 5485.88 293311
1e+07 5.50698e+08 5506.98 291247
1e+07 5.52816e+08 5528.16 289197
1e+07 5.54943e+08 5549.43 287159
1e+07 5.57077e+08 5570.77 285135
1e+07 5.5922e+08 5592.2 283124
1e+07 5.61371e+08 5613.71 281126
1e+07 5.6353e+08 5635.3 279141
1e+07 5.65697e+08 5656.97 277169
1e+07 5.67873e+08 5678.73 275209
1e+07 5.70057e+08 5700.57 273262
1e+07 5.7225e+08 5722.5 271328
1e+07 5.74451e+08 5744.51 269406
1e+07 5.76661e+08 5766.61 267496
1e+07 5.78879e+08 5788.79 265599
1e+07 5.81105e+08 5811.05 263715
1e+07 5.8334e+08 5833.4 261842
1e+07 5.85584e+08 5855.84 259982
1e+07 5.87836e+08 5878.36 258134
1e+07 5.90097e+08 5900.97 256298
1e+07 5.92367e+08 5923.67 254473
1e+07 5.94645e+08 5946.45 252661
1e+07 5.96933e+08 5969.33 250859
1e+07 5.99229e+08 5992.29 249070
1e+07 6.01533e+08 6015.33 247293
1e+07 6.03847e+08 6038.47 245527
1e+07 6.0617e+08 6061.7 243773
1e+07 6.08501e+08 6085.01 242030
1e+07 6.10842e+08 6108.42 240298
1e+07 6.13191e+08 6131.91 238578
1e+07 6.1555e+08 6155.5 236869
1e+07 6.17917e+08 6179.17 235171
1e+07 6.20294e+08 6202.94 233484
1e+07 6.2268e+08 6226.8 231808
1e+07 6.25075e+08 6250.75 230143
1e+07 6.27479e+08 6274.79 228490
1e+07 6.29892e+08 6298.92 226847
1e+07 6.32315e+08 6323.15 225214
1e+07 6.34747e+08 6347.47 223592
1e+07 6.37189e+08 6371.89 221981
1e+07 6.3964e+08 6396.4 220380
1e+07 6.421e+08 6421 218790
1e+07 6.4457e+08 6445.7 217210
1e+07 6.47049e+08 6470.49 215641
1e+07 6.49537e+08 6495.37 214083
1e+07 6.52036e+08 6520.36 212534
1e+07 6.54544e+08 6545.44 210995
1e+07 6.57061e+08 6570.61 209467
1e+07 6.59589e+08 6595.89 207948
1e+07 6.62125e+08 6621.25 206440
1e+07 6.64672e+08 6646.72 204942
1e+07 6.67229e+08 6672.29 203453
1e+07 6.69795e+08 6697.95 201974
1e+07 6.72371e+08 6723.71 200505
1e+07 6.74957e+08 6749.57 199046
1e+07 6.77554e+08 6775.54 197596
1e+07 6.8016e+08 6801.6 196156
1e+07 6.82776e+08 6827.76 194725
1e+07 6.85402e+08 6854.02 193304
1e+07 6.88038e+08 6880.38 191893
1e+07 6.90685e+08 6906.85 190490
1e+07 6.93341e+08 6933.41 189097
1e+07 6.96008e+08 6960.08 187713
1e+07 6.98685e+08 6986.85 186338
1e+07 7.01372e+08 7013.72 184973
1e+07 7.0407e+08 7040.7 183616
1e+07 7.06778e+08 7067.78 182269
1e+07 7.09497e+08 7094.97 180930
1e+07 7.12226e+08 7122.26 179600
1e+07 7.14965e+08 7149.65 178279
1e+07 7.17715e+08 7177.15 176967
1e+07 7.20475e+08 7204.75 175664
1e+07 7.23247e+08 7232.47 174369
1e+07 7.26028e+08 7260.28 173083
1e+07 7.28821e+08 7288.21 171806
1e+07 7.31624e+08 7316.24 170537
1e+07 7.34438e+08 7344.38 169276
1e+07 7.37263e+08 7372.63 168024
1e+07 7.40099e+08 7400.99 166780
1e+07 7.42946e+08 7429.46 165545
1e+07 7.45803e+08 7458.03 164318
1e+07 7.48672e+08 7486.72 163099
1e+07 7.51551e+08 7515.51 161888
1e+07 7.54442e+08 7544.42 160685
1e+07 7.57344e+08 7573.44 159491
1e+07 7.60257e+08 7602.57 158304
1e+07 7.63181e+08 7631.81 157125
1e+07 7.66116e+08 7661.16 155955
1e+07 7.69063e+08 7690.63 154792
1e+07 7.72021e+08 7720.21 153637
1e+07 7.74991e+08 7749.91 152489
1e+07 7.77971e+08 7779.71 151350
1e+07 7.80964e+08 7809.64 150218
1e+07 7.83968e+08 7839.68 149094
1e+07 7.86983e+08 7869.83 147977
1e+07 7.9001e+08 7900.1 146868
1e+07 7.93049e+08 7930.49 145766
1e+07 7.96099e+08 7960.99 144672
1e+07 7.99161e+08 7991.61 143585
1e+07 8.02235e+08 8022.35 142505
1e+07 8.0532e+08 8053.2 141433
1e+07 8.08418e+08 8084.18 140368
1e+07 8.11527e+08 8115.27 139311
1e+07 8.14649e+08 8146.49 138260
1e+07 8.17782e+08 8177.82 137217
1e+07 8.20927e+08 8209.27 136180
1e+07 8.24085e+08 8240.85 135151
1e+07 8.27255e+08 8272.55 134128
1e+07 8.30437e+08 8304.37 133113
1e+07 8.33631e+08 8336.31 132104
1e+07 8.36837e+08 8368.37 131103
1e+07 8.40056e+08 8400.56 130108
1e+07 8.43287e+08 8432.87 129120
1e+07 8.4653e+08 8465.3 128139
1e+07 8.49786e+08 8497.86 127164
1e+07 8.53055e+08 8530.55 126196
1e+07 8.56336e+08 8563.36 125235
1e+07 8.5963e+08 8596.3 124280
1e+07 8.62936e+08 8629.36 123331
1e+07 8.66255e+08 8662.55 122390
1e+07 8.69587e+08 8695.87 121454
1e+07 8.72932e+08 8729.32 120525
1e+07 8.76289e+08 8762.89 119603
1e+07 8.7966e+08 8796.6 118686
1e+07 8.83043e+08 8830.43 117776
1e+07 8.8644e+08 8864.4 116873
1e+07 8.89849e+08 8898.49 115975
1e+07 8.93272e+08 8932.72 115084
1e+07 8.96708e+08 8967.08 114198
1e+07 9.00157e+08 9001.57 113319
1e+07 9.03619e+08 9036.19 112446
1e+07 9.07095e+08 9070.95 111579
1e+07 9.10583e+08 9105.83 110718
1e+07 9.14086e+08 9140.86 109863
1e+07 9.17602e+08 9176.02 109014
1e+07 9.21131e+08 9211.31 108170
1e+07 9.24674e+08 9246.74 107333
1e+07 9.28231e+08 9282.31 106501
1e+07 9.31801e+08 9318.01 105675
1e+07 9.35385e+08 9353.85 104855
1e+07 9.38983e+08 9389.83 104040
1e+07 9.42594e+08 9425.94 103231
1e+07 9.4622e+08 9462.2 102428
1e+07 9.49859e+08 9498.59 101630
1e+07 9.53513e+08 9535.13 100838
1e+07 9.5718e+08 9571.8 100051
1e+07 9.60862e+08 9608.62 99270.1
1e+07 9.64557e+08 9645.57 98494.5
1e+07 9.68267e+08 9682.67 97724.1
1e+07 9.71992e+08 9719.92 96959
1e+07 9.7573e+08 9757.3 96199.4
1e+07 9.79483e+08 9794.83 95445.1
1e+07 9.83251e+08 9832.51 94695.9
1e+07 9.87032e+08 9870.32 93952.2
1e+07 9.90829e+08 9908.29 93213.4
1e+07 9.9464e+08 9946.4 92480
1e+07 9.98466e+08 9984.66 91751.6
1e+07 1.00231e+09 10023.1 91027.7
1e+07 1.00616e+09 10061.6 90310.5
1e+07 1.01003e+09 10100.3 89597.4
1e+07 1.01392e+09 10139.2 88888.3
1e+07 1.01782e+09 10178.2 88185.2
1e+07 1.02173e+09 10217.3 87487.9
1e+07 1.02566e+09 10256.6 86794.6
1e+07 1.02961e+09 10296.1 86105.3
1e+07 1.03357e+09 10335.7 85421.9
1e+07 1.03754e+09 10375.4 84744.1
1e+07 1.04153e+09 10415.3 84070.3
1e+07 1.04554e+09 10455.4 83400.5
1e+07 1.04956e+09 10495.6 82736.3
1e+07 1.0536e+09 10536 82076.1
1e+07 1.05765e+09 10576.5 81421.5
1e+07 1.06172e+09 10617.2 80770.8
1e+07 1.0658e+09 10658 80125.6
1e+07 1.0699e+09 10699 79484.3
1e+07 1.07401e+09 10740.1 78848.4
1e+07 1.07815e+09 10781.5 78214.9
1e+07 1.08229e+09 10822.9 77588.3
1e+07 1.08646e+09 10864.6 76964.1
1e+07 1.09063e+09 10906.3 76346.7
1e+07 1.09483e+09 10948.3 75731.6
1e+07 1.09904e+09 10990.4 75121.9
1e+07 1.10327e+09 11032.7 74515.9
1e+07 1.10751e+09 11075.1 73915.1
1e+07 1.11177e+09 11117.7 73318.2
1e+07 1.11605e+09 11160.5 72725
1e+07 1.12034e+09 11203.4 72136.9
1e+07 1.12465e+09 11246.5 71552.6
1e+07 1.12897e+09 11289.7 70973.3
1e+07 1.13332e+09 11333.2 70396.5
1e+07 1.13768e+09 11376.8 69824.6
1e+07 1.14205e+09 11420.5 69257.7
1e+07 1.14644e+09 11464.4 68694.6
1e+07 1.15085e+09 11508.5 68135
1e+07 1.15528e+09 11552.8 67579.1
1e+07 1.15972e+09 11597.2 67028.1
1e+07 1.16419e+09 11641.9 66479.5
1e+07 1.16866e+09 11686.6 65937
1e+07 1.17316e+09 11731.6 65396.8
1e+07 1.17767e+09 11776.7 64861.4
1e+07 1.1822e+09 11822 64329.6
1e+07 1.18675e+09 11867.5 63801.3
1e+07 1.19131e+09 11913.1 63277.7
1e+07 1.19589e+09 11958.9 62757.6
1e+07 1.20049e+09 12004.9 62241.1
1e+07 1.20511e+09 12051.1 61728
1e+07 1.20975e+09 12097.5 61218.4
1e+07 1.2144e+09 12144 60713.4
1e+07 1.21907e+09 12190.7 60211.9
1e+07 1.22376e+09 12237.6 59713.7
1e+07 1.22847e+09 12284.7 59219
1e+07 1.23319e+09 12331.9 58728.8
1e+07 1.23793e+09 12379.3 58242
1e+07 1.2427e+09 12427 57757.5
1e+07 1.24748e+09 12474.8 57277.4
1e+07 1.25227e+09 12522.7 56801.7
1e+07 1.25709e+09 12570.9 56328.3
1e+07 1.26193e+09 12619.3 55858.2
1e+07 1.26678e+09 12667.8 55392.4
1e+07 1.27165e+09 12716.5 54930
1e+07 1.27654e+09 12765.4 54470.8
1e+07 1.28145e+09 12814.5 54014.9
1e+07 1.28638e+09 12863.8 53562.2
1e+07 1.29133e+09 12913.3 53112.8
1e+07 1.2963e+09 12963 52666.6
1e+07 1.30128e+09 13012.8 52224.5
1e+07 1.30629e+09 13062.9 51784.7
1e+07 1.31131e+09 13113.1 51349
1e+07 1.31636e+09 13163.6 50915.6
1e+07 1.32142e+09 13214.2 50486.3
1e+07 1.3265e+09 13265 50060
1e+07 1.3316e+09 13316 49636.9
1e+07 1.33672e+09 13367.2 49216.9
1e+07 1.34187e+09 13418.7 48799.2
1e+07 1.34703e+09 13470.3 48385.4
1e+07 1.35221e+09 13522.1 47974.7
1e+07 1.35741e+09 13574.1 47567
1e+07 1.36263e+09 13626.3 47162.4
1e+07 1.36787e+09 13678.7 46760.8
1e+07 1.37313e+09 13731.3 46362.2
1e+07 1.37841e+09 13784.1 45966.6
1e+07 1.38372e+09 13837.2 45573.2
1e+07 1.38904e+09 13890.4 45183.6
1e+07 1.39438e+09 13943.8 44797
1e+07 1.39974e+09 13997.4 44413.2
1e+07 1.40513e+09 14051.3 44031.7
1e+07 1.41053e+09 14105.3 43653.9
1e+07 1.41596e+09 14159.6 43278.2
1e+07 1.4214e+09 14214 42906.1
1e+07 1.42687e+09 14268.7 42536.2
1e+07 1.43236e+09 14323.6 42169.2
1e+07 1.43787e+09 14378.7 41805
1e+07 1.4434e+09 14434 41443.6
1e+07 1.44895e+09 14489.5 41085.1
1e+07 1.45452e+09 14545.2 40729.4
1e+07 1.46012e+09 14601.2 40375.8
1e+07 1.46573e+09 14657.3 40025.7
1e+07 1.47137e+09 14713.7 39677.6
1e+07 1.47703e+09 14770.3 39332.4
1e+07 1.48271e+09 14827.1 38989.9
1e+07 1.48842e+09 14884.2 38649.5
1e+07 1.49414e+09 14941.4 38312.4
1e+07 1.49989e+09 14998.9 37977.4
1e+07 1.50566e+09 15056.6 37645.1
1e+07 1.51145e+09 15114.5 37315.4
1e+07 1.51726e+09 15172.6 36988.5
1e+07 1.5231e+09 15231 36663.6
1e+07 1.52896e+09 15289.6 36341.3
1e+07 1.53484e+09 15348.4 36021.7
1e+07 1.54074e+09 15407.4 35704.6
1e+07 1.54667e+09 15466.7 35389.6
1e+07 1.55261e+09 15526.1 35077.7
1e+07 1.55859e+09 15585.9 34767.3
1e+07 1.56458e+09 15645.8 34460
1e+07 1.5706e+09 15706 34154.7
1e+07 1.57664e+09 15766.4 33851.9
1e+07 1.5827e+09 15827 33551.7
1e+07 1.58879e+09 15887.9 33253.4
1e+07 1.5949e+09 15949 32957.6
1e+07 1.60104e+09 16010.4 32663.8
1e+07 1.6072e+09 16072 32372.5
1e+07 1.61338e+09 16133.8 32083.5
1e+07 1.61958e+09 16195.8 31797.1
1e+07 1.62581e+09 16258.1 31512.5
1e+07 1.63207e+09 16320.7 31230
1e+07 1.63834e+09 16383.4 30950.2
1e+07 1.64464e+09 16446.4 30672.4
1e+07 1.65097e+09 16509.7 30396.5
1e+07 1.65732e+09 16573.2 30123
1e+07 1.66369e+09 16636.9 29851.8
1e+07 1.67009e+09 16700.9 29582.5
1e+07 1.67652e+09 16765.2 29315.1
1e+07 1.68297e+09 16829.7 29050
1e+07 1.68944e+09 16894.4 28787.1
1e+07 1.69594e+09 16959.4 28526.2
1e+07 1.70246e+09 17024.6 28267.5
1e+07 1.70901e+09 17090.1 28010.6
1e+07 1.71558e+09 17155.8 27756
1e+07 1.72218e+09 17221.8 27503.3
1e+07 1.7288e+09 17288 27252.7
1e+07 1.73545e+09 17354.5 27003.9
1e+07 1.74213e+09 17421.3 26757
1e+07 1.74883e+09 17488.3 26512.2
1e+07 1.75556e+09 17555.6 26269.3
1e+07 1.76231e+09 17623.1 26028.5
1e+07 1.76909e+09 17690.9 25789.4
1e+07 1.77589e+09 17758.9 25552.5
1e+07 1.78272e+09 17827.2 25317.4
1e+07 1.78958e+09 17895.8 25084
1e+07 1.79646e+09 17964.6 24852.7
1e+07 1.80337e+09 18033.7 24623.1
1e+07 1.81031e+09 18103.1 24395.2
1e+07 1.81727e+09 18172.7 24169.4
1e+07 1.82426e+09 18242.6 23945.4
1e+07 1.83128e+09 18312.8 23723
1e+07 1.83832e+09 18383.2 23502.6
1e+07 1.84539e+09 18453.9 23284
1e+07 1.85249e+09 18524.9 23067
1e+07 1.85962e+09 18596.2 22851.7
1e+07 1.86677e+09 18667.7 22638.3
1e+07 1.87395e+09 18739.5 22426.7
1e+07 1.88116e+09 18811.6 22216.6
1e+07 1.88839e+09 18883.9 22008.5
1e+07 1.89565e+09 18956.5 21802.1
1e+07 1.90295e+09 19029.5 21596.9
1e+07 1.91027e+09 19102.7 21393.7
1e+07 1.91761e+09 19176.1 21192.3
1e+07 1.92499e+09 19249.9 20992.3
1e+07 1.93239e+09 19323.9 20794.2
1e+07 1.93983e+09 19398.3 20597.3
1e+07 1.94729e+09 19472.9 20402.3
1e+07 1.95478e+09 19547.8 20208.9
1e+07 1.96229e+09 19622.9 20017.3
1e+07 1.96984e+09 19698.4 19827
1e+07 1.97742e+09 19774.2 19638.2
1e+07 1.98502e+09 19850.2 19451.2
1e+07 1.99266e+09 19926.6 19265.5
1e+07 2.00032e+09 20003.2 19081.6
1e+07 2.00802e+09 20080.2 18898.9
1e+07 2.01574e+09 20157.4 18718
1e+07 2.02349e+09 20234.9 18538.6
1e+07 2.03128e+09 20312.8 18360.4
1e+07 2.03909e+09 20390.9 18183.9
1e+07 2.04693e+09 20469.3 18008.9
1e+07 2.05481e+09 20548.1 17835.2
1e+07 2.06271e+09 20627.1 17663.1
1e+07 2.07064e+09 20706.4 17492.5
1e+07 2.07861e+09 20786.1 17323.1
1e+07 2.0866e+09 20866 17155.3
1e+07 2.09463e+09 20946.3 16988.8
1e+07 2.10269e+09 21026.9 16823.7
1e+07 2.11077e+09 21107.7 16660.2
1e+07 2.11889e+09 21188.9 16497.8
1e+07 2.12704e+09 21270.4 16336.9
1e+07 2.13522e+09 21352.2 16177.4
1e+07 2.14344e+09 21434.4 16019
1e+07 2.15168e+09 21516.8 15862.2
1e+07 2.15996e+09 21599.6 15706.6
1e+07 2.16826e+09 21682.6 15552.6
1e+07 2.1766e+09 21766 15399.6
1e+07 2.18498e+09 21849.8 15247.9
1e+07 2.19338e+09 21933.8 15097.6
1e+07 2.20182e+09 22018.2 14948.5
1e+07 2.21028e+09 22102.8 14800.9
1e+07 2.21879e+09 22187.9 14654.3
1e+07 2.22732e+09 22273.2 14509.1
1e+07 2.23589e+09 22358.9 14365.1
1e+07 2.24449e+09 22444.9 14222.3
1e+07 2.25312e+09 22531.2 14080.8
1e+07 2.26179e+09 22617.9 13940.4
1e+07 2.27049e+09 22704.9 13801.3
1e+07 2.27922e+09 22792.2 13663.4
1e+07 2.28798e+09 22879.8 13526.8
1e+07 2.29679e+09 22967.9 13391.1
1e+07 2.30562e+09 23056.2 13256.8
1e+07 2.31449e+09 23144.9 13123.6
1e+07 2.32339e+09 23233.9 12991.6
1e+07 2.33233e+09 23323.3 12860.6
1e+07 2.3413e+09 23413 12730.9
1e+07 2.3503e+09 23503 12602.4
1e+07 2.35934e+09 23593.4 12474.9
1e+07 2.36842e+09 23684.2 12348.4
1e+07 2.37753e+09 23775.3 12223.1
1e+07 2.38667e+09 23866.7 12099
1e+07 2.39585e+09 23958.5 11975.9
1e+07 2.40507e+09 24050.7 11853.8
1e+07 2.41432e+09 24143.2 11732.9
1e+07 2.4236e+09 24236 11613.1
1e+07 2.43292e+09 24329.2 11494.3
1e+07 2.44228e+09 24422.8 11376.5
1e+07 2.45168e+09 24516.8 11259.7
1e+07 2.46111e+09 24611.1 11144
1e+07 2.47057e+09 24705.7 11029.4
1e+07 2.48008e+09 24800.8 10915.7
1e+07 2.48961e+09 24896.1 10803.1
1e+07 2.49919e+09 24991.9 10691.5
1e+07 2.5088e+09 25088 10580.9
1e+07 2.51845e+09 25184.5 10471.2
1e+07 2.52814e+09 25281.4 10362.5
1e+07 2.53786e+09 25378.6 10254.8
1e+07 2.54762e+09 25476.2 10148.1
1e+07 2.55742e+09 25574.2 10042.3
1e+07 2.56726e+09 25672.6 9937.48
1e+07 2.57713e+09 25771.3 9833.65
1e+07 2.58705e+09 25870.5 9730.62
1e+07 2.597e+09 25970 9628.62
1e+07 2.60699e+09 26069.9 9527.51
1e+07 2.61701e+09 26170.1 9427.41
1e+07 2.62708e+09 26270.8 9328.1
1e+07 2.63718e+09 26371.8 9229.78
1e+07 2.64733e+09 26473.3 9132.24
1e+07 2.65751e+09 26575.1 9035.68
1e+07 2.66773e+09 26677.3 8939.99
1e+07 2.67799e+09 26779.9 8845.17
1e+07 2.68829e+09 26882.9 8751.21
1e+07 2.69863e+09 26986.3 8658.11
1e+07 2.70901e+09 27090.1 8565.86
1e+07 2.71943e+09 27194.3 8474.45
1e+07 2.72989e+09 27298.9 8383.89
1e+07 2.74039e+09 27403.9 8294.16
1e+07 2.75093e+09 27509.3 8205.26
1e+07 2.76151e+09 27615.1 8117.19
1e+07 2.77213e+09 27721.3 8029.94
1e+07 2.7828e+09 27828 7943.42
1e+07 2.7935e+09 27935 7857.8
1e+07 2.80424e+09 28042.4 7772.97
1e+07 2.81503e+09 28150.3 7688.87
1e+07 2.82586e+09 28258.6 7605.57
1e+07 2.83673e+09 28367.3 7523.05
1e+07 2.84764e+09 28476.4 7441.32
1e+07 2.85859e+09 28585.9 7360.37
1e+07 2.86959e+09 28695.9 7280.12
1e+07 2.88062e+09 28806.2 7200.71
1e+07 2.8917e+09 28917 7121.99
1e+07 2.90283e+09 29028.3 7043.97
1e+07 2.91399e+09 29139.9 6966.76
1e+07 2.9252e+09 29252 6890.24
1e+07 2.93645e+09 29364.5 6814.47
1e+07 2.94774e+09 29477.4 6739.43
1e+07 2.95908e+09 29590.8 6665.06
1e+07 2.97046e+09 29704.6 6591.42
1e+07 2.98189e+09 29818.9 6518.44
1e+07 2.99336e+09 29933.6 6446.18
1e+07 3.00487e+09 30048.7 6374.64
1e+07 3.01643e+09 30164.3 6303.75
1e+07 3.02803e+09 30280.3 6233.56
1e+07 3.03968e+09 30396.8 6164.01
1e+07 3.05137e+09 30513.7 6095.16
1e+07 3.06311e+09 30631.1 6026.94
1e+07 3.07489e+09 30748.9 5959.41
1e+07 3.08671e+09 30867.1 5892.56
1e+07 3.09859e+09 30985.9 5826.27
1e+07 3.11051e+09 31105.1 5760.66
1e+07 3.12247e+09 31224.7 5695.71
1e+07 3.13448e+09 31344.8 5631.37
1e+07 3.14654e+09 31465.4 5567.64
1e+07 3.15864e+09 31586.4 5504.56
1e+07 3.17079e+09 31707.9 5442.08
1e+07 3.18298e+09 31829.8 5380.25
1e+07 3.19523e+09 31952.3 5318.95
1e+07 3.20752e+09 32075.2 5258.29
1e+07 3.21985e+09 32198.5 5198.26
1e+07 3.23224e+09 32322.4 5138.76
1e+07 3.24467e+09 32446.7 5079.88
1e+07 3.25715e+09 32571.5 5021.58
1e+07 3.26968e+09 32696.8 4963.83
1e+07 3.28225e+09 32822.5 4906.7
1e+07 3.29488e+09 32948.8 4850.08
1e+07 3.30755e+09 33075.5 4794.06
1e+07 3.32027e+09 33202.7 4738.6
1e+07 3.33304e+09 33330.4 4683.68
1e+07 3.34586e+09 33458.6 4629.3
1e+07 3.35873e+09 33587.3 4575.47
1e+07 3.37165e+09 33716.5 4522.17
1e+07 3.38462e+09 33846.2 4469.4
1e+07 3.39764e+09 33976.4 4417.16
1e+07 3.41071e+09 34107.1 4365.45
1e+07 3.42382e+09 34238.2 4314.3
1e+07 3.43699e+09 34369.9 4263.63
1e+07 3.45021e+09 34502.1 4213.48
1e+07 3.46348e+09 34634.8 4163.83
1e+07 3.47681e+09 34768.1 4114.66
1e+07 3.49018e+09 34901.8 4066.02
1e+07 3.5036e+09 35036 4017.88
1e+07 3.51708e+09 35170.8 3970.21
1e+07 3.53061e+09 35306.1 3923.03
1e+07 3.54419e+09 35441.9 3876.34
1e+07 3.55782e+09 35578.2 3830.13
1e+07 3.5715e+09 35715 3784.41
1e+07 3.58524e+09 35852.4 3739.13
1e+07 3.59903e+09 35990.3 3694.33
1e+07 3.61287e+09 36128.7 3649.99
1e+07 3.62677e+09 36267.7 3606.1
1e+07 3.64072e+09 36407.2 3562.67
1e+07 3.65472e+09 36547.2 3519.7
1e+07 3.66878e+09 36687.8 3477.16
1e+07 3.68289e+09 36828.9 3435.07
1e+07 3.69706e+09 36970.6 3393.41
1e+07 3.71128e+09 37112.8 3352.19
1e+07 3.72555e+09 37255.5 3311.41
1e+07 3.73988e+09 37398.8 3271.05
1e+07 3.75426e+09 37542.6 3231.13
1e+07 3.7687e+09 37687 3191.61
1e+07 3.7832e+09 37832 3152.5
1e+07 3.79775e+09 37977.5 3113.82
1e+07 3.81236e+09 38123.6 3075.53
1e+07 3.82702e+09 38270.2 3037.66
1e+07 3.84174e+09 38417.4 3000.19
1e+07 3.85652e+09 38565.2 2963.1
1e+07 3.87135e+09 38713.5 2926.43
1e+07 3.88624e+09 38862.4 2890.14
1e+07 3.90119e+09 39011.9 2854.23
1e+07 3.91619e+09 39161.9 2818.73
1e+07 3.93126e+09 39312.6 2783.57
1e+07 3.94638e+09 39463.8 2748.81
1e+07 3.96156e+09 39615.6 2714.42
1e+07 3.97679e+09 39767.9 2680.42
1e+07 3.99209e+09 39920.9 2646.76
1e+07 4.00745e+09 40074.5 2613.46
1e+07 4.02286e+09 40228.6 2580.54
1e+07 4.03833e+09 40383.3 2547.98
1e+07 4.05387e+09 40538.7 2515.75
1e+07 4.06946e+09 40694.6 2483.89
1e+07 4.08511e+09 40851.1 2452.38
1e+07 4.10082e+09 41008.2 2421.21
1e+07 4.1166e+09 41166 2390.37
1e+07 4.13243e+09 41324.3 2359.88
1e+07 4.14832e+09 41483.2 2329.73
1e+07 4.16428e+09 41642.8 2299.89
1e+07 4.1803e+09 41803 2270.39
1e+07 4.19638e+09 41963.8 2241.22
1e+07 4.21252e+09 42125.2 2212.37
1e+07 4.22872e+09 42287.2 2183.84
1e+07 4.24498e+09 42449.8 2155.64
1e+07 4.26131e+09 42613.1 2127.74
1e+07 4.2777e+09 42777 2100.15
1e+07 4.29415e+09 42941.5 2072.88
1e+07 4.31067e+09 43106.7 2045.9
1e+07 4.32725e+09 43272.5 2019.23
1e+07 4.34389e+09 43438.9 1992.86
1e+07 4.3606e+09 43606 1966.78
1e+07 4.37737e+09 43773.7 1941
1e+07 4.39421e+09 43942.1 1915.51
1e+07 4.41111e+09 44111.1 1890.31
1e+07 4.42808e+09 44280.8 1865.39
1e+07 4.44511e+09 44451.1 1840.76
1e+07 4.46221e+09 44622.1 1816.4
1e+07 4.47937e+09 44793.7 1792.33
1e+07 4.4966e+09 44966 1768.53
1e+07 4.5139e+09 45139 1745
1e+07 4.53126e+09 45312.6 1721.74
1e+07 4.54869e+09 45486.9 1698.75
1e+07 4.56618e+09 45661.8 1676.03
1e+07 4.58374e+09 45837.4 1653.57
1e+07 4.60138e+09 46013.8 1631.35
1e+07 4.61907e+09 46190.7 1609.42
1e+07 4.63684e+09 46368.4 1587.72
1e+07 4.65467e+09 46546.7 1566.29
1e+07 4.67258e+09 46725.8 1545.09
1e+07 4.69055e+09 46905.5 1524.15
1e+07 4.70859e+09 47085.9 1503.45
1e+07 4.7267e+09 47267 1483
1e+07 4.74488e+09 47448.8 1462.78
1e+07 4.76313e+09 47631.3 1442.8
1e+07 4.78145e+09 47814.5 1423.06
1e+07 4.79984e+09 47998.4 1403.55
1e+07 4.81831e+09 48183.1 1384.27
1e+07 4.83684e+09 48368.4 1365.22
1e+07 4.85544e+09 48554.4 1346.4
1e+07 4.87412e+09 48741.2 1327.79
1e+07 4.89286e+09 48928.6 1309.42
1e+07 4.91168e+09 49116.8 1291.26
1e+07 4.93058e+09 49305.8 1273.32
1e+07 4.94954e+09 49495.4 1255.59
1e+07 4.96858e+09 49685.8 1238.08
1e+07 4.98769e+09 49876.9 1220.78
1e+07 5.00687e+09 50068.7 1203.69
1e+07 5.02613e+09 50261.3 1186.8
1e+07 5.04546e+09 50454.6 1170.12
1e+07 5.06487e+09 50648.7 1153.64
1e+07 5.08435e+09 50843.5 1137.36
1e+07 5.10391e+09 51039.1 1121.27
1e+07 5.12354e+09 51235.4 1105.39
1e+07 5.14324e+09 51432.4 1089.71
1e+07 5.16303e+09 51630.3 1074.2
1e+07 5.18288e+09 51828.8 1058.9
1e+07 5.20282e+09 52028.2 1043.78
1e+07 5.22283e+09 52228.3 1028.85
1e+07 5.24292e+09 52429.2 1014.1
1e+07 5.26309e+09 52630.9 999.536
1e+07 5.28333e+09 52833.3 985.154
1e+07 5.30365e+09 53036.5 970.951
1e+07 5.32405e+09 53240.5 956.923
1e+07 5.34453e+09 53445.3 943.069
1e+07 5.36508e+09 53650.8 929.395
1e+07 5.38572e+09 53857.2 915.885
1e+07 5.40643e+09 54064.3 902.55
1e+07 5.42723e+09 54272.3 889.377
1e+07 5.4481e+09 54481 876.377
1e+07 5.46906e+09 54690.6 863.535
1e+07 5.4901e+09 54901 850.857
1e+07 5.51121e+09 55112.1 838.346
1e+07 5.53241e+09 55324.1 825.988
1e+07 5.55369e+09 55536.9 813.79
1e+07 5.57505e+09 55750.5 801.748
1e+07 5.59649e+09 55964.9 789.862
1e+07 5.61802e+09 56180.2 778.125
1e+07 5.63963e+09 56396.3 766.54
1e+07 5.66132e+09 56613.2 755.105
1e+07 5.68309e+09 56830.9 743.821
1e+07 5.70495e+09 57049.5 732.679
1e+07 5.7269e+09 57269 721.679
1e+07 5.74892e+09 57489.2 710.829
1e+07 5.77104e+09 57710.4 700.113
1e+07 5.79323e+09 57932.3 689.544
1e+07 5.81552e+09 58155.2 679.106
1e+07 5.83788e+09 58378.8 668.813
1e+07 5.86034e+09 58603.4 658.648
1e+07 5.88288e+09 58828.8 648.62
1e+07 5.90551e+09 59055.1 638.724
1e+07 5.92822e+09 59282.2 628.961
1e+07 5.95102e+09 59510.2 619.326
1e+07 5.97391e+09 59739.1 609.818
1e+07 5.99689e+09 59968.9 600.436
1e+07 6.01995e+09 60199.5 591.183
1e+07 6.04311e+09 60431.1 582.049
1e+07 6.06635e+09 60663.5 573.041
1e+07 6.08969e+09 60896.9 564.15
1e+07 6.11311e+09 61131.1 555.382
1e+07 6.13662e+09 61366.2 546.732
1e+07 6.16022e+09 61602.2 538.2
1e+07 6.18392e+09 61839.2 529.78
1e+07 6.2077e+09 62077 521.478
1e+07 6.23158e+09 62315.8 513.286
1e+07 6.25555e+09 62555.5 505.206
1e+07 6.27961e+09 62796.1 497.238
1e+07 6.30376e+09 63037.6 489.38
1e+07 6.32801e+09 63280.1 481.627
1e+07 6.35235e+09 63523.5 473.982
1e+07 6.37678e+09 63767.8 466.443
1e+07 6.40131e+09 64013.1 459.007
1e+07 6.42593e+09 64259.3 451.676
1e+07 6.45065e+09 64506.5 444.444
1e+07 6.47546e+09 64754.6 437.314
1e+07 6.50036e+09 65003.6 430.286
1e+07 6.52537e+09 65253.7 423.352
1e+07 6.55046e+09 65504.6 416.519
1e+07 6.57566e+09 65756.6 409.779
1e+07 6.60095e+09 66009.5 403.135
1e+07 6.62634e+09 66263.4 396.584
1e+07 6.65183e+09 66518.3 390.126
1e+07 6.67741e+09 66774.1 383.761
1e+07 6.7031e+09 67031 377.483
1e+07 6.72888e+09 67288.8 371.297
1e+07 6.75476e+09 67547.6 365.199
1e+07 6.78074e+09 67807.4 359.188
1e+07 6.80682e+09 68068.2 353.263
1e+07 6.833e+09 68330 347.423
1e+07 6.85928e+09 68592.8 341.668
1e+07 6.88567e+09 68856.7 335.994
1e+07 6.91215e+09 69121.5 330.404
1e+07 6.93874e+09 69387.4 324.893
1e+07 6.96543e+09 69654.3 319.463
1e+07 6.99222e+09 69922.2 314.113
1e+07 7.01911e+09 70191.1 308.841
1e+07 7.04611e+09 70461.1 303.646
1e+07 7.07321e+09 70732.1 298.527
1e+07 7.10042e+09 71004.2 293.482
1e+07 7.12773e+09 71277.3 288.513
1e+07 7.15514e+09 71551.4 283.618
1e+07 7.18266e+09 71826.6 278.794
1e+07 7.21029e+09 72102.9 274.041
1e+07 7.23802e+09 72380.2 269.361
1e+07 7.26586e+09 72658.6 264.749
1e+07 7.29381e+09 72938.1 260.206
1e+07 7.32186e+09 73218.6 255.732
1e+07 7.35002e+09 73500.2 251.325
1e+07 7.37829e+09 73782.9 246.984
1e+07 7.40667e+09 74066.7 242.708
1e+07 7.43516e+09 74351.6 238.497
1e+07 7.46376e+09 74637.6 234.349
1e+07 7.49247e+09 74924.7 230.265
1e+07 7.52129e+09 75212.9 226.242
1e+07 7.55022e+09 75502.2 222.282
1e+07 7.57926e+09 75792.6 218.382
1e+07 7.60841e+09 76084.1 214.542
1e+07 7.63767e+09 76376.7 210.761
1e+07 7.66705e+09 76670.5 207.038
1e+07 7.69654e+09 76965.4 203.373
1e+07 7.72614e+09 77261.4 199.765
1e+07 7.75586e+09 77558.6 196.212
1e+07 7.78569e+09 77856.9 192.715
1e+07 7.81564e+09 78156.4 189.271
1e+07 7.8457e+09 78457 185.883
1e+07 7.87587e+09 78758.7 182.548
1e+07 7.90617e+09 79061.7 179.264
1e+07 7.93658e+09 79365.8 176.032
1e+07 7.9671e+09 79671 172.852
1e+07 7.99775e+09 79977.5 169.721
1e+07 8.02851e+09 80285.1 166.64
1e+07 8.05939e+09 80593.9 163.609
1e+07 8.09039e+09 80903.9 160.625
1e+07 8.12151e+09 81215.1 157.69
1e+07 8.15274e+09 81527.4 154.802
1e+07 8.1841e+09 81841 151.959
1e+07 8.21558e+09 82155.8 149.163
1e+07 8.24718e+09 82471.8 146.412
1e+07 8.2789e+09 82789 143.705
1e+07 8.31074e+09 83107.4 141.042
1e+07 8.34271e+09 83427.1 138.422
1e+07 8.3748e+09 83748 135.845
1e+07 8.40701e+09 84070.1 133.311
1e+07 8.43935e+09 84393.5 130.817
1e+07 8.47181e+09 84718.1 128.365
1e+07 8.50439e+09 85043.9 125.953
1e+07 8.5371e+09 85371 123.581
1e+07 8.56994e+09 85699.4 121.248
1e+07 8.6029e+09 86029 118.954
1e+07 8.63599e+09 86359.9 116.698
1e+07 8.66921e+09 86692.1 114.479
1e+07 8.70255e+09 87025.5 112.298
1e+07 8.73602e+09 87360.2 110.153
1e+07 8.76962e+09 87696.2 108.045
1e+07 8.80336e+09 88033.6 105.971
1e+07 8.83722e+09 88372.2 103.932
1e+07 8.87121e+09 88712.1 101.929
1e+07 8.90533e+09 89053.3 99.9588
1e+07 8.93958e+09 89395.8 98.0226
1e+07 8.97396e+09 89739.6 96.1195
1e+07 9.00848e+09 90084.8 94.2486
1e+07 9.04313e+09 90431.3 92.4098
1e+07 9.07791e+09 90779.1 90.6028
1e+07 9.11283e+09 91128.3 88.8266
1e+07 9.14788e+09 91478.8 87.0813
1e+07 9.18307e+09 91830.7 85.366
1e+07 9.21839e+09 92183.9 83.6807
1e+07 9.25384e+09 92538.4 82.025
1e+07 9.28944e+09 92894.4 80.3975
1e+07 9.32517e+09 93251.7 78.7989
1e+07 9.36103e+09 93610.3 77.2286
1e+07 9.39704e+09 93970.4 75.6853
1e+07 9.43318e+09 94331.8 74.1697
1e+07 9.46946e+09 94694.6 72.6807
1e+07 9.50589e+09 95058.9 71.2178
1e+07 9.54245e+09 95424.5 69.7812
1e+07 9.57915e+09 95791.5 68.3702
1e+07 9.616e+09 96160 66.9841
1e+07 9.65298e+09 96529.8 65.6232
1e+07 9.69011e+09 96901.1 64.2865
1e+07 9.72738e+09 97273.8 62.9739
1e+07 9.7648e+09 97648 61.6848
1e+07 9.80236e+09 98023.6 60.4191
1e+07 9.84006e+09 98400.6 59.1766
1e+07 9.87791e+09 98779.1 57.9564
1e+07 9.9159e+09 99159 56.7587
1e+07 9.95404e+09 99540.4 55.5828
1e+07 9.99233e+09 99923.3 54.4283
1e+07 1.00308e+10 100308 53.294
1e+07 1.00693e+10 100693 52.1841
1e+07 1.01081e+10 101081 51.0903
1e+07 1.01469e+10 101469 50.021
1e+07 1.0186e+10 101860 48.9674
1e+07 1.02252e+10 102252 47.9348
1e+07 1.02645e+10 102645 46.9227
1e+07 1.0304e+10 103040 45.9284
1e+07 1.03436e+10 103436 44.954
1e+07 1.03834e+10 103834 43.9968
1e+07 1.04233e+10 104233 43.0589
1e+07 1.04634e+10 104634 42.1376
1e+07 1.05037e+10 105037 41.2328
1e+07 1.05441e+10 105441 40.3465
1e+07 1.05846e+10 105846 39.4782
1e+07 1.06253e+10 106253 38.6255
1e+07 1.06662e+10 106662 37.7884
1e+07 1.07072e+10 107072 36.9685
1e+07 1.07484e+10 107484 36.1635
1e+07 1.07897e+10 107897 35.3752
1e+07 1.08312e+10 108312 34.6014
1e+07 1.08729e+10 108729 33.842
1e+07 1.09147e+10 109147 33.0984
1e+07 1.09567e+10 109567 32.3686
1e+07 1.09988e+10 109988 31.6541
1e+07 1.10412e+10 110412 30.9515
1e+07 1.10836e+10 110836 30.2652
1e+07 1.11262e+10 111262 29.592
1e+07 1.1169e+10 111690 28.9315
1e+07 1.1212e+10 112120 28.2836
1e+07 1.12551e+10 112551 27.6496
1e+07 1.12984e+10 112984 27.0277
1e+07 1.13419e+10 113419 26.4178
1e+07 1.13855e+10 113855 25.821
1e+07 1.14293e+10 114293 25.2359
1e+07 1.14733e+10 114733 24.6621
1e+07 1.15174e+10 115174 24.1008
1e+07 1.15617e+10 115617 23.5505
1e+07 1.16062e+10 116062 23.0111
1e+07 1.16508e+10 116508 22.4835
1e+07 1.16956e+10 116956 21.9664
1e+07 1.17406e+10 117406 21.4595
1e+07 1.17857e+10 117857 20.9639
1e+07 1.18311e+10 118311 20.4772
1e+07 1.18766e+10 118766 20.0013
1e+07 1.19223e+10 119223 19.535
1e+07 1.19681e+10 119681 19.0792
1e+07 1.20142e+10 120142 18.6317
1e+07 1.20604e+10 120604 18.1942
1e+07 1.21068e+10 121068 17.7658
1e+07 1.21533e+10 121533 17.347
1e+07 1.22001e+10 122001 16.936
1e+07 1.2247e+10 122470 16.5344
1e+07 1.22941e+10 122941 16.1411
1e+07 1.23414e+10 123414 15.7561
1e+07 1.23889e+10 123889 15.3791
1e+07 1.24365e+10 124365 15.0108
1e+07 1.24843e+10 124843 14.6503
1e+07 1.25324e+10 125324 14.2967
1e+07 1.25806e+10 125806 13.9513
1e+07 1.26289e+10 126289 13.6139
1e+07 1.26775e+10 126775 13.2831
1e+07 1.27263e+10 127263 12.9595
1e+07 1.27752e+10 127752 12.6434
1e+07 1.28244e+10 128244 12.3335
1e+07 1.28737e+10 128737 12.031
1e+07 1.29232e+10 129232 11.7351
1e+07 1.29729e+10 129729 11.4456
1e+07 1.30228e+10 130228 11.1625
1e+07 1.30729e+10 130729 10.8856
1e+07 1.31232e+10 131232 10.6149
1e+07 1.31737e+10 131737 10.3501
1e+07 1.32243e+10 132243 10.0918
1e+07 1.32752e+10 132752 9.83868
1e+07 1.33263e+10 133263 9.59127
1e+07 1.33775e+10 133775 9.34989
1e+07 1.3429e+10 134290 9.1135
1e+07 1.34806e+10 134806 8.88291
1e+07 1.35325e+10 135325 8.65712
1e+07 1.35845e+10 135845 8.4369
1e+07 1.36368e+10 136368 8.22131
1e+07 1.36892e+10 136892 8.01107
1e+07 1.37419e+10 137419 7.80528
1e+07 1.37947e+10 137947 7.60463
1e+07 1.38478e+10 138478 7.40827
1e+07 1.39011e+10 139011 7.21647
1e+07 1.39545e+10 139545 7.02951
1e+07 1.40082e+10 140082 6.84659
1e+07 1.40621e+10 140621 6.66797
1e+07 1.41162e+10 141162 6.49357
1e+07 1.41705e+10 141705 6.3233
1e+07 1.4225e+10 142250 6.15707
1e+07 1.42797e+10 142797 5.99481
1e+07 1.43346e+10 143346 5.83643
1e+07 1.43897e+10 143897 5.68186
1e+07 1.44451e+10 144451 5.53074
1e+07 1.45006e+10 145006 5.38353
1e+07 1.45564e+10 145564 5.23964
1e+07 1.46124e+10 146124 5.09925
1e+07 1.46686e+10 146686 4.96229
1e+07 1.4725e+10 147250 4.82869
1e+07 1.47817e+10 147817 4.69814
1e+07 1.48385e+10 148385 4.57104
1e+07 1.48956e+10 148956 4.44687
1e+07 1.49529e+10 149529 4.32579
1e+07 1.50104e+10 150104 4.20772
1e+07 1.50681e+10 150681 4.0926
1e+07 1.51261e+10 151261 3.98018
1e+07 1.51843e+10 151843 3.8706
1e+07 1.52427e+10 152427 3.76378
1e+07 1.53013e+10 153013 3.65967
1e+07 1.53602e+10 153602 3.55804
1e+07 1.54192e+10 154192 3.45917
1e+07 1.54785e+10 154785 3.36266
1e+07 1.55381e+10 155381 3.26848
1e+07 1.55978e+10 155978 3.17689
1e+07 1.56578e+10 156578 3.08751
1e+07 1.57181e+10 157181 3.00031
1e+07 1.57785e+10 157785 2.91552
1e+07 1.58392e+10 158392 2.83281
1e+07 1.59001e+10 159001 2.75227
1e+07 1.59613e+10 159613 2.67373
1e+07 1.60227e+10 160227 2.59725
1e+07 1.60843e+10 160843 2.5228
1e+07 1.61462e+10 161462 2.45021
1e+07 1.62083e+10 162083 2.37956
1e+07 1.62706e+10 162706 2.3108
1e+07 1.63332e+10 163332 2.24378
1e+07 1.6396e+10 163960 2.17856
1e+07 1.64591e+10 164591 2.11501
1e+07 1.65224e+10 165224 2.05318
1e+07 1.65859e+10 165859 1.99303
1e+07 1.66497e+10 166497 1.93443
1e+07 1.67138e+10 167138 1.87735
1e+07 1.67781e+10 167781 1.82183
1e+07 1.68426e+10 168426 1.76785
1e+07 1.69074e+10 169074 1.71528
1e+07 1.69724e+10 169724 1.66417
1e+07 1.70377e+10 170377 1.6144
1e+07 1.71032e+10 171032 1.56603
1e+07 1.7169e+10 171690 1.51894
1e+07 1.7235e+10 172350 1.47317
1e+07 1.73013e+10 173013 1.42863
1e+07 1.73679e+10 173679 1.38529
1e+07 1.74347e+10 174347 1.34317
1e+07 1.75017e+10 175017 1.30226
1e+07 1.7569e+10 175690 1.26246
1e+07 1.76366e+10 176366 1.22374
1e+07 1.77045e+10 177045 1.18608
1e+07 1.77726e+10 177726 1.14951
1e+07 1.78409e+10 178409 1.114
1e+07 1.79095e+10 179095 1.07947
1e+07 1.79784e+10 179784 1.0459
1e+07 1.80476e+10 180476 1.01327
1e+07 1.8117e+10 181170 0.981593
1e+07 1.81867e+10 181867 0.950805
1e+07 1.82566e+10 182566 0.920928
1e+07 1.83268e+10 183268 0.891895
1e+07 1.83973e+10 183973 0.863686
1e+07 1.84681e+10 184681 0.83628
1e+07 1.85391e+10 185391 0.809695
1e+07 1.86104e+10 186104 0.783873
1e+07 1.8682e+10 186820 0.758794
1e+07 1.87539e+10 187539 0.73444
1e+07 1.8826e+10 188260 0.710825
1e+07 1.88984e+10 188984 0.687897
1e+07 1.89711e+10 189711 0.665639
1e+07 1.90441e+10 190441 0.644033
1e+07 1.91173e+10 191173 0.623092
1e+07 1.91909e+10 191909 0.602741
1e+07 1.92647e+10 192647 0.58302
1e+07 1.93388e+10 193388 0.563886
1e+07 1.94132e+10 194132 0.545323
1e+07 1.94878e+10 194878 0.52734
1e+07 1.95628e+10 195628 0.509874
1e+07 1.9638e+10 196380 0.492958
1e+07 1.97136e+10 197136 0.476532
1e+07 1.97894e+10 197894 0.460626
1e+07 1.98655e+10 198655 0.445206
1e+07 1.99419e+10 199419 0.430257
1e+07 2.00186e+10 200186 0.415768
1e+07 2.00956e+10 200956 0.401725
1e+07 2.01729e+10 201729 0.388117
1e+07 2.02505e+10 202505 0.374931
1e+07 2.03284e+10 203284 0.362156
1e+07 2.04066e+10 204066 0.34978
1e+07 2.04851e+10 204851 0.337793
1e+07 2.05638e+10 205638 0.326197
1e+07 2.06429e+10 206429 0.314954
1e+07 2.07223e+10 207223 0.304068
1e+07 2.0802e+10 208020 0.293528
1e+07 2.08821e+10 208821 0.283312
1e+07 2.09624e+10 209624 0.273436
1e+07 2.1043e+10 210430 0.263877
1e+07 2.11239e+10 211239 0.254627
1e+07 2.12052e+10 212052 0.245665
1e+07 2.12868e+10 212868 0.236995
1e+07 2.13686e+10 213686 0.228618
1e+07 2.14508e+10 214508 0.220505
1e+07 2.15333e+10 215333 0.212658
1e+07 2.16161e+10 216161 0.205071
1e+07 2.16993e+10 216993 0.197725
1e+07 2.17827e+10 217827 0.190632
1e+07 2.18665e+10 218665 0.183767
1e+07 2.19506e+10 219506 0.177131
1e+07 2.20351e+10 220351 0.170711
1e+07 2.21198e+10 221198 0.164514
1e+07 2.22049e+10 222049 0.158519
1e+07 2.22903e+10 222903 0.152728
1e+07 2.2376e+10 223760 0.147133
1e+07 2.24621e+10 224621 0.141724
1e+07 2.25485e+10 225485 0.136499
1e+07 2.26352e+10 226352 0.131454
1e+07 2.27223e+10 227223 0.126578
1e+07 2.28097e+10 228097 0.12187
1e+07 2.28974e+10 228974 0.117326
1e+07 2.29855e+10 229855 0.112936
1e+07 2.30739e+10 230739 0.108699
1e+07 2.31627e+10 231627 0.104606
1e+07 2.32517e+10 232517 0.100662
1e+07 2.33412e+10 233412 0.0968485
1e+07 2.3431e+10 234310 0.0931705
1e+07 2.35211e+10 235211 0.0896233
1e+07 2.36115e+10 236115 0.0862029
1e+07 2.37024e+10 237024 0.0828978
1e+07 2.37935e+10 237935 0.079715
1e+07 2.3885e+10 238850 0.0766437
1e+07 2.39769e+10 239769 0.0736805
1e+07 2.40691e+10 240691 0.0708249
1e+07 2.41617e+10 241617 0.0680705
1e+07 2.42546e+10 242546 0.0654169
1e+07 2.43479e+10 243479 0.062858
1e+07 2.44416e+10 244416 0.0603907
1e+07 2.45356e+10 245356 0.0580147
1e+07 2.463e+10 246300 0.0557244
1e+07 2.47247e+10 247247 0.0535193
1e+07 2.48198e+10 248198 0.0513944
1e+07 2.49153e+10 249153 0.049347
1e+07 2.50111e+10 250111 0.0473766
1e+07 2.51073e+10 251073 0.0454787
1e+07 2.52039e+10 252039 0.0436507
1e+07 2.53008e+10 253008 0.0418922
1e+07 2.53981e+10 253981 0.040199
1e+07 2.54958e+10 254958 0.0385689
1e+07 2.55939e+10 255939 0.0369998
1e+07 2.56923e+10 256923 0.0354912
1e+07 2.57911e+10 257911 0.0340394
1e+07 2.58903e+10 258903 0.0326426
1e+07 2.59899e+10 259899 0.0312988
1e+07 2.60899e+10 260899 0.0300061
1e+07 2.61902e+10 261902 0.0287642
1e+07 2.6291e+10 262910 0.0275687
1e+07 2.63921e+10 263921 0.0264204
1e+07 2.64936e+10 264936 0.0253165
1e+07 2.65955e+10 265955 0.0242554
1e+07 2.66978e+10 266978 0.0232356
1e+07 2.68005e+10 268005 0.0222557
1e+07 2.69036e+10 269036 0.0213142
1e+07 2.70071e+10 270071 0.0204098
1e+07 2.71109e+10 271109 0.0195419
1e+07 2.72152e+10 272152 0.0187076
1e+07 2.73199e+10 273199 0.0179065
1e+07 2.7425e+10 274250 0.0171374
1e+07 2.75304e+10 275304 0.0163997
1e+07 2.76363e+10 276363 0.0156911
1e+07 2.77426e+10 277426 0.0150111
1e+07 2.78493e+10 278493 0.0143586
1e+07 2.79565e+10 279565 0.0137321
1e+07 2.8064e+10 280640 0.0131316
1e+07 2.81719e+10 281719 0.0125558
1e+07 2.82803e+10 282803 0.0120031
1e+07 2.83891e+10 283891 0.0114732
1e+07 2.84983e+10 284983 0.0109652
1e+07 2.86079e+10 286079 0.0104782
1e+07 2.87179e+10 287179 0.0100116
1e+07 2.88284e+10 288284 0.00956412
1e+07 2.89392e+10 289392 0.00913577
1e+07 2.90506e+10 290506 0.00872473
1e+07 2.91623e+10 291623 0.00833141
1e+07 2.92745e+10 292745 0.00795444
1e+07 2.93871e+10 293871 0.00759351
1e+07 2.95001e+10 295001 0.007248
1e+07 2.96136e+10 296136 0.00691701
1e+07 2.97275e+10 297275 0.00660025
1e+07 2.98418e+10 298418 0.00629718
1e+07 2.99566e+10 299566 0.00600698
1e+07 3.00718e+10 300718 0.00572939
1e+07 3.01875e+10 301875 0.00546369
1e+07 3.03036e+10 303036 0.00520962
1e+07 3.04201e+10 304201 0.00496672
1e+07 3.05371e+10 305371 0.00473432
1e+07 3.06546e+10 306546 0.00451203
1e+07 3.07725e+10 307725 0.0042996
1e+07 3.08909e+10 308909 0.00409647
1e+07 3.10097e+10 310097 0.00390242
1e+07 3.11289e+10 311289 0.00371708
1e+07 3.12487e+10 312487 0.00353979
1e+07 3.13689e+10 313689 0.00337052
1e+07 3.14895e+10 314895 0.00320892
1e+07 3.16106e+10 316106 0.00305455
1e+07 3.17322e+10 317322 0.0029071
1e+07 3.18543e+10 318543 0.0027663
1e+07 3.19768e+10 319768 0.00263198
1e+07 3.20998e+10 320998 0.00250375
1e+07 3.22233e+10 322233 0.00238136
1e+07 3.23472e+10 323472 0.00226467
1e+07 3.24716e+10 324716 0.00215332
1e+07 3.25965e+10 325965 0.0020471
1e+07 3.27219e+10 327219 0.00194579
1e+07 3.28477e+10 328477 0.00184925
1e+07 3.29741e+10 329741 0.00175714
1e+07 3.31009e+10 331009 0.0016694
1e+07 3.32282e+10 332282 0.00158577
1e+07 3.3356e+10 333560 0.00150607
1e+07 3.34843e+10 334843 0.00143014
1e+07 3.36131e+10 336131 0.00135781
1e+07 3.37424e+10 337424 0.00128892
1e+07 3.38722e+10 338722 0.00122332
1e+07 3.40025e+10 340025 0.00116086
1e+07 3.41333e+10 341333 0.0011014
1e+07 3.42645e+10 342645 0.00104486
1e+07 3.43963e+10 343963 0.000991008
1e+07 3.45286e+10 345286 0.000939778
1e+07 3.46614e+10 346614 0.000891047
1e+07 3.47948e+10 347948 0.000844666
1e+07 3.49286e+10 349286 0.000800598
1e+07 3.50629e+10 350629 0.000758702
1e+07 3.51978e+10 351978 0.000718849
1e+07 3.53332e+10 353332 0.000680976
1e+07 3.54691e+10 354691 0.00064499
1e+07 3.56055e+10 356055 0.000610804
1e+07 3.57425e+10 357425 0.00057831
1e+07 3.58799e+10 358799 0.000547476
1e+07 3.60179e+10 360179 0.000518179
1e+07 3.61565e+10 361565 0.000490348
1e+07 3.62955e+10 362955 0.000463954
1e+07 3.64351e+10 364351 0.00043889
1e+07 3.65753e+10 365753 0.000415095
1e+07 3.6716e+10 367160 0.000392524
1e+07 3.68572e+10 368572 0.000371119
1e+07 3.69989e+10 369989 0.000350823
1e+07 3.71413e+10 371413 0.000331557
1e+07 3.72841e+10 372841 0.000313308
1e+07 3.74275e+10 374275 0.000296004
1e+07 3.75715e+10 375715 0.000279598
1e+07 3.7716e+10 377160 0.000264058
1e+07 3.78611e+10 378611 0.00024933
1e+07 3.80067e+10 380067 0.000235385
1e+07 3.81529e+10 381529 0.000222175
1e+07 3.82996e+10 382996 0.000209672
1e+07 3.84469e+10 384469 0.000197832
1e+07 3.85948e+10 385948 0.000186622
1e+07 3.87433e+10 387433 0.000176012
1e+07 3.88923e+10 388923 0.000165978
1e+07 3.90419e+10 390419 0.000156484
1e+07 3.9192e+10 391920 0.000147509
1e+07 3.93428e+10 393428 0.000139015
1e+07 3.94941e+10 394941 0.000130989
1e+07 3.9646e+10 396460 0.000123401
1e+07 3.97985e+10 397985 0.000116229
1e+07 3.99516e+10 399516 0.000109452
1e+07 4.01052e+10 401052 0.000103053
1e+07 4.02595e+10 402595 9.7005e-05
1e+07 4.04143e+10 404143 9.1297e-05
1e+07 4.05698e+10 405698 8.59042e-05
1e+07 4.07258e+10 407258 8.08168e-05
1e+07 4.08825e+10 408825 7.60124e-05
1e+07 4.10397e+10 410397 7.1482e-05
1e+07 4.11976e+10 411976 6.72055e-05
1e+07 4.1356e+10 413560 6.31746e-05
1e+07 4.15151e+10 415151 5.93712e-05
1e+07 4.16748e+10 416748 5.57856e-05
1e+07 4.18351e+10 418351 5.2406e-05
1e+07 4.1996e+10 419960 4.92212e-05
1e+07 4.21575e+10 421575 4.62208e-05
1e+07 4.23197e+10 423197 4.33929e-05
1e+07 4.24824e+10 424824 4.07315e-05
1e+07 4.26458e+10 426458 3.82242e-05
1e+07 4.28099e+10 428099 3.58626e-05
1e+07 4.29745e+10 429745 3.36416e-05
1e+07 4.31398e+10 431398 3.15506e-05
1e+07 4.33057e+10 433057 2.95836e-05
1e+07 4.34723e+10 434723 2.77328e-05
1e+07 4.36395e+10 436395 2.59925e-05
1e+07 4.38074e+10 438074 2.43556e-05
1e+07 4.39759e+10 439759 2.28173e-05
1e+07 4.4145e+10 441450 2.13719e-05
1e+07 4.43148e+10 443148 2.00133e-05
1e+07 4.44853e+10 444853 1.87367e-05
1e+07 4.46564e+10 446564 1.7538e-05
1e+07 4.48281e+10 448281 1.64127e-05
1e+07 4.50005e+10 450005 1.53561e-05
1e+07 4.51736e+10 451736 1.43641e-05
1e+07 4.53474e+10 453474 1.3433e-05
1e+07 4.55218e+10 455218 1.25597e-05
1e+07 4.56969e+10 456969 1.17405e-05
1e+07 4.58727e+10 458727 1.09721e-05
1e+07 4.60491e+10 460491 1.0252e-05
1e+07 4.62262e+10 462262 9.57693e-06
1e+07 4.6404e+10 464040 8.9442e-06
1e+07 4.65825e+10 465825 8.35133e-06
1e+07 4.67617e+10 467617 7.79592e-06
1e+07 4.69415e+10 469415 7.27603e-06
1e+07 4.71221e+10 471221 6.78897e-06
1e+07 4.73033e+10 473033 6.33328e-06
1e+07 4.74853e+10 474853 5.90658e-06
1e+07 4.76679e+10 476679 5.50755e-06
1e+07 4.78513e+10 478513 5.13409e-06
1e+07 4.80353e+10 480353 4.78503e-06
1e+07 4.82201e+10 482201 4.4585e-06
1e+07 4.84055e+10 484055 4.15345e-06
1e+07 4.85917e+10 485917 3.86823e-06
1e+07 4.87786e+10 487786 3.60177e-06
1e+07 4.89662e+10 489662 3.3529e-06
1e+07 4.91546e+10 491546 3.12039e-06
1e+07 4.93436e+10 493436 2.90344e-06
1e+07 4.95334e+10 495334 2.70086e-06
1e+07 4.97239e+10 497239 2.51185e-06
1e+07 4.99152e+10 499152 2.33544e-06
1e+07 5.01072e+10 501072 2.17093e-06
1e+07 5.02999e+10 502999 2.01755e-06
1e+07 5.04934e+10 504934 1.87452e-06
1e+07 5.06876e+10 506876 1.74123e-06
1e+07 5.08825e+10 508825 1.61706e-06
1e+07 5.10783e+10 510783 1.5013e-06
1e+07 5.12747e+10 512747 1.39357e-06
1e+07 5.14719e+10 514719 1.29323e-06
1e+07 5.16699e+10 516699 1.19981e-06
1e+07 5.18687e+10 518687 1.11285e-06
1e+07 5.20682e+10 520682 1.03197e-06
1e+07 5.22684e+10 522684 9.56766e-07
1e+07 5.24695e+10 524695 8.86783e-07
1e+07 5.26713e+10 526713 8.21743e-07
1e+07 5.28739e+10 528739 7.61284e-07
1e+07 5.30772e+10 530772 7.05127e-07
1e+07 5.32814e+10 532814 6.52927e-07
1e+07 5.34863e+10 534863 6.04469e-07
1e+07 5.3692e+10 536920 5.59473e-07
1e+07 5.38986e+10 538986 5.17683e-07
1e+07 5.41059e+10 541059 4.7892e-07
1e+07 5.4314e+10 543140 4.42958e-07
1e+07 5.45229e+10 545229 4.09602e-07
1e+07 5.47326e+10 547326 3.78673e-07
1e+07 5.49431e+10 549431 3.50003e-07
1e+07 5.51544e+10 551544 3.23433e-07
1e+07 5.53666e+10 553666 2.98807e-07
1e+07 5.55795e+10 555795 2.76008e-07
1e+07 5.57933e+10 557933 2.54889e-07
1e+07 5.60079e+10 560079 2.35339e-07
1e+07 5.62233e+10 562233 2.17249e-07
1e+07 5.64396e+10 564396 2.00505e-07
1e+07 5.66567e+10 566567 1.85019e-07
1e+07 5.68746e+10 568746 1.70701e-07
1e+07 5.70934e+10 570934 1.57461e-07
1e+07 5.73129e+10 573129 1.45232e-07
1e+07 5.75334e+10 575334 1.33926e-07
1e+07 5.77547e+10 577547 1.23484e-07
1e+07 5.79768e+10 579768 1.13844e-07
1e+07 5.81998e+10 581998 1.04943e-07
1e+07 5.84237e+10 584237 9.67261e-08
1e+07 5.86484e+10 586484 8.91472e-08
1e+07 5.8874e+10 588740 8.21555e-08
1e+07 5.91004e+10 591004 7.57103e-08
1e+07 5.93277e+10 593277 6.97681e-08
1e+07 5.95559e+10 595559 6.42913e-08
1e+07 5.9785e+10 597850 5.9245e-08
1e+07 6.00149e+10 600149 5.45988e-08
1e+07 6.02458e+10 602458 5.03186e-08
1e+07 6.04775e+10 604775 4.63802e-08
1e+07 6.07101e+10 607101 4.27558e-08
1e+07 6.09436e+10 609436 3.94216e-08
1e+07 6.1178e+10 611780 3.63551e-08
1e+07 6.14133e+10 614133 3.35358e-08
1e+07 6.16496e+10 616496 3.09435e-08
1e+07 6.18867e+10 618867 2.85627e-08
1e+07 6.21247e+10 621247 2.63759e-08
1e+07 6.23637e+10 623637 2.4367e-08
1e+07 6.26035e+10 626035 2.25238e-08
1e+07 6.28443e+10 628443 2.08318e-08
1e+07 6.3086e+10 630860 1.92795e-08
1e+07 6.33287e+10 633287 1.78555e-08
1e+07 6.35723e+10 635723 1.655e-08
1e+07 6.38168e+10 638168 1.53536e-08
1e+07 6.40623e+10 640623 1.42571e-08
1e+07 6.43087e+10 643087 1.32529e-08
1e+07 6.4556e+10 645560 1.23334e-08
1e+07 6.48043e+10 648043 1.14916e-08
1e+07 6.50536e+10 650536 1.0721e-08
1e+07 6.53038e+10 653038 1.00163e-08
1e+07 6.5555e+10 655550 9.37163e-09
1e+07 6.58071e+10 658071 8.78241e-09
1e+07 6.60602e+10 660602 8.24382e-09
1e+07 6.63143e+10 663143 7.75167e-09
1e+07 6.65694e+10 665694 7.30211e-09
1e+07 6.68254e+10 668254 6.89177e-09
1e+07 6.70824e+10 670824 6.51719e-09
1e+07 6.73405e+10 673405 6.17525e-09
1e+07 6.75995e+10 675995 5.86345e-09
1e+07 6.78595e+10 678595 5.57913e-09
1e+07 6.81205e+10 681205 5.31994e-09
1e+07 6.83825e+10 683825 5.08376e-09
1e+07 6.86455e+10 686455 4.86862e-09
1e+07 6.89096e+10 689096 4.67263e-09
1e+07 6.91746e+10 691746 4.49429e-09
1e+07 6.94407e+10 694407 4.33194e-09
1e+07 6.97078e+10 697078 4.18426e-09
1e+07 6.99759e+10 699759 4.04998e-09
1e+07 7.0245e+10 702450 3.92791e-09
1e+07 7.05152e+10 705152 3.81695e-09
1e+07 7.07864e+10 707864 3.71616e-09
1e+07 7.10587e+10 710587 3.62461e-09
1e+07 7.1332e+10 713320 3.54151e-09
1e+07 7.16064e+10 716064 3.46608e-09
1e+07 7.18818e+10 718818 3.39766e-09
1e+07 7.21583e+10 721583 3.3356e-09
1e+07 7.24358e+10 724358 3.27936e-09
1e+07 7.27144e+10 727144 3.22838e-09
1e+07 7.29941e+10 729941 3.18219e-09
1e+07 7.32749e+10 732749 3.14036e-09
1e+07 7.35567e+10 735567 3.1025e-09
1e+07 7.38396e+10 738396 3.06789e-09
1e+07 7.41236e+10 741236 3.03459e-09
1e+07 7.44087e+10 744087 3.00115e-09
1e+07 7.46949e+10 746949 2.96759e-09
1e+07 7.49822e+10 749822 2.9339e-09
1e+07 7.52706e+10 752706 2.90008e-09
1e+07 7.55601e+10 755601 2.86613e-09
1e+07 7.58508e+10 758508 2.83204e-09
1e+07 7.61425e+10 761425 2.79783e-09
1e+07 7.64354e+10 764354 2.76348e-09
1e+07 7.67294e+10 767294 2.729e-09
1e+07 7.70245e+10 770245 2.69439e-09
1e+07 7.73208e+10 773208 2.65965e-09
1e+07 7.76182e+10 776182 2.62477e-09
1e+07 7.79167e+10 779167 2.58976e-09
1e+07 7.82164e+10 782164 2.55462e-09
1e+07 7.85172e+10 785172 2.51934e-09
1e+07 7.88192e+10 788192 2.48392e-09
1e+07 7.91224e+10 791224 2.44837e-09
1e+07 7.94267e+10 794267 2.41268e-09
1e+07 7.97322e+10 797322 2.37685e-09
1e+07 8.00389e+10 800389 2.34089e-09
1e+07 8.03468e+10 803468 2.30478e-09
1e+07 8.06558e+10 806558 2.26854e-09
1e+07 8.0966e+10 809660 2.23216e-09
1e+07 8.12774e+10 812774 2.19564e-09
1e+07 8.15901e+10 815901 2.15897e-09
1e+07 8.19039e+10 819039 2.12217e-09
1e+07 8.22189e+10 822189 2.08523e-09
1e+07 8.25351e+10 825351 2.04815e-09
1e+07 8.28526e+10 828526 2.01092e-09
1e+07 8.31713e+10 831713 1.97354e-09
1e+07 8.34912e+10 834912 1.93603e-09
1e+07 8.38123e+10 838123 1.89837e-09
1e+07 8.41347e+10 841347 1.86056e-09
1e+07 8.44583e+10 844583 1.82261e-09
1e+07 8.47831e+10 847831 1.78452e-09
1e+07 8.51092e+10 851092 1.74628e-09
1e+07 8.54366e+10 854366 1.70789e-09
1e+07 8.57652e+10 857652 1.66935e-09
1e+07 8.60951e+10 860951 1.63066e-09
1e+07 8.64262e+10 864262 1.59183e-09
1e+07 8.67586e+10 867586 1.55285e-09
1e+07 8.70923e+10 870923 1.51372e-09
1e+07 8.74273e+10 874273 1.47443e-09
1e+07 8.77636e+10 877636 1.43499e-09
1e+07 8.81012e+10 881012 1.3954e-09
1e+07 8.844e+10 884400 1.35567e-09
1e+07 8.87802e+10 887802 1.31577e-09
1e+07 8.91217e+10 891217 1.27572e-09
1e+07 8.94645e+10 894645 1.23552e-09
1e+07 8.98086e+10 898086 1.19517e-09
1e+07 9.0154e+10 901540 1.15466e-09
1e+07 9.05008e+10 905008 1.11399e-09
1e+07 9.08489e+10 908489 1.07317e-09
1e+07 9.11983e+10 911983 1.0322e-09
1e+07 9.15491e+10 915491 9.91058e-10
1e+07 9.19012e+10 919012 9.49766e-10
1e+07 9.22547e+10 922547 9.0831e-10
1e+07 9.26095e+10 926095 8.66702e-10
1e+07 9.29657e+10 929657 8.24929e-10
1e+07 9.33233e+10 933233 7.82993e-10
1e+07 9.36822e+10 936822 7.40904e-10
1e+07 9.40426e+10 940426 6.98639e-10
1e+07 9.44043e+10 944043 6.56221e-10
1e+07 9.47674e+10 947674 6.1364e-10
1e+07 9.51319e+10 951319 5.70894e-10
1e+07 9.54978e+10 954978 5.27984e-10
1e+07 9.58651e+10 958651 4.8491e-10
1e+07 9.62338e+10 962338 4.41671e-10
1e+07 9.6604e+10 966040 3.98257e-10
1e+07 9.69755e+10 969755 3.5469e-10
1e+07 9.73485e+10 973485 3.10948e-10
1e+07 9.7723e+10 977230 2.67029e-10
1e+07 9.80988e+10 980988 2.22958e-10
1e+07 9.84762e+10 984762 1.787e-10
1e+07 9.88549e+10 988549 1.34289e-10
1e+07 9.92352e+10 992352 8.969e-11
1e+07 9.96168e+10 996168 4.49388e-11
1e+07 1e+11 1e+06 0

1e+08 1e+06 10 1.03678e+10
1e+08 1.00385e+06 10.0385 1.03082e+10
1e+08 1.00771e+06 10.0771 1.0249e+10
1e+08 1.01158e+06 10.1158 1.01902e+10
1e+08 1.01547e+06 10.1547 1.01317e+10
1e+08 1.01938e+06 10.1938 1.00734e+10
1e+08 1.0233e+06 10.233 1.00155e+10
1e+08 1.02724e+06 10.2724 9.95791e+09
1e+08 1.03119e+06 10.3119 9.90071e+09
1e+08 1.03515e+06 10.3515 9.84391e+09
1e+08 1.03914e+06 10.3914 9.78723e+09
1e+08 1.04313e+06 10.4313 9.73109e+09
1e+08 1.04714e+06 10.4714 9.67521e+09
1e+08 1.05117e+06 10.5117 9.61959e+09
1e+08 1.05522e+06 10.5522 9.56422e+09
1e+08 1.05927e+06 10.5927 9.50939e+09
1e+08 1.06335e+06 10.6335 9.45467e+09
1e+08 1.06744e+06 10.6744 9.40035e+09
1e+08 1.07154e+06 10.7154 9.34641e+09
1e+08 1.07567e+06 10.7567 9.2926e+09
1e+08 1.0798e+06 10.798 9.2393e+09
1e+08 1.08396e+06 10.8396 9.18612e+09
1e+08 1.08813e+06 10.8813 9.13333e+09
1e+08 1.09231e+06 10.9231 9.08092e+09
1e+08 1.09651e+06 10.9651 9.02876e+09
1e+08 1.10073e+06 11.0073 8.97685e+09
1e+08 1.10496e+06 11.0496 8.92531e+09
1e+08 1.10921e+06 11.0921 8.87403e+09
1e+08 1.11348e+06 11.1348 8.823e+09
1e+08 1.11776e+06 11.1776 8.77233e+09
1e+08 1.12206e+06 11.2206 8.72192e+09
1e+08 1.12638e+06 11.2638 8.67175e+09
1e+08 1.13071e+06 11.3071 8.62195e+09
1e+08 1.13506e+06 11.3506 8.5724e+09
1e+08 1.13942e+06 11.3942 8.52321e+09
1e+08 1.14381e+06 11.4381 8.47415e+09
1e+08 1.14821e+06 11.4821 8.42545e+09
1e+08 1.15262e+06 11.5262 8.37711e+09
1e+08 1.15706e+06 11.5706 8.3289e+09
1e+08 1.16151e+06 11.6151 8.28104e+09
1e+08 1.16597e+06 11.6597 8.23354e+09
1e+08 1.17046e+06 11.7046 8.18617e+09
1e+08 1.17496e+06 11.7496 8.13915e+09
1e+08 1.17948e+06 11.7948 8.09238e+09
1e+08 1.18402e+06 11.8402 8.04584e+09
1e+08 1.18857e+06 11.8857 7.99965e+09
1e+08 1.19314e+06 11.9314 7.9537e+09
1e+08 1.19773e+06 11.9773 7.90799e+09
1e+08 1.20234e+06 12.0234 7.86251e+09
1e+08 1.20696e+06 12.0696 7.81738e+09
1e+08 1.21161e+06 12.1161 7.77238e+09
1e+08 1.21627e+06 12.1627 7.72772e+09
1e+08 1.22094e+06 12.2094 7.68339e+09
1e+08 1.22564e+06 12.2564 7.63921e+09
1e+08 1.23035e+06 12.3035 7.59535e+09
1e+08 1.23509e+06 12.3509 7.55163e+09
1e+08 1.23984e+06 12.3984 7.50824e+09
1e+08 1.24461e+06 12.4461 7.46508e+09
1e+08 1.24939e+06 12.4939 7.42225e+09
1e+08 1.2542e+06 12.542 7.37956e+09
1e+08 1.25902e+06 12.5902 7.33719e+09
1e+08 1.26386e+06 12.6386 7.29505e+09
1e+08 1.26873e+06 12.6873 7.25305e+09
1e+08 1.27361e+06 12.7361 7.21137e+09
1e+08 1.2785e+06 12.785 7.17e+09
1e+08 1.28342e+06 12.8342 7.12878e+09
1e+08 1.28836e+06 12.8836 7.08778e+09
1e+08 1.29331e+06 12.9331 7.0471e+09
1e+08 1.29829e+06 12.9829 7.00656e+09
1e+08 1.30328e+06 13.0328 6.96632e+09
1e+08 1.30829e+06 13.0829 6.92631e+09
1e+08 1.31333e+06 13.1333 6.88644e+09
1e+08 1.31838e+06 13.1838 6.84688e+09
1e+08 1.32345e+06 13.2345 6.80754e+09
1e+08 1.32854e+06 13.2854 6.76842e+09
1e+08 1.33365e+06 13.3365 6.72953e+09
1e+08 1.33878e+06 13.3878 6.69085e+09
1e+08 1.34393e+06 13.4393 6.6524e+09
1e+08 1.3491e+06 13.491 6.61416e+09
1e+08 1.35429e+06 13.5429 6.57614e+09
1e+08 1.3595e+06 13.595 6.53834e+09
1e+08 1.36472e+06 13.6472 6.50083e+09
1e+08 1.36997e+06 13.6997 6.46347e+09
1e+08 1.37524e+06 13.7524 6.42632e+09
1e+08 1.38053e+06 13.8053 6.38938e+09
1e+08 1.38584e+06 13.8584 6.35266e+09
1e+08 1.39117e+06 13.9117 6.31616e+09
1e+08 1.39652e+06 13.9652 6.27986e+09
1e+08 1.4019e+06 14.019 6.24372e+09
1e+08 1.40729e+06 14.0729 6.20785e+09
1e+08 1.4127e+06 14.127 6.17219e+09
1e+08 1.41813e+06 14.1813 6.13674e+09
1e+08 1.42359e+06 14.2359 6.10144e+09
1e+08 1.42906e+06 14.2906 6.06641e+09
1e+08 1.43456e+06 14.3456 6.03152e+09
1e+08 1.44008e+06 14.4008 5.99685e+09
1e+08 1.44562e+06 14.4562 5.96237e+09
1e+08 1.45118e+06 14.5118 5.92811e+09
1e+08 1.45676e+06 14.5676 5.89405e+09
1e+08 1.46236e+06 14.6236 5.86019e+09
1e+08 1.46799e+06 14.6799 5.82648e+09
1e+08 1.47363e+06 14.7363 5.79303e+09
1e+08 1.4793e+06 14.793 5.75973e+09
1e+08 1.48499e+06 14.8499 5.72662e+09
1e+08 1.4907e+06 14.907 5.69372e+09
1e+08 1.49644e+06 14.9644 5.66096e+09
1e+08 1.50219e+06 15.0219 5.62846e+09
1e+08 1.50797e+06 15.0797 5.5961e+09
1e+08 1.51377e+06 15.1377 5.56394e+09
1e+08 1.51959e+06 15.1959 5.53197e+09
1e+08 1.52544e+06 15.2544 5.50015e+09
1e+08 1.5313e+06 15.313 5.46858e+09
1e+08 1.53719e+06 15.3719 5.43715e+09
1e+08 1.54311e+06 15.4311 5.40586e+09
1e+08 1.54904e+06 15.4904 5.37481e+09
1e+08 1.555e+06 15.55 5.34391e+09
1e+08 1.56098e+06 15.6098 5.3132e+09
1e+08 1.56699e+06 15.6699 5.28263e+09
1e+08 1.57301e+06 15.7301 5.25231e+09
1e+08 1.57906e+06 15.7906 5.22212e+09
1e+08 1.58514e+06 15.8514 5.19207e+09
1e+08 1.59123e+06 15.9123 5.16226e+09
1e+08 1.59735e+06 15.9735 5.1326e+09
1e+08 1.6035e+06 16.035 5.10307e+09
1e+08 1.60967e+06 16.0967 5.07372e+09
1e+08 1.61586e+06 16.1586 5.04457e+09
1e+08 1.62207e+06 16.2207 5.01559e+09
1e+08 1.62831e+06 16.2831 4.98676e+09
1e+08 1.63457e+06 16.3457 4.95811e+09
1e+08 1.64086e+06 16.4086 4.9296e+09
1e+08 1.64717e+06 16.4717 4.90127e+09
1e+08 1.65351e+06 16.5351 4.87308e+09
1e+08 1.65987e+06 16.5987 4.84507e+09
1e+08 1.66625e+06 16.6625 4.81724e+09
1e+08 1.67266e+06 16.7266 4.78954e+09
1e+08 1.67909e+06 16.7909 4.76203e+09
1e+08 1.68555e+06 16.8555 4.73465e+09
1e+08 1.69204e+06 16.9204 4.70741e+09
1e+08 1.69854e+06 16.9854 4.68038e+09
1e+08 1.70508e+06 17.0508 4.65345e+09
1e+08 1.71163e+06 17.1163 4.62674e+09
1e+08 1.71822e+06 17.1822 4.60011e+09
1e+08 1.72483e+06 17.2483 4.57367e+09
1e+08 1.73146e+06 17.3146 4.54739e+09
1e+08 1.73812e+06 17.3812 4.52125e+09
1e+08 1.74481e+06 17.4481 4.49525e+09
1e+08 1.75152e+06 17.5152 4.46941e+09
1e+08 1.75825e+06 17.5825 4.44374e+09
1e+08 1.76502e+06 17.6502 4.41817e+09
1e+08 1.77181e+06 17.7181 4.39277e+09
1e+08 1.77862e+06 17.7862 4.36754e+09
1e+08 1.78546e+06 17.8546 4.34244e+09
1e+08 1.79233e+06 17.9233 4.31747e+09
1e+08 1.79922e+06 17.9922 4.29266e+09
1e+08 1.80614e+06 18.0614 4.26799e+09
1e+08 1.81309e+06 18.1309 4.24344e+09
1e+08 1.82006e+06 18.2006 4.21906e+09
1e+08 1.82706e+06 18.2706 4.19481e+09
1e+08 1.83409e+06 18.3409 4.17069e+09
1e+08 1.84115e+06 18.4115 4.14669e+09
1e+08 1.84823e+06 18.4823 4.12286e+09
1e+08 1.85534e+06 18.5534 4.09916e+09
1e+08 1.86247e+06 18.6247 4.07561e+09
1e+08 1.86964e+06 18.6964 4.05216e+09
1e+08 1.87683e+06 18.7683 4.02887e+09
1e+08 1.88405e+06 18.8405 4.00571e+09
1e+08 1.89129e+06 18.9129 3.9827e+09
1e+08 1.89857e+06 18.9857 3.95979e+09
1e+08 1.90587e+06 19.0587 3.93703e+09
1e+08 1.9132e+06 19.132 3.9144e+09
1e+08 1.92056e+06 19.2056 3.89189e+09
1e+08 1.92795e+06 19.2795 3.86951e+09
1e+08 1.93536e+06 19.3536 3.84728e+09
1e+08 1.94281e+06 19.4281 3.82514e+09
1e+08 1.95028e+06 19.5028 3.80316e+09
1e+08 1.95778e+06 19.5778 3.7813e+09
1e+08 1.96531e+06 19.6531 3.75956e+09
1e+08 1.97287e+06 19.7287 3.73795e+09
1e+08 1.98046e+06 19.8046 3.71645e+09
1e+08 1.98808e+06 19.8808 3.69508e+09
1e+08 1.99572e+06 19.9572 3.67385e+09
1e+08 2.0034e+06 20.034 3.65272e+09
1e+08 2.0111e+06 20.111 3.63174e+09
1e+08 2.01884e+06 20.1884 3.61084e+09
1e+08 2.0266e+06 20.266 3.5901e+09
1e+08 2.0344e+06 20.344 3.56944e+09
1e+08 2.04222e+06 20.4222 3.54894e+09
1e+08 2.05008e+06 20.5008 3.52852e+09
1e+08 2.05796e+06 20.5796 3.50825e+09
1e+08 2.06588e+06 20.6588 3.48806e+09
1e+08 2.07383e+06 20.7383 3.468e+09
1e+08 2.0818e+06 20.818 3.44808e+09
1e+08 2.08981e+06 20.8981 3.42825e+09
1e+08 2.09785e+06 20.9785 3.40853e+09
1e+08 2.10592e+06 21.0592 3.38893e+09
1e+08 2.11402e+06 21.1402 3.36945e+09
1e+08 2.12215e+06 21.2215 3.35008e+09
1e+08 2.13031e+06 21.3031 3.33082e+09
1e+08 2.1385e+06 21.385 3.31168e+09
1e+08 2.14673e+06 21.4673 3.29263e+09
1e+08 2.15499e+06 21.5499 3.27369e+09
1e+08 2.16327e+06 21.6327 3.25488e+09
1e+08 2.1716e+06 21.716 3.23615e+09
1e+08 2.17995e+06 21.7995 3.21755e+09
1e+08 2.18833e+06 21.8833 3.19906e+09
1e+08 2.19675e+06 21.9675 3.18066e+09
1e+08 2.2052e+06 22.052 3.16237e+09
1e+08 2.21368e+06 22.1368 3.14419e+09
1e+08 2.2222e+06 22.222 3.1261e+09
1e+08 2.23074e+06 22.3074 3.10814e+09
1e+08 2.23932e+06 22.3932 3.09027e+09
1e+08 2.24794e+06 22.4794 3.07248e+09
1e+08 2.25658e+06 22.5658 3.05483e+09
1e+08 2.26526e+06 22.6526 3.03726e+09
1e+08 2.27397e+06 22.7397 3.0198e+09
1e+08 2.28272e+06 22.8272 3.00243e+09
1e+08 2.2915e+06 22.915 2.98517e+09
1e+08 2.30031e+06 23.0031 2.96801e+09
1e+08 2.30916e+06 23.0916 2.95094e+09
1e+08 2.31804e+06 23.1804 2.93397e+09
1e+08 2.32696e+06 23.2696 2.91709e+09
1e+08 2.33591e+06 23.3591 2.90032e+09
1e+08 2.34489e+06 23.4489 2.88365e+09
1e+08 2.35391e+06 23.5391 2.86707e+09
1e+08 2.36297e+06 23.6297 2.85057e+09
1e+08 2.37206e+06 23.7206 2.83417e+09
1e+08 2.38118e+06 23.8118 2.81788e+09
1e+08 2.39034e+06 23.9034 2.80168e+09
1e+08 2.39953e+06 23.9953 2.78557e+09
1e+08 2.40876e+06 24.0876 2.76955e+09
1e+08 2.41803e+06 24.1803 2.75362e+09
1e+08 2.42733e+06 24.2733 2.73778e+09
1e+08 2.43666e+06 24.3666 2.72205e+09
1e+08 2.44604e+06 24.4604 2.70638e+09
1e+08 2.45544e+06 24.5544 2.69083e+09
1e+08 2.46489e+06 24.6489 2.67535e+09
1e+08 2.47437e+06 24.7437 2.65996e+09
1e+08 2.48389e+06 24.8389 2.64466e+09
1e+08 2.49344e+06 24.9344 2.62946e+09
1e+08 2.50303e+06 25.0303 2.61434e+09
1e+08 2.51266e+06 25.1266 2.5993e+09
1e+08 2.52232e+06 25.2232 2.58436e+09
1e+08 2.53202e+06 25.3202 2.5695e+09
1e+08 2.54176e+06 25.4176 2.55472e+09
1e+08 2.55154e+06 25.5154 2.54002e+09
1e+08 2.56135e+06 25.6135 2.52542e+09
1e+08 2.57121e+06 25.7121 2.51088e+09
1e+08 2.58109e+06 25.8109 2.49646e+09
1e+08 2.59102e+06 25.9102 2.4821e+09
1e+08 2.60099e+06 26.0099 2.46781e+09
1e+08 2.61099e+06 26.1099 2.45363e+09
1e+08 2.62104e+06 26.2104 2.43951e+09
1e+08 2.63112e+06 26.3112 2.42548e+09
1e+08 2.64124e+06 26.4124 2.41153e+09
1e+08 2.6514e+06 26.514 2.39766e+09
1e+08 2.66159e+06 26.6159 2.38388e+09
1e+08 2.67183e+06 26.7183 2.37016e+09
1e+08 2.68211e+06 26.8211 2.35653e+09
1e+08 2.69242e+06 26.9242 2.34298e+09
1e+08 2.70278e+06 27.0278 2.3295e+09
1e+08 2.71318e+06 27.1318 2.31609e+09
1e+08 2.72361e+06 27.2361 2.30278e+09
1e+08 2.73409e+06 27.3409 2.28953e+09
1e+08 2.7446e+06 27.446 2.27637e+09
1e+08 2.75516e+06 27.5516 2.26327e+09
1e+08 2.76576e+06 27.6576 2.25025e+09
1e+08 2.77639e+06 27.7639 2.23732e+09
1e+08 2.78707e+06 27.8707 2.22445e+09
1e+08 2.79779e+06 27.9779 2.21165e+09
1e+08 2.80855e+06 28.0855 2.19893e+09
1e+08 2.81936e+06 28.1936 2.18627e+09
1e+08 2.8302e+06 28.302 2.1737e+09
1e+08 2.84109e+06 28.4109 2.16119e+09
1e+08 2.85201e+06 28.5201 2.14877e+09
1e+08 2.86298e+06 28.6298 2.13641e+09
1e+08 2.874e+06 28.74 2.12411e+09
1e+08 2.88505e+06 28.8505 2.1119e+09
1e+08 2.89615e+06 28.9615 2.09975e+09
1e+08 2.90729e+06 29.0729 2.08767e+09
1e+08 2.91847e+06 29.1847 2.07566e+09
1e+08 2.92969e+06 29.2969 2.06373e+09
1e+08 2.94096e+06 29.4096 2.05185e+09
1e+08 2.95227e+06 29.5227 2.04005e+09
1e+08 2.96363e+06 29.6363 2.02831e+09
1e+08 2.97503e+06 29.7503 2.01664e+09
1e+08 2.98647e+06 29.8647 2.00505e+09
1e+08 2.99796e+06 29.9796 1.99351e+09
1e+08 3.00949e+06 30.0949 1.98204e+09
1e+08 3.02106e+06 30.2106 1.97064e+09
1e+08 3.03268e+06 30.3268 1.95931e+09
1e+08 3.04435e+06 30.4435 1.94803e+09
1e+08 3.05606e+06 30.5606 1.93682e+09
1e+08 3.06781e+06 30.6781 1.92569e+09
1e+08 3.07961e+06 30.7961 1.91461e+09
1e+08 3.09146e+06 30.9146 1.90359e+09
1e+08 3.10335e+06 31.0335 1.89264e+09
1e+08 3.11529e+06 31.1529 1.88175e+09
1e+08 3.12727e+06 31.2727 1.87092e+09
1e+08 3.1393e+06 31.393 1.86016e+09
1e+08 3.15137e+06 31.5137 1.84946e+09
1e+08 3.16349e+06 31.6349 1.83882e+09
1e+08 3.17566e+06 31.7566 1.82824e+09
1e+08 3.18787e+06 31.8787 1.81772e+09
1e+08 3.20014e+06 32.0014 1.80726e+09
1e+08 3.21244e+06 32.1244 1.79687e+09
1e+08 3.2248e+06 32.248 1.78653e+09
1e+08 3.2372e+06 32.372 1.77625e+09
1e+08 3.24966e+06 32.4966 1.76602e+09
1e+08 3.26215e+06 32.6215 1.75587e+09
1e+08 3.2747e+06 32.747 1.74576e+09
1e+08 3.2873e+06 32.873 1.73572e+09
1e+08 3.29994e+06 32.9994 1.72573e+09
1e+08 3.31263e+06 33.1263 1.71581e+09
1e+08 3.32537e+06 33.2537 1.70593e+09
1e+08 3.33817e+06 33.3817 1.69611e+09
1e+08 3.351e+06 33.51 1.68636e+09
1e+08 3.36389e+06 33.6389 1.67666e+09
1e+08 3.37683e+06 33.7683 1.66701e+09
1e+08 3.38982e+06 33.8982 1.65741e+09
1e+08 3.40286e+06 34.0286 1.64788e+09
1e+08 3.41595e+06 34.1595 1.63839e+09
1e+08 3.42909e+06 34.2909 1.62896e+09
1e+08 3.44228e+06 34.4228 1.61959e+09
1e+08 3.45552e+06 34.5552 1.61027e+09
1e+08 3.46881e+06 34.6881 1.601e+09
1e+08 3.48215e+06 34.8215 1.59179e+09
1e+08 3.49554e+06 34.9554 1.58264e+09
1e+08 3.50899e+06 35.0899 1.57353e+09
1e+08 3.52248e+06 35.2248 1.56447e+09
1e+08 3.53603e+06 35.3603 1.55547e+09
1e+08 3.54963e+06 35.4963 1.54652e+09
1e+08 3.56329e+06 35.6329 1.53762e+09
1e+08 3.57699e+06 35.7699 1.52877e+09
1e+08 3.59075e+06 35.9075 1.51997e+09
1e+08 3.60456e+06 36.0456 1.51123e+09
1e+08 3.61842e+06 36.1842 1.50253e+09
1e+08 3.63234e+06 36.3234 1.49388e+09
1e+08 3.64631e+06 36.4631 1.48529e+09
1e+08 3.66034e+06 36.6034 1.47674e+09
1e+08 3.67442e+06 36.7442 1.46824e+09
1e+08 3.68855e+06 36.8855 1.45979e+09
1e+08 3.70274e+06 37.0274 1.45139e+09
1e+08 3.71698e+06 37.1698 1.44303e+09
1e+08 3.73128e+06 37.3128 1.43473e+09
1e+08 3.74563e+06 37.4563 1.42647e+09
1e+08 3.76003e+06 37.6003 1.41826e+09
1e+08 3.7745e+06 37.745 1.4101e+09
1e+08 3.78901e+06 37.8901 1.40199e+09
1e+08 3.80359e+06 38.0359 1.39391e+09
1e+08 3.81822e+06 38.1822 1.38589e+09
1e+08 3.8329e+06 38.329 1.37792e+09
1e+08 3.84765e+06 38.4765 1.36998e+09
1e+08 3.86244e+06 38.6244 1.3621e+09
1e+08 3.8773e+06 38.773 1.35426e+09
1e+08 3.89221e+06 38.9221 1.34647e+09
1e+08 3.90718e+06 39.0718 1.33872e+09
1e+08 3.92221e+06 39.2221 1.33101e+09
1e+08 3.9373e+06 39.373 1.32335e+09
1e+08 3.95244e+06 39.5244 1.31573e+09
1e+08 3.96765e+06 39.6765 1.30816e+09
1e+08 3.98291e+06 39.8291 1.30063e+09
1e+08 3.99823e+06 39.9823 1.29314e+09
1e+08 4.0136e+06 40.136 1.2857e+09
1e+08 4.02904e+06 40.2904 1.2783e+09
1e+08 4.04454e+06 40.4454 1.27094e+09
1e+08 4.06009e+06 40.6009 1.26362e+09
1e+08 4.07571e+06 40.7571 1.25635e+09
1e+08 4.09139e+06 40.9139 1.24911e+09
1e+08 4.10712e+06 41.0712 1.24193e+09
1e+08 4.12292e+06 41.2292 1.23478e+09
1e+08 4.13878e+06 41.3878 1.22767e+09
1e+08 4.1547e+06 41.547 1.2206e+09
1e+08 4.17068e+06 41.7068 1.21357e+09
1e+08 4.18672e+06 41.8672 1.20659e+09
1e+08 4.20282e+06 42.0282 1.19964e+09
1e+08 4.21899e+06 42.1899 1.19274e+09
1e+08 4.23522e+06 42.3522 1.18587e+09
1e+08 4.25151e+06 42.5151 1.17904e+09
1e+08 4.26786e+06 42.6786 1.17225e+09
1e+08 4.28427e+06 42.8427 1.16551e+09
1e+08 4.30075e+06 43.0075 1.1588e+09
1e+08 4.3173e+06 43.173 1.15212e+09
1e+08 4.3339e+06 43.339 1.14549e+09
1e+08 4.35057e+06 43.5057 1.1389e+09
1e+08 4.3673e+06 43.673 1.13234e+09
1e+08 4.3841e+06 43.841 1.12582e+09
1e+08 4.40096e+06 44.0096 1.11934e+09
1e+08 4.41789e+06 44.1789 1.11289e+09
1e+08 4.43488e+06 44.3488 1.10649e+09
1e+08 4.45194e+06 44.5194 1.10011e+09
1e+08 4.46907e+06 44.6907 1.09378e+09
1e+08 4.48626e+06 44.8626 1.08748e+09
1e+08 4.50351e+06 45.0351 1.08122e+09
1e+08 4.52083e+06 45.2083 1.075e+09
1e+08 4.53822e+06 45.3822 1.0688e+09
1e+08 4.55568e+06 45.5568 1.06265e+09
1e+08 4.5732e+06 45.732 1.05653e+09
1e+08 4.59079e+06 45.9079 1.05045e+09
1e+08 4.60845e+06 46.0845 1.0444e+09
1e+08 4.62617e+06 46.2617 1.03839e+09
1e+08 4.64397e+06 46.4397 1.0324e+09
1e+08 4.66183e+06 46.6183 1.02646e+09
1e+08 4.67976e+06 46.7976 1.02055e+09
1e+08 4.69776e+06 46.9776 1.01467e+09
1e+08 4.71583e+06 47.1583 1.00883e+09
1e+08 4.73397e+06 47.3397 1.00302e+09
1e+08 4.75217e+06 47.5217 9.97245e+08
1e+08 4.77045e+06 47.7045 9.91501e+08
1e+08 4.7888e+06 47.888 9.85791e+08
1e+08 4.80722e+06 48.0722 9.80114e+08
1e+08 4.82571e+06 48.2571 9.74469e+08
1e+08 4.84427e+06 48.4427 9.68857e+08
1e+08 4.8629e+06 48.629 9.63278e+08
1e+08 4.88161e+06 48.8161 9.57729e+08
1e+08 4.90038e+06 49.0038 9.52215e+08
1e+08 4.91923e+06 49.1923 9.4673e+08
1e+08 4.93815e+06 49.3815 9.41278e+08
1e+08 4.95715e+06 49.5715 9.35855e+08
1e+08 4.97621e+06 49.7621 9.30467e+08
1e+08 4.99535e+06 49.9535 9.25107e+08
1e+08 5.01457e+06 50.1457 9.19777e+08
1e+08 5.03385e+06 50.3385 9.14482e+08
1e+08 5.05322e+06 50.5322 9.09212e+08
1e+08 5.07265e+06 50.7265 9.03977e+08
1e+08 5.09216e+06 50.9216 8.9877e+08
1e+08 5.11175e+06 51.1175 8.93592e+08
1e+08 5.13141e+06 51.3141 8.88446e+08
1e+08 5.15115e+06 51.5115 8.83327e+08
1e+08 5.17096e+06 51.7096 8.7824e+08
1e+08 5.19085e+06 51.9085 8.73181e+08
1e+08 5.21081e+06 52.1081 8.68152e+08
1e+08 5.23086e+06 52.3086 8.63149e+08
1e+08 5.25098e+06 52.5098 8.58177e+08
1e+08 5.27117e+06 52.7117 8.53235e+08
1e+08 5.29145e+06 52.9145 8.48319e+08
1e+08 5.3118e+06 53.118 8.43432e+08
1e+08 5.33223e+06 53.3223 8.38574e+08
1e+08 5.35274e+06 53.5274 8.33743e+08
1e+08 5.37333e+06 53.7333 8.28939e+08
1e+08 5.394e+06 53.94 8.24163e+08
1e+08 5.41474e+06 54.1474 8.19417e+08
1e+08 5.43557e+06 54.3557 8.14695e+08
1e+08 5.45648e+06 54.5648 8.10001e+08
1e+08 5.47746e+06 54.7746 8.05336e+08
1e+08 5.49853e+06 54.9853 8.00696e+08
1e+08 5.51968e+06 55.1968 7.96082e+08
1e+08 5.54091e+06 55.4091 7.91496e+08
1e+08 5.56222e+06 55.6222 7.86936e+08
1e+08 5.58362e+06 55.8362 7.82401e+08
1e+08 5.60509e+06 56.0509 7.77894e+08
1e+08 5.62665e+06 56.2665 7.73412e+08
1e+08 5.64829e+06 56.4829 7.68956e+08
1e+08 5.67002e+06 56.7002 7.64524e+08
1e+08 5.69183e+06 56.9183 7.60119e+08
1e+08 5.71372e+06 57.1372 7.55739e+08
1e+08 5.7357e+06 57.357 7.51384e+08
1e+08 5.75776e+06 57.5776 7.47055e+08
1e+08 5.7799e+06 57.799 7.42751e+08
1e+08 5.80214e+06 58.0214 7.38469e+08
1e+08 5.82445e+06 58.2445 7.34215e+08
1e+08 5.84685e+06 58.4685 7.29985e+08
1e+08 5.86934e+06 58.6934 7.25778e+08
1e+08 5.89192e+06 58.9192 7.21595e+08
1e+08 5.91458e+06 59.1458 7.17437e+08
1e+08 5.93733e+06 59.3733 7.13302e+08
1e+08 5.96017e+06 59.6017 7.09191e+08
1e+08 5.98309e+06 59.8309 7.05105e+08
1e+08 6.0061e+06 60.061 7.01041e+08
1e+08 6.02921e+06 60.2921 6.97e+08
1e+08 6.0524e+06 60.524 6.92983e+08
1e+08 6.07567e+06 60.7567 6.8899e+08
1e+08 6.09904e+06 60.9904 6.85019e+08
1e+08 6.1225e+06 61.225 6.81071e+08
1e+08 6.14605e+06 61.4605 6.77146e+08
1e+08 6.16969e+06 61.6969 6.73243e+08
1e+08 6.19342e+06 61.9342 6.69362e+08
1e+08 6.21724e+06 62.1724 6.65505e+08
1e+08 6.24116e+06 62.4116 6.61668e+08
1e+08 6.26516e+06 62.6516 6.57855e+08
1e+08 6.28926e+06 62.8926 6.54062e+08
1e+08 6.31345e+06 63.1345 6.50292e+08
1e+08 6.33773e+06 63.3773 6.46544e+08
1e+08 6.36211e+06 63.6211 6.42817e+08
1e+08 6.38658e+06 63.8658 6.39112e+08
1e+08 6.41115e+06 64.1115 6.35427e+08
1e+08 6.4358e+06 64.358 6.31765e+08
1e+08 6.46056e+06 64.6056 6.28123e+08
1e+08 6.48541e+06 64.8541 6.24502e+08
1e+08 6.51035e+06 65.1035 6.20902e+08
1e+08 6.53539e+06 65.3539 6.17323e+08
1e+08 6.56053e+06 65.6053 6.13764e+08
1e+08 6.58576e+06 65.8576 6.10226e+08
1e+08 6.6111e+06 66.111 6.06706e+08
1e+08 6.63652e+06 66.3652 6.0321e+08
1e+08 6.66205e+06 66.6205 5.99732e+08
1e+08 6.68767e+06 66.8767 5.96274e+08
1e+08 6.7134e+06 67.134 5.92836e+08
1e+08 6.73922e+06 67.3922 5.89418e+08
1e+08 6.76514e+06 67.6514 5.8602e+08
1e+08 6.79116e+06 67.9116 5.82641e+08
1e+08 6.81728e+06 68.1728 5.79282e+08
1e+08 6.8435e+06 68.435 5.75942e+08
1e+08 6.86982e+06 68.6982 5.72621e+08
1e+08 6.89625e+06 68.9625 5.69318e+08
1e+08 6.92277e+06 69.2277 5.66036e+08
1e+08 6.9494e+06 69.494 5.62772e+08
1e+08 6.97613e+06 69.7613 5.59527e+08
1e+08 7.00296e+06 70.0296 5.56301e+08
1e+08 7.0299e+06 70.299 5.53092e+08
1e+08 7.05694e+06 70.5694 5.49902e+08
1e+08 7.08408e+06 70.8408 5.46732e+08
1e+08 7.11133e+06 71.1133 5.43579e+08
1e+08 7.13868e+06 71.3868 5.40444e+08
1e+08 7.16614e+06 71.6614 5.37327e+08
1e+08 7.1937e+06 71.937 5.34229e+08
1e+08 7.22137e+06 72.2137 5.31147e+08
1e+08 7.24914e+06 72.4914 5.28085e+08
1e+08 7.27703e+06 72.7703 5.25038e+08
1e+08 7.30502e+06 73.0502 5.2201e+08
1e+08 7.33311e+06 73.3311 5.19e+08
1e+08 7.36132e+06 73.6132 5.16006e+08
1e+08 7.38963e+06 73.8963 5.1303e+08
1e+08 7.41806e+06 74.1806 5.10071e+08
1e+08 7.44659e+06 74.4659 5.07129e+08
1e+08 7.47523e+06 74.7523 5.04204e+08
1e+08 7.50398e+06 75.0398 5.01296e+08
1e+08 7.53284e+06 75.3284 4.98404e+08
1e+08 7.56182e+06 75.6182 4.95529e+08
1e+08 7.5909e+06 75.909 4.92671e+08
1e+08 7.6201e+06 76.201 4.89828e+08
1e+08 7.64941e+06 76.4941 4.87003e+08
1e+08 7.67883e+06 76.7883 4.84194e+08
1e+08 7.70837e+06 77.0837 4.814e+08
1e+08 7.73801e+06 77.3801 4.78623e+08
1e+08 7.76778e+06 77.6778 4.75862e+08
1e+08 7.79765e+06 77.9765 4.73117e+08
1e+08 7.82765e+06 78.2765 4.70387e+08
1e+08 7.85775e+06 78.5775 4.67674e+08
1e+08 7.88798e+06 78.8798 4.64975e+08
1e+08 7.91832e+06 79.1832 4.62292e+08
1e+08 7.94877e+06 79.4877 4.59625e+08
1e+08 7.97935e+06 79.7935 4.56973e+08
1e+08 8.01004e+06 80.1004 4.54336e+08
1e+08 8.04085e+06 80.4085 4.51715e+08
1e+08 8.07177e+06 80.7177 4.49109e+08
1e+08 8.10282e+06 81.0282 4.46517e+08
1e+08 8.13399e+06 81.3399 4.4394e+08
1e+08 8.16527e+06 81.6527 4.41379e+08
1e+08 8.19668e+06 81.9668 4.38832e+08
1e+08 8.2282e+06 82.282 4.363e+08
1e+08 8.25985e+06 82.5985 4.33782e+08
1e+08 8.29162e+06 82.9162 4.31279e+08
1e+08 8.32352e+06 83.2352 4.28789e+08
1e+08 8.35553e+06 83.5553 4.26315e+08
1e+08 8.38767e+06 83.8767 4.23855e+08
1e+08 8.41993e+06 84.1993 4.21409e+08
1e+08 8.45231e+06 84.5231 4.18977e+08
1e+08 8.48482e+06 84.8482 4.16559e+08
1e+08 8.51746e+06 85.1746 4.14154e+08
1e+08 8.55022e+06 85.5022 4.11764e+08
1e+08 8.58311e+06 85.8311 4.09387e+08
1e+08 8.61612e+06 86.1612 4.07024e+08
1e+08 8.64926e+06 86.4926 4.04675e+08
1e+08 8.68253e+06 86.8253 4.02339e+08
1e+08 8.71592e+06 87.1592 4.00017e+08
1e+08 8.74945e+06 87.4945 3.97708e+08
1e+08 8.7831e+06 87.831 3.95412e+08
1e+08 8.81688e+06 88.1688 3.9313e+08
1e+08 8.8508e+06 88.508 3.9086e+08
1e+08 8.88484e+06 88.8484 3.88604e+08
1e+08 8.91901e+06 89.1901 3.86361e+08
1e+08 8.95332e+06 89.5332 3.8413e+08
1e+08 8.98775e+06 89.8775 3.81913e+08
1e+08 9.02232e+06 90.2232 3.79708e+08
1e+08 9.05703e+06 90.5703 3.77515e+08
1e+08 9.09186e+06 90.9186 3.75336e+08
1e+08 9.12683e+06 91.2683 3.73169e+08
1e+08 9.16194e+06 91.6194 3.71014e+08
1e+08 9.19718e+06 91.9718 3.68872e+08
1e+08 9.23255e+06 92.3255 3.66742e+08
1e+08 9.26806e+06 92.6806 3.64625e+08
1e+08 9.30371e+06 93.0371 3.62519e+08
1e+08 9.3395e+06 93.395 3.60426e+08
1e+08 9.37542e+06 93.7542 3.58344e+08
1e+08 9.41148e+06 94.1148 3.56275e+08
1e+08 9.44768e+06 94.4768 3.54218e+08
1e+08 9.48402e+06 94.8402 3.52172e+08
1e+08 9.5205e+06 95.205 3.50138e+08
1e+08 9.55711e+06 95.5711 3.48117e+08
1e+08 9.59387e+06 95.9387 3.46106e+08
1e+08 9.63077e+06 96.3077 3.44108e+08
1e+08 9.66782e+06 96.6782 3.4212e+08
1e+08 9.705e+06 97.05 3.40144e+08
1e+08 9.74233e+06 97.4233 3.3818e+08
1e+08 9.7798e+06 97.798 3.36226e+08
1e+08 9.81742e+06 98.1742 3.34284e+08
1e+08 9.85518e+06 98.5518 3.32353e+08
1e+08 9.89309e+06 98.9309 3.30434e+08
1e+08 9.93114e+06 99.3114 3.28525e+08
1e+08 9.96934e+06 99.6934 3.26627e+08
1e+08 1.00077e+07 100.077 3.2474e+08
1e+08 1.00462e+07 100.462 3.22863e+08
1e+08 1.00848e+07 100.848 3.21e+08
1e+08 1.01236e+07 101.236 3.19145e+08
1e+08 1.01625e+07 101.625 3.17303e+08
1e+08 1.02016e+07 102.016 3.1547e+08
1e+08 1.02409e+07 102.409 3.13644e+08
1e+08 1.02803e+07 102.803 3.11832e+08
1e+08 1.03198e+07 103.198 3.10032e+08
1e+08 1.03595e+07 103.595 3.08241e+08
1e+08 1.03993e+07 103.993 3.06462e+08
1e+08 1.04393e+07 104.393 3.04691e+08
1e+08 1.04795e+07 104.795 3.02928e+08
1e+08 1.05198e+07 105.198 3.01178e+08
1e+08 1.05603e+07 105.603 2.99436e+08
1e+08 1.06009e+07 106.009 2.97707e+08
1e+08 1.06417e+07 106.417 2.95985e+08
1e+08 1.06826e+07 106.826 2.94276e+08
1e+08 1.07237e+07 107.237 2.92575e+08
1e+08 1.07649e+07 107.649 2.90886e+08
1e+08 1.08063e+07 108.063 2.89205e+08
1e+08 1.08479e+07 108.479 2.87532e+08
1e+08 1.08896e+07 108.896 2.85872e+08
1e+08 1.09315e+07 109.315 2.84219e+08
1e+08 1.09735e+07 109.735 2.82578e+08
1e+08 1.10157e+07 110.157 2.80945e+08
1e+08 1.10581e+07 110.581 2.7932e+08
1e+08 1.11007e+07 111.007 2.77703e+08
1e+08 1.11433e+07 111.433 2.76101e+08
1e+08 1.11862e+07 111.862 2.74504e+08
1e+08 1.12292e+07 112.292 2.72918e+08
1e+08 1.12724e+07 112.724 2.7134e+08
1e+08 1.13158e+07 113.158 2.6977e+08
1e+08 1.13593e+07 113.593 2.68211e+08
1e+08 1.1403e+07 114.03 2.6666e+08
1e+08 1.14469e+07 114.469 2.65117e+08
1e+08 1.14909e+07 114.909 2.63586e+08
1e+08 1.15351e+07 115.351 2.62062e+08
1e+08 1.15794e+07 115.794 2.60549e+08
1e+08 1.1624e+07 116.24 2.5904e+08
1e+08 1.16687e+07 116.687 2.57543e+08
1e+08 1.17136e+07 117.136 2.56053e+08
1e+08 1.17586e+07 117.586 2.54574e+08
1e+08 1.18039e+07 118.039 2.531e+08
1e+08 1.18493e+07 118.493 2.51636e+08
1e+08 1.18948e+07 118.948 2.50184e+08
1e+08 1.19406e+07 119.406 2.48735e+08
1e+08 1.19865e+07 119.865 2.47298e+08
1e+08 1.20326e+07 120.326 2.45868e+08
1e+08 1.20789e+07 120.789 2.44445e+08
1e+08 1.21254e+07 121.254 2.4303e+08
1e+08 1.2172e+07 121.72 2.41626e+08
1e+08 1.22188e+07 122.188 2.40229e+08
1e+08 1.22658e+07 122.658 2.38839e+08
1e+08 1.2313e+07 123.13 2.37457e+08
1e+08 1.23603e+07 123.603 2.36085e+08
1e+08 1.24079e+07 124.079 2.34718e+08
1e+08 1.24556e+07 124.556 2.33361e+08
1e+08 1.25035e+07 125.035 2.32011e+08
1e+08 1.25516e+07 125.516 2.30669e+08
1e+08 1.25999e+07 125.999 2.29334e+08
1e+08 1.26484e+07 126.484 2.28006e+08
1e+08 1.2697e+07 126.97 2.26688e+08
1e+08 1.27458e+07 127.458 2.25378e+08
1e+08 1.27949e+07 127.949 2.24072e+08
1e+08 1.28441e+07 128.441 2.22776e+08
1e+08 1.28935e+07 128.935 2.21487e+08
1e+08 1.29431e+07 129.431 2.20205e+08
1e+08 1.29929e+07 129.929 2.1893e+08
1e+08 1.30428e+07 130.428 2.17665e+08
1e+08 1.3093e+07 130.93 2.16405e+08
1e+08 1.31434e+07 131.434 2.15152e+08
1e+08 1.31939e+07 131.939 2.13908e+08
1e+08 1.32447e+07 132.447 2.12669e+08
1e+08 1.32956e+07 132.956 2.11439e+08
1e+08 1.33467e+07 133.467 2.10216e+08
1e+08 1.33981e+07 133.981 2.08998e+08
1e+08 1.34496e+07 134.496 2.07789e+08
1e+08 1.35013e+07 135.013 2.06587e+08
1e+08 1.35533e+07 135.533 2.0539e+08
1e+08 1.36054e+07 136.054 2.04202e+08
1e+08 1.36577e+07 136.577 2.0302e+08
1e+08 1.37103e+07 137.103 2.01844e+08
1e+08 1.3763e+07 137.63 2.00676e+08
1e+08 1.38159e+07 138.159 1.99515e+08
1e+08 1.38691e+07 138.691 1.98359e+08
1e+08 1.39224e+07 139.224 1.97211e+08
1e+08 1.3976e+07 139.76 1.96068e+08
1e+08 1.40297e+07 140.297 1.94934e+08
1e+08 1.40837e+07 140.837 1.93805e+08
1e+08 1.41379e+07 141.379 1.92682e+08
1e+08 1.41922e+07 141.922 1.91568e+08
1e+08 1.42468e+07 142.468 1.90459e+08
1e+08 1.43016e+07 143.016 1.89356e+08
1e+08 1.43566e+07 143.566 1.88259e+08
1e+08 1.44118e+07 144.118 1.8717e+08
1e+08 1.44673e+07 144.673 1.86084e+08
1e+08 1.45229e+07 145.229 1.85008e+08
1e+08 1.45788e+07 145.788 1.83935e+08
1e+08 1.46349e+07 146.349 1.8287e+08
1e+08 1.46911e+07 146.911 1.81812e+08
1e+08 1.47477e+07 147.477 1.80757e+08
1e+08 1.48044e+07 148.044 1.79711e+08
1e+08 1.48613e+07 148.613 1.78671e+08
1e+08 1.49185e+07 149.185 1.77635e+08
1e+08 1.49759e+07 149.759 1.76606e+08
1e+08 1.50335e+07 150.335 1.75583e+08
1e+08 1.50913e+07 150.913 1.74566e+08
1e+08 1.51493e+07 151.493 1.73555e+08
1e+08 1.52076e+07 152.076 1.72549e+08
1e+08 1.52661e+07 152.661 1.7155e+08
1e+08 1.53248e+07 153.248 1.70556e+08
1e+08 1.53838e+07 153.838 1.69567e+08
1e+08 1.54429e+07 154.429 1.68585e+08
1e+08 1.55023e+07 155.023 1.67609e+08
1e+08 1.5562e+07 155.62 1.66636e+08
1e+08 1.56218e+07 156.218 1.65671e+08
1e+08 1.56819e+07 156.819 1.64711e+08
1e+08 1.57422e+07 157.422 1.63757e+08
1e+08 1.58028e+07 158.028 1.62807e+08
1e+08 1.58635e+07 158.635 1.61865e+08
1e+08 1.59246e+07 159.246 1.60925e+08
1e+08 1.59858e+07 159.858 1.59993e+08
1e+08 1.60473e+07 160.473 1.59066e+08
1e+08 1.6109e+07 161.09 1.58144e+08
1e+08 1.6171e+07 161.71 1.57227e+08
1e+08 1.62332e+07 162.332 1.56315e+08
1e+08 1.62956e+07 162.956 1.5541e+08
1e+08 1.63583e+07 163.583 1.54509e+08
1e+08 1.64212e+07 164.212 1.53613e+08
1e+08 1.64844e+07 164.844 1.52722e+08
1e+08 1.65478e+07 165.478 1.51837e+08
1e+08 1.66114e+07 166.114 1.50957e+08
1e+08 1.66753e+07 166.753 1.50081e+08
1e+08 1.67395e+07 167.395 1.4921e+08
1e+08 1.68038e+07 168.038 1.48346e+08
1e+08 1.68685e+07 168.685 1.47485e+08
1e+08 1.69334e+07 169.334 1.4663e+08
1e+08 1.69985e+07 169.985 1.4578e+08
1e+08 1.70639e+07 170.639 1.44934e+08
1e+08 1.71295e+07 171.295 1.44094e+08
1e+08 1.71954e+07 171.954 1.43258e+08
1e+08 1.72615e+07 172.615 1.42428e+08
1e+08 1.73279e+07 173.279 1.41601e+08
1e+08 1.73946e+07 173.946 1.40779e+08
1e+08 1.74615e+07 174.615 1.39963e+08
1e+08 1.75286e+07 175.286 1.39152e+08
1e+08 1.7596e+07 175.96 1.38345e+08
1e+08 1.76637e+07 176.637 1.37542e+08
1e+08 1.77317e+07 177.317 1.36743e+08
1e+08 1.77999e+07 177.999 1.3595e+08
1e+08 1.78683e+07 178.683 1.35162e+08
1e+08 1.79371e+07 179.371 1.34377e+08
1e+08 1.80061e+07 180.061 1.33597e+08
1e+08 1.80753e+07 180.753 1.32822e+08
1e+08 1.81448e+07 181.448 1.32052e+08
1e+08 1.82146e+07 182.146 1.31285e+08
1e+08 1.82847e+07 182.847 1.30523e+08
1e+08 1.8355e+07 183.55 1.29766e+08
1e+08 1.84256e+07 184.256 1.29013e+08
1e+08 1.84965e+07 184.965 1.28264e+08
1e+08 1.85676e+07 185.676 1.2752e+08
1e+08 1.8639e+07 186.39 1.2678e+08
1e+08 1.87107e+07 187.107 1.26044e+08
1e+08 1.87827e+07 187.827 1.25312e+08
1e+08 1.88549e+07 188.549 1.24585e+08
1e+08 1.89275e+07 189.275 1.23861e+08
1e+08 1.90003e+07 190.003 1.23142e+08
1e+08 1.90733e+07 190.733 1.22427e+08
1e+08 1.91467e+07 191.467 1.21716e+08
1e+08 1.92203e+07 192.203 1.2101e+08
1e+08 1.92943e+07 192.943 1.20307e+08
1e+08 1.93685e+07 193.685 1.19608e+08
1e+08 1.9443e+07 194.43 1.18914e+08
1e+08 1.95178e+07 195.178 1.18223e+08
1e+08 1.95928e+07 195.928 1.17537e+08
1e+08 1.96682e+07 196.682 1.16854e+08
1e+08 1.97438e+07 197.438 1.16176e+08
1e+08 1.98198e+07 198.198 1.155e+08
1e+08 1.9896e+07 198.96 1.1483e+08
1e+08 1.99725e+07 199.725 1.14163e+08
1e+08 2.00494e+07 200.494 1.13499e+08
1e+08 2.01265e+07 201.265 1.1284e+08
1e+08 2.02039e+07 202.039 1.12185e+08
1e+08 2.02816e+07 202.816 1.11533e+08
1e+08 2.03596e+07 203.596 1.10885e+08
1e+08 2.04379e+07 204.379 1.10241e+08
1e+08 2.05165e+07 205.165 1.096e+08
1e+08 2.05954e+07 205.954 1.08964e+08
1e+08 2.06747e+07 206.747 1.0833e+08
1e+08 2.07542e+07 207.542 1.077e+08
1e+08 2.0834e+07 208.34 1.07075e+08
1e+08 2.09141e+07 209.141 1.06453e+08
1e+08 2.09946e+07 209.946 1.05834e+08
1e+08 2.10753e+07 210.753 1.05219e+08
1e+08 2.11564e+07 211.564 1.04607e+08
1e+08 2.12378e+07 212.378 1.03999e+08
1e+08 2.13195e+07 213.195 1.03394e+08
1e+08 2.14015e+07 214.015 1.02793e+08
1e+08 2.14838e+07 214.838 1.02196e+08
1e+08 2.15664e+07 215.664 1.01602e+08
1e+08 2.16494e+07 216.494 1.01011e+08
1e+08 2.17326e+07 217.326 1.00424e+08
1e+08 2.18162e+07 218.162 9.98399e+07
1e+08 2.19001e+07 219.001 9.92595e+07
1e+08 2.19844e+07 219.844 9.86818e+07
1e+08 2.20689e+07 220.689 9.81084e+07
1e+08 2.21538e+07 221.538 9.75377e+07
1e+08 2.2239e+07 222.39 9.69705e+07
1e+08 2.23246e+07 223.246 9.64062e+07
1e+08 2.24104e+07 224.104 9.58459e+07
1e+08 2.24966e+07 224.966 9.52884e+07
1e+08 2.25832e+07 225.832 9.47336e+07
1e+08 2.267e+07 226.7 9.41829e+07
1e+08 2.27572e+07 227.572 9.3635e+07
1e+08 2.28447e+07 228.447 9.30905e+07
1e+08 2.29326e+07 229.326 9.25487e+07
1e+08 2.30208e+07 230.208 9.20103e+07
1e+08 2.31094e+07 231.094 9.14746e+07
1e+08 2.31982e+07 231.982 9.09428e+07
1e+08 2.32875e+07 232.875 9.04132e+07
1e+08 2.3377e+07 233.77 8.98875e+07
1e+08 2.3467e+07 234.67 8.93639e+07
1e+08 2.35572e+07 235.572 8.88441e+07
1e+08 2.36478e+07 236.478 8.83271e+07
1e+08 2.37388e+07 237.388 8.78128e+07
1e+08 2.38301e+07 238.301 8.73017e+07
1e+08 2.39217e+07 239.217 8.67938e+07
1e+08 2.40138e+07 240.138 8.62881e+07
1e+08 2.41061e+07 241.061 8.57861e+07
1e+08 2.41988e+07 241.988 8.52867e+07
1e+08 2.42919e+07 242.919 8.47901e+07
1e+08 2.43854e+07 243.854 8.4296e+07
1e+08 2.44791e+07 244.791 8.38057e+07
1e+08 2.45733e+07 245.733 8.33175e+07
1e+08 2.46678e+07 246.678 8.28324e+07
1e+08 2.47627e+07 247.627 8.23499e+07
1e+08 2.48579e+07 248.579 8.18705e+07
1e+08 2.49536e+07 249.536 8.13932e+07
1e+08 2.50495e+07 250.495 8.09196e+07
1e+08 2.51459e+07 251.459 8.0448e+07
1e+08 2.52426e+07 252.426 7.99794e+07
1e+08 2.53397e+07 253.397 7.95135e+07
1e+08 2.54372e+07 254.372 7.90501e+07
1e+08 2.5535e+07 255.35 7.85897e+07
1e+08 2.56332e+07 256.332 7.81319e+07
1e+08 2.57318e+07 257.318 7.76767e+07
1e+08 2.58308e+07 258.308 7.72239e+07
1e+08 2.59301e+07 259.301 7.67742e+07
1e+08 2.60299e+07 260.299 7.63265e+07
1e+08 2.613e+07 261.3 7.58817e+07
1e+08 2.62305e+07 262.305 7.54395e+07
1e+08 2.63314e+07 263.314 7.49998e+07
1e+08 2.64327e+07 264.327 7.45625e+07
1e+08 2.65343e+07 265.343 7.41282e+07
1e+08 2.66364e+07 266.364 7.36959e+07
1e+08 2.67388e+07 267.388 7.32665e+07
1e+08 2.68417e+07 268.417 7.28391e+07
1e+08 2.69449e+07 269.449 7.24146e+07
1e+08 2.70486e+07 270.486 7.19921e+07
1e+08 2.71526e+07 271.526 7.15725e+07
1e+08 2.7257e+07 272.57 7.11553e+07
1e+08 2.73619e+07 273.619 7.07401e+07
1e+08 2.74671e+07 274.671 7.03277e+07
1e+08 2.75728e+07 275.728 6.99173e+07
1e+08 2.76788e+07 276.788 6.95097e+07
1e+08 2.77853e+07 277.853 6.91042e+07
1e+08 2.78921e+07 278.921 6.87013e+07
1e+08 2.79994e+07 279.994 6.83005e+07
1e+08 2.81071e+07 281.071 6.7902e+07
1e+08 2.82152e+07 282.152 6.75059e+07
1e+08 2.83237e+07 283.237 6.71121e+07
1e+08 2.84327e+07 284.327 6.67203e+07
1e+08 2.8542e+07 285.42 6.63312e+07
1e+08 2.86518e+07 286.518 6.59441e+07
1e+08 2.8762e+07 287.62 6.55592e+07
1e+08 2.88727e+07 288.727 6.51764e+07
1e+08 2.89837e+07 289.837 6.47961e+07
1e+08 2.90952e+07 290.952 6.44179e+07
1e+08 2.92071e+07 292.071 6.40419e+07
1e+08 2.93194e+07 293.194 6.36682e+07
1e+08 2.94322e+07 294.322 6.32964e+07
1e+08 2.95454e+07 295.454 6.29269e+07
1e+08 2.96591e+07 296.591 6.25593e+07
1e+08 2.97731e+07 297.731 6.21942e+07
1e+08 2.98877e+07 298.877 6.18308e+07
1e+08 3.00026e+07 300.026 6.14699e+07
1e+08 3.0118e+07 301.18 6.11109e+07
1e+08 3.02339e+07 302.339 6.07538e+07
1e+08 3.03501e+07 303.501 6.03993e+07
1e+08 3.04669e+07 304.669 6.00463e+07
1e+08 3.05841e+07 305.841 5.96955e+07
1e+08 3.07017e+07 307.017 5.93469e+07
1e+08 3.08198e+07 308.198 5.90001e+07
1e+08 3.09383e+07 309.383 5.86555e+07
1e+08 3.10573e+07 310.573 5.83128e+07
1e+08 3.11768e+07 311.768 5.7972e+07
1e+08 3.12967e+07 312.967 5.76332e+07
1e+08 3.14171e+07 314.171 5.72964e+07
1e+08 3.15379e+07 315.379 5.69616e+07
1e+08 3.16592e+07 316.592 5.66287e+07
1e+08 3.1781e+07 317.81 5.62976e+07
1e+08 3.19032e+07 319.032 5.59687e+07
1e+08 3.20259e+07 320.259 5.56415e+07
1e+08 3.21491e+07 321.491 5.53162e+07
1e+08 3.22728e+07 322.728 5.49927e+07
1e+08 3.23969e+07 323.969 5.46712e+07
1e+08 3.25215e+07 325.215 5.43516e+07
1e+08 3.26466e+07 326.466 5.40337e+07
1e+08 3.27722e+07 327.722 5.37176e+07
1e+08 3.28982e+07 328.982 5.34036e+07
1e+08 3.30248e+07 330.248 5.30911e+07
1e+08 3.31518e+07 331.518 5.27806e+07
1e+08 3.32793e+07 332.793 5.24719e+07
1e+08 3.34073e+07 334.073 5.21649e+07
1e+08 3.35358e+07 335.358 5.18598e+07
1e+08 3.36648e+07 336.648 5.15563e+07
1e+08 3.37943e+07 337.943 5.12546e+07
1e+08 3.39242e+07 339.242 5.09549e+07
1e+08 3.40547e+07 340.547 5.06567e+07
1e+08 3.41857e+07 341.857 5.03602e+07
1e+08 3.43172e+07 343.172 5.00654e+07
1e+08 3.44492e+07 344.492 4.97724e+07
1e+08 3.45817e+07 345.817 4.9481e+07
1e+08 3.47147e+07 347.147 4.91914e+07
1e+08 3.48482e+07 348.482 4.89035e+07
1e+08 3.49823e+07 349.823 4.8617e+07
1e+08 3.51168e+07 351.168 4.83325e+07
1e+08 3.52519e+07 352.519 4.80494e+07
1e+08 3.53875e+07 353.875 4.7768e+07
1e+08 3.55236e+07 355.236 4.74883e+07
1e+08 3.56602e+07 356.602 4.72103e+07
1e+08 3.57974e+07 357.974 4.69337e+07
1e+08 3.59351e+07 359.351 4.66587e+07
1e+08 3.60733e+07 360.733 4.63854e+07
1e+08 3.6212e+07 362.12 4.61138e+07
1e+08 3.63513e+07 363.513 4.58436e+07
1e+08 3.64911e+07 364.911 4.5575e+07
1e+08 3.66315e+07 366.315 4.53079e+07
1e+08 3.67724e+07 367.724 4.50424e+07
1e+08 3.69138e+07 369.138 4.47785e+07
1e+08 3.70558e+07 370.558 4.4516e+07
1e+08 3.71983e+07 371.983 4.42552e+07
1e+08 3.73414e+07 373.414 4.39957e+07
1e+08 3.7485e+07 374.85 4.37378e+07
1e+08 3.76292e+07 376.292 4.34814e+07
1e+08 3.77739e+07 377.739 4.32265e+07
1e+08 3.79192e+07 379.192 4.29731e+07
1e+08 3.80651e+07 380.651 4.2721e+07
1e+08 3.82115e+07 382.115 4.24705e+07
1e+08 3.83585e+07 383.585 4.22214e+07
1e+08 3.8506e+07 385.06 4.19738e+07
1e+08 3.86541e+07 386.541 4.17276e+07
1e+08 3.88028e+07 388.028 4.14828e+07
1e+08 3.8952e+07 389.52 4.12395e+07
1e+08 3.91019e+07 391.019 4.09974e+07
1e+08 3.92523e+07 392.523 4.07569e+07
1e+08 3.94032e+07 394.032 4.05178e+07
1e+08 3.95548e+07 395.548 4.028e+07
1e+08 3.97069e+07 397.069 4.00437e+07
1e+08 3.98597e+07 398.597 3.98086e+07
1e+08 4.0013e+07 400.13 3.95749e+07
1e+08 4.01669e+07 401.669 3.93426e+07
1e+08 4.03214e+07 403.214 3.91116e+07
1e+08 4.04764e+07 404.764 3.88821e+07
1e+08 4.06321e+07 406.321 3.86538e+07
1e+08 4.07884e+07 407.884 3.84268e+07
1e+08 4.09453e+07 409.453 3.82012e+07
1e+08 4.11028e+07 411.028 3.79768e+07
1e+08 4.12609e+07 412.609 3.77537e+07
1e+08 4.14196e+07 414.196 3.7532e+07
1e+08 4.15789e+07 415.789 3.73115e+07
1e+08 4.17388e+07 417.388 3.70924e+07
1e+08 4.18994e+07 418.994 3.68744e+07
1e+08 4.20605e+07 420.605 3.66578e+07
1e+08 4.22223e+07 422.223 3.64424e+07
1e+08 4.23847e+07 423.847 3.62282e+07
1e+08 4.25477e+07 425.477 3.60153e+07
1e+08 4.27114e+07 427.114 3.58036e+07
1e+08 4.28757e+07 428.757 3.55931e+07
1e+08 4.30406e+07 430.406 3.53839e+07
1e+08 4.32061e+07 432.061 3.51759e+07
1e+08 4.33723e+07 433.723 3.49691e+07
1e+08 4.35391e+07 435.391 3.47635e+07
1e+08 4.37066e+07 437.066 3.45591e+07
1e+08 4.38747e+07 438.747 3.43558e+07
1e+08 4.40434e+07 440.434 3.41538e+07
1e+08 4.42129e+07 442.129 3.39528e+07
1e+08 4.43829e+07 443.829 3.37532e+07
1e+08 4.45536e+07 445.536 3.35546e+07
1e+08 4.4725e+07 447.25 3.33572e+07
1e+08 4.4897e+07 448.97 3.31609e+07
1e+08 4.50697e+07 450.697 3.29658e+07
1e+08 4.5243e+07 452.43 3.27718e+07
1e+08 4.54171e+07 454.171 3.25789e+07
1e+08 4.55918e+07 455.918 3.23871e+07
1e+08 4.57671e+07 457.671 3.21965e+07
1e+08 4.59431e+07 459.431 3.2007e+07
1e+08 4.61199e+07 461.199 3.18185e+07
1e+08 4.62972e+07 462.972 3.16312e+07
1e+08 4.64753e+07 464.753 3.1445e+07
1e+08 4.66541e+07 466.541 3.12597e+07
1e+08 4.68335e+07 468.335 3.10757e+07
1e+08 4.70137e+07 470.137 3.08926e+07
1e+08 4.71945e+07 471.945 3.07106e+07
1e+08 4.7376e+07 473.76 3.05297e+07
1e+08 4.75582e+07 475.582 3.03499e+07
1e+08 4.77412e+07 477.412 3.0171e+07
1e+08 4.79248e+07 479.248 2.99932e+07
1e+08 4.81091e+07 481.091 2.98165e+07
1e+08 4.82942e+07 482.942 2.96407e+07
1e+08 4.84799e+07 484.799 2.94661e+07
1e+08 4.86664e+07 486.664 2.92923e+07
1e+08 4.88536e+07 488.536 2.91196e+07
1e+08 4.90415e+07 490.415 2.8948e+07
1e+08 4.92301e+07 492.301 2.87773e+07
1e+08 4.94195e+07 494.195 2.86076e+07
1e+08 4.96095e+07 496.095 2.84389e+07
1e+08 4.98004e+07 498.004 2.82711e+07
1e+08 4.99919e+07 499.919 2.81044e+07
1e+08 5.01842e+07 501.842 2.79386e+07
1e+08 5.03772e+07 503.772 2.77738e+07
1e+08 5.0571e+07 505.71 2.76099e+07
1e+08 5.07655e+07 507.655 2.7447e+07
1e+08 5.09607e+07 509.607 2.7285e+07
1e+08 5.11568e+07 511.568 2.71239e+07
1e+08 5.13535e+07 513.535 2.69639e+07
1e+08 5.1551e+07 515.51 2.68047e+07
1e+08 5.17493e+07 517.493 2.66465e+07
1e+08 5.19484e+07 519.484 2.64891e+07
1e+08 5.21482e+07 521.482 2.63327e+07
1e+08 5.23487e+07 523.487 2.61773e+07
1e+08 5.25501e+07 525.501 2.60226e+07
1e+08 5.27522e+07 527.522 2.58689e+07
1e+08 5.29551e+07 529.551 2.57161e+07
1e+08 5.31588e+07 531.588 2.55642e+07
1e+08 5.33633e+07 533.633 2.54131e+07
1e+08 5.35685e+07 535.685 2.5263e+07
1e+08 5.37746e+07 537.746 2.51137e+07
1e+08 5.39814e+07 539.814 2.49653e+07
1e+08 5.4189e+07 541.89 2.48177e+07
1e+08 5.43974e+07 543.974 2.4671e+07
1e+08 5.46067e+07 546.067 2.45251e+07
1e+08 5.48167e+07 548.167 2.43802e+07
1e+08 5.50276e+07 550.276 2.4236e+07
1e+08 5.52392e+07 552.392 2.40927e+07
1e+08 5.54517e+07 554.517 2.39502e+07
1e+08 5.5665e+07 556.65 2.38085e+07
1e+08 5.58791e+07 558.791 2.36677e+07
1e+08 5.6094e+07 560.94 2.35277e+07
1e+08 5.63097e+07 563.097 2.33885e+07
1e+08 5.65263e+07 565.263 2.32501e+07
1e+08 5.67437e+07 567.437 2.31125e+07
1e+08 5.6962e+07 569.62 2.29757e+07
1e+08 5.71811e+07 571.811 2.28397e+07
1e+08 5.7401e+07 574.01 2.27045e+07
1e+08 5.76218e+07 576.218 2.25701e+07
1e+08 5.78434e+07 578.434 2.24365e+07
1e+08 5.80659e+07 580.659 2.23036e+07
1e+08 5.82893e+07 582.893 2.21715e+07
1e+08 5.85135e+07 585.135 2.20401e+07
1e+08 5.87385e+07 587.385 2.19096e+07
1e+08 5.89644e+07 589.644 2.17798e+07
1e+08 5.91912e+07 591.912 2.16508e+07
1e+08 5.94189e+07 594.189 2.15225e+07
1e+08 5.96474e+07 596.474 2.1395e+07
1e+08 5.98769e+07 598.769 2.12681e+07
1e+08 6.01072e+07 601.072 2.11421e+07
1e+08 6.03384e+07 603.384 2.10167e+07
1e+08 6.05704e+07 605.704 2.08922e+07
1e+08 6.08034e+07 608.034 2.07683e+07
1e+08 6.10373e+07 610.373 2.06451e+07
1e+08 6.12721e+07 612.721 2.05227e+07
1e+08 6.15077e+07 615.077 2.0401e+07
1e+08 6.17443e+07 617.443 2.02799e+07
1e+08 6.19818e+07 619.818 2.01596e+07
1e+08 6.22202e+07 622.202 2.004e+07
1e+08 6.24595e+07 624.595 1.99211e+07
1e+08 6.26997e+07 626.997 1.98029e+07
1e+08 6.29409e+07 629.409 1.96853e+07
1e+08 6.3183e+07 631.83 1.95685e+07
1e+08 6.3426e+07 634.26 1.94523e+07
1e+08 6.367e+07 636.7 1.93368e+07
1e+08 6.39149e+07 639.149 1.9222e+07
1e+08 6.41607e+07 641.607 1.91078e+07
1e+08 6.44075e+07 644.075 1.89943e+07
1e+08 6.46552e+07 646.552 1.88815e+07
1e+08 6.49039e+07 649.039 1.87693e+07
1e+08 6.51535e+07 651.535 1.86578e+07
1e+08 6.54041e+07 654.041 1.8547e+07
1e+08 6.56557e+07 656.557 1.84367e+07
1e+08 6.59082e+07 659.082 1.83272e+07
1e+08 6.61617e+07 661.617 1.82182e+07
1e+08 6.64162e+07 664.162 1.81099e+07
1e+08 6.66717e+07 666.717 1.80022e+07
1e+08 6.69281e+07 669.281 1.78952e+07
1e+08 6.71855e+07 671.855 1.77888e+07
1e+08 6.74439e+07 674.439 1.7683e+07
1e+08 6.77034e+07 677.034 1.75778e+07
1e+08 6.79638e+07 679.638 1.74732e+07
1e+08 6.82252e+07 682.252 1.73692e+07
1e+08 6.84876e+07 684.876 1.72659e+07
1e+08 6.8751e+07 687.51 1.71631e+07
1e+08 6.90154e+07 690.154 1.7061e+07
1e+08 6.92809e+07 692.809 1.69594e+07
1e+08 6.95474e+07 695.474 1.68584e+07
1e+08 6.98149e+07 698.149 1.6758e+07
1e+08 7.00834e+07 700.834 1.66582e+07
1e+08 7.0353e+07 703.53 1.6559e+07
1e+08 7.06236e+07 706.236 1.64604e+07
1e+08 7.08952e+07 708.952 1.63623e+07
1e+08 7.11679e+07 711.679 1.62648e+07
1e+08 7.14416e+07 714.416 1.61679e+07
1e+08 7.17164e+07 717.164 1.60716e+07
1e+08 7.19923e+07 719.923 1.59758e+07
1e+08 7.22692e+07 722.692 1.58805e+07
1e+08 7.25471e+07 725.471 1.57859e+07
1e+08 7.28262e+07 728.262 1.56917e+07
1e+08 7.31063e+07 731.063 1.55982e+07
1e+08 7.33875e+07 733.875 1.55051e+07
1e+08 7.36697e+07 736.697 1.54127e+07
1e+08 7.39531e+07 739.531 1.53207e+07
1e+08 7.42375e+07 742.375 1.52293e+07
1e+08 7.45231e+07 745.231 1.51384e+07
1e+08 7.48097e+07 748.097 1.50481e+07
1e+08 7.50975e+07 750.975 1.49582e+07
1e+08 7.53863e+07 753.863 1.48689e+07
1e+08 7.56763e+07 756.763 1.47801e+07
1e+08 7.59673e+07 759.673 1.46919e+07
1e+08 7.62595e+07 762.595 1.46042e+07
1e+08 7.65528e+07 765.528 1.45169e+07
1e+08 7.68473e+07 768.473 1.44302e+07
1e+08 7.71429e+07 771.429 1.4344e+07
1e+08 7.74396e+07 774.396 1.42583e+07
1e+08 7.77374e+07 777.374 1.41731e+07
1e+08 7.80364e+07 780.364 1.40884e+07
1e+08 7.83366e+07 783.366 1.40041e+07
1e+08 7.86379e+07 786.379 1.39204e+07
1e+08 7.89404e+07 789.404 1.38372e+07
1e+08 7.9244e+07 792.44 1.37544e+07
1e+08 7.95488e+07 795.488 1.36722e+07
1e+08 7.98548e+07 798.548 1.35904e+07
1e+08 8.01619e+07 801.619 1.35091e+07
1e+08 8.04702e+07 804.702 1.34283e+07
1e+08 8.07797e+07 807.797 1.33479e+07
1e+08 8.10904e+07 810.904 1.3268e+07
1e+08 8.14023e+07 814.023 1.31886e+07
1e+08 8.17154e+07 817.154 1.31096e+07
1e+08 8.20297e+07 820.297 1.30311e+07
1e+08 8.23452e+07 823.452 1.29531e+07
1e+08 8.2662e+07 826.62 1.28755e+07
1e+08 8.29799e+07 829.799 1.27984e+07
1e+08 8.32991e+07 832.991 1.27217e+07
1e+08 8.36195e+07 836.195 1.26455e+07
1e+08 8.39411e+07 839.411 1.25697e+07
1e+08 8.4264e+07 842.64 1.24943e+07
1e+08 8.45881e+07 845.881 1.24194e+07
1e+08 8.49134e+07 849.134 1.2345e+07
1e+08 8.524e+07 852.4 1.2271e+07
1e+08 8.55679e+07 855.679 1.21974e+07
1e+08 8.5897e+07 858.97 1.21242e+07
1e+08 8.62274e+07 862.274 1.20515e+07
1e+08 8.6559e+07 865.59 1.19792e+07
1e+08 8.6892e+07 868.92 1.19073e+07
1e+08 8.72262e+07 872.262 1.18358e+07
1e+08 8.75617e+07 875.617 1.17648e+07
1e+08 8.78985e+07 878.985 1.16941e+07
1e+08 8.82366e+07 882.366 1.16239e+07
1e+08 8.85759e+07 885.759 1.15541e+07
1e+08 8.89166e+07 889.166 1.14847e+07
1e+08 8.92586e+07 892.586 1.14157e+07
1e+08 8.96019e+07 896.019 1.13471e+07
1e+08 8.99466e+07 899.466 1.12789e+07
1e+08 9.02925e+07 902.925 1.12112e+07
1e+08 9.06398e+07 906.398 1.11438e+07
1e+08 9.09885e+07 909.885 1.10768e+07
1e+08 9.13384e+07 913.384 1.10102e+07
1e+08 9.16897e+07 916.897 1.0944e+07
1e+08 9.20424e+07 920.424 1.08781e+07
1e+08 9.23964e+07 923.964 1.08127e+07
1e+08 9.27518e+07 927.518 1.07477e+07
1e+08 9.31086e+07 931.086 1.0683e+07
1e+08 9.34667e+07 934.667 1.06187e+07
1e+08 9.38262e+07 938.262 1.05548e+07
1e+08 9.41871e+07 941.871 1.04912e+07
1e+08 9.45494e+07 945.494 1.0428e+07
1e+08 9.4913e+07 949.13 1.03653e+07
1e+08 9.52781e+07 952.781 1.03028e+07
1e+08 9.56445e+07 956.445 1.02408e+07
1e+08 9.60124e+07 960.124 1.01791e+07
1e+08 9.63817e+07 963.817 1.01177e+07
1e+08 9.67524e+07 967.524 1.00567e+07
1e+08 9.71246e+07 971.246 9.9961e+06
1e+08 9.74981e+07 974.981 9.93584e+06
1e+08 9.78731e+07 978.731 9.87593e+06
1e+08 9.82496e+07 982.496 9.81636e+06
1e+08 9.86275e+07 986.275 9.75715e+06
1e+08 9.90068e+07 990.068 9.69829e+06
1e+08 9.93877e+07 993.877 9.63975e+06
1e+08 9.97699e+07 997.699 9.58159e+06
1e+08 1.00154e+08 1001.54 9.5237e+06
1e+08 1.00539e+08 1005.39 9.46624e+06
1e+08 1.00926e+08 1009.26 9.40904e+06
1e+08 1.01314e+08 1013.14 9.35224e+06
1e+08 1.01703e+08 1017.03 9.29585e+06
1e+08 1.02095e+08 1020.95 9.23958e+06
1e+08 1.02487e+08 1024.87 9.18384e+06
1e+08 1.02882e+08 1028.82 9.12823e+06
1e+08 1.03277e+08 1032.77 9.07316e+06
1e+08 1.03674e+08 1036.74 9.01834e+06
1e+08 1.04073e+08 1040.73 8.96378e+06
1e+08 1.04474e+08 1044.74 8.90948e+06
1e+08 1.04875e+08 1048.75 8.8557e+06
1e+08 1.05279e+08 1052.79 8.80205e+06
1e+08 1.05684e+08 1056.84 8.74878e+06
1e+08 1.0609e+08 1060.9 8.6959e+06
1e+08 1.06498e+08 1064.98 8.64327e+06
1e+08 1.06908e+08 1069.08 8.5909e+06
1e+08 1.07319e+08 1073.19 8.53891e+06
1e+08 1.07732e+08 1077.32 8.48717e+06
1e+08 1.08146e+08 1081.46 8.43581e+06
1e+08 1.08562e+08 1085.62 8.3847e+06
1e+08 1.0898e+08 1089.8 8.33384e+06
1e+08 1.09399e+08 1093.99 8.28336e+06
1e+08 1.0982e+08 1098.2 8.23312e+06
1e+08 1.10242e+08 1102.42 8.18326e+06
1e+08 1.10666e+08 1106.66 8.13364e+06
1e+08 1.11092e+08 1110.92 8.08427e+06
1e+08 1.11519e+08 1115.19 8.03527e+06
1e+08 1.11948e+08 1119.48 7.98651e+06
1e+08 1.12379e+08 1123.79 7.938e+06
1e+08 1.12811e+08 1128.11 7.88985e+06
1e+08 1.13245e+08 1132.45 7.84195e+06
1e+08 1.1368e+08 1136.8 7.7944e+06
1e+08 1.14118e+08 1141.18 7.74699e+06
1e+08 1.14556e+08 1145.56 7.70004e+06
1e+08 1.14997e+08 1149.97 7.65322e+06
1e+08 1.15439e+08 1154.39 7.60675e+06
1e+08 1.15883e+08 1158.83 7.56053e+06
1e+08 1.16329e+08 1163.29 7.51454e+06
1e+08 1.16777e+08 1167.77 7.4688e+06
1e+08 1.17226e+08 1172.26 7.42341e+06
1e+08 1.17677e+08 1176.77 7.37825e+06
1e+08 1.18129e+08 1181.29 7.33343e+06
1e+08 1.18584e+08 1185.84 7.28875e+06
1e+08 1.1904e+08 1190.4 7.24441e+06
1e+08 1.19498e+08 1194.98 7.2003e+06
1e+08 1.19957e+08 1199.57 7.15653e+06
1e+08 1.20419e+08 1204.19 7.1129e+06
1e+08 1.20882e+08 1208.82 7.0696e+06
1e+08 1.21347e+08 1213.47 7.02653e+06
1e+08 1.21813e+08 1218.13 6.98379e+06
1e+08 1.22282e+08 1222.82 6.94119e+06
1e+08 1.22752e+08 1227.52 6.89892e+06
1e+08 1.23224e+08 1232.24 6.85688e+06
1e+08 1.23698e+08 1236.98 6.81506e+06
1e+08 1.24174e+08 1241.74 6.77349e+06
1e+08 1.24652e+08 1246.52 6.73214e+06
1e+08 1.25131e+08 1251.31 6.6911e+06
1e+08 1.25613e+08 1256.13 6.65022e+06
1e+08 1.26096e+08 1260.96 6.60964e+06
1e+08 1.26581e+08 1265.81 6.56929e+06
1e+08 1.27068e+08 1270.68 6.52917e+06
1e+08 1.27556e+08 1275.56 6.48936e+06
1e+08 1.28047e+08 1280.47 6.44969e+06
1e+08 1.28539e+08 1285.39 6.41033e+06
1e+08 1.29034e+08 1290.34 6.37111e+06
1e+08 1.2953e+08 1295.3 6.33219e+06
1e+08 1.30028e+08 1300.28 6.2935e+06
1e+08 1.30528e+08 1305.28 6.25503e+06
1e+08 1.31031e+08 1310.31 6.2167e+06
1e+08 1.31535e+08 1315.35 6.17867e+06
1e+08 1.3204e+08 1320.4 6.14094e+06
1e+08 1.32548e+08 1325.48 6.10335e+06
1e+08 1.33058e+08 1330.58 6.06598e+06
1e+08 1.3357e+08 1335.7 6.02883e+06
1e+08 1.34084e+08 1340.84 5.99189e+06
1e+08 1.34599e+08 1345.99 5.95524e+06
1e+08 1.35117e+08 1351.17 5.91874e+06
1e+08 1.35637e+08 1356.37 5.88245e+06
1e+08 1.36158e+08 1361.58 5.84645e+06
1e+08 1.36682e+08 1366.82 5.81059e+06
1e+08 1.37208e+08 1372.08 5.77495e+06
1e+08 1.37736e+08 1377.36 5.73951e+06
1e+08 1.38265e+08 1382.65 5.70436e+06
1e+08 1.38797e+08 1387.97 5.66935e+06
1e+08 1.39331e+08 1393.31 5.63455e+06
1e+08 1.39867e+08 1398.67 5.59996e+06
1e+08 1.40405e+08 1404.05 5.56558e+06
1e+08 1.40945e+08 1409.45 5.5314e+06
1e+08 1.41487e+08 1414.87 5.49744e+06
1e+08 1.42031e+08 1420.31 5.46368e+06
1e+08 1.42578e+08 1425.78 5.43006e+06
1e+08 1.43126e+08 1431.26 5.39671e+06
1e+08 1.43677e+08 1436.77 5.36351e+06
1e+08 1.44229e+08 1442.29 5.33056e+06
1e+08 1.44784e+08 1447.84 5.29776e+06
1e+08 1.45341e+08 1453.41 5.26517e+06
1e+08 1.459e+08 1459 5.23277e+06
1e+08 1.46461e+08 1464.61 5.20058e+06
1e+08 1.47024e+08 1470.24 5.16858e+06
1e+08 1.4759e+08 1475.9 5.13673e+06
1e+08 1.48157e+08 1481.57 5.10513e+06
1e+08 1.48727e+08 1487.27 5.07368e+06
1e+08 1.49299e+08 1492.99 5.04242e+06
1e+08 1.49874e+08 1498.74 5.0113e+06
1e+08 1.5045e+08 1504.5 4.98044e+06
1e+08 1.51029e+08 1510.29 4.94971e+06
1e+08 1.5161e+08 1516.1 4.91918e+06
1e+08 1.52193e+08 1521.93 4.88884e+06
1e+08 1.52778e+08 1527.78 4.8587e+06
1e+08 1.53366e+08 1533.66 4.82869e+06
1e+08 1.53956e+08 1539.56 4.79888e+06
1e+08 1.54548e+08 1545.48 4.76926e+06
1e+08 1.55142e+08 1551.42 4.73982e+06
1e+08 1.55739e+08 1557.39 4.71053e+06
1e+08 1.56338e+08 1563.38 4.68143e+06
1e+08 1.56939e+08 1569.39 4.65251e+06
1e+08 1.57543e+08 1575.43 4.62373e+06
1e+08 1.58149e+08 1581.49 4.59514e+06
1e+08 1.58757e+08 1587.57 4.56673e+06
1e+08 1.59368e+08 1593.68 4.53846e+06
1e+08 1.59981e+08 1599.81 4.51038e+06
1e+08 1.60596e+08 1605.96 4.48248e+06
1e+08 1.61214e+08 1612.14 4.45471e+06
1e+08 1.61834e+08 1618.34 4.42713e+06
1e+08 1.62456e+08 1624.56 4.39973e+06
1e+08 1.63081e+08 1630.81 4.37247e+06
1e+08 1.63709e+08 1637.09 4.34534e+06
1e+08 1.64338e+08 1643.38 4.31843e+06
1e+08 1.6497e+08 1649.7 4.29166e+06
1e+08 1.65605e+08 1656.05 4.26503e+06
1e+08 1.66242e+08 1662.42 4.23857e+06
1e+08 1.66881e+08 1668.81 4.21229e+06
1e+08 1.67523e+08 1675.23 4.18614e+06
1e+08 1.68167e+08 1681.67 4.16017e+06
1e+08 1.68814e+08 1688.14 4.13433e+06
1e+08 1.69464e+08 1694.64 4.10862e+06
1e+08 1.70115e+08 1701.15 4.08313e+06
1e+08 1.7077e+08 1707.7 4.05773e+06
1e+08 1.71427e+08 1714.27 4.0325e+06
1e+08 1.72086e+08 1720.86 4.00744e+06
1e+08 1.72748e+08 1727.48 3.98252e+06
1e+08 1.73412e+08 1734.12 3.95776e+06
1e+08 1.74079e+08 1740.79 3.93313e+06
1e+08 1.74749e+08 1747.49 3.90864e+06
1e+08 1.75421e+08 1754.21 3.88431e+06
1e+08 1.76096e+08 1760.96 3.86011e+06
1e+08 1.76773e+08 1767.73 3.83608e+06
1e+08 1.77453e+08 1774.53 3.81218e+06
1e+08 1.78135e+08 1781.35 3.78844e+06
1e+08 1.78821e+08 1788.21 3.76479e+06
1e+08 1.79508e+08 1795.08 3.74135e+06
1e+08 1.80199e+08 1801.99 3.71799e+06
1e+08 1.80892e+08 1808.92 3.6948e+06
1e+08 1.81588e+08 1815.88 3.67174e+06
1e+08 1.82286e+08 1822.86 3.64883e+06
1e+08 1.82987e+08 1829.87 3.62605e+06
1e+08 1.83691e+08 1836.91 3.6034e+06
1e+08 1.84398e+08 1843.98 3.58088e+06
1e+08 1.85107e+08 1851.07 3.55851e+06
1e+08 1.85819e+08 1858.19 3.53626e+06
1e+08 1.86534e+08 1865.34 3.51415e+06
1e+08 1.87251e+08 1872.51 3.49218e+06
1e+08 1.87971e+08 1879.71 3.47034e+06
1e+08 1.88694e+08 1886.94 3.44863e+06
1e+08 1.8942e+08 1894.2 3.42704e+06
1e+08 1.90149e+08 1901.49 3.40557e+06
1e+08 1.9088e+08 1908.8 3.38425e+06
1e+08 1.91614e+08 1916.14 3.36306e+06
1e+08 1.92351e+08 1923.51 3.34198e+06
1e+08 1.93091e+08 1930.91 3.32103e+06
1e+08 1.93834e+08 1938.34 3.3002e+06
1e+08 1.94579e+08 1945.79 3.27952e+06
1e+08 1.95328e+08 1953.28 3.25893e+06
1e+08 1.96079e+08 1960.79 3.23849e+06
1e+08 1.96833e+08 1968.33 3.21817e+06
1e+08 1.9759e+08 1975.9 3.19796e+06
1e+08 1.9835e+08 1983.5 3.17788e+06
1e+08 1.99113e+08 1991.13 3.15791e+06
1e+08 1.99879e+08 1998.79 3.13806e+06
1e+08 2.00648e+08 2006.48 3.11833e+06
1e+08 2.01419e+08 2014.19 3.09875e+06
1e+08 2.02194e+08 2021.94 3.07925e+06
1e+08 2.02972e+08 2029.72 3.05987e+06
1e+08 2.03753e+08 2037.53 3.04061e+06
1e+08 2.04536e+08 2045.36 3.02148e+06
1e+08 2.05323e+08 2053.23 3.00245e+06
1e+08 2.06113e+08 2061.13 2.98353e+06
1e+08 2.06905e+08 2069.05 2.96475e+06
1e+08 2.07701e+08 2077.01 2.94606e+06
1e+08 2.085e+08 2085 2.92749e+06
1e+08 2.09302e+08 2093.02 2.90902e+06
1e+08 2.10107e+08 2101.07 2.89067e+06
1e+08 2.10915e+08 2109.15 2.87244e+06
1e+08 2.11727e+08 2117.27 2.85429e+06
1e+08 2.12541e+08 2125.41 2.83628e+06
1e+08 2.13358e+08 2133.58 2.81837e+06
1e+08 2.14179e+08 2141.79 2.80056e+06
1e+08 2.15003e+08 2150.03 2.78286e+06
1e+08 2.1583e+08 2158.3 2.76527e+06
1e+08 2.1666e+08 2166.6 2.74778e+06
1e+08 2.17493e+08 2174.93 2.73041e+06
1e+08 2.1833e+08 2183.3 2.71312e+06
1e+08 2.1917e+08 2191.7 2.69595e+06
1e+08 2.20013e+08 2200.13 2.67888e+06
1e+08 2.20859e+08 2208.59 2.66192e+06
1e+08 2.21708e+08 2217.08 2.64506e+06
1e+08 2.22561e+08 2225.61 2.62829e+06
1e+08 2.23417e+08 2234.17 2.61163e+06
1e+08 2.24276e+08 2242.76 2.59508e+06
1e+08 2.25139e+08 2251.39 2.57861e+06
1e+08 2.26005e+08 2260.05 2.56225e+06
1e+08 2.26874e+08 2268.74 2.54599e+06
1e+08 2.27747e+08 2277.47 2.52982e+06
1e+08 2.28623e+08 2286.23 2.51375e+06
1e+08 2.29502e+08 2295.02 2.49779e+06
1e+08 2.30385e+08 2303.85 2.48191e+06
1e+08 2.31271e+08 2312.71 2.46613e+06
1e+08 2.32161e+08 2321.61 2.45044e+06
1e+08 2.33054e+08 2330.54 2.43485e+06
1e+08 2.3395e+08 2339.5 2.41936e+06
1e+08 2.3485e+08 2348.5 2.40396e+06
1e+08 2.35753e+08 2357.53 2.38866e+06
1e+08 2.3666e+08 2366.6 2.37344e+06
1e+08 2.3757e+08 2375.7 2.35832e+06
1e+08 2.38484e+08 2384.84 2.34328e+06
1e+08 2.39401e+08 2394.01 2.32835e+06
1e+08 2.40322e+08 2403.22 2.31349e+06
1e+08 2.41246e+08 2412.46 2.29874e+06
1e+08 2.42174e+08 2421.74 2.28406e+06
1e+08 2.43106e+08 2431.06 2.26947e+06
1e+08 2.44041e+08 2440.41 2.25498e+06
1e+08 2.44979e+08 2449.79 2.24058e+06
1e+08 2.45922e+08 2459.22 2.22625e+06
1e+08 2.46868e+08 2468.68 2.21202e+06
1e+08 2.47817e+08 2478.17 2.19788e+06
1e+08 2.4877e+08 2487.7 2.18382e+06
1e+08 2.49727e+08 2497.27 2.16984e+06
1e+08 2.50688e+08 2506.88 2.15594e+06
1e+08 2.51652e+08 2516.52 2.14214e+06
1e+08 2.5262e+08 2526.2 2.12841e+06
1e+08 2.53592e+08 2535.92 2.11477e+06
1e+08 2.54567e+08 2545.67 2.10122e+06
1e+08 2.55546e+08 2555.46 2.08774e+06
1e+08 2.56529e+08 2565.29 2.07435e+06
1e+08 2.57516e+08 2575.16 2.06103e+06
1e+08 2.58506e+08 2585.06 2.04781e+06
1e+08 2.595e+08 2595 2.03466e+06
1e+08 2.60499e+08 2604.99 2.02158e+06
1e+08 2.615e+08 2615 2.0086e+06
1e+08 2.62506e+08 2625.06 1.99568e+06
1e+08 2.63516e+08 2635.16 1.98284e+06
1e+08 2.6453e+08 2645.3 1.97008e+06
1e+08 2.65547e+08 2655.47 1.95741e+06
1e+08 2.66568e+08 2665.68 1.94481e+06
1e+08 2.67594e+08 2675.94 1.93228e+06
1e+08 2.68623e+08 2686.23 1.91983e+06
1e+08 2.69656e+08 2696.56 1.90746e+06
1e+08 2.70693e+08 2706.93 1.89516e+06
1e+08 2.71734e+08 2717.34 1.88294e+06
1e+08 2.7278e+08 2727.8 1.87078e+06
1e+08 2.73829e+08 2738.29 1.85871e+06
1e+08 2.74882e+08 2748.82 1.84671e+06
1e+08 2.75939e+08 2759.39 1.83479e+06
1e+08 2.77001e+08 2770.01 1.82292e+06
1e+08 2.78066e+08 2780.66 1.81115e+06
1e+08 2.79136e+08 2791.36 1.79943e+06
1e+08 2.80209e+08 2802.09 1.7878e+06
1e+08 2.81287e+08 2812.87 1.77622e+06
1e+08 2.82369e+08 2823.69 1.76473e+06
1e+08 2.83455e+08 2834.55 1.7533e+06
1e+08 2.84545e+08 2845.45 1.74194e+06
1e+08 2.8564e+08 2856.4 1.73065e+06
1e+08 2.86738e+08 2867.38 1.71943e+06
1e+08 2.87841e+08 2878.41 1.70828e+06
1e+08 2.88948e+08 2889.48 1.6972e+06
1e+08 2.9006e+08 2900.6 1.68618e+06
1e+08 2.91175e+08 2911.75 1.67523e+06
1e+08 2.92295e+08 2922.95 1.66435e+06
1e+08 2.9342e+08 2934.2 1.65353e+06
1e+08 2.94548e+08 2945.48 1.64279e+06
1e+08 2.95681e+08 2956.81 1.6321e+06
1e+08 2.96818e+08 2968.18 1.62149e+06
1e+08 2.9796e+08 2979.6 1.61093e+06
1e+08 2.99106e+08 2991.06 1.60044e+06
1e+08 3.00257e+08 3002.57 1.59001e+06
1e+08 3.01411e+08 3014.11 1.57966e+06
1e+08 3.02571e+08 3025.71 1.56936e+06
1e+08 3.03735e+08 3037.35 1.55912e+06
1e+08 3.04903e+08 3049.03 1.54895e+06
1e+08 3.06076e+08 3060.76 1.53884e+06
1e+08 3.07253e+08 3072.53 1.5288e+06
1e+08 3.08435e+08 3084.35 1.51881e+06
1e+08 3.09621e+08 3096.21 1.50889e+06
1e+08 3.10812e+08 3108.12 1.49902e+06
1e+08 3.12007e+08 3120.07 1.48923e+06
1e+08 3.13207e+08 3132.07 1.47948e+06
1e+08 3.14412e+08 3144.12 1.4698e+06
1e+08 3.15621e+08 3156.21 1.46018e+06
1e+08 3.16835e+08 3168.35 1.45061e+06
1e+08 3.18054e+08 3180.54 1.44111e+06
1e+08 3.19277e+08 3192.77 1.43166e+06
1e+08 3.20505e+08 3205.05 1.42227e+06
1e+08 3.21738e+08 3217.38 1.41294e+06
1e+08 3.22976e+08 3229.76 1.40366e+06
1e+08 3.24218e+08 3242.18 1.39445e+06
1e+08 3.25465e+08 3254.65 1.38529e+06
1e+08 3.26717e+08 3267.17 1.37619e+06
1e+08 3.27973e+08 3279.73 1.36714e+06
1e+08 3.29235e+08 3292.35 1.35815e+06
1e+08 3.30501e+08 3305.01 1.34921e+06
1e+08 3.31772e+08 3317.72 1.34033e+06
1e+08 3.33049e+08 3330.49 1.3315e+06
1e+08 3.3433e+08 3343.3 1.32273e+06
1e+08 3.35615e+08 3356.15 1.31402e+06
1e+08 3.36906e+08 3369.06 1.30535e+06
1e+08 3.38202e+08 3382.02 1.29674e+06
1e+08 3.39503e+08 3395.03 1.28818e+06
1e+08 3.40809e+08 3408.09 1.27968e+06
1e+08 3.4212e+08 3421.2 1.27122e+06
1e+08 3.43436e+08 3434.36 1.26282e+06
1e+08 3.44757e+08 3447.57 1.25448e+06
1e+08 3.46083e+08 3460.83 1.24618e+06
1e+08 3.47414e+08 3474.14 1.23794e+06
1e+08 3.4875e+08 3487.5 1.22974e+06
1e+08 3.50091e+08 3500.91 1.2216e+06
1e+08 3.51438e+08 3514.38 1.21351e+06
1e+08 3.5279e+08 3527.9 1.20546e+06
1e+08 3.54147e+08 3541.47 1.19747e+06
1e+08 3.55509e+08 3555.09 1.18952e+06
1e+08 3.56876e+08 3568.76 1.18163e+06
1e+08 3.58249e+08 3582.49 1.17379e+06
1e+08 3.59627e+08 3596.27 1.16599e+06
1e+08 3.6101e+08 3610.1 1.15824e+06
1e+08 3.62399e+08 3623.99 1.15054e+06
1e+08 3.63792e+08 3637.92 1.14289e+06
1e+08 3.65192e+08 3651.92 1.13528e+06
1e+08 3.66596e+08 3665.96 1.12773e+06
1e+08 3.68006e+08 3680.06 1.12021e+06
1e+08 3.69422e+08 3694.22 1.11275e+06
1e+08 3.70843e+08 3708.43 1.10533e+06
1e+08 3.72269e+08 3722.69 1.09796e+06
1e+08 3.73701e+08 3737.01 1.09063e+06
1e+08 3.75138e+08 3751.38 1.08335e+06
1e+08 3.76581e+08 3765.81 1.07612e+06
1e+08 3.7803e+08 3780.3 1.06892e+06
1e+08 3.79484e+08 3794.84 1.06178e+06
1e+08 3.80943e+08 3809.43 1.05468e+06
1e+08 3.82408e+08 3824.08 1.04762e+06
1e+08 3.83879e+08 3838.79 1.04061e+06
1e+08 3.85356e+08 3853.56 1.03364e+06
1e+08 3.86838e+08 3868.38 1.02671e+06
1e+08 3.88326e+08 3883.26 1.01983e+06
1e+08 3.8982e+08 3898.2 1.01299e+06
1e+08 3.91319e+08 3913.19 1.00619e+06
1e+08 3.92824e+08 3928.24 999438
1e+08 3.94335e+08 3943.35 992725
1e+08 3.95852e+08 3958.52 986054
1e+08 3.97374e+08 3973.74 979427
1e+08 3.98903e+08 3989.03 972837
1e+08 4.00437e+08 4004.37 966292
1e+08 4.01977e+08 4019.77 959787
1e+08 4.03523e+08 4035.23 953323
1e+08 4.05075e+08 4050.75 946899
1e+08 4.06633e+08 4066.33 940515
1e+08 4.08197e+08 4081.97 934171
1e+08 4.09768e+08 4097.68 927862
1e+08 4.11344e+08 4113.44 921598
1e+08 4.12926e+08 4129.26 915372
1e+08 4.14514e+08 4145.14 909186
1e+08 4.16108e+08 4161.08 903040
1e+08 4.17709e+08 4177.09 896928
1e+08 4.19315e+08 4193.15 890860
1e+08 4.20928e+08 4209.28 884826
1e+08 4.22547e+08 4225.47 878831
1e+08 4.24173e+08 4241.73 872871
1e+08 4.25804e+08 4258.04 866952
1e+08 4.27442e+08 4274.42 861069
1e+08 4.29086e+08 4290.86 855223
1e+08 4.30736e+08 4307.36 849415
1e+08 4.32393e+08 4323.93 843642
1e+08 4.34056e+08 4340.56 837906
1e+08 4.35726e+08 4357.26 832204
1e+08 4.37402e+08 4374.02 826540
1e+08 4.39084e+08 4390.84 820912
1e+08 4.40773e+08 4407.73 815319
1e+08 4.42468e+08 4424.68 809762
1e+08 4.4417e+08 4441.7 804238
1e+08 4.45878e+08 4458.78 798752
1e+08 4.47593e+08 4475.93 793298
1e+08 4.49315e+08 4493.15 787878
1e+08 4.51043e+08 4510.43 782494
1e+08 4.52778e+08 4527.78 777143
1e+08 4.54519e+08 4545.19 771827
1e+08 4.56268e+08 4562.68 766541
1e+08 4.58023e+08 4580.23 761291
1e+08 4.59784e+08 4597.84 756077
1e+08 4.61553e+08 4615.53 750891
1e+08 4.63328e+08 4633.28 745741
1e+08 4.6511e+08 4651.1 740623
1e+08 4.66899e+08 4668.99 735537
1e+08 4.68695e+08 4686.95 730483
1e+08 4.70498e+08 4704.98 725461
1e+08 4.72307e+08 4723.07 720473
1e+08 4.74124e+08 4741.24 715513
1e+08 4.75948e+08 4759.48 710586
1e+08 4.77778e+08 4777.78 705692
1e+08 4.79616e+08 4796.16 700827
1e+08 4.81461e+08 4814.61 695993
1e+08 4.83313e+08 4833.13 691190
1e+08 4.85172e+08 4851.72 686417
1e+08 4.87038e+08 4870.38 681676
1e+08 4.88911e+08 4889.11 676965
1e+08 4.90791e+08 4907.91 672284
1e+08 4.92679e+08 4926.79 667632
1e+08 4.94574e+08 4945.74 663009
1e+08 4.96476e+08 4964.76 658417
1e+08 4.98386e+08 4983.86 653852
1e+08 5.00303e+08 5003.03 649318
1e+08 5.02227e+08 5022.27 644813
1e+08 5.04159e+08 5041.59 640336
1e+08 5.06098e+08 5060.98 635888
1e+08 5.08045e+08 5080.45 631467
1e+08 5.09999e+08 5099.99 627076
1e+08 5.1196e+08 5119.6 622713
1e+08 5.1393e+08 5139.3 618376
1e+08 5.15906e+08 5159.06 614070
1e+08 5.17891e+08 5178.91 609788
1e+08 5.19883e+08 5198.83 605535
1e+08 5.21882e+08 5218.82 601310
1e+08 5.2389e+08 5238.9 597110
1e+08 5.25905e+08 5259.05 592939
1e+08 5.27927e+08 5279.27 588795
1e+08 5.29958e+08 5299.58 584676
1e+08 5.31996e+08 5319.96 580585
1e+08 5.34043e+08 5340.43 576517
1e+08 5.36097e+08 5360.97 572478
1e+08 5.38159e+08 5381.59 568464
1e+08 5.40229e+08 5402.29 564476
1e+08 5.42306e+08 5423.06 560516
1e+08 5.44392e+08 5443.92 556579
1e+08 5.46486e+08 5464.86 552667
1e+08 5.48588e+08 5485.88 548781
1e+08 5.50698e+08 5506.98 544919
1e+08 5.52816e+08 5528.16 541083
1e+08 5.54943e+08 5549.43 537271
1e+08 5.57077e+08 5570.77 533484
1e+08 5.5922e+08 5592.2 529721
1e+08 5.61371e+08 5613.71 525983
1e+08 5.6353e+08 5635.3 522269
1e+08 5.65697e+08 5656.97 518579
1e+08 5.67873e+08 5678.73 514913
1e+08 5.70057e+08 5700.57 511270
1e+08 5.7225e+08 5722.5 507651
1e+08 5.74451e+08 5744.51 504055
1e+08 5.76661e+08 5766.61 500482
1e+08 5.78879e+08 5788.79 496933
1e+08 5.81105e+08 5811.05 493407
1e+08 5.8334e+08 5833.4 489904
1e+08 5.85584e+08 5855.84 486423
1e+08 5.87836e+08 5878.36 482965
1e+08 5.90097e+08 5900.97 479529
1e+08 5.92367e+08 5923.67 476115
1e+08 5.94645e+08 5946.45 472725
1e+08 5.96933e+08 5969.33 469354
1e+08 5.99229e+08 5992.29 466007
1e+08 6.01533e+08 6015.33 462683
1e+08 6.03847e+08 6038.47 459378
1e+08 6.0617e+08 6061.7 456095
1e+08 6.08501e+08 6085.01 452835
1e+08 6.10842e+08 6108.42 449594
1e+08 6.13191e+08 6131.91 446376
1e+08 6.1555e+08 6155.5 443178
1e+08 6.17917e+08 6179.17 440002
1e+08 6.20294e+08 6202.94 436846
1e+08 6.2268e+08 6226.8 433710
1e+08 6.25075e+08 6250.75 430595
1e+08 6.27479e+08 6274.79 427501
1e+08 6.29892e+08 6298.92 424427
1e+08 6.32315e+08 6323.15 421373
1e+08 6.34747e+08 6347.47 418338
1e+08 6.37189e+08 6371.89 415323
1e+08 6.3964e+08 6396.4 412328
1e+08 6.421e+08 6421 409354
1e+08 6.4457e+08 6445.7 406398
1e+08 6.47049e+08 6470.49 403462
1e+08 6.49537e+08 6495.37 400546
1e+08 6.52036e+08 6520.36 397648
1e+08 6.54544e+08 6545.44 394769
1e+08 6.57061e+08 6570.61 391910
1e+08 6.59589e+08 6595.89 389068
1e+08 6.62125e+08 6621.25 386247
1e+08 6.64672e+08 6646.72 383443
1e+08 6.67229e+08 6672.29 380658
1e+08 6.69795e+08 6697.95 377891
1e+08 6.72371e+08 6723.71 375143
1e+08 6.74957e+08 6749.57 372413
1e+08 6.77554e+08 6775.54 369699
1e+08 6.8016e+08 6801.6 367005
1e+08 6.82776e+08 6827.76 364328
1e+08 6.85402e+08 6854.02 361669
1e+08 6.88038e+08 6880.38 359028
1e+08 6.90685e+08 6906.85 356404
1e+08 6.93341e+08 6933.41 353798
1e+08 6.96008e+08 6960.08 351208
1e+08 6.98685e+08 6986.85 348636
1e+08 7.01372e+08 7013.72 346082
1e+08 7.0407e+08 7040.7 343543
1e+08 7.06778e+08 7067.78 341022
1e+08 7.09497e+08 7094.97 338517
1e+08 7.12226e+08 7122.26 336029
1e+08 7.14965e+08 7149.65 333558
1e+08 7.17715e+08 7177.15 331103
1e+08 7.20475e+08 7204.75 328665
1e+08 7.23247e+08 7232.47 326242
1e+08 7.26028e+08 7260.28 323836
1e+08 7.28821e+08 7288.21 321446
1e+08 7.31624e+08 7316.24 319072
1e+08 7.34438e+08 7344.38 316714
1e+08 7.37263e+08 7372.63 314371
1e+08 7.40099e+08 7400.99 312044
1e+08 7.42946e+08 7429.46 309732
1e+08 7.45803e+08 7458.03 307436
1e+08 7.48672e+08 7486.72 305155
1e+08 7.51551e+08 7515.51 302890
1e+08 7.54442e+08 7544.42 300640
1e+08 7.57344e+08 7573.44 298405
1e+08 7.60257e+08 7602.57 296185
1e+08 7.63181e+08 7631.81 293980
1e+08 7.66116e+08 7661.16 291789
1e+08 7.69063e+08 7690.63 289613
1e+08 7.72021e+08 7720.21 287452
1e+08 7.74991e+08 7749.91 285305
1e+08 7.77971e+08 7779.71 283174
1e+08 7.80964e+08 7809.64 281056
1e+08 7.83968e+08 7839.68 278952
1e+08 7.86983e+08 7869.83 276863
1e+08 7.9001e+08 7900.1 274788
1e+08 7.93049e+08 7930.49 272726
1e+08 7.96099e+08 7960.99 270679
1e+08 7.99161e+08 7991.61 268646
1e+08 8.02235e+08 8022.35 266626
1e+08 8.0532e+08 8053.2 264620
1e+08 8.08418e+08 8084.18 262627
1e+08 8.11527e+08 8115.27 260648
1e+08 8.14649e+08 8146.49 258682
1e+08 8.17782e+08 8177.82 256730
1e+08 8.20927e+08 8209.27 254791
1e+08 8.24085e+08 8240.85 252865
1e+08 8.27255e+08 8272.55 250952
1e+08 8.30437e+08 8304.37 249052
1e+08 8.33631e+08 8336.31 247165
1e+08 8.36837e+08 8368.37 245292
1e+08 8.40056e+08 8400.56 243430
1e+08 8.43287e+08 8432.87 241581
1e+08 8.4653e+08 8465.3 239746
1e+08 8.49786e+08 8497.86 237922
1e+08 8.53055e+08 8530.55 236111
1e+08 8.56336e+08 8563.36 234312
1e+08 8.5963e+08 8596.3 232526
1e+08 8.62936e+08 8629.36 230751
1e+08 8.66255e+08 8662.55 228989
1e+08 8.69587e+08 8695.87 227239
1e+08 8.72932e+08 8729.32 225501
1e+08 8.76289e+08 8762.89 223775
1e+08 8.7966e+08 8796.6 222061
1e+08 8.83043e+08 8830.43 220358
1e+08 8.8644e+08 8864.4 218667
1e+08 8.89849e+08 8898.49 216988
1e+08 8.93272e+08 8932.72 215320
1e+08 8.96708e+08 8967.08 213664
1e+08 9.00157e+08 9001.57 212019
1e+08 9.03619e+08 9036.19 210386
1e+08 9.07095e+08 9070.95 208763
1e+08 9.10583e+08 9105.83 207152
1e+08 9.14086e+08 9140.86 205552
1e+08 9.17602e+08 9176.02 203963
1e+08 9.21131e+08 9211.31 202385
1e+08 9.24674e+08 9246.74 200818
1e+08 9.28231e+08 9282.31 199262
1e+08 9.31801e+08 9318.01 197717
1e+08 9.35385e+08 9353.85 196182
1e+08 9.38983e+08 9389.83 194658
1e+08 9.42594e+08 9425.94 193145
1e+08 9.4622e+08 9462.2 191641
1e+08 9.49859e+08 9498.59 190149
1e+08 9.53513e+08 9535.13 188667
1e+08 9.5718e+08 9571.8 187195
1e+08 9.60862e+08 9608.62 185733
1e+08 9.64557e+08 9645.57 184282
1e+08 9.68267e+08 9682.67 182841
1e+08 9.71992e+08 9719.92 181409
1e+08 9.7573e+08 9757.3 179988
1e+08 9.79483e+08 9794.83 178576
1e+08 9.83251e+08 9832.51 177175
1e+08 9.87032e+08 9870.32 175783
1e+08 9.90829e+08 9908.29 174401
1e+08 9.9464e+08 9946.4 173029
1e+08 9.98466e+08 9984.66 171666
1e+08 1.00231e+09 10023.1 170312
1e+08 1.00616e+09 10061.6 168970
1e+08 1.01003e+09 10100.3 167635
1e+08 1.01392e+09 10139.2 166309
1e+08 1.01782e+09 10178.2 164993
1e+08 1.02173e+09 10217.3 163689
1e+08 1.02566e+09 10256.6 162392
1e+08 1.02961e+09 10296.1 161102
1e+08 1.03357e+09 10335.7 159823
1e+08 1.03754e+09 10375.4 158555
1e+08 1.04153e+09 10415.3 157294
1e+08 1.04554e+09 10455.4 156041
1e+08 1.04956e+09 10495.6 154799
1e+08 1.0536e+09 10536 153563
1e+08 1.05765e+09 10576.5 152338
1e+08 1.06172e+09 10617.2 151121
1e+08 1.0658e+09 10658 149914
1e+08 1.0699e+09 10699 148714
1e+08 1.07401e+09 10740.1 147524
1e+08 1.07815e+09 10781.5 146339
1e+08 1.08229e+09 10822.9 145167
1e+08 1.08646e+09 10864.6 143999
1e+08 1.09063e+09 10906.3 142844
1e+08 1.09483e+09 10948.3 141693
1e+08 1.09904e+09 10990.4 140552
1e+08 1.10327e+09 11032.7 139418
1e+08 1.10751e+09 11075.1 138294
1e+08 1.11177e+09 11117.7 137177
1e+08 1.11605e+09 11160.5 136067
1e+08 1.12034e+09 11203.4 134967
1e+08 1.12465e+09 11246.5 133874
1e+08 1.12897e+09 11289.7 132790
1e+08 1.13332e+09 11333.2 131711
1e+08 1.13768e+09 11376.8 130641
1e+08 1.14205e+09 11420.5 129580
1e+08 1.14644e+09 11464.4 128527
1e+08 1.15085e+09 11508.5 127480
1e+08 1.15528e+09 11552.8 126440
1e+08 1.15972e+09 11597.2 125409
1e+08 1.16419e+09 11641.9 124382
1e+08 1.16866e+09 11686.6 123367
1e+08 1.17316e+09 11731.6 122357
1e+08 1.17767e+09 11776.7 121355
1e+08 1.1822e+09 11822 120360
1e+08 1.18675e+09 11867.5 119371
1e+08 1.19131e+09 11913.1 118392
1e+08 1.19589e+09 11958.9 117419
1e+08 1.20049e+09 12004.9 116452
1e+08 1.20511e+09 12051.1 115492
1e+08 1.20975e+09 12097.5 114539
1e+08 1.2144e+09 12144 113594
1e+08 1.21907e+09 12190.7 112656
1e+08 1.22376e+09 12237.6 111724
1e+08 1.22847e+09 12284.7 110798
1e+08 1.23319e+09 12331.9 109881
1e+08 1.23793e+09 12379.3 108970
1e+08 1.2427e+09 12427 108063
1e+08 1.24748e+09 12474.8 107165
1e+08 1.25227e+09 12522.7 106275
1e+08 1.25709e+09 12570.9 105389
1e+08 1.26193e+09 12619.3 104510
1e+08 1.26678e+09 12667.8 103639
1e+08 1.27165e+09 12716.5 102773
1e+08 1.27654e+09 12765.4 101914
1e+08 1.28145e+09 12814.5 101061
1e+08 1.28638e+09 12863.8 100214
1e+08 1.29133e+09 12913.3 99373.3
1e+08 1.2963e+09 12963 98538.5
1e+08 1.30128e+09 13012.8 97711.3
1e+08 1.30629e+09 13062.9 96888.6
1e+08 1.31131e+09 13113.1 96073.4
1e+08 1.31636e+09 13163.6 95262.5
1e+08 1.32142e+09 13214.2 94459.1
1e+08 1.3265e+09 13265 93661.6
1e+08 1.3316e+09 13316 92870
1e+08 1.33672e+09 13367.2 92084.2
1e+08 1.34187e+09 13418.7 91302.7
1e+08 1.34703e+09 13470.3 90528.5
1e+08 1.35221e+09 13522.1 89760
1e+08 1.35741e+09 13574.1 88997.2
1e+08 1.36263e+09 13626.3 88240.1
1e+08 1.36787e+09 13678.7 87488.8
1e+08 1.37313e+09 13731.3 86743
1e+08 1.37841e+09 13784.1 86002.9
1e+08 1.38372e+09 13837.2 85266.9
1e+08 1.38904e+09 13890.4 84538
1e+08 1.39438e+09 13943.8 83814.5
1e+08 1.39974e+09 13997.4 83096.6
1e+08 1.40513e+09 14051.3 82382.8
1e+08 1.41053e+09 14105.3 81675.8
1e+08 1.41596e+09 14159.6 80972.9
1e+08 1.4214e+09 14214 80276.7
1e+08 1.42687e+09 14268.7 79584.7
1e+08 1.43236e+09 14323.6 78897.9
1e+08 1.43787e+09 14378.7 78216.6
1e+08 1.4434e+09 14434 77540.5
1e+08 1.44895e+09 14489.5 76869.7
1e+08 1.45452e+09 14545.2 76204.1
1e+08 1.46012e+09 14601.2 75542.6
1e+08 1.46573e+09 14657.3 74887.5
1e+08 1.47137e+09 14713.7 74236.3
1e+08 1.47703e+09 14770.3 73590.4
1e+08 1.48271e+09 14827.1 72949.5
1e+08 1.48842e+09 14884.2 72312.6
1e+08 1.49414e+09 14941.4 71681.9
1e+08 1.49989e+09 14998.9 71055.2
1e+08 1.50566e+09 15056.6 70433.4
1e+08 1.51145e+09 15114.5 69816.7
1e+08 1.51726e+09 15172.6 69204.9
1e+08 1.5231e+09 15231 68597.1
1e+08 1.52896e+09 15289.6 67994.1
1e+08 1.53484e+09 15348.4 67396
1e+08 1.54074e+09 15407.4 66802.8
1e+08 1.54667e+09 15466.7 66213.5
1e+08 1.55261e+09 15526.1 65629.9
1e+08 1.55859e+09 15585.9 65049.2
1e+08 1.56458e+09 15645.8 64474.2
1e+08 1.5706e+09 15706 63903
1e+08 1.57664e+09 15766.4 63336.5
1e+08 1.5827e+09 15827 62774.7
1e+08 1.58879e+09 15887.9 62216.6
1e+08 1.5949e+09 15949 61663.2
1e+08 1.60104e+09 16010.4 61113.5
1e+08 1.6072e+09 16072 60568.4
1e+08 1.61338e+09 16133.8 60027.9
1e+08 1.61958e+09 16195.8 59491.9
1e+08 1.62581e+09 16258.1 58959.5
1e+08 1.63207e+09 16320.7 58430.8
1e+08 1.63834e+09 16383.4 57907.5
1e+08 1.64464e+09 16446.4 57387.7
1e+08 1.65097e+09 16509.7 56871.5
1e+08 1.65732e+09 16573.2 56359.7
1e+08 1.66369e+09 16636.9 55852.3
1e+08 1.67009e+09 16700.9 55348.4
1e+08 1.67652e+09 16765.2 54848.1
1e+08 1.68297e+09 16829.7 54352.1
1e+08 1.68944e+09 16894.4 53860.4
1e+08 1.69594e+09 16959.4 53372.1
1e+08 1.70246e+09 17024.6 52888.1
1e+08 1.70901e+09 17090.1 52407.5
1e+08 1.71558e+09 17155.8 51931.2
1e+08 1.72218e+09 17221.8 51458.2
1e+08 1.7288e+09 17288 50989.4
1e+08 1.73545e+09 17354.5 50524
1e+08 1.74213e+09 17421.3 50062
1e+08 1.74883e+09 17488.3 49604.1
1e+08 1.75556e+09 17555.6 49149.5
1e+08 1.76231e+09 17623.1 48698.9
1e+08 1.76909e+09 17690.9 48251.7
1e+08 1.77589e+09 17758.9 47808.4
1e+08 1.78272e+09 17827.2 47368.4
1e+08 1.78958e+09 17895.8 46931.8
1e+08 1.79646e+09 17964.6 46499
1e+08 1.80337e+09 18033.7 46069.5
1e+08 1.81031e+09 18103.1 45643.2
1e+08 1.81727e+09 18172.7 45220.7
1e+08 1.82426e+09 18242.6 44801.5
1e+08 1.83128e+09 18312.8 44385.4
1e+08 1.83832e+09 18383.2 43973.1
1e+08 1.84539e+09 18453.9 43564
1e+08 1.85249e+09 18524.9 43158
1e+08 1.85962e+09 18596.2 42755.2
1e+08 1.86677e+09 18667.7 42356
1e+08 1.87395e+09 18739.5 41960
1e+08 1.88116e+09 18811.6 41567
1e+08 1.88839e+09 18883.9 41177.7
1e+08 1.89565e+09 18956.5 40791.3
1e+08 1.90295e+09 19029.5 40407.6
1e+08 1.91027e+09 19102.7 40027.3
1e+08 1.91761e+09 19176.1 39650.6
1e+08 1.92499e+09 19249.9 39276.4
1e+08 1.93239e+09 19323.9 38905.6
1e+08 1.93983e+09 19398.3 38537.3
1e+08 1.94729e+09 19472.9 38172.5
1e+08 1.95478e+09 19547.8 37810.6
1e+08 1.96229e+09 19622.9 37452.1
1e+08 1.96984e+09 19698.4 37096
1e+08 1.97742e+09 19774.2 36742.8
1e+08 1.98502e+09 19850.2 36393
1e+08 1.99266e+09 19926.6 36045.5
1e+08 2.00032e+09 20003.2 35701.4
1e+08 2.00802e+09 20080.2 35359.6
1e+08 2.01574e+09 20157.4 35021.1
1e+08 2.02349e+09 20234.9 34685.4
1e+08 2.03128e+09 20312.8 34352.1
1e+08 2.03909e+09 20390.9 34021.9
1e+08 2.04693e+09 20469.3 33694.5
1e+08 2.05481e+09 20548.1 33369.4
1e+08 2.06271e+09 20627.1 33047.4
1e+08 2.07064e+09 20706.4 32728.2
1e+08 2.07861e+09 20786.1 32411.3
1e+08 2.0866e+09 20866 32097.4
1e+08 2.09463e+09 20946.3 31785.8
1e+08 2.10269e+09 21026.9 31476.8
1e+08 2.11077e+09 21107.7 31170.9
1e+08 2.11889e+09 21188.9 30867.2
1e+08 2.12704e+09 21270.4 30566.2
1e+08 2.13522e+09 21352.2 30267.7
1e+08 2.14344e+09 21434.4 29971.4
1e+08 2.15168e+09 21516.8 29678
1e+08 2.15996e+09 21599.6 29386.9
1e+08 2.16826e+09 21682.6 29098.6
1e+08 2.1766e+09 21766 28812.5
1e+08 2.18498e+09 21849.8 28528.6
1e+08 2.19338e+09 21933.8 28247.5
1e+08 2.20182e+09 22018.2 27968.5
1e+08 2.21028e+09 22102.8 27692.3
1e+08 2.21879e+09 22187.9 27418
1e+08 2.22732e+09 22273.2 27146.3
1e+08 2.23589e+09 22358.9 26876.8
1e+08 2.24449e+09 22444.9 26609.7
1e+08 2.25312e+09 22531.2 26345
1e+08 2.26179e+09 22617.9 26082.3
1e+08 2.27049e+09 22704.9 25822
1e+08 2.27922e+09 22792.2 25564.1
1e+08 2.28798e+09 22879.8 25308.5
1e+08 2.29679e+09 22967.9 25054.6
1e+08 2.30562e+09 23056.2 24803.3
1e+08 2.31449e+09 23144.9 24554.1
1e+08 2.32339e+09 23233.9 24307.1
1e+08 2.33233e+09 23323.3 24062.1
1e+08 2.3413e+09 23413 23819.3
1e+08 2.3503e+09 23503 23578.8
1e+08 2.35934e+09 23593.4 23340.3
1e+08 2.36842e+09 23684.2 23103.7
1e+08 2.37753e+09 23775.3 22869.3
1e+08 2.38667e+09 23866.7 22637
1e+08 2.39585e+09 23958.5 22406.7
1e+08 2.40507e+09 24050.7 22178.3
1e+08 2.41432e+09 24143.2 21952.1
1e+08 2.4236e+09 24236 21727.9
1e+08 2.43292e+09 24329.2 21505.7
1e+08 2.44228e+09 24422.8 21285.3
1e+08 2.45168e+09 24516.8 21066.7
1e+08 2.46111e+09 24611.1 20850.3
1e+08 2.47057e+09 24705.7 20635.9
1e+08 2.48008e+09 24800.8 20423.1
1e+08 2.48961e+09 24896.1 20212.5
1e+08 2.49919e+09 24991.9 20003.6
1e+08 2.5088e+09 25088 19796.6
1e+08 2.51845e+09 25184.5 19591.5
1e+08 2.52814e+09 25281.4 19388.1
1e+08 2.53786e+09 25378.6 19186.7
1e+08 2.54762e+09 25476.2 18987
1e+08 2.55742e+09 25574.2 18789.1
1e+08 2.56726e+09 25672.6 18592.9
1e+08 2.57713e+09 25771.3 18398.6
1e+08 2.58705e+09 25870.5 18205.9
1e+08 2.597e+09 25970 18015
1e+08 2.60699e+09 26069.9 17825.9
1e+08 2.61701e+09 26170.1 17638.6
1e+08 2.62708e+09 26270.8 17452.8
1e+08 2.63718e+09 26371.8 17268.8
1e+08 2.64733e+09 26473.3 17086.3
1e+08 2.65751e+09 26575.1 16905.6
1e+08 2.66773e+09 26677.3 16726.6
1e+08 2.67799e+09 26779.9 16549.2
1e+08 2.68829e+09 26882.9 16373.4
1e+08 2.69863e+09 26986.3 16199.2
1e+08 2.70901e+09 27090.1 16026.6
1e+08 2.71943e+09 27194.3 15855.6
1e+08 2.72989e+09 27298.9 15686.1
1e+08 2.74039e+09 27403.9 15518.3
1e+08 2.75093e+09 27509.3 15351.9
1e+08 2.76151e+09 27615.1 15187.2
1e+08 2.77213e+09 27721.3 15023.9
1e+08 2.7828e+09 27828 14862
1e+08 2.7935e+09 27935 14701.8
1e+08 2.80424e+09 28042.4 14543.1
1e+08 2.81503e+09 28150.3 14385.8
1e+08 2.82586e+09 28258.6 14229.9
1e+08 2.83673e+09 28367.3 14075.5
1e+08 2.84764e+09 28476.4 13922.6
1e+08 2.85859e+09 28585.9 13771.2
1e+08 2.86959e+09 28695.9 13621
1e+08 2.88062e+09 28806.2 13472.4
1e+08 2.8917e+09 28917 13325.2
1e+08 2.90283e+09 29028.3 13179.2
1e+08 2.91399e+09 29139.9 13034.7
1e+08 2.9252e+09 29252 12891.6
1e+08 2.93645e+09 29364.5 12749.8
1e+08 2.94774e+09 29477.4 12609.4
1e+08 2.95908e+09 29590.8 12470.2
1e+08 2.97046e+09 29704.6 12332.5
1e+08 2.98189e+09 29818.9 12195.9
1e+08 2.99336e+09 29933.6 12060.7
1e+08 3.00487e+09 30048.7 11926.9
1e+08 3.01643e+09 30164.3 11794.2
1e+08 3.02803e+09 30280.3 11662.9
1e+08 3.03968e+09 30396.8 11532.8
1e+08 3.05137e+09 30513.7 11404
1e+08 3.06311e+09 30631.1 11276.3
1e+08 3.07489e+09 30748.9 11150
1e+08 3.08671e+09 30867.1 11024.9
1e+08 3.09859e+09 30985.9 10900.9
1e+08 3.11051e+09 31105.1 10778.1
1e+08 3.12247e+09 31224.7 10656.6
1e+08 3.13448e+09 31344.8 10536.2
1e+08 3.14654e+09 31465.4 10417
1e+08 3.15864e+09 31586.4 10299
1e+08 3.17079e+09 31707.9 10182.1
1e+08 3.18298e+09 31829.8 10066.4
1e+08 3.19523e+09 31952.3 9951.69
1e+08 3.20752e+09 32075.2 9838.19
1e+08 3.21985e+09 32198.5 9725.88
1e+08 3.23224e+09 32322.4 9614.55
1e+08 3.24467e+09 32446.7 9504.39
1e+08 3.25715e+09 32571.5 9395.3
1e+08 3.26968e+09 32696.8 9287.27
1e+08 3.28225e+09 32822.5 9180.37
1e+08 3.29488e+09 32948.8 9074.44
1e+08 3.30755e+09 33075.5 8969.63
1e+08 3.32027e+09 33202.7 8865.85
1e+08 3.33304e+09 33330.4 8763.1
1e+08 3.34586e+09 33458.6 8661.36
1e+08 3.35873e+09 33587.3 8560.64
1e+08 3.37165e+09 33716.5 8460.91
1e+08 3.38462e+09 33846.2 8362.19
1e+08 3.39764e+09 33976.4 8264.46
1e+08 3.41071e+09 34107.1 8167.71
1e+08 3.42382e+09 34238.2 8072
1e+08 3.43699e+09 34369.9 7977.2
1e+08 3.45021e+09 34502.1 7883.36
1e+08 3.46348e+09 34634.8 7790.47
1e+08 3.47681e+09 34768.1 7698.46
1e+08 3.49018e+09 34901.8 7607.47
1e+08 3.5036e+09 35036 7517.41
1e+08 3.51708e+09 35170.8 7428.21
1e+08 3.53061e+09 35306.1 7339.94
1e+08 3.54419e+09 35441.9 7252.58
1e+08 3.55782e+09 35578.2 7166.12
1e+08 3.5715e+09 35715 7080.58
1e+08 3.58524e+09 35852.4 6995.86
1e+08 3.59903e+09 35990.3 6912.03
1e+08 3.61287e+09 36128.7 6829.09
1e+08 3.62677e+09 36267.7 6746.96
1e+08 3.64072e+09 36407.2 6665.71
1e+08 3.65472e+09 36547.2 6585.31
1e+08 3.66878e+09 36687.8 6505.72
1e+08 3.68289e+09 36828.9 6426.97
1e+08 3.69706e+09 36970.6 6349.02
1e+08 3.71128e+09 37112.8 6271.9
1e+08 3.72555e+09 37255.5 6195.61
1e+08 3.73988e+09 37398.8 6120.1
1e+08 3.75426e+09 37542.6 6045.4
1e+08 3.7687e+09 37687 5971.47
1e+08 3.7832e+09 37832 5898.29
1e+08 3.79775e+09 37977.5 5825.91
1e+08 3.81236e+09 38123.6 5754.27
1e+08 3.82702e+09 38270.2 5683.43
1e+08 3.84174e+09 38417.4 5613.31
1e+08 3.85652e+09 38565.2 5543.93
1e+08 3.87135e+09 38713.5 5475.32
1e+08 3.88624e+09 38862.4 5407.42
1e+08 3.90119e+09 39011.9 5340.23
1e+08 3.91619e+09 39161.9 5273.8
1e+08 3.93126e+09 39312.6 5208.03
1e+08 3.94638e+09 39463.8 5142.99
1e+08 3.96156e+09 39615.6 5078.65
1e+08 3.97679e+09 39767.9 5015.03
1e+08 3.99209e+09 39920.9 4952.05
1e+08 4.00745e+09 40074.5 4889.75
1e+08 4.02286e+09 40228.6 4828.16
1e+08 4.03833e+09 40383.3 4767.24
1e+08 4.05387e+09 40538.7 4706.94
1e+08 4.06946e+09 40694.6 4647.33
1e+08 4.08511e+09 40851.1 4588.37
1e+08 4.10082e+09 41008.2 4530.05
1e+08 4.1166e+09 41166 4472.34
1e+08 4.13243e+09 41324.3 4415.3
1e+08 4.14832e+09 41483.2 4358.89
1e+08 4.16428e+09 41642.8 4303.07
1e+08 4.1803e+09 41803 4247.87
1e+08 4.19638e+09 41963.8 4193.29
1e+08 4.21252e+09 42125.2 4139.31
1e+08 4.22872e+09 42287.2 4085.94
1e+08 4.24498e+09 42449.8 4033.17
1e+08 4.26131e+09 42613.1 3980.97
1e+08 4.2777e+09 42777 3929.35
1e+08 4.29415e+09 42941.5 3878.32
1e+08 4.31067e+09 43106.7 3827.85
1e+08 4.32725e+09 43272.5 3777.94
1e+08 4.34389e+09 43438.9 3728.61
1e+08 4.3606e+09 43606 3679.82
1e+08 4.37737e+09 43773.7 3631.59
1e+08 4.39421e+09 43942.1 3583.89
1e+08 4.41111e+09 44111.1 3536.74
1e+08 4.42808e+09 44280.8 3490.12
1e+08 4.44511e+09 44451.1 3444.03
1e+08 4.46221e+09 44622.1 3398.46
1e+08 4.47937e+09 44793.7 3353.43
1e+08 4.4966e+09 44966 3308.89
1e+08 4.5139e+09 45139 3264.86
1e+08 4.53126e+09 45312.6 3221.35
1e+08 4.54869e+09 45486.9 3178.34
1e+08 4.56618e+09 45661.8 3135.83
1e+08 4.58374e+09 45837.4 3093.81
1e+08 4.60138e+09 46013.8 3052.24
1e+08 4.61907e+09 46190.7 3011.2
1e+08 4.63684e+09 46368.4 2970.61
1e+08 4.65467e+09 46546.7 2930.5
1e+08 4.67258e+09 46725.8 2890.84
1e+08 4.69055e+09 46905.5 2851.66
1e+08 4.70859e+09 47085.9 2812.94
1e+08 4.7267e+09 47267 2774.67
1e+08 4.74488e+09 47448.8 2736.84
1e+08 4.76313e+09 47631.3 2699.47
1e+08 4.78145e+09 47814.5 2662.53
1e+08 4.79984e+09 47998.4 2626.03
1e+08 4.81831e+09 48183.1 2589.94
1e+08 4.83684e+09 48368.4 2554.3
1e+08 4.85544e+09 48554.4 2519.09
1e+08 4.87412e+09 48741.2 2484.28
1e+08 4.89286e+09 48928.6 2449.91
1e+08 4.91168e+09 49116.8 2415.94
1e+08 4.93058e+09 49305.8 2382.36
1e+08 4.94954e+09 49495.4 2349.2
1e+08 4.96858e+09 49685.8 2316.43
1e+08 4.98769e+09 49876.9 2284.06
1e+08 5.00687e+09 50068.7 2252.08
1e+08 5.02613e+09 50261.3 2220.49
1e+08 5.04546e+09 50454.6 2189.28
1e+08 5.06487e+09 50648.7 2158.44
1e+08 5.08435e+09 50843.5 2127.98
1e+08 5.10391e+09 51039.1 2097.89
1e+08 5.12354e+09 51235.4 2068.17
1e+08 5.14324e+09 51432.4 2038.83
1e+08 5.16303e+09 51630.3 2009.82
1e+08 5.18288e+09 51828.8 1981.19
1e+08 5.20282e+09 52028.2 1952.9
1e+08 5.22283e+09 52228.3 1924.97
1e+08 5.24292e+09 52429.2 1897.37
1e+08 5.26309e+09 52630.9 1870.12
1e+08 5.28333e+09 52833.3 1843.21
1e+08 5.30365e+09 53036.5 1816.64
1e+08 5.32405e+09 53240.5 1790.39
1e+08 5.34453e+09 53445.3 1764.47
1e+08 5.36508e+09 53650.8 1738.88
1e+08 5.38572e+09 53857.2 1713.61
1e+08 5.40643e+09 54064.3 1688.66
1e+08 5.42723e+09 54272.3 1664.01
1e+08 5.4481e+09 54481 1639.69
1e+08 5.46906e+09 54690.6 1615.66
1e+08 5.4901e+09 54901 1591.94
1e+08 5.51121e+09 55112.1 1568.53
1e+08 5.53241e+09 55324.1 1545.41
1e+08 5.55369e+09 55536.9 1522.59
1e+08 5.57505e+09 55750.5 1500.06
1e+08 5.59649e+09 55964.9 1477.82
1e+08 5.61802e+09 56180.2 1455.86
1e+08 5.63963e+09 56396.3 1434.19
1e+08 5.66132e+09 56613.2 1412.79
1e+08 5.68309e+09 56830.9 1391.68
1e+08 5.70495e+09 57049.5 1370.83
1e+08 5.7269e+09 57269 1350.25
1e+08 5.74892e+09 57489.2 1329.95
1e+08 5.77104e+09 57710.4 1309.9
1e+08 5.79323e+09 57932.3 1290.13
1e+08 5.81552e+09 58155.2 1270.6
1e+08 5.83788e+09 58378.8 1251.34
1e+08 5.86034e+09 58603.4 1232.32
1e+08 5.88288e+09 58828.8 1213.56
1e+08 5.90551e+09 59055.1 1195.04
1e+08 5.92822e+09 59282.2 1176.78
1e+08 5.95102e+09 59510.2 1158.75
1e+08 5.97391e+09 59739.1 1140.96
1e+08 5.99689e+09 59968.9 1123.41
1e+08 6.01995e+09 60199.5 1106.1
1e+08 6.04311e+09 60431.1 1089.01
1e+08 6.06635e+09 60663.5 1072.15
1e+08 6.08969e+09 60896.9 1055.52
1e+08 6.11311e+09 61131.1 1039.11
1e+08 6.13662e+09 61366.2 1022.93
1e+08 6.16022e+09 61602.2 1006.96
1e+08 6.18392e+09 61839.2 991.211
1e+08 6.2077e+09 62077 975.678
1e+08 6.23158e+09 62315.8 960.351
1e+08 6.25555e+09 62555.5 945.234
1e+08 6.27961e+09 62796.1 930.326
1e+08 6.30376e+09 63037.6 915.623
1e+08 6.32801e+09 63280.1 901.118
1e+08 6.35235e+09 63523.5 886.814
1e+08 6.37678e+09 63767.8 872.709
1e+08 6.40131e+09 64013.1 858.797
1e+08 6.42593e+09 64259.3 845.079
1e+08 6.45065e+09 64506.5 831.549
1e+08 6.47546e+09 64754.6 818.21
1e+08 6.50036e+09 65003.6 805.059
1e+08 6.52537e+09 65253.7 792.085
1e+08 6.55046e+09 65504.6 779.302
1e+08 6.57566e+09 65756.6 766.69
1e+08 6.60095e+09 66009.5 754.26
1e+08 6.62634e+09 66263.4 742.004
1e+08 6.65183e+09 66518.3 729.92
1e+08 6.67741e+09 66774.1 718.011
1e+08 6.7031e+09 67031 706.266
1e+08 6.72888e+09 67288.8 694.692
1e+08 6.75476e+09 67547.6 683.282
1e+08 6.78074e+09 67807.4 672.036
1e+08 6.80682e+09 68068.2 660.95
1e+08 6.833e+09 68330 650.024
1e+08 6.85928e+09 68592.8 639.256
1e+08 6.88567e+09 68856.7 628.639
1e+08 6.91215e+09 69121.5 618.181
1e+08 6.93874e+09 69387.4 607.871
1e+08 6.96543e+09 69654.3 597.712
1e+08 6.99222e+09 69922.2 587.701
1e+08 7.01911e+09 70191.1 577.838
1e+08 7.04611e+09 70461.1 568.117
1e+08 7.07321e+09 70732.1 558.54
1e+08 7.10042e+09 71004.2 549.101
1e+08 7.12773e+09 71277.3 539.804
1e+08 7.15514e+09 71551.4 530.645
1e+08 7.18266e+09 71826.6 521.62
1e+08 7.21029e+09 72102.9 512.728
1e+08 7.23802e+09 72380.2 503.97
1e+08 7.26586e+09 72658.6 495.342
1e+08 7.29381e+09 72938.1 486.841
1e+08 7.32186e+09 73218.6 478.471
1e+08 7.35002e+09 73500.2 470.225
1e+08 7.37829e+09 73782.9 462.103
1e+08 7.40667e+09 74066.7 454.103
1e+08 7.43516e+09 74351.6 446.224
1e+08 7.46376e+09 74637.6 438.464
1e+08 7.49247e+09 74924.7 430.822
1e+08 7.52129e+09 75212.9 423.296
1e+08 7.55022e+09 75502.2 415.886
1e+08 7.57926e+09 75792.6 408.589
1e+08 7.60841e+09 76084.1 401.405
1e+08 7.63767e+09 76376.7 394.332
1e+08 7.66705e+09 76670.5 387.365
1e+08 7.69654e+09 76965.4 380.508
1e+08 7.72614e+09 77261.4 373.757
1e+08 7.75586e+09 77558.6 367.109
1e+08 7.78569e+09 77856.9 360.566
1e+08 7.81564e+09 78156.4 354.124
1e+08 7.8457e+09 78457 347.784
1e+08 7.87587e+09 78758.7 341.544
1e+08 7.90617e+09 79061.7 335.4
1e+08 7.93658e+09 79365.8 329.353
1e+08 7.9671e+09 79671 323.404
1e+08 7.99775e+09 79977.5 317.546
1e+08 8.02851e+09 80285.1 311.782
1e+08 8.05939e+09 80593.9 306.11
1e+08 8.09039e+09 80903.9 300.528
1e+08 8.12151e+09 81215.1 295.035
1e+08 8.15274e+09 81527.4 289.632
1e+08 8.1841e+09 81841 284.314
1e+08 8.21558e+09 82155.8 279.082
1e+08 8.24718e+09 82471.8 273.934
1e+08 8.2789e+09 82789 268.87
1e+08 8.31074e+09 83107.4 263.888
1e+08 8.34271e+09 83427.1 258.986
1e+08 8.3748e+09 83748 254.165
1e+08 8.40701e+09 84070.1 249.422
1e+08 8.43935e+09 84393.5 244.757
1e+08 8.47181e+09 84718.1 240.169
1e+08 8.50439e+09 85043.9 235.657
1e+08 8.5371e+09 85371 231.218
1e+08 8.56994e+09 85699.4 226.853
1e+08 8.6029e+09 86029 222.561
1e+08 8.63599e+09 86359.9 218.34
1e+08 8.66921e+09 86692.1 214.189
1e+08 8.70255e+09 87025.5 210.108
1e+08 8.73602e+09 87360.2 206.095
1e+08 8.76962e+09 87696.2 202.15
1e+08 8.80336e+09 88033.6 198.27
1e+08 8.83722e+09 88372.2 194.456
1e+08 8.87121e+09 88712.1 190.707
1e+08 8.90533e+09 89053.3 187.022
1e+08 8.93958e+09 89395.8 183.399
1e+08 8.97396e+09 89739.6 179.838
1e+08 9.00848e+09 90084.8 176.338
1e+08 9.04313e+09 90431.3 172.898
1e+08 9.07791e+09 90779.1 169.517
1e+08 9.11283e+09 91128.3 166.193
1e+08 9.14788e+09 91478.8 162.928
1e+08 9.18307e+09 91830.7 159.719
1e+08 9.21839e+09 92183.9 156.565
1e+08 9.25384e+09 92538.4 153.468
1e+08 9.28944e+09 92894.4 150.423
1e+08 9.32517e+09 93251.7 147.432
1e+08 9.36103e+09 93610.3 144.494
1e+08 9.39704e+09 93970.4 141.606
1e+08 9.43318e+09 94331.8 138.77
1e+08 9.46946e+09 94694.6 135.985
1e+08 9.50589e+09 95058.9 133.248
1e+08 9.54245e+09 95424.5 130.56
1e+08 9.57915e+09 95791.5 127.92
1e+08 9.616e+09 96160 125.326
1e+08 9.65298e+09 96529.8 122.78
1e+08 9.69011e+09 96901.1 120.279
1e+08 9.72738e+09 97273.8 117.823
1e+08 9.7648e+09 97648 115.411
1e+08 9.80236e+09 98023.6 113.043
1e+08 9.84006e+09 98400.6 110.719
1e+08 9.87791e+09 98779.1 108.436
1e+08 9.9159e+09 99159 106.195
1e+08 9.95404e+09 99540.4 103.995
1e+08 9.99233e+09 99923.3 101.835
1e+08 1.00308e+10 100308 99.7124
1e+08 1.00693e+10 100693 97.6357
1e+08 1.01081e+10 101081 95.5893
1e+08 1.01469e+10 101469 93.5886
1e+08 1.0186e+10 101860 91.6173
1e+08 1.02252e+10 102252 89.6853
1e+08 1.02645e+10 102645 87.7918
1e+08 1.0304e+10 103040 85.9314
1e+08 1.03436e+10 103436 84.1083
1e+08 1.03834e+10 103834 82.3174
1e+08 1.04233e+10 104233 80.5626
1e+08 1.04634e+10 104634 78.8389
1e+08 1.05037e+10 105037 77.1461
1e+08 1.05441e+10 105441 75.4877
1e+08 1.05846e+10 105846 73.8631
1e+08 1.06253e+10 106253 72.2679
1e+08 1.06662e+10 106662 70.7016
1e+08 1.07072e+10 107072 69.1675
1e+08 1.07484e+10 107484 67.6614
1e+08 1.07897e+10 107897 66.1866
1e+08 1.08312e+10 108312 64.7388
1e+08 1.08729e+10 108729 63.3179
1e+08 1.09147e+10 109147 61.9266
1e+08 1.09567e+10 109567 60.5612
1e+08 1.09988e+10 109988 59.2245
1e+08 1.10412e+10 110412 57.9098
1e+08 1.10836e+10 110836 56.6259
1e+08 1.11262e+10 111262 55.3662
1e+08 1.1169e+10 111690 54.1305
1e+08 1.1212e+10 112120 52.9183
1e+08 1.12551e+10 112551 51.732
1e+08 1.12984e+10 112984 50.5684
1e+08 1.13419e+10 113419 49.4273
1e+08 1.13855e+10 113855 48.3108
1e+08 1.14293e+10 114293 47.216
1e+08 1.14733e+10 114733 46.1424
1e+08 1.15174e+10 115174 45.0923
1e+08 1.15617e+10 115617 44.0627
1e+08 1.16062e+10 116062 43.0535
1e+08 1.16508e+10 116508 42.0663
1e+08 1.16956e+10 116956 41.0988
1e+08 1.17406e+10 117406 40.1505
1e+08 1.17857e+10 117857 39.2233
1e+08 1.18311e+10 118311 38.3126
1e+08 1.18766e+10 118766 37.4222
1e+08 1.19223e+10 119223 36.5498
1e+08 1.19681e+10 119681 35.6969
1e+08 1.20142e+10 120142 34.8596
1e+08 1.20604e+10 120604 34.0412
1e+08 1.21068e+10 121068 33.2395
1e+08 1.21533e+10 121533 32.456
1e+08 1.22001e+10 122001 31.6871
1e+08 1.2247e+10 122470 30.9356
1e+08 1.22941e+10 122941 30.1998
1e+08 1.23414e+10 123414 29.4794
1e+08 1.23889e+10 123889 28.7741
1e+08 1.24365e+10 124365 28.085
1e+08 1.24843e+10 124843 27.4105
1e+08 1.25324e+10 125324 26.7488
1e+08 1.25806e+10 125806 26.1026
1e+08 1.26289e+10 126289 25.4715
1e+08 1.26775e+10 126775 24.8526
1e+08 1.27263e+10 127263 24.247
1e+08 1.27752e+10 127752 23.6556
1e+08 1.28244e+10 128244 23.0759
1e+08 1.28737e+10 128737 22.5099
1e+08 1.29232e+10 129232 21.9562
1e+08 1.29729e+10 129729 21.4146
1e+08 1.30228e+10 130228 20.8849
1e+08 1.30729e+10 130729 20.3669
1e+08 1.31232e+10 131232 19.8603
1e+08 1.31737e+10 131737 19.3649
1e+08 1.32243e+10 132243 18.8816
1e+08 1.32752e+10 132752 18.408
1e+08 1.33263e+10 133263 17.9451
1e+08 1.33775e+10 133775 17.4935
1e+08 1.3429e+10 134290 17.0512
1e+08 1.34806e+10 134806 16.6198
1e+08 1.35325e+10 135325 16.1973
1e+08 1.35845e+10 135845 15.7853
1e+08 1.36368e+10 136368 15.382
1e+08 1.36892e+10 136892 14.9886
1e+08 1.37419e+10 137419 14.6036
1e+08 1.37947e+10 137947 14.2282
1e+08 1.38478e+10 138478 13.8608
1e+08 1.39011e+10 139011 13.5019
1e+08 1.39545e+10 139545 13.1521
1e+08 1.40082e+10 140082 12.8099
1e+08 1.40621e+10 140621 12.4757
1e+08 1.41162e+10 141162 12.1494
1e+08 1.41705e+10 141705 11.8308
1e+08 1.4225e+10 142250 11.5198
1e+08 1.42797e+10 142797 11.2162
1e+08 1.43346e+10 143346 10.9199
1e+08 1.43897e+10 143897 10.6307
1e+08 1.44451e+10 144451 10.3479
1e+08 1.45006e+10 145006 10.0725
1e+08 1.45564e+10 145564 9.8033
1e+08 1.46124e+10 146124 9.54063
1e+08 1.46686e+10 146686 9.28439
1e+08 1.4725e+10 147250 9.03442
1e+08 1.47817e+10 147817 8.79017
1e+08 1.48385e+10 148385 8.55236
1e+08 1.48956e+10 148956 8.32004
1e+08 1.49529e+10 149529 8.09349
1e+08 1.50104e+10 150104 7.87258
1e+08 1.50681e+10 150681 7.65721
1e+08 1.51261e+10 151261 7.44687
1e+08 1.51843e+10 151843 7.24183
1e+08 1.52427e+10 152427 7.04198
1e+08 1.53013e+10 153013 6.84719
1e+08 1.53602e+10 153602 6.65704
1e+08 1.54192e+10 154192 6.47205
1e+08 1.54785e+10 154785 6.2915
1e+08 1.55381e+10 155381 6.11529
1e+08 1.55978e+10 155978 5.94391
1e+08 1.56578e+10 156578 5.77669
1e+08 1.57181e+10 157181 5.61354
1e+08 1.57785e+10 157785 5.4549
1e+08 1.58392e+10 158392 5.30016
1e+08 1.59001e+10 159001 5.14947
1e+08 1.59613e+10 159613 5.00251
1e+08 1.60227e+10 160227 4.85942
1e+08 1.60843e+10 160843 4.72013
1e+08 1.61462e+10 161462 4.58432
1e+08 1.62083e+10 162083 4.45213
1e+08 1.62706e+10 162706 4.32348
1e+08 1.63332e+10 163332 4.19808
1e+08 1.6396e+10 163960 4.07606
1e+08 1.64591e+10 164591 3.95715
1e+08 1.65224e+10 165224 3.84147
1e+08 1.65859e+10 165859 3.72893
1e+08 1.66497e+10 166497 3.61929
1e+08 1.67138e+10 167138 3.51249
1e+08 1.67781e+10 167781 3.40862
1e+08 1.68426e+10 168426 3.30762
1e+08 1.69074e+10 169074 3.20926
1e+08 1.69724e+10 169724 3.11363
1e+08 1.70377e+10 170377 3.02052
1e+08 1.71032e+10 171032 2.93002
1e+08 1.7169e+10 171690 2.84191
1e+08 1.7235e+10 172350 2.75629
1e+08 1.73013e+10 173013 2.67295
1e+08 1.73679e+10 173679 2.59185
1e+08 1.74347e+10 174347 2.51306
1e+08 1.75017e+10 175017 2.43651
1e+08 1.7569e+10 175690 2.36204
1e+08 1.76366e+10 176366 2.28961
1e+08 1.77045e+10 177045 2.21915
1e+08 1.77726e+10 177726 2.15072
1e+08 1.78409e+10 178409 2.08428
1e+08 1.79095e+10 179095 2.01968
1e+08 1.79784e+10 179784 1.95687
1e+08 1.80476e+10 180476 1.89581
1e+08 1.8117e+10 181170 1.83655
1e+08 1.81867e+10 181867 1.77894
1e+08 1.82566e+10 182566 1.72304
1e+08 1.83268e+10 183268 1.66872
1e+08 1.83973e+10 183973 1.61594
1e+08 1.84681e+10 184681 1.56467
1e+08 1.85391e+10 185391 1.51493
1e+08 1.86104e+10 186104 1.46662
1e+08 1.8682e+10 186820 1.41969
1e+08 1.87539e+10 187539 1.37413
1e+08 1.8826e+10 188260 1.32994
1e+08 1.88984e+10 188984 1.28705
1e+08 1.89711e+10 189711 1.2454
1e+08 1.90441e+10 190441 1.20498
1e+08 1.91173e+10 191173 1.1658
1e+08 1.91909e+10 191909 1.12772
1e+08 1.92647e+10 192647 1.09082
1e+08 1.93388e+10 193388 1.05502
1e+08 1.94132e+10 194132 1.02029
1e+08 1.94878e+10 194878 0.986646
1e+08 1.95628e+10 195628 0.953967
1e+08 1.9638e+10 196380 0.922317
1e+08 1.97136e+10 197136 0.891585
1e+08 1.97894e+10 197894 0.861826
1e+08 1.98655e+10 198655 0.832974
1e+08 1.99419e+10 199419 0.805006
1e+08 2.00186e+10 200186 0.777896
1e+08 2.00956e+10 200956 0.751622
1e+08 2.01729e+10 201729 0.726161
1e+08 2.02505e+10 202505 0.70149
1e+08 2.03284e+10 203284 0.677588
1e+08 2.04066e+10 204066 0.654434
1e+08 2.04851e+10 204851 0.632005
1e+08 2.05638e+10 205638 0.610311
1e+08 2.06429e+10 206429 0.589276
1e+08 2.07223e+10 207223 0.568907
1e+08 2.0802e+10 208020 0.549187
1e+08 2.08821e+10 208821 0.530073
1e+08 2.09624e+10 209624 0.511594
1e+08 2.1043e+10 210430 0.49371
1e+08 2.11239e+10 211239 0.476403
1e+08 2.12052e+10 212052 0.459636
1e+08 2.12868e+10 212868 0.443414
1e+08 2.13686e+10 213686 0.42774
1e+08 2.14508e+10 214508 0.412561
1e+08 2.15333e+10 215333 0.397881
1e+08 2.16161e+10 216161 0.383684
1e+08 2.16993e+10 216993 0.369941
1e+08 2.17827e+10 217827 0.35667
1e+08 2.18665e+10 218665 0.343825
1e+08 2.19506e+10 219506 0.33141
1e+08 2.20351e+10 220351 0.319398
1e+08 2.21198e+10 221198 0.307803
1e+08 2.22049e+10 222049 0.296587
1e+08 2.22903e+10 222903 0.285751
1e+08 2.2376e+10 223760 0.275284
1e+08 2.24621e+10 224621 0.265163
1e+08 2.25485e+10 225485 0.255388
1e+08 2.26352e+10 226352 0.245949
1e+08 2.27223e+10 227223 0.236826
1e+08 2.28097e+10 228097 0.228018
1e+08 2.28974e+10 228974 0.219516
1e+08 2.29855e+10 229855 0.211302
1e+08 2.30739e+10 230739 0.203374
1e+08 2.31627e+10 231627 0.195717
1e+08 2.32517e+10 232517 0.188337
1e+08 2.33412e+10 233412 0.181202
1e+08 2.3431e+10 234310 0.174321
1e+08 2.35211e+10 235211 0.167684
1e+08 2.36115e+10 236115 0.161284
1e+08 2.37024e+10 237024 0.155101
1e+08 2.37935e+10 237935 0.149146
1e+08 2.3885e+10 238850 0.143399
1e+08 2.39769e+10 239769 0.137855
1e+08 2.40691e+10 240691 0.132512
1e+08 2.41617e+10 241617 0.127359
1e+08 2.42546e+10 242546 0.122394
1e+08 2.43479e+10 243479 0.117606
1e+08 2.44416e+10 244416 0.11299
1e+08 2.45356e+10 245356 0.108545
1e+08 2.463e+10 246300 0.10426
1e+08 2.47247e+10 247247 0.100134
1e+08 2.48198e+10 248198 0.0961583
1e+08 2.49153e+10 249153 0.0923276
1e+08 2.50111e+10 250111 0.0886411
1e+08 2.51073e+10 251073 0.08509
1e+08 2.52039e+10 252039 0.0816698
1e+08 2.53008e+10 253008 0.0783797
1e+08 2.53981e+10 253981 0.0752117
1e+08 2.54958e+10 254958 0.0721619
1e+08 2.55939e+10 255939 0.0692262
1e+08 2.56923e+10 256923 0.0664036
1e+08 2.57911e+10 257911 0.0636873
1e+08 2.58903e+10 258903 0.0610738
1e+08 2.59899e+10 259899 0.0585596
1e+08 2.60899e+10 260899 0.0561411
1e+08 2.61902e+10 261902 0.0538174
1e+08 2.6291e+10 262910 0.0515807
1e+08 2.63921e+10 263921 0.0494322
1e+08 2.64936e+10 264936 0.0473668
1e+08 2.65955e+10 265955 0.0453816
1e+08 2.66978e+10 266978 0.0434736
1e+08 2.68005e+10 268005 0.0416401
1e+08 2.69036e+10 269036 0.0398786
1e+08 2.70071e+10 270071 0.0381864
1e+08 2.71109e+10 271109 0.0365626
1e+08 2.72152e+10 272152 0.0350016
1e+08 2.73199e+10 273199 0.0335028
1e+08 2.7425e+10 274250 0.0320638
1e+08 2.75304e+10 275304 0.0306837
1e+08 2.76363e+10 276363 0.0293579
1e+08 2.77426e+10 277426 0.0280856
1e+08 2.78493e+10 278493 0.0268648
1e+08 2.79565e+10 279565 0.0256925
1e+08 2.8064e+10 280640 0.0245691
1e+08 2.81719e+10 281719 0.0234917
1e+08 2.82803e+10 282803 0.0224576
1e+08 2.83891e+10 283891 0.0214661
1e+08 2.84983e+10 284983 0.0205157
1e+08 2.86079e+10 286079 0.0196047
1e+08 2.87179e+10 287179 0.0187316
1e+08 2.88284e+10 288284 0.0178943
1e+08 2.89392e+10 289392 0.0170929
1e+08 2.90506e+10 290506 0.0163239
1e+08 2.91623e+10 291623 0.015588
1e+08 2.92745e+10 292745 0.0148826
1e+08 2.93871e+10 293871 0.0142074
1e+08 2.95001e+10 295001 0.0135609
1e+08 2.96136e+10 296136 0.0129416
1e+08 2.97275e+10 297275 0.012349
1e+08 2.98418e+10 298418 0.0117819
1e+08 2.99566e+10 299566 0.011239
1e+08 3.00718e+10 300718 0.0107196
1e+08 3.01875e+10 301875 0.0102225
1e+08 3.03036e+10 303036 0.00974713
1e+08 3.04201e+10 304201 0.00929266
1e+08 3.05371e+10 305371 0.00885786
1e+08 3.06546e+10 306546 0.00844194
1e+08 3.07725e+10 307725 0.00804449
1e+08 3.08909e+10 308909 0.00766444
1e+08 3.10097e+10 310097 0.00730138
1e+08 3.11289e+10 311289 0.00695461
1e+08 3.12487e+10 312487 0.00662291
1e+08 3.13689e+10 313689 0.00630619
1e+08 3.14895e+10 314895 0.00600384
1e+08 3.16106e+10 316106 0.00571502
1e+08 3.17322e+10 317322 0.00543915
1e+08 3.18543e+10 318543 0.00517572
1e+08 3.19768e+10 319768 0.0049244
1e+08 3.20998e+10 320998 0.00468449
1e+08 3.22233e+10 322233 0.0044555
1e+08 3.23472e+10 323472 0.00423716
1e+08 3.24716e+10 324716 0.00402883
1e+08 3.25965e+10 325965 0.0038301
1e+08 3.27219e+10 327219 0.00364055
1e+08 3.28477e+10 328477 0.00345993
1e+08 3.29741e+10 329741 0.00328758
1e+08 3.31009e+10 331009 0.00312342
1e+08 3.32282e+10 332282 0.00296695
1e+08 3.3356e+10 333560 0.00281784
1e+08 3.34843e+10 334843 0.00267578
1e+08 3.36131e+10 336131 0.00254045
1e+08 3.37424e+10 337424 0.00241155
1e+08 3.38722e+10 338722 0.00228881
1e+08 3.40025e+10 340025 0.00217195
1e+08 3.41333e+10 341333 0.0020607
1e+08 3.42645e+10 342645 0.00195491
1e+08 3.43963e+10 343963 0.00185416
1e+08 3.45286e+10 345286 0.00175831
1e+08 3.46614e+10 346614 0.00166714
1e+08 3.47948e+10 347948 0.00158036
1e+08 3.49286e+10 349286 0.00149791
1e+08 3.50629e+10 350629 0.00141952
1e+08 3.51978e+10 351978 0.00134496
1e+08 3.53332e+10 353332 0.0012741
1e+08 3.54691e+10 354691 0.00120677
1e+08 3.56055e+10 356055 0.00114281
1e+08 3.57425e+10 357425 0.00108201
1e+08 3.58799e+10 358799 0.00102432
1e+08 3.60179e+10 360179 0.000969505
1e+08 3.61565e+10 361565 0.000917435
1e+08 3.62955e+10 362955 0.000868051
1e+08 3.64351e+10 364351 0.000821157
1e+08 3.65753e+10 365753 0.000776637
1e+08 3.6716e+10 367160 0.000734407
1e+08 3.68572e+10 368572 0.000694359
1e+08 3.69989e+10 369989 0.000656386
1e+08 3.71413e+10 371413 0.000620338
1e+08 3.72841e+10 372841 0.000586196
1e+08 3.74275e+10 374275 0.00055382
1e+08 3.75715e+10 375715 0.000523124
1e+08 3.7716e+10 377160 0.000494049
1e+08 3.78611e+10 378611 0.000466494
1e+08 3.80067e+10 380067 0.000440403
1e+08 3.81529e+10 381529 0.000415686
1e+08 3.82996e+10 382996 0.000392293
1e+08 3.84469e+10 384469 0.00037014
1e+08 3.85948e+10 385948 0.000349168
1e+08 3.87433e+10 387433 0.000329316
1e+08 3.88923e+10 388923 0.000310542
1e+08 3.90419e+10 390419 0.000292779
1e+08 3.9192e+10 391920 0.000275987
1e+08 3.93428e+10 393428 0.000260095
1e+08 3.94941e+10 394941 0.000245078
1e+08 3.9646e+10 396460 0.000230881
1e+08 3.97985e+10 397985 0.000217463
1e+08 3.99516e+10 399516 0.000204783
1e+08 4.01052e+10 401052 0.000192811
1e+08 4.02595e+10 402595 0.000181495
1e+08 4.04143e+10 404143 0.000170815
1e+08 4.05698e+10 405698 0.000160726
1e+08 4.07258e+10 407258 0.000151207
1e+08 4.08825e+10 408825 0.000142218
1e+08 4.10397e+10 410397 0.000133742
1e+08 4.11976e+10 411976 0.000125741
1e+08 4.1356e+10 413560 0.000118199
1e+08 4.15151e+10 415151 0.000111083
1e+08 4.16748e+10 416748 0.000104374
1e+08 4.18351e+10 418351 9.80509e-05
1e+08 4.1996e+10 419960 9.20923e-05
1e+08 4.21575e+10 421575 8.64785e-05
1e+08 4.23197e+10 423197 8.11875e-05
1e+08 4.24824e+10 424824 7.6208e-05
1e+08 4.26458e+10 426458 7.15169e-05
1e+08 4.28099e+10 428099 6.70985e-05
1e+08 4.29745e+10 429745 6.29429e-05
1e+08 4.31398e+10 431398 5.90307e-05
1e+08 4.33057e+10 433057 5.53506e-05
1e+08 4.34723e+10 434723 5.18876e-05
1e+08 4.36395e+10 436395 4.86316e-05
1e+08 4.38074e+10 438074 4.5569e-05
1e+08 4.39759e+10 439759 4.26909e-05
1e+08 4.4145e+10 441450 3.99865e-05
1e+08 4.43148e+10 443148 3.74447e-05
1e+08 4.44853e+10 444853 3.50561e-05
1e+08 4.46564e+10 446564 3.28133e-05
1e+08 4.48281e+10 448281 3.0708e-05
1e+08 4.50005e+10 450005 2.8731e-05
1e+08 4.51736e+10 451736 2.6875e-05
1e+08 4.53474e+10 453474 2.51329e-05
1e+08 4.55218e+10 455218 2.34991e-05
1e+08 4.56969e+10 456969 2.19663e-05
1e+08 4.58727e+10 458727 2.05287e-05
1e+08 4.60491e+10 460491 1.91814e-05
1e+08 4.62262e+10 462262 1.79183e-05
1e+08 4.6404e+10 464040 1.67345e-05
1e+08 4.65825e+10 465825 1.56252e-05
1e+08 4.67617e+10 467617 1.45861e-05
1e+08 4.69415e+10 469415 1.36134e-05
1e+08 4.71221e+10 471221 1.27021e-05
1e+08 4.73033e+10 473033 1.18495e-05
1e+08 4.74853e+10 474853 1.10511e-05
1e+08 4.76679e+10 476679 1.03046e-05
1e+08 4.78513e+10 478513 9.60581e-06
1e+08 4.80353e+10 480353 8.95272e-06
1e+08 4.82201e+10 482201 8.34179e-06
1e+08 4.84055e+10 484055 7.77104e-06
1e+08 4.85917e+10 485917 7.23741e-06
1e+08 4.87786e+10 487786 6.73887e-06
1e+08 4.89662e+10 489662 6.27323e-06
1e+08 4.91546e+10 491546 5.8382e-06
1e+08 4.93436e+10 493436 5.4323e-06
1e+08 4.95334e+10 495334 5.05328e-06
1e+08 4.97239e+10 497239 4.69964e-06
1e+08 4.99152e+10 499152 4.36958e-06
1e+08 5.01072e+10 501072 4.06178e-06
1e+08 5.02999e+10 502999 3.77481e-06
1e+08 5.04934e+10 504934 3.50719e-06
1e+08 5.06876e+10 506876 3.25782e-06
1e+08 5.08825e+10 508825 3.0255e-06
1e+08 5.10783e+10 510783 2.80891e-06
1e+08 5.12747e+10 512747 2.60734e-06
1e+08 5.14719e+10 514719 2.41962e-06
1e+08 5.16699e+10 516699 2.24483e-06
1e+08 5.18687e+10 518687 2.08213e-06
1e+08 5.20682e+10 520682 1.93081e-06
1e+08 5.22684e+10 522684 1.7901e-06
1e+08 5.24695e+10 524695 1.65916e-06
1e+08 5.26713e+10 526713 1.53747e-06
1e+08 5.28739e+10 528739 1.42435e-06
1e+08 5.30772e+10 530772 1.31928e-06
1e+08 5.32814e+10 532814 1.22162e-06
1e+08 5.34863e+10 534863 1.13095e-06
1e+08 5.3692e+10 536920 1.04677e-06
1e+08 5.38986e+10 538986 9.68578e-07
1e+08 5.41059e+10 541059 8.96054e-07
1e+08 5.4314e+10 543140 8.28768e-07
1e+08 5.45229e+10 545229 7.6636e-07
1e+08 5.47326e+10 547326 7.08493e-07
1e+08 5.49431e+10 549431 6.54851e-07
1e+08 5.51544e+10 551544 6.0514e-07
1e+08 5.53666e+10 553666 5.59063e-07
1e+08 5.55795e+10 555795 5.16408e-07
1e+08 5.57933e+10 557933 4.76893e-07
1e+08 5.60079e+10 560079 4.40317e-07
1e+08 5.62233e+10 562233 4.06469e-07
1e+08 5.64396e+10 564396 3.75141e-07
1e+08 5.66567e+10 566567 3.46168e-07
1e+08 5.68746e+10 568746 3.1938e-07
1e+08 5.70934e+10 570934 2.94608e-07
1e+08 5.73129e+10 573129 2.71728e-07
1e+08 5.75334e+10 575334 2.50573e-07
1e+08 5.77547e+10 577547 2.31037e-07
1e+08 5.79768e+10 579768 2.13e-07
1e+08 5.81998e+10 581998 1.96346e-07
1e+08 5.84237e+10 584237 1.80973e-07
1e+08 5.86484e+10 586484 1.66793e-07
1e+08 5.8874e+10 588740 1.53712e-07
1e+08 5.91004e+10 591004 1.41653e-07
1e+08 5.93277e+10 593277 1.30535e-07
1e+08 5.95559e+10 595559 1.20288e-07
1e+08 5.9785e+10 597850 1.10847e-07
1e+08 6.00149e+10 600149 1.02154e-07
1e+08 6.02458e+10 602458 9.41454e-08
1e+08 6.04775e+10 604775 8.67767e-08
1e+08 6.07101e+10 607101 7.99956e-08
1e+08 6.09436e+10 609436 7.37572e-08
1e+08 6.1178e+10 611780 6.80199e-08
1e+08 6.14133e+10 614133 6.27451e-08
1e+08 6.16496e+10 616496 5.78949e-08
1e+08 6.18867e+10 618867 5.34404e-08
1e+08 6.21247e+10 621247 4.93489e-08
1e+08 6.23637e+10 623637 4.55904e-08
1e+08 6.26035e+10 626035 4.21418e-08
1e+08 6.28443e+10 628443 3.89759e-08
1e+08 6.3086e+10 630860 3.60718e-08
1e+08 6.33287e+10 633287 3.34074e-08
1e+08 6.35723e+10 635723 3.09649e-08
1e+08 6.38168e+10 638168 2.87264e-08
1e+08 6.40623e+10 640623 2.66748e-08
1e+08 6.43087e+10 643087 2.47959e-08
1e+08 6.4556e+10 645560 2.30757e-08
1e+08 6.48043e+10 648043 2.15006e-08
1e+08 6.50536e+10 650536 2.00589e-08
1e+08 6.53038e+10 653038 1.87403e-08
1e+08 6.5555e+10 655550 1.75342e-08
1e+08 6.58071e+10 658071 1.64318e-08
1e+08 6.60602e+10 660602 1.54241e-08
1e+08 6.63143e+10 663143 1.45033e-08
1e+08 6.65694e+10 665694 1.36622e-08
1e+08 6.68254e+10 668254 1.28944e-08
1e+08 6.70824e+10 670824 1.21936e-08
1e+08 6.73405e+10 673405 1.15538e-08
1e+08 6.75995e+10 675995 1.09704e-08
1e+08 6.78595e+10 678595 1.04385e-08
1e+08 6.81205e+10 681205 9.95354e-09
1e+08 6.83825e+10 683825 9.51165e-09
1e+08 6.86455e+10 686455 9.10912e-09
1e+08 6.89096e+10 689096 8.74242e-09
1e+08 6.91746e+10 691746 8.40875e-09
1e+08 6.94407e+10 694407 8.10501e-09
1e+08 6.97078e+10 697078 7.8287e-09
1e+08 6.99759e+10 699759 7.57746e-09
1e+08 7.0245e+10 702450 7.34907e-09
1e+08 7.05152e+10 705152 7.14147e-09
1e+08 7.07864e+10 707864 6.95289e-09
1e+08 7.10587e+10 710587 6.7816e-09
1e+08 7.1332e+10 713320 6.62611e-09
1e+08 7.16064e+10 716064 6.48498e-09
1e+08 7.18818e+10 718818 6.35698e-09
1e+08 7.21583e+10 721583 6.24087e-09
1e+08 7.24358e+10 724358 6.13563e-09
1e+08 7.27144e+10 727144 6.04025e-09
1e+08 7.29941e+10 729941 5.95384e-09
1e+08 7.32749e+10 732749 5.87557e-09
1e+08 7.35567e+10 735567 5.80474e-09
1e+08 7.38396e+10 738396 5.73999e-09
1e+08 7.41236e+10 741236 5.67767e-09
1e+08 7.44087e+10 744087 5.61512e-09
1e+08 7.46949e+10 746949 5.55232e-09
1e+08 7.49822e+10 749822 5.48928e-09
1e+08 7.52706e+10 752706 5.42601e-09
1e+08 7.55601e+10 755601 5.36248e-09
1e+08 7.58508e+10 758508 5.2987e-09
1e+08 7.61425e+10 761425 5.2347e-09
1e+08 7.64354e+10 764354 5.17043e-09
1e+08 7.67294e+10 767294 5.10592e-09
1e+08 7.70245e+10 770245 5.04117e-09
1e+08 7.73208e+10 773208 4.97616e-09
1e+08 7.76182e+10 776182 4.91091e-09
1e+08 7.79167e+10 779167 4.84541e-09
1e+08 7.82164e+10 782164 4.77965e-09
1e+08 7.85172e+10 785172 4.71365e-09
1e+08 7.88192e+10 788192 4.64739e-09
1e+08 7.91224e+10 791224 4.58086e-09
1e+08 7.94267e+10 794267 4.51409e-09
1e+08 7.97322e+10 797322 4.44706e-09
1e+08 8.00389e+10 800389 4.37977e-09
1e+08 8.03468e+10 803468 4.31221e-09
1e+08 8.06558e+10 806558 4.24441e-09
1e+08 8.0966e+10 809660 4.17635e-09
1e+08 8.12774e+10 812774 4.10802e-09
1e+08 8.15901e+10 815901 4.03941e-09
1e+08 8.19039e+10 819039 3.97056e-09
1e+08 8.22189e+10 822189 3.90144e-09
1e+08 8.25351e+10 825351 3.83206e-09
1e+08 8.28526e+10 828526 3.7624e-09
1e+08 8.31713e+10 831713 3.69247e-09
1e+08 8.34912e+10 834912 3.62228e-09
1e+08 8.38123e+10 838123 3.55183e-09
1e+08 8.41347e+10 841347 3.48109e-09
1e+08 8.44583e+10 844583 3.41008e-09
1e+08 8.47831e+10 847831 3.33882e-09
1e+08 8.51092e+10 851092 3.26727e-09
1e+08 8.54366e+10 854366 3.19543e-09
1e+08 8.57652e+10 857652 3.12333e-09
1e+08 8.60951e+10 860951 3.05095e-09
1e+08 8.64262e+10 864262 2.9783e-09
1e+08 8.67586e+10 867586 2.90536e-09
1e+08 8.70923e+10 870923 2.83215e-09
1e+08 8.74273e+10 874273 2.75864e-09
1e+08 8.77636e+10 877636 2.68485e-09
1e+08 8.81012e+10 881012 2.61078e-09
1e+08 8.844e+10 884400 2.53644e-09
1e+08 8.87802e+10 887802 2.46179e-09
1e+08 8.91217e+10 891217 2.38686e-09
1e+08 8.94645e+10 894645 2.31165e-09
1e+08 8.98086e+10 898086 2.23615e-09
1e+08 9.0154e+10 901540 2.16036e-09
1e+08 9.05008e+10 905008 2.08427e-09
1e+08 9.08489e+10 908489 2.00789e-09
1e+08 9.11983e+10 911983 1.93123e-09
1e+08 9.15491e+10 915491 1.85426e-09
1e+08 9.19012e+10 919012 1.777e-09
1e+08 9.22547e+10 922547 1.69944e-09
1e+08 9.26095e+10 926095 1.62159e-09
1e+08 9.29657e+10 929657 1.54343e-09
1e+08 9.33233e+10 933233 1.46497e-09
1e+08 9.36822e+10 936822 1.38622e-09
1e+08 9.40426e+10 940426 1.30714e-09
1e+08 9.44043e+10 944043 1.22778e-09
1e+08 9.47674e+10 947674 1.14811e-09
1e+08 9.51319e+10 951319 1.06813e-09
1e+08 9.54978e+10 954978 9.87851e-10
1e+08 9.58651e+10 958651 9.0726e-10
1e+08 9.62338e+10 962338 8.26361e-10
1e+08 9.6604e+10 966040 7.45134e-10
1e+08 9.69755e+10 969755 6.63621e-10
1e+08 9.73485e+10 973485 5.81779e-10
1e+08 9.7723e+10 977230 4.99608e-10
1e+08 9.80988e+10 980988 4.17152e-10
1e+08 9.84762e+10 984762 3.34345e-10
1e+08 9.88549e+10 988549 2.51252e-10
1e+08 9.92352e+10 992352 1.67809e-10
1e+08 9.96168e+10 996168 8.40799e-11
1e+08 1e+11 1e+06 0

1e+09 1e+06 10 1.72857e+10
1e+09 1.00385e+06 10.0385 1.71863e+10
1e+09 1.00771e+06 10.0771 1.70876e+10
1e+09 1.01158e+06 10.1158 1.69895e+10
1e+09 1.01547e+06 10.1547 1.6892e+10
1e+09 1.01938e+06 10.1938 1.67948e+10
1e+09 1.0233e+06 10.233 1.66983e+10
1e+09 1.02724e+06 10.2724 1.66023e+10
1e+09 1.03119e+06 10.3119 1.65069e+10
1e+09 1.03515e+06 10.3515 1.64122e+10
1e+09 1.03914e+06 10.3914 1.63177e+10
1e+09 1.04313e+06 10.4313 1.62241e+10
1e+09 1.04714e+06 10.4714 1.6131e+10
1e+09 1.05117e+06 10.5117 1.60382e+10
1e+09 1.05522e+06 10.5522 1.59459e+10
1e+09 1.05927e+06 10.5927 1.58545e+10
1e+09 1.06335e+06 10.6335 1.57633e+10
1e+09 1.06744e+06 10.6744 1.56727e+10
1e+09 1.07154e+06 10.7154 1.55828e+10
1e+09 1.07567e+06 10.7567 1.5493e+10
1e+09 1.0798e+06 10.798 1.54042e+10
1e+09 1.08396e+06 10.8396 1.53155e+10
1e+09 1.08813e+06 10.8813 1.52275e+10
1e+09 1.09231e+06 10.9231 1.51401e+10
1e+09 1.09651e+06 10.9651 1.50532e+10
1e+09 1.10073e+06 11.0073 1.49666e+10
1e+09 1.10496e+06 11.0496 1.48807e+10
1e+09 1.10921e+06 11.0921 1.47952e+10
1e+09 1.11348e+06 11.1348 1.47101e+10
1e+09 1.11776e+06 11.1776 1.46256e+10
1e+09 1.12206e+06 11.2206 1.45416e+10
1e+09 1.12638e+06 11.2638 1.44579e+10
1e+09 1.13071e+06 11.3071 1.43749e+10
1e+09 1.13506e+06 11.3506 1.42923e+10
1e+09 1.13942e+06 11.3942 1.42103e+10
1e+09 1.14381e+06 11.4381 1.41285e+10
1e+09 1.14821e+06 11.4821 1.40473e+10
1e+09 1.15262e+06 11.5262 1.39667e+10
1e+09 1.15706e+06 11.5706 1.38863e+10
1e+09 1.16151e+06 11.6151 1.38065e+10
1e+09 1.16597e+06 11.6597 1.37273e+10
1e+09 1.17046e+06 11.7046 1.36484e+10
1e+09 1.17496e+06 11.7496 1.357e+10
1e+09 1.17948e+06 11.7948 1.3492e+10
1e+09 1.18402e+06 11.8402 1.34144e+10
1e+09 1.18857e+06 11.8857 1.33374e+10
1e+09 1.19314e+06 11.9314 1.32608e+10
1e+09 1.19773e+06 11.9773 1.31846e+10
1e+09 1.20234e+06 12.0234 1.31087e+10
1e+09 1.20696e+06 12.0696 1.30335e+10
1e+09 1.21161e+06 12.1161 1.29585e+10
1e+09 1.21627e+06 12.1627 1.2884e+10
1e+09 1.22094e+06 12.2094 1.28101e+10
1e+09 1.22564e+06 12.2564 1.27364e+10
1e+09 1.23035e+06 12.3035 1.26633e+10
1e+09 1.23509e+06 12.3509 1.25904e+10
1e+09 1.23984e+06 12.3984 1.25181e+10
1e+09 1.24461e+06 12.4461 1.24461e+10
1e+09 1.24939e+06 12.4939 1.23747e+10
1e+09 1.2542e+06 12.542 1.23035e+10
1e+09 1.25902e+06 12.5902 1.22329e+10
1e+09 1.26386e+06 12.6386 1.21626e+10
1e+09 1.26873e+06 12.6873 1.20926e+10
1e+09 1.27361e+06 12.7361 1.20231e+10
1e+09 1.2785e+06 12.785 1.19542e+10
1e+09 1.28342e+06 12.8342 1.18854e+10
1e+09 1.28836e+06 12.8836 1.18171e+10
1e+09 1.29331e+06 12.9331 1.17492e+10
1e+09 1.29829e+06 12.9829 1.16816e+10
1e+09 1.30328e+06 13.0328 1.16146e+10
1e+09 1.30829e+06 13.0829 1.15479e+10
1e+09 1.31333e+06 13.1333 1.14814e+10
1e+09 1.31838e+06 13.1838 1.14154e+10
1e+09 1.32345e+06 13.2345 1.13498e+10
1e+09 1.32854e+06 13.2854 1.12846e+10
1e+09 1.33365e+06 13.3365 1.12198e+10
1e+09 1.33878e+06 13.3878 1.11553e+10
1e+09 1.34393e+06 13.4393 1.10912e+10
1e+09 1.3491e+06 13.491 1.10274e+10
1e+09 1.35429e+06 13.5429 1.0964e+10
1e+09 1.3595e+06 13.595 1.0901e+10
1e+09 1.36472e+06 13.6472 1.08385e+10
1e+09 1.36997e+06 13.6997 1.07762e+10
1e+09 1.37524e+06 13.7524 1.07142e+10
1e+09 1.38053e+06 13.8053 1.06527e+10
1e+09 1.38584e+06 13.8584 1.05914e+10
1e+09 1.39117e+06 13.9117 1.05306e+10
1e+09 1.39652e+06 13.9652 1.04701e+10
1e+09 1.4019e+06 14.019 1.04098e+10
1e+09 1.40729e+06 14.0729 1.035e+10
1e+09 1.4127e+06 14.127 1.02906e+10
1e+09 1.41813e+06 14.1813 1.02315e+10
1e+09 1.42359e+06 14.2359 1.01726e+10
1e+09 1.42906e+06 14.2906 1.01142e+10
1e+09 1.43456e+06 14.3456 1.0056e+10
1e+09 1.44008e+06 14.4008 9.99821e+09
1e+09 1.44562e+06 14.4562 9.94074e+09
1e+09 1.45118e+06 14.5118 9.88361e+09
1e+09 1.45676e+06 14.5676 9.82683e+09
1e+09 1.46236e+06 14.6236 9.77038e+09
1e+09 1.46799e+06 14.6799 9.71418e+09
1e+09 1.47363e+06 14.7363 9.65841e+09
1e+09 1.4793e+06 14.793 9.60288e+09
1e+09 1.48499e+06 14.8499 9.54769e+09
1e+09 1.4907e+06 14.907 9.49283e+09
1e+09 1.49644e+06 14.9644 9.43822e+09
1e+09 1.50219e+06 15.0219 9.38402e+09
1e+09 1.50797e+06 15.0797 9.33007e+09
1e+09 1.51377e+06 15.1377 9.27645e+09
1e+09 1.51959e+06 15.1959 9.22316e+09
1e+09 1.52544e+06 15.2544 9.1701e+09
1e+09 1.5313e+06 15.313 9.11746e+09
1e+09 1.53719e+06 15.3719 9.06506e+09
1e+09 1.54311e+06 15.4311 9.01289e+09
1e+09 1.54904e+06 15.4904 8.96113e+09
1e+09 1.555e+06 15.55 8.90961e+09
1e+09 1.56098e+06 15.6098 8.85841e+09
1e+09 1.56699e+06 15.6699 8.80745e+09
1e+09 1.57301e+06 15.7301 8.75689e+09
1e+09 1.57906e+06 15.7906 8.70656e+09
1e+09 1.58514e+06 15.8514 8.65646e+09
1e+09 1.59123e+06 15.9123 8.60676e+09
1e+09 1.59735e+06 15.9735 8.5573e+09
1e+09 1.6035e+06 16.035 8.50806e+09
1e+09 1.60967e+06 16.0967 8.45914e+09
1e+09 1.61586e+06 16.1586 8.41053e+09
1e+09 1.62207e+06 16.2207 8.36223e+09
1e+09 1.62831e+06 16.2831 8.31416e+09
1e+09 1.63457e+06 16.3457 8.26639e+09
1e+09 1.64086e+06 16.4086 8.21885e+09
1e+09 1.64717e+06 16.4717 8.17162e+09
1e+09 1.65351e+06 16.5351 8.12462e+09
1e+09 1.65987e+06 16.5987 8.07792e+09
1e+09 1.66625e+06 16.6625 8.03152e+09
1e+09 1.67266e+06 16.7266 7.98535e+09
1e+09 1.67909e+06 16.7909 7.93947e+09
1e+09 1.68555e+06 16.8555 7.89382e+09
1e+09 1.69204e+06 16.9204 7.8484e+09
1e+09 1.69854e+06 16.9854 7.80335e+09
1e+09 1.70508e+06 17.0508 7.75844e+09
1e+09 1.71163e+06 17.1163 7.7139e+09
1e+09 1.71822e+06 17.1822 7.66952e+09
1e+09 1.72483e+06 17.2483 7.62543e+09
1e+09 1.73146e+06 17.3146 7.58162e+09
1e+09 1.73812e+06 17.3812 7.53804e+09
1e+09 1.74481e+06 17.4481 7.49468e+09
1e+09 1.75152e+06 17.5152 7.4516e+09
1e+09 1.75825e+06 17.5825 7.40881e+09
1e+09 1.76502e+06 17.6502 7.36618e+09
1e+09 1.77181e+06 17.7181 7.32383e+09
1e+09 1.77862e+06 17.7862 7.28176e+09
1e+09 1.78546e+06 17.8546 7.23991e+09
1e+09 1.79233e+06 17.9233 7.19828e+09
1e+09 1.79922e+06 17.9922 7.15692e+09
1e+09 1.80614e+06 18.0614 7.11578e+09
1e+09 1.81309e+06 18.1309 7.07486e+09
1e+09 1.82006e+06 18.2006 7.03421e+09
1e+09 1.82706e+06 18.2706 6.99378e+09
1e+09 1.83409e+06 18.3409 6.95356e+09
1e+09 1.84115e+06 18.4115 6.91355e+09
1e+09 1.84823e+06 18.4823 6.87382e+09
1e+09 1.85534e+06 18.5534 6.8343e+09
1e+09 1.86247e+06 18.6247 6.79504e+09
1e+09 1.86964e+06 18.6964 6.75595e+09
1e+09 1.87683e+06 18.7683 6.71712e+09
1e+09 1.88405e+06 18.8405 6.67849e+09
1e+09 1.89129e+06 18.9129 6.64014e+09
1e+09 1.89857e+06 18.9857 6.60194e+09
1e+09 1.90587e+06 19.0587 6.564e+09
1e+09 1.9132e+06 19.132 6.52626e+09
1e+09 1.92056e+06 19.2056 6.48874e+09
1e+09 1.92795e+06 19.2795 6.45142e+09
1e+09 1.93536e+06 19.3536 6.41436e+09
1e+09 1.94281e+06 19.4281 6.37745e+09
1e+09 1.95028e+06 19.5028 6.3408e+09
1e+09 1.95778e+06 19.5778 6.30436e+09
1e+09 1.96531e+06 19.6531 6.26811e+09
1e+09 1.97287e+06 19.7287 6.23207e+09
1e+09 1.98046e+06 19.8046 6.19624e+09
1e+09 1.98808e+06 19.8808 6.1606e+09
1e+09 1.99572e+06 19.9572 6.12522e+09
1e+09 2.0034e+06 20.034 6.08998e+09
1e+09 2.0111e+06 20.111 6.055e+09
1e+09 2.01884e+06 20.1884 6.02016e+09
1e+09 2.0266e+06 20.266 5.98558e+09
1e+09 2.0344e+06 20.344 5.95114e+09
1e+09 2.04222e+06 20.4222 5.91695e+09
1e+09 2.05008e+06 20.5008 5.88291e+09
1e+09 2.05796e+06 20.5796 5.84911e+09
1e+09 2.06588e+06 20.6588 5.81546e+09
1e+09 2.07383e+06 20.7383 5.78201e+09
1e+09 2.0818e+06 20.818 5.74879e+09
1e+09 2.08981e+06 20.8981 5.71573e+09
1e+09 2.09785e+06 20.9785 5.68286e+09
1e+09 2.10592e+06 21.0592 5.65018e+09
1e+09 2.11402e+06 21.1402 5.61769e+09
1e+09 2.12215e+06 21.2215 5.5854e+09
1e+09 2.13031e+06 21.3031 5.55329e+09
1e+09 2.1385e+06 21.385 5.52138e+09
1e+09 2.14673e+06 21.4673 5.48962e+09
1e+09 2.15499e+06 21.5499 5.45804e+09
1e+09 2.16327e+06 21.6327 5.42669e+09
1e+09 2.1716e+06 21.716 5.39545e+09
1e+09 2.17995e+06 21.7995 5.36444e+09
1e+09 2.18833e+06 21.8833 5.33361e+09
1e+09 2.19675e+06 21.9675 5.30294e+09
1e+09 2.2052e+06 22.052 5.27244e+09
1e+09 2.21368e+06 22.1368 5.24213e+09
1e+09 2.2222e+06 22.222 5.21197e+09
1e+09 2.23074e+06 22.3074 5.18203e+09
1e+09 2.23932e+06 22.3932 5.15223e+09
1e+09 2.24794e+06 22.4794 5.12258e+09
1e+09 2.25658e+06 22.5658 5.09315e+09
1e+09 2.26526e+06 22.6526 5.06386e+09
1e+09 2.27397e+06 22.7397 5.03475e+09
1e+09 2.28272e+06 22.8272 5.00579e+09
1e+09 2.2915e+06 22.915 4.97701e+09
1e+09 2.30031e+06 23.0031 4.9484e+09
1e+09 2.30916e+06 23.0916 4.91994e+09
1e+09 2.31804e+06 23.1804 4.89165e+09
1e+09 2.32696e+06 23.2696 4.86351e+09
1e+09 2.33591e+06 23.3591 4.83555e+09
1e+09 2.34489e+06 23.4489 4.80775e+09
1e+09 2.35391e+06 23.5391 4.78011e+09
1e+09 2.36297e+06 23.6297 4.7526e+09
1e+09 2.37206e+06 23.7206 4.72527e+09
1e+09 2.38118e+06 23.8118 4.6981e+09
1e+09 2.39034e+06 23.9034 4.67108e+09
1e+09 2.39953e+06 23.9953 4.64423e+09
1e+09 2.40876e+06 24.0876 4.61752e+09
1e+09 2.41803e+06 24.1803 4.59096e+09
1e+09 2.42733e+06 24.2733 4.56456e+09
1e+09 2.43666e+06 24.3666 4.53832e+09
1e+09 2.44604e+06 24.4604 4.5122e+09
1e+09 2.45544e+06 24.5544 4.48628e+09
1e+09 2.46489e+06 24.6489 4.46046e+09
1e+09 2.47437e+06 24.7437 4.43481e+09
1e+09 2.48389e+06 24.8389 4.4093e+09
1e+09 2.49344e+06 24.9344 4.38396e+09
1e+09 2.50303e+06 25.0303 4.35874e+09
1e+09 2.51266e+06 25.1266 4.33367e+09
1e+09 2.52232e+06 25.2232 4.30876e+09
1e+09 2.53202e+06 25.3202 4.28398e+09
1e+09 2.54176e+06 25.4176 4.25934e+09
1e+09 2.55154e+06 25.5154 4.23484e+09
1e+09 2.56135e+06 25.6135 4.21049e+09
1e+09 2.57121e+06 25.7121 4.18626e+09
1e+09 2.58109e+06 25.8109 4.16221e+09
1e+09 2.59102e+06 25.9102 4.13826e+09
1e+09 2.60099e+06 26.0099 4.11445e+09
1e+09 2.61099e+06 26.1099 4.0908e+09
1e+09 2.62104e+06 26.2104 4.06725e+09
1e+09 2.63112e+06 26.3112 4.04386e+09
1e+09 2.64124e+06 26.4124 4.02061e+09
1e+09 2.6514e+06 26.514 3.99748e+09
1e+09 2.66159e+06 26.6159 3.97451e+09
1e+09 2.67183e+06 26.7183 3.95164e+09
1e+09 2.68211e+06 26.8211 3.92891e+09
1e+09 2.69242e+06 26.9242 3.90632e+09
1e+09 2.70278e+06 27.0278 3.88385e+09
1e+09 2.71318e+06 27.1318 3.8615e+09
1e+09 2.72361e+06 27.2361 3.8393e+09
1e+09 2.73409e+06 27.3409 3.81721e+09
1e+09 2.7446e+06 27.446 3.79527e+09
1e+09 2.75516e+06 27.5516 3.77343e+09
1e+09 2.76576e+06 27.6576 3.75172e+09
1e+09 2.77639e+06 27.7639 3.73016e+09
1e+09 2.78707e+06 27.8707 3.7087e+09
1e+09 2.79779e+06 27.9779 3.68737e+09
1e+09 2.80855e+06 28.0855 3.66616e+09
1e+09 2.81936e+06 28.1936 3.64506e+09
1e+09 2.8302e+06 28.302 3.6241e+09
1e+09 2.84109e+06 28.4109 3.60324e+09
1e+09 2.85201e+06 28.5201 3.58253e+09
1e+09 2.86298e+06 28.6298 3.56192e+09
1e+09 2.874e+06 28.74 3.54142e+09
1e+09 2.88505e+06 28.8505 3.52106e+09
1e+09 2.89615e+06 28.9615 3.5008e+09
1e+09 2.90729e+06 29.0729 3.48066e+09
1e+09 2.91847e+06 29.1847 3.46064e+09
1e+09 2.92969e+06 29.2969 3.44074e+09
1e+09 2.94096e+06 29.4096 3.42095e+09
1e+09 2.95227e+06 29.5227 3.40127e+09
1e+09 2.96363e+06 29.6363 3.3817e+09
1e+09 2.97503e+06 29.7503 3.36224e+09
1e+09 2.98647e+06 29.8647 3.3429e+09
1e+09 2.99796e+06 29.9796 3.32367e+09
1e+09 3.00949e+06 30.0949 3.30455e+09
1e+09 3.02106e+06 30.2106 3.28555e+09
1e+09 3.03268e+06 30.3268 3.26665e+09
1e+09 3.04435e+06 30.4435 3.24785e+09
1e+09 3.05606e+06 30.5606 3.22916e+09
1e+09 3.06781e+06 30.6781 3.21059e+09
1e+09 3.07961e+06 30.7961 3.19212e+09
1e+09 3.09146e+06 30.9146 3.17375e+09
1e+09 3.10335e+06 31.0335 3.15549e+09
1e+09 3.11529e+06 31.1529 3.13733e+09
1e+09 3.12727e+06 31.2727 3.11929e+09
1e+09 3.1393e+06 31.393 3.10134e+09
1e+09 3.15137e+06 31.5137 3.0835e+09
1e+09 3.16349e+06 31.6349 3.06576e+09
1e+09 3.17566e+06 31.7566 3.04812e+09
1e+09 3.18787e+06 31.8787 3.03059e+09
1e+09 3.20014e+06 32.0014 3.01314e+09
1e+09 3.21244e+06 32.1244 2.99582e+09
1e+09 3.2248e+06 32.248 2.97858e+09
1e+09 3.2372e+06 32.372 2.96145e+09
1e+09 3.24966e+06 32.4966 2.94439e+09
1e+09 3.26215e+06 32.6215 2.92747e+09
1e+09 3.2747e+06 32.747 2.91062e+09
1e+09 3.2873e+06 32.873 2.89387e+09
1e+09 3.29994e+06 32.9994 2.87722e+09
1e+09 3.31263e+06 33.1263 2.86067e+09
1e+09 3.32537e+06 33.2537 2.84421e+09
1e+09 3.33817e+06 33.3817 2.82783e+09
1e+09 3.351e+06 33.51 2.81157e+09
1e+09 3.36389e+06 33.6389 2.7954e+09
1e+09 3.37683e+06 33.7683 2.77931e+09
1e+09 3.38982e+06 33.8982 2.76332e+09
1e+09 3.40286e+06 34.0286 2.74741e+09
1e+09 3.41595e+06 34.1595 2.7316e+09
1e+09 3.42909e+06 34.2909 2.71588e+09
1e+09 3.44228e+06 34.4228 2.70025e+09
1e+09 3.45552e+06 34.5552 2.68472e+09
1e+09 3.46881e+06 34.6881 2.66927e+09
1e+09 3.48215e+06 34.8215 2.65391e+09
1e+09 3.49554e+06 34.9554 2.63864e+09
1e+09 3.50899e+06 35.0899 2.62345e+09
1e+09 3.52248e+06 35.2248 2.60836e+09
1e+09 3.53603e+06 35.3603 2.59335e+09
1e+09 3.54963e+06 35.4963 2.57843e+09
1e+09 3.56329e+06 35.6329 2.56358e+09
1e+09 3.57699e+06 35.7699 2.54884e+09
1e+09 3.59075e+06 35.9075 2.53417e+09
1e+09 3.60456e+06 36.0456 2.51958e+09
1e+09 3.61842e+06 36.1842 2.50509e+09
1e+09 3.63234e+06 36.3234 2.49067e+09
1e+09 3.64631e+06 36.4631 2.47634e+09
1e+09 3.66034e+06 36.6034 2.46208e+09
1e+09 3.67442e+06 36.7442 2.44791e+09
1e+09 3.68855e+06 36.8855 2.43383e+09
1e+09 3.70274e+06 37.0274 2.41982e+09
1e+09 3.71698e+06 37.1698 2.40589e+09
1e+09 3.73128e+06 37.3128 2.39204e+09
1e+09 3.74563e+06 37.4563 2.37828e+09
1e+09 3.76003e+06 37.6003 2.36459e+09
1e+09 3.7745e+06 37.745 2.35098e+09
1e+09 3.78901e+06 37.8901 2.33745e+09
1e+09 3.80359e+06 38.0359 2.324e+09
1e+09 3.81822e+06 38.1822 2.31062e+09
1e+09 3.8329e+06 38.329 2.29733e+09
1e+09 3.84765e+06 38.4765 2.2841e+09
1e+09 3.86244e+06 38.6244 2.27096e+09
1e+09 3.8773e+06 38.773 2.25788e+09
1e+09 3.89221e+06 38.9221 2.24489e+09
1e+09 3.90718e+06 39.0718 2.23197e+09
1e+09 3.92221e+06 39.2221 2.21912e+09
1e+09 3.9373e+06 39.373 2.20635e+09
1e+09 3.95244e+06 39.5244 2.19365e+09
1e+09 3.96765e+06 39.6765 2.18102e+09
1e+09 3.98291e+06 39.8291 2.16846e+09
1e+09 3.99823e+06 39.9823 2.15598e+09
1e+09 4.0136e+06 40.136 2.14358e+09
1e+09 4.02904e+06 40.2904 2.13124e+09
1e+09 4.04454e+06 40.4454 2.11896e+09
1e+09 4.06009e+06 40.6009 2.10677e+09
1e+09 4.07571e+06 40.7571 2.09464e+09
1e+09 4.09139e+06 40.9139 2.08258e+09
1e+09 4.10712e+06 41.0712 2.0706e+09
1e+09 4.12292e+06 41.2292 2.05868e+09
1e+09 4.13878e+06 41.3878 2.04682e+09
1e+09 4.1547e+06 41.547 2.03504e+09
1e+09 4.17068e+06 41.7068 2.02333e+09
1e+09 4.18672e+06 41.8672 2.01168e+09
1e+09 4.20282e+06 42.0282 2.0001e+09
1e+09 4.21899e+06 42.1899 1.98858e+09
1e+09 4.23522e+06 42.3522 1.97713e+09
1e+09 4.25151e+06 42.5151 1.96575e+09
1e+09 4.26786e+06 42.6786 1.95443e+09
1e+09 4.28427e+06 42.8427 1.94319e+09
1e+09 4.30075e+06 43.0075 1.932e+09
1e+09 4.3173e+06 43.173 1.92087e+09
1e+09 4.3339e+06 43.339 1.90981e+09
1e+09 4.35057e+06 43.5057 1.89882e+09
1e+09 4.3673e+06 43.673 1.88789e+09
1e+09 4.3841e+06 43.841 1.87702e+09
1e+09 4.40096e+06 44.0096 1.86621e+09
1e+09 4.41789e+06 44.1789 1.85547e+09
1e+09 4.43488e+06 44.3488 1.84478e+09
1e+09 4.45194e+06 44.5194 1.83416e+09
1e+09 4.46907e+06 44.6907 1.8236e+09
1e+09 4.48626e+06 44.8626 1.8131e+09
1e+09 4.50351e+06 45.0351 1.80266e+09
1e+09 4.52083e+06 45.2083 1.79228e+09
1e+09 4.53822e+06 45.3822 1.78196e+09
1e+09 4.55568e+06 45.5568 1.7717e+09
1e+09 4.5732e+06 45.732 1.7615e+09
1e+09 4.59079e+06 45.9079 1.75135e+09
1e+09 4.60845e+06 46.0845 1.74127e+09
1e+09 4.62617e+06 46.2617 1.73124e+09
1e+09 4.64397e+06 46.4397 1.72127e+09
1e+09 4.66183e+06 46.6183 1.71136e+09
1e+09 4.67976e+06 46.7976 1.70151e+09
1e+09 4.69776e+06 46.9776 1.69171e+09
1e+09 4.71583e+06 47.1583 1.68196e+09
1e+09 4.73397e+06 47.3397 1.67228e+09
1e+09 4.75217e+06 47.5217 1.66265e+09
1e+09 4.77045e+06 47.7045 1.65308e+09
1e+09 4.7888e+06 47.888 1.64356e+09
1e+09 4.80722e+06 48.0722 1.63409e+09
1e+09 4.82571e+06 48.2571 1.62468e+09
1e+09 4.84427e+06 48.4427 1.61532e+09
1e+09 4.8629e+06 48.629 1.60602e+09
1e+09 4.88161e+06 48.8161 1.59677e+09
1e+09 4.90038e+06 49.0038 1.58758e+09
1e+09 4.91923e+06 49.1923 1.57843e+09
1e+09 4.93815e+06 49.3815 1.56934e+09
1e+09 4.95715e+06 49.5715 1.5603e+09
1e+09 4.97621e+06 49.7621 1.55132e+09
1e+09 4.99535e+06 49.9535 1.54238e+09
1e+09 5.01457e+06 50.1457 1.53349e+09
1e+09 5.03385e+06 50.3385 1.52467e+09
1e+09 5.05322e+06 50.5322 1.51588e+09
1e+09 5.07265e+06 50.7265 1.50715e+09
1e+09 5.09216e+06 50.9216 1.49847e+09
1e+09 5.11175e+06 51.1175 1.48984e+09
1e+09 5.13141e+06 51.3141 1.48126e+09
1e+09 5.15115e+06 51.5115 1.47272e+09
1e+09 5.17096e+06 51.7096 1.46424e+09
1e+09 5.19085e+06 51.9085 1.45581e+09
1e+09 5.21081e+06 52.1081 1.44742e+09
1e+09 5.23086e+06 52.3086 1.43908e+09
1e+09 5.25098e+06 52.5098 1.43079e+09
1e+09 5.27117e+06 52.7117 1.42255e+09
1e+09 5.29145e+06 52.9145 1.41436e+09
1e+09 5.3118e+06 53.118 1.40621e+09
1e+09 5.33223e+06 53.3223 1.39811e+09
1e+09 5.35274e+06 53.5274 1.39005e+09
1e+09 5.37333e+06 53.7333 1.38205e+09
1e+09 5.394e+06 53.94 1.37408e+09
1e+09 5.41474e+06 54.1474 1.36617e+09
1e+09 5.43557e+06 54.3557 1.3583e+09
1e+09 5.45648e+06 54.5648 1.35047e+09
1e+09 5.47746e+06 54.7746 1.34269e+09
1e+09 5.49853e+06 54.9853 1.33496e+09
1e+09 5.51968e+06 55.1968 1.32726e+09
1e+09 5.54091e+06 55.4091 1.31962e+09
1e+09 5.56222e+06 55.6222 1.31202e+09
1e+09 5.58362e+06 55.8362 1.30445e+09
1e+09 5.60509e+06 56.0509 1.29694e+09
1e+09 5.62665e+06 56.2665 1.28947e+09
1e+09 5.64829e+06 56.4829 1.28204e+09
1e+09 5.67002e+06 56.7002 1.27465e+09
1e+09 5.69183e+06 56.9183 1.2673e+09
1e+09 5.71372e+06 57.1372 1.26e+09
1e+09 5.7357e+06 57.357 1.25274e+09
1e+09 5.75776e+06 57.5776 1.24552e+09
1e+09 5.7799e+06 57.799 1.23835e+09
1e+09 5.80214e+06 58.0214 1.23121e+09
1e+09 5.82445e+06 58.2445 1.22412e+09
1e+09 5.84685e+06 58.4685 1.21706e+09
1e+09 5.86934e+06 58.6934 1.21005e+09
1e+09 5.89192e+06 58.9192 1.20308e+09
1e+09 5.91458e+06 59.1458 1.19614e+09
1e+09 5.93733e+06 59.3733 1.18925e+09
1e+09 5.96017e+06 59.6017 1.1824e+09
1e+09 5.98309e+06 59.8309 1.17558e+09
1e+09 6.0061e+06 60.061 1.16881e+09
1e+09 6.02921e+06 60.2921 1.16207e+09
1e+09 6.0524e+06 60.524 1.15537e+09
1e+09 6.07567e+06 60.7567 1.14872e+09
1e+09 6.09904e+06 60.9904 1.1421e+09
1e+09 6.1225e+06 61.225 1.13551e+09
1e+09 6.14605e+06 61.4605 1.12897e+09
1e+09 6.16969e+06 61.6969 1.12246e+09
1e+09 6.19342e+06 61.9342 1.11599e+09
1e+09 6.21724e+06 62.1724 1.10956e+09
1e+09 6.24116e+06 62.4116 1.10316e+09
1e+09 6.26516e+06 62.6516 1.09681e+09
1e+09 6.28926e+06 62.8926 1.09048e+09
1e+09 6.31345e+06 63.1345 1.0842e+09
1e+09 6.33773e+06 63.3773 1.07795e+09
1e+09 6.36211e+06 63.6211 1.07173e+09
1e+09 6.38658e+06 63.8658 1.06556e+09
1e+09 6.41115e+06 64.1115 1.05941e+09
1e+09 6.4358e+06 64.358 1.05331e+09
1e+09 6.46056e+06 64.6056 1.04723e+09
1e+09 6.48541e+06 64.8541 1.0412e+09
1e+09 6.51035e+06 65.1035 1.0352e+09
1e+09 6.53539e+06 65.3539 1.02923e+09
1e+09 6.56053e+06 65.6053 1.02329e+09
1e+09 6.58576e+06 65.8576 1.0174e+09
1e+09 6.6111e+06 66.111 1.01153e+09
1e+09 6.63652e+06 66.3652 1.0057e+09
1e+09 6.66205e+06 66.6205 9.999e+08
1e+09 6.68767e+06 66.8767 9.94136e+08
1e+09 6.7134e+06 67.134 9.88403e+08
1e+09 6.73922e+06 67.3922 9.82704e+08
1e+09 6.76514e+06 67.6514 9.77039e+08
1e+09 6.79116e+06 67.9116 9.71405e+08
1e+09 6.81728e+06 68.1728 9.65805e+08
1e+09 6.8435e+06 68.435 9.60236e+08
1e+09 6.86982e+06 68.6982 9.547e+08
1e+09 6.89625e+06 68.9625 9.49194e+08
1e+09 6.92277e+06 69.2277 9.43721e+08
1e+09 6.9494e+06 69.494 9.38279e+08
1e+09 6.97613e+06 69.7613 9.32869e+08
1e+09 7.00296e+06 70.0296 9.2749e+08
1e+09 7.0299e+06 70.299 9.2214e+08
1e+09 7.05694e+06 70.5694 9.16823e+08
1e+09 7.08408e+06 70.8408 9.11536e+08
1e+09 7.11133e+06 71.1133 9.06279e+08
1e+09 7.13868e+06 71.3868 9.01053e+08
1e+09 7.16614e+06 71.6614 8.95856e+08
1e+09 7.1937e+06 71.937 8.9069e+08
1e+09 7.22137e+06 72.2137 8.85553e+08
1e+09 7.24914e+06 72.4914 8.80447e+08
1e+09 7.27703e+06 72.7703 8.75368e+08
1e+09 7.30502e+06 73.0502 8.70319e+08
1e+09 7.33311e+06 73.3311 8.65301e+08
1e+09 7.36132e+06 73.6132 8.60309e+08
1e+09 7.38963e+06 73.8963 8.55348e+08
1e+09 7.41806e+06 74.1806 8.50413e+08
1e+09 7.44659e+06 74.4659 8.45508e+08
1e+09 7.47523e+06 74.7523 8.40631e+08
1e+09 7.50398e+06 75.0398 8.35783e+08
1e+09 7.53284e+06 75.3284 8.30962e+08
1e+09 7.56182e+06 75.6182 8.26168e+08
1e+09 7.5909e+06 75.909 8.21403e+08
1e+09 7.6201e+06 76.201 8.16664e+08
1e+09 7.64941e+06 76.4941 8.11953e+08
1e+09 7.67883e+06 76.7883 8.0727e+08
1e+09 7.70837e+06 77.0837 8.02612e+08
1e+09 7.73801e+06 77.3801 7.97983e+08
1e+09 7.76778e+06 77.6778 7.93378e+08
1e+09 7.79765e+06 77.9765 7.88802e+08
1e+09 7.82765e+06 78.2765 7.8425e+08
1e+09 7.85775e+06 78.5775 7.79727e+08
1e+09 7.88798e+06 78.8798 7.75227e+08
1e+09 7.91832e+06 79.1832 7.70754e+08
1e+09 7.94877e+06 79.4877 7.66308e+08
1e+09 7.97935e+06 79.7935 7.61886e+08
1e+09 8.01004e+06 80.1004 7.5749e+08
1e+09 8.04085e+06 80.4085 7.53119e+08
1e+09 8.07177e+06 80.7177 7.48775e+08
1e+09 8.10282e+06 81.0282 7.44454e+08
1e+09 8.13399e+06 81.3399 7.40157e+08
1e+09 8.16527e+06 81.6527 7.35887e+08
1e+09 8.19668e+06 81.9668 7.3164e+08
1e+09 8.2282e+06 82.282 7.27419e+08
1e+09 8.25985e+06 82.5985 7.23221e+08
1e+09 8.29162e+06 82.9162 7.19048e+08
1e+09 8.32352e+06 83.2352 7.14897e+08
1e+09 8.35553e+06 83.5553 7.10772e+08
1e+09 8.38767e+06 83.8767 7.0667e+08
1e+09 8.41993e+06 84.1993 7.02592e+08
1e+09 8.45231e+06 84.5231 6.98537e+08
1e+09 8.48482e+06 84.8482 6.94506e+08
1e+09 8.51746e+06 85.1746 6.90497e+08
1e+09 8.55022e+06 85.5022 6.86512e+08
1e+09 8.58311e+06 85.8311 6.82549e+08
1e+09 8.61612e+06 86.1612 6.7861e+08
1e+09 8.64926e+06 86.4926 6.74693e+08
1e+09 8.68253e+06 86.8253 6.70798e+08
1e+09 8.71592e+06 87.1592 6.66927e+08
1e+09 8.74945e+06 87.4945 6.63076e+08
1e+09 8.7831e+06 87.831 6.59249e+08
1e+09 8.81688e+06 88.1688 6.55444e+08
1e+09 8.8508e+06 88.508 6.51659e+08
1e+09 8.88484e+06 88.8484 6.47898e+08
1e+09 8.91901e+06 89.1901 6.44158e+08
1e+09 8.95332e+06 89.5332 6.40439e+08
1e+09 8.98775e+06 89.8775 6.36742e+08
1e+09 9.02232e+06 90.2232 6.33066e+08
1e+09 9.05703e+06 90.5703 6.2941e+08
1e+09 9.09186e+06 90.9186 6.25777e+08
1e+09 9.12683e+06 91.2683 6.22164e+08
1e+09 9.16194e+06 91.6194 6.18571e+08
1e+09 9.19718e+06 91.9718 6.15e+08
1e+09 9.23255e+06 92.3255 6.11449e+08
1e+09 9.26806e+06 92.6806 6.07919e+08
1e+09 9.30371e+06 93.0371 6.04409e+08
1e+09 9.3395e+06 93.395 6.00918e+08
1e+09 9.37542e+06 93.7542 5.97448e+08
1e+09 9.41148e+06 94.1148 5.93998e+08
1e+09 9.44768e+06 94.4768 5.90568e+08
1e+09 9.48402e+06 94.8402 5.87158e+08
1e+09 9.5205e+06 95.205 5.83767e+08
1e+09 9.55711e+06 95.5711 5.80396e+08
1e+09 9.59387e+06 95.9387 5.77044e+08
1e+09 9.63077e+06 96.3077 5.73712e+08
1e+09 9.66782e+06 96.6782 5.70398e+08
1e+09 9.705e+06 97.05 5.67104e+08
1e+09 9.74233e+06 97.4233 5.63828e+08
1e+09 9.7798e+06 97.798 5.60572e+08
1e+09 9.81742e+06 98.1742 5.57334e+08
1e+09 9.85518e+06 98.5518 5.54115e+08
1e+09 9.89309e+06 98.9309 5.50914e+08
1e+09 9.93114e+06 99.3114 5.47732e+08
1e+09 9.96934e+06 99.6934 5.44568e+08
1e+09 1.00077e+07 100.077 5.41421e+08
1e+09 1.00462e+07 100.462 5.38293e+08
1e+09 1.00848e+07 100.848 5.35186e+08
1e+09 1.01236e+07 101.236 5.32094e+08
1e+09 1.01625e+07 101.625 5.29023e+08
1e+09 1.02016e+07 102.016 5.25966e+08
1e+09 1.02409e+07 102.409 5.22922e+08
1e+09 1.02803e+07 102.803 5.199e+08
1e+09 1.03198e+07 103.198 5.169e+08
1e+09 1.03595e+07 103.595 5.13913e+08
1e+09 1.03993e+07 103.993 5.10947e+08
1e+09 1.04393e+07 104.393 5.07994e+08
1e+09 1.04795e+07 104.795 5.05056e+08
1e+09 1.05198e+07 105.198 5.02138e+08
1e+09 1.05603e+07 105.603 4.99234e+08
1e+09 1.06009e+07 106.009 4.9635e+08
1e+09 1.06417e+07 106.417 4.9348e+08
1e+09 1.06826e+07 106.826 4.90631e+08
1e+09 1.07237e+07 107.237 4.87795e+08
1e+09 1.07649e+07 107.649 4.84979e+08
1e+09 1.08063e+07 108.063 4.82176e+08
1e+09 1.08479e+07 108.479 4.79387e+08
1e+09 1.08896e+07 108.896 4.76618e+08
1e+09 1.09315e+07 109.315 4.73863e+08
1e+09 1.09735e+07 109.735 4.71127e+08
1e+09 1.10157e+07 110.157 4.68404e+08
1e+09 1.10581e+07 110.581 4.65695e+08
1e+09 1.11007e+07 111.007 4.62999e+08
1e+09 1.11433e+07 111.433 4.60329e+08
1e+09 1.11862e+07 111.862 4.57666e+08
1e+09 1.12292e+07 112.292 4.55022e+08
1e+09 1.12724e+07 112.724 4.52391e+08
1e+09 1.13158e+07 113.158 4.49773e+08
1e+09 1.13593e+07 113.593 4.47174e+08
1e+09 1.1403e+07 114.03 4.44589e+08
1e+09 1.14469e+07 114.469 4.42016e+08
1e+09 1.14909e+07 114.909 4.39462e+08
1e+09 1.15351e+07 115.351 4.36921e+08
1e+09 1.15794e+07 115.794 4.34399e+08
1e+09 1.1624e+07 116.24 4.31884e+08
1e+09 1.16687e+07 116.687 4.29387e+08
1e+09 1.17136e+07 117.136 4.26903e+08
1e+09 1.17586e+07 117.586 4.24438e+08
1e+09 1.18039e+07 118.039 4.21979e+08
1e+09 1.18493e+07 118.493 4.19539e+08
1e+09 1.18948e+07 118.948 4.17117e+08
1e+09 1.19406e+07 119.406 4.14703e+08
1e+09 1.19865e+07 119.865 4.12306e+08
1e+09 1.20326e+07 120.326 4.09922e+08
1e+09 1.20789e+07 120.789 4.0755e+08
1e+09 1.21254e+07 121.254 4.05191e+08
1e+09 1.2172e+07 121.72 4.02849e+08
1e+09 1.22188e+07 122.188 4.0052e+08
1e+09 1.22658e+07 122.658 3.98203e+08
1e+09 1.2313e+07 123.13 3.95899e+08
1e+09 1.23603e+07 123.603 3.93612e+08
1e+09 1.24079e+07 124.079 3.91332e+08
1e+09 1.24556e+07 124.556 3.8907e+08
1e+09 1.25035e+07 125.035 3.8682e+08
1e+09 1.25516e+07 125.516 3.84581e+08
1e+09 1.25999e+07 125.999 3.82356e+08
1e+09 1.26484e+07 126.484 3.80142e+08
1e+09 1.2697e+07 126.97 3.77945e+08
1e+09 1.27458e+07 127.458 3.7576e+08
1e+09 1.27949e+07 127.949 3.73583e+08
1e+09 1.28441e+07 128.441 3.71422e+08
1e+09 1.28935e+07 128.935 3.69273e+08
1e+09 1.29431e+07 129.431 3.67136e+08
1e+09 1.29929e+07 129.929 3.65011e+08
1e+09 1.30428e+07 130.428 3.62902e+08
1e+09 1.3093e+07 130.93 3.608e+08
1e+09 1.31434e+07 131.434 3.58711e+08
1e+09 1.31939e+07 131.939 3.56637e+08
1e+09 1.32447e+07 132.447 3.54571e+08
1e+09 1.32956e+07 132.956 3.52521e+08
1e+09 1.33467e+07 133.467 3.50482e+08
1e+09 1.33981e+07 133.981 3.48451e+08
1e+09 1.34496e+07 134.496 3.46436e+08
1e+09 1.35013e+07 135.013 3.44432e+08
1e+09 1.35533e+07 135.533 3.42435e+08
1e+09 1.36054e+07 136.054 3.40454e+08
1e+09 1.36577e+07 136.577 3.38485e+08
1e+09 1.37103e+07 137.103 3.36523e+08
1e+09 1.3763e+07 137.63 3.34576e+08
1e+09 1.38159e+07 138.159 3.32641e+08
1e+09 1.38691e+07 138.691 3.30713e+08
1e+09 1.39224e+07 139.224 3.288e+08
1e+09 1.3976e+07 139.76 3.26894e+08
1e+09 1.40297e+07 140.297 3.25004e+08
1e+09 1.40837e+07 140.837 3.23121e+08
1e+09 1.41379e+07 141.379 3.21249e+08
1e+09 1.41922e+07 141.922 3.19391e+08
1e+09 1.42468e+07 142.468 3.17541e+08
1e+09 1.43016e+07 143.016 3.15703e+08
1e+09 1.43566e+07 143.566 3.13875e+08
1e+09 1.44118e+07 144.118 3.12058e+08
1e+09 1.44673e+07 144.673 3.10248e+08
1e+09 1.45229e+07 145.229 3.08453e+08
1e+09 1.45788e+07 145.788 3.06666e+08
1e+09 1.46349e+07 146.349 3.04889e+08
1e+09 1.46911e+07 146.911 3.03126e+08
1e+09 1.47477e+07 147.477 3.01367e+08
1e+09 1.48044e+07 148.044 2.99622e+08
1e+09 1.48613e+07 148.613 2.97888e+08
1e+09 1.49185e+07 149.185 2.96161e+08
1e+09 1.49759e+07 149.759 2.94445e+08
1e+09 1.50335e+07 150.335 2.92739e+08
1e+09 1.50913e+07 150.913 2.91044e+08
1e+09 1.51493e+07 151.493 2.89359e+08
1e+09 1.52076e+07 152.076 2.87682e+08
1e+09 1.52661e+07 152.661 2.86015e+08
1e+09 1.53248e+07 153.248 2.84359e+08
1e+09 1.53838e+07 153.838 2.82709e+08
1e+09 1.54429e+07 154.429 2.81073e+08
1e+09 1.55023e+07 155.023 2.79445e+08
1e+09 1.5562e+07 155.62 2.77823e+08
1e+09 1.56218e+07 156.218 2.76215e+08
1e+09 1.56819e+07 156.819 2.74614e+08
1e+09 1.57422e+07 157.422 2.73023e+08
1e+09 1.58028e+07 158.028 2.71439e+08
1e+09 1.58635e+07 158.635 2.69868e+08
1e+09 1.59246e+07 159.246 2.68302e+08
1e+09 1.59858e+07 159.858 2.66748e+08
1e+09 1.60473e+07 160.473 2.65202e+08
1e+09 1.6109e+07 161.09 2.63665e+08
1e+09 1.6171e+07 161.71 2.62136e+08
1e+09 1.62332e+07 162.332 2.60616e+08
1e+09 1.62956e+07 162.956 2.59106e+08
1e+09 1.63583e+07 163.583 2.57604e+08
1e+09 1.64212e+07 164.212 2.56111e+08
1e+09 1.64844e+07 164.844 2.54625e+08
1e+09 1.65478e+07 165.478 2.53149e+08
1e+09 1.66114e+07 166.114 2.51682e+08
1e+09 1.66753e+07 166.753 2.50223e+08
1e+09 1.67395e+07 167.395 2.4877e+08
1e+09 1.68038e+07 168.038 2.4733e+08
1e+09 1.68685e+07 168.685 2.45894e+08
1e+09 1.69334e+07 169.334 2.44468e+08
1e+09 1.69985e+07 169.985 2.43051e+08
1e+09 1.70639e+07 170.639 2.41641e+08
1e+09 1.71295e+07 171.295 2.4024e+08
1e+09 1.71954e+07 171.954 2.38846e+08
1e+09 1.72615e+07 172.615 2.37462e+08
1e+09 1.73279e+07 173.279 2.36084e+08
1e+09 1.73946e+07 173.946 2.34714e+08
1e+09 1.74615e+07 174.615 2.33352e+08
1e+09 1.75286e+07 175.286 2.32e+08
1e+09 1.7596e+07 175.96 2.30655e+08
1e+09 1.76637e+07 176.637 2.29316e+08
1e+09 1.77317e+07 177.317 2.27984e+08
1e+09 1.77999e+07 177.999 2.26662e+08
1e+09 1.78683e+07 178.683 2.25348e+08
1e+09 1.79371e+07 179.371 2.24039e+08
1e+09 1.80061e+07 180.061 2.22739e+08
1e+09 1.80753e+07 180.753 2.21447e+08
1e+09 1.81448e+07 181.448 2.20163e+08
1e+09 1.82146e+07 182.146 2.18885e+08
1e+09 1.82847e+07 182.847 2.17614e+08
1e+09 1.8355e+07 183.55 2.16352e+08
1e+09 1.84256e+07 184.256 2.15096e+08
1e+09 1.84965e+07 184.965 2.13847e+08
1e+09 1.85676e+07 185.676 2.12607e+08
1e+09 1.8639e+07 186.39 2.11373e+08
1e+09 1.87107e+07 187.107 2.10146e+08
1e+09 1.87827e+07 187.827 2.08925e+08
1e+09 1.88549e+07 188.549 2.07713e+08
1e+09 1.89275e+07 189.275 2.06506e+08
1e+09 1.90003e+07 190.003 2.05307e+08
1e+09 1.90733e+07 190.733 2.04117e+08
1e+09 1.91467e+07 191.467 2.02931e+08
1e+09 1.92203e+07 192.203 2.01753e+08
1e+09 1.92943e+07 192.943 2.00581e+08
1e+09 1.93685e+07 193.685 1.99416e+08
1e+09 1.9443e+07 194.43 1.98258e+08
1e+09 1.95178e+07 195.178 1.97106e+08
1e+09 1.95928e+07 195.928 1.95963e+08
1e+09 1.96682e+07 196.682 1.94824e+08
1e+09 1.97438e+07 197.438 1.93693e+08
1e+09 1.98198e+07 198.198 1.92567e+08
1e+09 1.9896e+07 198.96 1.91449e+08
1e+09 1.99725e+07 199.725 1.90338e+08
1e+09 2.00494e+07 200.494 1.89231e+08
1e+09 2.01265e+07 201.265 1.88132e+08
1e+09 2.02039e+07 202.039 1.87039e+08
1e+09 2.02816e+07 202.816 1.85953e+08
1e+09 2.03596e+07 203.596 1.84872e+08
1e+09 2.04379e+07 204.379 1.83798e+08
1e+09 2.05165e+07 205.165 1.82731e+08
1e+09 2.05954e+07 205.954 1.81669e+08
1e+09 2.06747e+07 206.747 1.80612e+08
1e+09 2.07542e+07 207.542 1.79563e+08
1e+09 2.0834e+07 208.34 1.7852e+08
1e+09 2.09141e+07 209.141 1.77483e+08
1e+09 2.09946e+07 209.946 1.76451e+08
1e+09 2.10753e+07 210.753 1.75426e+08
1e+09 2.11564e+07 211.564 1.74406e+08
1e+09 2.12378e+07 212.378 1.73392e+08
1e+09 2.13195e+07 213.195 1.72383e+08
1e+09 2.14015e+07 214.015 1.71381e+08
1e+09 2.14838e+07 214.838 1.70385e+08
1e+09 2.15664e+07 215.664 1.69395e+08
1e+09 2.16494e+07 216.494 1.6841e+08
1e+09 2.17326e+07 217.326 1.67431e+08
1e+09 2.18162e+07 218.162 1.66458e+08
1e+09 2.19001e+07 219.001 1.6549e+08
1e+09 2.19844e+07 219.844 1.64527e+08
1e+09 2.20689e+07 220.689 1.63571e+08
1e+09 2.21538e+07 221.538 1.62619e+08
1e+09 2.2239e+07 222.39 1.61674e+08
1e+09 2.23246e+07 223.246 1.60733e+08
1e+09 2.24104e+07 224.104 1.59799e+08
1e+09 2.24966e+07 224.966 1.58869e+08
1e+09 2.25832e+07 225.832 1.57944e+08
1e+09 2.267e+07 226.7 1.57026e+08
1e+09 2.27572e+07 227.572 1.56113e+08
1e+09 2.28447e+07 228.447 1.55205e+08
1e+09 2.29326e+07 229.326 1.54301e+08
1e+09 2.30208e+07 230.208 1.53404e+08
1e+09 2.31094e+07 231.094 1.52511e+08
1e+09 2.31982e+07 231.982 1.51624e+08
1e+09 2.32875e+07 232.875 1.50741e+08
1e+09 2.3377e+07 233.77 1.49864e+08
1e+09 2.3467e+07 234.67 1.48992e+08
1e+09 2.35572e+07 235.572 1.48125e+08
1e+09 2.36478e+07 236.478 1.47263e+08
1e+09 2.37388e+07 237.388 1.46405e+08
1e+09 2.38301e+07 238.301 1.45553e+08
1e+09 2.39217e+07 239.217 1.44707e+08
1e+09 2.40138e+07 240.138 1.43863e+08
1e+09 2.41061e+07 241.061 1.43026e+08
1e+09 2.41988e+07 241.988 1.42194e+08
1e+09 2.42919e+07 242.919 1.41366e+08
1e+09 2.43854e+07 243.854 1.40542e+08
1e+09 2.44791e+07 244.791 1.39725e+08
1e+09 2.45733e+07 245.733 1.38911e+08
1e+09 2.46678e+07 246.678 1.38102e+08
1e+09 2.47627e+07 247.627 1.37297e+08
1e+09 2.48579e+07 248.579 1.36498e+08
1e+09 2.49536e+07 249.536 1.35703e+08
1e+09 2.50495e+07 250.495 1.34913e+08
1e+09 2.51459e+07 251.459 1.34127e+08
1e+09 2.52426e+07 252.426 1.33345e+08
1e+09 2.53397e+07 253.397 1.32569e+08
1e+09 2.54372e+07 254.372 1.31796e+08
1e+09 2.5535e+07 255.35 1.31028e+08
1e+09 2.56332e+07 256.332 1.30265e+08
1e+09 2.57318e+07 257.318 1.29506e+08
1e+09 2.58308e+07 258.308 1.28751e+08
1e+09 2.59301e+07 259.301 1.28001e+08
1e+09 2.60299e+07 260.299 1.27255e+08
1e+09 2.613e+07 261.3 1.26513e+08
1e+09 2.62305e+07 262.305 1.25776e+08
1e+09 2.63314e+07 263.314 1.25043e+08
1e+09 2.64327e+07 264.327 1.24314e+08
1e+09 2.65343e+07 265.343 1.2359e+08
1e+09 2.66364e+07 266.364 1.22869e+08
1e+09 2.67388e+07 267.388 1.22153e+08
1e+09 2.68417e+07 268.417 1.21441e+08
1e+09 2.69449e+07 269.449 1.20733e+08
1e+09 2.70486e+07 270.486 1.20029e+08
1e+09 2.71526e+07 271.526 1.19329e+08
1e+09 2.7257e+07 272.57 1.18633e+08
1e+09 2.73619e+07 273.619 1.17941e+08
1e+09 2.74671e+07 274.671 1.17254e+08
1e+09 2.75728e+07 275.728 1.16569e+08
1e+09 2.76788e+07 276.788 1.1589e+08
1e+09 2.77853e+07 277.853 1.15214e+08
1e+09 2.78921e+07 278.921 1.14542e+08
1e+09 2.79994e+07 279.994 1.13874e+08
1e+09 2.81071e+07 281.071 1.13209e+08
1e+09 2.82152e+07 282.152 1.12549e+08
1e+09 2.83237e+07 283.237 1.11892e+08
1e+09 2.84327e+07 284.327 1.11239e+08
1e+09 2.8542e+07 285.42 1.1059e+08
1e+09 2.86518e+07 286.518 1.09945e+08
1e+09 2.8762e+07 287.62 1.09303e+08
1e+09 2.88727e+07 288.727 1.08665e+08
1e+09 2.89837e+07 289.837 1.08031e+08
1e+09 2.90952e+07 290.952 1.074e+08
1e+09 2.92071e+07 292.071 1.06774e+08
1e+09 2.93194e+07 293.194 1.0615e+08
1e+09 2.94322e+07 294.322 1.05531e+08
1e+09 2.95454e+07 295.454 1.04915e+08
1e+09 2.96591e+07 296.591 1.04302e+08
1e+09 2.97731e+07 297.731 1.03693e+08
1e+09 2.98877e+07 298.877 1.03087e+08
1e+09 3.00026e+07 300.026 1.02485e+08
1e+09 3.0118e+07 301.18 1.01887e+08
1e+09 3.02339e+07 302.339 1.01292e+08
1e+09 3.03501e+07 303.501 1.007e+08
1e+09 3.04669e+07 304.669 1.00112e+08
1e+09 3.05841e+07 305.841 9.9527e+07
1e+09 3.07017e+07 307.017 9.89458e+07
1e+09 3.08198e+07 308.198 9.83677e+07
1e+09 3.09383e+07 309.383 9.77932e+07
1e+09 3.10573e+07 310.573 9.72218e+07
1e+09 3.11768e+07 311.768 9.66535e+07
1e+09 3.12967e+07 312.967 9.60888e+07
1e+09 3.14171e+07 314.171 9.55271e+07
1e+09 3.15379e+07 315.379 9.4969e+07
1e+09 3.16592e+07 316.592 9.4414e+07
1e+09 3.1781e+07 317.81 9.3862e+07
1e+09 3.19032e+07 319.032 9.33135e+07
1e+09 3.20259e+07 320.259 9.27681e+07
1e+09 3.21491e+07 321.491 9.22257e+07
1e+09 3.22728e+07 322.728 9.16863e+07
1e+09 3.23969e+07 323.969 9.11503e+07
1e+09 3.25215e+07 325.215 9.06174e+07
1e+09 3.26466e+07 326.466 9.00874e+07
1e+09 3.27722e+07 327.722 8.95605e+07
1e+09 3.28982e+07 328.982 8.90369e+07
1e+09 3.30248e+07 330.248 8.85159e+07
1e+09 3.31518e+07 331.518 8.79982e+07
1e+09 3.32793e+07 332.793 8.74835e+07
1e+09 3.34073e+07 334.073 8.69718e+07
1e+09 3.35358e+07 335.358 8.64629e+07
1e+09 3.36648e+07 336.648 8.5957e+07
1e+09 3.37943e+07 337.943 8.5454e+07
1e+09 3.39242e+07 339.242 8.49543e+07
1e+09 3.40547e+07 340.547 8.44571e+07
1e+09 3.41857e+07 341.857 8.39628e+07
1e+09 3.43172e+07 343.172 8.34714e+07
1e+09 3.44492e+07 344.492 8.29828e+07
1e+09 3.45817e+07 345.817 8.2497e+07
1e+09 3.47147e+07 347.147 8.20142e+07
1e+09 3.48482e+07 348.482 8.15341e+07
1e+09 3.49823e+07 349.823 8.10565e+07
1e+09 3.51168e+07 351.168 8.05821e+07
1e+09 3.52519e+07 352.519 8.01102e+07
1e+09 3.53875e+07 353.875 7.9641e+07
1e+09 3.55236e+07 355.236 7.91747e+07
1e+09 3.56602e+07 356.602 7.87111e+07
1e+09 3.57974e+07 357.974 7.825e+07
1e+09 3.59351e+07 359.351 7.77916e+07
1e+09 3.60733e+07 360.733 7.73359e+07
1e+09 3.6212e+07 362.12 7.6883e+07
1e+09 3.63513e+07 363.513 7.64325e+07
1e+09 3.64911e+07 364.911 7.59848e+07
1e+09 3.66315e+07 366.315 7.55394e+07
1e+09 3.67724e+07 367.724 7.50967e+07
1e+09 3.69138e+07 369.138 7.46567e+07
1e+09 3.70558e+07 370.558 7.42191e+07
1e+09 3.71983e+07 371.983 7.37842e+07
1e+09 3.73414e+07 373.414 7.33516e+07
1e+09 3.7485e+07 374.85 7.29217e+07
1e+09 3.76292e+07 376.292 7.24942e+07
1e+09 3.77739e+07 377.739 7.20692e+07
1e+09 3.79192e+07 379.192 7.16466e+07
1e+09 3.80651e+07 380.651 7.12264e+07
1e+09 3.82115e+07 382.115 7.08087e+07
1e+09 3.83585e+07 383.585 7.03934e+07
1e+09 3.8506e+07 385.06 6.99806e+07
1e+09 3.86541e+07 386.541 6.95701e+07
1e+09 3.88028e+07 388.028 6.9162e+07
1e+09 3.8952e+07 389.52 6.87564e+07
1e+09 3.91019e+07 391.019 6.83528e+07
1e+09 3.92523e+07 392.523 6.79517e+07
1e+09 3.94032e+07 394.032 6.75532e+07
1e+09 3.95548e+07 395.548 6.71567e+07
1e+09 3.97069e+07 397.069 6.67627e+07
1e+09 3.98597e+07 398.597 6.63706e+07
1e+09 4.0013e+07 400.13 6.59811e+07
1e+09 4.01669e+07 401.669 6.55938e+07
1e+09 4.03214e+07 403.214 6.52087e+07
1e+09 4.04764e+07 404.764 6.48261e+07
1e+09 4.06321e+07 406.321 6.44454e+07
1e+09 4.07884e+07 407.884 6.4067e+07
1e+09 4.09453e+07 409.453 6.36907e+07
1e+09 4.11028e+07 411.028 6.33167e+07
1e+09 4.12609e+07 412.609 6.29448e+07
1e+09 4.14196e+07 414.196 6.25751e+07
1e+09 4.15789e+07 415.789 6.22075e+07
1e+09 4.17388e+07 417.388 6.18421e+07
1e+09 4.18994e+07 418.994 6.14787e+07
1e+09 4.20605e+07 420.605 6.11176e+07
1e+09 4.22223e+07 422.223 6.07584e+07
1e+09 4.23847e+07 423.847 6.04013e+07
1e+09 4.25477e+07 425.477 6.00464e+07
1e+09 4.27114e+07 427.114 5.96934e+07
1e+09 4.28757e+07 428.757 5.93425e+07
1e+09 4.30406e+07 430.406 5.89937e+07
1e+09 4.32061e+07 432.061 5.86469e+07
1e+09 4.33723e+07 433.723 5.83021e+07
1e+09 4.35391e+07 435.391 5.79593e+07
1e+09 4.37066e+07 437.066 5.76184e+07
1e+09 4.38747e+07 438.747 5.72796e+07
1e+09 4.40434e+07 440.434 5.69428e+07
1e+09 4.42129e+07 442.129 5.66077e+07
1e+09 4.43829e+07 443.829 5.62748e+07
1e+09 4.45536e+07 445.536 5.59438e+07
1e+09 4.4725e+07 447.25 5.56146e+07
1e+09 4.4897e+07 448.97 5.52874e+07
1e+09 4.50697e+07 450.697 5.49621e+07
1e+09 4.5243e+07 452.43 5.46387e+07
1e+09 4.54171e+07 454.171 5.4317e+07
1e+09 4.55918e+07 455.918 5.39973e+07
1e+09 4.57671e+07 457.671 5.36795e+07
1e+09 4.59431e+07 459.431 5.33636e+07
1e+09 4.61199e+07 461.199 5.30493e+07
1e+09 4.62972e+07 462.972 5.27371e+07
1e+09 4.64753e+07 464.753 5.24265e+07
1e+09 4.66541e+07 466.541 5.21177e+07
1e+09 4.68335e+07 468.335 5.18108e+07
1e+09 4.70137e+07 470.137 5.15055e+07
1e+09 4.71945e+07 471.945 5.12022e+07
1e+09 4.7376e+07 473.76 5.09006e+07
1e+09 4.75582e+07 475.582 5.06007e+07
1e+09 4.77412e+07 477.412 5.03025e+07
1e+09 4.79248e+07 479.248 5.00061e+07
1e+09 4.81091e+07 481.091 4.97115e+07
1e+09 4.82942e+07 482.942 4.94184e+07
1e+09 4.84799e+07 484.799 4.91272e+07
1e+09 4.86664e+07 486.664 4.88375e+07
1e+09 4.88536e+07 488.536 4.85496e+07
1e+09 4.90415e+07 490.415 4.82634e+07
1e+09 4.92301e+07 492.301 4.79788e+07
1e+09 4.94195e+07 494.195 4.76958e+07
1e+09 4.96095e+07 496.095 4.74147e+07
1e+09 4.98004e+07 498.004 4.71349e+07
1e+09 4.99919e+07 499.919 4.68569e+07
1e+09 5.01842e+07 501.842 4.65805e+07
1e+09 5.03772e+07 503.772 4.63057e+07
1e+09 5.0571e+07 505.71 4.60324e+07
1e+09 5.07655e+07 507.655 4.57608e+07
1e+09 5.09607e+07 509.607 4.54909e+07
1e+09 5.11568e+07 511.568 4.52223e+07
1e+09 5.13535e+07 513.535 4.49554e+07
1e+09 5.1551e+07 515.51 4.46901e+07
1e+09 5.17493e+07 517.493 4.44262e+07
1e+09 5.19484e+07 519.484 4.41638e+07
1e+09 5.21482e+07 521.482 4.39031e+07
1e+09 5.23487e+07 523.487 4.36439e+07
1e+09 5.25501e+07 525.501 4.33861e+07
1e+09 5.27522e+07 527.522 4.31299e+07
1e+09 5.29551e+07 529.551 4.28751e+07
1e+09 5.31588e+07 531.588 4.26218e+07
1e+09 5.33633e+07 533.633 4.23699e+07
1e+09 5.35685e+07 535.685 4.21196e+07
1e+09 5.37746e+07 537.746 4.18706e+07
1e+09 5.39814e+07 539.814 4.16232e+07
1e+09 5.4189e+07 541.89 4.13772e+07
1e+09 5.43974e+07 543.974 4.11327e+07
1e+09 5.46067e+07 546.067 4.08894e+07
1e+09 5.48167e+07 548.167 4.06477e+07
1e+09 5.50276e+07 550.276 4.04073e+07
1e+09 5.52392e+07 552.392 4.01684e+07
1e+09 5.54517e+07 554.517 3.99308e+07
1e+09 5.5665e+07 556.65 3.96946e+07
1e+09 5.58791e+07 558.791 3.94598e+07
1e+09 5.6094e+07 560.94 3.92264e+07
1e+09 5.63097e+07 563.097 3.89944e+07
1e+09 5.65263e+07 565.263 3.87636e+07
1e+09 5.67437e+07 567.437 3.85342e+07
1e+09 5.6962e+07 569.62 3.83061e+07
1e+09 5.71811e+07 571.811 3.80794e+07
1e+09 5.7401e+07 574.01 3.7854e+07
1e+09 5.76218e+07 576.218 3.76299e+07
1e+09 5.78434e+07 578.434 3.74071e+07
1e+09 5.80659e+07 580.659 3.71856e+07
1e+09 5.82893e+07 582.893 3.69653e+07
1e+09 5.85135e+07 585.135 3.67463e+07
1e+09 5.87385e+07 587.385 3.65287e+07
1e+09 5.89644e+07 589.644 3.63123e+07
1e+09 5.91912e+07 591.912 3.60972e+07
1e+09 5.94189e+07 594.189 3.58833e+07
1e+09 5.96474e+07 596.474 3.56707e+07
1e+09 5.98769e+07 598.769 3.54592e+07
1e+09 6.01072e+07 601.072 3.5249e+07
1e+09 6.03384e+07 603.384 3.50401e+07
1e+09 6.05704e+07 605.704 3.48324e+07
1e+09 6.08034e+07 608.034 3.46258e+07
1e+09 6.10373e+07 610.373 3.44205e+07
1e+09 6.12721e+07 612.721 3.42163e+07
1e+09 6.15077e+07 615.077 3.40134e+07
1e+09 6.17443e+07 617.443 3.38116e+07
1e+09 6.19818e+07 619.818 3.3611e+07
1e+09 6.22202e+07 622.202 3.34116e+07
1e+09 6.24595e+07 624.595 3.32134e+07
1e+09 6.26997e+07 626.997 3.30163e+07
1e+09 6.29409e+07 629.409 3.28203e+07
1e+09 6.3183e+07 631.83 3.26255e+07
1e+09 6.3426e+07 634.26 3.24318e+07
1e+09 6.367e+07 636.7 3.22392e+07
1e+09 6.39149e+07 639.149 3.20478e+07
1e+09 6.41607e+07 641.607 3.18575e+07
1e+09 6.44075e+07 644.075 3.16682e+07
1e+09 6.46552e+07 646.552 3.14801e+07
1e+09 6.49039e+07 649.039 3.12931e+07
1e+09 6.51535e+07 651.535 3.11072e+07
1e+09 6.54041e+07 654.041 3.09224e+07
1e+09 6.56557e+07 656.557 3.07386e+07
1e+09 6.59082e+07 659.082 3.05559e+07
1e+09 6.61617e+07 661.617 3.03743e+07
1e+09 6.64162e+07 664.162 3.01937e+07
1e+09 6.66717e+07 666.717 3.00141e+07
1e+09 6.69281e+07 669.281 2.98357e+07
1e+09 6.71855e+07 671.855 2.96583e+07
1e+09 6.74439e+07 674.439 2.94819e+07
1e+09 6.77034e+07 677.034 2.93064e+07
1e+09 6.79638e+07 679.638 2.91321e+07
1e+09 6.82252e+07 682.252 2.89588e+07
1e+09 6.84876e+07 684.876 2.87864e+07
1e+09 6.8751e+07 687.51 2.86151e+07
1e+09 6.90154e+07 690.154 2.84448e+07
1e+09 6.92809e+07 692.809 2.82755e+07
1e+09 6.95474e+07 695.474 2.81071e+07
1e+09 6.98149e+07 698.149 2.79398e+07
1e+09 7.00834e+07 700.834 2.77734e+07
1e+09 7.0353e+07 703.53 2.7608e+07
1e+09 7.06236e+07 706.236 2.74435e+07
1e+09 7.08952e+07 708.952 2.728e+07
1e+09 7.11679e+07 711.679 2.71175e+07
1e+09 7.14416e+07 714.416 2.69559e+07
1e+09 7.17164e+07 717.164 2.67953e+07
1e+09 7.19923e+07 719.923 2.66355e+07
1e+09 7.22692e+07 722.692 2.64767e+07
1e+09 7.25471e+07 725.471 2.63189e+07
1e+09 7.28262e+07 728.262 2.6162e+07
1e+09 7.31063e+07 731.063 2.60059e+07
1e+09 7.33875e+07 733.875 2.58508e+07
1e+09 7.36697e+07 736.697 2.56967e+07
1e+09 7.39531e+07 739.531 2.55433e+07
1e+09 7.42375e+07 742.375 2.5391e+07
1e+09 7.45231e+07 745.231 2.52394e+07
1e+09 7.48097e+07 748.097 2.50888e+07
1e+09 7.50975e+07 750.975 2.4939e+07
1e+09 7.53863e+07 753.863 2.47902e+07
1e+09 7.56763e+07 756.763 2.46421e+07
1e+09 7.59673e+07 759.673 2.4495e+07
1e+09 7.62595e+07 762.595 2.43487e+07
1e+09 7.65528e+07 765.528 2.42033e+07
1e+09 7.68473e+07 768.473 2.40587e+07
1e+09 7.71429e+07 771.429 2.3915e+07
1e+09 7.74396e+07 774.396 2.37721e+07
1e+09 7.77374e+07 777.374 2.363e+07
1e+09 7.80364e+07 780.364 2.34888e+07
1e+09 7.83366e+07 783.366 2.33484e+07
1e+09 7.86379e+07 786.379 2.32088e+07
1e+09 7.89404e+07 789.404 2.307e+07
1e+09 7.9244e+07 792.44 2.2932e+07
1e+09 7.95488e+07 795.488 2.27949e+07
1e+09 7.98548e+07 798.548 2.26585e+07
1e+09 8.01619e+07 801.619 2.2523e+07
1e+09 8.04702e+07 804.702 2.23882e+07
1e+09 8.07797e+07 807.797 2.22542e+07
1e+09 8.10904e+07 810.904 2.2121e+07
1e+09 8.14023e+07 814.023 2.19886e+07
1e+09 8.17154e+07 817.154 2.1857e+07
1e+09 8.20297e+07 820.297 2.17261e+07
1e+09 8.23452e+07 823.452 2.1596e+07
1e+09 8.2662e+07 826.62 2.14666e+07
1e+09 8.29799e+07 829.799 2.1338e+07
1e+09 8.32991e+07 832.991 2.12102e+07
1e+09 8.36195e+07 836.195 2.10831e+07
1e+09 8.39411e+07 839.411 2.09567e+07
1e+09 8.4264e+07 842.64 2.08311e+07
1e+09 8.45881e+07 845.881 2.07062e+07
1e+09 8.49134e+07 849.134 2.05821e+07
1e+09 8.524e+07 852.4 2.04587e+07
1e+09 8.55679e+07 855.679 2.0336e+07
1e+09 8.5897e+07 858.97 2.0214e+07
1e+09 8.62274e+07 862.274 2.00927e+07
1e+09 8.6559e+07 865.59 1.99722e+07
1e+09 8.6892e+07 868.92 1.98523e+07
1e+09 8.72262e+07 872.262 1.97332e+07
1e+09 8.75617e+07 875.617 1.96147e+07
1e+09 8.78985e+07 878.985 1.9497e+07
1e+09 8.82366e+07 882.366 1.93799e+07
1e+09 8.85759e+07 885.759 1.92636e+07
1e+09 8.89166e+07 889.166 1.91478e+07
1e+09 8.92586e+07 892.586 1.90328e+07
1e+09 8.96019e+07 896.019 1.89185e+07
1e+09 8.99466e+07 899.466 1.88048e+07
1e+09 9.02925e+07 902.925 1.86918e+07
1e+09 9.06398e+07 906.398 1.85794e+07
1e+09 9.09885e+07 909.885 1.84677e+07
1e+09 9.13384e+07 913.384 1.83567e+07
1e+09 9.16897e+07 916.897 1.82463e+07
1e+09 9.20424e+07 920.424 1.81365e+07
1e+09 9.23964e+07 923.964 1.80274e+07
1e+09 9.27518e+07 927.518 1.7919e+07
1e+09 9.31086e+07 931.086 1.78111e+07
1e+09 9.34667e+07 934.667 1.77039e+07
1e+09 9.38262e+07 938.262 1.75974e+07
1e+09 9.41871e+07 941.871 1.74914e+07
1e+09 9.45494e+07 945.494 1.73861e+07
1e+09 9.4913e+07 949.13 1.72814e+07
1e+09 9.52781e+07 952.781 1.71773e+07
1e+09 9.56445e+07 956.445 1.70739e+07
1e+09 9.60124e+07 960.124 1.6971e+07
1e+09 9.63817e+07 963.817 1.68687e+07
1e+09 9.67524e+07 967.524 1.6767e+07
1e+09 9.71246e+07 971.246 1.6666e+07
1e+09 9.74981e+07 974.981 1.65655e+07
1e+09 9.78731e+07 978.731 1.64656e+07
1e+09 9.82496e+07 982.496 1.63663e+07
1e+09 9.86275e+07 986.275 1.62676e+07
1e+09 9.90068e+07 990.068 1.61694e+07
1e+09 9.93877e+07 993.877 1.60718e+07
1e+09 9.97699e+07 997.699 1.59749e+07
1e+09 1.00154e+08 1001.54 1.58783e+07
1e+09 1.00539e+08 1005.39 1.57825e+07
1e+09 1.00926e+08 1009.26 1.56872e+07
1e+09 1.01314e+08 1013.14 1.55925e+07
1e+09 1.01703e+08 1017.03 1.54985e+07
1e+09 1.02095e+08 1020.95 1.54046e+07
1e+09 1.02487e+08 1024.87 1.53117e+07
1e+09 1.02882e+08 1028.82 1.5219e+07
1e+09 1.03277e+08 1032.77 1.51272e+07
1e+09 1.03674e+08 1036.74 1.50358e+07
1e+09 1.04073e+08 1040.73 1.49448e+07
1e+09 1.04474e+08 1044.74 1.48543e+07
1e+09 1.04875e+08 1048.75 1.47646e+07
1e+09 1.05279e+08 1052.79 1.46752e+07
1e+09 1.05684e+08 1056.84 1.45864e+07
1e+09 1.0609e+08 1060.9 1.44982e+07
1e+09 1.06498e+08 1064.98 1.44105e+07
1e+09 1.06908e+08 1069.08 1.43231e+07
1e+09 1.07319e+08 1073.19 1.42365e+07
1e+09 1.07732e+08 1077.32 1.41502e+07
1e+09 1.08146e+08 1081.46 1.40646e+07
1e+09 1.08562e+08 1085.62 1.39794e+07
1e+09 1.0898e+08 1089.8 1.38946e+07
1e+09 1.09399e+08 1093.99 1.38104e+07
1e+09 1.0982e+08 1098.2 1.37266e+07
1e+09 1.10242e+08 1102.42 1.36435e+07
1e+09 1.10666e+08 1106.66 1.35608e+07
1e+09 1.11092e+08 1110.92 1.34785e+07
1e+09 1.11519e+08 1115.19 1.33968e+07
1e+09 1.11948e+08 1119.48 1.33155e+07
1e+09 1.12379e+08 1123.79 1.32346e+07
1e+09 1.12811e+08 1128.11 1.31543e+07
1e+09 1.13245e+08 1132.45 1.30745e+07
1e+09 1.1368e+08 1136.8 1.29952e+07
1e+09 1.14118e+08 1141.18 1.29161e+07
1e+09 1.14556e+08 1145.56 1.28379e+07
1e+09 1.14997e+08 1149.97 1.27598e+07
1e+09 1.15439e+08 1154.39 1.26823e+07
1e+09 1.15883e+08 1158.83 1.26053e+07
1e+09 1.16329e+08 1163.29 1.25286e+07
1e+09 1.16777e+08 1167.77 1.24523e+07
1e+09 1.17226e+08 1172.26 1.23766e+07
1e+09 1.17677e+08 1176.77 1.23014e+07
1e+09 1.18129e+08 1181.29 1.22266e+07
1e+09 1.18584e+08 1185.84 1.21521e+07
1e+09 1.1904e+08 1190.4 1.20782e+07
1e+09 1.19498e+08 1194.98 1.20047e+07
1e+09 1.19957e+08 1199.57 1.19317e+07
1e+09 1.20419e+08 1204.19 1.18589e+07
1e+09 1.20882e+08 1208.82 1.17868e+07
1e+09 1.21347e+08 1213.47 1.1715e+07
1e+09 1.21813e+08 1218.13 1.16437e+07
1e+09 1.22282e+08 1222.82 1.15727e+07
1e+09 1.22752e+08 1227.52 1.15022e+07
1e+09 1.23224e+08 1232.24 1.14321e+07
1e+09 1.23698e+08 1236.98 1.13624e+07
1e+09 1.24174e+08 1241.74 1.12931e+07
1e+09 1.24652e+08 1246.52 1.12241e+07
1e+09 1.25131e+08 1251.31 1.11557e+07
1e+09 1.25613e+08 1256.13 1.10875e+07
1e+09 1.26096e+08 1260.96 1.10199e+07
1e+09 1.26581e+08 1265.81 1.09526e+07
1e+09 1.27068e+08 1270.68 1.08857e+07
1e+09 1.27556e+08 1275.56 1.08194e+07
1e+09 1.28047e+08 1280.47 1.07532e+07
1e+09 1.28539e+08 1285.39 1.06876e+07
1e+09 1.29034e+08 1290.34 1.06222e+07
1e+09 1.2953e+08 1295.3 1.05573e+07
1e+09 1.30028e+08 1300.28 1.04928e+07
1e+09 1.30528e+08 1305.28 1.04287e+07
1e+09 1.31031e+08 1310.31 1.03648e+07
1e+09 1.31535e+08 1315.35 1.03014e+07
1e+09 1.3204e+08 1320.4 1.02385e+07
1e+09 1.32548e+08 1325.48 1.01758e+07
1e+09 1.33058e+08 1330.58 1.01135e+07
1e+09 1.3357e+08 1335.7 1.00515e+07
1e+09 1.34084e+08 1340.84 9.98995e+06
1e+09 1.34599e+08 1345.99 9.92885e+06
1e+09 1.35117e+08 1351.17 9.868e+06
1e+09 1.35637e+08 1356.37 9.8075e+06
1e+09 1.36158e+08 1361.58 9.74747e+06
1e+09 1.36682e+08 1366.82 9.68769e+06
1e+09 1.37208e+08 1372.08 9.62826e+06
1e+09 1.37736e+08 1377.36 9.56918e+06
1e+09 1.38265e+08 1382.65 9.51057e+06
1e+09 1.38797e+08 1387.97 9.4522e+06
1e+09 1.39331e+08 1393.31 9.39418e+06
1e+09 1.39867e+08 1398.67 9.33651e+06
1e+09 1.40405e+08 1404.05 9.27919e+06
1e+09 1.40945e+08 1409.45 9.22221e+06
1e+09 1.41487e+08 1414.87 9.16558e+06
1e+09 1.42031e+08 1420.31 9.10929e+06
1e+09 1.42578e+08 1425.78 9.05325e+06
1e+09 1.43126e+08 1431.26 8.99764e+06
1e+09 1.43677e+08 1436.77 8.94228e+06
1e+09 1.44229e+08 1442.29 8.88736e+06
1e+09 1.44784e+08 1447.84 8.83267e+06
1e+09 1.45341e+08 1453.41 8.77833e+06
1e+09 1.459e+08 1459 8.72432e+06
1e+09 1.46461e+08 1464.61 8.67064e+06
1e+09 1.47024e+08 1470.24 8.6173e+06
1e+09 1.4759e+08 1475.9 8.56419e+06
1e+09 1.48157e+08 1481.57 8.51151e+06
1e+09 1.48727e+08 1487.27 8.45907e+06
1e+09 1.49299e+08 1492.99 8.40695e+06
1e+09 1.49874e+08 1498.74 8.35507e+06
1e+09 1.5045e+08 1504.5 8.30361e+06
1e+09 1.51029e+08 1510.29 8.25238e+06
1e+09 1.5161e+08 1516.1 8.20148e+06
1e+09 1.52193e+08 1521.93 8.1509e+06
1e+09 1.52778e+08 1527.78 8.10064e+06
1e+09 1.53366e+08 1533.66 8.05062e+06
1e+09 1.53956e+08 1539.56 8.00091e+06
1e+09 1.54548e+08 1545.48 7.95152e+06
1e+09 1.55142e+08 1551.42 7.90245e+06
1e+09 1.55739e+08 1557.39 7.85361e+06
1e+09 1.56338e+08 1563.38 7.80509e+06
1e+09 1.56939e+08 1569.39 7.75687e+06
1e+09 1.57543e+08 1575.43 7.70889e+06
1e+09 1.58149e+08 1581.49 7.66122e+06
1e+09 1.58757e+08 1587.57 7.61386e+06
1e+09 1.59368e+08 1593.68 7.56673e+06
1e+09 1.59981e+08 1599.81 7.51991e+06
1e+09 1.60596e+08 1605.96 7.47339e+06
1e+09 1.61214e+08 1612.14 7.4271e+06
1e+09 1.61834e+08 1618.34 7.38112e+06
1e+09 1.62456e+08 1624.56 7.33543e+06
1e+09 1.63081e+08 1630.81 7.28998e+06
1e+09 1.63709e+08 1637.09 7.24475e+06
1e+09 1.64338e+08 1643.38 7.19989e+06
1e+09 1.6497e+08 1649.7 7.15526e+06
1e+09 1.65605e+08 1656.05 7.11085e+06
1e+09 1.66242e+08 1662.42 7.06674e+06
1e+09 1.66881e+08 1668.81 7.02292e+06
1e+09 1.67523e+08 1675.23 6.97932e+06
1e+09 1.68167e+08 1681.67 6.93602e+06
1e+09 1.68814e+08 1688.14 6.89294e+06
1e+09 1.69464e+08 1694.64 6.85008e+06
1e+09 1.70115e+08 1701.15 6.80758e+06
1e+09 1.7077e+08 1707.7 6.76523e+06
1e+09 1.71427e+08 1714.27 6.72317e+06
1e+09 1.72086e+08 1720.86 6.68139e+06
1e+09 1.72748e+08 1727.48 6.63983e+06
1e+09 1.73412e+08 1734.12 6.59856e+06
1e+09 1.74079e+08 1740.79 6.5575e+06
1e+09 1.74749e+08 1747.49 6.51666e+06
1e+09 1.75421e+08 1754.21 6.4761e+06
1e+09 1.76096e+08 1760.96 6.43576e+06
1e+09 1.76773e+08 1767.73 6.39569e+06
1e+09 1.77453e+08 1774.53 6.35584e+06
1e+09 1.78135e+08 1781.35 6.31626e+06
1e+09 1.78821e+08 1788.21 6.27684e+06
1e+09 1.79508e+08 1795.08 6.23774e+06
1e+09 1.80199e+08 1801.99 6.19881e+06
1e+09 1.80892e+08 1808.92 6.16014e+06
1e+09 1.81588e+08 1815.88 6.12169e+06
1e+09 1.82286e+08 1822.86 6.0835e+06
1e+09 1.82987e+08 1829.87 6.04552e+06
1e+09 1.83691e+08 1836.91 6.00776e+06
1e+09 1.84398e+08 1843.98 5.9702e+06
1e+09 1.85107e+08 1851.07 5.93291e+06
1e+09 1.85819e+08 1858.19 5.89582e+06
1e+09 1.86534e+08 1865.34 5.85895e+06
1e+09 1.87251e+08 1872.51 5.82233e+06
1e+09 1.87971e+08 1879.71 5.78592e+06
1e+09 1.88694e+08 1886.94 5.74971e+06
1e+09 1.8942e+08 1894.2 5.71371e+06
1e+09 1.90149e+08 1901.49 5.67792e+06
1e+09 1.9088e+08 1908.8 5.64238e+06
1e+09 1.91614e+08 1916.14 5.60704e+06
1e+09 1.92351e+08 1923.51 5.57191e+06
1e+09 1.93091e+08 1930.91 5.53698e+06
1e+09 1.93834e+08 1938.34 5.50225e+06
1e+09 1.94579e+08 1945.79 5.46777e+06
1e+09 1.95328e+08 1953.28 5.43344e+06
1e+09 1.96079e+08 1960.79 5.39936e+06
1e+09 1.96833e+08 1968.33 5.36547e+06
1e+09 1.9759e+08 1975.9 5.33179e+06
1e+09 1.9835e+08 1983.5 5.2983e+06
1e+09 1.99113e+08 1991.13 5.26502e+06
1e+09 1.99879e+08 1998.79 5.23192e+06
1e+09 2.00648e+08 2006.48 5.19903e+06
1e+09 2.01419e+08 2014.19 5.16637e+06
1e+09 2.02194e+08 2021.94 5.13387e+06
1e+09 2.02972e+08 2029.72 5.10155e+06
1e+09 2.03753e+08 2037.53 5.06944e+06
1e+09 2.04536e+08 2045.36 5.03755e+06
1e+09 2.05323e+08 2053.23 5.00582e+06
1e+09 2.06113e+08 2061.13 4.97428e+06
1e+09 2.06905e+08 2069.05 4.94297e+06
1e+09 2.07701e+08 2077.01 4.91181e+06
1e+09 2.085e+08 2085 4.88084e+06
1e+09 2.09302e+08 2093.02 4.85006e+06
1e+09 2.10107e+08 2101.07 4.81946e+06
1e+09 2.10915e+08 2109.15 4.78906e+06
1e+09 2.11727e+08 2117.27 4.7588e+06
1e+09 2.12541e+08 2125.41 4.72877e+06
1e+09 2.13358e+08 2133.58 4.69892e+06
1e+09 2.14179e+08 2141.79 4.66922e+06
1e+09 2.15003e+08 2150.03 4.63971e+06
1e+09 2.1583e+08 2158.3 4.61038e+06
1e+09 2.1666e+08 2166.6 4.58123e+06
1e+09 2.17493e+08 2174.93 4.55226e+06
1e+09 2.1833e+08 2183.3 4.52344e+06
1e+09 2.1917e+08 2191.7 4.4948e+06
1e+09 2.20013e+08 2200.13 4.46635e+06
1e+09 2.20859e+08 2208.59 4.43807e+06
1e+09 2.21708e+08 2217.08 4.40997e+06
1e+09 2.22561e+08 2225.61 4.38201e+06
1e+09 2.23417e+08 2234.17 4.35424e+06
1e+09 2.24276e+08 2242.76 4.32664e+06
1e+09 2.25139e+08 2251.39 4.29918e+06
1e+09 2.26005e+08 2260.05 4.2719e+06
1e+09 2.26874e+08 2268.74 4.24479e+06
1e+09 2.27747e+08 2277.47 4.21783e+06
1e+09 2.28623e+08 2286.23 4.19104e+06
1e+09 2.29502e+08 2295.02 4.16442e+06
1e+09 2.30385e+08 2303.85 4.13795e+06
1e+09 2.31271e+08 2312.71 4.11165e+06
1e+09 2.32161e+08 2321.61 4.08548e+06
1e+09 2.33054e+08 2330.54 4.05949e+06
1e+09 2.3395e+08 2339.5 4.03367e+06
1e+09 2.3485e+08 2348.5 4.00799e+06
1e+09 2.35753e+08 2357.53 3.98248e+06
1e+09 2.3666e+08 2366.6 3.9571e+06
1e+09 2.3757e+08 2375.7 3.9319e+06
1e+09 2.38484e+08 2384.84 3.90683e+06
1e+09 2.39401e+08 2394.01 3.88192e+06
1e+09 2.40322e+08 2403.22 3.85716e+06
1e+09 2.41246e+08 2412.46 3.83256e+06
1e+09 2.42174e+08 2421.74 3.80809e+06
1e+09 2.43106e+08 2431.06 3.78377e+06
1e+09 2.44041e+08 2440.41 3.7596e+06
1e+09 2.44979e+08 2449.79 3.7356e+06
1e+09 2.45922e+08 2459.22 3.71171e+06
1e+09 2.46868e+08 2468.68 3.68797e+06
1e+09 2.47817e+08 2478.17 3.6644e+06
1e+09 2.4877e+08 2487.7 3.64096e+06
1e+09 2.49727e+08 2497.27 3.61766e+06
1e+09 2.50688e+08 2506.88 3.59448e+06
1e+09 2.51652e+08 2516.52 3.57147e+06
1e+09 2.5262e+08 2526.2 3.54859e+06
1e+09 2.53592e+08 2535.92 3.52584e+06
1e+09 2.54567e+08 2545.67 3.50324e+06
1e+09 2.55546e+08 2555.46 3.48078e+06
1e+09 2.56529e+08 2565.29 3.45845e+06
1e+09 2.57516e+08 2575.16 3.43625e+06
1e+09 2.58506e+08 2585.06 3.4142e+06
1e+09 2.595e+08 2595 3.39228e+06
1e+09 2.60499e+08 2604.99 3.37046e+06
1e+09 2.615e+08 2615 3.34882e+06
1e+09 2.62506e+08 2625.06 3.32729e+06
1e+09 2.63516e+08 2635.16 3.30589e+06
1e+09 2.6453e+08 2645.3 3.28461e+06
1e+09 2.65547e+08 2655.47 3.26348e+06
1e+09 2.66568e+08 2665.68 3.24248e+06
1e+09 2.67594e+08 2675.94 3.22158e+06
1e+09 2.68623e+08 2686.23 3.20083e+06
1e+09 2.69656e+08 2696.56 3.1802e+06
1e+09 2.70693e+08 2706.93 3.1597e+06
1e+09 2.71734e+08 2717.34 3.13933e+06
1e+09 2.7278e+08 2727.8 3.11906e+06
1e+09 2.73829e+08 2738.29 3.09893e+06
1e+09 2.74882e+08 2748.82 3.07892e+06
1e+09 2.75939e+08 2759.39 3.05904e+06
1e+09 2.77001e+08 2770.01 3.03926e+06
1e+09 2.78066e+08 2780.66 3.01962e+06
1e+09 2.79136e+08 2791.36 3.00009e+06
1e+09 2.80209e+08 2802.09 2.9807e+06
1e+09 2.81287e+08 2812.87 2.9614e+06
1e+09 2.82369e+08 2823.69 2.94223e+06
1e+09 2.83455e+08 2834.55 2.92318e+06
1e+09 2.84545e+08 2845.45 2.90424e+06
1e+09 2.8564e+08 2856.4 2.88541e+06
1e+09 2.86738e+08 2867.38 2.86672e+06
1e+09 2.87841e+08 2878.41 2.84812e+06
1e+09 2.88948e+08 2889.48 2.82965e+06
1e+09 2.9006e+08 2900.6 2.81127e+06
1e+09 2.91175e+08 2911.75 2.79303e+06
1e+09 2.92295e+08 2922.95 2.77488e+06
1e+09 2.9342e+08 2934.2 2.75684e+06
1e+09 2.94548e+08 2945.48 2.73893e+06
1e+09 2.95681e+08 2956.81 2.72111e+06
1e+09 2.96818e+08 2968.18 2.70341e+06
1e+09 2.9796e+08 2979.6 2.68581e+06
1e+09 2.99106e+08 2991.06 2.66833e+06
1e+09 3.00257e+08 3002.57 2.65094e+06
1e+09 3.01411e+08 3014.11 2.63368e+06
1e+09 3.02571e+08 3025.71 2.6165e+06
1e+09 3.03735e+08 3037.35 2.59944e+06
1e+09 3.04903e+08 3049.03 2.58248e+06
1e+09 3.06076e+08 3060.76 2.56563e+06
1e+09 3.07253e+08 3072.53 2.54888e+06
1e+09 3.08435e+08 3084.35 2.53223e+06
1e+09 3.09621e+08 3096.21 2.51569e+06
1e+09 3.10812e+08 3108.12 2.49924e+06
1e+09 3.12007e+08 3120.07 2.48291e+06
1e+09 3.13207e+08 3132.07 2.46666e+06
1e+09 3.14412e+08 3144.12 2.45052e+06
1e+09 3.15621e+08 3156.21 2.43448e+06
1e+09 3.16835e+08 3168.35 2.41853e+06
1e+09 3.18054e+08 3180.54 2.40268e+06
1e+09 3.19277e+08 3192.77 2.38693e+06
1e+09 3.20505e+08 3205.05 2.37128e+06
1e+09 3.21738e+08 3217.38 2.35572e+06
1e+09 3.22976e+08 3229.76 2.34025e+06
1e+09 3.24218e+08 3242.18 2.32489e+06
1e+09 3.25465e+08 3254.65 2.30962e+06
1e+09 3.26717e+08 3267.17 2.29444e+06
1e+09 3.27973e+08 3279.73 2.27936e+06
1e+09 3.29235e+08 3292.35 2.26437e+06
1e+09 3.30501e+08 3305.01 2.24947e+06
1e+09 3.31772e+08 3317.72 2.23467e+06
1e+09 3.33049e+08 3330.49 2.21994e+06
1e+09 3.3433e+08 3343.3 2.20532e+06
1e+09 3.35615e+08 3356.15 2.19079e+06
1e+09 3.36906e+08 3369.06 2.17634e+06
1e+09 3.38202e+08 3382.02 2.16199e+06
1e+09 3.39503e+08 3395.03 2.14772e+06
1e+09 3.40809e+08 3408.09 2.13354e+06
1e+09 3.4212e+08 3421.2 2.11944e+06
1e+09 3.43436e+08 3434.36 2.10544e+06
1e+09 3.44757e+08 3447.57 2.09152e+06
1e+09 3.46083e+08 3460.83 2.07769e+06
1e+09 3.47414e+08 3474.14 2.06394e+06
1e+09 3.4875e+08 3487.5 2.05028e+06
1e+09 3.50091e+08 3500.91 2.03671e+06
1e+09 3.51438e+08 3514.38 2.02321e+06
1e+09 3.5279e+08 3527.9 2.0098e+06
1e+09 3.54147e+08 3541.47 1.99647e+06
1e+09 3.55509e+08 3555.09 1.98323e+06
1e+09 3.56876e+08 3568.76 1.97007e+06
1e+09 3.58249e+08 3582.49 1.95699e+06
1e+09 3.59627e+08 3596.27 1.94399e+06
1e+09 3.6101e+08 3610.1 1.93107e+06
1e+09 3.62399e+08 3623.99 1.91823e+06
1e+09 3.63792e+08 3637.92 1.90548e+06
1e+09 3.65192e+08 3651.92 1.89279e+06
1e+09 3.66596e+08 3665.96 1.8802e+06
1e+09 3.68006e+08 3680.06 1.86767e+06
1e+09 3.69422e+08 3694.22 1.85522e+06
1e+09 3.70843e+08 3708.43 1.84285e+06
1e+09 3.72269e+08 3722.69 1.83057e+06
1e+09 3.73701e+08 3737.01 1.81835e+06
1e+09 3.75138e+08 3751.38 1.80621e+06
1e+09 3.76581e+08 3765.81 1.79415e+06
1e+09 3.7803e+08 3780.3 1.78216e+06
1e+09 3.79484e+08 3794.84 1.77024e+06
1e+09 3.80943e+08 3809.43 1.75841e+06
1e+09 3.82408e+08 3824.08 1.74665e+06
1e+09 3.83879e+08 3838.79 1.73495e+06
1e+09 3.85356e+08 3853.56 1.72333e+06
1e+09 3.86838e+08 3868.38 1.71178e+06
1e+09 3.88326e+08 3883.26 1.70031e+06
1e+09 3.8982e+08 3898.2 1.6889e+06
1e+09 3.91319e+08 3913.19 1.67757e+06
1e+09 3.92824e+08 3928.24 1.66631e+06
1e+09 3.94335e+08 3943.35 1.65512e+06
1e+09 3.95852e+08 3958.52 1.64399e+06
1e+09 3.97374e+08 3973.74 1.63295e+06
1e+09 3.98903e+08 3989.03 1.62196e+06
1e+09 4.00437e+08 4004.37 1.61105e+06
1e+09 4.01977e+08 4019.77 1.6002e+06
1e+09 4.03523e+08 4035.23 1.58942e+06
1e+09 4.05075e+08 4050.75 1.57871e+06
1e+09 4.06633e+08 4066.33 1.56807e+06
1e+09 4.08197e+08 4081.97 1.55749e+06
1e+09 4.09768e+08 4097.68 1.54697e+06
1e+09 4.11344e+08 4113.44 1.53653e+06
1e+09 4.12926e+08 4129.26 1.52615e+06
1e+09 4.14514e+08 4145.14 1.51584e+06
1e+09 4.16108e+08 4161.08 1.50559e+06
1e+09 4.17709e+08 4177.09 1.4954e+06
1e+09 4.19315e+08 4193.15 1.48528e+06
1e+09 4.20928e+08 4209.28 1.47522e+06
1e+09 4.22547e+08 4225.47 1.46523e+06
1e+09 4.24173e+08 4241.73 1.45529e+06
1e+09 4.25804e+08 4258.04 1.44542e+06
1e+09 4.27442e+08 4274.42 1.43561e+06
1e+09 4.29086e+08 4290.86 1.42587e+06
1e+09 4.30736e+08 4307.36 1.41618e+06
1e+09 4.32393e+08 4323.93 1.40656e+06
1e+09 4.34056e+08 4340.56 1.39699e+06
1e+09 4.35726e+08 4357.26 1.38749e+06
1e+09 4.37402e+08 4374.02 1.37804e+06
1e+09 4.39084e+08 4390.84 1.36866e+06
1e+09 4.40773e+08 4407.73 1.35934e+06
1e+09 4.42468e+08 4424.68 1.35007e+06
1e+09 4.4417e+08 4441.7 1.34086e+06
1e+09 4.45878e+08 4458.78 1.33172e+06
1e+09 4.47593e+08 4475.93 1.32262e+06
1e+09 4.49315e+08 4493.15 1.31359e+06
1e+09 4.51043e+08 4510.43 1.30461e+06
1e+09 4.52778e+08 4527.78 1.29569e+06
1e+09 4.54519e+08 4545.19 1.28683e+06
1e+09 4.56268e+08 4562.68 1.27801e+06
1e+09 4.58023e+08 4580.23 1.26926e+06
1e+09 4.59784e+08 4597.84 1.26057e+06
1e+09 4.61553e+08 4615.53 1.25192e+06
1e+09 4.63328e+08 4633.28 1.24333e+06
1e+09 4.6511e+08 4651.1 1.2348e+06
1e+09 4.66899e+08 4668.99 1.22632e+06
1e+09 4.68695e+08 4686.95 1.21789e+06
1e+09 4.70498e+08 4704.98 1.20952e+06
1e+09 4.72307e+08 4723.07 1.2012e+06
1e+09 4.74124e+08 4741.24 1.19294e+06
1e+09 4.75948e+08 4759.48 1.18472e+06
1e+09 4.77778e+08 4777.78 1.17656e+06
1e+09 4.79616e+08 4796.16 1.16845e+06
1e+09 4.81461e+08 4814.61 1.16039e+06
1e+09 4.83313e+08 4833.13 1.15238e+06
1e+09 4.85172e+08 4851.72 1.14443e+06
1e+09 4.87038e+08 4870.38 1.13652e+06
1e+09 4.88911e+08 4889.11 1.12867e+06
1e+09 4.90791e+08 4907.91 1.12086e+06
1e+09 4.92679e+08 4926.79 1.11311e+06
1e+09 4.94574e+08 4945.74 1.1054e+06
1e+09 4.96476e+08 4964.76 1.09774e+06
1e+09 4.98386e+08 4983.86 1.09013e+06
1e+09 5.00303e+08 5003.03 1.08257e+06
1e+09 5.02227e+08 5022.27 1.07506e+06
1e+09 5.04159e+08 5041.59 1.0676e+06
1e+09 5.06098e+08 5060.98 1.06018e+06
1e+09 5.08045e+08 5080.45 1.05281e+06
1e+09 5.09999e+08 5099.99 1.04549e+06
1e+09 5.1196e+08 5119.6 1.03822e+06
1e+09 5.1393e+08 5139.3 1.03098e+06
1e+09 5.15906e+08 5159.06 1.0238e+06
1e+09 5.17891e+08 5178.91 1.01667e+06
1e+09 5.19883e+08 5198.83 1.00958e+06
1e+09 5.21882e+08 5218.82 1.00253e+06
1e+09 5.2389e+08 5238.9 995529
1e+09 5.25905e+08 5259.05 988574
1e+09 5.27927e+08 5279.27 981666
1e+09 5.29958e+08 5299.58 974798
1e+09 5.31996e+08 5319.96 967977
1e+09 5.34043e+08 5340.43 961196
1e+09 5.36097e+08 5360.97 954461
1e+09 5.38159e+08 5381.59 947769
1e+09 5.40229e+08 5402.29 941120
1e+09 5.42306e+08 5423.06 934517
1e+09 5.44392e+08 5443.92 927953
1e+09 5.46486e+08 5464.86 921432
1e+09 5.48588e+08 5485.88 914952
1e+09 5.50698e+08 5506.98 908515
1e+09 5.52816e+08 5528.16 902119
1e+09 5.54943e+08 5549.43 895762
1e+09 5.57077e+08 5570.77 889449
1e+09 5.5922e+08 5592.2 883175
1e+09 5.61371e+08 5613.71 876942
1e+09 5.6353e+08 5635.3 870750
1e+09 5.65697e+08 5656.97 864599
1e+09 5.67873e+08 5678.73 858486
1e+09 5.70057e+08 5700.57 852413
1e+09 5.7225e+08 5722.5 846378
1e+09 5.74451e+08 5744.51 840384
1e+09 5.76661e+08 5766.61 834426
1e+09 5.78879e+08 5788.79 828509
1e+09 5.81105e+08 5811.05 822631
1e+09 5.8334e+08 5833.4 816790
1e+09 5.85584e+08 5855.84 810986
1e+09 5.87836e+08 5878.36 805221
1e+09 5.90097e+08 5900.97 799493
1e+09 5.92367e+08 5923.67 793801
1e+09 5.94645e+08 5946.45 788148
1e+09 5.96933e+08 5969.33 782529
1e+09 5.99229e+08 5992.29 776948
1e+09 6.01533e+08 6015.33 771406
1e+09 6.03847e+08 6038.47 765896
1e+09 6.0617e+08 6061.7 760423
1e+09 6.08501e+08 6085.01 754987
1e+09 6.10842e+08 6108.42 749584
1e+09 6.13191e+08 6131.91 744219
1e+09 6.1555e+08 6155.5 738887
1e+09 6.17917e+08 6179.17 733592
1e+09 6.20294e+08 6202.94 728329
1e+09 6.2268e+08 6226.8 723101
1e+09 6.25075e+08 6250.75 717908
1e+09 6.27479e+08 6274.79 712749
1e+09 6.29892e+08 6298.92 707624
1e+09 6.32315e+08 6323.15 702532
1e+09 6.34747e+08 6347.47 697473
1e+09 6.37189e+08 6371.89 692446
1e+09 6.3964e+08 6396.4 687453
1e+09 6.421e+08 6421 682493
1e+09 6.4457e+08 6445.7 677565
1e+09 6.47049e+08 6470.49 672670
1e+09 6.49537e+08 6495.37 667809
1e+09 6.52036e+08 6520.36 662976
1e+09 6.54544e+08 6545.44 658177
1e+09 6.57061e+08 6570.61 653410
1e+09 6.59589e+08 6595.89 648672
1e+09 6.62125e+08 6621.25 643969
1e+09 6.64672e+08 6646.72 639294
1e+09 6.67229e+08 6672.29 634650
1e+09 6.69795e+08 6697.95 630037
1e+09 6.72371e+08 6723.71 625455
1e+09 6.74957e+08 6749.57 620903
1e+09 6.77554e+08 6775.54 616380
1e+09 6.8016e+08 6801.6 611887
1e+09 6.82776e+08 6827.76 607425
1e+09 6.85402e+08 6854.02 602992
1e+09 6.88038e+08 6880.38 598588
1e+09 6.90685e+08 6906.85 594213
1e+09 6.93341e+08 6933.41 589868
1e+09 6.96008e+08 6960.08 585551
1e+09 6.98685e+08 6986.85 581262
1e+09 7.01372e+08 7013.72 577003
1e+09 7.0407e+08 7040.7 572771
1e+09 7.06778e+08 7067.78 568567
1e+09 7.09497e+08 7094.97 564391
1e+09 7.12226e+08 7122.26 560243
1e+09 7.14965e+08 7149.65 556123
1e+09 7.17715e+08 7177.15 552030
1e+09 7.20475e+08 7204.75 547965
1e+09 7.23247e+08 7232.47 543925
1e+09 7.26028e+08 7260.28 539915
1e+09 7.28821e+08 7288.21 535929
1e+09 7.31624e+08 7316.24 531971
1e+09 7.34438e+08 7344.38 528039
1e+09 7.37263e+08 7372.63 524133
1e+09 7.40099e+08 7400.99 520253
1e+09 7.42946e+08 7429.46 516399
1e+09 7.45803e+08 7458.03 512572
1e+09 7.48672e+08 7486.72 508769
1e+09 7.51551e+08 7515.51 504993
1e+09 7.54442e+08 7544.42 501241
1e+09 7.57344e+08 7573.44 497514
1e+09 7.60257e+08 7602.57 493813
1e+09 7.63181e+08 7631.81 490136
1e+09 7.66116e+08 7661.16 486485
1e+09 7.69063e+08 7690.63 482857
1e+09 7.72021e+08 7720.21 479254
1e+09 7.74991e+08 7749.91 475674
1e+09 7.77971e+08 7779.71 472120
1e+09 7.80964e+08 7809.64 468589
1e+09 7.83968e+08 7839.68 465082
1e+09 7.86983e+08 7869.83 461599
1e+09 7.9001e+08 7900.1 458139
1e+09 7.93049e+08 7930.49 454702
1e+09 7.96099e+08 7960.99 451288
1e+09 7.99161e+08 7991.61 447898
1e+09 8.02235e+08 8022.35 444531
1e+09 8.0532e+08 8053.2 441187
1e+09 8.08418e+08 8084.18 437864
1e+09 8.11527e+08 8115.27 434565
1e+09 8.14649e+08 8146.49 431287
1e+09 8.17782e+08 8177.82 428032
1e+09 8.20927e+08 8209.27 424800
1e+09 8.24085e+08 8240.85 421589
1e+09 8.27255e+08 8272.55 418399
1e+09 8.30437e+08 8304.37 415231
1e+09 8.33631e+08 8336.31 412085
1e+09 8.36837e+08 8368.37 408961
1e+09 8.40056e+08 8400.56 405858
1e+09 8.43287e+08 8432.87 402776
1e+09 8.4653e+08 8465.3 399715
1e+09 8.49786e+08 8497.86 396675
1e+09 8.53055e+08 8530.55 393655
1e+09 8.56336e+08 8563.36 390656
1e+09 8.5963e+08 8596.3 387677
1e+09 8.62936e+08 8629.36 384719
1e+09 8.66255e+08 8662.55 381782
1e+09 8.69587e+08 8695.87 378864
1e+09 8.72932e+08 8729.32 375966
1e+09 8.76289e+08 8762.89 373088
1e+09 8.7966e+08 8796.6 370230
1e+09 8.83043e+08 8830.43 367391
1e+09 8.8644e+08 8864.4 364572
1e+09 8.89849e+08 8898.49 361772
1e+09 8.93272e+08 8932.72 358992
1e+09 8.96708e+08 8967.08 356230
1e+09 9.00157e+08 9001.57 353488
1e+09 9.03619e+08 9036.19 350764
1e+09 9.07095e+08 9070.95 348059
1e+09 9.10583e+08 9105.83 345374
1e+09 9.14086e+08 9140.86 342706
1e+09 9.17602e+08 9176.02 340057
1e+09 9.21131e+08 9211.31 337426
1e+09 9.24674e+08 9246.74 334814
1e+09 9.28231e+08 9282.31 332219
1e+09 9.31801e+08 9318.01 329642
1e+09 9.35385e+08 9353.85 327084
1e+09 9.38983e+08 9389.83 324542
1e+09 9.42594e+08 9425.94 322019
1e+09 9.4622e+08 9462.2 319513
1e+09 9.49859e+08 9498.59 317025
1e+09 9.53513e+08 9535.13 314553
1e+09 9.5718e+08 9571.8 312100
1e+09 9.60862e+08 9608.62 309663
1e+09 9.64557e+08 9645.57 307243
1e+09 9.68267e+08 9682.67 304840
1e+09 9.71992e+08 9719.92 302453
1e+09 9.7573e+08 9757.3 300084
1e+09 9.79483e+08 9794.83 297731
1e+09 9.83251e+08 9832.51 295394
1e+09 9.87032e+08 9870.32 293074
1e+09 9.90829e+08 9908.29 290769
1e+09 9.9464e+08 9946.4 288481
1e+09 9.98466e+08 9984.66 286209
1e+09 1.00231e+09 10023.1 283951
1e+09 1.00616e+09 10061.6 281714
1e+09 1.01003e+09 10100.3 279489
1e+09 1.01392e+09 10139.2 277278
1e+09 1.01782e+09 10178.2 275084
1e+09 1.02173e+09 10217.3 272909
1e+09 1.02566e+09 10256.6 270747
1e+09 1.02961e+09 10296.1 268597
1e+09 1.03357e+09 10335.7 266464
1e+09 1.03754e+09 10375.4 264350
1e+09 1.04153e+09 10415.3 262248
1e+09 1.04554e+09 10455.4 260159
1e+09 1.04956e+09 10495.6 258087
1e+09 1.0536e+09 10536 256028
1e+09 1.05765e+09 10576.5 253986
1e+09 1.06172e+09 10617.2 251956
1e+09 1.0658e+09 10658 249943
1e+09 1.0699e+09 10699 247943
1e+09 1.07401e+09 10740.1 245959
1e+09 1.07815e+09 10781.5 243983
1e+09 1.08229e+09 10822.9 242029
1e+09 1.08646e+09 10864.6 240081
1e+09 1.09063e+09 10906.3 238155
1e+09 1.09483e+09 10948.3 236237
1e+09 1.09904e+09 10990.4 234335
1e+09 1.10327e+09 11032.7 232444
1e+09 1.10751e+09 11075.1 230570
1e+09 1.11177e+09 11117.7 228708
1e+09 1.11605e+09 11160.5 226858
1e+09 1.12034e+09 11203.4 225023
1e+09 1.12465e+09 11246.5 223201
1e+09 1.12897e+09 11289.7 221394
1e+09 1.13332e+09 11333.2 219594
1e+09 1.13768e+09 11376.8 217810
1e+09 1.14205e+09 11420.5 216042
1e+09 1.14644e+09 11464.4 214285
1e+09 1.15085e+09 11508.5 212540
1e+09 1.15528e+09 11552.8 210806
1e+09 1.15972e+09 11597.2 209087
1e+09 1.16419e+09 11641.9 207376
1e+09 1.16866e+09 11686.6 205683
1e+09 1.17316e+09 11731.6 203998
1e+09 1.17767e+09 11776.7 202328
1e+09 1.1822e+09 11822 200669
1e+09 1.18675e+09 11867.5 199021
1e+09 1.19131e+09 11913.1 197388
1e+09 1.19589e+09 11958.9 195766
1e+09 1.20049e+09 12004.9 194154
1e+09 1.20511e+09 12051.1 192554
1e+09 1.20975e+09 12097.5 190964
1e+09 1.2144e+09 12144 189389
1e+09 1.21907e+09 12190.7 187825
1e+09 1.22376e+09 12237.6 186271
1e+09 1.22847e+09 12284.7 184728
1e+09 1.23319e+09 12331.9 183198
1e+09 1.23793e+09 12379.3 181680
1e+09 1.2427e+09 12427 180168
1e+09 1.24748e+09 12474.8 178671
1e+09 1.25227e+09 12522.7 177187
1e+09 1.25709e+09 12570.9 175710
1e+09 1.26193e+09 12619.3 174244
1e+09 1.26678e+09 12667.8 172791
1e+09 1.27165e+09 12716.5 171348
1e+09 1.27654e+09 12765.4 169916
1e+09 1.28145e+09 12814.5 168494
1e+09 1.28638e+09 12863.8 167082
1e+09 1.29133e+09 12913.3 165680
1e+09 1.2963e+09 12963 164288
1e+09 1.30128e+09 13012.8 162909
1e+09 1.30629e+09 13062.9 161537
1e+09 1.31131e+09 13113.1 160178
1e+09 1.31636e+09 13163.6 158826
1e+09 1.32142e+09 13214.2 157487
1e+09 1.3265e+09 13265 156157
1e+09 1.3316e+09 13316 154837
1e+09 1.33672e+09 13367.2 153527
1e+09 1.34187e+09 13418.7 152224
1e+09 1.34703e+09 13470.3 150933
1e+09 1.35221e+09 13522.1 149652
1e+09 1.35741e+09 13574.1 148380
1e+09 1.36263e+09 13626.3 147118
1e+09 1.36787e+09 13678.7 145865
1e+09 1.37313e+09 13731.3 144622
1e+09 1.37841e+09 13784.1 143388
1e+09 1.38372e+09 13837.2 142161
1e+09 1.38904e+09 13890.4 140946
1e+09 1.39438e+09 13943.8 139739
1e+09 1.39974e+09 13997.4 138542
1e+09 1.40513e+09 14051.3 137352
1e+09 1.41053e+09 14105.3 136174
1e+09 1.41596e+09 14159.6 135002
1e+09 1.4214e+09 14214 133841
1e+09 1.42687e+09 14268.7 132687
1e+09 1.43236e+09 14323.6 131542
1e+09 1.43787e+09 14378.7 130406
1e+09 1.4434e+09 14434 129279
1e+09 1.44895e+09 14489.5 128161
1e+09 1.45452e+09 14545.2 127051
1e+09 1.46012e+09 14601.2 125948
1e+09 1.46573e+09 14657.3 124856
1e+09 1.47137e+09 14713.7 123770
1e+09 1.47703e+09 14770.3 122693
1e+09 1.48271e+09 14827.1 121625
1e+09 1.48842e+09 14884.2 120563
1e+09 1.49414e+09 14941.4 119511
1e+09 1.49989e+09 14998.9 118466
1e+09 1.50566e+09 15056.6 117430
1e+09 1.51145e+09 15114.5 116402
1e+09 1.51726e+09 15172.6 115382
1e+09 1.5231e+09 15231 114368
1e+09 1.52896e+09 15289.6 113363
1e+09 1.53484e+09 15348.4 112366
1e+09 1.54074e+09 15407.4 111377
1e+09 1.54667e+09 15466.7 110394
1e+09 1.55261e+09 15526.1 109421
1e+09 1.55859e+09 15585.9 108453
1e+09 1.56458e+09 15645.8 107494
1e+09 1.5706e+09 15706 106542
1e+09 1.57664e+09 15766.4 105598
1e+09 1.5827e+09 15827 104661
1e+09 1.58879e+09 15887.9 103730
1e+09 1.5949e+09 15949 102808
1e+09 1.60104e+09 16010.4 101891
1e+09 1.6072e+09 16072 100982
1e+09 1.61338e+09 16133.8 100081
1e+09 1.61958e+09 16195.8 99187.6
1e+09 1.62581e+09 16258.1 98300
1e+09 1.63207e+09 16320.7 97418.6
1e+09 1.63834e+09 16383.4 96545.9
1e+09 1.64464e+09 16446.4 95679.3
1e+09 1.65097e+09 16509.7 94818.7
1e+09 1.65732e+09 16573.2 93965.5
1e+09 1.66369e+09 16636.9 93119.5
1e+09 1.67009e+09 16700.9 92279.4
1e+09 1.67652e+09 16765.2 91445.3
1e+09 1.68297e+09 16829.7 90618.3
1e+09 1.68944e+09 16894.4 89798.4
1e+09 1.69594e+09 16959.4 88984.4
1e+09 1.70246e+09 17024.6 88177.4
1e+09 1.70901e+09 17090.1 87376.2
1e+09 1.71558e+09 17155.8 86582
1e+09 1.72218e+09 17221.8 85793.5
1e+09 1.7288e+09 17288 85011.9
1e+09 1.73545e+09 17354.5 84235.9
1e+09 1.74213e+09 17421.3 83465.7
1e+09 1.74883e+09 17488.3 82702.2
1e+09 1.75556e+09 17555.6 81944.3
1e+09 1.76231e+09 17623.1 81193.1
1e+09 1.76909e+09 17690.9 80447.4
1e+09 1.77589e+09 17758.9 79708.4
1e+09 1.78272e+09 17827.2 78974.8
1e+09 1.78958e+09 17895.8 78246.8
1e+09 1.79646e+09 17964.6 77525.2
1e+09 1.80337e+09 18033.7 76809.1
1e+09 1.81031e+09 18103.1 76098.4
1e+09 1.81727e+09 18172.7 75394
1e+09 1.82426e+09 18242.6 74695.1
1e+09 1.83128e+09 18312.8 74001.4
1e+09 1.83832e+09 18383.2 73314
1e+09 1.84539e+09 18453.9 72631.9
1e+09 1.85249e+09 18524.9 71955.1
1e+09 1.85962e+09 18596.2 71283.4
1e+09 1.86677e+09 18667.7 70617.9
1e+09 1.87395e+09 18739.5 69957.6
1e+09 1.88116e+09 18811.6 69302.4
1e+09 1.88839e+09 18883.9 68653.3
1e+09 1.89565e+09 18956.5 68009.2
1e+09 1.90295e+09 19029.5 67369.3
1e+09 1.91027e+09 19102.7 66735.4
1e+09 1.91761e+09 19176.1 66107.3
1e+09 1.92499e+09 19249.9 65483.4
1e+09 1.93239e+09 19323.9 64865.2
1e+09 1.93983e+09 19398.3 64251.2
1e+09 1.94729e+09 19472.9 63642.9
1e+09 1.95478e+09 19547.8 63039.6
1e+09 1.96229e+09 19622.9 62441.9
1e+09 1.96984e+09 19698.4 61848.2
1e+09 1.97742e+09 19774.2 61259.3
1e+09 1.98502e+09 19850.2 60676.1
1e+09 1.99266e+09 19926.6 60096.8
1e+09 2.00032e+09 20003.2 59523
1e+09 2.00802e+09 20080.2 58953.2
1e+09 2.01574e+09 20157.4 58388.8
1e+09 2.02349e+09 20234.9 57829.1
1e+09 2.03128e+09 20312.8 57273.3
1e+09 2.03909e+09 20390.9 56722.8
1e+09 2.04693e+09 20469.3 56177
1e+09 2.05481e+09 20548.1 55635
1e+09 2.06271e+09 20627.1 55098.2
1e+09 2.07064e+09 20706.4 54566
1e+09 2.07861e+09 20786.1 54037.5
1e+09 2.0866e+09 20866 53514.2
1e+09 2.09463e+09 20946.3 52994.7
1e+09 2.10269e+09 21026.9 52479.6
1e+09 2.11077e+09 21107.7 51969.6
1e+09 2.11889e+09 21188.9 51463.3
1e+09 2.12704e+09 21270.4 50961.3
1e+09 2.13522e+09 21352.2 50463.6
1e+09 2.14344e+09 21434.4 49969.7
1e+09 2.15168e+09 21516.8 49480.6
1e+09 2.15996e+09 21599.6 48995.2
1e+09 2.16826e+09 21682.6 48514.6
1e+09 2.1766e+09 21766 48037.6
1e+09 2.18498e+09 21849.8 47564.2
1e+09 2.19338e+09 21933.8 47095.5
1e+09 2.20182e+09 22018.2 46630.4
1e+09 2.21028e+09 22102.8 46169.9
1e+09 2.21879e+09 22187.9 45712.5
1e+09 2.22732e+09 22273.2 45259.6
1e+09 2.23589e+09 22358.9 44810.3
1e+09 2.24449e+09 22444.9 44364.9
1e+09 2.25312e+09 22531.2 43923.6
1e+09 2.26179e+09 22617.9 43485.7
1e+09 2.27049e+09 22704.9 43051.7
1e+09 2.27922e+09 22792.2 42621.6
1e+09 2.28798e+09 22879.8 42195.5
1e+09 2.29679e+09 22967.9 41772.2
1e+09 2.30562e+09 23056.2 41353.3
1e+09 2.31449e+09 23144.9 40937.7
1e+09 2.32339e+09 23233.9 40525.9
1e+09 2.33233e+09 23323.3 40117.4
1e+09 2.3413e+09 23413 39712.7
1e+09 2.3503e+09 23503 39311.7
1e+09 2.35934e+09 23593.4 38914
1e+09 2.36842e+09 23684.2 38519.5
1e+09 2.37753e+09 23775.3 38128.7
1e+09 2.38667e+09 23866.7 37741.5
1e+09 2.39585e+09 23958.5 37357.5
1e+09 2.40507e+09 24050.7 36976.7
1e+09 2.41432e+09 24143.2 36599.5
1e+09 2.4236e+09 24236 36225.8
1e+09 2.43292e+09 24329.2 35855.2
1e+09 2.44228e+09 24422.8 35487.8
1e+09 2.45168e+09 24516.8 35123.4
1e+09 2.46111e+09 24611.1 34762.5
1e+09 2.47057e+09 24705.7 34405.1
1e+09 2.48008e+09 24800.8 34050.3
1e+09 2.48961e+09 24896.1 33699.3
1e+09 2.49919e+09 24991.9 33350.9
1e+09 2.5088e+09 25088 33005.9
1e+09 2.51845e+09 25184.5 32663.8
1e+09 2.52814e+09 25281.4 32324.7
1e+09 2.53786e+09 25378.6 31988.9
1e+09 2.54762e+09 25476.2 31656
1e+09 2.55742e+09 25574.2 31326
1e+09 2.56726e+09 25672.6 30998.9
1e+09 2.57713e+09 25771.3 30675
1e+09 2.58705e+09 25870.5 30353.7
1e+09 2.597e+09 25970 30035.5
1e+09 2.60699e+09 26069.9 29720.1
1e+09 2.61701e+09 26170.1 29407.8
1e+09 2.62708e+09 26270.8 29098
1e+09 2.63718e+09 26371.8 28791.3
1e+09 2.64733e+09 26473.3 28487.1
1e+09 2.65751e+09 26575.1 28185.9
1e+09 2.66773e+09 26677.3 27887.4
1e+09 2.67799e+09 26779.9 27591.6
1e+09 2.68829e+09 26882.9 27298.5
1e+09 2.69863e+09 26986.3 27008.1
1e+09 2.70901e+09 27090.1 26720.3
1e+09 2.71943e+09 27194.3 26435.2
1e+09 2.72989e+09 27298.9 26152.6
1e+09 2.74039e+09 27403.9 25872.8
1e+09 2.75093e+09 27509.3 25595.4
1e+09 2.76151e+09 27615.1 25320.7
1e+09 2.77213e+09 27721.3 25048.5
1e+09 2.7828e+09 27828 24778.7
1e+09 2.7935e+09 27935 24511.6
1e+09 2.80424e+09 28042.4 24247
1e+09 2.81503e+09 28150.3 23984.6
1e+09 2.82586e+09 28258.6 23724.8
1e+09 2.83673e+09 28367.3 23467.4
1e+09 2.84764e+09 28476.4 23212.4
1e+09 2.85859e+09 28585.9 22959.9
1e+09 2.86959e+09 28695.9 22709.6
1e+09 2.88062e+09 28806.2 22461.9
1e+09 2.8917e+09 28917 22216.3
1e+09 2.90283e+09 29028.3 21972.9
1e+09 2.91399e+09 29139.9 21732.1
1e+09 2.9252e+09 29252 21493.4
1e+09 2.93645e+09 29364.5 21257
1e+09 2.94774e+09 29477.4 21022.9
1e+09 2.95908e+09 29590.8 20790.9
1e+09 2.97046e+09 29704.6 20561.2
1e+09 2.98189e+09 29818.9 20333.6
1e+09 2.99336e+09 29933.6 20108.2
1e+09 3.00487e+09 30048.7 19885
1e+09 3.01643e+09 30164.3 19663.9
1e+09 3.02803e+09 30280.3 19444.9
1e+09 3.03968e+09 30396.8 19228
1e+09 3.05137e+09 30513.7 19013.2
1e+09 3.06311e+09 30631.1 18800.4
1e+09 3.07489e+09 30748.9 18589.7
1e+09 3.08671e+09 30867.1 18381.2
1e+09 3.09859e+09 30985.9 18174.4
1e+09 3.11051e+09 31105.1 17969.8
1e+09 3.12247e+09 31224.7 17767.2
1e+09 3.13448e+09 31344.8 17566.5
1e+09 3.14654e+09 31465.4 17367.7
1e+09 3.15864e+09 31586.4 17170.9
1e+09 3.17079e+09 31707.9 16976
1e+09 3.18298e+09 31829.8 16783.1
1e+09 3.19523e+09 31952.3 16591.9
1e+09 3.20752e+09 32075.2 16402.7
1e+09 3.21985e+09 32198.5 16215.4
1e+09 3.23224e+09 32322.4 16029.8
1e+09 3.24467e+09 32446.7 15846.2
1e+09 3.25715e+09 32571.5 15664.3
1e+09 3.26968e+09 32696.8 15484.2
1e+09 3.28225e+09 32822.5 15305.9
1e+09 3.29488e+09 32948.8 15129.3
1e+09 3.30755e+09 33075.5 14954.6
1e+09 3.32027e+09 33202.7 14781.6
1e+09 3.33304e+09 33330.4 14610.2
1e+09 3.34586e+09 33458.6 14440.6
1e+09 3.35873e+09 33587.3 14272.7
1e+09 3.37165e+09 33716.5 14106.4
1e+09 3.38462e+09 33846.2 13941.8
1e+09 3.39764e+09 33976.4 13778.9
1e+09 3.41071e+09 34107.1 13617.6
1e+09 3.42382e+09 34238.2 13458
1e+09 3.43699e+09 34369.9 13300
1e+09 3.45021e+09 34502.1 13143.5
1e+09 3.46348e+09 34634.8 12988.6
1e+09 3.47681e+09 34768.1 12835.2
1e+09 3.49018e+09 34901.8 12683.5
1e+09 3.5036e+09 35036 12533.4
1e+09 3.51708e+09 35170.8 12384.7
1e+09 3.53061e+09 35306.1 12237.5
1e+09 3.54419e+09 35441.9 12091.8
1e+09 3.55782e+09 35578.2 11947.7
1e+09 3.5715e+09 35715 11805.1
1e+09 3.58524e+09 35852.4 11663.8
1e+09 3.59903e+09 35990.3 11524.1
1e+09 3.61287e+09 36128.7 11385.8
1e+09 3.62677e+09 36267.7 11248.8
1e+09 3.64072e+09 36407.2 11113.4
1e+09 3.65472e+09 36547.2 10979.3
1e+09 3.66878e+09 36687.8 10846.6
1e+09 3.68289e+09 36828.9 10715.3
1e+09 3.69706e+09 36970.6 10585.4
1e+09 3.71128e+09 37112.8 10456.8
1e+09 3.72555e+09 37255.5 10329.6
1e+09 3.73988e+09 37398.8 10203.7
1e+09 3.75426e+09 37542.6 10079.2
1e+09 3.7687e+09 37687 9955.9
1e+09 3.7832e+09 37832 9833.89
1e+09 3.79775e+09 37977.5 9713.22
1e+09 3.81236e+09 38123.6 9593.79
1e+09 3.82702e+09 38270.2 9475.67
1e+09 3.84174e+09 38417.4 9358.77
1e+09 3.85652e+09 38565.2 9243.09
1e+09 3.87135e+09 38713.5 9128.7
1e+09 3.88624e+09 38862.4 9015.49
1e+09 3.90119e+09 39011.9 8903.48
1e+09 3.91619e+09 39161.9 8792.72
1e+09 3.93126e+09 39312.6 8683.06
1e+09 3.94638e+09 39463.8 8574.63
1e+09 3.96156e+09 39615.6 8467.35
1e+09 3.97679e+09 39767.9 8361.29
1e+09 3.99209e+09 39920.9 8256.29
1e+09 4.00745e+09 40074.5 8152.42
1e+09 4.02286e+09 40228.6 8049.74
1e+09 4.03833e+09 40383.3 7948.16
1e+09 4.05387e+09 40538.7 7847.62
1e+09 4.06946e+09 40694.6 7748.23
1e+09 4.08511e+09 40851.1 7649.93
1e+09 4.10082e+09 41008.2 7552.71
1e+09 4.1166e+09 41166 7456.49
1e+09 4.13243e+09 41324.3 7361.39
1e+09 4.14832e+09 41483.2 7267.34
1e+09 4.16428e+09 41642.8 7174.28
1e+09 4.1803e+09 41803 7082.24
1e+09 4.19638e+09 41963.8 6991.24
1e+09 4.21252e+09 42125.2 6901.25
1e+09 4.22872e+09 42287.2 6812.27
1e+09 4.24498e+09 42449.8 6724.29
1e+09 4.26131e+09 42613.1 6637.25
1e+09 4.2777e+09 42777 6551.2
1e+09 4.29415e+09 42941.5 6466.12
1e+09 4.31067e+09 43106.7 6381.96
1e+09 4.32725e+09 43272.5 6298.76
1e+09 4.34389e+09 43438.9 6216.52
1e+09 4.3606e+09 43606 6135.17
1e+09 4.37737e+09 43773.7 6054.76
1e+09 4.39421e+09 43942.1 5975.23
1e+09 4.41111e+09 44111.1 5896.62
1e+09 4.42808e+09 44280.8 5818.88
1e+09 4.44511e+09 44451.1 5742.05
1e+09 4.46221e+09 44622.1 5666.07
1e+09 4.47937e+09 44793.7 5590.99
1e+09 4.4966e+09 44966 5516.74
1e+09 4.5139e+09 45139 5443.33
1e+09 4.53126e+09 45312.6 5370.79
1e+09 4.54869e+09 45486.9 5299.07
1e+09 4.56618e+09 45661.8 5228.2
1e+09 4.58374e+09 45837.4 5158.14
1e+09 4.60138e+09 46013.8 5088.84
1e+09 4.61907e+09 46190.7 5020.41
1e+09 4.63684e+09 46368.4 4952.73
1e+09 4.65467e+09 46546.7 4885.87
1e+09 4.67258e+09 46725.8 4819.74
1e+09 4.69055e+09 46905.5 4754.42
1e+09 4.70859e+09 47085.9 4689.86
1e+09 4.7267e+09 47267 4626.05
1e+09 4.74488e+09 47448.8 4562.99
1e+09 4.76313e+09 47631.3 4500.67
1e+09 4.78145e+09 47814.5 4439.09
1e+09 4.79984e+09 47998.4 4378.23
1e+09 4.81831e+09 48183.1 4318.07
1e+09 4.83684e+09 48368.4 4258.65
1e+09 4.85544e+09 48554.4 4199.95
1e+09 4.87412e+09 48741.2 4141.91
1e+09 4.89286e+09 48928.6 4084.61
1e+09 4.91168e+09 49116.8 4027.96
1e+09 4.93058e+09 49305.8 3971.97
1e+09 4.94954e+09 49495.4 3916.69
1e+09 4.96858e+09 49685.8 3862.05
1e+09 4.98769e+09 49876.9 3808.08
1e+09 5.00687e+09 50068.7 3754.78
1e+09 5.02613e+09 50261.3 3702.09
1e+09 5.04546e+09 50454.6 3650.06
1e+09 5.06487e+09 50648.7 3598.65
1e+09 5.08435e+09 50843.5 3547.87
1e+09 5.10391e+09 51039.1 3497.7
1e+09 5.12354e+09 51235.4 3448.15
1e+09 5.14324e+09 51432.4 3399.23
1e+09 5.16303e+09 51630.3 3350.87
1e+09 5.18288e+09 51828.8 3303.14
1e+09 5.20282e+09 52028.2 3255.97
1e+09 5.22283e+09 52228.3 3209.39
1e+09 5.24292e+09 52429.2 3163.39
1e+09 5.26309e+09 52630.9 3117.95
1e+09 5.28333e+09 52833.3 3073.09
1e+09 5.30365e+09 53036.5 3028.78
1e+09 5.32405e+09 53240.5 2985.02
1e+09 5.34453e+09 53445.3 2941.8
1e+09 5.36508e+09 53650.8 2899.15
1e+09 5.38572e+09 53857.2 2857
1e+09 5.40643e+09 54064.3 2815.41
1e+09 5.42723e+09 54272.3 2774.32
1e+09 5.4481e+09 54481 2733.77
1e+09 5.46906e+09 54690.6 2693.71
1e+09 5.4901e+09 54901 2654.16
1e+09 5.51121e+09 55112.1 2615.13
1e+09 5.53241e+09 55324.1 2576.58
1e+09 5.55369e+09 55536.9 2538.53
1e+09 5.57505e+09 55750.5 2500.97
1e+09 5.59649e+09 55964.9 2463.89
1e+09 5.61802e+09 56180.2 2427.28
1e+09 5.63963e+09 56396.3 2391.14
1e+09 5.66132e+09 56613.2 2355.47
1e+09 5.68309e+09 56830.9 2320.27
1e+09 5.70495e+09 57049.5 2285.51
1e+09 5.7269e+09 57269 2251.2
1e+09 5.74892e+09 57489.2 2217.36
1e+09 5.77104e+09 57710.4 2183.93
1e+09 5.79323e+09 57932.3 2150.96
1e+09 5.81552e+09 58155.2 2118.4
1e+09 5.83788e+09 58378.8 2086.29
1e+09 5.86034e+09 58603.4 2054.58
1e+09 5.88288e+09 58828.8 2023.3
1e+09 5.90551e+09 59055.1 1992.43
1e+09 5.92822e+09 59282.2 1961.98
1e+09 5.95102e+09 59510.2 1931.92
1e+09 5.97391e+09 59739.1 1902.26
1e+09 5.99689e+09 59968.9 1873
1e+09 6.01995e+09 60199.5 1844.13
1e+09 6.04311e+09 60431.1 1815.64
1e+09 6.06635e+09 60663.5 1787.54
1e+09 6.08969e+09 60896.9 1759.81
1e+09 6.11311e+09 61131.1 1732.46
1e+09 6.13662e+09 61366.2 1705.47
1e+09 6.16022e+09 61602.2 1678.86
1e+09 6.18392e+09 61839.2 1652.59
1e+09 6.2077e+09 62077 1626.69
1e+09 6.23158e+09 62315.8 1601.14
1e+09 6.25555e+09 62555.5 1575.94
1e+09 6.27961e+09 62796.1 1551.08
1e+09 6.30376e+09 63037.6 1526.57
1e+09 6.32801e+09 63280.1 1502.38
1e+09 6.35235e+09 63523.5 1478.54
1e+09 6.37678e+09 63767.8 1455.02
1e+09 6.40131e+09 64013.1 1431.82
1e+09 6.42593e+09 64259.3 1408.95
1e+09 6.45065e+09 64506.5 1386.4
1e+09 6.47546e+09 64754.6 1364.16
1e+09 6.50036e+09 65003.6 1342.23
1e+09 6.52537e+09 65253.7 1320.6
1e+09 6.55046e+09 65504.6 1299.29
1e+09 6.57566e+09 65756.6 1278.26
1e+09 6.60095e+09 66009.5 1257.54
1e+09 6.62634e+09 66263.4 1237.1
1e+09 6.65183e+09 66518.3 1216.96
1e+09 6.67741e+09 66774.1 1197.1
1e+09 6.7031e+09 67031 1177.52
1e+09 6.72888e+09 67288.8 1158.22
1e+09 6.75476e+09 67547.6 1139.2
1e+09 6.78074e+09 67807.4 1120.45
1e+09 6.80682e+09 68068.2 1101.97
1e+09 6.833e+09 68330 1083.75
1e+09 6.85928e+09 68592.8 1065.8
1e+09 6.88567e+09 68856.7 1048.1
1e+09 6.91215e+09 69121.5 1030.66
1e+09 6.93874e+09 69387.4 1013.47
1e+09 6.96543e+09 69654.3 996.532
1e+09 6.99222e+09 69922.2 979.842
1e+09 7.01911e+09 70191.1 963.398
1e+09 7.04611e+09 70461.1 947.191
1e+09 7.07321e+09 70732.1 931.223
1e+09 7.10042e+09 71004.2 915.487
1e+09 7.12773e+09 71277.3 899.985
1e+09 7.15514e+09 71551.4 884.715
1e+09 7.18266e+09 71826.6 869.669
1e+09 7.21029e+09 72102.9 854.843
1e+09 7.23802e+09 72380.2 840.242
1e+09 7.26586e+09 72658.6 825.856
1e+09 7.29381e+09 72938.1 811.684
1e+09 7.32186e+09 73218.6 797.728
1e+09 7.35002e+09 73500.2 783.981
1e+09 7.37829e+09 73782.9 770.439
1e+09 7.40667e+09 74066.7 757.101
1e+09 7.43516e+09 74351.6 743.965
1e+09 7.46376e+09 74637.6 731.027
1e+09 7.49247e+09 74924.7 718.286
1e+09 7.52129e+09 75212.9 705.739
1e+09 7.55022e+09 75502.2 693.384
1e+09 7.57926e+09 75792.6 681.219
1e+09 7.60841e+09 76084.1 669.241
1e+09 7.63767e+09 76376.7 657.448
1e+09 7.66705e+09 76670.5 645.833
1e+09 7.69654e+09 76965.4 634.4
1e+09 7.72614e+09 77261.4 623.144
1e+09 7.75586e+09 77558.6 612.061
1e+09 7.78569e+09 77856.9 601.153
1e+09 7.81564e+09 78156.4 590.412
1e+09 7.8457e+09 78457 579.841
1e+09 7.87587e+09 78758.7 569.438
1e+09 7.90617e+09 79061.7 559.194
1e+09 7.93658e+09 79365.8 549.113
1e+09 7.9671e+09 79671 539.193
1e+09 7.99775e+09 79977.5 529.427
1e+09 8.02851e+09 80285.1 519.817
1e+09 8.05939e+09 80593.9 510.361
1e+09 8.09039e+09 80903.9 501.054
1e+09 8.12151e+09 81215.1 491.896
1e+09 8.15274e+09 81527.4 482.888
1e+09 8.1841e+09 81841 474.021
1e+09 8.21558e+09 82155.8 465.298
1e+09 8.24718e+09 82471.8 456.715
1e+09 8.2789e+09 82789 448.272
1e+09 8.31074e+09 83107.4 439.966
1e+09 8.34271e+09 83427.1 431.794
1e+09 8.3748e+09 83748 423.755
1e+09 8.40701e+09 84070.1 415.848
1e+09 8.43935e+09 84393.5 408.07
1e+09 8.47181e+09 84718.1 400.42
1e+09 8.50439e+09 85043.9 392.898
1e+09 8.5371e+09 85371 385.498
1e+09 8.56994e+09 85699.4 378.22
1e+09 8.6029e+09 86029 371.064
1e+09 8.63599e+09 86359.9 364.026
1e+09 8.66921e+09 86692.1 357.105
1e+09 8.70255e+09 87025.5 350.302
1e+09 8.73602e+09 87360.2 343.612
1e+09 8.76962e+09 87696.2 337.034
1e+09 8.80336e+09 88033.6 330.564
1e+09 8.83722e+09 88372.2 324.206
1e+09 8.87121e+09 88712.1 317.955
1e+09 8.90533e+09 89053.3 311.811
1e+09 8.93958e+09 89395.8 305.771
1e+09 8.97396e+09 89739.6 299.835
1e+09 9.00848e+09 90084.8 293.998
1e+09 9.04313e+09 90431.3 288.263
1e+09 9.07791e+09 90779.1 282.626
1e+09 9.11283e+09 91128.3 277.085
1e+09 9.14788e+09 91478.8 271.641
1e+09 9.18307e+09 91830.7 266.29
1e+09 9.21839e+09 92183.9 261.033
1e+09 9.25384e+09 92538.4 255.868
1e+09 9.28944e+09 92894.4 250.792
1e+09 9.32517e+09 93251.7 245.805
1e+09 9.36103e+09 93610.3 240.906
1e+09 9.39704e+09 93970.4 236.092
1e+09 9.43318e+09 94331.8 231.364
1e+09 9.46946e+09 94694.6 226.72
1e+09 9.50589e+09 95058.9 222.156
1e+09 9.54245e+09 95424.5 217.675
1e+09 9.57915e+09 95791.5 213.274
1e+09 9.616e+09 96160 208.95
1e+09 9.65298e+09 96529.8 204.705
1e+09 9.69011e+09 96901.1 200.535
1e+09 9.72738e+09 97273.8 196.441
1e+09 9.7648e+09 97648 192.419
1e+09 9.80236e+09 98023.6 188.471
1e+09 9.84006e+09 98400.6 184.595
1e+09 9.87791e+09 98779.1 180.789
1e+09 9.9159e+09 99159 177.053
1e+09 9.95404e+09 99540.4 173.385
1e+09 9.99233e+09 99923.3 169.783
1e+09 1.00308e+10 100308 166.245
1e+09 1.00693e+10 100693 162.783
1e+09 1.01081e+10 101081 159.371
1e+09 1.01469e+10 101469 156.035
1e+09 1.0186e+10 101860 152.749
1e+09 1.02252e+10 102252 149.527
1e+09 1.02645e+10 102645 146.37
1e+09 1.0304e+10 103040 143.269
1e+09 1.03436e+10 103436 140.229
1e+09 1.03834e+10 103834 137.243
1e+09 1.04233e+10 104233 134.318
1e+09 1.04634e+10 104634 131.444
1e+09 1.05037e+10 105037 128.621
1e+09 1.05441e+10 105441 125.857
1e+09 1.05846e+10 105846 123.148
1e+09 1.06253e+10 106253 120.488
1e+09 1.06662e+10 106662 117.877
1e+09 1.07072e+10 107072 115.319
1e+09 1.07484e+10 107484 112.808
1e+09 1.07897e+10 107897 110.349
1e+09 1.08312e+10 108312 107.936
1e+09 1.08729e+10 108729 105.566
1e+09 1.09147e+10 109147 103.247
1e+09 1.09567e+10 109567 100.97
1e+09 1.09988e+10 109988 98.7418
1e+09 1.10412e+10 110412 96.5498
1e+09 1.10836e+10 110836 94.4092
1e+09 1.11262e+10 111262 92.3091
1e+09 1.1169e+10 111690 90.2488
1e+09 1.1212e+10 112120 88.2277
1e+09 1.12551e+10 112551 86.2499
1e+09 1.12984e+10 112984 84.31
1e+09 1.13419e+10 113419 82.4075
1e+09 1.13855e+10 113855 80.546
1e+09 1.14293e+10 114293 78.7206
1e+09 1.14733e+10 114733 76.9308
1e+09 1.15174e+10 115174 75.1799
1e+09 1.15617e+10 115617 73.4634
1e+09 1.16062e+10 116062 71.7807
1e+09 1.16508e+10 116508 70.1349
1e+09 1.16956e+10 116956 68.5218
1e+09 1.17406e+10 117406 66.9408
1e+09 1.17857e+10 117857 65.3948
1e+09 1.18311e+10 118311 63.8765
1e+09 1.18766e+10 118766 62.392
1e+09 1.19223e+10 119223 60.9374
1e+09 1.19681e+10 119681 59.5155
1e+09 1.20142e+10 120142 58.1195
1e+09 1.20604e+10 120604 56.755
1e+09 1.21068e+10 121068 55.4184
1e+09 1.21533e+10 121533 54.1121
1e+09 1.22001e+10 122001 52.8301
1e+09 1.2247e+10 122470 51.5773
1e+09 1.22941e+10 122941 50.3506
1e+09 1.23414e+10 123414 49.1494
1e+09 1.23889e+10 123889 47.9734
1e+09 1.24365e+10 124365 46.8246
1e+09 1.24843e+10 124843 45.7
1e+09 1.25324e+10 125324 44.5969
1e+09 1.25806e+10 125806 43.5195
1e+09 1.26289e+10 126289 42.4672
1e+09 1.26775e+10 126775 41.4353
1e+09 1.27263e+10 127263 40.4256
1e+09 1.27752e+10 127752 39.4397
1e+09 1.28244e+10 128244 38.4731
1e+09 1.28737e+10 128737 37.5295
1e+09 1.29232e+10 129232 36.6064
1e+09 1.29729e+10 129729 35.7034
1e+09 1.30228e+10 130228 34.8203
1e+09 1.30729e+10 130729 33.9566
1e+09 1.31232e+10 131232 33.112
1e+09 1.31737e+10 131737 32.2861
1e+09 1.32243e+10 132243 31.4802
1e+09 1.32752e+10 132752 30.6907
1e+09 1.33263e+10 133263 29.919
1e+09 1.33775e+10 133775 29.166
1e+09 1.3429e+10 134290 28.4286
1e+09 1.34806e+10 134806 27.7093
1e+09 1.35325e+10 135325 27.005
1e+09 1.35845e+10 135845 26.318
1e+09 1.36368e+10 136368 25.6455
1e+09 1.36892e+10 136892 24.9897
1e+09 1.37419e+10 137419 24.3477
1e+09 1.37947e+10 137947 23.7218
1e+09 1.38478e+10 138478 23.1093
1e+09 1.39011e+10 139011 22.511
1e+09 1.39545e+10 139545 21.9278
1e+09 1.40082e+10 140082 21.3572
1e+09 1.40621e+10 140621 20.8
1e+09 1.41162e+10 141162 20.256
1e+09 1.41705e+10 141705 19.7249
1e+09 1.4225e+10 142250 19.2063
1e+09 1.42797e+10 142797 18.7002
1e+09 1.43346e+10 143346 18.2061
1e+09 1.43897e+10 143897 17.724
1e+09 1.44451e+10 144451 17.2525
1e+09 1.45006e+10 145006 16.7934
1e+09 1.45564e+10 145564 16.3445
1e+09 1.46124e+10 146124 15.9066
1e+09 1.46686e+10 146686 15.4794
1e+09 1.4725e+10 147250 15.0626
1e+09 1.47817e+10 147817 14.6554
1e+09 1.48385e+10 148385 14.2589
1e+09 1.48956e+10 148956 13.8715
1e+09 1.49529e+10 149529 13.4938
1e+09 1.50104e+10 150104 13.1255
1e+09 1.50681e+10 150681 12.7664
1e+09 1.51261e+10 151261 12.4158
1e+09 1.51843e+10 151843 12.0739
1e+09 1.52427e+10 152427 11.7407
1e+09 1.53013e+10 153013 11.416
1e+09 1.53602e+10 153602 11.0989
1e+09 1.54192e+10 154192 10.7905
1e+09 1.54785e+10 154785 10.4895
1e+09 1.55381e+10 155381 10.1957
1e+09 1.55978e+10 155978 9.90996
1e+09 1.56578e+10 156578 9.63116
1e+09 1.57181e+10 157181 9.35915
1e+09 1.57785e+10 157785 9.09466
1e+09 1.58392e+10 158392 8.83666
1e+09 1.59001e+10 159001 8.58543
1e+09 1.59613e+10 159613 8.3404
1e+09 1.60227e+10 160227 8.10185
1e+09 1.60843e+10 160843 7.86961
1e+09 1.61462e+10 161462 7.64319
1e+09 1.62083e+10 162083 7.4228
1e+09 1.62706e+10 162706 7.2083
1e+09 1.63332e+10 163332 6.99924
1e+09 1.6396e+10 163960 6.7958
1e+09 1.64591e+10 164591 6.59755
1e+09 1.65224e+10 165224 6.40467
1e+09 1.65859e+10 165859 6.21704
1e+09 1.66497e+10 166497 6.03425
1e+09 1.67138e+10 167138 5.85618
1e+09 1.67781e+10 167781 5.68301
1e+09 1.68426e+10 168426 5.51462
1e+09 1.69074e+10 169074 5.35063
1e+09 1.69724e+10 169724 5.19119
1e+09 1.70377e+10 170377 5.03595
1e+09 1.71032e+10 171032 4.88506
1e+09 1.7169e+10 171690 4.73817
1e+09 1.7235e+10 172350 4.59541
1e+09 1.73013e+10 173013 4.45647
1e+09 1.73679e+10 173679 4.32126
1e+09 1.74347e+10 174347 4.18989
1e+09 1.75017e+10 175017 4.06227
1e+09 1.7569e+10 175690 3.93811
1e+09 1.76366e+10 176366 3.81733
1e+09 1.77045e+10 177045 3.69986
1e+09 1.77726e+10 177726 3.58579
1e+09 1.78409e+10 178409 3.47501
1e+09 1.79095e+10 179095 3.36731
1e+09 1.79784e+10 179784 3.26259
1e+09 1.80476e+10 180476 3.16079
1e+09 1.8117e+10 181170 3.06198
1e+09 1.81867e+10 181867 2.96594
1e+09 1.82566e+10 182566 2.87274
1e+09 1.83268e+10 183268 2.78217
1e+09 1.83973e+10 183973 2.69418
1e+09 1.84681e+10 184681 2.60869
1e+09 1.85391e+10 185391 2.52576
1e+09 1.86104e+10 186104 2.44521
1e+09 1.8682e+10 186820 2.36698
1e+09 1.87539e+10 187539 2.29101
1e+09 1.8826e+10 188260 2.21734
1e+09 1.88984e+10 188984 2.14582
1e+09 1.89711e+10 189711 2.07639
1e+09 1.90441e+10 190441 2.00899
1e+09 1.91173e+10 191173 1.94367
1e+09 1.91909e+10 191909 1.88019
1e+09 1.92647e+10 192647 1.81867
1e+09 1.93388e+10 193388 1.75898
1e+09 1.94132e+10 194132 1.70108
1e+09 1.94878e+10 194878 1.64498
1e+09 1.95628e+10 195628 1.5905
1e+09 1.9638e+10 196380 1.53773
1e+09 1.97136e+10 197136 1.48649
1e+09 1.97894e+10 197894 1.43688
1e+09 1.98655e+10 198655 1.38877
1e+09 1.99419e+10 199419 1.34214
1e+09 2.00186e+10 200186 1.29694
1e+09 2.00956e+10 200956 1.25314
1e+09 2.01729e+10 201729 1.21069
1e+09 2.02505e+10 202505 1.16956
1e+09 2.03284e+10 203284 1.12971
1e+09 2.04066e+10 204066 1.0911
1e+09 2.04851e+10 204851 1.05371
1e+09 2.05638e+10 205638 1.01754
1e+09 2.06429e+10 206429 0.982467
1e+09 2.07223e+10 207223 0.948508
1e+09 2.0802e+10 208020 0.91563
1e+09 2.08821e+10 208821 0.883761
1e+09 2.09624e+10 209624 0.852953
1e+09 2.1043e+10 210430 0.823136
1e+09 2.11239e+10 211239 0.794281
1e+09 2.12052e+10 212052 0.766326
1e+09 2.12868e+10 212868 0.73928
1e+09 2.13686e+10 213686 0.713148
1e+09 2.14508e+10 214508 0.687841
1e+09 2.15333e+10 215333 0.663365
1e+09 2.16161e+10 216161 0.639696
1e+09 2.16993e+10 216993 0.616782
1e+09 2.17827e+10 217827 0.594656
1e+09 2.18665e+10 218665 0.573241
1e+09 2.19506e+10 219506 0.552543
1e+09 2.20351e+10 220351 0.532515
1e+09 2.21198e+10 221198 0.513184
1e+09 2.22049e+10 222049 0.494484
1e+09 2.22903e+10 222903 0.476418
1e+09 2.2376e+10 223760 0.458967
1e+09 2.24621e+10 224621 0.442092
1e+09 2.25485e+10 225485 0.425795
1e+09 2.26352e+10 226352 0.410058
1e+09 2.27223e+10 227223 0.394847
1e+09 2.28097e+10 228097 0.380162
1e+09 2.28974e+10 228974 0.365988
1e+09 2.29855e+10 229855 0.352292
1e+09 2.30739e+10 230739 0.339075
1e+09 2.31627e+10 231627 0.326308
1e+09 2.32517e+10 232517 0.314004
1e+09 2.33412e+10 233412 0.302109
1e+09 2.3431e+10 234310 0.290635
1e+09 2.35211e+10 235211 0.279571
1e+09 2.36115e+10 236115 0.268901
1e+09 2.37024e+10 237024 0.258591
1e+09 2.37935e+10 237935 0.248662
1e+09 2.3885e+10 238850 0.239082
1e+09 2.39769e+10 239769 0.229838
1e+09 2.40691e+10 240691 0.220931
1e+09 2.41617e+10 241617 0.212339
1e+09 2.42546e+10 242546 0.204061
1e+09 2.43479e+10 243479 0.196079
1e+09 2.44416e+10 244416 0.188382
1e+09 2.45356e+10 245356 0.180971
1e+09 2.463e+10 246300 0.173826
1e+09 2.47247e+10 247247 0.166948
1e+09 2.48198e+10 248198 0.160319
1e+09 2.49153e+10 249153 0.153933
1e+09 2.50111e+10 250111 0.147786
1e+09 2.51073e+10 251073 0.141866
1e+09 2.52039e+10 252039 0.136164
1e+09 2.53008e+10 253008 0.130678
1e+09 2.53981e+10 253981 0.125396
1e+09 2.54958e+10 254958 0.120312
1e+09 2.55939e+10 255939 0.115417
1e+09 2.56923e+10 256923 0.110711
1e+09 2.57911e+10 257911 0.106182
1e+09 2.58903e+10 258903 0.101825
1e+09 2.59899e+10 259899 0.0976332
1e+09 2.60899e+10 260899 0.093601
1e+09 2.61902e+10 261902 0.0897269
1e+09 2.6291e+10 262910 0.0859977
1e+09 2.63921e+10 263921 0.0824157
1e+09 2.64936e+10 264936 0.0789722
1e+09 2.65955e+10 265955 0.0756622
1e+09 2.66978e+10 266978 0.0724811
1e+09 2.68005e+10 268005 0.0694243
1e+09 2.69036e+10 269036 0.0664874
1e+09 2.70071e+10 270071 0.0636661
1e+09 2.71109e+10 271109 0.0609588
1e+09 2.72152e+10 272152 0.0583563
1e+09 2.73199e+10 273199 0.0558574
1e+09 2.7425e+10 274250 0.0534582
1e+09 2.75304e+10 275304 0.0511573
1e+09 2.76363e+10 276363 0.0489468
1e+09 2.77426e+10 277426 0.0468256
1e+09 2.78493e+10 278493 0.0447902
1e+09 2.79565e+10 279565 0.0428358
1e+09 2.8064e+10 280640 0.0409628
1e+09 2.81719e+10 281719 0.0391665
1e+09 2.82803e+10 282803 0.0374423
1e+09 2.83891e+10 283891 0.0357893
1e+09 2.84983e+10 284983 0.0342046
1e+09 2.86079e+10 286079 0.0326858
1e+09 2.87179e+10 287179 0.0312302
1e+09 2.88284e+10 288284 0.0298343
1e+09 2.89392e+10 289392 0.0284981
1e+09 2.90506e+10 290506 0.0272159
1e+09 2.91623e+10 291623 0.0259889
1e+09 2.92745e+10 292745 0.024813
1e+09 2.93871e+10 293871 0.0236871
1e+09 2.95001e+10 295001 0.0226094
1e+09 2.96136e+10 296136 0.0215769
1e+09 2.97275e+10 297275 0.0205888
1e+09 2.98418e+10 298418 0.0196434
1e+09 2.99566e+10 299566 0.0187381
1e+09 3.00718e+10 300718 0.0178722
1e+09 3.01875e+10 301875 0.0170434
1e+09 3.03036e+10 303036 0.0162509
1e+09 3.04201e+10 304201 0.0154931
1e+09 3.05371e+10 305371 0.0147682
1e+09 3.06546e+10 306546 0.0140748
1e+09 3.07725e+10 307725 0.0134121
1e+09 3.08909e+10 308909 0.0127785
1e+09 3.10097e+10 310097 0.0121732
1e+09 3.11289e+10 311289 0.011595
1e+09 3.12487e+10 312487 0.011042
1e+09 3.13689e+10 313689 0.010514
1e+09 3.14895e+10 314895 0.0100099
1e+09 3.16106e+10 316106 0.00952834
1e+09 3.17322e+10 317322 0.00906841
1e+09 3.18543e+10 318543 0.00862919
1e+09 3.19768e+10 319768 0.00821019
1e+09 3.20998e+10 320998 0.00781019
1e+09 3.22233e+10 322233 0.00742841
1e+09 3.23472e+10 323472 0.00706438
1e+09 3.24716e+10 324716 0.00671705
1e+09 3.25965e+10 325965 0.00638571
1e+09 3.27219e+10 327219 0.00606969
1e+09 3.28477e+10 328477 0.00576855
1e+09 3.29741e+10 329741 0.00548121
1e+09 3.31009e+10 331009 0.00520751
1e+09 3.32282e+10 332282 0.00494664
1e+09 3.3356e+10 333560 0.00469804
1e+09 3.34843e+10 334843 0.00446118
1e+09 3.36131e+10 336131 0.00423555
1e+09 3.37424e+10 337424 0.00402065
1e+09 3.38722e+10 338722 0.00381601
1e+09 3.40025e+10 340025 0.00362117
1e+09 3.41333e+10 341333 0.0034357
1e+09 3.42645e+10 342645 0.00325932
1e+09 3.43963e+10 343963 0.00309134
1e+09 3.45286e+10 345286 0.00293154
1e+09 3.46614e+10 346614 0.00277953
1e+09 3.47948e+10 347948 0.00263485
1e+09 3.49286e+10 349286 0.00249738
1e+09 3.50629e+10 350629 0.00236669
1e+09 3.51978e+10 351978 0.00224237
1e+09 3.53332e+10 353332 0.00212423
1e+09 3.54691e+10 354691 0.00201198
1e+09 3.56055e+10 356055 0.00190534
1e+09 3.57425e+10 357425 0.00180398
1e+09 3.58799e+10 358799 0.00170779
1e+09 3.60179e+10 360179 0.0016164
1e+09 3.61565e+10 361565 0.00152959
1e+09 3.62955e+10 362955 0.00144725
1e+09 3.64351e+10 364351 0.00136907
1e+09 3.65753e+10 365753 0.00129484
1e+09 3.6716e+10 367160 0.00122444
1e+09 3.68572e+10 368572 0.00115767
1e+09 3.69989e+10 369989 0.00109436
1e+09 3.71413e+10 371413 0.00103426
1e+09 3.72841e+10 372841 0.000977332
1e+09 3.74275e+10 374275 0.000923353
1e+09 3.75715e+10 375715 0.000872177
1e+09 3.7716e+10 377160 0.000823701
1e+09 3.78611e+10 378611 0.000777759
1e+09 3.80067e+10 380067 0.00073426
1e+09 3.81529e+10 381529 0.000693051
1e+09 3.82996e+10 382996 0.000654048
1e+09 3.84469e+10 384469 0.000617115
1e+09 3.85948e+10 385948 0.000582149
1e+09 3.87433e+10 387433 0.000549051
1e+09 3.88923e+10 388923 0.00051775
1e+09 3.90419e+10 390419 0.000488135
1e+09 3.9192e+10 391920 0.000460138
1e+09 3.93428e+10 393428 0.000433642
1e+09 3.94941e+10 394941 0.000408605
1e+09 3.9646e+10 396460 0.000384936
1e+09 3.97985e+10 397985 0.000362564
1e+09 3.99516e+10 399516 0.000341423
1e+09 4.01052e+10 401052 0.000321463
1e+09 4.02595e+10 402595 0.000302597
1e+09 4.04143e+10 404143 0.000284791
1e+09 4.05698e+10 405698 0.000267969
1e+09 4.07258e+10 407258 0.0002521
1e+09 4.08825e+10 408825 0.000237113
1e+09 4.10397e+10 410397 0.000222981
1e+09 4.11976e+10 411976 0.00020964
1e+09 4.1356e+10 413560 0.000197066
1e+09 4.15151e+10 415151 0.000185202
1e+09 4.16748e+10 416748 0.000174017
1e+09 4.18351e+10 418351 0.000163475
1e+09 4.1996e+10 419960 0.00015354
1e+09 4.21575e+10 421575 0.000144181
1e+09 4.23197e+10 423197 0.00013536
1e+09 4.24824e+10 424824 0.000127057
1e+09 4.26458e+10 426458 0.000119236
1e+09 4.28099e+10 428099 0.00011187
1e+09 4.29745e+10 429745 0.000104941
1e+09 4.31398e+10 431398 9.84186e-05
1e+09 4.33057e+10 433057 9.2283e-05
1e+09 4.34723e+10 434723 8.65094e-05
1e+09 4.36395e+10 436395 8.10808e-05
1e+09 4.38074e+10 438074 7.59748e-05
1e+09 4.39759e+10 439759 7.11761e-05
1e+09 4.4145e+10 441450 6.66674e-05
1e+09 4.43148e+10 443148 6.24295e-05
1e+09 4.44853e+10 444853 5.84471e-05
1e+09 4.46564e+10 446564 5.47079e-05
1e+09 4.48281e+10 448281 5.11978e-05
1e+09 4.50005e+10 450005 4.79017e-05
1e+09 4.51736e+10 451736 4.48072e-05
1e+09 4.53474e+10 453474 4.19027e-05
1e+09 4.55218e+10 455218 3.91787e-05
1e+09 4.56969e+10 456969 3.66232e-05
1e+09 4.58727e+10 458727 3.42263e-05
1e+09 4.60491e+10 460491 3.19801e-05
1e+09 4.62262e+10 462262 2.98742e-05
1e+09 4.6404e+10 464040 2.79005e-05
1e+09 4.65825e+10 465825 2.60511e-05
1e+09 4.67617e+10 467617 2.43185e-05
1e+09 4.69415e+10 469415 2.26968e-05
1e+09 4.71221e+10 471221 2.11775e-05
1e+09 4.73033e+10 473033 1.9756e-05
1e+09 4.74853e+10 474853 1.84249e-05
1e+09 4.76679e+10 476679 1.71802e-05
1e+09 4.78513e+10 478513 1.60152e-05
1e+09 4.80353e+10 480353 1.49264e-05
1e+09 4.82201e+10 482201 1.39078e-05
1e+09 4.84055e+10 484055 1.29562e-05
1e+09 4.85917e+10 485917 1.20665e-05
1e+09 4.87786e+10 487786 1.12354e-05
1e+09 4.89662e+10 489662 1.0459e-05
1e+09 4.91546e+10 491546 9.73371e-06
1e+09 4.93436e+10 493436 9.05698e-06
1e+09 4.95334e+10 495334 8.42506e-06
1e+09 4.97239e+10 497239 7.83545e-06
1e+09 4.99152e+10 499152 7.28516e-06
1e+09 5.01072e+10 501072 6.77199e-06
1e+09 5.02999e+10 502999 6.29354e-06
1e+09 5.04934e+10 504934 5.84735e-06
1e+09 5.06876e+10 506876 5.43158e-06
1e+09 5.08825e+10 508825 5.04425e-06
1e+09 5.10783e+10 510783 4.68314e-06
1e+09 5.12747e+10 512747 4.34708e-06
1e+09 5.14719e+10 514719 4.0341e-06
1e+09 5.16699e+10 516699 3.74269e-06
1e+09 5.18687e+10 518687 3.47143e-06
1e+09 5.20682e+10 520682 3.21913e-06
1e+09 5.22684e+10 522684 2.98453e-06
1e+09 5.24695e+10 524695 2.76622e-06
1e+09 5.26713e+10 526713 2.56334e-06
1e+09 5.28739e+10 528739 2.37475e-06
1e+09 5.30772e+10 530772 2.19957e-06
1e+09 5.32814e+10 532814 2.03674e-06
1e+09 5.34863e+10 534863 1.88558e-06
1e+09 5.3692e+10 536920 1.74522e-06
1e+09 5.38986e+10 538986 1.61486e-06
1e+09 5.41059e+10 541059 1.49394e-06
1e+09 5.4314e+10 543140 1.38176e-06
1e+09 5.45229e+10 545229 1.27771e-06
1e+09 5.47326e+10 547326 1.18123e-06
1e+09 5.49431e+10 549431 1.0918e-06
1e+09 5.51544e+10 551544 1.00892e-06
1e+09 5.53666e+10 553666 9.32095e-07
1e+09 5.55795e+10 555795 8.60978e-07
1e+09 5.57933e+10 557933 7.95098e-07
1e+09 5.60079e+10 560079 7.34116e-07
1e+09 5.62233e+10 562233 6.77684e-07
1e+09 5.64396e+10 564396 6.25453e-07
1e+09 5.66567e+10 566567 5.77147e-07
1e+09 5.68746e+10 568746 5.32485e-07
1e+09 5.70934e+10 570934 4.91184e-07
1e+09 5.73129e+10 573129 4.53037e-07
1e+09 5.75334e+10 575334 4.17767e-07
1e+09 5.77547e+10 577547 3.85195e-07
1e+09 5.79768e+10 579768 3.55124e-07
1e+09 5.81998e+10 581998 3.27357e-07
1e+09 5.84237e+10 584237 3.01727e-07
1e+09 5.86484e+10 586484 2.78085e-07
1e+09 5.8874e+10 588740 2.56275e-07
1e+09 5.91004e+10 591004 2.3617e-07
1e+09 5.93277e+10 593277 2.17634e-07
1e+09 5.95559e+10 595559 2.0055e-07
1e+09 5.9785e+10 597850 1.84809e-07
1e+09 6.00149e+10 600149 1.70315e-07
1e+09 6.02458e+10 602458 1.56964e-07
1e+09 6.04775e+10 604775 1.44678e-07
1e+09 6.07101e+10 607101 1.33372e-07
1e+09 6.09436e+10 609436 1.22971e-07
1e+09 6.1178e+10 611780 1.13406e-07
1e+09 6.14133e+10 614133 1.04611e-07
1e+09 6.16496e+10 616496 9.6525e-08
1e+09 6.18867e+10 618867 8.90983e-08
1e+09 6.21247e+10 621247 8.22767e-08
1e+09 6.23637e+10 623637 7.60104e-08
1e+09 6.26035e+10 626035 7.02607e-08
1e+09 6.28443e+10 628443 6.49824e-08
1e+09 6.3086e+10 630860 6.01405e-08
1e+09 6.33287e+10 633287 5.56983e-08
1e+09 6.35723e+10 635723 5.1626e-08
1e+09 6.38168e+10 638168 4.7894e-08
1e+09 6.40623e+10 640623 4.44735e-08
1e+09 6.43087e+10 643087 4.13409e-08
1e+09 6.4556e+10 645560 3.84728e-08
1e+09 6.48043e+10 648043 3.58468e-08
1e+09 6.50536e+10 650536 3.34431e-08
1e+09 6.53038e+10 653038 3.12447e-08
1e+09 6.5555e+10 655550 2.92338e-08
1e+09 6.58071e+10 658071 2.73958e-08
1e+09 6.60602e+10 660602 2.57157e-08
1e+09 6.63143e+10 663143 2.41805e-08
1e+09 6.65694e+10 665694 2.27782e-08
1e+09 6.68254e+10 668254 2.14981e-08
1e+09 6.70824e+10 670824 2.03297e-08
1e+09 6.73405e+10 673405 1.9263e-08
1e+09 6.75995e+10 675995 1.82904e-08
1e+09 6.78595e+10 678595 1.74035e-08
1e+09 6.81205e+10 681205 1.6595e-08
1e+09 6.83825e+10 683825 1.58583e-08
1e+09 6.86455e+10 686455 1.51871e-08
1e+09 6.89096e+10 689096 1.45758e-08
1e+09 6.91746e+10 691746 1.40195e-08
1e+09 6.94407e+10 694407 1.3513e-08
1e+09 6.97078e+10 697078 1.30524e-08
1e+09 6.99759e+10 699759 1.26335e-08
1e+09 7.0245e+10 702450 1.22527e-08
1e+09 7.05152e+10 705152 1.19066e-08
1e+09 7.07864e+10 707864 1.15922e-08
1e+09 7.10587e+10 710587 1.13066e-08
1e+09 7.1332e+10 713320 1.10474e-08
1e+09 7.16064e+10 716064 1.08121e-08
1e+09 7.18818e+10 718818 1.05986e-08
1e+09 7.21583e+10 721583 1.04051e-08
1e+09 7.24358e+10 724358 1.02296e-08
1e+09 7.27144e+10 727144 1.00706e-08
1e+09 7.29941e+10 729941 9.92651e-09
1e+09 7.32749e+10 732749 9.79602e-09
1e+09 7.35567e+10 735567 9.67793e-09
1e+09 7.38396e+10 738396 9.56997e-09
1e+09 7.41236e+10 741236 9.46608e-09
1e+09 7.44087e+10 744087 9.36178e-09
1e+09 7.46949e+10 746949 9.25709e-09
1e+09 7.49822e+10 749822 9.15199e-09
1e+09 7.52706e+10 752706 9.04648e-09
1e+09 7.55601e+10 755601 8.94058e-09
1e+09 7.58508e+10 758508 8.83424e-09
1e+09 7.61425e+10 761425 8.72753e-09
1e+09 7.64354e+10 764354 8.62038e-09
1e+09 7.67294e+10 767294 8.51283e-09
1e+09 7.70245e+10 770245 8.40487e-09
1e+09 7.73208e+10 773208 8.29648e-09
1e+09 7.76182e+10 776182 8.18769e-09
1e+09 7.79167e+10 779167 8.07849e-09
1e+09 7.82164e+10 782164 7.96885e-09
1e+09 7.85172e+10 785172 7.85882e-09
1e+09 7.88192e+10 788192 7.74834e-09
1e+09 7.91224e+10 791224 7.63742e-09
1e+09 7.94267e+10 794267 7.5261e-09
1e+09 7.97322e+10 797322 7.41435e-09
1e+09 8.00389e+10 800389 7.30215e-09
1e+09 8.03468e+10 803468 7.18951e-09
1e+09 8.06558e+10 806558 7.07648e-09
1e+09 8.0966e+10 809660 6.963e-09
1e+09 8.12774e+10 812774 6.84908e-09
1e+09 8.15901e+10 815901 6.73469e-09
1e+09 8.19039e+10 819039 6.6199e-09
1e+09 8.22189e+10 822189 6.50466e-09
1e+09 8.25351e+10 825351 6.38899e-09
1e+09 8.28526e+10 828526 6.27284e-09
1e+09 8.31713e+10 831713 6.15626e-09
1e+09 8.34912e+10 834912 6.03923e-09
1e+09 8.38123e+10 838123 5.92177e-09
1e+09 8.41347e+10 841347 5.80383e-09
1e+09 8.44583e+10 844583 5.68545e-09
1e+09 8.47831e+10 847831 5.56663e-09
1e+09 8.51092e+10 851092 5.44734e-09
1e+09 8.54366e+10 854366 5.32757e-09
1e+09 8.57652e+10 857652 5.20736e-09
1e+09 8.60951e+10 860951 5.08668e-09
1e+09 8.64262e+10 864262 4.96555e-09
1e+09 8.67586e+10 867586 4.84396e-09
1e+09 8.70923e+10 870923 4.72188e-09
1e+09 8.74273e+10 874273 4.59933e-09
1e+09 8.77636e+10 877636 4.47631e-09
1e+09 8.81012e+10 881012 4.35281e-09
1e+09 8.844e+10 884400 4.22887e-09
1e+09 8.87802e+10 887802 4.10442e-09
1e+09 8.91217e+10 891217 3.97949e-09
1e+09 8.94645e+10 894645 3.85409e-09
1e+09 8.98086e+10 898086 3.72821e-09
1e+09 9.0154e+10 901540 3.60185e-09
1e+09 9.05008e+10 905008 3.47499e-09
1e+09 9.08489e+10 908489 3.34765e-09
1e+09 9.11983e+10 911983 3.21983e-09
1e+09 9.15491e+10 915491 3.0915e-09
1e+09 9.19012e+10 919012 2.96269e-09
1e+09 9.22547e+10 922547 2.83338e-09
1e+09 9.26095e+10 926095 2.70359e-09
1e+09 9.29657e+10 929657 2.57328e-09
1e+09 9.33233e+10 933233 2.44246e-09
1e+09 9.36822e+10 936822 2.31117e-09
1e+09 9.40426e+10 940426 2.17933e-09
1e+09 9.44043e+10 944043 2.04701e-09
1e+09 9.47674e+10 947674 1.91418e-09
1e+09 9.51319e+10 951319 1.78084e-09
1e+09 9.54978e+10 954978 1.64699e-09
1e+09 9.58651e+10 958651 1.51262e-09
1e+09 9.62338e+10 962338 1.37775e-09
1e+09 9.6604e+10 966040 1.24232e-09
1e+09 9.69755e+10 969755 1.10642e-09
1e+09 9.73485e+10 973485 9.69969e-10
1e+09 9.7723e+10 977230 8.3297e-10
1e+09 9.80988e+10 980988 6.95495e-10
1e+09 9.84762e+10 984762 5.57435e-10
1e+09 9.88549e+10 988549 4.18899e-10
1e+09 9.92352e+10 992352 2.79778e-10
1e+09 9.96168e+10 996168 1.40182e-10
1e+09 1e+11 1e+06 0

1e+10 1e+06 10 2.57437e+10
1e+10 1.00385e+06 10.0385 2.55957e+10
1e+10 1.00771e+06 10.0771 2.54487e+10
1e+10 1.01158e+06 10.1158 2.53027e+10
1e+10 1.01547e+06 10.1547 2.51573e+10
1e+10 1.01938e+06 10.1938 2.50126e+10
1e+10 1.0233e+06 10.233 2.48689e+10
1e+10 1.02724e+06 10.2724 2.47259e+10
1e+10 1.03119e+06 10.3119 2.45839e+10
1e+10 1.03515e+06 10.3515 2.44428e+10
1e+10 1.03914e+06 10.3914 2.43021e+10
1e+10 1.04313e+06 10.4313 2.41627e+10
1e+10 1.04714e+06 10.4714 2.4024e+10
1e+10 1.05117e+06 10.5117 2.38858e+10
1e+10 1.05522e+06 10.5522 2.37484e+10
1e+10 1.05927e+06 10.5927 2.36122e+10
1e+10 1.06335e+06 10.6335 2.34763e+10
1e+10 1.06744e+06 10.6744 2.33415e+10
1e+10 1.07154e+06 10.7154 2.32075e+10
1e+10 1.07567e+06 10.7567 2.30739e+10
1e+10 1.0798e+06 10.798 2.29416e+10
1e+10 1.08396e+06 10.8396 2.28095e+10
1e+10 1.08813e+06 10.8813 2.26784e+10
1e+10 1.09231e+06 10.9231 2.25483e+10
1e+10 1.09651e+06 10.9651 2.24188e+10
1e+10 1.10073e+06 11.0073 2.22899e+10
1e+10 1.10496e+06 11.0496 2.21619e+10
1e+10 1.10921e+06 11.0921 2.20346e+10
1e+10 1.11348e+06 11.1348 2.19079e+10
1e+10 1.11776e+06 11.1776 2.17821e+10
1e+10 1.12206e+06 11.2206 2.16569e+10
1e+10 1.12638e+06 11.2638 2.15323e+10
1e+10 1.13071e+06 11.3071 2.14087e+10
1e+10 1.13506e+06 11.3506 2.12856e+10
1e+10 1.13942e+06 11.3942 2.11635e+10
1e+10 1.14381e+06 11.4381 2.10417e+10
1e+10 1.14821e+06 11.4821 2.09207e+10
1e+10 1.15262e+06 11.5262 2.08007e+10
1e+10 1.15706e+06 11.5706 2.0681e+10
1e+10 1.16151e+06 11.6151 2.05622e+10
1e+10 1.16597e+06 11.6597 2.04442e+10
1e+10 1.17046e+06 11.7046 2.03266e+10
1e+10 1.17496e+06 11.7496 2.02099e+10
1e+10 1.17948e+06 11.7948 2.00937e+10
1e+10 1.18402e+06 11.8402 1.99782e+10
1e+10 1.18857e+06 11.8857 1.98635e+10
1e+10 1.19314e+06 11.9314 1.97494e+10
1e+10 1.19773e+06 11.9773 1.96359e+10
1e+10 1.20234e+06 12.0234 1.9523e+10
1e+10 1.20696e+06 12.0696 1.94109e+10
1e+10 1.21161e+06 12.1161 1.92992e+10
1e+10 1.21627e+06 12.1627 1.91883e+10
1e+10 1.22094e+06 12.2094 1.90782e+10
1e+10 1.22564e+06 12.2564 1.89685e+10
1e+10 1.23035e+06 12.3035 1.88596e+10
1e+10 1.23509e+06 12.3509 1.8751e+10
1e+10 1.23984e+06 12.3984 1.86433e+10
1e+10 1.24461e+06 12.4461 1.85361e+10
1e+10 1.24939e+06 12.4939 1.84298e+10
1e+10 1.2542e+06 12.542 1.83238e+10
1e+10 1.25902e+06 12.5902 1.82185e+10
1e+10 1.26386e+06 12.6386 1.81139e+10
1e+10 1.26873e+06 12.6873 1.80096e+10
1e+10 1.27361e+06 12.7361 1.79061e+10
1e+10 1.2785e+06 12.785 1.78034e+10
1e+10 1.28342e+06 12.8342 1.77011e+10
1e+10 1.28836e+06 12.8836 1.75993e+10
1e+10 1.29331e+06 12.9331 1.74982e+10
1e+10 1.29829e+06 12.9829 1.73976e+10
1e+10 1.30328e+06 13.0328 1.72977e+10
1e+10 1.30829e+06 13.0829 1.71983e+10
1e+10 1.31333e+06 13.1333 1.70993e+10
1e+10 1.31838e+06 13.1838 1.70011e+10
1e+10 1.32345e+06 13.2345 1.69034e+10
1e+10 1.32854e+06 13.2854 1.68063e+10
1e+10 1.33365e+06 13.3365 1.67097e+10
1e+10 1.33878e+06 13.3878 1.66137e+10
1e+10 1.34393e+06 13.4393 1.65182e+10
1e+10 1.3491e+06 13.491 1.64232e+10
1e+10 1.35429e+06 13.5429 1.63288e+10
1e+10 1.3595e+06 13.595 1.6235e+10
1e+10 1.36472e+06 13.6472 1.61418e+10
1e+10 1.36997e+06 13.6997 1.60491e+10
1e+10 1.37524e+06 13.7524 1.59568e+10
1e+10 1.38053e+06 13.8053 1.58651e+10
1e+10 1.38584e+06 13.8584 1.57739e+10
1e+10 1.39117e+06 13.9117 1.56833e+10
1e+10 1.39652e+06 13.9652 1.55932e+10
1e+10 1.4019e+06 14.019 1.55034e+10
1e+10 1.40729e+06 14.0729 1.54143e+10
1e+10 1.4127e+06 14.127 1.53258e+10
1e+10 1.41813e+06 14.1813 1.52378e+10
1e+10 1.42359e+06 14.2359 1.51501e+10
1e+10 1.42906e+06 14.2906 1.50631e+10
1e+10 1.43456e+06 14.3456 1.49765e+10
1e+10 1.44008e+06 14.4008 1.48904e+10
1e+10 1.44562e+06 14.4562 1.48048e+10
1e+10 1.45118e+06 14.5118 1.47197e+10
1e+10 1.45676e+06 14.5676 1.46352e+10
1e+10 1.46236e+06 14.6236 1.45511e+10
1e+10 1.46799e+06 14.6799 1.44674e+10
1e+10 1.47363e+06 14.7363 1.43843e+10
1e+10 1.4793e+06 14.793 1.43016e+10
1e+10 1.48499e+06 14.8499 1.42194e+10
1e+10 1.4907e+06 14.907 1.41378e+10
1e+10 1.49644e+06 14.9644 1.40564e+10
1e+10 1.50219e+06 15.0219 1.39757e+10
1e+10 1.50797e+06 15.0797 1.38953e+10
1e+10 1.51377e+06 15.1377 1.38155e+10
1e+10 1.51959e+06 15.1959 1.37361e+10
1e+10 1.52544e+06 15.2544 1.36571e+10
1e+10 1.5313e+06 15.313 1.35787e+10
1e+10 1.53719e+06 15.3719 1.35007e+10
1e+10 1.54311e+06 15.4311 1.3423e+10
1e+10 1.54904e+06 15.4904 1.33459e+10
1e+10 1.555e+06 15.55 1.32692e+10
1e+10 1.56098e+06 15.6098 1.31929e+10
1e+10 1.56699e+06 15.6699 1.3117e+10
1e+10 1.57301e+06 15.7301 1.30417e+10
1e+10 1.57906e+06 15.7906 1.29667e+10
1e+10 1.58514e+06 15.8514 1.28921e+10
1e+10 1.59123e+06 15.9123 1.28181e+10
1e+10 1.59735e+06 15.9735 1.27444e+10
1e+10 1.6035e+06 16.035 1.26711e+10
1e+10 1.60967e+06 16.0967 1.25983e+10
1e+10 1.61586e+06 16.1586 1.25259e+10
1e+10 1.62207e+06 16.2207 1.24539e+10
1e+10 1.62831e+06 16.2831 1.23823e+10
1e+10 1.63457e+06 16.3457 1.23112e+10
1e+10 1.64086e+06 16.4086 1.22404e+10
1e+10 1.64717e+06 16.4717 1.21701e+10
1e+10 1.65351e+06 16.5351 1.21001e+10
1e+10 1.65987e+06 16.5987 1.20305e+10
1e+10 1.66625e+06 16.6625 1.19614e+10
1e+10 1.67266e+06 16.7266 1.18926e+10
1e+10 1.67909e+06 16.7909 1.18243e+10
1e+10 1.68555e+06 16.8555 1.17563e+10
1e+10 1.69204e+06 16.9204 1.16887e+10
1e+10 1.69854e+06 16.9854 1.16216e+10
1e+10 1.70508e+06 17.0508 1.15547e+10
1e+10 1.71163e+06 17.1163 1.14884e+10
1e+10 1.71822e+06 17.1822 1.14223e+10
1e+10 1.72483e+06 17.2483 1.13566e+10
1e+10 1.73146e+06 17.3146 1.12914e+10
1e+10 1.73812e+06 17.3812 1.12265e+10
1e+10 1.74481e+06 17.4481 1.11619e+10
1e+10 1.75152e+06 17.5152 1.10977e+10
1e+10 1.75825e+06 17.5825 1.1034e+10
1e+10 1.76502e+06 17.6502 1.09705e+10
1e+10 1.77181e+06 17.7181 1.09074e+10
1e+10 1.77862e+06 17.7862 1.08448e+10
1e+10 1.78546e+06 17.8546 1.07825e+10
1e+10 1.79233e+06 17.9233 1.07204e+10
1e+10 1.79922e+06 17.9922 1.06589e+10
1e+10 1.80614e+06 18.0614 1.05976e+10
1e+10 1.81309e+06 18.1309 1.05366e+10
1e+10 1.82006e+06 18.2006 1.04761e+10
1e+10 1.82706e+06 18.2706 1.04159e+10
1e+10 1.83409e+06 18.3409 1.0356e+10
1e+10 1.84115e+06 18.4115 1.02964e+10
1e+10 1.84823e+06 18.4823 1.02372e+10
1e+10 1.85534e+06 18.5534 1.01784e+10
1e+10 1.86247e+06 18.6247 1.01199e+10
1e+10 1.86964e+06 18.6964 1.00617e+10
1e+10 1.87683e+06 18.7683 1.00039e+10
1e+10 1.88405e+06 18.8405 9.94633e+09
1e+10 1.89129e+06 18.9129 9.88921e+09
1e+10 1.89857e+06 18.9857 9.83231e+09
1e+10 1.90587e+06 19.0587 9.77581e+09
1e+10 1.9132e+06 19.132 9.71961e+09
1e+10 1.92056e+06 19.2056 9.66373e+09
1e+10 1.92795e+06 19.2795 9.60815e+09
1e+10 1.93536e+06 19.3536 9.55295e+09
1e+10 1.94281e+06 19.4281 9.49799e+09
1e+10 1.95028e+06 19.5028 9.44341e+09
1e+10 1.95778e+06 19.5778 9.38913e+09
1e+10 1.96531e+06 19.6531 9.33515e+09
1e+10 1.97287e+06 19.7287 9.28148e+09
1e+10 1.98046e+06 19.8046 9.2281e+09
1e+10 1.98808e+06 19.8808 9.17503e+09
1e+10 1.99572e+06 19.9572 9.12233e+09
1e+10 2.0034e+06 20.034 9.06986e+09
1e+10 2.0111e+06 20.111 9.01775e+09
1e+10 2.01884e+06 20.1884 8.96588e+09
1e+10 2.0266e+06 20.266 8.91436e+09
1e+10 2.0344e+06 20.344 8.86308e+09
1e+10 2.04222e+06 20.4222 8.81216e+09
1e+10 2.05008e+06 20.5008 8.76146e+09
1e+10 2.05796e+06 20.5796 8.71112e+09
1e+10 2.06588e+06 20.6588 8.66101e+09
1e+10 2.07383e+06 20.7383 8.61119e+09
1e+10 2.0818e+06 20.818 8.56172e+09
1e+10 2.08981e+06 20.8981 8.51248e+09
1e+10 2.09785e+06 20.9785 8.46352e+09
1e+10 2.10592e+06 21.0592 8.41486e+09
1e+10 2.11402e+06 21.1402 8.36647e+09
1e+10 2.12215e+06 21.2215 8.31838e+09
1e+10 2.13031e+06 21.3031 8.27056e+09
1e+10 2.1385e+06 21.385 8.22303e+09
1e+10 2.14673e+06 21.4673 8.17573e+09
1e+10 2.15499e+06 21.5499 8.1287e+09
1e+10 2.16327e+06 21.6327 8.08201e+09
1e+10 2.1716e+06 21.716 8.03549e+09
1e+10 2.17995e+06 21.7995 7.9893e+09
1e+10 2.18833e+06 21.8833 7.94339e+09
1e+10 2.19675e+06 21.9675 7.8977e+09
1e+10 2.2052e+06 22.052 7.85229e+09
1e+10 2.21368e+06 22.1368 7.80715e+09
1e+10 2.2222e+06 22.222 7.76223e+09
1e+10 2.23074e+06 22.3074 7.71763e+09
1e+10 2.23932e+06 22.3932 7.67326e+09
1e+10 2.24794e+06 22.4794 7.6291e+09
1e+10 2.25658e+06 22.5658 7.58527e+09
1e+10 2.26526e+06 22.6526 7.54165e+09
1e+10 2.27397e+06 22.7397 7.4983e+09
1e+10 2.28272e+06 22.8272 7.45516e+09
1e+10 2.2915e+06 22.915 7.4123e+09
1e+10 2.30031e+06 23.0031 7.36969e+09
1e+10 2.30916e+06 23.0916 7.3273e+09
1e+10 2.31804e+06 23.1804 7.28518e+09
1e+10 2.32696e+06 23.2696 7.24327e+09
1e+10 2.33591e+06 23.3591 7.20162e+09
1e+10 2.34489e+06 23.4489 7.16023e+09
1e+10 2.35391e+06 23.5391 7.11905e+09
1e+10 2.36297e+06 23.6297 7.07808e+09
1e+10 2.37206e+06 23.7206 7.03737e+09
1e+10 2.38118e+06 23.8118 6.99692e+09
1e+10 2.39034e+06 23.9034 6.95668e+09
1e+10 2.39953e+06 23.9953 6.91669e+09
1e+10 2.40876e+06 24.0876 6.87692e+09
1e+10 2.41803e+06 24.1803 6.83735e+09
1e+10 2.42733e+06 24.2733 6.79803e+09
1e+10 2.43666e+06 24.3666 6.75896e+09
1e+10 2.44604e+06 24.4604 6.72006e+09
1e+10 2.45544e+06 24.5544 6.68145e+09
1e+10 2.46489e+06 24.6489 6.643e+09
1e+10 2.47437e+06 24.7437 6.6048e+09
1e+10 2.48389e+06 24.8389 6.56681e+09
1e+10 2.49344e+06 24.9344 6.52906e+09
1e+10 2.50303e+06 25.0303 6.49151e+09
1e+10 2.51266e+06 25.1266 6.45417e+09
1e+10 2.52232e+06 25.2232 6.41707e+09
1e+10 2.53202e+06 25.3202 6.38017e+09
1e+10 2.54176e+06 25.4176 6.34347e+09
1e+10 2.55154e+06 25.5154 6.30698e+09
1e+10 2.56135e+06 25.6135 6.27072e+09
1e+10 2.57121e+06 25.7121 6.23463e+09
1e+10 2.58109e+06 25.8109 6.19881e+09
1e+10 2.59102e+06 25.9102 6.16315e+09
1e+10 2.60099e+06 26.0099 6.12769e+09
1e+10 2.61099e+06 26.1099 6.09246e+09
1e+10 2.62104e+06 26.2104 6.05739e+09
1e+10 2.63112e+06 26.3112 6.02256e+09
1e+10 2.64124e+06 26.4124 5.98792e+09
1e+10 2.6514e+06 26.514 5.95348e+09
1e+10 2.66159e+06 26.6159 5.91926e+09
1e+10 2.67183e+06 26.7183 5.88521e+09
1e+10 2.68211e+06 26.8211 5.85135e+09
1e+10 2.69242e+06 26.9242 5.81772e+09
1e+10 2.70278e+06 27.0278 5.78424e+09
1e+10 2.71318e+06 27.1318 5.75096e+09
1e+10 2.72361e+06 27.2361 5.7179e+09
1e+10 2.73409e+06 27.3409 5.685e+09
1e+10 2.7446e+06 27.446 5.65232e+09
1e+10 2.75516e+06 27.5516 5.6198e+09
1e+10 2.76576e+06 27.6576 5.58746e+09
1e+10 2.77639e+06 27.7639 5.55535e+09
1e+10 2.78707e+06 27.8707 5.52339e+09
1e+10 2.79779e+06 27.9779 5.49162e+09
1e+10 2.80855e+06 28.0855 5.46004e+09
1e+10 2.81936e+06 28.1936 5.42861e+09
1e+10 2.8302e+06 28.302 5.3974e+09
1e+10 2.84109e+06 28.4109 5.36634e+09
1e+10 2.85201e+06 28.5201 5.33549e+09
1e+10 2.86298e+06 28.6298 5.3048e+09
1e+10 2.874e+06 28.74 5.27426e+09
1e+10 2.88505e+06 28.8505 5.24394e+09
1e+10 2.89615e+06 28.9615 5.21376e+09
1e+10 2.90729e+06 29.0729 5.18377e+09
1e+10 2.91847e+06 29.1847 5.15396e+09
1e+10 2.92969e+06 29.2969 5.12432e+09
1e+10 2.94096e+06 29.4096 5.09484e+09
1e+10 2.95227e+06 29.5227 5.06554e+09
1e+10 2.96363e+06 29.6363 5.03639e+09
1e+10 2.97503e+06 29.7503 5.00741e+09
1e+10 2.98647e+06 29.8647 4.97861e+09
1e+10 2.99796e+06 29.9796 4.94996e+09
1e+10 3.00949e+06 30.0949 4.92149e+09
1e+10 3.02106e+06 30.2106 4.89319e+09
1e+10 3.03268e+06 30.3268 4.86504e+09
1e+10 3.04435e+06 30.4435 4.83704e+09
1e+10 3.05606e+06 30.5606 4.80921e+09
1e+10 3.06781e+06 30.6781 4.78156e+09
1e+10 3.07961e+06 30.7961 4.75405e+09
1e+10 3.09146e+06 30.9146 4.72669e+09
1e+10 3.10335e+06 31.0335 4.6995e+09
1e+10 3.11529e+06 31.1529 4.67245e+09
1e+10 3.12727e+06 31.2727 4.64558e+09
1e+10 3.1393e+06 31.393 4.61885e+09
1e+10 3.15137e+06 31.5137 4.59228e+09
1e+10 3.16349e+06 31.6349 4.56586e+09
1e+10 3.17566e+06 31.7566 4.53959e+09
1e+10 3.18787e+06 31.8787 4.51348e+09
1e+10 3.20014e+06 32.0014 4.4875e+09
1e+10 3.21244e+06 32.1244 4.4617e+09
1e+10 3.2248e+06 32.248 4.43602e+09
1e+10 3.2372e+06 32.372 4.4105e+09
1e+10 3.24966e+06 32.4966 4.38511e+09
1e+10 3.26215e+06 32.6215 4.3599e+09
1e+10 3.2747e+06 32.747 4.33481e+09
1e+10 3.2873e+06 32.873 4.30986e+09
1e+10 3.29994e+06 32.9994 4.28507e+09
1e+10 3.31263e+06 33.1263 4.26042e+09
1e+10 3.32537e+06 33.2537 4.23591e+09
1e+10 3.33817e+06 33.3817 4.21151e+09
1e+10 3.351e+06 33.51 4.1873e+09
1e+10 3.36389e+06 33.6389 4.1632e+09
1e+10 3.37683e+06 33.7683 4.13925e+09
1e+10 3.38982e+06 33.8982 4.11543e+09
1e+10 3.40286e+06 34.0286 4.09174e+09
1e+10 3.41595e+06 34.1595 4.0682e+09
1e+10 3.42909e+06 34.2909 4.04478e+09
1e+10 3.44228e+06 34.4228 4.02151e+09
1e+10 3.45552e+06 34.5552 3.99837e+09
1e+10 3.46881e+06 34.6881 3.97536e+09
1e+10 3.48215e+06 34.8215 3.95249e+09
1e+10 3.49554e+06 34.9554 3.92975e+09
1e+10 3.50899e+06 35.0899 3.90713e+09
1e+10 3.52248e+06 35.2248 3.88466e+09
1e+10 3.53603e+06 35.3603 3.8623e+09
1e+10 3.54963e+06 35.4963 3.84007e+09
1e+10 3.56329e+06 35.6329 3.81796e+09
1e+10 3.57699e+06 35.7699 3.796e+09
1e+10 3.59075e+06 35.9075 3.77415e+09
1e+10 3.60456e+06 36.0456 3.75244e+09
1e+10 3.61842e+06 36.1842 3.73085e+09
1e+10 3.63234e+06 36.3234 3.70937e+09
1e+10 3.64631e+06 36.4631 3.68803e+09
1e+10 3.66034e+06 36.6034 3.6668e+09
1e+10 3.67442e+06 36.7442 3.64569e+09
1e+10 3.68855e+06 36.8855 3.62472e+09
1e+10 3.70274e+06 37.0274 3.60385e+09
1e+10 3.71698e+06 37.1698 3.58311e+09
1e+10 3.73128e+06 37.3128 3.56249e+09
1e+10 3.74563e+06 37.4563 3.54199e+09
1e+10 3.76003e+06 37.6003 3.52161e+09
1e+10 3.7745e+06 37.745 3.50133e+09
1e+10 3.78901e+06 37.8901 3.48119e+09
1e+10 3.80359e+06 38.0359 3.46114e+09
1e+10 3.81822e+06 38.1822 3.44122e+09
1e+10 3.8329e+06 38.329 3.42143e+09
1e+10 3.84765e+06 38.4765 3.40172e+09
1e+10 3.86244e+06 38.6244 3.38216e+09
1e+10 3.8773e+06 38.773 3.36268e+09
1e+10 3.89221e+06 38.9221 3.34333e+09
1e+10 3.90718e+06 39.0718 3.32409e+09
1e+10 3.92221e+06 39.2221 3.30496e+09
1e+10 3.9373e+06 39.373 3.28593e+09
1e+10 3.95244e+06 39.5244 3.26702e+09
1e+10 3.96765e+06 39.6765 3.2482e+09
1e+10 3.98291e+06 39.8291 3.22951e+09
1e+10 3.99823e+06 39.9823 3.21092e+09
1e+10 4.0136e+06 40.136 3.19244e+09
1e+10 4.02904e+06 40.2904 3.17407e+09
1e+10 4.04454e+06 40.4454 3.15579e+09
1e+10 4.06009e+06 40.6009 3.13763e+09
1e+10 4.07571e+06 40.7571 3.11957e+09
1e+10 4.09139e+06 40.9139 3.1016e+09
1e+10 4.10712e+06 41.0712 3.08376e+09
1e+10 4.12292e+06 41.2292 3.066e+09
1e+10 4.13878e+06 41.3878 3.04835e+09
1e+10 4.1547e+06 41.547 3.0308e+09
1e+10 4.17068e+06 41.7068 3.01335e+09
1e+10 4.18672e+06 41.8672 2.99601e+09
1e+10 4.20282e+06 42.0282 2.97876e+09
1e+10 4.21899e+06 42.1899 2.96161e+09
1e+10 4.23522e+06 42.3522 2.94456e+09
1e+10 4.25151e+06 42.5151 2.92761e+09
1e+10 4.26786e+06 42.6786 2.91075e+09
1e+10 4.28427e+06 42.8427 2.894e+09
1e+10 4.30075e+06 43.0075 2.87734e+09
1e+10 4.3173e+06 43.173 2.86077e+09
1e+10 4.3339e+06 43.339 2.8443e+09
1e+10 4.35057e+06 43.5057 2.82793e+09
1e+10 4.3673e+06 43.673 2.81165e+09
1e+10 4.3841e+06 43.841 2.79546e+09
1e+10 4.40096e+06 44.0096 2.77936e+09
1e+10 4.41789e+06 44.1789 2.76336e+09
1e+10 4.43488e+06 44.3488 2.74745e+09
1e+10 4.45194e+06 44.5194 2.73163e+09
1e+10 4.46907e+06 44.6907 2.7159e+09
1e+10 4.48626e+06 44.8626 2.70026e+09
1e+10 4.50351e+06 45.0351 2.68472e+09
1e+10 4.52083e+06 45.2083 2.66926e+09
1e+10 4.53822e+06 45.3822 2.65389e+09
1e+10 4.55568e+06 45.5568 2.6386e+09
1e+10 4.5732e+06 45.732 2.62341e+09
1e+10 4.59079e+06 45.9079 2.6083e+09
1e+10 4.60845e+06 46.0845 2.59328e+09
1e+10 4.62617e+06 46.2617 2.57835e+09
1e+10 4.64397e+06 46.4397 2.5635e+09
1e+10 4.66183e+06 46.6183 2.54874e+09
1e+10 4.67976e+06 46.7976 2.53407e+09
1e+10 4.69776e+06 46.9776 2.51947e+09
1e+10 4.71583e+06 47.1583 2.50496e+09
1e+10 4.73397e+06 47.3397 2.49054e+09
1e+10 4.75217e+06 47.5217 2.4762e+09
1e+10 4.77045e+06 47.7045 2.46194e+09
1e+10 4.7888e+06 47.888 2.44776e+09
1e+10 4.80722e+06 48.0722 2.43366e+09
1e+10 4.82571e+06 48.2571 2.41965e+09
1e+10 4.84427e+06 48.4427 2.40571e+09
1e+10 4.8629e+06 48.629 2.39186e+09
1e+10 4.88161e+06 48.8161 2.37808e+09
1e+10 4.90038e+06 49.0038 2.36439e+09
1e+10 4.91923e+06 49.1923 2.35077e+09
1e+10 4.93815e+06 49.3815 2.33723e+09
1e+10 4.95715e+06 49.5715 2.32377e+09
1e+10 4.97621e+06 49.7621 2.31039e+09
1e+10 4.99535e+06 49.9535 2.29708e+09
1e+10 5.01457e+06 50.1457 2.28385e+09
1e+10 5.03385e+06 50.3385 2.2707e+09
1e+10 5.05322e+06 50.5322 2.25761e+09
1e+10 5.07265e+06 50.7265 2.24461e+09
1e+10 5.09216e+06 50.9216 2.23168e+09
1e+10 5.11175e+06 51.1175 2.21883e+09
1e+10 5.13141e+06 51.3141 2.20605e+09
1e+10 5.15115e+06 51.5115 2.19334e+09
1e+10 5.17096e+06 51.7096 2.18071e+09
1e+10 5.19085e+06 51.9085 2.16814e+09
1e+10 5.21081e+06 52.1081 2.15566e+09
1e+10 5.23086e+06 52.3086 2.14324e+09
1e+10 5.25098e+06 52.5098 2.13089e+09
1e+10 5.27117e+06 52.7117 2.11862e+09
1e+10 5.29145e+06 52.9145 2.10641e+09
1e+10 5.3118e+06 53.118 2.09428e+09
1e+10 5.33223e+06 53.3223 2.08221e+09
1e+10 5.35274e+06 53.5274 2.07022e+09
1e+10 5.37333e+06 53.7333 2.05829e+09
1e+10 5.394e+06 53.94 2.04643e+09
1e+10 5.41474e+06 54.1474 2.03465e+09
1e+10 5.43557e+06 54.3557 2.02292e+09
1e+10 5.45648e+06 54.5648 2.01127e+09
1e+10 5.47746e+06 54.7746 1.99968e+09
1e+10 5.49853e+06 54.9853 1.98816e+09
1e+10 5.51968e+06 55.1968 1.97671e+09
1e+10 5.54091e+06 55.4091 1.96532e+09
1e+10 5.56222e+06 55.6222 1.95399e+09
1e+10 5.58362e+06 55.8362 1.94273e+09
1e+10 5.60509e+06 56.0509 1.93154e+09
1e+10 5.62665e+06 56.2665 1.92041e+09
1e+10 5.64829e+06 56.4829 1.90935e+09
1e+10 5.67002e+06 56.7002 1.89835e+09
1e+10 5.69183e+06 56.9183 1.88741e+09
1e+10 5.71372e+06 57.1372 1.87653e+09
1e+10 5.7357e+06 57.357 1.86572e+09
1e+10 5.75776e+06 57.5776 1.85497e+09
1e+10 5.7799e+06 57.799 1.84428e+09
1e+10 5.80214e+06 58.0214 1.83365e+09
1e+10 5.82445e+06 58.2445 1.82309e+09
1e+10 5.84685e+06 58.4685 1.81258e+09
1e+10 5.86934e+06 58.6934 1.80214e+09
1e+10 5.89192e+06 58.9192 1.79175e+09
1e+10 5.91458e+06 59.1458 1.78143e+09
1e+10 5.93733e+06 59.3733 1.77116e+09
1e+10 5.96017e+06 59.6017 1.76095e+09
1e+10 5.98309e+06 59.8309 1.7508e+09
1e+10 6.0061e+06 60.061 1.74072e+09
1e+10 6.02921e+06 60.2921 1.73068e+09
1e+10 6.0524e+06 60.524 1.72071e+09
1e+10 6.07567e+06 60.7567 1.71079e+09
1e+10 6.09904e+06 60.9904 1.70093e+09
1e+10 6.1225e+06 61.225 1.69113e+09
1e+10 6.14605e+06 61.4605 1.68138e+09
1e+10 6.16969e+06 61.6969 1.67169e+09
1e+10 6.19342e+06 61.9342 1.66205e+09
1e+10 6.21724e+06 62.1724 1.65248e+09
1e+10 6.24116e+06 62.4116 1.64295e+09
1e+10 6.26516e+06 62.6516 1.63348e+09
1e+10 6.28926e+06 62.8926 1.62406e+09
1e+10 6.31345e+06 63.1345 1.6147e+09
1e+10 6.33773e+06 63.3773 1.6054e+09
1e+10 6.36211e+06 63.6211 1.59614e+09
1e+10 6.38658e+06 63.8658 1.58694e+09
1e+10 6.41115e+06 64.1115 1.57779e+09
1e+10 6.4358e+06 64.358 1.5687e+09
1e+10 6.46056e+06 64.6056 1.55965e+09
1e+10 6.48541e+06 64.8541 1.55066e+09
1e+10 6.51035e+06 65.1035 1.54173e+09
1e+10 6.53539e+06 65.3539 1.53284e+09
1e+10 6.56053e+06 65.6053 1.524e+09
1e+10 6.58576e+06 65.8576 1.51522e+09
1e+10 6.6111e+06 66.111 1.50648e+09
1e+10 6.63652e+06 66.3652 1.49779e+09
1e+10 6.66205e+06 66.6205 1.48916e+09
1e+10 6.68767e+06 66.8767 1.48057e+09
1e+10 6.7134e+06 67.134 1.47204e+09
1e+10 6.73922e+06 67.3922 1.46355e+09
1e+10 6.76514e+06 67.6514 1.45511e+09
1e+10 6.79116e+06 67.9116 1.44672e+09
1e+10 6.81728e+06 68.1728 1.43838e+09
1e+10 6.8435e+06 68.435 1.43009e+09
1e+10 6.86982e+06 68.6982 1.42184e+09
1e+10 6.89625e+06 68.9625 1.41364e+09
1e+10 6.92277e+06 69.2277 1.40549e+09
1e+10 6.9494e+06 69.494 1.39739e+09
1e+10 6.97613e+06 69.7613 1.38933e+09
1e+10 7.00296e+06 70.0296 1.38132e+09
1e+10 7.0299e+06 70.299 1.37335e+09
1e+10 7.05694e+06 70.5694 1.36543e+09
1e+10 7.08408e+06 70.8408 1.35756e+09
1e+10 7.11133e+06 71.1133 1.34973e+09
1e+10 7.13868e+06 71.3868 1.34195e+09
1e+10 7.16614e+06 71.6614 1.33421e+09
1e+10 7.1937e+06 71.937 1.32651e+09
1e+10 7.22137e+06 72.2137 1.31886e+09
1e+10 7.24914e+06 72.4914 1.31126e+09
1e+10 7.27703e+06 72.7703 1.30369e+09
1e+10 7.30502e+06 73.0502 1.29617e+09
1e+10 7.33311e+06 73.3311 1.2887e+09
1e+10 7.36132e+06 73.6132 1.28126e+09
1e+10 7.38963e+06 73.8963 1.27388e+09
1e+10 7.41806e+06 74.1806 1.26653e+09
1e+10 7.44659e+06 74.4659 1.25922e+09
1e+10 7.47523e+06 74.7523 1.25196e+09
1e+10 7.50398e+06 75.0398 1.24474e+09
1e+10 7.53284e+06 75.3284 1.23756e+09
1e+10 7.56182e+06 75.6182 1.23042e+09
1e+10 7.5909e+06 75.909 1.22332e+09
1e+10 7.6201e+06 76.201 1.21626e+09
1e+10 7.64941e+06 76.4941 1.20925e+09
1e+10 7.67883e+06 76.7883 1.20227e+09
1e+10 7.70837e+06 77.0837 1.19534e+09
1e+10 7.73801e+06 77.3801 1.18844e+09
1e+10 7.76778e+06 77.6778 1.18158e+09
1e+10 7.79765e+06 77.9765 1.17477e+09
1e+10 7.82765e+06 78.2765 1.16799e+09
1e+10 7.85775e+06 78.5775 1.16125e+09
1e+10 7.88798e+06 78.8798 1.15455e+09
1e+10 7.91832e+06 79.1832 1.14789e+09
1e+10 7.94877e+06 79.4877 1.14127e+09
1e+10 7.97935e+06 79.7935 1.13468e+09
1e+10 8.01004e+06 80.1004 1.12814e+09
1e+10 8.04085e+06 80.4085 1.12163e+09
1e+10 8.07177e+06 80.7177 1.11516e+09
1e+10 8.10282e+06 81.0282 1.10872e+09
1e+10 8.13399e+06 81.3399 1.10232e+09
1e+10 8.16527e+06 81.6527 1.09596e+09
1e+10 8.19668e+06 81.9668 1.08964e+09
1e+10 8.2282e+06 82.282 1.08335e+09
1e+10 8.25985e+06 82.5985 1.0771e+09
1e+10 8.29162e+06 82.9162 1.07088e+09
1e+10 8.32352e+06 83.2352 1.0647e+09
1e+10 8.35553e+06 83.5553 1.05856e+09
1e+10 8.38767e+06 83.8767 1.05245e+09
1e+10 8.41993e+06 84.1993 1.04638e+09
1e+10 8.45231e+06 84.5231 1.04034e+09
1e+10 8.48482e+06 84.8482 1.03433e+09
1e+10 8.51746e+06 85.1746 1.02836e+09
1e+10 8.55022e+06 85.5022 1.02243e+09
1e+10 8.58311e+06 85.8311 1.01653e+09
1e+10 8.61612e+06 86.1612 1.01066e+09
1e+10 8.64926e+06 86.4926 1.00483e+09
1e+10 8.68253e+06 86.8253 9.99025e+08
1e+10 8.71592e+06 87.1592 9.93259e+08
1e+10 8.74945e+06 87.4945 9.87525e+08
1e+10 8.7831e+06 87.831 9.81825e+08
1e+10 8.81688e+06 88.1688 9.76158e+08
1e+10 8.8508e+06 88.508 9.70521e+08
1e+10 8.88484e+06 88.8484 9.64919e+08
1e+10 8.91901e+06 89.1901 9.5935e+08
1e+10 8.95332e+06 89.5332 9.5381e+08
1e+10 8.98775e+06 89.8775 9.48305e+08
1e+10 9.02232e+06 90.2232 9.4283e+08
1e+10 9.05703e+06 90.5703 9.37386e+08
1e+10 9.09186e+06 90.9186 9.31975e+08
1e+10 9.12683e+06 91.2683 9.26594e+08
1e+10 9.16194e+06 91.6194 9.21243e+08
1e+10 9.19718e+06 91.9718 9.15924e+08
1e+10 9.23255e+06 92.3255 9.10636e+08
1e+10 9.26806e+06 92.6806 9.05378e+08
1e+10 9.30371e+06 93.0371 9.0015e+08
1e+10 9.3395e+06 93.395 8.94952e+08
1e+10 9.37542e+06 93.7542 8.89784e+08
1e+10 9.41148e+06 94.1148 8.84646e+08
1e+10 9.44768e+06 94.4768 8.79538e+08
1e+10 9.48402e+06 94.8402 8.74458e+08
1e+10 9.5205e+06 95.205 8.69408e+08
1e+10 9.55711e+06 95.5711 8.64389e+08
1e+10 9.59387e+06 95.9387 8.59397e+08
1e+10 9.63077e+06 96.3077 8.54434e+08
1e+10 9.66782e+06 96.6782 8.49498e+08
1e+10 9.705e+06 97.05 8.44592e+08
1e+10 9.74233e+06 97.4233 8.39714e+08
1e+10 9.7798e+06 97.798 8.34864e+08
1e+10 9.81742e+06 98.1742 8.30042e+08
1e+10 9.85518e+06 98.5518 8.25248e+08
1e+10 9.89309e+06 98.9309 8.2048e+08
1e+10 9.93114e+06 99.3114 8.15741e+08
1e+10 9.96934e+06 99.6934 8.11029e+08
1e+10 1.00077e+07 100.077 8.06342e+08
1e+10 1.00462e+07 100.462 8.01683e+08
1e+10 1.00848e+07 100.848 7.97057e+08
1e+10 1.01236e+07 101.236 7.92451e+08
1e+10 1.01625e+07 101.625 7.87878e+08
1e+10 1.02016e+07 102.016 7.83325e+08
1e+10 1.02409e+07 102.409 7.78792e+08
1e+10 1.02803e+07 102.803 7.74292e+08
1e+10 1.03198e+07 103.198 7.69823e+08
1e+10 1.03595e+07 103.595 7.65374e+08
1e+10 1.03993e+07 103.993 7.60957e+08
1e+10 1.04393e+07 104.393 7.5656e+08
1e+10 1.04795e+07 104.795 7.52184e+08
1e+10 1.05198e+07 105.198 7.47838e+08
1e+10 1.05603e+07 105.603 7.43513e+08
1e+10 1.06009e+07 106.009 7.39218e+08
1e+10 1.06417e+07 106.417 7.34944e+08
1e+10 1.06826e+07 106.826 7.307e+08
1e+10 1.07237e+07 107.237 7.26476e+08
1e+10 1.07649e+07 107.649 7.22283e+08
1e+10 1.08063e+07 108.063 7.18109e+08
1e+10 1.08479e+07 108.479 7.13955e+08
1e+10 1.08896e+07 108.896 7.09831e+08
1e+10 1.09315e+07 109.315 7.05727e+08
1e+10 1.09735e+07 109.735 7.01653e+08
1e+10 1.10157e+07 110.157 6.97598e+08
1e+10 1.10581e+07 110.581 6.93563e+08
1e+10 1.11007e+07 111.007 6.89548e+08
1e+10 1.11433e+07 111.433 6.85571e+08
1e+10 1.11862e+07 111.862 6.81605e+08
1e+10 1.12292e+07 112.292 6.77667e+08
1e+10 1.12724e+07 112.724 6.73749e+08
1e+10 1.13158e+07 113.158 6.6985e+08
1e+10 1.13593e+07 113.593 6.6598e+08
1e+10 1.1403e+07 114.03 6.62129e+08
1e+10 1.14469e+07 114.469 6.58298e+08
1e+10 1.14909e+07 114.909 6.54494e+08
1e+10 1.15351e+07 115.351 6.5071e+08
1e+10 1.15794e+07 115.794 6.46953e+08
1e+10 1.1624e+07 116.24 6.43208e+08
1e+10 1.16687e+07 116.687 6.39489e+08
1e+10 1.17136e+07 117.136 6.3579e+08
1e+10 1.17586e+07 117.586 6.32118e+08
1e+10 1.18039e+07 118.039 6.28457e+08
1e+10 1.18493e+07 118.493 6.24823e+08
1e+10 1.18948e+07 118.948 6.21216e+08
1e+10 1.19406e+07 119.406 6.1762e+08
1e+10 1.19865e+07 119.865 6.1405e+08
1e+10 1.20326e+07 120.326 6.10499e+08
1e+10 1.20789e+07 120.789 6.06967e+08
1e+10 1.21254e+07 121.254 6.03454e+08
1e+10 1.2172e+07 121.72 5.99966e+08
1e+10 1.22188e+07 122.188 5.96498e+08
1e+10 1.22658e+07 122.658 5.93047e+08
1e+10 1.2313e+07 123.13 5.89615e+08
1e+10 1.23603e+07 123.603 5.86209e+08
1e+10 1.24079e+07 124.079 5.82814e+08
1e+10 1.24556e+07 124.556 5.79445e+08
1e+10 1.25035e+07 125.035 5.76093e+08
1e+10 1.25516e+07 125.516 5.7276e+08
1e+10 1.25999e+07 125.999 5.69445e+08
1e+10 1.26484e+07 126.484 5.66148e+08
1e+10 1.2697e+07 126.97 5.62876e+08
1e+10 1.27458e+07 127.458 5.59622e+08
1e+10 1.27949e+07 127.949 5.56379e+08
1e+10 1.28441e+07 128.441 5.53161e+08
1e+10 1.28935e+07 128.935 5.49961e+08
1e+10 1.29431e+07 129.431 5.46778e+08
1e+10 1.29929e+07 129.929 5.43613e+08
1e+10 1.30428e+07 130.428 5.40472e+08
1e+10 1.3093e+07 130.93 5.37343e+08
1e+10 1.31434e+07 131.434 5.34231e+08
1e+10 1.31939e+07 131.939 5.31142e+08
1e+10 1.32447e+07 132.447 5.28065e+08
1e+10 1.32956e+07 132.956 5.25012e+08
1e+10 1.33467e+07 133.467 5.21976e+08
1e+10 1.33981e+07 133.981 5.18951e+08
1e+10 1.34496e+07 134.496 5.15949e+08
1e+10 1.35013e+07 135.013 5.12965e+08
1e+10 1.35533e+07 135.533 5.09992e+08
1e+10 1.36054e+07 136.054 5.07041e+08
1e+10 1.36577e+07 136.577 5.04108e+08
1e+10 1.37103e+07 137.103 5.01186e+08
1e+10 1.3763e+07 137.63 4.98287e+08
1e+10 1.38159e+07 138.159 4.95404e+08
1e+10 1.38691e+07 138.691 4.92533e+08
1e+10 1.39224e+07 139.224 4.89684e+08
1e+10 1.3976e+07 139.76 4.86846e+08
1e+10 1.40297e+07 140.297 4.8403e+08
1e+10 1.40837e+07 140.837 4.81226e+08
1e+10 1.41379e+07 141.379 4.78438e+08
1e+10 1.41922e+07 141.922 4.75672e+08
1e+10 1.42468e+07 142.468 4.72917e+08
1e+10 1.43016e+07 143.016 4.70178e+08
1e+10 1.43566e+07 143.566 4.67456e+08
1e+10 1.44118e+07 144.118 4.6475e+08
1e+10 1.44673e+07 144.673 4.62055e+08
1e+10 1.45229e+07 145.229 4.59382e+08
1e+10 1.45788e+07 145.788 4.56719e+08
1e+10 1.46349e+07 146.349 4.54073e+08
1e+10 1.46911e+07 146.911 4.51447e+08
1e+10 1.47477e+07 147.477 4.48828e+08
1e+10 1.48044e+07 148.044 4.4623e+08
1e+10 1.48613e+07 148.613 4.43647e+08
1e+10 1.49185e+07 149.185 4.41075e+08
1e+10 1.49759e+07 149.759 4.38519e+08
1e+10 1.50335e+07 150.335 4.35979e+08
1e+10 1.50913e+07 150.913 4.33454e+08
1e+10 1.51493e+07 151.493 4.30945e+08
1e+10 1.52076e+07 152.076 4.28447e+08
1e+10 1.52661e+07 152.661 4.25965e+08
1e+10 1.53248e+07 153.248 4.23497e+08
1e+10 1.53838e+07 153.838 4.21041e+08
1e+10 1.54429e+07 154.429 4.18605e+08
1e+10 1.55023e+07 155.023 4.16179e+08
1e+10 1.5562e+07 155.62 4.13764e+08
1e+10 1.56218e+07 156.218 4.11369e+08
1e+10 1.56819e+07 156.819 4.08985e+08
1e+10 1.57422e+07 157.422 4.06615e+08
1e+10 1.58028e+07 158.028 4.04257e+08
1e+10 1.58635e+07 158.635 4.01917e+08
1e+10 1.59246e+07 159.246 3.99584e+08
1e+10 1.59858e+07 159.858 3.9727e+08
1e+10 1.60473e+07 160.473 3.94967e+08
1e+10 1.6109e+07 161.09 3.92678e+08
1e+10 1.6171e+07 161.71 3.90401e+08
1e+10 1.62332e+07 162.332 3.88138e+08
1e+10 1.62956e+07 162.956 3.85889e+08
1e+10 1.63583e+07 163.583 3.83651e+08
1e+10 1.64212e+07 164.212 3.81428e+08
1e+10 1.64844e+07 164.844 3.79215e+08
1e+10 1.65478e+07 165.478 3.77016e+08
1e+10 1.66114e+07 166.114 3.74832e+08
1e+10 1.66753e+07 166.753 3.72659e+08
1e+10 1.67395e+07 167.395 3.70496e+08
1e+10 1.68038e+07 168.038 3.6835e+08
1e+10 1.68685e+07 168.685 3.66212e+08
1e+10 1.69334e+07 169.334 3.64088e+08
1e+10 1.69985e+07 169.985 3.61977e+08
1e+10 1.70639e+07 170.639 3.59877e+08
1e+10 1.71295e+07 171.295 3.57791e+08
1e+10 1.71954e+07 171.954 3.55716e+08
1e+10 1.72615e+07 172.615 3.53654e+08
1e+10 1.73279e+07 173.279 3.51602e+08
1e+10 1.73946e+07 173.946 3.49561e+08
1e+10 1.74615e+07 174.615 3.47534e+08
1e+10 1.75286e+07 175.286 3.45519e+08
1e+10 1.7596e+07 175.96 3.43516e+08
1e+10 1.76637e+07 176.637 3.41522e+08
1e+10 1.77317e+07 177.317 3.39539e+08
1e+10 1.77999e+07 177.999 3.37569e+08
1e+10 1.78683e+07 178.683 3.35612e+08
1e+10 1.79371e+07 179.371 3.33663e+08
1e+10 1.80061e+07 180.061 3.31727e+08
1e+10 1.80753e+07 180.753 3.29803e+08
1e+10 1.81448e+07 181.448 3.2789e+08
1e+10 1.82146e+07 182.146 3.25987e+08
1e+10 1.82847e+07 182.847 3.24094e+08
1e+10 1.8355e+07 183.55 3.22214e+08
1e+10 1.84256e+07 184.256 3.20344e+08
1e+10 1.84965e+07 184.965 3.18484e+08
1e+10 1.85676e+07 185.676 3.16637e+08
1e+10 1.8639e+07 186.39 3.14799e+08
1e+10 1.87107e+07 187.107 3.12972e+08
1e+10 1.87827e+07 187.827 3.11154e+08
1e+10 1.88549e+07 188.549 3.09349e+08
1e+10 1.89275e+07 189.275 3.07551e+08
1e+10 1.90003e+07 190.003 3.05766e+08
1e+10 1.90733e+07 190.733 3.03992e+08
1e+10 1.91467e+07 191.467 3.02226e+08
1e+10 1.92203e+07 192.203 3.00473e+08
1e+10 1.92943e+07 192.943 2.98726e+08
1e+10 1.93685e+07 193.685 2.96992e+08
1e+10 1.9443e+07 194.43 2.95267e+08
1e+10 1.95178e+07 195.178 2.93552e+08
1e+10 1.95928e+07 195.928 2.91849e+08
1e+10 1.96682e+07 196.682 2.90153e+08
1e+10 1.97438e+07 197.438 2.88469e+08
1e+10 1.98198e+07 198.198 2.86792e+08
1e+10 1.9896e+07 198.96 2.85127e+08
1e+10 1.99725e+07 199.725 2.83472e+08
1e+10 2.00494e+07 200.494 2.81823e+08
1e+10 2.01265e+07 201.265 2.80186e+08
1e+10 2.02039e+07 202.039 2.78559e+08
1e+10 2.02816e+07 202.816 2.76941e+08
1e+10 2.03596e+07 203.596 2.75332e+08
1e+10 2.04379e+07 204.379 2.73733e+08
1e+10 2.05165e+07 205.165 2.72142e+08
1e+10 2.05954e+07 205.954 2.70561e+08
1e+10 2.06747e+07 206.747 2.68987e+08
1e+10 2.07542e+07 207.542 2.67425e+08
1e+10 2.0834e+07 208.34 2.65871e+08
1e+10 2.09141e+07 209.141 2.64327e+08
1e+10 2.09946e+07 209.946 2.62789e+08
1e+10 2.10753e+07 210.753 2.61263e+08
1e+10 2.11564e+07 211.564 2.59744e+08
1e+10 2.12378e+07 212.378 2.58233e+08
1e+10 2.13195e+07 213.195 2.56732e+08
1e+10 2.14015e+07 214.015 2.5524e+08
1e+10 2.14838e+07 214.838 2.53756e+08
1e+10 2.15664e+07 215.664 2.52281e+08
1e+10 2.16494e+07 216.494 2.50814e+08
1e+10 2.17326e+07 217.326 2.49357e+08
1e+10 2.18162e+07 218.162 2.47907e+08
1e+10 2.19001e+07 219.001 2.46465e+08
1e+10 2.19844e+07 219.844 2.45031e+08
1e+10 2.20689e+07 220.689 2.43607e+08
1e+10 2.21538e+07 221.538 2.4219e+08
1e+10 2.2239e+07 222.39 2.40782e+08
1e+10 2.23246e+07 223.246 2.39381e+08
1e+10 2.24104e+07 224.104 2.37989e+08
1e+10 2.24966e+07 224.966 2.36605e+08
1e+10 2.25832e+07 225.832 2.35228e+08
1e+10 2.267e+07 226.7 2.3386e+08
1e+10 2.27572e+07 227.572 2.325e+08
1e+10 2.28447e+07 228.447 2.31148e+08
1e+10 2.29326e+07 229.326 2.29802e+08
1e+10 2.30208e+07 230.208 2.28465e+08
1e+10 2.31094e+07 231.094 2.27135e+08
1e+10 2.31982e+07 231.982 2.25815e+08
1e+10 2.32875e+07 232.875 2.245e+08
1e+10 2.3377e+07 233.77 2.23194e+08
1e+10 2.3467e+07 234.67 2.21894e+08
1e+10 2.35572e+07 235.572 2.20604e+08
1e+10 2.36478e+07 236.478 2.1932e+08
1e+10 2.37388e+07 237.388 2.18043e+08
1e+10 2.38301e+07 238.301 2.16774e+08
1e+10 2.39217e+07 239.217 2.15513e+08
1e+10 2.40138e+07 240.138 2.14257e+08
1e+10 2.41061e+07 241.061 2.1301e+08
1e+10 2.41988e+07 241.988 2.11771e+08
1e+10 2.42919e+07 242.919 2.10537e+08
1e+10 2.43854e+07 243.854 2.09311e+08
1e+10 2.44791e+07 244.791 2.08093e+08
1e+10 2.45733e+07 245.733 2.06881e+08
1e+10 2.46678e+07 246.678 2.05676e+08
1e+10 2.47627e+07 247.627 2.04478e+08
1e+10 2.48579e+07 248.579 2.03288e+08
1e+10 2.49536e+07 249.536 2.02103e+08
1e+10 2.50495e+07 250.495 2.00927e+08
1e+10 2.51459e+07 251.459 1.99756e+08
1e+10 2.52426e+07 252.426 1.98592e+08
1e+10 2.53397e+07 253.397 1.97435e+08
1e+10 2.54372e+07 254.372 1.96285e+08
1e+10 2.5535e+07 255.35 1.95142e+08
1e+10 2.56332e+07 256.332 1.94005e+08
1e+10 2.57318e+07 257.318 1.92874e+08
1e+10 2.58308e+07 258.308 1.9175e+08
1e+10 2.59301e+07 259.301 1.90633e+08
1e+10 2.60299e+07 260.299 1.89522e+08
1e+10 2.613e+07 261.3 1.88418e+08
1e+10 2.62305e+07 262.305 1.87319e+08
1e+10 2.63314e+07 263.314 1.86228e+08
1e+10 2.64327e+07 264.327 1.85142e+08
1e+10 2.65343e+07 265.343 1.84063e+08
1e+10 2.66364e+07 266.364 1.8299e+08
1e+10 2.67388e+07 267.388 1.81924e+08
1e+10 2.68417e+07 268.417 1.80863e+08
1e+10 2.69449e+07 269.449 1.79808e+08
1e+10 2.70486e+07 270.486 1.78759e+08
1e+10 2.71526e+07 271.526 1.77718e+08
1e+10 2.7257e+07 272.57 1.76682e+08
1e+10 2.73619e+07 273.619 1.75651e+08
1e+10 2.74671e+07 274.671 1.74627e+08
1e+10 2.75728e+07 275.728 1.73608e+08
1e+10 2.76788e+07 276.788 1.72596e+08
1e+10 2.77853e+07 277.853 1.71589e+08
1e+10 2.78921e+07 278.921 1.70588e+08
1e+10 2.79994e+07 279.994 1.69593e+08
1e+10 2.81071e+07 281.071 1.68604e+08
1e+10 2.82152e+07 282.152 1.6762e+08
1e+10 2.83237e+07 283.237 1.66642e+08
1e+10 2.84327e+07 284.327 1.65669e+08
1e+10 2.8542e+07 285.42 1.64703e+08
1e+10 2.86518e+07 286.518 1.63742e+08
1e+10 2.8762e+07 287.62 1.62786e+08
1e+10 2.88727e+07 288.727 1.61836e+08
1e+10 2.89837e+07 289.837 1.60892e+08
1e+10 2.90952e+07 290.952 1.59952e+08
1e+10 2.92071e+07 292.071 1.59019e+08
1e+10 2.93194e+07 293.194 1.58091e+08
1e+10 2.94322e+07 294.322 1.57168e+08
1e+10 2.95454e+07 295.454 1.5625e+08
1e+10 2.96591e+07 296.591 1.55337e+08
1e+10 2.97731e+07 297.731 1.54431e+08
1e+10 2.98877e+07 298.877 1.53528e+08
1e+10 3.00026e+07 300.026 1.52632e+08
1e+10 3.0118e+07 301.18 1.51741e+08
1e+10 3.02339e+07 302.339 1.50854e+08
1e+10 3.03501e+07 303.501 1.49974e+08
1e+10 3.04669e+07 304.669 1.49097e+08
1e+10 3.05841e+07 305.841 1.48226e+08
1e+10 3.07017e+07 307.017 1.47361e+08
1e+10 3.08198e+07 308.198 1.465e+08
1e+10 3.09383e+07 309.383 1.45644e+08
1e+10 3.10573e+07 310.573 1.44793e+08
1e+10 3.11768e+07 311.768 1.43947e+08
1e+10 3.12967e+07 312.967 1.43106e+08
1e+10 3.14171e+07 314.171 1.42269e+08
1e+10 3.15379e+07 315.379 1.41438e+08
1e+10 3.16592e+07 316.592 1.40611e+08
1e+10 3.1781e+07 317.81 1.39789e+08
1e+10 3.19032e+07 319.032 1.38973e+08
1e+10 3.20259e+07 320.259 1.3816e+08
1e+10 3.21491e+07 321.491 1.37352e+08
1e+10 3.22728e+07 322.728 1.36549e+08
1e+10 3.23969e+07 323.969 1.35751e+08
1e+10 3.25215e+07 325.215 1.34957e+08
1e+10 3.26466e+07 326.466 1.34168e+08
1e+10 3.27722e+07 327.722 1.33383e+08
1e+10 3.28982e+07 328.982 1.32603e+08
1e+10 3.30248e+07 330.248 1.31827e+08
1e+10 3.31518e+07 331.518 1.31056e+08
1e+10 3.32793e+07 332.793 1.3029e+08
1e+10 3.34073e+07 334.073 1.29528e+08
1e+10 3.35358e+07 335.358 1.2877e+08
1e+10 3.36648e+07 336.648 1.28016e+08
1e+10 3.37943e+07 337.943 1.27267e+08
1e+10 3.39242e+07 339.242 1.26523e+08
1e+10 3.40547e+07 340.547 1.25783e+08
1e+10 3.41857e+07 341.857 1.25046e+08
1e+10 3.43172e+07 343.172 1.24315e+08
1e+10 3.44492e+07 344.492 1.23587e+08
1e+10 3.45817e+07 345.817 1.22863e+08
1e+10 3.47147e+07 347.147 1.22144e+08
1e+10 3.48482e+07 348.482 1.21429e+08
1e+10 3.49823e+07 349.823 1.20718e+08
1e+10 3.51168e+07 351.168 1.20012e+08
1e+10 3.52519e+07 352.519 1.19309e+08
1e+10 3.53875e+07 353.875 1.1861e+08
1e+10 3.55236e+07 355.236 1.17915e+08
1e+10 3.56602e+07 356.602 1.17225e+08
1e+10 3.57974e+07 357.974 1.16538e+08
1e+10 3.59351e+07 359.351 1.15856e+08
1e+10 3.60733e+07 360.733 1.15177e+08
1e+10 3.6212e+07 362.12 1.14502e+08
1e+10 3.63513e+07 363.513 1.13832e+08
1e+10 3.64911e+07 364.911 1.13165e+08
1e+10 3.66315e+07 366.315 1.12501e+08
1e+10 3.67724e+07 367.724 1.11842e+08
1e+10 3.69138e+07 369.138 1.11187e+08
1e+10 3.70558e+07 370.558 1.10535e+08
1e+10 3.71983e+07 371.983 1.09887e+08
1e+10 3.73414e+07 373.414 1.09243e+08
1e+10 3.7485e+07 374.85 1.08603e+08
1e+10 3.76292e+07 376.292 1.07966e+08
1e+10 3.77739e+07 377.739 1.07333e+08
1e+10 3.79192e+07 379.192 1.06704e+08
1e+10 3.80651e+07 380.651 1.06078e+08
1e+10 3.82115e+07 382.115 1.05456e+08
1e+10 3.83585e+07 383.585 1.04837e+08
1e+10 3.8506e+07 385.06 1.04223e+08
1e+10 3.86541e+07 386.541 1.03611e+08
1e+10 3.88028e+07 388.028 1.03003e+08
1e+10 3.8952e+07 389.52 1.02399e+08
1e+10 3.91019e+07 391.019 1.01798e+08
1e+10 3.92523e+07 392.523 1.01201e+08
1e+10 3.94032e+07 394.032 1.00608e+08
1e+10 3.95548e+07 395.548 1.00017e+08
1e+10 3.97069e+07 397.069 9.94301e+07
1e+10 3.98597e+07 398.597 9.88463e+07
1e+10 4.0013e+07 400.13 9.82662e+07
1e+10 4.01669e+07 401.669 9.76893e+07
1e+10 4.03214e+07 403.214 9.71158e+07
1e+10 4.04764e+07 404.764 9.6546e+07
1e+10 4.06321e+07 406.321 9.59791e+07
1e+10 4.07884e+07 407.884 9.54155e+07
1e+10 4.09453e+07 409.453 9.48551e+07
1e+10 4.11028e+07 411.028 9.4298e+07
1e+10 4.12609e+07 412.609 9.37441e+07
1e+10 4.14196e+07 414.196 9.31935e+07
1e+10 4.15789e+07 415.789 9.26461e+07
1e+10 4.17388e+07 417.388 9.21019e+07
1e+10 4.18994e+07 418.994 9.15606e+07
1e+10 4.20605e+07 420.605 9.10229e+07
1e+10 4.22223e+07 422.223 9.04879e+07
1e+10 4.23847e+07 423.847 8.99562e+07
1e+10 4.25477e+07 425.477 8.94276e+07
1e+10 4.27114e+07 427.114 8.89018e+07
1e+10 4.28757e+07 428.757 8.83792e+07
1e+10 4.30406e+07 430.406 8.78597e+07
1e+10 4.32061e+07 432.061 8.73433e+07
1e+10 4.33723e+07 433.723 8.68298e+07
1e+10 4.35391e+07 435.391 8.63193e+07
1e+10 4.37066e+07 437.066 8.58116e+07
1e+10 4.38747e+07 438.747 8.5307e+07
1e+10 4.40434e+07 440.434 8.48054e+07
1e+10 4.42129e+07 442.129 8.43063e+07
1e+10 4.43829e+07 443.829 8.38105e+07
1e+10 4.45536e+07 445.536 8.33175e+07
1e+10 4.4725e+07 447.25 8.28272e+07
1e+10 4.4897e+07 448.97 8.234e+07
1e+10 4.50697e+07 450.697 8.18554e+07
1e+10 4.5243e+07 452.43 8.13739e+07
1e+10 4.54171e+07 454.171 8.08947e+07
1e+10 4.55918e+07 455.918 8.04185e+07
1e+10 4.57671e+07 457.671 7.99453e+07
1e+10 4.59431e+07 459.431 7.94748e+07
1e+10 4.61199e+07 461.199 7.90067e+07
1e+10 4.62972e+07 462.972 7.85417e+07
1e+10 4.64753e+07 464.753 7.80792e+07
1e+10 4.66541e+07 466.541 7.76192e+07
1e+10 4.68335e+07 468.335 7.71622e+07
1e+10 4.70137e+07 470.137 7.67076e+07
1e+10 4.71945e+07 471.945 7.62558e+07
1e+10 4.7376e+07 473.76 7.58066e+07
1e+10 4.75582e+07 475.582 7.53601e+07
1e+10 4.77412e+07 477.412 7.49159e+07
1e+10 4.79248e+07 479.248 7.44745e+07
1e+10 4.81091e+07 481.091 7.40357e+07
1e+10 4.82942e+07 482.942 7.35992e+07
1e+10 4.84799e+07 484.799 7.31655e+07
1e+10 4.86664e+07 486.664 7.27341e+07
1e+10 4.88536e+07 488.536 7.23053e+07
1e+10 4.90415e+07 490.415 7.1879e+07
1e+10 4.92301e+07 492.301 7.14552e+07
1e+10 4.94195e+07 494.195 7.10338e+07
1e+10 4.96095e+07 496.095 7.0615e+07
1e+10 4.98004e+07 498.004 7.01984e+07
1e+10 4.99919e+07 499.919 6.97844e+07
1e+10 5.01842e+07 501.842 6.93727e+07
1e+10 5.03772e+07 503.772 6.89635e+07
1e+10 5.0571e+07 505.71 6.85565e+07
1e+10 5.07655e+07 507.655 6.8152e+07
1e+10 5.09607e+07 509.607 6.77499e+07
1e+10 5.11568e+07 511.568 6.73499e+07
1e+10 5.13535e+07 513.535 6.69525e+07
1e+10 5.1551e+07 515.51 6.65573e+07
1e+10 5.17493e+07 517.493 6.61643e+07
1e+10 5.19484e+07 519.484 6.57736e+07
1e+10 5.21482e+07 521.482 6.53852e+07
1e+10 5.23487e+07 523.487 6.49992e+07
1e+10 5.25501e+07 525.501 6.46152e+07
1e+10 5.27522e+07 527.522 6.42336e+07
1e+10 5.29551e+07 529.551 6.38542e+07
1e+10 5.31588e+07 531.588 6.34769e+07
1e+10 5.33633e+07 533.633 6.31018e+07
1e+10 5.35685e+07 535.685 6.27291e+07
1e+10 5.37746e+07 537.746 6.23583e+07
1e+10 5.39814e+07 539.814 6.19898e+07
1e+10 5.4189e+07 541.89 6.16234e+07
1e+10 5.43974e+07 543.974 6.12592e+07
1e+10 5.46067e+07 546.067 6.0897e+07
1e+10 5.48167e+07 548.167 6.0537e+07
1e+10 5.50276e+07 550.276 6.01789e+07
1e+10 5.52392e+07 552.392 5.98231e+07
1e+10 5.54517e+07 554.517 5.94693e+07
1e+10 5.5665e+07 556.65 5.91175e+07
1e+10 5.58791e+07 558.791 5.87678e+07
1e+10 5.6094e+07 560.94 5.84202e+07
1e+10 5.63097e+07 563.097 5.80746e+07
1e+10 5.65263e+07 565.263 5.77309e+07
1e+10 5.67437e+07 567.437 5.73893e+07
1e+10 5.6962e+07 569.62 5.70496e+07
1e+10 5.71811e+07 571.811 5.67119e+07
1e+10 5.7401e+07 574.01 5.63762e+07
1e+10 5.76218e+07 576.218 5.60424e+07
1e+10 5.78434e+07 578.434 5.57107e+07
1e+10 5.80659e+07 580.659 5.53807e+07
1e+10 5.82893e+07 582.893 5.50527e+07
1e+10 5.85135e+07 585.135 5.47266e+07
1e+10 5.87385e+07 587.385 5.44025e+07
1e+10 5.89644e+07 589.644 5.40803e+07
1e+10 5.91912e+07 591.912 5.37598e+07
1e+10 5.94189e+07 594.189 5.34412e+07
1e+10 5.96474e+07 596.474 5.31246e+07
1e+10 5.98769e+07 598.769 5.28096e+07
1e+10 6.01072e+07 601.072 5.24966e+07
1e+10 6.03384e+07 603.384 5.21854e+07
1e+10 6.05704e+07 605.704 5.18761e+07
1e+10 6.08034e+07 608.034 5.15685e+07
1e+10 6.10373e+07 610.373 5.12627e+07
1e+10 6.12721e+07 612.721 5.09586e+07
1e+10 6.15077e+07 615.077 5.06564e+07
1e+10 6.17443e+07 617.443 5.03559e+07
1e+10 6.19818e+07 619.818 5.00572e+07
1e+10 6.22202e+07 622.202 4.97602e+07
1e+10 6.24595e+07 624.595 4.94649e+07
1e+10 6.26997e+07 626.997 4.91714e+07
1e+10 6.29409e+07 629.409 4.88795e+07
1e+10 6.3183e+07 631.83 4.85894e+07
1e+10 6.3426e+07 634.26 4.83009e+07
1e+10 6.367e+07 636.7 4.80141e+07
1e+10 6.39149e+07 639.149 4.7729e+07
1e+10 6.41607e+07 641.607 4.74456e+07
1e+10 6.44075e+07 644.075 4.71637e+07
1e+10 6.46552e+07 646.552 4.68836e+07
1e+10 6.49039e+07 649.039 4.66051e+07
1e+10 6.51535e+07 651.535 4.63282e+07
1e+10 6.54041e+07 654.041 4.60529e+07
1e+10 6.56557e+07 656.557 4.57792e+07
1e+10 6.59082e+07 659.082 4.55071e+07
1e+10 6.61617e+07 661.617 4.52366e+07
1e+10 6.64162e+07 664.162 4.49677e+07
1e+10 6.66717e+07 666.717 4.47003e+07
1e+10 6.69281e+07 669.281 4.44345e+07
1e+10 6.71855e+07 671.855 4.41703e+07
1e+10 6.74439e+07 674.439 4.39076e+07
1e+10 6.77034e+07 677.034 4.36463e+07
1e+10 6.79638e+07 679.638 4.33866e+07
1e+10 6.82252e+07 682.252 4.31285e+07
1e+10 6.84876e+07 684.876 4.28719e+07
1e+10 6.8751e+07 687.51 4.26167e+07
1e+10 6.90154e+07 690.154 4.23631e+07
1e+10 6.92809e+07 692.809 4.21109e+07
1e+10 6.95474e+07 695.474 4.18602e+07
1e+10 6.98149e+07 698.149 4.16109e+07
1e+10 7.00834e+07 700.834 4.13631e+07
1e+10 7.0353e+07 703.53 4.11167e+07
1e+10 7.06236e+07 706.236 4.08718e+07
1e+10 7.08952e+07 708.952 4.06284e+07
1e+10 7.11679e+07 711.679 4.03863e+07
1e+10 7.14416e+07 714.416 4.01457e+07
1e+10 7.17164e+07 717.164 3.99064e+07
1e+10 7.19923e+07 719.923 3.96685e+07
1e+10 7.22692e+07 722.692 3.9432e+07
1e+10 7.25471e+07 725.471 3.9197e+07
1e+10 7.28262e+07 728.262 3.89632e+07
1e+10 7.31063e+07 731.063 3.87309e+07
1e+10 7.33875e+07 733.875 3.84999e+07
1e+10 7.36697e+07 736.697 3.82703e+07
1e+10 7.39531e+07 739.531 3.80419e+07
1e+10 7.42375e+07 742.375 3.7815e+07
1e+10 7.45231e+07 745.231 3.75893e+07
1e+10 7.48097e+07 748.097 3.7365e+07
1e+10 7.50975e+07 750.975 3.71419e+07
1e+10 7.53863e+07 753.863 3.69202e+07
1e+10 7.56763e+07 756.763 3.66997e+07
1e+10 7.59673e+07 759.673 3.64806e+07
1e+10 7.62595e+07 762.595 3.62628e+07
1e+10 7.65528e+07 765.528 3.60462e+07
1e+10 7.68473e+07 768.473 3.58308e+07
1e+10 7.71429e+07 771.429 3.56167e+07
1e+10 7.74396e+07 774.396 3.54039e+07
1e+10 7.77374e+07 777.374 3.51924e+07
1e+10 7.80364e+07 780.364 3.4982e+07
1e+10 7.83366e+07 783.366 3.47729e+07
1e+10 7.86379e+07 786.379 3.4565e+07
1e+10 7.89404e+07 789.404 3.43583e+07
1e+10 7.9244e+07 792.44 3.41528e+07
1e+10 7.95488e+07 795.488 3.39486e+07
1e+10 7.98548e+07 798.548 3.37455e+07
1e+10 8.01619e+07 801.619 3.35436e+07
1e+10 8.04702e+07 804.702 3.33429e+07
1e+10 8.07797e+07 807.797 3.31434e+07
1e+10 8.10904e+07 810.904 3.2945e+07
1e+10 8.14023e+07 814.023 3.27478e+07
1e+10 8.17154e+07 817.154 3.25518e+07
1e+10 8.20297e+07 820.297 3.23568e+07
1e+10 8.23452e+07 823.452 3.21631e+07
1e+10 8.2662e+07 826.62 3.19704e+07
1e+10 8.29799e+07 829.799 3.17789e+07
1e+10 8.32991e+07 832.991 3.15885e+07
1e+10 8.36195e+07 836.195 3.13992e+07
1e+10 8.39411e+07 839.411 3.1211e+07
1e+10 8.4264e+07 842.64 3.1024e+07
1e+10 8.45881e+07 845.881 3.0838e+07
1e+10 8.49134e+07 849.134 3.06531e+07
1e+10 8.524e+07 852.4 3.04693e+07
1e+10 8.55679e+07 855.679 3.02866e+07
1e+10 8.5897e+07 858.97 3.01049e+07
1e+10 8.62274e+07 862.274 2.99243e+07
1e+10 8.6559e+07 865.59 2.97448e+07
1e+10 8.6892e+07 868.92 2.95662e+07
1e+10 8.72262e+07 872.262 2.93888e+07
1e+10 8.75617e+07 875.617 2.92124e+07
1e+10 8.78985e+07 878.985 2.9037e+07
1e+10 8.82366e+07 882.366 2.88626e+07
1e+10 8.85759e+07 885.759 2.86894e+07
1e+10 8.89166e+07 889.166 2.8517e+07
1e+10 8.92586e+07 892.586 2.83457e+07
1e+10 8.96019e+07 896.019 2.81754e+07
1e+10 8.99466e+07 899.466 2.80061e+07
1e+10 9.02925e+07 902.925 2.78378e+07
1e+10 9.06398e+07 906.398 2.76705e+07
1e+10 9.09885e+07 909.885 2.75041e+07
1e+10 9.13384e+07 913.384 2.73387e+07
1e+10 9.16897e+07 916.897 2.71743e+07
1e+10 9.20424e+07 920.424 2.70109e+07
1e+10 9.23964e+07 923.964 2.68484e+07
1e+10 9.27518e+07 927.518 2.66869e+07
1e+10 9.31086e+07 931.086 2.65263e+07
1e+10 9.34667e+07 934.667 2.63666e+07
1e+10 9.38262e+07 938.262 2.62079e+07
1e+10 9.41871e+07 941.871 2.60501e+07
1e+10 9.45494e+07 945.494 2.58933e+07
1e+10 9.4913e+07 949.13 2.57374e+07
1e+10 9.52781e+07 952.781 2.55823e+07
1e+10 9.56445e+07 956.445 2.54282e+07
1e+10 9.60124e+07 960.124 2.5275e+07
1e+10 9.63817e+07 963.817 2.51227e+07
1e+10 9.67524e+07 967.524 2.49713e+07
1e+10 9.71246e+07 971.246 2.48207e+07
1e+10 9.74981e+07 974.981 2.46711e+07
1e+10 9.78731e+07 978.731 2.45223e+07
1e+10 9.82496e+07 982.496 2.43744e+07
1e+10 9.86275e+07 986.275 2.42274e+07
1e+10 9.90068e+07 990.068 2.40813e+07
1e+10 9.93877e+07 993.877 2.39359e+07
1e+10 9.97699e+07 997.699 2.37915e+07
1e+10 1.00154e+08 1001.54 2.36477e+07
1e+10 1.00539e+08 1005.39 2.35051e+07
1e+10 1.00926e+08 1009.26 2.3363e+07
1e+10 1.01314e+08 1013.14 2.3222e+07
1e+10 1.01703e+08 1017.03 2.3082e+07
1e+10 1.02095e+08 1020.95 2.29423e+07
1e+10 1.02487e+08 1024.87 2.28039e+07
1e+10 1.02882e+08 1028.82 2.26658e+07
1e+10 1.03277e+08 1032.77 2.2529e+07
1e+10 1.03674e+08 1036.74 2.23929e+07
1e+10 1.04073e+08 1040.73 2.22574e+07
1e+10 1.04474e+08 1044.74 2.21226e+07
1e+10 1.04875e+08 1048.75 2.19891e+07
1e+10 1.05279e+08 1052.79 2.18558e+07
1e+10 1.05684e+08 1056.84 2.17236e+07
1e+10 1.0609e+08 1060.9 2.15923e+07
1e+10 1.06498e+08 1064.98 2.14616e+07
1e+10 1.06908e+08 1069.08 2.13316e+07
1e+10 1.07319e+08 1073.19 2.12025e+07
1e+10 1.07732e+08 1077.32 2.1074e+07
1e+10 1.08146e+08 1081.46 2.09465e+07
1e+10 1.08562e+08 1085.62 2.08196e+07
1e+10 1.0898e+08 1089.8 2.06933e+07
1e+10 1.09399e+08 1093.99 2.05679e+07
1e+10 1.0982e+08 1098.2 2.04432e+07
1e+10 1.10242e+08 1102.42 2.03194e+07
1e+10 1.10666e+08 1106.66 2.01962e+07
1e+10 1.11092e+08 1110.92 2.00736e+07
1e+10 1.11519e+08 1115.19 1.99519e+07
1e+10 1.11948e+08 1119.48 1.98308e+07
1e+10 1.12379e+08 1123.79 1.97104e+07
1e+10 1.12811e+08 1128.11 1.95908e+07
1e+10 1.13245e+08 1132.45 1.94719e+07
1e+10 1.1368e+08 1136.8 1.93538e+07
1e+10 1.14118e+08 1141.18 1.92361e+07
1e+10 1.14556e+08 1145.56 1.91195e+07
1e+10 1.14997e+08 1149.97 1.90033e+07
1e+10 1.15439e+08 1154.39 1.88879e+07
1e+10 1.15883e+08 1158.83 1.87731e+07
1e+10 1.16329e+08 1163.29 1.86589e+07
1e+10 1.16777e+08 1167.77 1.85454e+07
1e+10 1.17226e+08 1172.26 1.84326e+07
1e+10 1.17677e+08 1176.77 1.83205e+07
1e+10 1.18129e+08 1181.29 1.82092e+07
1e+10 1.18584e+08 1185.84 1.80983e+07
1e+10 1.1904e+08 1190.4 1.79882e+07
1e+10 1.19498e+08 1194.98 1.78786e+07
1e+10 1.19957e+08 1199.57 1.777e+07
1e+10 1.20419e+08 1204.19 1.76616e+07
1e+10 1.20882e+08 1208.82 1.75541e+07
1e+10 1.21347e+08 1213.47 1.74472e+07
1e+10 1.21813e+08 1218.13 1.7341e+07
1e+10 1.22282e+08 1222.82 1.72353e+07
1e+10 1.22752e+08 1227.52 1.71303e+07
1e+10 1.23224e+08 1232.24 1.70259e+07
1e+10 1.23698e+08 1236.98 1.69221e+07
1e+10 1.24174e+08 1241.74 1.68188e+07
1e+10 1.24652e+08 1246.52 1.67162e+07
1e+10 1.25131e+08 1251.31 1.66143e+07
1e+10 1.25613e+08 1256.13 1.65128e+07
1e+10 1.26096e+08 1260.96 1.6412e+07
1e+10 1.26581e+08 1265.81 1.63118e+07
1e+10 1.27068e+08 1270.68 1.62122e+07
1e+10 1.27556e+08 1275.56 1.61133e+07
1e+10 1.28047e+08 1280.47 1.60148e+07
1e+10 1.28539e+08 1285.39 1.59171e+07
1e+10 1.29034e+08 1290.34 1.58197e+07
1e+10 1.2953e+08 1295.3 1.57231e+07
1e+10 1.30028e+08 1300.28 1.5627e+07
1e+10 1.30528e+08 1305.28 1.55315e+07
1e+10 1.31031e+08 1310.31 1.54363e+07
1e+10 1.31535e+08 1315.35 1.53419e+07
1e+10 1.3204e+08 1320.4 1.52482e+07
1e+10 1.32548e+08 1325.48 1.51549e+07
1e+10 1.33058e+08 1330.58 1.50621e+07
1e+10 1.3357e+08 1335.7 1.49698e+07
1e+10 1.34084e+08 1340.84 1.48781e+07
1e+10 1.34599e+08 1345.99 1.47871e+07
1e+10 1.35117e+08 1351.17 1.46965e+07
1e+10 1.35637e+08 1356.37 1.46064e+07
1e+10 1.36158e+08 1361.58 1.4517e+07
1e+10 1.36682e+08 1366.82 1.44279e+07
1e+10 1.37208e+08 1372.08 1.43394e+07
1e+10 1.37736e+08 1377.36 1.42515e+07
1e+10 1.38265e+08 1382.65 1.41642e+07
1e+10 1.38797e+08 1387.97 1.40772e+07
1e+10 1.39331e+08 1393.31 1.39908e+07
1e+10 1.39867e+08 1398.67 1.39049e+07
1e+10 1.40405e+08 1404.05 1.38196e+07
1e+10 1.40945e+08 1409.45 1.37347e+07
1e+10 1.41487e+08 1414.87 1.36504e+07
1e+10 1.42031e+08 1420.31 1.35665e+07
1e+10 1.42578e+08 1425.78 1.34831e+07
1e+10 1.43126e+08 1431.26 1.34003e+07
1e+10 1.43677e+08 1436.77 1.33178e+07
1e+10 1.44229e+08 1442.29 1.3236e+07
1e+10 1.44784e+08 1447.84 1.31546e+07
1e+10 1.45341e+08 1453.41 1.30736e+07
1e+10 1.459e+08 1459 1.29932e+07
1e+10 1.46461e+08 1464.61 1.29133e+07
1e+10 1.47024e+08 1470.24 1.28338e+07
1e+10 1.4759e+08 1475.9 1.27547e+07
1e+10 1.48157e+08 1481.57 1.26763e+07
1e+10 1.48727e+08 1487.27 1.25982e+07
1e+10 1.49299e+08 1492.99 1.25205e+07
1e+10 1.49874e+08 1498.74 1.24433e+07
1e+10 1.5045e+08 1504.5 1.23666e+07
1e+10 1.51029e+08 1510.29 1.22903e+07
1e+10 1.5161e+08 1516.1 1.22145e+07
1e+10 1.52193e+08 1521.93 1.21392e+07
1e+10 1.52778e+08 1527.78 1.20643e+07
1e+10 1.53366e+08 1533.66 1.19898e+07
1e+10 1.53956e+08 1539.56 1.19158e+07
1e+10 1.54548e+08 1545.48 1.18423e+07
1e+10 1.55142e+08 1551.42 1.17692e+07
1e+10 1.55739e+08 1557.39 1.16964e+07
1e+10 1.56338e+08 1563.38 1.16242e+07
1e+10 1.56939e+08 1569.39 1.15524e+07
1e+10 1.57543e+08 1575.43 1.14809e+07
1e+10 1.58149e+08 1581.49 1.14099e+07
1e+10 1.58757e+08 1587.57 1.13394e+07
1e+10 1.59368e+08 1593.68 1.12692e+07
1e+10 1.59981e+08 1599.81 1.11995e+07
1e+10 1.60596e+08 1605.96 1.11302e+07
1e+10 1.61214e+08 1612.14 1.10612e+07
1e+10 1.61834e+08 1618.34 1.09928e+07
1e+10 1.62456e+08 1624.56 1.09247e+07
1e+10 1.63081e+08 1630.81 1.0857e+07
1e+10 1.63709e+08 1637.09 1.07897e+07
1e+10 1.64338e+08 1643.38 1.07228e+07
1e+10 1.6497e+08 1649.7 1.06564e+07
1e+10 1.65605e+08 1656.05 1.05902e+07
1e+10 1.66242e+08 1662.42 1.05245e+07
1e+10 1.66881e+08 1668.81 1.04593e+07
1e+10 1.67523e+08 1675.23 1.03944e+07
1e+10 1.68167e+08 1681.67 1.03299e+07
1e+10 1.68814e+08 1688.14 1.02657e+07
1e+10 1.69464e+08 1694.64 1.02019e+07
1e+10 1.70115e+08 1701.15 1.01386e+07
1e+10 1.7077e+08 1707.7 1.00755e+07
1e+10 1.71427e+08 1714.27 1.00129e+07
1e+10 1.72086e+08 1720.86 9.95065e+06
1e+10 1.72748e+08 1727.48 9.88875e+06
1e+10 1.73412e+08 1734.12 9.82728e+06
1e+10 1.74079e+08 1740.79 9.76613e+06
1e+10 1.74749e+08 1747.49 9.70531e+06
1e+10 1.75421e+08 1754.21 9.6449e+06
1e+10 1.76096e+08 1760.96 9.58482e+06
1e+10 1.76773e+08 1767.73 9.52515e+06
1e+10 1.77453e+08 1774.53 9.46579e+06
1e+10 1.78135e+08 1781.35 9.40685e+06
1e+10 1.78821e+08 1788.21 9.34814e+06
1e+10 1.79508e+08 1795.08 9.28992e+06
1e+10 1.80199e+08 1801.99 9.23193e+06
1e+10 1.80892e+08 1808.92 9.17434e+06
1e+10 1.81588e+08 1815.88 9.11707e+06
1e+10 1.82286e+08 1822.86 9.0602e+06
1e+10 1.82987e+08 1829.87 9.00364e+06
1e+10 1.83691e+08 1836.91 8.9474e+06
1e+10 1.84398e+08 1843.98 8.89147e+06
1e+10 1.85107e+08 1851.07 8.83592e+06
1e+10 1.85819e+08 1858.19 8.78069e+06
1e+10 1.86534e+08 1865.34 8.72577e+06
1e+10 1.87251e+08 1872.51 8.67124e+06
1e+10 1.87971e+08 1879.71 8.61701e+06
1e+10 1.88694e+08 1886.94 8.56309e+06
1e+10 1.8942e+08 1894.2 8.50948e+06
1e+10 1.90149e+08 1901.49 8.45617e+06
1e+10 1.9088e+08 1908.8 8.40324e+06
1e+10 1.91614e+08 1916.14 8.35061e+06
1e+10 1.92351e+08 1923.51 8.29829e+06
1e+10 1.93091e+08 1930.91 8.24626e+06
1e+10 1.93834e+08 1938.34 8.19454e+06
1e+10 1.94579e+08 1945.79 8.14319e+06
1e+10 1.95328e+08 1953.28 8.09206e+06
1e+10 1.96079e+08 1960.79 8.0413e+06
1e+10 1.96833e+08 1968.33 7.99084e+06
1e+10 1.9759e+08 1975.9 7.94068e+06
1e+10 1.9835e+08 1983.5 7.89081e+06
1e+10 1.99113e+08 1991.13 7.84123e+06
1e+10 1.99879e+08 1998.79 7.79195e+06
1e+10 2.00648e+08 2006.48 7.74295e+06
1e+10 2.01419e+08 2014.19 7.69432e+06
1e+10 2.02194e+08 2021.94 7.64591e+06
1e+10 2.02972e+08 2029.72 7.59778e+06
1e+10 2.03753e+08 2037.53 7.54995e+06
1e+10 2.04536e+08 2045.36 7.50247e+06
1e+10 2.05323e+08 2053.23 7.45521e+06
1e+10 2.06113e+08 2061.13 7.40823e+06
1e+10 2.06905e+08 2069.05 7.3616e+06
1e+10 2.07701e+08 2077.01 7.3152e+06
1e+10 2.085e+08 2085 7.26907e+06
1e+10 2.09302e+08 2093.02 7.22323e+06
1e+10 2.10107e+08 2101.07 7.17767e+06
1e+10 2.10915e+08 2109.15 7.13238e+06
1e+10 2.11727e+08 2117.27 7.08732e+06
1e+10 2.12541e+08 2125.41 7.04259e+06
1e+10 2.13358e+08 2133.58 6.99814e+06
1e+10 2.14179e+08 2141.79 6.95391e+06
1e+10 2.15003e+08 2150.03 6.90995e+06
1e+10 2.1583e+08 2158.3 6.86627e+06
1e+10 2.1666e+08 2166.6 6.82286e+06
1e+10 2.17493e+08 2174.93 6.77972e+06
1e+10 2.1833e+08 2183.3 6.7368e+06
1e+10 2.1917e+08 2191.7 6.69415e+06
1e+10 2.20013e+08 2200.13 6.65176e+06
1e+10 2.20859e+08 2208.59 6.60965e+06
1e+10 2.21708e+08 2217.08 6.5678e+06
1e+10 2.22561e+08 2225.61 6.52617e+06
1e+10 2.23417e+08 2234.17 6.4848e+06
1e+10 2.24276e+08 2242.76 6.44369e+06
1e+10 2.25139e+08 2251.39 6.4028e+06
1e+10 2.26005e+08 2260.05 6.36217e+06
1e+10 2.26874e+08 2268.74 6.3218e+06
1e+10 2.27747e+08 2277.47 6.28165e+06
1e+10 2.28623e+08 2286.23 6.24175e+06
1e+10 2.29502e+08 2295.02 6.20211e+06
1e+10 2.30385e+08 2303.85 6.16268e+06
1e+10 2.31271e+08 2312.71 6.12351e+06
1e+10 2.32161e+08 2321.61 6.08454e+06
1e+10 2.33054e+08 2330.54 6.04584e+06
1e+10 2.3395e+08 2339.5 6.00738e+06
1e+10 2.3485e+08 2348.5 5.96913e+06
1e+10 2.35753e+08 2357.53 5.93113e+06
1e+10 2.3666e+08 2366.6 5.89334e+06
1e+10 2.3757e+08 2375.7 5.8558e+06
1e+10 2.38484e+08 2384.84 5.81847e+06
1e+10 2.39401e+08 2394.01 5.78138e+06
1e+10 2.40322e+08 2403.22 5.7445e+06
1e+10 2.41246e+08 2412.46 5.70786e+06
1e+10 2.42174e+08 2421.74 5.67142e+06
1e+10 2.43106e+08 2431.06 5.63519e+06
1e+10 2.44041e+08 2440.41 5.59921e+06
1e+10 2.44979e+08 2449.79 5.56346e+06
1e+10 2.45922e+08 2459.22 5.52787e+06
1e+10 2.46868e+08 2468.68 5.49253e+06
1e+10 2.47817e+08 2478.17 5.45742e+06
1e+10 2.4877e+08 2487.7 5.42251e+06
1e+10 2.49727e+08 2497.27 5.3878e+06
1e+10 2.50688e+08 2506.88 5.35329e+06
1e+10 2.51652e+08 2516.52 5.31902e+06
1e+10 2.5262e+08 2526.2 5.28494e+06
1e+10 2.53592e+08 2535.92 5.25106e+06
1e+10 2.54567e+08 2545.67 5.21741e+06
1e+10 2.55546e+08 2555.46 5.18395e+06
1e+10 2.56529e+08 2565.29 5.15069e+06
1e+10 2.57516e+08 2575.16 5.11763e+06
1e+10 2.58506e+08 2585.06 5.08479e+06
1e+10 2.595e+08 2595 5.05214e+06
1e+10 2.60499e+08 2604.99 5.01966e+06
1e+10 2.615e+08 2615 4.98743e+06
1e+10 2.62506e+08 2625.06 4.95536e+06
1e+10 2.63516e+08 2635.16 4.92348e+06
1e+10 2.6453e+08 2645.3 4.89179e+06
1e+10 2.65547e+08 2655.47 4.86032e+06
1e+10 2.66568e+08 2665.68 4.82904e+06
1e+10 2.67594e+08 2675.94 4.79792e+06
1e+10 2.68623e+08 2686.23 4.76702e+06
1e+10 2.69656e+08 2696.56 4.7363e+06
1e+10 2.70693e+08 2706.93 4.70577e+06
1e+10 2.71734e+08 2717.34 4.67542e+06
1e+10 2.7278e+08 2727.8 4.64523e+06
1e+10 2.73829e+08 2738.29 4.61526e+06
1e+10 2.74882e+08 2748.82 4.58546e+06
1e+10 2.75939e+08 2759.39 4.55585e+06
1e+10 2.77001e+08 2770.01 4.5264e+06
1e+10 2.78066e+08 2780.66 4.49715e+06
1e+10 2.79136e+08 2791.36 4.46806e+06
1e+10 2.80209e+08 2802.09 4.43917e+06
1e+10 2.81287e+08 2812.87 4.41044e+06
1e+10 2.82369e+08 2823.69 4.38189e+06
1e+10 2.83455e+08 2834.55 4.35351e+06
1e+10 2.84545e+08 2845.45 4.32531e+06
1e+10 2.8564e+08 2856.4 4.29727e+06
1e+10 2.86738e+08 2867.38 4.26942e+06
1e+10 2.87841e+08 2878.41 4.24173e+06
1e+10 2.88948e+08 2889.48 4.21421e+06
1e+10 2.9006e+08 2900.6 4.18684e+06
1e+10 2.91175e+08 2911.75 4.15967e+06
1e+10 2.92295e+08 2922.95 4.13265e+06
1e+10 2.9342e+08 2934.2 4.10578e+06
1e+10 2.94548e+08 2945.48 4.0791e+06
1e+10 2.95681e+08 2956.81 4.05258e+06
1e+10 2.96818e+08 2968.18 4.02622e+06
1e+10 2.9796e+08 2979.6 4.00001e+06
1e+10 2.99106e+08 2991.06 3.97396e+06
1e+10 3.00257e+08 3002.57 3.94807e+06
1e+10 3.01411e+08 3014.11 3.92236e+06
1e+10 3.02571e+08 3025.71 3.89678e+06
1e+10 3.03735e+08 3037.35 3.87136e+06
1e+10 3.04903e+08 3049.03 3.84611e+06
1e+10 3.06076e+08 3060.76 3.82101e+06
1e+10 3.07253e+08 3072.53 3.79607e+06
1e+10 3.08435e+08 3084.35 3.77127e+06
1e+10 3.09621e+08 3096.21 3.74663e+06
1e+10 3.10812e+08 3108.12 3.72214e+06
1e+10 3.12007e+08 3120.07 3.69781e+06
1e+10 3.13207e+08 3132.07 3.67362e+06
1e+10 3.14412e+08 3144.12 3.64957e+06
1e+10 3.15621e+08 3156.21 3.62569e+06
1e+10 3.16835e+08 3168.35 3.60194e+06
1e+10 3.18054e+08 3180.54 3.57833e+06
1e+10 3.19277e+08 3192.77 3.55488e+06
1e+10 3.20505e+08 3205.05 3.53157e+06
1e+10 3.21738e+08 3217.38 3.50839e+06
1e+10 3.22976e+08 3229.76 3.48536e+06
1e+10 3.24218e+08 3242.18 3.46248e+06
1e+10 3.25465e+08 3254.65 3.43973e+06
1e+10 3.26717e+08 3267.17 3.41713e+06
1e+10 3.27973e+08 3279.73 3.39467e+06
1e+10 3.29235e+08 3292.35 3.37234e+06
1e+10 3.30501e+08 3305.01 3.35016e+06
1e+10 3.31772e+08 3317.72 3.32811e+06
1e+10 3.33049e+08 3330.49 3.30617e+06
1e+10 3.3433e+08 3343.3 3.28439e+06
1e+10 3.35615e+08 3356.15 3.26276e+06
1e+10 3.36906e+08 3369.06 3.24125e+06
1e+10 3.38202e+08 3382.02 3.21986e+06
1e+10 3.39503e+08 3395.03 3.19861e+06
1e+10 3.40809e+08 3408.09 3.17749e+06
1e+10 3.4212e+08 3421.2 3.1565e+06
1e+10 3.43436e+08 3434.36 3.13564e+06
1e+10 3.44757e+08 3447.57 3.11492e+06
1e+10 3.46083e+08 3460.83 3.09432e+06
1e+10 3.47414e+08 3474.14 3.07384e+06
1e+10 3.4875e+08 3487.5 3.0535e+06
1e+10 3.50091e+08 3500.91 3.03329e+06
1e+10 3.51438e+08 3514.38 3.01319e+06
1e+10 3.5279e+08 3527.9 2.99321e+06
1e+10 3.54147e+08 3541.47 2.97336e+06
1e+10 3.55509e+08 3555.09 2.95364e+06
1e+10 3.56876e+08 3568.76 2.93404e+06
1e+10 3.58249e+08 3582.49 2.91456e+06
1e+10 3.59627e+08 3596.27 2.8952e+06
1e+10 3.6101e+08 3610.1 2.87596e+06
1e+10 3.62399e+08 3623.99 2.85683e+06
1e+10 3.63792e+08 3637.92 2.83784e+06
1e+10 3.65192e+08 3651.92 2.81895e+06
1e+10 3.66596e+08 3665.96 2.80019e+06
1e+10 3.68006e+08 3680.06 2.78154e+06
1e+10 3.69422e+08 3694.22 2.763e+06
1e+10 3.70843e+08 3708.43 2.74458e+06
1e+10 3.72269e+08 3722.69 2.72628e+06
1e+10 3.73701e+08 3737.01 2.70808e+06
1e+10 3.75138e+08 3751.38 2.69001e+06
1e+10 3.76581e+08 3765.81 2.67204e+06
1e+10 3.7803e+08 3780.3 2.65418e+06
1e+10 3.79484e+08 3794.84 2.63644e+06
1e+10 3.80943e+08 3809.43 2.61881e+06
1e+10 3.82408e+08 3824.08 2.60129e+06
1e+10 3.83879e+08 3838.79 2.58388e+06
1e+10 3.85356e+08 3853.56 2.56657e+06
1e+10 3.86838e+08 3868.38 2.54937e+06
1e+10 3.88326e+08 3883.26 2.53228e+06
1e+10 3.8982e+08 3898.2 2.51529e+06
1e+10 3.91319e+08 3913.19 2.49842e+06
1e+10 3.92824e+08 3928.24 2.48165e+06
1e+10 3.94335e+08 3943.35 2.46498e+06
1e+10 3.95852e+08 3958.52 2.44841e+06
1e+10 3.97374e+08 3973.74 2.43196e+06
1e+10 3.98903e+08 3989.03 2.41559e+06
1e+10 4.00437e+08 4004.37 2.39934e+06
1e+10 4.01977e+08 4019.77 2.38319e+06
1e+10 4.03523e+08 4035.23 2.36714e+06
1e+10 4.05075e+08 4050.75 2.35119e+06
1e+10 4.06633e+08 4066.33 2.33534e+06
1e+10 4.08197e+08 4081.97 2.31958e+06
1e+10 4.09768e+08 4097.68 2.30392e+06
1e+10 4.11344e+08 4113.44 2.28837e+06
1e+10 4.12926e+08 4129.26 2.27291e+06
1e+10 4.14514e+08 4145.14 2.25755e+06
1e+10 4.16108e+08 4161.08 2.24229e+06
1e+10 4.17709e+08 4177.09 2.22711e+06
1e+10 4.19315e+08 4193.15 2.21204e+06
1e+10 4.20928e+08 4209.28 2.19706e+06
1e+10 4.22547e+08 4225.47 2.18217e+06
1e+10 4.24173e+08 4241.73 2.16737e+06
1e+10 4.25804e+08 4258.04 2.15268e+06
1e+10 4.27442e+08 4274.42 2.13807e+06
1e+10 4.29086e+08 4290.86 2.12355e+06
1e+10 4.30736e+08 4307.36 2.10913e+06
1e+10 4.32393e+08 4323.93 2.0948e+06
1e+10 4.34056e+08 4340.56 2.08056e+06
1e+10 4.35726e+08 4357.26 2.0664e+06
1e+10 4.37402e+08 4374.02 2.05233e+06
1e+10 4.39084e+08 4390.84 2.03836e+06
1e+10 4.40773e+08 4407.73 2.02447e+06
1e+10 4.42468e+08 4424.68 2.01067e+06
1e+10 4.4417e+08 4441.7 1.99696e+06
1e+10 4.45878e+08 4458.78 1.98333e+06
1e+10 4.47593e+08 4475.93 1.96979e+06
1e+10 4.49315e+08 4493.15 1.95633e+06
1e+10 4.51043e+08 4510.43 1.94296e+06
1e+10 4.52778e+08 4527.78 1.92968e+06
1e+10 4.54519e+08 4545.19 1.91648e+06
1e+10 4.56268e+08 4562.68 1.90335e+06
1e+10 4.58023e+08 4580.23 1.89032e+06
1e+10 4.59784e+08 4597.84 1.87737e+06
1e+10 4.61553e+08 4615.53 1.86449e+06
1e+10 4.63328e+08 4633.28 1.85171e+06
1e+10 4.6511e+08 4651.1 1.839e+06
1e+10 4.66899e+08 4668.99 1.82637e+06
1e+10 4.68695e+08 4686.95 1.81382e+06
1e+10 4.70498e+08 4704.98 1.80135e+06
1e+10 4.72307e+08 4723.07 1.78896e+06
1e+10 4.74124e+08 4741.24 1.77665e+06
1e+10 4.75948e+08 4759.48 1.76441e+06
1e+10 4.77778e+08 4777.78 1.75226e+06
1e+10 4.79616e+08 4796.16 1.74018e+06
1e+10 4.81461e+08 4814.61 1.72818e+06
1e+10 4.83313e+08 4833.13 1.71625e+06
1e+10 4.85172e+08 4851.72 1.7044e+06
1e+10 4.87038e+08 4870.38 1.69263e+06
1e+10 4.88911e+08 4889.11 1.68093e+06
1e+10 4.90791e+08 4907.91 1.66931e+06
1e+10 4.92679e+08 4926.79 1.65776e+06
1e+10 4.94574e+08 4945.74 1.64628e+06
1e+10 4.96476e+08 4964.76 1.63488e+06
1e+10 4.98386e+08 4983.86 1.62354e+06
1e+10 5.00303e+08 5003.03 1.61228e+06
1e+10 5.02227e+08 5022.27 1.6011e+06
1e+10 5.04159e+08 5041.59 1.58998e+06
1e+10 5.06098e+08 5060.98 1.57894e+06
1e+10 5.08045e+08 5080.45 1.56796e+06
1e+10 5.09999e+08 5099.99 1.55705e+06
1e+10 5.1196e+08 5119.6 1.54622e+06
1e+10 5.1393e+08 5139.3 1.53545e+06
1e+10 5.15906e+08 5159.06 1.52476e+06
1e+10 5.17891e+08 5178.91 1.51413e+06
1e+10 5.19883e+08 5198.83 1.50357e+06
1e+10 5.21882e+08 5218.82 1.49308e+06
1e+10 5.2389e+08 5238.9 1.48265e+06
1e+10 5.25905e+08 5259.05 1.47229e+06
1e+10 5.27927e+08 5279.27 1.462e+06
1e+10 5.29958e+08 5299.58 1.45177e+06
1e+10 5.31996e+08 5319.96 1.44162e+06
1e+10 5.34043e+08 5340.43 1.43152e+06
1e+10 5.36097e+08 5360.97 1.42149e+06
1e+10 5.38159e+08 5381.59 1.41152e+06
1e+10 5.40229e+08 5402.29 1.40162e+06
1e+10 5.42306e+08 5423.06 1.39178e+06
1e+10 5.44392e+08 5443.92 1.38201e+06
1e+10 5.46486e+08 5464.86 1.3723e+06
1e+10 5.48588e+08 5485.88 1.36265e+06
1e+10 5.50698e+08 5506.98 1.35306e+06
1e+10 5.52816e+08 5528.16 1.34353e+06
1e+10 5.54943e+08 5549.43 1.33407e+06
1e+10 5.57077e+08 5570.77 1.32466e+06
1e+10 5.5922e+08 5592.2 1.31532e+06
1e+10 5.61371e+08 5613.71 1.30604e+06
1e+10 5.6353e+08 5635.3 1.29682e+06
1e+10 5.65697e+08 5656.97 1.28765e+06
1e+10 5.67873e+08 5678.73 1.27855e+06
1e+10 5.70057e+08 5700.57 1.26951e+06
1e+10 5.7225e+08 5722.5 1.26052e+06
1e+10 5.74451e+08 5744.51 1.25159e+06
1e+10 5.76661e+08 5766.61 1.24272e+06
1e+10 5.78879e+08 5788.79 1.2339e+06
1e+10 5.81105e+08 5811.05 1.22515e+06
1e+10 5.8334e+08 5833.4 1.21645e+06
1e+10 5.85584e+08 5855.84 1.20781e+06
1e+10 5.87836e+08 5878.36 1.19922e+06
1e+10 5.90097e+08 5900.97 1.19069e+06
1e+10 5.92367e+08 5923.67 1.18221e+06
1e+10 5.94645e+08 5946.45 1.1738e+06
1e+10 5.96933e+08 5969.33 1.16543e+06
1e+10 5.99229e+08 5992.29 1.15711e+06
1e+10 6.01533e+08 6015.33 1.14886e+06
1e+10 6.03847e+08 6038.47 1.14066e+06
1e+10 6.0617e+08 6061.7 1.1325e+06
1e+10 6.08501e+08 6085.01 1.12441e+06
1e+10 6.10842e+08 6108.42 1.11636e+06
1e+10 6.13191e+08 6131.91 1.10837e+06
1e+10 6.1555e+08 6155.5 1.10043e+06
1e+10 6.17917e+08 6179.17 1.09254e+06
1e+10 6.20294e+08 6202.94 1.08471e+06
1e+10 6.2268e+08 6226.8 1.07692e+06
1e+10 6.25075e+08 6250.75 1.06919e+06
1e+10 6.27479e+08 6274.79 1.0615e+06
1e+10 6.29892e+08 6298.92 1.05387e+06
1e+10 6.32315e+08 6323.15 1.04629e+06
1e+10 6.34747e+08 6347.47 1.03875e+06
1e+10 6.37189e+08 6371.89 1.03127e+06
1e+10 6.3964e+08 6396.4 1.02383e+06
1e+10 6.421e+08 6421 1.01644e+06
1e+10 6.4457e+08 6445.7 1.0091e+06
1e+10 6.47049e+08 6470.49 1.00181e+06
1e+10 6.49537e+08 6495.37 994573
1e+10 6.52036e+08 6520.36 987376
1e+10 6.54544e+08 6545.44 980228
1e+10 6.57061e+08 6570.61 973129
1e+10 6.59589e+08 6595.89 966073
1e+10 6.62125e+08 6621.25 959068
1e+10 6.64672e+08 6646.72 952106
1e+10 6.67229e+08 6672.29 945189
1e+10 6.69795e+08 6697.95 938320
1e+10 6.72371e+08 6723.71 931495
1e+10 6.74957e+08 6749.57 924716
1e+10 6.77554e+08 6775.54 917979
1e+10 6.8016e+08 6801.6 911288
1e+10 6.82776e+08 6827.76 904642
1e+10 6.85402e+08 6854.02 898040
1e+10 6.88038e+08 6880.38 891482
1e+10 6.90685e+08 6906.85 884966
1e+10 6.93341e+08 6933.41 878495
1e+10 6.96008e+08 6960.08 872065
1e+10 6.98685e+08 6986.85 865679
1e+10 7.01372e+08 7013.72 859335
1e+10 7.0407e+08 7040.7 853032
1e+10 7.06778e+08 7067.78 846772
1e+10 7.09497e+08 7094.97 840552
1e+10 7.12226e+08 7122.26 834374
1e+10 7.14965e+08 7149.65 828239
1e+10 7.17715e+08 7177.15 822143
1e+10 7.20475e+08 7204.75 816089
1e+10 7.23247e+08 7232.47 810072
1e+10 7.26028e+08 7260.28 804099
1e+10 7.28821e+08 7288.21 798164
1e+10 7.31624e+08 7316.24 792269
1e+10 7.34438e+08 7344.38 786413
1e+10 7.37263e+08 7372.63 780596
1e+10 7.40099e+08 7400.99 774817
1e+10 7.42946e+08 7429.46 769077
1e+10 7.45803e+08 7458.03 763377
1e+10 7.48672e+08 7486.72 757713
1e+10 7.51551e+08 7515.51 752090
1e+10 7.54442e+08 7544.42 746502
1e+10 7.57344e+08 7573.44 740952
1e+10 7.60257e+08 7602.57 735439
1e+10 7.63181e+08 7631.81 729963
1e+10 7.66116e+08 7661.16 724525
1e+10 7.69063e+08 7690.63 719122
1e+10 7.72021e+08 7720.21 713756
1e+10 7.74991e+08 7749.91 708425
1e+10 7.77971e+08 7779.71 703133
1e+10 7.80964e+08 7809.64 697873
1e+10 7.83968e+08 7839.68 692650
1e+10 7.86983e+08 7869.83 687462
1e+10 7.9001e+08 7900.1 682309
1e+10 7.93049e+08 7930.49 677191
1e+10 7.96099e+08 7960.99 672107
1e+10 7.99161e+08 7991.61 667058
1e+10 8.02235e+08 8022.35 662043
1e+10 8.0532e+08 8053.2 657063
1e+10 8.08418e+08 8084.18 652114
1e+10 8.11527e+08 8115.27 647201
1e+10 8.14649e+08 8146.49 642319
1e+10 8.17782e+08 8177.82 637472
1e+10 8.20927e+08 8209.27 632658
1e+10 8.24085e+08 8240.85 627875
1e+10 8.27255e+08 8272.55 623125
1e+10 8.30437e+08 8304.37 618407
1e+10 8.33631e+08 8336.31 613722
1e+10 8.36837e+08 8368.37 609069
1e+10 8.40056e+08 8400.56 604447
1e+10 8.43287e+08 8432.87 599857
1e+10 8.4653e+08 8465.3 595299
1e+10 8.49786e+08 8497.86 590771
1e+10 8.53055e+08 8530.55 586273
1e+10 8.56336e+08 8563.36 581807
1e+10 8.5963e+08 8596.3 577371
1e+10 8.62936e+08 8629.36 572966
1e+10 8.66255e+08 8662.55 568590
1e+10 8.69587e+08 8695.87 564245
1e+10 8.72932e+08 8729.32 559929
1e+10 8.76289e+08 8762.89 555643
1e+10 8.7966e+08 8796.6 551386
1e+10 8.83043e+08 8830.43 547159
1e+10 8.8644e+08 8864.4 542960
1e+10 8.89849e+08 8898.49 538791
1e+10 8.93272e+08 8932.72 534649
1e+10 8.96708e+08 8967.08 530536
1e+10 9.00157e+08 9001.57 526452
1e+10 9.03619e+08 9036.19 522396
1e+10 9.07095e+08 9070.95 518368
1e+10 9.10583e+08 9105.83 514368
1e+10 9.14086e+08 9140.86 510395
1e+10 9.17602e+08 9176.02 506449
1e+10 9.21131e+08 9211.31 502532
1e+10 9.24674e+08 9246.74 498641
1e+10 9.28231e+08 9282.31 494776
1e+10 9.31801e+08 9318.01 490939
1e+10 9.35385e+08 9353.85 487128
1e+10 9.38983e+08 9389.83 483344
1e+10 9.42594e+08 9425.94 479586
1e+10 9.4622e+08 9462.2 475854
1e+10 9.49859e+08 9498.59 472148
1e+10 9.53513e+08 9535.13 468467
1e+10 9.5718e+08 9571.8 464813
1e+10 9.60862e+08 9608.62 461183
1e+10 9.64557e+08 9645.57 457580
1e+10 9.68267e+08 9682.67 454001
1e+10 9.71992e+08 9719.92 450446
1e+10 9.7573e+08 9757.3 446917
1e+10 9.79483e+08 9794.83 443413
1e+10 9.83251e+08 9832.51 439932
1e+10 9.87032e+08 9870.32 436477
1e+10 9.90829e+08 9908.29 433045
1e+10 9.9464e+08 9946.4 429638
1e+10 9.98466e+08 9984.66 426254
1e+10 1.00231e+09 10023.1 422891
1e+10 1.00616e+09 10061.6 419559
1e+10 1.01003e+09 10100.3 416246
1e+10 1.01392e+09 10139.2 412952
1e+10 1.01782e+09 10178.2 409685
1e+10 1.02173e+09 10217.3 406446
1e+10 1.02566e+09 10256.6 403225
1e+10 1.02961e+09 10296.1 400023
1e+10 1.03357e+09 10335.7 396848
1e+10 1.03754e+09 10375.4 393699
1e+10 1.04153e+09 10415.3 390569
1e+10 1.04554e+09 10455.4 387457
1e+10 1.04956e+09 10495.6 384371
1e+10 1.0536e+09 10536 381304
1e+10 1.05765e+09 10576.5 378263
1e+10 1.06172e+09 10617.2 375240
1e+10 1.0658e+09 10658 372242
1e+10 1.0699e+09 10699 369263
1e+10 1.07401e+09 10740.1 366309
1e+10 1.07815e+09 10781.5 363366
1e+10 1.08229e+09 10822.9 360455
1e+10 1.08646e+09 10864.6 357555
1e+10 1.09063e+09 10906.3 354687
1e+10 1.09483e+09 10948.3 351829
1e+10 1.09904e+09 10990.4 348997
1e+10 1.10327e+09 11032.7 346181
1e+10 1.10751e+09 11075.1 343390
1e+10 1.11177e+09 11117.7 340617
1e+10 1.11605e+09 11160.5 337861
1e+10 1.12034e+09 11203.4 335129
1e+10 1.12465e+09 11246.5 332415
1e+10 1.12897e+09 11289.7 329723
1e+10 1.13332e+09 11333.2 327043
1e+10 1.13768e+09 11376.8 324387
1e+10 1.14205e+09 11420.5 321753
1e+10 1.14644e+09 11464.4 319137
1e+10 1.15085e+09 11508.5 316538
1e+10 1.15528e+09 11552.8 313955
1e+10 1.15972e+09 11597.2 311395
1e+10 1.16419e+09 11641.9 308847
1e+10 1.16866e+09 11686.6 306326
1e+10 1.17316e+09 11731.6 303816
1e+10 1.17767e+09 11776.7 301329
1e+10 1.1822e+09 11822 298858
1e+10 1.18675e+09 11867.5 296404
1e+10 1.19131e+09 11913.1 293972
1e+10 1.19589e+09 11958.9 291556
1e+10 1.20049e+09 12004.9 289156
1e+10 1.20511e+09 12051.1 286772
1e+10 1.20975e+09 12097.5 284405
1e+10 1.2144e+09 12144 282059
1e+10 1.21907e+09 12190.7 279729
1e+10 1.22376e+09 12237.6 277414
1e+10 1.22847e+09 12284.7 275116
1e+10 1.23319e+09 12331.9 272839
1e+10 1.23793e+09 12379.3 270577
1e+10 1.2427e+09 12427 268326
1e+10 1.24748e+09 12474.8 266096
1e+10 1.25227e+09 12522.7 263886
1e+10 1.25709e+09 12570.9 261686
1e+10 1.26193e+09 12619.3 259503
1e+10 1.26678e+09 12667.8 257339
1e+10 1.27165e+09 12716.5 255190
1e+10 1.27654e+09 12765.4 253057
1e+10 1.28145e+09 12814.5 250939
1e+10 1.28638e+09 12863.8 248836
1e+10 1.29133e+09 12913.3 246748
1e+10 1.2963e+09 12963 244675
1e+10 1.30128e+09 13012.8 242621
1e+10 1.30629e+09 13062.9 240578
1e+10 1.31131e+09 13113.1 238554
1e+10 1.31636e+09 13163.6 236541
1e+10 1.32142e+09 13214.2 234546
1e+10 1.3265e+09 13265 232566
1e+10 1.3316e+09 13316 230600
1e+10 1.33672e+09 13367.2 228649
1e+10 1.34187e+09 13418.7 226708
1e+10 1.34703e+09 13470.3 224786
1e+10 1.35221e+09 13522.1 222878
1e+10 1.35741e+09 13574.1 220984
1e+10 1.36263e+09 13626.3 219104
1e+10 1.36787e+09 13678.7 217238
1e+10 1.37313e+09 13731.3 215387
1e+10 1.37841e+09 13784.1 213549
1e+10 1.38372e+09 13837.2 211721
1e+10 1.38904e+09 13890.4 209911
1e+10 1.39438e+09 13943.8 208115
1e+10 1.39974e+09 13997.4 206332
1e+10 1.40513e+09 14051.3 204560
1e+10 1.41053e+09 14105.3 202804
1e+10 1.41596e+09 14159.6 201059
1e+10 1.4214e+09 14214 199330
1e+10 1.42687e+09 14268.7 197612
1e+10 1.43236e+09 14323.6 195907
1e+10 1.43787e+09 14378.7 194215
1e+10 1.4434e+09 14434 192536
1e+10 1.44895e+09 14489.5 190871
1e+10 1.45452e+09 14545.2 189218
1e+10 1.46012e+09 14601.2 187575
1e+10 1.46573e+09 14657.3 185949
1e+10 1.47137e+09 14713.7 184332
1e+10 1.47703e+09 14770.3 182728
1e+10 1.48271e+09 14827.1 181137
1e+10 1.48842e+09 14884.2 179555
1e+10 1.49414e+09 14941.4 177989
1e+10 1.49989e+09 14998.9 176433
1e+10 1.50566e+09 15056.6 174889
1e+10 1.51145e+09 15114.5 173358
1e+10 1.51726e+09 15172.6 171839
1e+10 1.5231e+09 15231 170329
1e+10 1.52896e+09 15289.6 168832
1e+10 1.53484e+09 15348.4 167347
1e+10 1.54074e+09 15407.4 165874
1e+10 1.54667e+09 15466.7 164411
1e+10 1.55261e+09 15526.1 162962
1e+10 1.55859e+09 15585.9 161520
1e+10 1.56458e+09 15645.8 160092
1e+10 1.5706e+09 15706 158674
1e+10 1.57664e+09 15766.4 157267
1e+10 1.5827e+09 15827 155872
1e+10 1.58879e+09 15887.9 154487
1e+10 1.5949e+09 15949 153112
1e+10 1.60104e+09 16010.4 151747
1e+10 1.6072e+09 16072 150394
1e+10 1.61338e+09 16133.8 149052
1e+10 1.61958e+09 16195.8 147721
1e+10 1.62581e+09 16258.1 146399
1e+10 1.63207e+09 16320.7 145086
1e+10 1.63834e+09 16383.4 143787
1e+10 1.64464e+09 16446.4 142496
1e+10 1.65097e+09 16509.7 141214
1e+10 1.65732e+09 16573.2 139944
1e+10 1.66369e+09 16636.9 138684
1e+10 1.67009e+09 16700.9 137432
1e+10 1.67652e+09 16765.2 136190
1e+10 1.68297e+09 16829.7 134959
1e+10 1.68944e+09 16894.4 133738
1e+10 1.69594e+09 16959.4 132525
1e+10 1.70246e+09 17024.6 131323
1e+10 1.70901e+09 17090.1 130130
1e+10 1.71558e+09 17155.8 128947
1e+10 1.72218e+09 17221.8 127773
1e+10 1.7288e+09 17288 126609
1e+10 1.73545e+09 17354.5 125453
1e+10 1.74213e+09 17421.3 124306
1e+10 1.74883e+09 17488.3 123169
1e+10 1.75556e+09 17555.6 122040
1e+10 1.76231e+09 17623.1 120921
1e+10 1.76909e+09 17690.9 119811
1e+10 1.77589e+09 17758.9 118710
1e+10 1.78272e+09 17827.2 117618
1e+10 1.78958e+09 17895.8 116534
1e+10 1.79646e+09 17964.6 115459
1e+10 1.80337e+09 18033.7 114392
1e+10 1.81031e+09 18103.1 113334
1e+10 1.81727e+09 18172.7 112285
1e+10 1.82426e+09 18242.6 111244
1e+10 1.83128e+09 18312.8 110211
1e+10 1.83832e+09 18383.2 109187
1e+10 1.84539e+09 18453.9 108171
1e+10 1.85249e+09 18524.9 107163
1e+10 1.85962e+09 18596.2 106163
1e+10 1.86677e+09 18667.7 105172
1e+10 1.87395e+09 18739.5 104188
1e+10 1.88116e+09 18811.6 103213
1e+10 1.88839e+09 18883.9 102246
1e+10 1.89565e+09 18956.5 101287
1e+10 1.90295e+09 19029.5 100334
1e+10 1.91027e+09 19102.7 99389.5
1e+10 1.91761e+09 19176.1 98454.1
1e+10 1.92499e+09 19249.9 97524.9
1e+10 1.93239e+09 19323.9 96604.3
1e+10 1.93983e+09 19398.3 95689.8
1e+10 1.94729e+09 19472.9 94783.9
1e+10 1.95478e+09 19547.8 93885.3
1e+10 1.96229e+09 19622.9 92995.1
1e+10 1.96984e+09 19698.4 92111
1e+10 1.97742e+09 19774.2 91234
1e+10 1.98502e+09 19850.2 90365.3
1e+10 1.99266e+09 19926.6 89502.6
1e+10 2.00032e+09 20003.2 88648.1
1e+10 2.00802e+09 20080.2 87799.5
1e+10 2.01574e+09 20157.4 86958.9
1e+10 2.02349e+09 20234.9 86125.3
1e+10 2.03128e+09 20312.8 85297.6
1e+10 2.03909e+09 20390.9 84477.8
1e+10 2.04693e+09 20469.3 83664.8
1e+10 2.05481e+09 20548.1 82857.6
1e+10 2.06271e+09 20627.1 82058.2
1e+10 2.07064e+09 20706.4 81265.5
1e+10 2.07861e+09 20786.1 80478.5
1e+10 2.0866e+09 20866 79699.2
1e+10 2.09463e+09 20946.3 78925.4
1e+10 2.10269e+09 21026.9 78158.3
1e+10 2.11077e+09 21107.7 77398.7
1e+10 2.11889e+09 21188.9 76644.6
1e+10 2.12704e+09 21270.4 75897
1e+10 2.13522e+09 21352.2 75155.9
1e+10 2.14344e+09 21434.4 74420.2
1e+10 2.15168e+09 21516.8 73691.8
1e+10 2.15996e+09 21599.6 72968.9
1e+10 2.16826e+09 21682.6 72253.1
1e+10 2.1766e+09 21766 71542.7
1e+10 2.18498e+09 21849.8 70837.7
1e+10 2.19338e+09 21933.8 70139.7
1e+10 2.20182e+09 22018.2 69447
1e+10 2.21028e+09 22102.8 68761.2
1e+10 2.21879e+09 22187.9 68080
1e+10 2.22732e+09 22273.2 67405.5
1e+10 2.23589e+09 22358.9 66736.3
1e+10 2.24449e+09 22444.9 66073
1e+10 2.25312e+09 22531.2 65415.7
1e+10 2.26179e+09 22617.9 64763.5
1e+10 2.27049e+09 22704.9 64117.2
1e+10 2.27922e+09 22792.2 63476.7
1e+10 2.28798e+09 22879.8 62842
1e+10 2.29679e+09 22967.9 62211.7
1e+10 2.30562e+09 23056.2 61587.8
1e+10 2.31449e+09 23144.9 60968.8
1e+10 2.32339e+09 23233.9 60355.5
1e+10 2.33233e+09 23323.3 59747.2
1e+10 2.3413e+09 23413 59144.4
1e+10 2.3503e+09 23503 58547.2
1e+10 2.35934e+09 23593.4 57954.9
1e+10 2.36842e+09 23684.2 57367.4
1e+10 2.37753e+09 23775.3 56785.3
1e+10 2.38667e+09 23866.7 56208.7
1e+10 2.39585e+09 23958.5 55636.8
1e+10 2.40507e+09 24050.7 55069.7
1e+10 2.41432e+09 24143.2 54507.9
1e+10 2.4236e+09 24236 53951.4
1e+10 2.43292e+09 24329.2 53399.5
1e+10 2.44228e+09 24422.8 52852.2
1e+10 2.45168e+09 24516.8 52309.6
1e+10 2.46111e+09 24611.1 51772.1
1e+10 2.47057e+09 24705.7 51239.8
1e+10 2.48008e+09 24800.8 50711.4
1e+10 2.48961e+09 24896.1 50188.6
1e+10 2.49919e+09 24991.9 49669.7
1e+10 2.5088e+09 25088 49155.9
1e+10 2.51845e+09 25184.5 48646.5
1e+10 2.52814e+09 25281.4 48141.4
1e+10 2.53786e+09 25378.6 47641.3
1e+10 2.54762e+09 25476.2 47145.5
1e+10 2.55742e+09 25574.2 46654.1
1e+10 2.56726e+09 25672.6 46166.9
1e+10 2.57713e+09 25771.3 45684.5
1e+10 2.58705e+09 25870.5 45205.9
1e+10 2.597e+09 25970 44732
1e+10 2.60699e+09 26069.9 44262.3
1e+10 2.61701e+09 26170.1 43797.3
1e+10 2.62708e+09 26270.8 43335.9
1e+10 2.63718e+09 26371.8 42879.1
1e+10 2.64733e+09 26473.3 42426
1e+10 2.65751e+09 26575.1 41977.4
1e+10 2.66773e+09 26677.3 41532.9
1e+10 2.67799e+09 26779.9 41092.3
1e+10 2.68829e+09 26882.9 40655.8
1e+10 2.69863e+09 26986.3 40223.3
1e+10 2.70901e+09 27090.1 39794.7
1e+10 2.71943e+09 27194.3 39370.1
1e+10 2.72989e+09 27298.9 38949.3
1e+10 2.74039e+09 27403.9 38532.5
1e+10 2.75093e+09 27509.3 38119.5
1e+10 2.76151e+09 27615.1 37710.3
1e+10 2.77213e+09 27721.3 37305
1e+10 2.7828e+09 27828 36903.1
1e+10 2.7935e+09 27935 36505.3
1e+10 2.80424e+09 28042.4 36111.2
1e+10 2.81503e+09 28150.3 35720.5
1e+10 2.82586e+09 28258.6 35333.5
1e+10 2.83673e+09 28367.3 34950.1
1e+10 2.84764e+09 28476.4 34570.4
1e+10 2.85859e+09 28585.9 34194.3
1e+10 2.86959e+09 28695.9 33821.5
1e+10 2.88062e+09 28806.2 33452.6
1e+10 2.8917e+09 28917 33086.9
1e+10 2.90283e+09 29028.3 32724.4
1e+10 2.91399e+09 29139.9 32365.8
1e+10 2.9252e+09 29252 32010.3
1e+10 2.93645e+09 29364.5 31658.2
1e+10 2.94774e+09 29477.4 31309.6
1e+10 2.95908e+09 29590.8 30964.1
1e+10 2.97046e+09 29704.6 30622
1e+10 2.98189e+09 29818.9 30283
1e+10 2.99336e+09 29933.6 29947.3
1e+10 3.00487e+09 30048.7 29614.9
1e+10 3.01643e+09 30164.3 29285.6
1e+10 3.02803e+09 30280.3 28959.5
1e+10 3.03968e+09 30396.8 28636.4
1e+10 3.05137e+09 30513.7 28316.5
1e+10 3.06311e+09 30631.1 27999.6
1e+10 3.07489e+09 30748.9 27685.8
1e+10 3.08671e+09 30867.1 27375.3
1e+10 3.09859e+09 30985.9 27067.3
1e+10 3.11051e+09 31105.1 26762.5
1e+10 3.12247e+09 31224.7 26460.8
1e+10 3.13448e+09 31344.8 26161.9
1e+10 3.14654e+09 31465.4 25865.8
1e+10 3.15864e+09 31586.4 25572.8
1e+10 3.17079e+09 31707.9 25282.5
1e+10 3.18298e+09 31829.8 24995.2
1e+10 3.19523e+09 31952.3 24710.5
1e+10 3.20752e+09 32075.2 24428.6
1e+10 3.21985e+09 32198.5 24149.8
1e+10 3.23224e+09 32322.4 23873.3
1e+10 3.24467e+09 32446.7 23599.8
1e+10 3.25715e+09 32571.5 23328.9
1e+10 3.26968e+09 32696.8 23060.7
1e+10 3.28225e+09 32822.5 22795.3
1e+10 3.29488e+09 32948.8 22532.2
1e+10 3.30755e+09 33075.5 22272
1e+10 3.32027e+09 33202.7 22014.3
1e+10 3.33304e+09 33330.4 21759.1
1e+10 3.34586e+09 33458.6 21506.5
1e+10 3.35873e+09 33587.3 21256.4
1e+10 3.37165e+09 33716.5 21008.8
1e+10 3.38462e+09 33846.2 20763.7
1e+10 3.39764e+09 33976.4 20521
1e+10 3.41071e+09 34107.1 20280.8
1e+10 3.42382e+09 34238.2 20043.1
1e+10 3.43699e+09 34369.9 19807.7
1e+10 3.45021e+09 34502.1 19574.7
1e+10 3.46348e+09 34634.8 19344.1
1e+10 3.47681e+09 34768.1 19115.6
1e+10 3.49018e+09 34901.8 18889.7
1e+10 3.5036e+09 35036 18666
1e+10 3.51708e+09 35170.8 18444.6
1e+10 3.53061e+09 35306.1 18225.4
1e+10 3.54419e+09 35441.9 18008.4
1e+10 3.55782e+09 35578.2 17793.8
1e+10 3.5715e+09 35715 17581.4
1e+10 3.58524e+09 35852.4 17371
1e+10 3.59903e+09 35990.3 17162.9
1e+10 3.61287e+09 36128.7 16956.9
1e+10 3.62677e+09 36267.7 16753
1e+10 3.64072e+09 36407.2 16551.2
1e+10 3.65472e+09 36547.2 16351.6
1e+10 3.66878e+09 36687.8 16154
1e+10 3.68289e+09 36828.9 15958.4
1e+10 3.69706e+09 36970.6 15764.9
1e+10 3.71128e+09 37112.8 15573.4
1e+10 3.72555e+09 37255.5 15384
1e+10 3.73988e+09 37398.8 15196.5
1e+10 3.75426e+09 37542.6 15011
1e+10 3.7687e+09 37687 14827.4
1e+10 3.7832e+09 37832 14645.7
1e+10 3.79775e+09 37977.5 14466
1e+10 3.81236e+09 38123.6 14288.1
1e+10 3.82702e+09 38270.2 14112.2
1e+10 3.84174e+09 38417.4 13938.1
1e+10 3.85652e+09 38565.2 13765.8
1e+10 3.87135e+09 38713.5 13595.4
1e+10 3.88624e+09 38862.4 13426.8
1e+10 3.90119e+09 39011.9 13260
1e+10 3.91619e+09 39161.9 13095.1
1e+10 3.93126e+09 39312.6 12931.7
1e+10 3.94638e+09 39463.8 12770.3
1e+10 3.96156e+09 39615.6 12610.5
1e+10 3.97679e+09 39767.9 12452.5
1e+10 3.99209e+09 39920.9 12296.2
1e+10 4.00745e+09 40074.5 12141.5
1e+10 4.02286e+09 40228.6 11988.5
1e+10 4.03833e+09 40383.3 11837.3
1e+10 4.05387e+09 40538.7 11687.5
1e+10 4.06946e+09 40694.6 11539.5
1e+10 4.08511e+09 40851.1 11393.1
1e+10 4.10082e+09 41008.2 11248.3
1e+10 4.1166e+09 41166 11105
1e+10 4.13243e+09 41324.3 10963.4
1e+10 4.14832e+09 41483.2 10823.3
1e+10 4.16428e+09 41642.8 10684.7
1e+10 4.1803e+09 41803 10547.6
1e+10 4.19638e+09 41963.8 10412.1
1e+10 4.21252e+09 42125.2 10278.1
1e+10 4.22872e+09 42287.2 10145.6
1e+10 4.24498e+09 42449.8 10014.5
1e+10 4.26131e+09 42613.1 9884.91
1e+10 4.2777e+09 42777 9756.75
1e+10 4.29415e+09 42941.5 9630.04
1e+10 4.31067e+09 43106.7 9504.7
1e+10 4.32725e+09 43272.5 9380.79
1e+10 4.34389e+09 43438.9 9258.3
1e+10 4.3606e+09 43606 9137.15
1e+10 4.37737e+09 43773.7 9017.39
1e+10 4.39421e+09 43942.1 8898.95
1e+10 4.41111e+09 44111.1 8781.88
1e+10 4.42808e+09 44280.8 8666.1
1e+10 4.44511e+09 44451.1 8551.68
1e+10 4.46221e+09 44622.1 8438.52
1e+10 4.47937e+09 44793.7 8326.7
1e+10 4.4966e+09 44966 8216.12
1e+10 4.5139e+09 45139 8106.79
1e+10 4.53126e+09 45312.6 7998.76
1e+10 4.54869e+09 45486.9 7891.94
1e+10 4.56618e+09 45661.8 7786.4
1e+10 4.58374e+09 45837.4 7682.06
1e+10 4.60138e+09 46013.8 7578.85
1e+10 4.61907e+09 46190.7 7476.93
1e+10 4.63684e+09 46368.4 7376.14
1e+10 4.65467e+09 46546.7 7276.56
1e+10 4.67258e+09 46725.8 7178.08
1e+10 4.69055e+09 46905.5 7080.79
1e+10 4.70859e+09 47085.9 6984.64
1e+10 4.7267e+09 47267 6889.61
1e+10 4.74488e+09 47448.8 6795.7
1e+10 4.76313e+09 47631.3 6702.89
1e+10 4.78145e+09 47814.5 6611.17
1e+10 4.79984e+09 47998.4 6520.54
1e+10 4.81831e+09 48183.1 6430.93
1e+10 4.83684e+09 48368.4 6342.45
1e+10 4.85544e+09 48554.4 6255.01
1e+10 4.87412e+09 48741.2 6168.58
1e+10 4.89286e+09 48928.6 6083.24
1e+10 4.91168e+09 49116.8 5998.87
1e+10 4.93058e+09 49305.8 5915.49
1e+10 4.94954e+09 49495.4 5833.16
1e+10 4.96858e+09 49685.8 5751.79
1e+10 4.98769e+09 49876.9 5671.41
1e+10 5.00687e+09 50068.7 5592.02
1e+10 5.02613e+09 50261.3 5513.56
1e+10 5.04546e+09 50454.6 5436.07
1e+10 5.06487e+09 50648.7 5359.49
1e+10 5.08435e+09 50843.5 5283.87
1e+10 5.10391e+09 51039.1 5209.15
1e+10 5.12354e+09 51235.4 5135.36
1e+10 5.14324e+09 51432.4 5062.49
1e+10 5.16303e+09 51630.3 4990.47
1e+10 5.18288e+09 51828.8 4919.39
1e+10 5.20282e+09 52028.2 4849.14
1e+10 5.22283e+09 52228.3 4779.77
1e+10 5.24292e+09 52429.2 4711.26
1e+10 5.26309e+09 52630.9 4643.58
1e+10 5.28333e+09 52833.3 4576.77
1e+10 5.30365e+09 53036.5 4510.78
1e+10 5.32405e+09 53240.5 4445.61
1e+10 5.34453e+09 53445.3 4381.25
1e+10 5.36508e+09 53650.8 4317.72
1e+10 5.38572e+09 53857.2 4254.96
1e+10 5.40643e+09 54064.3 4193.01
1e+10 5.42723e+09 54272.3 4131.81
1e+10 5.4481e+09 54481 4071.42
1e+10 5.46906e+09 54690.6 4011.76
1e+10 5.4901e+09 54901 3952.86
1e+10 5.51121e+09 55112.1 3894.73
1e+10 5.53241e+09 55324.1 3837.33
1e+10 5.55369e+09 55536.9 3780.66
1e+10 5.57505e+09 55750.5 3724.71
1e+10 5.59649e+09 55964.9 3669.49
1e+10 5.61802e+09 56180.2 3614.96
1e+10 5.63963e+09 56396.3 3561.14
1e+10 5.66132e+09 56613.2 3508.02
1e+10 5.68309e+09 56830.9 3455.6
1e+10 5.70495e+09 57049.5 3403.83
1e+10 5.7269e+09 57269 3352.73
1e+10 5.74892e+09 57489.2 3302.32
1e+10 5.77104e+09 57710.4 3252.54
1e+10 5.79323e+09 57932.3 3203.44
1e+10 5.81552e+09 58155.2 3154.95
1e+10 5.83788e+09 58378.8 3107.13
1e+10 5.86034e+09 58603.4 3059.91
1e+10 5.88288e+09 58828.8 3013.32
1e+10 5.90551e+09 59055.1 2967.34
1e+10 5.92822e+09 59282.2 2921.99
1e+10 5.95102e+09 59510.2 2877.23
1e+10 5.97391e+09 59739.1 2833.06
1e+10 5.99689e+09 59968.9 2789.47
1e+10 6.01995e+09 60199.5 2746.48
1e+10 6.04311e+09 60431.1 2704.05
1e+10 6.06635e+09 60663.5 2662.2
1e+10 6.08969e+09 60896.9 2620.89
1e+10 6.11311e+09 61131.1 2580.16
1e+10 6.13662e+09 61366.2 2539.98
1e+10 6.16022e+09 61602.2 2500.34
1e+10 6.18392e+09 61839.2 2461.22
1e+10 6.2077e+09 62077 2422.65
1e+10 6.23158e+09 62315.8 2384.59
1e+10 6.25555e+09 62555.5 2347.06
1e+10 6.27961e+09 62796.1 2310.04
1e+10 6.30376e+09 63037.6 2273.53
1e+10 6.32801e+09 63280.1 2237.51
1e+10 6.35235e+09 63523.5 2202
1e+10 6.37678e+09 63767.8 2166.97
1e+10 6.40131e+09 64013.1 2132.43
1e+10 6.42593e+09 64259.3 2098.37
1e+10 6.45065e+09 64506.5 2064.77
1e+10 6.47546e+09 64754.6 2031.65
1e+10 6.50036e+09 65003.6 1999
1e+10 6.52537e+09 65253.7 1966.78
1e+10 6.55046e+09 65504.6 1935.04
1e+10 6.57566e+09 65756.6 1903.72
1e+10 6.60095e+09 66009.5 1872.86
1e+10 6.62634e+09 66263.4 1842.43
1e+10 6.65183e+09 66518.3 1812.42
1e+10 6.67741e+09 66774.1 1782.85
1e+10 6.7031e+09 67031 1753.69
1e+10 6.72888e+09 67288.8 1724.95
1e+10 6.75476e+09 67547.6 1696.62
1e+10 6.78074e+09 67807.4 1668.69
1e+10 6.80682e+09 68068.2 1641.17
1e+10 6.833e+09 68330 1614.04
1e+10 6.85928e+09 68592.8 1587.3
1e+10 6.88567e+09 68856.7 1560.94
1e+10 6.91215e+09 69121.5 1534.97
1e+10 6.93874e+09 69387.4 1509.37
1e+10 6.96543e+09 69654.3 1484.14
1e+10 6.99222e+09 69922.2 1459.29
1e+10 7.01911e+09 70191.1 1434.8
1e+10 7.04611e+09 70461.1 1410.66
1e+10 7.07321e+09 70732.1 1386.88
1e+10 7.10042e+09 71004.2 1363.44
1e+10 7.12773e+09 71277.3 1340.35
1e+10 7.15514e+09 71551.4 1317.61
1e+10 7.18266e+09 71826.6 1295.2
1e+10 7.21029e+09 72102.9 1273.13
1e+10 7.23802e+09 72380.2 1251.38
1e+10 7.26586e+09 72658.6 1229.95
1e+10 7.29381e+09 72938.1 1208.85
1e+10 7.32186e+09 73218.6 1188.06
1e+10 7.35002e+09 73500.2 1167.59
1e+10 7.37829e+09 73782.9 1147.42
1e+10 7.40667e+09 74066.7 1127.56
1e+10 7.43516e+09 74351.6 1107.99
1e+10 7.46376e+09 74637.6 1088.72
1e+10 7.49247e+09 74924.7 1069.75
1e+10 7.52129e+09 75212.9 1051.06
1e+10 7.55022e+09 75502.2 1032.66
1e+10 7.57926e+09 75792.6 1014.54
1e+10 7.60841e+09 76084.1 996.705
1e+10 7.63767e+09 76376.7 979.142
1e+10 7.66705e+09 76670.5 961.845
1e+10 7.69654e+09 76965.4 944.816
1e+10 7.72614e+09 77261.4 928.054
1e+10 7.75586e+09 77558.6 911.548
1e+10 7.78569e+09 77856.9 895.301
1e+10 7.81564e+09 78156.4 879.305
1e+10 7.8457e+09 78457 863.562
1e+10 7.87587e+09 78758.7 848.068
1e+10 7.90617e+09 79061.7 832.811
1e+10 7.93658e+09 79365.8 817.798
1e+10 7.9671e+09 79671 803.024
1e+10 7.99775e+09 79977.5 788.479
1e+10 8.02851e+09 80285.1 774.168
1e+10 8.05939e+09 80593.9 760.084
1e+10 8.09039e+09 80903.9 746.224
1e+10 8.12151e+09 81215.1 732.585
1e+10 8.15274e+09 81527.4 719.169
1e+10 8.1841e+09 81841 705.964
1e+10 8.21558e+09 82155.8 692.972
1e+10 8.24718e+09 82471.8 680.19
1e+10 8.2789e+09 82789 667.615
1e+10 8.31074e+09 83107.4 655.245
1e+10 8.34271e+09 83427.1 643.073
1e+10 8.3748e+09 83748 631.101
1e+10 8.40701e+09 84070.1 619.326
1e+10 8.43935e+09 84393.5 607.742
1e+10 8.47181e+09 84718.1 596.349
1e+10 8.50439e+09 85043.9 585.145
1e+10 8.5371e+09 85371 574.125
1e+10 8.56994e+09 85699.4 563.286
1e+10 8.6029e+09 86029 552.628
1e+10 8.63599e+09 86359.9 542.147
1e+10 8.66921e+09 86692.1 531.84
1e+10 8.70255e+09 87025.5 521.707
1e+10 8.73602e+09 87360.2 511.743
1e+10 8.76962e+09 87696.2 501.947
1e+10 8.80336e+09 88033.6 492.312
1e+10 8.83722e+09 88372.2 482.842
1e+10 8.87121e+09 88712.1 473.533
1e+10 8.90533e+09 89053.3 464.382
1e+10 8.93958e+09 89395.8 455.387
1e+10 8.97396e+09 89739.6 446.546
1e+10 9.00848e+09 90084.8 437.854
1e+10 9.04313e+09 90431.3 429.312
1e+10 9.07791e+09 90779.1 420.917
1e+10 9.11283e+09 91128.3 412.665
1e+10 9.14788e+09 91478.8 404.557
1e+10 9.18307e+09 91830.7 396.588
1e+10 9.21839e+09 92183.9 388.759
1e+10 9.25384e+09 92538.4 381.067
1e+10 9.28944e+09 92894.4 373.506
1e+10 9.32517e+09 93251.7 366.079
1e+10 9.36103e+09 93610.3 358.784
1e+10 9.39704e+09 93970.4 351.614
1e+10 9.43318e+09 94331.8 344.573
1e+10 9.46946e+09 94694.6 337.656
1e+10 9.50589e+09 95058.9 330.859
1e+10 9.54245e+09 95424.5 324.185
1e+10 9.57915e+09 95791.5 317.63
1e+10 9.616e+09 96160 311.191
1e+10 9.65298e+09 96529.8 304.868
1e+10 9.69011e+09 96901.1 298.658
1e+10 9.72738e+09 97273.8 292.56
1e+10 9.7648e+09 97648 286.572
1e+10 9.80236e+09 98023.6 280.692
1e+10 9.84006e+09 98400.6 274.919
1e+10 9.87791e+09 98779.1 269.25
1e+10 9.9159e+09 99159 263.686
1e+10 9.95404e+09 99540.4 258.223
1e+10 9.99233e+09 99923.3 252.859
1e+10 1.00308e+10 100308 247.59
1e+10 1.00693e+10 100693 242.434
1e+10 1.01081e+10 101081 237.352
1e+10 1.01469e+10 101469 232.384
1e+10 1.0186e+10 101860 227.49
1e+10 1.02252e+10 102252 222.692
1e+10 1.02645e+10 102645 217.991
1e+10 1.0304e+10 103040 213.371
1e+10 1.03436e+10 103436 208.844
1e+10 1.03834e+10 103834 204.397
1e+10 1.04233e+10 104233 200.04
1e+10 1.04634e+10 104634 195.76
1e+10 1.05037e+10 105037 191.557
1e+10 1.05441e+10 105441 187.439
1e+10 1.05846e+10 105846 183.405
1e+10 1.06253e+10 106253 179.444
1e+10 1.06662e+10 106662 175.555
1e+10 1.07072e+10 107072 171.746
1e+10 1.07484e+10 107484 168.006
1e+10 1.07897e+10 107897 164.344
1e+10 1.08312e+10 108312 160.749
1e+10 1.08729e+10 108729 157.221
1e+10 1.09147e+10 109147 153.766
1e+10 1.09567e+10 109567 150.376
1e+10 1.09988e+10 109988 147.057
1e+10 1.10412e+10 110412 143.792
1e+10 1.10836e+10 110836 140.604
1e+10 1.11262e+10 111262 137.477
1e+10 1.1169e+10 111690 134.408
1e+10 1.1212e+10 112120 131.398
1e+10 1.12551e+10 112551 128.453
1e+10 1.12984e+10 112984 125.564
1e+10 1.13419e+10 113419 122.73
1e+10 1.13855e+10 113855 119.958
1e+10 1.14293e+10 114293 117.239
1e+10 1.14733e+10 114733 114.574
1e+10 1.15174e+10 115174 111.966
1e+10 1.15617e+10 115617 109.41
1e+10 1.16062e+10 116062 106.904
1e+10 1.16508e+10 116508 104.452
1e+10 1.16956e+10 116956 102.05
1e+10 1.17406e+10 117406 99.6954
1e+10 1.17857e+10 117857 97.393
1e+10 1.18311e+10 118311 95.1317
1e+10 1.18766e+10 118766 92.9208
1e+10 1.19223e+10 119223 90.7546
1e+10 1.19681e+10 119681 88.6369
1e+10 1.20142e+10 120142 86.5578
1e+10 1.20604e+10 120604 84.5256
1e+10 1.21068e+10 121068 82.5351
1e+10 1.21533e+10 121533 80.5896
1e+10 1.22001e+10 122001 78.6803
1e+10 1.2247e+10 122470 76.8145
1e+10 1.22941e+10 122941 74.9875
1e+10 1.23414e+10 123414 73.1986
1e+10 1.23889e+10 123889 71.4472
1e+10 1.24365e+10 124365 69.7362
1e+10 1.24843e+10 124843 68.0614
1e+10 1.25324e+10 125324 66.4185
1e+10 1.25806e+10 125806 64.8139
1e+10 1.26289e+10 126289 63.2468
1e+10 1.26775e+10 126775 61.71
1e+10 1.27263e+10 127263 60.2062
1e+10 1.27752e+10 127752 58.7379
1e+10 1.28244e+10 128244 57.2983
1e+10 1.28737e+10 128737 55.8929
1e+10 1.29232e+10 129232 54.5181
1e+10 1.29729e+10 129729 53.1734
1e+10 1.30228e+10 130228 51.8581
1e+10 1.30729e+10 130729 50.5718
1e+10 1.31232e+10 131232 49.3139
1e+10 1.31737e+10 131737 48.084
1e+10 1.32243e+10 132243 46.8837
1e+10 1.32752e+10 132752 45.7079
1e+10 1.33263e+10 133263 44.5585
1e+10 1.33775e+10 133775 43.4371
1e+10 1.3429e+10 134290 42.3389
1e+10 1.34806e+10 134806 41.2677
1e+10 1.35325e+10 135325 40.2187
1e+10 1.35845e+10 135845 39.1956
1e+10 1.36368e+10 136368 38.194
1e+10 1.36892e+10 136892 37.2173
1e+10 1.37419e+10 137419 36.2613
1e+10 1.37947e+10 137947 35.3291
1e+10 1.38478e+10 138478 34.4169
1e+10 1.39011e+10 139011 33.5258
1e+10 1.39545e+10 139545 32.6573
1e+10 1.40082e+10 140082 31.8075
1e+10 1.40621e+10 140621 30.9776
1e+10 1.41162e+10 141162 30.1674
1e+10 1.41705e+10 141705 29.3764
1e+10 1.4225e+10 142250 28.6041
1e+10 1.42797e+10 142797 27.8503
1e+10 1.43346e+10 143346 27.1145
1e+10 1.43897e+10 143897 26.3964
1e+10 1.44451e+10 144451 25.6944
1e+10 1.45006e+10 145006 25.0105
1e+10 1.45564e+10 145564 24.342
1e+10 1.46124e+10 146124 23.6898
1e+10 1.46686e+10 146686 23.0535
1e+10 1.4725e+10 147250 22.4328
1e+10 1.47817e+10 147817 21.8263
1e+10 1.48385e+10 148385 21.2359
1e+10 1.48956e+10 148956 20.659
1e+10 1.49529e+10 149529 20.0965
1e+10 1.50104e+10 150104 19.548
1e+10 1.50681e+10 150681 19.0132
1e+10 1.51261e+10 151261 18.4909
1e+10 1.51843e+10 151843 17.9818
1e+10 1.52427e+10 152427 17.4855
1e+10 1.53013e+10 153013 17.0019
1e+10 1.53602e+10 153602 16.5297
1e+10 1.54192e+10 154192 16.0704
1e+10 1.54785e+10 154785 15.6221
1e+10 1.55381e+10 155381 15.1845
1e+10 1.55978e+10 155978 14.759
1e+10 1.56578e+10 156578 14.3438
1e+10 1.57181e+10 157181 13.9387
1e+10 1.57785e+10 157785 13.5448
1e+10 1.58392e+10 158392 13.1605
1e+10 1.59001e+10 159001 12.7863
1e+10 1.59613e+10 159613 12.4214
1e+10 1.60227e+10 160227 12.0661
1e+10 1.60843e+10 160843 11.7203
1e+10 1.61462e+10 161462 11.3831
1e+10 1.62083e+10 162083 11.0548
1e+10 1.62706e+10 162706 10.7354
1e+10 1.63332e+10 163332 10.424
1e+10 1.6396e+10 163960 10.121
1e+10 1.64591e+10 164591 9.82578
1e+10 1.65224e+10 165224 9.53853
1e+10 1.65859e+10 165859 9.25909
1e+10 1.66497e+10 166497 8.98685
1e+10 1.67138e+10 167138 8.72166
1e+10 1.67781e+10 167781 8.46376
1e+10 1.68426e+10 168426 8.21296
1e+10 1.69074e+10 169074 7.96873
1e+10 1.69724e+10 169724 7.73128
1e+10 1.70377e+10 170377 7.50009
1e+10 1.71032e+10 171032 7.27535
1e+10 1.7169e+10 171690 7.05659
1e+10 1.7235e+10 172350 6.84397
1e+10 1.73013e+10 173013 6.63705
1e+10 1.73679e+10 173679 6.43568
1e+10 1.74347e+10 174347 6.24004
1e+10 1.75017e+10 175017 6.04997
1e+10 1.7569e+10 175690 5.86506
1e+10 1.76366e+10 176366 5.68519
1e+10 1.77045e+10 177045 5.51024
1e+10 1.77726e+10 177726 5.34034
1e+10 1.78409e+10 178409 5.17537
1e+10 1.79095e+10 179095 5.01496
1e+10 1.79784e+10 179784 4.859
1e+10 1.80476e+10 180476 4.70738
1e+10 1.8117e+10 181170 4.56022
1e+10 1.81867e+10 181867 4.41719
1e+10 1.82566e+10 182566 4.27839
1e+10 1.83268e+10 183268 4.14351
1e+10 1.83973e+10 183973 4.01246
1e+10 1.84681e+10 184681 3.88514
1e+10 1.85391e+10 185391 3.76163
1e+10 1.86104e+10 186104 3.64167
1e+10 1.8682e+10 186820 3.52516
1e+10 1.87539e+10 187539 3.41202
1e+10 1.8826e+10 188260 3.30231
1e+10 1.88984e+10 188984 3.19579
1e+10 1.89711e+10 189711 3.09238
1e+10 1.90441e+10 190441 2.99201
1e+10 1.91173e+10 191173 2.89472
1e+10 1.91909e+10 191909 2.80018
1e+10 1.92647e+10 192647 2.70856
1e+10 1.93388e+10 193388 2.61967
1e+10 1.94132e+10 194132 2.53343
1e+10 1.94878e+10 194878 2.44988
1e+10 1.95628e+10 195628 2.36874
1e+10 1.9638e+10 196380 2.29015
1e+10 1.97136e+10 197136 2.21384
1e+10 1.97894e+10 197894 2.13995
1e+10 1.98655e+10 198655 2.06831
1e+10 1.99419e+10 199419 1.99886
1e+10 2.00186e+10 200186 1.93155
1e+10 2.00956e+10 200956 1.86631
1e+10 2.01729e+10 201729 1.80309
1e+10 2.02505e+10 202505 1.74183
1e+10 2.03284e+10 203284 1.68248
1e+10 2.04066e+10 204066 1.62499
1e+10 2.04851e+10 204851 1.5693
1e+10 2.05638e+10 205638 1.51543
1e+10 2.06429e+10 206429 1.4632
1e+10 2.07223e+10 207223 1.41262
1e+10 2.0802e+10 208020 1.36365
1e+10 2.08821e+10 208821 1.31619
1e+10 2.09624e+10 209624 1.27031
1e+10 2.1043e+10 210430 1.2259
1e+10 2.11239e+10 211239 1.18293
1e+10 2.12052e+10 212052 1.1413
1e+10 2.12868e+10 212868 1.10102
1e+10 2.13686e+10 213686 1.0621
1e+10 2.14508e+10 214508 1.02441
1e+10 2.15333e+10 215333 0.987955
1e+10 2.16161e+10 216161 0.952704
1e+10 2.16993e+10 216993 0.918579
1e+10 2.17827e+10 217827 0.885626
1e+10 2.18665e+10 218665 0.853733
1e+10 2.19506e+10 219506 0.822906
1e+10 2.20351e+10 220351 0.793078
1e+10 2.21198e+10 221198 0.764288
1e+10 2.22049e+10 222049 0.736438
1e+10 2.22903e+10 222903 0.709533
1e+10 2.2376e+10 223760 0.683543
1e+10 2.24621e+10 224621 0.65841
1e+10 2.25485e+10 225485 0.634139
1e+10 2.26352e+10 226352 0.610702
1e+10 2.27223e+10 227223 0.588048
1e+10 2.28097e+10 228097 0.566178
1e+10 2.28974e+10 228974 0.545068
1e+10 2.29855e+10 229855 0.524671
1e+10 2.30739e+10 230739 0.504987
1e+10 2.31627e+10 231627 0.485973
1e+10 2.32517e+10 232517 0.467649
1e+10 2.33412e+10 233412 0.449933
1e+10 2.3431e+10 234310 0.432846
1e+10 2.35211e+10 235211 0.416367
1e+10 2.36115e+10 236115 0.400476
1e+10 2.37024e+10 237024 0.385121
1e+10 2.37935e+10 237935 0.370335
1e+10 2.3885e+10 238850 0.356067
1e+10 2.39769e+10 239769 0.3423
1e+10 2.40691e+10 240691 0.329034
1e+10 2.41617e+10 241617 0.316238
1e+10 2.42546e+10 242546 0.30391
1e+10 2.43479e+10 243479 0.292022
1e+10 2.44416e+10 244416 0.280559
1e+10 2.45356e+10 245356 0.269521
1e+10 2.463e+10 246300 0.258881
1e+10 2.47247e+10 247247 0.248637
1e+10 2.48198e+10 248198 0.238765
1e+10 2.49153e+10 249153 0.229253
1e+10 2.50111e+10 250111 0.220099
1e+10 2.51073e+10 251073 0.211282
1e+10 2.52039e+10 252039 0.20279
1e+10 2.53008e+10 253008 0.19462
1e+10 2.53981e+10 253981 0.186754
1e+10 2.54958e+10 254958 0.179181
1e+10 2.55939e+10 255939 0.171891
1e+10 2.56923e+10 256923 0.164883
1e+10 2.57911e+10 257911 0.158138
1e+10 2.58903e+10 258903 0.151649
1e+10 2.59899e+10 259899 0.145406
1e+10 2.60899e+10 260899 0.139401
1e+10 2.61902e+10 261902 0.133631
1e+10 2.6291e+10 262910 0.128077
1e+10 2.63921e+10 263921 0.122742
1e+10 2.64936e+10 264936 0.117614
1e+10 2.65955e+10 265955 0.112684
1e+10 2.66978e+10 266978 0.107947
1e+10 2.68005e+10 268005 0.103394
1e+10 2.69036e+10 269036 0.0990202
1e+10 2.70071e+10 270071 0.0948184
1e+10 2.71109e+10 271109 0.0907864
1e+10 2.72152e+10 272152 0.0869105
1e+10 2.73199e+10 273199 0.0831888
1e+10 2.7425e+10 274250 0.0796157
1e+10 2.75304e+10 275304 0.0761889
1e+10 2.76363e+10 276363 0.0728969
1e+10 2.77426e+10 277426 0.0697377
1e+10 2.78493e+10 278493 0.0667064
1e+10 2.79565e+10 279565 0.0637956
1e+10 2.8064e+10 280640 0.0610062
1e+10 2.81719e+10 281719 0.0583309
1e+10 2.82803e+10 282803 0.0557632
1e+10 2.83891e+10 283891 0.0533013
1e+10 2.84983e+10 284983 0.0509412
1e+10 2.86079e+10 286079 0.0486792
1e+10 2.87179e+10 287179 0.0465114
1e+10 2.88284e+10 288284 0.0444324
1e+10 2.89392e+10 289392 0.0424424
1e+10 2.90506e+10 290506 0.0405328
1e+10 2.91623e+10 291623 0.0387055
1e+10 2.92745e+10 292745 0.0369542
1e+10 2.93871e+10 293871 0.0352774
1e+10 2.95001e+10 295001 0.0336723
1e+10 2.96136e+10 296136 0.0321346
1e+10 2.97275e+10 297275 0.030663
1e+10 2.98418e+10 298418 0.029255
1e+10 2.99566e+10 299566 0.0279068
1e+10 3.00718e+10 300718 0.0266173
1e+10 3.01875e+10 301875 0.0253829
1e+10 3.03036e+10 303036 0.0242025
1e+10 3.04201e+10 304201 0.0230741
1e+10 3.05371e+10 305371 0.0219944
1e+10 3.06546e+10 306546 0.0209617
1e+10 3.07725e+10 307725 0.0199748
1e+10 3.08909e+10 308909 0.0190311
1e+10 3.10097e+10 310097 0.0181296
1e+10 3.11289e+10 311289 0.0172686
1e+10 3.12487e+10 312487 0.016445
1e+10 3.13689e+10 313689 0.0156585
1e+10 3.14895e+10 314895 0.0149078
1e+10 3.16106e+10 316106 0.0141906
1e+10 3.17322e+10 317322 0.0135056
1e+10 3.18543e+10 318543 0.0128515
1e+10 3.19768e+10 319768 0.0122275
1e+10 3.20998e+10 320998 0.0116318
1e+10 3.22233e+10 322233 0.0110632
1e+10 3.23472e+10 323472 0.010521
1e+10 3.24716e+10 324716 0.0100038
1e+10 3.25965e+10 325965 0.00951029
1e+10 3.27219e+10 327219 0.00903963
1e+10 3.28477e+10 328477 0.00859115
1e+10 3.29741e+10 329741 0.00816321
1e+10 3.31009e+10 331009 0.00775558
1e+10 3.32282e+10 332282 0.00736706
1e+10 3.3356e+10 333560 0.00699682
1e+10 3.34843e+10 334843 0.00664407
1e+10 3.36131e+10 336131 0.00630804
1e+10 3.37424e+10 337424 0.00598798
1e+10 3.38722e+10 338722 0.00568321
1e+10 3.40025e+10 340025 0.00539304
1e+10 3.41333e+10 341333 0.00511682
1e+10 3.42645e+10 342645 0.00485412
1e+10 3.43963e+10 343963 0.00460396
1e+10 3.45286e+10 345286 0.00436596
1e+10 3.46614e+10 346614 0.00413957
1e+10 3.47948e+10 347948 0.0039241
1e+10 3.49286e+10 349286 0.00371937
1e+10 3.50629e+10 350629 0.00352473
1e+10 3.51978e+10 351978 0.00333958
1e+10 3.53332e+10 353332 0.00316363
1e+10 3.54691e+10 354691 0.00299645
1e+10 3.56055e+10 356055 0.00283763
1e+10 3.57425e+10 357425 0.00268668
1e+10 3.58799e+10 358799 0.00254343
1e+10 3.60179e+10 360179 0.00240732
1e+10 3.61565e+10 361565 0.00227803
1e+10 3.62955e+10 362955 0.00215541
1e+10 3.64351e+10 364351 0.00203897
1e+10 3.65753e+10 365753 0.00192842
1e+10 3.6716e+10 367160 0.00182356
1e+10 3.68572e+10 368572 0.00172412
1e+10 3.69989e+10 369989 0.00162983
1e+10 3.71413e+10 371413 0.00154033
1e+10 3.72841e+10 372841 0.00145555
1e+10 3.74275e+10 374275 0.00137516
1e+10 3.75715e+10 375715 0.00129894
1e+10 3.7716e+10 377160 0.00122674
1e+10 3.78611e+10 378611 0.00115832
1e+10 3.80067e+10 380067 0.00109354
1e+10 3.81529e+10 381529 0.00103217
1e+10 3.82996e+10 382996 0.000974079
1e+10 3.84469e+10 384469 0.000919074
1e+10 3.85948e+10 385948 0.000866998
1e+10 3.87433e+10 387433 0.000817706
1e+10 3.88923e+10 388923 0.00077109
1e+10 3.90419e+10 390419 0.000726983
1e+10 3.9192e+10 391920 0.000685288
1e+10 3.93428e+10 393428 0.000645827
1e+10 3.94941e+10 394941 0.000608539
1e+10 3.9646e+10 396460 0.000573288
1e+10 3.97985e+10 397985 0.00053997
1e+10 3.99516e+10 399516 0.000508485
1e+10 4.01052e+10 401052 0.000478757
1e+10 4.02595e+10 402595 0.00045066
1e+10 4.04143e+10 404143 0.000424142
1e+10 4.05698e+10 405698 0.000399088
1e+10 4.07258e+10 407258 0.000375454
1e+10 4.08825e+10 408825 0.000353134
1e+10 4.10397e+10 410397 0.000332087
1e+10 4.11976e+10 411976 0.000312219
1e+10 4.1356e+10 413560 0.000293492
1e+10 4.15151e+10 415151 0.000275823
1e+10 4.16748e+10 416748 0.000259165
1e+10 4.18351e+10 418351 0.000243464
1e+10 4.1996e+10 419960 0.000228669
1e+10 4.21575e+10 421575 0.00021473
1e+10 4.23197e+10 423197 0.000201592
1e+10 4.24824e+10 424824 0.000189228
1e+10 4.26458e+10 426458 0.000177579
1e+10 4.28099e+10 428099 0.000166608
1e+10 4.29745e+10 429745 0.00015629
1e+10 4.31398e+10 431398 0.000146576
1e+10 4.33057e+10 433057 0.000137438
1e+10 4.34723e+10 434723 0.000128839
1e+10 4.36395e+10 436395 0.000120754
1e+10 4.38074e+10 438074 0.00011315
1e+10 4.39759e+10 439759 0.000106003
1e+10 4.4145e+10 441450 9.92883e-05
1e+10 4.43148e+10 443148 9.29767e-05
1e+10 4.44853e+10 444853 8.70457e-05
1e+10 4.46564e+10 446564 8.14769e-05
1e+10 4.48281e+10 448281 7.62493e-05
1e+10 4.50005e+10 450005 7.13403e-05
1e+10 4.51736e+10 451736 6.67317e-05
1e+10 4.53474e+10 453474 6.2406e-05
1e+10 4.55218e+10 455218 5.83492e-05
1e+10 4.56969e+10 456969 5.45433e-05
1e+10 4.58727e+10 458727 5.09736e-05
1e+10 4.60491e+10 460491 4.76282e-05
1e+10 4.62262e+10 462262 4.44919e-05
1e+10 4.6404e+10 464040 4.15524e-05
1e+10 4.65825e+10 465825 3.87981e-05
1e+10 4.67617e+10 467617 3.62178e-05
1e+10 4.69415e+10 469415 3.38025e-05
1e+10 4.71221e+10 471221 3.15398e-05
1e+10 4.73033e+10 473033 2.94228e-05
1e+10 4.74853e+10 474853 2.74404e-05
1e+10 4.76679e+10 476679 2.55866e-05
1e+10 4.78513e+10 478513 2.38516e-05
1e+10 4.80353e+10 480353 2.223e-05
1e+10 4.82201e+10 482201 2.0713e-05
1e+10 4.84055e+10 484055 1.92958e-05
1e+10 4.85917e+10 485917 1.79708e-05
1e+10 4.87786e+10 487786 1.67329e-05
1e+10 4.89662e+10 489662 1.55767e-05
1e+10 4.91546e+10 491546 1.44965e-05
1e+10 4.93436e+10 493436 1.34886e-05
1e+10 4.95334e+10 495334 1.25475e-05
1e+10 4.97239e+10 497239 1.16694e-05
1e+10 4.99152e+10 499152 1.08499e-05
1e+10 5.01072e+10 501072 1.00856e-05
1e+10 5.02999e+10 502999 9.37302e-06
1e+10 5.04934e+10 504934 8.70851e-06
1e+10 5.06876e+10 506876 8.0893e-06
1e+10 5.08825e+10 508825 7.51244e-06
1e+10 5.10783e+10 510783 6.97464e-06
1e+10 5.12747e+10 512747 6.47414e-06
1e+10 5.14719e+10 514719 6.00801e-06
1e+10 5.16699e+10 516699 5.57401e-06
1e+10 5.18687e+10 518687 5.17003e-06
1e+10 5.20682e+10 520682 4.79428e-06
1e+10 5.22684e+10 522684 4.44488e-06
1e+10 5.24695e+10 524695 4.11976e-06
1e+10 5.26713e+10 526713 3.8176e-06
1e+10 5.28739e+10 528739 3.53673e-06
1e+10 5.30772e+10 530772 3.27583e-06
1e+10 5.32814e+10 532814 3.03333e-06
1e+10 5.34863e+10 534863 2.8082e-06
1e+10 5.3692e+10 536920 2.59916e-06
1e+10 5.38986e+10 538986 2.40502e-06
1e+10 5.41059e+10 541059 2.22494e-06
1e+10 5.4314e+10 543140 2.05787e-06
1e+10 5.45229e+10 545229 1.9029e-06
1e+10 5.47326e+10 547326 1.75922e-06
1e+10 5.49431e+10 549431 1.62602e-06
1e+10 5.51544e+10 551544 1.50259e-06
1e+10 5.53666e+10 553666 1.38818e-06
1e+10 5.55795e+10 555795 1.28226e-06
1e+10 5.57933e+10 557933 1.18415e-06
1e+10 5.60079e+10 560079 1.09332e-06
1e+10 5.62233e+10 562233 1.00928e-06
1e+10 5.64396e+10 564396 9.31492e-07
1e+10 5.66567e+10 566567 8.5955e-07
1e+10 5.68746e+10 568746 7.93034e-07
1e+10 5.70934e+10 570934 7.31524e-07
1e+10 5.73129e+10 573129 6.74712e-07
1e+10 5.75334e+10 575334 6.22183e-07
1e+10 5.77547e+10 577547 5.73674e-07
1e+10 5.79768e+10 579768 5.28889e-07
1e+10 5.81998e+10 581998 4.87536e-07
1e+10 5.84237e+10 584237 4.49364e-07
1e+10 5.86484e+10 586484 4.14154e-07
1e+10 5.8874e+10 588740 3.81673e-07
1e+10 5.91004e+10 591004 3.5173e-07
1e+10 5.93277e+10 593277 3.24124e-07
1e+10 5.95559e+10 595559 2.98681e-07
1e+10 5.9785e+10 597850 2.75237e-07
1e+10 6.00149e+10 600149 2.53652e-07
1e+10 6.02458e+10 602458 2.33767e-07
1e+10 6.04775e+10 604775 2.1547e-07
1e+10 6.07101e+10 607101 1.98632e-07
1e+10 6.09436e+10 609436 1.83142e-07
1e+10 6.1178e+10 611780 1.68896e-07
1e+10 6.14133e+10 614133 1.55799e-07
1e+10 6.16496e+10 616496 1.43755e-07
1e+10 6.18867e+10 618867 1.32695e-07
1e+10 6.21247e+10 621247 1.22535e-07
1e+10 6.23637e+10 623637 1.13203e-07
1e+10 6.26035e+10 626035 1.0464e-07
1e+10 6.28443e+10 628443 9.67789e-08
1e+10 6.3086e+10 630860 8.95677e-08
1e+10 6.33287e+10 633287 8.2952e-08
1e+10 6.35723e+10 635723 7.68871e-08
1e+10 6.38168e+10 638168 7.13289e-08
1e+10 6.40623e+10 640623 6.62348e-08
1e+10 6.43087e+10 643087 6.15693e-08
1e+10 6.4556e+10 645560 5.72978e-08
1e+10 6.48043e+10 648043 5.33869e-08
1e+10 6.50536e+10 650536 4.98071e-08
1e+10 6.53038e+10 653038 4.6533e-08
1e+10 6.5555e+10 655550 4.35381e-08
1e+10 6.58071e+10 658071 4.08008e-08
1e+10 6.60602e+10 660602 3.82986e-08
1e+10 6.63143e+10 663143 3.60122e-08
1e+10 6.65694e+10 665694 3.39237e-08
1e+10 6.68254e+10 668254 3.20174e-08
1e+10 6.70824e+10 670824 3.02772e-08
1e+10 6.73405e+10 673405 2.86886e-08
1e+10 6.75995e+10 675995 2.72401e-08
1e+10 6.78595e+10 678595 2.59192e-08
1e+10 6.81205e+10 681205 2.47151e-08
1e+10 6.83825e+10 683825 2.36178e-08
1e+10 6.86455e+10 686455 2.26183e-08
1e+10 6.89096e+10 689096 2.17078e-08
1e+10 6.91746e+10 691746 2.08793e-08
1e+10 6.94407e+10 694407 2.01251e-08
1e+10 6.97078e+10 697078 1.9439e-08
1e+10 6.99759e+10 699759 1.88151e-08
1e+10 7.0245e+10 702450 1.82481e-08
1e+10 7.05152e+10 705152 1.77326e-08
1e+10 7.07864e+10 707864 1.72643e-08
1e+10 7.10587e+10 710587 1.6839e-08
1e+10 7.1332e+10 713320 1.64529e-08
1e+10 7.16064e+10 716064 1.61025e-08
1e+10 7.18818e+10 718818 1.57846e-08
1e+10 7.21583e+10 721583 1.54963e-08
1e+10 7.24358e+10 724358 1.5235e-08
1e+10 7.27144e+10 727144 1.49982e-08
1e+10 7.29941e+10 729941 1.47836e-08
1e+10 7.32749e+10 732749 1.45893e-08
1e+10 7.35567e+10 735567 1.44134e-08
1e+10 7.38396e+10 738396 1.42526e-08
1e+10 7.41236e+10 741236 1.40979e-08
1e+10 7.44087e+10 744087 1.39426e-08
1e+10 7.46949e+10 746949 1.37866e-08
1e+10 7.49822e+10 749822 1.36301e-08
1e+10 7.52706e+10 752706 1.3473e-08
1e+10 7.55601e+10 755601 1.33153e-08
1e+10 7.58508e+10 758508 1.31569e-08
1e+10 7.61425e+10 761425 1.2998e-08
1e+10 7.64354e+10 764354 1.28384e-08
1e+10 7.67294e+10 767294 1.26782e-08
1e+10 7.70245e+10 770245 1.25174e-08
1e+10 7.73208e+10 773208 1.2356e-08
1e+10 7.76182e+10 776182 1.2194e-08
1e+10 7.79167e+10 779167 1.20314e-08
1e+10 7.82164e+10 782164 1.18681e-08
1e+10 7.85172e+10 785172 1.17042e-08
1e+10 7.88192e+10 788192 1.15397e-08
1e+10 7.91224e+10 791224 1.13745e-08
1e+10 7.94267e+10 794267 1.12087e-08
1e+10 7.97322e+10 797322 1.10422e-08
1e+10 8.00389e+10 800389 1.08751e-08
1e+10 8.03468e+10 803468 1.07074e-08
1e+10 8.06558e+10 806558 1.0539e-08
1e+10 8.0966e+10 809660 1.037e-08
1e+10 8.12774e+10 812774 1.02004e-08
1e+10 8.15901e+10 815901 1.003e-08
1e+10 8.19039e+10 819039 9.85906e-09
1e+10 8.22189e+10 822189 9.68745e-09
1e+10 8.25351e+10 825351 9.51517e-09
1e+10 8.28526e+10 828526 9.3422e-09
1e+10 8.31713e+10 831713 9.16856e-09
1e+10 8.34912e+10 834912 8.99428e-09
1e+10 8.38123e+10 838123 8.81933e-09
1e+10 8.41347e+10 841347 8.64369e-09
1e+10 8.44583e+10 844583 8.46738e-09
1e+10 8.47831e+10 847831 8.29043e-09
1e+10 8.51092e+10 851092 8.11276e-09
1e+10 8.54366e+10 854366 7.93439e-09
1e+10 8.57652e+10 857652 7.75536e-09
1e+10 8.60951e+10 860951 7.57563e-09
1e+10 8.64262e+10 864262 7.39524e-09
1e+10 8.67586e+10 867586 7.21414e-09
1e+10 8.70923e+10 870923 7.03233e-09
1e+10 8.74273e+10 874273 6.84982e-09
1e+10 8.77636e+10 877636 6.6666e-09
1e+10 8.81012e+10 881012 6.48267e-09
1e+10 8.844e+10 884400 6.29808e-09
1e+10 8.87802e+10 887802 6.11274e-09
1e+10 8.91217e+10 891217 5.92668e-09
1e+10 8.94645e+10 894645 5.73992e-09
1e+10 8.98086e+10 898086 5.55245e-09
1e+10 9.0154e+10 901540 5.36427e-09
1e+10 9.05008e+10 905008 5.17533e-09
1e+10 9.08489e+10 908489 4.98568e-09
1e+10 9.11983e+10 911983 4.79532e-09
1e+10 9.15491e+10 915491 4.60419e-09
1e+10 9.19012e+10 919012 4.41236e-09
1e+10 9.22547e+10 922547 4.21977e-09
1e+10 9.26095e+10 926095 4.02647e-09
1e+10 9.29657e+10 929657 3.83241e-09
1e+10 9.33233e+10 933233 3.63758e-09
1e+10 9.36822e+10 936822 3.44204e-09
1e+10 9.40426e+10 940426 3.24569e-09
1e+10 9.44043e+10 944043 3.04863e-09
1e+10 9.47674e+10 947674 2.85081e-09
1e+10 9.51319e+10 951319 2.65222e-09
1e+10 9.54978e+10 954978 2.45288e-09
1e+10 9.58651e+10 958651 2.25276e-09
1e+10 9.62338e+10 962338 2.05189e-09
1e+10 9.6604e+10 966040 1.8502e-09
1e+10 9.69755e+10 969755 1.6478e-09
1e+10 9.73485e+10 973485 1.44458e-09
1e+10 9.7723e+10 977230 1.24055e-09
1e+10 9.80988e+10 980988 1.03581e-09
1e+10 9.84762e+10 984762 8.30192e-10
1e+10 9.88549e+10 988549 6.2387e-10
1e+10 9.92352e+10 992352 4.16676e-10
1e+10 9.96168e+10 996168 2.08774e-10
1e+10 1e+11 1e+06 0

1e+11 1e+06 10 3.54422e+10
1e+11 1.00385e+06 10.0385 3.52383e+10
1e+11 1.00771e+06 10.0771 3.50359e+10
1e+11 1.01158e+06 10.1158 3.48349e+10
1e+11 1.01547e+06 10.1547 3.46348e+10
1e+11 1.01938e+06 10.1938 3.44356e+10
1e+11 1.0233e+06 10.233 3.42378e+10
1e+11 1.02724e+06 10.2724 3.40409e+10
1e+11 1.03119e+06 10.3119 3.38454e+10
1e+11 1.03515e+06 10.3515 3.36512e+10
1e+11 1.03914e+06 10.3914 3.34574e+10
1e+11 1.04313e+06 10.4313 3.32655e+10
1e+11 1.04714e+06 10.4714 3.30745e+10
1e+11 1.05117e+06 10.5117 3.28844e+10
1e+11 1.05522e+06 10.5522 3.26951e+10
1e+11 1.05927e+06 10.5927 3.25076e+10
1e+11 1.06335e+06 10.6335 3.23206e+10
1e+11 1.06744e+06 10.6744 3.21349e+10
1e+11 1.07154e+06 10.7154 3.19505e+10
1e+11 1.07567e+06 10.7567 3.17665e+10
1e+11 1.0798e+06 10.798 3.15843e+10
1e+11 1.08396e+06 10.8396 3.14026e+10
1e+11 1.08813e+06 10.8813 3.12221e+10
1e+11 1.09231e+06 10.9231 3.10429e+10
1e+11 1.09651e+06 10.9651 3.08646e+10
1e+11 1.10073e+06 11.0073 3.06872e+10
1e+11 1.10496e+06 11.0496 3.0511e+10
1e+11 1.10921e+06 11.0921 3.03357e+10
1e+11 1.11348e+06 11.1348 3.01612e+10
1e+11 1.11776e+06 11.1776 2.9988e+10
1e+11 1.12206e+06 11.2206 2.98157e+10
1e+11 1.12638e+06 11.2638 2.96442e+10
1e+11 1.13071e+06 11.3071 2.9474e+10
1e+11 1.13506e+06 11.3506 2.93046e+10
1e+11 1.13942e+06 11.3942 2.91364e+10
1e+11 1.14381e+06 11.4381 2.89687e+10
1e+11 1.14821e+06 11.4821 2.88022e+10
1e+11 1.15262e+06 11.5262 2.8637e+10
1e+11 1.15706e+06 11.5706 2.84722e+10
1e+11 1.16151e+06 11.6151 2.83086e+10
1e+11 1.16597e+06 11.6597 2.81462e+10
1e+11 1.17046e+06 11.7046 2.79843e+10
1e+11 1.17496e+06 11.7496 2.78235e+10
1e+11 1.17948e+06 11.7948 2.76636e+10
1e+11 1.18402e+06 11.8402 2.75045e+10
1e+11 1.18857e+06 11.8857 2.73466e+10
1e+11 1.19314e+06 11.9314 2.71895e+10
1e+11 1.19773e+06 11.9773 2.70333e+10
1e+11 1.20234e+06 12.0234 2.68778e+10
1e+11 1.20696e+06 12.0696 2.67235e+10
1e+11 1.21161e+06 12.1161 2.65697e+10
1e+11 1.21627e+06 12.1627 2.64171e+10
1e+11 1.22094e+06 12.2094 2.62655e+10
1e+11 1.22564e+06 12.2564 2.61145e+10
1e+11 1.23035e+06 12.3035 2.59645e+10
1e+11 1.23509e+06 12.3509 2.58151e+10
1e+11 1.23984e+06 12.3984 2.56668e+10
1e+11 1.24461e+06 12.4461 2.55192e+10
1e+11 1.24939e+06 12.4939 2.53728e+10
1e+11 1.2542e+06 12.542 2.52269e+10
1e+11 1.25902e+06 12.5902 2.5082e+10
1e+11 1.26386e+06 12.6386 2.4938e+10
1e+11 1.26873e+06 12.6873 2.47944e+10
1e+11 1.27361e+06 12.7361 2.46519e+10
1e+11 1.2785e+06 12.785 2.45105e+10
1e+11 1.28342e+06 12.8342 2.43696e+10
1e+11 1.28836e+06 12.8836 2.42294e+10
1e+11 1.29331e+06 12.9331 2.40903e+10
1e+11 1.29829e+06 12.9829 2.39518e+10
1e+11 1.30328e+06 13.0328 2.38142e+10
1e+11 1.30829e+06 13.0829 2.36774e+10
1e+11 1.31333e+06 13.1333 2.35412e+10
1e+11 1.31838e+06 13.1838 2.34059e+10
1e+11 1.32345e+06 13.2345 2.32714e+10
1e+11 1.32854e+06 13.2854 2.31377e+10
1e+11 1.33365e+06 13.3365 2.30047e+10
1e+11 1.33878e+06 13.3878 2.28725e+10
1e+11 1.34393e+06 13.4393 2.27411e+10
1e+11 1.3491e+06 13.491 2.26104e+10
1e+11 1.35429e+06 13.5429 2.24804e+10
1e+11 1.3595e+06 13.595 2.23512e+10
1e+11 1.36472e+06 13.6472 2.22229e+10
1e+11 1.36997e+06 13.6997 2.20952e+10
1e+11 1.37524e+06 13.7524 2.19682e+10
1e+11 1.38053e+06 13.8053 2.1842e+10
1e+11 1.38584e+06 13.8584 2.17164e+10
1e+11 1.39117e+06 13.9117 2.15916e+10
1e+11 1.39652e+06 13.9652 2.14676e+10
1e+11 1.4019e+06 14.019 2.1344e+10
1e+11 1.40729e+06 14.0729 2.12214e+10
1e+11 1.4127e+06 14.127 2.10995e+10
1e+11 1.41813e+06 14.1813 2.09783e+10
1e+11 1.42359e+06 14.2359 2.08576e+10
1e+11 1.42906e+06 14.2906 2.07379e+10
1e+11 1.43456e+06 14.3456 2.06186e+10
1e+11 1.44008e+06 14.4008 2.05001e+10
1e+11 1.44562e+06 14.4562 2.03822e+10
1e+11 1.45118e+06 14.5118 2.02651e+10
1e+11 1.45676e+06 14.5676 2.01487e+10
1e+11 1.46236e+06 14.6236 2.00329e+10
1e+11 1.46799e+06 14.6799 1.99177e+10
1e+11 1.47363e+06 14.7363 1.98034e+10
1e+11 1.4793e+06 14.793 1.96895e+10
1e+11 1.48499e+06 14.8499 1.95763e+10
1e+11 1.4907e+06 14.907 1.94639e+10
1e+11 1.49644e+06 14.9644 1.93519e+10
1e+11 1.50219e+06 15.0219 1.92408e+10
1e+11 1.50797e+06 15.0797 1.91301e+10
1e+11 1.51377e+06 15.1377 1.90202e+10
1e+11 1.51959e+06 15.1959 1.89109e+10
1e+11 1.52544e+06 15.2544 1.88021e+10
1e+11 1.5313e+06 15.313 1.86942e+10
1e+11 1.53719e+06 15.3719 1.85868e+10
1e+11 1.54311e+06 15.4311 1.84798e+10
1e+11 1.54904e+06 15.4904 1.83737e+10
1e+11 1.555e+06 15.55 1.8268e+10
1e+11 1.56098e+06 15.6098 1.81631e+10
1e+11 1.56699e+06 15.6699 1.80586e+10
1e+11 1.57301e+06 15.7301 1.79549e+10
1e+11 1.57906e+06 15.7906 1.78517e+10
1e+11 1.58514e+06 15.8514 1.7749e+10
1e+11 1.59123e+06 15.9123 1.76471e+10
1e+11 1.59735e+06 15.9735 1.75457e+10
1e+11 1.6035e+06 16.035 1.74447e+10
1e+11 1.60967e+06 16.0967 1.73444e+10
1e+11 1.61586e+06 16.1586 1.72447e+10
1e+11 1.62207e+06 16.2207 1.71457e+10
1e+11 1.62831e+06 16.2831 1.70471e+10
1e+11 1.63457e+06 16.3457 1.69492e+10
1e+11 1.64086e+06 16.4086 1.68517e+10
1e+11 1.64717e+06 16.4717 1.67549e+10
1e+11 1.65351e+06 16.5351 1.66585e+10
1e+11 1.65987e+06 16.5987 1.65628e+10
1e+11 1.66625e+06 16.6625 1.64676e+10
1e+11 1.67266e+06 16.7266 1.6373e+10
1e+11 1.67909e+06 16.7909 1.62789e+10
1e+11 1.68555e+06 16.8555 1.61853e+10
1e+11 1.69204e+06 16.9204 1.60922e+10
1e+11 1.69854e+06 16.9854 1.59998e+10
1e+11 1.70508e+06 17.0508 1.59077e+10
1e+11 1.71163e+06 17.1163 1.58164e+10
1e+11 1.71822e+06 17.1822 1.57254e+10
1e+11 1.72483e+06 17.2483 1.5635e+10
1e+11 1.73146e+06 17.3146 1.55452e+10
1e+11 1.73812e+06 17.3812 1.54558e+10
1e+11 1.74481e+06 17.4481 1.53669e+10
1e+11 1.75152e+06 17.5152 1.52786e+10
1e+11 1.75825e+06 17.5825 1.51908e+10
1e+11 1.76502e+06 17.6502 1.51034e+10
1e+11 1.77181e+06 17.7181 1.50166e+10
1e+11 1.77862e+06 17.7862 1.49303e+10
1e+11 1.78546e+06 17.8546 1.48445e+10
1e+11 1.79233e+06 17.9233 1.47592e+10
1e+11 1.79922e+06 17.9922 1.46744e+10
1e+11 1.80614e+06 18.0614 1.459e+10
1e+11 1.81309e+06 18.1309 1.45061e+10
1e+11 1.82006e+06 18.2006 1.44228e+10
1e+11 1.82706e+06 18.2706 1.43399e+10
1e+11 1.83409e+06 18.3409 1.42574e+10
1e+11 1.84115e+06 18.4115 1.41754e+10
1e+11 1.84823e+06 18.4823 1.40939e+10
1e+11 1.85534e+06 18.5534 1.40129e+10
1e+11 1.86247e+06 18.6247 1.39324e+10
1e+11 1.86964e+06 18.6964 1.38522e+10
1e+11 1.87683e+06 18.7683 1.37726e+10
1e+11 1.88405e+06 18.8405 1.36934e+10
1e+11 1.89129e+06 18.9129 1.36148e+10
1e+11 1.89857e+06 18.9857 1.35364e+10
1e+11 1.90587e+06 19.0587 1.34586e+10
1e+11 1.9132e+06 19.132 1.33813e+10
1e+11 1.92056e+06 19.2056 1.33043e+10
1e+11 1.92795e+06 19.2795 1.32278e+10
1e+11 1.93536e+06 19.3536 1.31518e+10
1e+11 1.94281e+06 19.4281 1.30762e+10
1e+11 1.95028e+06 19.5028 1.3001e+10
1e+11 1.95778e+06 19.5778 1.29263e+10
1e+11 1.96531e+06 19.6531 1.2852e+10
1e+11 1.97287e+06 19.7287 1.27781e+10
1e+11 1.98046e+06 19.8046 1.27046e+10
1e+11 1.98808e+06 19.8808 1.26315e+10
1e+11 1.99572e+06 19.9572 1.2559e+10
1e+11 2.0034e+06 20.034 1.24867e+10
1e+11 2.0111e+06 20.111 1.2415e+10
1e+11 2.01884e+06 20.1884 1.23436e+10
1e+11 2.0266e+06 20.266 1.22727e+10
1e+11 2.0344e+06 20.344 1.22021e+10
1e+11 2.04222e+06 20.4222 1.2132e+10
1e+11 2.05008e+06 20.5008 1.20622e+10
1e+11 2.05796e+06 20.5796 1.19929e+10
1e+11 2.06588e+06 20.6588 1.19239e+10
1e+11 2.07383e+06 20.7383 1.18553e+10
1e+11 2.0818e+06 20.818 1.17872e+10
1e+11 2.08981e+06 20.8981 1.17194e+10
1e+11 2.09785e+06 20.9785 1.1652e+10
1e+11 2.10592e+06 21.0592 1.1585e+10
1e+11 2.11402e+06 21.1402 1.15184e+10
1e+11 2.12215e+06 21.2215 1.14522e+10
1e+11 2.13031e+06 21.3031 1.13863e+10
1e+11 2.1385e+06 21.385 1.13209e+10
1e+11 2.14673e+06 21.4673 1.12558e+10
1e+11 2.15499e+06 21.5499 1.1191e+10
1e+11 2.16327e+06 21.6327 1.11267e+10
1e+11 2.1716e+06 21.716 1.10627e+10
1e+11 2.17995e+06 21.7995 1.09991e+10
1e+11 2.18833e+06 21.8833 1.09359e+10
1e+11 2.19675e+06 21.9675 1.0873e+10
1e+11 2.2052e+06 22.052 1.08105e+10
1e+11 2.21368e+06 22.1368 1.07483e+10
1e+11 2.2222e+06 22.222 1.06865e+10
1e+11 2.23074e+06 22.3074 1.06251e+10
1e+11 2.23932e+06 22.3932 1.0564e+10
1e+11 2.24794e+06 22.4794 1.05032e+10
1e+11 2.25658e+06 22.5658 1.04429e+10
1e+11 2.26526e+06 22.6526 1.03828e+10
1e+11 2.27397e+06 22.7397 1.03231e+10
1e+11 2.28272e+06 22.8272 1.02637e+10
1e+11 2.2915e+06 22.915 1.02047e+10
1e+11 2.30031e+06 23.0031 1.01461e+10
1e+11 2.30916e+06 23.0916 1.00877e+10
1e+11 2.31804e+06 23.1804 1.00297e+10
1e+11 2.32696e+06 23.2696 9.97202e+09
1e+11 2.33591e+06 23.3591 9.91468e+09
1e+11 2.34489e+06 23.4489 9.8577e+09
1e+11 2.35391e+06 23.5391 9.80101e+09
1e+11 2.36297e+06 23.6297 9.74461e+09
1e+11 2.37206e+06 23.7206 9.68856e+09
1e+11 2.38118e+06 23.8118 9.63287e+09
1e+11 2.39034e+06 23.9034 9.57747e+09
1e+11 2.39953e+06 23.9953 9.52242e+09
1e+11 2.40876e+06 24.0876 9.46766e+09
1e+11 2.41803e+06 24.1803 9.41318e+09
1e+11 2.42733e+06 24.2733 9.35905e+09
1e+11 2.43666e+06 24.3666 9.30527e+09
1e+11 2.44604e+06 24.4604 9.25171e+09
1e+11 2.45544e+06 24.5544 9.19855e+09
1e+11 2.46489e+06 24.6489 9.14562e+09
1e+11 2.47437e+06 24.7437 9.09303e+09
1e+11 2.48389e+06 24.8389 9.04072e+09
1e+11 2.49344e+06 24.9344 8.98875e+09
1e+11 2.50303e+06 25.0303 8.93706e+09
1e+11 2.51266e+06 25.1266 8.88565e+09
1e+11 2.52232e+06 25.2232 8.83457e+09
1e+11 2.53202e+06 25.3202 8.78377e+09
1e+11 2.54176e+06 25.4176 8.73325e+09
1e+11 2.55154e+06 25.5154 8.68301e+09
1e+11 2.56135e+06 25.6135 8.63309e+09
1e+11 2.57121e+06 25.7121 8.5834e+09
1e+11 2.58109e+06 25.8109 8.53408e+09
1e+11 2.59102e+06 25.9102 8.48499e+09
1e+11 2.60099e+06 26.0099 8.43617e+09
1e+11 2.61099e+06 26.1099 8.38767e+09
1e+11 2.62104e+06 26.2104 8.33939e+09
1e+11 2.63112e+06 26.3112 8.29144e+09
1e+11 2.64124e+06 26.4124 8.24375e+09
1e+11 2.6514e+06 26.514 8.19633e+09
1e+11 2.66159e+06 26.6159 8.14923e+09
1e+11 2.67183e+06 26.7183 8.10235e+09
1e+11 2.68211e+06 26.8211 8.05573e+09
1e+11 2.69242e+06 26.9242 8.00942e+09
1e+11 2.70278e+06 27.0278 7.96334e+09
1e+11 2.71318e+06 27.1318 7.91752e+09
1e+11 2.72361e+06 27.2361 7.872e+09
1e+11 2.73409e+06 27.3409 7.82671e+09
1e+11 2.7446e+06 27.446 7.78172e+09
1e+11 2.75516e+06 27.5516 7.73694e+09
1e+11 2.76576e+06 27.6576 7.69243e+09
1e+11 2.77639e+06 27.7639 7.64822e+09
1e+11 2.78707e+06 27.8707 7.60422e+09
1e+11 2.79779e+06 27.9779 7.56048e+09
1e+11 2.80855e+06 28.0855 7.517e+09
1e+11 2.81936e+06 28.1936 7.47373e+09
1e+11 2.8302e+06 28.302 7.43076e+09
1e+11 2.84109e+06 28.4109 7.388e+09
1e+11 2.85201e+06 28.5201 7.34553e+09
1e+11 2.86298e+06 28.6298 7.30328e+09
1e+11 2.874e+06 28.74 7.26123e+09
1e+11 2.88505e+06 28.8505 7.21948e+09
1e+11 2.89615e+06 28.9615 7.17794e+09
1e+11 2.90729e+06 29.0729 7.13665e+09
1e+11 2.91847e+06 29.1847 7.0956e+09
1e+11 2.92969e+06 29.2969 7.05481e+09
1e+11 2.94096e+06 29.4096 7.01422e+09
1e+11 2.95227e+06 29.5227 6.97388e+09
1e+11 2.96363e+06 29.6363 6.93374e+09
1e+11 2.97503e+06 29.7503 6.89385e+09
1e+11 2.98647e+06 29.8647 6.8542e+09
1e+11 2.99796e+06 29.9796 6.81476e+09
1e+11 3.00949e+06 30.0949 6.77556e+09
1e+11 3.02106e+06 30.2106 6.7366e+09
1e+11 3.03268e+06 30.3268 6.69785e+09
1e+11 3.04435e+06 30.4435 6.6593e+09
1e+11 3.05606e+06 30.5606 6.62099e+09
1e+11 3.06781e+06 30.6781 6.58291e+09
1e+11 3.07961e+06 30.7961 6.54504e+09
1e+11 3.09146e+06 30.9146 6.50737e+09
1e+11 3.10335e+06 31.0335 6.46994e+09
1e+11 3.11529e+06 31.1529 6.4327e+09
1e+11 3.12727e+06 31.2727 6.3957e+09
1e+11 3.1393e+06 31.393 6.3589e+09
1e+11 3.15137e+06 31.5137 6.32233e+09
1e+11 3.16349e+06 31.6349 6.28596e+09
1e+11 3.17566e+06 31.7566 6.24979e+09
1e+11 3.18787e+06 31.8787 6.21385e+09
1e+11 3.20014e+06 32.0014 6.17807e+09
1e+11 3.21244e+06 32.1244 6.14255e+09
1e+11 3.2248e+06 32.248 6.1072e+09
1e+11 3.2372e+06 32.372 6.07207e+09
1e+11 3.24966e+06 32.4966 6.03711e+09
1e+11 3.26215e+06 32.6215 6.0024e+09
1e+11 3.2747e+06 32.747 5.96786e+09
1e+11 3.2873e+06 32.873 5.93351e+09
1e+11 3.29994e+06 32.9994 5.89938e+09
1e+11 3.31263e+06 33.1263 5.86544e+09
1e+11 3.32537e+06 33.2537 5.8317e+09
1e+11 3.33817e+06 33.3817 5.79812e+09
1e+11 3.351e+06 33.51 5.76478e+09
1e+11 3.36389e+06 33.6389 5.73161e+09
1e+11 3.37683e+06 33.7683 5.69863e+09
1e+11 3.38982e+06 33.8982 5.66583e+09
1e+11 3.40286e+06 34.0286 5.63323e+09
1e+11 3.41595e+06 34.1595 5.60081e+09
1e+11 3.42909e+06 34.2909 5.56858e+09
1e+11 3.44228e+06 34.4228 5.53653e+09
1e+11 3.45552e+06 34.5552 5.50467e+09
1e+11 3.46881e+06 34.6881 5.473e+09
1e+11 3.48215e+06 34.8215 5.44151e+09
1e+11 3.49554e+06 34.9554 5.41021e+09
1e+11 3.50899e+06 35.0899 5.37906e+09
1e+11 3.52248e+06 35.2248 5.34812e+09
1e+11 3.53603e+06 35.3603 5.31734e+09
1e+11 3.54963e+06 35.4963 5.28675e+09
1e+11 3.56329e+06 35.6329 5.25631e+09
1e+11 3.57699e+06 35.7699 5.22607e+09
1e+11 3.59075e+06 35.9075 5.19599e+09
1e+11 3.60456e+06 36.0456 5.16609e+09
1e+11 3.61842e+06 36.1842 5.13637e+09
1e+11 3.63234e+06 36.3234 5.10681e+09
1e+11 3.64631e+06 36.4631 5.07742e+09
1e+11 3.66034e+06 36.6034 5.04819e+09
1e+11 3.67442e+06 36.7442 5.01913e+09
1e+11 3.68855e+06 36.8855 4.99025e+09
1e+11 3.70274e+06 37.0274 4.96153e+09
1e+11 3.71698e+06 37.1698 4.93298e+09
1e+11 3.73128e+06 37.3128 4.90458e+09
1e+11 3.74563e+06 37.4563 4.87636e+09
1e+11 3.76003e+06 37.6003 4.8483e+09
1e+11 3.7745e+06 37.745 4.82039e+09
1e+11 3.78901e+06 37.8901 4.79266e+09
1e+11 3.80359e+06 38.0359 4.76506e+09
1e+11 3.81822e+06 38.1822 4.73764e+09
1e+11 3.8329e+06 38.329 4.71038e+09
1e+11 3.84765e+06 38.4765 4.68325e+09
1e+11 3.86244e+06 38.6244 4.65632e+09
1e+11 3.8773e+06 38.773 4.62951e+09
1e+11 3.89221e+06 38.9221 4.60287e+09
1e+11 3.90718e+06 39.0718 4.57638e+09
1e+11 3.92221e+06 39.2221 4.55003e+09
1e+11 3.9373e+06 39.373 4.52383e+09
1e+11 3.95244e+06 39.5244 4.4978e+09
1e+11 3.96765e+06 39.6765 4.4719e+09
1e+11 3.98291e+06 39.8291 4.44616e+09
1e+11 3.99823e+06 39.9823 4.42057e+09
1e+11 4.0136e+06 40.136 4.39513e+09
1e+11 4.02904e+06 40.2904 4.36983e+09
1e+11 4.04454e+06 40.4454 4.34467e+09
1e+11 4.06009e+06 40.6009 4.31967e+09
1e+11 4.07571e+06 40.7571 4.2948e+09
1e+11 4.09139e+06 40.9139 4.27007e+09
1e+11 4.10712e+06 41.0712 4.2455e+09
1e+11 4.12292e+06 41.2292 4.22106e+09
1e+11 4.13878e+06 41.3878 4.19676e+09
1e+11 4.1547e+06 41.547 4.17259e+09
1e+11 4.17068e+06 41.7068 4.14857e+09
1e+11 4.18672e+06 41.8672 4.12469e+09
1e+11 4.20282e+06 42.0282 4.10095e+09
1e+11 4.21899e+06 42.1899 4.07734e+09
1e+11 4.23522e+06 42.3522 4.05386e+09
1e+11 4.25151e+06 42.5151 4.03052e+09
1e+11 4.26786e+06 42.6786 4.00732e+09
1e+11 4.28427e+06 42.8427 3.98426e+09
1e+11 4.30075e+06 43.0075 3.96132e+09
1e+11 4.3173e+06 43.173 3.9385e+09
1e+11 4.3339e+06 43.339 3.91583e+09
1e+11 4.35057e+06 43.5057 3.89329e+09
1e+11 4.3673e+06 43.673 3.87088e+09
1e+11 4.3841e+06 43.841 3.84859e+09
1e+11 4.40096e+06 44.0096 3.82643e+09
1e+11 4.41789e+06 44.1789 3.8044e+09
1e+11 4.43488e+06 44.3488 3.7825e+09
1e+11 4.45194e+06 44.5194 3.76072e+09
1e+11 4.46907e+06 44.6907 3.73906e+09
1e+11 4.48626e+06 44.8626 3.71753e+09
1e+11 4.50351e+06 45.0351 3.69613e+09
1e+11 4.52083e+06 45.2083 3.67485e+09
1e+11 4.53822e+06 45.3822 3.65369e+09
1e+11 4.55568e+06 45.5568 3.63264e+09
1e+11 4.5732e+06 45.732 3.61173e+09
1e+11 4.59079e+06 45.9079 3.59093e+09
1e+11 4.60845e+06 46.0845 3.57025e+09
1e+11 4.62617e+06 46.2617 3.5497e+09
1e+11 4.64397e+06 46.4397 3.52925e+09
1e+11 4.66183e+06 46.6183 3.50893e+09
1e+11 4.67976e+06 46.7976 3.48872e+09
1e+11 4.69776e+06 46.9776 3.46863e+09
1e+11 4.71583e+06 47.1583 3.44866e+09
1e+11 4.73397e+06 47.3397 3.4288e+09
1e+11 4.75217e+06 47.5217 3.40906e+09
1e+11 4.77045e+06 47.7045 3.38943e+09
1e+11 4.7888e+06 47.888 3.3699e+09
1e+11 4.80722e+06 48.0722 3.3505e+09
1e+11 4.82571e+06 48.2571 3.3312e+09
1e+11 4.84427e+06 48.4427 3.31202e+09
1e+11 4.8629e+06 48.629 3.29295e+09
1e+11 4.88161e+06 48.8161 3.27397e+09
1e+11 4.90038e+06 49.0038 3.25513e+09
1e+11 4.91923e+06 49.1923 3.23638e+09
1e+11 4.93815e+06 49.3815 3.21774e+09
1e+11 4.95715e+06 49.5715 3.1992e+09
1e+11 4.97621e+06 49.7621 3.18078e+09
1e+11 4.99535e+06 49.9535 3.16246e+09
1e+11 5.01457e+06 50.1457 3.14424e+09
1e+11 5.03385e+06 50.3385 3.12614e+09
1e+11 5.05322e+06 50.5322 3.10812e+09
1e+11 5.07265e+06 50.7265 3.09023e+09
1e+11 5.09216e+06 50.9216 3.07243e+09
1e+11 5.11175e+06 51.1175 3.05473e+09
1e+11 5.13141e+06 51.3141 3.03713e+09
1e+11 5.15115e+06 51.5115 3.01963e+09
1e+11 5.17096e+06 51.7096 3.00224e+09
1e+11 5.19085e+06 51.9085 2.98495e+09
1e+11 5.21081e+06 52.1081 2.96776e+09
1e+11 5.23086e+06 52.3086 2.95066e+09
1e+11 5.25098e+06 52.5098 2.93366e+09
1e+11 5.27117e+06 52.7117 2.91677e+09
1e+11 5.29145e+06 52.9145 2.89996e+09
1e+11 5.3118e+06 53.118 2.88326e+09
1e+11 5.33223e+06 53.3223 2.86665e+09
1e+11 5.35274e+06 53.5274 2.85013e+09
1e+11 5.37333e+06 53.7333 2.83371e+09
1e+11 5.394e+06 53.94 2.81738e+09
1e+11 5.41474e+06 54.1474 2.80116e+09
1e+11 5.43557e+06 54.3557 2.78502e+09
1e+11 5.45648e+06 54.5648 2.76897e+09
1e+11 5.47746e+06 54.7746 2.75302e+09
1e+11 5.49853e+06 54.9853 2.73716e+09
1e+11 5.51968e+06 55.1968 2.72139e+09
1e+11 5.54091e+06 55.4091 2.70571e+09
1e+11 5.56222e+06 55.6222 2.69012e+09
1e+11 5.58362e+06 55.8362 2.67462e+09
1e+11 5.60509e+06 56.0509 2.65921e+09
1e+11 5.62665e+06 56.2665 2.64389e+09
1e+11 5.64829e+06 56.4829 2.62866e+09
1e+11 5.67002e+06 56.7002 2.61351e+09
1e+11 5.69183e+06 56.9183 2.59845e+09
1e+11 5.71372e+06 57.1372 2.58348e+09
1e+11 5.7357e+06 57.357 2.56859e+09
1e+11 5.75776e+06 57.5776 2.55379e+09
1e+11 5.7799e+06 57.799 2.53908e+09
1e+11 5.80214e+06 58.0214 2.52444e+09
1e+11 5.82445e+06 58.2445 2.5099e+09
1e+11 5.84685e+06 58.4685 2.49544e+09
1e+11 5.86934e+06 58.6934 2.48106e+09
1e+11 5.89192e+06 58.9192 2.46676e+09
1e+11 5.91458e+06 59.1458 2.45254e+09
1e+11 5.93733e+06 59.3733 2.43841e+09
1e+11 5.96017e+06 59.6017 2.42435e+09
1e+11 5.98309e+06 59.8309 2.41038e+09
1e+11 6.0061e+06 60.061 2.39649e+09
1e+11 6.02921e+06 60.2921 2.38268e+09
1e+11 6.0524e+06 60.524 2.36895e+09
1e+11 6.07567e+06 60.7567 2.3553e+09
1e+11 6.09904e+06 60.9904 2.34172e+09
1e+11 6.1225e+06 61.225 2.32823e+09
1e+11 6.14605e+06 61.4605 2.31481e+09
1e+11 6.16969e+06 61.6969 2.30147e+09
1e+11 6.19342e+06 61.9342 2.2882e+09
1e+11 6.21724e+06 62.1724 2.27501e+09
1e+11 6.24116e+06 62.4116 2.2619e+09
1e+11 6.26516e+06 62.6516 2.24886e+09
1e+11 6.28926e+06 62.8926 2.2359e+09
1e+11 6.31345e+06 63.1345 2.22301e+09
1e+11 6.33773e+06 63.3773 2.2102e+09
1e+11 6.36211e+06 63.6211 2.19746e+09
1e+11 6.38658e+06 63.8658 2.18479e+09
1e+11 6.41115e+06 64.1115 2.17219e+09
1e+11 6.4358e+06 64.358 2.15968e+09
1e+11 6.46056e+06 64.6056 2.14722e+09
1e+11 6.48541e+06 64.8541 2.13484e+09
1e+11 6.51035e+06 65.1035 2.12254e+09
1e+11 6.53539e+06 65.3539 2.1103e+09
1e+11 6.56053e+06 65.6053 2.09814e+09
1e+11 6.58576e+06 65.8576 2.08604e+09
1e+11 6.6111e+06 66.111 2.07401e+09
1e+11 6.63652e+06 66.3652 2.06206e+09
1e+11 6.66205e+06 66.6205 2.05017e+09
1e+11 6.68767e+06 66.8767 2.03835e+09
1e+11 6.7134e+06 67.134 2.0266e+09
1e+11 6.73922e+06 67.3922 2.01491e+09
1e+11 6.76514e+06 67.6514 2.0033e+09
1e+11 6.79116e+06 67.9116 1.99174e+09
1e+11 6.81728e+06 68.1728 1.98026e+09
1e+11 6.8435e+06 68.435 1.96884e+09
1e+11 6.86982e+06 68.6982 1.95749e+09
1e+11 6.89625e+06 68.9625 1.9462e+09
1e+11 6.92277e+06 69.2277 1.93498e+09
1e+11 6.9494e+06 69.494 1.92382e+09
1e+11 6.97613e+06 69.7613 1.91273e+09
1e+11 7.00296e+06 70.0296 1.9017e+09
1e+11 7.0299e+06 70.299 1.89073e+09
1e+11 7.05694e+06 70.5694 1.87983e+09
1e+11 7.08408e+06 70.8408 1.86899e+09
1e+11 7.11133e+06 71.1133 1.85821e+09
1e+11 7.13868e+06 71.3868 1.8475e+09
1e+11 7.16614e+06 71.6614 1.83684e+09
1e+11 7.1937e+06 71.937 1.82625e+09
1e+11 7.22137e+06 72.2137 1.81572e+09
1e+11 7.24914e+06 72.4914 1.80525e+09
1e+11 7.27703e+06 72.7703 1.79483e+09
1e+11 7.30502e+06 73.0502 1.78448e+09
1e+11 7.33311e+06 73.3311 1.77419e+09
1e+11 7.36132e+06 73.6132 1.76396e+09
1e+11 7.38963e+06 73.8963 1.75378e+09
1e+11 7.41806e+06 74.1806 1.74366e+09
1e+11 7.44659e+06 74.4659 1.73361e+09
1e+11 7.47523e+06 74.7523 1.72361e+09
1e+11 7.50398e+06 75.0398 1.71367e+09
1e+11 7.53284e+06 75.3284 1.70378e+09
1e+11 7.56182e+06 75.6182 1.69395e+09
1e+11 7.5909e+06 75.909 1.68418e+09
1e+11 7.6201e+06 76.201 1.67447e+09
1e+11 7.64941e+06 76.4941 1.66481e+09
1e+11 7.67883e+06 76.7883 1.6552e+09
1e+11 7.70837e+06 77.0837 1.64565e+09
1e+11 7.73801e+06 77.3801 1.63616e+09
1e+11 7.76778e+06 77.6778 1.62672e+09
1e+11 7.79765e+06 77.9765 1.61734e+09
1e+11 7.82765e+06 78.2765 1.60801e+09
1e+11 7.85775e+06 78.5775 1.59873e+09
1e+11 7.88798e+06 78.8798 1.58951e+09
1e+11 7.91832e+06 79.1832 1.58034e+09
1e+11 7.94877e+06 79.4877 1.57122e+09
1e+11 7.97935e+06 79.7935 1.56215e+09
1e+11 8.01004e+06 80.1004 1.55314e+09
1e+11 8.04085e+06 80.4085 1.54418e+09
1e+11 8.07177e+06 80.7177 1.53527e+09
1e+11 8.10282e+06 81.0282 1.52641e+09
1e+11 8.13399e+06 81.3399 1.5176e+09
1e+11 8.16527e+06 81.6527 1.50884e+09
1e+11 8.19668e+06 81.9668 1.50014e+09
1e+11 8.2282e+06 82.282 1.49148e+09
1e+11 8.25985e+06 82.5985 1.48287e+09
1e+11 8.29162e+06 82.9162 1.47432e+09
1e+11 8.32352e+06 83.2352 1.46581e+09
1e+11 8.35553e+06 83.5553 1.45735e+09
1e+11 8.38767e+06 83.8767 1.44894e+09
1e+11 8.41993e+06 84.1993 1.44058e+09
1e+11 8.45231e+06 84.5231 1.43226e+09
1e+11 8.48482e+06 84.8482 1.424e+09
1e+11 8.51746e+06 85.1746 1.41578e+09
1e+11 8.55022e+06 85.5022 1.40761e+09
1e+11 8.58311e+06 85.8311 1.39948e+09
1e+11 8.61612e+06 86.1612 1.3914e+09
1e+11 8.64926e+06 86.4926 1.38337e+09
1e+11 8.68253e+06 86.8253 1.37539e+09
1e+11 8.71592e+06 87.1592 1.36745e+09
1e+11 8.74945e+06 87.4945 1.35955e+09
1e+11 8.7831e+06 87.831 1.35171e+09
1e+11 8.81688e+06 88.1688 1.34391e+09
1e+11 8.8508e+06 88.508 1.33615e+09
1e+11 8.88484e+06 88.8484 1.32843e+09
1e+11 8.91901e+06 89.1901 1.32077e+09
1e+11 8.95332e+06 89.5332 1.31314e+09
1e+11 8.98775e+06 89.8775 1.30556e+09
1e+11 9.02232e+06 90.2232 1.29802e+09
1e+11 9.05703e+06 90.5703 1.29053e+09
1e+11 9.09186e+06 90.9186 1.28308e+09
1e+11 9.12683e+06 91.2683 1.27567e+09
1e+11 9.16194e+06 91.6194 1.2683e+09
1e+11 9.19718e+06 91.9718 1.26098e+09
1e+11 9.23255e+06 92.3255 1.2537e+09
1e+11 9.26806e+06 92.6806 1.24646e+09
1e+11 9.30371e+06 93.0371 1.23926e+09
1e+11 9.3395e+06 93.395 1.23211e+09
1e+11 9.37542e+06 93.7542 1.22499e+09
1e+11 9.41148e+06 94.1148 1.21792e+09
1e+11 9.44768e+06 94.4768 1.21089e+09
1e+11 9.48402e+06 94.8402 1.20389e+09
1e+11 9.5205e+06 95.205 1.19694e+09
1e+11 9.55711e+06 95.5711 1.19003e+09
1e+11 9.59387e+06 95.9387 1.18316e+09
1e+11 9.63077e+06 96.3077 1.17632e+09
1e+11 9.66782e+06 96.6782 1.16953e+09
1e+11 9.705e+06 97.05 1.16278e+09
1e+11 9.74233e+06 97.4233 1.15606e+09
1e+11 9.7798e+06 97.798 1.14938e+09
1e+11 9.81742e+06 98.1742 1.14274e+09
1e+11 9.85518e+06 98.5518 1.13614e+09
1e+11 9.89309e+06 98.9309 1.12958e+09
1e+11 9.93114e+06 99.3114 1.12306e+09
1e+11 9.96934e+06 99.6934 1.11657e+09
1e+11 1.00077e+07 100.077 1.11012e+09
1e+11 1.00462e+07 100.462 1.1037e+09
1e+11 1.00848e+07 100.848 1.09733e+09
1e+11 1.01236e+07 101.236 1.09099e+09
1e+11 1.01625e+07 101.625 1.08469e+09
1e+11 1.02016e+07 102.016 1.07843e+09
1e+11 1.02409e+07 102.409 1.07219e+09
1e+11 1.02803e+07 102.803 1.06599e+09
1e+11 1.03198e+07 103.198 1.05984e+09
1e+11 1.03595e+07 103.595 1.05371e+09
1e+11 1.03993e+07 103.993 1.04763e+09
1e+11 1.04393e+07 104.393 1.04158e+09
1e+11 1.04795e+07 104.795 1.03555e+09
1e+11 1.05198e+07 105.198 1.02957e+09
1e+11 1.05603e+07 105.603 1.02362e+09
1e+11 1.06009e+07 106.009 1.0177e+09
1e+11 1.06417e+07 106.417 1.01182e+09
1e+11 1.06826e+07 106.826 1.00598e+09
1e+11 1.07237e+07 107.237 1.00016e+09
1e+11 1.07649e+07 107.649 9.94388e+08
1e+11 1.08063e+07 108.063 9.88642e+08
1e+11 1.08479e+07 108.479 9.82923e+08
1e+11 1.08896e+07 108.896 9.77246e+08
1e+11 1.09315e+07 109.315 9.71596e+08
1e+11 1.09735e+07 109.735 9.65987e+08
1e+11 1.10157e+07 110.157 9.60404e+08
1e+11 1.10581e+07 110.581 9.54849e+08
1e+11 1.11007e+07 111.007 9.49321e+08
1e+11 1.11433e+07 111.433 9.43846e+08
1e+11 1.11862e+07 111.862 9.38386e+08
1e+11 1.12292e+07 112.292 9.32965e+08
1e+11 1.12724e+07 112.724 9.2757e+08
1e+11 1.13158e+07 113.158 9.22203e+08
1e+11 1.13593e+07 113.593 9.16875e+08
1e+11 1.1403e+07 114.03 9.11573e+08
1e+11 1.14469e+07 114.469 9.06298e+08
1e+11 1.14909e+07 114.909 9.01062e+08
1e+11 1.15351e+07 115.351 8.95852e+08
1e+11 1.15794e+07 115.794 8.9068e+08
1e+11 1.1624e+07 116.24 8.85523e+08
1e+11 1.16687e+07 116.687 8.80404e+08
1e+11 1.17136e+07 117.136 8.75311e+08
1e+11 1.17586e+07 117.586 8.70256e+08
1e+11 1.18039e+07 118.039 8.65216e+08
1e+11 1.18493e+07 118.493 8.60213e+08
1e+11 1.18948e+07 118.948 8.55247e+08
1e+11 1.19406e+07 119.406 8.50296e+08
1e+11 1.19865e+07 119.865 8.45381e+08
1e+11 1.20326e+07 120.326 8.40493e+08
1e+11 1.20789e+07 120.789 8.3563e+08
1e+11 1.21254e+07 121.254 8.30793e+08
1e+11 1.2172e+07 121.72 8.25992e+08
1e+11 1.22188e+07 122.188 8.21216e+08
1e+11 1.22658e+07 122.658 8.16466e+08
1e+11 1.2313e+07 123.13 8.11741e+08
1e+11 1.23603e+07 123.603 8.07052e+08
1e+11 1.24079e+07 124.079 8.02378e+08
1e+11 1.24556e+07 124.556 7.97739e+08
1e+11 1.25035e+07 125.035 7.93125e+08
1e+11 1.25516e+07 125.516 7.88536e+08
1e+11 1.25999e+07 125.999 7.83972e+08
1e+11 1.26484e+07 126.484 7.79433e+08
1e+11 1.2697e+07 126.97 7.74929e+08
1e+11 1.27458e+07 127.458 7.70449e+08
1e+11 1.27949e+07 127.949 7.65984e+08
1e+11 1.28441e+07 128.441 7.61553e+08
1e+11 1.28935e+07 128.935 7.57147e+08
1e+11 1.29431e+07 129.431 7.52766e+08
1e+11 1.29929e+07 129.929 7.48408e+08
1e+11 1.30428e+07 130.428 7.44084e+08
1e+11 1.3093e+07 130.93 7.39776e+08
1e+11 1.31434e+07 131.434 7.35491e+08
1e+11 1.31939e+07 131.939 7.31239e+08
1e+11 1.32447e+07 132.447 7.27003e+08
1e+11 1.32956e+07 132.956 7.22799e+08
1e+11 1.33467e+07 133.467 7.18619e+08
1e+11 1.33981e+07 133.981 7.14455e+08
1e+11 1.34496e+07 134.496 7.10323e+08
1e+11 1.35013e+07 135.013 7.06214e+08
1e+11 1.35533e+07 135.533 7.02121e+08
1e+11 1.36054e+07 136.054 6.98059e+08
1e+11 1.36577e+07 136.577 6.94021e+08
1e+11 1.37103e+07 137.103 6.89998e+08
1e+11 1.3763e+07 137.63 6.86006e+08
1e+11 1.38159e+07 138.159 6.82038e+08
1e+11 1.38691e+07 138.691 6.78085e+08
1e+11 1.39224e+07 139.224 6.74162e+08
1e+11 1.3976e+07 139.76 6.70256e+08
1e+11 1.40297e+07 140.297 6.66379e+08
1e+11 1.40837e+07 140.837 6.62518e+08
1e+11 1.41379e+07 141.379 6.5868e+08
1e+11 1.41922e+07 141.922 6.54872e+08
1e+11 1.42468e+07 142.468 6.51079e+08
1e+11 1.43016e+07 143.016 6.47309e+08
1e+11 1.43566e+07 143.566 6.43561e+08
1e+11 1.44118e+07 144.118 6.39835e+08
1e+11 1.44673e+07 144.673 6.36126e+08
1e+11 1.45229e+07 145.229 6.32445e+08
1e+11 1.45788e+07 145.788 6.28779e+08
1e+11 1.46349e+07 146.349 6.25136e+08
1e+11 1.46911e+07 146.911 6.21521e+08
1e+11 1.47477e+07 147.477 6.17915e+08
1e+11 1.48044e+07 148.044 6.14338e+08
1e+11 1.48613e+07 148.613 6.10782e+08
1e+11 1.49185e+07 149.185 6.07241e+08
1e+11 1.49759e+07 149.759 6.03723e+08
1e+11 1.50335e+07 150.335 6.00225e+08
1e+11 1.50913e+07 150.913 5.9675e+08
1e+11 1.51493e+07 151.493 5.93295e+08
1e+11 1.52076e+07 152.076 5.89856e+08
1e+11 1.52661e+07 152.661 5.86438e+08
1e+11 1.53248e+07 153.248 5.83042e+08
1e+11 1.53838e+07 153.838 5.7966e+08
1e+11 1.54429e+07 154.429 5.76305e+08
1e+11 1.55023e+07 155.023 5.72966e+08
1e+11 1.5562e+07 155.62 5.69642e+08
1e+11 1.56218e+07 156.218 5.66344e+08
1e+11 1.56819e+07 156.819 5.63061e+08
1e+11 1.57422e+07 157.422 5.59799e+08
1e+11 1.58028e+07 158.028 5.56552e+08
1e+11 1.58635e+07 158.635 5.53331e+08
1e+11 1.59246e+07 159.246 5.5012e+08
1e+11 1.59858e+07 159.858 5.46934e+08
1e+11 1.60473e+07 160.473 5.43763e+08
1e+11 1.6109e+07 161.09 5.40612e+08
1e+11 1.6171e+07 161.71 5.37476e+08
1e+11 1.62332e+07 162.332 5.34361e+08
1e+11 1.62956e+07 162.956 5.31265e+08
1e+11 1.63583e+07 163.583 5.28184e+08
1e+11 1.64212e+07 164.212 5.25123e+08
1e+11 1.64844e+07 164.844 5.22077e+08
1e+11 1.65478e+07 165.478 5.1905e+08
1e+11 1.66114e+07 166.114 5.16043e+08
1e+11 1.66753e+07 166.753 5.1305e+08
1e+11 1.67395e+07 167.395 5.10072e+08
1e+11 1.68038e+07 168.038 5.07119e+08
1e+11 1.68685e+07 168.685 5.04175e+08
1e+11 1.69334e+07 169.334 5.0125e+08
1e+11 1.69985e+07 169.985 4.98345e+08
1e+11 1.70639e+07 170.639 4.95454e+08
1e+11 1.71295e+07 171.295 4.92582e+08
1e+11 1.71954e+07 171.954 4.89724e+08
1e+11 1.72615e+07 172.615 4.86886e+08
1e+11 1.73279e+07 173.279 4.84061e+08
1e+11 1.73946e+07 173.946 4.81251e+08
1e+11 1.74615e+07 174.615 4.7846e+08
1e+11 1.75286e+07 175.286 4.75687e+08
1e+11 1.7596e+07 175.96 4.72928e+08
1e+11 1.76637e+07 176.637 4.70184e+08
1e+11 1.77317e+07 177.317 4.67454e+08
1e+11 1.77999e+07 177.999 4.64742e+08
1e+11 1.78683e+07 178.683 4.62048e+08
1e+11 1.79371e+07 179.371 4.59364e+08
1e+11 1.80061e+07 180.061 4.56698e+08
1e+11 1.80753e+07 180.753 4.5405e+08
1e+11 1.81448e+07 181.448 4.51416e+08
1e+11 1.82146e+07 182.146 4.48796e+08
1e+11 1.82847e+07 182.847 4.4619e+08
1e+11 1.8355e+07 183.55 4.43602e+08
1e+11 1.84256e+07 184.256 4.41027e+08
1e+11 1.84965e+07 184.965 4.38467e+08
1e+11 1.85676e+07 185.676 4.35923e+08
1e+11 1.8639e+07 186.39 4.33393e+08
1e+11 1.87107e+07 187.107 4.30877e+08
1e+11 1.87827e+07 187.827 4.28375e+08
1e+11 1.88549e+07 188.549 4.2589e+08
1e+11 1.89275e+07 189.275 4.23415e+08
1e+11 1.90003e+07 190.003 4.20957e+08
1e+11 1.90733e+07 190.733 4.18515e+08
1e+11 1.91467e+07 191.467 4.16084e+08
1e+11 1.92203e+07 192.203 4.1367e+08
1e+11 1.92943e+07 192.943 4.11265e+08
1e+11 1.93685e+07 193.685 4.08878e+08
1e+11 1.9443e+07 194.43 4.06503e+08
1e+11 1.95178e+07 195.178 4.04142e+08
1e+11 1.95928e+07 195.928 4.01797e+08
1e+11 1.96682e+07 196.682 3.99462e+08
1e+11 1.97438e+07 197.438 3.97144e+08
1e+11 1.98198e+07 198.198 3.94835e+08
1e+11 1.9896e+07 198.96 3.92543e+08
1e+11 1.99725e+07 199.725 3.90264e+08
1e+11 2.00494e+07 200.494 3.87994e+08
1e+11 2.01265e+07 201.265 3.85741e+08
1e+11 2.02039e+07 202.039 3.835e+08
1e+11 2.02816e+07 202.816 3.81273e+08
1e+11 2.03596e+07 203.596 3.79058e+08
1e+11 2.04379e+07 204.379 3.76856e+08
1e+11 2.05165e+07 205.165 3.74666e+08
1e+11 2.05954e+07 205.954 3.7249e+08
1e+11 2.06747e+07 206.747 3.70323e+08
1e+11 2.07542e+07 207.542 3.68171e+08
1e+11 2.0834e+07 208.34 3.66033e+08
1e+11 2.09141e+07 209.141 3.63906e+08
1e+11 2.09946e+07 209.946 3.6179e+08
1e+11 2.10753e+07 210.753 3.59688e+08
1e+11 2.11564e+07 211.564 3.57597e+08
1e+11 2.12378e+07 212.378 3.55518e+08
1e+11 2.13195e+07 213.195 3.53451e+08
1e+11 2.14015e+07 214.015 3.51396e+08
1e+11 2.14838e+07 214.838 3.49354e+08
1e+11 2.15664e+07 215.664 3.47323e+08
1e+11 2.16494e+07 216.494 3.45303e+08
1e+11 2.17326e+07 217.326 3.43297e+08
1e+11 2.18162e+07 218.162 3.41301e+08
1e+11 2.19001e+07 219.001 3.39316e+08
1e+11 2.19844e+07 219.844 3.37342e+08
1e+11 2.20689e+07 220.689 3.35381e+08
1e+11 2.21538e+07 221.538 3.33431e+08
1e+11 2.2239e+07 222.39 3.31492e+08
1e+11 2.23246e+07 223.246 3.29562e+08
1e+11 2.24104e+07 224.104 3.27647e+08
1e+11 2.24966e+07 224.966 3.25741e+08
1e+11 2.25832e+07 225.832 3.23845e+08
1e+11 2.267e+07 226.7 3.21962e+08
1e+11 2.27572e+07 227.572 3.20089e+08
1e+11 2.28447e+07 228.447 3.18228e+08
1e+11 2.29326e+07 229.326 3.16376e+08
1e+11 2.30208e+07 230.208 3.14535e+08
1e+11 2.31094e+07 231.094 3.12704e+08
1e+11 2.31982e+07 231.982 3.10886e+08
1e+11 2.32875e+07 232.875 3.09076e+08
1e+11 2.3377e+07 233.77 3.07278e+08
1e+11 2.3467e+07 234.67 3.05488e+08
1e+11 2.35572e+07 235.572 3.03712e+08
1e+11 2.36478e+07 236.478 3.01944e+08
1e+11 2.37388e+07 237.388 3.00186e+08
1e+11 2.38301e+07 238.301 2.98439e+08
1e+11 2.39217e+07 239.217 2.96703e+08
1e+11 2.40138e+07 240.138 2.94974e+08
1e+11 2.41061e+07 241.061 2.93258e+08
1e+11 2.41988e+07 241.988 2.91551e+08
1e+11 2.42919e+07 242.919 2.89853e+08
1e+11 2.43854e+07 243.854 2.88164e+08
1e+11 2.44791e+07 244.791 2.86488e+08
1e+11 2.45733e+07 245.733 2.84819e+08
1e+11 2.46678e+07 246.678 2.83161e+08
1e+11 2.47627e+07 247.627 2.81511e+08
1e+11 2.48579e+07 248.579 2.79873e+08
1e+11 2.49536e+07 249.536 2.78241e+08
1e+11 2.50495e+07 250.495 2.76622e+08
1e+11 2.51459e+07 251.459 2.7501e+08
1e+11 2.52426e+07 252.426 2.73408e+08
1e+11 2.53397e+07 253.397 2.71815e+08
1e+11 2.54372e+07 254.372 2.70231e+08
1e+11 2.5535e+07 255.35 2.68657e+08
1e+11 2.56332e+07 256.332 2.67092e+08
1e+11 2.57318e+07 257.318 2.65536e+08
1e+11 2.58308e+07 258.308 2.63988e+08
1e+11 2.59301e+07 259.301 2.62451e+08
1e+11 2.60299e+07 260.299 2.6092e+08
1e+11 2.613e+07 261.3 2.594e+08
1e+11 2.62305e+07 262.305 2.57888e+08
1e+11 2.63314e+07 263.314 2.56385e+08
1e+11 2.64327e+07 264.327 2.5489e+08
1e+11 2.65343e+07 265.343 2.53406e+08
1e+11 2.66364e+07 266.364 2.51928e+08
1e+11 2.67388e+07 267.388 2.5046e+08
1e+11 2.68417e+07 268.417 2.48999e+08
1e+11 2.69449e+07 269.449 2.47548e+08
1e+11 2.70486e+07 270.486 2.46104e+08
1e+11 2.71526e+07 271.526 2.44669e+08
1e+11 2.7257e+07 272.57 2.43243e+08
1e+11 2.73619e+07 273.619 2.41823e+08
1e+11 2.74671e+07 274.671 2.40414e+08
1e+11 2.75728e+07 275.728 2.39011e+08
1e+11 2.76788e+07 276.788 2.37618e+08
1e+11 2.77853e+07 277.853 2.36231e+08
1e+11 2.78921e+07 278.921 2.34854e+08
1e+11 2.79994e+07 279.994 2.33484e+08
1e+11 2.81071e+07 281.071 2.32122e+08
1e+11 2.82152e+07 282.152 2.30767e+08
1e+11 2.83237e+07 283.237 2.29421e+08
1e+11 2.84327e+07 284.327 2.28082e+08
1e+11 2.8542e+07 285.42 2.26752e+08
1e+11 2.86518e+07 286.518 2.25428e+08
1e+11 2.8762e+07 287.62 2.24113e+08
1e+11 2.88727e+07 288.727 2.22804e+08
1e+11 2.89837e+07 289.837 2.21504e+08
1e+11 2.90952e+07 290.952 2.20211e+08
1e+11 2.92071e+07 292.071 2.18926e+08
1e+11 2.93194e+07 293.194 2.17648e+08
1e+11 2.94322e+07 294.322 2.16377e+08
1e+11 2.95454e+07 295.454 2.15114e+08
1e+11 2.96591e+07 296.591 2.13857e+08
1e+11 2.97731e+07 297.731 2.1261e+08
1e+11 2.98877e+07 298.877 2.11367e+08
1e+11 3.00026e+07 300.026 2.10134e+08
1e+11 3.0118e+07 301.18 2.08906e+08
1e+11 3.02339e+07 302.339 2.07686e+08
1e+11 3.03501e+07 303.501 2.06474e+08
1e+11 3.04669e+07 304.669 2.05267e+08
1e+11 3.05841e+07 305.841 2.04068e+08
1e+11 3.07017e+07 307.017 2.02876e+08
1e+11 3.08198e+07 308.198 2.01691e+08
1e+11 3.09383e+07 309.383 2.00513e+08
1e+11 3.10573e+07 310.573 1.99341e+08
1e+11 3.11768e+07 311.768 1.98176e+08
1e+11 3.12967e+07 312.967 1.97018e+08
1e+11 3.14171e+07 314.171 1.95866e+08
1e+11 3.15379e+07 315.379 1.94722e+08
1e+11 3.16592e+07 316.592 1.93584e+08
1e+11 3.1781e+07 317.81 1.92452e+08
1e+11 3.19032e+07 319.032 1.91328e+08
1e+11 3.20259e+07 320.259 1.90209e+08
1e+11 3.21491e+07 321.491 1.89097e+08
1e+11 3.22728e+07 322.728 1.87991e+08
1e+11 3.23969e+07 323.969 1.86892e+08
1e+11 3.25215e+07 325.215 1.858e+08
1e+11 3.26466e+07 326.466 1.84713e+08
1e+11 3.27722e+07 327.722 1.83633e+08
1e+11 3.28982e+07 328.982 1.82559e+08
1e+11 3.30248e+07 330.248 1.81491e+08
1e+11 3.31518e+07 331.518 1.80429e+08
1e+11 3.32793e+07 332.793 1.79374e+08
1e+11 3.34073e+07 334.073 1.78325e+08
1e+11 3.35358e+07 335.358 1.77281e+08
1e+11 3.36648e+07 336.648 1.76244e+08
1e+11 3.37943e+07 337.943 1.75213e+08
1e+11 3.39242e+07 339.242 1.74188e+08
1e+11 3.40547e+07 340.547 1.73169e+08
1e+11 3.41857e+07 341.857 1.72155e+08
1e+11 3.43172e+07 343.172 1.71148e+08
1e+11 3.44492e+07 344.492 1.70146e+08
1e+11 3.45817e+07 345.817 1.6915e+08
1e+11 3.47147e+07 347.147 1.6816e+08
1e+11 3.48482e+07 348.482 1.67175e+08
1e+11 3.49823e+07 349.823 1.66196e+08
1e+11 3.51168e+07 351.168 1.65224e+08
1e+11 3.52519e+07 352.519 1.64256e+08
1e+11 3.53875e+07 353.875 1.63294e+08
1e+11 3.55236e+07 355.236 1.62338e+08
1e+11 3.56602e+07 356.602 1.61387e+08
1e+11 3.57974e+07 357.974 1.60442e+08
1e+11 3.59351e+07 359.351 1.59502e+08
1e+11 3.60733e+07 360.733 1.58568e+08
1e+11 3.6212e+07 362.12 1.57639e+08
1e+11 3.63513e+07 363.513 1.56715e+08
1e+11 3.64911e+07 364.911 1.55797e+08
1e+11 3.66315e+07 366.315 1.54884e+08
1e+11 3.67724e+07 367.724 1.53976e+08
1e+11 3.69138e+07 369.138 1.53074e+08
1e+11 3.70558e+07 370.558 1.52177e+08
1e+11 3.71983e+07 371.983 1.51285e+08
1e+11 3.73414e+07 373.414 1.50398e+08
1e+11 3.7485e+07 374.85 1.49517e+08
1e+11 3.76292e+07 376.292 1.4864e+08
1e+11 3.77739e+07 377.739 1.47769e+08
1e+11 3.79192e+07 379.192 1.46902e+08
1e+11 3.80651e+07 380.651 1.46041e+08
1e+11 3.82115e+07 382.115 1.45184e+08
1e+11 3.83585e+07 383.585 1.44333e+08
1e+11 3.8506e+07 385.06 1.43486e+08
1e+11 3.86541e+07 386.541 1.42645e+08
1e+11 3.88028e+07 388.028 1.41808e+08
1e+11 3.8952e+07 389.52 1.40976e+08
1e+11 3.91019e+07 391.019 1.40149e+08
1e+11 3.92523e+07 392.523 1.39326e+08
1e+11 3.94032e+07 394.032 1.38509e+08
1e+11 3.95548e+07 395.548 1.37696e+08
1e+11 3.97069e+07 397.069 1.36888e+08
1e+11 3.98597e+07 398.597 1.36085e+08
1e+11 4.0013e+07 400.13 1.35286e+08
1e+11 4.01669e+07 401.669 1.34492e+08
1e+11 4.03214e+07 403.214 1.33702e+08
1e+11 4.04764e+07 404.764 1.32918e+08
1e+11 4.06321e+07 406.321 1.32137e+08
1e+11 4.07884e+07 407.884 1.31361e+08
1e+11 4.09453e+07 409.453 1.3059e+08
1e+11 4.11028e+07 411.028 1.29823e+08
1e+11 4.12609e+07 412.609 1.2906e+08
1e+11 4.14196e+07 414.196 1.28302e+08
1e+11 4.15789e+07 415.789 1.27549e+08
1e+11 4.17388e+07 417.388 1.268e+08
1e+11 4.18994e+07 418.994 1.26054e+08
1e+11 4.20605e+07 420.605 1.25314e+08
1e+11 4.22223e+07 422.223 1.24577e+08
1e+11 4.23847e+07 423.847 1.23845e+08
1e+11 4.25477e+07 425.477 1.23118e+08
1e+11 4.27114e+07 427.114 1.22394e+08
1e+11 4.28757e+07 428.757 1.21674e+08
1e+11 4.30406e+07 430.406 1.20959e+08
1e+11 4.32061e+07 432.061 1.20248e+08
1e+11 4.33723e+07 433.723 1.19541e+08
1e+11 4.35391e+07 435.391 1.18838e+08
1e+11 4.37066e+07 437.066 1.18139e+08
1e+11 4.38747e+07 438.747 1.17445e+08
1e+11 4.40434e+07 440.434 1.16754e+08
1e+11 4.42129e+07 442.129 1.16067e+08
1e+11 4.43829e+07 443.829 1.15384e+08
1e+11 4.45536e+07 445.536 1.14706e+08
1e+11 4.4725e+07 447.25 1.14031e+08
1e+11 4.4897e+07 448.97 1.1336e+08
1e+11 4.50697e+07 450.697 1.12693e+08
1e+11 4.5243e+07 452.43 1.1203e+08
1e+11 4.54171e+07 454.171 1.1137e+08
1e+11 4.55918e+07 455.918 1.10715e+08
1e+11 4.57671e+07 457.671 1.10063e+08
1e+11 4.59431e+07 459.431 1.09415e+08
1e+11 4.61199e+07 461.199 1.08771e+08
1e+11 4.62972e+07 462.972 1.08131e+08
1e+11 4.64753e+07 464.753 1.07494e+08
1e+11 4.66541e+07 466.541 1.06861e+08
1e+11 4.68335e+07 468.335 1.06232e+08
1e+11 4.70137e+07 470.137 1.05606e+08
1e+11 4.71945e+07 471.945 1.04984e+08
1e+11 4.7376e+07 473.76 1.04365e+08
1e+11 4.75582e+07 475.582 1.0375e+08
1e+11 4.77412e+07 477.412 1.03139e+08
1e+11 4.79248e+07 479.248 1.02531e+08
1e+11 4.81091e+07 481.091 1.01927e+08
1e+11 4.82942e+07 482.942 1.01326e+08
1e+11 4.84799e+07 484.799 1.00729e+08
1e+11 4.86664e+07 486.664 1.00135e+08
1e+11 4.88536e+07 488.536 9.95449e+07
1e+11 4.90415e+07 490.415 9.8958e+07
1e+11 4.92301e+07 492.301 9.83746e+07
1e+11 4.94195e+07 494.195 9.77943e+07
1e+11 4.96095e+07 496.095 9.72178e+07
1e+11 4.98004e+07 498.004 9.66442e+07
1e+11 4.99919e+07 499.919 9.60743e+07
1e+11 5.01842e+07 501.842 9.55075e+07
1e+11 5.03772e+07 503.772 9.49441e+07
1e+11 5.0571e+07 505.71 9.43838e+07
1e+11 5.07655e+07 507.655 9.38269e+07
1e+11 5.09607e+07 509.607 9.32733e+07
1e+11 5.11568e+07 511.568 9.27226e+07
1e+11 5.13535e+07 513.535 9.21755e+07
1e+11 5.1551e+07 515.51 9.16314e+07
1e+11 5.17493e+07 517.493 9.10904e+07
1e+11 5.19484e+07 519.484 9.05524e+07
1e+11 5.21482e+07 521.482 9.00177e+07
1e+11 5.23487e+07 523.487 8.94864e+07
1e+11 5.25501e+07 525.501 8.89577e+07
1e+11 5.27522e+07 527.522 8.84324e+07
1e+11 5.29551e+07 529.551 8.791e+07
1e+11 5.31588e+07 531.588 8.73906e+07
1e+11 5.33633e+07 533.633 8.68742e+07
1e+11 5.35685e+07 535.685 8.6361e+07
1e+11 5.37746e+07 537.746 8.58505e+07
1e+11 5.39814e+07 539.814 8.53432e+07
1e+11 5.4189e+07 541.89 8.48388e+07
1e+11 5.43974e+07 543.974 8.43374e+07
1e+11 5.46067e+07 546.067 8.38387e+07
1e+11 5.48167e+07 548.167 8.3343e+07
1e+11 5.50276e+07 550.276 8.28501e+07
1e+11 5.52392e+07 552.392 8.23603e+07
1e+11 5.54517e+07 554.517 8.18731e+07
1e+11 5.5665e+07 556.65 8.13888e+07
1e+11 5.58791e+07 558.791 8.09074e+07
1e+11 5.6094e+07 560.94 8.04288e+07
1e+11 5.63097e+07 563.097 7.9953e+07
1e+11 5.65263e+07 565.263 7.94799e+07
1e+11 5.67437e+07 567.437 7.90096e+07
1e+11 5.6962e+07 569.62 7.85419e+07
1e+11 5.71811e+07 571.811 7.8077e+07
1e+11 5.7401e+07 574.01 7.76148e+07
1e+11 5.76218e+07 576.218 7.71553e+07
1e+11 5.78434e+07 578.434 7.66985e+07
1e+11 5.80659e+07 580.659 7.62443e+07
1e+11 5.82893e+07 582.893 7.57927e+07
1e+11 5.85135e+07 585.135 7.53437e+07
1e+11 5.87385e+07 587.385 7.48976e+07
1e+11 5.89644e+07 589.644 7.44539e+07
1e+11 5.91912e+07 591.912 7.40128e+07
1e+11 5.94189e+07 594.189 7.35742e+07
1e+11 5.96474e+07 596.474 7.31382e+07
1e+11 5.98769e+07 598.769 7.27046e+07
1e+11 6.01072e+07 601.072 7.22737e+07
1e+11 6.03384e+07 603.384 7.18452e+07
1e+11 6.05704e+07 605.704 7.14194e+07
1e+11 6.08034e+07 608.034 7.09959e+07
1e+11 6.10373e+07 610.373 7.05748e+07
1e+11 6.12721e+07 612.721 7.01562e+07
1e+11 6.15077e+07 615.077 6.97402e+07
1e+11 6.17443e+07 617.443 6.93265e+07
1e+11 6.19818e+07 619.818 6.89152e+07
1e+11 6.22202e+07 622.202 6.85063e+07
1e+11 6.24595e+07 624.595 6.80998e+07
1e+11 6.26997e+07 626.997 6.76957e+07
1e+11 6.29409e+07 629.409 6.72939e+07
1e+11 6.3183e+07 631.83 6.68944e+07
1e+11 6.3426e+07 634.26 6.64973e+07
1e+11 6.367e+07 636.7 6.61024e+07
1e+11 6.39149e+07 639.149 6.57099e+07
1e+11 6.41607e+07 641.607 6.53197e+07
1e+11 6.44075e+07 644.075 6.49317e+07
1e+11 6.46552e+07 646.552 6.45461e+07
1e+11 6.49039e+07 649.039 6.41626e+07
1e+11 6.51535e+07 651.535 6.37814e+07
1e+11 6.54041e+07 654.041 6.34024e+07
1e+11 6.56557e+07 656.557 6.30256e+07
1e+11 6.59082e+07 659.082 6.2651e+07
1e+11 6.61617e+07 661.617 6.22786e+07
1e+11 6.64162e+07 664.162 6.19084e+07
1e+11 6.66717e+07 666.717 6.15402e+07
1e+11 6.69281e+07 669.281 6.11743e+07
1e+11 6.71855e+07 671.855 6.08105e+07
1e+11 6.74439e+07 674.439 6.04489e+07
1e+11 6.77034e+07 677.034 6.00892e+07
1e+11 6.79638e+07 679.638 5.97317e+07
1e+11 6.82252e+07 682.252 5.93763e+07
1e+11 6.84876e+07 684.876 5.9023e+07
1e+11 6.8751e+07 687.51 5.86717e+07
1e+11 6.90154e+07 690.154 5.83226e+07
1e+11 6.92809e+07 692.809 5.79753e+07
1e+11 6.95474e+07 695.474 5.76301e+07
1e+11 6.98149e+07 698.149 5.7287e+07
1e+11 7.00834e+07 700.834 5.69459e+07
1e+11 7.0353e+07 703.53 5.66066e+07
1e+11 7.06236e+07 706.236 5.62695e+07
1e+11 7.08952e+07 708.952 5.59343e+07
1e+11 7.11679e+07 711.679 5.5601e+07
1e+11 7.14416e+07 714.416 5.52697e+07
1e+11 7.17164e+07 717.164 5.49403e+07
1e+11 7.19923e+07 719.923 5.46128e+07
1e+11 7.22692e+07 722.692 5.42872e+07
1e+11 7.25471e+07 725.471 5.39637e+07
1e+11 7.28262e+07 728.262 5.36418e+07
1e+11 7.31063e+07 731.063 5.33219e+07
1e+11 7.33875e+07 733.875 5.30039e+07
1e+11 7.36697e+07 736.697 5.26878e+07
1e+11 7.39531e+07 739.531 5.23734e+07
1e+11 7.42375e+07 742.375 5.2061e+07
1e+11 7.45231e+07 745.231 5.17503e+07
1e+11 7.48097e+07 748.097 5.14414e+07
1e+11 7.50975e+07 750.975 5.11343e+07
1e+11 7.53863e+07 753.863 5.08291e+07
1e+11 7.56763e+07 756.763 5.05256e+07
1e+11 7.59673e+07 759.673 5.0224e+07
1e+11 7.62595e+07 762.595 4.9924e+07
1e+11 7.65528e+07 765.528 4.96259e+07
1e+11 7.68473e+07 768.473 4.93294e+07
1e+11 7.71429e+07 771.429 4.90346e+07
1e+11 7.74396e+07 774.396 4.87416e+07
1e+11 7.77374e+07 777.374 4.84504e+07
1e+11 7.80364e+07 780.364 4.81608e+07
1e+11 7.83366e+07 783.366 4.78729e+07
1e+11 7.86379e+07 786.379 4.75867e+07
1e+11 7.89404e+07 789.404 4.73021e+07
1e+11 7.9244e+07 792.44 4.70192e+07
1e+11 7.95488e+07 795.488 4.6738e+07
1e+11 7.98548e+07 798.548 4.64584e+07
1e+11 8.01619e+07 801.619 4.61805e+07
1e+11 8.04702e+07 804.702 4.59042e+07
1e+11 8.07797e+07 807.797 4.56295e+07
1e+11 8.10904e+07 810.904 4.53564e+07
1e+11 8.14023e+07 814.023 4.50849e+07
1e+11 8.17154e+07 817.154 4.4815e+07
1e+11 8.20297e+07 820.297 4.45466e+07
1e+11 8.23452e+07 823.452 4.42799e+07
1e+11 8.2662e+07 826.62 4.40146e+07
1e+11 8.29799e+07 829.799 4.3751e+07
1e+11 8.32991e+07 832.991 4.34888e+07
1e+11 8.36195e+07 836.195 4.32282e+07
1e+11 8.39411e+07 839.411 4.29692e+07
1e+11 8.4264e+07 842.64 4.27116e+07
1e+11 8.45881e+07 845.881 4.24556e+07
1e+11 8.49134e+07 849.134 4.22011e+07
1e+11 8.524e+07 852.4 4.1948e+07
1e+11 8.55679e+07 855.679 4.16964e+07
1e+11 8.5897e+07 858.97 4.14463e+07
1e+11 8.62274e+07 862.274 4.11977e+07
1e+11 8.6559e+07 865.59 4.09505e+07
1e+11 8.6892e+07 868.92 4.07047e+07
1e+11 8.72262e+07 872.262 4.04604e+07
1e+11 8.75617e+07 875.617 4.02176e+07
1e+11 8.78985e+07 878.985 3.99761e+07
1e+11 8.82366e+07 882.366 3.97361e+07
1e+11 8.85759e+07 885.759 3.94975e+07
1e+11 8.89166e+07 889.166 3.92603e+07
1e+11 8.92586e+07 892.586 3.90244e+07
1e+11 8.96019e+07 896.019 3.879e+07
1e+11 8.99466e+07 899.466 3.85568e+07
1e+11 9.02925e+07 902.925 3.83251e+07
1e+11 9.06398e+07 906.398 3.80948e+07
1e+11 9.09885e+07 909.885 3.78657e+07
1e+11 9.13384e+07 913.384 3.76381e+07
1e+11 9.16897e+07 916.897 3.74117e+07
1e+11 9.20424e+07 920.424 3.71867e+07
1e+11 9.23964e+07 923.964 3.6963e+07
1e+11 9.27518e+07 927.518 3.67406e+07
1e+11 9.31086e+07 931.086 3.65195e+07
1e+11 9.34667e+07 934.667 3.62997e+07
1e+11 9.38262e+07 938.262 3.60812e+07
1e+11 9.41871e+07 941.871 3.5864e+07
1e+11 9.45494e+07 945.494 3.5648e+07
1e+11 9.4913e+07 949.13 3.54334e+07
1e+11 9.52781e+07 952.781 3.52199e+07
1e+11 9.56445e+07 956.445 3.50078e+07
1e+11 9.60124e+07 960.124 3.47969e+07
1e+11 9.63817e+07 963.817 3.45872e+07
1e+11 9.67524e+07 967.524 3.43787e+07
1e+11 9.71246e+07 971.246 3.41714e+07
1e+11 9.74981e+07 974.981 3.39655e+07
1e+11 9.78731e+07 978.731 3.37606e+07
1e+11 9.82496e+07 982.496 3.3557e+07
1e+11 9.86275e+07 986.275 3.33546e+07
1e+11 9.90068e+07 990.068 3.31534e+07
1e+11 9.93877e+07 993.877 3.29533e+07
1e+11 9.97699e+07 997.699 3.27545e+07
1e+11 1.00154e+08 1001.54 3.25566e+07
1e+11 1.00539e+08 1005.39 3.23601e+07
1e+11 1.00926e+08 1009.26 3.21646e+07
1e+11 1.01314e+08 1013.14 3.19704e+07
1e+11 1.01703e+08 1017.03 3.17777e+07
1e+11 1.02095e+08 1020.95 3.15853e+07
1e+11 1.02487e+08 1024.87 3.13948e+07
1e+11 1.02882e+08 1028.82 3.12047e+07
1e+11 1.03277e+08 1032.77 3.10164e+07
1e+11 1.03674e+08 1036.74 3.0829e+07
1e+11 1.04073e+08 1040.73 3.06425e+07
1e+11 1.04474e+08 1044.74 3.04568e+07
1e+11 1.04875e+08 1048.75 3.0273e+07
1e+11 1.05279e+08 1052.79 3.00896e+07
1e+11 1.05684e+08 1056.84 2.99075e+07
1e+11 1.0609e+08 1060.9 2.97267e+07
1e+11 1.06498e+08 1064.98 2.95468e+07
1e+11 1.06908e+08 1069.08 2.93678e+07
1e+11 1.07319e+08 1073.19 2.91901e+07
1e+11 1.07732e+08 1077.32 2.90132e+07
1e+11 1.08146e+08 1081.46 2.88376e+07
1e+11 1.08562e+08 1085.62 2.86629e+07
1e+11 1.0898e+08 1089.8 2.84891e+07
1e+11 1.09399e+08 1093.99 2.83165e+07
1e+11 1.0982e+08 1098.2 2.81447e+07
1e+11 1.10242e+08 1102.42 2.79743e+07
1e+11 1.10666e+08 1106.66 2.78047e+07
1e+11 1.11092e+08 1110.92 2.76359e+07
1e+11 1.11519e+08 1115.19 2.74684e+07
1e+11 1.11948e+08 1119.48 2.73017e+07
1e+11 1.12379e+08 1123.79 2.71359e+07
1e+11 1.12811e+08 1128.11 2.69713e+07
1e+11 1.13245e+08 1132.45 2.68075e+07
1e+11 1.1368e+08 1136.8 2.6645e+07
1e+11 1.14118e+08 1141.18 2.64829e+07
1e+11 1.14556e+08 1145.56 2.63224e+07
1e+11 1.14997e+08 1149.97 2.61624e+07
1e+11 1.15439e+08 1154.39 2.60035e+07
1e+11 1.15883e+08 1158.83 2.58455e+07
1e+11 1.16329e+08 1163.29 2.56883e+07
1e+11 1.16777e+08 1167.77 2.55319e+07
1e+11 1.17226e+08 1172.26 2.53767e+07
1e+11 1.17677e+08 1176.77 2.52224e+07
1e+11 1.18129e+08 1181.29 2.50692e+07
1e+11 1.18584e+08 1185.84 2.49164e+07
1e+11 1.1904e+08 1190.4 2.47648e+07
1e+11 1.19498e+08 1194.98 2.46141e+07
1e+11 1.19957e+08 1199.57 2.44644e+07
1e+11 1.20419e+08 1204.19 2.43153e+07
1e+11 1.20882e+08 1208.82 2.41673e+07
1e+11 1.21347e+08 1213.47 2.402e+07
1e+11 1.21813e+08 1218.13 2.38739e+07
1e+11 1.22282e+08 1222.82 2.37283e+07
1e+11 1.22752e+08 1227.52 2.35838e+07
1e+11 1.23224e+08 1232.24 2.34401e+07
1e+11 1.23698e+08 1236.98 2.32971e+07
1e+11 1.24174e+08 1241.74 2.3155e+07
1e+11 1.24652e+08 1246.52 2.30137e+07
1e+11 1.25131e+08 1251.31 2.28734e+07
1e+11 1.25613e+08 1256.13 2.27336e+07
1e+11 1.26096e+08 1260.96 2.25949e+07
1e+11 1.26581e+08 1265.81 2.2457e+07
1e+11 1.27068e+08 1270.68 2.23198e+07
1e+11 1.27556e+08 1275.56 2.21837e+07
1e+11 1.28047e+08 1280.47 2.20481e+07
1e+11 1.28539e+08 1285.39 2.19136e+07
1e+11 1.29034e+08 1290.34 2.17795e+07
1e+11 1.2953e+08 1295.3 2.16465e+07
1e+11 1.30028e+08 1300.28 2.15142e+07
1e+11 1.30528e+08 1305.28 2.13827e+07
1e+11 1.31031e+08 1310.31 2.12517e+07
1e+11 1.31535e+08 1315.35 2.11217e+07
1e+11 1.3204e+08 1320.4 2.09927e+07
1e+11 1.32548e+08 1325.48 2.08642e+07
1e+11 1.33058e+08 1330.58 2.07364e+07
1e+11 1.3357e+08 1335.7 2.06094e+07
1e+11 1.34084e+08 1340.84 2.04831e+07
1e+11 1.34599e+08 1345.99 2.03579e+07
1e+11 1.35117e+08 1351.17 2.02331e+07
1e+11 1.35637e+08 1356.37 2.0109e+07
1e+11 1.36158e+08 1361.58 1.9986e+07
1e+11 1.36682e+08 1366.82 1.98634e+07
1e+11 1.37208e+08 1372.08 1.97415e+07
1e+11 1.37736e+08 1377.36 1.96204e+07
1e+11 1.38265e+08 1382.65 1.95002e+07
1e+11 1.38797e+08 1387.97 1.93805e+07
1e+11 1.39331e+08 1393.31 1.92616e+07
1e+11 1.39867e+08 1398.67 1.91433e+07
1e+11 1.40405e+08 1404.05 1.90258e+07
1e+11 1.40945e+08 1409.45 1.8909e+07
1e+11 1.41487e+08 1414.87 1.87929e+07
1e+11 1.42031e+08 1420.31 1.86775e+07
1e+11 1.42578e+08 1425.78 1.85625e+07
1e+11 1.43126e+08 1431.26 1.84485e+07
1e+11 1.43677e+08 1436.77 1.8335e+07
1e+11 1.44229e+08 1442.29 1.82224e+07
1e+11 1.44784e+08 1447.84 1.81103e+07
1e+11 1.45341e+08 1453.41 1.79989e+07
1e+11 1.459e+08 1459 1.78881e+07
1e+11 1.46461e+08 1464.61 1.77781e+07
1e+11 1.47024e+08 1470.24 1.76687e+07
1e+11 1.4759e+08 1475.9 1.75598e+07
1e+11 1.48157e+08 1481.57 1.74518e+07
1e+11 1.48727e+08 1487.27 1.73443e+07
1e+11 1.49299e+08 1492.99 1.72374e+07
1e+11 1.49874e+08 1498.74 1.7131e+07
1e+11 1.5045e+08 1504.5 1.70255e+07
1e+11 1.51029e+08 1510.29 1.69205e+07
1e+11 1.5161e+08 1516.1 1.68161e+07
1e+11 1.52193e+08 1521.93 1.67124e+07
1e+11 1.52778e+08 1527.78 1.66093e+07
1e+11 1.53366e+08 1533.66 1.65068e+07
1e+11 1.53956e+08 1539.56 1.64049e+07
1e+11 1.54548e+08 1545.48 1.63036e+07
1e+11 1.55142e+08 1551.42 1.6203e+07
1e+11 1.55739e+08 1557.39 1.61028e+07
1e+11 1.56338e+08 1563.38 1.60033e+07
1e+11 1.56939e+08 1569.39 1.59045e+07
1e+11 1.57543e+08 1575.43 1.58061e+07
1e+11 1.58149e+08 1581.49 1.57084e+07
1e+11 1.58757e+08 1587.57 1.56113e+07
1e+11 1.59368e+08 1593.68 1.55146e+07
1e+11 1.59981e+08 1599.81 1.54186e+07
1e+11 1.60596e+08 1605.96 1.53232e+07
1e+11 1.61214e+08 1612.14 1.52283e+07
1e+11 1.61834e+08 1618.34 1.51341e+07
1e+11 1.62456e+08 1624.56 1.50404e+07
1e+11 1.63081e+08 1630.81 1.49472e+07
1e+11 1.63709e+08 1637.09 1.48544e+07
1e+11 1.64338e+08 1643.38 1.47625e+07
1e+11 1.6497e+08 1649.7 1.4671e+07
1e+11 1.65605e+08 1656.05 1.45799e+07
1e+11 1.66242e+08 1662.42 1.44895e+07
1e+11 1.66881e+08 1668.81 1.43996e+07
1e+11 1.67523e+08 1675.23 1.43102e+07
1e+11 1.68167e+08 1681.67 1.42214e+07
1e+11 1.68814e+08 1688.14 1.41331e+07
1e+11 1.69464e+08 1694.64 1.40452e+07
1e+11 1.70115e+08 1701.15 1.39581e+07
1e+11 1.7077e+08 1707.7 1.38713e+07
1e+11 1.71427e+08 1714.27 1.3785e+07
1e+11 1.72086e+08 1720.86 1.36994e+07
1e+11 1.72748e+08 1727.48 1.36141e+07
1e+11 1.73412e+08 1734.12 1.35295e+07
1e+11 1.74079e+08 1740.79 1.34453e+07
1e+11 1.74749e+08 1747.49 1.33616e+07
1e+11 1.75421e+08 1754.21 1.32784e+07
1e+11 1.76096e+08 1760.96 1.31957e+07
1e+11 1.76773e+08 1767.73 1.31136e+07
1e+11 1.77453e+08 1774.53 1.30318e+07
1e+11 1.78135e+08 1781.35 1.29507e+07
1e+11 1.78821e+08 1788.21 1.28699e+07
1e+11 1.79508e+08 1795.08 1.27897e+07
1e+11 1.80199e+08 1801.99 1.27099e+07
1e+11 1.80892e+08 1808.92 1.26306e+07
1e+11 1.81588e+08 1815.88 1.25517e+07
1e+11 1.82286e+08 1822.86 1.24735e+07
1e+11 1.82987e+08 1829.87 1.23956e+07
1e+11 1.83691e+08 1836.91 1.23181e+07
1e+11 1.84398e+08 1843.98 1.22411e+07
1e+11 1.85107e+08 1851.07 1.21647e+07
1e+11 1.85819e+08 1858.19 1.20886e+07
1e+11 1.86534e+08 1865.34 1.2013e+07
1e+11 1.87251e+08 1872.51 1.1938e+07
1e+11 1.87971e+08 1879.71 1.18633e+07
1e+11 1.88694e+08 1886.94 1.17891e+07
1e+11 1.8942e+08 1894.2 1.17153e+07
1e+11 1.90149e+08 1901.49 1.16419e+07
1e+11 1.9088e+08 1908.8 1.1569e+07
1e+11 1.91614e+08 1916.14 1.14965e+07
1e+11 1.92351e+08 1923.51 1.14245e+07
1e+11 1.93091e+08 1930.91 1.13529e+07
1e+11 1.93834e+08 1938.34 1.12817e+07
1e+11 1.94579e+08 1945.79 1.1211e+07
1e+11 1.95328e+08 1953.28 1.11406e+07
1e+11 1.96079e+08 1960.79 1.10707e+07
1e+11 1.96833e+08 1968.33 1.10012e+07
1e+11 1.9759e+08 1975.9 1.09322e+07
1e+11 1.9835e+08 1983.5 1.08635e+07
1e+11 1.99113e+08 1991.13 1.07953e+07
1e+11 1.99879e+08 1998.79 1.07274e+07
1e+11 2.00648e+08 2006.48 1.066e+07
1e+11 2.01419e+08 2014.19 1.0593e+07
1e+11 2.02194e+08 2021.94 1.05263e+07
1e+11 2.02972e+08 2029.72 1.04601e+07
1e+11 2.03753e+08 2037.53 1.03942e+07
1e+11 2.04536e+08 2045.36 1.03289e+07
1e+11 2.05323e+08 2053.23 1.02638e+07
1e+11 2.06113e+08 2061.13 1.01991e+07
1e+11 2.06905e+08 2069.05 1.01349e+07
1e+11 2.07701e+08 2077.01 1.0071e+07
1e+11 2.085e+08 2085 1.00075e+07
1e+11 2.09302e+08 2093.02 9.94444e+06
1e+11 2.10107e+08 2101.07 9.88171e+06
1e+11 2.10915e+08 2109.15 9.81936e+06
1e+11 2.11727e+08 2117.27 9.75733e+06
1e+11 2.12541e+08 2125.41 9.69575e+06
1e+11 2.13358e+08 2133.58 9.63455e+06
1e+11 2.14179e+08 2141.79 9.57366e+06
1e+11 2.15003e+08 2150.03 9.51314e+06
1e+11 2.1583e+08 2158.3 9.453e+06
1e+11 2.1666e+08 2166.6 9.39324e+06
1e+11 2.17493e+08 2174.93 9.33384e+06
1e+11 2.1833e+08 2183.3 9.27475e+06
1e+11 2.1917e+08 2191.7 9.21603e+06
1e+11 2.20013e+08 2200.13 9.15768e+06
1e+11 2.20859e+08 2208.59 9.0997e+06
1e+11 2.21708e+08 2217.08 9.04209e+06
1e+11 2.22561e+08 2225.61 8.98477e+06
1e+11 2.23417e+08 2234.17 8.92781e+06
1e+11 2.24276e+08 2242.76 8.87122e+06
1e+11 2.25139e+08 2251.39 8.81493e+06
1e+11 2.26005e+08 2260.05 8.75899e+06
1e+11 2.26874e+08 2268.74 8.70341e+06
1e+11 2.27747e+08 2277.47 8.64813e+06
1e+11 2.28623e+08 2286.23 8.5932e+06
1e+11 2.29502e+08 2295.02 8.53863e+06
1e+11 2.30385e+08 2303.85 8.48435e+06
1e+11 2.31271e+08 2312.71 8.43041e+06
1e+11 2.32161e+08 2321.61 8.37677e+06
1e+11 2.33054e+08 2330.54 8.32348e+06
1e+11 2.3395e+08 2339.5 8.27054e+06
1e+11 2.3485e+08 2348.5 8.21788e+06
1e+11 2.35753e+08 2357.53 8.16557e+06
1e+11 2.3666e+08 2366.6 8.11354e+06
1e+11 2.3757e+08 2375.7 8.06186e+06
1e+11 2.38484e+08 2384.84 8.01046e+06
1e+11 2.39401e+08 2394.01 7.9594e+06
1e+11 2.40322e+08 2403.22 7.90862e+06
1e+11 2.41246e+08 2412.46 7.85818e+06
1e+11 2.42174e+08 2421.74 7.80802e+06
1e+11 2.43106e+08 2431.06 7.75814e+06
1e+11 2.44041e+08 2440.41 7.70859e+06
1e+11 2.44979e+08 2449.79 7.65938e+06
1e+11 2.45922e+08 2459.22 7.61039e+06
1e+11 2.46868e+08 2468.68 7.56173e+06
1e+11 2.47817e+08 2478.17 7.51339e+06
1e+11 2.4877e+08 2487.7 7.46533e+06
1e+11 2.49727e+08 2497.27 7.41755e+06
1e+11 2.50688e+08 2506.88 7.37004e+06
1e+11 2.51652e+08 2516.52 7.32285e+06
1e+11 2.5262e+08 2526.2 7.27593e+06
1e+11 2.53592e+08 2535.92 7.22929e+06
1e+11 2.54567e+08 2545.67 7.18296e+06
1e+11 2.55546e+08 2555.46 7.1369e+06
1e+11 2.56529e+08 2565.29 7.09111e+06
1e+11 2.57516e+08 2575.16 7.04559e+06
1e+11 2.58506e+08 2585.06 7.00038e+06
1e+11 2.595e+08 2595 6.95544e+06
1e+11 2.60499e+08 2604.99 6.91071e+06
1e+11 2.615e+08 2615 6.86634e+06
1e+11 2.62506e+08 2625.06 6.82219e+06
1e+11 2.63516e+08 2635.16 6.7783e+06
1e+11 2.6453e+08 2645.3 6.73468e+06
1e+11 2.65547e+08 2655.47 6.69135e+06
1e+11 2.66568e+08 2665.68 6.64829e+06
1e+11 2.67594e+08 2675.94 6.60544e+06
1e+11 2.68623e+08 2686.23 6.5629e+06
1e+11 2.69656e+08 2696.56 6.52061e+06
1e+11 2.70693e+08 2706.93 6.47857e+06
1e+11 2.71734e+08 2717.34 6.4368e+06
1e+11 2.7278e+08 2727.8 6.39523e+06
1e+11 2.73829e+08 2738.29 6.35396e+06
1e+11 2.74882e+08 2748.82 6.31294e+06
1e+11 2.75939e+08 2759.39 6.27218e+06
1e+11 2.77001e+08 2770.01 6.23163e+06
1e+11 2.78066e+08 2780.66 6.19136e+06
1e+11 2.79136e+08 2791.36 6.15131e+06
1e+11 2.80209e+08 2802.09 6.11154e+06
1e+11 2.81287e+08 2812.87 6.07198e+06
1e+11 2.82369e+08 2823.69 6.03267e+06
1e+11 2.83455e+08 2834.55 5.99361e+06
1e+11 2.84545e+08 2845.45 5.95479e+06
1e+11 2.8564e+08 2856.4 5.91618e+06
1e+11 2.86738e+08 2867.38 5.87784e+06
1e+11 2.87841e+08 2878.41 5.83972e+06
1e+11 2.88948e+08 2889.48 5.80183e+06
1e+11 2.9006e+08 2900.6 5.76415e+06
1e+11 2.91175e+08 2911.75 5.72675e+06
1e+11 2.92295e+08 2922.95 5.68955e+06
1e+11 2.9342e+08 2934.2 5.65255e+06
1e+11 2.94548e+08 2945.48 5.61582e+06
1e+11 2.95681e+08 2956.81 5.5793e+06
1e+11 2.96818e+08 2968.18 5.54301e+06
1e+11 2.9796e+08 2979.6 5.50693e+06
1e+11 2.99106e+08 2991.06 5.47107e+06
1e+11 3.00257e+08 3002.57 5.43542e+06
1e+11 3.01411e+08 3014.11 5.40003e+06
1e+11 3.02571e+08 3025.71 5.36481e+06
1e+11 3.03735e+08 3037.35 5.32982e+06
1e+11 3.04903e+08 3049.03 5.29506e+06
1e+11 3.06076e+08 3060.76 5.26049e+06
1e+11 3.07253e+08 3072.53 5.22616e+06
1e+11 3.08435e+08 3084.35 5.19202e+06
1e+11 3.09621e+08 3096.21 5.1581e+06
1e+11 3.10812e+08 3108.12 5.12438e+06
1e+11 3.12007e+08 3120.07 5.09089e+06
1e+11 3.13207e+08 3132.07 5.05758e+06
1e+11 3.14412e+08 3144.12 5.02448e+06
1e+11 3.15621e+08 3156.21 4.99159e+06
1e+11 3.16835e+08 3168.35 4.95889e+06
1e+11 3.18054e+08 3180.54 4.92639e+06
1e+11 3.19277e+08 3192.77 4.89411e+06
1e+11 3.20505e+08 3205.05 4.86201e+06
1e+11 3.21738e+08 3217.38 4.83011e+06
1e+11 3.22976e+08 3229.76 4.7984e+06
1e+11 3.24218e+08 3242.18 4.7669e+06
1e+11 3.25465e+08 3254.65 4.73558e+06
1e+11 3.26717e+08 3267.17 4.70446e+06
1e+11 3.27973e+08 3279.73 4.67355e+06
1e+11 3.29235e+08 3292.35 4.6428e+06
1e+11 3.30501e+08 3305.01 4.61226e+06
1e+11 3.31772e+08 3317.72 4.5819e+06
1e+11 3.33049e+08 3330.49 4.55171e+06
1e+11 3.3433e+08 3343.3 4.52172e+06
1e+11 3.35615e+08 3356.15 4.49194e+06
1e+11 3.36906e+08 3369.06 4.46232e+06
1e+11 3.38202e+08 3382.02 4.43288e+06
1e+11 3.39503e+08 3395.03 4.40363e+06
1e+11 3.40809e+08 3408.09 4.37455e+06
1e+11 3.4212e+08 3421.2 4.34565e+06
1e+11 3.43436e+08 3434.36 4.31694e+06
1e+11 3.44757e+08 3447.57 4.2884e+06
1e+11 3.46083e+08 3460.83 4.26004e+06
1e+11 3.47414e+08 3474.14 4.23185e+06
1e+11 3.4875e+08 3487.5 4.20385e+06
1e+11 3.50091e+08 3500.91 4.17602e+06
1e+11 3.51438e+08 3514.38 4.14834e+06
1e+11 3.5279e+08 3527.9 4.12084e+06
1e+11 3.54147e+08 3541.47 4.09352e+06
1e+11 3.55509e+08 3555.09 4.06636e+06
1e+11 3.56876e+08 3568.76 4.03939e+06
1e+11 3.58249e+08 3582.49 4.01256e+06
1e+11 3.59627e+08 3596.27 3.9859e+06
1e+11 3.6101e+08 3610.1 3.95942e+06
1e+11 3.62399e+08 3623.99 3.93309e+06
1e+11 3.63792e+08 3637.92 3.90694e+06
1e+11 3.65192e+08 3651.92 3.88093e+06
1e+11 3.66596e+08 3665.96 3.8551e+06
1e+11 3.68006e+08 3680.06 3.82943e+06
1e+11 3.69422e+08 3694.22 3.8039e+06
1e+11 3.70843e+08 3708.43 3.77854e+06
1e+11 3.72269e+08 3722.69 3.75335e+06
1e+11 3.73701e+08 3737.01 3.7283e+06
1e+11 3.75138e+08 3751.38 3.70342e+06
1e+11 3.76581e+08 3765.81 3.67868e+06
1e+11 3.7803e+08 3780.3 3.65409e+06
1e+11 3.79484e+08 3794.84 3.62966e+06
1e+11 3.80943e+08 3809.43 3.6054e+06
1e+11 3.82408e+08 3824.08 3.58128e+06
1e+11 3.83879e+08 3838.79 3.5573e+06
1e+11 3.85356e+08 3853.56 3.53347e+06
1e+11 3.86838e+08 3868.38 3.5098e+06
1e+11 3.88326e+08 3883.26 3.48627e+06
1e+11 3.8982e+08 3898.2 3.46288e+06
1e+11 3.91319e+08 3913.19 3.43965e+06
1e+11 3.92824e+08 3928.24 3.41656e+06
1e+11 3.94335e+08 3943.35 3.39361e+06
1e+11 3.95852e+08 3958.52 3.3708e+06
1e+11 3.97374e+08 3973.74 3.34815e+06
1e+11 3.98903e+08 3989.03 3.32562e+06
1e+11 4.00437e+08 4004.37 3.30325e+06
1e+11 4.01977e+08 4019.77 3.28101e+06
1e+11 4.03523e+08 4035.23 3.25891e+06
1e+11 4.05075e+08 4050.75 3.23695e+06
1e+11 4.06633e+08 4066.33 3.21513e+06
1e+11 4.08197e+08 4081.97 3.19344e+06
1e+11 4.09768e+08 4097.68 3.17188e+06
1e+11 4.11344e+08 4113.44 3.15046e+06
1e+11 4.12926e+08 4129.26 3.12918e+06
1e+11 4.14514e+08 4145.14 3.10803e+06
1e+11 4.16108e+08 4161.08 3.08702e+06
1e+11 4.17709e+08 4177.09 3.06613e+06
1e+11 4.19315e+08 4193.15 3.04538e+06
1e+11 4.20928e+08 4209.28 3.02476e+06
1e+11 4.22547e+08 4225.47 3.00426e+06
1e+11 4.24173e+08 4241.73 2.98389e+06
1e+11 4.25804e+08 4258.04 2.96366e+06
1e+11 4.27442e+08 4274.42 2.94354e+06
1e+11 4.29086e+08 4290.86 2.92356e+06
1e+11 4.30736e+08 4307.36 2.90371e+06
1e+11 4.32393e+08 4323.93 2.88397e+06
1e+11 4.34056e+08 4340.56 2.86436e+06
1e+11 4.35726e+08 4357.26 2.84487e+06
1e+11 4.37402e+08 4374.02 2.82551e+06
1e+11 4.39084e+08 4390.84 2.80627e+06
1e+11 4.40773e+08 4407.73 2.78715e+06
1e+11 4.42468e+08 4424.68 2.76815e+06
1e+11 4.4417e+08 4441.7 2.74927e+06
1e+11 4.45878e+08 4458.78 2.73052e+06
1e+11 4.47593e+08 4475.93 2.71187e+06
1e+11 4.49315e+08 4493.15 2.69334e+06
1e+11 4.51043e+08 4510.43 2.67494e+06
1e+11 4.52778e+08 4527.78 2.65664e+06
1e+11 4.54519e+08 4545.19 2.63847e+06
1e+11 4.56268e+08 4562.68 2.62041e+06
1e+11 4.58023e+08 4580.23 2.60246e+06
1e+11 4.59784e+08 4597.84 2.58463e+06
1e+11 4.61553e+08 4615.53 2.56691e+06
1e+11 4.63328e+08 4633.28 2.5493e+06
1e+11 4.6511e+08 4651.1 2.5318e+06
1e+11 4.66899e+08 4668.99 2.51442e+06
1e+11 4.68695e+08 4686.95 2.49714e+06
1e+11 4.70498e+08 4704.98 2.47997e+06
1e+11 4.72307e+08 4723.07 2.46292e+06
1e+11 4.74124e+08 4741.24 2.44597e+06
1e+11 4.75948e+08 4759.48 2.42912e+06
1e+11 4.77778e+08 4777.78 2.41239e+06
1e+11 4.79616e+08 4796.16 2.39576e+06
1e+11 4.81461e+08 4814.61 2.37924e+06
1e+11 4.83313e+08 4833.13 2.36282e+06
1e+11 4.85172e+08 4851.72 2.3465e+06
1e+11 4.87038e+08 4870.38 2.33029e+06
1e+11 4.88911e+08 4889.11 2.31419e+06
1e+11 4.90791e+08 4907.91 2.29819e+06
1e+11 4.92679e+08 4926.79 2.28228e+06
1e+11 4.94574e+08 4945.74 2.26648e+06
1e+11 4.96476e+08 4964.76 2.25078e+06
1e+11 4.98386e+08 4983.86 2.23518e+06
1e+11 5.00303e+08 5003.03 2.21968e+06
1e+11 5.02227e+08 5022.27 2.20428e+06
1e+11 5.04159e+08 5041.59 2.18897e+06
1e+11 5.06098e+08 5060.98 2.17377e+06
1e+11 5.08045e+08 5080.45 2.15866e+06
1e+11 5.09999e+08 5099.99 2.14364e+06
1e+11 5.1196e+08 5119.6 2.12873e+06
1e+11 5.1393e+08 5139.3 2.1139e+06
1e+11 5.15906e+08 5159.06 2.09918e+06
1e+11 5.17891e+08 5178.91 2.08455e+06
1e+11 5.19883e+08 5198.83 2.07001e+06
1e+11 5.21882e+08 5218.82 2.05557e+06
1e+11 5.2389e+08 5238.9 2.04121e+06
1e+11 5.25905e+08 5259.05 2.02695e+06
1e+11 5.27927e+08 5279.27 2.01278e+06
1e+11 5.29958e+08 5299.58 1.9987e+06
1e+11 5.31996e+08 5319.96 1.98472e+06
1e+11 5.34043e+08 5340.43 1.97081e+06
1e+11 5.36097e+08 5360.97 1.957e+06
1e+11 5.38159e+08 5381.59 1.94328e+06
1e+11 5.40229e+08 5402.29 1.92965e+06
1e+11 5.42306e+08 5423.06 1.91611e+06
1e+11 5.44392e+08 5443.92 1.90265e+06
1e+11 5.46486e+08 5464.86 1.88928e+06
1e+11 5.48588e+08 5485.88 1.87599e+06
1e+11 5.50698e+08 5506.98 1.8628e+06
1e+11 5.52816e+08 5528.16 1.84968e+06
1e+11 5.54943e+08 5549.43 1.83665e+06
1e+11 5.57077e+08 5570.77 1.8237e+06
1e+11 5.5922e+08 5592.2 1.81084e+06
1e+11 5.61371e+08 5613.71 1.79806e+06
1e+11 5.6353e+08 5635.3 1.78536e+06
1e+11 5.65697e+08 5656.97 1.77275e+06
1e+11 5.67873e+08 5678.73 1.76022e+06
1e+11 5.70057e+08 5700.57 1.74777e+06
1e+11 5.7225e+08 5722.5 1.73539e+06
1e+11 5.74451e+08 5744.51 1.7231e+06
1e+11 5.76661e+08 5766.61 1.71089e+06
1e+11 5.78879e+08 5788.79 1.69875e+06
1e+11 5.81105e+08 5811.05 1.6867e+06
1e+11 5.8334e+08 5833.4 1.67473e+06
1e+11 5.85584e+08 5855.84 1.66282e+06
1e+11 5.87836e+08 5878.36 1.651e+06
1e+11 5.90097e+08 5900.97 1.63926e+06
1e+11 5.92367e+08 5923.67 1.62759e+06
1e+11 5.94645e+08 5946.45 1.616e+06
1e+11 5.96933e+08 5969.33 1.60448e+06
1e+11 5.99229e+08 5992.29 1.59303e+06
1e+11 6.01533e+08 6015.33 1.58167e+06
1e+11 6.03847e+08 6038.47 1.57037e+06
1e+11 6.0617e+08 6061.7 1.55915e+06
1e+11 6.08501e+08 6085.01 1.54801e+06
1e+11 6.10842e+08 6108.42 1.53693e+06
1e+11 6.13191e+08 6131.91 1.52593e+06
1e+11 6.1555e+08 6155.5 1.51499e+06
1e+11 6.17917e+08 6179.17 1.50414e+06
1e+11 6.20294e+08 6202.94 1.49335e+06
1e+11 6.2268e+08 6226.8 1.48263e+06
1e+11 6.25075e+08 6250.75 1.47198e+06
1e+11 6.27479e+08 6274.79 1.4614e+06
1e+11 6.29892e+08 6298.92 1.45089e+06
1e+11 6.32315e+08 6323.15 1.44045e+06
1e+11 6.34747e+08 6347.47 1.43008e+06
1e+11 6.37189e+08 6371.89 1.41977e+06
1e+11 6.3964e+08 6396.4 1.40954e+06
1e+11 6.421e+08 6421 1.39937e+06
1e+11 6.4457e+08 6445.7 1.38926e+06
1e+11 6.47049e+08 6470.49 1.37923e+06
1e+11 6.49537e+08 6495.37 1.36926e+06
1e+11 6.52036e+08 6520.36 1.35935e+06
1e+11 6.54544e+08 6545.44 1.34951e+06
1e+11 6.57061e+08 6570.61 1.33974e+06
1e+11 6.59589e+08 6595.89 1.33002e+06
1e+11 6.62125e+08 6621.25 1.32038e+06
1e+11 6.64672e+08 6646.72 1.31079e+06
1e+11 6.67229e+08 6672.29 1.30127e+06
1e+11 6.69795e+08 6697.95 1.29181e+06
1e+11 6.72371e+08 6723.71 1.28242e+06
1e+11 6.74957e+08 6749.57 1.27308e+06
1e+11 6.77554e+08 6775.54 1.26381e+06
1e+11 6.8016e+08 6801.6 1.2546e+06
1e+11 6.82776e+08 6827.76 1.24545e+06
1e+11 6.85402e+08 6854.02 1.23636e+06
1e+11 6.88038e+08 6880.38 1.22733e+06
1e+11 6.90685e+08 6906.85 1.21836e+06
1e+11 6.93341e+08 6933.41 1.20945e+06
1e+11 6.96008e+08 6960.08 1.2006e+06
1e+11 6.98685e+08 6986.85 1.19181e+06
1e+11 7.01372e+08 7013.72 1.18307e+06
1e+11 7.0407e+08 7040.7 1.17439e+06
1e+11 7.06778e+08 7067.78 1.16578e+06
1e+11 7.09497e+08 7094.97 1.15721e+06
1e+11 7.12226e+08 7122.26 1.14871e+06
1e+11 7.14965e+08 7149.65 1.14026e+06
1e+11 7.17715e+08 7177.15 1.13187e+06
1e+11 7.20475e+08 7204.75 1.12353e+06
1e+11 7.23247e+08 7232.47 1.11525e+06
1e+11 7.26028e+08 7260.28 1.10703e+06
1e+11 7.28821e+08 7288.21 1.09886e+06
1e+11 7.31624e+08 7316.24 1.09074e+06
1e+11 7.34438e+08 7344.38 1.08268e+06
1e+11 7.37263e+08 7372.63 1.07467e+06
1e+11 7.40099e+08 7400.99 1.06671e+06
1e+11 7.42946e+08 7429.46 1.05881e+06
1e+11 7.45803e+08 7458.03 1.05096e+06
1e+11 7.48672e+08 7486.72 1.04317e+06
1e+11 7.51551e+08 7515.51 1.03542e+06
1e+11 7.54442e+08 7544.42 1.02773e+06
1e+11 7.57344e+08 7573.44 1.02009e+06
1e+11 7.60257e+08 7602.57 1.0125e+06
1e+11 7.63181e+08 7631.81 1.00496e+06
1e+11 7.66116e+08 7661.16 997476
1e+11 7.69063e+08 7690.63 990037
1e+11 7.72021e+08 7720.21 982650
1e+11 7.74991e+08 7749.91 975310
1e+11 7.77971e+08 7779.71 968024
1e+11 7.80964e+08 7809.64 960783
1e+11 7.83968e+08 7839.68 953591
1e+11 7.86983e+08 7869.83 946450
1e+11 7.9001e+08 7900.1 939356
1e+11 7.93049e+08 7930.49 932308
1e+11 7.96099e+08 7960.99 925310
1e+11 7.99161e+08 7991.61 918359
1e+11 8.02235e+08 8022.35 911454
1e+11 8.0532e+08 8053.2 904598
1e+11 8.08418e+08 8084.18 897785
1e+11 8.11527e+08 8115.27 891021
1e+11 8.14649e+08 8146.49 884300
1e+11 8.17782e+08 8177.82 877627
1e+11 8.20927e+08 8209.27 870999
1e+11 8.24085e+08 8240.85 864414
1e+11 8.27255e+08 8272.55 857875
1e+11 8.30437e+08 8304.37 851380
1e+11 8.33631e+08 8336.31 844930
1e+11 8.36837e+08 8368.37 838524
1e+11 8.40056e+08 8400.56 832160
1e+11 8.43287e+08 8432.87 825841
1e+11 8.4653e+08 8465.3 819565
1e+11 8.49786e+08 8497.86 813332
1e+11 8.53055e+08 8530.55 807140
1e+11 8.56336e+08 8563.36 800991
1e+11 8.5963e+08 8596.3 794883
1e+11 8.62936e+08 8629.36 788819
1e+11 8.66255e+08 8662.55 782795
1e+11 8.69587e+08 8695.87 776813
1e+11 8.72932e+08 8729.32 770870
1e+11 8.76289e+08 8762.89 764971
1e+11 8.7966e+08 8796.6 759109
1e+11 8.83043e+08 8830.43 753290
1e+11 8.8644e+08 8864.4 747509
1e+11 8.89849e+08 8898.49 741769
1e+11 8.93272e+08 8932.72 736067
1e+11 8.96708e+08 8967.08 730405
1e+11 9.00157e+08 9001.57 724782
1e+11 9.03619e+08 9036.19 719199
1e+11 9.07095e+08 9070.95 713652
1e+11 9.10583e+08 9105.83 708146
1e+11 9.14086e+08 9140.86 702676
1e+11 9.17602e+08 9176.02 697244
1e+11 9.21131e+08 9211.31 691850
1e+11 9.24674e+08 9246.74 686493
1e+11 9.28231e+08 9282.31 681173
1e+11 9.31801e+08 9318.01 675890
1e+11 9.35385e+08 9353.85 670644
1e+11 9.38983e+08 9389.83 665433
1e+11 9.42594e+08 9425.94 660260
1e+11 9.4622e+08 9462.2 655122
1e+11 9.49859e+08 9498.59 650020
1e+11 9.53513e+08 9535.13 644952
1e+11 9.5718e+08 9571.8 639921
1e+11 9.60862e+08 9608.62 634924
1e+11 9.64557e+08 9645.57 629964
1e+11 9.68267e+08 9682.67 625036
1e+11 9.71992e+08 9719.92 620142
1e+11 9.7573e+08 9757.3 615284
1e+11 9.79483e+08 9794.83 610460
1e+11 9.83251e+08 9832.51 605668
1e+11 9.87032e+08 9870.32 600911
1e+11 9.90829e+08 9908.29 596186
1e+11 9.9464e+08 9946.4 591495
1e+11 9.98466e+08 9984.66 586836
1e+11 1.00231e+09 10023.1 582206
1e+11 1.00616e+09 10061.6 577619
1e+11 1.01003e+09 10100.3 573058
1e+11 1.01392e+09 10139.2 568523
1e+11 1.01782e+09 10178.2 564026
1e+11 1.02173e+09 10217.3 559566
1e+11 1.02566e+09 10256.6 555132
1e+11 1.02961e+09 10296.1 550723
1e+11 1.03357e+09 10335.7 546352
1e+11 1.03754e+09 10375.4 542017
1e+11 1.04153e+09 10415.3 537707
1e+11 1.04554e+09 10455.4 533423
1e+11 1.04956e+09 10495.6 529175
1e+11 1.0536e+09 10536 524953
1e+11 1.05765e+09 10576.5 520766
1e+11 1.06172e+09 10617.2 516604
1e+11 1.0658e+09 10658 512477
1e+11 1.0699e+09 10699 508376
1e+11 1.07401e+09 10740.1 504309
1e+11 1.07815e+09 10781.5 500257
1e+11 1.08229e+09 10822.9 496249
1e+11 1.08646e+09 10864.6 492257
1e+11 1.09063e+09 10906.3 488308
1e+11 1.09483e+09 10948.3 484374
1e+11 1.09904e+09 10990.4 480474
1e+11 1.10327e+09 11032.7 476598
1e+11 1.10751e+09 11075.1 472756
1e+11 1.11177e+09 11117.7 468938
1e+11 1.11605e+09 11160.5 465144
1e+11 1.12034e+09 11203.4 461382
1e+11 1.12465e+09 11246.5 457645
1e+11 1.12897e+09 11289.7 453940
1e+11 1.13332e+09 11333.2 450251
1e+11 1.13768e+09 11376.8 446593
1e+11 1.14205e+09 11420.5 442967
1e+11 1.14644e+09 11464.4 439365
1e+11 1.15085e+09 11508.5 435787
1e+11 1.15528e+09 11552.8 432231
1e+11 1.15972e+09 11597.2 428707
1e+11 1.16419e+09 11641.9 425198
1e+11 1.16866e+09 11686.6 421728
1e+11 1.17316e+09 11731.6 418273
1e+11 1.17767e+09 11776.7 414849
1e+11 1.1822e+09 11822 411447
1e+11 1.18675e+09 11867.5 408068
1e+11 1.19131e+09 11913.1 404720
1e+11 1.19589e+09 11958.9 401393
1e+11 1.20049e+09 12004.9 398089
1e+11 1.20511e+09 12051.1 394808
1e+11 1.20975e+09 12097.5 391549
1e+11 1.2144e+09 12144 388319
1e+11 1.21907e+09 12190.7 385111
1e+11 1.22376e+09 12237.6 381925
1e+11 1.22847e+09 12284.7 378761
1e+11 1.23319e+09 12331.9 375625
1e+11 1.23793e+09 12379.3 372511
1e+11 1.2427e+09 12427 369413
1e+11 1.24748e+09 12474.8 366342
1e+11 1.25227e+09 12522.7 363299
1e+11 1.25709e+09 12570.9 360271
1e+11 1.26193e+09 12619.3 357265
1e+11 1.26678e+09 12667.8 354286
1e+11 1.27165e+09 12716.5 351328
1e+11 1.27654e+09 12765.4 348391
1e+11 1.28145e+09 12814.5 345475
1e+11 1.28638e+09 12863.8 342580
1e+11 1.29133e+09 12913.3 339705
1e+11 1.2963e+09 12963 336852
1e+11 1.30128e+09 13012.8 334024
1e+11 1.30629e+09 13062.9 331211
1e+11 1.31131e+09 13113.1 328425
1e+11 1.31636e+09 13163.6 325653
1e+11 1.32142e+09 13214.2 322906
1e+11 1.3265e+09 13265 320180
1e+11 1.3316e+09 13316 317474
1e+11 1.33672e+09 13367.2 314788
1e+11 1.34187e+09 13418.7 312116
1e+11 1.34703e+09 13470.3 309470
1e+11 1.35221e+09 13522.1 306842
1e+11 1.35741e+09 13574.1 304235
1e+11 1.36263e+09 13626.3 301647
1e+11 1.36787e+09 13678.7 299078
1e+11 1.37313e+09 13731.3 296529
1e+11 1.37841e+09 13784.1 293999
1e+11 1.38372e+09 13837.2 291483
1e+11 1.38904e+09 13890.4 288991
1e+11 1.39438e+09 13943.8 286518
1e+11 1.39974e+09 13997.4 284064
1e+11 1.40513e+09 14051.3 281624
1e+11 1.41053e+09 14105.3 279207
1e+11 1.41596e+09 14159.6 276804
1e+11 1.4214e+09 14214 274424
1e+11 1.42687e+09 14268.7 272058
1e+11 1.43236e+09 14323.6 269711
1e+11 1.43787e+09 14378.7 267382
1e+11 1.4434e+09 14434 265070
1e+11 1.44895e+09 14489.5 262777
1e+11 1.45452e+09 14545.2 260502
1e+11 1.46012e+09 14601.2 258241
1e+11 1.46573e+09 14657.3 256001
1e+11 1.47137e+09 14713.7 253775
1e+11 1.47703e+09 14770.3 251567
1e+11 1.48271e+09 14827.1 249376
1e+11 1.48842e+09 14884.2 247199
1e+11 1.49414e+09 14941.4 245043
1e+11 1.49989e+09 14998.9 242901
1e+11 1.50566e+09 15056.6 240775
1e+11 1.51145e+09 15114.5 238667
1e+11 1.51726e+09 15172.6 236576
1e+11 1.5231e+09 15231 234498
1e+11 1.52896e+09 15289.6 232436
1e+11 1.53484e+09 15348.4 230392
1e+11 1.54074e+09 15407.4 228364
1e+11 1.54667e+09 15466.7 226349
1e+11 1.55261e+09 15526.1 224354
1e+11 1.55859e+09 15585.9 222369
1e+11 1.56458e+09 15645.8 220404
1e+11 1.5706e+09 15706 218451
1e+11 1.57664e+09 15766.4 216514
1e+11 1.5827e+09 15827 214594
1e+11 1.58879e+09 15887.9 212686
1e+11 1.5949e+09 15949 210794
1e+11 1.60104e+09 16010.4 208915
1e+11 1.6072e+09 16072 207052
1e+11 1.61338e+09 16133.8 205204
1e+11 1.61958e+09 16195.8 203372
1e+11 1.62581e+09 16258.1 201552
1e+11 1.63207e+09 16320.7 199745
1e+11 1.63834e+09 16383.4 197955
1e+11 1.64464e+09 16446.4 196178
1e+11 1.65097e+09 16509.7 194414
1e+11 1.65732e+09 16573.2 192664
1e+11 1.66369e+09 16636.9 190930
1e+11 1.67009e+09 16700.9 189207
1e+11 1.67652e+09 16765.2 187497
1e+11 1.68297e+09 16829.7 185801
1e+11 1.68944e+09 16894.4 184120
1e+11 1.69594e+09 16959.4 182451
1e+11 1.70246e+09 17024.6 180797
1e+11 1.70901e+09 17090.1 179154
1e+11 1.71558e+09 17155.8 177526
1e+11 1.72218e+09 17221.8 175909
1e+11 1.7288e+09 17288 174306
1e+11 1.73545e+09 17354.5 172715
1e+11 1.74213e+09 17421.3 171136
1e+11 1.74883e+09 17488.3 169570
1e+11 1.75556e+09 17555.6 168016
1e+11 1.76231e+09 17623.1 166476
1e+11 1.76909e+09 17690.9 164947
1e+11 1.77589e+09 17758.9 163432
1e+11 1.78272e+09 17827.2 161928
1e+11 1.78958e+09 17895.8 160435
1e+11 1.79646e+09 17964.6 158956
1e+11 1.80337e+09 18033.7 157487
1e+11 1.81031e+09 18103.1 156030
1e+11 1.81727e+09 18172.7 154586
1e+11 1.82426e+09 18242.6 153153
1e+11 1.83128e+09 18312.8 151731
1e+11 1.83832e+09 18383.2 150321
1e+11 1.84539e+09 18453.9 148923
1e+11 1.85249e+09 18524.9 147535
1e+11 1.85962e+09 18596.2 146158
1e+11 1.86677e+09 18667.7 144793
1e+11 1.87395e+09 18739.5 143439
1e+11 1.88116e+09 18811.6 142096
1e+11 1.88839e+09 18883.9 140765
1e+11 1.89565e+09 18956.5 139444
1e+11 1.90295e+09 19029.5 138132
1e+11 1.91027e+09 19102.7 136832
1e+11 1.91761e+09 19176.1 135545
1e+11 1.92499e+09 19249.9 134265
1e+11 1.93239e+09 19323.9 132998
1e+11 1.93983e+09 19398.3 131739
1e+11 1.94729e+09 19472.9 130492
1e+11 1.95478e+09 19547.8 129255
1e+11 1.96229e+09 19622.9 128029
1e+11 1.96984e+09 19698.4 126812
1e+11 1.97742e+09 19774.2 125605
1e+11 1.98502e+09 19850.2 124409
1e+11 1.99266e+09 19926.6 123221
1e+11 2.00032e+09 20003.2 122044
1e+11 2.00802e+09 20080.2 120876
1e+11 2.01574e+09 20157.4 119719
1e+11 2.02349e+09 20234.9 118571
1e+11 2.03128e+09 20312.8 117432
1e+11 2.03909e+09 20390.9 116303
1e+11 2.04693e+09 20469.3 115184
1e+11 2.05481e+09 20548.1 114073
1e+11 2.06271e+09 20627.1 112972
1e+11 2.07064e+09 20706.4 111881
1e+11 2.07861e+09 20786.1 110797
1e+11 2.0866e+09 20866 109724
1e+11 2.09463e+09 20946.3 108659
1e+11 2.10269e+09 21026.9 107603
1e+11 2.11077e+09 21107.7 106557
1e+11 2.11889e+09 21188.9 105519
1e+11 2.12704e+09 21270.4 104490
1e+11 2.13522e+09 21352.2 103469
1e+11 2.14344e+09 21434.4 102457
1e+11 2.15168e+09 21516.8 101454
1e+11 2.15996e+09 21599.6 100458
1e+11 2.16826e+09 21682.6 99473
1e+11 2.1766e+09 21766 98495
1e+11 2.18498e+09 21849.8 97524.4
1e+11 2.19338e+09 21933.8 96563.4
1e+11 2.20182e+09 22018.2 95609.8
1e+11 2.21028e+09 22102.8 94665.7
1e+11 2.21879e+09 22187.9 93727.7
1e+11 2.22732e+09 22273.2 92799.2
1e+11 2.23589e+09 22358.9 91877.8
1e+11 2.24449e+09 22444.9 90964.7
1e+11 2.25312e+09 22531.2 90059.8
1e+11 2.26179e+09 22617.9 89161.9
1e+11 2.27049e+09 22704.9 88272.1
1e+11 2.27922e+09 22792.2 87390.3
1e+11 2.28798e+09 22879.8 86516.5
1e+11 2.29679e+09 22967.9 85648.7
1e+11 2.30562e+09 23056.2 84789.7
1e+11 2.31449e+09 23144.9 83937.6
1e+11 2.32339e+09 23233.9 83093.3
1e+11 2.33233e+09 23323.3 82255.7
1e+11 2.3413e+09 23413 81425.9
1e+11 2.3503e+09 23503 80603.7
1e+11 2.35934e+09 23593.4 79788.2
1e+11 2.36842e+09 23684.2 78979.4
1e+11 2.37753e+09 23775.3 78178.1
1e+11 2.38667e+09 23866.7 77384.2
1e+11 2.39585e+09 23958.5 76596.9
1e+11 2.40507e+09 24050.7 75816.1
1e+11 2.41432e+09 24143.2 75042.7
1e+11 2.4236e+09 24236 74276.5
1e+11 2.43292e+09 24329.2 73516.7
1e+11 2.44228e+09 24422.8 72763.3
1e+11 2.45168e+09 24516.8 72016.2
1e+11 2.46111e+09 24611.1 71276.2
1e+11 2.47057e+09 24705.7 70543.3
1e+11 2.48008e+09 24800.8 69815.9
1e+11 2.48961e+09 24896.1 69096.1
1e+11 2.49919e+09 24991.9 68381.8
1e+11 2.5088e+09 25088 67674.4
1e+11 2.51845e+09 25184.5 66973
1e+11 2.52814e+09 25281.4 66277.7
1e+11 2.53786e+09 25378.6 65589.2
1e+11 2.54762e+09 25476.2 64906.6
1e+11 2.55742e+09 25574.2 64230.1
1e+11 2.56726e+09 25672.6 63559.4
1e+11 2.57713e+09 25771.3 62895.3
1e+11 2.58705e+09 25870.5 62236.4
1e+11 2.597e+09 25970 61583.9
1e+11 2.60699e+09 26069.9 60937.3
1e+11 2.61701e+09 26170.1 60297
1e+11 2.62708e+09 26270.8 59661.9
1e+11 2.63718e+09 26371.8 59033
1e+11 2.64733e+09 26473.3 58409.2
1e+11 2.65751e+09 26575.1 57791.6
1e+11 2.66773e+09 26677.3 57179.5
1e+11 2.67799e+09 26779.9 56573.1
1e+11 2.68829e+09 26882.9 55972.1
1e+11 2.69863e+09 26986.3 55376.6
1e+11 2.70901e+09 27090.1 54786.6
1e+11 2.71943e+09 27194.3 54202
1e+11 2.72989e+09 27298.9 53622.7
1e+11 2.74039e+09 27403.9 53048.8
1e+11 2.75093e+09 27509.3 52480.3
1e+11 2.76151e+09 27615.1 51917
1e+11 2.77213e+09 27721.3 51358.9
1e+11 2.7828e+09 27828 50805.5
1e+11 2.7935e+09 27935 50257.9
1e+11 2.80424e+09 28042.4 49715.4
1e+11 2.81503e+09 28150.3 49177.5
1e+11 2.82586e+09 28258.6 48644.6
1e+11 2.83673e+09 28367.3 48116.9
1e+11 2.84764e+09 28476.4 47594.1
1e+11 2.85859e+09 28585.9 47076.4
1e+11 2.86959e+09 28695.9 46563.1
1e+11 2.88062e+09 28806.2 46055.2
1e+11 2.8917e+09 28917 45551.7
1e+11 2.90283e+09 29028.3 45052.7
1e+11 2.91399e+09 29139.9 44558.9
1e+11 2.9252e+09 29252 44069.5
1e+11 2.93645e+09 29364.5 43584.8
1e+11 2.94774e+09 29477.4 43104.9
1e+11 2.95908e+09 29590.8 42629.2
1e+11 2.97046e+09 29704.6 42158.2
1e+11 2.98189e+09 29818.9 41691.5
1e+11 2.99336e+09 29933.6 41229.3
1e+11 3.00487e+09 30048.7 40771.7
1e+11 3.01643e+09 30164.3 40318.3
1e+11 3.02803e+09 30280.3 39869.4
1e+11 3.03968e+09 30396.8 39424.6
1e+11 3.05137e+09 30513.7 38984.2
1e+11 3.06311e+09 30631.1 38547.9
1e+11 3.07489e+09 30748.9 38115.9
1e+11 3.08671e+09 30867.1 37688.4
1e+11 3.09859e+09 30985.9 37264.4
1e+11 3.11051e+09 31105.1 36844.7
1e+11 3.12247e+09 31224.7 36429.3
1e+11 3.13448e+09 31344.8 36017.9
1e+11 3.14654e+09 31465.4 35610.2
1e+11 3.15864e+09 31586.4 35206.8
1e+11 3.17079e+09 31707.9 34807.2
1e+11 3.18298e+09 31829.8 34411.7
1e+11 3.19523e+09 31952.3 34019.6
1e+11 3.20752e+09 32075.2 33631.6
1e+11 3.21985e+09 32198.5 33247.7
1e+11 3.23224e+09 32322.4 32867.1
1e+11 3.24467e+09 32446.7 32490.6
1e+11 3.25715e+09 32571.5 32117.6
1e+11 3.26968e+09 32696.8 31748.3
1e+11 3.28225e+09 32822.5 31382.9
1e+11 3.29488e+09 32948.8 31020.8
1e+11 3.30755e+09 33075.5 30662.5
1e+11 3.32027e+09 33202.7 30307.7
1e+11 3.33304e+09 33330.4 29956.5
1e+11 3.34586e+09 33458.6 29608.7
1e+11 3.35873e+09 33587.3 29264.3
1e+11 3.37165e+09 33716.5 28923.5
1e+11 3.38462e+09 33846.2 28586
1e+11 3.39764e+09 33976.4 28251.9
1e+11 3.41071e+09 34107.1 27921.1
1e+11 3.42382e+09 34238.2 27594
1e+11 3.43699e+09 34369.9 27269.9
1e+11 3.45021e+09 34502.1 26949.1
1e+11 3.46348e+09 34634.8 26631.6
1e+11 3.47681e+09 34768.1 26317
1e+11 3.49018e+09 34901.8 26006
1e+11 3.5036e+09 35036 25698.1
1e+11 3.51708e+09 35170.8 25393.2
1e+11 3.53061e+09 35306.1 25091.4
1e+11 3.54419e+09 35441.9 24792.8
1e+11 3.55782e+09 35578.2 24497.2
1e+11 3.5715e+09 35715 24204.8
1e+11 3.58524e+09 35852.4 23915.2
1e+11 3.59903e+09 35990.3 23628.6
1e+11 3.61287e+09 36128.7 23345.1
1e+11 3.62677e+09 36267.7 23064.3
1e+11 3.64072e+09 36407.2 22786.6
1e+11 3.65472e+09 36547.2 22511.7
1e+11 3.66878e+09 36687.8 22239.6
1e+11 3.68289e+09 36828.9 21970.5
1e+11 3.69706e+09 36970.6 21704
1e+11 3.71128e+09 37112.8 21440.3
1e+11 3.72555e+09 37255.5 21179.6
1e+11 3.73988e+09 37398.8 20921.4
1e+11 3.75426e+09 37542.6 20666.1
1e+11 3.7687e+09 37687 20413.3
1e+11 3.7832e+09 37832 20163.2
1e+11 3.79775e+09 37977.5 19915.7
1e+11 3.81236e+09 38123.6 19670.9
1e+11 3.82702e+09 38270.2 19428.7
1e+11 3.84174e+09 38417.4 19189
1e+11 3.85652e+09 38565.2 18951.8
1e+11 3.87135e+09 38713.5 18717.2
1e+11 3.88624e+09 38862.4 18485.1
1e+11 3.90119e+09 39011.9 18255.5
1e+11 3.91619e+09 39161.9 18028.4
1e+11 3.93126e+09 39312.6 17803.5
1e+11 3.94638e+09 39463.8 17581.2
1e+11 3.96156e+09 39615.6 17361.2
1e+11 3.97679e+09 39767.9 17143.8
1e+11 3.99209e+09 39920.9 16928.5
1e+11 4.00745e+09 40074.5 16715.5
1e+11 4.02286e+09 40228.6 16505
1e+11 4.03833e+09 40383.3 16296.7
1e+11 4.05387e+09 40538.7 16090.6
1e+11 4.06946e+09 40694.6 15886.8
1e+11 4.08511e+09 40851.1 15685.2
1e+11 4.10082e+09 41008.2 15485.9
1e+11 4.1166e+09 41166 15288.6
1e+11 4.13243e+09 41324.3 15093.6
1e+11 4.14832e+09 41483.2 14900.8
1e+11 4.16428e+09 41642.8 14710
1e+11 4.1803e+09 41803 14521.3
1e+11 4.19638e+09 41963.8 14334.7
1e+11 4.21252e+09 42125.2 14150.1
1e+11 4.22872e+09 42287.2 13967.7
1e+11 4.24498e+09 42449.8 13787.3
1e+11 4.26131e+09 42613.1 13608.9
1e+11 4.2777e+09 42777 13432.4
1e+11 4.29415e+09 42941.5 13258
1e+11 4.31067e+09 43106.7 13085.4
1e+11 4.32725e+09 43272.5 12914.8
1e+11 4.34389e+09 43438.9 12746.2
1e+11 4.3606e+09 43606 12579.4
1e+11 4.37737e+09 43773.7 12414.5
1e+11 4.39421e+09 43942.1 12251.5
1e+11 4.41111e+09 44111.1 12090.3
1e+11 4.42808e+09 44280.8 11930.9
1e+11 4.44511e+09 44451.1 11773.4
1e+11 4.46221e+09 44622.1 11617.6
1e+11 4.47937e+09 44793.7 11463.6
1e+11 4.4966e+09 44966 11311.4
1e+11 4.5139e+09 45139 11160.9
1e+11 4.53126e+09 45312.6 11012.1
1e+11 4.54869e+09 45486.9 10865.1
1e+11 4.56618e+09 45661.8 10719.8
1e+11 4.58374e+09 45837.4 10576.1
1e+11 4.60138e+09 46013.8 10434
1e+11 4.61907e+09 46190.7 10293.7
1e+11 4.63684e+09 46368.4 10154.9
1e+11 4.65467e+09 46546.7 10017.9
1e+11 4.67258e+09 46725.8 9882.27
1e+11 4.69055e+09 46905.5 9748.34
1e+11 4.70859e+09 47085.9 9615.96
1e+11 4.7267e+09 47267 9485.13
1e+11 4.74488e+09 47448.8 9355.84
1e+11 4.76313e+09 47631.3 9228.06
1e+11 4.78145e+09 47814.5 9101.8
1e+11 4.79984e+09 47998.4 8977.02
1e+11 4.81831e+09 48183.1 8853.66
1e+11 4.83684e+09 48368.4 8731.83
1e+11 4.85544e+09 48554.4 8611.46
1e+11 4.87412e+09 48741.2 8492.47
1e+11 4.89286e+09 48928.6 8374.97
1e+11 4.91168e+09 49116.8 8258.83
1e+11 4.93058e+09 49305.8 8144.03
1e+11 4.94954e+09 49495.4 8030.68
1e+11 4.96858e+09 49685.8 7918.66
1e+11 4.98769e+09 49876.9 7808
1e+11 5.00687e+09 50068.7 7698.7
1e+11 5.02613e+09 50261.3 7590.68
1e+11 5.04546e+09 50454.6 7483.99
1e+11 5.06487e+09 50648.7 7378.57
1e+11 5.08435e+09 50843.5 7274.46
1e+11 5.10391e+09 51039.1 7171.59
1e+11 5.12354e+09 51235.4 7070
1e+11 5.14324e+09 51432.4 6969.69
1e+11 5.16303e+09 51630.3 6870.53
1e+11 5.18288e+09 51828.8 6772.67
1e+11 5.20282e+09 52028.2 6675.95
1e+11 5.22283e+09 52228.3 6580.46
1e+11 5.24292e+09 52429.2 6486.13
1e+11 5.26309e+09 52630.9 6392.96
1e+11 5.28333e+09 52833.3 6300.98
1e+11 5.30365e+09 53036.5 6210.13
1e+11 5.32405e+09 53240.5 6120.41
1e+11 5.34453e+09 53445.3 6031.8
1e+11 5.36508e+09 53650.8 5944.34
1e+11 5.38572e+09 53857.2 5857.93
1e+11 5.40643e+09 54064.3 5772.65
1e+11 5.42723e+09 54272.3 5688.39
1e+11 5.4481e+09 54481 5605.24
1e+11 5.46906e+09 54690.6 5523.11
1e+11 5.4901e+09 54901 5442.02
1e+11 5.51121e+09 55112.1 5362
1e+11 5.53241e+09 55324.1 5282.96
1e+11 5.55369e+09 55536.9 5204.94
1e+11 5.57505e+09 55750.5 5127.92
1e+11 5.59649e+09 55964.9 5051.9
1e+11 5.61802e+09 56180.2 4976.83
1e+11 5.63963e+09 56396.3 4902.73
1e+11 5.66132e+09 56613.2 4829.6
1e+11 5.68309e+09 56830.9 4757.42
1e+11 5.70495e+09 57049.5 4686.16
1e+11 5.7269e+09 57269 4615.8
1e+11 5.74892e+09 57489.2 4546.41
1e+11 5.77104e+09 57710.4 4477.87
1e+11 5.79323e+09 57932.3 4410.27
1e+11 5.81552e+09 58155.2 4343.51
1e+11 5.83788e+09 58378.8 4277.68
1e+11 5.86034e+09 58603.4 4212.67
1e+11 5.88288e+09 58828.8 4148.53
1e+11 5.90551e+09 59055.1 4085.23
1e+11 5.92822e+09 59282.2 4022.79
1e+11 5.95102e+09 59510.2 3961.16
1e+11 5.97391e+09 59739.1 3900.35
1e+11 5.99689e+09 59968.9 3840.35
1e+11 6.01995e+09 60199.5 3781.16
1e+11 6.04311e+09 60431.1 3722.74
1e+11 6.06635e+09 60663.5 3665.13
1e+11 6.08969e+09 60896.9 3608.26
1e+11 6.11311e+09 61131.1 3552.18
1e+11 6.13662e+09 61366.2 3496.86
1e+11 6.16022e+09 61602.2 3442.29
1e+11 6.18392e+09 61839.2 3388.43
1e+11 6.2077e+09 62077 3335.33
1e+11 6.23158e+09 62315.8 3282.94
1e+11 6.25555e+09 62555.5 3231.26
1e+11 6.27961e+09 62796.1 3180.3
1e+11 6.30376e+09 63037.6 3130.04
1e+11 6.32801e+09 63280.1 3080.45
1e+11 6.35235e+09 63523.5 3031.55
1e+11 6.37678e+09 63767.8 2983.34
1e+11 6.40131e+09 64013.1 2935.78
1e+11 6.42593e+09 64259.3 2888.88
1e+11 6.45065e+09 64506.5 2842.63
1e+11 6.47546e+09 64754.6 2797.03
1e+11 6.50036e+09 65003.6 2752.08
1e+11 6.52537e+09 65253.7 2707.73
1e+11 6.55046e+09 65504.6 2664.03
1e+11 6.57566e+09 65756.6 2620.91
1e+11 6.60095e+09 66009.5 2578.42
1e+11 6.62634e+09 66263.4 2536.52
1e+11 6.65183e+09 66518.3 2495.22
1e+11 6.67741e+09 66774.1 2454.5
1e+11 6.7031e+09 67031 2414.35
1e+11 6.72888e+09 67288.8 2374.79
1e+11 6.75476e+09 67547.6 2335.78
1e+11 6.78074e+09 67807.4 2297.34
1e+11 6.80682e+09 68068.2 2259.44
1e+11 6.833e+09 68330 2222.09
1e+11 6.85928e+09 68592.8 2185.28
1e+11 6.88567e+09 68856.7 2148.99
1e+11 6.91215e+09 69121.5 2113.24
1e+11 6.93874e+09 69387.4 2077.99
1e+11 6.96543e+09 69654.3 2043.26
1e+11 6.99222e+09 69922.2 2009.04
1e+11 7.01911e+09 70191.1 1975.33
1e+11 7.04611e+09 70461.1 1942.1
1e+11 7.07321e+09 70732.1 1909.36
1e+11 7.10042e+09 71004.2 1877.09
1e+11 7.12773e+09 71277.3 1845.31
1e+11 7.15514e+09 71551.4 1814
1e+11 7.18266e+09 71826.6 1783.15
1e+11 7.21029e+09 72102.9 1752.75
1e+11 7.23802e+09 72380.2 1722.81
1e+11 7.26586e+09 72658.6 1693.31
1e+11 7.29381e+09 72938.1 1664.26
1e+11 7.32186e+09 73218.6 1635.64
1e+11 7.35002e+09 73500.2 1607.45
1e+11 7.37829e+09 73782.9 1579.69
1e+11 7.40667e+09 74066.7 1552.34
1e+11 7.43516e+09 74351.6 1525.41
1e+11 7.46376e+09 74637.6 1498.88
1e+11 7.49247e+09 74924.7 1472.76
1e+11 7.52129e+09 75212.9 1447.03
1e+11 7.55022e+09 75502.2 1421.7
1e+11 7.57926e+09 75792.6 1396.75
1e+11 7.60841e+09 76084.1 1372.19
1e+11 7.63767e+09 76376.7 1348.01
1e+11 7.66705e+09 76670.5 1324.2
1e+11 7.69654e+09 76965.4 1300.76
1e+11 7.72614e+09 77261.4 1277.68
1e+11 7.75586e+09 77558.6 1254.96
1e+11 7.78569e+09 77856.9 1232.59
1e+11 7.81564e+09 78156.4 1210.57
1e+11 7.8457e+09 78457 1188.89
1e+11 7.87587e+09 78758.7 1167.56
1e+11 7.90617e+09 79061.7 1146.56
1e+11 7.93658e+09 79365.8 1125.89
1e+11 7.9671e+09 79671 1105.55
1e+11 7.99775e+09 79977.5 1085.52
1e+11 8.02851e+09 80285.1 1065.82
1e+11 8.05939e+09 80593.9 1046.43
1e+11 8.09039e+09 80903.9 1027.35
1e+11 8.12151e+09 81215.1 1008.57
1e+11 8.15274e+09 81527.4 990.101
1e+11 8.1841e+09 81841 971.921
1e+11 8.21558e+09 82155.8 954.035
1e+11 8.24718e+09 82471.8 936.437
1e+11 8.2789e+09 82789 919.125
1e+11 8.31074e+09 83107.4 902.095
1e+11 8.34271e+09 83427.1 885.338
1e+11 8.3748e+09 83748 868.856
1e+11 8.40701e+09 84070.1 852.645
1e+11 8.43935e+09 84393.5 836.696
1e+11 8.47181e+09 84718.1 821.011
1e+11 8.50439e+09 85043.9 805.587
1e+11 8.5371e+09 85371 790.415
1e+11 8.56994e+09 85699.4 775.492
1e+11 8.6029e+09 86029 760.82
1e+11 8.63599e+09 86359.9 746.39
1e+11 8.66921e+09 86692.1 732.2
1e+11 8.70255e+09 87025.5 718.249
1e+11 8.73602e+09 87360.2 704.532
1e+11 8.76962e+09 87696.2 691.045
1e+11 8.80336e+09 88033.6 677.78
1e+11 8.83722e+09 88372.2 664.744
1e+11 8.87121e+09 88712.1 651.928
1e+11 8.90533e+09 89053.3 639.329
1e+11 8.93958e+09 89395.8 626.945
1e+11 8.97396e+09 89739.6 614.774
1e+11 9.00848e+09 90084.8 602.807
1e+11 9.04313e+09 90431.3 591.046
1e+11 9.07791e+09 90779.1 579.489
1e+11 9.11283e+09 91128.3 568.129
1e+11 9.14788e+09 91478.8 556.966
1e+11 9.18307e+09 91830.7 545.995
1e+11 9.21839e+09 92183.9 535.216
1e+11 9.25384e+09 92538.4 524.626
1e+11 9.28944e+09 92894.4 514.217
1e+11 9.32517e+09 93251.7 503.992
1e+11 9.36103e+09 93610.3 493.948
1e+11 9.39704e+09 93970.4 484.078
1e+11 9.43318e+09 94331.8 474.384
1e+11 9.46946e+09 94694.6 464.861
1e+11 9.50589e+09 95058.9 455.504
1e+11 9.54245e+09 95424.5 446.315
1e+11 9.57915e+09 95791.5 437.291
1e+11 9.616e+09 96160 428.425
1e+11 9.65298e+09 96529.8 419.721
1e+11 9.69011e+09 96901.1 411.172
1e+11 9.72738e+09 97273.8 402.777
1e+11 9.7648e+09 97648 394.532
1e+11 9.80236e+09 98023.6 386.436
1e+11 9.84006e+09 98400.6 378.489
1e+11 9.87791e+09 98779.1 370.685
1e+11 9.9159e+09 99159 363.025
1e+11 9.95404e+09 99540.4 355.503
1e+11 9.99233e+09 99923.3 348.119
1e+11 1.00308e+10 100308 340.865
1e+11 1.00693e+10 100693 333.765
1e+11 1.01081e+10 101081 326.77
1e+11 1.01469e+10 101469 319.93
1e+11 1.0186e+10 101860 313.192
1e+11 1.02252e+10 102252 306.587
1e+11 1.02645e+10 102645 300.114
1e+11 1.0304e+10 103040 293.755
1e+11 1.03436e+10 103436 287.522
1e+11 1.03834e+10 103834 281.4
1e+11 1.04233e+10 104233 275.401
1e+11 1.04634e+10 104634 269.509
1e+11 1.05037e+10 105037 263.722
1e+11 1.05441e+10 105441 258.053
1e+11 1.05846e+10 105846 252.499
1e+11 1.06253e+10 106253 247.046
1e+11 1.06662e+10 106662 241.692
1e+11 1.07072e+10 107072 236.448
1e+11 1.07484e+10 107484 231.299
1e+11 1.07897e+10 107897 226.257
1e+11 1.08312e+10 108312 221.308
1e+11 1.08729e+10 108729 216.451
1e+11 1.09147e+10 109147 211.695
1e+11 1.09567e+10 109567 207.027
1e+11 1.09988e+10 109988 202.458
1e+11 1.10412e+10 110412 197.963
1e+11 1.10836e+10 110836 193.574
1e+11 1.11262e+10 111262 189.268
1e+11 1.1169e+10 111690 185.044
1e+11 1.1212e+10 112120 180.9
1e+11 1.12551e+10 112551 176.845
1e+11 1.12984e+10 112984 172.867
1e+11 1.13419e+10 113419 168.966
1e+11 1.13855e+10 113855 165.149
1e+11 1.14293e+10 114293 161.407
1e+11 1.14733e+10 114733 157.737
1e+11 1.15174e+10 115174 154.147
1e+11 1.15617e+10 115617 150.628
1e+11 1.16062e+10 116062 147.177
1e+11 1.16508e+10 116508 143.803
1e+11 1.16956e+10 116956 140.495
1e+11 1.17406e+10 117406 137.254
1e+11 1.17857e+10 117857 134.084
1e+11 1.18311e+10 118311 130.971
1e+11 1.18766e+10 118766 127.927
1e+11 1.19223e+10 119223 124.945
1e+11 1.19681e+10 119681 122.029
1e+11 1.20142e+10 120142 119.167
1e+11 1.20604e+10 120604 116.369
1e+11 1.21068e+10 121068 113.628
1e+11 1.21533e+10 121533 110.95
1e+11 1.22001e+10 122001 108.322
1e+11 1.2247e+10 122470 105.753
1e+11 1.22941e+10 122941 103.238
1e+11 1.23414e+10 123414 100.775
1e+11 1.23889e+10 123889 98.3635
1e+11 1.24365e+10 124365 96.008
1e+11 1.24843e+10 124843 93.7021
1e+11 1.25324e+10 125324 91.4403
1e+11 1.25806e+10 125806 89.2312
1e+11 1.26289e+10 126289 87.0737
1e+11 1.26775e+10 126775 84.958
1e+11 1.27263e+10 127263 82.8877
1e+11 1.27752e+10 127752 80.8662
1e+11 1.28244e+10 128244 78.8843
1e+11 1.28737e+10 128737 76.9495
1e+11 1.29232e+10 129232 75.0567
1e+11 1.29729e+10 129729 73.2054
1e+11 1.30228e+10 130228 71.3946
1e+11 1.30729e+10 130729 69.6237
1e+11 1.31232e+10 131232 67.892
1e+11 1.31737e+10 131737 66.1986
1e+11 1.32243e+10 132243 64.5462
1e+11 1.32752e+10 132752 62.9275
1e+11 1.33263e+10 133263 61.3451
1e+11 1.33775e+10 133775 59.8012
1e+11 1.3429e+10 134290 58.2893
1e+11 1.34806e+10 134806 56.8144
1e+11 1.35325e+10 135325 55.3703
1e+11 1.35845e+10 135845 53.9618
1e+11 1.36368e+10 136368 52.5829
1e+11 1.36892e+10 136892 51.2382
1e+11 1.37419e+10 137419 49.922
1e+11 1.37947e+10 137947 48.6387
1e+11 1.38478e+10 138478 47.3827
1e+11 1.39011e+10 139011 46.156
1e+11 1.39545e+10 139545 44.9602
1e+11 1.40082e+10 140082 43.7903
1e+11 1.40621e+10 140621 42.6479
1e+11 1.41162e+10 141162 41.5324
1e+11 1.41705e+10 141705 40.4433
1e+11 1.4225e+10 142250 39.3802
1e+11 1.42797e+10 142797 38.3424
1e+11 1.43346e+10 143346 37.3294
1e+11 1.43897e+10 143897 36.3408
1e+11 1.44451e+10 144451 35.3742
1e+11 1.45006e+10 145006 34.4327
1e+11 1.45564e+10 145564 33.5124
1e+11 1.46124e+10 146124 32.6144
1e+11 1.46686e+10 146686 31.7385
1e+11 1.4725e+10 147250 30.884
1e+11 1.47817e+10 147817 30.049
1e+11 1.48385e+10 148385 29.2361
1e+11 1.48956e+10 148956 28.4419
1e+11 1.49529e+10 149529 27.6674
1e+11 1.50104e+10 150104 26.9123
1e+11 1.50681e+10 150681 26.176
1e+11 1.51261e+10 151261 25.457
1e+11 1.51843e+10 151843 24.7561
1e+11 1.52427e+10 152427 24.0729
1e+11 1.53013e+10 153013 23.407
1e+11 1.53602e+10 153602 22.7569
1e+11 1.54192e+10 154192 22.1246
1e+11 1.54785e+10 154785 21.5073
1e+11 1.55381e+10 155381 20.905
1e+11 1.55978e+10 155978 20.3191
1e+11 1.56578e+10 156578 19.7475
1e+11 1.57181e+10 157181 19.1898
1e+11 1.57785e+10 157785 18.6475
1e+11 1.58392e+10 158392 18.1185
1e+11 1.59001e+10 159001 17.6033
1e+11 1.59613e+10 159613 17.101
1e+11 1.60227e+10 160227 16.6118
1e+11 1.60843e+10 160843 16.1357
1e+11 1.61462e+10 161462 15.6714
1e+11 1.62083e+10 162083 15.2195
1e+11 1.62706e+10 162706 14.7797
1e+11 1.63332e+10 163332 14.3511
1e+11 1.6396e+10 163960 13.9339
1e+11 1.64591e+10 164591 13.5274
1e+11 1.65224e+10 165224 13.132
1e+11 1.65859e+10 165859 12.7473
1e+11 1.66497e+10 166497 12.3725
1e+11 1.67138e+10 167138 12.0074
1e+11 1.67781e+10 167781 11.6523
1e+11 1.68426e+10 168426 11.307
1e+11 1.69074e+10 169074 10.9708
1e+11 1.69724e+10 169724 10.6439
1e+11 1.70377e+10 170377 10.3256
1e+11 1.71032e+10 171032 10.0162
1e+11 1.7169e+10 171690 9.71501
1e+11 1.7235e+10 172350 9.4223
1e+11 1.73013e+10 173013 9.13743
1e+11 1.73679e+10 173679 8.8602
1e+11 1.74347e+10 174347 8.59084
1e+11 1.75017e+10 175017 8.32917
1e+11 1.7569e+10 175690 8.0746
1e+11 1.76366e+10 176366 7.82696
1e+11 1.77045e+10 177045 7.58611
1e+11 1.77726e+10 177726 7.3522
1e+11 1.78409e+10 178409 7.12508
1e+11 1.79095e+10 179095 6.90424
1e+11 1.79784e+10 179784 6.68953
1e+11 1.80476e+10 180476 6.4808
1e+11 1.8117e+10 181170 6.2782
1e+11 1.81867e+10 181867 6.08128
1e+11 1.82566e+10 182566 5.89019
1e+11 1.83268e+10 183268 5.7045
1e+11 1.83973e+10 183973 5.52407
1e+11 1.84681e+10 184681 5.34879
1e+11 1.85391e+10 185391 5.17875
1e+11 1.86104e+10 186104 5.01359
1e+11 1.8682e+10 186820 4.85319
1e+11 1.87539e+10 187539 4.69742
1e+11 1.8826e+10 188260 4.54638
1e+11 1.88984e+10 188984 4.39974
1e+11 1.89711e+10 189711 4.25738
1e+11 1.90441e+10 190441 4.11919
1e+11 1.91173e+10 191173 3.98525
1e+11 1.91909e+10 191909 3.85509
1e+11 1.92647e+10 192647 3.72895
1e+11 1.93388e+10 193388 3.60657
1e+11 1.94132e+10 194132 3.48784
1e+11 1.94878e+10 194878 3.37283
1e+11 1.95628e+10 195628 3.26112
1e+11 1.9638e+10 196380 3.15292
1e+11 1.97136e+10 197136 3.04786
1e+11 1.97894e+10 197894 2.94613
1e+11 1.98655e+10 198655 2.8475
1e+11 1.99419e+10 199419 2.75189
1e+11 2.00186e+10 200186 2.65922
1e+11 2.00956e+10 200956 2.5694
1e+11 2.01729e+10 201729 2.48237
1e+11 2.02505e+10 202505 2.39803
1e+11 2.03284e+10 203284 2.31632
1e+11 2.04066e+10 204066 2.23717
1e+11 2.04851e+10 204851 2.1605
1e+11 2.05638e+10 205638 2.08633
1e+11 2.06429e+10 206429 2.01443
1e+11 2.07223e+10 207223 1.9448
1e+11 2.0802e+10 208020 1.87738
1e+11 2.08821e+10 208821 1.81204
1e+11 2.09624e+10 209624 1.74887
1e+11 2.1043e+10 210430 1.68774
1e+11 2.11239e+10 211239 1.62857
1e+11 2.12052e+10 212052 1.57126
1e+11 2.12868e+10 212868 1.5158
1e+11 2.13686e+10 213686 1.46222
1e+11 2.14508e+10 214508 1.41033
1e+11 2.15333e+10 215333 1.36015
1e+11 2.16161e+10 216161 1.31162
1e+11 2.16993e+10 216993 1.26463
1e+11 2.17827e+10 217827 1.21927
1e+11 2.18665e+10 218665 1.17536
1e+11 2.19506e+10 219506 1.13292
1e+11 2.20351e+10 220351 1.09185
1e+11 2.21198e+10 221198 1.05222
1e+11 2.22049e+10 222049 1.01388
1e+11 2.22903e+10 222903 0.976835
1e+11 2.2376e+10 223760 0.941053
1e+11 2.24621e+10 224621 0.906453
1e+11 2.25485e+10 225485 0.873038
1e+11 2.26352e+10 226352 0.840772
1e+11 2.27223e+10 227223 0.809584
1e+11 2.28097e+10 228097 0.779475
1e+11 2.28974e+10 228974 0.750412
1e+11 2.29855e+10 229855 0.72233
1e+11 2.30739e+10 230739 0.695231
1e+11 2.31627e+10 231627 0.669053
1e+11 2.32517e+10 232517 0.643826
1e+11 2.33412e+10 233412 0.619436
1e+11 2.3431e+10 234310 0.595912
1e+11 2.35211e+10 235211 0.573224
1e+11 2.36115e+10 236115 0.551347
1e+11 2.37024e+10 237024 0.530208
1e+11 2.37935e+10 237935 0.509851
1e+11 2.3885e+10 238850 0.490208
1e+11 2.39769e+10 239769 0.471255
1e+11 2.40691e+10 240691 0.452991
1e+11 2.41617e+10 241617 0.435374
1e+11 2.42546e+10 242546 0.418402
1e+11 2.43479e+10 243479 0.402035
1e+11 2.44416e+10 244416 0.386255
1e+11 2.45356e+10 245356 0.371058
1e+11 2.463e+10 246300 0.356409
1e+11 2.47247e+10 247247 0.342306
1e+11 2.48198e+10 248198 0.328715
1e+11 2.49153e+10 249153 0.31562
1e+11 2.50111e+10 250111 0.303018
1e+11 2.51073e+10 251073 0.290878
1e+11 2.52039e+10 252039 0.279186
1e+11 2.53008e+10 253008 0.267939
1e+11 2.53981e+10 253981 0.25711
1e+11 2.54958e+10 254958 0.246684
1e+11 2.55939e+10 255939 0.236648
1e+11 2.56923e+10 256923 0.226999
1e+11 2.57911e+10 257911 0.217714
1e+11 2.58903e+10 258903 0.20878
1e+11 2.59899e+10 259899 0.200185
1e+11 2.60899e+10 260899 0.191917
1e+11 2.61902e+10 261902 0.183974
1e+11 2.6291e+10 262910 0.176327
1e+11 2.63921e+10 263921 0.168983
1e+11 2.64936e+10 264936 0.161923
1e+11 2.65955e+10 265955 0.155136
1e+11 2.66978e+10 266978 0.148613
1e+11 2.68005e+10 268005 0.142346
1e+11 2.69036e+10 269036 0.136324
1e+11 2.70071e+10 270071 0.130539
1e+11 2.71109e+10 271109 0.124988
1e+11 2.72152e+10 272152 0.119652
1e+11 2.73199e+10 273199 0.114528
1e+11 2.7425e+10 274250 0.109609
1e+11 2.75304e+10 275304 0.104892
1e+11 2.76363e+10 276363 0.100359
1e+11 2.77426e+10 277426 0.09601
1e+11 2.78493e+10 278493 0.0918367
1e+11 2.79565e+10 279565 0.0878294
1e+11 2.8064e+10 280640 0.083989
1e+11 2.81719e+10 281719 0.0803059
1e+11 2.82803e+10 282803 0.0767708
1e+11 2.83891e+10 283891 0.0733815
1e+11 2.84983e+10 284983 0.0701323
1e+11 2.86079e+10 286079 0.0670181
1e+11 2.87179e+10 287179 0.0640336
1e+11 2.88284e+10 288284 0.0611714
1e+11 2.89392e+10 289392 0.0584317
1e+11 2.90506e+10 290506 0.0558027
1e+11 2.91623e+10 291623 0.0532871
1e+11 2.92745e+10 292745 0.050876
1e+11 2.93871e+10 293871 0.0485675
1e+11 2.95001e+10 295001 0.0463577
1e+11 2.96136e+10 296136 0.0442407
1e+11 2.97275e+10 297275 0.0422147
1e+11 2.98418e+10 298418 0.0402763
1e+11 2.99566e+10 299566 0.0384202
1e+11 3.00718e+10 300718 0.0366448
1e+11 3.01875e+10 301875 0.0349454
1e+11 3.03036e+10 303036 0.0333204
1e+11 3.04201e+10 304201 0.0317668
1e+11 3.05371e+10 305371 0.0302804
1e+11 3.06546e+10 306546 0.0288586
1e+11 3.07725e+10 307725 0.0274999
1e+11 3.08909e+10 308909 0.0262007
1e+11 3.10097e+10 310097 0.0249596
1e+11 3.11289e+10 311289 0.0237742
1e+11 3.12487e+10 312487 0.0226403
1e+11 3.13689e+10 313689 0.0215576
1e+11 3.14895e+10 314895 0.020524
1e+11 3.16106e+10 316106 0.0195367
1e+11 3.17322e+10 317322 0.0185936
1e+11 3.18543e+10 318543 0.0176931
1e+11 3.19768e+10 319768 0.016834
1e+11 3.20998e+10 320998 0.0160138
1e+11 3.22233e+10 322233 0.015231
1e+11 3.23472e+10 323472 0.0144846
1e+11 3.24716e+10 324716 0.0137725
1e+11 3.25965e+10 325965 0.0130931
1e+11 3.27219e+10 327219 0.0124451
1e+11 3.28477e+10 328477 0.0118277
1e+11 3.29741e+10 329741 0.0112385
1e+11 3.31009e+10 331009 0.0106773
1e+11 3.32282e+10 332282 0.0101425
1e+11 3.3356e+10 333560 0.00963274
1e+11 3.34843e+10 334843 0.00914709
1e+11 3.36131e+10 336131 0.00868446
1e+11 3.37424e+10 337424 0.00824384
1e+11 3.38722e+10 338722 0.00782424
1e+11 3.40025e+10 340025 0.00742475
1e+11 3.41333e+10 341333 0.00704447
1e+11 3.42645e+10 342645 0.00668282
1e+11 3.43963e+10 343963 0.00633841
1e+11 3.45286e+10 345286 0.00601075
1e+11 3.46614e+10 346614 0.00569907
1e+11 3.47948e+10 347948 0.00540242
1e+11 3.49286e+10 349286 0.00512056
1e+11 3.50629e+10 350629 0.0048526
1e+11 3.51978e+10 351978 0.00459771
1e+11 3.53332e+10 353332 0.00435547
1e+11 3.54691e+10 354691 0.00412531
1e+11 3.56055e+10 356055 0.00390666
1e+11 3.57425e+10 357425 0.00369883
1e+11 3.58799e+10 358799 0.00350161
1e+11 3.60179e+10 360179 0.00331423
1e+11 3.61565e+10 361565 0.00313623
1e+11 3.62955e+10 362955 0.00296741
1e+11 3.64351e+10 364351 0.00280711
1e+11 3.65753e+10 365753 0.00265491
1e+11 3.6716e+10 367160 0.00251055
1e+11 3.68572e+10 368572 0.00237365
1e+11 3.69989e+10 369989 0.00224384
1e+11 3.71413e+10 371413 0.00212061
1e+11 3.72841e+10 372841 0.0020039
1e+11 3.74275e+10 374275 0.00189322
1e+11 3.75715e+10 375715 0.00178829
1e+11 3.7716e+10 377160 0.00168889
1e+11 3.78611e+10 378611 0.0015947
1e+11 3.80067e+10 380067 0.00150551
1e+11 3.81529e+10 381529 0.00142101
1e+11 3.82996e+10 382996 0.00134104
1e+11 3.84469e+10 384469 0.00126532
1e+11 3.85948e+10 385948 0.00119362
1e+11 3.87433e+10 387433 0.00112576
1e+11 3.88923e+10 388923 0.00106158
1e+11 3.90419e+10 390419 0.00100086
1e+11 3.9192e+10 391920 0.000943456
1e+11 3.93428e+10 393428 0.000889129
1e+11 3.94941e+10 394941 0.000837794
1e+11 3.9646e+10 396460 0.000789263
1e+11 3.97985e+10 397985 0.000743392
1e+11 3.99516e+10 399516 0.000700046
1e+11 4.01052e+10 401052 0.00065912
1e+11 4.02595e+10 402595 0.000620437
1e+11 4.04143e+10 404143 0.000583929
1e+11 4.05698e+10 405698 0.000549437
1e+11 4.07258e+10 407258 0.000516898
1e+11 4.08825e+10 408825 0.00048617
1e+11 4.10397e+10 410397 0.000457194
1e+11 4.11976e+10 411976 0.000429841
1e+11 4.1356e+10 413560 0.00040406
1e+11 4.15151e+10 415151 0.000379734
1e+11 4.16748e+10 416748 0.0003568
1e+11 4.18351e+10 418351 0.000335185
1e+11 4.1996e+10 419960 0.000314815
1e+11 4.21575e+10 421575 0.000295625
1e+11 4.23197e+10 423197 0.000277538
1e+11 4.24824e+10 424824 0.000260515
1e+11 4.26458e+10 426458 0.000244479
1e+11 4.28099e+10 428099 0.000229375
1e+11 4.29745e+10 429745 0.000215169
1e+11 4.31398e+10 431398 0.000201795
1e+11 4.33057e+10 433057 0.000189215
1e+11 4.34723e+10 434723 0.000177377
1e+11 4.36395e+10 436395 0.000166246
1e+11 4.38074e+10 438074 0.000155777
1e+11 4.39759e+10 439759 0.000145938
1e+11 4.4145e+10 441450 0.000136693
1e+11 4.43148e+10 443148 0.000128004
1e+11 4.44853e+10 444853 0.000119838
1e+11 4.46564e+10 446564 0.000112172
1e+11 4.48281e+10 448281 0.000104975
1e+11 4.50005e+10 450005 9.82163e-05
1e+11 4.51736e+10 451736 9.18715e-05
1e+11 4.53474e+10 453474 8.59162e-05
1e+11 4.55218e+10 455218 8.0331e-05
1e+11 4.56969e+10 456969 7.50913e-05
1e+11 4.58727e+10 458727 7.01768e-05
1e+11 4.60491e+10 460491 6.55711e-05
1e+11 4.62262e+10 462262 6.12533e-05
1e+11 4.6404e+10 464040 5.72065e-05
1e+11 4.65825e+10 465825 5.34145e-05
1e+11 4.67617e+10 467617 4.98621e-05
1e+11 4.69415e+10 469415 4.6537e-05
1e+11 4.71221e+10 471221 4.34218e-05
1e+11 4.73033e+10 473033 4.05072e-05
1e+11 4.74853e+10 474853 3.7778e-05
1e+11 4.76679e+10 476679 3.52259e-05
1e+11 4.78513e+10 478513 3.28373e-05
1e+11 4.80353e+10 480353 3.06047e-05
1e+11 4.82201e+10 482201 2.85162e-05
1e+11 4.84055e+10 484055 2.65651e-05
1e+11 4.85917e+10 485917 2.47409e-05
1e+11 4.87786e+10 487786 2.30367e-05
1e+11 4.89662e+10 489662 2.14449e-05
1e+11 4.91546e+10 491546 1.99578e-05
1e+11 4.93436e+10 493436 1.85702e-05
1e+11 4.95334e+10 495334 1.72745e-05
1e+11 4.97239e+10 497239 1.60656e-05
1e+11 4.99152e+10 499152 1.49373e-05
1e+11 5.01072e+10 501072 1.38851e-05
1e+11 5.02999e+10 502999 1.29041e-05
1e+11 5.04934e+10 504934 1.19893e-05
1e+11 5.06876e+10 506876 1.11368e-05
1e+11 5.08825e+10 508825 1.03426e-05
1e+11 5.10783e+10 510783 9.60219e-06
1e+11 5.12747e+10 512747 8.91314e-06
1e+11 5.14719e+10 514719 8.27141e-06
1e+11 5.16699e+10 516699 7.67391e-06
1e+11 5.18687e+10 518687 7.11773e-06
1e+11 5.20682e+10 520682 6.60043e-06
1e+11 5.22684e+10 522684 6.11941e-06
1e+11 5.24695e+10 524695 5.6718e-06
1e+11 5.26713e+10 526713 5.25581e-06
1e+11 5.28739e+10 528739 4.86912e-06
1e+11 5.30772e+10 530772 4.50994e-06
1e+11 5.32814e+10 532814 4.17608e-06
1e+11 5.34863e+10 534863 3.86614e-06
1e+11 5.3692e+10 536920 3.57835e-06
1e+11 5.38986e+10 538986 3.31106e-06
1e+11 5.41059e+10 541059 3.06314e-06
1e+11 5.4314e+10 543140 2.83312e-06
1e+11 5.45229e+10 545229 2.61978e-06
1e+11 5.47326e+10 547326 2.42197e-06
1e+11 5.49431e+10 549431 2.23859e-06
1e+11 5.51544e+10 551544 2.06866e-06
1e+11 5.53666e+10 553666 1.91114e-06
1e+11 5.55795e+10 555795 1.76533e-06
1e+11 5.57933e+10 557933 1.63025e-06
1e+11 5.60079e+10 560079 1.50521e-06
1e+11 5.62233e+10 562233 1.38951e-06
1e+11 5.64396e+10 564396 1.28241e-06
1e+11 5.66567e+10 566567 1.18337e-06
1e+11 5.68746e+10 568746 1.09179e-06
1e+11 5.70934e+10 570934 1.00711e-06
1e+11 5.73129e+10 573129 9.28896e-07
1e+11 5.75334e+10 575334 8.56578e-07
1e+11 5.77547e+10 577547 7.89794e-07
1e+11 5.79768e+10 579768 7.28137e-07
1e+11 5.81998e+10 581998 6.71205e-07
1e+11 5.84237e+10 584237 6.18653e-07
1e+11 5.86484e+10 586484 5.70179e-07
1e+11 5.8874e+10 588740 5.25461e-07
1e+11 5.91004e+10 591004 4.84238e-07
1e+11 5.93277e+10 593277 4.46232e-07
1e+11 5.95559e+10 595559 4.11203e-07
1e+11 5.9785e+10 597850 3.78927e-07
1e+11 6.00149e+10 600149 3.4921e-07
1e+11 6.02458e+10 602458 3.21834e-07
1e+11 6.04775e+10 604775 2.96644e-07
1e+11 6.07101e+10 607101 2.73463e-07
1e+11 6.09436e+10 609436 2.52137e-07
1e+11 6.1178e+10 611780 2.32525e-07
1e+11 6.14133e+10 614133 2.14493e-07
1e+11 6.16496e+10 616496 1.97912e-07
1e+11 6.18867e+10 618867 1.82685e-07
1e+11 6.21247e+10 621247 1.68698e-07
1e+11 6.23637e+10 623637 1.5585e-07
1e+11 6.26035e+10 626035 1.44061e-07
1e+11 6.28443e+10 628443 1.33238e-07
1e+11 6.3086e+10 630860 1.2331e-07
1e+11 6.33287e+10 633287 1.14202e-07
1e+11 6.35723e+10 635723 1.05853e-07
1e+11 6.38168e+10 638168 9.82006e-08
1e+11 6.40623e+10 640623 9.11874e-08
1e+11 6.43087e+10 643087 8.47643e-08
1e+11 6.4556e+10 645560 7.88837e-08
1e+11 6.48043e+10 648043 7.34993e-08
1e+11 6.50536e+10 650536 6.85709e-08
1e+11 6.53038e+10 653038 6.40633e-08
1e+11 6.5555e+10 655550 5.99402e-08
1e+11 6.58071e+10 658071 5.61716e-08
1e+11 6.60602e+10 660602 5.27268e-08
1e+11 6.63143e+10 663143 4.95791e-08
1e+11 6.65694e+10 665694 4.67038e-08
1e+11 6.68254e+10 668254 4.40792e-08
1e+11 6.70824e+10 670824 4.16835e-08
1e+11 6.73405e+10 673405 3.94965e-08
1e+11 6.75995e+10 675995 3.75022e-08
1e+11 6.78595e+10 678595 3.56837e-08
1e+11 6.81205e+10 681205 3.4026e-08
1e+11 6.83825e+10 683825 3.25154e-08
1e+11 6.86455e+10 686455 3.11393e-08
1e+11 6.89096e+10 689096 2.98858e-08
1e+11 6.91746e+10 691746 2.87451e-08
1e+11 6.94407e+10 694407 2.77068e-08
1e+11 6.97078e+10 697078 2.67623e-08
1e+11 6.99759e+10 699759 2.59034e-08
1e+11 7.0245e+10 702450 2.51226e-08
1e+11 7.05152e+10 705152 2.44129e-08
1e+11 7.07864e+10 707864 2.37683e-08
1e+11 7.10587e+10 710587 2.31827e-08
1e+11 7.1332e+10 713320 2.26512e-08
1e+11 7.16064e+10 716064 2.21688e-08
1e+11 7.18818e+10 718818 2.17312e-08
1e+11 7.21583e+10 721583 2.13343e-08
1e+11 7.24358e+10 724358 2.09745e-08
1e+11 7.27144e+10 727144 2.06485e-08
1e+11 7.29941e+10 729941 2.03531e-08
1e+11 7.32749e+10 732749 2.00855e-08
1e+11 7.35567e+10 735567 1.98434e-08
1e+11 7.38396e+10 738396 1.9622e-08
1e+11 7.41236e+10 741236 1.9409e-08
1e+11 7.44087e+10 744087 1.91952e-08
1e+11 7.46949e+10 746949 1.89805e-08
1e+11 7.49822e+10 749822 1.8765e-08
1e+11 7.52706e+10 752706 1.85487e-08
1e+11 7.55601e+10 755601 1.83315e-08
1e+11 7.58508e+10 758508 1.81135e-08
1e+11 7.61425e+10 761425 1.78947e-08
1e+11 7.64354e+10 764354 1.7675e-08
1e+11 7.67294e+10 767294 1.74545e-08
1e+11 7.70245e+10 770245 1.72331e-08
1e+11 7.73208e+10 773208 1.70109e-08
1e+11 7.76182e+10 776182 1.67878e-08
1e+11 7.79167e+10 779167 1.65639e-08
1e+11 7.82164e+10 782164 1.63391e-08
1e+11 7.85172e+10 785172 1.61135e-08
1e+11 7.88192e+10 788192 1.5887e-08
1e+11 7.91224e+10 791224 1.56596e-08
1e+11 7.94267e+10 794267 1.54313e-08
1e+11 7.97322e+10 797322 1.52022e-08
1e+11 8.00389e+10 800389 1.49721e-08
1e+11 8.03468e+10 803468 1.47412e-08
1e+11 8.06558e+10 806558 1.45094e-08
1e+11 8.0966e+10 809660 1.42768e-08
1e+11 8.12774e+10 812774 1.40432e-08
1e+11 8.15901e+10 815901 1.38086e-08
1e+11 8.19039e+10 819039 1.35733e-08
1e+11 8.22189e+10 822189 1.3337e-08
1e+11 8.25351e+10 825351 1.30998e-08
1e+11 8.28526e+10 828526 1.28617e-08
1e+11 8.31713e+10 831713 1.26226e-08
1e+11 8.34912e+10 834912 1.23827e-08
1e+11 8.38123e+10 838123 1.21418e-08
1e+11 8.41347e+10 841347 1.19e-08
1e+11 8.44583e+10 844583 1.16573e-08
1e+11 8.47831e+10 847831 1.14137e-08
1e+11 8.51092e+10 851092 1.11691e-08
1e+11 8.54366e+10 854366 1.09235e-08
1e+11 8.57652e+10 857652 1.0677e-08
1e+11 8.60951e+10 860951 1.04296e-08
1e+11 8.64262e+10 864262 1.01812e-08
1e+11 8.67586e+10 867586 9.93192e-09
1e+11 8.70923e+10 870923 9.68163e-09
1e+11 8.74273e+10 874273 9.43035e-09
1e+11 8.77636e+10 877636 9.17811e-09
1e+11 8.81012e+10 881012 8.92488e-09
1e+11 8.844e+10 884400 8.67076e-09
1e+11 8.87802e+10 887802 8.41559e-09
1e+11 8.91217e+10 891217 8.15944e-09
1e+11 8.94645e+10 894645 7.90232e-09
1e+11 8.98086e+10 898086 7.64422e-09
1e+11 9.0154e+10 901540 7.38515e-09
1e+11 9.05008e+10 905008 7.12503e-09
1e+11 9.08489e+10 908489 6.86393e-09
1e+11 9.11983e+10 911983 6.60185e-09
1e+11 9.15491e+10 915491 6.33873e-09
1e+11 9.19012e+10 919012 6.07463e-09
1e+11 9.22547e+10 922547 5.80949e-09
1e+11 9.26095e+10 926095 5.54336e-09
1e+11 9.29657e+10 929657 5.27619e-09
1e+11 9.33233e+10 933233 5.00796e-09
1e+11 9.36822e+10 936822 4.73877e-09
1e+11 9.40426e+10 940426 4.46844e-09
1e+11 9.44043e+10 944043 4.19714e-09
1e+11 9.47674e+10 947674 3.92479e-09
1e+11 9.51319e+10 951319 3.6514e-09
1e+11 9.54978e+10 954978 3.37695e-09
1e+11 9.58651e+10 958651 3.10145e-09
1e+11 9.62338e+10 962338 2.8249e-09
1e+11 9.6604e+10 966040 2.54722e-09
1e+11 9.69755e+10 969755 2.26857e-09
1e+11 9.73485e+10 973485 1.9888e-09
1e+11 9.7723e+10 977230 1.7079e-09
1e+11 9.80988e+10 980988 1.42603e-09
1e+11 9.84762e+10 984762 1.14295e-09
1e+11 9.88549e+10 988549 8.589e-10
1e+11 9.92352e+10 992352 5.7365e-10
1e+11 9.96168e+10 996168 2.87425e-10
1e+11 1e+11 1e+06 0

1e+12 1e+06 10 4.67151e+10
1e+12 1.00385e+06 10.0385 4.64464e+10
1e+12 1.00771e+06 10.0771 4.61796e+10
1e+12 1.01158e+06 10.1158 4.59147e+10
1e+12 1.01547e+06 10.1547 4.56509e+10
1e+12 1.01938e+06 10.1938 4.53884e+10
1e+12 1.0233e+06 10.233 4.51276e+10
1e+12 1.02724e+06 10.2724 4.48681e+10
1e+12 1.03119e+06 10.3119 4.46104e+10
1e+12 1.03515e+06 10.3515 4.43545e+10
1e+12 1.03914e+06 10.3914 4.40991e+10
1e+12 1.04313e+06 10.4313 4.38461e+10
1e+12 1.04714e+06 10.4714 4.35943e+10
1e+12 1.05117e+06 10.5117 4.33437e+10
1e+12 1.05522e+06 10.5522 4.30942e+10
1e+12 1.05927e+06 10.5927 4.28472e+10
1e+12 1.06335e+06 10.6335 4.26006e+10
1e+12 1.06744e+06 10.6744 4.23558e+10
1e+12 1.07154e+06 10.7154 4.21128e+10
1e+12 1.07567e+06 10.7567 4.18703e+10
1e+12 1.0798e+06 10.798 4.16302e+10
1e+12 1.08396e+06 10.8396 4.13906e+10
1e+12 1.08813e+06 10.8813 4.11527e+10
1e+12 1.09231e+06 10.9231 4.09166e+10
1e+12 1.09651e+06 10.9651 4.06815e+10
1e+12 1.10073e+06 11.0073 4.04477e+10
1e+12 1.10496e+06 11.0496 4.02155e+10
1e+12 1.10921e+06 11.0921 3.99844e+10
1e+12 1.11348e+06 11.1348 3.97544e+10
1e+12 1.11776e+06 11.1776 3.95262e+10
1e+12 1.12206e+06 11.2206 3.9299e+10
1e+12 1.12638e+06 11.2638 3.9073e+10
1e+12 1.13071e+06 11.3071 3.88486e+10
1e+12 1.13506e+06 11.3506 3.86253e+10
1e+12 1.13942e+06 11.3942 3.84037e+10
1e+12 1.14381e+06 11.4381 3.81826e+10
1e+12 1.14821e+06 11.4821 3.79632e+10
1e+12 1.15262e+06 11.5262 3.77454e+10
1e+12 1.15706e+06 11.5706 3.75281e+10
1e+12 1.16151e+06 11.6151 3.73125e+10
1e+12 1.16597e+06 11.6597 3.70985e+10
1e+12 1.17046e+06 11.7046 3.68851e+10
1e+12 1.17496e+06 11.7496 3.66732e+10
1e+12 1.17948e+06 11.7948 3.64624e+10
1e+12 1.18402e+06 11.8402 3.62528e+10
1e+12 1.18857e+06 11.8857 3.60446e+10
1e+12 1.19314e+06 11.9314 3.58376e+10
1e+12 1.19773e+06 11.9773 3.56316e+10
1e+12 1.20234e+06 12.0234 3.54267e+10
1e+12 1.20696e+06 12.0696 3.52233e+10
1e+12 1.21161e+06 12.1161 3.50206e+10
1e+12 1.21627e+06 12.1627 3.48194e+10
1e+12 1.22094e+06 12.2094 3.46196e+10
1e+12 1.22564e+06 12.2564 3.44205e+10
1e+12 1.23035e+06 12.3035 3.42229e+10
1e+12 1.23509e+06 12.3509 3.40259e+10
1e+12 1.23984e+06 12.3984 3.38304e+10
1e+12 1.24461e+06 12.4461 3.3636e+10
1e+12 1.24939e+06 12.4939 3.3443e+10
1e+12 1.2542e+06 12.542 3.32506e+10
1e+12 1.25902e+06 12.5902 3.30597e+10
1e+12 1.26386e+06 12.6386 3.28698e+10
1e+12 1.26873e+06 12.6873 3.26806e+10
1e+12 1.27361e+06 12.7361 3.24928e+10
1e+12 1.2785e+06 12.785 3.23064e+10
1e+12 1.28342e+06 12.8342 3.21207e+10
1e+12 1.28836e+06 12.8836 3.1936e+10
1e+12 1.29331e+06 12.9331 3.17526e+10
1e+12 1.29829e+06 12.9829 3.157e+10
1e+12 1.30328e+06 13.0328 3.13887e+10
1e+12 1.30829e+06 13.0829 3.12084e+10
1e+12 1.31333e+06 13.1333 3.10288e+10
1e+12 1.31838e+06 13.1838 3.08505e+10
1e+12 1.32345e+06 13.2345 3.06732e+10
1e+12 1.32854e+06 13.2854 3.0497e+10
1e+12 1.33365e+06 13.3365 3.03217e+10
1e+12 1.33878e+06 13.3878 3.01475e+10
1e+12 1.34393e+06 13.4393 2.99742e+10
1e+12 1.3491e+06 13.491 2.98019e+10
1e+12 1.35429e+06 13.5429 2.96306e+10
1e+12 1.3595e+06 13.595 2.94603e+10
1e+12 1.36472e+06 13.6472 2.92913e+10
1e+12 1.36997e+06 13.6997 2.91229e+10
1e+12 1.37524e+06 13.7524 2.89555e+10
1e+12 1.38053e+06 13.8053 2.87891e+10
1e+12 1.38584e+06 13.8584 2.86237e+10
1e+12 1.39117e+06 13.9117 2.84592e+10
1e+12 1.39652e+06 13.9652 2.82957e+10
1e+12 1.4019e+06 14.019 2.81328e+10
1e+12 1.40729e+06 14.0729 2.79712e+10
1e+12 1.4127e+06 14.127 2.78105e+10
1e+12 1.41813e+06 14.1813 2.76508e+10
1e+12 1.42359e+06 14.2359 2.74917e+10
1e+12 1.42906e+06 14.2906 2.73339e+10
1e+12 1.43456e+06 14.3456 2.71767e+10
1e+12 1.44008e+06 14.4008 2.70204e+10
1e+12 1.44562e+06 14.4562 2.68651e+10
1e+12 1.45118e+06 14.5118 2.67107e+10
1e+12 1.45676e+06 14.5676 2.65573e+10
1e+12 1.46236e+06 14.6236 2.64047e+10
1e+12 1.46799e+06 14.6799 2.62528e+10
1e+12 1.47363e+06 14.7363 2.61021e+10
1e+12 1.4793e+06 14.793 2.5952e+10
1e+12 1.48499e+06 14.8499 2.58029e+10
1e+12 1.4907e+06 14.907 2.56546e+10
1e+12 1.49644e+06 14.9644 2.5507e+10
1e+12 1.50219e+06 15.0219 2.53606e+10
1e+12 1.50797e+06 15.0797 2.52148e+10
1e+12 1.51377e+06 15.1377 2.50698e+10
1e+12 1.51959e+06 15.1959 2.49258e+10
1e+12 1.52544e+06 15.2544 2.47824e+10
1e+12 1.5313e+06 15.313 2.46402e+10
1e+12 1.53719e+06 15.3719 2.44986e+10
1e+12 1.54311e+06 15.4311 2.43576e+10
1e+12 1.54904e+06 15.4904 2.42177e+10
1e+12 1.555e+06 15.55 2.40785e+10
1e+12 1.56098e+06 15.6098 2.39401e+10
1e+12 1.56699e+06 15.6699 2.38024e+10
1e+12 1.57301e+06 15.7301 2.36657e+10
1e+12 1.57906e+06 15.7906 2.35297e+10
1e+12 1.58514e+06 15.8514 2.33943e+10
1e+12 1.59123e+06 15.9123 2.326e+10
1e+12 1.59735e+06 15.9735 2.31263e+10
1e+12 1.6035e+06 16.035 2.29933e+10
1e+12 1.60967e+06 16.0967 2.28611e+10
1e+12 1.61586e+06 16.1586 2.27297e+10
1e+12 1.62207e+06 16.2207 2.25991e+10
1e+12 1.62831e+06 16.2831 2.24692e+10
1e+12 1.63457e+06 16.3457 2.23401e+10
1e+12 1.64086e+06 16.4086 2.22117e+10
1e+12 1.64717e+06 16.4717 2.2084e+10
1e+12 1.65351e+06 16.5351 2.1957e+10
1e+12 1.65987e+06 16.5987 2.18308e+10
1e+12 1.66625e+06 16.6625 2.17054e+10
1e+12 1.67266e+06 16.7266 2.15806e+10
1e+12 1.67909e+06 16.7909 2.14566e+10
1e+12 1.68555e+06 16.8555 2.13333e+10
1e+12 1.69204e+06 16.9204 2.12105e+10
1e+12 1.69854e+06 16.9854 2.10887e+10
1e+12 1.70508e+06 17.0508 2.09674e+10
1e+12 1.71163e+06 17.1163 2.0847e+10
1e+12 1.71822e+06 17.1822 2.07271e+10
1e+12 1.72483e+06 17.2483 2.06079e+10
1e+12 1.73146e+06 17.3146 2.04895e+10
1e+12 1.73812e+06 17.3812 2.03717e+10
1e+12 1.74481e+06 17.4481 2.02546e+10
1e+12 1.75152e+06 17.5152 2.01382e+10
1e+12 1.75825e+06 17.5825 2.00225e+10
1e+12 1.76502e+06 17.6502 1.99073e+10
1e+12 1.77181e+06 17.7181 1.97928e+10
1e+12 1.77862e+06 17.7862 1.96791e+10
1e+12 1.78546e+06 17.8546 1.9566e+10
1e+12 1.79233e+06 17.9233 1.94535e+10
1e+12 1.79922e+06 17.9922 1.93418e+10
1e+12 1.80614e+06 18.0614 1.92306e+10
1e+12 1.81309e+06 18.1309 1.912e+10
1e+12 1.82006e+06 18.2006 1.90101e+10
1e+12 1.82706e+06 18.2706 1.89009e+10
1e+12 1.83409e+06 18.3409 1.87922e+10
1e+12 1.84115e+06 18.4115 1.86841e+10
1e+12 1.84823e+06 18.4823 1.85767e+10
1e+12 1.85534e+06 18.5534 1.84699e+10
1e+12 1.86247e+06 18.6247 1.83638e+10
1e+12 1.86964e+06 18.6964 1.82581e+10
1e+12 1.87683e+06 18.7683 1.81532e+10
1e+12 1.88405e+06 18.8405 1.80488e+10
1e+12 1.89129e+06 18.9129 1.79451e+10
1e+12 1.89857e+06 18.9857 1.78419e+10
1e+12 1.90587e+06 19.0587 1.77394e+10
1e+12 1.9132e+06 19.132 1.76374e+10
1e+12 1.92056e+06 19.2056 1.7536e+10
1e+12 1.92795e+06 19.2795 1.74351e+10
1e+12 1.93536e+06 19.3536 1.7335e+10
1e+12 1.94281e+06 19.4281 1.72352e+10
1e+12 1.95028e+06 19.5028 1.71362e+10
1e+12 1.95778e+06 19.5778 1.70377e+10
1e+12 1.96531e+06 19.6531 1.69397e+10
1e+12 1.97287e+06 19.7287 1.68423e+10
1e+12 1.98046e+06 19.8046 1.67455e+10
1e+12 1.98808e+06 19.8808 1.66492e+10
1e+12 1.99572e+06 19.9572 1.65536e+10
1e+12 2.0034e+06 20.034 1.64583e+10
1e+12 2.0111e+06 20.111 1.63638e+10
1e+12 2.01884e+06 20.1884 1.62697e+10
1e+12 2.0266e+06 20.266 1.61762e+10
1e+12 2.0344e+06 20.344 1.60831e+10
1e+12 2.04222e+06 20.4222 1.59907e+10
1e+12 2.05008e+06 20.5008 1.58987e+10
1e+12 2.05796e+06 20.5796 1.58074e+10
1e+12 2.06588e+06 20.6588 1.57164e+10
1e+12 2.07383e+06 20.7383 1.5626e+10
1e+12 2.0818e+06 20.818 1.55363e+10
1e+12 2.08981e+06 20.8981 1.54469e+10
1e+12 2.09785e+06 20.9785 1.53581e+10
1e+12 2.10592e+06 21.0592 1.52698e+10
1e+12 2.11402e+06 21.1402 1.5182e+10
1e+12 2.12215e+06 21.2215 1.50947e+10
1e+12 2.13031e+06 21.3031 1.50079e+10
1e+12 2.1385e+06 21.385 1.49217e+10
1e+12 2.14673e+06 21.4673 1.48358e+10
1e+12 2.15499e+06 21.5499 1.47505e+10
1e+12 2.16327e+06 21.6327 1.46658e+10
1e+12 2.1716e+06 21.716 1.45814e+10
1e+12 2.17995e+06 21.7995 1.44975e+10
1e+12 2.18833e+06 21.8833 1.44142e+10
1e+12 2.19675e+06 21.9675 1.43313e+10
1e+12 2.2052e+06 22.052 1.42489e+10
1e+12 2.21368e+06 22.1368 1.4167e+10
1e+12 2.2222e+06 22.222 1.40855e+10
1e+12 2.23074e+06 22.3074 1.40046e+10
1e+12 2.23932e+06 22.3932 1.3924e+10
1e+12 2.24794e+06 22.4794 1.38439e+10
1e+12 2.25658e+06 22.5658 1.37644e+10
1e+12 2.26526e+06 22.6526 1.36852e+10
1e+12 2.27397e+06 22.7397 1.36066e+10
1e+12 2.28272e+06 22.8272 1.35283e+10
1e+12 2.2915e+06 22.915 1.34505e+10
1e+12 2.30031e+06 23.0031 1.33732e+10
1e+12 2.30916e+06 23.0916 1.32963e+10
1e+12 2.31804e+06 23.1804 1.32198e+10
1e+12 2.32696e+06 23.2696 1.31438e+10
1e+12 2.33591e+06 23.3591 1.30682e+10
1e+12 2.34489e+06 23.4489 1.29931e+10
1e+12 2.35391e+06 23.5391 1.29184e+10
1e+12 2.36297e+06 23.6297 1.2844e+10
1e+12 2.37206e+06 23.7206 1.27702e+10
1e+12 2.38118e+06 23.8118 1.26967e+10
1e+12 2.39034e+06 23.9034 1.26237e+10
1e+12 2.39953e+06 23.9953 1.25512e+10
1e+12 2.40876e+06 24.0876 1.2479e+10
1e+12 2.41803e+06 24.1803 1.24072e+10
1e+12 2.42733e+06 24.2733 1.23358e+10
1e+12 2.43666e+06 24.3666 1.22649e+10
1e+12 2.44604e+06 24.4604 1.21944e+10
1e+12 2.45544e+06 24.5544 1.21243e+10
1e+12 2.46489e+06 24.6489 1.20545e+10
1e+12 2.47437e+06 24.7437 1.19852e+10
1e+12 2.48389e+06 24.8389 1.19163e+10
1e+12 2.49344e+06 24.9344 1.18478e+10
1e+12 2.50303e+06 25.0303 1.17796e+10
1e+12 2.51266e+06 25.1266 1.17119e+10
1e+12 2.52232e+06 25.2232 1.16445e+10
1e+12 2.53202e+06 25.3202 1.15776e+10
1e+12 2.54176e+06 25.4176 1.1511e+10
1e+12 2.55154e+06 25.5154 1.14448e+10
1e+12 2.56135e+06 25.6135 1.1379e+10
1e+12 2.57121e+06 25.7121 1.13135e+10
1e+12 2.58109e+06 25.8109 1.12485e+10
1e+12 2.59102e+06 25.9102 1.11838e+10
1e+12 2.60099e+06 26.0099 1.11194e+10
1e+12 2.61099e+06 26.1099 1.10555e+10
1e+12 2.62104e+06 26.2104 1.09919e+10
1e+12 2.63112e+06 26.3112 1.09287e+10
1e+12 2.64124e+06 26.4124 1.08658e+10
1e+12 2.6514e+06 26.514 1.08033e+10
1e+12 2.66159e+06 26.6159 1.07412e+10
1e+12 2.67183e+06 26.7183 1.06794e+10
1e+12 2.68211e+06 26.8211 1.0618e+10
1e+12 2.69242e+06 26.9242 1.05569e+10
1e+12 2.70278e+06 27.0278 1.04962e+10
1e+12 2.71318e+06 27.1318 1.04358e+10
1e+12 2.72361e+06 27.2361 1.03758e+10
1e+12 2.73409e+06 27.3409 1.03161e+10
1e+12 2.7446e+06 27.446 1.02568e+10
1e+12 2.75516e+06 27.5516 1.01978e+10
1e+12 2.76576e+06 27.6576 1.01391e+10
1e+12 2.77639e+06 27.7639 1.00808e+10
1e+12 2.78707e+06 27.8707 1.00229e+10
1e+12 2.79779e+06 27.9779 9.9652e+09
1e+12 2.80855e+06 28.0855 9.90789e+09
1e+12 2.81936e+06 28.1936 9.85086e+09
1e+12 2.8302e+06 28.302 9.79422e+09
1e+12 2.84109e+06 28.4109 9.73786e+09
1e+12 2.85201e+06 28.5201 9.68188e+09
1e+12 2.86298e+06 28.6298 9.62619e+09
1e+12 2.874e+06 28.74 9.57078e+09
1e+12 2.88505e+06 28.8505 9.51574e+09
1e+12 2.89615e+06 28.9615 9.46099e+09
1e+12 2.90729e+06 29.0729 9.40657e+09
1e+12 2.91847e+06 29.1847 9.35247e+09
1e+12 2.92969e+06 29.2969 9.29869e+09
1e+12 2.94096e+06 29.4096 9.24519e+09
1e+12 2.95227e+06 29.5227 9.19202e+09
1e+12 2.96363e+06 29.6363 9.13912e+09
1e+12 2.97503e+06 29.7503 9.08654e+09
1e+12 2.98647e+06 29.8647 9.03428e+09
1e+12 2.99796e+06 29.9796 8.9823e+09
1e+12 3.00949e+06 30.0949 8.93063e+09
1e+12 3.02106e+06 30.2106 8.87928e+09
1e+12 3.03268e+06 30.3268 8.8282e+09
1e+12 3.04435e+06 30.4435 8.77739e+09
1e+12 3.05606e+06 30.5606 8.72689e+09
1e+12 3.06781e+06 30.6781 8.67671e+09
1e+12 3.07961e+06 30.7961 8.62679e+09
1e+12 3.09146e+06 30.9146 8.57714e+09
1e+12 3.10335e+06 31.0335 8.5278e+09
1e+12 3.11529e+06 31.1529 8.47872e+09
1e+12 3.12727e+06 31.2727 8.42995e+09
1e+12 3.1393e+06 31.393 8.38145e+09
1e+12 3.15137e+06 31.5137 8.33324e+09
1e+12 3.16349e+06 31.6349 8.2853e+09
1e+12 3.17566e+06 31.7566 8.23763e+09
1e+12 3.18787e+06 31.8787 8.19025e+09
1e+12 3.20014e+06 32.0014 8.1431e+09
1e+12 3.21244e+06 32.1244 8.09628e+09
1e+12 3.2248e+06 32.248 8.04968e+09
1e+12 3.2372e+06 32.372 8.00338e+09
1e+12 3.24966e+06 32.4966 7.9573e+09
1e+12 3.26215e+06 32.6215 7.91155e+09
1e+12 3.2747e+06 32.747 7.86602e+09
1e+12 3.2873e+06 32.873 7.82075e+09
1e+12 3.29994e+06 32.9994 7.77576e+09
1e+12 3.31263e+06 33.1263 7.73103e+09
1e+12 3.32537e+06 33.2537 7.68656e+09
1e+12 3.33817e+06 33.3817 7.6423e+09
1e+12 3.351e+06 33.51 7.59835e+09
1e+12 3.36389e+06 33.6389 7.55463e+09
1e+12 3.37683e+06 33.7683 7.51116e+09
1e+12 3.38982e+06 33.8982 7.46793e+09
1e+12 3.40286e+06 34.0286 7.42495e+09
1e+12 3.41595e+06 34.1595 7.38223e+09
1e+12 3.42909e+06 34.2909 7.33974e+09
1e+12 3.44228e+06 34.4228 7.29751e+09
1e+12 3.45552e+06 34.5552 7.25551e+09
1e+12 3.46881e+06 34.6881 7.21377e+09
1e+12 3.48215e+06 34.8215 7.17226e+09
1e+12 3.49554e+06 34.9554 7.131e+09
1e+12 3.50899e+06 35.0899 7.08995e+09
1e+12 3.52248e+06 35.2248 7.04917e+09
1e+12 3.53603e+06 35.3603 7.0086e+09
1e+12 3.54963e+06 35.4963 6.96827e+09
1e+12 3.56329e+06 35.6329 6.92815e+09
1e+12 3.57699e+06 35.7699 6.8883e+09
1e+12 3.59075e+06 35.9075 6.84865e+09
1e+12 3.60456e+06 36.0456 6.80924e+09
1e+12 3.61842e+06 36.1842 6.77007e+09
1e+12 3.63234e+06 36.3234 6.7311e+09
1e+12 3.64631e+06 36.4631 6.69237e+09
1e+12 3.66034e+06 36.6034 6.65384e+09
1e+12 3.67442e+06 36.7442 6.61554e+09
1e+12 3.68855e+06 36.8855 6.57748e+09
1e+12 3.70274e+06 37.0274 6.53962e+09
1e+12 3.71698e+06 37.1698 6.50198e+09
1e+12 3.73128e+06 37.3128 6.46455e+09
1e+12 3.74563e+06 37.4563 6.42735e+09
1e+12 3.76003e+06 37.6003 6.39038e+09
1e+12 3.7745e+06 37.745 6.35358e+09
1e+12 3.78901e+06 37.8901 6.31703e+09
1e+12 3.80359e+06 38.0359 6.28066e+09
1e+12 3.81822e+06 38.1822 6.24451e+09
1e+12 3.8329e+06 38.329 6.20858e+09
1e+12 3.84765e+06 38.4765 6.17283e+09
1e+12 3.86244e+06 38.6244 6.13732e+09
1e+12 3.8773e+06 38.773 6.10199e+09
1e+12 3.89221e+06 38.9221 6.06688e+09
1e+12 3.90718e+06 39.0718 6.03196e+09
1e+12 3.92221e+06 39.2221 5.99723e+09
1e+12 3.9373e+06 39.373 5.96271e+09
1e+12 3.95244e+06 39.5244 5.92839e+09
1e+12 3.96765e+06 39.6765 5.89425e+09
1e+12 3.98291e+06 39.8291 5.86033e+09
1e+12 3.99823e+06 39.9823 5.82659e+09
1e+12 4.0136e+06 40.136 5.79307e+09
1e+12 4.02904e+06 40.2904 5.75972e+09
1e+12 4.04454e+06 40.4454 5.72656e+09
1e+12 4.06009e+06 40.6009 5.69361e+09
1e+12 4.07571e+06 40.7571 5.66082e+09
1e+12 4.09139e+06 40.9139 5.62823e+09
1e+12 4.10712e+06 41.0712 5.59585e+09
1e+12 4.12292e+06 41.2292 5.56363e+09
1e+12 4.13878e+06 41.3878 5.5316e+09
1e+12 4.1547e+06 41.547 5.49975e+09
1e+12 4.17068e+06 41.7068 5.46809e+09
1e+12 4.18672e+06 41.8672 5.43661e+09
1e+12 4.20282e+06 42.0282 5.40532e+09
1e+12 4.21899e+06 42.1899 5.3742e+09
1e+12 4.23522e+06 42.3522 5.34325e+09
1e+12 4.25151e+06 42.5151 5.31249e+09
1e+12 4.26786e+06 42.6786 5.28191e+09
1e+12 4.28427e+06 42.8427 5.25151e+09
1e+12 4.30075e+06 43.0075 5.22128e+09
1e+12 4.3173e+06 43.173 5.1912e+09
1e+12 4.3339e+06 43.339 5.16132e+09
1e+12 4.35057e+06 43.5057 5.13161e+09
1e+12 4.3673e+06 43.673 5.10207e+09
1e+12 4.3841e+06 43.841 5.07269e+09
1e+12 4.40096e+06 44.0096 5.04349e+09
1e+12 4.41789e+06 44.1789 5.01444e+09
1e+12 4.43488e+06 44.3488 4.98558e+09
1e+12 4.45194e+06 44.5194 4.95687e+09
1e+12 4.46907e+06 44.6907 4.92832e+09
1e+12 4.48626e+06 44.8626 4.89994e+09
1e+12 4.50351e+06 45.0351 4.87173e+09
1e+12 4.52083e+06 45.2083 4.84369e+09
1e+12 4.53822e+06 45.3822 4.81579e+09
1e+12 4.55568e+06 45.5568 4.78806e+09
1e+12 4.5732e+06 45.732 4.76049e+09
1e+12 4.59079e+06 45.9079 4.73308e+09
1e+12 4.60845e+06 46.0845 4.70582e+09
1e+12 4.62617e+06 46.2617 4.67873e+09
1e+12 4.64397e+06 46.4397 4.65178e+09
1e+12 4.66183e+06 46.6183 4.625e+09
1e+12 4.67976e+06 46.7976 4.59836e+09
1e+12 4.69776e+06 46.9776 4.57188e+09
1e+12 4.71583e+06 47.1583 4.54555e+09
1e+12 4.73397e+06 47.3397 4.51937e+09
1e+12 4.75217e+06 47.5217 4.49336e+09
1e+12 4.77045e+06 47.7045 4.46748e+09
1e+12 4.7888e+06 47.888 4.44175e+09
1e+12 4.80722e+06 48.0722 4.41617e+09
1e+12 4.82571e+06 48.2571 4.39074e+09
1e+12 4.84427e+06 48.4427 4.36545e+09
1e+12 4.8629e+06 48.629 4.34032e+09
1e+12 4.88161e+06 48.8161 4.31531e+09
1e+12 4.90038e+06 49.0038 4.29047e+09
1e+12 4.91923e+06 49.1923 4.26575e+09
1e+12 4.93815e+06 49.3815 4.24119e+09
1e+12 4.95715e+06 49.5715 4.21675e+09
1e+12 4.97621e+06 49.7621 4.19247e+09
1e+12 4.99535e+06 49.9535 4.16833e+09
1e+12 5.01457e+06 50.1457 4.14431e+09
1e+12 5.03385e+06 50.3385 4.12045e+09
1e+12 5.05322e+06 50.5322 4.09671e+09
1e+12 5.07265e+06 50.7265 4.07312e+09
1e+12 5.09216e+06 50.9216 4.04966e+09
1e+12 5.11175e+06 51.1175 4.02633e+09
1e+12 5.13141e+06 51.3141 4.00314e+09
1e+12 5.15115e+06 51.5115 3.98007e+09
1e+12 5.17096e+06 51.7096 3.95715e+09
1e+12 5.19085e+06 51.9085 3.93436e+09
1e+12 5.21081e+06 52.1081 3.9117e+09
1e+12 5.23086e+06 52.3086 3.88916e+09
1e+12 5.25098e+06 52.5098 3.86675e+09
1e+12 5.27117e+06 52.7117 3.84449e+09
1e+12 5.29145e+06 52.9145 3.82233e+09
1e+12 5.3118e+06 53.118 3.80032e+09
1e+12 5.33223e+06 53.3223 3.77843e+09
1e+12 5.35274e+06 53.5274 3.75666e+09
1e+12 5.37333e+06 53.7333 3.73501e+09
1e+12 5.394e+06 53.94 3.71349e+09
1e+12 5.41474e+06 54.1474 3.69211e+09
1e+12 5.43557e+06 54.3557 3.67083e+09
1e+12 5.45648e+06 54.5648 3.64968e+09
1e+12 5.47746e+06 54.7746 3.62866e+09
1e+12 5.49853e+06 54.9853 3.60775e+09
1e+12 5.51968e+06 55.1968 3.58697e+09
1e+12 5.54091e+06 55.4091 3.5663e+09
1e+12 5.56222e+06 55.6222 3.54576e+09
1e+12 5.58362e+06 55.8362 3.52532e+09
1e+12 5.60509e+06 56.0509 3.50502e+09
1e+12 5.62665e+06 56.2665 3.48482e+09
1e+12 5.64829e+06 56.4829 3.46474e+09
1e+12 5.67002e+06 56.7002 3.44477e+09
1e+12 5.69183e+06 56.9183 3.42492e+09
1e+12 5.71372e+06 57.1372 3.40519e+09
1e+12 5.7357e+06 57.357 3.38557e+09
1e+12 5.75776e+06 57.5776 3.36606e+09
1e+12 5.7799e+06 57.799 3.34667e+09
1e+12 5.80214e+06 58.0214 3.32738e+09
1e+12 5.82445e+06 58.2445 3.30821e+09
1e+12 5.84685e+06 58.4685 3.28915e+09
1e+12 5.86934e+06 58.6934 3.27019e+09
1e+12 5.89192e+06 58.9192 3.25134e+09
1e+12 5.91458e+06 59.1458 3.23261e+09
1e+12 5.93733e+06 59.3733 3.21398e+09
1e+12 5.96017e+06 59.6017 3.19545e+09
1e+12 5.98309e+06 59.8309 3.17704e+09
1e+12 6.0061e+06 60.061 3.15873e+09
1e+12 6.02921e+06 60.2921 3.14052e+09
1e+12 6.0524e+06 60.524 3.12242e+09
1e+12 6.07567e+06 60.7567 3.10444e+09
1e+12 6.09904e+06 60.9904 3.08654e+09
1e+12 6.1225e+06 61.225 3.06875e+09
1e+12 6.14605e+06 61.4605 3.05107e+09
1e+12 6.16969e+06 61.6969 3.03348e+09
1e+12 6.19342e+06 61.9342 3.016e+09
1e+12 6.21724e+06 62.1724 2.99861e+09
1e+12 6.24116e+06 62.4116 2.98133e+09
1e+12 6.26516e+06 62.6516 2.96415e+09
1e+12 6.28926e+06 62.8926 2.94706e+09
1e+12 6.31345e+06 63.1345 2.93007e+09
1e+12 6.33773e+06 63.3773 2.91318e+09
1e+12 6.36211e+06 63.6211 2.89639e+09
1e+12 6.38658e+06 63.8658 2.87969e+09
1e+12 6.41115e+06 64.1115 2.86309e+09
1e+12 6.4358e+06 64.358 2.84659e+09
1e+12 6.46056e+06 64.6056 2.83018e+09
1e+12 6.48541e+06 64.8541 2.81386e+09
1e+12 6.51035e+06 65.1035 2.79765e+09
1e+12 6.53539e+06 65.3539 2.78152e+09
1e+12 6.56053e+06 65.6053 2.76548e+09
1e+12 6.58576e+06 65.8576 2.74954e+09
1e+12 6.6111e+06 66.111 2.73368e+09
1e+12 6.63652e+06 66.3652 2.71793e+09
1e+12 6.66205e+06 66.6205 2.70226e+09
1e+12 6.68767e+06 66.8767 2.68668e+09
1e+12 6.7134e+06 67.134 2.67118e+09
1e+12 6.73922e+06 67.3922 2.65578e+09
1e+12 6.76514e+06 67.6514 2.64047e+09
1e+12 6.79116e+06 67.9116 2.62525e+09
1e+12 6.81728e+06 68.1728 2.61011e+09
1e+12 6.8435e+06 68.435 2.59506e+09
1e+12 6.86982e+06 68.6982 2.5801e+09
1e+12 6.89625e+06 68.9625 2.56522e+09
1e+12 6.92277e+06 69.2277 2.55043e+09
1e+12 6.9494e+06 69.494 2.53572e+09
1e+12 6.97613e+06 69.7613 2.5211e+09
1e+12 7.00296e+06 70.0296 2.50657e+09
1e+12 7.0299e+06 70.299 2.49211e+09
1e+12 7.05694e+06 70.5694 2.47774e+09
1e+12 7.08408e+06 70.8408 2.46345e+09
1e+12 7.11133e+06 71.1133 2.44924e+09
1e+12 7.13868e+06 71.3868 2.43512e+09
1e+12 7.16614e+06 71.6614 2.42107e+09
1e+12 7.1937e+06 71.937 2.40711e+09
1e+12 7.22137e+06 72.2137 2.39323e+09
1e+12 7.24914e+06 72.4914 2.37943e+09
1e+12 7.27703e+06 72.7703 2.3657e+09
1e+12 7.30502e+06 73.0502 2.35206e+09
1e+12 7.33311e+06 73.3311 2.3385e+09
1e+12 7.36132e+06 73.6132 2.32501e+09
1e+12 7.38963e+06 73.8963 2.3116e+09
1e+12 7.41806e+06 74.1806 2.29826e+09
1e+12 7.44659e+06 74.4659 2.28501e+09
1e+12 7.47523e+06 74.7523 2.27183e+09
1e+12 7.50398e+06 75.0398 2.25873e+09
1e+12 7.53284e+06 75.3284 2.2457e+09
1e+12 7.56182e+06 75.6182 2.23274e+09
1e+12 7.5909e+06 75.909 2.21986e+09
1e+12 7.6201e+06 76.201 2.20706e+09
1e+12 7.64941e+06 76.4941 2.19432e+09
1e+12 7.67883e+06 76.7883 2.18167e+09
1e+12 7.70837e+06 77.0837 2.16908e+09
1e+12 7.73801e+06 77.3801 2.15657e+09
1e+12 7.76778e+06 77.6778 2.14413e+09
1e+12 7.79765e+06 77.9765 2.13176e+09
1e+12 7.82765e+06 78.2765 2.11946e+09
1e+12 7.85775e+06 78.5775 2.10723e+09
1e+12 7.88798e+06 78.8798 2.09507e+09
1e+12 7.91832e+06 79.1832 2.08298e+09
1e+12 7.94877e+06 79.4877 2.07097e+09
1e+12 7.97935e+06 79.7935 2.05902e+09
1e+12 8.01004e+06 80.1004 2.04714e+09
1e+12 8.04085e+06 80.4085 2.03532e+09
1e+12 8.07177e+06 80.7177 2.02358e+09
1e+12 8.10282e+06 81.0282 2.01191e+09
1e+12 8.13399e+06 81.3399 2.00029e+09
1e+12 8.16527e+06 81.6527 1.98875e+09
1e+12 8.19668e+06 81.9668 1.97728e+09
1e+12 8.2282e+06 82.282 1.96587e+09
1e+12 8.25985e+06 82.5985 1.95452e+09
1e+12 8.29162e+06 82.9162 1.94325e+09
1e+12 8.32352e+06 83.2352 1.93203e+09
1e+12 8.35553e+06 83.5553 1.92088e+09
1e+12 8.38767e+06 83.8767 1.90979e+09
1e+12 8.41993e+06 84.1993 1.89877e+09
1e+12 8.45231e+06 84.5231 1.88782e+09
1e+12 8.48482e+06 84.8482 1.87692e+09
1e+12 8.51746e+06 85.1746 1.86609e+09
1e+12 8.55022e+06 85.5022 1.85532e+09
1e+12 8.58311e+06 85.8311 1.84461e+09
1e+12 8.61612e+06 86.1612 1.83396e+09
1e+12 8.64926e+06 86.4926 1.82338e+09
1e+12 8.68253e+06 86.8253 1.81285e+09
1e+12 8.71592e+06 87.1592 1.80239e+09
1e+12 8.74945e+06 87.4945 1.79198e+09
1e+12 8.7831e+06 87.831 1.78164e+09
1e+12 8.81688e+06 88.1688 1.77135e+09
1e+12 8.8508e+06 88.508 1.76113e+09
1e+12 8.88484e+06 88.8484 1.75096e+09
1e+12 8.91901e+06 89.1901 1.74085e+09
1e+12 8.95332e+06 89.5332 1.7308e+09
1e+12 8.98775e+06 89.8775 1.72081e+09
1e+12 9.02232e+06 90.2232 1.71088e+09
1e+12 9.05703e+06 90.5703 1.701e+09
1e+12 9.09186e+06 90.9186 1.69118e+09
1e+12 9.12683e+06 91.2683 1.68142e+09
1e+12 9.16194e+06 91.6194 1.67171e+09
1e+12 9.19718e+06 91.9718 1.66205e+09
1e+12 9.23255e+06 92.3255 1.65246e+09
1e+12 9.26806e+06 92.6806 1.64292e+09
1e+12 9.30371e+06 93.0371 1.63343e+09
1e+12 9.3395e+06 93.395 1.624e+09
1e+12 9.37542e+06 93.7542 1.61462e+09
1e+12 9.41148e+06 94.1148 1.6053e+09
1e+12 9.44768e+06 94.4768 1.59603e+09
1e+12 9.48402e+06 94.8402 1.58681e+09
1e+12 9.5205e+06 95.205 1.57764e+09
1e+12 9.55711e+06 95.5711 1.56854e+09
1e+12 9.59387e+06 95.9387 1.55948e+09
1e+12 9.63077e+06 96.3077 1.55047e+09
1e+12 9.66782e+06 96.6782 1.54152e+09
1e+12 9.705e+06 97.05 1.53261e+09
1e+12 9.74233e+06 97.4233 1.52376e+09
1e+12 9.7798e+06 97.798 1.51496e+09
1e+12 9.81742e+06 98.1742 1.50621e+09
1e+12 9.85518e+06 98.5518 1.49751e+09
1e+12 9.89309e+06 98.9309 1.48886e+09
1e+12 9.93114e+06 99.3114 1.48026e+09
1e+12 9.96934e+06 99.6934 1.47171e+09
1e+12 1.00077e+07 100.077 1.4632e+09
1e+12 1.00462e+07 100.462 1.45475e+09
1e+12 1.00848e+07 100.848 1.44635e+09
1e+12 1.01236e+07 101.236 1.438e+09
1e+12 1.01625e+07 101.625 1.4297e+09
1e+12 1.02016e+07 102.016 1.42144e+09
1e+12 1.02409e+07 102.409 1.41321e+09
1e+12 1.02803e+07 102.803 1.40504e+09
1e+12 1.03198e+07 103.198 1.39693e+09
1e+12 1.03595e+07 103.595 1.38886e+09
1e+12 1.03993e+07 103.993 1.38085e+09
1e+12 1.04393e+07 104.393 1.37287e+09
1e+12 1.04795e+07 104.795 1.36493e+09
1e+12 1.05198e+07 105.198 1.35704e+09
1e+12 1.05603e+07 105.603 1.34919e+09
1e+12 1.06009e+07 106.009 1.3414e+09
1e+12 1.06417e+07 106.417 1.33364e+09
1e+12 1.06826e+07 106.826 1.32594e+09
1e+12 1.07237e+07 107.237 1.31828e+09
1e+12 1.07649e+07 107.649 1.31067e+09
1e+12 1.08063e+07 108.063 1.30309e+09
1e+12 1.08479e+07 108.479 1.29556e+09
1e+12 1.08896e+07 108.896 1.28807e+09
1e+12 1.09315e+07 109.315 1.28063e+09
1e+12 1.09735e+07 109.735 1.27323e+09
1e+12 1.10157e+07 110.157 1.26588e+09
1e+12 1.10581e+07 110.581 1.25855e+09
1e+12 1.11007e+07 111.007 1.25127e+09
1e+12 1.11433e+07 111.433 1.24405e+09
1e+12 1.11862e+07 111.862 1.23685e+09
1e+12 1.12292e+07 112.292 1.22971e+09
1e+12 1.12724e+07 112.724 1.2226e+09
1e+12 1.13158e+07 113.158 1.21552e+09
1e+12 1.13593e+07 113.593 1.2085e+09
1e+12 1.1403e+07 114.03 1.20151e+09
1e+12 1.14469e+07 114.469 1.19456e+09
1e+12 1.14909e+07 114.909 1.18766e+09
1e+12 1.15351e+07 115.351 1.18079e+09
1e+12 1.15794e+07 115.794 1.17397e+09
1e+12 1.1624e+07 116.24 1.16718e+09
1e+12 1.16687e+07 116.687 1.16043e+09
1e+12 1.17136e+07 117.136 1.15372e+09
1e+12 1.17586e+07 117.586 1.14705e+09
1e+12 1.18039e+07 118.039 1.14041e+09
1e+12 1.18493e+07 118.493 1.13382e+09
1e+12 1.18948e+07 118.948 1.12727e+09
1e+12 1.19406e+07 119.406 1.12074e+09
1e+12 1.19865e+07 119.865 1.11427e+09
1e+12 1.20326e+07 120.326 1.10782e+09
1e+12 1.20789e+07 120.789 1.10141e+09
1e+12 1.21254e+07 121.254 1.09504e+09
1e+12 1.2172e+07 121.72 1.08871e+09
1e+12 1.22188e+07 122.188 1.08242e+09
1e+12 1.22658e+07 122.658 1.07615e+09
1e+12 1.2313e+07 123.13 1.06993e+09
1e+12 1.23603e+07 123.603 1.06375e+09
1e+12 1.24079e+07 124.079 1.05759e+09
1e+12 1.24556e+07 124.556 1.05147e+09
1e+12 1.25035e+07 125.035 1.04539e+09
1e+12 1.25516e+07 125.516 1.03934e+09
1e+12 1.25999e+07 125.999 1.03333e+09
1e+12 1.26484e+07 126.484 1.02734e+09
1e+12 1.2697e+07 126.97 1.02141e+09
1e+12 1.27458e+07 127.458 1.0155e+09
1e+12 1.27949e+07 127.949 1.00962e+09
1e+12 1.28441e+07 128.441 1.00378e+09
1e+12 1.28935e+07 128.935 9.97969e+08
1e+12 1.29431e+07 129.431 9.92194e+08
1e+12 1.29929e+07 129.929 9.86451e+08
1e+12 1.30428e+07 130.428 9.80751e+08
1e+12 1.3093e+07 130.93 9.75072e+08
1e+12 1.31434e+07 131.434 9.69425e+08
1e+12 1.31939e+07 131.939 9.63821e+08
1e+12 1.32447e+07 132.447 9.58237e+08
1e+12 1.32956e+07 132.956 9.52696e+08
1e+12 1.33467e+07 133.467 9.47187e+08
1e+12 1.33981e+07 133.981 9.41698e+08
1e+12 1.34496e+07 134.496 9.36251e+08
1e+12 1.35013e+07 135.013 9.30835e+08
1e+12 1.35533e+07 135.533 9.25441e+08
1e+12 1.36054e+07 136.054 9.20087e+08
1e+12 1.36577e+07 136.577 9.14764e+08
1e+12 1.37103e+07 137.103 9.09462e+08
1e+12 1.3763e+07 137.63 9.04201e+08
1e+12 1.38159e+07 138.159 8.9897e+08
1e+12 1.38691e+07 138.691 8.9376e+08
1e+12 1.39224e+07 139.224 8.8859e+08
1e+12 1.3976e+07 139.76 8.8344e+08
1e+12 1.40297e+07 140.297 8.78331e+08
1e+12 1.40837e+07 140.837 8.73242e+08
1e+12 1.41379e+07 141.379 8.68183e+08
1e+12 1.41922e+07 141.922 8.63163e+08
1e+12 1.42468e+07 142.468 8.58164e+08
1e+12 1.43016e+07 143.016 8.53195e+08
1e+12 1.43566e+07 143.566 8.48255e+08
1e+12 1.44118e+07 144.118 8.43344e+08
1e+12 1.44673e+07 144.673 8.38455e+08
1e+12 1.45229e+07 145.229 8.33603e+08
1e+12 1.45788e+07 145.788 8.28772e+08
1e+12 1.46349e+07 146.349 8.2397e+08
1e+12 1.46911e+07 146.911 8.19205e+08
1e+12 1.47477e+07 147.477 8.14452e+08
1e+12 1.48044e+07 148.044 8.09737e+08
1e+12 1.48613e+07 148.613 8.0505e+08
1e+12 1.49185e+07 149.185 8.00383e+08
1e+12 1.49759e+07 149.759 7.95745e+08
1e+12 1.50335e+07 150.335 7.91136e+08
1e+12 1.50913e+07 150.913 7.86555e+08
1e+12 1.51493e+07 151.493 7.82001e+08
1e+12 1.52076e+07 152.076 7.77469e+08
1e+12 1.52661e+07 152.661 7.72964e+08
1e+12 1.53248e+07 153.248 7.68487e+08
1e+12 1.53838e+07 153.838 7.6403e+08
1e+12 1.54429e+07 154.429 7.59608e+08
1e+12 1.55023e+07 155.023 7.55206e+08
1e+12 1.5562e+07 155.62 7.50825e+08
1e+12 1.56218e+07 156.218 7.46478e+08
1e+12 1.56819e+07 156.819 7.42151e+08
1e+12 1.57422e+07 157.422 7.37851e+08
1e+12 1.58028e+07 158.028 7.33572e+08
1e+12 1.58635e+07 158.635 7.29326e+08
1e+12 1.59246e+07 159.246 7.25093e+08
1e+12 1.59858e+07 159.858 7.20894e+08
1e+12 1.60473e+07 160.473 7.16715e+08
1e+12 1.6109e+07 161.09 7.12562e+08
1e+12 1.6171e+07 161.71 7.08429e+08
1e+12 1.62332e+07 162.332 7.04322e+08
1e+12 1.62956e+07 162.956 7.00242e+08
1e+12 1.63583e+07 163.583 6.96181e+08
1e+12 1.64212e+07 164.212 6.92146e+08
1e+12 1.64844e+07 164.844 6.88131e+08
1e+12 1.65478e+07 165.478 6.84141e+08
1e+12 1.66114e+07 166.114 6.80178e+08
1e+12 1.66753e+07 166.753 6.76233e+08
1e+12 1.67395e+07 167.395 6.72309e+08
1e+12 1.68038e+07 168.038 6.68415e+08
1e+12 1.68685e+07 168.685 6.64535e+08
1e+12 1.69334e+07 169.334 6.6068e+08
1e+12 1.69985e+07 169.985 6.56851e+08
1e+12 1.70639e+07 170.639 6.5304e+08
1e+12 1.71295e+07 171.295 6.49255e+08
1e+12 1.71954e+07 171.954 6.45488e+08
1e+12 1.72615e+07 172.615 6.41747e+08
1e+12 1.73279e+07 173.279 6.38024e+08
1e+12 1.73946e+07 173.946 6.3432e+08
1e+12 1.74615e+07 174.615 6.30641e+08
1e+12 1.75286e+07 175.286 6.26986e+08
1e+12 1.7596e+07 175.96 6.2335e+08
1e+12 1.76637e+07 176.637 6.19733e+08
1e+12 1.77317e+07 177.317 6.16134e+08
1e+12 1.77999e+07 177.999 6.12559e+08
1e+12 1.78683e+07 178.683 6.09009e+08
1e+12 1.79371e+07 179.371 6.05471e+08
1e+12 1.80061e+07 180.061 6.01958e+08
1e+12 1.80753e+07 180.753 5.98468e+08
1e+12 1.81448e+07 181.448 5.94996e+08
1e+12 1.82146e+07 182.146 5.91543e+08
1e+12 1.82847e+07 182.847 5.88108e+08
1e+12 1.8355e+07 183.55 5.84696e+08
1e+12 1.84256e+07 184.256 5.81303e+08
1e+12 1.84965e+07 184.965 5.77927e+08
1e+12 1.85676e+07 185.676 5.74575e+08
1e+12 1.8639e+07 186.39 5.71241e+08
1e+12 1.87107e+07 187.107 5.67924e+08
1e+12 1.87827e+07 187.827 5.64626e+08
1e+12 1.88549e+07 188.549 5.6135e+08
1e+12 1.89275e+07 189.275 5.58088e+08
1e+12 1.90003e+07 190.003 5.54848e+08
1e+12 1.90733e+07 190.733 5.5163e+08
1e+12 1.91467e+07 191.467 5.48426e+08
1e+12 1.92203e+07 192.203 5.45243e+08
1e+12 1.92943e+07 192.943 5.42074e+08
1e+12 1.93685e+07 193.685 5.38927e+08
1e+12 1.9443e+07 194.43 5.35797e+08
1e+12 1.95178e+07 195.178 5.32685e+08
1e+12 1.95928e+07 195.928 5.29595e+08
1e+12 1.96682e+07 196.682 5.26517e+08
1e+12 1.97438e+07 197.438 5.23461e+08
1e+12 1.98198e+07 198.198 5.20419e+08
1e+12 1.9896e+07 198.96 5.17397e+08
1e+12 1.99725e+07 199.725 5.14393e+08
1e+12 2.00494e+07 200.494 5.11402e+08
1e+12 2.01265e+07 201.265 5.08432e+08
1e+12 2.02039e+07 202.039 5.05478e+08
1e+12 2.02816e+07 202.816 5.02542e+08
1e+12 2.03596e+07 203.596 4.99623e+08
1e+12 2.04379e+07 204.379 4.9672e+08
1e+12 2.05165e+07 205.165 4.93834e+08
1e+12 2.05954e+07 205.954 4.90965e+08
1e+12 2.06747e+07 206.747 4.8811e+08
1e+12 2.07542e+07 207.542 4.85274e+08
1e+12 2.0834e+07 208.34 4.82455e+08
1e+12 2.09141e+07 209.141 4.79652e+08
1e+12 2.09946e+07 209.946 4.76862e+08
1e+12 2.10753e+07 210.753 4.74093e+08
1e+12 2.11564e+07 211.564 4.71336e+08
1e+12 2.12378e+07 212.378 4.68595e+08
1e+12 2.13195e+07 213.195 4.65871e+08
1e+12 2.14015e+07 214.015 4.63163e+08
1e+12 2.14838e+07 214.838 4.60471e+08
1e+12 2.15664e+07 215.664 4.57795e+08
1e+12 2.16494e+07 216.494 4.55132e+08
1e+12 2.17326e+07 217.326 4.52488e+08
1e+12 2.18162e+07 218.162 4.49856e+08
1e+12 2.19001e+07 219.001 4.47241e+08
1e+12 2.19844e+07 219.844 4.44638e+08
1e+12 2.20689e+07 220.689 4.42054e+08
1e+12 2.21538e+07 221.538 4.39483e+08
1e+12 2.2239e+07 222.39 4.36927e+08
1e+12 2.23246e+07 223.246 4.34384e+08
1e+12 2.24104e+07 224.104 4.3186e+08
1e+12 2.24966e+07 224.966 4.29348e+08
1e+12 2.25832e+07 225.832 4.26848e+08
1e+12 2.267e+07 226.7 4.24367e+08
1e+12 2.27572e+07 227.572 4.21898e+08
1e+12 2.28447e+07 228.447 4.19445e+08
1e+12 2.29326e+07 229.326 4.17004e+08
1e+12 2.30208e+07 230.208 4.14578e+08
1e+12 2.31094e+07 231.094 4.12164e+08
1e+12 2.31982e+07 231.982 4.09768e+08
1e+12 2.32875e+07 232.875 4.07382e+08
1e+12 2.3377e+07 233.77 4.05013e+08
1e+12 2.3467e+07 234.67 4.02653e+08
1e+12 2.35572e+07 235.572 4.00312e+08
1e+12 2.36478e+07 236.478 3.97982e+08
1e+12 2.37388e+07 237.388 3.95665e+08
1e+12 2.38301e+07 238.301 3.93362e+08
1e+12 2.39217e+07 239.217 3.91073e+08
1e+12 2.40138e+07 240.138 3.88795e+08
1e+12 2.41061e+07 241.061 3.86533e+08
1e+12 2.41988e+07 241.988 3.84283e+08
1e+12 2.42919e+07 242.919 3.82045e+08
1e+12 2.43854e+07 243.854 3.79819e+08
1e+12 2.44791e+07 244.791 3.7761e+08
1e+12 2.45733e+07 245.733 3.7541e+08
1e+12 2.46678e+07 246.678 3.73224e+08
1e+12 2.47627e+07 247.627 3.7105e+08
1e+12 2.48579e+07 248.579 3.6889e+08
1e+12 2.49536e+07 249.536 3.6674e+08
1e+12 2.50495e+07 250.495 3.64605e+08
1e+12 2.51459e+07 251.459 3.6248e+08
1e+12 2.52426e+07 252.426 3.60369e+08
1e+12 2.53397e+07 253.397 3.5827e+08
1e+12 2.54372e+07 254.372 3.56182e+08
1e+12 2.5535e+07 255.35 3.54108e+08
1e+12 2.56332e+07 256.332 3.52045e+08
1e+12 2.57318e+07 257.318 3.49994e+08
1e+12 2.58308e+07 258.308 3.47954e+08
1e+12 2.59301e+07 259.301 3.45927e+08
1e+12 2.60299e+07 260.299 3.4391e+08
1e+12 2.613e+07 261.3 3.41906e+08
1e+12 2.62305e+07 262.305 3.39913e+08
1e+12 2.63314e+07 263.314 3.37932e+08
1e+12 2.64327e+07 264.327 3.35962e+08
1e+12 2.65343e+07 265.343 3.34005e+08
1e+12 2.66364e+07 266.364 3.32057e+08
1e+12 2.67388e+07 267.388 3.30122e+08
1e+12 2.68417e+07 268.417 3.28197e+08
1e+12 2.69449e+07 269.449 3.26284e+08
1e+12 2.70486e+07 270.486 3.2438e+08
1e+12 2.71526e+07 271.526 3.2249e+08
1e+12 2.7257e+07 272.57 3.2061e+08
1e+12 2.73619e+07 273.619 3.18739e+08
1e+12 2.74671e+07 274.671 3.16881e+08
1e+12 2.75728e+07 275.728 3.15032e+08
1e+12 2.76788e+07 276.788 3.13195e+08
1e+12 2.77853e+07 277.853 3.11368e+08
1e+12 2.78921e+07 278.921 3.09553e+08
1e+12 2.79994e+07 279.994 3.07747e+08
1e+12 2.81071e+07 281.071 3.05951e+08
1e+12 2.82152e+07 282.152 3.04166e+08
1e+12 2.83237e+07 283.237 3.02392e+08
1e+12 2.84327e+07 284.327 3.00627e+08
1e+12 2.8542e+07 285.42 2.98873e+08
1e+12 2.86518e+07 286.518 2.97129e+08
1e+12 2.8762e+07 287.62 2.95395e+08
1e+12 2.88727e+07 288.727 2.9367e+08
1e+12 2.89837e+07 289.837 2.91957e+08
1e+12 2.90952e+07 290.952 2.90252e+08
1e+12 2.92071e+07 292.071 2.88558e+08
1e+12 2.93194e+07 293.194 2.86874e+08
1e+12 2.94322e+07 294.322 2.85199e+08
1e+12 2.95454e+07 295.454 2.83534e+08
1e+12 2.96591e+07 296.591 2.81878e+08
1e+12 2.97731e+07 297.731 2.80233e+08
1e+12 2.98877e+07 298.877 2.78596e+08
1e+12 3.00026e+07 300.026 2.7697e+08
1e+12 3.0118e+07 301.18 2.75352e+08
1e+12 3.02339e+07 302.339 2.73743e+08
1e+12 3.03501e+07 303.501 2.72146e+08
1e+12 3.04669e+07 304.669 2.70555e+08
1e+12 3.05841e+07 305.841 2.68974e+08
1e+12 3.07017e+07 307.017 2.67404e+08
1e+12 3.08198e+07 308.198 2.65841e+08
1e+12 3.09383e+07 309.383 2.64289e+08
1e+12 3.10573e+07 310.573 2.62744e+08
1e+12 3.11768e+07 311.768 2.61209e+08
1e+12 3.12967e+07 312.967 2.59682e+08
1e+12 3.14171e+07 314.171 2.58165e+08
1e+12 3.15379e+07 315.379 2.56656e+08
1e+12 3.16592e+07 316.592 2.55156e+08
1e+12 3.1781e+07 317.81 2.53665e+08
1e+12 3.19032e+07 319.032 2.52182e+08
1e+12 3.20259e+07 320.259 2.50708e+08
1e+12 3.21491e+07 321.491 2.49242e+08
1e+12 3.22728e+07 322.728 2.47785e+08
1e+12 3.23969e+07 323.969 2.46336e+08
1e+12 3.25215e+07 325.215 2.44896e+08
1e+12 3.26466e+07 326.466 2.43464e+08
1e+12 3.27722e+07 327.722 2.4204e+08
1e+12 3.28982e+07 328.982 2.40625e+08
1e+12 3.30248e+07 330.248 2.39217e+08
1e+12 3.31518e+07 331.518 2.37818e+08
1e+12 3.32793e+07 332.793 2.36427e+08
1e+12 3.34073e+07 334.073 2.35044e+08
1e+12 3.35358e+07 335.358 2.33668e+08
1e+12 3.36648e+07 336.648 2.32301e+08
1e+12 3.37943e+07 337.943 2.30942e+08
1e+12 3.39242e+07 339.242 2.29591e+08
1e+12 3.40547e+07 340.547 2.28248e+08
1e+12 3.41857e+07 341.857 2.26912e+08
1e+12 3.43172e+07 343.172 2.25584e+08
1e+12 3.44492e+07 344.492 2.24263e+08
1e+12 3.45817e+07 345.817 2.2295e+08
1e+12 3.47147e+07 347.147 2.21645e+08
1e+12 3.48482e+07 348.482 2.20348e+08
1e+12 3.49823e+07 349.823 2.19057e+08
1e+12 3.51168e+07 351.168 2.17775e+08
1e+12 3.52519e+07 352.519 2.165e+08
1e+12 3.53875e+07 353.875 2.15232e+08
1e+12 3.55236e+07 355.236 2.13972e+08
1e+12 3.56602e+07 356.602 2.12719e+08
1e+12 3.57974e+07 357.974 2.11473e+08
1e+12 3.59351e+07 359.351 2.10234e+08
1e+12 3.60733e+07 360.733 2.09002e+08
1e+12 3.6212e+07 362.12 2.07778e+08
1e+12 3.63513e+07 363.513 2.06561e+08
1e+12 3.64911e+07 364.911 2.05351e+08
1e+12 3.66315e+07 366.315 2.04147e+08
1e+12 3.67724e+07 367.724 2.02951e+08
1e+12 3.69138e+07 369.138 2.01762e+08
1e+12 3.70558e+07 370.558 2.00579e+08
1e+12 3.71983e+07 371.983 1.99404e+08
1e+12 3.73414e+07 373.414 1.98235e+08
1e+12 3.7485e+07 374.85 1.97073e+08
1e+12 3.76292e+07 376.292 1.95917e+08
1e+12 3.77739e+07 377.739 1.94769e+08
1e+12 3.79192e+07 379.192 1.93627e+08
1e+12 3.80651e+07 380.651 1.92491e+08
1e+12 3.82115e+07 382.115 1.91362e+08
1e+12 3.83585e+07 383.585 1.9024e+08
1e+12 3.8506e+07 385.06 1.89124e+08
1e+12 3.86541e+07 386.541 1.88015e+08
1e+12 3.88028e+07 388.028 1.86912e+08
1e+12 3.8952e+07 389.52 1.85816e+08
1e+12 3.91019e+07 391.019 1.84725e+08
1e+12 3.92523e+07 392.523 1.83641e+08
1e+12 3.94032e+07 394.032 1.82564e+08
1e+12 3.95548e+07 395.548 1.81493e+08
1e+12 3.97069e+07 397.069 1.80428e+08
1e+12 3.98597e+07 398.597 1.79368e+08
1e+12 4.0013e+07 400.13 1.78316e+08
1e+12 4.01669e+07 401.669 1.77269e+08
1e+12 4.03214e+07 403.214 1.76228e+08
1e+12 4.04764e+07 404.764 1.75194e+08
1e+12 4.06321e+07 406.321 1.74165e+08
1e+12 4.07884e+07 407.884 1.73143e+08
1e+12 4.09453e+07 409.453 1.72126e+08
1e+12 4.11028e+07 411.028 1.71115e+08
1e+12 4.12609e+07 412.609 1.7011e+08
1e+12 4.14196e+07 414.196 1.69111e+08
1e+12 4.15789e+07 415.789 1.68117e+08
1e+12 4.17388e+07 417.388 1.6713e+08
1e+12 4.18994e+07 418.994 1.66148e+08
1e+12 4.20605e+07 420.605 1.65172e+08
1e+12 4.22223e+07 422.223 1.64201e+08
1e+12 4.23847e+07 423.847 1.63236e+08
1e+12 4.25477e+07 425.477 1.62277e+08
1e+12 4.27114e+07 427.114 1.61323e+08
1e+12 4.28757e+07 428.757 1.60375e+08
1e+12 4.30406e+07 430.406 1.59432e+08
1e+12 4.32061e+07 432.061 1.58495e+08
1e+12 4.33723e+07 433.723 1.57563e+08
1e+12 4.35391e+07 435.391 1.56637e+08
1e+12 4.37066e+07 437.066 1.55715e+08
1e+12 4.38747e+07 438.747 1.548e+08
1e+12 4.40434e+07 440.434 1.53889e+08
1e+12 4.42129e+07 442.129 1.52984e+08
1e+12 4.43829e+07 443.829 1.52084e+08
1e+12 4.45536e+07 445.536 1.5119e+08
1e+12 4.4725e+07 447.25 1.503e+08
1e+12 4.4897e+07 448.97 1.49416e+08
1e+12 4.50697e+07 450.697 1.48536e+08
1e+12 4.5243e+07 452.43 1.47663e+08
1e+12 4.54171e+07 454.171 1.46793e+08
1e+12 4.55918e+07 455.918 1.45929e+08
1e+12 4.57671e+07 457.671 1.4507e+08
1e+12 4.59431e+07 459.431 1.44216e+08
1e+12 4.61199e+07 461.199 1.43367e+08
1e+12 4.62972e+07 462.972 1.42523e+08
1e+12 4.64753e+07 464.753 1.41684e+08
1e+12 4.66541e+07 466.541 1.40849e+08
1e+12 4.68335e+07 468.335 1.4002e+08
1e+12 4.70137e+07 470.137 1.39195e+08
1e+12 4.71945e+07 471.945 1.38375e+08
1e+12 4.7376e+07 473.76 1.3756e+08
1e+12 4.75582e+07 475.582 1.3675e+08
1e+12 4.77412e+07 477.412 1.35944e+08
1e+12 4.79248e+07 479.248 1.35143e+08
1e+12 4.81091e+07 481.091 1.34347e+08
1e+12 4.82942e+07 482.942 1.33554e+08
1e+12 4.84799e+07 484.799 1.32767e+08
1e+12 4.86664e+07 486.664 1.31985e+08
1e+12 4.88536e+07 488.536 1.31207e+08
1e+12 4.90415e+07 490.415 1.30433e+08
1e+12 4.92301e+07 492.301 1.29664e+08
1e+12 4.94195e+07 494.195 1.28899e+08
1e+12 4.96095e+07 496.095 1.28139e+08
1e+12 4.98004e+07 498.004 1.27383e+08
1e+12 4.99919e+07 499.919 1.26632e+08
1e+12 5.01842e+07 501.842 1.25885e+08
1e+12 5.03772e+07 503.772 1.25142e+08
1e+12 5.0571e+07 505.71 1.24404e+08
1e+12 5.07655e+07 507.655 1.2367e+08
1e+12 5.09607e+07 509.607 1.2294e+08
1e+12 5.11568e+07 511.568 1.22214e+08
1e+12 5.13535e+07 513.535 1.21493e+08
1e+12 5.1551e+07 515.51 1.20776e+08
1e+12 5.17493e+07 517.493 1.20063e+08
1e+12 5.19484e+07 519.484 1.19354e+08
1e+12 5.21482e+07 521.482 1.18649e+08
1e+12 5.23487e+07 523.487 1.17949e+08
1e+12 5.25501e+07 525.501 1.17252e+08
1e+12 5.27522e+07 527.522 1.1656e+08
1e+12 5.29551e+07 529.551 1.15871e+08
1e+12 5.31588e+07 531.588 1.15186e+08
1e+12 5.33633e+07 533.633 1.14506e+08
1e+12 5.35685e+07 535.685 1.13829e+08
1e+12 5.37746e+07 537.746 1.13157e+08
1e+12 5.39814e+07 539.814 1.12488e+08
1e+12 5.4189e+07 541.89 1.11823e+08
1e+12 5.43974e+07 543.974 1.11162e+08
1e+12 5.46067e+07 546.067 1.10505e+08
1e+12 5.48167e+07 548.167 1.09852e+08
1e+12 5.50276e+07 550.276 1.09202e+08
1e+12 5.52392e+07 552.392 1.08556e+08
1e+12 5.54517e+07 554.517 1.07914e+08
1e+12 5.5665e+07 556.65 1.07276e+08
1e+12 5.58791e+07 558.791 1.06641e+08
1e+12 5.6094e+07 560.94 1.0601e+08
1e+12 5.63097e+07 563.097 1.05383e+08
1e+12 5.65263e+07 565.263 1.0476e+08
1e+12 5.67437e+07 567.437 1.0414e+08
1e+12 5.6962e+07 569.62 1.03523e+08
1e+12 5.71811e+07 571.811 1.0291e+08
1e+12 5.7401e+07 574.01 1.02301e+08
1e+12 5.76218e+07 576.218 1.01696e+08
1e+12 5.78434e+07 578.434 1.01094e+08
1e+12 5.80659e+07 580.659 1.00495e+08
1e+12 5.82893e+07 582.893 9.98996e+07
1e+12 5.85135e+07 585.135 9.93079e+07
1e+12 5.87385e+07 587.385 9.87198e+07
1e+12 5.89644e+07 589.644 9.81351e+07
1e+12 5.91912e+07 591.912 9.75536e+07
1e+12 5.94189e+07 594.189 9.69755e+07
1e+12 5.96474e+07 596.474 9.64009e+07
1e+12 5.98769e+07 598.769 9.58294e+07
1e+12 6.01072e+07 601.072 9.52614e+07
1e+12 6.03384e+07 603.384 9.46967e+07
1e+12 6.05704e+07 605.704 9.41354e+07
1e+12 6.08034e+07 608.034 9.35772e+07
1e+12 6.10373e+07 610.373 9.30222e+07
1e+12 6.12721e+07 612.721 9.24705e+07
1e+12 6.15077e+07 615.077 9.19222e+07
1e+12 6.17443e+07 617.443 9.13768e+07
1e+12 6.19818e+07 619.818 9.08347e+07
1e+12 6.22202e+07 622.202 9.02957e+07
1e+12 6.24595e+07 624.595 8.976e+07
1e+12 6.26997e+07 626.997 8.92274e+07
1e+12 6.29409e+07 629.409 8.86977e+07
1e+12 6.3183e+07 631.83 8.81712e+07
1e+12 6.3426e+07 634.26 8.76478e+07
1e+12 6.367e+07 636.7 8.71273e+07
1e+12 6.39149e+07 639.149 8.66099e+07
1e+12 6.41607e+07 641.607 8.60956e+07
1e+12 6.44075e+07 644.075 8.55842e+07
1e+12 6.46552e+07 646.552 8.50759e+07
1e+12 6.49039e+07 649.039 8.45705e+07
1e+12 6.51535e+07 651.535 8.40681e+07
1e+12 6.54041e+07 654.041 8.35685e+07
1e+12 6.56557e+07 656.557 8.30718e+07
1e+12 6.59082e+07 659.082 8.25781e+07
1e+12 6.61617e+07 661.617 8.20873e+07
1e+12 6.64162e+07 664.162 8.15992e+07
1e+12 6.66717e+07 666.717 8.1114e+07
1e+12 6.69281e+07 669.281 8.06317e+07
1e+12 6.71855e+07 671.855 8.01522e+07
1e+12 6.74439e+07 674.439 7.96755e+07
1e+12 6.77034e+07 677.034 7.92014e+07
1e+12 6.79638e+07 679.638 7.87302e+07
1e+12 6.82252e+07 682.252 7.82618e+07
1e+12 6.84876e+07 684.876 7.77961e+07
1e+12 6.8751e+07 687.51 7.73332e+07
1e+12 6.90154e+07 690.154 7.68729e+07
1e+12 6.92809e+07 692.809 7.64152e+07
1e+12 6.95474e+07 695.474 7.59602e+07
1e+12 6.98149e+07 698.149 7.55079e+07
1e+12 7.00834e+07 700.834 7.50583e+07
1e+12 7.0353e+07 703.53 7.46112e+07
1e+12 7.06236e+07 706.236 7.41668e+07
1e+12 7.08952e+07 708.952 7.3725e+07
1e+12 7.11679e+07 711.679 7.32857e+07
1e+12 7.14416e+07 714.416 7.28491e+07
1e+12 7.17164e+07 717.164 7.24149e+07
1e+12 7.19923e+07 719.923 7.19832e+07
1e+12 7.22692e+07 722.692 7.15541e+07
1e+12 7.25471e+07 725.471 7.11276e+07
1e+12 7.28262e+07 728.262 7.07034e+07
1e+12 7.31063e+07 731.063 7.02818e+07
1e+12 7.33875e+07 733.875 6.98626e+07
1e+12 7.36697e+07 736.697 6.94459e+07
1e+12 7.39531e+07 739.531 6.90316e+07
1e+12 7.42375e+07 742.375 6.86198e+07
1e+12 7.45231e+07 745.231 6.82102e+07
1e+12 7.48097e+07 748.097 6.78032e+07
1e+12 7.50975e+07 750.975 6.73984e+07
1e+12 7.53863e+07 753.863 6.69961e+07
1e+12 7.56763e+07 756.763 6.6596e+07
1e+12 7.59673e+07 759.673 6.61985e+07
1e+12 7.62595e+07 762.595 6.58031e+07
1e+12 7.65528e+07 765.528 6.54101e+07
1e+12 7.68473e+07 768.473 6.50193e+07
1e+12 7.71429e+07 771.429 6.46308e+07
1e+12 7.74396e+07 774.396 6.42446e+07
1e+12 7.77374e+07 777.374 6.38608e+07
1e+12 7.80364e+07 780.364 6.34791e+07
1e+12 7.83366e+07 783.366 6.30995e+07
1e+12 7.86379e+07 786.379 6.27223e+07
1e+12 7.89404e+07 789.404 6.23472e+07
1e+12 7.9244e+07 792.44 6.19744e+07
1e+12 7.95488e+07 795.488 6.16037e+07
1e+12 7.98548e+07 798.548 6.12352e+07
1e+12 8.01619e+07 801.619 6.08689e+07
1e+12 8.04702e+07 804.702 6.05047e+07
1e+12 8.07797e+07 807.797 6.01426e+07
1e+12 8.10904e+07 810.904 5.97827e+07
1e+12 8.14023e+07 814.023 5.94248e+07
1e+12 8.17154e+07 817.154 5.9069e+07
1e+12 8.20297e+07 820.297 5.87153e+07
1e+12 8.23452e+07 823.452 5.83637e+07
1e+12 8.2662e+07 826.62 5.80141e+07
1e+12 8.29799e+07 829.799 5.76666e+07
1e+12 8.32991e+07 832.991 5.73211e+07
1e+12 8.36195e+07 836.195 5.69776e+07
1e+12 8.39411e+07 839.411 5.66362e+07
1e+12 8.4264e+07 842.64 5.62967e+07
1e+12 8.45881e+07 845.881 5.59592e+07
1e+12 8.49134e+07 849.134 5.56237e+07
1e+12 8.524e+07 852.4 5.52902e+07
1e+12 8.55679e+07 855.679 5.49586e+07
1e+12 8.5897e+07 858.97 5.46289e+07
1e+12 8.62274e+07 862.274 5.43012e+07
1e+12 8.6559e+07 865.59 5.39754e+07
1e+12 8.6892e+07 868.92 5.36515e+07
1e+12 8.72262e+07 872.262 5.33295e+07
1e+12 8.75617e+07 875.617 5.30094e+07
1e+12 8.78985e+07 878.985 5.26911e+07
1e+12 8.82366e+07 882.366 5.23747e+07
1e+12 8.85759e+07 885.759 5.20602e+07
1e+12 8.89166e+07 889.166 5.17476e+07
1e+12 8.92586e+07 892.586 5.14367e+07
1e+12 8.96019e+07 896.019 5.11277e+07
1e+12 8.99466e+07 899.466 5.08204e+07
1e+12 9.02925e+07 902.925 5.0515e+07
1e+12 9.06398e+07 906.398 5.02114e+07
1e+12 9.09885e+07 909.885 4.99094e+07
1e+12 9.13384e+07 913.384 4.96094e+07
1e+12 9.16897e+07 916.897 4.93111e+07
1e+12 9.20424e+07 920.424 4.90145e+07
1e+12 9.23964e+07 923.964 4.87196e+07
1e+12 9.27518e+07 927.518 4.84265e+07
1e+12 9.31086e+07 931.086 4.81351e+07
1e+12 9.34667e+07 934.667 4.78454e+07
1e+12 9.38262e+07 938.262 4.75574e+07
1e+12 9.41871e+07 941.871 4.72711e+07
1e+12 9.45494e+07 945.494 4.69864e+07
1e+12 9.4913e+07 949.13 4.67035e+07
1e+12 9.52781e+07 952.781 4.64222e+07
1e+12 9.56445e+07 956.445 4.61426e+07
1e+12 9.60124e+07 960.124 4.58645e+07
1e+12 9.63817e+07 963.817 4.55881e+07
1e+12 9.67524e+07 967.524 4.53134e+07
1e+12 9.71246e+07 971.246 4.50402e+07
1e+12 9.74981e+07 974.981 4.47687e+07
1e+12 9.78731e+07 978.731 4.44987e+07
1e+12 9.82496e+07 982.496 4.42303e+07
1e+12 9.86275e+07 986.275 4.39635e+07
1e+12 9.90068e+07 990.068 4.36983e+07
1e+12 9.93877e+07 993.877 4.34346e+07
1e+12 9.97699e+07 997.699 4.31725e+07
1e+12 1.00154e+08 1001.54 4.29117e+07
1e+12 1.00539e+08 1005.39 4.26527e+07
1e+12 1.00926e+08 1009.26 4.2395e+07
1e+12 1.01314e+08 1013.14 4.21391e+07
1e+12 1.01703e+08 1017.03 4.1885e+07
1e+12 1.02095e+08 1020.95 4.16314e+07
1e+12 1.02487e+08 1024.87 4.13803e+07
1e+12 1.02882e+08 1028.82 4.11298e+07
1e+12 1.03277e+08 1032.77 4.08816e+07
1e+12 1.03674e+08 1036.74 4.06346e+07
1e+12 1.04073e+08 1040.73 4.03888e+07
1e+12 1.04474e+08 1044.74 4.01441e+07
1e+12 1.04875e+08 1048.75 3.99018e+07
1e+12 1.05279e+08 1052.79 3.966e+07
1e+12 1.05684e+08 1056.84 3.942e+07
1e+12 1.0609e+08 1060.9 3.91818e+07
1e+12 1.06498e+08 1064.98 3.89446e+07
1e+12 1.06908e+08 1069.08 3.87087e+07
1e+12 1.07319e+08 1073.19 3.84744e+07
1e+12 1.07732e+08 1077.32 3.82413e+07
1e+12 1.08146e+08 1081.46 3.80099e+07
1e+12 1.08562e+08 1085.62 3.77796e+07
1e+12 1.0898e+08 1089.8 3.75504e+07
1e+12 1.09399e+08 1093.99 3.73229e+07
1e+12 1.0982e+08 1098.2 3.70966e+07
1e+12 1.10242e+08 1102.42 3.68719e+07
1e+12 1.10666e+08 1106.66 3.66483e+07
1e+12 1.11092e+08 1110.92 3.64259e+07
1e+12 1.11519e+08 1115.19 3.62051e+07
1e+12 1.11948e+08 1119.48 3.59854e+07
1e+12 1.12379e+08 1123.79 3.57669e+07
1e+12 1.12811e+08 1128.11 3.55499e+07
1e+12 1.13245e+08 1132.45 3.53341e+07
1e+12 1.1368e+08 1136.8 3.51198e+07
1e+12 1.14118e+08 1141.18 3.49062e+07
1e+12 1.14556e+08 1145.56 3.46946e+07
1e+12 1.14997e+08 1149.97 3.44837e+07
1e+12 1.15439e+08 1154.39 3.42743e+07
1e+12 1.15883e+08 1158.83 3.4066e+07
1e+12 1.16329e+08 1163.29 3.38588e+07
1e+12 1.16777e+08 1167.77 3.36528e+07
1e+12 1.17226e+08 1172.26 3.34482e+07
1e+12 1.17677e+08 1176.77 3.32447e+07
1e+12 1.18129e+08 1181.29 3.30428e+07
1e+12 1.18584e+08 1185.84 3.28415e+07
1e+12 1.1904e+08 1190.4 3.26417e+07
1e+12 1.19498e+08 1194.98 3.24429e+07
1e+12 1.19957e+08 1199.57 3.22457e+07
1e+12 1.20419e+08 1204.19 3.20491e+07
1e+12 1.20882e+08 1208.82 3.1854e+07
1e+12 1.21347e+08 1213.47 3.166e+07
1e+12 1.21813e+08 1218.13 3.14674e+07
1e+12 1.22282e+08 1222.82 3.12754e+07
1e+12 1.22752e+08 1227.52 3.1085e+07
1e+12 1.23224e+08 1232.24 3.08955e+07
1e+12 1.23698e+08 1236.98 3.07071e+07
1e+12 1.24174e+08 1241.74 3.05198e+07
1e+12 1.24652e+08 1246.52 3.03335e+07
1e+12 1.25131e+08 1251.31 3.01486e+07
1e+12 1.25613e+08 1256.13 2.99644e+07
1e+12 1.26096e+08 1260.96 2.97816e+07
1e+12 1.26581e+08 1265.81 2.95998e+07
1e+12 1.27068e+08 1270.68 2.9419e+07
1e+12 1.27556e+08 1275.56 2.92396e+07
1e+12 1.28047e+08 1280.47 2.90609e+07
1e+12 1.28539e+08 1285.39 2.88835e+07
1e+12 1.29034e+08 1290.34 2.87068e+07
1e+12 1.2953e+08 1295.3 2.85314e+07
1e+12 1.30028e+08 1300.28 2.83571e+07
1e+12 1.30528e+08 1305.28 2.81837e+07
1e+12 1.31031e+08 1310.31 2.80111e+07
1e+12 1.31535e+08 1315.35 2.78397e+07
1e+12 1.3204e+08 1320.4 2.76697e+07
1e+12 1.32548e+08 1325.48 2.75003e+07
1e+12 1.33058e+08 1330.58 2.73319e+07
1e+12 1.3357e+08 1335.7 2.71645e+07
1e+12 1.34084e+08 1340.84 2.69981e+07
1e+12 1.34599e+08 1345.99 2.6833e+07
1e+12 1.35117e+08 1351.17 2.66685e+07
1e+12 1.35637e+08 1356.37 2.6505e+07
1e+12 1.36158e+08 1361.58 2.63428e+07
1e+12 1.36682e+08 1366.82 2.61812e+07
1e+12 1.37208e+08 1372.08 2.60206e+07
1e+12 1.37736e+08 1377.36 2.5861e+07
1e+12 1.38265e+08 1382.65 2.57026e+07
1e+12 1.38797e+08 1387.97 2.55448e+07
1e+12 1.39331e+08 1393.31 2.5388e+07
1e+12 1.39867e+08 1398.67 2.52322e+07
1e+12 1.40405e+08 1404.05 2.50772e+07
1e+12 1.40945e+08 1409.45 2.49233e+07
1e+12 1.41487e+08 1414.87 2.47702e+07
1e+12 1.42031e+08 1420.31 2.46181e+07
1e+12 1.42578e+08 1425.78 2.44666e+07
1e+12 1.43126e+08 1431.26 2.43164e+07
1e+12 1.43677e+08 1436.77 2.41668e+07
1e+12 1.44229e+08 1442.29 2.40183e+07
1e+12 1.44784e+08 1447.84 2.38705e+07
1e+12 1.45341e+08 1453.41 2.37237e+07
1e+12 1.459e+08 1459 2.35777e+07
1e+12 1.46461e+08 1464.61 2.34326e+07
1e+12 1.47024e+08 1470.24 2.32885e+07
1e+12 1.4759e+08 1475.9 2.3145e+07
1e+12 1.48157e+08 1481.57 2.30026e+07
1e+12 1.48727e+08 1487.27 2.28608e+07
1e+12 1.49299e+08 1492.99 2.272e+07
1e+12 1.49874e+08 1498.74 2.25798e+07
1e+12 1.5045e+08 1504.5 2.24407e+07
1e+12 1.51029e+08 1510.29 2.23023e+07
1e+12 1.5161e+08 1516.1 2.21647e+07
1e+12 1.52193e+08 1521.93 2.2028e+07
1e+12 1.52778e+08 1527.78 2.18922e+07
1e+12 1.53366e+08 1533.66 2.1757e+07
1e+12 1.53956e+08 1539.56 2.16227e+07
1e+12 1.54548e+08 1545.48 2.14892e+07
1e+12 1.55142e+08 1551.42 2.13566e+07
1e+12 1.55739e+08 1557.39 2.12246e+07
1e+12 1.56338e+08 1563.38 2.10934e+07
1e+12 1.56939e+08 1569.39 2.09632e+07
1e+12 1.57543e+08 1575.43 2.08335e+07
1e+12 1.58149e+08 1581.49 2.07047e+07
1e+12 1.58757e+08 1587.57 2.05767e+07
1e+12 1.59368e+08 1593.68 2.04493e+07
1e+12 1.59981e+08 1599.81 2.03228e+07
1e+12 1.60596e+08 1605.96 2.0197e+07
1e+12 1.61214e+08 1612.14 2.00719e+07
1e+12 1.61834e+08 1618.34 1.99477e+07
1e+12 1.62456e+08 1624.56 1.98242e+07
1e+12 1.63081e+08 1630.81 1.97014e+07
1e+12 1.63709e+08 1637.09 1.95791e+07
1e+12 1.64338e+08 1643.38 1.94579e+07
1e+12 1.6497e+08 1649.7 1.93373e+07
1e+12 1.65605e+08 1656.05 1.92173e+07
1e+12 1.66242e+08 1662.42 1.9098e+07
1e+12 1.66881e+08 1668.81 1.89796e+07
1e+12 1.67523e+08 1675.23 1.88618e+07
1e+12 1.68167e+08 1681.67 1.87448e+07
1e+12 1.68814e+08 1688.14 1.86284e+07
1e+12 1.69464e+08 1694.64 1.85125e+07
1e+12 1.70115e+08 1701.15 1.83977e+07
1e+12 1.7077e+08 1707.7 1.82832e+07
1e+12 1.71427e+08 1714.27 1.81695e+07
1e+12 1.72086e+08 1720.86 1.80566e+07
1e+12 1.72748e+08 1727.48 1.79443e+07
1e+12 1.73412e+08 1734.12 1.78328e+07
1e+12 1.74079e+08 1740.79 1.77218e+07
1e+12 1.74749e+08 1747.49 1.76114e+07
1e+12 1.75421e+08 1754.21 1.75018e+07
1e+12 1.76096e+08 1760.96 1.73928e+07
1e+12 1.76773e+08 1767.73 1.72845e+07
1e+12 1.77453e+08 1774.53 1.71768e+07
1e+12 1.78135e+08 1781.35 1.70698e+07
1e+12 1.78821e+08 1788.21 1.69633e+07
1e+12 1.79508e+08 1795.08 1.68577e+07
1e+12 1.80199e+08 1801.99 1.67524e+07
1e+12 1.80892e+08 1808.92 1.66479e+07
1e+12 1.81588e+08 1815.88 1.6544e+07
1e+12 1.82286e+08 1822.86 1.64408e+07
1e+12 1.82987e+08 1829.87 1.63382e+07
1e+12 1.83691e+08 1836.91 1.62361e+07
1e+12 1.84398e+08 1843.98 1.61346e+07
1e+12 1.85107e+08 1851.07 1.60338e+07
1e+12 1.85819e+08 1858.19 1.59336e+07
1e+12 1.86534e+08 1865.34 1.5834e+07
1e+12 1.87251e+08 1872.51 1.5735e+07
1e+12 1.87971e+08 1879.71 1.56366e+07
1e+12 1.88694e+08 1886.94 1.55387e+07
1e+12 1.8942e+08 1894.2 1.54415e+07
1e+12 1.90149e+08 1901.49 1.53447e+07
1e+12 1.9088e+08 1908.8 1.52487e+07
1e+12 1.91614e+08 1916.14 1.51532e+07
1e+12 1.92351e+08 1923.51 1.50582e+07
1e+12 1.93091e+08 1930.91 1.49638e+07
1e+12 1.93834e+08 1938.34 1.487e+07
1e+12 1.94579e+08 1945.79 1.47768e+07
1e+12 1.95328e+08 1953.28 1.4684e+07
1e+12 1.96079e+08 1960.79 1.45919e+07
1e+12 1.96833e+08 1968.33 1.45003e+07
1e+12 1.9759e+08 1975.9 1.44093e+07
1e+12 1.9835e+08 1983.5 1.43188e+07
1e+12 1.99113e+08 1991.13 1.42288e+07
1e+12 1.99879e+08 1998.79 1.41394e+07
1e+12 2.00648e+08 2006.48 1.40505e+07
1e+12 2.01419e+08 2014.19 1.39623e+07
1e+12 2.02194e+08 2021.94 1.38744e+07
1e+12 2.02972e+08 2029.72 1.37871e+07
1e+12 2.03753e+08 2037.53 1.37003e+07
1e+12 2.04536e+08 2045.36 1.36141e+07
1e+12 2.05323e+08 2053.23 1.35284e+07
1e+12 2.06113e+08 2061.13 1.34431e+07
1e+12 2.06905e+08 2069.05 1.33585e+07
1e+12 2.07701e+08 2077.01 1.32743e+07
1e+12 2.085e+08 2085 1.31906e+07
1e+12 2.09302e+08 2093.02 1.31074e+07
1e+12 2.10107e+08 2101.07 1.30247e+07
1e+12 2.10915e+08 2109.15 1.29426e+07
1e+12 2.11727e+08 2117.27 1.28608e+07
1e+12 2.12541e+08 2125.41 1.27796e+07
1e+12 2.13358e+08 2133.58 1.2699e+07
1e+12 2.14179e+08 2141.79 1.26187e+07
1e+12 2.15003e+08 2150.03 1.25389e+07
1e+12 2.1583e+08 2158.3 1.24597e+07
1e+12 2.1666e+08 2166.6 1.23809e+07
1e+12 2.17493e+08 2174.93 1.23026e+07
1e+12 2.1833e+08 2183.3 1.22247e+07
1e+12 2.1917e+08 2191.7 1.21473e+07
1e+12 2.20013e+08 2200.13 1.20704e+07
1e+12 2.20859e+08 2208.59 1.1994e+07
1e+12 2.21708e+08 2217.08 1.19181e+07
1e+12 2.22561e+08 2225.61 1.18425e+07
1e+12 2.23417e+08 2234.17 1.17674e+07
1e+12 2.24276e+08 2242.76 1.16928e+07
1e+12 2.25139e+08 2251.39 1.16186e+07
1e+12 2.26005e+08 2260.05 1.15449e+07
1e+12 2.26874e+08 2268.74 1.14717e+07
1e+12 2.27747e+08 2277.47 1.13988e+07
1e+12 2.28623e+08 2286.23 1.13264e+07
1e+12 2.29502e+08 2295.02 1.12545e+07
1e+12 2.30385e+08 2303.85 1.11829e+07
1e+12 2.31271e+08 2312.71 1.11118e+07
1e+12 2.32161e+08 2321.61 1.10411e+07
1e+12 2.33054e+08 2330.54 1.09709e+07
1e+12 2.3395e+08 2339.5 1.09011e+07
1e+12 2.3485e+08 2348.5 1.08317e+07
1e+12 2.35753e+08 2357.53 1.07627e+07
1e+12 2.3666e+08 2366.6 1.06942e+07
1e+12 2.3757e+08 2375.7 1.06261e+07
1e+12 2.38484e+08 2384.84 1.05583e+07
1e+12 2.39401e+08 2394.01 1.0491e+07
1e+12 2.40322e+08 2403.22 1.04241e+07
1e+12 2.41246e+08 2412.46 1.03576e+07
1e+12 2.42174e+08 2421.74 1.02915e+07
1e+12 2.43106e+08 2431.06 1.02257e+07
1e+12 2.44041e+08 2440.41 1.01604e+07
1e+12 2.44979e+08 2449.79 1.00956e+07
1e+12 2.45922e+08 2459.22 1.0031e+07
1e+12 2.46868e+08 2468.68 9.96684e+06
1e+12 2.47817e+08 2478.17 9.90314e+06
1e+12 2.4877e+08 2487.7 9.83979e+06
1e+12 2.49727e+08 2497.27 9.77681e+06
1e+12 2.50688e+08 2506.88 9.71419e+06
1e+12 2.51652e+08 2516.52 9.65199e+06
1e+12 2.5262e+08 2526.2 9.59015e+06
1e+12 2.53592e+08 2535.92 9.52867e+06
1e+12 2.54567e+08 2545.67 9.46761e+06
1e+12 2.55546e+08 2555.46 9.4069e+06
1e+12 2.56529e+08 2565.29 9.34654e+06
1e+12 2.57516e+08 2575.16 9.28654e+06
1e+12 2.58506e+08 2585.06 9.22695e+06
1e+12 2.595e+08 2595 9.16771e+06
1e+12 2.60499e+08 2604.99 9.10877e+06
1e+12 2.615e+08 2615 9.05028e+06
1e+12 2.62506e+08 2625.06 8.99209e+06
1e+12 2.63516e+08 2635.16 8.93424e+06
1e+12 2.6453e+08 2645.3 8.87674e+06
1e+12 2.65547e+08 2655.47 8.81964e+06
1e+12 2.66568e+08 2665.68 8.76288e+06
1e+12 2.67594e+08 2675.94 8.7064e+06
1e+12 2.68623e+08 2686.23 8.65032e+06
1e+12 2.69656e+08 2696.56 8.59458e+06
1e+12 2.70693e+08 2706.93 8.53918e+06
1e+12 2.71734e+08 2717.34 8.48411e+06
1e+12 2.7278e+08 2727.8 8.42933e+06
1e+12 2.73829e+08 2738.29 8.37493e+06
1e+12 2.74882e+08 2748.82 8.32087e+06
1e+12 2.75939e+08 2759.39 8.26714e+06
1e+12 2.77001e+08 2770.01 8.21369e+06
1e+12 2.78066e+08 2780.66 8.16062e+06
1e+12 2.79136e+08 2791.36 8.10782e+06
1e+12 2.80209e+08 2802.09 8.05541e+06
1e+12 2.81287e+08 2812.87 8.00327e+06
1e+12 2.82369e+08 2823.69 7.95145e+06
1e+12 2.83455e+08 2834.55 7.89996e+06
1e+12 2.84545e+08 2845.45 7.8488e+06
1e+12 2.8564e+08 2856.4 7.7979e+06
1e+12 2.86738e+08 2867.38 7.74738e+06
1e+12 2.87841e+08 2878.41 7.69713e+06
1e+12 2.88948e+08 2889.48 7.64719e+06
1e+12 2.9006e+08 2900.6 7.59753e+06
1e+12 2.91175e+08 2911.75 7.54822e+06
1e+12 2.92295e+08 2922.95 7.49919e+06
1e+12 2.9342e+08 2934.2 7.45043e+06
1e+12 2.94548e+08 2945.48 7.40202e+06
1e+12 2.95681e+08 2956.81 7.35388e+06
1e+12 2.96818e+08 2968.18 7.30605e+06
1e+12 2.9796e+08 2979.6 7.25849e+06
1e+12 2.99106e+08 2991.06 7.21123e+06
1e+12 3.00257e+08 3002.57 7.16424e+06
1e+12 3.01411e+08 3014.11 7.11759e+06
1e+12 3.02571e+08 3025.71 7.07117e+06
1e+12 3.03735e+08 3037.35 7.02505e+06
1e+12 3.04903e+08 3049.03 6.97923e+06
1e+12 3.06076e+08 3060.76 6.93367e+06
1e+12 3.07253e+08 3072.53 6.88841e+06
1e+12 3.08435e+08 3084.35 6.84341e+06
1e+12 3.09621e+08 3096.21 6.79871e+06
1e+12 3.10812e+08 3108.12 6.75427e+06
1e+12 3.12007e+08 3120.07 6.71012e+06
1e+12 3.13207e+08 3132.07 6.66622e+06
1e+12 3.14412e+08 3144.12 6.62259e+06
1e+12 3.15621e+08 3156.21 6.57924e+06
1e+12 3.16835e+08 3168.35 6.53614e+06
1e+12 3.18054e+08 3180.54 6.4933e+06
1e+12 3.19277e+08 3192.77 6.45075e+06
1e+12 3.20505e+08 3205.05 6.40845e+06
1e+12 3.21738e+08 3217.38 6.3664e+06
1e+12 3.22976e+08 3229.76 6.3246e+06
1e+12 3.24218e+08 3242.18 6.28308e+06
1e+12 3.25465e+08 3254.65 6.24181e+06
1e+12 3.26717e+08 3267.17 6.20078e+06
1e+12 3.27973e+08 3279.73 6.16004e+06
1e+12 3.29235e+08 3292.35 6.11951e+06
1e+12 3.30501e+08 3305.01 6.07926e+06
1e+12 3.31772e+08 3317.72 6.03925e+06
1e+12 3.33049e+08 3330.49 5.99945e+06
1e+12 3.3433e+08 3343.3 5.95992e+06
1e+12 3.35615e+08 3356.15 5.92067e+06
1e+12 3.36906e+08 3369.06 5.88163e+06
1e+12 3.38202e+08 3382.02 5.84283e+06
1e+12 3.39503e+08 3395.03 5.80426e+06
1e+12 3.40809e+08 3408.09 5.76594e+06
1e+12 3.4212e+08 3421.2 5.72785e+06
1e+12 3.43436e+08 3434.36 5.69e+06
1e+12 3.44757e+08 3447.57 5.65238e+06
1e+12 3.46083e+08 3460.83 5.615e+06
1e+12 3.47414e+08 3474.14 5.57786e+06
1e+12 3.4875e+08 3487.5 5.54094e+06
1e+12 3.50091e+08 3500.91 5.50426e+06
1e+12 3.51438e+08 3514.38 5.46778e+06
1e+12 3.5279e+08 3527.9 5.43154e+06
1e+12 3.54147e+08 3541.47 5.39552e+06
1e+12 3.55509e+08 3555.09 5.35973e+06
1e+12 3.56876e+08 3568.76 5.32417e+06
1e+12 3.58249e+08 3582.49 5.28881e+06
1e+12 3.59627e+08 3596.27 5.25368e+06
1e+12 3.6101e+08 3610.1 5.21877e+06
1e+12 3.62399e+08 3623.99 5.18406e+06
1e+12 3.63792e+08 3637.92 5.1496e+06
1e+12 3.65192e+08 3651.92 5.11532e+06
1e+12 3.66596e+08 3665.96 5.08128e+06
1e+12 3.68006e+08 3680.06 5.04743e+06
1e+12 3.69422e+08 3694.22 5.01379e+06
1e+12 3.70843e+08 3708.43 4.98036e+06
1e+12 3.72269e+08 3722.69 4.94715e+06
1e+12 3.73701e+08 3737.01 4.91414e+06
1e+12 3.75138e+08 3751.38 4.88134e+06
1e+12 3.76581e+08 3765.81 4.84874e+06
1e+12 3.7803e+08 3780.3 4.81633e+06
1e+12 3.79484e+08 3794.84 4.78413e+06
1e+12 3.80943e+08 3809.43 4.75215e+06
1e+12 3.82408e+08 3824.08 4.72035e+06
1e+12 3.83879e+08 3838.79 4.68875e+06
1e+12 3.85356e+08 3853.56 4.65734e+06
1e+12 3.86838e+08 3868.38 4.62614e+06
1e+12 3.88326e+08 3883.26 4.59512e+06
1e+12 3.8982e+08 3898.2 4.5643e+06
1e+12 3.91319e+08 3913.19 4.53368e+06
1e+12 3.92824e+08 3928.24 4.50324e+06
1e+12 3.94335e+08 3943.35 4.473e+06
1e+12 3.95852e+08 3958.52 4.44294e+06
1e+12 3.97374e+08 3973.74 4.41308e+06
1e+12 3.98903e+08 3989.03 4.38338e+06
1e+12 4.00437e+08 4004.37 4.35389e+06
1e+12 4.01977e+08 4019.77 4.32458e+06
1e+12 4.03523e+08 4035.23 4.29546e+06
1e+12 4.05075e+08 4050.75 4.26651e+06
1e+12 4.06633e+08 4066.33 4.23775e+06
1e+12 4.08197e+08 4081.97 4.20916e+06
1e+12 4.09768e+08 4097.68 4.18074e+06
1e+12 4.11344e+08 4113.44 4.15251e+06
1e+12 4.12926e+08 4129.26 4.12446e+06
1e+12 4.14514e+08 4145.14 4.09659e+06
1e+12 4.16108e+08 4161.08 4.06889e+06
1e+12 4.17709e+08 4177.09 4.04136e+06
1e+12 4.19315e+08 4193.15 4.01401e+06
1e+12 4.20928e+08 4209.28 3.98683e+06
1e+12 4.22547e+08 4225.47 3.95981e+06
1e+12 4.24173e+08 4241.73 3.93296e+06
1e+12 4.25804e+08 4258.04 3.90629e+06
1e+12 4.27442e+08 4274.42 3.87978e+06
1e+12 4.29086e+08 4290.86 3.85344e+06
1e+12 4.30736e+08 4307.36 3.82727e+06
1e+12 4.32393e+08 4323.93 3.80126e+06
1e+12 4.34056e+08 4340.56 3.77542e+06
1e+12 4.35726e+08 4357.26 3.74972e+06
1e+12 4.37402e+08 4374.02 3.7242e+06
1e+12 4.39084e+08 4390.84 3.69885e+06
1e+12 4.40773e+08 4407.73 3.67364e+06
1e+12 4.42468e+08 4424.68 3.6486e+06
1e+12 4.4417e+08 4441.7 3.62372e+06
1e+12 4.45878e+08 4458.78 3.599e+06
1e+12 4.47593e+08 4475.93 3.57442e+06
1e+12 4.49315e+08 4493.15 3.55e+06
1e+12 4.51043e+08 4510.43 3.52574e+06
1e+12 4.52778e+08 4527.78 3.50163e+06
1e+12 4.54519e+08 4545.19 3.47768e+06
1e+12 4.56268e+08 4562.68 3.45386e+06
1e+12 4.58023e+08 4580.23 3.43021e+06
1e+12 4.59784e+08 4597.84 3.40671e+06
1e+12 4.61553e+08 4615.53 3.38335e+06
1e+12 4.63328e+08 4633.28 3.36014e+06
1e+12 4.6511e+08 4651.1 3.33708e+06
1e+12 4.66899e+08 4668.99 3.31416e+06
1e+12 4.68695e+08 4686.95 3.29139e+06
1e+12 4.70498e+08 4704.98 3.26876e+06
1e+12 4.72307e+08 4723.07 3.24629e+06
1e+12 4.74124e+08 4741.24 3.22394e+06
1e+12 4.75948e+08 4759.48 3.20174e+06
1e+12 4.77778e+08 4777.78 3.17969e+06
1e+12 4.79616e+08 4796.16 3.15777e+06
1e+12 4.81461e+08 4814.61 3.13599e+06
1e+12 4.83313e+08 4833.13 3.11434e+06
1e+12 4.85172e+08 4851.72 3.09284e+06
1e+12 4.87038e+08 4870.38 3.07148e+06
1e+12 4.88911e+08 4889.11 3.05025e+06
1e+12 4.90791e+08 4907.91 3.02916e+06
1e+12 4.92679e+08 4926.79 3.0082e+06
1e+12 4.94574e+08 4945.74 2.98737e+06
1e+12 4.96476e+08 4964.76 2.96668e+06
1e+12 4.98386e+08 4983.86 2.94611e+06
1e+12 5.00303e+08 5003.03 2.92568e+06
1e+12 5.02227e+08 5022.27 2.90538e+06
1e+12 5.04159e+08 5041.59 2.88521e+06
1e+12 5.06098e+08 5060.98 2.86517e+06
1e+12 5.08045e+08 5080.45 2.84525e+06
1e+12 5.09999e+08 5099.99 2.82546e+06
1e+12 5.1196e+08 5119.6 2.80581e+06
1e+12 5.1393e+08 5139.3 2.78626e+06
1e+12 5.15906e+08 5159.06 2.76686e+06
1e+12 5.17891e+08 5178.91 2.74757e+06
1e+12 5.19883e+08 5198.83 2.7284e+06
1e+12 5.21882e+08 5218.82 2.70937e+06
1e+12 5.2389e+08 5238.9 2.69044e+06
1e+12 5.25905e+08 5259.05 2.67165e+06
1e+12 5.27927e+08 5279.27 2.65298e+06
1e+12 5.29958e+08 5299.58 2.63442e+06
1e+12 5.31996e+08 5319.96 2.61598e+06
1e+12 5.34043e+08 5340.43 2.59766e+06
1e+12 5.36097e+08 5360.97 2.57946e+06
1e+12 5.38159e+08 5381.59 2.56137e+06
1e+12 5.40229e+08 5402.29 2.5434e+06
1e+12 5.42306e+08 5423.06 2.52556e+06
1e+12 5.44392e+08 5443.92 2.50782e+06
1e+12 5.46486e+08 5464.86 2.49019e+06
1e+12 5.48588e+08 5485.88 2.47268e+06
1e+12 5.50698e+08 5506.98 2.45528e+06
1e+12 5.52816e+08 5528.16 2.438e+06
1e+12 5.54943e+08 5549.43 2.42082e+06
1e+12 5.57077e+08 5570.77 2.40376e+06
1e+12 5.5922e+08 5592.2 2.3868e+06
1e+12 5.61371e+08 5613.71 2.36996e+06
1e+12 5.6353e+08 5635.3 2.35323e+06
1e+12 5.65697e+08 5656.97 2.3366e+06
1e+12 5.67873e+08 5678.73 2.32008e+06
1e+12 5.70057e+08 5700.57 2.30367e+06
1e+12 5.7225e+08 5722.5 2.28736e+06
1e+12 5.74451e+08 5744.51 2.27116e+06
1e+12 5.76661e+08 5766.61 2.25506e+06
1e+12 5.78879e+08 5788.79 2.23907e+06
1e+12 5.81105e+08 5811.05 2.22318e+06
1e+12 5.8334e+08 5833.4 2.2074e+06
1e+12 5.85584e+08 5855.84 2.19171e+06
1e+12 5.87836e+08 5878.36 2.17613e+06
1e+12 5.90097e+08 5900.97 2.16065e+06
1e+12 5.92367e+08 5923.67 2.14527e+06
1e+12 5.94645e+08 5946.45 2.12999e+06
1e+12 5.96933e+08 5969.33 2.1148e+06
1e+12 5.99229e+08 5992.29 2.09972e+06
1e+12 6.01533e+08 6015.33 2.08474e+06
1e+12 6.03847e+08 6038.47 2.06986e+06
1e+12 6.0617e+08 6061.7 2.05506e+06
1e+12 6.08501e+08 6085.01 2.04037e+06
1e+12 6.10842e+08 6108.42 2.02577e+06
1e+12 6.13191e+08 6131.91 2.01127e+06
1e+12 6.1555e+08 6155.5 1.99686e+06
1e+12 6.17917e+08 6179.17 1.98255e+06
1e+12 6.20294e+08 6202.94 1.96833e+06
1e+12 6.2268e+08 6226.8 1.9542e+06
1e+12 6.25075e+08 6250.75 1.94016e+06
1e+12 6.27479e+08 6274.79 1.92622e+06
1e+12 6.29892e+08 6298.92 1.91237e+06
1e+12 6.32315e+08 6323.15 1.89861e+06
1e+12 6.34747e+08 6347.47 1.88494e+06
1e+12 6.37189e+08 6371.89 1.87135e+06
1e+12 6.3964e+08 6396.4 1.85786e+06
1e+12 6.421e+08 6421 1.84446e+06
1e+12 6.4457e+08 6445.7 1.83114e+06
1e+12 6.47049e+08 6470.49 1.81791e+06
1e+12 6.49537e+08 6495.37 1.80477e+06
1e+12 6.52036e+08 6520.36 1.79171e+06
1e+12 6.54544e+08 6545.44 1.77874e+06
1e+12 6.57061e+08 6570.61 1.76586e+06
1e+12 6.59589e+08 6595.89 1.75305e+06
1e+12 6.62125e+08 6621.25 1.74034e+06
1e+12 6.64672e+08 6646.72 1.72771e+06
1e+12 6.67229e+08 6672.29 1.71516e+06
1e+12 6.69795e+08 6697.95 1.70269e+06
1e+12 6.72371e+08 6723.71 1.69031e+06
1e+12 6.74957e+08 6749.57 1.67801e+06
1e+12 6.77554e+08 6775.54 1.66578e+06
1e+12 6.8016e+08 6801.6 1.65364e+06
1e+12 6.82776e+08 6827.76 1.64158e+06
1e+12 6.85402e+08 6854.02 1.6296e+06
1e+12 6.88038e+08 6880.38 1.6177e+06
1e+12 6.90685e+08 6906.85 1.60588e+06
1e+12 6.93341e+08 6933.41 1.59413e+06
1e+12 6.96008e+08 6960.08 1.58247e+06
1e+12 6.98685e+08 6986.85 1.57088e+06
1e+12 7.01372e+08 7013.72 1.55937e+06
1e+12 7.0407e+08 7040.7 1.54793e+06
1e+12 7.06778e+08 7067.78 1.53657e+06
1e+12 7.09497e+08 7094.97 1.52528e+06
1e+12 7.12226e+08 7122.26 1.51407e+06
1e+12 7.14965e+08 7149.65 1.50294e+06
1e+12 7.17715e+08 7177.15 1.49188e+06
1e+12 7.20475e+08 7204.75 1.48089e+06
1e+12 7.23247e+08 7232.47 1.46997e+06
1e+12 7.26028e+08 7260.28 1.45913e+06
1e+12 7.28821e+08 7288.21 1.44836e+06
1e+12 7.31624e+08 7316.24 1.43767e+06
1e+12 7.34438e+08 7344.38 1.42704e+06
1e+12 7.37263e+08 7372.63 1.41648e+06
1e+12 7.40099e+08 7400.99 1.406e+06
1e+12 7.42946e+08 7429.46 1.39558e+06
1e+12 7.45803e+08 7458.03 1.38524e+06
1e+12 7.48672e+08 7486.72 1.37496e+06
1e+12 7.51551e+08 7515.51 1.36476e+06
1e+12 7.54442e+08 7544.42 1.35462e+06
1e+12 7.57344e+08 7573.44 1.34454e+06
1e+12 7.60257e+08 7602.57 1.33454e+06
1e+12 7.63181e+08 7631.81 1.32461e+06
1e+12 7.66116e+08 7661.16 1.31474e+06
1e+12 7.69063e+08 7690.63 1.30493e+06
1e+12 7.72021e+08 7720.21 1.2952e+06
1e+12 7.74991e+08 7749.91 1.28552e+06
1e+12 7.77971e+08 7779.71 1.27592e+06
1e+12 7.80964e+08 7809.64 1.26637e+06
1e+12 7.83968e+08 7839.68 1.2569e+06
1e+12 7.86983e+08 7869.83 1.24748e+06
1e+12 7.9001e+08 7900.1 1.23813e+06
1e+12 7.93049e+08 7930.49 1.22884e+06
1e+12 7.96099e+08 7960.99 1.21962e+06
1e+12 7.99161e+08 7991.61 1.21046e+06
1e+12 8.02235e+08 8022.35 1.20136e+06
1e+12 8.0532e+08 8053.2 1.19232e+06
1e+12 8.08418e+08 8084.18 1.18334e+06
1e+12 8.11527e+08 8115.27 1.17442e+06
1e+12 8.14649e+08 8146.49 1.16556e+06
1e+12 8.17782e+08 8177.82 1.15677e+06
1e+12 8.20927e+08 8209.27 1.14803e+06
1e+12 8.24085e+08 8240.85 1.13935e+06
1e+12 8.27255e+08 8272.55 1.13073e+06
1e+12 8.30437e+08 8304.37 1.12217e+06
1e+12 8.33631e+08 8336.31 1.11367e+06
1e+12 8.36837e+08 8368.37 1.10523e+06
1e+12 8.40056e+08 8400.56 1.09684e+06
1e+12 8.43287e+08 8432.87 1.08851e+06
1e+12 8.4653e+08 8465.3 1.08024e+06
1e+12 8.49786e+08 8497.86 1.07202e+06
1e+12 8.53055e+08 8530.55 1.06386e+06
1e+12 8.56336e+08 8563.36 1.05576e+06
1e+12 8.5963e+08 8596.3 1.04771e+06
1e+12 8.62936e+08 8629.36 1.03971e+06
1e+12 8.66255e+08 8662.55 1.03177e+06
1e+12 8.69587e+08 8695.87 1.02389e+06
1e+12 8.72932e+08 8729.32 1.01606e+06
1e+12 8.76289e+08 8762.89 1.00828e+06
1e+12 8.7966e+08 8796.6 1.00056e+06
1e+12 8.83043e+08 8830.43 992885
1e+12 8.8644e+08 8864.4 985265
1e+12 8.89849e+08 8898.49 977700
1e+12 8.93272e+08 8932.72 970184
1e+12 8.96708e+08 8967.08 962721
1e+12 9.00157e+08 9001.57 955310
1e+12 9.03619e+08 9036.19 947950
1e+12 9.07095e+08 9070.95 940640
1e+12 9.10583e+08 9105.83 933383
1e+12 9.14086e+08 9140.86 926172
1e+12 9.17602e+08 9176.02 919013
1e+12 9.21131e+08 9211.31 911903
1e+12 9.24674e+08 9246.74 904843
1e+12 9.28231e+08 9282.31 897830
1e+12 9.31801e+08 9318.01 890867
1e+12 9.35385e+08 9353.85 883952
1e+12 9.38983e+08 9389.83 877084
1e+12 9.42594e+08 9425.94 870266
1e+12 9.4622e+08 9462.2 863493
1e+12 9.49859e+08 9498.59 856768
1e+12 9.53513e+08 9535.13 850089
1e+12 9.5718e+08 9571.8 843458
1e+12 9.60862e+08 9608.62 836871
1e+12 9.64557e+08 9645.57 830333
1e+12 9.68267e+08 9682.67 823838
1e+12 9.71992e+08 9719.92 817388
1e+12 9.7573e+08 9757.3 810985
1e+12 9.79483e+08 9794.83 804625
1e+12 9.83251e+08 9832.51 798309
1e+12 9.87032e+08 9870.32 792040
1e+12 9.90829e+08 9908.29 785812
1e+12 9.9464e+08 9946.4 779629
1e+12 9.98466e+08 9984.66 773488
1e+12 1.00231e+09 10023.1 767385
1e+12 1.00616e+09 10061.6 761339
1e+12 1.01003e+09 10100.3 755328
1e+12 1.01392e+09 10139.2 749350
1e+12 1.01782e+09 10178.2 743423
1e+12 1.02173e+09 10217.3 737544
1e+12 1.02566e+09 10256.6 731700
1e+12 1.02961e+09 10296.1 725889
1e+12 1.03357e+09 10335.7 720127
1e+12 1.03754e+09 10375.4 714413
1e+12 1.04153e+09 10415.3 708733
1e+12 1.04554e+09 10455.4 703087
1e+12 1.04956e+09 10495.6 697487
1e+12 1.0536e+09 10536 691922
1e+12 1.05765e+09 10576.5 686403
1e+12 1.06172e+09 10617.2 680917
1e+12 1.0658e+09 10658 675478
1e+12 1.0699e+09 10699 670072
1e+12 1.07401e+09 10740.1 664711
1e+12 1.07815e+09 10781.5 659371
1e+12 1.08229e+09 10822.9 654089
1e+12 1.08646e+09 10864.6 648826
1e+12 1.09063e+09 10906.3 643621
1e+12 1.09483e+09 10948.3 638436
1e+12 1.09904e+09 10990.4 633296
1e+12 1.10327e+09 11032.7 628187
1e+12 1.10751e+09 11075.1 623123
1e+12 1.11177e+09 11117.7 618090
1e+12 1.11605e+09 11160.5 613089
1e+12 1.12034e+09 11203.4 608132
1e+12 1.12465e+09 11246.5 603206
1e+12 1.12897e+09 11289.7 598323
1e+12 1.13332e+09 11333.2 593459
1e+12 1.13768e+09 11376.8 588639
1e+12 1.14205e+09 11420.5 583860
1e+12 1.14644e+09 11464.4 579112
1e+12 1.15085e+09 11508.5 574395
1e+12 1.15528e+09 11552.8 569709
1e+12 1.15972e+09 11597.2 565064
1e+12 1.16419e+09 11641.9 560439
1e+12 1.16866e+09 11686.6 555865
1e+12 1.17316e+09 11731.6 551311
1e+12 1.17767e+09 11776.7 546798
1e+12 1.1822e+09 11822 542314
1e+12 1.18675e+09 11867.5 537860
1e+12 1.19131e+09 11913.1 533447
1e+12 1.19589e+09 11958.9 529062
1e+12 1.20049e+09 12004.9 524707
1e+12 1.20511e+09 12051.1 520382
1e+12 1.20975e+09 12097.5 516086
1e+12 1.2144e+09 12144 511829
1e+12 1.21907e+09 12190.7 507601
1e+12 1.22376e+09 12237.6 503401
1e+12 1.22847e+09 12284.7 499231
1e+12 1.23319e+09 12331.9 495098
1e+12 1.23793e+09 12379.3 490994
1e+12 1.2427e+09 12427 486910
1e+12 1.24748e+09 12474.8 482863
1e+12 1.25227e+09 12522.7 478852
1e+12 1.25709e+09 12570.9 474861
1e+12 1.26193e+09 12619.3 470898
1e+12 1.26678e+09 12667.8 466972
1e+12 1.27165e+09 12716.5 463073
1e+12 1.27654e+09 12765.4 459202
1e+12 1.28145e+09 12814.5 455358
1e+12 1.28638e+09 12863.8 451542
1e+12 1.29133e+09 12913.3 447754
1e+12 1.2963e+09 12963 443992
1e+12 1.30128e+09 13012.8 440265
1e+12 1.30629e+09 13062.9 436558
1e+12 1.31131e+09 13113.1 432885
1e+12 1.31636e+09 13163.6 429231
1e+12 1.32142e+09 13214.2 425612
1e+12 1.3265e+09 13265 422018
1e+12 1.3316e+09 13316 418451
1e+12 1.33672e+09 13367.2 414911
1e+12 1.34187e+09 13418.7 411389
1e+12 1.34703e+09 13470.3 407901
1e+12 1.35221e+09 13522.1 404438
1e+12 1.35741e+09 13574.1 401001
1e+12 1.36263e+09 13626.3 397590
1e+12 1.36787e+09 13678.7 394205
1e+12 1.37313e+09 13731.3 390844
1e+12 1.37841e+09 13784.1 387510
1e+12 1.38372e+09 13837.2 384194
1e+12 1.38904e+09 13890.4 380909
1e+12 1.39438e+09 13943.8 377649
1e+12 1.39974e+09 13997.4 374414
1e+12 1.40513e+09 14051.3 371198
1e+12 1.41053e+09 14105.3 368013
1e+12 1.41596e+09 14159.6 364846
1e+12 1.4214e+09 14214 361709
1e+12 1.42687e+09 14268.7 358591
1e+12 1.43236e+09 14323.6 355496
1e+12 1.43787e+09 14378.7 352426
1e+12 1.4434e+09 14434 349380
1e+12 1.44895e+09 14489.5 346358
1e+12 1.45452e+09 14545.2 343359
1e+12 1.46012e+09 14601.2 340378
1e+12 1.46573e+09 14657.3 337426
1e+12 1.47137e+09 14713.7 334492
1e+12 1.47703e+09 14770.3 331582
1e+12 1.48271e+09 14827.1 328694
1e+12 1.48842e+09 14884.2 325824
1e+12 1.49414e+09 14941.4 322983
1e+12 1.49989e+09 14998.9 320159
1e+12 1.50566e+09 15056.6 317357
1e+12 1.51145e+09 15114.5 314578
1e+12 1.51726e+09 15172.6 311822
1e+12 1.5231e+09 15231 309083
1e+12 1.52896e+09 15289.6 306366
1e+12 1.53484e+09 15348.4 303671
1e+12 1.54074e+09 15407.4 300999
1e+12 1.54667e+09 15466.7 298343
1e+12 1.55261e+09 15526.1 295714
1e+12 1.55859e+09 15585.9 293097
1e+12 1.56458e+09 15645.8 290506
1e+12 1.5706e+09 15706 287933
1e+12 1.57664e+09 15766.4 285380
1e+12 1.5827e+09 15827 282849
1e+12 1.58879e+09 15887.9 280334
1e+12 1.5949e+09 15949 277841
1e+12 1.60104e+09 16010.4 275364
1e+12 1.6072e+09 16072 272908
1e+12 1.61338e+09 16133.8 270472
1e+12 1.61958e+09 16195.8 268057
1e+12 1.62581e+09 16258.1 265658
1e+12 1.63207e+09 16320.7 263276
1e+12 1.63834e+09 16383.4 260918
1e+12 1.64464e+09 16446.4 258576
1e+12 1.65097e+09 16509.7 256250
1e+12 1.65732e+09 16573.2 253944
1e+12 1.66369e+09 16636.9 251658
1e+12 1.67009e+09 16700.9 249388
1e+12 1.67652e+09 16765.2 247133
1e+12 1.68297e+09 16829.7 244898
1e+12 1.68944e+09 16894.4 242683
1e+12 1.69594e+09 16959.4 240483
1e+12 1.70246e+09 17024.6 238302
1e+12 1.70901e+09 17090.1 236137
1e+12 1.71558e+09 17155.8 233990
1e+12 1.72218e+09 17221.8 231859
1e+12 1.7288e+09 17288 229747
1e+12 1.73545e+09 17354.5 227650
1e+12 1.74213e+09 17421.3 225568
1e+12 1.74883e+09 17488.3 223505
1e+12 1.75556e+09 17555.6 221457
1e+12 1.76231e+09 17623.1 219426
1e+12 1.76909e+09 17690.9 217411
1e+12 1.77589e+09 17758.9 215414
1e+12 1.78272e+09 17827.2 213432
1e+12 1.78958e+09 17895.8 211464
1e+12 1.79646e+09 17964.6 209514
1e+12 1.80337e+09 18033.7 207579
1e+12 1.81031e+09 18103.1 205658
1e+12 1.81727e+09 18172.7 203754
1e+12 1.82426e+09 18242.6 201865
1e+12 1.83128e+09 18312.8 199991
1e+12 1.83832e+09 18383.2 198133
1e+12 1.84539e+09 18453.9 196290
1e+12 1.85249e+09 18524.9 194460
1e+12 1.85962e+09 18596.2 192645
1e+12 1.86677e+09 18667.7 190847
1e+12 1.87395e+09 18739.5 189062
1e+12 1.88116e+09 18811.6 187292
1e+12 1.88839e+09 18883.9 185537
1e+12 1.89565e+09 18956.5 183797
1e+12 1.90295e+09 19029.5 182067
1e+12 1.91027e+09 19102.7 180354
1e+12 1.91761e+09 19176.1 178657
1e+12 1.92499e+09 19249.9 176970
1e+12 1.93239e+09 19323.9 175300
1e+12 1.93983e+09 19398.3 173641
1e+12 1.94729e+09 19472.9 171997
1e+12 1.95478e+09 19547.8 170366
1e+12 1.96229e+09 19622.9 168751
1e+12 1.96984e+09 19698.4 167146
1e+12 1.97742e+09 19774.2 165555
1e+12 1.98502e+09 19850.2 163979
1e+12 1.99266e+09 19926.6 162413
1e+12 2.00032e+09 20003.2 160862
1e+12 2.00802e+09 20080.2 159323
1e+12 2.01574e+09 20157.4 157797
1e+12 2.02349e+09 20234.9 156285
1e+12 2.03128e+09 20312.8 154783
1e+12 2.03909e+09 20390.9 153295
1e+12 2.04693e+09 20469.3 151820
1e+12 2.05481e+09 20548.1 150355
1e+12 2.06271e+09 20627.1 148904
1e+12 2.07064e+09 20706.4 147466
1e+12 2.07861e+09 20786.1 146038
1e+12 2.0866e+09 20866 144624
1e+12 2.09463e+09 20946.3 143220
1e+12 2.10269e+09 21026.9 141828
1e+12 2.11077e+09 21107.7 140449
1e+12 2.11889e+09 21188.9 139081
1e+12 2.12704e+09 21270.4 137724
1e+12 2.13522e+09 21352.2 136379
1e+12 2.14344e+09 21434.4 135044
1e+12 2.15168e+09 21516.8 133723
1e+12 2.15996e+09 21599.6 132411
1e+12 2.16826e+09 21682.6 131112
1e+12 2.1766e+09 21766 129823
1e+12 2.18498e+09 21849.8 128543
1e+12 2.19338e+09 21933.8 127277
1e+12 2.20182e+09 22018.2 126020
1e+12 2.21028e+09 22102.8 124775
1e+12 2.21879e+09 22187.9 123539
1e+12 2.22732e+09 22273.2 122315
1e+12 2.23589e+09 22358.9 121101
1e+12 2.24449e+09 22444.9 119897
1e+12 2.25312e+09 22531.2 118705
1e+12 2.26179e+09 22617.9 117521
1e+12 2.27049e+09 22704.9 116348
1e+12 2.27922e+09 22792.2 115186
1e+12 2.28798e+09 22879.8 114034
1e+12 2.29679e+09 22967.9 112890
1e+12 2.30562e+09 23056.2 111758
1e+12 2.31449e+09 23144.9 110635
1e+12 2.32339e+09 23233.9 109522
1e+12 2.33233e+09 23323.3 108418
1e+12 2.3413e+09 23413 107325
1e+12 2.3503e+09 23503 106241
1e+12 2.35934e+09 23593.4 105166
1e+12 2.36842e+09 23684.2 104100
1e+12 2.37753e+09 23775.3 103044
1e+12 2.38667e+09 23866.7 101997
1e+12 2.39585e+09 23958.5 100960
1e+12 2.40507e+09 24050.7 99930.5
1e+12 2.41432e+09 24143.2 98911.1
1e+12 2.4236e+09 24236 97901.2
1e+12 2.43292e+09 24329.2 96899.7
1e+12 2.44228e+09 24422.8 95906.7
1e+12 2.45168e+09 24516.8 94922
1e+12 2.46111e+09 24611.1 93946.7
1e+12 2.47057e+09 24705.7 92980.7
1e+12 2.48008e+09 24800.8 92021.8
1e+12 2.48961e+09 24896.1 91073.2
1e+12 2.49919e+09 24991.9 90131.7
1e+12 2.5088e+09 25088 89199.2
1e+12 2.51845e+09 25184.5 88274.8
1e+12 2.52814e+09 25281.4 87358.4
1e+12 2.53786e+09 25378.6 86450.8
1e+12 2.54762e+09 25476.2 85551.2
1e+12 2.55742e+09 25574.2 84659.4
1e+12 2.56726e+09 25672.6 83775.4
1e+12 2.57713e+09 25771.3 82900
1e+12 2.58705e+09 25870.5 82031.5
1e+12 2.597e+09 25970 81171.6
1e+12 2.60699e+09 26069.9 80319.3
1e+12 2.61701e+09 26170.1 79475.4
1e+12 2.62708e+09 26270.8 78638.2
1e+12 2.63718e+09 26371.8 77809.3
1e+12 2.64733e+09 26473.3 76987.1
1e+12 2.65751e+09 26575.1 76173
1e+12 2.66773e+09 26677.3 75366.3
1e+12 2.67799e+09 26779.9 74567
1e+12 2.68829e+09 26882.9 73774.8
1e+12 2.69863e+09 26986.3 72990
1e+12 2.70901e+09 27090.1 72212.3
1e+12 2.71943e+09 27194.3 71441.7
1e+12 2.72989e+09 27298.9 70678.2
1e+12 2.74039e+09 27403.9 69921.8
1e+12 2.75093e+09 27509.3 69172.4
1e+12 2.76151e+09 27615.1 68429.9
1e+12 2.77213e+09 27721.3 67694.4
1e+12 2.7828e+09 27828 66965
1e+12 2.7935e+09 27935 66243.1
1e+12 2.80424e+09 28042.4 65528.1
1e+12 2.81503e+09 28150.3 64819.1
1e+12 2.82586e+09 28258.6 64116.8
1e+12 2.83673e+09 28367.3 63421.2
1e+12 2.84764e+09 28476.4 62732.2
1e+12 2.85859e+09 28585.9 62049.7
1e+12 2.86959e+09 28695.9 61373.2
1e+12 2.88062e+09 28806.2 60703.7
1e+12 2.8917e+09 28917 60040.2
1e+12 2.90283e+09 29028.3 59382.4
1e+12 2.91399e+09 29139.9 58731.5
1e+12 2.9252e+09 29252 58086.4
1e+12 2.93645e+09 29364.5 57447.6
1e+12 2.94774e+09 29477.4 56815
1e+12 2.95908e+09 29590.8 56188.1
1e+12 2.97046e+09 29704.6 55567.3
1e+12 2.98189e+09 29818.9 54952.1
1e+12 2.99336e+09 29933.6 54342.9
1e+12 3.00487e+09 30048.7 53739.8
1e+12 3.01643e+09 30164.3 53142.1
1e+12 3.02803e+09 30280.3 52550.4
1e+12 3.03968e+09 30396.8 51964.1
1e+12 3.05137e+09 30513.7 51383.7
1e+12 3.06311e+09 30631.1 50808.6
1e+12 3.07489e+09 30748.9 50239.3
1e+12 3.08671e+09 30867.1 49675.7
1e+12 3.09859e+09 30985.9 49116.9
1e+12 3.11051e+09 31105.1 48563.7
1e+12 3.12247e+09 31224.7 48016.2
1e+12 3.13448e+09 31344.8 47473.9
1e+12 3.14654e+09 31465.4 46936.6
1e+12 3.15864e+09 31586.4 46404.8
1e+12 3.17079e+09 31707.9 45878.1
1e+12 3.18298e+09 31829.8 45356.8
1e+12 3.19523e+09 31952.3 44840.1
1e+12 3.20752e+09 32075.2 44328.7
1e+12 3.21985e+09 32198.5 43822.6
1e+12 3.23224e+09 32322.4 43321
1e+12 3.24467e+09 32446.7 42824.7
1e+12 3.25715e+09 32571.5 42333.1
1e+12 3.26968e+09 32696.8 41846.3
1e+12 3.28225e+09 32822.5 41364.7
1e+12 3.29488e+09 32948.8 40887.4
1e+12 3.30755e+09 33075.5 40415.1
1e+12 3.32027e+09 33202.7 39947.5
1e+12 3.33304e+09 33330.4 39484.5
1e+12 3.34586e+09 33458.6 39026.1
1e+12 3.35873e+09 33587.3 38572.3
1e+12 3.37165e+09 33716.5 38123
1e+12 3.38462e+09 33846.2 37678.1
1e+12 3.39764e+09 33976.4 37237.8
1e+12 3.41071e+09 34107.1 36801.8
1e+12 3.42382e+09 34238.2 36370.6
1e+12 3.43699e+09 34369.9 35943.5
1e+12 3.45021e+09 34502.1 35520.6
1e+12 3.46348e+09 34634.8 35102.1
1e+12 3.47681e+09 34768.1 34687.5
1e+12 3.49018e+09 34901.8 34277.5
1e+12 3.5036e+09 35036 33871.8
1e+12 3.51708e+09 35170.8 33469.8
1e+12 3.53061e+09 35306.1 33072.1
1e+12 3.54419e+09 35441.9 32678.5
1e+12 3.55782e+09 35578.2 32288.9
1e+12 3.5715e+09 35715 31903.5
1e+12 3.58524e+09 35852.4 31521.8
1e+12 3.59903e+09 35990.3 31144.1
1e+12 3.61287e+09 36128.7 30770.3
1e+12 3.62677e+09 36267.7 30400.3
1e+12 3.64072e+09 36407.2 30034.2
1e+12 3.65472e+09 36547.2 29671.9
1e+12 3.66878e+09 36687.8 29313.3
1e+12 3.68289e+09 36828.9 28958.5
1e+12 3.69706e+09 36970.6 28607.2
1e+12 3.71128e+09 37112.8 28259.8
1e+12 3.72555e+09 37255.5 27916
1e+12 3.73988e+09 37398.8 27575.8
1e+12 3.75426e+09 37542.6 27239.2
1e+12 3.7687e+09 37687 26906.1
1e+12 3.7832e+09 37832 26576.4
1e+12 3.79775e+09 37977.5 26250.2
1e+12 3.81236e+09 38123.6 25927.5
1e+12 3.82702e+09 38270.2 25608.2
1e+12 3.84174e+09 38417.4 25292.3
1e+12 3.85652e+09 38565.2 24979.7
1e+12 3.87135e+09 38713.5 24670.5
1e+12 3.88624e+09 38862.4 24364.6
1e+12 3.90119e+09 39011.9 24061.9
1e+12 3.91619e+09 39161.9 23762.6
1e+12 3.93126e+09 39312.6 23466.2
1e+12 3.94638e+09 39463.8 23173.2
1e+12 3.96156e+09 39615.6 22883.2
1e+12 3.97679e+09 39767.9 22596.6
1e+12 3.99209e+09 39920.9 22312.8
1e+12 4.00745e+09 40074.5 22032.1
1e+12 4.02286e+09 40228.6 21754.6
1e+12 4.03833e+09 40383.3 21480.1
1e+12 4.05387e+09 40538.7 21208.4
1e+12 4.06946e+09 40694.6 20939.8
1e+12 4.08511e+09 40851.1 20674.1
1e+12 4.10082e+09 41008.2 20411.4
1e+12 4.1166e+09 41166 20151.4
1e+12 4.13243e+09 41324.3 19894.4
1e+12 4.14832e+09 41483.2 19640.2
1e+12 4.16428e+09 41642.8 19388.7
1e+12 4.1803e+09 41803 19140
1e+12 4.19638e+09 41963.8 18894
1e+12 4.21252e+09 42125.2 18650.8
1e+12 4.22872e+09 42287.2 18410.3
1e+12 4.24498e+09 42449.8 18172.6
1e+12 4.26131e+09 42613.1 17937.3
1e+12 4.2777e+09 42777 17704.8
1e+12 4.29415e+09 42941.5 17474.9
1e+12 4.31067e+09 43106.7 17247.4
1e+12 4.32725e+09 43272.5 17022.6
1e+12 4.34389e+09 43438.9 16800.3
1e+12 4.3606e+09 43606 16580.4
1e+12 4.37737e+09 43773.7 16363.1
1e+12 4.39421e+09 43942.1 16148.2
1e+12 4.41111e+09 44111.1 15935.8
1e+12 4.42808e+09 44280.8 15725.7
1e+12 4.44511e+09 44451.1 15518
1e+12 4.46221e+09 44622.1 15312.7
1e+12 4.47937e+09 44793.7 15109.8
1e+12 4.4966e+09 44966 14909.1
1e+12 4.5139e+09 45139 14710.7
1e+12 4.53126e+09 45312.6 14514.7
1e+12 4.54869e+09 45486.9 14320.9
1e+12 4.56618e+09 45661.8 14129.3
1e+12 4.58374e+09 45837.4 13940
1e+12 4.60138e+09 46013.8 13752.7
1e+12 4.61907e+09 46190.7 13567.8
1e+12 4.63684e+09 46368.4 13384.9
1e+12 4.65467e+09 46546.7 13204.2
1e+12 4.67258e+09 46725.8 13025.5
1e+12 4.69055e+09 46905.5 12848.9
1e+12 4.70859e+09 47085.9 12674.5
1e+12 4.7267e+09 47267 12502
1e+12 4.74488e+09 47448.8 12331.6
1e+12 4.76313e+09 47631.3 12163.2
1e+12 4.78145e+09 47814.5 11996.8
1e+12 4.79984e+09 47998.4 11832.3
1e+12 4.81831e+09 48183.1 11669.7
1e+12 4.83684e+09 48368.4 11509.1
1e+12 4.85544e+09 48554.4 11350.5
1e+12 4.87412e+09 48741.2 11193.6
1e+12 4.89286e+09 48928.6 11038.8
1e+12 4.91168e+09 49116.8 10885.7
1e+12 4.93058e+09 49305.8 10734.4
1e+12 4.94954e+09 49495.4 10585
1e+12 4.96858e+09 49685.8 10437.3
1e+12 4.98769e+09 49876.9 10291.4
1e+12 5.00687e+09 50068.7 10147.4
1e+12 5.02613e+09 50261.3 10005
1e+12 5.04546e+09 50454.6 9864.39
1e+12 5.06487e+09 50648.7 9725.44
1e+12 5.08435e+09 50843.5 9588.21
1e+12 5.10391e+09 51039.1 9452.62
1e+12 5.12354e+09 51235.4 9318.72
1e+12 5.14324e+09 51432.4 9186.5
1e+12 5.16303e+09 51630.3 9055.8
1e+12 5.18288e+09 51828.8 8926.82
1e+12 5.20282e+09 52028.2 8799.34
1e+12 5.22283e+09 52228.3 8673.47
1e+12 5.24292e+09 52429.2 8549.14
1e+12 5.26309e+09 52630.9 8426.33
1e+12 5.28333e+09 52833.3 8305.09
1e+12 5.30365e+09 53036.5 8185.35
1e+12 5.32405e+09 53240.5 8067.09
1e+12 5.34453e+09 53445.3 7950.3
1e+12 5.36508e+09 53650.8 7835.02
1e+12 5.38572e+09 53857.2 7721.13
1e+12 5.40643e+09 54064.3 7608.72
1e+12 5.42723e+09 54272.3 7497.67
1e+12 5.4481e+09 54481 7388.07
1e+12 5.46906e+09 54690.6 7279.81
1e+12 5.4901e+09 54901 7172.93
1e+12 5.51121e+09 55112.1 7067.46
1e+12 5.53241e+09 55324.1 6963.29
1e+12 5.55369e+09 55536.9 6860.45
1e+12 5.57505e+09 55750.5 6758.94
1e+12 5.59649e+09 55964.9 6658.73
1e+12 5.61802e+09 56180.2 6559.78
1e+12 5.63963e+09 56396.3 6462.12
1e+12 5.66132e+09 56613.2 6365.72
1e+12 5.68309e+09 56830.9 6270.59
1e+12 5.70495e+09 57049.5 6176.66
1e+12 5.7269e+09 57269 6083.93
1e+12 5.74892e+09 57489.2 5992.46
1e+12 5.77104e+09 57710.4 5902.12
1e+12 5.79323e+09 57932.3 5813.02
1e+12 5.81552e+09 58155.2 5725.03
1e+12 5.83788e+09 58378.8 5638.25
1e+12 5.86034e+09 58603.4 5552.57
1e+12 5.88288e+09 58828.8 5468.03
1e+12 5.90551e+09 59055.1 5384.6
1e+12 5.92822e+09 59282.2 5302.29
1e+12 5.95102e+09 59510.2 5221.07
1e+12 5.97391e+09 59739.1 5140.92
1e+12 5.99689e+09 59968.9 5061.83
1e+12 6.01995e+09 60199.5 4983.82
1e+12 6.04311e+09 60431.1 4906.82
1e+12 6.06635e+09 60663.5 4830.88
1e+12 6.08969e+09 60896.9 4755.92
1e+12 6.11311e+09 61131.1 4682.01
1e+12 6.13662e+09 61366.2 4609.09
1e+12 6.16022e+09 61602.2 4537.16
1e+12 6.18392e+09 61839.2 4466.17
1e+12 6.2077e+09 62077 4396.19
1e+12 6.23158e+09 62315.8 4327.13
1e+12 6.25555e+09 62555.5 4259.01
1e+12 6.27961e+09 62796.1 4191.84
1e+12 6.30376e+09 63037.6 4125.59
1e+12 6.32801e+09 63280.1 4060.23
1e+12 6.35235e+09 63523.5 3995.78
1e+12 6.37678e+09 63767.8 3932.23
1e+12 6.40131e+09 64013.1 3869.54
1e+12 6.42593e+09 64259.3 3807.74
1e+12 6.45065e+09 64506.5 3746.77
1e+12 6.47546e+09 64754.6 3686.67
1e+12 6.50036e+09 65003.6 3627.42
1e+12 6.52537e+09 65253.7 3568.96
1e+12 6.55046e+09 65504.6 3511.36
1e+12 6.57566e+09 65756.6 3454.53
1e+12 6.60095e+09 66009.5 3398.53
1e+12 6.62634e+09 66263.4 3343.3
1e+12 6.65183e+09 66518.3 3288.86
1e+12 6.67741e+09 66774.1 3235.2
1e+12 6.7031e+09 67031 3182.27
1e+12 6.72888e+09 67288.8 3130.12
1e+12 6.75476e+09 67547.6 3078.72
1e+12 6.78074e+09 67807.4 3028.04
1e+12 6.80682e+09 68068.2 2978.09
1e+12 6.833e+09 68330 2928.86
1e+12 6.85928e+09 68592.8 2880.34
1e+12 6.88567e+09 68856.7 2832.51
1e+12 6.91215e+09 69121.5 2785.38
1e+12 6.93874e+09 69387.4 2738.93
1e+12 6.96543e+09 69654.3 2693.15
1e+12 6.99222e+09 69922.2 2648.05
1e+12 7.01911e+09 70191.1 2603.61
1e+12 7.04611e+09 70461.1 2559.81
1e+12 7.07321e+09 70732.1 2516.65
1e+12 7.10042e+09 71004.2 2474.13
1e+12 7.12773e+09 71277.3 2432.23
1e+12 7.15514e+09 71551.4 2390.97
1e+12 7.18266e+09 71826.6 2350.3
1e+12 7.21029e+09 72102.9 2310.24
1e+12 7.23802e+09 72380.2 2270.78
1e+12 7.26586e+09 72658.6 2231.9
1e+12 7.29381e+09 72938.1 2193.6
1e+12 7.32186e+09 73218.6 2155.88
1e+12 7.35002e+09 73500.2 2118.73
1e+12 7.37829e+09 73782.9 2082.13
1e+12 7.40667e+09 74066.7 2046.09
1e+12 7.43516e+09 74351.6 2010.58
1e+12 7.46376e+09 74637.6 1975.62
1e+12 7.49247e+09 74924.7 1941.19
1e+12 7.52129e+09 75212.9 1907.28
1e+12 7.55022e+09 75502.2 1873.89
1e+12 7.57926e+09 75792.6 1841.01
1e+12 7.60841e+09 76084.1 1808.64
1e+12 7.63767e+09 76376.7 1776.77
1e+12 7.66705e+09 76670.5 1745.38
1e+12 7.69654e+09 76965.4 1714.48
1e+12 7.72614e+09 77261.4 1684.06
1e+12 7.75586e+09 77558.6 1654.11
1e+12 7.78569e+09 77856.9 1624.63
1e+12 7.81564e+09 78156.4 1595.6
1e+12 7.8457e+09 78457 1567.04
1e+12 7.87587e+09 78758.7 1538.92
1e+12 7.90617e+09 79061.7 1511.24
1e+12 7.93658e+09 79365.8 1483.99
1e+12 7.9671e+09 79671 1457.18
1e+12 7.99775e+09 79977.5 1430.79
1e+12 8.02851e+09 80285.1 1404.82
1e+12 8.05939e+09 80593.9 1379.26
1e+12 8.09039e+09 80903.9 1354.11
1e+12 8.12151e+09 81215.1 1329.36
1e+12 8.15274e+09 81527.4 1305.02
1e+12 8.1841e+09 81841 1281.06
1e+12 8.21558e+09 82155.8 1257.48
1e+12 8.24718e+09 82471.8 1234.28
1e+12 8.2789e+09 82789 1211.47
1e+12 8.31074e+09 83107.4 1189.02
1e+12 8.34271e+09 83427.1 1166.93
1e+12 8.3748e+09 83748 1145.21
1e+12 8.40701e+09 84070.1 1123.84
1e+12 8.43935e+09 84393.5 1102.82
1e+12 8.47181e+09 84718.1 1082.15
1e+12 8.50439e+09 85043.9 1061.82
1e+12 8.5371e+09 85371 1041.82
1e+12 8.56994e+09 85699.4 1022.15
1e+12 8.6029e+09 86029 1002.81
1e+12 8.63599e+09 86359.9 983.79
1e+12 8.66921e+09 86692.1 965.086
1e+12 8.70255e+09 87025.5 946.699
1e+12 8.73602e+09 87360.2 928.619
1e+12 8.76962e+09 87696.2 910.842
1e+12 8.80336e+09 88033.6 893.359
1e+12 8.83722e+09 88372.2 876.175
1e+12 8.87121e+09 88712.1 859.283
1e+12 8.90533e+09 89053.3 842.677
1e+12 8.93958e+09 89395.8 826.355
1e+12 8.97396e+09 89739.6 810.311
1e+12 9.00848e+09 90084.8 794.539
1e+12 9.04313e+09 90431.3 779.037
1e+12 9.07791e+09 90779.1 763.804
1e+12 9.11283e+09 91128.3 748.83
1e+12 9.14788e+09 91478.8 734.117
1e+12 9.18307e+09 91830.7 719.656
1e+12 9.21839e+09 92183.9 705.449
1e+12 9.25384e+09 92538.4 691.491
1e+12 9.28944e+09 92894.4 677.771
1e+12 9.32517e+09 93251.7 664.294
1e+12 9.36103e+09 93610.3 651.056
1e+12 9.39704e+09 93970.4 638.046
1e+12 9.43318e+09 94331.8 625.268
1e+12 9.46946e+09 94694.6 612.716
1e+12 9.50589e+09 95058.9 600.383
1e+12 9.54245e+09 95424.5 588.273
1e+12 9.57915e+09 95791.5 576.378
1e+12 9.616e+09 96160 564.692
1e+12 9.65298e+09 96529.8 553.22
1e+12 9.69011e+09 96901.1 541.951
1e+12 9.72738e+09 97273.8 530.886
1e+12 9.7648e+09 97648 520.018
1e+12 9.80236e+09 98023.6 509.348
1e+12 9.84006e+09 98400.6 498.873
1e+12 9.87791e+09 98779.1 488.587
1e+12 9.9159e+09 99159 478.49
1e+12 9.95404e+09 99540.4 468.576
1e+12 9.99233e+09 99923.3 458.844
1e+12 1.00308e+10 100308 449.282
1e+12 1.00693e+10 100693 439.924
1e+12 1.01081e+10 101081 430.704
1e+12 1.01469e+10 101469 421.689
1e+12 1.0186e+10 101860 412.807
1e+12 1.02252e+10 102252 404.102
1e+12 1.02645e+10 102645 395.57
1e+12 1.0304e+10 103040 387.187
1e+12 1.03436e+10 103436 378.973
1e+12 1.03834e+10 103834 370.904
1e+12 1.04233e+10 104233 362.997
1e+12 1.04634e+10 104634 355.231
1e+12 1.05037e+10 105037 347.603
1e+12 1.05441e+10 105441 340.13
1e+12 1.05846e+10 105846 332.811
1e+12 1.06253e+10 106253 325.623
1e+12 1.06662e+10 106662 318.565
1e+12 1.07072e+10 107072 311.653
1e+12 1.07484e+10 107484 304.867
1e+12 1.07897e+10 107897 298.222
1e+12 1.08312e+10 108312 291.699
1e+12 1.08729e+10 108729 285.296
1e+12 1.09147e+10 109147 279.027
1e+12 1.09567e+10 109567 272.875
1e+12 1.09988e+10 109988 266.852
1e+12 1.10412e+10 110412 260.928
1e+12 1.10836e+10 110836 255.143
1e+12 1.11262e+10 111262 249.468
1e+12 1.1169e+10 111690 243.9
1e+12 1.1212e+10 112120 238.438
1e+12 1.12551e+10 112551 233.093
1e+12 1.12984e+10 112984 227.85
1e+12 1.13419e+10 113419 222.708
1e+12 1.13855e+10 113855 217.678
1e+12 1.14293e+10 114293 212.745
1e+12 1.14733e+10 114733 207.907
1e+12 1.15174e+10 115174 203.176
1e+12 1.15617e+10 115617 198.537
1e+12 1.16062e+10 116062 193.989
1e+12 1.16508e+10 116508 189.541
1e+12 1.16956e+10 116956 185.182
1e+12 1.17406e+10 117406 180.909
1e+12 1.17857e+10 117857 176.731
1e+12 1.18311e+10 118311 172.628
1e+12 1.18766e+10 118766 168.616
1e+12 1.19223e+10 119223 164.685
1e+12 1.19681e+10 119681 160.842
1e+12 1.20142e+10 120142 157.07
1e+12 1.20604e+10 120604 153.382
1e+12 1.21068e+10 121068 149.77
1e+12 1.21533e+10 121533 146.239
1e+12 1.22001e+10 122001 142.775
1e+12 1.2247e+10 122470 139.389
1e+12 1.22941e+10 122941 136.074
1e+12 1.23414e+10 123414 132.828
1e+12 1.23889e+10 123889 129.649
1e+12 1.24365e+10 124365 126.545
1e+12 1.24843e+10 124843 123.505
1e+12 1.25324e+10 125324 120.524
1e+12 1.25806e+10 125806 117.613
1e+12 1.26289e+10 126289 114.769
1e+12 1.26775e+10 126775 111.98
1e+12 1.27263e+10 127263 109.251
1e+12 1.27752e+10 127752 106.587
1e+12 1.28244e+10 128244 103.975
1e+12 1.28737e+10 128737 101.424
1e+12 1.29232e+10 129232 98.9296
1e+12 1.29729e+10 129729 96.4894
1e+12 1.30228e+10 130228 94.1027
1e+12 1.30729e+10 130729 91.7686
1e+12 1.31232e+10 131232 89.486
1e+12 1.31737e+10 131737 87.2541
1e+12 1.32243e+10 132243 85.0761
1e+12 1.32752e+10 132752 82.9425
1e+12 1.33263e+10 133263 80.8568
1e+12 1.33775e+10 133775 78.8219
1e+12 1.3429e+10 134290 76.829
1e+12 1.34806e+10 134806 74.8851
1e+12 1.35325e+10 135325 72.9816
1e+12 1.35845e+10 135845 71.1251
1e+12 1.36368e+10 136368 69.3076
1e+12 1.36892e+10 136892 67.5353
1e+12 1.37419e+10 137419 65.8004
1e+12 1.37947e+10 137947 64.1089
1e+12 1.38478e+10 138478 62.4535
1e+12 1.39011e+10 139011 60.8366
1e+12 1.39545e+10 139545 59.2605
1e+12 1.40082e+10 140082 57.7184
1e+12 1.40621e+10 140621 56.2126
1e+12 1.41162e+10 141162 54.7424
1e+12 1.41705e+10 141705 53.3069
1e+12 1.4225e+10 142250 51.9056
1e+12 1.42797e+10 142797 50.5377
1e+12 1.43346e+10 143346 49.2026
1e+12 1.43897e+10 143897 47.8995
1e+12 1.44451e+10 144451 46.6255
1e+12 1.45006e+10 145006 45.3845
1e+12 1.45564e+10 145564 44.1715
1e+12 1.46124e+10 146124 42.988
1e+12 1.46686e+10 146686 41.8334
1e+12 1.4725e+10 147250 40.7071
1e+12 1.47817e+10 147817 39.6065
1e+12 1.48385e+10 148385 38.535
1e+12 1.48956e+10 148956 37.4882
1e+12 1.49529e+10 149529 36.4674
1e+12 1.50104e+10 150104 35.4721
1e+12 1.50681e+10 150681 34.5016
1e+12 1.51261e+10 151261 33.5539
1e+12 1.51843e+10 151843 32.6301
1e+12 1.52427e+10 152427 31.7296
1e+12 1.53013e+10 153013 30.8519
1e+12 1.53602e+10 153602 29.9951
1e+12 1.54192e+10 154192 29.1616
1e+12 1.54785e+10 154785 28.3481
1e+12 1.55381e+10 155381 27.5541
1e+12 1.55978e+10 155978 26.7819
1e+12 1.56578e+10 156578 26.0285
1e+12 1.57181e+10 157181 25.2934
1e+12 1.57785e+10 157785 24.5786
1e+12 1.58392e+10 158392 23.8813
1e+12 1.59001e+10 159001 23.2023
1e+12 1.59613e+10 159613 22.5402
1e+12 1.60227e+10 160227 21.8955
1e+12 1.60843e+10 160843 21.2678
1e+12 1.61462e+10 161462 20.6559
1e+12 1.62083e+10 162083 20.0603
1e+12 1.62706e+10 162706 19.4806
1e+12 1.63332e+10 163332 18.9156
1e+12 1.6396e+10 163960 18.3658
1e+12 1.64591e+10 164591 17.83
1e+12 1.65224e+10 165224 17.3088
1e+12 1.65859e+10 165859 16.8017
1e+12 1.66497e+10 166497 16.3077
1e+12 1.67138e+10 167138 15.8265
1e+12 1.67781e+10 167781 15.3585
1e+12 1.68426e+10 168426 14.9034
1e+12 1.69074e+10 169074 14.4602
1e+12 1.69724e+10 169724 14.0293
1e+12 1.70377e+10 170377 13.6098
1e+12 1.71032e+10 171032 13.202
1e+12 1.7169e+10 171690 12.805
1e+12 1.7235e+10 172350 12.4192
1e+12 1.73013e+10 173013 12.0437
1e+12 1.73679e+10 173679 11.6783
1e+12 1.74347e+10 174347 11.3233
1e+12 1.75017e+10 175017 10.9784
1e+12 1.7569e+10 175690 10.6428
1e+12 1.76366e+10 176366 10.3164
1e+12 1.77045e+10 177045 9.99898
1e+12 1.77726e+10 177726 9.69068
1e+12 1.78409e+10 178409 9.39132
1e+12 1.79095e+10 179095 9.10023
1e+12 1.79784e+10 179784 8.81723
1e+12 1.80476e+10 180476 8.54211
1e+12 1.8117e+10 181170 8.27507
1e+12 1.81867e+10 181867 8.01552
1e+12 1.82566e+10 182566 7.76365
1e+12 1.83268e+10 183268 7.51889
1e+12 1.83973e+10 183973 7.28108
1e+12 1.84681e+10 184681 7.05005
1e+12 1.85391e+10 185391 6.82593
1e+12 1.86104e+10 186104 6.60824
1e+12 1.8682e+10 186820 6.39682
1e+12 1.87539e+10 187539 6.19151
1e+12 1.8826e+10 188260 5.99243
1e+12 1.88984e+10 188984 5.79914
1e+12 1.89711e+10 189711 5.6115
1e+12 1.90441e+10 190441 5.42936
1e+12 1.91173e+10 191173 5.25282
1e+12 1.91909e+10 191909 5.08125
1e+12 1.92647e+10 192647 4.915
1e+12 1.93388e+10 193388 4.7537
1e+12 1.94132e+10 194132 4.5972
1e+12 1.94878e+10 194878 4.4456
1e+12 1.95628e+10 195628 4.29836
1e+12 1.9638e+10 196380 4.15576
1e+12 1.97136e+10 197136 4.01728
1e+12 1.97894e+10 197894 3.88319
1e+12 1.98655e+10 198655 3.7532
1e+12 1.99419e+10 199419 3.62718
1e+12 2.00186e+10 200186 3.50503
1e+12 2.00956e+10 200956 3.38664
1e+12 2.01729e+10 201729 3.27192
1e+12 2.02505e+10 202505 3.16076
1e+12 2.03284e+10 203284 3.05306
1e+12 2.04066e+10 204066 2.94873
1e+12 2.04851e+10 204851 2.84767
1e+12 2.05638e+10 205638 2.74992
1e+12 2.06429e+10 206429 2.65514
1e+12 2.07223e+10 207223 2.56337
1e+12 2.0802e+10 208020 2.47451
1e+12 2.08821e+10 208821 2.38839
1e+12 2.09624e+10 209624 2.30513
1e+12 2.1043e+10 210430 2.22455
1e+12 2.11239e+10 211239 2.14656
1e+12 2.12052e+10 212052 2.07102
1e+12 2.12868e+10 212868 1.99792
1e+12 2.13686e+10 213686 1.9273
1e+12 2.14508e+10 214508 1.85891
1e+12 2.15333e+10 215333 1.79276
1e+12 2.16161e+10 216161 1.7288
1e+12 2.16993e+10 216993 1.66687
1e+12 2.17827e+10 217827 1.60707
1e+12 2.18665e+10 218665 1.5492
1e+12 2.19506e+10 219506 1.49326
1e+12 2.20351e+10 220351 1.43913
1e+12 2.21198e+10 221198 1.38689
1e+12 2.22049e+10 222049 1.33636
1e+12 2.22903e+10 222903 1.28753
1e+12 2.2376e+10 223760 1.24037
1e+12 2.24621e+10 224621 1.19476
1e+12 2.25485e+10 225485 1.15072
1e+12 2.26352e+10 226352 1.10819
1e+12 2.27223e+10 227223 1.06708
1e+12 2.28097e+10 228097 1.0274
1e+12 2.28974e+10 228974 0.989091
1e+12 2.29855e+10 229855 0.952078
1e+12 2.30739e+10 230739 0.916359
1e+12 2.31627e+10 231627 0.881855
1e+12 2.32517e+10 232517 0.848604
1e+12 2.33412e+10 233412 0.816457
1e+12 2.3431e+10 234310 0.78545
1e+12 2.35211e+10 235211 0.755547
1e+12 2.36115e+10 236115 0.726711
1e+12 2.37024e+10 237024 0.698848
1e+12 2.37935e+10 237935 0.672017
1e+12 2.3885e+10 238850 0.646125
1e+12 2.39769e+10 239769 0.621144
1e+12 2.40691e+10 240691 0.597071
1e+12 2.41617e+10 241617 0.573851
1e+12 2.42546e+10 242546 0.55148
1e+12 2.43479e+10 243479 0.529908
1e+12 2.44416e+10 244416 0.509109
1e+12 2.45356e+10 245356 0.489078
1e+12 2.463e+10 246300 0.46977
1e+12 2.47247e+10 247247 0.451181
1e+12 2.48198e+10 248198 0.433268
1e+12 2.49153e+10 249153 0.416008
1e+12 2.50111e+10 250111 0.399397
1e+12 2.51073e+10 251073 0.383396
1e+12 2.52039e+10 252039 0.367986
1e+12 2.53008e+10 253008 0.353161
1e+12 2.53981e+10 253981 0.338887
1e+12 2.54958e+10 254958 0.325145
1e+12 2.55939e+10 255939 0.311918
1e+12 2.56923e+10 256923 0.2992
1e+12 2.57911e+10 257911 0.286961
1e+12 2.58903e+10 258903 0.275185
1e+12 2.59899e+10 259899 0.263856
1e+12 2.60899e+10 260899 0.252959
1e+12 2.61902e+10 261902 0.242489
1e+12 2.6291e+10 262910 0.232411
1e+12 2.63921e+10 263921 0.222731
1e+12 2.64936e+10 264936 0.213424
1e+12 2.65955e+10 265955 0.204479
1e+12 2.66978e+10 266978 0.195882
1e+12 2.68005e+10 268005 0.187621
1e+12 2.69036e+10 269036 0.179684
1e+12 2.70071e+10 270071 0.172059
1e+12 2.71109e+10 271109 0.164743
1e+12 2.72152e+10 272152 0.157709
1e+12 2.73199e+10 273199 0.150956
1e+12 2.7425e+10 274250 0.144472
1e+12 2.75304e+10 275304 0.138254
1e+12 2.76363e+10 276363 0.13228
1e+12 2.77426e+10 277426 0.126547
1e+12 2.78493e+10 278493 0.121047
1e+12 2.79565e+10 279565 0.115765
1e+12 2.8064e+10 280640 0.110703
1e+12 2.81719e+10 281719 0.105848
1e+12 2.82803e+10 282803 0.101189
1e+12 2.83891e+10 283891 0.0967215
1e+12 2.84983e+10 284983 0.0924389
1e+12 2.86079e+10 286079 0.0883342
1e+12 2.87179e+10 287179 0.0844005
1e+12 2.88284e+10 288284 0.0806279
1e+12 2.89392e+10 289392 0.0770168
1e+12 2.90506e+10 290506 0.0735516
1e+12 2.91623e+10 291623 0.0702358
1e+12 2.92745e+10 292745 0.0670578
1e+12 2.93871e+10 293871 0.0640151
1e+12 2.95001e+10 295001 0.0611024
1e+12 2.96136e+10 296136 0.0583121
1e+12 2.97275e+10 297275 0.0556418
1e+12 2.98418e+10 298418 0.0530867
1e+12 2.99566e+10 299566 0.0506403
1e+12 3.00718e+10 300718 0.0483002
1e+12 3.01875e+10 301875 0.0460602
1e+12 3.03036e+10 303036 0.0439184
1e+12 3.04201e+10 304201 0.0418706
1e+12 3.05371e+10 305371 0.0399115
1e+12 3.06546e+10 306546 0.0380375
1e+12 3.07725e+10 307725 0.0362467
1e+12 3.08909e+10 308909 0.0345342
1e+12 3.10097e+10 310097 0.0328984
1e+12 3.11289e+10 311289 0.0313359
1e+12 3.12487e+10 312487 0.0298413
1e+12 3.13689e+10 313689 0.0284143
1e+12 3.14895e+10 314895 0.027052
1e+12 3.16106e+10 316106 0.0257506
1e+12 3.17322e+10 317322 0.0245076
1e+12 3.18543e+10 318543 0.0233206
1e+12 3.19768e+10 319768 0.0221882
1e+12 3.20998e+10 320998 0.0211072
1e+12 3.22233e+10 322233 0.0200755
1e+12 3.23472e+10 323472 0.0190917
1e+12 3.24716e+10 324716 0.018153
1e+12 3.25965e+10 325965 0.0172576
1e+12 3.27219e+10 327219 0.0164035
1e+12 3.28477e+10 328477 0.0155897
1e+12 3.29741e+10 329741 0.0148131
1e+12 3.31009e+10 331009 0.0140734
1e+12 3.32282e+10 332282 0.0133684
1e+12 3.3356e+10 333560 0.0126966
1e+12 3.34843e+10 334843 0.0120565
1e+12 3.36131e+10 336131 0.0114467
1e+12 3.37424e+10 337424 0.0108659
1e+12 3.38722e+10 338722 0.0103129
1e+12 3.40025e+10 340025 0.00978631
1e+12 3.41333e+10 341333 0.00928507
1e+12 3.42645e+10 342645 0.00880839
1e+12 3.43963e+10 343963 0.00835444
1e+12 3.45286e+10 345286 0.00792256
1e+12 3.46614e+10 346614 0.00751174
1e+12 3.47948e+10 347948 0.00712074
1e+12 3.49286e+10 349286 0.00674923
1e+12 3.50629e+10 350629 0.00639604
1e+12 3.51978e+10 351978 0.00606007
1e+12 3.53332e+10 353332 0.00574079
1e+12 3.54691e+10 354691 0.00543742
1e+12 3.56055e+10 356055 0.00514922
1e+12 3.57425e+10 357425 0.00487529
1e+12 3.58799e+10 358799 0.00461535
1e+12 3.60179e+10 360179 0.00436837
1e+12 3.61565e+10 361565 0.00413375
1e+12 3.62955e+10 362955 0.00391124
1e+12 3.64351e+10 364351 0.00369995
1e+12 3.65753e+10 365753 0.00349935
1e+12 3.6716e+10 367160 0.00330907
1e+12 3.68572e+10 368572 0.00312862
1e+12 3.69989e+10 369989 0.00295753
1e+12 3.71413e+10 371413 0.0027951
1e+12 3.72841e+10 372841 0.00264127
1e+12 3.74275e+10 374275 0.00249539
1e+12 3.75715e+10 375715 0.00235708
1e+12 3.7716e+10 377160 0.00222607
1e+12 3.78611e+10 378611 0.00210192
1e+12 3.80067e+10 380067 0.00198436
1e+12 3.81529e+10 381529 0.00187299
1e+12 3.82996e+10 382996 0.00176758
1e+12 3.84469e+10 384469 0.00166777
1e+12 3.85948e+10 385948 0.00157327
1e+12 3.87433e+10 387433 0.00148383
1e+12 3.88923e+10 388923 0.00139923
1e+12 3.90419e+10 390419 0.0013192
1e+12 3.9192e+10 391920 0.00124354
1e+12 3.93428e+10 393428 0.00117193
1e+12 3.94941e+10 394941 0.00110427
1e+12 3.9646e+10 396460 0.0010403
1e+12 3.97985e+10 397985 0.000979839
1e+12 3.99516e+10 399516 0.000922706
1e+12 4.01052e+10 401052 0.000868762
1e+12 4.02595e+10 402595 0.000817776
1e+12 4.04143e+10 404143 0.000769656
1e+12 4.05698e+10 405698 0.000724193
1e+12 4.07258e+10 407258 0.000681306
1e+12 4.08825e+10 408825 0.000640803
1e+12 4.10397e+10 410397 0.000602611
1e+12 4.11976e+10 411976 0.000566559
1e+12 4.1356e+10 413560 0.000532577
1e+12 4.15151e+10 415151 0.000500514
1e+12 4.16748e+10 416748 0.000470286
1e+12 4.18351e+10 418351 0.000441795
1e+12 4.1996e+10 419960 0.000414947
1e+12 4.21575e+10 421575 0.000389653
1e+12 4.23197e+10 423197 0.000365813
1e+12 4.24824e+10 424824 0.000343376
1e+12 4.26458e+10 426458 0.000322239
1e+12 4.28099e+10 428099 0.000302331
1e+12 4.29745e+10 429745 0.000283607
1e+12 4.31398e+10 431398 0.000265979
1e+12 4.33057e+10 433057 0.000249397
1e+12 4.34723e+10 434723 0.000233794
1e+12 4.36395e+10 436395 0.000219123
1e+12 4.38074e+10 438074 0.000205324
1e+12 4.39759e+10 439759 0.000192355
1e+12 4.4145e+10 441450 0.00018017
1e+12 4.43148e+10 443148 0.000168717
1e+12 4.44853e+10 444853 0.000157955
1e+12 4.46564e+10 446564 0.000147849
1e+12 4.48281e+10 448281 0.000138363
1e+12 4.50005e+10 450005 0.000129455
1e+12 4.51736e+10 451736 0.000121093
1e+12 4.53474e+10 453474 0.000113243
1e+12 4.55218e+10 455218 0.000105882
1e+12 4.56969e+10 456969 9.89752e-05
1e+12 4.58727e+10 458727 9.24976e-05
1e+12 4.60491e+10 460491 8.6427e-05
1e+12 4.62262e+10 462262 8.07358e-05
1e+12 4.6404e+10 464040 7.54018e-05
1e+12 4.65825e+10 465825 7.04037e-05
1e+12 4.67617e+10 467617 6.57215e-05
1e+12 4.69415e+10 469415 6.13387e-05
1e+12 4.71221e+10 471221 5.72327e-05
1e+12 4.73033e+10 473033 5.33911e-05
1e+12 4.74853e+10 474853 4.97939e-05
1e+12 4.76679e+10 476679 4.643e-05
1e+12 4.78513e+10 478513 4.32816e-05
1e+12 4.80353e+10 480353 4.0339e-05
1e+12 4.82201e+10 482201 3.75862e-05
1e+12 4.84055e+10 484055 3.50146e-05
1e+12 4.85917e+10 485917 3.26101e-05
1e+12 4.87786e+10 487786 3.03638e-05
1e+12 4.89662e+10 489662 2.82658e-05
1e+12 4.91546e+10 491546 2.63056e-05
1e+12 4.93436e+10 493436 2.44767e-05
1e+12 4.95334e+10 495334 2.2769e-05
1e+12 4.97239e+10 497239 2.11755e-05
1e+12 4.99152e+10 499152 1.96883e-05
1e+12 5.01072e+10 501072 1.83015e-05
1e+12 5.02999e+10 502999 1.70085e-05
1e+12 5.04934e+10 504934 1.58026e-05
1e+12 5.06876e+10 506876 1.4679e-05
1e+12 5.08825e+10 508825 1.36322e-05
1e+12 5.10783e+10 510783 1.26563e-05
1e+12 5.12747e+10 512747 1.17481e-05
1e+12 5.14719e+10 514719 1.09023e-05
1e+12 5.16699e+10 516699 1.01147e-05
1e+12 5.18687e+10 518687 9.38163e-06
1e+12 5.20682e+10 520682 8.69979e-06
1e+12 5.22684e+10 522684 8.06577e-06
1e+12 5.24695e+10 524695 7.4758e-06
1e+12 5.26713e+10 526713 6.92749e-06
1e+12 5.28739e+10 528739 6.41781e-06
1e+12 5.30772e+10 530772 5.94439e-06
1e+12 5.32814e+10 532814 5.50434e-06
1e+12 5.34863e+10 534863 5.09582e-06
1e+12 5.3692e+10 536920 4.71649e-06
1e+12 5.38986e+10 538986 4.3642e-06
1e+12 5.41059e+10 541059 4.03742e-06
1e+12 5.4314e+10 543140 3.73424e-06
1e+12 5.45229e+10 545229 3.45305e-06
1e+12 5.47326e+10 547326 3.19231e-06
1e+12 5.49431e+10 549431 2.95061e-06
1e+12 5.51544e+10 551544 2.72662e-06
1e+12 5.53666e+10 553666 2.51901e-06
1e+12 5.55795e+10 555795 2.32682e-06
1e+12 5.57933e+10 557933 2.14877e-06
1e+12 5.60079e+10 560079 1.98397e-06
1e+12 5.62233e+10 562233 1.83146e-06
1e+12 5.64396e+10 564396 1.6903e-06
1e+12 5.66567e+10 566567 1.55976e-06
1e+12 5.68746e+10 568746 1.43905e-06
1e+12 5.70934e+10 570934 1.32744e-06
1e+12 5.73129e+10 573129 1.22435e-06
1e+12 5.75334e+10 575334 1.12903e-06
1e+12 5.77547e+10 577547 1.041e-06
1e+12 5.79768e+10 579768 9.59731e-07
1e+12 5.81998e+10 581998 8.84692e-07
1e+12 5.84237e+10 584237 8.15424e-07
1e+12 5.86484e+10 586484 7.51533e-07
1e+12 5.8874e+10 588740 6.92591e-07
1e+12 5.91004e+10 591004 6.38257e-07
1e+12 5.93277e+10 593277 5.88162e-07
1e+12 5.95559e+10 595559 5.41992e-07
1e+12 5.9785e+10 597850 4.9945e-07
1e+12 6.00149e+10 600149 4.60281e-07
1e+12 6.02458e+10 602458 4.24198e-07
1e+12 6.04775e+10 604775 3.90996e-07
1e+12 6.07101e+10 607101 3.60442e-07
1e+12 6.09436e+10 609436 3.32333e-07
1e+12 6.1178e+10 611780 3.06482e-07
1e+12 6.14133e+10 614133 2.82715e-07
1e+12 6.16496e+10 616496 2.60861e-07
1e+12 6.18867e+10 618867 2.4079e-07
1e+12 6.21247e+10 621247 2.22355e-07
1e+12 6.23637e+10 623637 2.0542e-07
1e+12 6.26035e+10 626035 1.89881e-07
1e+12 6.28443e+10 628443 1.75617e-07
1e+12 6.3086e+10 630860 1.62531e-07
1e+12 6.33287e+10 633287 1.50526e-07
1e+12 6.35723e+10 635723 1.39521e-07
1e+12 6.38168e+10 638168 1.29435e-07
1e+12 6.40623e+10 640623 1.20191e-07
1e+12 6.43087e+10 643087 1.11725e-07
1e+12 6.4556e+10 645560 1.03974e-07
1e+12 6.48043e+10 648043 9.68768e-08
1e+12 6.50536e+10 650536 9.03809e-08
1e+12 6.53038e+10 653038 8.44396e-08
1e+12 6.5555e+10 655550 7.90051e-08
1e+12 6.58071e+10 658071 7.40378e-08
1e+12 6.60602e+10 660602 6.94974e-08
1e+12 6.63143e+10 663143 6.53485e-08
1e+12 6.65694e+10 665694 6.15586e-08
1e+12 6.68254e+10 668254 5.80993e-08
1e+12 6.70824e+10 670824 5.49415e-08
1e+12 6.73405e+10 673405 5.20589e-08
1e+12 6.75995e+10 675995 4.94303e-08
1e+12 6.78595e+10 678595 4.70334e-08
1e+12 6.81205e+10 681205 4.48484e-08
1e+12 6.83825e+10 683825 4.28574e-08
1e+12 6.86455e+10 686455 4.10436e-08
1e+12 6.89096e+10 689096 3.93914e-08
1e+12 6.91746e+10 691746 3.78879e-08
1e+12 6.94407e+10 694407 3.65193e-08
1e+12 6.97078e+10 697078 3.52744e-08
1e+12 6.99759e+10 699759 3.41423e-08
1e+12 7.0245e+10 702450 3.31133e-08
1e+12 7.05152e+10 705152 3.21778e-08
1e+12 7.07864e+10 707864 3.13282e-08
1e+12 7.10587e+10 710587 3.05563e-08
1e+12 7.1332e+10 713320 2.98558e-08
1e+12 7.16064e+10 716064 2.92199e-08
1e+12 7.18818e+10 718818 2.86431e-08
1e+12 7.21583e+10 721583 2.81199e-08
1e+12 7.24358e+10 724358 2.76458e-08
1e+12 7.27144e+10 727144 2.7216e-08
1e+12 7.29941e+10 729941 2.68266e-08
1e+12 7.32749e+10 732749 2.6474e-08
1e+12 7.35567e+10 735567 2.61549e-08
1e+12 7.38396e+10 738396 2.58631e-08
1e+12 7.41236e+10 741236 2.55823e-08
1e+12 7.44087e+10 744087 2.53005e-08
1e+12 7.46949e+10 746949 2.50175e-08
1e+12 7.49822e+10 749822 2.47335e-08
1e+12 7.52706e+10 752706 2.44484e-08
1e+12 7.55601e+10 755601 2.41621e-08
1e+12 7.58508e+10 758508 2.38748e-08
1e+12 7.61425e+10 761425 2.35864e-08
1e+12 7.64354e+10 764354 2.32968e-08
1e+12 7.67294e+10 767294 2.30061e-08
1e+12 7.70245e+10 770245 2.27144e-08
1e+12 7.73208e+10 773208 2.24215e-08
1e+12 7.76182e+10 776182 2.21274e-08
1e+12 7.79167e+10 779167 2.18323e-08
1e+12 7.82164e+10 782164 2.1536e-08
1e+12 7.85172e+10 785172 2.12387e-08
1e+12 7.88192e+10 788192 2.09401e-08
1e+12 7.91224e+10 791224 2.06403e-08
1e+12 7.94267e+10 794267 2.03395e-08
1e+12 7.97322e+10 797322 2.00375e-08
1e+12 8.00389e+10 800389 1.97342e-08
1e+12 8.03468e+10 803468 1.94298e-08
1e+12 8.06558e+10 806558 1.91244e-08
1e+12 8.0966e+10 809660 1.88177e-08
1e+12 8.12774e+10 812774 1.85098e-08
1e+12 8.15901e+10 815901 1.82007e-08
1e+12 8.19039e+10 819039 1.78904e-08
1e+12 8.22189e+10 822189 1.7579e-08
1e+12 8.25351e+10 825351 1.72664e-08
1e+12 8.28526e+10 828526 1.69525e-08
1e+12 8.31713e+10 831713 1.66374e-08
1e+12 8.34912e+10 834912 1.63212e-08
1e+12 8.38123e+10 838123 1.60037e-08
1e+12 8.41347e+10 841347 1.5685e-08
1e+12 8.44583e+10 844583 1.53651e-08
1e+12 8.47831e+10 847831 1.5044e-08
1e+12 8.51092e+10 851092 1.47216e-08
1e+12 8.54366e+10 854366 1.43979e-08
1e+12 8.57652e+10 857652 1.4073e-08
1e+12 8.60951e+10 860951 1.37469e-08
1e+12 8.64262e+10 864262 1.34195e-08
1e+12 8.67586e+10 867586 1.30909e-08
1e+12 8.70923e+10 870923 1.2761e-08
1e+12 8.74273e+10 874273 1.24298e-08
1e+12 8.77636e+10 877636 1.20973e-08
1e+12 8.81012e+10 881012 1.17636e-08
1e+12 8.844e+10 884400 1.14286e-08
1e+12 8.87802e+10 887802 1.10923e-08
1e+12 8.91217e+10 891217 1.07547e-08
1e+12 8.94645e+10 894645 1.04158e-08
1e+12 8.98086e+10 898086 1.00756e-08
1e+12 9.0154e+10 901540 9.7341e-09
1e+12 9.05008e+10 905008 9.39124e-09
1e+12 9.08489e+10 908489 9.0471e-09
1e+12 9.11983e+10 911983 8.70167e-09
1e+12 9.15491e+10 915491 8.35486e-09
1e+12 9.19012e+10 919012 8.00676e-09
1e+12 9.22547e+10 922547 7.65728e-09
1e+12 9.26095e+10 926095 7.30651e-09
1e+12 9.29657e+10 929657 6.95436e-09
1e+12 9.33233e+10 933233 6.60082e-09
1e+12 9.36822e+10 936822 6.246e-09
1e+12 9.40426e+10 940426 5.8897e-09
1e+12 9.44043e+10 944043 5.53211e-09
1e+12 9.47674e+10 947674 5.17313e-09
1e+12 9.51319e+10 951319 4.81278e-09
1e+12 9.54978e+10 954978 4.45103e-09
1e+12 9.58651e+10 958651 4.08791e-09
1e+12 9.62338e+10 962338 3.7234e-09
1e+12 9.6604e+10 966040 3.35741e-09
1e+12 9.69755e+10 969755 2.99013e-09
1e+12 9.73485e+10 973485 2.62137e-09
1e+12 9.7723e+10 977230 2.25112e-09
1e+12 9.80988e+10 980988 1.87959e-09
1e+12 9.84762e+10 984762 1.50648e-09
1e+12 9.88549e+10 988549 1.13209e-09
1e+12 9.92352e+10 992352 7.56108e-10
1e+12 9.96168e+10 996168 3.78845e-10
1e+12 1e+11 1e+06 0

