# profile_file data/collapsar_profile.dat
# sigma_table data/sigma_nuN_CC_IIM.dat
# Enu_GeV 1e+12
# sigma_cm2_interpolated 4.00898e-31
# r_cm rho_gcm3 tau survival
1e+06 1.003e+12 1.21037e+11 0
1.00385e+06 9.91518e+11 1.2011e+11 0
1.00771e+06 9.80163e+11 1.19192e+11 0
1.01158e+06 9.68938e+11 1.18281e+11 0
1.01547e+06 9.57842e+11 1.17376e+11 0
1.01938e+06 9.46873e+11 1.16477e+11 0
1.0233e+06 9.36029e+11 1.15586e+11 0
1.02724e+06 9.2531e+11 1.14701e+11 0
1.03119e+06 9.14713e+11 1.13824e+11 0
1.03515e+06 9.04238e+11 1.12954e+11 0
1.03914e+06 8.93883e+11 1.12088e+11 0
1.04313e+06 8.83646e+11 1.11232e+11 0
1.04714e+06 8.73526e+11 1.10382e+11 0
1.05117e+06 8.63523e+11 1.09536e+11 0
1.05522e+06 8.53634e+11 1.08697e+11 0
1.05927e+06 8.43858e+11 1.07867e+11 0
1.06335e+06 8.34194e+11 1.07041e+11 0
1.06744e+06 8.24641e+11 1.06222e+11 0
1.07154e+06 8.15197e+11 1.0541e+11 0
1.07567e+06 8.05861e+11 1.04602e+11 0
1.0798e+06 7.96632e+11 1.03803e+11 0
1.08396e+06 7.87509e+11 1.03007e+11 0
1.08813e+06 7.78491e+11 1.02219e+11 0
1.09231e+06 7.69575e+11 1.01438e+11 0
1.09651e+06 7.60762e+11 1.00662e+11 0
1.10073e+06 7.5205e+11 9.98915e+10 0
1.10496e+06 7.43437e+11 9.91279e+10 0
1.10921e+06 7.34923e+11 9.83695e+10 0
1.11348e+06 7.26507e+11 9.76162e+10 0
1.11776e+06 7.18187e+11 9.68698e+10 0
1.12206e+06 7.09962e+11 9.61285e+10 0
1.12638e+06 7.01832e+11 9.53923e+10 0
1.13071e+06 6.93794e+11 9.46628e+10 0
1.13506e+06 6.85849e+11 9.39383e+10 0
1.13942e+06 6.77994e+11 9.32205e+10 0
1.14381e+06 6.7023e+11 9.25061e+10 0
1.14821e+06 6.62554e+11 9.17982e+10 0
1.15262e+06 6.54967e+11 9.10968e+10 0
1.15706e+06 6.47466e+11 9.03987e+10 0
1.16151e+06 6.40051e+11 8.97071e+10 0
1.16597e+06 6.32721e+11 8.90219e+10 0
1.17046e+06 6.25475e+11 8.83399e+10 0
1.17496e+06 6.18312e+11 8.76643e+10 0
1.17948e+06 6.11231e+11 8.69934e+10 0
1.18402e+06 6.04231e+11 8.63273e+10 0
1.18857e+06 5.97311e+11 8.56674e+10 0
1.19314e+06 5.90471e+11 8.50121e+10 0
1.19773e+06 5.83708e+11 8.43615e+10 0
1.20234e+06 5.77024e+11 8.37156e+10 0
1.20696e+06 5.70415e+11 8.30757e+10 0
1.21161e+06 5.63883e+11 8.2439e+10 0
1.21627e+06 5.57425e+11 8.18082e+10 0
1.22094e+06 5.51041e+11 8.11833e+10 0
1.22564e+06 5.44731e+11 8.05616e+10 0
1.23035e+06 5.38492e+11 7.99458e+10 0
1.23509e+06 5.32325e+11 7.93331e+10 0
1.23984e+06 5.26229e+11 7.87261e+10 0
1.24461e+06 5.20203e+11 7.81236e+10 0
1.24939e+06 5.14245e+11 7.75267e+10 0
1.2542e+06 5.08356e+11 7.69329e+10 0
1.25902e+06 5.02534e+11 7.63448e+10 0
1.26386e+06 4.96779e+11 7.57609e+10 0
1.26873e+06 4.91089e+11 7.51802e+10 0
1.27361e+06 4.85465e+11 7.46049e+10 0
1.2785e+06 4.79906e+11 7.40351e+10 0
1.28342e+06 4.7441e+11 7.34683e+10 0
1.28836e+06 4.68977e+11 7.29057e+10 0
1.29331e+06 4.63606e+11 7.23485e+10 0
1.29829e+06 4.58296e+11 7.17943e+10 0
1.30328e+06 4.53048e+11 7.12453e+10 0
1.30829e+06 4.47859e+11 7.07005e+10 0
1.31333e+06 4.4273e+11 7.01586e+10 0
1.31838e+06 4.3766e+11 6.96219e+10 0
1.32345e+06 4.32648e+11 6.90893e+10 0
1.32854e+06 4.27693e+11 6.85607e+10 0
1.33365e+06 4.22795e+11 6.80361e+10 0
1.33878e+06 4.17953e+11 6.75154e+10 0
1.34393e+06 4.13166e+11 6.69987e+10 0
1.3491e+06 4.08434e+11 6.6486e+10 0
1.35429e+06 4.03757e+11 6.59772e+10 0
1.3595e+06 3.99133e+11 6.54722e+10 0
1.36472e+06 3.94562e+11 6.49721e+10 0
1.36997e+06 3.90043e+11 6.44748e+10 0
1.37524e+06 3.85576e+11 6.39814e+10 0
1.38053e+06 3.8116e+11 6.34918e+10 0
1.38584e+06 3.76795e+11 6.3006e+10 0
1.39117e+06 3.7248e+11 6.25239e+10 0
1.39652e+06 3.68214e+11 6.20455e+10 0
1.4019e+06 3.63997e+11 6.157e+10 0
1.40729e+06 3.59828e+11 6.10991e+10 0
1.4127e+06 3.55708e+11 6.06318e+10 0
1.41813e+06 3.51634e+11 6.01681e+10 0
1.42359e+06 3.47607e+11 5.97073e+10 0
1.42906e+06 3.43626e+11 5.92508e+10 0
1.43456e+06 3.3969e+11 5.87972e+10 0
1.44008e+06 3.358e+11 5.83471e+10 0
1.44562e+06 3.31954e+11 5.79005e+10 0
1.45118e+06 3.28153e+11 5.74575e+10 0
1.45676e+06 3.24394e+11 5.70179e+10 0
1.46236e+06 3.20679e+11 5.65819e+10 0
1.46799e+06 3.17007e+11 5.61485e+10 0
1.47363e+06 3.13376e+11 5.57193e+10 0
1.4793e+06 3.09787e+11 5.52928e+10 0
1.48499e+06 3.06239e+11 5.48697e+10 0
1.4907e+06 3.02732e+11 5.44499e+10 0
1.49644e+06 2.99265e+11 5.40328e+10 0
1.50219e+06 2.95838e+11 5.36197e+10 0
1.50797e+06 2.9245e+11 5.32093e+10 0
1.51377e+06 2.891e+11 5.28021e+10 0
1.51959e+06 2.85789e+11 5.23982e+10 0
1.52544e+06 2.82516e+11 5.19969e+10 0
1.5313e+06 2.79281e+11 5.15995e+10 0
1.53719e+06 2.76082e+11 5.12046e+10 0
1.54311e+06 2.7292e+11 5.08123e+10 0
1.54904e+06 2.69795e+11 5.04238e+10 0
1.555e+06 2.66705e+11 5.00378e+10 0
1.56098e+06 2.6365e+11 4.9655e+10 0
1.56699e+06 2.60631e+11 4.92746e+10 0
1.57301e+06 2.57646e+11 4.8898e+10 0
1.57906e+06 2.54695e+11 4.85238e+10 0
1.58514e+06 2.51778e+11 4.81521e+10 0
1.59123e+06 2.48895e+11 4.7784e+10 0
1.59735e+06 2.46044e+11 4.74184e+10 0
1.6035e+06 2.43226e+11 4.70552e+10 0
1.60967e+06 2.40441e+11 4.66949e+10 0
1.61586e+06 2.37687e+11 4.63377e+10 0
1.62207e+06 2.34965e+11 4.59833e+10 0
1.62831e+06 2.32274e+11 4.56314e+10 0
1.63457e+06 2.29614e+11 4.52824e+10 0
1.64086e+06 2.26984e+11 4.49357e+10 0
1.64717e+06 2.24384e+11 4.45919e+10 0
1.65351e+06 2.21814e+11 4.42504e+10 0
1.65987e+06 2.19274e+11 4.39117e+10 0
1.66625e+06 2.16763e+11 4.35759e+10 0
1.67266e+06 2.1428e+11 4.32424e+10 0
1.67909e+06 2.11826e+11 4.29117e+10 0
1.68555e+06 2.094e+11 4.25832e+10 0
1.69204e+06 2.07002e+11 4.2257e+10 0
1.69854e+06 2.04631e+11 4.1934e+10 0
1.70508e+06 2.02288e+11 4.16127e+10 0
1.71163e+06 1.99971e+11 4.12947e+10 0
1.71822e+06 1.97681e+11 4.09784e+10 0
1.72483e+06 1.95416e+11 4.06647e+10 0
1.73146e+06 1.93178e+11 4.03537e+10 0
1.73812e+06 1.90966e+11 4.00449e+10 0
1.74481e+06 1.88779e+11 3.97382e+10 0
1.75152e+06 1.86617e+11 3.94341e+10 0
1.75825e+06 1.84479e+11 3.91326e+10 0
1.76502e+06 1.82367e+11 3.88329e+10 0
1.77181e+06 1.80278e+11 3.85356e+10 0
1.77862e+06 1.78213e+11 3.82409e+10 0
1.78546e+06 1.76172e+11 3.79483e+10 0
1.79233e+06 1.74155e+11 3.76578e+10 0
1.79922e+06 1.7216e+11 3.73697e+10 0
1.80614e+06 1.70188e+11 3.70838e+10 0
1.81309e+06 1.68239e+11 3.67998e+10 0
1.82006e+06 1.66312e+11 3.65184e+10 0
1.82706e+06 1.64407e+11 3.62389e+10 0
1.83409e+06 1.62524e+11 3.59615e+10 0
1.84115e+06 1.60663e+11 3.5686e+10 0
1.84823e+06 1.58823e+11 3.5413e+10 0
1.85534e+06 1.57004e+11 3.51419e+10 0
1.86247e+06 1.55206e+11 3.48732e+10 0
1.86964e+06 1.53428e+11 3.46061e+10 0
1.87683e+06 1.51671e+11 3.43413e+10 0
1.88405e+06 1.49934e+11 3.40784e+10 0
1.89129e+06 1.48217e+11 3.38178e+10 0
1.89857e+06 1.46519e+11 3.35588e+10 0
1.90587e+06 1.44841e+11 3.33021e+10 0
1.9132e+06 1.43182e+11 3.30472e+10 0
1.92056e+06 1.41542e+11 3.27943e+10 0
1.92795e+06 1.39921e+11 3.25432e+10 0
1.93536e+06 1.38319e+11 3.22943e+10 0
1.94281e+06 1.36734e+11 3.20469e+10 0
1.95028e+06 1.35168e+11 3.18018e+10 0
1.95778e+06 1.3362e+11 3.15584e+10 0
1.96531e+06 1.3209e+11 3.13169e+10 0
1.97287e+06 1.30577e+11 3.10772e+10 0
1.98046e+06 1.29082e+11 3.08393e+10 0
1.98808e+06 1.27603e+11 3.06032e+10 0
1.99572e+06 1.26142e+11 3.03692e+10 0
2.0034e+06 1.24697e+11 3.01366e+10 0
2.0111e+06 1.23269e+11 2.99061e+10 0
2.01884e+06 1.21857e+11 2.96771e+10 0
2.0266e+06 1.20461e+11 2.94501e+10 0
2.0344e+06 1.19082e+11 2.92246e+10 0
2.04222e+06 1.17718e+11 2.9001e+10 0
2.05008e+06 1.16369e+11 2.87789e+10 0
2.05796e+06 1.15037e+11 2.85588e+10 0
2.06588e+06 1.13719e+11 2.83401e+10 0
2.07383e+06 1.12417e+11 2.81231e+10 0
2.0818e+06 1.11129e+11 2.7908e+10 0
2.08981e+06 1.09856e+11 2.76944e+10 0
2.09785e+06 1.08598e+11 2.74823e+10 0
2.10592e+06 1.07354e+11 2.7272e+10 0
2.11402e+06 1.06125e+11 2.70632e+10 0
2.12215e+06 1.04909e+11 2.68561e+10 0
2.13031e+06 1.03708e+11 2.66506e+10 0
2.1385e+06 1.0252e+11 2.64467e+10 0
2.14673e+06 1.01346e+11 2.62442e+10 0
2.15499e+06 1.00185e+11 2.60433e+10 0
2.16327e+06 9.90374e+10 2.58441e+10 0
2.1716e+06 9.79031e+10 2.56461e+10 0
2.17995e+06 9.67818e+10 2.54499e+10 0
2.18833e+06 9.56733e+10 2.52552e+10 0
2.19675e+06 9.45775e+10 2.50618e+10 0
2.2052e+06 9.34943e+10 2.487e+10 0
2.21368e+06 9.24234e+10 2.46797e+10 0
2.2222e+06 9.13649e+10 2.44907e+10 0
2.23074e+06 9.03184e+10 2.43034e+10 0
2.23932e+06 8.92839e+10 2.41173e+10 0
2.24794e+06 8.82613e+10 2.39326e+10 0
2.25658e+06 8.72504e+10 2.37495e+10 0
2.26526e+06 8.62511e+10 2.35677e+10 0
2.27397e+06 8.52632e+10 2.33874e+10 0
2.28272e+06 8.42866e+10 2.32083e+10 0
2.2915e+06 8.33213e+10 2.30307e+10 0
2.30031e+06 8.23669e+10 2.28545e+10 0
2.30916e+06 8.14235e+10 2.26795e+10 0
2.31804e+06 8.04909e+10 2.25059e+10 0
2.32696e+06 7.9569e+10 2.23336e+10 0
2.33591e+06 7.86577e+10 2.21627e+10 0
2.34489e+06 7.77567e+10 2.19931e+10 0
2.35391e+06 7.68661e+10 2.18247e+10 0
2.36297e+06 7.59857e+10 2.16576e+10 0
2.37206e+06 7.51154e+10 2.14918e+10 0
2.38118e+06 7.42551e+10 2.13273e+10 0
2.39034e+06 7.34046e+10 2.11641e+10 0
2.39953e+06 7.25638e+10 2.10021e+10 0
2.40876e+06 7.17327e+10 2.08414e+10 0
2.41803e+06 7.09111e+10 2.06817e+10 0
2.42733e+06 7.00989e+10 2.05234e+10 0
2.43666e+06 6.9296e+10 2.03664e+10 0
2.44604e+06 6.85023e+10 2.02104e+10 0
2.45544e+06 6.77177e+10 2.00558e+10 0
2.46489e+06 6.69421e+10 1.99022e+10 0
2.47437e+06 6.61753e+10 1.97499e+10 0
2.48389e+06 6.54173e+10 1.95987e+10 0
2.49344e+06 6.46681e+10 1.94487e+10 0
2.50303e+06 6.39274e+10 1.92998e+10 0
2.51266e+06 6.31952e+10 1.91521e+10 0
2.52232e+06 6.24713e+10 1.90055e+10 0
2.53202e+06 6.17558e+10 1.88601e+10 0
2.54176e+06 6.10484e+10 1.87157e+10 0
2.55154e+06 6.03492e+10 1.85724e+10 0
2.56135e+06 5.9658e+10 1.84302e+10 0
2.57121e+06 5.89746e+10 1.8289e+10 0
2.58109e+06 5.82991e+10 1.81492e+10 0
2.59102e+06 5.76314e+10 1.80102e+10 0
2.60099e+06 5.69713e+10 1.78723e+10 0
2.61099e+06 5.63187e+10 1.77355e+10 0
2.62104e+06 5.56737e+10 1.75997e+10 0
2.63112e+06 5.5036e+10 1.7465e+10 0
2.64124e+06 5.44056e+10 1.73313e+10 0
2.6514e+06 5.37824e+10 1.71986e+10 0
2.66159e+06 5.31664e+10 1.7067e+10 0
2.67183e+06 5.25574e+10 1.69363e+10 0
2.68211e+06 5.19554e+10 1.68066e+10 0
2.69242e+06 5.13603e+10 1.66781e+10 0
2.70278e+06 5.0772e+10 1.65503e+10 0
2.71318e+06 5.01905e+10 1.64236e+10 0
2.72361e+06 4.96156e+10 1.62979e+10 0
2.73409e+06 4.90473e+10 1.61731e+10 0
2.7446e+06 4.84855e+10 1.60494e+10 0
2.75516e+06 4.79301e+10 1.59265e+10 0
2.76576e+06 4.73811e+10 1.58045e+10 0
2.77639e+06 4.68384e+10 1.56836e+10 0
2.78707e+06 4.63019e+10 1.55635e+10 0
2.79779e+06 4.57716e+10 1.54444e+10 0
2.80855e+06 4.52473e+10 1.53262e+10 0
2.81936e+06 4.4729e+10 1.52088e+10 0
2.8302e+06 4.42167e+10 1.50924e+10 0
2.84109e+06 4.37102e+10 1.49768e+10 0
2.85201e+06 4.32095e+10 1.48622e+10 0
2.86298e+06 4.27146e+10 1.47484e+10 0
2.874e+06 4.22253e+10 1.46354e+10 0
2.88505e+06 4.17417e+10 1.45234e+10 0
2.89615e+06 4.12635e+10 1.44122e+10 0
2.90729e+06 4.07909e+10 1.43019e+10 0
2.91847e+06 4.03237e+10 1.41924e+10 0
2.92969e+06 3.98618e+10 1.40838e+10 0
2.94096e+06 3.94052e+10 1.3976e+10 0
2.95227e+06 3.89538e+10 1.3869e+10 0
2.96363e+06 3.85076e+10 1.37627e+10 0
2.97503e+06 3.80665e+10 1.36574e+10 0
2.98647e+06 3.76305e+10 1.35528e+10 0
2.99796e+06 3.71995e+10 1.3449e+10 0
3.00949e+06 3.67734e+10 1.33461e+10 0
3.02106e+06 3.63522e+10 1.3244e+10 0
3.03268e+06 3.59358e+10 1.31426e+10 0
3.04435e+06 3.55241e+10 1.30419e+10 0
3.05606e+06 3.51172e+10 1.2942e+10 0
3.06781e+06 3.4715e+10 1.2843e+10 0
3.07961e+06 3.43173e+10 1.27447e+10 0
3.09146e+06 3.39242e+10 1.2647e+10 0
3.10335e+06 3.35356e+10 1.25502e+10 0
3.11529e+06 3.31515e+10 1.24541e+10 0
3.12727e+06 3.27718e+10 1.23588e+10 0
3.1393e+06 3.23964e+10 1.22641e+10 0
3.15137e+06 3.20253e+10 1.21703e+10 0
3.16349e+06 3.16584e+10 1.20771e+10 0
3.17566e+06 3.12958e+10 1.19846e+10 0
3.18787e+06 3.09373e+10 1.18929e+10 0
3.20014e+06 3.05829e+10 1.18018e+10 0
3.21244e+06 3.02326e+10 1.17115e+10 0
3.2248e+06 2.98863e+10 1.16218e+10 0
3.2372e+06 2.9544e+10 1.15328e+10 0
3.24966e+06 2.92055e+10 1.14444e+10 0
3.26215e+06 2.8871e+10 1.13569e+10 0
3.2747e+06 2.85403e+10 1.12699e+10 0
3.2873e+06 2.82134e+10 1.11836e+10 0
3.29994e+06 2.78902e+10 1.1098e+10 0
3.31263e+06 2.75707e+10 1.1013e+10 0
3.32537e+06 2.72549e+10 1.09287e+10 0
3.33817e+06 2.69427e+10 1.0845e+10 0
3.351e+06 2.66341e+10 1.0762e+10 0
3.36389e+06 2.6329e+10 1.06796e+10 0
3.37683e+06 2.60274e+10 1.05978e+10 0
3.38982e+06 2.57292e+10 1.05166e+10 0
3.40286e+06 2.54345e+10 1.04361e+10 0
3.41595e+06 2.51431e+10 1.03562e+10 0
3.42909e+06 2.48551e+10 1.02769e+10 0
3.44228e+06 2.45704e+10 1.01982e+10 0
3.45552e+06 2.4289e+10 1.01201e+10 0
3.46881e+06 2.40107e+10 1.00426e+10 0
3.48215e+06 2.37357e+10 9.96572e+09 0
3.49554e+06 2.34638e+10 9.88943e+09 0
3.50899e+06 2.3195e+10 9.81368e+09 0
3.52248e+06 2.29293e+10 9.73857e+09 0
3.53603e+06 2.26666e+10 9.66399e+09 0
3.54963e+06 2.2407e+10 9.58999e+09 0
3.56329e+06 2.21503e+10 9.51652e+09 0
3.57699e+06 2.18966e+10 9.44368e+09 0
3.59075e+06 2.16458e+10 9.37135e+09 0
3.60456e+06 2.13978e+10 9.2996e+09 0
3.61842e+06 2.11527e+10 9.22841e+09 0
3.63234e+06 2.09104e+10 9.15773e+09 0
3.64631e+06 2.06708e+10 9.0876e+09 0
3.66034e+06 2.0434e+10 9.01799e+09 0
3.67442e+06 2.02e+10 8.94893e+09 0
3.68855e+06 1.99686e+10 8.88041e+09 0
3.70274e+06 1.97398e+10 8.81239e+09 0
3.71698e+06 1.95137e+10 8.74492e+09 0
3.73128e+06 1.92902e+10 8.67794e+09 0
3.74563e+06 1.90692e+10 8.61149e+09 0
3.76003e+06 1.88507e+10 8.54557e+09 0
3.7745e+06 1.86348e+10 8.4801e+09 0
3.78901e+06 1.84213e+10 8.41519e+09 0
3.80359e+06 1.82103e+10 8.35072e+09 0
3.81822e+06 1.80017e+10 8.28677e+09 0
3.8329e+06 1.77955e+10 8.22333e+09 0
3.84765e+06 1.75916e+10 8.16033e+09 0
3.86244e+06 1.73901e+10 8.09787e+09 0
3.8773e+06 1.71909e+10 8.03584e+09 0
3.89221e+06 1.69939e+10 7.97431e+09 0
3.90718e+06 1.67993e+10 7.91325e+09 0
3.92221e+06 1.66068e+10 7.85264e+09 0
3.9373e+06 1.64166e+10 7.79248e+09 0
3.95244e+06 1.62285e+10 7.73282e+09 0
3.96765e+06 1.60426e+10 7.67357e+09 0
3.98291e+06 1.58588e+10 7.6148e+09 0
3.99823e+06 1.56771e+10 7.55648e+09 0
4.0136e+06 1.54976e+10 7.49864e+09 0
4.02904e+06 1.532e+10 7.44121e+09 0
4.04454e+06 1.51445e+10 7.3842e+09 0
4.06009e+06 1.4971e+10 7.32768e+09 0
4.07571e+06 1.47995e+10 7.27154e+09 0
4.09139e+06 1.463e+10 7.21584e+09 0
4.10712e+06 1.44624e+10 7.1606e+09 0
4.12292e+06 1.42967e+10 7.10575e+09 0
4.13878e+06 1.41329e+10 7.05132e+09 0
4.1547e+06 1.3971e+10 6.99731e+09 0
4.17068e+06 1.3811e+10 6.94372e+09 0
4.18672e+06 1.36527e+10 6.89054e+09 0
4.20282e+06 1.34963e+10 6.83778e+09 0
4.21899e+06 1.33417e+10 6.78539e+09 0
4.23522e+06 1.31889e+10 6.73341e+09 0
4.25151e+06 1.30378e+10 6.68184e+09 0
4.26786e+06 1.28884e+10 6.63067e+09 0
4.28427e+06 1.27408e+10 6.5799e+09 0
4.30075e+06 1.25948e+10 6.5295e+09 0
4.3173e+06 1.24505e+10 6.47946e+09 0
4.3339e+06 1.23079e+10 6.42985e+09 0
4.35057e+06 1.21669e+10 6.3806e+09 0
4.3673e+06 1.20275e+10 6.33174e+09 0
4.3841e+06 1.18897e+10 6.28324e+09 0
4.40096e+06 1.17535e+10 6.23512e+09 0
4.41789e+06 1.16188e+10 6.18735e+09 0
4.43488e+06 1.14857e+10 6.13997e+09 0
4.45194e+06 1.13541e+10 6.09293e+09 0
4.46907e+06 1.12241e+10 6.04624e+09 0
4.48626e+06 1.10955e+10 5.99993e+09 0
4.50351e+06 1.09684e+10 5.95399e+09 0
4.52083e+06 1.08427e+10 5.90838e+09 0
4.53822e+06 1.07185e+10 5.86312e+09 0
4.55568e+06 1.05957e+10 5.8182e+09 0
4.5732e+06 1.04743e+10 5.77364e+09 0
4.59079e+06 1.03543e+10 5.72941e+09 0
4.60845e+06 1.02357e+10 5.68552e+09 0
4.62617e+06 1.01184e+10 5.64198e+09 0
4.64397e+06 1.00025e+10 5.59875e+09 0
4.66183e+06 9.8879e+09 5.55587e+09 0
4.67976e+06 9.77462e+09 5.51331e+09 0
4.69776e+06 9.66264e+09 5.47107e+09 0
4.71583e+06 9.55194e+09 5.42916e+09 0
4.73397e+06 9.4425e+09 5.38757e+09 0
4.75217e+06 9.33432e+09 5.34632e+09 0
4.77045e+06 9.22738e+09 5.30536e+09 0
4.7888e+06 9.12167e+09 5.26471e+09 0
4.80722e+06 9.01716e+09 5.22438e+09 0
4.82571e+06 8.91385e+09 5.18436e+09 0
4.84427e+06 8.81173e+09 5.14465e+09 0
4.8629e+06 8.71077e+09 5.10524e+09 0
4.88161e+06 8.61098e+09 5.06612e+09 0
4.90038e+06 8.51232e+09 5.02732e+09 0
4.91923e+06 8.4148e+09 4.9888e+09 0
4.93815e+06 8.31839e+09 4.95059e+09 0
4.95715e+06 8.22309e+09 4.91265e+09 0
4.97621e+06 8.12887e+09 4.87503e+09 0
4.99535e+06 8.03574e+09 4.83768e+09 0
5.01457e+06 7.94368e+09 4.8006e+09 0
5.03385e+06 7.85266e+09 4.76384e+09 0
5.05322e+06 7.7627e+09 4.72733e+09 0
5.07265e+06 7.67376e+09 4.69112e+09 0
5.09216e+06 7.58584e+09 4.65518e+09 0
5.11175e+06 7.49893e+09 4.61951e+09 0
5.13141e+06 7.41301e+09 4.58412e+09 0
5.15115e+06 7.32808e+09 4.549e+09 0
5.17096e+06 7.24412e+09 4.51415e+09 0
5.19085e+06 7.16112e+09 4.47956e+09 0
5.21081e+06 7.07907e+09 4.44525e+09 0
5.23086e+06 6.99797e+09 4.41118e+09 0
5.25098e+06 6.91779e+09 4.37738e+09 0
5.27117e+06 6.83853e+09 4.34386e+09 0
5.29145e+06 6.76018e+09 4.31057e+09 0
5.3118e+06 6.68272e+09 4.27754e+09 0
5.33223e+06 6.60616e+09 4.24477e+09 0
5.35274e+06 6.53047e+09 4.21225e+09 0
5.37333e+06 6.45564e+09 4.17997e+09 0
5.394e+06 6.38168e+09 4.14794e+09 0
5.41474e+06 6.30856e+09 4.11617e+09 0
5.43557e+06 6.23628e+09 4.08463e+09 0
5.45648e+06 6.16483e+09 4.05332e+09 0
5.47746e+06 6.09419e+09 4.02228e+09 0
5.49853e+06 6.02437e+09 3.99145e+09 0
5.51968e+06 5.95534e+09 3.96087e+09 0
5.54091e+06 5.88711e+09 3.93052e+09 0
5.56222e+06 5.81965e+09 3.90041e+09 0
5.58362e+06 5.75297e+09 3.87051e+09 0
5.60509e+06 5.68706e+09 3.84086e+09 0
5.62665e+06 5.6219e+09 3.81143e+09 0
5.64829e+06 5.55748e+09 3.78223e+09 0
5.67002e+06 5.49381e+09 3.75324e+09 0
5.69183e+06 5.43086e+09 3.72447e+09 0
5.71372e+06 5.36863e+09 3.69594e+09 0
5.7357e+06 5.30712e+09 3.66761e+09 0
5.75776e+06 5.24631e+09 3.63951e+09 0
5.7799e+06 5.1862e+09 3.61163e+09 0
5.80214e+06 5.12677e+09 3.58394e+09 0
5.82445e+06 5.06803e+09 3.55648e+09 0
5.84685e+06 5.00996e+09 3.52923e+09 0
5.86934e+06 4.95256e+09 3.50219e+09 0
5.89192e+06 4.89581e+09 3.47534e+09 0
5.91458e+06 4.83971e+09 3.44871e+09 0
5.93733e+06 4.78426e+09 3.42228e+09 0
5.96017e+06 4.72944e+09 3.39605e+09 0
5.98309e+06 4.67525e+09 3.37003e+09 0
6.0061e+06 4.62168e+09 3.34421e+09 0
6.02921e+06 4.56872e+09 3.31857e+09 0
6.0524e+06 4.51637e+09 3.29314e+09 0
6.07567e+06 4.46462e+09 3.26791e+09 0
6.09904e+06 4.41346e+09 3.24287e+09 0
6.1225e+06 4.36289e+09 3.21801e+09 0
6.14605e+06 4.3129e+09 3.19335e+09 0
6.16969e+06 4.26348e+09 3.16888e+09 0
6.19342e+06 4.21463e+09 3.14459e+09 0
6.21724e+06 4.16633e+09 3.12049e+09 0
6.24116e+06 4.11859e+09 3.09657e+09 0
6.26516e+06 4.0714e+09 3.07284e+09 0
6.28926e+06 4.02475e+09 3.04929e+09 0
6.31345e+06 3.97863e+09 3.02592e+09 0
6.33773e+06 3.93304e+09 3.00273e+09 0
6.36211e+06 3.88797e+09 2.97971e+09 0
6.38658e+06 3.84342e+09 2.95687e+09 0
6.41115e+06 3.79938e+09 2.93421e+09 0
6.4358e+06 3.75584e+09 2.91173e+09 0
6.46056e+06 3.7128e+09 2.8894e+09 0
6.48541e+06 3.67026e+09 2.86726e+09 0
6.51035e+06 3.6282e+09 2.84528e+09 0
6.53539e+06 3.58663e+09 2.82348e+09 0
6.56053e+06 3.54553e+09 2.80183e+09 0
6.58576e+06 3.5049e+09 2.78036e+09 0
6.6111e+06 3.46474e+09 2.75904e+09 0
6.63652e+06 3.42503e+09 2.7379e+09 0
6.66205e+06 3.38579e+09 2.71691e+09 0
6.68767e+06 3.34699e+09 2.69609e+09 0
6.7134e+06 3.30863e+09 2.67541e+09 0
6.73922e+06 3.27072e+09 2.65491e+09 0
6.76514e+06 3.23324e+09 2.63456e+09 0
6.79116e+06 3.19619e+09 2.61436e+09 0
6.81728e+06 3.15956e+09 2.59432e+09 0
6.8435e+06 3.12336e+09 2.57444e+09 0
6.86982e+06 3.08757e+09 2.5547e+09 0
6.89625e+06 3.05218e+09 2.53511e+09 0
6.92277e+06 3.01721e+09 2.51568e+09 0
6.9494e+06 2.98263e+09 2.4964e+09 0
6.97613e+06 2.94845e+09 2.47726e+09 0
7.00296e+06 2.91466e+09 2.45827e+09 0
7.0299e+06 2.88126e+09 2.43942e+09 0
7.05694e+06 2.84825e+09 2.42072e+09 0
7.08408e+06 2.81561e+09 2.40217e+09 0
7.11133e+06 2.78334e+09 2.38375e+09 0
7.13868e+06 2.75144e+09 2.36547e+09 0
7.16614e+06 2.71991e+09 2.34734e+09 0
7.1937e+06 2.68874e+09 2.32934e+09 0
7.22137e+06 2.65793e+09 2.31149e+09 0
7.24914e+06 2.62747e+09 2.29377e+09 0
7.27703e+06 2.59736e+09 2.27618e+09 0
7.30502e+06 2.56759e+09 2.25873e+09 0
7.33311e+06 2.53817e+09 2.24141e+09 0
7.36132e+06 2.50908e+09 2.22423e+09 0
7.38963e+06 2.48033e+09 2.20718e+09 0
7.41806e+06 2.4519e+09 2.19025e+09 0
7.44659e+06 2.42381e+09 2.17346e+09 0
7.47523e+06 2.39603e+09 2.15679e+09 0
7.50398e+06 2.36857e+09 2.14026e+09 0
7.53284e+06 2.34142e+09 2.12385e+09 0
7.56182e+06 2.31459e+09 2.10756e+09 0
7.5909e+06 2.28807e+09 2.09141e+09 0
7.6201e+06 2.26184e+09 2.07537e+09 0
7.64941e+06 2.23592e+09 2.05945e+09 0
7.67883e+06 2.2103e+09 2.04366e+09 0
7.70837e+06 2.18497e+09 2.02799e+09 0
7.73801e+06 2.15993e+09 2.01244e+09 0
7.76778e+06 2.13517e+09 1.99701e+09 0
7.79765e+06 2.1107e+09 1.9817e+09 0
7.82765e+06 2.08651e+09 1.9665e+09 0
7.85775e+06 2.0626e+09 1.95143e+09 0
7.88798e+06 2.03896e+09 1.93646e+09 0
7.91832e+06 2.01559e+09 1.92161e+09 0
7.94877e+06 1.99249e+09 1.90688e+09 0
7.97935e+06 1.96966e+09 1.89225e+09 0
8.01004e+06 1.94708e+09 1.87774e+09 0
8.04085e+06 1.92477e+09 1.86334e+09 0
8.07177e+06 1.90271e+09 1.84905e+09 0
8.10282e+06 1.8809e+09 1.83487e+09 0
8.13399e+06 1.85934e+09 1.8208e+09 0
8.16527e+06 1.83803e+09 1.80684e+09 0
8.19668e+06 1.81697e+09 1.79298e+09 0
8.2282e+06 1.79614e+09 1.77923e+09 0
8.25985e+06 1.77556e+09 1.76559e+09 0
8.29162e+06 1.75521e+09 1.75205e+09 0
8.32352e+06 1.73509e+09 1.73861e+09 0
8.35553e+06 1.71521e+09 1.72527e+09 0
8.38767e+06 1.69555e+09 1.71204e+09 0
8.41993e+06 1.67611e+09 1.69891e+09 0
8.45231e+06 1.6569e+09 1.68588e+09 0
8.48482e+06 1.63791e+09 1.67295e+09 0
8.51746e+06 1.61914e+09 1.66012e+09 0
8.55022e+06 1.60058e+09 1.64739e+09 0
8.58311e+06 1.58224e+09 1.63475e+09 0
8.61612e+06 1.5641e+09 1.62221e+09 0
8.64926e+06 1.54617e+09 1.60977e+09 0
8.68253e+06 1.52845e+09 1.59742e+09 0
8.71592e+06 1.51093e+09 1.58517e+09 0
8.74945e+06 1.49362e+09 1.57301e+09 0
8.7831e+06 1.4765e+09 1.56095e+09 0
8.81688e+06 1.45957e+09 1.54897e+09 0
8.8508e+06 1.44284e+09 1.53709e+09 0
8.88484e+06 1.42631e+09 1.5253e+09 0
8.91901e+06 1.40996e+09 1.5136e+09 0
8.95332e+06 1.3938e+09 1.50199e+09 0
8.98775e+06 1.37782e+09 1.49047e+09 0
9.02232e+06 1.36203e+09 1.47904e+09 0
9.05703e+06 1.34642e+09 1.46769e+09 0
9.09186e+06 1.33098e+09 1.45643e+09 0
9.12683e+06 1.31573e+09 1.44526e+09 0
9.16194e+06 1.30065e+09 1.43417e+09 0
9.19718e+06 1.28574e+09 1.42317e+09 0
9.23255e+06 1.271e+09 1.41225e+09 0
9.26806e+06 1.25643e+09 1.40142e+09 0
9.30371e+06 1.24203e+09 1.39067e+09 0
9.3395e+06 1.22779e+09 1.37999e+09 0
9.37542e+06 1.21372e+09 1.36941e+09 0
9.41148e+06 1.19981e+09 1.3589e+09 0
9.44768e+06 1.18605e+09 1.34848e+09 0
9.48402e+06 1.17246e+09 1.33813e+09 0
9.5205e+06 1.15902e+09 1.32786e+09 0
9.55711e+06 1.14573e+09 1.31768e+09 0
9.59387e+06 1.1326e+09 1.30757e+09 0
9.63077e+06 1.11962e+09 1.29754e+09 0
9.66782e+06 1.10678e+09 1.28758e+09 0
9.705e+06 1.0941e+09 1.2777e+09 0
9.74233e+06 1.08156e+09 1.2679e+09 0
9.7798e+06 1.06916e+09 1.25817e+09 0
9.81742e+06 1.0569e+09 1.24851e+09 0
9.85518e+06 1.04479e+09 1.23893e+09 0
9.89309e+06 1.03281e+09 1.22943e+09 0
9.93114e+06 1.02097e+09 1.21999e+09 0
9.96934e+06 1.00927e+09 1.21063e+09 0
1.00077e+07 9.97697e+08 1.20134e+09 0
1.00462e+07 9.8626e+08 1.19212e+09 0
1.00848e+07 9.74954e+08 1.18298e+09 0
1.01236e+07 9.63777e+08 1.1739e+09 0
1.01625e+07 9.52729e+08 1.1649e+09 0
1.02016e+07 9.41807e+08 1.15596e+09 0
1.02409e+07 9.31011e+08 1.14707e+09 0
1.02803e+07 9.20338e+08 1.13827e+09 0
1.03198e+07 9.09788e+08 1.12954e+09 0
1.03595e+07 8.99358e+08 1.12087e+09 0
1.03993e+07 8.89048e+08 1.11228e+09 0
1.04393e+07 8.78856e+08 1.10374e+09 0
1.04795e+07 8.68781e+08 1.09526e+09 0
1.05198e+07 8.58821e+08 1.08686e+09 0
1.05603e+07 8.48976e+08 1.07851e+09 0
1.06009e+07 8.39243e+08 1.07023e+09 0
1.06417e+07 8.29622e+08 1.06202e+09 0
1.06826e+07 8.20111e+08 1.05387e+09 0
1.07237e+07 8.10709e+08 1.04578e+09 0
1.07649e+07 8.01415e+08 1.03776e+09 0
1.08063e+07 7.92227e+08 1.0298e+09 0
1.08479e+07 7.83145e+08 1.02189e+09 0
1.08896e+07 7.74166e+08 1.01405e+09 0
1.09315e+07 7.65291e+08 1.00626e+09 0
1.09735e+07 7.56517e+08 9.98545e+08 0
1.10157e+07 7.47844e+08 9.90882e+08 0
1.10581e+07 7.3927e+08 9.83271e+08 0
1.11007e+07 7.30795e+08 9.75711e+08 0
1.11433e+07 7.22416e+08 9.68238e+08 0
1.11862e+07 7.14134e+08 9.60799e+08 0
1.12292e+07 7.05946e+08 9.53428e+08 0
1.12724e+07 6.97853e+08 9.46107e+08 0
1.13158e+07 6.89852e+08 9.38837e+08 0
1.13593e+07 6.81943e+08 9.31634e+08 0
1.1403e+07 6.74124e+08 9.2448e+08 0
1.14469e+07 6.66395e+08 9.17376e+08 0
1.14909e+07 6.58755e+08 9.10338e+08 0
1.15351e+07 6.51202e+08 9.03349e+08 0
1.15794e+07 6.43736e+08 8.96424e+08 0
1.1624e+07 6.36355e+08 8.89532e+08 0
1.16687e+07 6.29059e+08 8.82704e+08 0
1.17136e+07 6.21847e+08 8.75924e+08 0
1.17586e+07 6.14717e+08 8.69207e+08 0
1.18039e+07 6.07669e+08 8.62523e+08 0
1.18493e+07 6.00701e+08 8.559e+08 0
1.18948e+07 5.93814e+08 8.4934e+08 0
1.19406e+07 5.87005e+08 8.42811e+08 0
1.19865e+07 5.80275e+08 8.36344e+08 0
1.20326e+07 5.73621e+08 8.29922e+08 0
1.20789e+07 5.67044e+08 8.23547e+08 0
1.21254e+07 5.60543e+08 8.17218e+08 0
1.2172e+07 5.54115e+08 8.10948e+08 0
1.22188e+07 5.47762e+08 8.04723e+08 0
1.22658e+07 5.41481e+08 7.98543e+08 0
1.2313e+07 5.35272e+08 7.92408e+08 0
1.23603e+07 5.29135e+08 7.8633e+08 0
1.24079e+07 5.23067e+08 7.80284e+08 0
1.24556e+07 5.1707e+08 7.74295e+08 0
1.25035e+07 5.11141e+08 7.6835e+08 0
1.25516e+07 5.0528e+08 7.62448e+08 0
1.25999e+07 4.99486e+08 7.5659e+08 0
1.26484e+07 4.93758e+08 7.50775e+08 0
1.2697e+07 4.88097e+08 7.45015e+08 0
1.27458e+07 4.825e+08 7.39297e+08 0
1.27949e+07 4.76967e+08 7.33611e+08 0
1.28441e+07 4.71498e+08 7.27978e+08 0
1.28935e+07 4.66091e+08 7.22386e+08 0
1.29431e+07 4.60746e+08 7.16837e+08 0
1.29929e+07 4.55463e+08 7.11329e+08 0
1.30428e+07 4.5024e+08 7.05874e+08 0
1.3093e+07 4.45077e+08 7.00448e+08 0
1.31434e+07 4.39973e+08 6.95064e+08 0
1.31939e+07 4.34928e+08 6.8973e+08 0
1.32447e+07 4.2994e+08 6.84427e+08 0
1.32956e+07 4.2501e+08 6.79174e+08 0
1.33467e+07 4.20136e+08 6.7396e+08 0
1.33981e+07 4.15318e+08 6.68777e+08 0
1.34496e+07 4.10556e+08 6.63643e+08 0
1.35013e+07 4.05847e+08 6.58547e+08 0
1.35533e+07 4.01193e+08 6.53482e+08 0
1.36054e+07 3.96592e+08 6.48464e+08 0
1.36577e+07 3.92044e+08 6.43485e+08 0
1.37103e+07 3.87548e+08 6.38535e+08 0
1.3763e+07 3.83104e+08 6.33633e+08 0
1.38159e+07 3.7871e+08 6.28768e+08 0
1.38691e+07 3.74367e+08 6.23932e+08 0
1.39224e+07 3.70074e+08 6.19142e+08 0
1.3976e+07 3.6583e+08 6.14381e+08 0
1.40297e+07 3.61634e+08 6.09665e+08 0
1.40837e+07 3.57487e+08 6.04977e+08 0
1.41379e+07 3.53387e+08 6.00326e+08 0
1.41922e+07 3.49334e+08 5.9572e+08 0
1.42468e+07 3.45328e+08 5.91142e+08 0
1.43016e+07 3.41367e+08 5.86599e+08 0
1.43566e+07 3.37452e+08 5.82092e+08 0
1.44118e+07 3.33582e+08 5.77621e+08 0
1.44673e+07 3.29756e+08 5.73177e+08 0
1.45229e+07 3.25974e+08 5.68776e+08 0
1.45788e+07 3.22236e+08 5.64402e+08 0
1.46349e+07 3.1854e+08 5.60062e+08 0
1.46911e+07 3.14886e+08 5.55765e+08 0
1.47477e+07 3.11275e+08 5.51487e+08 0
1.48044e+07 3.07705e+08 5.47251e+08 0
1.48613e+07 3.04175e+08 5.43048e+08 0
1.49185e+07 3.00687e+08 5.38871e+08 0
1.49759e+07 2.97238e+08 5.34728e+08 0
1.50335e+07 2.93829e+08 5.30619e+08 0
1.50913e+07 2.90459e+08 5.26542e+08 0
1.51493e+07 2.87127e+08 5.22498e+08 0
1.52076e+07 2.83834e+08 5.1848e+08 0
1.52661e+07 2.80578e+08 5.14494e+08 0
1.53248e+07 2.7736e+08 5.10541e+08 0
1.53838e+07 2.74179e+08 5.06613e+08 0
1.54429e+07 2.71034e+08 5.02723e+08 0
1.55023e+07 2.67925e+08 4.98858e+08 0
1.5562e+07 2.64852e+08 4.95019e+08 0
1.56218e+07 2.61814e+08 4.91217e+08 0
1.56819e+07 2.58811e+08 4.8744e+08 0
1.57422e+07 2.55842e+08 4.83694e+08 0
1.58028e+07 2.52907e+08 4.79972e+08 0
1.58635e+07 2.50006e+08 4.76287e+08 0
1.59246e+07 2.47138e+08 4.72621e+08 0
1.59858e+07 2.44304e+08 4.6899e+08 0
1.60473e+07 2.41501e+08 4.65383e+08 0
1.6109e+07 2.38731e+08 4.61807e+08 0
1.6171e+07 2.35992e+08 4.58254e+08 0
1.62332e+07 2.33285e+08 4.5473e+08 0
1.62956e+07 2.30609e+08 4.51236e+08 0
1.63583e+07 2.27964e+08 4.47765e+08 0
1.64212e+07 2.25349e+08 4.44323e+08 0
1.64844e+07 2.22764e+08 4.40904e+08 0
1.65478e+07 2.20208e+08 4.37514e+08 0
1.66114e+07 2.17682e+08 4.34152e+08 0
1.66753e+07 2.15185e+08 4.30814e+08 0
1.67395e+07 2.12716e+08 4.27497e+08 0
1.68038e+07 2.10276e+08 4.24214e+08 0
1.68685e+07 2.07864e+08 4.20948e+08 0
1.69334e+07 2.05479e+08 4.1771e+08 0
1.69985e+07 2.03122e+08 4.14499e+08 0
1.70639e+07 2.00791e+08 4.11311e+08 0
1.71295e+07 1.98488e+08 4.08149e+08 0
1.71954e+07 1.96211e+08 4.05009e+08 0
1.72615e+07 1.9396e+08 4.01896e+08 0
1.73279e+07 1.91735e+08 3.98804e+08 0
1.73946e+07 1.89535e+08 3.95734e+08 0
1.74615e+07 1.8736e+08 3.92691e+08 0
1.75286e+07 1.85211e+08 3.89673e+08 0
1.7596e+07 1.83086e+08 3.86676e+08 0
1.76637e+07 1.80985e+08 3.83701e+08 0
1.77317e+07 1.78909e+08 3.80747e+08 0
1.77999e+07 1.76856e+08 3.77818e+08 0
1.78683e+07 1.74827e+08 3.74914e+08 0
1.79371e+07 1.72821e+08 3.72027e+08 0
1.80061e+07 1.70838e+08 3.69165e+08 0
1.80753e+07 1.68878e+08 3.66327e+08 0
1.81448e+07 1.66941e+08 3.63509e+08 0
1.82146e+07 1.65025e+08 3.60712e+08 0
1.82847e+07 1.63132e+08 3.57936e+08 0
1.8355e+07 1.6126e+08 3.55183e+08 0
1.84256e+07 1.5941e+08 3.5245e+08 0
1.84965e+07 1.57581e+08 3.49737e+08 0
1.85676e+07 1.55773e+08 3.47047e+08 0
1.8639e+07 1.53985e+08 3.44378e+08 0
1.87107e+07 1.52218e+08 3.41727e+08 0
1.87827e+07 1.50472e+08 3.39097e+08 0
1.88549e+07 1.48745e+08 3.36489e+08 0
1.89275e+07 1.47038e+08 3.33897e+08 0
1.90003e+07 1.45351e+08 3.31327e+08 0
1.90733e+07 1.43683e+08 3.2878e+08 0
1.91467e+07 1.42034e+08 3.26249e+08 0
1.92203e+07 1.40405e+08 3.23739e+08 0
1.92943e+07 1.38793e+08 3.21245e+08 0
1.93685e+07 1.37201e+08 3.18773e+08 0
1.9443e+07 1.35626e+08 3.1632e+08 0
1.95178e+07 1.3407e+08 3.13884e+08 0
1.95928e+07 1.32532e+08 3.11471e+08 0
1.96682e+07 1.31011e+08 3.09072e+08 0
1.97438e+07 1.29507e+08 3.06695e+08 0
1.98198e+07 1.28021e+08 3.04332e+08 0
1.9896e+07 1.26552e+08 3.0199e+08 0
1.99725e+07 1.251e+08 2.99666e+08 0
2.00494e+07 1.23664e+08 2.97357e+08 0
2.01265e+07 1.22245e+08 2.95069e+08 0
2.02039e+07 1.20842e+08 2.92797e+08 0
2.02816e+07 1.19455e+08 2.90543e+08 0
2.03596e+07 1.18084e+08 2.88307e+08 0
2.04379e+07 1.16729e+08 2.86088e+08 0
2.05165e+07 1.15389e+08 2.83885e+08 0
2.05954e+07 1.14065e+08 2.817e+08 0
2.06747e+07 1.12756e+08 2.79529e+08 0
2.07542e+07 1.11462e+08 2.77377e+08 0
2.0834e+07 1.10183e+08 2.75242e+08 0
2.09141e+07 1.08918e+08 2.73123e+08 0
2.09946e+07 1.07668e+08 2.71019e+08 0
2.10753e+07 1.06432e+08 2.68933e+08 0
2.11564e+07 1.05211e+08 2.66861e+08 0
2.12378e+07 1.04003e+08 2.64805e+08 0
2.13195e+07 1.02809e+08 2.62766e+08 0
2.14015e+07 1.01629e+08 2.60742e+08 0
2.14838e+07 1.00463e+08 2.58734e+08 0
2.15664e+07 9.93097e+07 2.56742e+08 0
2.16494e+07 9.81699e+07 2.54764e+08 0
2.17326e+07 9.7043e+07 2.52803e+08 0
2.18162e+07 9.59292e+07 2.50856e+08 0
2.19001e+07 9.48281e+07 2.48924e+08 0
2.19844e+07 9.37396e+07 2.47005e+08 0
2.20689e+07 9.26636e+07 2.45103e+08 0
2.21538e+07 9.15999e+07 2.43215e+08 0
2.2239e+07 9.05485e+07 2.41342e+08 0
2.23246e+07 8.95091e+07 2.39481e+08 0
2.24104e+07 8.84816e+07 2.37638e+08 0
2.24966e+07 8.74659e+07 2.35807e+08 0
2.25832e+07 8.64619e+07 2.33989e+08 0
2.267e+07 8.54693e+07 2.32187e+08 0
2.27572e+07 8.44882e+07 2.30398e+08 0
2.28447e+07 8.35183e+07 2.28624e+08 0
2.29326e+07 8.25596e+07 2.26861e+08 0
2.30208e+07 8.16118e+07 2.25113e+08 0
2.31094e+07 8.06749e+07 2.23378e+08 0
2.31982e+07 7.97488e+07 2.21658e+08 0
2.32875e+07 7.88332e+07 2.19949e+08 0
2.3377e+07 7.79282e+07 2.18255e+08 0
2.3467e+07 7.70336e+07 2.16572e+08 0
2.35572e+07 7.61492e+07 2.14904e+08 0
2.36478e+07 7.5275e+07 2.13248e+08 0
2.37388e+07 7.44107e+07 2.11603e+08 0
2.38301e+07 7.35565e+07 2.09973e+08 0
2.39217e+07 7.2712e+07 2.08355e+08 0
2.40138e+07 7.18771e+07 2.06748e+08 0
2.41061e+07 7.10519e+07 2.05155e+08 0
2.41988e+07 7.02362e+07 2.03574e+08 0
2.42919e+07 6.94297e+07 2.02005e+08 0
2.43854e+07 6.86326e+07 2.00446e+08 0
2.44791e+07 6.78446e+07 1.98903e+08 0
2.45733e+07 6.70656e+07 1.97369e+08 0
2.46678e+07 6.62956e+07 1.95847e+08 0
2.47627e+07 6.55344e+07 1.94337e+08 0
2.48579e+07 6.47819e+07 1.92839e+08 0
2.49536e+07 6.40381e+07 1.91351e+08 0
2.50495e+07 6.33027e+07 1.89877e+08 0
2.51459e+07 6.25759e+07 1.88412e+08 0
2.52426e+07 6.18573e+07 1.8696e+08 0
2.53397e+07 6.11471e+07 1.85518e+08 0
2.54372e+07 6.04449e+07 1.84087e+08 0
2.5535e+07 5.97508e+07 1.82668e+08 0
2.56332e+07 5.90647e+07 1.8126e+08 0
2.57318e+07 5.83865e+07 1.79862e+08 0
2.58308e+07 5.7716e+07 1.78474e+08 0
2.59301e+07 5.70532e+07 1.77098e+08 0
2.60299e+07 5.6398e+07 1.75732e+08 0
2.613e+07 5.57504e+07 1.74376e+08 0
2.62305e+07 5.51101e+07 1.73032e+08 0
2.63314e+07 5.44773e+07 1.71697e+08 0
2.64327e+07 5.38516e+07 1.70372e+08 0
2.65343e+07 5.32332e+07 1.69059e+08 0
2.66364e+07 5.26219e+07 1.67754e+08 0
2.67388e+07 5.20175e+07 1.66461e+08 0
2.68417e+07 5.14201e+07 1.65176e+08 0
2.69449e+07 5.08296e+07 1.63902e+08 0
2.70486e+07 5.02458e+07 1.62637e+08 0
2.71526e+07 4.96687e+07 1.61382e+08 0
2.7257e+07 4.90983e+07 1.60138e+08 0
2.73619e+07 4.85344e+07 1.58901e+08 0
2.74671e+07 4.79769e+07 1.57676e+08 0
2.75728e+07 4.74259e+07 1.56459e+08 0
2.76788e+07 4.68812e+07 1.55252e+08 0
2.77853e+07 4.63427e+07 1.54053e+08 0
2.78921e+07 4.58104e+07 1.52865e+08 0
2.79994e+07 4.52842e+07 1.51685e+08 0
2.81071e+07 4.47641e+07 1.50515e+08 0
2.82152e+07 4.42499e+07 1.49353e+08 0
2.83237e+07 4.37417e+07 1.48201e+08 0
2.84327e+07 4.32392e+07 1.47056e+08 0
2.8542e+07 4.27425e+07 1.45922e+08 0
2.86518e+07 4.22516e+07 1.44795e+08 0
2.8762e+07 4.17662e+07 1.43678e+08 0
2.88727e+07 4.12864e+07 1.42568e+08 0
2.89837e+07 4.08122e+07 1.41468e+08 0
2.90952e+07 4.03433e+07 1.40375e+08 0
2.92071e+07 3.98799e+07 1.39292e+08 0
2.93194e+07 3.94218e+07 1.38217e+08 0
2.94322e+07 3.89689e+07 1.37149e+08 0
2.95454e+07 3.85212e+07 1.3609e+08 0
2.96591e+07 3.80787e+07 1.35039e+08 0
2.97731e+07 3.76412e+07 1.33997e+08 0
2.98877e+07 3.72088e+07 1.32962e+08 0
3.00026e+07 3.67813e+07 1.31935e+08 0
3.0118e+07 3.63587e+07 1.30917e+08 0
3.02339e+07 3.5941e+07 1.29905e+08 0
3.03501e+07 3.55281e+07 1.28903e+08 0
3.04669e+07 3.51199e+07 1.27906e+08 0
3.05841e+07 3.47164e+07 1.26918e+08 0
3.07017e+07 3.43175e+07 1.25938e+08 0
3.08198e+07 3.39232e+07 1.24966e+08 0
3.09383e+07 3.35335e+07 1.24001e+08 0
3.10573e+07 3.31482e+07 1.23043e+08 0
3.11768e+07 3.27673e+07 1.22092e+08 0
3.12967e+07 3.23908e+07 1.21149e+08 0
3.14171e+07 3.20186e+07 1.20213e+08 0
3.15379e+07 3.16507e+07 1.19284e+08 0
3.16592e+07 3.1287e+07 1.18363e+08 0
3.1781e+07 3.09275e+07 1.17448e+08 0
3.19032e+07 3.05721e+07 1.16541e+08 0
3.20259e+07 3.02208e+07 1.1564e+08 0
3.21491e+07 2.98735e+07 1.14747e+08 0
3.22728e+07 2.95302e+07 1.1386e+08 0
3.23969e+07 2.91909e+07 1.1298e+08 0
3.25215e+07 2.88554e+07 1.12107e+08 0
3.26466e+07 2.85238e+07 1.1124e+08 0
3.27722e+07 2.8196e+07 1.1038e+08 0
3.28982e+07 2.7872e+07 1.09528e+08 0
3.30248e+07 2.75517e+07 1.08681e+08 0
3.31518e+07 2.7235e+07 1.07841e+08 0
3.32793e+07 2.6922e+07 1.07007e+08 0
3.34073e+07 2.66126e+07 1.0618e+08 0
3.35358e+07 2.63068e+07 1.05359e+08 0
3.36648e+07 2.60044e+07 1.04545e+08 0
3.37943e+07 2.57055e+07 1.03736e+08 0
3.39242e+07 2.54101e+07 1.02935e+08 0
3.40547e+07 2.5118e+07 1.02139e+08 0
3.41857e+07 2.48293e+07 1.01349e+08 0
3.43172e+07 2.45439e+07 1.00565e+08 0
3.44492e+07 2.42618e+07 9.97875e+07 0
3.45817e+07 2.39829e+07 9.90158e+07 0
3.47147e+07 2.37073e+07 9.82502e+07 0
3.48482e+07 2.34348e+07 9.74905e+07 0
3.49823e+07 2.31654e+07 9.67361e+07 0
3.51168e+07 2.28991e+07 9.59882e+07 0
3.52519e+07 2.26359e+07 9.52456e+07 0
3.53875e+07 2.23757e+07 9.45089e+07 0
3.55236e+07 2.21184e+07 9.37779e+07 0
3.56602e+07 2.18642e+07 9.30526e+07 0
3.57974e+07 2.16128e+07 9.23326e+07 0
3.59351e+07 2.13644e+07 9.16182e+07 0
3.60733e+07 2.11188e+07 9.09094e+07 0
3.6212e+07 2.0876e+07 9.02063e+07 0
3.63513e+07 2.0636e+07 8.95083e+07 0
3.64911e+07 2.03987e+07 8.88158e+07 0
3.66315e+07 2.01642e+07 8.81283e+07 0
3.67724e+07 1.99324e+07 8.74464e+07 0
3.69138e+07 1.97032e+07 8.67698e+07 0
3.70558e+07 1.94767e+07 8.60982e+07 0
3.71983e+07 1.92527e+07 8.5432e+07 0
3.73414e+07 1.90314e+07 8.47707e+07 0
3.7485e+07 1.88125e+07 8.41147e+07 0
3.76292e+07 1.85962e+07 8.34635e+07 0
3.77739e+07 1.83824e+07 8.28176e+07 0
3.79192e+07 1.8171e+07 8.21765e+07 0
3.80651e+07 1.79621e+07 8.15401e+07 0
3.82115e+07 1.77555e+07 8.09089e+07 0
3.83585e+07 1.75514e+07 8.02824e+07 0
3.8506e+07 1.73495e+07 7.9661e+07 0
3.86541e+07 1.715e+07 7.90442e+07 0
3.88028e+07 1.69528e+07 7.8432e+07 0
3.8952e+07 1.67578e+07 7.78249e+07 0
3.91019e+07 1.65651e+07 7.72219e+07 0
3.92523e+07 1.63746e+07 7.66239e+07 0
3.94032e+07 1.61863e+07 7.60308e+07 0
3.95548e+07 1.60002e+07 7.54418e+07 0
3.97069e+07 1.58161e+07 7.48576e+07 0
3.98597e+07 1.56342e+07 7.42775e+07 0
4.0013e+07 1.54544e+07 7.37022e+07 0
4.01669e+07 1.52767e+07 7.31313e+07 0
4.03214e+07 1.5101e+07 7.25647e+07 0
4.04764e+07 1.49273e+07 7.20029e+07 0
4.06321e+07 1.47556e+07 7.1445e+07 0
4.07884e+07 1.45859e+07 7.08914e+07 0
4.09453e+07 1.44181e+07 7.03421e+07 0
4.11028e+07 1.42523e+07 6.9797e+07 0
4.12609e+07 1.40883e+07 6.92561e+07 0
4.14196e+07 1.39263e+07 6.87194e+07 0
4.15789e+07 1.37661e+07 6.81869e+07 0
4.17388e+07 1.36077e+07 6.76585e+07 0
4.18994e+07 1.34512e+07 6.7134e+07 0
4.20605e+07 1.32964e+07 6.66138e+07 0
4.22223e+07 1.31435e+07 6.60974e+07 0
4.23847e+07 1.29923e+07 6.5585e+07 0
4.25477e+07 1.28428e+07 6.50767e+07 0
4.27114e+07 1.2695e+07 6.4572e+07 0
4.28757e+07 1.2549e+07 6.40714e+07 0
4.30406e+07 1.24046e+07 6.35747e+07 0
4.32061e+07 1.22619e+07 6.30819e+07 0
4.33723e+07 1.21208e+07 6.25927e+07 0
4.35391e+07 1.19814e+07 6.21074e+07 0
4.37066e+07 1.18435e+07 6.16257e+07 0
4.38747e+07 1.17072e+07 6.11478e+07 0
4.40434e+07 1.15725e+07 6.06737e+07 0
4.42129e+07 1.14394e+07 6.02029e+07 0
4.43829e+07 1.13077e+07 5.97361e+07 0
4.45536e+07 1.11776e+07 5.92727e+07 0
4.4725e+07 1.1049e+07 5.88129e+07 0
4.4897e+07 1.09218e+07 5.83567e+07 0
4.50697e+07 1.07962e+07 5.79039e+07 0
4.5243e+07 1.06719e+07 5.74548e+07 0
4.54171e+07 1.05491e+07 5.70088e+07 0
4.55918e+07 1.04277e+07 5.65665e+07 0
4.57671e+07 1.03077e+07 5.61277e+07 0
4.59431e+07 1.01891e+07 5.56922e+07 0
4.61199e+07 1.00718e+07 5.52598e+07 0
4.62972e+07 9.95589e+06 5.48312e+07 0
4.64753e+07 9.8413e+06 5.44056e+07 0
4.66541e+07 9.72803e+06 5.39832e+07 0
4.68335e+07 9.61606e+06 5.35643e+07 0
4.70137e+07 9.50538e+06 5.31483e+07 0
4.71945e+07 9.39597e+06 5.27358e+07 0
4.7376e+07 9.28782e+06 5.23265e+07 0
4.75582e+07 9.18091e+06 5.19203e+07 0
4.77412e+07 9.07523e+06 5.1517e+07 0
4.79248e+07 8.97076e+06 5.1117e+07 0
4.81091e+07 8.86749e+06 5.07202e+07 0
4.82942e+07 8.76541e+06 5.03262e+07 0
4.84799e+07 8.66451e+06 4.99355e+07 0
4.86664e+07 8.56476e+06 4.95476e+07 0
4.88536e+07 8.46616e+06 4.91627e+07 0
4.90415e+07 8.36869e+06 4.87809e+07 0
4.92301e+07 8.27234e+06 4.8402e+07 0
4.94195e+07 8.1771e+06 4.80259e+07 0
4.96095e+07 8.08296e+06 4.7653e+07 0
4.98004e+07 7.9899e+06 4.72826e+07 0
4.99919e+07 7.8979e+06 4.69153e+07 0
5.01842e+07 7.80696e+06 4.65508e+07 0
5.03772e+07 7.71707e+06 4.61891e+07 0
5.0571e+07 7.62821e+06 4.58301e+07 0
5.07655e+07 7.54038e+06 4.5474e+07 0
5.09607e+07 7.45355e+06 4.51207e+07 0
5.11568e+07 7.36772e+06 4.47698e+07 0
5.13535e+07 7.28288e+06 4.4422e+07 0
5.1551e+07 7.19901e+06 4.40767e+07 0
5.17493e+07 7.1161e+06 4.3734e+07 0
5.19484e+07 7.03415e+06 4.33939e+07 0
5.21482e+07 6.95314e+06 4.30566e+07 0
5.23487e+07 6.87307e+06 4.2722e+07 0
5.25501e+07 6.79391e+06 4.23897e+07 0
5.27522e+07 6.71566e+06 4.20601e+07 0
5.29551e+07 6.63831e+06 4.1733e+07 0
5.31588e+07 6.56185e+06 4.14084e+07 0
5.33633e+07 6.48627e+06 4.10863e+07 0
5.35685e+07 6.41156e+06 4.07669e+07 0
5.37746e+07 6.33771e+06 4.04497e+07 0
5.39814e+07 6.26471e+06 4.01351e+07 0
5.4189e+07 6.19254e+06 3.98229e+07 0
5.43974e+07 6.12121e+06 3.95131e+07 0
5.46067e+07 6.0507e+06 3.92056e+07 0
5.48167e+07 5.98099e+06 3.89006e+07 0
5.50276e+07 5.91209e+06 3.85978e+07 0
5.52392e+07 5.84398e+06 3.82975e+07 0
5.54517e+07 5.77665e+06 3.79994e+07 0
5.5665e+07 5.7101e+06 3.77037e+07 0
5.58791e+07 5.64431e+06 3.74102e+07 0
5.6094e+07 5.57928e+06 3.71191e+07 0
5.63097e+07 5.515e+06 3.68302e+07 0
5.65263e+07 5.45145e+06 3.65435e+07 0
5.67437e+07 5.38864e+06 3.6259e+07 0
5.6962e+07 5.32655e+06 3.59766e+07 0
5.71811e+07 5.26517e+06 3.56965e+07 0
5.7401e+07 5.2045e+06 3.54186e+07 0
5.76218e+07 5.14453e+06 3.51427e+07 0
5.78434e+07 5.08524e+06 3.48691e+07 0
5.80659e+07 5.02664e+06 3.45975e+07 0
5.82893e+07 4.96871e+06 3.4328e+07 0
5.85135e+07 4.91145e+06 3.40606e+07 0
5.87385e+07 4.85485e+06 3.37953e+07 0
5.89644e+07 4.79889e+06 3.35321e+07 0
5.91912e+07 4.74358e+06 3.32708e+07 0
5.94189e+07 4.68891e+06 3.30115e+07 0
5.96474e+07 4.63487e+06 3.27544e+07 0
5.98769e+07 4.58144e+06 3.2499e+07 0
6.01072e+07 4.52863e+06 3.22458e+07 0
6.03384e+07 4.47643e+06 3.19945e+07 0
6.05704e+07 4.42483e+06 3.17452e+07 0
6.08034e+07 4.37383e+06 3.14977e+07 0
6.10373e+07 4.32341e+06 3.12521e+07 0
6.12721e+07 4.27357e+06 3.10085e+07 0
6.15077e+07 4.2243e+06 3.07668e+07 0
6.17443e+07 4.1756e+06 3.05269e+07 0
6.19818e+07 4.12746e+06 3.02888e+07 0
6.22202e+07 4.07987e+06 3.00526e+07 0
6.24595e+07 4.03283e+06 2.98183e+07 0
6.26997e+07 3.98633e+06 2.95858e+07 0
6.29409e+07 3.94037e+06 2.9355e+07 0
6.3183e+07 3.89494e+06 2.9126e+07 0
6.3426e+07 3.85002e+06 2.88988e+07 0
6.367e+07 3.80563e+06 2.86733e+07 0
6.39149e+07 3.76175e+06 2.84496e+07 0
6.41607e+07 3.71837e+06 2.82277e+07 0
6.44075e+07 3.67549e+06 2.80074e+07 0
6.46552e+07 3.6331e+06 2.77889e+07 0
6.49039e+07 3.5912e+06 2.7572e+07 0
6.51535e+07 3.54978e+06 2.73568e+07 0
6.54041e+07 3.50884e+06 2.71433e+07 0
6.56557e+07 3.46837e+06 2.69314e+07 0
6.59082e+07 3.42837e+06 2.67212e+07 0
6.61617e+07 3.38883e+06 2.65126e+07 0
6.64162e+07 3.34974e+06 2.63055e+07 0
6.66717e+07 3.3111e+06 2.61001e+07 0
6.69281e+07 3.2729e+06 2.58963e+07 0
6.71855e+07 3.23515e+06 2.56941e+07 0
6.74439e+07 3.19783e+06 2.54934e+07 0
6.77034e+07 3.16094e+06 2.52943e+07 0
6.79638e+07 3.12447e+06 2.50967e+07 0
6.82252e+07 3.08843e+06 2.49006e+07 0
6.84876e+07 3.05279e+06 2.47061e+07 0
6.8751e+07 3.01757e+06 2.45131e+07 0
6.90154e+07 2.98276e+06 2.43216e+07 0
6.92809e+07 2.94834e+06 2.41315e+07 0
6.95474e+07 2.91432e+06 2.39429e+07 0
6.98149e+07 2.88069e+06 2.37558e+07 0
7.00834e+07 2.84745e+06 2.35701e+07 0
7.0353e+07 2.81459e+06 2.33859e+07 0
7.06236e+07 2.78211e+06 2.3203e+07 0
7.08952e+07 2.75001e+06 2.30217e+07 0
7.11679e+07 2.71827e+06 2.28417e+07 0
7.14416e+07 2.6869e+06 2.26631e+07 0
7.17164e+07 2.65589e+06 2.24858e+07 0
7.19923e+07 2.62524e+06 2.231e+07 0
7.22692e+07 2.59494e+06 2.21355e+07 0
7.25471e+07 2.56498e+06 2.19624e+07 0
7.28262e+07 2.53538e+06 2.17905e+07 0
7.31063e+07 2.50611e+06 2.16201e+07 0
7.33875e+07 2.47718e+06 2.14509e+07 0
7.36697e+07 2.44859e+06 2.12831e+07 0
7.39531e+07 2.42032e+06 2.11166e+07 0
7.42375e+07 2.39238e+06 2.09513e+07 0
7.45231e+07 2.36476e+06 2.07873e+07 0
7.48097e+07 2.33746e+06 2.06246e+07 0
7.50975e+07 2.31047e+06 2.04632e+07 0
7.53863e+07 2.28379e+06 2.0303e+07 0
7.56763e+07 2.25743e+06 2.0144e+07 0
7.59673e+07 2.23136e+06 1.99864e+07 0
7.62595e+07 2.20559e+06 1.98298e+07 0
7.65528e+07 2.18013e+06 1.96746e+07 0
7.68473e+07 2.15495e+06 1.95205e+07 0
7.71429e+07 2.13006e+06 1.93676e+07 0
7.74396e+07 2.10547e+06 1.92159e+07 0
7.77374e+07 2.08115e+06 1.90654e+07 0
7.80364e+07 2.05711e+06 1.8916e+07 0
7.83366e+07 2.03336e+06 1.87678e+07 0
7.86379e+07 2.00987e+06 1.86207e+07 0
7.89404e+07 1.98666e+06 1.84748e+07 0
7.9244e+07 1.96371e+06 1.833e+07 0
7.95488e+07 1.94103e+06 1.81863e+07 0
7.98548e+07 1.9186e+06 1.80438e+07 0
8.01619e+07 1.89644e+06 1.79023e+07 0
8.04702e+07 1.87453e+06 1.7762e+07 0
8.07797e+07 1.85288e+06 1.76227e+07 0
8.10904e+07 1.83147e+06 1.74846e+07 0
8.14023e+07 1.81031e+06 1.73474e+07 0
8.17154e+07 1.78939e+06 1.72114e+07 0
8.20297e+07 1.76872e+06 1.70764e+07 0
8.23452e+07 1.74828e+06 1.69424e+07 0
8.2662e+07 1.72808e+06 1.68095e+07 0
8.29799e+07 1.70811e+06 1.66776e+07 0
8.32991e+07 1.68837e+06 1.65468e+07 0
8.36195e+07 1.66886e+06 1.64169e+07 0
8.39411e+07 1.64957e+06 1.62881e+07 0
8.4264e+07 1.63051e+06 1.61602e+07 0
8.45881e+07 1.61167e+06 1.60334e+07 0
8.49134e+07 1.59304e+06 1.59076e+07 0
8.524e+07 1.57463e+06 1.57827e+07 0
8.55679e+07 1.55642e+06 1.56587e+07 0
8.5897e+07 1.53843e+06 1.55358e+07 0
8.62274e+07 1.52065e+06 1.54138e+07 0
8.6559e+07 1.50307e+06 1.52927e+07 0
8.6892e+07 1.4857e+06 1.51726e+07 0
8.72262e+07 1.46852e+06 1.50534e+07 0
8.75617e+07 1.45154e+06 1.49352e+07 0
8.78985e+07 1.43476e+06 1.48178e+07 0
8.82366e+07 1.41817e+06 1.47014e+07 0
8.85759e+07 1.40177e+06 1.45859e+07 0
8.89166e+07 1.38556e+06 1.44713e+07 0
8.92586e+07 1.36954e+06 1.43575e+07 0
8.96019e+07 1.35371e+06 1.42447e+07 0
8.99466e+07 1.33805e+06 1.41327e+07 0
9.02925e+07 1.32258e+06 1.40216e+07 0
9.06398e+07 1.30728e+06 1.39113e+07 0
9.09885e+07 1.29216e+06 1.38019e+07 0
9.13384e+07 1.27722e+06 1.36934e+07 0
9.16897e+07 1.26244e+06 1.35857e+07 0
9.20424e+07 1.24784e+06 1.34788e+07 0
9.23964e+07 1.23341e+06 1.33728e+07 0
9.27518e+07 1.21914e+06 1.32675e+07 0
9.31086e+07 1.20504e+06 1.31631e+07 0
9.34667e+07 1.19109e+06 1.30596e+07 0
9.38262e+07 1.17731e+06 1.29568e+07 0
9.41871e+07 1.16369e+06 1.28548e+07 0
9.45494e+07 1.15023e+06 1.27536e+07 0
9.4913e+07 1.13692e+06 1.26532e+07 0
9.52781e+07 1.12377e+06 1.25536e+07 0
9.56445e+07 1.11076e+06 1.24547e+07 0
9.60124e+07 1.09791e+06 1.23566e+07 0
9.63817e+07 1.0852e+06 1.22593e+07 0
9.67524e+07 1.07264e+06 1.21628e+07 0
9.71246e+07 1.06023e+06 1.20669e+07 0
9.74981e+07 1.04796e+06 1.19719e+07 0
9.78731e+07 1.03583e+06 1.18776e+07 0
9.82496e+07 1.02384e+06 1.1784e+07 0
9.86275e+07 1.01199e+06 1.16911e+07 0
9.90068e+07 1.00027e+06 1.15989e+07 0
9.93877e+07 988695 1.15075e+07 0
9.97699e+07 977250 1.14168e+07 0
1.00154e+08 965936 1.13267e+07 0
1.00539e+08 954753 1.12374e+07 0
1.00926e+08 943698 1.11487e+07 0
1.01314e+08 932772 1.10609e+07 0
1.01703e+08 921971 1.09738e+07 0
1.02095e+08 911295 1.0887e+07 0
1.02487e+08 900742 1.08013e+07 0
1.02882e+08 890311 1.07159e+07 0
1.03277e+08 880000 1.06315e+07 0
1.03674e+08 869808 1.05476e+07 0
1.04073e+08 859734 1.04643e+07 0
1.04474e+08 849776 1.03815e+07 0
1.04875e+08 839933 1.02998e+07 0
1.05279e+08 830204 1.02183e+07 0
1.05684e+08 820586 1.01376e+07 0
1.0609e+08 811080 1.00576e+07 0
1.06498e+08 801684 9.9782e+06 0
1.06908e+08 792396 9.89931e+06 0
1.07319e+08 783215 9.82114e+06 0
1.07732e+08 774140 9.7435e+06 0
1.08146e+08 765170 9.66657e+06 0
1.08562e+08 756303 9.59017e+06 0
1.0898e+08 747539 9.51428e+06 0
1.09399e+08 738876 9.4391e+06 0
1.0982e+08 730313 9.36444e+06 0
1.10242e+08 721849 9.29046e+06 0
1.10666e+08 713482 9.217e+06 0
1.11092e+08 705212 9.14405e+06 0
1.11519e+08 697038 9.07177e+06 0
1.11948e+08 688958 8.99999e+06 0
1.12379e+08 680971 8.92872e+06 0
1.12811e+08 673076 8.85811e+06 0
1.13245e+08 665273 8.78799e+06 0
1.1368e+08 657559 8.71853e+06 0
1.14118e+08 649935 8.6494e+06 0
1.14556e+08 642399 8.58107e+06 0
1.14997e+08 634950 8.51307e+06 0
1.15439e+08 627587 8.44571e+06 0
1.15883e+08 620309 8.37883e+06 0
1.16329e+08 613115 8.31242e+06 0
1.16777e+08 606004 8.24649e+06 0
1.17226e+08 598975 8.18118e+06 0
1.17677e+08 592027 8.11634e+06 0
1.18129e+08 585160 8.05211e+06 0
1.18584e+08 578372 7.98821e+06 0
1.1904e+08 571662 7.9249e+06 0
1.19498e+08 565030 7.86206e+06 0
1.19957e+08 558474 7.79981e+06 0
1.20419e+08 551994 7.73788e+06 0
1.20882e+08 545589 7.67653e+06 0
1.21347e+08 539258 7.61564e+06 0
1.21813e+08 533001 7.55532e+06 0
1.22282e+08 526815 7.49532e+06 0
1.22752e+08 520701 7.43589e+06 0
1.23224e+08 514658 7.3769e+06 0
1.23698e+08 508684 7.31834e+06 0
1.24174e+08 502779 7.26023e+06 0
1.24652e+08 496943 7.20254e+06 0
1.25131e+08 491174 7.14541e+06 0
1.25613e+08 485472 7.08858e+06 0
1.26096e+08 479836 7.0323e+06 0
1.26581e+08 474265 6.97644e+06 0
1.27068e+08 468758 6.921e+06 0
1.27556e+08 463315 6.8661e+06 0
1.28047e+08 457935 6.81149e+06 0
1.28539e+08 452617 6.75742e+06 0
1.29034e+08 447360 6.70364e+06 0
1.2953e+08 442164 6.65038e+06 0
1.30028e+08 437029 6.59753e+06 0
1.30528e+08 431953 6.54508e+06 0
1.31031e+08 426935 6.49293e+06 0
1.31535e+08 421975 6.44128e+06 0
1.3204e+08 417073 6.39013e+06 0
1.32548e+08 412227 6.33928e+06 0
1.33058e+08 407438 6.28882e+06 0
1.3357e+08 402704 6.23875e+06 0
1.34084e+08 398024 6.18906e+06 0
1.34599e+08 393399 6.13986e+06 0
1.35117e+08 388827 6.09095e+06 0
1.35637e+08 384308 6.04242e+06 0
1.36158e+08 379842 5.99436e+06 0
1.36682e+08 375427 5.94659e+06 0
1.37208e+08 371063 5.89919e+06 0
1.37736e+08 366749 5.85216e+06 0
1.38265e+08 362486 5.8056e+06 0
1.38797e+08 358272 5.75931e+06 0
1.39331e+08 354106 5.71339e+06 0
1.39867e+08 349989 5.66783e+06 0
1.40405e+08 345919 5.62264e+06 0
1.40945e+08 341897 5.5778e+06 0
1.41487e+08 337921 5.53333e+06 0
1.42031e+08 333991 5.4892e+06 0
1.42578e+08 330106 5.44535e+06 0
1.43126e+08 326266 5.40193e+06 0
1.43677e+08 322471 5.35878e+06 0
1.44229e+08 318720 5.31606e+06 0
1.44784e+08 315012 5.2736e+06 0
1.45341e+08 311347 5.23149e+06 0
1.459e+08 307725 5.18971e+06 0
1.46461e+08 304144 5.14828e+06 0
1.47024e+08 300605 5.10718e+06 0
1.4759e+08 297107 5.06634e+06 0
1.48157e+08 293649 5.0259e+06 0
1.48727e+08 290232 4.98573e+06 0
1.49299e+08 286854 4.94588e+06 0
1.49874e+08 283515 4.90629e+06 0
1.5045e+08 280214 4.8671e+06 0
1.51029e+08 276952 4.82816e+06 0
1.5161e+08 273728 4.78953e+06 0
1.52193e+08 270541 4.75123e+06 0
1.52778e+08 267391 4.71324e+06 0
1.53366e+08 264277 4.67551e+06 0
1.53956e+08 261200 4.63808e+06 0
1.54548e+08 258158 4.60097e+06 0
1.55142e+08 255151 4.56416e+06 0
1.55739e+08 252179 4.5276e+06 0
1.56338e+08 249242 4.49134e+06 0
1.56939e+08 246339 4.45539e+06 0
1.57543e+08 243469 4.41968e+06 0
1.58149e+08 240632 4.38426e+06 0
1.58757e+08 237829 4.34915e+06 0
1.59368e+08 235058 4.31427e+06 0
1.59981e+08 232319 4.27968e+06 0
1.60596e+08 229611 4.24539e+06 0
1.61214e+08 226935 4.21133e+06 0
1.61834e+08 224290 4.17756e+06 0
1.62456e+08 221676 4.14408e+06 0
1.63081e+08 219092 4.11082e+06 0
1.63709e+08 216538 4.0778e+06 0
1.64338e+08 214014 4.04511e+06 0
1.6497e+08 211518 4.01264e+06 0
1.65605e+08 209052 3.98041e+06 0
1.66242e+08 206615 3.94844e+06 0
1.66881e+08 204205 3.91676e+06 0
1.67523e+08 201824 3.88529e+06 0
1.68167e+08 199470 3.85409e+06 0
1.68814e+08 197143 3.82312e+06 0
1.69464e+08 194844 3.79236e+06 0
1.70115e+08 192571 3.76191e+06 0
1.7077e+08 190324 3.73164e+06 0
1.71427e+08 188104 3.70163e+06 0
1.72086e+08 185909 3.67188e+06 0
1.72748e+08 183739 3.64234e+06 0
1.73412e+08 181595 3.61305e+06 0
1.74079e+08 179476 3.58398e+06 0
1.74749e+08 177381 3.55512e+06 0
1.75421e+08 175311 3.52651e+06 0
1.76096e+08 173264 3.49811e+06 0
1.76773e+08 171242 3.46995e+06 0
1.77453e+08 169243 3.442e+06 0
1.78135e+08 167267 3.4143e+06 0
1.78821e+08 165313 3.38676e+06 0
1.79508e+08 163383 3.3595e+06 0
1.80199e+08 161475 3.3324e+06 0
1.80892e+08 159589 3.30555e+06 0
1.81588e+08 157725 3.27889e+06 0
1.82286e+08 155883 3.25246e+06 0
1.82987e+08 154062 3.22623e+06 0
1.83691e+08 152262 3.2002e+06 0
1.84398e+08 150483 3.17436e+06 0
1.85107e+08 148725 3.14876e+06 0
1.85819e+08 146987 3.12334e+06 0
1.86534e+08 145269 3.09812e+06 0
1.87251e+08 143571 3.07312e+06 0
1.87971e+08 141893 3.04831e+06 0
1.88694e+08 140235 3.02368e+06 0
1.8942e+08 138595 2.99925e+06 0
1.90149e+08 136975 2.975e+06 0
1.9088e+08 135374 2.95096e+06 0
1.91614e+08 133791 2.92712e+06 0
1.92351e+08 132226 2.90345e+06 0
1.93091e+08 130680 2.87996e+06 0
1.93834e+08 129152 2.85666e+06 0
1.94579e+08 127641 2.83357e+06 0
1.95328e+08 126148 2.81062e+06 0
1.96079e+08 124672 2.78788e+06 0
1.96833e+08 123214 2.76532e+06 0
1.9759e+08 121772 2.74293e+06 0
1.9835e+08 120347 2.72072e+06 0
1.99113e+08 118939 2.69868e+06 0
1.99879e+08 117547 2.67681e+06 0
2.00648e+08 116171 2.65512e+06 0
2.01419e+08 114811 2.63362e+06 0
2.02194e+08 113467 2.61227e+06 0
2.02972e+08 112139 2.59108e+06 0
2.03753e+08 110826 2.57006e+06 0
2.04536e+08 109529 2.54923e+06 0
2.05323e+08 108246 2.52854e+06 0
2.06113e+08 106978 2.50802e+06 0
2.06905e+08 105725 2.48768e+06 0
2.07701e+08 104487 2.46748e+06 0
2.085e+08 103263 2.44744e+06 0
2.09302e+08 102053 2.42757e+06 0
2.10107e+08 100858 2.40785e+06 0
2.10915e+08 99676 2.38829e+06 0
2.11727e+08 98508 2.36886e+06 0
2.12541e+08 97353.5 2.34962e+06 0
2.13358e+08 96212.6 2.33053e+06 0
2.14179e+08 95084.8 2.31157e+06 0
2.15003e+08 93970.2 2.29277e+06 0
2.1583e+08 92868.6 2.27411e+06 0
2.1666e+08 91779.8 2.25561e+06 0
2.17493e+08 90703.7 2.23726e+06 0
2.1833e+08 89640 2.21904e+06 0
2.1917e+08 88588.8 2.20097e+06 0
2.20013e+08 87549.8 2.18305e+06 0
2.20859e+08 86522.9 2.16527e+06 0
2.21708e+08 85507.9 2.14764e+06 0
2.22561e+08 84504.8 2.13013e+06 0
2.23417e+08 83513.3 2.11277e+06 0
2.24276e+08 82533.4 2.09555e+06 0
2.25139e+08 81564.8 2.07846e+06 0
2.26005e+08 80607.6 2.06151e+06 0
2.26874e+08 79661.5 2.04469e+06 0
2.27747e+08 78726.4 2.028e+06 0
2.28623e+08 77802.2 2.01145e+06 0
2.29502e+08 76888.8 1.99504e+06 0
2.30385e+08 75986 1.97874e+06 0
2.31271e+08 75093.7 1.96258e+06 0
2.32161e+08 74211.8 1.94654e+06 0
2.33054e+08 73340.2 1.93064e+06 0
2.3395e+08 72478.8 1.91487e+06 0
2.3485e+08 71627.3 1.89921e+06 0
2.35753e+08 70785.8 1.88369e+06 0
2.3666e+08 69954.2 1.86828e+06 0
2.3757e+08 69132.1 1.853e+06 0
2.38484e+08 68319.7 1.83783e+06 0
2.39401e+08 67516.8 1.8228e+06 0
2.40322e+08 66723.2 1.80787e+06 0
2.41246e+08 65938.8 1.79308e+06 0
2.42174e+08 65163.6 1.77839e+06 0
2.43106e+08 64397.5 1.76381e+06 0
2.44041e+08 63640.2 1.74936e+06 0
2.44979e+08 62891.8 1.73503e+06 0
2.45922e+08 62152.1 1.7208e+06 0
2.46868e+08 61421.1 1.70669e+06 0
2.47817e+08 60698.5 1.6927e+06 0
2.4877e+08 59984.4 1.67882e+06 0
2.49727e+08 59278.7 1.66504e+06 0
2.50688e+08 58581.1 1.65137e+06 0
2.51652e+08 57891.7 1.63781e+06 0
2.5262e+08 57210.4 1.62436e+06 0
2.53592e+08 56537 1.61102e+06 0
2.54567e+08 55871.4 1.59779e+06 0
2.55546e+08 55213.6 1.58466e+06 0
2.56529e+08 54563.5 1.57163e+06 0
2.57516e+08 53921 1.55871e+06 0
2.58506e+08 53285.9 1.5459e+06 0
2.595e+08 52658.3 1.53318e+06 0
2.60499e+08 52038 1.52056e+06 0
2.615e+08 51425 1.50806e+06 0
2.62506e+08 50819.1 1.49564e+06 0
2.63516e+08 50220.3 1.48332e+06 0
2.6453e+08 49628.4 1.4711e+06 0
2.65547e+08 49043.5 1.45899e+06 0
2.66568e+08 48465.4 1.44697e+06 0
2.67594e+08 47894.1 1.43503e+06 0
2.68623e+08 47329.4 1.42321e+06 0
2.69656e+08 46771.4 1.41147e+06 0
2.70693e+08 46219.8 1.39983e+06 0
2.71734e+08 45674.7 1.38828e+06 0
2.7278e+08 45136 1.37682e+06 0
2.73829e+08 44603.5 1.36545e+06 0
2.74882e+08 44077.3 1.35418e+06 0
2.75939e+08 43557.3 1.343e+06 0
2.77001e+08 43043.3 1.3319e+06 0
2.78066e+08 42535.3 1.3209e+06 0
2.79136e+08 42033.2 1.30997e+06 0
2.80209e+08 41537.1 1.29915e+06 0
2.81287e+08 41046.7 1.2884e+06 0
2.82369e+08 40562 1.27774e+06 0
2.83455e+08 40083.1 1.26717e+06 0
2.84545e+08 39609.7 1.25668e+06 0
2.8564e+08 39141.8 1.24627e+06 0
2.86738e+08 38679.5 1.23596e+06 0
2.87841e+08 38222.5 1.22572e+06 0
2.88948e+08 37770.9 1.21557e+06 0
2.9006e+08 37324.6 1.20549e+06 0
2.91175e+08 36883.4 1.1955e+06 0
2.92295e+08 36447.5 1.18558e+06 0
2.9342e+08 36016.7 1.17574e+06 0
2.94548e+08 35590.8 1.16599e+06 0
2.95681e+08 35170 1.15631e+06 0
2.96818e+08 34754.1 1.14672e+06 0
2.9796e+08 34343.1 1.13719e+06 0
2.99106e+08 33936.9 1.12775e+06 0
3.00257e+08 33535.4 1.11837e+06 0
3.01411e+08 33138.6 1.10908e+06 0
3.02571e+08 32746.5 1.09986e+06 0
3.03735e+08 32359 1.09071e+06 0
3.04903e+08 31976 1.08164e+06 0
3.06076e+08 31597.5 1.07264e+06 0
3.07253e+08 31223.4 1.06371e+06 0
3.08435e+08 30853.8 1.05485e+06 0
3.09621e+08 30488.4 1.04607e+06 0
3.10812e+08 30127.3 1.03736e+06 0
3.12007e+08 29770.5 1.02872e+06 0
3.13207e+08 29417.8 1.02014e+06 0
3.14412e+08 29069.3 1.01164e+06 0
3.15621e+08 28724.8 1.0032e+06 0
3.16835e+08 28384.4 994832 0
3.18054e+08 28048 986528 0
3.19277e+08 27715.5 978296 0
3.20505e+08 27387 970127 0
3.21738e+08 27062.2 962023 0
3.22976e+08 26741.3 953983 0
3.24218e+08 26424.2 946012 0
3.25465e+08 26110.7 938104 0
3.26717e+08 25801 930258 0
3.27973e+08 25494.9 922481 0
3.29235e+08 25192.3 914759 0
3.30501e+08 24893.4 907105 0
3.31772e+08 24597.9 899512 0
3.33049e+08 24305.9 891973 0
3.3433e+08 24017.3 884501 0
3.35615e+08 23732.1 877094 0
3.36906e+08 23450.3 869741 0
3.38202e+08 23171.7 862447 0
3.39503e+08 22896.5 855213 0
3.40809e+08 22624.4 848036 0
3.4212e+08 22355.6 840918 0
3.43436e+08 22089.9 833857 0
3.44757e+08 21827.4 826854 0
3.46083e+08 21567.9 819908 0
3.47414e+08 21311.5 813019 0
3.4875e+08 21058.1 806186 0
3.50091e+08 20807.6 799408 0
3.51438e+08 20560.1 792682 0
3.5279e+08 20315.6 786011 0
3.54147e+08 20073.8 779395 0
3.55509e+08 19835 772833 0
3.56876e+08 19598.9 766326 0
3.58249e+08 19365.6 759868 0
3.59627e+08 19135.1 753464 0
3.6101e+08 18907.3 747113 0
3.62399e+08 18682.1 740810 0
3.63792e+08 18459.6 734565 0
3.65192e+08 18239.7 728363 0
3.66596e+08 18022.4 722217 0
3.68006e+08 17807.7 716118 0
3.69422e+08 17595.5 710067 0
3.70843e+08 17385.8 704067 0
3.72269e+08 17178.5 698117 0
3.73701e+08 16973.7 692213 0
3.75138e+08 16771.3 686360 0
3.76581e+08 16571.3 680552 0
3.7803e+08 16373.6 674789 0
3.79484e+08 16178.3 669076 0
3.80943e+08 15985.3 663411 0
3.82408e+08 15794.5 657791 0
3.83879e+08 15606 652215 0
3.85356e+08 15419.7 646684 0
3.86838e+08 15235.6 641199 0
3.88326e+08 15053.7 635759 0
3.8982e+08 14873.9 630362 0
3.91319e+08 14696.2 625011 0
3.92824e+08 14520.7 619703 0
3.94335e+08 14347.2 614437 0
3.95852e+08 14175.7 609214 0
3.97374e+08 14006.3 604037 0
3.98903e+08 13838.8 598897 0
4.00437e+08 13673.4 593803 0
4.01977e+08 13509.9 588749 0
4.03523e+08 13348.3 583737 0
4.05075e+08 13188.6 578765 0
4.06633e+08 13030.8 573834 0
4.08197e+08 12874.9 568943 0
4.09768e+08 12720.8 564089 0
4.11344e+08 12568.6 559278 0
4.12926e+08 12418.1 554507 0
4.14514e+08 12269.4 549774 0
4.16108e+08 12122.5 545081 0
4.17709e+08 11977.3 540423 0
4.19315e+08 11833.8 535807 0
4.20928e+08 11692 531226 0
4.22547e+08 11551.9 526684 0
4.24173e+08 11413.4 522176 0
4.25804e+08 11276.6 517709 0
4.27442e+08 11141.4 513276 0
4.29086e+08 11007.8 508881 0
4.30736e+08 10875.7 504522 0
4.32393e+08 10745.2 500197 0
4.34056e+08 10616.3 495909 0
4.35726e+08 10488.9 491654 0
4.37402e+08 10363 487436 0
4.39084e+08 10238.6 483253 0
4.40773e+08 10115.7 479103 0
4.42468e+08 9994.2 474988 0
4.4417e+08 9874.15 470906 0
4.45878e+08 9755.53 466859 0
4.47593e+08 9638.31 462844 0
4.49315e+08 9522.48 458861 0
4.51043e+08 9408.02 454912 0
4.52778e+08 9294.92 450995 0
4.54519e+08 9183.15 447112 0
4.56268e+08 9072.71 443257 0
4.58023e+08 8963.57 439436 0
4.59784e+08 8855.73 435649 0
4.61553e+08 8749.17 431889 0
4.63328e+08 8643.87 428162 0
4.6511e+08 8539.82 424466 0
4.66899e+08 8437 420800 0
4.68695e+08 8335.4 417163 0
4.70498e+08 8235 413557 0
4.72307e+08 8135.79 409982 0
4.74124e+08 8037.76 406435 0
4.75948e+08 7940.9 402916 0
4.77778e+08 7845.18 399429 0
4.79616e+08 7750.6 395969 0
4.81461e+08 7657.14 392537 0
4.83313e+08 7564.79 389134 0
4.85172e+08 7473.53 385760 0
4.87038e+08 7383.36 382413 0
4.88911e+08 7294.26 379095 0
4.90791e+08 7206.22 375804 0
4.92679e+08 7119.22 372539 0
4.94574e+08 7033.26 369302 0
4.96476e+08 6948.31 366092 0
4.98386e+08 6864.38 362907 0
5.00303e+08 6781.44 359749 0
5.02227e+08 6699.49 356618 0
5.04159e+08 6618.52 353512 0
5.06098e+08 6538.5 350433 0
5.08045e+08 6459.44 347378 0
5.09999e+08 6381.32 344349 0
5.1196e+08 6304.12 341346 0
5.1393e+08 6227.85 338366 0
5.15906e+08 6152.48 335413 0
5.17891e+08 6078.01 332482 0
5.19883e+08 6004.42 329577 0
5.21882e+08 5931.71 326697 0
5.2389e+08 5859.87 323838 0
5.25905e+08 5788.88 321005 0
5.27927e+08 5718.73 318196 0
5.29958e+08 5649.42 315409 0
5.31996e+08 5580.94 312646 0
5.34043e+08 5513.27 309905 0
5.36097e+08 5446.41 307187 0
5.38159e+08 5380.35 304493 0
5.40229e+08 5315.07 301820 0
5.42306e+08 5250.57 299171 0
5.44392e+08 5186.84 296543 0
5.46486e+08 5123.87 293937 0
5.48588e+08 5061.65 291352 0
5.50698e+08 5000.17 288789 0
5.52816e+08 4939.43 286248 0
5.54943e+08 4879.41 283727 0
5.57077e+08 4820.11 281228 0
5.5922e+08 4761.51 278750 0
5.61371e+08 4703.61 276292 0
5.6353e+08 4646.41 273855 0
5.65697e+08 4589.89 271439 0
5.67873e+08 4534.04 269043 0
5.70057e+08 4478.86 266666 0
5.7225e+08 4424.34 264310 0
5.74451e+08 4370.47 261973 0
5.76661e+08 4317.24 259655 0
5.78879e+08 4264.65 257357 0
5.81105e+08 4212.69 255080 0
5.8334e+08 4161.35 252820 0
5.85584e+08 4110.63 250580 0
5.87836e+08 4060.51 248358 0
5.90097e+08 4010.99 246155 0
5.92367e+08 3962.06 243970 0
5.94645e+08 3913.72 241805 0
5.96933e+08 3865.96 239656 0
5.99229e+08 3818.76 237526 0
6.01533e+08 3772.14 235415 0
6.03847e+08 3726.07 233321 0
6.0617e+08 3680.55 231244 0
6.08501e+08 3635.58 229185 0
6.10842e+08 3591.15 227143 0
6.13191e+08 3547.25 225119 0
6.1555e+08 3503.87 223111 0
6.17917e+08 3461.02 221121 0
6.20294e+08 3418.68 219147 0
6.2268e+08 3376.85 217189 0
6.25075e+08 3335.51 215249 0
6.27479e+08 3294.68 213325 0
6.29892e+08 3254.33 211417 0
6.32315e+08 3214.47 209525 0
6.34747e+08 3175.09 207649 0
6.37189e+08 3136.18 205789 0
6.3964e+08 3097.74 203944 0
6.421e+08 3059.75 202116 0
6.4457e+08 3022.23 200303 0
6.47049e+08 2985.15 198505 0
6.49537e+08 2948.53 196723 0
6.52036e+08 2912.34 194955 0
6.54544e+08 2876.58 193202 0
6.57061e+08 2841.26 191465 0
6.59589e+08 2806.36 189741 0
6.62125e+08 2771.88 188034 0
6.64672e+08 2737.81 186340 0
6.67229e+08 2704.16 184660 0
6.69795e+08 2670.91 182995 0
6.72371e+08 2638.06 181344 0
6.74957e+08 2605.6 179707 0
6.77554e+08 2573.54 178084 0
6.8016e+08 2541.86 176475 0
6.82776e+08 2510.56 174879 0
6.85402e+08 2479.65 173297 0
6.88038e+08 2449.1 171729 0
6.90685e+08 2418.92 170173 0
6.93341e+08 2389.11 168632 0
6.96008e+08 2359.65 167103 0
6.98685e+08 2330.55 165587 0
7.01372e+08 2301.8 164085 0
7.0407e+08 2273.4 162595 0
7.06778e+08 2245.34 161118 0
7.09497e+08 2217.62 159653 0
7.12226e+08 2190.23 158201 0
7.14965e+08 2163.17 156761 0
7.17715e+08 2136.45 155334 0
7.20475e+08 2110.04 153919 0
7.23247e+08 2083.95 152516 0
7.26028e+08 2058.18 151125 0
7.28821e+08 2032.72 149746 0
7.31624e+08 2007.57 148379 0
7.34438e+08 1982.72 147024 0
7.37263e+08 1958.17 145680 0
7.40099e+08 1933.92 144347 0
7.42946e+08 1909.96 143026 0
7.45803e+08 1886.29 141717 0
7.48672e+08 1862.91 140419 0
7.51551e+08 1839.81 139132 0
7.54442e+08 1816.99 137856 0
7.57344e+08 1794.45 136590 0
7.60257e+08 1772.18 135336 0
7.63181e+08 1750.18 134093 0
7.66116e+08 1728.45 132861 0
7.69063e+08 1706.98 131638 0
7.72021e+08 1685.77 130427 0
7.74991e+08 1664.82 129226 0
7.77971e+08 1644.12 128035 0
7.80964e+08 1623.67 126855 0
7.83968e+08 1603.48 125685 0
7.86983e+08 1583.52 124525 0
7.9001e+08 1563.81 123375 0
7.93049e+08 1544.34 122234 0
7.96099e+08 1525.1 121104 0
7.99161e+08 1506.1 119984 0
8.02235e+08 1487.33 118873 0
8.0532e+08 1468.79 117772 0
8.08418e+08 1450.47 116681 0
8.11527e+08 1432.38 115599 0
8.14649e+08 1414.5 114526 0
8.17782e+08 1396.85 113463 0
8.20927e+08 1379.41 112409 0
8.24085e+08 1362.18 111363 0
8.27255e+08 1345.16 110327 0
8.30437e+08 1328.34 109301 0
8.33631e+08 1311.74 108283 0
8.36837e+08 1295.33 107274 0
8.40056e+08 1279.12 106273 0
8.43287e+08 1263.12 105282 0
8.4653e+08 1247.3 104299 0
8.49786e+08 1231.68 103325 0
8.53055e+08 1216.25 102359 0
8.56336e+08 1201.01 101401 0
8.5963e+08 1185.96 100452 0
8.62936e+08 1171.09 99511.5 0
8.66255e+08 1156.4 98579 0
8.69587e+08 1141.89 97654.6 0
8.72932e+08 1127.55 96738.3 0
8.76289e+08 1113.39 95830.1 0
8.7966e+08 1099.41 94929.7 0
8.83043e+08 1085.6 94037.4 0
8.8644e+08 1071.95 93152.7 0
8.89849e+08 1058.47 92276 0
8.93272e+08 1045.16 91406.8 0
8.96708e+08 1032.01 90545.2 0
9.00157e+08 1019.02 89691.3 0
9.03619e+08 1006.19 88844.9 0
9.07095e+08 993.515 88005.9 0
9.10583e+08 980.997 87174.5 0
9.14086e+08 968.633 86350.1 0
9.17602e+08 956.42 85533 0
9.21131e+08 944.356 84723.3 0
9.24674e+08 932.441 83920.6 0
9.28231e+08 920.672 83124.9 0
9.31801e+08 909.047 82336.4 0
9.35385e+08 897.565 81554.8 0
9.38983e+08 886.224 80780.1 0
9.42594e+08 875.022 80012.4 0
9.4622e+08 863.957 79251.2 0
9.49859e+08 853.029 78497 0
9.53513e+08 842.235 77749.2 0
9.5718e+08 831.574 77008.3 0
9.60862e+08 821.043 76273.8 0
9.64557e+08 810.642 75546 0
9.68267e+08 800.37 74824.5 0
9.71992e+08 790.223 74109.3 0
9.7573e+08 780.202 73400.7 0
9.79483e+08 770.304 72698.2 0
9.83251e+08 760.527 72001.9 0
9.87032e+08 750.872 71312.1 0
9.90829e+08 741.335 70628.1 0
9.9464e+08 731.916 69950.4 0
9.98466e+08 722.613 69278.6 0
1.00231e+09 713.424 68612.3 0
1.00616e+09 704.35 67953.4 0
1.01003e+09 695.387 67299.5 0
1.01392e+09 686.534 66650.6 0
1.01782e+09 677.791 66008.3 0
1.02173e+09 669.156 65372.5 0
1.02566e+09 660.628 64741.7 0
1.02961e+09 652.205 64115.7 0
1.03357e+09 643.887 63496.1 0
1.03754e+09 635.671 62882.9 0
1.04153e+09 627.556 62274.5 0
1.04554e+09 619.543 61670.8 0
1.04956e+09 611.628 61073.4 0
1.0536e+09 603.811 60480.6 0
1.05765e+09 596.092 59894 0
1.06172e+09 588.467 59312 0
1.0658e+09 580.938 58736.1 0
1.0699e+09 573.501 58164.7 0
1.07401e+09 566.157 57599.3 0
1.07815e+09 558.904 57037 0
1.08229e+09 551.741 56482 0
1.08646e+09 544.667 55930.1 0
1.09063e+09 537.681 55385.3 0
1.09483e+09 530.781 54843.6 0
1.09904e+09 523.967 54307.5 0
1.10327e+09 517.238 53775.9 0
1.10751e+09 510.593 53249.8 0
1.11177e+09 504.03 52728.1 0
1.11605e+09 497.549 52210.6 0
1.12034e+09 491.148 51698.6 0
1.12465e+09 484.827 51190.8 0
1.12897e+09 478.585 50688.4 0
1.13332e+09 472.421 50189 0
1.13768e+09 466.333 49695 0
1.14205e+09 460.321 49206.1 0
1.14644e+09 454.384 48721.4 0
1.15085e+09 448.522 48240.7 0
1.15528e+09 442.732 47764.1 0
1.15972e+09 437.015 47292.6 0
1.16419e+09 431.369 46824.1 0
1.16866e+09 425.793 46361.5 0
1.17316e+09 420.287 45901.9 0
1.17767e+09 414.85 45447.3 0
1.1822e+09 409.481 44996.5 0
1.18675e+09 404.179 44549.6 0
1.19131e+09 398.944 44107.5 0
1.19589e+09 393.774 43669.3 0
1.20049e+09 388.668 43234.8 0
1.20511e+09 383.627 42804.1 0
1.20975e+09 378.649 42377.1 0
1.2144e+09 373.733 41954.8 0
1.21907e+09 368.878 41536.2 0
1.22376e+09 364.085 41121.2 0
1.22847e+09 359.352 40709.9 0
1.23319e+09 354.678 40303.1 0
1.23793e+09 350.063 39899.8 0
1.2427e+09 345.505 39499.3 0
1.24748e+09 341.005 39103.2 0
1.25227e+09 336.562 38711.4 0
1.25709e+09 332.174 38322.3 0
1.26193e+09 327.842 37936.7 0
1.26678e+09 323.564 37555.3 0
1.27165e+09 319.34 37177.4 0
1.27654e+09 315.169 36802.8 0
1.28145e+09 311.05 36431.7 0
1.28638e+09 306.984 36063.9 0
1.29133e+09 302.969 35699.4 0
1.2963e+09 299.004 35338.3 0
1.30128e+09 295.089 34981.1 0
1.30629e+09 291.224 34626.5 0
1.31131e+09 287.408 34275.9 0
1.31636e+09 283.639 33927.8 0
1.32142e+09 279.919 33583.6 0
1.3265e+09 276.245 33242.5 0
1.3316e+09 272.618 32904.6 0
1.33672e+09 269.036 32569.8 0
1.34187e+09 265.5 32237.5 0
1.34703e+09 262.009 31909 0
1.35221e+09 258.562 31583.4 0
1.35741e+09 255.158 31261 0
1.36263e+09 251.798 30941.5 0
1.36787e+09 248.48 30625.1 0
1.37313e+09 245.205 30311.6 0
1.37841e+09 241.97 30001.1 0
1.38372e+09 238.777 29693 0
1.38904e+09 235.625 29388.3 0
1.39438e+09 232.512 29086.5 0
1.39974e+09 229.439 28787.6 0
1.40513e+09 226.405 28491.1 0
1.41053e+09 223.41 28197.8 0
1.41596e+09 220.453 27906.9 0
1.4214e+09 217.533 27619.3 0
1.42687e+09 214.651 27333.9 0
1.43236e+09 211.805 27051.3 0
1.43787e+09 208.996 26771.4 0
1.4434e+09 206.222 26494.2 0
1.44895e+09 203.484 26219.7 0
1.45452e+09 200.78 25947.9 0
1.46012e+09 198.111 25678.3 0
1.46573e+09 195.477 25411.7 0
1.47137e+09 192.875 25147.3 0
1.47703e+09 190.308 24885.5 0
1.48271e+09 187.772 24626.3 0
1.48842e+09 185.27 24369.2 0
1.49414e+09 182.799 24115 0
1.49989e+09 180.36 23863 0
1.50566e+09 177.952 23613.4 0
1.51145e+09 175.575 23366.3 0
1.51726e+09 173.229 23121.7 0
1.5231e+09 170.913 22879.1 0
1.52896e+09 168.626 22638.9 0
1.53484e+09 166.369 22401.1 0
1.54074e+09 164.14 22165.7 0
1.54667e+09 161.94 21932.3 0
1.55261e+09 159.769 21701.6 0
1.55859e+09 157.625 21472.5 0
1.56458e+09 155.509 21246.1 0
1.5706e+09 153.421 21021.6 0
1.57664e+09 151.359 20799.4 0
1.5827e+09 149.324 20579.4 0
1.58879e+09 147.314 20361.3 0
1.5949e+09 145.331 20145.5 0
1.60104e+09 143.374 19931.5 0
1.6072e+09 141.441 19719.7 0
1.61338e+09 139.534 19510.1 0
1.61958e+09 137.651 19302.7 0
1.62581e+09 135.793 19097 0
1.63207e+09 133.958 18893.2 0
1.63834e+09 132.147 18691.8 0
1.64464e+09 130.36 18492.1 0
1.65097e+09 128.596 18294.3 0
1.65732e+09 126.855 18098.5 0
1.66369e+09 125.136 17904.7 0
1.67009e+09 123.439 17712.7 0
1.67652e+09 121.765 17522.3 0
1.68297e+09 120.112 17334 0
1.68944e+09 118.481 17147.7 0
1.69594e+09 116.871 16963 0
1.70246e+09 115.282 16780.3 0
1.70901e+09 113.713 16599.2 0
1.71558e+09 112.165 16420.1 0
1.72218e+09 110.637 16242.6 0
1.7288e+09 109.129 16067 0
1.73545e+09 107.64 15892.9 0
1.74213e+09 106.171 15720.5 0
1.74883e+09 104.721 15550 0
1.75556e+09 103.291 15381 0
1.76231e+09 101.878 15213.8 0
1.76909e+09 100.484 15048.2 0
1.77589e+09 99.1087 14884.4 0
1.78272e+09 97.751 14722 0
1.78958e+09 96.411 14561.3 0
1.79646e+09 95.0886 14402.2 0
1.80337e+09 93.7836 14244.7 0
1.81031e+09 92.4956 14088.6 0
1.81727e+09 91.2244 13934.3 0
1.82426e+09 89.97 13781.4 0
1.83128e+09 88.732 13629.9 0
1.83832e+09 87.5103 13480.2 0
1.84539e+09 86.3045 13331.8 0
1.85249e+09 85.1147 13184.9 0
1.85962e+09 83.9405 13039.4 0
1.86677e+09 82.7817 12895.5 0
1.87395e+09 81.6381 12753 0
1.88116e+09 80.5097 12611.9 0
1.88839e+09 79.396 12472.3 0
1.89565e+09 78.2971 12334.1 0
1.90295e+09 77.2127 12197.1 0
1.91027e+09 76.1425 12061.6 0
1.91761e+09 75.0865 11927.6 0
1.92499e+09 74.0445 11794.7 0
1.93239e+09 73.0162 11663.4 0
1.93983e+09 72.0015 11533.1 0
1.94729e+09 71.0002 11404.3 0
1.95478e+09 70.0122 11276.9 0
1.96229e+09 69.0373 11150.8 0
1.96984e+09 68.0753 11025.8 0
1.97742e+09 67.126 10902.1 0
1.98502e+09 66.1894 10779.8 0
1.99266e+09 65.2651 10658.6 0
2.00032e+09 64.3532 10538.7 0
2.00802e+09 63.4533 10419.9 0
2.01574e+09 62.5655 10302.5 0
2.02349e+09 61.6894 10186.3 0
2.03128e+09 60.825 10071 0
2.03909e+09 59.9722 9957.17 0
2.04693e+09 59.1306 9844.45 0
2.05481e+09 58.3004 9732.75 0
2.06271e+09 57.4811 9622.33 0
2.07064e+09 56.6729 9513.06 0
2.07861e+09 55.8754 9404.78 0
2.0866e+09 55.0886 9297.75 0
2.09463e+09 54.3123 9191.71 0
2.10269e+09 53.5464 9086.77 0
2.11077e+09 52.7907 8983.05 0
2.11889e+09 52.0452 8880.29 0
2.12704e+09 51.3097 8778.61 0
2.13522e+09 50.584 8677.99 0
2.14344e+09 49.8681 8578.32 0
2.15168e+09 49.1618 8479.82 0
2.15996e+09 48.4649 8382.24 0
2.16826e+09 47.7775 8285.81 0
2.1766e+09 47.0993 8190.29 0
2.18498e+09 46.4302 8095.68 0
2.19338e+09 45.7702 8002.19 0
2.20182e+09 45.119 7909.59 0
2.21028e+09 44.4766 7818.09 0
2.21879e+09 43.8429 7727.37 0
2.22732e+09 43.2178 7637.72 0
2.23589e+09 42.6011 7548.94 0
2.24449e+09 41.9927 7461.12 0
2.25312e+09 41.3926 7374.25 0
2.26179e+09 40.8006 7288.23 0
2.27049e+09 40.2166 7203.15 0
2.27922e+09 39.6405 7118.99 0
2.28798e+09 39.0723 7035.76 0
2.29679e+09 38.5117 6953.25 0
2.30562e+09 37.9588 6871.74 0
2.31449e+09 37.4134 6791.04 0
2.32339e+09 36.8754 6711.22 0
2.33233e+09 36.3447 6632.21 0
2.3413e+09 35.8213 6554.06 0
2.3503e+09 35.3049 6476.79 0
2.35934e+09 34.7957 6400.3 0
2.36842e+09 34.2933 6324.57 0
2.37753e+09 33.7979 6249.69 0
2.38667e+09 33.3092 6175.65 0
2.39585e+09 32.8272 6102.36 0
2.40507e+09 32.3517 6029.82 0
2.41432e+09 31.8828 5958.09 0
2.4236e+09 31.4203 5887.18 0
2.43292e+09 30.9642 5816.99 0
2.44228e+09 30.5143 5747.53 0
2.45168e+09 30.0706 5678.79 0
2.46111e+09 29.6329 5610.82 0
2.47057e+09 29.2013 5543.64 0
2.48008e+09 28.7757 5477.08 0
2.48961e+09 28.3559 5411.36 0
2.49919e+09 27.9418 5346.25 0
2.5088e+09 27.5335 5281.9 0
2.51845e+09 27.1308 5218.22 0
2.52814e+09 26.7337 5155.21 0
2.53786e+09 26.3421 5092.94 0
2.54762e+09 25.9558 5031.32 0
2.55742e+09 25.575 4970.36 0
2.56726e+09 25.1993 4910.05 0
2.57713e+09 24.8289 4850.45 0
2.58705e+09 24.4637 4791.42 0
2.597e+09 24.1035 4733.09 0
2.60699e+09 23.7483 4675.38 0
2.61701e+09 23.398 4618.36 0
2.62708e+09 23.0526 4561.89 0
2.63718e+09 22.712 4506.09 0
2.64733e+09 22.3761 4450.85 0
2.65751e+09 22.045 4396.26 0
2.66773e+09 21.7184 4342.27 0
2.67799e+09 21.3964 4288.88 0
2.68829e+09 21.0789 4236.06 0
2.69863e+09 20.7658 4183.83 0
2.70901e+09 20.4572 4132.18 0
2.71943e+09 20.1528 4081.1 0
2.72989e+09 19.8527 4030.59 0
2.74039e+09 19.5568 3980.64 0
2.75093e+09 19.265 3931.24 0
2.76151e+09 18.9774 3882.4 0
2.77213e+09 18.6938 3834.11 0
2.7828e+09 18.4142 3786.31 0
2.7935e+09 18.1385 3739.1 0
2.80424e+09 17.8667 3692.42 0
2.81503e+09 17.5987 3646.23 0
2.82586e+09 17.3345 3600.56 0
2.83673e+09 17.074 3555.41 0
2.84764e+09 16.8173 3510.78 0
2.85859e+09 16.5641 3466.65 0
2.86959e+09 16.3145 3422.99 0
2.88062e+09 16.0685 3379.88 0
2.8917e+09 15.8259 3337.22 0
2.90283e+09 15.5868 3295.01 0
2.91399e+09 15.3511 3253.34 0
2.9252e+09 15.1187 3212.1 0
2.93645e+09 14.8897 3171.35 0
2.94774e+09 14.6639 3131.07 0
2.95908e+09 14.4413 3091.23 0
2.97046e+09 14.2219 3051.86 0
2.98189e+09 14.0056 3012.91 0
2.99336e+09 13.7924 2974.42 0
3.00487e+09 13.5822 2936.39 0
3.01643e+09 13.375 2898.77 0
3.02803e+09 13.1709 2861.6 0
3.03968e+09 12.9696 2824.84 0
3.05137e+09 12.7712 2788.51 0
3.06311e+09 12.5757 2752.59 0
3.07489e+09 12.383 2717.1 0
3.08671e+09 12.193 2682.04 0
3.09859e+09 12.0058 2647.33 0
3.11051e+09 11.8212 2613.05 0
3.12247e+09 11.6394 2579.18 0
3.13448e+09 11.4601 2545.69 0
3.14654e+09 11.2835 2512.58 0
3.15864e+09 11.1093 2479.87 0
3.17079e+09 10.9378 2447.54 0
3.18298e+09 10.7686 2415.59 0
3.19523e+09 10.602 2383.99 0
3.20752e+09 10.4377 2352.78 0
3.21985e+09 10.2759 2321.95 0
3.23224e+09 10.1164 2291.45 0
3.24467e+09 9.95916 2261.33 0
3.25715e+09 9.80425 2231.55 0
3.26968e+09 9.65159 2202.13 0
3.28225e+09 9.50116 2173.06 0
3.29488e+09 9.35292 2144.32 0
3.30755e+09 9.20685 2115.93 0
3.32027e+09 9.06291 2087.88 0
3.33304e+09 8.92108 2060.16 0
3.34586e+09 8.78132 2032.76 0
3.35873e+09 8.64361 2005.69 0
3.37165e+09 8.50792 1978.94 0
3.38462e+09 8.37422 1952.51 0
3.39764e+09 8.24248 1926.39 0
3.41071e+09 8.11268 1900.59 0
3.42382e+09 7.98479 1875.12 0
3.43699e+09 7.85879 1849.93 0
3.45021e+09 7.73464 1825.04 0
3.46348e+09 7.61233 1800.46 0
3.47681e+09 7.49182 1776.16 0
3.49018e+09 7.37309 1752.16 0
3.5036e+09 7.25612 1728.47 0
3.51708e+09 7.14089 1705.04 0
3.53061e+09 7.02736 1681.9 0
3.54419e+09 6.91552 1659.04 0
3.55782e+09 6.80534 1636.47 0
3.5715e+09 6.69679 1614.17 0
3.58524e+09 6.58987 1592.13 0
3.59903e+09 6.48453 1570.37 0
3.61287e+09 6.38077 1548.87 0
3.62677e+09 6.27855 1527.63 0
3.64072e+09 6.17787 1506.66 0
3.65472e+09 6.07869 1485.94 0
3.66878e+09 5.98099 1465.48 0
3.68289e+09 5.88476 1445.27 0
3.69706e+09 5.78997 1425.3 0
3.71128e+09 5.6966 1405.58 0
3.72555e+09 5.60464 1386.11 0
3.73988e+09 5.51406 1366.88 0
3.75426e+09 5.42485 1347.89 0
3.7687e+09 5.33698 1329.13 0
3.7832e+09 5.25044 1310.6 0
3.79775e+09 5.1652 1292.31 0
3.81236e+09 5.08126 1274.23 0
3.82702e+09 4.99858 1256.4 0
3.84174e+09 4.91716 1238.78 0
3.85652e+09 4.83697 1221.37 0
3.87135e+09 4.758 1204.2 0
3.88624e+09 4.68023 1187.23 0
3.90119e+09 4.60364 1170.48 0
3.91619e+09 4.52822 1153.94 0
3.93126e+09 4.45395 1137.6 0
3.94638e+09 4.38081 1121.48 0
3.96156e+09 4.30879 1105.56 0
3.97679e+09 4.23787 1089.84 0
3.99209e+09 4.16804 1074.32 0
4.00745e+09 4.09928 1058.99 0
4.02286e+09 4.03157 1043.86 0
4.03833e+09 3.96491 1028.93 0
4.05387e+09 3.89926 1014.18 0
4.06946e+09 3.83463 999.625 0
4.08511e+09 3.771 985.257 0
4.10082e+09 3.70834 971.073 0
4.1166e+09 3.64666 957.063 0
4.13243e+09 3.58592 943.242 0
4.14832e+09 3.52613 929.6 0
4.16428e+09 3.46726 916.127 0
4.1803e+09 3.40931 902.829 0
4.19638e+09 3.35226 889.704 0
4.21252e+09 3.29609 876.751 0
4.22872e+09 3.2408 863.968 0
4.24498e+09 3.18637 851.353 0
4.26131e+09 3.13278 838.896 0
4.2777e+09 3.08004 826.604 0
4.29415e+09 3.02811 814.475 0
4.31067e+09 2.97701 802.5 0
4.32725e+09 2.9267 790.684 0
4.34389e+09 2.87718 779.026 0
4.3606e+09 2.82844 767.517 0
4.37737e+09 2.78046 756.162 0
4.39421e+09 2.73324 744.954 0
4.41111e+09 2.68676 733.897 0
4.42808e+09 2.64102 722.983 0
4.44511e+09 2.596 712.217 0
4.46221e+09 2.55169 701.591 0
4.47937e+09 2.50808 691.11 7.15579e-301
4.4966e+09 2.46516 680.766 2.22282e-296
4.5139e+09 2.42292 670.558 6.0279e-292
4.53126e+09 2.38136 660.491 1.42081e-287
4.54869e+09 2.34045 650.556 2.9321e-283
4.56618e+09 2.3002 640.758 5.27542e-279
4.58374e+09 2.26059 631.091 8.33389e-275
4.60138e+09 2.22161 621.546 1.16383e-270
4.61907e+09 2.18325 612.14 1.41564e-266
4.63684e+09 2.14551 602.855 1.52615e-262
4.65467e+09 2.10837 593.699 1.44498e-258
4.67258e+09 2.07183 584.661 1.2156e-254
4.69055e+09 2.03587 575.751 9.00668e-251
4.70859e+09 2.00049 566.961 5.91486e-247
4.7267e+09 1.96568 558.291 3.44744e-243
4.74488e+09 1.93143 549.738 1.7856e-239
4.76313e+09 1.89774 541.302 8.22944e-236
4.78145e+09 1.86458 532.982 3.37913e-232
4.79984e+09 1.83197 524.776 1.23776e-228
4.81831e+09 1.79988 516.679 4.06746e-225
4.83684e+09 1.76831 508.697 1.19013e-221
4.85544e+09 1.73726 500.826 3.11814e-218
4.87412e+09 1.70671 493.06 7.35489e-215
4.89286e+09 1.67665 485.407 1.55075e-211
4.91168e+09 1.64709 477.856 2.95037e-208
4.93058e+09 1.61801 470.407 5.07046e-205
4.94954e+09 1.5894 463.066 7.81891e-202
4.96858e+09 1.56126 455.824 1.09157e-198
4.98769e+09 1.53359 448.685 1.37595e-195
5.00687e+09 1.50636 441.647 1.56788e-192
5.02613e+09 1.47958 434.704 1.62269e-189
5.04546e+09 1.45325 427.861 1.52158e-186
5.06487e+09 1.42734 421.112 1.29867e-183
5.08435e+09 1.40187 414.459 1.00647e-180
5.10391e+09 1.37681 407.898 7.11468e-178
5.12354e+09 1.35217 401.431 4.57677e-175
5.14324e+09 1.32793 395.058 2.68223e-172
5.16303e+09 1.3041 388.77 1.4428e-169
5.18288e+09 1.28066 382.577 7.06324e-167
5.20282e+09 1.25761 376.467 3.17979e-164
5.22283e+09 1.23494 370.446 1.30963e-161
5.24292e+09 1.21266 364.511 4.95458e-159
5.26309e+09 1.19074 358.659 1.72343e-156
5.28333e+09 1.16919 352.893 5.50144e-154
5.30365e+09 1.148 347.209 1.6178e-151
5.32405e+09 1.12716 341.607 4.38676e-149
5.34453e+09 1.10668 336.084 1.09784e-146
5.36508e+09 1.08653 330.643 2.53141e-144
5.38572e+09 1.06673 325.279 5.41133e-142
5.40643e+09 1.04726 319.994 1.06785e-139
5.42723e+09 1.02811 314.783 1.95695e-137
5.4481e+09 1.00929 309.65 3.31682e-135
5.46906e+09 0.990792 304.589 5.22963e-133
5.4901e+09 0.972603 299.603 7.65846e-131
5.51121e+09 0.954722 294.692 1.04016e-128
5.53241e+09 0.937144 289.85 1.31747e-126
5.55369e+09 0.919865 285.08 1.55392e-124
5.57505e+09 0.902881 280.38 1.7082e-122
5.59649e+09 0.886185 275.75 1.75161e-120
5.61802e+09 0.869774 271.186 1.68038e-118
5.63963e+09 0.853644 266.69 1.50618e-116
5.66132e+09 0.837789 262.262 1.26242e-114
5.68309e+09 0.822206 257.899 9.90254e-113
5.70495e+09 0.806891 253.6 7.28972e-111
5.7269e+09 0.791838 249.364 5.03984e-109
5.74892e+09 0.777045 245.194 3.26238e-107
5.77104e+09 0.762506 241.083 1.99005e-105
5.79323e+09 0.748218 237.037 1.13843e-103
5.81552e+09 0.734177 233.048 6.14562e-102
5.83788e+09 0.720379 229.122 3.11625e-100
5.86034e+09 0.70682 225.252 1.49318e-98
5.88288e+09 0.693496 221.442 6.74233e-97
5.90551e+09 0.680404 217.689 2.87592e-95
5.92822e+09 0.66754 213.994 1.15772e-93
5.95102e+09 0.654899 210.354 4.40861e-92
5.97391e+09 0.642479 206.769 1.58916e-90
5.99689e+09 0.630277 203.239 5.42616e-89
6.01995e+09 0.618287 199.763 1.75351e-87
6.04311e+09 0.606508 196.339 5.38284e-86
6.06635e+09 0.594936 192.969 1.56603e-84
6.08969e+09 0.583567 189.648 4.33329e-83
6.11311e+09 0.572398 186.38 1.1379e-81
6.13662e+09 0.561426 183.162 2.84157e-80
6.16022e+09 0.550648 179.994 6.7523e-79
6.18392e+09 0.540061 176.874 1.52978e-77
6.2077e+09 0.52966 173.803 3.29774e-76
6.23158e+09 0.519445 170.779 6.78581e-75
6.25555e+09 0.509411 167.802 1.33196e-73
6.27961e+09 0.499555 164.872 2.49544e-72
6.30376e+09 0.489875 161.987 4.46509e-71
6.32801e+09 0.480367 159.147 7.64375e-70
6.35235e+09 0.471029 156.352 1.25116e-68
6.37678e+09 0.461859 153.601 1.95931e-67
6.40131e+09 0.452853 150.892 2.94043e-66
6.42593e+09 0.444008 148.227 4.22663e-65
6.45065e+09 0.435323 145.603 5.82855e-64
6.47546e+09 0.426794 143.021 7.70702e-63
6.50036e+09 0.418418 140.48 9.77716e-62
6.52537e+09 0.410194 137.979 1.19302e-60
6.55046e+09 0.402119 135.518 1.39675e-59
6.57566e+09 0.39419 133.096 1.57446e-58
6.60095e+09 0.386405 130.713 1.70635e-57
6.62634e+09 0.378761 128.368 1.78057e-56
6.65183e+09 0.371256 126.06 1.78986e-55
6.67741e+09 0.363889 123.79 1.7325e-54
6.7031e+09 0.356655 121.556 1.61846e-53
6.72888e+09 0.349554 119.358 1.45732e-52
6.75476e+09 0.342584 117.196 1.26655e-51
6.78074e+09 0.33574 115.068 1.06292e-50
6.80682e+09 0.329023 112.975 8.61776e-50
6.833e+09 0.322429 110.917 6.75312e-49
6.85928e+09 0.315957 108.891 5.11715e-48
6.88567e+09 0.309605 106.899 3.75398e-47
6.91215e+09 0.303369 104.939 2.66337e-46
6.93874e+09 0.29725 103.011 1.83098e-45
6.96543e+09 0.291243 101.115 1.21932e-44
6.99222e+09 0.285349 99.2508 7.86906e-44
7.01911e+09 0.279564 97.4171 4.92364e-43
7.04611e+09 0.273887 95.6133 2.99008e-42
7.07321e+09 0.268316 93.8396 1.76198e-41
7.10042e+09 0.262849 92.0949 1.00856e-40
7.12773e+09 0.257484 90.3795 5.6063e-40
7.15514e+09 0.25222 88.693 3.02765e-39
7.18266e+09 0.247056 87.0344 1.59012e-38
7.21029e+09 0.241988 85.4033 8.1248e-38
7.23802e+09 0.237016 83.7999 4.03797e-37
7.26586e+09 0.232137 82.2232 1.95388e-36
7.29381e+09 0.227352 80.673 9.20828e-36
7.32186e+09 0.222656 79.1492 4.22596e-35
7.35002e+09 0.21805 77.6511 1.89032e-34
7.37829e+09 0.213532 76.1783 8.2445e-34
7.40667e+09 0.209099 74.7305 3.50723e-33
7.43516e+09 0.204751 73.3072 1.45575e-32
7.46376e+09 0.200486 71.9082 5.89768e-32
7.49247e+09 0.196303 70.533 2.33291e-31
7.52129e+09 0.1922 69.1814 9.01329e-31
7.55022e+09 0.188176 67.8531 3.40238e-30
7.57926e+09 0.184229 66.5476 1.25528e-29
7.60841e+09 0.180358 65.2647 4.52793e-29
7.63767e+09 0.176562 64.004 1.59735e-28
7.66705e+09 0.17284 62.7649 5.51525e-28
7.69654e+09 0.169189 61.5473 1.86358e-27
7.72614e+09 0.16561 60.351 6.16428e-27
7.75586e+09 0.1621 59.1753 1.99746e-26
7.78569e+09 0.158658 58.0203 6.34005e-26
7.81564e+09 0.155284 56.8853 1.97252e-25
7.8457e+09 0.151975 55.7704 6.01494e-25
7.87587e+09 0.148731 54.6752 1.79824e-24
7.90617e+09 0.145551 53.5989 5.27604e-24
7.93658e+09 0.142433 52.5417 1.51854e-23
7.9671e+09 0.139377 51.5035 4.28869e-23
7.99775e+09 0.13638 50.4832 1.18965e-22
8.02851e+09 0.133443 49.4813 3.23992e-22
8.05939e+09 0.130565 48.4972 8.66828e-22
8.09039e+09 0.127743 47.5306 2.27892e-21
8.12151e+09 0.124977 46.5812 5.88889e-21
8.15274e+09 0.122266 45.6491 1.49564e-20
8.1841e+09 0.119609 44.7335 3.73665e-20
8.21558e+09 0.117005 43.8344 9.18283e-20
8.24718e+09 0.114454 42.9515 2.22034e-19
8.2789e+09 0.111953 42.0845 5.28343e-19
8.31074e+09 0.109503 41.2334 1.23758e-18
8.34271e+09 0.107101 40.3975 2.85501e-18
8.3748e+09 0.104749 39.5768 6.48646e-18
8.40701e+09 0.102443 38.7712 1.45169e-17
8.43935e+09 0.100185 37.9802 3.20196e-17
8.47181e+09 0.0979716 37.2037 6.9602e-17
8.50439e+09 0.0958035 36.4417 1.49139e-16
8.5371e+09 0.0936795 35.6935 3.15153e-16
8.56994e+09 0.0915987 34.959 6.56907e-16
8.6029e+09 0.0895603 34.2382 1.35062e-15
8.63599e+09 0.0875636 33.5307 2.7403e-15
8.66921e+09 0.0856078 32.8363 5.48766e-15
8.70255e+09 0.0836922 32.1549 1.08467e-14
8.73602e+09 0.0818159 31.4862 2.11695e-14
8.76962e+09 0.0799782 30.83 4.08044e-14
8.80336e+09 0.0781784 30.1858 7.77066e-14
8.83722e+09 0.0764158 29.554 1.46177e-13
8.87121e+09 0.0746898 28.934 2.71731e-13
8.90533e+09 0.0729995 28.3257 4.99249e-13
8.93958e+09 0.0713444 27.7289 9.06766e-13
8.97396e+09 0.0697237 27.1434 1.62837e-12
9.00848e+09 0.0681368 26.569 2.89228e-12
9.04313e+09 0.0665831 26.0055 5.08116e-12
9.07791e+09 0.065062 25.4528 8.83075e-12
9.11283e+09 0.0635727 24.9105 1.51875e-11
9.14788e+09 0.0621148 24.3788 2.58486e-11
9.18307e+09 0.0606876 23.8571 4.355e-11
9.21839e+09 0.0592905 23.3456 7.2635e-11
9.25384e+09 0.0579229 22.844 1.19945e-10
9.28944e+09 0.0565843 22.3519 1.96197e-10
9.32517e+09 0.0552741 21.8694 3.17848e-10
9.36103e+09 0.0539918 21.3965 5.10076e-10
9.39704e+09 0.0527368 20.9325 8.11185e-10
9.43318e+09 0.0515086 20.4777 1.27828e-09
9.46946e+09 0.0503067 20.0318 1.99654e-09
9.50589e+09 0.0491305 19.5946 3.09163e-09
9.54245e+09 0.0479796 19.166 4.74586e-09
9.57915e+09 0.0468535 18.7459 7.22393e-09
9.616e+09 0.0457516 18.3339 1.09062e-08
9.65298e+09 0.0446736 17.9303 1.63298e-08
9.69011e+09 0.0436188 17.5345 2.42574e-08
9.72738e+09 0.042587 17.1467 3.57504e-08
9.7648e+09 0.0415775 16.7665 5.22865e-08
9.80236e+09 0.0405901 16.394 7.589e-08
9.84006e+09 0.0396242 16.0289 1.09326e-07
9.87791e+09 0.0386794 15.6712 1.5635e-07
9.9159e+09 0.0377553 15.3206 2.21988e-07
9.95404e+09 0.0368515 14.9772 3.12971e-07
9.99233e+09 0.0359675 14.6406 4.38206e-07
1.00308e+10 0.0351031 14.3105 6.09555e-07
1.00693e+10 0.0342577 13.9882 8.41411e-07
1.01081e+10 0.0334311 13.6712 1.1553e-06
1.01469e+10 0.0326227 13.3618 1.57417e-06
1.0186e+10 0.0318323 13.0576 2.1339e-06
1.02252e+10 0.0310596 12.76 2.87356e-06
1.02645e+10 0.030304 12.4688 3.84458e-06
1.0304e+10 0.0295654 12.1834 5.11476e-06
1.03436e+10 0.0288432 11.9042 6.76213e-06
1.03834e+10 0.0281373 11.6304 8.89149e-06
1.04233e+10 0.0274473 11.3627 1.1621e-05
1.04634e+10 0.0267728 11.1002 1.51087e-05
1.05037e+10 0.0261136 10.843 1.95417e-05
1.05441e+10 0.0254693 10.5914 2.51312e-05
1.05846e+10 0.0248395 10.3454 3.21388e-05
1.06253e+10 0.0242241 10.1044 4.08994e-05
1.06662e+10 0.0236227 9.86817 5.17976e-05
1.07072e+10 0.0230351 9.63725 6.52525e-05
1.07484e+10 0.0224608 9.41098 8.18209e-05
1.07897e+10 0.0218998 9.18982 0.000102073
1.08312e+10 0.0213516 8.97315 0.000126768
1.08729e+10 0.020816 8.76089 0.000156745
1.09147e+10 0.0202928 8.55346 0.000192877
1.09567e+10 0.0197817 8.35028 0.000236329
1.09988e+10 0.0192824 8.15176 0.000288228
1.10412e+10 0.0187947 7.95687 0.000350247
1.10836e+10 0.0183183 7.76692 0.000423516
1.11262e+10 0.017853 7.58091 0.000510096
1.1169e+10 0.0173986 7.39878 0.000611996
1.1212e+10 0.0169549 7.22047 0.000731461
1.12551e+10 0.0165215 7.0463 0.000870626
1.12984e+10 0.0160983 6.8758 0.00103247
1.13419e+10 0.0156851 6.7089 0.00122
1.13855e+10 0.0152817 6.54592 0.00143596
1.14293e+10 0.0148878 6.38641 0.0016843
1.14733e+10 0.0145032 6.2303 0.00196886
1.15174e+10 0.0141278 6.07789 0.00229302
1.15617e+10 0.0137613 5.92875 0.00266182
1.16062e+10 0.0134036 5.78282 0.00308001
1.16508e+10 0.0130544 5.64038 0.00355152
1.16956e+10 0.0127136 5.50103 0.00408258
1.17406e+10 0.0123809 5.36471 0.00467881
1.17857e+10 0.0120563 5.23167 0.00534459
1.18311e+10 0.0117395 5.10126 0.00608906
1.18766e+10 0.0114304 4.974 0.00691542
1.19223e+10 0.0111288 4.84955 0.00783189
1.19681e+10 0.0108344 4.72812 0.00884304
1.20142e+10 0.0105473 4.60914 0.0099604
1.20604e+10 0.0102671 4.49306 0.0111864
1.21068e+10 0.00999385 4.37957 0.0125307
1.21533e+10 0.00972724 4.26888 0.0139975
1.22001e+10 0.00946719 4.16044 0.0156007
1.2247e+10 0.00921354 4.05468 0.017341
1.22941e+10 0.00896614 3.95132 0.0192294
1.23414e+10 0.00872486 3.85031 0.0212732
1.23889e+10 0.00848955 3.7516 0.0234801
1.24365e+10 0.00826009 3.65536 0.0258522
1.24843e+10 0.00803634 3.56133 0.0284011
1.25324e+10 0.00781818 3.46927 0.0311397
1.25806e+10 0.00760546 3.37953 0.0340635
1.26289e+10 0.00739808 3.29205 0.0371775
1.26775e+10 0.00719591 3.20643 0.0405008
1.27263e+10 0.00699882 3.12282 0.044033
1.27752e+10 0.00680671 3.04132 0.0477716
1.28244e+10 0.00661945 2.96158 0.0517369
1.28737e+10 0.00643694 2.88388 0.0559171
1.29232e+10 0.00625907 2.80802 0.0603242
1.29729e+10 0.00608573 2.73396 0.0649615
1.30228e+10 0.0059168 2.66166 0.0698321
1.30729e+10 0.00575221 2.59109 0.0749383
1.31232e+10 0.00559183 2.52221 0.0802819
1.31737e+10 0.00543557 2.45499 0.0858642
1.32243e+10 0.00528333 2.38952 0.0916741
1.32752e+10 0.00513503 2.3255 0.0977343
1.33263e+10 0.00499056 2.26304 0.104033
1.33775e+10 0.00484984 2.20222 0.110557
1.3429e+10 0.00471278 2.14278 0.117329
1.34806e+10 0.00457929 2.0849 0.12432
1.35325e+10 0.00444929 2.02833 0.131555
1.35845e+10 0.00432269 1.97327 0.139001
1.36368e+10 0.00419941 1.91947 0.146685
1.36892e+10 0.00407937 1.8671 0.154571
1.37419e+10 0.0039625 1.81594 0.162684
1.37947e+10 0.00384872 1.76616 0.170989
1.38478e+10 0.00373795 1.71753 0.179509
1.39011e+10 0.00363012 1.67012 0.188224
1.39545e+10 0.00352516 1.624 0.197109
1.40082e+10 0.00342301 1.57896 0.20619
1.40621e+10 0.00332358 1.53506 0.215442
1.41162e+10 0.00322682 1.49228 0.224859
1.41705e+10 0.00313266 1.4506 0.23443
1.4225e+10 0.00304103 1.40998 0.244147
1.42797e+10 0.00295188 1.37041 0.254002
1.43346e+10 0.00286514 1.33186 0.263985
1.43897e+10 0.00278075 1.29431 0.274087
1.44451e+10 0.00269866 1.25767 0.284317
1.45006e+10 0.00261881 1.22204 0.294628
1.45564e+10 0.00254114 1.18728 0.305049
1.46124e+10 0.00246559 1.15344 0.31555
1.46686e+10 0.00239212 1.12048 0.326122
1.4725e+10 0.00232067 1.0884 0.336755
1.47817e+10 0.0022512 1.05711 0.34746
1.48385e+10 0.00218364 1.0267 0.358187
1.48956e+10 0.00211796 0.997049 0.368967
1.49529e+10 0.0020541 0.968192 0.379769
1.50104e+10 0.00199202 0.940107 0.390586
1.50681e+10 0.00193168 0.912778 0.401407
1.51261e+10 0.00187302 0.88614 0.412244
1.51843e+10 0.00181601 0.860223 0.423068
1.52427e+10 0.00176061 0.835009 0.433871
1.53013e+10 0.00170676 0.810482 0.444644
1.53602e+10 0.00165444 0.786583 0.455398
1.54192e+10 0.00160361 0.763379 0.466089
1.54785e+10 0.00155421 0.740775 0.476744
1.55381e+10 0.00150623 0.718756 0.487358
1.55978e+10 0.00145961 0.697383 0.497887
1.56578e+10 0.00141433 0.676567 0.508359
1.57181e+10 0.00137034 0.656298 0.518768
1.57785e+10 0.00132763 0.636627 0.529074
1.58392e+10 0.00128614 0.617475 0.539305
1.59001e+10 0.00124586 0.598861 0.549437
1.59613e+10 0.00120674 0.580742 0.559483
1.60227e+10 0.00116876 0.563135 0.569421
1.60843e+10 0.00113188 0.546028 0.579246
1.61462e+10 0.00109608 0.52938 0.58897
1.62083e+10 0.00106133 0.513208 0.598572
1.62706e+10 0.0010276 0.497498 0.60805
1.63332e+10 0.000994863 0.482215 0.617414
1.6396e+10 0.00096309 0.467372 0.626647
1.64591e+10 0.000932257 0.452935 0.635759
1.65224e+10 0.000902339 0.438917 0.644734
1.65859e+10 0.000873309 0.425306 0.65357
1.66497e+10 0.000845145 0.412072 0.662277
1.67138e+10 0.000817822 0.399204 0.670854
1.67781e+10 0.000791318 0.386714 0.679285
1.68426e+10 0.000765609 0.374592 0.68757
1.69074e+10 0.000740674 0.362809 0.695719
1.69724e+10 0.000716492 0.351376 0.703719
1.70377e+10 0.000693042 0.340265 0.711582
1.71032e+10 0.000670303 0.329486 0.719294
1.7169e+10 0.000648255 0.319012 0.726867
1.7235e+10 0.00062688 0.308853 0.734288
1.73013e+10 0.000606159 0.298985 0.741571
1.73679e+10 0.000586072 0.2894 0.748713
1.74347e+10 0.000566603 0.280105 0.755704
1.75017e+10 0.000547734 0.271093 0.762546
1.7569e+10 0.000529447 0.262342 0.769248
1.76366e+10 0.000511727 0.253846 0.775812
1.77045e+10 0.000494557 0.245598 0.782237
1.77726e+10 0.000477922 0.237603 0.788515
1.78409e+10 0.000461806 0.229855 0.794648
1.79095e+10 0.000446194 0.222336 0.800646
1.79784e+10 0.000431072 0.21504 0.806509
1.80476e+10 0.000416426 0.207961 0.812239
1.8117e+10 0.000402241 0.201102 0.817829
1.81867e+10 0.000388506 0.194449 0.823288
1.82566e+10 0.000375205 0.188005 0.828611
1.83268e+10 0.000362328 0.181755 0.833805
1.83973e+10 0.000349861 0.175694 0.838874
1.84681e+10 0.000337793 0.169817 0.843819
1.85391e+10 0.000326111 0.164127 0.848634
1.86104e+10 0.000314805 0.158611 0.853328
1.8682e+10 0.000303862 0.153264 0.857903
1.87539e+10 0.000293274 0.148081 0.862361
1.8826e+10 0.000283028 0.143065 0.866698
1.88984e+10 0.000273115 0.138205 0.87092
1.89711e+10 0.000263524 0.133495 0.875032
1.90441e+10 0.000254247 0.128933 0.879033
1.91173e+10 0.000245273 0.124519 0.882922
1.91909e+10 0.000236594 0.120238 0.88671
1.92647e+10 0.0002282 0.116097 0.890389
1.93388e+10 0.000220084 0.112087 0.893966
1.94132e+10 0.000212236 0.108204 0.897444
1.94878e+10 0.000204648 0.10445 0.90082
1.95628e+10 0.000197312 0.100811 0.904104
1.9638e+10 0.000190222 0.0972932 0.90729
1.97136e+10 0.000183368 0.0938839 0.910388
1.97894e+10 0.000176744 0.0905888 0.913393
1.98655e+10 0.000170343 0.0874004 0.91631
1.99419e+10 0.000164158 0.0843155 0.919141
2.00186e+10 0.000158182 0.081331 0.921888
2.00956e+10 0.000152408 0.0784441 0.924554
2.01729e+10 0.000146831 0.0756519 0.927139
2.02505e+10 0.000141443 0.0729515 0.929646
2.03284e+10 0.00013624 0.0703403 0.932077
2.04066e+10 0.000131215 0.0678156 0.934433
2.04851e+10 0.000126363 0.0653748 0.936716
2.05638e+10 0.000121678 0.0630184 0.938926
2.06429e+10 0.000117155 0.0607379 0.94107
2.07223e+10 0.000112789 0.058534 0.943146
2.0802e+10 0.000108574 0.0564043 0.945157
2.08821e+10 0.000104506 0.054344 0.947106
2.09624e+10 0.00010058 0.052356 0.948991
2.1043e+10 9.67917e-05 0.0504357 0.950815
2.11239e+10 9.31364e-05 0.0485809 0.95258
2.12052e+10 8.96098e-05 0.0467874 0.95429
2.12868e+10 8.62078e-05 0.0450556 0.955944
2.13686e+10 8.29263e-05 0.0433855 0.957542
2.14508e+10 7.97614e-05 0.0417712 0.959089
2.15333e+10 7.67091e-05 0.040213 0.960585
2.16161e+10 7.37658e-05 0.038709 0.962031
2.16993e+10 7.0928e-05 0.0372558 0.96343
2.17827e+10 6.8192e-05 0.0358552 0.96478
2.18665e+10 6.55546e-05 0.0345022 0.966086
2.19506e+10 6.30124e-05 0.033197 0.967348
2.20351e+10 6.05622e-05 0.0319365 0.968568
2.21198e+10 5.82011e-05 0.0307222 0.969745
2.22049e+10 5.59259e-05 0.0295498 0.970882
2.22903e+10 5.37338e-05 0.0284194 0.971981
2.2376e+10 5.16219e-05 0.0273294 0.973041
2.24621e+10 4.95876e-05 0.0262775 0.974065
2.25485e+10 4.76282e-05 0.0252636 0.975053
2.26352e+10 4.57412e-05 0.0242864 0.976006
2.27223e+10 4.39241e-05 0.0233437 0.976927
2.28097e+10 4.21744e-05 0.0224353 0.977814
2.28974e+10 4.04899e-05 0.0215602 0.978671
2.29855e+10 3.88683e-05 0.0207162 0.979497
2.30739e+10 3.73074e-05 0.0199033 0.980293
2.31627e+10 3.58052e-05 0.0191196 0.981062
2.32517e+10 3.43595e-05 0.0183658 0.981802
2.33412e+10 3.29684e-05 0.0176384 0.982516
2.3431e+10 3.16301e-05 0.0169382 0.983204
2.35211e+10 3.03425e-05 0.0162641 0.983867
2.36115e+10 2.91041e-05 0.0156154 0.984506
2.37024e+10 2.79129e-05 0.0149898 0.985122
2.37935e+10 2.67674e-05 0.0143885 0.985715
2.3885e+10 2.56658e-05 0.0138093 0.986286
2.39769e+10 2.46067e-05 0.0132516 0.986836
2.40691e+10 2.35886e-05 0.0127152 0.987365
2.41617e+10 2.26099e-05 0.0121988 0.987875
2.42546e+10 2.16692e-05 0.0117023 0.988366
2.43479e+10 2.07652e-05 0.0112243 0.988838
2.44416e+10 1.98965e-05 0.0107644 0.989293
2.45356e+10 1.90619e-05 0.0103224 0.989731
2.463e+10 1.82601e-05 0.00989707 0.990152
2.47247e+10 1.74899e-05 0.00948839 0.990556
2.48198e+10 1.67502e-05 0.00909532 0.990946
2.49153e+10 1.60397e-05 0.00871732 0.991321
2.50111e+10 1.53576e-05 0.00835423 0.991681
2.51073e+10 1.47026e-05 0.00800515 0.992027
2.52039e+10 1.40739e-05 0.00766959 0.99236
2.53008e+10 1.34703e-05 0.0073474 0.99268
2.53981e+10 1.2891e-05 0.00703778 0.992987
2.54958e+10 1.23352e-05 0.00674027 0.993282
2.55939e+10 1.18018e-05 0.00645444 0.993566
2.56923e+10 1.129e-05 0.00618015 0.993839
2.57911e+10 1.07991e-05 0.00591671 0.994101
2.58903e+10 1.03282e-05 0.00566371 0.994352
2.59899e+10 9.87658e-06 0.00542079 0.994594
2.60899e+10 9.44351e-06 0.00518757 0.994826
2.61902e+10 9.02828e-06 0.00496392 0.995048
2.6291e+10 8.63019e-06 0.00474906 0.995262
2.63921e+10 8.24859e-06 0.00454307 0.995467
2.64936e+10 7.88284e-06 0.00434542 0.995664
2.65955e+10 7.53232e-06 0.0041558 0.995853
2.66978e+10 7.19646e-06 0.00397392 0.996034
2.68005e+10 6.87466e-06 0.00379947 0.996208
2.69036e+10 6.56639e-06 0.00363219 0.996374
2.70071e+10 6.27112e-06 0.0034718 0.996534
2.71109e+10 5.98833e-06 0.00331819 0.996687
2.72152e+10 5.71753e-06 0.00317081 0.996834
2.73199e+10 5.45825e-06 0.00302956 0.996975
2.7425e+10 5.21002e-06 0.00289422 0.99711
2.75304e+10 4.97241e-06 0.00276466 0.997239
2.76363e+10 4.745e-06 0.00264044 0.997363
2.77426e+10 4.52738e-06 0.00252146 0.997482
2.78493e+10 4.31914e-06 0.00240752 0.997595
2.79565e+10 4.11992e-06 0.00229831 0.997704
2.8064e+10 3.92935e-06 0.00219386 0.997809
2.81719e+10 3.74708e-06 0.00209387 0.997908
2.82803e+10 3.57277e-06 0.00199809 0.998004
2.83891e+10 3.4061e-06 0.00190643 0.998095
2.84983e+10 3.24674e-06 0.00181874 0.998183
2.86079e+10 3.09441e-06 0.00173484 0.998267
2.87179e+10 2.94881e-06 0.0016546 0.998347
2.88284e+10 2.80967e-06 0.00157778 0.998423
2.89392e+10 2.67671e-06 0.0015044 0.998497
2.90506e+10 2.54968e-06 0.00143412 0.998567
2.91623e+10 2.42834e-06 0.001367 0.998634
2.92745e+10 2.31244e-06 0.00130279 0.998698
2.93871e+10 2.20175e-06 0.00124143 0.998759
2.95001e+10 2.09606e-06 0.00118281 0.998818
2.96136e+10 1.99515e-06 0.00112676 0.998874
2.97275e+10 1.89882e-06 0.00107322 0.998927
2.98418e+10 1.80689e-06 0.00102209 0.998978
2.99566e+10 1.71915e-06 0.000973223 0.999027
3.00718e+10 1.63543e-06 0.000926574 0.999074
3.01875e+10 1.55555e-06 0.000882007 0.999118
3.03036e+10 1.47936e-06 0.000839473 0.999161
3.04201e+10 1.40669e-06 0.000798887 0.999201
3.05371e+10 1.3374e-06 0.000760131 0.99924
3.06546e+10 1.27132e-06 0.000723129 0.999277
3.07725e+10 1.20833e-06 0.000687839 0.999312
3.08909e+10 1.14828e-06 0.000654157 0.999346
3.10097e+10 1.09105e-06 0.000622043 0.999378
3.11289e+10 1.03652e-06 0.00059143 0.999409
3.12487e+10 9.84564e-07 0.000562202 0.999438
3.13689e+10 9.35067e-07 0.000534349 0.999466
3.14895e+10 8.87921e-07 0.00050781 0.999492
3.16106e+10 8.43022e-07 0.000482506 0.999518
3.17322e+10 8.0027e-07 0.000458385 0.999542
3.18543e+10 7.59567e-07 0.000435394 0.999565
3.19768e+10 7.20821e-07 0.000413503 0.999587
3.20998e+10 6.83944e-07 0.000392645 0.999607
3.22233e+10 6.48852e-07 0.000372776 0.999627
3.23472e+10 6.15463e-07 0.000353866 0.999646
3.24716e+10 5.83699e-07 0.000335859 0.999664
3.25965e+10 5.53486e-07 0.000318714 0.999681
3.27219e+10 5.24753e-07 0.000302392 0.999698
3.28477e+10 4.97432e-07 0.000286869 0.999713
3.29741e+10 4.71457e-07 0.000272086 0.999728
3.31009e+10 4.46766e-07 0.000258031 0.999742
3.32282e+10 4.23299e-07 0.000244661 0.999755
3.3356e+10 4.01e-07 0.000231944 0.999768
3.34843e+10 3.79813e-07 0.000219851 0.99978
3.36131e+10 3.59686e-07 0.000208354 0.999792
3.37424e+10 3.4057e-07 0.000197424 0.999803
3.38722e+10 3.22416e-07 0.000187036 0.999813
3.40025e+10 3.05179e-07 0.000177165 0.999823
3.41333e+10 2.88815e-07 0.000167786 0.999832
3.42645e+10 2.73283e-07 0.000158884 0.999841
3.43963e+10 2.58542e-07 0.000150422 0.99985
3.45286e+10 2.44556e-07 0.000142388 0.999858
3.46614e+10 2.31286e-07 0.00013476 0.999865
3.47948e+10 2.187e-07 0.000127513 0.999872
3.49286e+10 2.06763e-07 0.000120642 0.999879
3.50629e+10 1.95444e-07 0.000114121 0.999886
3.51978e+10 1.84713e-07 0.000107931 0.999892
3.53332e+10 1.74541e-07 0.000102059 0.999898
3.54691e+10 1.64901e-07 9.64901e-05 0.999904
3.56055e+10 1.55765e-07 9.12103e-05 0.999909
3.57425e+10 1.47111e-07 8.62014e-05 0.999914
3.58799e+10 1.38912e-07 8.14574e-05 0.999919
3.60179e+10 1.31148e-07 7.69587e-05 0.999923
3.61565e+10 1.23795e-07 7.26933e-05 0.999927
3.62955e+10 1.16834e-07 6.86557e-05 0.999931
3.64351e+10 1.10245e-07 6.48291e-05 0.999935
3.65753e+10 1.04009e-07 6.12031e-05 0.999939
3.6716e+10 9.81075e-08 5.77702e-05 0.999942
3.68572e+10 9.25245e-08 5.4521e-05 0.999945
3.69989e+10 8.72435e-08 5.1446e-05 0.999949
3.71413e+10 8.22489e-08 4.85325e-05 0.999951
3.72841e+10 7.7526e-08 4.57784e-05 0.999954
3.74275e+10 7.3061e-08 4.31717e-05 0.999957
3.75715e+10 6.88405e-08 4.0705e-05 0.999959
3.7716e+10 6.48519e-08 3.8373e-05 0.999962
3.78611e+10 6.1083e-08 3.61672e-05 0.999964
3.80067e+10 5.75224e-08 3.40826e-05 0.999966
3.81529e+10 5.41593e-08 3.21116e-05 0.999968
3.82996e+10 5.09832e-08 3.02497e-05 0.99997
3.84469e+10 4.79844e-08 2.849e-05 0.999972
3.85948e+10 4.51535e-08 2.68271e-05 0.999973
3.87433e+10 4.24815e-08 2.52562e-05 0.999975
3.88923e+10 3.996e-08 2.37734e-05 0.999976
3.90419e+10 3.7581e-08 2.23731e-05 0.999978
3.9192e+10 3.53368e-08 2.10519e-05 0.999979
3.93428e+10 3.32203e-08 1.98039e-05 0.99998
3.94941e+10 3.12245e-08 1.86269e-05 0.999981
3.9646e+10 2.93429e-08 1.75163e-05 0.999982
3.97985e+10 2.75693e-08 1.64686e-05 0.999984
3.99516e+10 2.58979e-08 1.54805e-05 0.999985
4.01052e+10 2.4323e-08 1.45493e-05 0.999985
4.02595e+10 2.28394e-08 1.36709e-05 0.999986
4.04143e+10 2.1442e-08 1.28434e-05 0.999987
4.05698e+10 2.01262e-08 1.20631e-05 0.999988
4.07258e+10 1.88873e-08 1.13285e-05 0.999989
4.08825e+10 1.77211e-08 1.0636e-05 0.999989
4.10397e+10 1.66236e-08 9.98425e-06 0.99999
4.11976e+10 1.5591e-08 9.37022e-06 0.999991
4.1356e+10 1.46195e-08 8.79257e-06 0.999991
4.15151e+10 1.37058e-08 8.24857e-06 0.999992
4.16748e+10 1.28465e-08 7.7367e-06 0.999992
4.18351e+10 1.20387e-08 7.25516e-06 0.999993
4.1996e+10 1.12793e-08 6.80226e-06 0.999993
4.21575e+10 1.05657e-08 6.37639e-06 0.999994
4.23197e+10 9.89516e-09 5.97577e-06 0.999994
4.24824e+10 9.26525e-09 5.59946e-06 0.999994
4.26458e+10 8.67363e-09 5.24562e-06 0.999995
4.28099e+10 8.11808e-09 4.913e-06 0.999995
4.29745e+10 7.59652e-09 4.60076e-06 0.999995
4.31398e+10 7.10697e-09 4.30737e-06 0.999996
4.33057e+10 6.64756e-09 4.03191e-06 0.999996
4.34723e+10 6.21653e-09 3.77321e-06 0.999996
4.36395e+10 5.8122e-09 3.53043e-06 0.999996
4.38074e+10 5.433e-09 3.30251e-06 0.999997
4.39759e+10 5.07745e-09 3.08873e-06 0.999997
4.4145e+10 4.74414e-09 2.88824e-06 0.999997
4.43148e+10 4.43176e-09 2.70016e-06 0.999997
4.44853e+10 4.13904e-09 2.52376e-06 0.999997
4.46564e+10 3.86481e-09 2.35845e-06 0.999998
4.48281e+10 3.60796e-09 2.20357e-06 0.999998
4.50005e+10 3.36743e-09 2.0584e-06 0.999998
4.51736e+10 3.14225e-09 1.92238e-06 0.999998
4.53474e+10 2.93147e-09 1.79496e-06 0.999998
4.55218e+10 2.73422e-09 1.67568e-06 0.999998
4.56969e+10 2.54968e-09 1.56399e-06 0.999998
4.58727e+10 2.37706e-09 1.45944e-06 0.999999
4.60491e+10 2.21562e-09 1.36165e-06 0.999999
4.62262e+10 2.06468e-09 1.27014e-06 0.999999
4.6404e+10 1.92359e-09 1.18454e-06 0.999999
4.65825e+10 1.79173e-09 1.10449e-06 0.999999
4.67617e+10 1.66853e-09 1.02963e-06 0.999999
4.69415e+10 1.55344e-09 9.59704e-07 0.999999
4.71221e+10 1.44596e-09 8.94314e-07 0.999999
4.73033e+10 1.3456e-09 8.33254e-07 0.999999
4.74853e+10 1.25192e-09 7.76187e-07 0.999999
4.76679e+10 1.16448e-09 7.22924e-07 0.999999
4.78513e+10 1.0829e-09 6.7317e-07 0.999999
4.80353e+10 1.0068e-09 6.26755e-07 0.999999
4.82201e+10 9.35828e-10 5.83419e-07 0.999999
4.84055e+10 8.69651e-10 5.43012e-07 0.999999
4.85917e+10 8.07961e-10 5.05305e-07 0.999999
4.87786e+10 7.50469e-10 4.70145e-07 1
4.89662e+10 6.969e-10 4.37368e-07 1
4.91546e+10 6.47e-10 4.06805e-07 1
4.93436e+10 6.00527e-10 3.78343e-07 1
4.95334e+10 5.57258e-10 3.51816e-07 1
4.97239e+10 5.1698e-10 3.27113e-07 1
4.99152e+10 4.79496e-10 3.04102e-07 1
5.01072e+10 4.44621e-10 2.82684e-07 1
5.02999e+10 4.12182e-10 2.62753e-07 1
5.04934e+10 3.82014e-10 2.44203e-07 1
5.06876e+10 3.53967e-10 2.26949e-07 1
5.08825e+10 3.27897e-10 2.10907e-07 1
5.10783e+10 3.03672e-10 1.9598e-07 1
5.12747e+10 2.81165e-10 1.82114e-07 1
5.14719e+10 2.60261e-10 1.69226e-07 1
5.16699e+10 2.40851e-10 1.57249e-07 1
5.18687e+10 2.22831e-10 1.46121e-07 1
5.20682e+10 2.06107e-10 1.35791e-07 1
5.22684e+10 1.9059e-10 1.26205e-07 1
5.24695e+10 1.76195e-10 1.17301e-07 1
5.26713e+10 1.62846e-10 1.09042e-07 1
5.28739e+10 1.50469e-10 1.01379e-07 1
5.30772e+10 1.38997e-10 9.42754e-08 1
5.32814e+10 1.28366e-10 8.7685e-08 1
5.34863e+10 1.18517e-10 8.15785e-08 1
5.3692e+10 1.09395e-10 7.59193e-08 1
5.38986e+10 1.00948e-10 7.06735e-08 1
5.41059e+10 9.31294e-11 6.58169e-08 1
5.4314e+10 8.58932e-11 6.13198e-08 1
5.45229e+10 7.9198e-11 5.71567e-08 1
5.47326e+10 7.30052e-11 5.33039e-08 1
5.49431e+10 6.72786e-11 4.97393e-08 1
5.51544e+10 6.19844e-11 4.64422e-08 1
5.53666e+10 5.70913e-11 4.3392e-08 1
5.55795e+10 5.25702e-11 4.05738e-08 1
5.57933e+10 4.83939e-11 3.7968e-08 1
5.60079e+10 4.45372e-11 3.55606e-08 1
5.62233e+10 4.09766e-11 3.33371e-08 1
5.64396e+10 3.76902e-11 3.12831e-08 1
5.66567e+10 3.46578e-11 2.93871e-08 1
5.68746e+10 3.18605e-11 2.76375e-08 1
5.70934e+10 2.92807e-11 2.60226e-08 1
5.73129e+10 2.69024e-11 2.45339e-08 1
5.75334e+10 2.47102e-11 2.31602e-08 1
5.77547e+10 2.26903e-11 2.18939e-08 1
5.79768e+10 2.08295e-11 2.07271e-08 1
5.81998e+10 1.91159e-11 1.96518e-08 1
5.84237e+10 1.75383e-11 1.86612e-08 1
5.86484e+10 1.60863e-11 1.77491e-08 1
5.8874e+10 1.47502e-11 1.69093e-08 1
5.91004e+10 1.35212e-11 1.61367e-08 1
5.93277e+10 1.2391e-11 1.54257e-08 1
5.95559e+10 1.13519e-11 1.47717e-08 1
5.9785e+10 1.0397e-11 1.41702e-08 1
6.00149e+10 9.51954e-12 1.36175e-08 1
6.02458e+10 8.7136e-12 1.31093e-08 1
6.04775e+10 7.97353e-12 1.26426e-08 1
6.07101e+10 7.29415e-12 1.22139e-08 1
6.09436e+10 6.67066e-12 1.18203e-08 1
6.1178e+10 6.09864e-12 1.14589e-08 1
6.14133e+10 5.574e-12 1.11274e-08 1
6.16496e+10 5.09296e-12 1.08231e-08 1
6.18867e+10 4.65202e-12 1.05442e-08 1
6.21247e+10 4.24796e-12 1.02885e-08 1
6.23637e+10 3.87782e-12 1.00541e-08 1
6.26035e+10 3.53884e-12 9.8394e-09 1
6.28443e+10 3.2285e-12 9.64269e-09 1
6.3086e+10 2.94447e-12 9.46258e-09 1
6.33287e+10 2.68459e-12 9.29767e-09 1
6.35723e+10 2.44689e-12 9.14677e-09 1
6.38168e+10 2.22954e-12 9.00875e-09 1
6.40623e+10 2.03086e-12 8.88249e-09 1
6.43087e+10 1.8493e-12 8.76708e-09 1
6.4556e+10 1.68344e-12 8.66162e-09 1
6.48043e+10 1.53198e-12 8.56525e-09 1
6.50536e+10 1.39369e-12 8.4772e-09 1
6.53038e+10 1.26748e-12 8.39683e-09 1
6.5555e+10 1.15234e-12 8.32345e-09 1
6.58071e+10 1.04731e-12 8.25651e-09 1
6.60602e+10 1e-12 8.19396e-09 1
6.63143e+10 1e-12 8.13261e-09 1
6.65694e+10 1e-12 8.07103e-09 1
6.68254e+10 1e-12 8.00922e-09 1
6.70824e+10 1e-12 7.94718e-09 1
6.73405e+10 1e-12 7.88486e-09 1
6.75995e+10 1e-12 7.82233e-09 1
6.78595e+10 1e-12 7.75956e-09 1
6.81205e+10 1e-12 7.69655e-09 1
6.83825e+10 1e-12 7.6333e-09 1
6.86455e+10 1e-12 7.5698e-09 1
6.89096e+10 1e-12 7.50604e-09 1
6.91746e+10 1e-12 7.44206e-09 1
6.94407e+10 1e-12 7.37782e-09 1
6.97078e+10 1e-12 7.31333e-09 1
6.99759e+10 1e-12 7.24861e-09 1
7.0245e+10 1e-12 7.18364e-09 1
7.05152e+10 1e-12 7.11841e-09 1
7.07864e+10 1e-12 7.05293e-09 1
7.10587e+10 1e-12 6.98719e-09 1
7.1332e+10 1e-12 6.92121e-09 1
7.16064e+10 1e-12 6.85496e-09 1
7.18818e+10 1e-12 6.78847e-09 1
7.21583e+10 1e-12 6.72172e-09 1
7.24358e+10 1e-12 6.65472e-09 1
7.27144e+10 1e-12 6.58746e-09 1
7.29941e+10 1e-12 6.51994e-09 1
7.32749e+10 1e-12 6.45214e-09 1
7.35567e+10 1e-12 6.38411e-09 1
7.38396e+10 1e-12 6.31581e-09 1
7.41236e+10 1e-12 6.24724e-09 1
7.44087e+10 1e-12 6.17841e-09 1
7.46949e+10 1e-12 6.10932e-09 1
7.49822e+10 1e-12 6.03996e-09 1
7.52706e+10 1e-12 5.97033e-09 1
7.55601e+10 1e-12 5.90044e-09 1
7.58508e+10 1e-12 5.83025e-09 1
7.61425e+10 1e-12 5.75983e-09 1
7.64354e+10 1e-12 5.68911e-09 1
7.67294e+10 1e-12 5.61814e-09 1
7.70245e+10 1e-12 5.54689e-09 1
7.73208e+10 1e-12 5.47536e-09 1
7.76182e+10 1e-12 5.40356e-09 1
7.79167e+10 1e-12 5.33149e-09 1
7.82164e+10 1e-12 5.25913e-09 1
7.85172e+10 1e-12 5.18651e-09 1
7.88192e+10 1e-12 5.1136e-09 1
7.91224e+10 1e-12 5.0404e-09 1
7.94267e+10 1e-12 4.96694e-09 1
7.97322e+10 1e-12 4.89318e-09 1
8.00389e+10 1e-12 4.81913e-09 1
8.03468e+10 1e-12 4.7448e-09 1
8.06558e+10 1e-12 4.6702e-09 1
8.0966e+10 1e-12 4.59531e-09 1
8.12774e+10 1e-12 4.52013e-09 1
8.15901e+10 1e-12 4.44463e-09 1
8.19039e+10 1e-12 4.36887e-09 1
8.22189e+10 1e-12 4.29283e-09 1
8.25351e+10 1e-12 4.21649e-09 1
8.28526e+10 1e-12 4.13983e-09 1
8.31713e+10 1e-12 4.06289e-09 1
8.34912e+10 1e-12 3.98566e-09 1
8.38123e+10 1e-12 3.90814e-09 1
8.41347e+10 1e-12 3.8303e-09 1
8.44583e+10 1e-12 3.75218e-09 1
8.47831e+10 1e-12 3.67376e-09 1
8.51092e+10 1e-12 3.59503e-09 1
8.54366e+10 1e-12 3.51599e-09 1
8.57652e+10 1e-12 3.43666e-09 1
8.60951e+10 1e-12 3.35701e-09 1
8.64262e+10 1e-12 3.27707e-09 1
8.67586e+10 1e-12 3.19682e-09 1
8.70923e+10 1e-12 3.11626e-09 1
8.74273e+10 1e-12 3.03538e-09 1
8.77636e+10 1e-12 2.95419e-09 1
8.81012e+10 1e-12 2.87268e-09 1
8.844e+10 1e-12 2.79089e-09 1
8.87802e+10 1e-12 2.70876e-09 1
8.91217e+10 1e-12 2.62631e-09 1
8.94645e+10 1e-12 2.54355e-09 1
8.98086e+10 1e-12 2.46047e-09 1
9.0154e+10 1e-12 2.37708e-09 1
9.05008e+10 1e-12 2.29336e-09 1
9.08489e+10 1e-12 2.20932e-09 1
9.11983e+10 1e-12 2.12496e-09 1
9.15491e+10 1e-12 2.04027e-09 1
9.19012e+10 1e-12 1.95526e-09 1
9.22547e+10 1e-12 1.86992e-09 1
9.26095e+10 1e-12 1.78426e-09 1
9.29657e+10 1e-12 1.69827e-09 1
9.33233e+10 1e-12 1.61193e-09 1
9.36822e+10 1e-12 1.52528e-09 1
9.40426e+10 1e-12 1.43827e-09 1
9.44043e+10 1e-12 1.35095e-09 1
9.47674e+10 1e-12 1.26329e-09 1
9.51319e+10 1e-12 1.17529e-09 1
9.54978e+10 1e-12 1.08695e-09 1
9.58651e+10 1e-12 9.98274e-10 1
9.62338e+10 1e-12 9.0926e-10 1
9.6604e+10 1e-12 8.19884e-10 1
9.69755e+10 1e-12 7.30194e-10 1
9.73485e+10 1e-12 6.40142e-10 1
9.7723e+10 1e-12 5.49728e-10 1
9.80988e+10 1e-12 4.59e-10 1
9.84762e+10 1e-12 3.67885e-10 1
9.88549e+10 1e-12 2.76457e-10 1
9.92352e+10 1e-12 1.84643e-10 1
9.96168e+10 1e-12 9.25146e-11 1
1e+11 1e-12 0 1
